time,underlyingApy1DMA,underlyingApy7DMA,impliedApy,volume
Thu Apr 24 2025 22:00:00 GMT+0100 (British Summer Time),0.0348,0.0271,0.0485,0
Thu Apr 24 2025 23:00:00 GMT+0100 (British Summer Time),0.0348,0.0271,0.0485,0
Fri Apr 25 2025 00:00:00 GMT+0100 (British Summer Time),0.0348,0.0271,0.0485,0
Fri Apr 25 2025 01:00:00 GMT+0100 (British Summer Time),0.0347,0.0271,0.0485,0
Fri Apr 25 2025 02:00:00 GMT+0100 (British Summer Time),0.0347,0.0271,0.0485,215.76977174411704
Fri Apr 25 2025 03:00:00 GMT+0100 (British Summer Time),0.0348,0.0271,0.0485,0
Fri Apr 25 2025 04:00:00 GMT+0100 (British Summer Time),0.0348,0.0271,0.0485,0
Fri Apr 25 2025 05:00:00 GMT+0100 (British Summer Time),0.0347,0.0271,0.0485,0
Fri Apr 25 2025 06:00:00 GMT+0100 (British Summer Time),0.0229,0.0273,0.0485,0
Fri Apr 25 2025 07:00:00 GMT+0100 (British Summer Time),0.0229,0.0273,0.0485,1.0242922930917182
Fri Apr 25 2025 08:00:00 GMT+0100 (British Summer Time),0.023,0.0273,0.0485,0
Fri Apr 25 2025 09:00:00 GMT+0100 (British Summer Time),0.0229,0.0273,0.0485,0
Fri Apr 25 2025 10:00:00 GMT+0100 (British Summer Time),0.0229,0.0273,0.0485,0
Fri Apr 25 2025 11:00:00 GMT+0100 (British Summer Time),0.0229,0.0273,0.0485,106.37042713441552
Fri Apr 25 2025 12:00:00 GMT+0100 (British Summer Time),0.023,0.0273,0.0485,0
Fri Apr 25 2025 13:00:00 GMT+0100 (British Summer Time),0.0229,0.0273,0.0485,151.8884035924903
Fri Apr 25 2025 14:00:00 GMT+0100 (British Summer Time),0.0229,0.0273,0.0485,0
Fri Apr 25 2025 15:00:00 GMT+0100 (British Summer Time),0.0229,0.0273,0.0485,0
Fri Apr 25 2025 16:00:00 GMT+0100 (British Summer Time),0.0229,0.0273,0.0485,0
Fri Apr 25 2025 17:00:00 GMT+0100 (British Summer Time),0.023,0.0273,0.0485,0
Fri Apr 25 2025 18:00:00 GMT+0100 (British Summer Time),0.0229,0.0273,0.0485,0
Fri Apr 25 2025 19:00:00 GMT+0100 (British Summer Time),0.0229,0.0273,0.0485,0
Fri Apr 25 2025 20:00:00 GMT+0100 (British Summer Time),0.0229,0.0273,0.0485,0
Fri Apr 25 2025 21:00:00 GMT+0100 (British Summer Time),0.023,0.0273,0.0485,56.632071980466954
Fri Apr 25 2025 22:00:00 GMT+0100 (British Summer Time),0.0229,0.0273,0.0485,0
Fri Apr 25 2025 23:00:00 GMT+0100 (British Summer Time),0.0229,0.0273,0.0485,388.16265150790446
Sat Apr 26 2025 00:00:00 GMT+0100 (British Summer Time),0.0229,0.0273,0.0485,0.3493062521390346
Sat Apr 26 2025 01:00:00 GMT+0100 (British Summer Time),0.0229,0.0273,0.0485,0
Sat Apr 26 2025 02:00:00 GMT+0100 (British Summer Time),0.023,0.0273,0.0485,0
Sat Apr 26 2025 03:00:00 GMT+0100 (British Summer Time),0.0229,0.0273,0.0485,0
Sat Apr 26 2025 04:00:00 GMT+0100 (British Summer Time),0.0229,0.0273,0.0485,6.178514060882513
Sat Apr 26 2025 05:00:00 GMT+0100 (British Summer Time),0.0229,0.0273,0.0485,0
Sat Apr 26 2025 06:00:00 GMT+0100 (British Summer Time),0.0231,0.0276,0.0485,0
Sat Apr 26 2025 07:00:00 GMT+0100 (British Summer Time),0.0231,0.0276,0.0485,1.0799321763833374
Sat Apr 26 2025 08:00:00 GMT+0100 (British Summer Time),0.0231,0.0276,0.0485,0
Sat Apr 26 2025 09:00:00 GMT+0100 (British Summer Time),0.0231,0.0276,0.0485,0
Sat Apr 26 2025 10:00:00 GMT+0100 (British Summer Time),0.0231,0.0276,0.0485,0
Sat Apr 26 2025 11:00:00 GMT+0100 (British Summer Time),0.0231,0.0276,0.0485,2607.214004488257
Sat Apr 26 2025 12:00:00 GMT+0100 (British Summer Time),0.0231,0.0276,0.0485,0.8918149906694572
Sat Apr 26 2025 13:00:00 GMT+0100 (British Summer Time),0.0231,0.0276,0.0485,0
Sat Apr 26 2025 14:00:00 GMT+0100 (British Summer Time),0.0231,0.0275,0.0485,0
Sat Apr 26 2025 15:00:00 GMT+0100 (British Summer Time),0.0231,0.0276,0.0485,0
Sat Apr 26 2025 16:00:00 GMT+0100 (British Summer Time),0.0231,0.0276,0.0485,0
Sat Apr 26 2025 17:00:00 GMT+0100 (British Summer Time),0.0231,0.0276,0.0485,0
Sat Apr 26 2025 18:00:00 GMT+0100 (British Summer Time),0.0231,0.0276,0.0485,0
Sat Apr 26 2025 19:00:00 GMT+0100 (British Summer Time),0.0231,0.0276,0.0485,5.436238426838589
Sat Apr 26 2025 20:00:00 GMT+0100 (British Summer Time),0.0231,0.0276,0.0485,0
Sat Apr 26 2025 21:00:00 GMT+0100 (British Summer Time),0.0231,0.0276,0.0485,0
Sat Apr 26 2025 22:00:00 GMT+0100 (British Summer Time),0.0231,0.0276,0.0485,0
Sat Apr 26 2025 23:00:00 GMT+0100 (British Summer Time),0.0231,0.0275,0.0485,0
Sun Apr 27 2025 00:00:00 GMT+0100 (British Summer Time),0.0231,0.0276,0.0485,0
Sun Apr 27 2025 01:00:00 GMT+0100 (British Summer Time),0.0231,0.0276,0.0485,0
Sun Apr 27 2025 02:00:00 GMT+0100 (British Summer Time),0.0231,0.0276,0.0485,109.62795716410913
Sun Apr 27 2025 03:00:00 GMT+0100 (British Summer Time),0.0231,0.0276,0.0485,0
Sun Apr 27 2025 04:00:00 GMT+0100 (British Summer Time),0.0231,0.0276,0.0485,0
Sun Apr 27 2025 05:00:00 GMT+0100 (British Summer Time),0.0231,0.0276,0.0485,0
Sun Apr 27 2025 06:00:00 GMT+0100 (British Summer Time),0,0.0287,0.0485,1.0056107786601332
Sun Apr 27 2025 07:00:00 GMT+0100 (British Summer Time),0.0221,0.0278,0.0485,0
Sun Apr 27 2025 08:00:00 GMT+0100 (British Summer Time),0.0222,0.0278,0.0485,0
Sun Apr 27 2025 09:00:00 GMT+0100 (British Summer Time),0.0222,0.0278,0.0485,0
Sun Apr 27 2025 10:00:00 GMT+0100 (British Summer Time),0.0221,0.0278,0.0485,0
Sun Apr 27 2025 11:00:00 GMT+0100 (British Summer Time),0.0221,0.0278,0.0485,0
Sun Apr 27 2025 12:00:00 GMT+0100 (British Summer Time),0.0221,0.0278,0.0485,1425.6721584543986
Sun Apr 27 2025 13:00:00 GMT+0100 (British Summer Time),0.0222,0.0278,0.0485,346.1491792054555
Sun Apr 27 2025 14:00:00 GMT+0100 (British Summer Time),0.0222,0.0278,0.0485,0
Sun Apr 27 2025 15:00:00 GMT+0100 (British Summer Time),0.0221,0.0278,0.0485,581.2270428173643
Sun Apr 27 2025 16:00:00 GMT+0100 (British Summer Time),0.0221,0.0278,0.0485,0
Sun Apr 27 2025 17:00:00 GMT+0100 (British Summer Time),0.0222,0.0278,0.0485,0
Sun Apr 27 2025 18:00:00 GMT+0100 (British Summer Time),0.0222,0.0278,0.0485,0
Sun Apr 27 2025 19:00:00 GMT+0100 (British Summer Time),0.0221,0.0278,0.0485,1215.5094040774968
Sun Apr 27 2025 20:00:00 GMT+0100 (British Summer Time),0.0221,0.0278,0.0485,0
Sun Apr 27 2025 21:00:00 GMT+0100 (British Summer Time),0.0221,0.0278,0.0485,0
Sun Apr 27 2025 22:00:00 GMT+0100 (British Summer Time),0.0222,0.0278,0.0485,13.06102578854038
Sun Apr 27 2025 23:00:00 GMT+0100 (British Summer Time),0.0222,0.0278,0.0485,0
Mon Apr 28 2025 00:00:00 GMT+0100 (British Summer Time),0.0221,0.0278,0.0485,4.529014365146297
Mon Apr 28 2025 01:00:00 GMT+0100 (British Summer Time),0.0221,0.0278,0.0485,0
Mon Apr 28 2025 02:00:00 GMT+0100 (British Summer Time),0.0222,0.0278,0.0485,0
Mon Apr 28 2025 03:00:00 GMT+0100 (British Summer Time),0.0222,0.0278,0.0485,0
Mon Apr 28 2025 04:00:00 GMT+0100 (British Summer Time),0.0221,0.0278,0.0485,1256.1044620981456
Mon Apr 28 2025 05:00:00 GMT+0100 (British Summer Time),0.0221,0.0278,0.0485,0
Mon Apr 28 2025 06:00:00 GMT+0100 (British Summer Time),0.0221,0.0288,0.0485,0.9875393019760094
Mon Apr 28 2025 07:00:00 GMT+0100 (British Summer Time),0.0221,0.0278,0.0485,0
Mon Apr 28 2025 08:00:00 GMT+0100 (British Summer Time),0.022,0.0278,0.0483,10732.198867070729
Mon Apr 28 2025 09:00:00 GMT+0100 (British Summer Time),0.022,0.0278,0.0483,0.1138664674652066
Mon Apr 28 2025 10:00:00 GMT+0100 (British Summer Time),0.0221,0.0278,0.0482,2032.1333149322893
Mon Apr 28 2025 11:00:00 GMT+0100 (British Summer Time),0.0221,0.0278,0.0482,0.8597571645188533
Mon Apr 28 2025 12:00:00 GMT+0100 (British Summer Time),0.0221,0.0278,0.0482,0
Mon Apr 28 2025 13:00:00 GMT+0100 (British Summer Time),0.022,0.0278,0.0482,39.50038103431203
Mon Apr 28 2025 14:00:00 GMT+0100 (British Summer Time),0.022,0.0278,0.0482,3.0702826960137117
Mon Apr 28 2025 15:00:00 GMT+0100 (British Summer Time),0.0221,0.0278,0.0482,0
Mon Apr 28 2025 16:00:00 GMT+0100 (British Summer Time),0.0221,0.0278,0.0482,0
Mon Apr 28 2025 17:00:00 GMT+0100 (British Summer Time),0.022,0.0278,0.0482,0
Mon Apr 28 2025 18:00:00 GMT+0100 (British Summer Time),0.022,0.0278,0.0482,0
Mon Apr 28 2025 19:00:00 GMT+0100 (British Summer Time),0.0221,0.0278,0.0482,0
Mon Apr 28 2025 20:00:00 GMT+0100 (British Summer Time),0.0221,0.0278,0.0482,92.36123664935626
Mon Apr 28 2025 21:00:00 GMT+0100 (British Summer Time),0.0221,0.0278,0.0482,0
Mon Apr 28 2025 22:00:00 GMT+0100 (British Summer Time),0.022,0.0278,0.0482,0
Mon Apr 28 2025 23:00:00 GMT+0100 (British Summer Time),0.022,0.0278,0.0482,0
Tue Apr 29 2025 00:00:00 GMT+0100 (British Summer Time),0.0221,0.0278,0.0482,0
Tue Apr 29 2025 01:00:00 GMT+0100 (British Summer Time),0.0221,0.0278,0.0482,0
Tue Apr 29 2025 02:00:00 GMT+0100 (British Summer Time),0.022,0.0278,0.0482,0
Tue Apr 29 2025 03:00:00 GMT+0100 (British Summer Time),0.022,0.0278,0.0482,0
Tue Apr 29 2025 04:00:00 GMT+0100 (British Summer Time),0.0221,0.0278,0.0482,0
Tue Apr 29 2025 05:00:00 GMT+0100 (British Summer Time),0.0221,0.0278,0.0482,1.0009969474492677
Tue Apr 29 2025 06:00:00 GMT+0100 (British Summer Time),0.0221,0.0267,0.0482,0
Tue Apr 29 2025 07:00:00 GMT+0100 (British Summer Time),0.0302,0.0272,0.0482,0
Tue Apr 29 2025 08:00:00 GMT+0100 (British Summer Time),0.0303,0.0272,0.0482,1.8043393585911953
Tue Apr 29 2025 09:00:00 GMT+0100 (British Summer Time),0.0303,0.0272,0.0482,0
Tue Apr 29 2025 10:00:00 GMT+0100 (British Summer Time),0.0302,0.0272,0.0406,337141.0025194297
Tue Apr 29 2025 11:00:00 GMT+0100 (British Summer Time),0.0302,0.0272,0.0406,211.5811972136416
Tue Apr 29 2025 12:00:00 GMT+0100 (British Summer Time),0.0302,0.0272,0.041,15417.838307033886
Tue Apr 29 2025 13:00:00 GMT+0100 (British Summer Time),0.0303,0.0272,0.041,0
Tue Apr 29 2025 14:00:00 GMT+0100 (British Summer Time),0.0303,0.0272,0.0406,16751.410911632665
Tue Apr 29 2025 15:00:00 GMT+0100 (British Summer Time),0.0302,0.0272,0.0406,0
Tue Apr 29 2025 16:00:00 GMT+0100 (British Summer Time),0.0302,0.0272,0.0406,0
Tue Apr 29 2025 17:00:00 GMT+0100 (British Summer Time),0.0303,0.0272,0.0406,0
Tue Apr 29 2025 18:00:00 GMT+0100 (British Summer Time),0.0303,0.0272,0.0406,0
Tue Apr 29 2025 19:00:00 GMT+0100 (British Summer Time),0.0302,0.0272,0.0406,0
Tue Apr 29 2025 20:00:00 GMT+0100 (British Summer Time),0.0302,0.0272,0.0406,0
Tue Apr 29 2025 21:00:00 GMT+0100 (British Summer Time),0.0302,0.0272,0.0406,0
Tue Apr 29 2025 22:00:00 GMT+0100 (British Summer Time),0.0303,0.0272,0.0406,0
Tue Apr 29 2025 23:00:00 GMT+0100 (British Summer Time),0.0303,0.0272,0.0406,0
Wed Apr 30 2025 00:00:00 GMT+0100 (British Summer Time),0.0302,0.0272,0.0406,0
Wed Apr 30 2025 01:00:00 GMT+0100 (British Summer Time),0.0302,0.0272,0.0406,0
Wed Apr 30 2025 02:00:00 GMT+0100 (British Summer Time),0.0303,0.0272,0.0406,0
Wed Apr 30 2025 03:00:00 GMT+0100 (British Summer Time),0.0303,0.0272,0.0406,0
Wed Apr 30 2025 04:00:00 GMT+0100 (British Summer Time),0.0302,0.0272,0.0406,0.6810904276902502
Wed Apr 30 2025 05:00:00 GMT+0100 (British Summer Time),0.0302,0.0272,0.0406,0
Wed Apr 30 2025 06:00:00 GMT+0100 (British Summer Time),0.0302,0.0259,0.0406,0
Wed Apr 30 2025 07:00:00 GMT+0100 (British Summer Time),0.0305,0.0265,0.0406,671.7859876761523
Wed Apr 30 2025 08:00:00 GMT+0100 (British Summer Time),0.0304,0.0265,0.0406,0
Wed Apr 30 2025 09:00:00 GMT+0100 (British Summer Time),0.0304,0.0265,0.0406,0
Wed Apr 30 2025 10:00:00 GMT+0100 (British Summer Time),0.0305,0.0265,0.0406,54.825855779095804
Wed Apr 30 2025 11:00:00 GMT+0100 (British Summer Time),0.0305,0.0265,0.0406,989.8121505986176
Wed Apr 30 2025 12:00:00 GMT+0100 (British Summer Time),0.0305,0.0265,0.0406,0
Wed Apr 30 2025 13:00:00 GMT+0100 (British Summer Time),0.0304,0.0265,0.0406,0
Wed Apr 30 2025 14:00:00 GMT+0100 (British Summer Time),0.0304,0.0265,0.0406,0
Wed Apr 30 2025 15:00:00 GMT+0100 (British Summer Time),0.0305,0.0265,0.0406,0
Wed Apr 30 2025 16:00:00 GMT+0100 (British Summer Time),0.0305,0.0265,0.0406,0
Wed Apr 30 2025 17:00:00 GMT+0100 (British Summer Time),0.0304,0.0265,0.0406,2246.9997603531788
Wed Apr 30 2025 18:00:00 GMT+0100 (British Summer Time),0.0304,0.0265,0.0406,0
Wed Apr 30 2025 19:00:00 GMT+0100 (British Summer Time),0.0305,0.0265,0.0406,0
Wed Apr 30 2025 20:00:00 GMT+0100 (British Summer Time),0.0305,0.0265,0.0406,0
Wed Apr 30 2025 21:00:00 GMT+0100 (British Summer Time),0.0305,0.0265,0.0406,0
Wed Apr 30 2025 22:00:00 GMT+0100 (British Summer Time),0.0304,0.0265,0.0406,1121.3693309088912
Wed Apr 30 2025 23:00:00 GMT+0100 (British Summer Time),0.0304,0.0265,0.0406,0
Thu May 01 2025 00:00:00 GMT+0100 (British Summer Time),0.0305,0.0265,0.0406,0
Thu May 01 2025 01:00:00 GMT+0100 (British Summer Time),0.0305,0.0265,0.0406,0
Thu May 01 2025 02:00:00 GMT+0100 (British Summer Time),0.0304,0.0265,0.0406,0
Thu May 01 2025 03:00:00 GMT+0100 (British Summer Time),0.0305,0.0265,0.0406,0
Thu May 01 2025 04:00:00 GMT+0100 (British Summer Time),0.0305,0.0265,0.0406,0
Thu May 01 2025 05:00:00 GMT+0100 (British Summer Time),0.0305,0.0265,0.0406,0
Thu May 01 2025 06:00:00 GMT+0100 (British Summer Time),0.0304,0.0251,0.0406,0
Thu May 01 2025 07:00:00 GMT+0100 (British Summer Time),0.0277,0.0255,0.0406,0
Thu May 01 2025 08:00:00 GMT+0100 (British Summer Time),0.0277,0.0255,0.0406,0
Thu May 01 2025 09:00:00 GMT+0100 (British Summer Time),0.0276,0.0255,0.0406,0
Thu May 01 2025 10:00:00 GMT+0100 (British Summer Time),0.0276,0.0255,0.0406,373.70905860214873
Thu May 01 2025 11:00:00 GMT+0100 (British Summer Time),0.0276,0.0255,0.0406,0
Thu May 01 2025 12:00:00 GMT+0100 (British Summer Time),0.0277,0.0255,0.0406,0
Thu May 01 2025 13:00:00 GMT+0100 (British Summer Time),0.0276,0.0255,0.0406,0
Thu May 01 2025 14:00:00 GMT+0100 (British Summer Time),0.0276,0.0255,0.0406,728.3762131754597
Thu May 01 2025 15:00:00 GMT+0100 (British Summer Time),0.0276,0.0255,0.0407,2393.2089441222442
Thu May 01 2025 16:00:00 GMT+0100 (British Summer Time),0.0277,0.0255,0.0407,0
Thu May 01 2025 17:00:00 GMT+0100 (British Summer Time),0.0277,0.0255,0.0407,0
Thu May 01 2025 18:00:00 GMT+0100 (British Summer Time),0.0276,0.0255,0.0406,2593.622962692809
Thu May 01 2025 19:00:00 GMT+0100 (British Summer Time),0.0276,0.0255,0.0406,0
Thu May 01 2025 20:00:00 GMT+0100 (British Summer Time),0.0276,0.0255,0.0406,0
Thu May 01 2025 21:00:00 GMT+0100 (British Summer Time),0.0277,0.0255,0.0406,0
Thu May 01 2025 22:00:00 GMT+0100 (British Summer Time),0.0276,0.0255,0.0406,0
Thu May 01 2025 23:00:00 GMT+0100 (British Summer Time),0.0276,0.0255,0.0406,0
Fri May 02 2025 00:00:00 GMT+0100 (British Summer Time),0.0276,0.0255,0.0406,0
Fri May 02 2025 01:00:00 GMT+0100 (British Summer Time),0.0277,0.0255,0.0406,0
Fri May 02 2025 02:00:00 GMT+0100 (British Summer Time),0.0277,0.0255,0.0406,0
Fri May 02 2025 03:00:00 GMT+0100 (British Summer Time),0.0276,0.0255,0.0406,0
Fri May 02 2025 04:00:00 GMT+0100 (British Summer Time),0.0276,0.0255,0.0406,0
Fri May 02 2025 05:00:00 GMT+0100 (British Summer Time),0.0276,0.0255,0.0406,0
Fri May 02 2025 06:00:00 GMT+0100 (British Summer Time),0.0277,0.0259,0.0406,0
Fri May 02 2025 07:00:00 GMT+0100 (British Summer Time),0.0235,0.0256,0.0406,0
Fri May 02 2025 08:00:00 GMT+0100 (British Summer Time),0.0235,0.0256,0.0406,0
Fri May 02 2025 09:00:00 GMT+0100 (British Summer Time),0.0235,0.0256,0.0405,5332.7341345354735
Fri May 02 2025 10:00:00 GMT+0100 (British Summer Time),0.0235,0.0256,0.0405,1469.6412168889785
Fri May 02 2025 11:00:00 GMT+0100 (British Summer Time),0.0235,0.0256,0.0404,3699.167943197758
Fri May 02 2025 12:00:00 GMT+0100 (British Summer Time),0.0235,0.0256,0.0404,0
Fri May 02 2025 13:00:00 GMT+0100 (British Summer Time),0.0235,0.0256,0.0404,0
Fri May 02 2025 14:00:00 GMT+0100 (British Summer Time),0.0235,0.0256,0.0375,121669.28490152145
Fri May 02 2025 15:00:00 GMT+0100 (British Summer Time),0.0235,0.0256,0.0375,0
Fri May 02 2025 16:00:00 GMT+0100 (British Summer Time),0.0235,0.0256,0.0374,3169.6142017492775
Fri May 02 2025 17:00:00 GMT+0100 (British Summer Time),0.0235,0.0256,0.0374,0
Fri May 02 2025 18:00:00 GMT+0100 (British Summer Time),0.0235,0.0256,0.0374,1672.1446806102535
Fri May 02 2025 19:00:00 GMT+0100 (British Summer Time),0.0235,0.0256,0.0374,0
Fri May 02 2025 20:00:00 GMT+0100 (British Summer Time),0.0235,0.0256,0.0374,0
Fri May 02 2025 21:00:00 GMT+0100 (British Summer Time),0.0235,0.0256,0.0374,0
Fri May 02 2025 22:00:00 GMT+0100 (British Summer Time),0.0235,0.0256,0.0374,0
Fri May 02 2025 23:00:00 GMT+0100 (British Summer Time),0.0235,0.0256,0.0374,0
Sat May 03 2025 00:00:00 GMT+0100 (British Summer Time),0.0235,0.0256,0.0374,0
Sat May 03 2025 01:00:00 GMT+0100 (British Summer Time),0.0235,0.0256,0.0374,0
Sat May 03 2025 02:00:00 GMT+0100 (British Summer Time),0.0235,0.0256,0.0374,0
Sat May 03 2025 03:00:00 GMT+0100 (British Summer Time),0.0235,0.0256,0.0374,0
Sat May 03 2025 04:00:00 GMT+0100 (British Summer Time),0.0235,0.0256,0.0374,0
Sat May 03 2025 05:00:00 GMT+0100 (British Summer Time),0.0235,0.0256,0.0374,0
Sat May 03 2025 06:00:00 GMT+0100 (British Summer Time),0.0235,0.026,0.0374,0
Sat May 03 2025 07:00:00 GMT+0100 (British Summer Time),0.0234,0.0256,0.0374,947.2555303140107
Sat May 03 2025 08:00:00 GMT+0100 (British Summer Time),0.0235,0.0256,0.0374,0
Sat May 03 2025 09:00:00 GMT+0100 (British Summer Time),0.0235,0.0256,0.0374,1.0716014679635757
Sat May 03 2025 10:00:00 GMT+0100 (British Summer Time),0.0234,0.0256,0.0374,0
Sat May 03 2025 11:00:00 GMT+0100 (British Summer Time),0.0234,0.0256,0.0374,0
Sat May 03 2025 12:00:00 GMT+0100 (British Summer Time),0.0234,0.0256,0.0373,931.0606563752315
Sat May 03 2025 13:00:00 GMT+0100 (British Summer Time),0.0235,0.0256,0.0373,0
Sat May 03 2025 14:00:00 GMT+0100 (British Summer Time),0.0234,0.0256,0.0374,3011.147779820441
Sat May 03 2025 15:00:00 GMT+0100 (British Summer Time),0.0234,0.0256,0.0374,0
Sat May 03 2025 16:00:00 GMT+0100 (British Summer Time),0.0234,0.0256,0.0374,0
Sat May 03 2025 17:00:00 GMT+0100 (British Summer Time),0.0235,0.0256,0.0374,0
Sat May 03 2025 18:00:00 GMT+0100 (British Summer Time),0.0235,0.0256,0.0374,0
Sat May 03 2025 19:00:00 GMT+0100 (British Summer Time),0.0234,0.0256,0.0374,0
Sat May 03 2025 20:00:00 GMT+0100 (British Summer Time),0.0234,0.0256,0.0374,0
Sat May 03 2025 21:00:00 GMT+0100 (British Summer Time),0.0234,0.0256,0.0374,0
Sat May 03 2025 22:00:00 GMT+0100 (British Summer Time),0.0235,0.0256,0.0374,0
Sat May 03 2025 23:00:00 GMT+0100 (British Summer Time),0.0234,0.0256,0.0374,0
Sun May 04 2025 00:00:00 GMT+0100 (British Summer Time),0.0234,0.0256,0.0374,0
Sun May 04 2025 01:00:00 GMT+0100 (British Summer Time),0.0234,0.0256,0.0374,0
Sun May 04 2025 02:00:00 GMT+0100 (British Summer Time),0.0235,0.0256,0.0374,0
Sun May 04 2025 03:00:00 GMT+0100 (British Summer Time),0.0235,0.0256,0.0374,0
Sun May 04 2025 04:00:00 GMT+0100 (British Summer Time),0.0234,0.0256,0.0374,0
Sun May 04 2025 05:00:00 GMT+0100 (British Summer Time),0.0234,0.0256,0.0374,0
Sun May 04 2025 06:00:00 GMT+0100 (British Summer Time),0.0234,0.0256,0.0374,0
Sun May 04 2025 07:00:00 GMT+0100 (British Summer Time),0.0175,0.025,0.0374,0
Sun May 04 2025 08:00:00 GMT+0100 (British Summer Time),0.0175,0.025,0.0374,1.0189059523413608
Sun May 04 2025 09:00:00 GMT+0100 (British Summer Time),0.0175,0.025,0.0374,0
Sun May 04 2025 10:00:00 GMT+0100 (British Summer Time),0.0175,0.025,0.0374,0
Sun May 04 2025 11:00:00 GMT+0100 (British Summer Time),0.0175,0.025,0.0373,2442.6528557862284
Sun May 04 2025 12:00:00 GMT+0100 (British Summer Time),0.0175,0.025,0.0373,0
Sun May 04 2025 13:00:00 GMT+0100 (British Summer Time),0.0175,0.025,0.0373,0
Sun May 04 2025 14:00:00 GMT+0100 (British Summer Time),0.0175,0.025,0.0373,0
Sun May 04 2025 15:00:00 GMT+0100 (British Summer Time),0.0175,0.025,0.0373,1530.866670783941
Sun May 04 2025 16:00:00 GMT+0100 (British Summer Time),0.0175,0.025,0.0373,0
Sun May 04 2025 17:00:00 GMT+0100 (British Summer Time),0.0175,0.025,0.0373,0
Sun May 04 2025 18:00:00 GMT+0100 (British Summer Time),0.0175,0.025,0.0373,0
Sun May 04 2025 19:00:00 GMT+0100 (British Summer Time),0.0175,0.025,0.0373,0
Sun May 04 2025 20:00:00 GMT+0100 (British Summer Time),0.0175,0.025,0.0373,37.589797523167
Sun May 04 2025 21:00:00 GMT+0100 (British Summer Time),0.0175,0.025,0.0373,0
Sun May 04 2025 22:00:00 GMT+0100 (British Summer Time),0.0175,0.025,0.0373,0
Sun May 04 2025 23:00:00 GMT+0100 (British Summer Time),0.0175,0.025,0.0373,0
Mon May 05 2025 00:00:00 GMT+0100 (British Summer Time),0.0175,0.025,0.0373,0
Mon May 05 2025 01:00:00 GMT+0100 (British Summer Time),0.0175,0.025,0.0373,0
Mon May 05 2025 02:00:00 GMT+0100 (British Summer Time),0.0175,0.025,0.0373,1471.833344848547
Mon May 05 2025 03:00:00 GMT+0100 (British Summer Time),0.0175,0.025,0.0373,0
Mon May 05 2025 04:00:00 GMT+0100 (British Summer Time),0.0175,0.025,0.0373,0
Mon May 05 2025 05:00:00 GMT+0100 (British Summer Time),0.0175,0.025,0.0373,0
Mon May 05 2025 06:00:00 GMT+0100 (British Summer Time),0.0175,0.025,0.0373,0
Mon May 05 2025 07:00:00 GMT+0100 (British Summer Time),0,0.0255,0.0373,0
Mon May 05 2025 08:00:00 GMT+0100 (British Summer Time),0.0236,0.0252,0.0373,0.9940772912588928
Mon May 05 2025 09:00:00 GMT+0100 (British Summer Time),0.0236,0.0252,0.0373,0
Mon May 05 2025 10:00:00 GMT+0100 (British Summer Time),0.0237,0.0252,0.0373,0
Mon May 05 2025 11:00:00 GMT+0100 (British Summer Time),0.0236,0.0252,0.0373,3706.806565280839
Mon May 05 2025 12:00:00 GMT+0100 (British Summer Time),0.0236,0.0252,0.0373,0
Mon May 05 2025 13:00:00 GMT+0100 (British Summer Time),0.0237,0.0252,0.0373,0
Mon May 05 2025 14:00:00 GMT+0100 (British Summer Time),0.0237,0.0252,0.0374,3931.6539970922277
Mon May 05 2025 15:00:00 GMT+0100 (British Summer Time),0.0236,0.0252,0.0374,0
Mon May 05 2025 16:00:00 GMT+0100 (British Summer Time),0.0236,0.0252,0.0374,0
Mon May 05 2025 17:00:00 GMT+0100 (British Summer Time),0.0236,0.0252,0.0374,19.104958754763253
Mon May 05 2025 18:00:00 GMT+0100 (British Summer Time),0.0237,0.0252,0.0374,0
Mon May 05 2025 19:00:00 GMT+0100 (British Summer Time),0.0236,0.0252,0.0374,0
Mon May 05 2025 20:00:00 GMT+0100 (British Summer Time),0.0236,0.0252,0.0374,0
Mon May 05 2025 21:00:00 GMT+0100 (British Summer Time),0.0236,0.0252,0.0374,0
Mon May 05 2025 22:00:00 GMT+0100 (British Summer Time),0.0237,0.0252,0.0374,0
Mon May 05 2025 23:00:00 GMT+0100 (British Summer Time),0.0237,0.0252,0.0374,0
Tue May 06 2025 00:00:00 GMT+0100 (British Summer Time),0.0236,0.0252,0.0373,3059.07330545432
Tue May 06 2025 01:00:00 GMT+0100 (British Summer Time),0.0236,0.0252,0.0373,0
Tue May 06 2025 02:00:00 GMT+0100 (British Summer Time),0.0236,0.0252,0.0373,0
Tue May 06 2025 03:00:00 GMT+0100 (British Summer Time),0.0237,0.0252,0.0373,0
Tue May 06 2025 04:00:00 GMT+0100 (British Summer Time),0.0236,0.0252,0.0373,0
Tue May 06 2025 05:00:00 GMT+0100 (British Summer Time),0.0236,0.0252,0.0373,0
Tue May 06 2025 06:00:00 GMT+0100 (British Summer Time),0.0236,0.0252,0.0373,0
Tue May 06 2025 07:00:00 GMT+0100 (British Summer Time),0.0237,0.0244,0.0373,0.9788691578879982
Tue May 06 2025 08:00:00 GMT+0100 (British Summer Time),0.0402,0.0266,0.0373,0
Tue May 06 2025 09:00:00 GMT+0100 (British Summer Time),0.0401,0.0266,0.0373,0
Tue May 06 2025 10:00:00 GMT+0100 (British Summer Time),0.0401,0.0266,0.0373,0
Tue May 06 2025 11:00:00 GMT+0100 (British Summer Time),0.0401,0.0266,0.0373,0
Tue May 06 2025 12:00:00 GMT+0100 (British Summer Time),0.0402,0.0266,0.0373,0
Tue May 06 2025 13:00:00 GMT+0100 (British Summer Time),0.0401,0.0266,0.0373,0
Tue May 06 2025 14:00:00 GMT+0100 (British Summer Time),0.0401,0.0266,0.0373,141.49132008738442
Tue May 06 2025 15:00:00 GMT+0100 (British Summer Time),0.0401,0.0266,0.0373,0
Tue May 06 2025 16:00:00 GMT+0100 (British Summer Time),0.0402,0.0266,0.0373,2108.407512273252
Tue May 06 2025 17:00:00 GMT+0100 (British Summer Time),0.0402,0.0266,0.0373,0
Tue May 06 2025 18:00:00 GMT+0100 (British Summer Time),0.0401,0.0266,0.0373,0
Tue May 06 2025 19:00:00 GMT+0100 (British Summer Time),0.0401,0.0266,0.0373,0
Tue May 06 2025 20:00:00 GMT+0100 (British Summer Time),0.0401,0.0266,0.0373,0
Tue May 06 2025 21:00:00 GMT+0100 (British Summer Time),0.0402,0.0266,0.0373,0
Tue May 06 2025 22:00:00 GMT+0100 (British Summer Time),0.0401,0.0266,0.0373,0
Tue May 06 2025 23:00:00 GMT+0100 (British Summer Time),0.0401,0.0266,0.0373,0
Wed May 07 2025 00:00:00 GMT+0100 (British Summer Time),0.0401,0.0266,0.0373,0
Wed May 07 2025 01:00:00 GMT+0100 (British Summer Time),0.0402,0.0266,0.0373,0
Wed May 07 2025 02:00:00 GMT+0100 (British Summer Time),0.0402,0.0266,0.0373,27821.198047548394
Wed May 07 2025 03:00:00 GMT+0100 (British Summer Time),0.0401,0.0266,0.038,0
Wed May 07 2025 04:00:00 GMT+0100 (British Summer Time),0.0401,0.0266,0.038,0
Wed May 07 2025 05:00:00 GMT+0100 (British Summer Time),0.0401,0.0266,0.038,0
Wed May 07 2025 06:00:00 GMT+0100 (British Summer Time),0.0402,0.0266,0.038,0
Wed May 07 2025 07:00:00 GMT+0100 (British Summer Time),0.0401,0.026,0.038,1.0223474858753485
Wed May 07 2025 08:00:00 GMT+0100 (British Summer Time),0.0403,0.028,0.038,0
Wed May 07 2025 09:00:00 GMT+0100 (British Summer Time),0.0403,0.028,0.038,0
Wed May 07 2025 10:00:00 GMT+0100 (British Summer Time),0.0403,0.028,0.038,0
Wed May 07 2025 11:00:00 GMT+0100 (British Summer Time),0.0404,0.028,0.038,0
Wed May 07 2025 12:00:00 GMT+0100 (British Summer Time),0.0403,0.028,0.038,0
Wed May 07 2025 13:00:00 GMT+0100 (British Summer Time),0.0403,0.028,0.038,0
Wed May 07 2025 14:00:00 GMT+0100 (British Summer Time),0.0404,0.028,0.038,0
Wed May 07 2025 15:00:00 GMT+0100 (British Summer Time),0.0403,0.028,0.038,0
Wed May 07 2025 16:00:00 GMT+0100 (British Summer Time),0.0403,0.028,0.038,0
Wed May 07 2025 17:00:00 GMT+0100 (British Summer Time),0.0403,0.028,0.038,0
Wed May 07 2025 18:00:00 GMT+0100 (British Summer Time),0.0404,0.028,0.038,0
Wed May 07 2025 19:00:00 GMT+0100 (British Summer Time),0.0403,0.028,0.038,0
Wed May 07 2025 20:00:00 GMT+0100 (British Summer Time),0.0403,0.028,0.038,0
Wed May 07 2025 21:00:00 GMT+0100 (British Summer Time),0.0403,0.028,0.038,0
Wed May 07 2025 22:00:00 GMT+0100 (British Summer Time),0.0403,0.028,0.038,0
Wed May 07 2025 23:00:00 GMT+0100 (British Summer Time),0.0404,0.028,0.038,0
Thu May 08 2025 00:00:00 GMT+0100 (British Summer Time),0.0403,0.028,0.038,0
Thu May 08 2025 01:00:00 GMT+0100 (British Summer Time),0.0403,0.028,0.038,0
Thu May 08 2025 02:00:00 GMT+0100 (British Summer Time),0.0403,0.028,0.038,0
Thu May 08 2025 03:00:00 GMT+0100 (British Summer Time),0.0404,0.028,0.038,0
Thu May 08 2025 04:00:00 GMT+0100 (British Summer Time),0.0403,0.028,0.038,0
Thu May 08 2025 05:00:00 GMT+0100 (British Summer Time),0.0403,0.028,0.038,0
Thu May 08 2025 06:00:00 GMT+0100 (British Summer Time),0.0403,0.028,0.038,1.0520496642108108
Thu May 08 2025 07:00:00 GMT+0100 (British Summer Time),0.0404,0.0281,0.038,0
Thu May 08 2025 08:00:00 GMT+0100 (British Summer Time),0.0368,0.0293,0.0381,1939.3168122515137
Thu May 08 2025 09:00:00 GMT+0100 (British Summer Time),0.0369,0.0293,0.0381,0
Thu May 08 2025 10:00:00 GMT+0100 (British Summer Time),0.0369,0.0293,0.0381,0
Thu May 08 2025 11:00:00 GMT+0100 (British Summer Time),0.0369,0.0293,0.0381,0
Thu May 08 2025 12:00:00 GMT+0100 (British Summer Time),0.0369,0.0293,0.0381,0
Thu May 08 2025 13:00:00 GMT+0100 (British Summer Time),0.0369,0.0293,0.0381,294.7468040821321
Thu May 08 2025 14:00:00 GMT+0100 (British Summer Time),0.0369,0.0293,0.038,103.79016311168176
Thu May 08 2025 15:00:00 GMT+0100 (British Summer Time),0.0369,0.0293,0.038,0
Thu May 08 2025 16:00:00 GMT+0100 (British Summer Time),0.0369,0.0293,0.038,0
Thu May 08 2025 17:00:00 GMT+0100 (British Summer Time),0.0368,0.0293,0.038,0
Thu May 08 2025 18:00:00 GMT+0100 (British Summer Time),0.0369,0.0293,0.038,3.4971104467552157
Thu May 08 2025 19:00:00 GMT+0100 (British Summer Time),0.0369,0.0293,0.0381,1527.6614980185473
Thu May 08 2025 20:00:00 GMT+0100 (British Summer Time),0.0369,0.0293,0.0381,0
Thu May 08 2025 21:00:00 GMT+0100 (British Summer Time),0.0369,0.0293,0.0381,0
Thu May 08 2025 22:00:00 GMT+0100 (British Summer Time),0.0369,0.0293,0.0381,0
Thu May 08 2025 23:00:00 GMT+0100 (British Summer Time),0.0369,0.0293,0.0381,0
Fri May 09 2025 00:00:00 GMT+0100 (British Summer Time),0.0369,0.0293,0.0381,0
Fri May 09 2025 01:00:00 GMT+0100 (British Summer Time),0.0369,0.0293,0.0381,0
Fri May 09 2025 02:00:00 GMT+0100 (British Summer Time),0.0368,0.0293,0.0381,0
Fri May 09 2025 03:00:00 GMT+0100 (British Summer Time),0.0369,0.0293,0.0381,0
Fri May 09 2025 04:00:00 GMT+0100 (British Summer Time),0.0369,0.0293,0.0381,0
Fri May 09 2025 05:00:00 GMT+0100 (British Summer Time),0.0369,0.0293,0.0381,0.6233518385247813
Fri May 09 2025 06:00:00 GMT+0100 (British Summer Time),0.0369,0.0293,0.0381,66.38059562657303
Fri May 09 2025 07:00:00 GMT+0100 (British Summer Time),0.0369,0.0303,0.0381,0
Fri May 09 2025 08:00:00 GMT+0100 (British Summer Time),0.0221,0.0291,0.0381,0
Fri May 09 2025 09:00:00 GMT+0100 (British Summer Time),0.022,0.0291,0.0381,0
Fri May 09 2025 10:00:00 GMT+0100 (British Summer Time),0.022,0.0291,0.0381,0
Fri May 09 2025 11:00:00 GMT+0100 (British Summer Time),0.0221,0.0291,0.0381,121.43557123806396
Fri May 09 2025 12:00:00 GMT+0100 (British Summer Time),0.0221,0.0291,0.0381,610.3016615946723
Fri May 09 2025 13:00:00 GMT+0100 (British Summer Time),0.022,0.0291,0.0381,12352.505837735034
Fri May 09 2025 14:00:00 GMT+0100 (British Summer Time),0.022,0.0291,0.0381,337.97344228408735
Fri May 09 2025 15:00:00 GMT+0100 (British Summer Time),0.022,0.0291,0.0381,311.5772453881891
Fri May 09 2025 16:00:00 GMT+0100 (British Summer Time),0.0221,0.0291,0.0381,0
Fri May 09 2025 17:00:00 GMT+0100 (British Summer Time),0.0221,0.0291,0.0381,0
Fri May 09 2025 18:00:00 GMT+0100 (British Summer Time),0.022,0.0291,0.0381,0
Fri May 09 2025 19:00:00 GMT+0100 (British Summer Time),0.022,0.0291,0.0381,0
Fri May 09 2025 20:00:00 GMT+0100 (British Summer Time),0.0221,0.0291,0.0381,0
Fri May 09 2025 21:00:00 GMT+0100 (British Summer Time),0.0221,0.0291,0.0381,0
Fri May 09 2025 22:00:00 GMT+0100 (British Summer Time),0.022,0.0291,0.0381,0
Fri May 09 2025 23:00:00 GMT+0100 (British Summer Time),0.022,0.0291,0.0381,0
Sat May 10 2025 00:00:00 GMT+0100 (British Summer Time),0.022,0.0291,0.0381,0
Sat May 10 2025 01:00:00 GMT+0100 (British Summer Time),0.0221,0.0291,0.0381,0
Sat May 10 2025 02:00:00 GMT+0100 (British Summer Time),0.0221,0.0291,0.0381,2.4076701576637882
Sat May 10 2025 03:00:00 GMT+0100 (British Summer Time),0.022,0.0291,0.0381,0
Sat May 10 2025 04:00:00 GMT+0100 (British Summer Time),0.022,0.0291,0.0381,0
Sat May 10 2025 05:00:00 GMT+0100 (British Summer Time),0.0221,0.0291,0.0381,792.4975242627688
Sat May 10 2025 06:00:00 GMT+0100 (British Summer Time),0.0221,0.0291,0.0381,0
Sat May 10 2025 07:00:00 GMT+0100 (British Summer Time),0.022,0.0301,0.0381,15.109273550756331
Sat May 10 2025 08:00:00 GMT+0100 (British Summer Time),0.0235,0.0291,0.0381,0
Sat May 10 2025 09:00:00 GMT+0100 (British Summer Time),0.0236,0.0292,0.0381,0
Sat May 10 2025 10:00:00 GMT+0100 (British Summer Time),0.0236,0.0291,0.0381,0
Sat May 10 2025 11:00:00 GMT+0100 (British Summer Time),0.0235,0.0291,0.0381,0
Sat May 10 2025 12:00:00 GMT+0100 (British Summer Time),0.0235,0.0291,0.0381,0
Sat May 10 2025 13:00:00 GMT+0100 (British Summer Time),0.0235,0.0291,0.0381,0
Sat May 10 2025 14:00:00 GMT+0100 (British Summer Time),0.0236,0.0291,0.0381,0
Sat May 10 2025 15:00:00 GMT+0100 (British Summer Time),0.0236,0.0291,0.0381,1289.459073541691
Sat May 10 2025 16:00:00 GMT+0100 (British Summer Time),0.0235,0.0291,0.0381,0
Sat May 10 2025 17:00:00 GMT+0100 (British Summer Time),0.0235,0.0291,0.038,1284.5458336327247
Sat May 10 2025 18:00:00 GMT+0100 (British Summer Time),0.0236,0.0292,0.038,0
Sat May 10 2025 19:00:00 GMT+0100 (British Summer Time),0.0236,0.0291,0.038,2.3505540552904005
Sat May 10 2025 20:00:00 GMT+0100 (British Summer Time),0.0235,0.0291,0.038,0
Sat May 10 2025 21:00:00 GMT+0100 (British Summer Time),0.0235,0.0291,0.038,0
Sat May 10 2025 22:00:00 GMT+0100 (British Summer Time),0.0235,0.0291,0.038,0
Sat May 10 2025 23:00:00 GMT+0100 (British Summer Time),0.0236,0.0291,0.038,0
Sun May 11 2025 00:00:00 GMT+0100 (British Summer Time),0.0236,0.0291,0.038,62.07796281292379
Sun May 11 2025 01:00:00 GMT+0100 (British Summer Time),0.0235,0.0291,0.038,0
Sun May 11 2025 02:00:00 GMT+0100 (British Summer Time),0.0235,0.0291,0.038,1683.9798210352046
Sun May 11 2025 03:00:00 GMT+0100 (British Summer Time),0.0236,0.0292,0.038,0
Sun May 11 2025 04:00:00 GMT+0100 (British Summer Time),0.0236,0.0291,0.038,633.9901035085667
Sun May 11 2025 05:00:00 GMT+0100 (British Summer Time),0.0235,0.0291,0.038,0.4827556915758761
Sun May 11 2025 06:00:00 GMT+0100 (British Summer Time),0.0235,0.0291,0.038,0
Sun May 11 2025 07:00:00 GMT+0100 (British Summer Time),0.0235,0.0311,0.038,0
Sun May 11 2025 08:00:00 GMT+0100 (British Summer Time),0.0246,0.0301,0.038,0
Sun May 11 2025 09:00:00 GMT+0100 (British Summer Time),0.0245,0.0301,0.038,15.287713441790382
Sun May 11 2025 10:00:00 GMT+0100 (British Summer Time),0.0245,0.0301,0.038,1591.7375374543462
Sun May 11 2025 11:00:00 GMT+0100 (British Summer Time),0.0245,0.0301,0.038,0
Sun May 11 2025 12:00:00 GMT+0100 (British Summer Time),0.0246,0.0302,0.038,0
Sun May 11 2025 13:00:00 GMT+0100 (British Summer Time),0.0246,0.0302,0.038,0
Sun May 11 2025 14:00:00 GMT+0100 (British Summer Time),0.0245,0.0302,0.038,24.389932869975883
Sun May 11 2025 15:00:00 GMT+0100 (British Summer Time),0.0245,0.0301,0.038,1327.069819093974
Sun May 11 2025 16:00:00 GMT+0100 (British Summer Time),0.0245,0.0301,0.038,0
Sun May 11 2025 17:00:00 GMT+0100 (British Summer Time),0.0246,0.0302,0.038,0
Sun May 11 2025 18:00:00 GMT+0100 (British Summer Time),0.0245,0.0302,0.038,0
Sun May 11 2025 19:00:00 GMT+0100 (British Summer Time),0.0245,0.0301,0.038,8809.610594282489
Sun May 11 2025 20:00:00 GMT+0100 (British Summer Time),0.0245,0.0301,0.0382,0
Sun May 11 2025 21:00:00 GMT+0100 (British Summer Time),0.0246,0.0302,0.0382,0
Sun May 11 2025 22:00:00 GMT+0100 (British Summer Time),0.0246,0.0302,0.0382,0
Sun May 11 2025 23:00:00 GMT+0100 (British Summer Time),0.0245,0.0302,0.0382,0
Mon May 12 2025 00:00:00 GMT+0100 (British Summer Time),0.0245,0.0301,0.0382,0
Mon May 12 2025 01:00:00 GMT+0100 (British Summer Time),0.0245,0.0301,0.0382,0
Mon May 12 2025 02:00:00 GMT+0100 (British Summer Time),0.0246,0.0302,0.0381,2341.900190143074
Mon May 12 2025 03:00:00 GMT+0100 (British Summer Time),0.0245,0.0302,0.0381,38.85756362827769
Mon May 12 2025 04:00:00 GMT+0100 (British Summer Time),0.0245,0.0301,0.0381,1.1170325426510663
Mon May 12 2025 05:00:00 GMT+0100 (British Summer Time),0.0245,0.0301,0.0381,0
Mon May 12 2025 06:00:00 GMT+0100 (British Summer Time),0.0246,0.0302,0.0381,0
Mon May 12 2025 07:00:00 GMT+0100 (British Summer Time),0.0246,0.0312,0.0381,0
Mon May 12 2025 08:00:00 GMT+0100 (British Summer Time),0,0.0312,0.0381,0
Mon May 12 2025 09:00:00 GMT+0100 (British Summer Time),0.0275,0.0307,0.0381,0
Mon May 12 2025 10:00:00 GMT+0100 (British Summer Time),0.0275,0.0307,0.0381,0
Mon May 12 2025 11:00:00 GMT+0100 (British Summer Time),0.0276,0.0307,0.0381,0
Mon May 12 2025 12:00:00 GMT+0100 (British Summer Time),0.0275,0.0307,0.0381,0
Mon May 12 2025 13:00:00 GMT+0100 (British Summer Time),0.0275,0.0307,0.0381,0
Mon May 12 2025 14:00:00 GMT+0100 (British Summer Time),0.0275,0.0307,0.0381,0
Mon May 12 2025 15:00:00 GMT+0100 (British Summer Time),0.0275,0.0307,0.0381,632.9569854493254
Mon May 12 2025 16:00:00 GMT+0100 (British Summer Time),0.0276,0.0307,0.0381,67.14785728451938
Mon May 12 2025 17:00:00 GMT+0100 (British Summer Time),0.0275,0.0307,0.0381,17.04852197787885
Mon May 12 2025 18:00:00 GMT+0100 (British Summer Time),0.0275,0.0307,0.0381,0
Mon May 12 2025 19:00:00 GMT+0100 (British Summer Time),0.0275,0.0307,0.0381,0
Mon May 12 2025 20:00:00 GMT+0100 (British Summer Time),0.0276,0.0307,0.0381,0
Mon May 12 2025 21:00:00 GMT+0100 (British Summer Time),0.0275,0.0307,0.0381,0
Mon May 12 2025 22:00:00 GMT+0100 (British Summer Time),0.0275,0.0307,0.0381,247.4851444808214
Mon May 12 2025 23:00:00 GMT+0100 (British Summer Time),0.0275,0.0307,0.0381,0
Tue May 13 2025 00:00:00 GMT+0100 (British Summer Time),0.0275,0.0307,0.0381,0
Tue May 13 2025 01:00:00 GMT+0100 (British Summer Time),0.0276,0.0307,0.0381,0
Tue May 13 2025 02:00:00 GMT+0100 (British Summer Time),0.0275,0.0307,0.0381,0
Tue May 13 2025 03:00:00 GMT+0100 (British Summer Time),0.0275,0.0307,0.0381,0.5838524286519365
Tue May 13 2025 04:00:00 GMT+0100 (British Summer Time),0.0275,0.0307,0.0381,1545.3480141465911
Tue May 13 2025 05:00:00 GMT+0100 (British Summer Time),0.0275,0.0307,0.0381,0
Tue May 13 2025 06:00:00 GMT+0100 (British Summer Time),0.0275,0.0307,0.0381,0
Tue May 13 2025 07:00:00 GMT+0100 (British Summer Time),0.0275,0.0307,0.0381,0
Tue May 13 2025 08:00:00 GMT+0100 (British Summer Time),0.0275,0.0291,0.0381,0
Tue May 13 2025 09:00:00 GMT+0100 (British Summer Time),0.0383,0.0304,0.0381,0
Tue May 13 2025 10:00:00 GMT+0100 (British Summer Time),0.0382,0.0304,0.0381,0
Tue May 13 2025 11:00:00 GMT+0100 (British Summer Time),0.0382,0.0304,0.0381,0
Tue May 13 2025 12:00:00 GMT+0100 (British Summer Time),0.0383,0.0304,0.0381,0
Tue May 13 2025 13:00:00 GMT+0100 (British Summer Time),0.0383,0.0304,0.0381,0
Tue May 13 2025 14:00:00 GMT+0100 (British Summer Time),0.0383,0.0304,0.0381,0
Tue May 13 2025 15:00:00 GMT+0100 (British Summer Time),0.0382,0.0304,0.0381,57.17899267929743
Tue May 13 2025 16:00:00 GMT+0100 (British Summer Time),0.0382,0.0304,0.0381,16.592144691933647
Tue May 13 2025 17:00:00 GMT+0100 (British Summer Time),0.0383,0.0304,0.0381,0
Tue May 13 2025 18:00:00 GMT+0100 (British Summer Time),0.0383,0.0304,0.0381,0.5385310039458153
Tue May 13 2025 19:00:00 GMT+0100 (British Summer Time),0.0382,0.0304,0.0382,5882.619052181177
Tue May 13 2025 20:00:00 GMT+0100 (British Summer Time),0.0382,0.0304,0.0382,0
Tue May 13 2025 21:00:00 GMT+0100 (British Summer Time),0.0383,0.0304,0.0382,0
Tue May 13 2025 22:00:00 GMT+0100 (British Summer Time),0.0382,0.0304,0.0382,0
Tue May 13 2025 23:00:00 GMT+0100 (British Summer Time),0.0382,0.0304,0.0382,0
Wed May 14 2025 00:00:00 GMT+0100 (British Summer Time),0.0383,0.0305,0.0382,0
Wed May 14 2025 01:00:00 GMT+0100 (British Summer Time),0.0383,0.0304,0.0382,0
Wed May 14 2025 02:00:00 GMT+0100 (British Summer Time),0.0383,0.0304,0.0382,0.6714558643409233
Wed May 14 2025 03:00:00 GMT+0100 (British Summer Time),0.0382,0.0304,0.0382,0.5054472276786244
Wed May 14 2025 04:00:00 GMT+0100 (British Summer Time),0.0382,0.0304,0.0382,0
Wed May 14 2025 05:00:00 GMT+0100 (British Summer Time),0.0383,0.0305,0.0382,0
Wed May 14 2025 06:00:00 GMT+0100 (British Summer Time),0.0383,0.0304,0.0382,0
Wed May 14 2025 07:00:00 GMT+0100 (British Summer Time),0.0382,0.0304,0.0382,0
Wed May 14 2025 08:00:00 GMT+0100 (British Summer Time),0.0382,0.0288,0.0382,0
Wed May 14 2025 09:00:00 GMT+0100 (British Summer Time),0.0385,0.0302,0.0382,0
Wed May 14 2025 10:00:00 GMT+0100 (British Summer Time),0.0385,0.0302,0.0382,0
Wed May 14 2025 11:00:00 GMT+0100 (British Summer Time),0.0383,0.0302,0.0382,0
Wed May 14 2025 12:00:00 GMT+0100 (British Summer Time),0.0383,0.0302,0.0382,0
Wed May 14 2025 13:00:00 GMT+0100 (British Summer Time),0.0383,0.0302,0.0382,0
Wed May 14 2025 14:00:00 GMT+0100 (British Summer Time),0.0385,0.0302,0.0382,0
Wed May 14 2025 15:00:00 GMT+0100 (British Summer Time),0.0383,0.0302,0.0382,188.54674589700167
Wed May 14 2025 16:00:00 GMT+0100 (British Summer Time),0.0383,0.0302,0.0382,0
Wed May 14 2025 17:00:00 GMT+0100 (British Summer Time),0.0383,0.0302,0.0382,0
Wed May 14 2025 18:00:00 GMT+0100 (British Summer Time),0.0385,0.0302,0.0382,0
Wed May 14 2025 19:00:00 GMT+0100 (British Summer Time),0.0385,0.0302,0.0382,0
Wed May 14 2025 20:00:00 GMT+0100 (British Summer Time),0.0383,0.0302,0.0382,0
Wed May 14 2025 21:00:00 GMT+0100 (British Summer Time),0.0383,0.0302,0.0382,0
Wed May 14 2025 22:00:00 GMT+0100 (British Summer Time),0.0383,0.0302,0.0382,34.620626435009775
Wed May 14 2025 23:00:00 GMT+0100 (British Summer Time),0.0385,0.0302,0.0382,0
Thu May 15 2025 00:00:00 GMT+0100 (British Summer Time),0.0383,0.0302,0.0382,0
Thu May 15 2025 01:00:00 GMT+0100 (British Summer Time),0.0383,0.0302,0.0382,0
Thu May 15 2025 02:00:00 GMT+0100 (British Summer Time),0.0383,0.0302,0.0382,0.6622239334613409
Thu May 15 2025 03:00:00 GMT+0100 (British Summer Time),0.0385,0.0302,0.0382,23.75142052794213
Thu May 15 2025 04:00:00 GMT+0100 (British Summer Time),0.0385,0.0302,0.0382,0
Thu May 15 2025 05:00:00 GMT+0100 (British Summer Time),0.0383,0.0302,0.0382,0
Thu May 15 2025 06:00:00 GMT+0100 (British Summer Time),0.0383,0.0302,0.0382,0
Thu May 15 2025 07:00:00 GMT+0100 (British Summer Time),0.0383,0.0302,0.0382,0
Thu May 15 2025 08:00:00 GMT+0100 (British Summer Time),0.0385,0.029,0.0382,38.95747217101481
Thu May 15 2025 09:00:00 GMT+0100 (British Summer Time),0.0349,0.0299,0.0381,5362.066036032431
Thu May 15 2025 10:00:00 GMT+0100 (British Summer Time),0.0349,0.0299,0.038,2743.839796267467
Thu May 15 2025 11:00:00 GMT+0100 (British Summer Time),0.0349,0.0299,0.0379,5241.015831261304
Thu May 15 2025 12:00:00 GMT+0100 (British Summer Time),0.035,0.0299,0.0379,0
Thu May 15 2025 13:00:00 GMT+0100 (British Summer Time),0.035,0.0299,0.0379,0
Thu May 15 2025 14:00:00 GMT+0100 (British Summer Time),0.0349,0.0299,0.0379,1705.2656469844405
Thu May 15 2025 15:00:00 GMT+0100 (British Summer Time),0.0349,0.0299,0.0379,791.2282311956253
Thu May 15 2025 16:00:00 GMT+0100 (British Summer Time),0.0349,0.0299,0.0379,0
Thu May 15 2025 17:00:00 GMT+0100 (British Summer Time),0.035,0.0299,0.0379,0
Thu May 15 2025 18:00:00 GMT+0100 (British Summer Time),0.0349,0.0299,0.0379,0
Thu May 15 2025 19:00:00 GMT+0100 (British Summer Time),0.0349,0.0299,0.0379,0
Thu May 15 2025 20:00:00 GMT+0100 (British Summer Time),0.0349,0.0299,0.0379,0
Thu May 15 2025 21:00:00 GMT+0100 (British Summer Time),0.035,0.0299,0.0379,0
Thu May 15 2025 22:00:00 GMT+0100 (British Summer Time),0.035,0.0299,0.0379,0
Thu May 15 2025 23:00:00 GMT+0100 (British Summer Time),0.0349,0.0299,0.0379,1.468668470364734
Fri May 16 2025 00:00:00 GMT+0100 (British Summer Time),0.0349,0.0299,0.0379,0
Fri May 16 2025 01:00:00 GMT+0100 (British Summer Time),0.0349,0.0299,0.0379,0.6131920693089341
Fri May 16 2025 02:00:00 GMT+0100 (British Summer Time),0.035,0.0299,0.0379,0.36495491141522324
Fri May 16 2025 03:00:00 GMT+0100 (British Summer Time),0.0349,0.0299,0.0379,0
Fri May 16 2025 04:00:00 GMT+0100 (British Summer Time),0.0349,0.0299,0.0379,0
Fri May 16 2025 05:00:00 GMT+0100 (British Summer Time),0.0349,0.0299,0.0379,0
Fri May 16 2025 06:00:00 GMT+0100 (British Summer Time),0.035,0.0299,0.0379,0
Fri May 16 2025 07:00:00 GMT+0100 (British Summer Time),0.035,0.0299,0.0379,0
Fri May 16 2025 08:00:00 GMT+0100 (British Summer Time),0.0349,0.0312,0.0379,0
Fri May 16 2025 09:00:00 GMT+0100 (British Summer Time),0.0243,0.0302,0.0379,1095.6565132765334
Fri May 16 2025 10:00:00 GMT+0100 (British Summer Time),0.0244,0.0302,0.0379,0
Fri May 16 2025 11:00:00 GMT+0100 (British Summer Time),0.0244,0.0302,0.0379,0
Fri May 16 2025 12:00:00 GMT+0100 (British Summer Time),0.0243,0.0302,0.0379,1863.5308265338788
Fri May 16 2025 13:00:00 GMT+0100 (British Summer Time),0.0243,0.0302,0.0379,679.7493118905369
Fri May 16 2025 14:00:00 GMT+0100 (British Summer Time),0.0243,0.0302,0.0379,0
Fri May 16 2025 15:00:00 GMT+0100 (British Summer Time),0.0244,0.0302,0.0379,0
Fri May 16 2025 16:00:00 GMT+0100 (British Summer Time),0.0244,0.0302,0.0379,0
Fri May 16 2025 17:00:00 GMT+0100 (British Summer Time),0.0243,0.0302,0.0379,0
Fri May 16 2025 18:00:00 GMT+0100 (British Summer Time),0.0243,0.0302,0.0379,0
Fri May 16 2025 19:00:00 GMT+0100 (British Summer Time),0.0244,0.0302,0.0379,0
Fri May 16 2025 20:00:00 GMT+0100 (British Summer Time),0.0244,0.0302,0.0379,0
Fri May 16 2025 21:00:00 GMT+0100 (British Summer Time),0.0243,0.0302,0.0379,0
Fri May 16 2025 22:00:00 GMT+0100 (British Summer Time),0.0243,0.0302,0.0379,0
Fri May 16 2025 23:00:00 GMT+0100 (British Summer Time),0.0243,0.0302,0.0379,0
Sat May 17 2025 00:00:00 GMT+0100 (British Summer Time),0.0244,0.0302,0.0379,0
Sat May 17 2025 01:00:00 GMT+0100 (British Summer Time),0.0244,0.0302,0.0379,0.5720490855912425
Sat May 17 2025 02:00:00 GMT+0100 (British Summer Time),0.0243,0.0302,0.0379,0.34320425000993493
Sat May 17 2025 03:00:00 GMT+0100 (British Summer Time),0.0243,0.0302,0.0379,0
Sat May 17 2025 04:00:00 GMT+0100 (British Summer Time),0.0244,0.0302,0.0379,0
Sat May 17 2025 05:00:00 GMT+0100 (British Summer Time),0.0244,0.0302,0.0379,0
Sat May 17 2025 06:00:00 GMT+0100 (British Summer Time),0.0243,0.0302,0.0379,0
Sat May 17 2025 07:00:00 GMT+0100 (British Summer Time),0.0243,0.0302,0.0379,32900.62177490157
Sat May 17 2025 08:00:00 GMT+0100 (British Summer Time),0.0243,0.0313,0.0379,270.76227481083725
Sat May 17 2025 09:00:00 GMT+0100 (British Summer Time),0,0.0313,0.0379,0
Sat May 17 2025 10:00:00 GMT+0100 (British Summer Time),0.0234,0.0302,0.0379,0
Sat May 17 2025 11:00:00 GMT+0100 (British Summer Time),0.0235,0.0302,0.0379,0
Sat May 17 2025 12:00:00 GMT+0100 (British Summer Time),0.0235,0.0302,0.0379,0
Sat May 17 2025 13:00:00 GMT+0100 (British Summer Time),0.0235,0.0302,0.0379,0
Sat May 17 2025 14:00:00 GMT+0100 (British Summer Time),0.0235,0.0302,0.0379,314.09685738939515
Sat May 17 2025 15:00:00 GMT+0100 (British Summer Time),0.0235,0.0302,0.0379,0.07628523073610433
Sat May 17 2025 16:00:00 GMT+0100 (British Summer Time),0.0235,0.0302,0.0379,0
Sat May 17 2025 17:00:00 GMT+0100 (British Summer Time),0.0235,0.0302,0.0379,180.4581743670894
Sat May 17 2025 18:00:00 GMT+0100 (British Summer Time),0.0235,0.0302,0.0379,0
Sat May 17 2025 19:00:00 GMT+0100 (British Summer Time),0.0234,0.0302,0.0379,0
Sat May 17 2025 20:00:00 GMT+0100 (British Summer Time),0.0235,0.0302,0.0379,0
Sat May 17 2025 21:00:00 GMT+0100 (British Summer Time),0.0235,0.0302,0.0379,0
Sat May 17 2025 22:00:00 GMT+0100 (British Summer Time),0.0235,0.0302,0.0379,0
Sat May 17 2025 23:00:00 GMT+0100 (British Summer Time),0.0235,0.0302,0.0379,0
Sun May 18 2025 00:00:00 GMT+0100 (British Summer Time),0.0235,0.0302,0.0379,3.1656510508951383
Sun May 18 2025 01:00:00 GMT+0100 (British Summer Time),0.0235,0.0302,0.0379,0.34004402054453087
Sun May 18 2025 02:00:00 GMT+0100 (British Summer Time),0.0235,0.0302,0.0379,0
Sun May 18 2025 03:00:00 GMT+0100 (British Summer Time),0.0235,0.0302,0.0379,0
Sun May 18 2025 04:00:00 GMT+0100 (British Summer Time),0.0234,0.0302,0.0379,0
Sun May 18 2025 05:00:00 GMT+0100 (British Summer Time),0.0235,0.0302,0.0379,0
Sun May 18 2025 06:00:00 GMT+0100 (British Summer Time),0.0235,0.0302,0.0379,0
Sun May 18 2025 07:00:00 GMT+0100 (British Summer Time),0.0235,0.0302,0.0379,0
Sun May 18 2025 08:00:00 GMT+0100 (British Summer Time),0.0235,0.0302,0.0379,0
Sun May 18 2025 09:00:00 GMT+0100 (British Summer Time),0.0235,0.0311,0.0379,4.482426988179384
Sun May 18 2025 10:00:00 GMT+0100 (British Summer Time),0.0227,0.0299,0.0379,0
Sun May 18 2025 11:00:00 GMT+0100 (British Summer Time),0.0227,0.0299,0.0379,0
Sun May 18 2025 12:00:00 GMT+0100 (British Summer Time),0.0227,0.0299,0.0379,0
Sun May 18 2025 13:00:00 GMT+0100 (British Summer Time),0.0227,0.0299,0.0379,249.2605527638474
Sun May 18 2025 14:00:00 GMT+0100 (British Summer Time),0.0227,0.0299,0.0379,32.45803387051521
Sun May 18 2025 15:00:00 GMT+0100 (British Summer Time),0.0227,0.0299,0.0379,0
Sun May 18 2025 16:00:00 GMT+0100 (British Summer Time),0.0227,0.0299,0.0379,0
Sun May 18 2025 17:00:00 GMT+0100 (British Summer Time),0.0227,0.0299,0.0379,0
Sun May 18 2025 18:00:00 GMT+0100 (British Summer Time),0.0227,0.0299,0.0379,70.28109178631392
Sun May 18 2025 19:00:00 GMT+0100 (British Summer Time),0.0227,0.0299,0.0379,84.77860805800572
Sun May 18 2025 20:00:00 GMT+0100 (British Summer Time),0.0227,0.0299,0.0379,403.838030393462
Sun May 18 2025 21:00:00 GMT+0100 (British Summer Time),0.0227,0.0299,0.0379,1247.2106676959766
Sun May 18 2025 22:00:00 GMT+0100 (British Summer Time),0.0227,0.0299,0.0379,0
Sun May 18 2025 23:00:00 GMT+0100 (British Summer Time),0.0227,0.0299,0.0379,0.5273881330316349
Mon May 19 2025 00:00:00 GMT+0100 (British Summer Time),0.0227,0.0299,0.0379,0
Mon May 19 2025 01:00:00 GMT+0100 (British Summer Time),0.0227,0.0299,0.0379,0.36464585534584165
Mon May 19 2025 02:00:00 GMT+0100 (British Summer Time),0.0227,0.0299,0.0379,0
Mon May 19 2025 03:00:00 GMT+0100 (British Summer Time),0.0227,0.0299,0.0379,0
Mon May 19 2025 04:00:00 GMT+0100 (British Summer Time),0.0227,0.0299,0.0379,24.700541767938045
Mon May 19 2025 05:00:00 GMT+0100 (British Summer Time),0.0227,0.0299,0.0379,0
Mon May 19 2025 06:00:00 GMT+0100 (British Summer Time),0.0227,0.0299,0.0379,15.354175328358249
Mon May 19 2025 07:00:00 GMT+0100 (British Summer Time),0.0227,0.0299,0.0379,0
Mon May 19 2025 08:00:00 GMT+0100 (British Summer Time),0.0227,0.0299,0.0379,0
Mon May 19 2025 09:00:00 GMT+0100 (British Summer Time),0.0227,0.0303,0.0379,0
Mon May 19 2025 10:00:00 GMT+0100 (British Summer Time),0.0245,0.0295,0.038,20633.714562153873
Mon May 19 2025 11:00:00 GMT+0100 (British Summer Time),0.0245,0.0295,0.038,0
Mon May 19 2025 12:00:00 GMT+0100 (British Summer Time),0.0245,0.0295,0.038,0
Mon May 19 2025 13:00:00 GMT+0100 (British Summer Time),0.0246,0.0295,0.038,0
Mon May 19 2025 14:00:00 GMT+0100 (British Summer Time),0.0245,0.0295,0.038,1.0588699193769027
Mon May 19 2025 15:00:00 GMT+0100 (British Summer Time),0.0245,0.0295,0.038,0
Mon May 19 2025 16:00:00 GMT+0100 (British Summer Time),0.0245,0.0295,0.038,0
Mon May 19 2025 17:00:00 GMT+0100 (British Summer Time),0.0246,0.0295,0.038,0
Mon May 19 2025 18:00:00 GMT+0100 (British Summer Time),0.0245,0.0295,0.038,0
Mon May 19 2025 19:00:00 GMT+0100 (British Summer Time),0.0245,0.0295,0.038,0
Mon May 19 2025 20:00:00 GMT+0100 (British Summer Time),0.0245,0.0295,0.038,0
Mon May 19 2025 21:00:00 GMT+0100 (British Summer Time),0.0245,0.0295,0.038,0
Mon May 19 2025 22:00:00 GMT+0100 (British Summer Time),0.0246,0.0295,0.038,0
Mon May 19 2025 23:00:00 GMT+0100 (British Summer Time),0.0245,0.0295,0.038,0.5255535309781912
Tue May 20 2025 00:00:00 GMT+0100 (British Summer Time),0.0245,0.0295,0.038,0.358990986109043
Tue May 20 2025 01:00:00 GMT+0100 (British Summer Time),0.0245,0.0295,0.038,0
Tue May 20 2025 02:00:00 GMT+0100 (British Summer Time),0.0246,0.0295,0.038,0
Tue May 20 2025 03:00:00 GMT+0100 (British Summer Time),0.0245,0.0295,0.038,63.544906367950816
Tue May 20 2025 04:00:00 GMT+0100 (British Summer Time),0.0245,0.0295,0.038,0
Tue May 20 2025 05:00:00 GMT+0100 (British Summer Time),0.0245,0.0295,0.038,0
Tue May 20 2025 06:00:00 GMT+0100 (British Summer Time),0.0245,0.0295,0.038,0
Tue May 20 2025 07:00:00 GMT+0100 (British Summer Time),0.0246,0.0295,0.0379,5538.0291676791285
Tue May 20 2025 08:00:00 GMT+0100 (British Summer Time),0.0245,0.0295,0.0378,5321.810644241169
Tue May 20 2025 09:00:00 GMT+0100 (British Summer Time),0.0245,0.028,0.0378,0
Tue May 20 2025 10:00:00 GMT+0100 (British Summer Time),0.0363,0.0292,0.0377,2660.177726232574
Tue May 20 2025 11:00:00 GMT+0100 (British Summer Time),0.0364,0.0292,0.0377,0
Tue May 20 2025 12:00:00 GMT+0100 (British Summer Time),0.0364,0.0292,0.0377,545.476017853752
Tue May 20 2025 13:00:00 GMT+0100 (British Summer Time),0.0363,0.0292,0.0377,0
Tue May 20 2025 14:00:00 GMT+0100 (British Summer Time),0.0363,0.0292,0.0377,0
Tue May 20 2025 15:00:00 GMT+0100 (British Summer Time),0.0364,0.0292,0.0377,0
Tue May 20 2025 16:00:00 GMT+0100 (British Summer Time),0.0363,0.0292,0.0377,0
Tue May 20 2025 17:00:00 GMT+0100 (British Summer Time),0.0363,0.0292,0.0377,287.4548669556442
Tue May 20 2025 18:00:00 GMT+0100 (British Summer Time),0.0363,0.0292,0.0377,0
Tue May 20 2025 19:00:00 GMT+0100 (British Summer Time),0.0364,0.0292,0.0377,0
Tue May 20 2025 20:00:00 GMT+0100 (British Summer Time),0.0364,0.0292,0.0377,0
Tue May 20 2025 21:00:00 GMT+0100 (British Summer Time),0.0363,0.0292,0.0377,0
Tue May 20 2025 22:00:00 GMT+0100 (British Summer Time),0.0363,0.0292,0.0377,0.54761005377605
Tue May 20 2025 23:00:00 GMT+0100 (British Summer Time),0.0363,0.0292,0.0377,0
Wed May 21 2025 00:00:00 GMT+0100 (British Summer Time),0.0364,0.0292,0.0377,0.37732768169934233
Wed May 21 2025 01:00:00 GMT+0100 (British Summer Time),0.0363,0.0292,0.0377,0
Wed May 21 2025 02:00:00 GMT+0100 (British Summer Time),0.0363,0.0292,0.0377,1388.9602245278877
Wed May 21 2025 03:00:00 GMT+0100 (British Summer Time),0.0363,0.0292,0.0377,0
Wed May 21 2025 04:00:00 GMT+0100 (British Summer Time),0.0364,0.0292,0.0377,0
Wed May 21 2025 05:00:00 GMT+0100 (British Summer Time),0.0364,0.0292,0.0377,0
Wed May 21 2025 06:00:00 GMT+0100 (British Summer Time),0.0363,0.0292,0.0377,0
Wed May 21 2025 07:00:00 GMT+0100 (British Summer Time),0.0363,0.0292,0.0377,0
Wed May 21 2025 08:00:00 GMT+0100 (British Summer Time),0.0363,0.0292,0.0377,0
Wed May 21 2025 09:00:00 GMT+0100 (British Summer Time),0.0364,0.0277,0.0377,0
Wed May 21 2025 10:00:00 GMT+0100 (British Summer Time),0.0364,0.0289,0.0377,267.81148574551264
Wed May 21 2025 11:00:00 GMT+0100 (British Summer Time),0.0364,0.0289,0.0377,0
Wed May 21 2025 12:00:00 GMT+0100 (British Summer Time),0.0364,0.0289,0.0377,0
Wed May 21 2025 13:00:00 GMT+0100 (British Summer Time),0.0365,0.0289,0.0377,0
Wed May 21 2025 14:00:00 GMT+0100 (British Summer Time),0.0365,0.0289,0.0377,0
Wed May 21 2025 15:00:00 GMT+0100 (British Summer Time),0.0364,0.0289,0.0377,0
Wed May 21 2025 16:00:00 GMT+0100 (British Summer Time),0.0364,0.0289,0.0377,308.6134738861673
Wed May 21 2025 17:00:00 GMT+0100 (British Summer Time),0.0364,0.0289,0.0377,0
Wed May 21 2025 18:00:00 GMT+0100 (British Summer Time),0.0365,0.0289,0.0377,0
Wed May 21 2025 19:00:00 GMT+0100 (British Summer Time),0.0364,0.0289,0.0377,0
Wed May 21 2025 20:00:00 GMT+0100 (British Summer Time),0.0364,0.0289,0.0377,0
Wed May 21 2025 21:00:00 GMT+0100 (British Summer Time),0.0364,0.0289,0.0377,0
Wed May 21 2025 22:00:00 GMT+0100 (British Summer Time),0.0365,0.0289,0.0377,0.5275437017707952
Wed May 21 2025 23:00:00 GMT+0100 (British Summer Time),0.0365,0.0289,0.0377,0.3761654535404817
Thu May 22 2025 00:00:00 GMT+0100 (British Summer Time),0.0364,0.0289,0.0377,0
Thu May 22 2025 01:00:00 GMT+0100 (British Summer Time),0.0364,0.0289,0.0377,49.122956496624234
Thu May 22 2025 02:00:00 GMT+0100 (British Summer Time),0.0364,0.0289,0.0377,0
Thu May 22 2025 03:00:00 GMT+0100 (British Summer Time),0.0365,0.0289,0.0377,0
Thu May 22 2025 04:00:00 GMT+0100 (British Summer Time),0.0364,0.0289,0.0377,0
Thu May 22 2025 05:00:00 GMT+0100 (British Summer Time),0.0364,0.0289,0.0377,0
Thu May 22 2025 06:00:00 GMT+0100 (British Summer Time),0.0364,0.0289,0.0377,0
Thu May 22 2025 07:00:00 GMT+0100 (British Summer Time),0.0365,0.0289,0.0377,1427.780635346141
Thu May 22 2025 08:00:00 GMT+0100 (British Summer Time),0.0365,0.0289,0.0377,0
Thu May 22 2025 09:00:00 GMT+0100 (British Summer Time),0.0364,0.0279,0.0377,0
Thu May 22 2025 10:00:00 GMT+0100 (British Summer Time),0.0332,0.0287,0.0377,0
Thu May 22 2025 11:00:00 GMT+0100 (British Summer Time),0.0333,0.0287,0.0377,0
Thu May 22 2025 12:00:00 GMT+0100 (British Summer Time),0.0333,0.0287,0.0377,136.26457415359332
Thu May 22 2025 13:00:00 GMT+0100 (British Summer Time),0.0332,0.0287,0.0377,2681.618917030688
Thu May 22 2025 14:00:00 GMT+0100 (British Summer Time),0.0332,0.0287,0.0377,0
Thu May 22 2025 15:00:00 GMT+0100 (British Summer Time),0.0332,0.0287,0.0377,0
Thu May 22 2025 16:00:00 GMT+0100 (British Summer Time),0.0333,0.0287,0.0377,0
Thu May 22 2025 17:00:00 GMT+0100 (British Summer Time),0.0333,0.0287,0.0378,3638.3376355177443
Thu May 22 2025 18:00:00 GMT+0100 (British Summer Time),0.0332,0.0287,0.0378,0
Thu May 22 2025 19:00:00 GMT+0100 (British Summer Time),0.0332,0.0287,0.0378,0
Thu May 22 2025 20:00:00 GMT+0100 (British Summer Time),0.0333,0.0287,0.0378,16.94407249234559
Thu May 22 2025 21:00:00 GMT+0100 (British Summer Time),0.0333,0.0287,0.0378,0.5309573867189518
Thu May 22 2025 22:00:00 GMT+0100 (British Summer Time),0.0332,0.0287,0.0378,0
Thu May 22 2025 23:00:00 GMT+0100 (British Summer Time),0.0332,0.0287,0.0378,0.15039062950167567
Fri May 23 2025 00:00:00 GMT+0100 (British Summer Time),0.0332,0.0287,0.0378,0
Fri May 23 2025 01:00:00 GMT+0100 (British Summer Time),0.0333,0.0287,0.0378,0
Fri May 23 2025 02:00:00 GMT+0100 (British Summer Time),0.0333,0.0287,0.0378,0
Fri May 23 2025 03:00:00 GMT+0100 (British Summer Time),0.0332,0.0287,0.0378,0
Fri May 23 2025 04:00:00 GMT+0100 (British Summer Time),0.0333,0.0287,0.0378,0
Fri May 23 2025 05:00:00 GMT+0100 (British Summer Time),0.0333,0.0287,0.0378,0
Fri May 23 2025 06:00:00 GMT+0100 (British Summer Time),0.0332,0.0287,0.0378,0
Fri May 23 2025 07:00:00 GMT+0100 (British Summer Time),0.0332,0.0287,0.0378,0
Fri May 23 2025 08:00:00 GMT+0100 (British Summer Time),0.0332,0.0287,0.0378,0
Fri May 23 2025 09:00:00 GMT+0100 (British Summer Time),0.0333,0.0294,0.0378,0
Fri May 23 2025 10:00:00 GMT+0100 (British Summer Time),0.0219,0.0283,0.0378,0
Fri May 23 2025 11:00:00 GMT+0100 (British Summer Time),0.0219,0.0283,0.0378,0
Fri May 23 2025 12:00:00 GMT+0100 (British Summer Time),0.0219,0.0283,0.0378,195.17375640908205
Fri May 23 2025 13:00:00 GMT+0100 (British Summer Time),0.0219,0.0283,0.0378,0
Fri May 23 2025 14:00:00 GMT+0100 (British Summer Time),0.0219,0.0283,0.0378,0
Fri May 23 2025 15:00:00 GMT+0100 (British Summer Time),0.0219,0.0283,0.0378,0
Fri May 23 2025 16:00:00 GMT+0100 (British Summer Time),0.0219,0.0283,0.0378,0
Fri May 23 2025 17:00:00 GMT+0100 (British Summer Time),0.0219,0.0283,0.0378,0
Fri May 23 2025 18:00:00 GMT+0100 (British Summer Time),0.0219,0.0283,0.0378,0
Fri May 23 2025 19:00:00 GMT+0100 (British Summer Time),0.0219,0.0283,0.0378,0
Fri May 23 2025 20:00:00 GMT+0100 (British Summer Time),0.0219,0.0283,0.0378,0
Fri May 23 2025 21:00:00 GMT+0100 (British Summer Time),0.0219,0.0283,0.0378,0.4669219784872743
Fri May 23 2025 22:00:00 GMT+0100 (British Summer Time),0.0219,0.0283,0.0378,0.12894179772126824
Fri May 23 2025 23:00:00 GMT+0100 (British Summer Time),0.0219,0.0283,0.0378,0
Sat May 24 2025 00:00:00 GMT+0100 (British Summer Time),0.0219,0.0283,0.0378,0
Sat May 24 2025 01:00:00 GMT+0100 (British Summer Time),0.0219,0.0283,0.0378,0
Sat May 24 2025 02:00:00 GMT+0100 (British Summer Time),0.0219,0.0283,0.0378,0
Sat May 24 2025 03:00:00 GMT+0100 (British Summer Time),0.0219,0.0283,0.0378,0
Sat May 24 2025 04:00:00 GMT+0100 (British Summer Time),0.0219,0.0283,0.0378,0
Sat May 24 2025 05:00:00 GMT+0100 (British Summer Time),0.0219,0.0283,0.0378,0
Sat May 24 2025 06:00:00 GMT+0100 (British Summer Time),0.0219,0.0283,0.0378,0
Sat May 24 2025 07:00:00 GMT+0100 (British Summer Time),0.0219,0.0283,0.0378,0
Sat May 24 2025 08:00:00 GMT+0100 (British Summer Time),0.0219,0.0283,0.0378,0
Sat May 24 2025 09:00:00 GMT+0100 (British Summer Time),0.0219,0.0283,0.0378,0
Sat May 24 2025 10:00:00 GMT+0100 (British Summer Time),0,0.0292,0.0378,0
Sat May 24 2025 11:00:00 GMT+0100 (British Summer Time),0.0222,0.0282,0.0378,0
Sat May 24 2025 12:00:00 GMT+0100 (British Summer Time),0.0223,0.0282,0.0378,0
Sat May 24 2025 13:00:00 GMT+0100 (British Summer Time),0.0223,0.0282,0.0378,0
Sat May 24 2025 14:00:00 GMT+0100 (British Summer Time),0.0222,0.0282,0.0378,0
Sat May 24 2025 15:00:00 GMT+0100 (British Summer Time),0.0222,0.0282,0.0378,0
Sat May 24 2025 16:00:00 GMT+0100 (British Summer Time),0.0223,0.0282,0.0378,0
Sat May 24 2025 17:00:00 GMT+0100 (British Summer Time),0.0223,0.0282,0.0378,604.3903486791899
Sat May 24 2025 18:00:00 GMT+0100 (British Summer Time),0.0222,0.0282,0.0378,0
Sat May 24 2025 19:00:00 GMT+0100 (British Summer Time),0.0222,0.0282,0.0378,0
Sat May 24 2025 20:00:00 GMT+0100 (British Summer Time),0.0222,0.0282,0.0378,0.43410211352304856
Sat May 24 2025 21:00:00 GMT+0100 (British Summer Time),0.0223,0.0282,0.0378,0
Sat May 24 2025 22:00:00 GMT+0100 (British Summer Time),0.0223,0.0282,0.0378,0.13210909842324664
Sat May 24 2025 23:00:00 GMT+0100 (British Summer Time),0.0222,0.0282,0.0378,0
Sun May 25 2025 00:00:00 GMT+0100 (British Summer Time),0.0222,0.0282,0.0378,0
Sun May 25 2025 01:00:00 GMT+0100 (British Summer Time),0.0223,0.0282,0.0378,0
Sun May 25 2025 02:00:00 GMT+0100 (British Summer Time),0.0223,0.0282,0.0378,3.1767909338907825
Sun May 25 2025 03:00:00 GMT+0100 (British Summer Time),0.0222,0.0282,0.0378,0
Sun May 25 2025 04:00:00 GMT+0100 (British Summer Time),0.0222,0.0282,0.0378,0
Sun May 25 2025 05:00:00 GMT+0100 (British Summer Time),0.0222,0.0282,0.0378,0
Sun May 25 2025 06:00:00 GMT+0100 (British Summer Time),0.0223,0.0282,0.0378,0
Sun May 25 2025 07:00:00 GMT+0100 (British Summer Time),0.0223,0.0282,0.0378,0
Sun May 25 2025 08:00:00 GMT+0100 (British Summer Time),0.0222,0.0282,0.0378,0
Sun May 25 2025 09:00:00 GMT+0100 (British Summer Time),0.0222,0.0282,0.0378,0
Sun May 25 2025 10:00:00 GMT+0100 (British Summer Time),0.0223,0.0291,0.0385,35685.71072111249
Sun May 25 2025 11:00:00 GMT+0100 (British Summer Time),0.0219,0.0281,0.0385,0
Sun May 25 2025 12:00:00 GMT+0100 (British Summer Time),0.0219,0.0281,0.0385,0
Sun May 25 2025 13:00:00 GMT+0100 (British Summer Time),0.0219,0.0281,0.0385,0
Sun May 25 2025 14:00:00 GMT+0100 (British Summer Time),0.0219,0.0281,0.0385,0
Sun May 25 2025 15:00:00 GMT+0100 (British Summer Time),0.0219,0.0281,0.0385,0
Sun May 25 2025 16:00:00 GMT+0100 (British Summer Time),0.0219,0.0281,0.0385,0
Sun May 25 2025 17:00:00 GMT+0100 (British Summer Time),0.0219,0.0281,0.0385,0
Sun May 25 2025 18:00:00 GMT+0100 (British Summer Time),0.0219,0.0281,0.0385,0
Sun May 25 2025 19:00:00 GMT+0100 (British Summer Time),0.0219,0.0281,0.0385,198.59609984467303
Sun May 25 2025 20:00:00 GMT+0100 (British Summer Time),0.0219,0.0281,0.0385,0.4042070739868195
Sun May 25 2025 21:00:00 GMT+0100 (British Summer Time),0.0219,0.0281,0.0385,0.137638606224977
Sun May 25 2025 22:00:00 GMT+0100 (British Summer Time),0.0219,0.0281,0.0385,0
Sun May 25 2025 23:00:00 GMT+0100 (British Summer Time),0.0219,0.0281,0.0385,0
Mon May 26 2025 00:00:00 GMT+0100 (British Summer Time),0.0219,0.0281,0.0385,0
Mon May 26 2025 01:00:00 GMT+0100 (British Summer Time),0.0219,0.0281,0.0385,0
Mon May 26 2025 02:00:00 GMT+0100 (British Summer Time),0.0219,0.0281,0.0385,0
Mon May 26 2025 03:00:00 GMT+0100 (British Summer Time),0.0219,0.0281,0.0385,0
Mon May 26 2025 04:00:00 GMT+0100 (British Summer Time),0.0219,0.0281,0.0385,0
Mon May 26 2025 05:00:00 GMT+0100 (British Summer Time),0.0219,0.0281,0.0385,0
Mon May 26 2025 06:00:00 GMT+0100 (British Summer Time),0.0219,0.0281,0.0385,537.2808526296233
Mon May 26 2025 07:00:00 GMT+0100 (British Summer Time),0.0219,0.0281,0.0385,0
Mon May 26 2025 08:00:00 GMT+0100 (British Summer Time),0.0219,0.0281,0.0385,0
Mon May 26 2025 09:00:00 GMT+0100 (British Summer Time),0.0219,0.0281,0.0385,0
Mon May 26 2025 10:00:00 GMT+0100 (British Summer Time),0.0219,0.0287,0.0385,52.68386869740487
Mon May 26 2025 11:00:00 GMT+0100 (British Summer Time),0.0239,0.028,0.0385,0
Mon May 26 2025 12:00:00 GMT+0100 (British Summer Time),0.0239,0.028,0.0385,0
Mon May 26 2025 13:00:00 GMT+0100 (British Summer Time),0.024,0.028,0.0385,0
Mon May 26 2025 14:00:00 GMT+0100 (British Summer Time),0.024,0.028,0.0385,0
Mon May 26 2025 15:00:00 GMT+0100 (British Summer Time),0.0239,0.028,0.0385,0
Mon May 26 2025 16:00:00 GMT+0100 (British Summer Time),0.0239,0.028,0.0387,9088.323759160856
Mon May 26 2025 17:00:00 GMT+0100 (British Summer Time),0.024,0.028,0.0387,0
Mon May 26 2025 18:00:00 GMT+0100 (British Summer Time),0.024,0.028,0.0387,0
Mon May 26 2025 19:00:00 GMT+0100 (British Summer Time),0.0239,0.028,0.0387,0.3722115165154696
Mon May 26 2025 20:00:00 GMT+0100 (British Summer Time),0.0239,0.028,0.0387,0
Mon May 26 2025 21:00:00 GMT+0100 (British Summer Time),0.0239,0.028,0.0387,0.13865450014618388
Mon May 26 2025 22:00:00 GMT+0100 (British Summer Time),0.024,0.028,0.0387,0
Mon May 26 2025 23:00:00 GMT+0100 (British Summer Time),0.024,0.028,0.0387,0
Tue May 27 2025 00:00:00 GMT+0100 (British Summer Time),0.0239,0.028,0.0387,0
Tue May 27 2025 01:00:00 GMT+0100 (British Summer Time),0.0239,0.028,0.0387,0
Tue May 27 2025 02:00:00 GMT+0100 (British Summer Time),0.024,0.028,0.0387,0
Tue May 27 2025 03:00:00 GMT+0100 (British Summer Time),0.024,0.028,0.0387,0
Tue May 27 2025 04:00:00 GMT+0100 (British Summer Time),0.0239,0.028,0.0387,836.5892638212716
Tue May 27 2025 05:00:00 GMT+0100 (British Summer Time),0.0239,0.028,0.0387,0
Tue May 27 2025 06:00:00 GMT+0100 (British Summer Time),0.0239,0.028,0.0387,0
Tue May 27 2025 07:00:00 GMT+0100 (British Summer Time),0.024,0.028,0.0387,0
Tue May 27 2025 08:00:00 GMT+0100 (British Summer Time),0.024,0.028,0.0387,0
Tue May 27 2025 09:00:00 GMT+0100 (British Summer Time),0.0239,0.028,0.0387,0
Tue May 27 2025 10:00:00 GMT+0100 (British Summer Time),0.0239,0.0266,0.0387,0
Tue May 27 2025 11:00:00 GMT+0100 (British Summer Time),0.0305,0.0271,0.0387,36.26390581067668
Tue May 27 2025 12:00:00 GMT+0100 (British Summer Time),0.0306,0.0272,0.0387,0
Tue May 27 2025 13:00:00 GMT+0100 (British Summer Time),0.0305,0.0272,0.0387,0
Tue May 27 2025 14:00:00 GMT+0100 (British Summer Time),0.0305,0.0272,0.0387,0
Tue May 27 2025 15:00:00 GMT+0100 (British Summer Time),0.0305,0.0271,0.0387,330.3088370893038
Tue May 27 2025 16:00:00 GMT+0100 (British Summer Time),0.0306,0.0272,0.0387,0
Tue May 27 2025 17:00:00 GMT+0100 (British Summer Time),0.0305,0.0272,0.0387,0
Tue May 27 2025 18:00:00 GMT+0100 (British Summer Time),0.0305,0.0271,0.0387,565.055534677792
Tue May 27 2025 19:00:00 GMT+0100 (British Summer Time),0.0305,0.0271,0.0387,0
Tue May 27 2025 20:00:00 GMT+0100 (British Summer Time),0.0305,0.0271,0.0387,0.14909885754543864
Tue May 27 2025 21:00:00 GMT+0100 (British Summer Time),0.0306,0.0272,0.0387,0
Tue May 27 2025 22:00:00 GMT+0100 (British Summer Time),0.0305,0.0271,0.0387,0
Tue May 27 2025 23:00:00 GMT+0100 (British Summer Time),0.0305,0.0271,0.0387,0
Wed May 28 2025 00:00:00 GMT+0100 (British Summer Time),0.0305,0.0271,0.0387,0
Wed May 28 2025 01:00:00 GMT+0100 (British Summer Time),0.0306,0.0272,0.0387,0
Wed May 28 2025 02:00:00 GMT+0100 (British Summer Time),0.0305,0.0272,0.0387,0
Wed May 28 2025 03:00:00 GMT+0100 (British Summer Time),0.0305,0.0271,0.0388,4342.335773065511
Wed May 28 2025 04:00:00 GMT+0100 (British Summer Time),0.0305,0.0271,0.0388,0
Wed May 28 2025 05:00:00 GMT+0100 (British Summer Time),0.0305,0.0271,0.0388,315.37293777750705
Wed May 28 2025 06:00:00 GMT+0100 (British Summer Time),0.0306,0.0272,0.0388,0
Wed May 28 2025 07:00:00 GMT+0100 (British Summer Time),0.0305,0.0271,0.0388,0
Wed May 28 2025 08:00:00 GMT+0100 (British Summer Time),0.0305,0.0271,0.0388,0
Wed May 28 2025 09:00:00 GMT+0100 (British Summer Time),0.0305,0.0271,0.0388,0
Wed May 28 2025 10:00:00 GMT+0100 (British Summer Time),0.0306,0.0256,0.0388,0
Wed May 28 2025 11:00:00 GMT+0100 (British Summer Time),0.0305,0.0263,0.0388,0.34052360794346104
Wed May 28 2025 12:00:00 GMT+0100 (British Summer Time),0.0304,0.0263,0.0388,0
Wed May 28 2025 13:00:00 GMT+0100 (British Summer Time),0.0304,0.0263,0.0388,0
Wed May 28 2025 14:00:00 GMT+0100 (British Summer Time),0.0304,0.0263,0.0388,0
Wed May 28 2025 15:00:00 GMT+0100 (British Summer Time),0.0305,0.0263,0.0388,0
Wed May 28 2025 16:00:00 GMT+0100 (British Summer Time),0.0304,0.0263,0.0388,0
Wed May 28 2025 17:00:00 GMT+0100 (British Summer Time),0.0304,0.0263,0.0388,898.5839563545381
Wed May 28 2025 18:00:00 GMT+0100 (British Summer Time),0.0304,0.0263,0.0388,0
Wed May 28 2025 19:00:00 GMT+0100 (British Summer Time),0.0305,0.0263,0.0388,0
Wed May 28 2025 20:00:00 GMT+0100 (British Summer Time),0.0305,0.0263,0.0388,0.1463003575442561
Wed May 28 2025 21:00:00 GMT+0100 (British Summer Time),0.0304,0.0263,0.0388,0
Wed May 28 2025 22:00:00 GMT+0100 (British Summer Time),0.0304,0.0263,0.0388,0
Wed May 28 2025 23:00:00 GMT+0100 (British Summer Time),0.0304,0.0263,0.0388,0
Thu May 29 2025 00:00:00 GMT+0100 (British Summer Time),0.0305,0.0263,0.0388,0
Thu May 29 2025 01:00:00 GMT+0100 (British Summer Time),0.0304,0.0263,0.0388,0
Thu May 29 2025 02:00:00 GMT+0100 (British Summer Time),0.0304,0.0263,0.0388,0
Thu May 29 2025 03:00:00 GMT+0100 (British Summer Time),0.0304,0.0263,0.0388,16.86273315131519
Thu May 29 2025 04:00:00 GMT+0100 (British Summer Time),0.0305,0.0263,0.0388,0
Thu May 29 2025 05:00:00 GMT+0100 (British Summer Time),0.0305,0.0263,0.0388,0
Thu May 29 2025 06:00:00 GMT+0100 (British Summer Time),0.0304,0.0263,0.0388,0
Thu May 29 2025 07:00:00 GMT+0100 (British Summer Time),0.0304,0.0263,0.0388,0
Thu May 29 2025 08:00:00 GMT+0100 (British Summer Time),0.0305,0.0263,0.0388,0
Thu May 29 2025 09:00:00 GMT+0100 (British Summer Time),0.0304,0.0263,0.0388,0
Thu May 29 2025 10:00:00 GMT+0100 (British Summer Time),0.0304,0.0251,0.0388,0.32508880842646837
Thu May 29 2025 11:00:00 GMT+0100 (British Summer Time),0.0278,0.0255,0.0388,0
Thu May 29 2025 12:00:00 GMT+0100 (British Summer Time),0.0278,0.0255,0.0388,0
Thu May 29 2025 13:00:00 GMT+0100 (British Summer Time),0.0279,0.0255,0.0388,0
Thu May 29 2025 14:00:00 GMT+0100 (British Summer Time),0.0278,0.0255,0.0388,95.12498923036402
Thu May 29 2025 15:00:00 GMT+0100 (British Summer Time),0.0278,0.0255,0.0388,0
Thu May 29 2025 16:00:00 GMT+0100 (British Summer Time),0.0278,0.0255,0.0388,0
Thu May 29 2025 17:00:00 GMT+0100 (British Summer Time),0.0279,0.0255,0.0388,0
Thu May 29 2025 18:00:00 GMT+0100 (British Summer Time),0.0278,0.0255,0.0388,0
Thu May 29 2025 19:00:00 GMT+0100 (British Summer Time),0.0278,0.0255,0.0388,0.17278790259917515
Thu May 29 2025 20:00:00 GMT+0100 (British Summer Time),0.0278,0.0255,0.0388,0
Thu May 29 2025 21:00:00 GMT+0100 (British Summer Time),0.0278,0.0255,0.0388,461.13439626972075
Thu May 29 2025 22:00:00 GMT+0100 (British Summer Time),0.0279,0.0255,0.0388,0
Thu May 29 2025 23:00:00 GMT+0100 (British Summer Time),0.0278,0.0255,0.0388,0
Fri May 30 2025 00:00:00 GMT+0100 (British Summer Time),0.0278,0.0255,0.0388,0
Fri May 30 2025 01:00:00 GMT+0100 (British Summer Time),0.0278,0.0255,0.0388,0
Fri May 30 2025 02:00:00 GMT+0100 (British Summer Time),0.0279,0.0255,0.0388,0
Fri May 30 2025 03:00:00 GMT+0100 (British Summer Time),0.0278,0.0255,0.0388,0
Fri May 30 2025 04:00:00 GMT+0100 (British Summer Time),0.0278,0.0255,0.0388,0
Fri May 30 2025 05:00:00 GMT+0100 (British Summer Time),0.0278,0.0255,0.0388,0
Fri May 30 2025 06:00:00 GMT+0100 (British Summer Time),0.0278,0.0255,0.0388,833.2228825311502
Fri May 30 2025 07:00:00 GMT+0100 (British Summer Time),0.0279,0.0255,0.0387,720.1443076893906
Fri May 30 2025 08:00:00 GMT+0100 (British Summer Time),0.0278,0.0255,0.0387,0
Fri May 30 2025 09:00:00 GMT+0100 (British Summer Time),0.0278,0.0255,0.0387,0
Fri May 30 2025 10:00:00 GMT+0100 (British Summer Time),0.0278,0.0261,0.0387,1106.1073357331045
Fri May 30 2025 11:00:00 GMT+0100 (British Summer Time),0.0215,0.0255,0.0387,1003.8688487870694
Fri May 30 2025 12:00:00 GMT+0100 (British Summer Time),0.0215,0.0255,0.0387,0
Fri May 30 2025 13:00:00 GMT+0100 (British Summer Time),0.0215,0.0255,0.0387,0
Fri May 30 2025 14:00:00 GMT+0100 (British Summer Time),0.0215,0.0255,0.0387,0
Fri May 30 2025 15:00:00 GMT+0100 (British Summer Time),0.0215,0.0255,0.0387,9.030371565628062
Fri May 30 2025 16:00:00 GMT+0100 (British Summer Time),0.0215,0.0255,0.0387,0
Fri May 30 2025 17:00:00 GMT+0100 (British Summer Time),0.0215,0.0255,0.0387,0
Fri May 30 2025 18:00:00 GMT+0100 (British Summer Time),0.0215,0.0255,0.0387,0
Fri May 30 2025 19:00:00 GMT+0100 (British Summer Time),0.0215,0.0255,0.0387,0.16575643184677272
Fri May 30 2025 20:00:00 GMT+0100 (British Summer Time),0.0215,0.0255,0.0387,0
Fri May 30 2025 21:00:00 GMT+0100 (British Summer Time),0.0215,0.0255,0.0387,0
Fri May 30 2025 22:00:00 GMT+0100 (British Summer Time),0.0215,0.0255,0.0387,0
Fri May 30 2025 23:00:00 GMT+0100 (British Summer Time),0.0215,0.0255,0.0387,0
Sat May 31 2025 00:00:00 GMT+0100 (British Summer Time),0.0215,0.0255,0.0387,115.66535998871538
Sat May 31 2025 01:00:00 GMT+0100 (British Summer Time),0.0215,0.0255,0.0387,0
Sat May 31 2025 02:00:00 GMT+0100 (British Summer Time),0.0215,0.0255,0.0387,0
Sat May 31 2025 03:00:00 GMT+0100 (British Summer Time),0.0215,0.0255,0.0387,0
Sat May 31 2025 04:00:00 GMT+0100 (British Summer Time),0.0215,0.0255,0.0387,0
Sat May 31 2025 05:00:00 GMT+0100 (British Summer Time),0.0215,0.0255,0.0387,0
Sat May 31 2025 06:00:00 GMT+0100 (British Summer Time),0.0215,0.0255,0.0387,387.7681992995239
Sat May 31 2025 07:00:00 GMT+0100 (British Summer Time),0.0215,0.0255,0.0387,0
Sat May 31 2025 08:00:00 GMT+0100 (British Summer Time),0.0215,0.0255,0.0387,0
Sat May 31 2025 09:00:00 GMT+0100 (British Summer Time),0.0215,0.0255,0.0387,0.2561937886410821
Sat May 31 2025 10:00:00 GMT+0100 (British Summer Time),0.0215,0.0255,0.0387,0
Sat May 31 2025 11:00:00 GMT+0100 (British Summer Time),0.0223,0.0255,0.0387,0
Sat May 31 2025 12:00:00 GMT+0100 (British Summer Time),0.0223,0.0255,0.0387,0
Sat May 31 2025 13:00:00 GMT+0100 (British Summer Time),0.0223,0.0255,0.0387,0
Sat May 31 2025 14:00:00 GMT+0100 (British Summer Time),0.0224,0.0255,0.0387,0
Sat May 31 2025 15:00:00 GMT+0100 (British Summer Time),0.0223,0.0255,0.0387,0
Sat May 31 2025 16:00:00 GMT+0100 (British Summer Time),0.0223,0.0255,0.0387,0
Sat May 31 2025 17:00:00 GMT+0100 (British Summer Time),0.0223,0.0255,0.0387,0
Sat May 31 2025 18:00:00 GMT+0100 (British Summer Time),0.0224,0.0255,0.0387,0.16816639128646524
Sat May 31 2025 19:00:00 GMT+0100 (British Summer Time),0.0223,0.0255,0.0387,0
Sat May 31 2025 20:00:00 GMT+0100 (British Summer Time),0.0223,0.0255,0.0387,0
Sat May 31 2025 21:00:00 GMT+0100 (British Summer Time),0.0223,0.0255,0.0387,0
Sat May 31 2025 22:00:00 GMT+0100 (British Summer Time),0.0223,0.0255,0.0387,0
Sat May 31 2025 23:00:00 GMT+0100 (British Summer Time),0.0224,0.0255,0.0387,26.170039761253808
Sun Jun 01 2025 00:00:00 GMT+0100 (British Summer Time),0.0223,0.0255,0.0387,0
Sun Jun 01 2025 01:00:00 GMT+0100 (British Summer Time),0.0223,0.0255,0.0387,0
Sun Jun 01 2025 02:00:00 GMT+0100 (British Summer Time),0.0223,0.0255,0.0387,0
Sun Jun 01 2025 03:00:00 GMT+0100 (British Summer Time),0.0224,0.0255,0.0387,0
Sun Jun 01 2025 04:00:00 GMT+0100 (British Summer Time),0.0223,0.0255,0.0387,0
Sun Jun 01 2025 05:00:00 GMT+0100 (British Summer Time),0.0223,0.0255,0.0387,0
Sun Jun 01 2025 06:00:00 GMT+0100 (British Summer Time),0.0223,0.0255,0.0387,0
Sun Jun 01 2025 07:00:00 GMT+0100 (British Summer Time),0.0223,0.0255,0.0387,0
Sun Jun 01 2025 08:00:00 GMT+0100 (British Summer Time),0.0224,0.0255,0.0387,0
Sun Jun 01 2025 09:00:00 GMT+0100 (British Summer Time),0.0223,0.0255,0.0387,0.2528139067325855
Sun Jun 01 2025 10:00:00 GMT+0100 (British Summer Time),0.0223,0.0255,0.0387,179.93459728112856
Sun Jun 01 2025 11:00:00 GMT+0100 (British Summer Time),0,0.0261,0.0387,0
Sun Jun 01 2025 12:00:00 GMT+0100 (British Summer Time),0.022,0.0255,0.0387,0
Sun Jun 01 2025 13:00:00 GMT+0100 (British Summer Time),0.0221,0.0255,0.0387,0
Sun Jun 01 2025 14:00:00 GMT+0100 (British Summer Time),0.022,0.0255,0.0387,0
Sun Jun 01 2025 15:00:00 GMT+0100 (British Summer Time),0.022,0.0255,0.0387,0
Sun Jun 01 2025 16:00:00 GMT+0100 (British Summer Time),0.022,0.0255,0.0387,880.5358292391178
Sun Jun 01 2025 17:00:00 GMT+0100 (British Summer Time),0.0221,0.0255,0.0387,0
Sun Jun 01 2025 18:00:00 GMT+0100 (British Summer Time),0.022,0.0255,0.0387,0.17063748802811823
Sun Jun 01 2025 19:00:00 GMT+0100 (British Summer Time),0.022,0.0255,0.0387,0
Sun Jun 01 2025 20:00:00 GMT+0100 (British Summer Time),0.022,0.0255,0.0387,0
Sun Jun 01 2025 21:00:00 GMT+0100 (British Summer Time),0.022,0.0255,0.0387,168.03677902112102
Sun Jun 01 2025 22:00:00 GMT+0100 (British Summer Time),0.0221,0.0255,0.0387,0
Sun Jun 01 2025 23:00:00 GMT+0100 (British Summer Time),0.022,0.0255,0.0387,0
Mon Jun 02 2025 00:00:00 GMT+0100 (British Summer Time),0.022,0.0255,0.0387,0
Mon Jun 02 2025 01:00:00 GMT+0100 (British Summer Time),0.022,0.0255,0.0387,0
Mon Jun 02 2025 02:00:00 GMT+0100 (British Summer Time),0.0221,0.0255,0.0387,0
Mon Jun 02 2025 03:00:00 GMT+0100 (British Summer Time),0.022,0.0255,0.0387,0
Mon Jun 02 2025 04:00:00 GMT+0100 (British Summer Time),0.022,0.0255,0.0387,0
Mon Jun 02 2025 05:00:00 GMT+0100 (British Summer Time),0.022,0.0255,0.0387,0
Mon Jun 02 2025 06:00:00 GMT+0100 (British Summer Time),0.022,0.0255,0.0387,0
Mon Jun 02 2025 07:00:00 GMT+0100 (British Summer Time),0.0221,0.0255,0.0387,500.26675611050416
Mon Jun 02 2025 08:00:00 GMT+0100 (British Summer Time),0.022,0.0255,0.0387,0.2483719121206977
Mon Jun 02 2025 09:00:00 GMT+0100 (British Summer Time),0.022,0.0255,0.0387,0
Mon Jun 02 2025 10:00:00 GMT+0100 (British Summer Time),0.022,0.0255,0.0387,0
Mon Jun 02 2025 11:00:00 GMT+0100 (British Summer Time),0,0.0258,0.0387,0
Mon Jun 02 2025 12:00:00 GMT+0100 (British Summer Time),0.0283,0.0261,0.0387,0
Mon Jun 02 2025 13:00:00 GMT+0100 (British Summer Time),0.0283,0.0261,0.0387,0
Mon Jun 02 2025 14:00:00 GMT+0100 (British Summer Time),0.0283,0.0261,0.0387,0
Mon Jun 02 2025 15:00:00 GMT+0100 (British Summer Time),0.0284,0.0261,0.0387,0
Mon Jun 02 2025 16:00:00 GMT+0100 (British Summer Time),0.0283,0.0261,0.0387,0
Mon Jun 02 2025 17:00:00 GMT+0100 (British Summer Time),0.0283,0.0261,0.0387,0.16521086998984932
Mon Jun 02 2025 18:00:00 GMT+0100 (British Summer Time),0.0283,0.0261,0.0387,0
Mon Jun 02 2025 19:00:00 GMT+0100 (British Summer Time),0.0284,0.0261,0.0387,0
Mon Jun 02 2025 20:00:00 GMT+0100 (British Summer Time),0.0283,0.0261,0.0387,83.06188762003833
Mon Jun 02 2025 21:00:00 GMT+0100 (British Summer Time),0.0283,0.0261,0.0387,0
Mon Jun 02 2025 22:00:00 GMT+0100 (British Summer Time),0.0283,0.0261,0.0387,0
Mon Jun 02 2025 23:00:00 GMT+0100 (British Summer Time),0.0283,0.0261,0.0387,0
Tue Jun 03 2025 00:00:00 GMT+0100 (British Summer Time),0.0284,0.0261,0.0387,0
Tue Jun 03 2025 01:00:00 GMT+0100 (British Summer Time),0.0283,0.0261,0.0387,0
Tue Jun 03 2025 02:00:00 GMT+0100 (British Summer Time),0.0283,0.0261,0.0387,0
Tue Jun 03 2025 03:00:00 GMT+0100 (British Summer Time),0.0283,0.0261,0.0387,0
Tue Jun 03 2025 04:00:00 GMT+0100 (British Summer Time),0.0284,0.0261,0.0387,0
Tue Jun 03 2025 05:00:00 GMT+0100 (British Summer Time),0.0283,0.0261,0.0387,0
Tue Jun 03 2025 06:00:00 GMT+0100 (British Summer Time),0.0283,0.0261,0.0387,0
Tue Jun 03 2025 07:00:00 GMT+0100 (British Summer Time),0.0283,0.0261,0.0387,0
Tue Jun 03 2025 08:00:00 GMT+0100 (British Summer Time),0.0283,0.0261,0.0387,0.25492937874041677
Tue Jun 03 2025 09:00:00 GMT+0100 (British Summer Time),0.0284,0.0261,0.0387,0
Tue Jun 03 2025 10:00:00 GMT+0100 (British Summer Time),0.0283,0.0261,0.0387,0
Tue Jun 03 2025 11:00:00 GMT+0100 (British Summer Time),0.0283,0.0254,0.0387,0
Tue Jun 03 2025 12:00:00 GMT+0100 (British Summer Time),0.0443,0.0281,0.0387,0
Tue Jun 03 2025 13:00:00 GMT+0100 (British Summer Time),0.0443,0.0281,0.0387,0
Tue Jun 03 2025 14:00:00 GMT+0100 (British Summer Time),0.0444,0.0281,0.0387,0
Tue Jun 03 2025 15:00:00 GMT+0100 (British Summer Time),0.0443,0.0281,0.0387,0
Tue Jun 03 2025 16:00:00 GMT+0100 (British Summer Time),0.0443,0.0281,0.0387,0
Tue Jun 03 2025 17:00:00 GMT+0100 (British Summer Time),0.0443,0.0281,0.0387,0.17248452254069765
Tue Jun 03 2025 18:00:00 GMT+0100 (British Summer Time),0.0444,0.0281,0.0387,0
Tue Jun 03 2025 19:00:00 GMT+0100 (British Summer Time),0.0443,0.0281,0.0387,0
Tue Jun 03 2025 20:00:00 GMT+0100 (British Summer Time),0.0443,0.0281,0.0387,0
Tue Jun 03 2025 21:00:00 GMT+0100 (British Summer Time),0.0443,0.0281,0.0387,0
Tue Jun 03 2025 22:00:00 GMT+0100 (British Summer Time),0.0443,0.0281,0.0387,0
Tue Jun 03 2025 23:00:00 GMT+0100 (British Summer Time),0.0444,0.0281,0.0387,0
Wed Jun 04 2025 00:00:00 GMT+0100 (British Summer Time),0.0443,0.0281,0.0387,0
Wed Jun 04 2025 01:00:00 GMT+0100 (British Summer Time),0.0443,0.0281,0.0387,3885.1969648074964
Wed Jun 04 2025 02:00:00 GMT+0100 (British Summer Time),0.0443,0.0281,0.0387,0
Wed Jun 04 2025 03:00:00 GMT+0100 (British Summer Time),0.0444,0.0281,0.0387,0
Wed Jun 04 2025 04:00:00 GMT+0100 (British Summer Time),0.0443,0.0281,0.0387,0
Wed Jun 04 2025 05:00:00 GMT+0100 (British Summer Time),0.0443,0.0281,0.0383,25437.88825341479
Wed Jun 04 2025 06:00:00 GMT+0100 (British Summer Time),0.0443,0.0281,0.0383,0
Wed Jun 04 2025 07:00:00 GMT+0100 (British Summer Time),0.0443,0.0281,0.0383,0.24205802630357517
Wed Jun 04 2025 08:00:00 GMT+0100 (British Summer Time),0.0444,0.0281,0.0383,0
Wed Jun 04 2025 09:00:00 GMT+0100 (British Summer Time),0.0443,0.0281,0.0383,0
Wed Jun 04 2025 10:00:00 GMT+0100 (British Summer Time),0.0443,0.0281,0.0383,0
Wed Jun 04 2025 11:00:00 GMT+0100 (British Summer Time),0.0443,0.0277,0.0383,0
Wed Jun 04 2025 12:00:00 GMT+0100 (British Summer Time),0.0445,0.0301,0.0383,0
Wed Jun 04 2025 13:00:00 GMT+0100 (British Summer Time),0.0446,0.0301,0.0383,610.8726420738369
Wed Jun 04 2025 14:00:00 GMT+0100 (British Summer Time),0.0445,0.0301,0.0383,0
Wed Jun 04 2025 15:00:00 GMT+0100 (British Summer Time),0.0445,0.0301,0.0383,0
Wed Jun 04 2025 16:00:00 GMT+0100 (British Summer Time),0.0445,0.0301,0.0383,0.1675824972734703
Wed Jun 04 2025 17:00:00 GMT+0100 (British Summer Time),0.0446,0.0301,0.0383,0
Wed Jun 04 2025 18:00:00 GMT+0100 (British Summer Time),0.0445,0.0301,0.0383,0
Wed Jun 04 2025 19:00:00 GMT+0100 (British Summer Time),0.0445,0.0301,0.0383,0
Wed Jun 04 2025 20:00:00 GMT+0100 (British Summer Time),0.0445,0.0301,0.0383,0
Wed Jun 04 2025 21:00:00 GMT+0100 (British Summer Time),0.0445,0.0301,0.0383,7.604153793293458
Wed Jun 04 2025 22:00:00 GMT+0100 (British Summer Time),0.0446,0.0301,0.0383,0
Wed Jun 04 2025 23:00:00 GMT+0100 (British Summer Time),0.0445,0.0301,0.0383,0
Thu Jun 05 2025 00:00:00 GMT+0100 (British Summer Time),0.0445,0.0301,0.0383,0
Thu Jun 05 2025 01:00:00 GMT+0100 (British Summer Time),0.0445,0.0301,0.0383,0
Thu Jun 05 2025 02:00:00 GMT+0100 (British Summer Time),0.0446,0.0301,0.0383,0
Thu Jun 05 2025 03:00:00 GMT+0100 (British Summer Time),0.0445,0.0301,0.0383,0
Thu Jun 05 2025 04:00:00 GMT+0100 (British Summer Time),0.0445,0.0301,0.0383,0
Thu Jun 05 2025 05:00:00 GMT+0100 (British Summer Time),0.0445,0.0301,0.0383,0
Thu Jun 05 2025 06:00:00 GMT+0100 (British Summer Time),0.0445,0.0301,0.0383,0
Thu Jun 05 2025 07:00:00 GMT+0100 (British Summer Time),0.0446,0.0301,0.0383,0.22822187738573557
Thu Jun 05 2025 08:00:00 GMT+0100 (British Summer Time),0.0445,0.0301,0.0383,0
Thu Jun 05 2025 09:00:00 GMT+0100 (British Summer Time),0.0445,0.0301,0.0383,0
Thu Jun 05 2025 10:00:00 GMT+0100 (British Summer Time),0.0445,0.0301,0.0383,0
Thu Jun 05 2025 11:00:00 GMT+0100 (British Summer Time),0.0446,0.0305,0.0383,0
Thu Jun 05 2025 12:00:00 GMT+0100 (British Summer Time),0.0367,0.0313,0.0383,0
Thu Jun 05 2025 13:00:00 GMT+0100 (British Summer Time),0.0366,0.0313,0.0383,0
Thu Jun 05 2025 14:00:00 GMT+0100 (British Summer Time),0.0366,0.0313,0.0383,0
Thu Jun 05 2025 15:00:00 GMT+0100 (British Summer Time),0.0366,0.0313,0.0383,0
Thu Jun 05 2025 16:00:00 GMT+0100 (British Summer Time),0.0367,0.0313,0.0383,0.13859692564988077
Thu Jun 05 2025 17:00:00 GMT+0100 (British Summer Time),0.0366,0.0313,0.0383,0
Thu Jun 05 2025 18:00:00 GMT+0100 (British Summer Time),0.0366,0.0313,0.0383,0
Thu Jun 05 2025 19:00:00 GMT+0100 (British Summer Time),0.0366,0.0313,0.0383,0
Thu Jun 05 2025 20:00:00 GMT+0100 (British Summer Time),0.0366,0.0313,0.0383,0
Thu Jun 05 2025 21:00:00 GMT+0100 (British Summer Time),0.0367,0.0313,0.0383,0
Thu Jun 05 2025 22:00:00 GMT+0100 (British Summer Time),0.0366,0.0313,0.0383,0
Thu Jun 05 2025 23:00:00 GMT+0100 (British Summer Time),0.0366,0.0313,0.0383,0
Fri Jun 06 2025 00:00:00 GMT+0100 (British Summer Time),0.0366,0.0313,0.0383,0
Fri Jun 06 2025 01:00:00 GMT+0100 (British Summer Time),0.0367,0.0313,0.0383,0
Fri Jun 06 2025 02:00:00 GMT+0100 (British Summer Time),0.0366,0.0313,0.0383,0
Fri Jun 06 2025 03:00:00 GMT+0100 (British Summer Time),0.0366,0.0313,0.0383,0
Fri Jun 06 2025 04:00:00 GMT+0100 (British Summer Time),0.0366,0.0313,0.0383,0
Fri Jun 06 2025 05:00:00 GMT+0100 (British Summer Time),0.0366,0.0313,0.0383,0
Fri Jun 06 2025 06:00:00 GMT+0100 (British Summer Time),0.0367,0.0313,0.0383,0.21912983958189158
Fri Jun 06 2025 07:00:00 GMT+0100 (British Summer Time),0.0366,0.0313,0.0383,0
Fri Jun 06 2025 08:00:00 GMT+0100 (British Summer Time),0.0366,0.0313,0.0383,0
Fri Jun 06 2025 09:00:00 GMT+0100 (British Summer Time),0.0366,0.0313,0.0383,0
Fri Jun 06 2025 10:00:00 GMT+0100 (British Summer Time),0.0367,0.0313,0.0383,0
Fri Jun 06 2025 11:00:00 GMT+0100 (British Summer Time),0.0366,0.033,0.0383,1186.0040250239122
Fri Jun 06 2025 12:00:00 GMT+0100 (British Summer Time),0.0202,0.0312,0.0382,540.6355371085231
Fri Jun 06 2025 13:00:00 GMT+0100 (British Summer Time),0.0202,0.0312,0.0382,0
Fri Jun 06 2025 14:00:00 GMT+0100 (British Summer Time),0.0202,0.0311,0.0382,0
Fri Jun 06 2025 15:00:00 GMT+0100 (British Summer Time),0.0202,0.0312,0.0382,0.1270610929542081
Fri Jun 06 2025 16:00:00 GMT+0100 (British Summer Time),0.0202,0.0312,0.0382,0
Fri Jun 06 2025 17:00:00 GMT+0100 (British Summer Time),0.0202,0.0312,0.0382,0
Fri Jun 06 2025 18:00:00 GMT+0100 (British Summer Time),0.0202,0.0311,0.0382,0
Fri Jun 06 2025 19:00:00 GMT+0100 (British Summer Time),0.0202,0.0312,0.0382,0
Fri Jun 06 2025 20:00:00 GMT+0100 (British Summer Time),0.0202,0.0312,0.0382,0
Fri Jun 06 2025 21:00:00 GMT+0100 (British Summer Time),0.0202,0.0312,0.0382,0
Fri Jun 06 2025 22:00:00 GMT+0100 (British Summer Time),0.0202,0.0312,0.0382,0
Fri Jun 06 2025 23:00:00 GMT+0100 (British Summer Time),0.0202,0.0311,0.0382,383.91105025113217
Sat Jun 07 2025 00:00:00 GMT+0100 (British Summer Time),0.0202,0.0312,0.0382,0
Sat Jun 07 2025 01:00:00 GMT+0100 (British Summer Time),0.0202,0.0312,0.0382,0
Sat Jun 07 2025 02:00:00 GMT+0100 (British Summer Time),0.0202,0.0312,0.0382,0
Sat Jun 07 2025 03:00:00 GMT+0100 (British Summer Time),0.0202,0.0311,0.0382,0
Sat Jun 07 2025 04:00:00 GMT+0100 (British Summer Time),0.0202,0.0312,0.0382,0
Sat Jun 07 2025 05:00:00 GMT+0100 (British Summer Time),0.0202,0.0312,0.0382,0
Sat Jun 07 2025 06:00:00 GMT+0100 (British Summer Time),0.0202,0.0312,0.0382,0.20803536587654323
Sat Jun 07 2025 07:00:00 GMT+0100 (British Summer Time),0.0202,0.0312,0.0382,0
Sat Jun 07 2025 08:00:00 GMT+0100 (British Summer Time),0.0202,0.0311,0.0383,169.43650359917365
Sat Jun 07 2025 09:00:00 GMT+0100 (British Summer Time),0.0202,0.0312,0.0383,184.97606279275948
Sat Jun 07 2025 10:00:00 GMT+0100 (British Summer Time),0.0202,0.0312,0.0383,0
Sat Jun 07 2025 11:00:00 GMT+0100 (British Summer Time),0.0202,0.0326,0.0383,120.27287167010323
Sat Jun 07 2025 12:00:00 GMT+0100 (British Summer Time),0.0202,0.0308,0.0383,0
Sat Jun 07 2025 13:00:00 GMT+0100 (British Summer Time),0.0202,0.0308,0.0383,13.102799177193617
Sat Jun 07 2025 14:00:00 GMT+0100 (British Summer Time),0.0203,0.0308,0.0383,0
Sat Jun 07 2025 15:00:00 GMT+0100 (British Summer Time),0.0202,0.0308,0.0383,0.1277326289994327
Sat Jun 07 2025 16:00:00 GMT+0100 (British Summer Time),0.0202,0.0308,0.0383,0
Sat Jun 07 2025 17:00:00 GMT+0100 (British Summer Time),0.0202,0.0308,0.0375,40147.40406106617
Sat Jun 07 2025 18:00:00 GMT+0100 (British Summer Time),0.0203,0.0308,0.0375,0
Sat Jun 07 2025 19:00:00 GMT+0100 (British Summer Time),0.0202,0.0308,0.0375,0
Sat Jun 07 2025 20:00:00 GMT+0100 (British Summer Time),0.0202,0.0308,0.0375,0
Sat Jun 07 2025 21:00:00 GMT+0100 (British Summer Time),0.0202,0.0308,0.0375,0
Sat Jun 07 2025 22:00:00 GMT+0100 (British Summer Time),0.0202,0.0308,0.0375,2559.185452117591
Sat Jun 07 2025 23:00:00 GMT+0100 (British Summer Time),0.0203,0.0308,0.0375,0
Sun Jun 08 2025 00:00:00 GMT+0100 (British Summer Time),0.0202,0.0308,0.0375,0
Sun Jun 08 2025 01:00:00 GMT+0100 (British Summer Time),0.0202,0.0308,0.0375,0
Sun Jun 08 2025 02:00:00 GMT+0100 (British Summer Time),0.0202,0.0308,0.0375,0
Sun Jun 08 2025 03:00:00 GMT+0100 (British Summer Time),0.0203,0.0308,0.0375,0
Sun Jun 08 2025 04:00:00 GMT+0100 (British Summer Time),0.0202,0.0308,0.0375,0
Sun Jun 08 2025 05:00:00 GMT+0100 (British Summer Time),0.0202,0.0308,0.0375,0.19433308991632262
Sun Jun 08 2025 06:00:00 GMT+0100 (British Summer Time),0.0202,0.0308,0.0375,0
Sun Jun 08 2025 07:00:00 GMT+0100 (British Summer Time),0.0202,0.0308,0.0375,0
Sun Jun 08 2025 08:00:00 GMT+0100 (British Summer Time),0.0203,0.0308,0.0375,0
Sun Jun 08 2025 09:00:00 GMT+0100 (British Summer Time),0.0202,0.0308,0.0375,0
Sun Jun 08 2025 10:00:00 GMT+0100 (British Summer Time),0.0202,0.0308,0.0375,0
Sun Jun 08 2025 11:00:00 GMT+0100 (British Summer Time),0.0202,0.0323,0.0375,0
Sun Jun 08 2025 12:00:00 GMT+0100 (British Summer Time),0.02,0.0305,0.0375,0
Sun Jun 08 2025 13:00:00 GMT+0100 (British Summer Time),0.02,0.0305,0.0375,0
Sun Jun 08 2025 14:00:00 GMT+0100 (British Summer Time),0.02,0.0305,0.0375,0.12040569561829481
Sun Jun 08 2025 15:00:00 GMT+0100 (British Summer Time),0.02,0.0305,0.0375,95.52958721077384
Sun Jun 08 2025 16:00:00 GMT+0100 (British Summer Time),0.02,0.0305,0.0375,375.67321352998766
Sun Jun 08 2025 17:00:00 GMT+0100 (British Summer Time),0.02,0.0305,0.0375,0
Sun Jun 08 2025 18:00:00 GMT+0100 (British Summer Time),0.02,0.0305,0.0375,0
Sun Jun 08 2025 19:00:00 GMT+0100 (British Summer Time),0.02,0.0305,0.0375,0
Sun Jun 08 2025 20:00:00 GMT+0100 (British Summer Time),0.02,0.0305,0.0375,0
Sun Jun 08 2025 21:00:00 GMT+0100 (British Summer Time),0.02,0.0305,0.0375,0
Sun Jun 08 2025 22:00:00 GMT+0100 (British Summer Time),0.02,0.0305,0.0375,0
Sun Jun 08 2025 23:00:00 GMT+0100 (British Summer Time),0.02,0.0305,0.0375,0
Mon Jun 09 2025 00:00:00 GMT+0100 (British Summer Time),0.02,0.0305,0.0375,0
Mon Jun 09 2025 01:00:00 GMT+0100 (British Summer Time),0.02,0.0305,0.0375,0
Mon Jun 09 2025 02:00:00 GMT+0100 (British Summer Time),0.02,0.0305,0.0375,0
Mon Jun 09 2025 03:00:00 GMT+0100 (British Summer Time),0.02,0.0305,0.0375,0
Mon Jun 09 2025 04:00:00 GMT+0100 (British Summer Time),0.02,0.0305,0.0375,0
Mon Jun 09 2025 05:00:00 GMT+0100 (British Summer Time),0.02,0.0305,0.0375,0.18480744523850154
Mon Jun 09 2025 06:00:00 GMT+0100 (British Summer Time),0.02,0.0305,0.0375,0
Mon Jun 09 2025 07:00:00 GMT+0100 (British Summer Time),0.02,0.0305,0.0375,0
Mon Jun 09 2025 08:00:00 GMT+0100 (British Summer Time),0.02,0.0305,0.0375,0
Mon Jun 09 2025 09:00:00 GMT+0100 (British Summer Time),0.02,0.0305,0.0375,0
Mon Jun 09 2025 10:00:00 GMT+0100 (British Summer Time),0.02,0.0305,0.0375,743.5966682004281
Mon Jun 09 2025 11:00:00 GMT+0100 (British Summer Time),0.02,0.0305,0.0375,0
Mon Jun 09 2025 12:00:00 GMT+0100 (British Summer Time),0,0.0309,0.0375,0
Mon Jun 09 2025 13:00:00 GMT+0100 (British Summer Time),0.0267,0.0303,0.0375,0
Mon Jun 09 2025 14:00:00 GMT+0100 (British Summer Time),0.0267,0.0303,0.0375,0.12375765211555945
Mon Jun 09 2025 15:00:00 GMT+0100 (British Summer Time),0.0267,0.0303,0.0375,0
Mon Jun 09 2025 16:00:00 GMT+0100 (British Summer Time),0.0267,0.0303,0.0381,76112.07395807412
Mon Jun 09 2025 17:00:00 GMT+0100 (British Summer Time),0.0267,0.0303,0.0366,76090.95991057146
Mon Jun 09 2025 18:00:00 GMT+0100 (British Summer Time),0.0267,0.0303,0.0366,0
Mon Jun 09 2025 19:00:00 GMT+0100 (British Summer Time),0.0267,0.0303,0.0367,3139.5485612108296
Mon Jun 09 2025 20:00:00 GMT+0100 (British Summer Time),0.0267,0.0303,0.0368,10101.913226648561
Mon Jun 09 2025 21:00:00 GMT+0100 (British Summer Time),0.0267,0.0303,0.0369,0
Mon Jun 09 2025 22:00:00 GMT+0100 (British Summer Time),0.0267,0.0303,0.0369,0
Mon Jun 09 2025 23:00:00 GMT+0100 (British Summer Time),0.0267,0.0303,0.0369,0
Tue Jun 10 2025 00:00:00 GMT+0100 (British Summer Time),0.0267,0.0303,0.0369,0
Tue Jun 10 2025 01:00:00 GMT+0100 (British Summer Time),0.0267,0.0303,0.0369,0
Tue Jun 10 2025 02:00:00 GMT+0100 (British Summer Time),0.0267,0.0303,0.0369,0
Tue Jun 10 2025 03:00:00 GMT+0100 (British Summer Time),0.0267,0.0303,0.0369,0
Tue Jun 10 2025 04:00:00 GMT+0100 (British Summer Time),0.0267,0.0303,0.0366,13428.466346338453
Tue Jun 10 2025 05:00:00 GMT+0100 (British Summer Time),0.0267,0.0303,0.0366,0
Tue Jun 10 2025 06:00:00 GMT+0100 (British Summer Time),0.0267,0.0303,0.0366,0
Tue Jun 10 2025 07:00:00 GMT+0100 (British Summer Time),0.0267,0.0303,0.0366,0
Tue Jun 10 2025 08:00:00 GMT+0100 (British Summer Time),0.0267,0.0303,0.0366,0
Tue Jun 10 2025 09:00:00 GMT+0100 (British Summer Time),0.0267,0.0303,0.0366,0
Tue Jun 10 2025 10:00:00 GMT+0100 (British Summer Time),0.0267,0.0303,0.0366,0
Tue Jun 10 2025 11:00:00 GMT+0100 (British Summer Time),0.0267,0.0303,0.0366,0
Tue Jun 10 2025 12:00:00 GMT+0100 (British Summer Time),0.0267,0.028,0.0366,0
Tue Jun 10 2025 13:00:00 GMT+0100 (British Summer Time),0.0384,0.0295,0.0366,0
Tue Jun 10 2025 14:00:00 GMT+0100 (British Summer Time),0.0385,0.0295,0.0366,0
Tue Jun 10 2025 15:00:00 GMT+0100 (British Summer Time),0.0385,0.0295,0.0366,0
Tue Jun 10 2025 16:00:00 GMT+0100 (British Summer Time),0.0384,0.0295,0.0366,0
Tue Jun 10 2025 17:00:00 GMT+0100 (British Summer Time),0.0384,0.0295,0.0366,0
Tue Jun 10 2025 18:00:00 GMT+0100 (British Summer Time),0.0384,0.0295,0.0366,0
Tue Jun 10 2025 19:00:00 GMT+0100 (British Summer Time),0.0385,0.0295,0.0366,0
Tue Jun 10 2025 20:00:00 GMT+0100 (British Summer Time),0.0384,0.0295,0.0366,0
Tue Jun 10 2025 21:00:00 GMT+0100 (British Summer Time),0.0384,0.0295,0.0366,0
Tue Jun 10 2025 22:00:00 GMT+0100 (British Summer Time),0.0384,0.0295,0.0366,0.17336760168497406
Tue Jun 10 2025 23:00:00 GMT+0100 (British Summer Time),0.0385,0.0295,0.0366,0
Wed Jun 11 2025 00:00:00 GMT+0100 (British Summer Time),0.0385,0.0295,0.0366,0
Wed Jun 11 2025 01:00:00 GMT+0100 (British Summer Time),0.0384,0.0295,0.0366,0
Wed Jun 11 2025 02:00:00 GMT+0100 (British Summer Time),0.0384,0.0295,0.0366,0
Wed Jun 11 2025 03:00:00 GMT+0100 (British Summer Time),0.0384,0.0295,0.0366,0.18155057585687365
Wed Jun 11 2025 04:00:00 GMT+0100 (British Summer Time),0.0385,0.0295,0.0366,0
Wed Jun 11 2025 05:00:00 GMT+0100 (British Summer Time),0.0384,0.0295,0.0366,0
Wed Jun 11 2025 06:00:00 GMT+0100 (British Summer Time),0.0384,0.0295,0.0366,0
Wed Jun 11 2025 07:00:00 GMT+0100 (British Summer Time),0.0384,0.0295,0.0366,0
Wed Jun 11 2025 08:00:00 GMT+0100 (British Summer Time),0.0385,0.0295,0.0366,0
Wed Jun 11 2025 09:00:00 GMT+0100 (British Summer Time),0.0385,0.0295,0.0366,160.5984334275186
Wed Jun 11 2025 10:00:00 GMT+0100 (British Summer Time),0.0384,0.0295,0.0366,0
Wed Jun 11 2025 11:00:00 GMT+0100 (British Summer Time),0.0384,0.0295,0.0366,0
Wed Jun 11 2025 12:00:00 GMT+0100 (British Summer Time),0.0384,0.027,0.0366,125.01229443474764
Wed Jun 11 2025 13:00:00 GMT+0100 (British Summer Time),0.0384,0.0286,0.0366,0
Wed Jun 11 2025 14:00:00 GMT+0100 (British Summer Time),0.0383,0.0286,0.0366,0
Wed Jun 11 2025 15:00:00 GMT+0100 (British Summer Time),0.0383,0.0286,0.0366,0
Wed Jun 11 2025 16:00:00 GMT+0100 (British Summer Time),0.0383,0.0286,0.0369,12363.956305097618
Wed Jun 11 2025 17:00:00 GMT+0100 (British Summer Time),0.0384,0.0286,0.0369,0
Wed Jun 11 2025 18:00:00 GMT+0100 (British Summer Time),0.0384,0.0286,0.0369,0
Wed Jun 11 2025 19:00:00 GMT+0100 (British Summer Time),0.0383,0.0286,0.0369,0
Wed Jun 11 2025 20:00:00 GMT+0100 (British Summer Time),0.0383,0.0286,0.0369,0
Wed Jun 11 2025 21:00:00 GMT+0100 (British Summer Time),0.0383,0.0286,0.0369,0
Wed Jun 11 2025 22:00:00 GMT+0100 (British Summer Time),0.0384,0.0286,0.0369,0.11909904708690905
Wed Jun 11 2025 23:00:00 GMT+0100 (British Summer Time),0.0383,0.0286,0.0369,0
Thu Jun 12 2025 00:00:00 GMT+0100 (British Summer Time),0.0383,0.0286,0.0369,11092.480676868423
Thu Jun 12 2025 01:00:00 GMT+0100 (British Summer Time),0.0383,0.0286,0.0367,0
Thu Jun 12 2025 02:00:00 GMT+0100 (British Summer Time),0.0384,0.0286,0.0367,0
Thu Jun 12 2025 03:00:00 GMT+0100 (British Summer Time),0.0384,0.0286,0.0367,0.16094264397858646
Thu Jun 12 2025 04:00:00 GMT+0100 (British Summer Time),0.0383,0.0286,0.0367,0
Thu Jun 12 2025 05:00:00 GMT+0100 (British Summer Time),0.0383,0.0286,0.0367,0
Thu Jun 12 2025 06:00:00 GMT+0100 (British Summer Time),0.0383,0.0286,0.0367,148.68828346964818
Thu Jun 12 2025 07:00:00 GMT+0100 (British Summer Time),0.0384,0.0286,0.0367,0
Thu Jun 12 2025 08:00:00 GMT+0100 (British Summer Time),0.0383,0.0286,0.0367,0
Thu Jun 12 2025 09:00:00 GMT+0100 (British Summer Time),0.0383,0.0286,0.0367,0
Thu Jun 12 2025 10:00:00 GMT+0100 (British Summer Time),0.0383,0.0286,0.0367,0
Thu Jun 12 2025 11:00:00 GMT+0100 (British Summer Time),0.0384,0.0286,0.0367,0
Thu Jun 12 2025 12:00:00 GMT+0100 (British Summer Time),0.0384,0.0273,0.0367,0
Thu Jun 12 2025 13:00:00 GMT+0100 (British Summer Time),0.0312,0.0278,0.0367,0
Thu Jun 12 2025 14:00:00 GMT+0100 (British Summer Time),0.0312,0.0278,0.0367,0
Thu Jun 12 2025 15:00:00 GMT+0100 (British Summer Time),0.0312,0.0278,0.0367,0
Thu Jun 12 2025 16:00:00 GMT+0100 (British Summer Time),0.0313,0.0278,0.0367,429.5899587162844
Thu Jun 12 2025 17:00:00 GMT+0100 (British Summer Time),0.0312,0.0278,0.0367,805.9798032910222
Thu Jun 12 2025 18:00:00 GMT+0100 (British Summer Time),0.0312,0.0278,0.0367,0
Thu Jun 12 2025 19:00:00 GMT+0100 (British Summer Time),0.0312,0.0278,0.0367,285.36347557094774
Thu Jun 12 2025 20:00:00 GMT+0100 (British Summer Time),0.0313,0.0278,0.0367,0
Thu Jun 12 2025 21:00:00 GMT+0100 (British Summer Time),0.0313,0.0278,0.0367,0.10293057198378697
Thu Jun 12 2025 22:00:00 GMT+0100 (British Summer Time),0.0312,0.0278,0.0367,0
Thu Jun 12 2025 23:00:00 GMT+0100 (British Summer Time),0.0312,0.0278,0.0367,0
Fri Jun 13 2025 00:00:00 GMT+0100 (British Summer Time),0.0312,0.0278,0.0367,0
Fri Jun 13 2025 01:00:00 GMT+0100 (British Summer Time),0.0313,0.0278,0.0367,0
Fri Jun 13 2025 02:00:00 GMT+0100 (British Summer Time),0.0312,0.0278,0.0367,0.14119818995934083
Fri Jun 13 2025 03:00:00 GMT+0100 (British Summer Time),0.0312,0.0278,0.0367,0
Fri Jun 13 2025 04:00:00 GMT+0100 (British Summer Time),0.0312,0.0278,0.0367,0
Fri Jun 13 2025 05:00:00 GMT+0100 (British Summer Time),0.0313,0.0278,0.0367,0
Fri Jun 13 2025 06:00:00 GMT+0100 (British Summer Time),0.0313,0.0278,0.0367,0
Fri Jun 13 2025 07:00:00 GMT+0100 (British Summer Time),0.0312,0.0278,0.0367,0
Fri Jun 13 2025 08:00:00 GMT+0100 (British Summer Time),0.0312,0.0278,0.0367,0
Fri Jun 13 2025 09:00:00 GMT+0100 (British Summer Time),0.0312,0.0278,0.0367,0
Fri Jun 13 2025 10:00:00 GMT+0100 (British Summer Time),0.0313,0.0278,0.0367,0
Fri Jun 13 2025 11:00:00 GMT+0100 (British Summer Time),0.0312,0.0278,0.0367,0
Fri Jun 13 2025 12:00:00 GMT+0100 (British Summer Time),0.0312,0.0291,0.0367,87.72009872142307
Fri Jun 13 2025 13:00:00 GMT+0100 (British Summer Time),0.0196,0.0278,0.0367,0
Fri Jun 13 2025 14:00:00 GMT+0100 (British Summer Time),0.0197,0.0278,0.0367,0
Fri Jun 13 2025 15:00:00 GMT+0100 (British Summer Time),0.0197,0.0278,0.0367,0
Fri Jun 13 2025 16:00:00 GMT+0100 (British Summer Time),0.0196,0.0278,0.0367,0
Fri Jun 13 2025 17:00:00 GMT+0100 (British Summer Time),0.0196,0.0278,0.0367,0
Fri Jun 13 2025 18:00:00 GMT+0100 (British Summer Time),0.0196,0.0278,0.0367,0
Fri Jun 13 2025 19:00:00 GMT+0100 (British Summer Time),0.0197,0.0278,0.0367,1.4974100415337872
Fri Jun 13 2025 20:00:00 GMT+0100 (British Summer Time),0.0196,0.0278,0.0367,0
Fri Jun 13 2025 21:00:00 GMT+0100 (British Summer Time),0.0196,0.0278,0.0367,0.09681579887210032
Fri Jun 13 2025 22:00:00 GMT+0100 (British Summer Time),0.0196,0.0278,0.0367,881.669923606969
Fri Jun 13 2025 23:00:00 GMT+0100 (British Summer Time),0.0197,0.0278,0.0367,0
Sat Jun 14 2025 00:00:00 GMT+0100 (British Summer Time),0.0197,0.0278,0.0367,0
Sat Jun 14 2025 01:00:00 GMT+0100 (British Summer Time),0.0196,0.0278,0.0367,0
Sat Jun 14 2025 02:00:00 GMT+0100 (British Summer Time),0.0196,0.0278,0.0367,0.14806076178579772
Sat Jun 14 2025 03:00:00 GMT+0100 (British Summer Time),0.0196,0.0278,0.0367,0
Sat Jun 14 2025 04:00:00 GMT+0100 (British Summer Time),0.0197,0.0278,0.0367,0
Sat Jun 14 2025 05:00:00 GMT+0100 (British Summer Time),0.0196,0.0278,0.0367,0
Sat Jun 14 2025 06:00:00 GMT+0100 (British Summer Time),0.0196,0.0278,0.0367,0
Sat Jun 14 2025 07:00:00 GMT+0100 (British Summer Time),0.0196,0.0278,0.0367,0
Sat Jun 14 2025 08:00:00 GMT+0100 (British Summer Time),0.0197,0.0278,0.0367,0
Sat Jun 14 2025 09:00:00 GMT+0100 (British Summer Time),0.0197,0.0278,0.0367,593.1320836742595
Sat Jun 14 2025 10:00:00 GMT+0100 (British Summer Time),0.0196,0.0278,0.0367,0
Sat Jun 14 2025 11:00:00 GMT+0100 (British Summer Time),0.0196,0.0278,0.0367,0
Sat Jun 14 2025 12:00:00 GMT+0100 (British Summer Time),0.0196,0.029,0.0367,539.8215066210919
Sat Jun 14 2025 13:00:00 GMT+0100 (British Summer Time),0.0202,0.0277,0.0367,0
Sat Jun 14 2025 14:00:00 GMT+0100 (British Summer Time),0.0201,0.0277,0.0367,0
Sat Jun 14 2025 15:00:00 GMT+0100 (British Summer Time),0.0201,0.0277,0.0367,0
Sat Jun 14 2025 16:00:00 GMT+0100 (British Summer Time),0.0202,0.0277,0.0367,0
Sat Jun 14 2025 17:00:00 GMT+0100 (British Summer Time),0.0202,0.0277,0.0367,0
Sat Jun 14 2025 18:00:00 GMT+0100 (British Summer Time),0.0202,0.0277,0.0367,0
Sat Jun 14 2025 19:00:00 GMT+0100 (British Summer Time),0.0201,0.0277,0.0368,2245.294007370641
Sat Jun 14 2025 20:00:00 GMT+0100 (British Summer Time),0.0201,0.0277,0.0368,0.09648060545058017
Sat Jun 14 2025 21:00:00 GMT+0100 (British Summer Time),0.0202,0.0277,0.0368,0
Sat Jun 14 2025 22:00:00 GMT+0100 (British Summer Time),0.0202,0.0277,0.0368,0
Sat Jun 14 2025 23:00:00 GMT+0100 (British Summer Time),0.0201,0.0277,0.0368,0
Sun Jun 15 2025 00:00:00 GMT+0100 (British Summer Time),0.0201,0.0277,0.0368,2662.436117420128
Sun Jun 15 2025 01:00:00 GMT+0100 (British Summer Time),0.0202,0.0277,0.0367,0.14095978046278498
Sun Jun 15 2025 02:00:00 GMT+0100 (British Summer Time),0.0202,0.0277,0.0367,0
Sun Jun 15 2025 03:00:00 GMT+0100 (British Summer Time),0.0202,0.0277,0.0367,0
Sun Jun 15 2025 04:00:00 GMT+0100 (British Summer Time),0.0201,0.0277,0.0367,0
Sun Jun 15 2025 05:00:00 GMT+0100 (British Summer Time),0.0201,0.0277,0.0367,0
Sun Jun 15 2025 06:00:00 GMT+0100 (British Summer Time),0.0202,0.0277,0.0367,0
Sun Jun 15 2025 07:00:00 GMT+0100 (British Summer Time),0.0202,0.0277,0.0367,0
Sun Jun 15 2025 08:00:00 GMT+0100 (British Summer Time),0.0201,0.0277,0.0367,0
Sun Jun 15 2025 09:00:00 GMT+0100 (British Summer Time),0.0201,0.0277,0.0367,0
Sun Jun 15 2025 10:00:00 GMT+0100 (British Summer Time),0.0202,0.0277,0.0367,0
Sun Jun 15 2025 11:00:00 GMT+0100 (British Summer Time),0.0202,0.0277,0.0367,0
Sun Jun 15 2025 12:00:00 GMT+0100 (British Summer Time),0.0202,0.029,0.0367,0
Sun Jun 15 2025 13:00:00 GMT+0100 (British Summer Time),0.0198,0.0277,0.0367,0
Sun Jun 15 2025 14:00:00 GMT+0100 (British Summer Time),0.0198,0.0277,0.0367,0
Sun Jun 15 2025 15:00:00 GMT+0100 (British Summer Time),0.0198,0.0277,0.0367,0
Sun Jun 15 2025 16:00:00 GMT+0100 (British Summer Time),0.0198,0.0277,0.0367,0
Sun Jun 15 2025 17:00:00 GMT+0100 (British Summer Time),0.0198,0.0277,0.0367,1963.74759735445
Sun Jun 15 2025 18:00:00 GMT+0100 (British Summer Time),0.0198,0.0277,0.0367,0
Sun Jun 15 2025 19:00:00 GMT+0100 (British Summer Time),0.0198,0.0277,0.0367,0.0957672348660132
Sun Jun 15 2025 20:00:00 GMT+0100 (British Summer Time),0.0198,0.0277,0.0367,0
Sun Jun 15 2025 21:00:00 GMT+0100 (British Summer Time),0.0198,0.0277,0.0367,0
Sun Jun 15 2025 22:00:00 GMT+0100 (British Summer Time),0.0198,0.0277,0.0367,0
Sun Jun 15 2025 23:00:00 GMT+0100 (British Summer Time),0.0198,0.0277,0.0367,0
Mon Jun 16 2025 00:00:00 GMT+0100 (British Summer Time),0.0198,0.0277,0.0367,0.1343294360589688
Mon Jun 16 2025 01:00:00 GMT+0100 (British Summer Time),0.0198,0.0277,0.0367,0
Mon Jun 16 2025 02:00:00 GMT+0100 (British Summer Time),0.0198,0.0277,0.0367,0
Mon Jun 16 2025 03:00:00 GMT+0100 (British Summer Time),0.0198,0.0277,0.0367,0
Mon Jun 16 2025 04:00:00 GMT+0100 (British Summer Time),0.0198,0.0277,0.0367,0
Mon Jun 16 2025 05:00:00 GMT+0100 (British Summer Time),0.0198,0.0277,0.0368,1117.5882378711026
Mon Jun 16 2025 06:00:00 GMT+0100 (British Summer Time),0.0198,0.0277,0.0368,0
Mon Jun 16 2025 07:00:00 GMT+0100 (British Summer Time),0.0198,0.0277,0.0364,17546.26585345819
Mon Jun 16 2025 08:00:00 GMT+0100 (British Summer Time),0.0198,0.0277,0.0364,0
Mon Jun 16 2025 09:00:00 GMT+0100 (British Summer Time),0.0198,0.0277,0.0364,0
Mon Jun 16 2025 10:00:00 GMT+0100 (British Summer Time),0.0198,0.0277,0.0364,0
Mon Jun 16 2025 11:00:00 GMT+0100 (British Summer Time),0.0198,0.0277,0.0364,0
Mon Jun 16 2025 12:00:00 GMT+0100 (British Summer Time),0.0198,0.0277,0.0364,24.5206957326128
Mon Jun 16 2025 13:00:00 GMT+0100 (British Summer Time),0.0257,0.0276,0.0364,0
Mon Jun 16 2025 14:00:00 GMT+0100 (British Summer Time),0.0257,0.0276,0.0364,0
Mon Jun 16 2025 15:00:00 GMT+0100 (British Summer Time),0.0257,0.0276,0.0364,0
Mon Jun 16 2025 16:00:00 GMT+0100 (British Summer Time),0.0257,0.0276,0.0364,0
Mon Jun 16 2025 17:00:00 GMT+0100 (British Summer Time),0.0257,0.0276,0.0364,0
Mon Jun 16 2025 18:00:00 GMT+0100 (British Summer Time),0.0257,0.0276,0.0364,0
Mon Jun 16 2025 19:00:00 GMT+0100 (British Summer Time),0.0257,0.0276,0.0364,0.10359370156808094
Mon Jun 16 2025 20:00:00 GMT+0100 (British Summer Time),0.0257,0.0276,0.0364,0
Mon Jun 16 2025 21:00:00 GMT+0100 (British Summer Time),0.0257,0.0276,0.0364,0
Mon Jun 16 2025 22:00:00 GMT+0100 (British Summer Time),0.0257,0.0276,0.0364,0
Mon Jun 16 2025 23:00:00 GMT+0100 (British Summer Time),0.0257,0.0276,0.0364,0
Tue Jun 17 2025 00:00:00 GMT+0100 (British Summer Time),0.0257,0.0276,0.0364,0.14464539137201224
Tue Jun 17 2025 01:00:00 GMT+0100 (British Summer Time),0.0257,0.0276,0.0364,1533.2375508854018
Tue Jun 17 2025 02:00:00 GMT+0100 (British Summer Time),0.0257,0.0276,0.0364,0
Tue Jun 17 2025 03:00:00 GMT+0100 (British Summer Time),0.0257,0.0276,0.0364,0
Tue Jun 17 2025 04:00:00 GMT+0100 (British Summer Time),0.0257,0.0276,0.0364,0
Tue Jun 17 2025 05:00:00 GMT+0100 (British Summer Time),0.0257,0.0276,0.0364,0
Tue Jun 17 2025 06:00:00 GMT+0100 (British Summer Time),0.0257,0.0276,0.0364,0
Tue Jun 17 2025 07:00:00 GMT+0100 (British Summer Time),0.0257,0.0276,0.0365,1047.786002569847
Tue Jun 17 2025 08:00:00 GMT+0100 (British Summer Time),0.0257,0.0276,0.0364,1414.3391304554314
Tue Jun 17 2025 09:00:00 GMT+0100 (British Summer Time),0.0257,0.0276,0.0364,0
Tue Jun 17 2025 10:00:00 GMT+0100 (British Summer Time),0.0257,0.0276,0.0364,1489.9086681476722
Tue Jun 17 2025 11:00:00 GMT+0100 (British Summer Time),0.0257,0.0276,0.0364,0
Tue Jun 17 2025 12:00:00 GMT+0100 (British Summer Time),0.0257,0.0276,0.0364,1560.9918263378092
Tue Jun 17 2025 13:00:00 GMT+0100 (British Summer Time),0.0367,0.0273,0.0364,0
Tue Jun 17 2025 14:00:00 GMT+0100 (British Summer Time),0.0367,0.0273,0.0364,279.4807501712795
Tue Jun 17 2025 15:00:00 GMT+0100 (British Summer Time),0.0368,0.0273,0.0364,0
Tue Jun 17 2025 16:00:00 GMT+0100 (British Summer Time),0.0368,0.0273,0.0364,2884.4478141715754
Tue Jun 17 2025 17:00:00 GMT+0100 (British Summer Time),0.0367,0.0273,0.0364,0
Tue Jun 17 2025 18:00:00 GMT+0100 (British Summer Time),0.0367,0.0273,0.0364,0.09764911295055324
Tue Jun 17 2025 19:00:00 GMT+0100 (British Summer Time),0.0367,0.0273,0.0364,0
Tue Jun 17 2025 20:00:00 GMT+0100 (British Summer Time),0.0368,0.0273,0.0364,0
Tue Jun 17 2025 21:00:00 GMT+0100 (British Summer Time),0.0368,0.0273,0.0364,0
Tue Jun 17 2025 22:00:00 GMT+0100 (British Summer Time),0.0367,0.0273,0.0364,0
Tue Jun 17 2025 23:00:00 GMT+0100 (British Summer Time),0.0367,0.0273,0.0364,0.1383006035108512
Wed Jun 18 2025 00:00:00 GMT+0100 (British Summer Time),0.0368,0.0273,0.0364,0
Wed Jun 18 2025 01:00:00 GMT+0100 (British Summer Time),0.0368,0.0273,0.0364,0
Wed Jun 18 2025 02:00:00 GMT+0100 (British Summer Time),0.0367,0.0273,0.0364,0
Wed Jun 18 2025 03:00:00 GMT+0100 (British Summer Time),0.0367,0.0273,0.0364,0
Wed Jun 18 2025 04:00:00 GMT+0100 (British Summer Time),0.0367,0.0273,0.0364,0
Wed Jun 18 2025 05:00:00 GMT+0100 (British Summer Time),0.0368,0.0273,0.0364,0
Wed Jun 18 2025 06:00:00 GMT+0100 (British Summer Time),0.0368,0.0273,0.0364,0
Wed Jun 18 2025 07:00:00 GMT+0100 (British Summer Time),0.0367,0.0273,0.0364,83.84464627343624
Wed Jun 18 2025 08:00:00 GMT+0100 (British Summer Time),0.0367,0.0273,0.0364,2628.60159370041
Wed Jun 18 2025 09:00:00 GMT+0100 (British Summer Time),0.0368,0.0273,0.0364,0
Wed Jun 18 2025 10:00:00 GMT+0100 (British Summer Time),0.0368,0.0273,0.0365,2517.510875981498
Wed Jun 18 2025 11:00:00 GMT+0100 (British Summer Time),0.0367,0.0273,0.0364,1767.0688950778267
Wed Jun 18 2025 12:00:00 GMT+0100 (British Summer Time),0.0367,0.0273,0.0364,0
Wed Jun 18 2025 13:00:00 GMT+0100 (British Summer Time),0,0.0255,0.0364,0
Wed Jun 18 2025 14:00:00 GMT+0100 (British Summer Time),0.0374,0.0272,0.0364,0
Wed Jun 18 2025 15:00:00 GMT+0100 (British Summer Time),0.0372,0.0272,0.0364,0
Wed Jun 18 2025 16:00:00 GMT+0100 (British Summer Time),0.0372,0.0272,0.0364,0
Wed Jun 18 2025 17:00:00 GMT+0100 (British Summer Time),0.0372,0.0272,0.0364,0
Wed Jun 18 2025 18:00:00 GMT+0100 (British Summer Time),0.0374,0.0272,0.0364,0.09415310761897426
Wed Jun 18 2025 19:00:00 GMT+0100 (British Summer Time),0.0374,0.0272,0.0364,0
Wed Jun 18 2025 20:00:00 GMT+0100 (British Summer Time),0.0372,0.0272,0.0364,0
Wed Jun 18 2025 21:00:00 GMT+0100 (British Summer Time),0.0372,0.0272,0.0364,0
Wed Jun 18 2025 22:00:00 GMT+0100 (British Summer Time),0.0372,0.0272,0.0364,0
Wed Jun 18 2025 23:00:00 GMT+0100 (British Summer Time),0.0374,0.0272,0.0364,0.13084450360274674
Thu Jun 19 2025 00:00:00 GMT+0100 (British Summer Time),0.0372,0.0272,0.0364,0
Thu Jun 19 2025 01:00:00 GMT+0100 (British Summer Time),0.0372,0.0272,0.0364,0
Thu Jun 19 2025 02:00:00 GMT+0100 (British Summer Time),0.0372,0.0272,0.0364,0
Thu Jun 19 2025 03:00:00 GMT+0100 (British Summer Time),0.0374,0.0272,0.0364,0
Thu Jun 19 2025 04:00:00 GMT+0100 (British Summer Time),0.0374,0.0272,0.0364,0
Thu Jun 19 2025 05:00:00 GMT+0100 (British Summer Time),0.0372,0.0272,0.0364,0
Thu Jun 19 2025 06:00:00 GMT+0100 (British Summer Time),0.0372,0.0272,0.0364,0
Thu Jun 19 2025 07:00:00 GMT+0100 (British Summer Time),0.0372,0.0272,0.0364,0
Thu Jun 19 2025 08:00:00 GMT+0100 (British Summer Time),0.0374,0.0272,0.0364,2745.9160468958853
Thu Jun 19 2025 09:00:00 GMT+0100 (British Summer Time),0.0372,0.0272,0.0364,3476.4278222438898
Thu Jun 19 2025 10:00:00 GMT+0100 (British Summer Time),0.0372,0.0272,0.0364,0
Thu Jun 19 2025 11:00:00 GMT+0100 (British Summer Time),0.0372,0.0272,0.0363,2541.236228460614
Thu Jun 19 2025 12:00:00 GMT+0100 (British Summer Time),0.0374,0.0272,0.0363,0
Thu Jun 19 2025 13:00:00 GMT+0100 (British Summer Time),0.0374,0.0265,0.0363,0
Thu Jun 19 2025 14:00:00 GMT+0100 (British Summer Time),0.0304,0.0271,0.0363,0
Thu Jun 19 2025 15:00:00 GMT+0100 (British Summer Time),0.0304,0.0271,0.0363,0
Thu Jun 19 2025 16:00:00 GMT+0100 (British Summer Time),0.0304,0.0271,0.0363,0
Thu Jun 19 2025 17:00:00 GMT+0100 (British Summer Time),0.0304,0.0271,0.0363,0.09269853089320419
Thu Jun 19 2025 18:00:00 GMT+0100 (British Summer Time),0.0304,0.0271,0.0363,0
Thu Jun 19 2025 19:00:00 GMT+0100 (British Summer Time),0.0304,0.0271,0.0363,0
Thu Jun 19 2025 20:00:00 GMT+0100 (British Summer Time),0.0304,0.0271,0.0363,0
Thu Jun 19 2025 21:00:00 GMT+0100 (British Summer Time),0.0304,0.0271,0.0364,3072.1612500030715
Thu Jun 19 2025 22:00:00 GMT+0100 (British Summer Time),0.0304,0.0271,0.0364,0.1311153394989258
Thu Jun 19 2025 23:00:00 GMT+0100 (British Summer Time),0.0304,0.0271,0.0364,0
Fri Jun 20 2025 00:00:00 GMT+0100 (British Summer Time),0.0304,0.0271,0.0367,12086.422177201126
Fri Jun 20 2025 01:00:00 GMT+0100 (British Summer Time),0.0304,0.0271,0.0367,0
Fri Jun 20 2025 02:00:00 GMT+0100 (British Summer Time),0.0304,0.0271,0.0367,0
Fri Jun 20 2025 03:00:00 GMT+0100 (British Summer Time),0.0304,0.0271,0.0367,0
Fri Jun 20 2025 04:00:00 GMT+0100 (British Summer Time),0.0304,0.0271,0.0367,0
Fri Jun 20 2025 05:00:00 GMT+0100 (British Summer Time),0.0304,0.0271,0.0367,0
Fri Jun 20 2025 06:00:00 GMT+0100 (British Summer Time),0.0304,0.0271,0.0367,0
Fri Jun 20 2025 07:00:00 GMT+0100 (British Summer Time),0.0304,0.0271,0.0367,4.264911974844152
Fri Jun 20 2025 08:00:00 GMT+0100 (British Summer Time),0.0304,0.0271,0.0367,5024.683101569296
Fri Jun 20 2025 09:00:00 GMT+0100 (British Summer Time),0.0304,0.0271,0.0367,0
Fri Jun 20 2025 10:00:00 GMT+0100 (British Summer Time),0.0304,0.0271,0.0367,0
Fri Jun 20 2025 11:00:00 GMT+0100 (British Summer Time),0.0304,0.0271,0.0367,0
Fri Jun 20 2025 12:00:00 GMT+0100 (British Summer Time),0.0304,0.0271,0.0367,0
Fri Jun 20 2025 13:00:00 GMT+0100 (British Summer Time),0.0304,0.0283,0.0367,0
Fri Jun 20 2025 14:00:00 GMT+0100 (British Summer Time),0.0192,0.027,0.0367,0
Fri Jun 20 2025 15:00:00 GMT+0100 (British Summer Time),0.0192,0.027,0.0367,0
Fri Jun 20 2025 16:00:00 GMT+0100 (British Summer Time),0.0192,0.027,0.0367,0
Fri Jun 20 2025 17:00:00 GMT+0100 (British Summer Time),0.0192,0.027,0.0368,7400.453336276005
Fri Jun 20 2025 18:00:00 GMT+0100 (British Summer Time),0.0192,0.027,0.0368,0
Fri Jun 20 2025 19:00:00 GMT+0100 (British Summer Time),0.0192,0.027,0.0368,0
Fri Jun 20 2025 20:00:00 GMT+0100 (British Summer Time),0.0192,0.027,0.0368,118.82151068726452
Fri Jun 20 2025 21:00:00 GMT+0100 (British Summer Time),0.0192,0.027,0.0368,0
Fri Jun 20 2025 22:00:00 GMT+0100 (British Summer Time),0.0192,0.027,0.0368,0.12903371464710922
Fri Jun 20 2025 23:00:00 GMT+0100 (British Summer Time),0.0192,0.027,0.0368,0
Sat Jun 21 2025 00:00:00 GMT+0100 (British Summer Time),0.0192,0.027,0.0368,0
Sat Jun 21 2025 01:00:00 GMT+0100 (British Summer Time),0.0192,0.027,0.0368,0
Sat Jun 21 2025 02:00:00 GMT+0100 (British Summer Time),0.0192,0.027,0.0368,0
Sat Jun 21 2025 03:00:00 GMT+0100 (British Summer Time),0.0192,0.027,0.0368,0
Sat Jun 21 2025 04:00:00 GMT+0100 (British Summer Time),0.0192,0.027,0.0368,0
Sat Jun 21 2025 05:00:00 GMT+0100 (British Summer Time),0.0192,0.027,0.0368,0
Sat Jun 21 2025 06:00:00 GMT+0100 (British Summer Time),0.0192,0.027,0.0368,0
Sat Jun 21 2025 07:00:00 GMT+0100 (British Summer Time),0.0192,0.027,0.0368,0
Sat Jun 21 2025 08:00:00 GMT+0100 (British Summer Time),0.0192,0.027,0.0368,0
Sat Jun 21 2025 09:00:00 GMT+0100 (British Summer Time),0.0192,0.027,0.0368,0
Sat Jun 21 2025 10:00:00 GMT+0100 (British Summer Time),0.0192,0.027,0.0368,76.10149379061501
Sat Jun 21 2025 11:00:00 GMT+0100 (British Summer Time),0.0192,0.027,0.0368,0
Sat Jun 21 2025 12:00:00 GMT+0100 (British Summer Time),0.0192,0.027,0.0368,0
Sat Jun 21 2025 13:00:00 GMT+0100 (British Summer Time),0.0192,0.0282,0.0368,0
Sat Jun 21 2025 14:00:00 GMT+0100 (British Summer Time),0.0191,0.0269,0.0368,0
Sat Jun 21 2025 15:00:00 GMT+0100 (British Summer Time),0.019,0.0269,0.0368,539.0270037585597
Sat Jun 21 2025 16:00:00 GMT+0100 (British Summer Time),0.019,0.0269,0.0368,0.09263898360636137
Sat Jun 21 2025 17:00:00 GMT+0100 (British Summer Time),0.019,0.0269,0.0368,0
Sat Jun 21 2025 18:00:00 GMT+0100 (British Summer Time),0.0191,0.0269,0.0368,0
Sat Jun 21 2025 19:00:00 GMT+0100 (British Summer Time),0.0191,0.0269,0.0368,2283.5655865939993
Sat Jun 21 2025 20:00:00 GMT+0100 (British Summer Time),0.019,0.0269,0.0367,3505.6905870582664
Sat Jun 21 2025 21:00:00 GMT+0100 (British Summer Time),0.019,0.0269,0.0367,0.119999764725139
Sat Jun 21 2025 22:00:00 GMT+0100 (British Summer Time),0.019,0.0269,0.0367,0
Sat Jun 21 2025 23:00:00 GMT+0100 (British Summer Time),0.0191,0.0269,0.0367,33.70046276515611
Sun Jun 22 2025 00:00:00 GMT+0100 (British Summer Time),0.019,0.0269,0.0367,0
Sun Jun 22 2025 01:00:00 GMT+0100 (British Summer Time),0.019,0.0269,0.0367,0
Sun Jun 22 2025 02:00:00 GMT+0100 (British Summer Time),0.019,0.0269,0.0367,0
Sun Jun 22 2025 03:00:00 GMT+0100 (British Summer Time),0.0191,0.0269,0.0367,0
Sun Jun 22 2025 04:00:00 GMT+0100 (British Summer Time),0.0191,0.0269,0.0367,952.9349191795894
Sun Jun 22 2025 05:00:00 GMT+0100 (British Summer Time),0.019,0.0269,0.0367,0
Sun Jun 22 2025 06:00:00 GMT+0100 (British Summer Time),0.019,0.0269,0.0367,0
Sun Jun 22 2025 07:00:00 GMT+0100 (British Summer Time),0.019,0.0269,0.0367,0
Sun Jun 22 2025 08:00:00 GMT+0100 (British Summer Time),0.0191,0.0269,0.0367,0
Sun Jun 22 2025 09:00:00 GMT+0100 (British Summer Time),0.019,0.0269,0.0367,0
Sun Jun 22 2025 10:00:00 GMT+0100 (British Summer Time),0.019,0.0269,0.0367,0
Sun Jun 22 2025 11:00:00 GMT+0100 (British Summer Time),0.019,0.0269,0.0368,3106.9009104956735
Sun Jun 22 2025 12:00:00 GMT+0100 (British Summer Time),0.0191,0.0269,0.0368,0
Sun Jun 22 2025 13:00:00 GMT+0100 (British Summer Time),0.0191,0.028,0.0339,115983.46801789736
Sun Jun 22 2025 14:00:00 GMT+0100 (British Summer Time),0.0194,0.0268,0.0339,0
Sun Jun 22 2025 15:00:00 GMT+0100 (British Summer Time),0.0194,0.0268,0.0342,9048.66479373742
Sun Jun 22 2025 16:00:00 GMT+0100 (British Summer Time),0.0194,0.0268,0.0342,0.07274087793804365
Sun Jun 22 2025 17:00:00 GMT+0100 (British Summer Time),0.0195,0.0268,0.0342,1785.0421144192997
Sun Jun 22 2025 18:00:00 GMT+0100 (British Summer Time),0.0194,0.0268,0.0342,0
Sun Jun 22 2025 19:00:00 GMT+0100 (British Summer Time),0.0194,0.0268,0.0342,0
Sun Jun 22 2025 20:00:00 GMT+0100 (British Summer Time),0.0194,0.0268,0.0342,0
Sun Jun 22 2025 21:00:00 GMT+0100 (British Summer Time),0.0195,0.0268,0.0342,0.09251065053773312
Sun Jun 22 2025 22:00:00 GMT+0100 (British Summer Time),0.0195,0.0268,0.0342,1472.5899447814627
Sun Jun 22 2025 23:00:00 GMT+0100 (British Summer Time),0.0194,0.0268,0.0342,0
Mon Jun 23 2025 00:00:00 GMT+0100 (British Summer Time),0.0194,0.0268,0.0342,0
Mon Jun 23 2025 01:00:00 GMT+0100 (British Summer Time),0.0194,0.0268,0.0342,0
Mon Jun 23 2025 02:00:00 GMT+0100 (British Summer Time),0.0195,0.0268,0.0342,0
Mon Jun 23 2025 03:00:00 GMT+0100 (British Summer Time),0.0194,0.0268,0.0342,0
Mon Jun 23 2025 04:00:00 GMT+0100 (British Summer Time),0.0194,0.0268,0.0342,0
Mon Jun 23 2025 05:00:00 GMT+0100 (British Summer Time),0.0194,0.0268,0.0342,0
Mon Jun 23 2025 06:00:00 GMT+0100 (British Summer Time),0.0195,0.0268,0.0342,898.8371068628041
Mon Jun 23 2025 07:00:00 GMT+0100 (British Summer Time),0.0195,0.0268,0.0342,0
Mon Jun 23 2025 08:00:00 GMT+0100 (British Summer Time),0.0194,0.0268,0.0342,2314.5632032195517
Mon Jun 23 2025 09:00:00 GMT+0100 (British Summer Time),0.0194,0.0268,0.0342,0
Mon Jun 23 2025 10:00:00 GMT+0100 (British Summer Time),0.0194,0.0268,0.0342,0
Mon Jun 23 2025 11:00:00 GMT+0100 (British Summer Time),0.0195,0.0268,0.0342,0
Mon Jun 23 2025 12:00:00 GMT+0100 (British Summer Time),0.0194,0.0268,0.0342,0
Mon Jun 23 2025 13:00:00 GMT+0100 (British Summer Time),0.0194,0.027,0.0342,303.27149374791355
Mon Jun 23 2025 14:00:00 GMT+0100 (British Summer Time),0.0246,0.0266,0.0342,0
Mon Jun 23 2025 15:00:00 GMT+0100 (British Summer Time),0.0246,0.0266,0.0342,0.07678184871543428
Mon Jun 23 2025 16:00:00 GMT+0100 (British Summer Time),0.0246,0.0267,0.0342,0
Mon Jun 23 2025 17:00:00 GMT+0100 (British Summer Time),0.0246,0.0266,0.0342,0
Mon Jun 23 2025 18:00:00 GMT+0100 (British Summer Time),0.0246,0.0266,0.0342,0
Mon Jun 23 2025 19:00:00 GMT+0100 (British Summer Time),0.0246,0.0266,0.0342,0
Mon Jun 23 2025 20:00:00 GMT+0100 (British Summer Time),0.0246,0.0267,0.0342,0.09809575799464237
Mon Jun 23 2025 21:00:00 GMT+0100 (British Summer Time),0.0246,0.0267,0.0342,0