time,underlyingApy1DMA,underlyingApy7DMA,impliedApy,volume
Sun Apr 28 2024 01:00:00 GMT+0100 (British Summer Time),0.0364,0.0273,0.2992,64227.64215146149
Sun Apr 28 2024 02:00:00 GMT+0100 (British Summer Time),0.0364,0.0273,0.2992,123686.31514604634
Sun Apr 28 2024 03:00:00 GMT+0100 (British Summer Time),0.0364,0.0273,0.2899,473145.66262266727
Sun Apr 28 2024 04:00:00 GMT+0100 (British Summer Time),0.0364,0.0273,0.2956,352469.4702707002
Sun Apr 28 2024 05:00:00 GMT+0100 (British Summer Time),0.0364,0.0273,0.2984,169449.5872750039
Sun Apr 28 2024 06:00:00 GMT+0100 (British Summer Time),0.0364,0.0273,0.3023,753640.1731350243
Sun Apr 28 2024 07:00:00 GMT+0100 (British Summer Time),0.0364,0.0273,0.303,114685.81401921432
Sun Apr 28 2024 08:00:00 GMT+0100 (British Summer Time),0.0364,0.0273,0.2854,1500093.649622311
Sun Apr 28 2024 09:00:00 GMT+0100 (British Summer Time),0.0364,0.0273,0.2947,775656.5390970742
Sun Apr 28 2024 10:00:00 GMT+0100 (British Summer Time),0.0364,0.0273,0.2885,837300.9354896628
Sun Apr 28 2024 11:00:00 GMT+0100 (British Summer Time),0.0364,0.0273,0.2935,153434.9997151592
Sun Apr 28 2024 12:00:00 GMT+0100 (British Summer Time),0.026,0.0264,0.2981,135265.6478764292
Sun Apr 28 2024 13:00:00 GMT+0100 (British Summer Time),0.026,0.0264,0.2993,374641.97146162024
Sun Apr 28 2024 14:00:00 GMT+0100 (British Summer Time),0.026,0.0264,0.2951,373197.0178397442
Sun Apr 28 2024 15:00:00 GMT+0100 (British Summer Time),0.026,0.0264,0.3014,501389.22226721887
Sun Apr 28 2024 16:00:00 GMT+0100 (British Summer Time),0.026,0.0264,0.2991,254139.62889891607
Sun Apr 28 2024 17:00:00 GMT+0100 (British Summer Time),0.026,0.0264,0.295,158935.8280956478
Sun Apr 28 2024 18:00:00 GMT+0100 (British Summer Time),0.026,0.0264,0.2765,1184375.057350201
Sun Apr 28 2024 19:00:00 GMT+0100 (British Summer Time),0.026,0.0264,0.2841,186312.7629030565
Sun Apr 28 2024 20:00:00 GMT+0100 (British Summer Time),0.026,0.0264,0.2946,430630.6363955459
Sun Apr 28 2024 21:00:00 GMT+0100 (British Summer Time),0.026,0.0264,0.2931,159040.88484397595
Sun Apr 28 2024 22:00:00 GMT+0100 (British Summer Time),0.026,0.0264,0.2944,159414.30880822154
Sun Apr 28 2024 23:00:00 GMT+0100 (British Summer Time),0.026,0.0264,0.2946,233128.83631997986
Mon Apr 29 2024 00:00:00 GMT+0100 (British Summer Time),0.0229,0.0265,0.2945,88219.43506266283
Mon Apr 29 2024 01:00:00 GMT+0100 (British Summer Time),0.0229,0.0265,0.2944,24416.118791925503
Mon Apr 29 2024 02:00:00 GMT+0100 (British Summer Time),0.0229,0.0265,0.2939,46529.45915294813
Mon Apr 29 2024 03:00:00 GMT+0100 (British Summer Time),0.0229,0.0265,0.2816,947064.7402114943
Mon Apr 29 2024 04:00:00 GMT+0100 (British Summer Time),0.0229,0.0265,0.2876,94744.92481989854
Mon Apr 29 2024 05:00:00 GMT+0100 (British Summer Time),0.0229,0.0265,0.2889,111677.88894059983
Mon Apr 29 2024 06:00:00 GMT+0100 (British Summer Time),0.0229,0.0265,0.2887,222102.9978733171
Mon Apr 29 2024 07:00:00 GMT+0100 (British Summer Time),0.0229,0.0265,0.2902,161773.1932833667
Mon Apr 29 2024 08:00:00 GMT+0100 (British Summer Time),0.0229,0.0265,0.2923,131426.75872213097
Mon Apr 29 2024 09:00:00 GMT+0100 (British Summer Time),0.0229,0.0265,0.2923,175856.15331036286
Mon Apr 29 2024 10:00:00 GMT+0100 (British Summer Time),0.0229,0.0265,0.294,374537.25137407164
Mon Apr 29 2024 11:00:00 GMT+0100 (British Summer Time),0.0229,0.0265,0.2894,446704.4400432032
Mon Apr 29 2024 12:00:00 GMT+0100 (British Summer Time),0.0275,0.0266,0.2885,87304.27911030203
Mon Apr 29 2024 13:00:00 GMT+0100 (British Summer Time),0.0275,0.0266,0.2862,1104923.7302575195
Mon Apr 29 2024 14:00:00 GMT+0100 (British Summer Time),0.0275,0.0266,0.2865,169756.27674230922
Mon Apr 29 2024 15:00:00 GMT+0100 (British Summer Time),0.0275,0.0266,0.2852,446475.20308447286
Mon Apr 29 2024 16:00:00 GMT+0100 (British Summer Time),0.0275,0.0266,0.2856,239534.86432194372
Mon Apr 29 2024 17:00:00 GMT+0100 (British Summer Time),0.0275,0.0266,0.2856,358765.8948252897
Mon Apr 29 2024 18:00:00 GMT+0100 (British Summer Time),0.0275,0.0266,0.2534,2483746.6143333362
Mon Apr 29 2024 19:00:00 GMT+0100 (British Summer Time),0.0275,0.0266,0.2379,1759423.5116788489
Mon Apr 29 2024 20:00:00 GMT+0100 (British Summer Time),0.0275,0.0266,0.2716,927798.4957786638
Mon Apr 29 2024 21:00:00 GMT+0100 (British Summer Time),0.0275,0.0266,0.2599,336955.0987455383
Mon Apr 29 2024 22:00:00 GMT+0100 (British Summer Time),0.0275,0.0266,0.2309,446301.15945157636
Mon Apr 29 2024 23:00:00 GMT+0100 (British Summer Time),0.0275,0.0266,0.2273,505185.32516249834
Tue Apr 30 2024 00:00:00 GMT+0100 (British Summer Time),0.0277,0.0264,0.2192,669610.8913852155
Tue Apr 30 2024 01:00:00 GMT+0100 (British Summer Time),0.0277,0.0264,0.223,162484.49183983373
Tue Apr 30 2024 02:00:00 GMT+0100 (British Summer Time),0.0277,0.0264,0.2371,694078.4167333858
Tue Apr 30 2024 03:00:00 GMT+0100 (British Summer Time),0.0277,0.0264,0.2406,278763.36411219684
Tue Apr 30 2024 04:00:00 GMT+0100 (British Summer Time),0.0277,0.0264,0.2427,29292.513908042143
Tue Apr 30 2024 05:00:00 GMT+0100 (British Summer Time),0.0277,0.0264,0.2477,165495.05833165208
Tue Apr 30 2024 06:00:00 GMT+0100 (British Summer Time),0.0277,0.0264,0.2572,657333.1173734625
Tue Apr 30 2024 07:00:00 GMT+0100 (British Summer Time),0.0277,0.0264,0.2625,976459.982195479
Tue Apr 30 2024 08:00:00 GMT+0100 (British Summer Time),0.0277,0.0264,0.2582,723506.9961353412
Tue Apr 30 2024 09:00:00 GMT+0100 (British Summer Time),0.0277,0.0264,0.2458,272246.8877957604
Tue Apr 30 2024 10:00:00 GMT+0100 (British Summer Time),0.0277,0.0264,0.2492,169803.53334621212
Tue Apr 30 2024 11:00:00 GMT+0100 (British Summer Time),0.0277,0.0264,0.2507,51056.87592861212
Tue Apr 30 2024 12:00:00 GMT+0100 (British Summer Time),0.0263,0.0274,0.2577,127073.43609801344
Tue Apr 30 2024 13:00:00 GMT+0100 (British Summer Time),0.0263,0.0274,0.2582,361752.87295079464
Tue Apr 30 2024 14:00:00 GMT+0100 (British Summer Time),0.0263,0.0274,0.2618,51178.23939787315
Tue Apr 30 2024 15:00:00 GMT+0100 (British Summer Time),0.0263,0.0274,0.2506,249150.64173333568
Tue Apr 30 2024 16:00:00 GMT+0100 (British Summer Time),0.0263,0.0274,0.2496,227565.34930578398
Tue Apr 30 2024 17:00:00 GMT+0100 (British Summer Time),0.0263,0.0274,0.2513,105943.54348084988
Tue Apr 30 2024 18:00:00 GMT+0100 (British Summer Time),0.0263,0.0274,0.2453,251688.26036845444
Tue Apr 30 2024 19:00:00 GMT+0100 (British Summer Time),0.0263,0.0274,0.2457,278175.83248084364
Tue Apr 30 2024 20:00:00 GMT+0100 (British Summer Time),0.0263,0.0274,0.2479,144796.79976478626
Tue Apr 30 2024 21:00:00 GMT+0100 (British Summer Time),0.0263,0.0274,0.2414,219428.71211396722
Tue Apr 30 2024 22:00:00 GMT+0100 (British Summer Time),0.0263,0.0274,0.2441,549160.5741667108
Tue Apr 30 2024 23:00:00 GMT+0100 (British Summer Time),0.0263,0.0274,0.2429,81887.32272946618
Wed May 01 2024 00:00:00 GMT+0100 (British Summer Time),0.027,0.0275,0.2428,7759.951960350918
Wed May 01 2024 01:00:00 GMT+0100 (British Summer Time),0.027,0.0275,0.2443,18751.446898062153
Wed May 01 2024 02:00:00 GMT+0100 (British Summer Time),0.027,0.0275,0.2438,15512.193986719562
Wed May 01 2024 03:00:00 GMT+0100 (British Summer Time),0.027,0.0275,0.2463,23971.58151467386
Wed May 01 2024 04:00:00 GMT+0100 (British Summer Time),0.027,0.0275,0.2473,28878.184960090683
Wed May 01 2024 05:00:00 GMT+0100 (British Summer Time),0.027,0.0275,0.2491,22321.94165587708
Wed May 01 2024 06:00:00 GMT+0100 (British Summer Time),0.027,0.0275,0.2496,65583.49722571639
Wed May 01 2024 07:00:00 GMT+0100 (British Summer Time),0.027,0.0275,0.244,586733.4983203153
Wed May 01 2024 08:00:00 GMT+0100 (British Summer Time),0.027,0.0275,0.2412,111340.60235950361
Wed May 01 2024 09:00:00 GMT+0100 (British Summer Time),0.027,0.0275,0.245,240794.8647476326
Wed May 01 2024 10:00:00 GMT+0100 (British Summer Time),0.027,0.0275,0.2472,25203.48107956088
Wed May 01 2024 11:00:00 GMT+0100 (British Summer Time),0.027,0.0275,0.2473,202613.9784147864
Wed May 01 2024 12:00:00 GMT+0100 (British Summer Time),0.0277,0.0274,0.2484,156028.42737342577
Wed May 01 2024 13:00:00 GMT+0100 (British Summer Time),0.0277,0.0274,0.2492,75101.69665044518
Wed May 01 2024 14:00:00 GMT+0100 (British Summer Time),0.0277,0.0274,0.2439,189279.08235778444
Wed May 01 2024 15:00:00 GMT+0100 (British Summer Time),0.0277,0.0274,0.2434,293190.86916157405
Wed May 01 2024 16:00:00 GMT+0100 (British Summer Time),0.0277,0.0274,0.2443,159341.29860556018
Wed May 01 2024 17:00:00 GMT+0100 (British Summer Time),0.0277,0.0274,0.2461,29412.557569617333
Wed May 01 2024 18:00:00 GMT+0100 (British Summer Time),0.0277,0.0274,0.2487,39200.3227166095
Wed May 01 2024 19:00:00 GMT+0100 (British Summer Time),0.0277,0.0274,0.249,55946.72046884587
Wed May 01 2024 20:00:00 GMT+0100 (British Summer Time),0.0277,0.0274,0.249,66148.91253252568
Wed May 01 2024 21:00:00 GMT+0100 (British Summer Time),0.0277,0.0274,0.2475,108312.46481648658
Wed May 01 2024 22:00:00 GMT+0100 (British Summer Time),0.0277,0.0274,0.2474,15377.776173309258
Wed May 01 2024 23:00:00 GMT+0100 (British Summer Time),0.0277,0.0274,0.2478,78284.14750171344
Thu May 02 2024 00:00:00 GMT+0100 (British Summer Time),0.034,0.0271,0.2479,26323.674171192317
Thu May 02 2024 01:00:00 GMT+0100 (British Summer Time),0.034,0.0271,0.2458,27752.798086599745
Thu May 02 2024 02:00:00 GMT+0100 (British Summer Time),0.034,0.0271,0.2457,48129.628512323456
Thu May 02 2024 03:00:00 GMT+0100 (British Summer Time),0.034,0.0271,0.2455,263893.93783246155
Thu May 02 2024 04:00:00 GMT+0100 (British Summer Time),0.034,0.0271,0.2452,256182.17665071832
Thu May 02 2024 05:00:00 GMT+0100 (British Summer Time),0.034,0.0271,0.2454,43348.04357156196
Thu May 02 2024 06:00:00 GMT+0100 (British Summer Time),0.034,0.0271,0.2457,10669.29733432802
Thu May 02 2024 07:00:00 GMT+0100 (British Summer Time),0.034,0.0271,0.2456,3465.079701486711
Thu May 02 2024 08:00:00 GMT+0100 (British Summer Time),0.034,0.0271,0.2441,51159.76957946289
Thu May 02 2024 09:00:00 GMT+0100 (British Summer Time),0.034,0.0271,0.244,226864.2136620551
Thu May 02 2024 10:00:00 GMT+0100 (British Summer Time),0.034,0.0271,0.2435,49007.55191576749
Thu May 02 2024 11:00:00 GMT+0100 (British Summer Time),0.034,0.0271,0.2426,31536.857192912546
Thu May 02 2024 12:00:00 GMT+0100 (British Summer Time),0.02,0.0252,0.2419,168680.00975430978
Thu May 02 2024 13:00:00 GMT+0100 (British Summer Time),0.02,0.0252,0.2425,4104.903415224217
Thu May 02 2024 14:00:00 GMT+0100 (British Summer Time),0.02,0.0252,0.24,538276.9247391842
Thu May 02 2024 15:00:00 GMT+0100 (British Summer Time),0.02,0.0252,0.236,169562.5558411299
Thu May 02 2024 16:00:00 GMT+0100 (British Summer Time),0.02,0.0252,0.2371,53252.41967693508
Thu May 02 2024 17:00:00 GMT+0100 (British Summer Time),0.02,0.0252,0.2341,69076.32056375546
Thu May 02 2024 18:00:00 GMT+0100 (British Summer Time),0.02,0.0252,0.2322,137274.7088702483
Thu May 02 2024 19:00:00 GMT+0100 (British Summer Time),0.02,0.0252,0.2353,100494.57925751666
Thu May 02 2024 20:00:00 GMT+0100 (British Summer Time),0.02,0.0252,0.2365,179670.80632048537
Thu May 02 2024 21:00:00 GMT+0100 (British Summer Time),0.02,0.0252,0.2438,1349986.0630249758
Thu May 02 2024 22:00:00 GMT+0100 (British Summer Time),0.02,0.0252,0.2725,884200.1172851198
Thu May 02 2024 23:00:00 GMT+0100 (British Summer Time),0.02,0.0252,0.2538,94719.17728804934
Fri May 03 2024 00:00:00 GMT+0100 (British Summer Time),0,0.0252,0.2552,3076.460305626876
Fri May 03 2024 01:00:00 GMT+0100 (British Summer Time),0,0.0252,0.2554,10476.275917183315
Fri May 03 2024 02:00:00 GMT+0100 (British Summer Time),0,0.0252,0.2555,15554.413029694078
Fri May 03 2024 03:00:00 GMT+0100 (British Summer Time),0,0.0252,0.246,291684.7127518364
Fri May 03 2024 04:00:00 GMT+0100 (British Summer Time),0,0.0252,0.2464,24816.994963056364
Fri May 03 2024 05:00:00 GMT+0100 (British Summer Time),0,0.0252,0.2459,14324.39280155944
Fri May 03 2024 06:00:00 GMT+0100 (British Summer Time),0,0.0252,0.2475,389631.2435211544
Fri May 03 2024 07:00:00 GMT+0100 (British Summer Time),0,0.0252,0.2413,264804.6108186765
Fri May 03 2024 08:00:00 GMT+0100 (British Summer Time),0,0.0252,0.2422,144291.04391688108
Fri May 03 2024 09:00:00 GMT+0100 (British Summer Time),0,0.0252,0.243,95521.53689861193
Fri May 03 2024 10:00:00 GMT+0100 (British Summer Time),0,0.0252,0.2418,191312.9866327894
Fri May 03 2024 11:00:00 GMT+0100 (British Summer Time),0,0.0252,0.242,77851.55645727292
Fri May 03 2024 12:00:00 GMT+0100 (British Summer Time),0,0.0228,0.2438,33212.02216205479
Fri May 03 2024 13:00:00 GMT+0100 (British Summer Time),0,0.0228,0.2444,49145.11921590828
Fri May 03 2024 14:00:00 GMT+0100 (British Summer Time),0,0.0228,0.2481,118341.94304254687
Fri May 03 2024 15:00:00 GMT+0100 (British Summer Time),0,0.0228,0.2519,86822.59061171846
Fri May 03 2024 16:00:00 GMT+0100 (British Summer Time),0,0.0228,0.2528,25820.51474029886
Fri May 03 2024 17:00:00 GMT+0100 (British Summer Time),0,0.0228,0.2371,420053.9323838997
Fri May 03 2024 18:00:00 GMT+0100 (British Summer Time),0,0.0228,0.2361,111740.70659685544
Fri May 03 2024 19:00:00 GMT+0100 (British Summer Time),0,0.0228,0.2382,146583.16131236524
Fri May 03 2024 20:00:00 GMT+0100 (British Summer Time),0,0.0228,0.25,197696.15267934522
Fri May 03 2024 21:00:00 GMT+0100 (British Summer Time),0,0.0228,0.2432,155331.9178866379
Fri May 03 2024 22:00:00 GMT+0100 (British Summer Time),0,0.0228,0.2505,341113.87015000236
Fri May 03 2024 23:00:00 GMT+0100 (British Summer Time),0,0.0228,0.2509,99690.84474739048
Sat May 04 2024 00:00:00 GMT+0100 (British Summer Time),0,0.021,0.2507,7622.635458750054
Sat May 04 2024 01:00:00 GMT+0100 (British Summer Time),0,0.021,0.2508,45680.61221881381
Sat May 04 2024 02:00:00 GMT+0100 (British Summer Time),0,0.021,0.2474,76854.57785334157
Sat May 04 2024 03:00:00 GMT+0100 (British Summer Time),0,0.021,0.2354,699725.4586210708
Sat May 04 2024 04:00:00 GMT+0100 (British Summer Time),0,0.021,0.2362,19316.722009864974
Sat May 04 2024 05:00:00 GMT+0100 (British Summer Time),0,0.021,0.2265,110875.42409547108
Sat May 04 2024 06:00:00 GMT+0100 (British Summer Time),0,0.021,0.2209,79593.01560434618
Sat May 04 2024 07:00:00 GMT+0100 (British Summer Time),0,0.021,0.2233,26733.00242847055
Sat May 04 2024 08:00:00 GMT+0100 (British Summer Time),0,0.021,0.2247,47908.85037699634
Sat May 04 2024 09:00:00 GMT+0100 (British Summer Time),0,0.021,0.2398,171347.3535943812
Sat May 04 2024 10:00:00 GMT+0100 (British Summer Time),0,0.021,0.2467,245430.74828067503
Sat May 04 2024 11:00:00 GMT+0100 (British Summer Time),0,0.021,0.2431,75567.19578309433
Sat May 04 2024 12:00:00 GMT+0100 (British Summer Time),0.0702,0.0281,0.2418,61437.31696697252
Sat May 04 2024 13:00:00 GMT+0100 (British Summer Time),0.0702,0.0281,0.2411,83705.15848917438
Sat May 04 2024 14:00:00 GMT+0100 (British Summer Time),0.0702,0.0281,0.2447,232787.02967381707
Sat May 04 2024 15:00:00 GMT+0100 (British Summer Time),0.0702,0.0281,0.2464,76707.10938672116
Sat May 04 2024 16:00:00 GMT+0100 (British Summer Time),0.0702,0.0281,0.2362,320059.8337642869
Sat May 04 2024 17:00:00 GMT+0100 (British Summer Time),0.0702,0.0281,0.2432,113236.24062695507
Sat May 04 2024 18:00:00 GMT+0100 (British Summer Time),0.0702,0.0281,0.246,73614.90423373136
Sat May 04 2024 19:00:00 GMT+0100 (British Summer Time),0.0702,0.0281,0.2461,14441.083493083283
Sat May 04 2024 20:00:00 GMT+0100 (British Summer Time),0.0702,0.0281,0.2459,16343.034795196134
Sat May 04 2024 21:00:00 GMT+0100 (British Summer Time),0.0702,0.0281,0.2433,43030.11532302937
Sat May 04 2024 22:00:00 GMT+0100 (British Summer Time),0.0702,0.0281,0.2443,113335.67367500764
Sat May 04 2024 23:00:00 GMT+0100 (British Summer Time),0.0702,0.0281,0.2442,9403.415838900257
Sun May 05 2024 00:00:00 GMT+0100 (British Summer Time),0.0702,0.0257,0.2369,280702.31187373254
Sun May 05 2024 01:00:00 GMT+0100 (British Summer Time),0.0702,0.0257,0.2368,1207.347329914408
Sun May 05 2024 02:00:00 GMT+0100 (British Summer Time),0.0702,0.0257,0.2362,9284.243869466434
Sun May 05 2024 03:00:00 GMT+0100 (British Summer Time),0.0702,0.0257,0.2365,10227.960717062033
Sun May 05 2024 04:00:00 GMT+0100 (British Summer Time),0.0702,0.0257,0.2361,3846.6646184024635
Sun May 05 2024 05:00:00 GMT+0100 (British Summer Time),0.0702,0.0257,0.2362,941.5284705011346
Sun May 05 2024 06:00:00 GMT+0100 (British Summer Time),0.0702,0.0257,0.2317,58714.13418450045
Sun May 05 2024 07:00:00 GMT+0100 (British Summer Time),0.0702,0.0257,0.2291,136758.71306505598
Sun May 05 2024 08:00:00 GMT+0100 (British Summer Time),0.0702,0.0257,0.2326,31503.79862047059
Sun May 05 2024 09:00:00 GMT+0100 (British Summer Time),0.0702,0.0257,0.2345,27800.626516607055
Sun May 05 2024 10:00:00 GMT+0100 (British Summer Time),0.0702,0.0257,0.2353,169055.8512455742
Sun May 05 2024 11:00:00 GMT+0100 (British Summer Time),0.0702,0.0257,0.2405,80539.89066435846
Sun May 05 2024 12:00:00 GMT+0100 (British Summer Time),0.0235,0.0277,0.2429,56684.79948207959
Sun May 05 2024 13:00:00 GMT+0100 (British Summer Time),0.0235,0.0277,0.2438,100779.0771226723
Sun May 05 2024 14:00:00 GMT+0100 (British Summer Time),0.0235,0.0277,0.2436,81363.69268673712
Sun May 05 2024 15:00:00 GMT+0100 (British Summer Time),0.0235,0.0277,0.244,160175.9882066963
Sun May 05 2024 16:00:00 GMT+0100 (British Summer Time),0.0235,0.0277,0.2505,363199.4706896192
Sun May 05 2024 17:00:00 GMT+0100 (British Summer Time),0.0235,0.0277,0.2505,74030.635766492
Sun May 05 2024 18:00:00 GMT+0100 (British Summer Time),0.0235,0.0277,0.2503,51760.10704758652
Sun May 05 2024 19:00:00 GMT+0100 (British Summer Time),0.0235,0.0277,0.2406,204451.18702853267
Sun May 05 2024 20:00:00 GMT+0100 (British Summer Time),0.0235,0.0277,0.2397,50143.735139084325
Sun May 05 2024 21:00:00 GMT+0100 (British Summer Time),0.0235,0.0277,0.2401,34650.0505536872
Sun May 05 2024 22:00:00 GMT+0100 (British Summer Time),0.0235,0.0277,0.2408,114493.57942459799
Sun May 05 2024 23:00:00 GMT+0100 (British Summer Time),0.0235,0.0277,0.2407,63586.578489414744
Mon May 06 2024 00:00:00 GMT+0100 (British Summer Time),0.0365,0.0277,0.2346,117639.28869999148
Mon May 06 2024 01:00:00 GMT+0100 (British Summer Time),0.0365,0.0277,0.2324,197790.33439686103
Mon May 06 2024 02:00:00 GMT+0100 (British Summer Time),0.0365,0.0277,0.2226,422554.94245258253
Mon May 06 2024 03:00:00 GMT+0100 (British Summer Time),0.0365,0.0277,0.2023,366667.25332027324
Mon May 06 2024 04:00:00 GMT+0100 (British Summer Time),0.0365,0.0277,0.2133,183988.96243391157
Mon May 06 2024 05:00:00 GMT+0100 (British Summer Time),0.0365,0.0277,0.2241,119191.56617235173
Mon May 06 2024 06:00:00 GMT+0100 (British Summer Time),0.0365,0.0277,0.2318,78361.50479416207
Mon May 06 2024 07:00:00 GMT+0100 (British Summer Time),0.0365,0.0277,0.2327,16810.825337439688
Mon May 06 2024 08:00:00 GMT+0100 (British Summer Time),0.0365,0.0277,0.2321,35596.421831880536
Mon May 06 2024 09:00:00 GMT+0100 (British Summer Time),0.0365,0.0277,0.2279,68057.92372869141
Mon May 06 2024 10:00:00 GMT+0100 (British Summer Time),0.0365,0.0277,0.2357,446746.0079955681
Mon May 06 2024 11:00:00 GMT+0100 (British Summer Time),0.0365,0.0277,0.2363,73267.951245104
Mon May 06 2024 12:00:00 GMT+0100 (British Summer Time),0.0255,0.0274,0.2354,370282.7392966763
Mon May 06 2024 13:00:00 GMT+0100 (British Summer Time),0.0255,0.0274,0.236,23622.59853728046
Mon May 06 2024 14:00:00 GMT+0100 (British Summer Time),0.0255,0.0274,0.2353,96974.96550302603
Mon May 06 2024 15:00:00 GMT+0100 (British Summer Time),0.0255,0.0274,0.2368,445005.477280773
Mon May 06 2024 16:00:00 GMT+0100 (British Summer Time),0.0255,0.0274,0.2409,92766.74386177835
Mon May 06 2024 17:00:00 GMT+0100 (British Summer Time),0.0255,0.0274,0.239,54059.38686070223
Mon May 06 2024 18:00:00 GMT+0100 (British Summer Time),0.0255,0.0274,0.2392,85820.47774840448
Mon May 06 2024 19:00:00 GMT+0100 (British Summer Time),0.0255,0.0274,0.239,105460.80732742573
Mon May 06 2024 20:00:00 GMT+0100 (British Summer Time),0.0255,0.0274,0.2371,55877.21901178699
Mon May 06 2024 21:00:00 GMT+0100 (British Summer Time),0.0255,0.0274,0.238,8409.303653277691
Mon May 06 2024 22:00:00 GMT+0100 (British Summer Time),0.0255,0.0274,0.2372,12639.957328170578
Mon May 06 2024 23:00:00 GMT+0100 (British Summer Time),0.0255,0.0274,0.2436,405628.9698451206
Tue May 07 2024 00:00:00 GMT+0100 (British Summer Time),0.0126,0.0255,0.2434,10933.385148419944
Tue May 07 2024 01:00:00 GMT+0100 (British Summer Time),0.0126,0.0255,0.2434,3621.234666419942
Tue May 07 2024 02:00:00 GMT+0100 (British Summer Time),0.0126,0.0255,0.2407,36496.54153945267
Tue May 07 2024 03:00:00 GMT+0100 (British Summer Time),0.0126,0.0255,0.2387,45323.07772285979
Tue May 07 2024 04:00:00 GMT+0100 (British Summer Time),0.0126,0.0255,0.2388,5073.668080725406
Tue May 07 2024 05:00:00 GMT+0100 (British Summer Time),0.0126,0.0255,0.2385,3407.553631207808
Tue May 07 2024 06:00:00 GMT+0100 (British Summer Time),0.0126,0.0255,0.2405,77159.54701612666
Tue May 07 2024 07:00:00 GMT+0100 (British Summer Time),0.0126,0.0255,0.2387,22821.473070901728
Tue May 07 2024 08:00:00 GMT+0100 (British Summer Time),0.0126,0.0255,0.2419,225788.02080009133
Tue May 07 2024 09:00:00 GMT+0100 (British Summer Time),0.0126,0.0255,0.2416,9964.716039094748
Tue May 07 2024 10:00:00 GMT+0100 (British Summer Time),0.0126,0.0255,0.2426,34321.831493557365
Tue May 07 2024 11:00:00 GMT+0100 (British Summer Time),0.0126,0.0255,0.2399,578632.0747901263
Tue May 07 2024 12:00:00 GMT+0100 (British Summer Time),0.0227,0.0269,0.2422,546550.3821971782
Tue May 07 2024 13:00:00 GMT+0100 (British Summer Time),0.0227,0.0269,0.242,175659.107650129
Tue May 07 2024 14:00:00 GMT+0100 (British Summer Time),0.0227,0.0269,0.2435,43861.171940070024
Tue May 07 2024 15:00:00 GMT+0100 (British Summer Time),0.0227,0.0269,0.2423,95401.58346741961
Tue May 07 2024 16:00:00 GMT+0100 (British Summer Time),0.0227,0.0269,0.2428,109550.27440491921
Tue May 07 2024 17:00:00 GMT+0100 (British Summer Time),0.0227,0.0269,0.2424,61800.6779232815
Tue May 07 2024 18:00:00 GMT+0100 (British Summer Time),0.0227,0.0269,0.2482,141752.38346964837
Tue May 07 2024 19:00:00 GMT+0100 (British Summer Time),0.0227,0.0269,0.2491,82350.35268557354
Tue May 07 2024 20:00:00 GMT+0100 (British Summer Time),0.0227,0.0269,0.2476,51638.676445410165
Tue May 07 2024 21:00:00 GMT+0100 (British Summer Time),0.0227,0.0269,0.2474,28111.200115584743
Tue May 07 2024 22:00:00 GMT+0100 (British Summer Time),0.0227,0.0269,0.2499,54116.174783678194
Tue May 07 2024 23:00:00 GMT+0100 (British Summer Time),0.0227,0.0269,0.2499,60999.89505164156
Wed May 08 2024 00:00:00 GMT+0100 (British Summer Time),0.0322,0.0263,0.2499,38768.10892044189
Wed May 08 2024 01:00:00 GMT+0100 (British Summer Time),0.0322,0.0263,0.2499,4286.826215010471
Wed May 08 2024 02:00:00 GMT+0100 (British Summer Time),0.0322,0.0263,0.2513,51371.33353599589
Wed May 08 2024 03:00:00 GMT+0100 (British Summer Time),0.0322,0.0263,0.2446,153086.50489594124
Wed May 08 2024 04:00:00 GMT+0100 (British Summer Time),0.0322,0.0263,0.244,5152.454318909145
Wed May 08 2024 05:00:00 GMT+0100 (British Summer Time),0.0322,0.0263,0.2425,54281.204626737475
Wed May 08 2024 06:00:00 GMT+0100 (British Summer Time),0.0322,0.0263,0.2428,4147.991145974924
Wed May 08 2024 07:00:00 GMT+0100 (British Summer Time),0.0322,0.0263,0.2376,86665.14528921735
Wed May 08 2024 08:00:00 GMT+0100 (British Summer Time),0.0322,0.0263,0.238,44033.68067382218
Wed May 08 2024 09:00:00 GMT+0100 (British Summer Time),0.0322,0.0263,0.2374,54152.177441332286
Wed May 08 2024 10:00:00 GMT+0100 (British Summer Time),0.0322,0.0263,0.2381,6748.325849820111
Wed May 08 2024 11:00:00 GMT+0100 (British Summer Time),0.0322,0.0263,0.2372,40930.91436777514
Wed May 08 2024 12:00:00 GMT+0100 (British Summer Time),0.0284,0.027,0.2382,15916.319106252746
Wed May 08 2024 13:00:00 GMT+0100 (British Summer Time),0.0284,0.027,0.237,92826.39837245518
Wed May 08 2024 14:00:00 GMT+0100 (British Summer Time),0.0284,0.027,0.238,11921.506528544853
Wed May 08 2024 15:00:00 GMT+0100 (British Summer Time),0.0284,0.027,0.2373,131663.2901411704
Wed May 08 2024 16:00:00 GMT+0100 (British Summer Time),0.0284,0.027,0.2401,62358.95986327967
Wed May 08 2024 17:00:00 GMT+0100 (British Summer Time),0.0284,0.027,0.2398,7860.619641775847
Wed May 08 2024 18:00:00 GMT+0100 (British Summer Time),0.0284,0.027,0.2419,32428.026458035038
Wed May 08 2024 19:00:00 GMT+0100 (British Summer Time),0.0284,0.027,0.2421,38025.50393503765
Wed May 08 2024 20:00:00 GMT+0100 (British Summer Time),0.0284,0.027,0.242,18772.25577888261
Wed May 08 2024 21:00:00 GMT+0100 (British Summer Time),0.0284,0.027,0.2424,10564.96296607783
Wed May 08 2024 22:00:00 GMT+0100 (British Summer Time),0.0284,0.027,0.2349,999902.5027532105
Wed May 08 2024 23:00:00 GMT+0100 (British Summer Time),0.0284,0.027,0.2359,636517.8662387576
Thu May 09 2024 00:00:00 GMT+0100 (British Summer Time),0.0189,0.0241,0.2358,25535.837359377678
Thu May 09 2024 01:00:00 GMT+0100 (British Summer Time),0.0189,0.0241,0.2363,14592.226142977685
Thu May 09 2024 02:00:00 GMT+0100 (British Summer Time),0.0189,0.0241,0.2387,237928.9652985675
Thu May 09 2024 03:00:00 GMT+0100 (British Summer Time),0.0189,0.0241,0.2361,160632.41988982967
Thu May 09 2024 04:00:00 GMT+0100 (British Summer Time),0.0189,0.0241,0.2361,62048.65775086346
Thu May 09 2024 05:00:00 GMT+0100 (British Summer Time),0.0189,0.0241,0.2361,3320.919719197419
Thu May 09 2024 06:00:00 GMT+0100 (British Summer Time),0.0189,0.0241,0.2364,2531.268573134623
Thu May 09 2024 07:00:00 GMT+0100 (British Summer Time),0.0189,0.0241,0.2365,1252.9960454657676
Thu May 09 2024 08:00:00 GMT+0100 (British Summer Time),0.0189,0.0241,0.2366,1829.388652333579
Thu May 09 2024 09:00:00 GMT+0100 (British Summer Time),0.0189,0.0241,0.2382,16015.803422364248
Thu May 09 2024 10:00:00 GMT+0100 (British Summer Time),0.0189,0.0241,0.2368,43543.42637916346
Thu May 09 2024 11:00:00 GMT+0100 (British Summer Time),0.0189,0.0241,0.2369,32048.194266792136
Thu May 09 2024 12:00:00 GMT+0100 (British Summer Time),0.0195,0.0269,0.2368,84302.56088068835
Thu May 09 2024 13:00:00 GMT+0100 (British Summer Time),0.0195,0.0269,0.2369,157550.9424761759
Thu May 09 2024 14:00:00 GMT+0100 (British Summer Time),0.0195,0.0269,0.2359,90529.64297420564
Thu May 09 2024 15:00:00 GMT+0100 (British Summer Time),0.0195,0.0269,0.2371,23542.741094809542
Thu May 09 2024 16:00:00 GMT+0100 (British Summer Time),0.0195,0.0269,0.2374,41992.706209888696
Thu May 09 2024 17:00:00 GMT+0100 (British Summer Time),0.0195,0.0269,0.2352,48730.12930997742
Thu May 09 2024 18:00:00 GMT+0100 (British Summer Time),0.0195,0.0269,0.2354,5338.762341094253
Thu May 09 2024 19:00:00 GMT+0100 (British Summer Time),0.0195,0.0269,0.2354,12483.18875457927
Thu May 09 2024 20:00:00 GMT+0100 (British Summer Time),0.0195,0.0269,0.2362,27917.135074006703
Thu May 09 2024 21:00:00 GMT+0100 (British Summer Time),0.0195,0.0269,0.2369,36410.55949953609
Thu May 09 2024 22:00:00 GMT+0100 (British Summer Time),0.0195,0.0269,0.2375,29324.975375465416
Thu May 09 2024 23:00:00 GMT+0100 (British Summer Time),0.0195,0.0269,0.236,40624.905135330664
Fri May 10 2024 00:00:00 GMT+0100 (British Summer Time),0.0228,0.0274,0.2362,77268.59360989367
Fri May 10 2024 01:00:00 GMT+0100 (British Summer Time),0.0228,0.0274,0.2352,57710.642893489465
Fri May 10 2024 02:00:00 GMT+0100 (British Summer Time),0.0228,0.0274,0.2357,28242.500333518787
Fri May 10 2024 03:00:00 GMT+0100 (British Summer Time),0.0228,0.0274,0.2351,27501.416901842662
Fri May 10 2024 04:00:00 GMT+0100 (British Summer Time),0.0228,0.0274,0.2337,62828.37258348654
Fri May 10 2024 05:00:00 GMT+0100 (British Summer Time),0.0228,0.0274,0.2345,7526.403429734005
Fri May 10 2024 06:00:00 GMT+0100 (British Summer Time),0.0228,0.0274,0.2346,2524.3945196447926
Fri May 10 2024 07:00:00 GMT+0100 (British Summer Time),0.0228,0.0274,0.2335,18398.14530480171
Fri May 10 2024 08:00:00 GMT+0100 (British Summer Time),0.0228,0.0274,0.2365,61854.50567573149
Fri May 10 2024 09:00:00 GMT+0100 (British Summer Time),0.0228,0.0274,0.2389,52992.824749627216
Fri May 10 2024 10:00:00 GMT+0100 (British Summer Time),0.0228,0.0274,0.2387,9359.698531454236
Fri May 10 2024 11:00:00 GMT+0100 (British Summer Time),0.0228,0.0274,0.2383,9374.427088770542
Fri May 10 2024 12:00:00 GMT+0100 (British Summer Time),0.0192,0.0297,0.2305,110410.107232176
Fri May 10 2024 13:00:00 GMT+0100 (British Summer Time),0.0192,0.0297,0.2322,37376.02514083634
Fri May 10 2024 14:00:00 GMT+0100 (British Summer Time),0.0192,0.0297,0.2327,41077.87041869575
Fri May 10 2024 15:00:00 GMT+0100 (British Summer Time),0.0192,0.0297,0.2316,48463.4894673589
Fri May 10 2024 16:00:00 GMT+0100 (British Summer Time),0.0192,0.0297,0.2287,209408.12337833623
Fri May 10 2024 17:00:00 GMT+0100 (British Summer Time),0.0192,0.0297,0.2296,10998.251088453128
Fri May 10 2024 18:00:00 GMT+0100 (British Summer Time),0.0192,0.0297,0.2287,44756.048841975586
Fri May 10 2024 19:00:00 GMT+0100 (British Summer Time),0.0192,0.0297,0.2294,16185.752168964531
Fri May 10 2024 20:00:00 GMT+0100 (British Summer Time),0.0192,0.0297,0.231,11239.227358989408
Fri May 10 2024 21:00:00 GMT+0100 (British Summer Time),0.0192,0.0297,0.2319,10987.641565812206
Fri May 10 2024 22:00:00 GMT+0100 (British Summer Time),0.0192,0.0297,0.2334,23881.338199171052
Fri May 10 2024 23:00:00 GMT+0100 (British Summer Time),0.0192,0.0297,0.2333,5982.735989349831
Sat May 11 2024 00:00:00 GMT+0100 (British Summer Time),0.016,0.0297,0.2299,36977.44450588295
Sat May 11 2024 01:00:00 GMT+0100 (British Summer Time),0.016,0.0297,0.2258,46078.07693466181
Sat May 11 2024 02:00:00 GMT+0100 (British Summer Time),0.016,0.0297,0.2242,72252.52712469352
Sat May 11 2024 03:00:00 GMT+0100 (British Summer Time),0.016,0.0297,0.2247,4665.292881012781
Sat May 11 2024 04:00:00 GMT+0100 (British Summer Time),0.016,0.0297,0.2275,30381.922341579415
Sat May 11 2024 05:00:00 GMT+0100 (British Summer Time),0.016,0.0297,0.2277,6801.027291192414
Sat May 11 2024 06:00:00 GMT+0100 (British Summer Time),0.016,0.0297,0.2277,64186.997815305935
Sat May 11 2024 07:00:00 GMT+0100 (British Summer Time),0.016,0.0297,0.2269,7713.966808262787
Sat May 11 2024 08:00:00 GMT+0100 (British Summer Time),0.016,0.0297,0.2266,3301.803346343181
Sat May 11 2024 09:00:00 GMT+0100 (British Summer Time),0.016,0.0297,0.2275,9292.190171464525
Sat May 11 2024 10:00:00 GMT+0100 (British Summer Time),0.016,0.0297,0.2276,7726.752250002988
Sat May 11 2024 11:00:00 GMT+0100 (British Summer Time),0.016,0.0297,0.2278,1250.100070040519
Sat May 11 2024 12:00:00 GMT+0100 (British Summer Time),0.0351,0.0248,0.228,12290.265014596813
Sat May 11 2024 13:00:00 GMT+0100 (British Summer Time),0.0351,0.0248,0.223,161074.6997751895
Sat May 11 2024 14:00:00 GMT+0100 (British Summer Time),0.0351,0.0248,0.2232,40400.57966272179
Sat May 11 2024 15:00:00 GMT+0100 (British Summer Time),0.0351,0.0248,0.2272,14437.03756442241
Sat May 11 2024 16:00:00 GMT+0100 (British Summer Time),0.0351,0.0248,0.2282,23225.34853112628
Sat May 11 2024 17:00:00 GMT+0100 (British Summer Time),0.0351,0.0248,0.2303,76441.524259385
Sat May 11 2024 18:00:00 GMT+0100 (British Summer Time),0.0351,0.0248,0.231,17269.2595062291
Sat May 11 2024 19:00:00 GMT+0100 (British Summer Time),0.0351,0.0248,0.2308,27290.747961299403
Sat May 11 2024 20:00:00 GMT+0100 (British Summer Time),0.0351,0.0248,0.2308,34709.25046556698
Sat May 11 2024 21:00:00 GMT+0100 (British Summer Time),0.0351,0.0248,0.2248,292386.4920992368
Sat May 11 2024 22:00:00 GMT+0100 (British Summer Time),0.0351,0.0248,0.2217,219333.6257790078
Sat May 11 2024 23:00:00 GMT+0100 (British Summer Time),0.0351,0.0248,0.217,86510.72199679684
Sun May 12 2024 00:00:00 GMT+0100 (British Summer Time),0.0383,0.0253,0.2196,55012.808531103976
Sun May 12 2024 01:00:00 GMT+0100 (British Summer Time),0.0383,0.0253,0.2138,197016.55356730495
Sun May 12 2024 02:00:00 GMT+0100 (British Summer Time),0.0383,0.0253,0.2139,57566.600926565145
Sun May 12 2024 03:00:00 GMT+0100 (British Summer Time),0.0383,0.0253,0.2167,155352.45871361613
Sun May 12 2024 04:00:00 GMT+0100 (British Summer Time),0.0383,0.0253,0.215,20582.387002644362
Sun May 12 2024 05:00:00 GMT+0100 (British Summer Time),0.0383,0.0253,0.215,48933.05389640584
Sun May 12 2024 06:00:00 GMT+0100 (British Summer Time),0.0383,0.0253,0.2134,303433.3938161088
Sun May 12 2024 07:00:00 GMT+0100 (British Summer Time),0.0383,0.0253,0.2135,16723.65657050405
Sun May 12 2024 08:00:00 GMT+0100 (British Summer Time),0.0383,0.0253,0.2207,206094.66990415688
Sun May 12 2024 09:00:00 GMT+0100 (British Summer Time),0.0383,0.0253,0.2207,31817.43587294593
Sun May 12 2024 10:00:00 GMT+0100 (British Summer Time),0.0383,0.0253,0.2277,187098.0933448518
Sun May 12 2024 11:00:00 GMT+0100 (British Summer Time),0.0383,0.0253,0.2334,124122.38832795466
Sun May 12 2024 12:00:00 GMT+0100 (British Summer Time),0.0157,0.0237,0.2235,198900.2736840214
Sun May 12 2024 13:00:00 GMT+0100 (British Summer Time),0.0157,0.0237,0.2254,28245.460420327974
Sun May 12 2024 14:00:00 GMT+0100 (British Summer Time),0.0157,0.0237,0.2253,15166.49681048526
Sun May 12 2024 15:00:00 GMT+0100 (British Summer Time),0.0157,0.0237,0.2252,30408.80794279466
Sun May 12 2024 16:00:00 GMT+0100 (British Summer Time),0.0157,0.0237,0.2256,33469.235124258266
Sun May 12 2024 17:00:00 GMT+0100 (British Summer Time),0.0157,0.0237,0.2148,1136271.3886588656
Sun May 12 2024 18:00:00 GMT+0100 (British Summer Time),0.0157,0.0237,0.2166,55692.504578671214
Sun May 12 2024 19:00:00 GMT+0100 (British Summer Time),0.0157,0.0237,0.2208,39321.33242296257
Sun May 12 2024 20:00:00 GMT+0100 (British Summer Time),0.0157,0.0237,0.2195,22882.089907122067
Sun May 12 2024 21:00:00 GMT+0100 (British Summer Time),0.0157,0.0237,0.2182,35578.99984078862
Sun May 12 2024 22:00:00 GMT+0100 (British Summer Time),0.0157,0.0237,0.2188,10261.952906009368
Sun May 12 2024 23:00:00 GMT+0100 (British Summer Time),0.0157,0.0237,0.2173,42752.07939720069
Mon May 13 2024 00:00:00 GMT+0100 (British Summer Time),0.0125,0.0218,0.2189,24243.17177232403
Mon May 13 2024 01:00:00 GMT+0100 (British Summer Time),0.0125,0.0218,0.2221,229803.81747789978
Mon May 13 2024 02:00:00 GMT+0100 (British Summer Time),0.0125,0.0218,0.2224,2877.6772505761473
Mon May 13 2024 03:00:00 GMT+0100 (British Summer Time),0.0125,0.0218,0.22,198358.6623583847
Mon May 13 2024 04:00:00 GMT+0100 (British Summer Time),0.0125,0.0218,0.2405,2316800.140605213
Mon May 13 2024 05:00:00 GMT+0100 (British Summer Time),0.0125,0.0218,0.2028,431070.8552776819
Mon May 13 2024 06:00:00 GMT+0100 (British Summer Time),0.0125,0.0218,0.2014,22850.997030527196
Mon May 13 2024 07:00:00 GMT+0100 (British Summer Time),0.0125,0.0218,0.2007,61397.82485284393
Mon May 13 2024 08:00:00 GMT+0100 (British Summer Time),0.0125,0.0218,0.2024,21537.948206553447
Mon May 13 2024 09:00:00 GMT+0100 (British Summer Time),0.0125,0.0218,0.2131,893611.3084401077
Mon May 13 2024 10:00:00 GMT+0100 (British Summer Time),0.0125,0.0218,0.2131,13515.80395381038
Mon May 13 2024 11:00:00 GMT+0100 (British Summer Time),0.0125,0.0218,0.2141,55997.069461178864
Mon May 13 2024 12:00:00 GMT+0100 (British Summer Time),0.0335,0.0248,0.2137,93562.42804350496
Mon May 13 2024 13:00:00 GMT+0100 (British Summer Time),0.0335,0.0248,0.218,16739.11362112886
Mon May 13 2024 14:00:00 GMT+0100 (British Summer Time),0.0335,0.0248,0.2207,65949.20451906892
Mon May 13 2024 15:00:00 GMT+0100 (British Summer Time),0.0335,0.0248,0.222,35610.618776881034
Mon May 13 2024 16:00:00 GMT+0100 (British Summer Time),0.0335,0.0248,0.2209,43349.85773642954
Mon May 13 2024 17:00:00 GMT+0100 (British Summer Time),0.0335,0.0248,0.2183,26461.303727884184
Mon May 13 2024 18:00:00 GMT+0100 (British Summer Time),0.0335,0.0248,0.2218,98965.98240623028
Mon May 13 2024 19:00:00 GMT+0100 (British Summer Time),0.0335,0.0248,0.2177,66130.98072445656
Mon May 13 2024 20:00:00 GMT+0100 (British Summer Time),0.0335,0.0248,0.2077,318101.1942322251
Mon May 13 2024 21:00:00 GMT+0100 (British Summer Time),0.0335,0.0248,0.2088,10692.247369522118
Mon May 13 2024 22:00:00 GMT+0100 (British Summer Time),0.0335,0.0248,0.2042,899262.5919794535
Mon May 13 2024 23:00:00 GMT+0100 (British Summer Time),0.0335,0.0248,0.2047,8066.051233006391
Tue May 14 2024 00:00:00 GMT+0100 (British Summer Time),0.0505,0.0272,0.2049,653.7217593239502
Tue May 14 2024 01:00:00 GMT+0100 (British Summer Time),0.0505,0.0272,0.2052,15636.51771311193
Tue May 14 2024 02:00:00 GMT+0100 (British Summer Time),0.0505,0.0272,0.2053,2670.8192200979847
Tue May 14 2024 03:00:00 GMT+0100 (British Summer Time),0.0505,0.0272,0.2046,11168.362540470462
Tue May 14 2024 04:00:00 GMT+0100 (British Summer Time),0.0505,0.0272,0.2065,281210.45950633776
Tue May 14 2024 05:00:00 GMT+0100 (British Summer Time),0.0505,0.0272,0.2062,40351.25116022841
Tue May 14 2024 06:00:00 GMT+0100 (British Summer Time),0.0505,0.0272,0.205,108485.77711989448
Tue May 14 2024 07:00:00 GMT+0100 (British Summer Time),0.0505,0.0272,0.2046,94598.07421465854
Tue May 14 2024 08:00:00 GMT+0100 (British Summer Time),0.0505,0.0272,0.2049,89638.34222986641
Tue May 14 2024 09:00:00 GMT+0100 (British Summer Time),0.0505,0.0272,0.2072,26665.114837551468
Tue May 14 2024 10:00:00 GMT+0100 (British Summer Time),0.0505,0.0272,0.2084,5403.479346635667
Tue May 14 2024 11:00:00 GMT+0100 (British Summer Time),0.0505,0.0272,0.2069,22344.352020175626
Tue May 14 2024 12:00:00 GMT+0100 (British Summer Time),0.024,0.025,0.2077,9814.08284156058
Tue May 14 2024 13:00:00 GMT+0100 (British Summer Time),0.024,0.025,0.2067,106358.65991765283
Tue May 14 2024 14:00:00 GMT+0100 (British Summer Time),0.024,0.025,0.2031,42093.12285815893
Tue May 14 2024 15:00:00 GMT+0100 (British Summer Time),0.024,0.025,0.2028,6759.615625733966
Tue May 14 2024 16:00:00 GMT+0100 (British Summer Time),0.024,0.025,0.2047,56874.06375099195
Tue May 14 2024 17:00:00 GMT+0100 (British Summer Time),0.024,0.025,0.2052,12619.46083320375
Tue May 14 2024 18:00:00 GMT+0100 (British Summer Time),0.024,0.025,0.2042,27963.85238700431
Tue May 14 2024 19:00:00 GMT+0100 (British Summer Time),0.024,0.025,0.2115,115818.60055701387
Tue May 14 2024 20:00:00 GMT+0100 (British Summer Time),0.024,0.025,0.2114,10419.852533179206
Tue May 14 2024 21:00:00 GMT+0100 (British Summer Time),0.024,0.025,0.2121,4159.016087896033
Tue May 14 2024 22:00:00 GMT+0100 (British Summer Time),0.024,0.025,0.215,129618.02060812153
Tue May 14 2024 23:00:00 GMT+0100 (British Summer Time),0.024,0.025,0.215,12965.641621658488
Wed May 15 2024 00:00:00 GMT+0100 (British Summer Time),0.0264,0.0264,0.215,4281.4891690523855
Wed May 15 2024 01:00:00 GMT+0100 (British Summer Time),0.0264,0.0264,0.215,19141.731844798265
Wed May 15 2024 02:00:00 GMT+0100 (British Summer Time),0.0264,0.0264,0.2151,103895.70157678772
Wed May 15 2024 03:00:00 GMT+0100 (British Summer Time),0.0264,0.0264,0.2183,772430.8124490507
Wed May 15 2024 04:00:00 GMT+0100 (British Summer Time),0.0264,0.0264,0.2212,4657.811105756208
Wed May 15 2024 05:00:00 GMT+0100 (British Summer Time),0.0264,0.0264,0.2197,13456.984236910332
Wed May 15 2024 06:00:00 GMT+0100 (British Summer Time),0.0264,0.0264,0.2126,164137.35748356412
Wed May 15 2024 07:00:00 GMT+0100 (British Summer Time),0.0264,0.0264,0.2154,25307.134321822658
Wed May 15 2024 08:00:00 GMT+0100 (British Summer Time),0.0264,0.0264,0.215,13947.748833549127
Wed May 15 2024 09:00:00 GMT+0100 (British Summer Time),0.0264,0.0264,0.2158,4264.484779593813
Wed May 15 2024 10:00:00 GMT+0100 (British Summer Time),0.0264,0.0264,0.2153,17496.67736512397
Wed May 15 2024 11:00:00 GMT+0100 (British Summer Time),0.0264,0.0264,0.212,273394.627641157
Wed May 15 2024 12:00:00 GMT+0100 (British Summer Time),0.0338,0.0258,0.2125,5162.480378128966
Wed May 15 2024 13:00:00 GMT+0100 (British Summer Time),0.0338,0.0258,0.2086,87147.71284758508
Wed May 15 2024 14:00:00 GMT+0100 (British Summer Time),0.0338,0.0258,0.2085,15428.999189516744
Wed May 15 2024 15:00:00 GMT+0100 (British Summer Time),0.0338,0.0258,0.208,64437.21318295147
Wed May 15 2024 16:00:00 GMT+0100 (British Summer Time),0.0338,0.0258,0.2107,61056.60352828177
Wed May 15 2024 17:00:00 GMT+0100 (British Summer Time),0.0338,0.0258,0.2043,1969610.0397911938
Wed May 15 2024 18:00:00 GMT+0100 (British Summer Time),0.0338,0.0258,0.2032,62692.879333739875
Wed May 15 2024 19:00:00 GMT+0100 (British Summer Time),0.0338,0.0258,0.1928,206906.13656488791
Wed May 15 2024 20:00:00 GMT+0100 (British Summer Time),0.0338,0.0258,0.198,130041.72066478478
Wed May 15 2024 21:00:00 GMT+0100 (British Summer Time),0.0338,0.0258,0.2004,48008.70721656576
Wed May 15 2024 22:00:00 GMT+0100 (British Summer Time),0.0338,0.0258,0.2035,113684.27747718875
Wed May 15 2024 23:00:00 GMT+0100 (British Summer Time),0.0338,0.0258,0.2038,9190.138076389358
Thu May 16 2024 00:00:00 GMT+0100 (British Summer Time),0.0303,0.028,0.202,41509.06175718675
Thu May 16 2024 01:00:00 GMT+0100 (British Summer Time),0.0303,0.028,0.2034,38608.0557821215
Thu May 16 2024 02:00:00 GMT+0100 (British Summer Time),0.0303,0.028,0.1884,195454.68697988984
Thu May 16 2024 03:00:00 GMT+0100 (British Summer Time),0.0303,0.028,0.1885,16941.231011714874
Thu May 16 2024 04:00:00 GMT+0100 (British Summer Time),0.0303,0.028,0.1925,39396.074093831885
Thu May 16 2024 05:00:00 GMT+0100 (British Summer Time),0.0303,0.028,0.1928,2681.458905215602
Thu May 16 2024 06:00:00 GMT+0100 (British Summer Time),0.0303,0.028,0.1953,24755.732931475937
Thu May 16 2024 07:00:00 GMT+0100 (British Summer Time),0.0303,0.028,0.1955,81237.03058013032
Thu May 16 2024 08:00:00 GMT+0100 (British Summer Time),0.0303,0.028,0.1961,10594.03469811528
Thu May 16 2024 09:00:00 GMT+0100 (British Summer Time),0.0303,0.028,0.1984,33396.221652862754
Thu May 16 2024 10:00:00 GMT+0100 (British Summer Time),0.0303,0.028,0.1974,23620.64158595061
Thu May 16 2024 11:00:00 GMT+0100 (British Summer Time),0.0303,0.028,0.2025,389001.2556627786
Thu May 16 2024 12:00:00 GMT+0100 (British Summer Time),0.0153,0.0252,0.1989,64112.98966948963
Thu May 16 2024 13:00:00 GMT+0100 (British Summer Time),0.0153,0.0252,0.1993,5780.84701909489
Thu May 16 2024 14:00:00 GMT+0100 (British Summer Time),0.0153,0.0252,0.1995,9173.873833509451
Thu May 16 2024 15:00:00 GMT+0100 (British Summer Time),0.0153,0.0252,0.1998,109772.07181675005
Thu May 16 2024 16:00:00 GMT+0100 (British Summer Time),0.0153,0.0252,0.1927,511632.5409985046
Thu May 16 2024 17:00:00 GMT+0100 (British Summer Time),0.0153,0.0252,0.1936,12877.078226256452
Thu May 16 2024 18:00:00 GMT+0100 (British Summer Time),0.0153,0.0252,0.1981,39477.530209725715
Thu May 16 2024 19:00:00 GMT+0100 (British Summer Time),0.0153,0.0252,0.1981,68801.78326537598
Thu May 16 2024 20:00:00 GMT+0100 (British Summer Time),0.031,0.0274,0.202,36694.12074049439
Thu May 16 2024 21:00:00 GMT+0100 (British Summer Time),0.031,0.0274,0.2019,169425.15428092433
Thu May 16 2024 22:00:00 GMT+0100 (British Summer Time),0.031,0.0274,0.203,18878.772661300558
Thu May 16 2024 23:00:00 GMT+0100 (British Summer Time),0.031,0.0274,0.2035,78513.53985691092
Fri May 17 2024 00:00:00 GMT+0100 (British Summer Time),0.0154,0.027,0.2038,38877.63765578741
Fri May 17 2024 01:00:00 GMT+0100 (British Summer Time),0.0154,0.027,0.2038,1342.1793926321814
Fri May 17 2024 02:00:00 GMT+0100 (British Summer Time),0.0154,0.027,0.2038,272809.4275997323
Fri May 17 2024 03:00:00 GMT+0100 (British Summer Time),0.0154,0.027,0.1999,753189.024367593
Fri May 17 2024 04:00:00 GMT+0100 (British Summer Time),0.0154,0.027,0.2008,20278.46923838825
Fri May 17 2024 05:00:00 GMT+0100 (British Summer Time),0.0154,0.027,0.2006,1700.5079547294608
Fri May 17 2024 06:00:00 GMT+0100 (British Summer Time),0.0154,0.027,0.2013,37047.034363037805
Fri May 17 2024 07:00:00 GMT+0100 (British Summer Time),0.0154,0.027,0.2018,7416.992875889097
Fri May 17 2024 08:00:00 GMT+0100 (British Summer Time),0.0299,0.0291,0.2028,8340.973997875055
Fri May 17 2024 09:00:00 GMT+0100 (British Summer Time),0.0299,0.0291,0.2088,89426.31043312183
Fri May 17 2024 10:00:00 GMT+0100 (British Summer Time),0.0299,0.0291,0.2093,17817.869926105574
Fri May 17 2024 11:00:00 GMT+0100 (British Summer Time),0.0299,0.0291,0.2091,1900.9486357036062
Fri May 17 2024 12:00:00 GMT+0100 (British Summer Time),0.0299,0.0267,0.2019,694537.6647239671
Fri May 17 2024 13:00:00 GMT+0100 (British Summer Time),0.0299,0.0267,0.2008,21130.865571330625
Fri May 17 2024 14:00:00 GMT+0100 (British Summer Time),0.0299,0.0267,0.2031,30133.10696004911
Fri May 17 2024 15:00:00 GMT+0100 (British Summer Time),0.0299,0.0267,0.2026,3918.0865081823335
Fri May 17 2024 16:00:00 GMT+0100 (British Summer Time),0.0299,0.0267,0.2029,35109.38425263237
Fri May 17 2024 17:00:00 GMT+0100 (British Summer Time),0.0299,0.0267,0.2029,13188.017852869167
Fri May 17 2024 18:00:00 GMT+0100 (British Summer Time),0.0299,0.0267,0.201,20192.457914841136
Fri May 17 2024 19:00:00 GMT+0100 (British Summer Time),0.0299,0.0267,0.2054,58244.36466885584
Fri May 17 2024 20:00:00 GMT+0100 (British Summer Time),0.0375,0.0301,0.2092,354367.9526123427
Fri May 17 2024 21:00:00 GMT+0100 (British Summer Time),0.0375,0.0301,0.211,28386.977856369263
Fri May 17 2024 22:00:00 GMT+0100 (British Summer Time),0.0375,0.0301,0.211,22457.694951594513
Fri May 17 2024 23:00:00 GMT+0100 (British Summer Time),0.0375,0.0301,0.2109,10855.257942778706
Sat May 18 2024 00:00:00 GMT+0100 (British Summer Time),0.0375,0.0301,0.2109,7648.415469404092
Sat May 18 2024 01:00:00 GMT+0100 (British Summer Time),0.0375,0.0301,0.2109,6675.265247639812
Sat May 18 2024 02:00:00 GMT+0100 (British Summer Time),0.0375,0.0301,0.2109,1709.0642309893801
Sat May 18 2024 03:00:00 GMT+0100 (British Summer Time),0.0375,0.0301,0.2108,15844.92224139571
Sat May 18 2024 04:00:00 GMT+0100 (British Summer Time),0.0375,0.0301,0.2109,1615.374266596194
Sat May 18 2024 05:00:00 GMT+0100 (British Summer Time),0.0375,0.0301,0.2029,528029.4303573353
Sat May 18 2024 06:00:00 GMT+0100 (British Summer Time),0.0375,0.0301,0.2059,25877.152243108347
Sat May 18 2024 07:00:00 GMT+0100 (British Summer Time),0.0375,0.0301,0.206,627.9567700887325
Sat May 18 2024 08:00:00 GMT+0100 (British Summer Time),0.0345,0.0317,0.2102,119477.10183321951
Sat May 18 2024 09:00:00 GMT+0100 (British Summer Time),0.0345,0.0317,0.2099,5991.281294232763
Sat May 18 2024 10:00:00 GMT+0100 (British Summer Time),0.0345,0.0317,0.2073,45495.79777089173
Sat May 18 2024 11:00:00 GMT+0100 (British Summer Time),0.0345,0.0317,0.2081,10517.801788263565
Sat May 18 2024 12:00:00 GMT+0100 (British Summer Time),0.0345,0.0267,0.2095,12235.500580604523
Sat May 18 2024 13:00:00 GMT+0100 (British Summer Time),0.0345,0.0267,0.2104,49012.068220838526
Sat May 18 2024 14:00:00 GMT+0100 (British Summer Time),0.0345,0.0267,0.2105,9382.884194834664
Sat May 18 2024 15:00:00 GMT+0100 (British Summer Time),0.0345,0.0267,0.2103,16761.175366910236
Sat May 18 2024 16:00:00 GMT+0100 (British Summer Time),0.0345,0.0267,0.2105,47678.24820187822
Sat May 18 2024 17:00:00 GMT+0100 (British Summer Time),0.0345,0.0267,0.2105,10911.505299072694
Sat May 18 2024 18:00:00 GMT+0100 (British Summer Time),0.0345,0.0267,0.2102,21944.143632236024
Sat May 18 2024 19:00:00 GMT+0100 (British Summer Time),0.0345,0.0267,0.2102,8557.268640013019
Sat May 18 2024 20:00:00 GMT+0100 (British Summer Time),0.0114,0.0267,0.207,48855.428425873906
Sat May 18 2024 21:00:00 GMT+0100 (British Summer Time),0.0271,0.0289,0.2064,5385.53162304292
Sat May 18 2024 22:00:00 GMT+0100 (British Summer Time),0.0271,0.0289,0.2075,10987.781655483866
Sat May 18 2024 23:00:00 GMT+0100 (British Summer Time),0.0271,0.0289,0.2076,3421.0429231648172
Sun May 19 2024 00:00:00 GMT+0100 (British Summer Time),0.0271,0.0285,0.2076,1592.834434148901
Sun May 19 2024 01:00:00 GMT+0100 (British Summer Time),0.0271,0.0285,0.2075,1106.5710866838012
Sun May 19 2024 02:00:00 GMT+0100 (British Summer Time),0.0271,0.0285,0.2086,10966.365028066415
Sun May 19 2024 03:00:00 GMT+0100 (British Summer Time),0.0271,0.0285,0.2043,93350.770752998
Sun May 19 2024 04:00:00 GMT+0100 (British Summer Time),0.0271,0.0285,0.2088,104898.58719764715
Sun May 19 2024 05:00:00 GMT+0100 (British Summer Time),0.0271,0.0285,0.209,2609.969646884494
Sun May 19 2024 06:00:00 GMT+0100 (British Summer Time),0.0271,0.0285,0.2101,25253.419804077294
Sun May 19 2024 07:00:00 GMT+0100 (British Summer Time),0.0271,0.0285,0.2101,1479.8758458750715
Sun May 19 2024 08:00:00 GMT+0100 (British Summer Time),0.0155,0.0285,0.2094,34254.341500933784
Sun May 19 2024 09:00:00 GMT+0100 (British Summer Time),0.0303,0.0306,0.2096,2235.964334575094
Sun May 19 2024 10:00:00 GMT+0100 (British Summer Time),0.0303,0.0306,0.2092,15385.009572039044
Sun May 19 2024 11:00:00 GMT+0100 (British Summer Time),0.0303,0.0306,0.2094,51403.56593081162
Sun May 19 2024 12:00:00 GMT+0100 (British Summer Time),0.0303,0.0288,0.2041,78633.1738563587
Sun May 19 2024 13:00:00 GMT+0100 (British Summer Time),0.0303,0.0288,0.2033,7053.287127414016
Sun May 19 2024 14:00:00 GMT+0100 (British Summer Time),0.0303,0.0288,0.2069,72415.63518258916
Sun May 19 2024 15:00:00 GMT+0100 (British Summer Time),0.0303,0.0288,0.2041,39311.72350048546
Sun May 19 2024 16:00:00 GMT+0100 (British Summer Time),0.0303,0.0288,0.2065,5480.326752346022
Sun May 19 2024 17:00:00 GMT+0100 (British Summer Time),0.0303,0.0288,0.2059,9324.843087086352
Sun May 19 2024 18:00:00 GMT+0100 (British Summer Time),0.0303,0.0288,0.2016,99152.18234975227
Sun May 19 2024 19:00:00 GMT+0100 (British Summer Time),0.0303,0.0288,0.2016,23.54030673916121
Sun May 19 2024 20:00:00 GMT+0100 (British Summer Time),0.0303,0.0288,0.198,97991.07509106697
Sun May 19 2024 21:00:00 GMT+0100 (British Summer Time),0.0272,0.0306,0.2011,47637.12686453972
Sun May 19 2024 22:00:00 GMT+0100 (British Summer Time),0.0272,0.0306,0.2011,9352.381573382314
Sun May 19 2024 23:00:00 GMT+0100 (British Summer Time),0.0272,0.0306,0.2012,19138.910822320366
Mon May 20 2024 00:00:00 GMT+0100 (British Summer Time),0.0272,0.0306,0.2016,24933.14307030488
Mon May 20 2024 01:00:00 GMT+0100 (British Summer Time),0.0272,0.0306,0.2016,4.728125987217506
Mon May 20 2024 02:00:00 GMT+0100 (British Summer Time),0.0272,0.0306,0.2016,3731.3849870162016
Mon May 20 2024 03:00:00 GMT+0100 (British Summer Time),0.0272,0.0306,0.2016,1866.3715692903656
Mon May 20 2024 04:00:00 GMT+0100 (British Summer Time),0.0272,0.0306,0.2016,46.294039919335084
Mon May 20 2024 05:00:00 GMT+0100 (British Summer Time),0.0272,0.0306,0.2017,1529.6049966640676
Mon May 20 2024 06:00:00 GMT+0100 (British Summer Time),0.0272,0.0306,0.2017,32169.604946038082
Mon May 20 2024 07:00:00 GMT+0100 (British Summer Time),0.0272,0.0306,0.2017,1849.1457891548534
Mon May 20 2024 08:00:00 GMT+0100 (British Summer Time),0.0272,0.0306,0.2006,55325.938819820614
Mon May 20 2024 09:00:00 GMT+0100 (British Summer Time),0.0261,0.0326,0.2002,13201.82268283946
Mon May 20 2024 10:00:00 GMT+0100 (British Summer Time),0.0261,0.0326,0.1988,110610.29231046005
Mon May 20 2024 11:00:00 GMT+0100 (British Summer Time),0.0261,0.0326,0.1996,65069.71281506462
Mon May 20 2024 12:00:00 GMT+0100 (British Summer Time),0.0261,0.0277,0.2006,10176.626897798003
Mon May 20 2024 13:00:00 GMT+0100 (British Summer Time),0.0261,0.0277,0.2011,4408.741508149107
Mon May 20 2024 14:00:00 GMT+0100 (British Summer Time),0.0261,0.0277,0.2009,69463.99113193332
Mon May 20 2024 15:00:00 GMT+0100 (British Summer Time),0.0261,0.0277,0.2008,11868.288267971431
Mon May 20 2024 16:00:00 GMT+0100 (British Summer Time),0.0261,0.0277,0.2005,188788.58788423936
Mon May 20 2024 17:00:00 GMT+0100 (British Summer Time),0.0261,0.0277,0.1994,89660.39120610376
Mon May 20 2024 18:00:00 GMT+0100 (British Summer Time),0.0261,0.0277,0.1996,5121.403999524195
Mon May 20 2024 19:00:00 GMT+0100 (British Summer Time),0.0261,0.0277,0.2018,28683.718485785364
Mon May 20 2024 20:00:00 GMT+0100 (British Summer Time),0.0261,0.0277,0.2023,18580.96978996566
Mon May 20 2024 21:00:00 GMT+0100 (British Summer Time),0.0135,0.0277,0.2047,220329.38984144857
Mon May 20 2024 22:00:00 GMT+0100 (British Summer Time),0.0135,0.0277,0.2046,161376.95514734293
Mon May 20 2024 23:00:00 GMT+0100 (British Summer Time),0.0135,0.0277,0.2049,122245.15571836501
Tue May 21 2024 00:00:00 GMT+0100 (British Summer Time),0.0135,0.0253,0.2074,246370.63848223363
Tue May 21 2024 01:00:00 GMT+0100 (British Summer Time),0.0135,0.0253,0.2098,369913.31645101635
Tue May 21 2024 02:00:00 GMT+0100 (British Summer Time),0.0135,0.0253,0.2074,50326.310030695095
Tue May 21 2024 03:00:00 GMT+0100 (British Summer Time),0.0135,0.0253,0.2091,62771.51946480562
Tue May 21 2024 04:00:00 GMT+0100 (British Summer Time),0.026,0.0271,0.2097,341604.1037761731
Tue May 21 2024 05:00:00 GMT+0100 (British Summer Time),0.026,0.0271,0.2103,1382215.8782987318
Tue May 21 2024 06:00:00 GMT+0100 (British Summer Time),0.026,0.0271,0.207,74358.73408563957
Tue May 21 2024 07:00:00 GMT+0100 (British Summer Time),0.026,0.0271,0.2085,16886.83752007218
Tue May 21 2024 08:00:00 GMT+0100 (British Summer Time),0.026,0.0271,0.2078,119819.85903830818
Tue May 21 2024 09:00:00 GMT+0100 (British Summer Time),0.0123,0.0271,0.2079,269451.5626326827
Tue May 21 2024 10:00:00 GMT+0100 (British Summer Time),0.0123,0.0271,0.208,64526.454005998865
Tue May 21 2024 11:00:00 GMT+0100 (British Summer Time),0.0123,0.0271,0.2079,15391.166917413415
Tue May 21 2024 12:00:00 GMT+0100 (British Summer Time),0.0123,0.026,0.2105,332047.71130937204
Tue May 21 2024 13:00:00 GMT+0100 (British Summer Time),0.0123,0.026,0.2112,19943.58903391203
Tue May 21 2024 14:00:00 GMT+0100 (British Summer Time),0.0123,0.026,0.2129,366898.36418487056
Tue May 21 2024 15:00:00 GMT+0100 (British Summer Time),0.0123,0.026,0.2146,75326.36706585113
Tue May 21 2024 16:00:00 GMT+0100 (British Summer Time),0.0269,0.0281,0.2144,109658.06969295951
Tue May 21 2024 17:00:00 GMT+0100 (British Summer Time),0.0269,0.0281,0.2145,24650.399290263555
Tue May 21 2024 18:00:00 GMT+0100 (British Summer Time),0.0269,0.0281,0.2216,163746.15737018315
Tue May 21 2024 19:00:00 GMT+0100 (British Summer Time),0.0269,0.0281,0.2217,10934.22969256579
Tue May 21 2024 20:00:00 GMT+0100 (British Summer Time),0.0269,0.0281,0.2221,65946.6567511886
Tue May 21 2024 21:00:00 GMT+0100 (British Summer Time),0.0269,0.0281,0.2197,40421.719495890575
Tue May 21 2024 22:00:00 GMT+0100 (British Summer Time),0.0269,0.0281,0.2187,27346.74743105506
Tue May 21 2024 23:00:00 GMT+0100 (British Summer Time),0.0269,0.0281,0.2143,89215.46674004573
Wed May 22 2024 00:00:00 GMT+0100 (British Summer Time),0.0269,0.0254,0.2143,8651.634158668436
Wed May 22 2024 01:00:00 GMT+0100 (British Summer Time),0.0269,0.0254,0.2134,9678.835628806104
Wed May 22 2024 02:00:00 GMT+0100 (British Summer Time),0.0269,0.0254,0.2143,18545.74779574031
Wed May 22 2024 03:00:00 GMT+0100 (British Summer Time),0.0269,0.0254,0.219,54188.90564166571
Wed May 22 2024 04:00:00 GMT+0100 (British Summer Time),0.0295,0.0276,0.2228,48432.54143908924
Wed May 22 2024 05:00:00 GMT+0100 (British Summer Time),0.0295,0.0276,0.2224,247462.07245595806
Wed May 22 2024 06:00:00 GMT+0100 (British Summer Time),0.0295,0.0276,0.2223,8988.781796954645
Wed May 22 2024 07:00:00 GMT+0100 (British Summer Time),0.0295,0.0276,0.2222,112121.99750324732
Wed May 22 2024 08:00:00 GMT+0100 (British Summer Time),0.0295,0.0276,0.221,44078.8631596405
Wed May 22 2024 09:00:00 GMT+0100 (British Summer Time),0.0295,0.0276,0.2213,65859.9037398606
Wed May 22 2024 10:00:00 GMT+0100 (British Summer Time),0.0295,0.0276,0.2221,35251.276633440735
Wed May 22 2024 11:00:00 GMT+0100 (British Summer Time),0.0295,0.0276,0.2187,36392.51653988622
Wed May 22 2024 12:00:00 GMT+0100 (British Summer Time),0.0295,0.0254,0.218,24655.944968610864
Wed May 22 2024 13:00:00 GMT+0100 (British Summer Time),0.0295,0.0254,0.2173,167441.10103906028
Wed May 22 2024 14:00:00 GMT+0100 (British Summer Time),0.0295,0.0254,0.2174,25947.601269045736
Wed May 22 2024 15:00:00 GMT+0100 (British Summer Time),0.0295,0.0254,0.2175,16795.44750302096
Wed May 22 2024 16:00:00 GMT+0100 (British Summer Time),0.0304,0.0276,0.2205,122865.14775354913
Wed May 22 2024 17:00:00 GMT+0100 (British Summer Time),0.0304,0.0276,0.2263,305842.1159479552
Wed May 22 2024 18:00:00 GMT+0100 (British Summer Time),0.0304,0.0276,0.2226,55534.524964218435
Wed May 22 2024 19:00:00 GMT+0100 (British Summer Time),0.0304,0.0276,0.2223,35606.28185885293
Wed May 22 2024 20:00:00 GMT+0100 (British Summer Time),0.0304,0.0276,0.2186,129249.29700419038
Wed May 22 2024 21:00:00 GMT+0100 (British Summer Time),0.0304,0.0276,0.2213,35190.21677870766
Wed May 22 2024 22:00:00 GMT+0100 (British Summer Time),0.0304,0.0276,0.2162,306249.5157367566
Wed May 22 2024 23:00:00 GMT+0100 (British Summer Time),0.0304,0.0276,0.212,46897.714167967366
Thu May 23 2024 00:00:00 GMT+0100 (British Summer Time),0.0304,0.0254,0.2124,30698.997006792375
Thu May 23 2024 01:00:00 GMT+0100 (British Summer Time),0.0304,0.0254,0.2155,39030.33275495416
Thu May 23 2024 02:00:00 GMT+0100 (British Summer Time),0.0304,0.0254,0.2256,672600.2273260019
Thu May 23 2024 03:00:00 GMT+0100 (British Summer Time),0.0304,0.0254,0.2249,99248.94817694768
Thu May 23 2024 04:00:00 GMT+0100 (British Summer Time),0.0309,0.0276,0.2276,280285.64005601703
Thu May 23 2024 05:00:00 GMT+0100 (British Summer Time),0.0309,0.0276,0.2095,454013.70894370065
Thu May 23 2024 06:00:00 GMT+0100 (British Summer Time),0.0309,0.0276,0.2113,26523.363004115294
Thu May 23 2024 07:00:00 GMT+0100 (British Summer Time),0.0309,0.0276,0.2115,16985.361926577345
Thu May 23 2024 08:00:00 GMT+0100 (British Summer Time),0.0309,0.0276,0.2092,42119.84939285874
Thu May 23 2024 09:00:00 GMT+0100 (British Summer Time),0.0309,0.0276,0.2105,32736.459147296548
Thu May 23 2024 10:00:00 GMT+0100 (British Summer Time),0.0309,0.0276,0.2102,21188.562146376647
Thu May 23 2024 11:00:00 GMT+0100 (British Summer Time),0.0309,0.0276,0.2112,49877.781654773
Thu May 23 2024 12:00:00 GMT+0100 (British Summer Time),0.0309,0.0276,0.2127,20354.96571393827
Thu May 23 2024 13:00:00 GMT+0100 (British Summer Time),0.0309,0.0276,0.2125,52537.109247542394
Thu May 23 2024 14:00:00 GMT+0100 (British Summer Time),0.0309,0.0276,0.2127,87009.01638955438
Thu May 23 2024 15:00:00 GMT+0100 (British Summer Time),0.0309,0.0276,0.2126,179923.04300219117
Thu May 23 2024 16:00:00 GMT+0100 (British Summer Time),0.0343,0.0304,0.2111,74223.48951861111
Thu May 23 2024 17:00:00 GMT+0100 (British Summer Time),0.0343,0.0304,0.2118,50933.3651353116
Thu May 23 2024 18:00:00 GMT+0100 (British Summer Time),0.0343,0.0304,0.2117,85338.9903331103
Thu May 23 2024 19:00:00 GMT+0100 (British Summer Time),0.0343,0.0304,0.2115,3795.7494472259687
Thu May 23 2024 20:00:00 GMT+0100 (British Summer Time),0.0343,0.0281,0.2115,34191.58795709541
Thu May 23 2024 21:00:00 GMT+0100 (British Summer Time),0.0343,0.0281,0.2121,116687.11035953504
Thu May 23 2024 22:00:00 GMT+0100 (British Summer Time),0.0343,0.0281,0.2124,38016.98893223969
Thu May 23 2024 23:00:00 GMT+0100 (British Summer Time),0.0343,0.0281,0.2113,43685.34796373128
Fri May 24 2024 00:00:00 GMT+0100 (British Summer Time),0.0343,0.0281,0.2115,23934.43664909118
Fri May 24 2024 01:00:00 GMT+0100 (British Summer Time),0.0343,0.0281,0.2115,130407.43420965021
Fri May 24 2024 02:00:00 GMT+0100 (British Summer Time),0.0343,0.0281,0.2125,28901.77577553763
Fri May 24 2024 03:00:00 GMT+0100 (British Summer Time),0.0343,0.0281,0.2127,27808.773491067124
Fri May 24 2024 04:00:00 GMT+0100 (British Summer Time),0.0334,0.0302,0.2128,10759.925086478255
Fri May 24 2024 05:00:00 GMT+0100 (British Summer Time),0.0334,0.0302,0.2225,173317.01893996666
Fri May 24 2024 06:00:00 GMT+0100 (British Summer Time),0.0334,0.0302,0.223,88932.82700931658
Fri May 24 2024 07:00:00 GMT+0100 (British Summer Time),0.0334,0.0302,0.2251,32498.131200761243
Fri May 24 2024 08:00:00 GMT+0100 (British Summer Time),0.0334,0.0281,0.2249,160385.60312305496
Fri May 24 2024 09:00:00 GMT+0100 (British Summer Time),0.0334,0.0281,0.2209,159401.72611206715
Fri May 24 2024 10:00:00 GMT+0100 (British Summer Time),0.0334,0.0281,0.2207,108952.20109876497
Fri May 24 2024 11:00:00 GMT+0100 (British Summer Time),0.0334,0.0281,0.2202,183156.7856615044
Fri May 24 2024 12:00:00 GMT+0100 (British Summer Time),0.0334,0.0281,0.2202,27643.865622862446
Fri May 24 2024 13:00:00 GMT+0100 (British Summer Time),0.0334,0.0281,0.2201,40047.346061435324
Fri May 24 2024 14:00:00 GMT+0100 (British Summer Time),0.0334,0.0281,0.2199,114233.05048254284
Fri May 24 2024 15:00:00 GMT+0100 (British Summer Time),0.0299,0.0304,0.2199,151749.17560342915
Fri May 24 2024 16:00:00 GMT+0100 (British Summer Time),0.0299,0.0304,0.2198,143225.12475407706
Fri May 24 2024 17:00:00 GMT+0100 (British Summer Time),0.0299,0.0304,0.2197,91400.33081488007
Fri May 24 2024 18:00:00 GMT+0100 (British Summer Time),0.0299,0.0304,0.2256,1301664.2065579135
Fri May 24 2024 19:00:00 GMT+0100 (British Summer Time),0.0299,0.0304,0.2268,35058.75261195055
Fri May 24 2024 20:00:00 GMT+0100 (British Summer Time),0.0299,0.027,0.2218,78060.00311428972
Fri May 24 2024 21:00:00 GMT+0100 (British Summer Time),0.0299,0.027,0.2211,25169.169087023925
Fri May 24 2024 22:00:00 GMT+0100 (British Summer Time),0.0299,0.027,0.2176,150235.73140136732
Fri May 24 2024 23:00:00 GMT+0100 (British Summer Time),0.0299,0.027,0.2173,40641.45661119226
Sat May 25 2024 00:00:00 GMT+0100 (British Summer Time),0.0299,0.027,0.2102,80123.41905627734
Sat May 25 2024 01:00:00 GMT+0100 (British Summer Time),0.0299,0.027,0.2107,25851.117580615184
Sat May 25 2024 02:00:00 GMT+0100 (British Summer Time),0.0299,0.027,0.2132,23549.79211803996
Sat May 25 2024 03:00:00 GMT+0100 (British Summer Time),0.0287,0.029,0.2141,24786.597499371426
Sat May 25 2024 04:00:00 GMT+0100 (British Summer Time),0.0287,0.029,0.2153,11396.528341279563
Sat May 25 2024 05:00:00 GMT+0100 (British Summer Time),0.0287,0.029,0.2158,64546.5628213068
Sat May 25 2024 06:00:00 GMT+0100 (British Summer Time),0.0287,0.029,0.216,3390.069767605252
Sat May 25 2024 07:00:00 GMT+0100 (British Summer Time),0.0287,0.029,0.2186,82045.93632847199
Sat May 25 2024 08:00:00 GMT+0100 (British Summer Time),0.0287,0.0273,0.2178,9459.804915492727
Sat May 25 2024 09:00:00 GMT+0100 (British Summer Time),0.0287,0.0273,0.2221,82740.13426719932
Sat May 25 2024 10:00:00 GMT+0100 (British Summer Time),0.0287,0.0273,0.2213,9408.064831558146
Sat May 25 2024 11:00:00 GMT+0100 (British Summer Time),0.0287,0.0273,0.2217,8715.397914571979
Sat May 25 2024 12:00:00 GMT+0100 (British Summer Time),0.0287,0.0273,0.2226,30522.669767435465
Sat May 25 2024 13:00:00 GMT+0100 (British Summer Time),0.0287,0.0273,0.2166,80383.75506381667
Sat May 25 2024 14:00:00 GMT+0100 (British Summer Time),0.0287,0.0273,0.2231,97568.16468563562
Sat May 25 2024 15:00:00 GMT+0100 (British Summer Time),0.0255,0.0291,0.2104,379489.8409255738
Sat May 25 2024 16:00:00 GMT+0100 (British Summer Time),0.0255,0.0291,0.2103,56729.26760746914
Sat May 25 2024 17:00:00 GMT+0100 (British Summer Time),0.0255,0.0291,0.2153,47146.1194933055
Sat May 25 2024 18:00:00 GMT+0100 (British Summer Time),0.0255,0.0291,0.2011,1111353.4946071068
Sat May 25 2024 19:00:00 GMT+0100 (British Summer Time),0.0255,0.0291,0.2011,11604.495819738255
Sat May 25 2024 20:00:00 GMT+0100 (British Summer Time),0.0255,0.0291,0.202,9903.942266557679
Sat May 25 2024 21:00:00 GMT+0100 (British Summer Time),0.0255,0.0268,0.2036,22859.330454565657
Sat May 25 2024 22:00:00 GMT+0100 (British Summer Time),0.0255,0.0268,0.2047,15380.902347006591
Sat May 25 2024 23:00:00 GMT+0100 (British Summer Time),0.0255,0.0268,0.2111,67543.94549755804
Sun May 26 2024 00:00:00 GMT+0100 (British Summer Time),0.0255,0.0268,0.203,147457.3657844086
Sun May 26 2024 01:00:00 GMT+0100 (British Summer Time),0.0255,0.0268,0.2054,27810.240403894502
Sun May 26 2024 02:00:00 GMT+0100 (British Summer Time),0.0255,0.0268,0.202,127964.7432444992
Sun May 26 2024 03:00:00 GMT+0100 (British Summer Time),0.026,0.0288,0.2025,4568.170126985464
Sun May 26 2024 04:00:00 GMT+0100 (British Summer Time),0.026,0.0288,0.2048,116698.41719033403
Sun May 26 2024 05:00:00 GMT+0100 (British Summer Time),0.026,0.0288,0.2052,24841.491895949963
Sun May 26 2024 06:00:00 GMT+0100 (British Summer Time),0.026,0.0288,0.2045,11582.861080877812
Sun May 26 2024 07:00:00 GMT+0100 (British Summer Time),0.026,0.0288,0.2069,23823.81157936157
Sun May 26 2024 08:00:00 GMT+0100 (British Summer Time),0.026,0.0288,0.2115,322923.20410271466
Sun May 26 2024 09:00:00 GMT+0100 (British Summer Time),0.026,0.0267,0.2137,22502.70521618392
Sun May 26 2024 10:00:00 GMT+0100 (British Summer Time),0.026,0.0267,0.2037,480020.00957165577
Sun May 26 2024 11:00:00 GMT+0100 (British Summer Time),0.026,0.0267,0.2036,16536.956979396913
Sun May 26 2024 12:00:00 GMT+0100 (British Summer Time),0.026,0.0267,0.1983,435666.00848950644
Sun May 26 2024 13:00:00 GMT+0100 (British Summer Time),0.026,0.0267,0.2032,47602.45757126133
Sun May 26 2024 14:00:00 GMT+0100 (British Summer Time),0.026,0.0267,0.1973,59329.851684753965
Sun May 26 2024 15:00:00 GMT+0100 (British Summer Time),0.0255,0.0284,0.1994,32611.254464818747
Sun May 26 2024 16:00:00 GMT+0100 (British Summer Time),0.0255,0.0284,0.2019,24693.990424612908
Sun May 26 2024 17:00:00 GMT+0100 (British Summer Time),0.0255,0.0284,0.2019,56723.600090435066
Sun May 26 2024 18:00:00 GMT+0100 (British Summer Time),0.0255,0.0284,0.2019,120548.12626001127
Sun May 26 2024 19:00:00 GMT+0100 (British Summer Time),0.0255,0.0284,0.2067,468572.2741361227
Sun May 26 2024 20:00:00 GMT+0100 (British Summer Time),0.0255,0.0284,0.2051,21869.24652500038
Sun May 26 2024 21:00:00 GMT+0100 (British Summer Time),0.0255,0.0266,0.2051,108195.19545246073
Sun May 26 2024 22:00:00 GMT+0100 (British Summer Time),0.0255,0.0266,0.2064,232404.84081109447
Sun May 26 2024 23:00:00 GMT+0100 (British Summer Time),0.0255,0.0266,0.2066,7291.40145729677
Mon May 27 2024 00:00:00 GMT+0100 (British Summer Time),0.0255,0.0266,0.2069,3147.7594422670963
Mon May 27 2024 01:00:00 GMT+0100 (British Summer Time),0.0255,0.0266,0.2077,126769.288912485
Mon May 27 2024 02:00:00 GMT+0100 (British Summer Time),0.0255,0.0266,0.2101,73157.9418724917
Mon May 27 2024 03:00:00 GMT+0100 (British Summer Time),0.0243,0.0284,0.2101,21601.21683918462
Mon May 27 2024 04:00:00 GMT+0100 (British Summer Time),0.0243,0.0284,0.2164,114624.70726130156
Mon May 27 2024 05:00:00 GMT+0100 (British Summer Time),0.0243,0.0284,0.2146,56226.14204824539
Mon May 27 2024 06:00:00 GMT+0100 (British Summer Time),0.0243,0.0284,0.214,30566.82184812318
Mon May 27 2024 07:00:00 GMT+0100 (British Summer Time),0.0243,0.0284,0.2183,152712.24464626072
Mon May 27 2024 08:00:00 GMT+0100 (British Summer Time),0.0243,0.0284,0.216,145239.8664313726
Mon May 27 2024 09:00:00 GMT+0100 (British Summer Time),0.0243,0.0264,0.2215,985066.3835871854
Mon May 27 2024 10:00:00 GMT+0100 (British Summer Time),0.0243,0.0264,0.2266,63319.998039803366
Mon May 27 2024 11:00:00 GMT+0100 (British Summer Time),0.0243,0.0264,0.2266,11007.674106737803
Mon May 27 2024 12:00:00 GMT+0100 (British Summer Time),0.0243,0.0264,0.2234,55534.059452503796
Mon May 27 2024 13:00:00 GMT+0100 (British Summer Time),0.0243,0.0264,0.2263,673226.8508921806
Mon May 27 2024 14:00:00 GMT+0100 (British Summer Time),0.0243,0.0264,0.2289,123091.04176500661
Mon May 27 2024 15:00:00 GMT+0100 (British Summer Time),0.0251,0.0282,0.2351,191725.37795241753
Mon May 27 2024 16:00:00 GMT+0100 (British Summer Time),0.0251,0.0282,0.2354,247741.4902894452
Mon May 27 2024 17:00:00 GMT+0100 (British Summer Time),0.0251,0.0282,0.2362,52780.622191106595
Mon May 27 2024 18:00:00 GMT+0100 (British Summer Time),0.0251,0.0282,0.2353,43476.48662367388
Mon May 27 2024 19:00:00 GMT+0100 (British Summer Time),0.0251,0.0282,0.2466,225530.59172614734
Mon May 27 2024 20:00:00 GMT+0100 (British Summer Time),0.0251,0.0282,0.2435,275053.6490471816
Mon May 27 2024 21:00:00 GMT+0100 (British Summer Time),0.0251,0.0282,0.2456,30000.43170894897
Mon May 27 2024 22:00:00 GMT+0100 (British Summer Time),0.0251,0.0282,0.2489,279941.2554943749
Mon May 27 2024 23:00:00 GMT+0100 (British Summer Time),0.0251,0.0282,0.2489,32983.021509950435
Tue May 28 2024 00:00:00 GMT+0100 (British Summer Time),0.0251,0.0282,0.2424,258597.2847207107
Tue May 28 2024 01:00:00 GMT+0100 (British Summer Time),0.0251,0.0282,0.2445,24464.171034548457
Tue May 28 2024 02:00:00 GMT+0100 (British Summer Time),0.0251,0.0282,0.2374,236645.3010822074
Tue May 28 2024 03:00:00 GMT+0100 (British Summer Time),0.0257,0.0284,0.2398,30398.678715879272
Tue May 28 2024 04:00:00 GMT+0100 (British Summer Time),0.0257,0.0284,0.2441,137483.29943541935
Tue May 28 2024 05:00:00 GMT+0100 (British Summer Time),0.0257,0.0284,0.2447,25578.081987595746
Tue May 28 2024 06:00:00 GMT+0100 (British Summer Time),0.0257,0.0284,0.2449,20731.897051613905
Tue May 28 2024 07:00:00 GMT+0100 (British Summer Time),0.0257,0.0284,0.2434,76645.28724286392
Tue May 28 2024 08:00:00 GMT+0100 (British Summer Time),0.0257,0.0284,0.2371,69167.80209199504
Tue May 28 2024 09:00:00 GMT+0100 (British Summer Time),0.0257,0.0284,0.2356,100756.35659367187
Tue May 28 2024 10:00:00 GMT+0100 (British Summer Time),0.0257,0.0284,0.2383,37903.47810357235
Tue May 28 2024 11:00:00 GMT+0100 (British Summer Time),0.0257,0.0284,0.2382,48620.226130907
Tue May 28 2024 12:00:00 GMT+0100 (British Summer Time),0.0257,0.0284,0.236,126481.59942274807
Tue May 28 2024 13:00:00 GMT+0100 (British Summer Time),0.0391,0.0303,0.2406,66321.22614185594
Tue May 28 2024 14:00:00 GMT+0100 (British Summer Time),0.0391,0.0303,0.2358,129334.30695933884
Tue May 28 2024 15:00:00 GMT+0100 (British Summer Time),0.0391,0.0303,0.2304,77990.33149863248
Tue May 28 2024 16:00:00 GMT+0100 (British Summer Time),0.0264,0.0282,0.2289,28710.614268001045
Tue May 28 2024 17:00:00 GMT+0100 (British Summer Time),0.0264,0.0282,0.2287,11442.102712099924
Tue May 28 2024 18:00:00 GMT+0100 (British Summer Time),0.0264,0.0282,0.2279,8581.160252394242
Tue May 28 2024 19:00:00 GMT+0100 (British Summer Time),0.0264,0.0282,0.2282,8196.198972611912
Tue May 28 2024 20:00:00 GMT+0100 (British Summer Time),0.0264,0.0282,0.2257,156490.35033146184
Tue May 28 2024 21:00:00 GMT+0100 (British Summer Time),0.0264,0.0282,0.2253,12887.458251095408
Tue May 28 2024 22:00:00 GMT+0100 (British Summer Time),0.0264,0.0282,0.2222,84605.974818395
Tue May 28 2024 23:00:00 GMT+0100 (British Summer Time),0.0264,0.0282,0.2227,66439.39148613757
Wed May 29 2024 00:00:00 GMT+0100 (British Summer Time),0.0264,0.0282,0.2221,5147.749203603508
Wed May 29 2024 01:00:00 GMT+0100 (British Summer Time),0.0399,0.0301,0.2256,48354.730932208506
Wed May 29 2024 02:00:00 GMT+0100 (British Summer Time),0.0399,0.0301,0.2294,39426.006747792104
Wed May 29 2024 03:00:00 GMT+0100 (British Summer Time),0.0399,0.0301,0.2291,21921.57767890938
Wed May 29 2024 04:00:00 GMT+0100 (British Summer Time),0.0264,0.0279,0.2356,186117.20120847283
Wed May 29 2024 05:00:00 GMT+0100 (British Summer Time),0.0264,0.0279,0.2367,15057.636554382576
Wed May 29 2024 06:00:00 GMT+0100 (British Summer Time),0.0264,0.0279,0.229,241223.3284271837
Wed May 29 2024 07:00:00 GMT+0100 (British Summer Time),0.0264,0.0279,0.2276,23437.797670266213
Wed May 29 2024 08:00:00 GMT+0100 (British Summer Time),0.0264,0.0279,0.2274,20216.118962936394
Wed May 29 2024 09:00:00 GMT+0100 (British Summer Time),0.0264,0.0279,0.2377,261317.56096228442
Wed May 29 2024 10:00:00 GMT+0100 (British Summer Time),0.0264,0.0279,0.234,219671.7949031677
Wed May 29 2024 11:00:00 GMT+0100 (British Summer Time),0.0264,0.0279,0.2322,46799.295974532535
Wed May 29 2024 12:00:00 GMT+0100 (British Summer Time),0.0264,0.0279,0.2359,162333.2493333638
Wed May 29 2024 13:00:00 GMT+0100 (British Summer Time),0.0263,0.0298,0.2395,61147.90807255139
Wed May 29 2024 14:00:00 GMT+0100 (British Summer Time),0.0263,0.0298,0.2291,446438.50691461365
Wed May 29 2024 15:00:00 GMT+0100 (British Summer Time),0.0263,0.0298,0.2284,13650.941593925103
Wed May 29 2024 16:00:00 GMT+0100 (British Summer Time),0.0263,0.0276,0.2332,60445.1238753737
Wed May 29 2024 17:00:00 GMT+0100 (British Summer Time),0.0263,0.0276,0.2349,23630.681716379037
Wed May 29 2024 18:00:00 GMT+0100 (British Summer Time),0.0263,0.0276,0.2384,569108.9388687755
Wed May 29 2024 19:00:00 GMT+0100 (British Summer Time),0.0263,0.0276,0.2375,107467.61009499288
Wed May 29 2024 20:00:00 GMT+0100 (British Summer Time),0.0263,0.0276,0.2357,245404.49041326824
Wed May 29 2024 21:00:00 GMT+0100 (British Summer Time),0.0263,0.0276,0.2389,125393.06713875465
Wed May 29 2024 22:00:00 GMT+0100 (British Summer Time),0.0263,0.0276,0.239,27971.097967459467
Wed May 29 2024 23:00:00 GMT+0100 (British Summer Time),0.0263,0.0276,0.239,1658.3263356226528
Thu May 30 2024 00:00:00 GMT+0100 (British Summer Time),0.0263,0.0276,0.239,502.54120642934697
Thu May 30 2024 01:00:00 GMT+0100 (British Summer Time),0.026,0.0295,0.239,5551.288020406728
Thu May 30 2024 02:00:00 GMT+0100 (British Summer Time),0.026,0.0295,0.239,10447.986602418008
Thu May 30 2024 03:00:00 GMT+0100 (British Summer Time),0.026,0.0295,0.2317,82756.80103356279
Thu May 30 2024 04:00:00 GMT+0100 (British Summer Time),0.026,0.0272,0.2319,3450.9122864594488
Thu May 30 2024 05:00:00 GMT+0100 (British Summer Time),0.026,0.0272,0.2289,69915.39088288751
Thu May 30 2024 06:00:00 GMT+0100 (British Summer Time),0.026,0.0272,0.2288,3174.5064170247133
Thu May 30 2024 07:00:00 GMT+0100 (British Summer Time),0.026,0.0272,0.2277,73290.2766502946
Thu May 30 2024 08:00:00 GMT+0100 (British Summer Time),0.026,0.0272,0.2261,27863.931393696093
Thu May 30 2024 09:00:00 GMT+0100 (British Summer Time),0.026,0.0272,0.2257,31734.445215404518
Thu May 30 2024 10:00:00 GMT+0100 (British Summer Time),0.026,0.0272,0.2258,116234.0729346287
Thu May 30 2024 11:00:00 GMT+0100 (British Summer Time),0.026,0.0272,0.2349,132805.01570641552
Thu May 30 2024 12:00:00 GMT+0100 (British Summer Time),0.026,0.0272,0.2302,94267.86437015154
Thu May 30 2024 13:00:00 GMT+0100 (British Summer Time),0.027,0.0293,0.228,46993.00424219622
Thu May 30 2024 14:00:00 GMT+0100 (British Summer Time),0.027,0.0293,0.2287,93993.46765267297
Thu May 30 2024 15:00:00 GMT+0100 (British Summer Time),0.027,0.0293,0.2304,89146.32753961999
Thu May 30 2024 16:00:00 GMT+0100 (British Summer Time),0.027,0.0265,0.2287,131512.71558464575
Thu May 30 2024 17:00:00 GMT+0100 (British Summer Time),0.027,0.0265,0.2275,21583.931956876622
Thu May 30 2024 18:00:00 GMT+0100 (British Summer Time),0.027,0.0265,0.2276,32132.96327647246
Thu May 30 2024 19:00:00 GMT+0100 (British Summer Time),0.027,0.0265,0.2279,44444.98923078188
Thu May 30 2024 20:00:00 GMT+0100 (British Summer Time),0.027,0.0265,0.2292,172852.4430232824
Thu May 30 2024 21:00:00 GMT+0100 (British Summer Time),0.027,0.0265,0.2309,96874.23616928956
Thu May 30 2024 22:00:00 GMT+0100 (British Summer Time),0.027,0.0265,0.2303,20587.384899679982
Thu May 30 2024 23:00:00 GMT+0100 (British Summer Time),0.027,0.0265,0.2303,9951.453310972047
Fri May 31 2024 00:00:00 GMT+0100 (British Summer Time),0.027,0.0265,0.2263,101272.8023577005
Fri May 31 2024 01:00:00 GMT+0100 (British Summer Time),0.0197,0.0274,0.2245,25060.15961920099
Fri May 31 2024 02:00:00 GMT+0100 (British Summer Time),0.0197,0.0274,0.2275,81967.46063580213
Fri May 31 2024 03:00:00 GMT+0100 (British Summer Time),0.0197,0.0274,0.2272,6431.567416810267
Fri May 31 2024 04:00:00 GMT+0100 (British Summer Time),0.0197,0.0253,0.2281,69341.25518161518
Fri May 31 2024 05:00:00 GMT+0100 (British Summer Time),0.0197,0.0253,0.2243,45917.12703882659
Fri May 31 2024 06:00:00 GMT+0100 (British Summer Time),0.0197,0.0253,0.2256,311209.66530623444
Fri May 31 2024 07:00:00 GMT+0100 (British Summer Time),0.0197,0.0253,0.2302,151463.98698300432
Fri May 31 2024 08:00:00 GMT+0100 (British Summer Time),0.0197,0.0253,0.2298,16159.039058834713
Fri May 31 2024 09:00:00 GMT+0100 (British Summer Time),0.0197,0.0253,0.2262,292124.7305717317
Fri May 31 2024 10:00:00 GMT+0100 (British Summer Time),0.0197,0.0253,0.2272,40965.71269862719
Fri May 31 2024 11:00:00 GMT+0100 (British Summer Time),0.0197,0.0253,0.2265,38558.71758537425
Fri May 31 2024 12:00:00 GMT+0100 (British Summer Time),0.0197,0.0253,0.227,51593.1921922364
Fri May 31 2024 13:00:00 GMT+0100 (British Summer Time),0.0209,0.0275,0.2274,410973.17235959746
Fri May 31 2024 14:00:00 GMT+0100 (British Summer Time),0.0209,0.0275,0.2296,44109.564204880764
Fri May 31 2024 15:00:00 GMT+0100 (British Summer Time),0.0209,0.0275,0.2296,168828.9412616812
Fri May 31 2024 16:00:00 GMT+0100 (British Summer Time),0.0209,0.0253,0.2245,81977.84604922331
Fri May 31 2024 17:00:00 GMT+0100 (British Summer Time),0.0209,0.0253,0.223,124854.01998971171
Fri May 31 2024 18:00:00 GMT+0100 (British Summer Time),0.0209,0.0253,0.2228,11674.425196890434
Fri May 31 2024 19:00:00 GMT+0100 (British Summer Time),0.0209,0.0253,0.2228,53862.06026167782
Fri May 31 2024 20:00:00 GMT+0100 (British Summer Time),0.0209,0.0253,0.2227,61953.802031126106
Fri May 31 2024 21:00:00 GMT+0100 (British Summer Time),0.0209,0.0253,0.2261,152167.06525642643
Fri May 31 2024 22:00:00 GMT+0100 (British Summer Time),0.0209,0.0253,0.2262,594.8579455069965
Fri May 31 2024 23:00:00 GMT+0100 (British Summer Time),0.0209,0.0253,0.2218,93738.33722434603
Sat Jun 01 2024 00:00:00 GMT+0100 (British Summer Time),0.0209,0.0253,0.2242,83470.23971149496
Sat Jun 01 2024 01:00:00 GMT+0100 (British Summer Time),0.0281,0.0271,0.2228,132686.4545831804
Sat Jun 01 2024 02:00:00 GMT+0100 (British Summer Time),0.0281,0.0271,0.2227,178874.95257804065
Sat Jun 01 2024 03:00:00 GMT+0100 (British Summer Time),0.0281,0.0271,0.2139,34592.23462613584
Sat Jun 01 2024 04:00:00 GMT+0100 (British Summer Time),0.0281,0.0252,0.2161,21195.28139881077
Sat Jun 01 2024 05:00:00 GMT+0100 (British Summer Time),0.0281,0.0252,0.2179,22604.112443861253
Sat Jun 01 2024 06:00:00 GMT+0100 (British Summer Time),0.0281,0.0252,0.224,129234.59082027325
Sat Jun 01 2024 07:00:00 GMT+0100 (British Summer Time),0.0281,0.0252,0.2154,163220.44048677338
Sat Jun 01 2024 08:00:00 GMT+0100 (British Summer Time),0.0281,0.0252,0.2103,148659.70651717598
Sat Jun 01 2024 09:00:00 GMT+0100 (British Summer Time),0.0281,0.0252,0.2104,5397.041778322165
Sat Jun 01 2024 10:00:00 GMT+0100 (British Summer Time),0.0281,0.0252,0.2149,42411.031008120066
Sat Jun 01 2024 11:00:00 GMT+0100 (British Summer Time),0.0281,0.0252,0.2145,11541.128023253998
Sat Jun 01 2024 12:00:00 GMT+0100 (British Summer Time),0.0281,0.0252,0.2112,59280.86544370148
Sat Jun 01 2024 13:00:00 GMT+0100 (British Summer Time),0.025,0.0269,0.2178,93410.54046373586
Sat Jun 01 2024 14:00:00 GMT+0100 (British Summer Time),0.025,0.0269,0.2215,41953.07698780147
Sat Jun 01 2024 15:00:00 GMT+0100 (British Summer Time),0.025,0.0269,0.2264,153480.44404480926
Sat Jun 01 2024 16:00:00 GMT+0100 (British Summer Time),0.025,0.0252,0.2283,27899.6794298784
Sat Jun 01 2024 17:00:00 GMT+0100 (British Summer Time),0.025,0.0252,0.2285,337762.3467514314
Sat Jun 01 2024 18:00:00 GMT+0100 (British Summer Time),0.025,0.0252,0.2284,81738.31679655379
Sat Jun 01 2024 19:00:00 GMT+0100 (British Summer Time),0.025,0.0252,0.2293,591801.7810023527
Sat Jun 01 2024 20:00:00 GMT+0100 (British Summer Time),0.025,0.0252,0.2276,17818.488222173557
Sat Jun 01 2024 21:00:00 GMT+0100 (British Summer Time),0.025,0.0252,0.2287,11772.957668019677
Sat Jun 01 2024 22:00:00 GMT+0100 (British Summer Time),0.025,0.0252,0.2217,93927.16285659015
Sat Jun 01 2024 23:00:00 GMT+0100 (British Summer Time),0.025,0.0252,0.2213,4173.817600042782
Sun Jun 02 2024 00:00:00 GMT+0100 (British Summer Time),0.025,0.0252,0.2214,557.1289731756666
Sun Jun 02 2024 01:00:00 GMT+0100 (British Summer Time),0.0249,0.027,0.2224,22487.360084077784
Sun Jun 02 2024 02:00:00 GMT+0100 (British Summer Time),0.0249,0.027,0.2245,19734.419505287085
Sun Jun 02 2024 03:00:00 GMT+0100 (British Summer Time),0.0249,0.027,0.2241,12344.447956421724
Sun Jun 02 2024 04:00:00 GMT+0100 (British Summer Time),0.0249,0.025,0.2269,86243.96241460463
Sun Jun 02 2024 05:00:00 GMT+0100 (British Summer Time),0.0249,0.025,0.2276,16144.903921391982
Sun Jun 02 2024 06:00:00 GMT+0100 (British Summer Time),0.0249,0.025,0.2268,7178.82622783703
Sun Jun 02 2024 07:00:00 GMT+0100 (British Summer Time),0.0249,0.025,0.227,91775.83610218999
Sun Jun 02 2024 08:00:00 GMT+0100 (British Summer Time),0.0249,0.025,0.2271,27806.45565523347
Sun Jun 02 2024 09:00:00 GMT+0100 (British Summer Time),0.0249,0.025,0.228,38113.229887235444
Sun Jun 02 2024 10:00:00 GMT+0100 (British Summer Time),0.0249,0.025,0.2289,70128.45187327481
Sun Jun 02 2024 11:00:00 GMT+0100 (British Summer Time),0.0249,0.025,0.229,31690.40013230616
Sun Jun 02 2024 12:00:00 GMT+0100 (British Summer Time),0.0249,0.025,0.227,167779.93099279376
Sun Jun 02 2024 13:00:00 GMT+0100 (British Summer Time),0.0256,0.0269,0.2278,52752.18920060787
Sun Jun 02 2024 14:00:00 GMT+0100 (British Summer Time),0.0256,0.0269,0.229,324912.6317716263
Sun Jun 02 2024 15:00:00 GMT+0100 (British Summer Time),0.0256,0.0269,0.2284,44641.65413175938
Sun Jun 02 2024 16:00:00 GMT+0100 (British Summer Time),0.0256,0.0252,0.2248,77362.42468510573
Sun Jun 02 2024 17:00:00 GMT+0100 (British Summer Time),0.0256,0.0252,0.2274,85026.5887303964
Sun Jun 02 2024 18:00:00 GMT+0100 (British Summer Time),0.0256,0.0252,0.2257,18996.83582415588
Sun Jun 02 2024 19:00:00 GMT+0100 (British Summer Time),0.0256,0.0252,0.2282,40111.0081870491
Sun Jun 02 2024 20:00:00 GMT+0100 (British Summer Time),0.0256,0.0252,0.2285,9813.868955584869
Sun Jun 02 2024 21:00:00 GMT+0100 (British Summer Time),0.0256,0.0252,0.2266,19532.12627737122
Sun Jun 02 2024 22:00:00 GMT+0100 (British Summer Time),0.0256,0.0252,0.2253,19312.291164646136
Sun Jun 02 2024 23:00:00 GMT+0100 (British Summer Time),0.0256,0.0252,0.2248,16158.264441276817
Mon Jun 03 2024 00:00:00 GMT+0100 (British Summer Time),0.0256,0.0252,0.2248,910.982986701654
Mon Jun 03 2024 01:00:00 GMT+0100 (British Summer Time),0.0254,0.027,0.2277,31360.266632279538
Mon Jun 03 2024 02:00:00 GMT+0100 (British Summer Time),0.0254,0.027,0.2191,255977.1743861841
Mon Jun 03 2024 03:00:00 GMT+0100 (British Summer Time),0.0254,0.027,0.2191,17683.54748617448
Mon Jun 03 2024 04:00:00 GMT+0100 (British Summer Time),0.0254,0.0252,0.2143,364512.8380457733
Mon Jun 03 2024 05:00:00 GMT+0100 (British Summer Time),0.0254,0.0252,0.2119,57217.19088295975
Mon Jun 03 2024 06:00:00 GMT+0100 (British Summer Time),0.0254,0.0252,0.2137,76015.93963997584
Mon Jun 03 2024 07:00:00 GMT+0100 (British Summer Time),0.0254,0.0252,0.2129,12416.467856301759
Mon Jun 03 2024 08:00:00 GMT+0100 (British Summer Time),0.0254,0.0252,0.2131,1896.9533137884437
Mon Jun 03 2024 09:00:00 GMT+0100 (British Summer Time),0.0254,0.0252,0.2101,61600.151509247764
Mon Jun 03 2024 10:00:00 GMT+0100 (British Summer Time),0.0254,0.0252,0.2101,62841.39654469009
Mon Jun 03 2024 11:00:00 GMT+0100 (British Summer Time),0.0254,0.0252,0.2123,19731.797411892832
Mon Jun 03 2024 12:00:00 GMT+0100 (British Summer Time),0.0254,0.0252,0.2138,16392.621278683546
Mon Jun 03 2024 13:00:00 GMT+0100 (British Summer Time),0.0189,0.0261,0.2122,28504.968656372956
Mon Jun 03 2024 14:00:00 GMT+0100 (British Summer Time),0.0189,0.0261,0.2154,36579.83455387875
Mon Jun 03 2024 15:00:00 GMT+0100 (British Summer Time),0.0189,0.0243,0.2224,517037.67498160934
Mon Jun 03 2024 16:00:00 GMT+0100 (British Summer Time),0.0189,0.0243,0.2227,3503.7950442225183
Mon Jun 03 2024 17:00:00 GMT+0100 (British Summer Time),0.0189,0.0243,0.226,35284.61318635958
Mon Jun 03 2024 18:00:00 GMT+0100 (British Summer Time),0.0189,0.0243,0.2286,85597.46295849275
Mon Jun 03 2024 19:00:00 GMT+0100 (British Summer Time),0.0189,0.0243,0.2287,288568.5773145132
Mon Jun 03 2024 20:00:00 GMT+0100 (British Summer Time),0.0189,0.0243,0.2209,89246.02021781667
Mon Jun 03 2024 21:00:00 GMT+0100 (British Summer Time),0.0189,0.0243,0.2207,193364.1929875582
Mon Jun 03 2024 22:00:00 GMT+0100 (British Summer Time),0.0189,0.0243,0.2206,497.32778834266816
Mon Jun 03 2024 23:00:00 GMT+0100 (British Summer Time),0.0189,0.0243,0.2159,99740.06594874943
Tue Jun 04 2024 00:00:00 GMT+0100 (British Summer Time),0.0189,0.0243,0.2209,132517.92265535126
Tue Jun 04 2024 01:00:00 GMT+0100 (British Summer Time),0.0255,0.027,0.2207,4653.444641280131
Tue Jun 04 2024 02:00:00 GMT+0100 (British Summer Time),0.0255,0.027,0.2117,171914.88193258617
Tue Jun 04 2024 03:00:00 GMT+0100 (British Summer Time),0.0255,0.0251,0.2114,53237.076913410136
Tue Jun 04 2024 04:00:00 GMT+0100 (British Summer Time),0.0255,0.0251,0.211,3401.98509238732
Tue Jun 04 2024 05:00:00 GMT+0100 (British Summer Time),0.0255,0.0251,0.211,22.91185392357842
Tue Jun 04 2024 06:00:00 GMT+0100 (British Summer Time),0.0255,0.0251,0.2157,54834.54725828275
Tue Jun 04 2024 07:00:00 GMT+0100 (British Summer Time),0.0255,0.0251,0.2143,29986.44126204658
Tue Jun 04 2024 08:00:00 GMT+0100 (British Summer Time),0.0255,0.0251,0.2112,35313.86494667169
Tue Jun 04 2024 09:00:00 GMT+0100 (British Summer Time),0.0255,0.0251,0.2122,47078.47382670011
Tue Jun 04 2024 10:00:00 GMT+0100 (British Summer Time),0.0255,0.0251,0.2119,48296.21847249711
Tue Jun 04 2024 11:00:00 GMT+0100 (British Summer Time),0.0255,0.0251,0.2114,197780.63217213703
Tue Jun 04 2024 12:00:00 GMT+0100 (British Summer Time),0.0255,0.0251,0.2109,223961.61023750016
Tue Jun 04 2024 13:00:00 GMT+0100 (British Summer Time),0.0277,0.0245,0.2117,21658.506168944787
Tue Jun 04 2024 14:00:00 GMT+0100 (British Summer Time),0.0277,0.0245,0.2116,68160.51762058666
Tue Jun 04 2024 15:00:00 GMT+0100 (British Summer Time),0.0277,0.0245,0.2117,84764.6704209064
Tue Jun 04 2024 16:00:00 GMT+0100 (British Summer Time),0.0277,0.0245,0.2118,36422.502094992094
Tue Jun 04 2024 17:00:00 GMT+0100 (British Summer Time),0.0277,0.0245,0.2126,27729.723337718093
Tue Jun 04 2024 18:00:00 GMT+0100 (British Summer Time),0.0277,0.0245,0.2113,58543.86623284771
Tue Jun 04 2024 19:00:00 GMT+0100 (British Summer Time),0.0277,0.0245,0.2111,26523.09936628264
Tue Jun 04 2024 20:00:00 GMT+0100 (British Summer Time),0.0277,0.0245,0.213,166138.33146030427
Tue Jun 04 2024 21:00:00 GMT+0100 (British Summer Time),0.0277,0.0245,0.2186,206326.9945612363
Tue Jun 04 2024 22:00:00 GMT+0100 (British Summer Time),0.0277,0.0245,0.219,41198.64273630121
Tue Jun 04 2024 23:00:00 GMT+0100 (British Summer Time),0.0277,0.0245,0.219,136612.0931166652
Wed Jun 05 2024 00:00:00 GMT+0100 (British Summer Time),0.0277,0.0245,0.2147,88517.92170201225
Wed Jun 05 2024 01:00:00 GMT+0100 (British Summer Time),0.0086,0.0226,0.2141,11098.997989810872
Wed Jun 05 2024 02:00:00 GMT+0100 (British Summer Time),0.0086,0.0226,0.2121,31600.029503070018
Wed Jun 05 2024 03:00:00 GMT+0100 (British Summer Time),0.0086,0.0226,0.2107,169120.57829998102
Wed Jun 05 2024 04:00:00 GMT+0100 (British Summer Time),0.0086,0.0226,0.2104,116455.55024153084
Wed Jun 05 2024 05:00:00 GMT+0100 (British Summer Time),0.0086,0.0226,0.2103,5696.340734001729
Wed Jun 05 2024 06:00:00 GMT+0100 (British Summer Time),0.0086,0.0226,0.2096,444714.75195459527
Wed Jun 05 2024 07:00:00 GMT+0100 (British Summer Time),0.0086,0.0226,0.2159,99273.82867380267
Wed Jun 05 2024 08:00:00 GMT+0100 (British Summer Time),0.0086,0.0226,0.2029,302818.7063032963
Wed Jun 05 2024 09:00:00 GMT+0100 (British Summer Time),0.0086,0.0226,0.2037,42666.40731730181
Wed Jun 05 2024 10:00:00 GMT+0100 (British Summer Time),0.0086,0.0226,0.2047,76576.91752846584
Wed Jun 05 2024 11:00:00 GMT+0100 (British Summer Time),0.0086,0.0226,0.2054,6540.37177564176
Wed Jun 05 2024 12:00:00 GMT+0100 (British Summer Time),0.0086,0.0226,0.2054,8985.831229611378
Wed Jun 05 2024 13:00:00 GMT+0100 (British Summer Time),0.025,0.0243,0.2111,49069.47561102161
Wed Jun 05 2024 14:00:00 GMT+0100 (British Summer Time),0.025,0.0243,0.2118,199599.85506922106
Wed Jun 05 2024 15:00:00 GMT+0100 (British Summer Time),0.025,0.0243,0.2063,76519.74635830034
Wed Jun 05 2024 16:00:00 GMT+0100 (British Summer Time),0.025,0.0243,0.2056,11046.252694218247
Wed Jun 05 2024 17:00:00 GMT+0100 (British Summer Time),0.025,0.0243,0.2054,26198.267081696104
Wed Jun 05 2024 18:00:00 GMT+0100 (British Summer Time),0.025,0.0243,0.2053,11137.942835980335
Wed Jun 05 2024 19:00:00 GMT+0100 (British Summer Time),0.025,0.0243,0.2053,64905.13606513345
Wed Jun 05 2024 20:00:00 GMT+0100 (British Summer Time),0.025,0.0243,0.2053,13402.960869576582
Wed Jun 05 2024 21:00:00 GMT+0100 (British Summer Time),0.025,0.0243,0.2054,20909.5831390176
Wed Jun 05 2024 22:00:00 GMT+0100 (British Summer Time),0.025,0.0243,0.205,39538.61458081298
Wed Jun 05 2024 23:00:00 GMT+0100 (British Summer Time),0.025,0.0243,0.2053,75413.80884644021
Thu Jun 06 2024 00:00:00 GMT+0100 (British Summer Time),0.025,0.0243,0.2054,665.7200588159424
Thu Jun 06 2024 01:00:00 GMT+0100 (British Summer Time),0.0376,0.0242,0.2105,58560.28773646016
Thu Jun 06 2024 02:00:00 GMT+0100 (British Summer Time),0.0376,0.0242,0.2058,107932.23218845025
Thu Jun 06 2024 03:00:00 GMT+0100 (British Summer Time),0.0376,0.0242,0.2058,4225.0492564932065
Thu Jun 06 2024 04:00:00 GMT+0100 (British Summer Time),0.0376,0.0242,0.2012,776000.6601183199
Thu Jun 06 2024 05:00:00 GMT+0100 (British Summer Time),0.0376,0.0242,0.1951,475736.5504131669
Thu Jun 06 2024 06:00:00 GMT+0100 (British Summer Time),0.0376,0.0242,0.1952,3049.2093935004805
Thu Jun 06 2024 07:00:00 GMT+0100 (British Summer Time),0.0376,0.0242,0.1956,3950.031329847083
Thu Jun 06 2024 08:00:00 GMT+0100 (British Summer Time),0.0376,0.0242,0.1966,19654.11262526577
Thu Jun 06 2024 09:00:00 GMT+0100 (British Summer Time),0.0376,0.0242,0.1976,20265.181267575477
Thu Jun 06 2024 10:00:00 GMT+0100 (British Summer Time),0.0376,0.0242,0.1996,51000.91153739898
Thu Jun 06 2024 11:00:00 GMT+0100 (British Summer Time),0.0376,0.0242,0.1946,525768.4967723353
Thu Jun 06 2024 12:00:00 GMT+0100 (British Summer Time),0.0396,0.0245,0.1863,230338.12566138027
Thu Jun 06 2024 13:00:00 GMT+0100 (British Summer Time),0.0143,0.0224,0.1862,397739.1904022802
Thu Jun 06 2024 14:00:00 GMT+0100 (British Summer Time),0.0143,0.0224,0.18,334107.3785156164
Thu Jun 06 2024 15:00:00 GMT+0100 (British Summer Time),0.0143,0.0224,0.18,92148.65014866198
Thu Jun 06 2024 16:00:00 GMT+0100 (British Summer Time),0.0143,0.0224,0.183,22973.23267702786
Thu Jun 06 2024 17:00:00 GMT+0100 (British Summer Time),0.0143,0.0224,0.1844,12342.163185152991
Thu Jun 06 2024 18:00:00 GMT+0100 (British Summer Time),0.0143,0.0224,0.1849,3840.710921124328
Thu Jun 06 2024 19:00:00 GMT+0100 (British Summer Time),0.0143,0.0224,0.1949,300069.1806891043
Thu Jun 06 2024 20:00:00 GMT+0100 (British Summer Time),0.0143,0.0224,0.1925,52921.45325769279
Thu Jun 06 2024 21:00:00 GMT+0100 (British Summer Time),0.0143,0.0224,0.1889,35563.27501900068
Thu Jun 06 2024 22:00:00 GMT+0100 (British Summer Time),0.0143,0.0224,0.1869,39837.43829679453
Thu Jun 06 2024 23:00:00 GMT+0100 (British Summer Time),0.0143,0.0224,0.1874,4278.223457243928
Fri Jun 07 2024 00:00:00 GMT+0100 (British Summer Time),0.0293,0.0246,0.1884,14680.704497486779
Fri Jun 07 2024 01:00:00 GMT+0100 (British Summer Time),0.0167,0.0238,0.1847,293416.40047887806
Fri Jun 07 2024 02:00:00 GMT+0100 (British Summer Time),0.0167,0.0238,0.1881,115183.10267716968
Fri Jun 07 2024 03:00:00 GMT+0100 (British Summer Time),0.0167,0.0238,0.1906,29312.14001464613
Fri Jun 07 2024 04:00:00 GMT+0100 (British Summer Time),0.0167,0.0238,0.1896,40504.11072038913
Fri Jun 07 2024 05:00:00 GMT+0100 (British Summer Time),0.0167,0.0238,0.1965,926834.8233192101
Fri Jun 07 2024 06:00:00 GMT+0100 (British Summer Time),0.0167,0.0238,0.1967,2066.0834519488108
Fri Jun 07 2024 07:00:00 GMT+0100 (British Summer Time),0.0167,0.0238,0.1992,240185.99482502826
Fri Jun 07 2024 08:00:00 GMT+0100 (British Summer Time),0.0167,0.0238,0.1991,17518.841077308185
Fri Jun 07 2024 09:00:00 GMT+0100 (British Summer Time),0.0167,0.0238,0.1979,26423.462349799607
Fri Jun 07 2024 10:00:00 GMT+0100 (British Summer Time),0.0167,0.0238,0.1955,159819.1038599677
Fri Jun 07 2024 11:00:00 GMT+0100 (British Summer Time),0.0167,0.0238,0.1936,53382.87713258265
Fri Jun 07 2024 12:00:00 GMT+0100 (British Summer Time),0.0245,0.0252,0.1955,16830.654207351323
Fri Jun 07 2024 13:00:00 GMT+0100 (British Summer Time),0.0245,0.023,0.1949,90893.52127018574
Fri Jun 07 2024 14:00:00 GMT+0100 (British Summer Time),0.0245,0.023,0.1946,11884.889454403472
Fri Jun 07 2024 15:00:00 GMT+0100 (British Summer Time),0.0245,0.023,0.193,262218.9403217456
Fri Jun 07 2024 16:00:00 GMT+0100 (British Summer Time),0.0245,0.023,0.1934,3768.232594567592
Fri Jun 07 2024 17:00:00 GMT+0100 (British Summer Time),0.0245,0.023,0.1933,10040.299744237096
Fri Jun 07 2024 18:00:00 GMT+0100 (British Summer Time),0.0245,0.023,0.1924,8254.5150972249
Fri Jun 07 2024 19:00:00 GMT+0100 (British Summer Time),0.0245,0.023,0.1922,4225.354914156324
Fri Jun 07 2024 20:00:00 GMT+0100 (British Summer Time),0.0245,0.023,0.1904,17907.63457911828
Fri Jun 07 2024 21:00:00 GMT+0100 (British Summer Time),0.0245,0.023,0.1898,6449.726474073339
Fri Jun 07 2024 22:00:00 GMT+0100 (British Summer Time),0.0245,0.023,0.1898,25164.462334463926
Fri Jun 07 2024 23:00:00 GMT+0100 (British Summer Time),0.0245,0.023,0.1913,12567.696874741232
Sat Jun 08 2024 00:00:00 GMT+0100 (British Summer Time),0.0291,0.0258,0.1921,13776.15801520275
Sat Jun 08 2024 01:00:00 GMT+0100 (British Summer Time),0.0291,0.0239,0.1916,5268.698263059988
Sat Jun 08 2024 02:00:00 GMT+0100 (British Summer Time),0.0291,0.0239,0.1903,48024.12873519503
Sat Jun 08 2024 03:00:00 GMT+0100 (British Summer Time),0.0291,0.0239,0.1911,6649.371739052266
Sat Jun 08 2024 04:00:00 GMT+0100 (British Summer Time),0.0291,0.0239,0.192,7955.862275934699
Sat Jun 08 2024 05:00:00 GMT+0100 (British Summer Time),0.0291,0.0239,0.1921,1804.8989218165384
Sat Jun 08 2024 06:00:00 GMT+0100 (British Summer Time),0.0291,0.0239,0.1957,200588.46528764008
Sat Jun 08 2024 07:00:00 GMT+0100 (British Summer Time),0.0291,0.0239,0.1934,26811.57997083414
Sat Jun 08 2024 08:00:00 GMT+0100 (British Summer Time),0.0291,0.0239,0.1937,9627.335901336226
Sat Jun 08 2024 09:00:00 GMT+0100 (British Summer Time),0.0291,0.0239,0.1926,113638.71383283874
Sat Jun 08 2024 10:00:00 GMT+0100 (British Summer Time),0.0291,0.0239,0.1925,10052.490970649927
Sat Jun 08 2024 11:00:00 GMT+0100 (British Summer Time),0.0291,0.0239,0.193,6725.0719264071195
Sat Jun 08 2024 12:00:00 GMT+0100 (British Summer Time),0.0274,0.0251,0.1976,85786.73080966783
Sat Jun 08 2024 13:00:00 GMT+0100 (British Summer Time),0.0274,0.0233,0.1977,19648.746620709593
Sat Jun 08 2024 14:00:00 GMT+0100 (British Summer Time),0.0274,0.0233,0.1985,75866.32878752127
Sat Jun 08 2024 15:00:00 GMT+0100 (British Summer Time),0.0274,0.0233,0.1982,92574.91327333619
Sat Jun 08 2024 16:00:00 GMT+0100 (British Summer Time),0.0274,0.0233,0.1934,87982.90345511463
Sat Jun 08 2024 17:00:00 GMT+0100 (British Summer Time),0.0274,0.0233,0.1975,38410.69750866295
Sat Jun 08 2024 18:00:00 GMT+0100 (British Summer Time),0.0274,0.0233,0.1977,1172.977006060728
Sat Jun 08 2024 19:00:00 GMT+0100 (British Summer Time),0.0274,0.0233,0.1979,18348.081571584007
Sat Jun 08 2024 20:00:00 GMT+0100 (British Summer Time),0.0274,0.0233,0.1985,49664.50306648945
Sat Jun 08 2024 21:00:00 GMT+0100 (British Summer Time),0.0274,0.0233,0.1975,55655.14388431909
Sat Jun 08 2024 22:00:00 GMT+0100 (British Summer Time),0.0274,0.0233,0.1973,11409.629183165343
Sat Jun 08 2024 23:00:00 GMT+0100 (British Summer Time),0.0274,0.0233,0.1985,37473.29491201565
Sun Jun 09 2024 00:00:00 GMT+0100 (British Summer Time),0.0218,0.0253,0.1979,54485.27250783394
Sun Jun 09 2024 01:00:00 GMT+0100 (British Summer Time),0.0218,0.0235,0.1978,5298.029143155107
Sun Jun 09 2024 02:00:00 GMT+0100 (British Summer Time),0.0218,0.0235,0.1964,23763.377617702572
Sun Jun 09 2024 03:00:00 GMT+0100 (British Summer Time),0.0218,0.0235,0.1966,2038.2371233238298
Sun Jun 09 2024 04:00:00 GMT+0100 (British Summer Time),0.0218,0.0235,0.1966,102276.81858560671
Sun Jun 09 2024 05:00:00 GMT+0100 (British Summer Time),0.0218,0.0235,0.1966,24598.805511395
Sun Jun 09 2024 06:00:00 GMT+0100 (British Summer Time),0.0218,0.0235,0.1965,1520.0008291043757
Sun Jun 09 2024 07:00:00 GMT+0100 (British Summer Time),0.0218,0.0235,0.1966,8297.057589607422
Sun Jun 09 2024 08:00:00 GMT+0100 (British Summer Time),0.0218,0.0235,0.1971,19601.559156442174
Sun Jun 09 2024 09:00:00 GMT+0100 (British Summer Time),0.0218,0.0235,0.1977,9037.555922192274
Sun Jun 09 2024 10:00:00 GMT+0100 (British Summer Time),0.0218,0.0235,0.1983,14180.895401665633
Sun Jun 09 2024 11:00:00 GMT+0100 (British Summer Time),0.0218,0.0235,0.1989,16482.847500779135
Sun Jun 09 2024 12:00:00 GMT+0100 (British Summer Time),0.0332,0.0262,0.1993,44026.45928521195
Sun Jun 09 2024 13:00:00 GMT+0100 (British Summer Time),0.0332,0.0244,0.2027,193797.8859012565
Sun Jun 09 2024 14:00:00 GMT+0100 (British Summer Time),0.0332,0.0244,0.2028,14714.665254593732
Sun Jun 09 2024 15:00:00 GMT+0100 (British Summer Time),0.0332,0.0244,0.2028,3490.1248794924104
Sun Jun 09 2024 16:00:00 GMT+0100 (British Summer Time),0.0332,0.0244,0.2,37075.30043525503
Sun Jun 09 2024 17:00:00 GMT+0100 (British Summer Time),0.0332,0.0244,0.2,22488.249187024372
Sun Jun 09 2024 18:00:00 GMT+0100 (British Summer Time),0.0332,0.0244,0.2,164865.00183132512
Sun Jun 09 2024 19:00:00 GMT+0100 (British Summer Time),0.0332,0.0244,0.2,4780.011805959499
Sun Jun 09 2024 20:00:00 GMT+0100 (British Summer Time),0.0332,0.0244,0.2008,14953.222553991332
Sun Jun 09 2024 21:00:00 GMT+0100 (British Summer Time),0.0332,0.0244,0.2008,16294.099394165129
Sun Jun 09 2024 22:00:00 GMT+0100 (British Summer Time),0.0332,0.0244,0.2008,6113.964957023248
Sun Jun 09 2024 23:00:00 GMT+0100 (British Summer Time),0.0332,0.0244,0.2005,167965.0605748297
Mon Jun 10 2024 00:00:00 GMT+0100 (British Summer Time),0.0308,0.0261,0.2007,38196.604027189635
Mon Jun 10 2024 01:00:00 GMT+0100 (British Summer Time),0.0308,0.0243,0.2005,116802.98139146563
Mon Jun 10 2024 02:00:00 GMT+0100 (British Summer Time),0.0308,0.0243,0.2007,18660.539786828776
Mon Jun 10 2024 03:00:00 GMT+0100 (British Summer Time),0.0308,0.0243,0.2008,13433.510907763375
Mon Jun 10 2024 04:00:00 GMT+0100 (British Summer Time),0.0308,0.0243,0.2008,20209.7752080252
Mon Jun 10 2024 05:00:00 GMT+0100 (British Summer Time),0.0308,0.0243,0.2001,32259.3022758948
Mon Jun 10 2024 06:00:00 GMT+0100 (British Summer Time),0.0308,0.0243,0.1955,96515.34937148094
Mon Jun 10 2024 07:00:00 GMT+0100 (British Summer Time),0.0308,0.0243,0.1773,2208193.760576898
Mon Jun 10 2024 08:00:00 GMT+0100 (British Summer Time),0.0308,0.0243,0.1778,56409.75754746388
Mon Jun 10 2024 09:00:00 GMT+0100 (British Summer Time),0.0308,0.0243,0.1768,11851.818750361967
Mon Jun 10 2024 10:00:00 GMT+0100 (British Summer Time),0.0308,0.0243,0.1733,149858.89271895884
Mon Jun 10 2024 11:00:00 GMT+0100 (British Summer Time),0.0308,0.0243,0.171,22654.551245674495
Mon Jun 10 2024 12:00:00 GMT+0100 (British Summer Time),0.0252,0.0262,0.1769,195390.97882515664
Mon Jun 10 2024 13:00:00 GMT+0100 (British Summer Time),0.0252,0.0253,0.1831,64906.813806769605
Mon Jun 10 2024 14:00:00 GMT+0100 (British Summer Time),0.0252,0.0253,0.1835,22318.02770306324
Mon Jun 10 2024 15:00:00 GMT+0100 (British Summer Time),0.0252,0.0253,0.1854,28516.26084629256
Mon Jun 10 2024 16:00:00 GMT+0100 (British Summer Time),0.0252,0.0253,0.1839,67931.96915897756
Mon Jun 10 2024 17:00:00 GMT+0100 (British Summer Time),0.0252,0.0253,0.1848,26151.810139789042
Mon Jun 10 2024 18:00:00 GMT+0100 (British Summer Time),0.0252,0.0253,0.1866,47576.23180495443
Mon Jun 10 2024 19:00:00 GMT+0100 (British Summer Time),0.0252,0.0253,0.191,37381.3381347885
Mon Jun 10 2024 20:00:00 GMT+0100 (British Summer Time),0.0252,0.0253,0.1773,465985.96785395365
Mon Jun 10 2024 21:00:00 GMT+0100 (British Summer Time),0.0252,0.0253,0.177,6393.509040009956
Mon Jun 10 2024 22:00:00 GMT+0100 (British Summer Time),0.0252,0.0253,0.1886,687508.6034472754
Mon Jun 10 2024 23:00:00 GMT+0100 (British Summer Time),0.0252,0.0253,0.1889,2268.59733395325
Tue Jun 11 2024 00:00:00 GMT+0100 (British Summer Time),0.027,0.0272,0.1796,239592.93980766207
Tue Jun 11 2024 01:00:00 GMT+0100 (British Summer Time),0.027,0.0245,0.1792,11499.111980403539
Tue Jun 11 2024 02:00:00 GMT+0100 (British Summer Time),0.027,0.0245,0.1814,24179.125855962124
Tue Jun 11 2024 03:00:00 GMT+0100 (British Summer Time),0.027,0.0245,0.1816,4283.965795149492
Tue Jun 11 2024 04:00:00 GMT+0100 (British Summer Time),0.027,0.0245,0.1876,73571.1352697896
Tue Jun 11 2024 05:00:00 GMT+0100 (British Summer Time),0.027,0.0245,0.1867,9237.76569036138
Tue Jun 11 2024 06:00:00 GMT+0100 (British Summer Time),0.027,0.0245,0.1717,367221.43270209996
Tue Jun 11 2024 07:00:00 GMT+0100 (British Summer Time),0.027,0.0245,0.1716,4869.229440811604
Tue Jun 11 2024 08:00:00 GMT+0100 (British Summer Time),0.027,0.0245,0.1722,5121.741456704642
Tue Jun 11 2024 09:00:00 GMT+0100 (British Summer Time),0.027,0.0245,0.1981,2549344.834688885
Tue Jun 11 2024 10:00:00 GMT+0100 (British Summer Time),0.027,0.0245,0.1977,98919.95480066267
Tue Jun 11 2024 11:00:00 GMT+0100 (British Summer Time),0.027,0.0245,0.1989,12658.378798032662
Tue Jun 11 2024 12:00:00 GMT+0100 (British Summer Time),0.0262,0.0263,0.2035,41738.73443222915
Tue Jun 11 2024 13:00:00 GMT+0100 (British Summer Time),0.0262,0.0251,0.2102,58021.65575441721
Tue Jun 11 2024 14:00:00 GMT+0100 (British Summer Time),0.0262,0.0251,0.205,72686.68004427603
Tue Jun 11 2024 15:00:00 GMT+0100 (British Summer Time),0.0262,0.0251,0.207,25146.22022612758
Tue Jun 11 2024 16:00:00 GMT+0100 (British Summer Time),0.0262,0.0251,0.2116,133628.0002398354
Tue Jun 11 2024 17:00:00 GMT+0100 (British Summer Time),0.0262,0.0251,0.2223,325713.455598041
Tue Jun 11 2024 18:00:00 GMT+0100 (British Summer Time),0.0262,0.0251,0.2207,30099.454904278973
Tue Jun 11 2024 19:00:00 GMT+0100 (British Summer Time),0.0262,0.0251,0.2163,83083.37635661871
Tue Jun 11 2024 20:00:00 GMT+0100 (British Summer Time),0.0262,0.0251,0.2155,28401.77287489194
Tue Jun 11 2024 21:00:00 GMT+0100 (British Summer Time),0.0262,0.0251,0.2193,58897.90322147636
Tue Jun 11 2024 22:00:00 GMT+0100 (British Summer Time),0.0262,0.0251,0.211,85135.91288444023
Tue Jun 11 2024 23:00:00 GMT+0100 (British Summer Time),0.0262,0.0251,0.2109,8878.923356508294
Wed Jun 12 2024 00:00:00 GMT+0100 (British Summer Time),0.0276,0.0272,0.2045,52398.17345483767
Wed Jun 12 2024 01:00:00 GMT+0100 (British Summer Time),0.0276,0.0272,0.206,12754.83749136651
Wed Jun 12 2024 02:00:00 GMT+0100 (British Summer Time),0.0276,0.0272,0.2038,327112.97763754235
Wed Jun 12 2024 03:00:00 GMT+0100 (British Summer Time),0.0276,0.0272,0.2085,37626.79484199629
Wed Jun 12 2024 04:00:00 GMT+0100 (British Summer Time),0.0276,0.0272,0.1945,701483.2037302392
Wed Jun 12 2024 05:00:00 GMT+0100 (British Summer Time),0.0276,0.0272,0.1919,29699.35010868896
Wed Jun 12 2024 06:00:00 GMT+0100 (British Summer Time),0.0276,0.0272,0.1943,19919.83277483626
Wed Jun 12 2024 07:00:00 GMT+0100 (British Summer Time),0.0276,0.0272,0.2038,77636.66796468862
Wed Jun 12 2024 08:00:00 GMT+0100 (British Summer Time),0.0276,0.0272,0.2054,34835.99497233101
Wed Jun 12 2024 09:00:00 GMT+0100 (British Summer Time),0.0276,0.0272,0.2037,46006.085825810966
Wed Jun 12 2024 10:00:00 GMT+0100 (British Summer Time),0.0276,0.0272,0.2018,13083.594332356846
Wed Jun 12 2024 11:00:00 GMT+0100 (British Summer Time),0.0276,0.0272,0.2023,6574.911058587878
Wed Jun 12 2024 12:00:00 GMT+0100 (British Summer Time),0.0247,0.0287,0.2044,17502.157305737936
Wed Jun 12 2024 13:00:00 GMT+0100 (British Summer Time),0.0247,0.025,0.2048,17884.390329325914
Wed Jun 12 2024 14:00:00 GMT+0100 (British Summer Time),0.0247,0.025,0.2072,80685.93797663329
Wed Jun 12 2024 15:00:00 GMT+0100 (British Summer Time),0.0247,0.025,0.1814,268292.3990769593
Wed Jun 12 2024 16:00:00 GMT+0100 (British Summer Time),0.0247,0.025,0.1819,122474.73695018626
Wed Jun 12 2024 17:00:00 GMT+0100 (British Summer Time),0.0247,0.025,0.1784,262524.14659801894
Wed Jun 12 2024 18:00:00 GMT+0100 (British Summer Time),0.0247,0.025,0.1809,28859.64594089078
Wed Jun 12 2024 19:00:00 GMT+0100 (British Summer Time),0.0247,0.025,0.1869,62214.25537372807
Wed Jun 12 2024 20:00:00 GMT+0100 (British Summer Time),0.0247,0.025,0.1853,43319.5029582471
Wed Jun 12 2024 21:00:00 GMT+0100 (British Summer Time),0.0247,0.025,0.186,62640.5121395583
Wed Jun 12 2024 22:00:00 GMT+0100 (British Summer Time),0.0247,0.025,0.1879,63701.36976624403
Wed Jun 12 2024 23:00:00 GMT+0100 (British Summer Time),0.0247,0.025,0.1829,132030.30128357056
Thu Jun 13 2024 00:00:00 GMT+0100 (British Summer Time),0.0259,0.0274,0.1859,52103.46855173156
Thu Jun 13 2024 01:00:00 GMT+0100 (British Summer Time),0.0259,0.0256,0.188,218559.45286253525
Thu Jun 13 2024 02:00:00 GMT+0100 (British Summer Time),0.0259,0.0256,0.1881,102262.14578592127
Thu Jun 13 2024 03:00:00 GMT+0100 (British Summer Time),0.0259,0.0256,0.2033,223281.34880700376
Thu Jun 13 2024 04:00:00 GMT+0100 (British Summer Time),0.0259,0.0256,0.2055,137050.15513642348
Thu Jun 13 2024 05:00:00 GMT+0100 (British Summer Time),0.0259,0.0256,0.2012,91538.35137377756
Thu Jun 13 2024 06:00:00 GMT+0100 (British Summer Time),0.0259,0.0256,0.2075,78886.68463433567
Thu Jun 13 2024 07:00:00 GMT+0100 (British Summer Time),0.0259,0.0256,0.2024,55530.567778729426
Thu Jun 13 2024 08:00:00 GMT+0100 (British Summer Time),0.0259,0.0256,0.2048,24541.042134282852
Thu Jun 13 2024 09:00:00 GMT+0100 (British Summer Time),0.0259,0.0256,0.215,127395.68184334584
Thu Jun 13 2024 10:00:00 GMT+0100 (British Summer Time),0.0259,0.0256,0.215,39049.95339178715
Thu Jun 13 2024 11:00:00 GMT+0100 (British Summer Time),0.0259,0.0256,0.215,25246.969279911405
Thu Jun 13 2024 12:00:00 GMT+0100 (British Summer Time),0.029,0.0272,0.2137,97439.48164131786
Thu Jun 13 2024 13:00:00 GMT+0100 (British Summer Time),0.029,0.0272,0.2139,76259.27572345108
Thu Jun 13 2024 14:00:00 GMT+0100 (British Summer Time),0.029,0.0272,0.215,29854.16002628374
Thu Jun 13 2024 15:00:00 GMT+0100 (British Summer Time),0.029,0.0272,0.2083,110718.02909389998
Thu Jun 13 2024 16:00:00 GMT+0100 (British Summer Time),0.029,0.0272,0.2087,122528.49291418421
Thu Jun 13 2024 17:00:00 GMT+0100 (British Summer Time),0.029,0.0272,0.2126,16225.05979913372
Thu Jun 13 2024 18:00:00 GMT+0100 (British Summer Time),0.029,0.0272,0.2147,120856.20121138135
Thu Jun 13 2024 19:00:00 GMT+0100 (British Summer Time),0.029,0.0272,0.2149,56373.1863378401
Thu Jun 13 2024 20:00:00 GMT+0100 (British Summer Time),0.029,0.0272,0.2149,6538.8883236082875
Thu Jun 13 2024 21:00:00 GMT+0100 (British Summer Time),0.029,0.0272,0.2145,15092.372836943487
Thu Jun 13 2024 22:00:00 GMT+0100 (British Summer Time),0.029,0.0272,0.2149,159012.26652840778
Thu Jun 13 2024 23:00:00 GMT+0100 (British Summer Time),0.029,0.0272,0.2142,88306.36194412815
Fri Jun 14 2024 00:00:00 GMT+0100 (British Summer Time),0.0128,0.025,0.2144,12794.585653264869
Fri Jun 14 2024 01:00:00 GMT+0100 (British Summer Time),0.0128,0.025,0.2144,17179.853283209122
Fri Jun 14 2024 02:00:00 GMT+0100 (British Summer Time),0.0128,0.025,0.2144,6037.680159854829
Fri Jun 14 2024 03:00:00 GMT+0100 (British Summer Time),0.0238,0.0266,0.2121,44729.49016801435
Fri Jun 14 2024 04:00:00 GMT+0100 (British Summer Time),0.0238,0.0266,0.2122,61957.597349899035
Fri Jun 14 2024 05:00:00 GMT+0100 (British Summer Time),0.0238,0.0266,0.2101,55745.6828099321
Fri Jun 14 2024 06:00:00 GMT+0100 (British Summer Time),0.0238,0.0266,0.2145,558041.1310074333
Fri Jun 14 2024 07:00:00 GMT+0100 (British Summer Time),0.0238,0.0266,0.2158,10938.131019430819
Fri Jun 14 2024 08:00:00 GMT+0100 (British Summer Time),0.0238,0.0266,0.2165,6139.148608510728
Fri Jun 14 2024 09:00:00 GMT+0100 (British Summer Time),0.0238,0.0266,0.2196,51336.73189122418
Fri Jun 14 2024 10:00:00 GMT+0100 (British Summer Time),0.0238,0.0266,0.219,49851.45857776414
Fri Jun 14 2024 11:00:00 GMT+0100 (British Summer Time),0.0238,0.0266,0.2196,42423.590894094355
Fri Jun 14 2024 12:00:00 GMT+0100 (British Summer Time),0.0109,0.0252,0.2212,45512.792796655645
Fri Jun 14 2024 13:00:00 GMT+0100 (British Summer Time),0.0109,0.0252,0.2127,96497.84440456895
Fri Jun 14 2024 14:00:00 GMT+0100 (British Summer Time),0.0109,0.0252,0.2142,58617.11518555373
Fri Jun 14 2024 15:00:00 GMT+0100 (British Summer Time),0.0235,0.027,0.2053,490851.4953961327
Fri Jun 14 2024 16:00:00 GMT+0100 (British Summer Time),0.0235,0.027,0.2127,87370.1501605593
Fri Jun 14 2024 17:00:00 GMT+0100 (British Summer Time),0.0235,0.027,0.2129,7680.881378240675
Fri Jun 14 2024 18:00:00 GMT+0100 (British Summer Time),0.0235,0.027,0.213,37343.8753245264
Fri Jun 14 2024 19:00:00 GMT+0100 (British Summer Time),0.0235,0.027,0.2123,16191.203598329497
Fri Jun 14 2024 20:00:00 GMT+0100 (British Summer Time),0.0235,0.027,0.212,45179.16661477355
Fri Jun 14 2024 21:00:00 GMT+0100 (British Summer Time),0.0235,0.027,0.2124,85648.83802022148
Fri Jun 14 2024 22:00:00 GMT+0100 (British Summer Time),0.0235,0.027,0.2128,37117.17665906885
Fri Jun 14 2024 23:00:00 GMT+0100 (British Summer Time),0.0235,0.027,0.2177,79546.26812967382
Sat Jun 15 2024 00:00:00 GMT+0100 (British Summer Time),0.0235,0.0242,0.2162,63132.719810116134
Sat Jun 15 2024 01:00:00 GMT+0100 (British Summer Time),0.0235,0.0242,0.2201,162924.31199366364
Sat Jun 15 2024 02:00:00 GMT+0100 (British Summer Time),0.0235,0.0242,0.2177,47832.03337321423
Sat Jun 15 2024 03:00:00 GMT+0100 (British Summer Time),0.0344,0.0273,0.2212,83054.6819501014
Sat Jun 15 2024 04:00:00 GMT+0100 (British Summer Time),0.0344,0.0273,0.22,73124.16873742486
Sat Jun 15 2024 05:00:00 GMT+0100 (British Summer Time),0.0344,0.0273,0.2167,106718.88232670112
Sat Jun 15 2024 06:00:00 GMT+0100 (British Summer Time),0.0344,0.0273,0.2133,30609.46516514408
Sat Jun 15 2024 07:00:00 GMT+0100 (British Summer Time),0.0344,0.0273,0.2164,116731.36734686143
Sat Jun 15 2024 08:00:00 GMT+0100 (British Summer Time),0.0344,0.0273,0.2172,9340.295641969915
Sat Jun 15 2024 09:00:00 GMT+0100 (British Summer Time),0.0344,0.0273,0.2218,165160.30257940717
Sat Jun 15 2024 10:00:00 GMT+0100 (British Summer Time),0.0344,0.0273,0.2241,139007.68049544247
Sat Jun 15 2024 11:00:00 GMT+0100 (British Summer Time),0.0344,0.0273,0.2249,7654.8706989246375
Sat Jun 15 2024 12:00:00 GMT+0100 (British Summer Time),0.0344,0.0262,0.2246,47225.842169831165
Sat Jun 15 2024 13:00:00 GMT+0100 (British Summer Time),0.0344,0.0262,0.2246,37485.05332609736
Sat Jun 15 2024 14:00:00 GMT+0100 (British Summer Time),0.0344,0.0262,0.2251,19485.68872891926
Sat Jun 15 2024 15:00:00 GMT+0100 (British Summer Time),0.0332,0.0278,0.2339,146751.58968728752
Sat Jun 15 2024 16:00:00 GMT+0100 (British Summer Time),0.0332,0.0278,0.2267,211919.26887514803
Sat Jun 15 2024 17:00:00 GMT+0100 (British Summer Time),0.0332,0.0278,0.2272,61183.516795931304
Sat Jun 15 2024 18:00:00 GMT+0100 (British Summer Time),0.0332,0.0278,0.2276,6225.168337623787
Sat Jun 15 2024 19:00:00 GMT+0100 (British Summer Time),0.0332,0.0278,0.2318,42974.08681228378
Sat Jun 15 2024 20:00:00 GMT+0100 (British Summer Time),0.0332,0.0278,0.2334,60510.249112243124
Sat Jun 15 2024 21:00:00 GMT+0100 (British Summer Time),0.0332,0.0278,0.2308,34546.20157036686
Sat Jun 15 2024 22:00:00 GMT+0100 (British Summer Time),0.0332,0.0278,0.2316,40711.82154012039
Sat Jun 15 2024 23:00:00 GMT+0100 (British Summer Time),0.0332,0.0278,0.2292,70647.95774545637
Sun Jun 16 2024 00:00:00 GMT+0100 (British Summer Time),0.0332,0.0258,0.2292,18366.555255767373
Sun Jun 16 2024 01:00:00 GMT+0100 (British Summer Time),0.0332,0.0258,0.2292,4300.5743627800675
Sun Jun 16 2024 02:00:00 GMT+0100 (British Summer Time),0.0332,0.0258,0.2218,183287.68023737535
Sun Jun 16 2024 03:00:00 GMT+0100 (British Summer Time),0.0239,0.0276,0.2269,32316.562061302626
Sun Jun 16 2024 04:00:00 GMT+0100 (British Summer Time),0.0239,0.0276,0.228,23610.904201070498
Sun Jun 16 2024 05:00:00 GMT+0100 (British Summer Time),0.0239,0.0276,0.2283,108715.61201364856
Sun Jun 16 2024 06:00:00 GMT+0100 (British Summer Time),0.0239,0.0276,0.227,32889.291487154595
Sun Jun 16 2024 07:00:00 GMT+0100 (British Summer Time),0.0239,0.0276,0.2271,52848.27820071987
Sun Jun 16 2024 08:00:00 GMT+0100 (British Summer Time),0.0239,0.0276,0.227,127797.28698076458
Sun Jun 16 2024 09:00:00 GMT+0100 (British Summer Time),0.0239,0.0276,0.2268,18166.205111904397
Sun Jun 16 2024 10:00:00 GMT+0100 (British Summer Time),0.0239,0.0276,0.2218,57019.93934110414
Sun Jun 16 2024 11:00:00 GMT+0100 (British Summer Time),0.0239,0.0276,0.2261,58202.555211460785
Sun Jun 16 2024 12:00:00 GMT+0100 (British Summer Time),0.0239,0.0249,0.2243,71167.3362036515
Sun Jun 16 2024 13:00:00 GMT+0100 (British Summer Time),0.0239,0.0249,0.2233,22294.592208484366
Sun Jun 16 2024 14:00:00 GMT+0100 (British Summer Time),0.0239,0.0249,0.2247,17301.906115174872
Sun Jun 16 2024 15:00:00 GMT+0100 (British Summer Time),0.0247,0.0266,0.2225,122459.2958572437
Sun Jun 16 2024 16:00:00 GMT+0100 (British Summer Time),0.0247,0.0266,0.2242,34231.333848089555
Sun Jun 16 2024 17:00:00 GMT+0100 (British Summer Time),0.0247,0.0266,0.2222,230456.1296168184
Sun Jun 16 2024 18:00:00 GMT+0100 (British Summer Time),0.0247,0.0266,0.2181,106425.28533537278
Sun Jun 16 2024 19:00:00 GMT+0100 (British Summer Time),0.0247,0.0266,0.2206,37634.526774133665
Sun Jun 16 2024 20:00:00 GMT+0100 (British Summer Time),0.0247,0.0266,0.2192,21650.456629878863
Sun Jun 16 2024 21:00:00 GMT+0100 (British Summer Time),0.0247,0.0266,0.2228,41237.80850108056
Sun Jun 16 2024 22:00:00 GMT+0100 (British Summer Time),0.0247,0.0266,0.2258,144898.90281814703
Sun Jun 16 2024 23:00:00 GMT+0100 (British Summer Time),0.0247,0.0266,0.2259,14089.816666560215
Mon Jun 17 2024 00:00:00 GMT+0100 (British Summer Time),0.0247,0.025,0.2259,57969.39147369075
Mon Jun 17 2024 01:00:00 GMT+0100 (British Summer Time),0.0247,0.025,0.226,5223.289874739639
Mon Jun 17 2024 02:00:00 GMT+0100 (British Summer Time),0.0247,0.025,0.226,25825.923624014846
Mon Jun 17 2024 03:00:00 GMT+0100 (British Summer Time),0.0121,0.025,0.2238,38153.49066231901
Mon Jun 17 2024 04:00:00 GMT+0100 (British Summer Time),0.0279,0.0272,0.2211,35887.905136750385
Mon Jun 17 2024 05:00:00 GMT+0100 (British Summer Time),0.0279,0.0272,0.221,40517.28590415284
Mon Jun 17 2024 06:00:00 GMT+0100 (British Summer Time),0.0279,0.0272,0.2185,61550.18120130247
Mon Jun 17 2024 07:00:00 GMT+0100 (British Summer Time),0.0279,0.0272,0.2186,30914.514004728975
Mon Jun 17 2024 08:00:00 GMT+0100 (British Summer Time),0.0279,0.0272,0.2183,151.10176968854725
Mon Jun 17 2024 09:00:00 GMT+0100 (British Summer Time),0.0279,0.0272,0.2183,38986.138463391006
Mon Jun 17 2024 10:00:00 GMT+0100 (British Summer Time),0.0279,0.0272,0.2181,6509.289185822936
Mon Jun 17 2024 11:00:00 GMT+0100 (British Summer Time),0.0279,0.0272,0.2183,91984.02240133646
Mon Jun 17 2024 12:00:00 GMT+0100 (British Summer Time),0.0279,0.0253,0.218,88485.47724491819
Mon Jun 17 2024 13:00:00 GMT+0100 (British Summer Time),0.0279,0.0253,0.2179,88632.76930313461
Mon Jun 17 2024 14:00:00 GMT+0100 (British Summer Time),0.0279,0.0253,0.2184,474891.24909337756
Mon Jun 17 2024 15:00:00 GMT+0100 (British Summer Time),0.0279,0.0253,0.2184,67495.58870965564
Mon Jun 17 2024 16:00:00 GMT+0100 (British Summer Time),0.0192,0.0258,0.2176,118159.46626791343
Mon Jun 17 2024 17:00:00 GMT+0100 (British Summer Time),0.0192,0.0258,0.2236,236938.58534943065
Mon Jun 17 2024 18:00:00 GMT+0100 (British Summer Time),0.0192,0.0258,0.2252,56438.51921411517
Mon Jun 17 2024 19:00:00 GMT+0100 (British Summer Time),0.0192,0.0258,0.2318,718668.8332674
Mon Jun 17 2024 20:00:00 GMT+0100 (British Summer Time),0.0192,0.0258,0.2184,347042.85100390087
Mon Jun 17 2024 21:00:00 GMT+0100 (British Summer Time),0.0192,0.0258,0.2202,109663.52639248676
Mon Jun 17 2024 22:00:00 GMT+0100 (British Summer Time),0.0192,0.0258,0.2113,119871.52860457238
Mon Jun 17 2024 23:00:00 GMT+0100 (British Summer Time),0.0192,0.0258,0.2166,63427.80409602527
Tue Jun 18 2024 00:00:00 GMT+0100 (British Summer Time),0.0192,0.0238,0.2214,78126.73156281968
Tue Jun 18 2024 01:00:00 GMT+0100 (British Summer Time),0.0192,0.0238,0.2193,2481.63533666407
Tue Jun 18 2024 02:00:00 GMT+0100 (British Summer Time),0.0192,0.0238,0.2162,61924.79575614075
Tue Jun 18 2024 03:00:00 GMT+0100 (British Summer Time),0.0192,0.0238,0.2183,76173.80080531334
Tue Jun 18 2024 04:00:00 GMT+0100 (British Summer Time),0.0175,0.0259,0.2155,281034.2954143303
Tue Jun 18 2024 05:00:00 GMT+0100 (British Summer Time),0.0175,0.0259,0.2173,58021.247666174706
Tue Jun 18 2024 06:00:00 GMT+0100 (British Summer Time),0.0175,0.0259,0.2257,548762.9617720826
Tue Jun 18 2024 07:00:00 GMT+0100 (British Summer Time),0.0175,0.0259,0.23,348464.2327292599
Tue Jun 18 2024 08:00:00 GMT+0100 (British Summer Time),0.0175,0.0259,0.231,30885.46705892665
Tue Jun 18 2024 09:00:00 GMT+0100 (British Summer Time),0.0175,0.0259,0.2274,109792.0352563285
Tue Jun 18 2024 10:00:00 GMT+0100 (British Summer Time),0.0175,0.0259,0.2247,15728.396084980412
Tue Jun 18 2024 11:00:00 GMT+0100 (British Summer Time),0.0175,0.0259,0.223,132918.50079026862
Tue Jun 18 2024 12:00:00 GMT+0100 (British Summer Time),0.0175,0.024,0.2208,42048.831539553226
Tue Jun 18 2024 13:00:00 GMT+0100 (British Summer Time),0.0175,0.024,0.2178,70390.22860005544
Tue Jun 18 2024 14:00:00 GMT+0100 (British Summer Time),0.0175,0.024,0.2148,390145.3733192609
Tue Jun 18 2024 15:00:00 GMT+0100 (British Summer Time),0.0175,0.024,0.2211,181451.99581401827
Tue Jun 18 2024 16:00:00 GMT+0100 (British Summer Time),0.0273,0.026,0.2186,75179.49569863323
Tue Jun 18 2024 17:00:00 GMT+0100 (British Summer Time),0.0273,0.026,0.219,297161.2079997698
Tue Jun 18 2024 18:00:00 GMT+0100 (British Summer Time),0.0273,0.026,0.2201,138058.98966353128
Tue Jun 18 2024 19:00:00 GMT+0100 (British Summer Time),0.0273,0.026,0.2212,179951.06954810143
Tue Jun 18 2024 20:00:00 GMT+0100 (British Summer Time),0.0273,0.026,0.2249,85707.07786291264
Tue Jun 18 2024 21:00:00 GMT+0100 (British Summer Time),0.0273,0.026,0.2249,447577.7404384742
Tue Jun 18 2024 22:00:00 GMT+0100 (British Summer Time),0.0273,0.026,0.2184,82507.5247862683
Tue Jun 18 2024 23:00:00 GMT+0100 (British Summer Time),0.0273,0.026,0.215,177703.43694275164
Wed Jun 19 2024 00:00:00 GMT+0100 (British Summer Time),0.0273,0.0238,0.2291,121006.61852250148
Wed Jun 19 2024 01:00:00 GMT+0100 (British Summer Time),0.0273,0.0238,0.2295,59928.32979027924
Wed Jun 19 2024 02:00:00 GMT+0100 (British Summer Time),0.0273,0.0238,0.227,42398.253826236614
Wed Jun 19 2024 03:00:00 GMT+0100 (British Summer Time),0.0273,0.0238,0.2283,50106.01246220919
Wed Jun 19 2024 04:00:00 GMT+0100 (British Summer Time),0.0285,0.026,0.2296,81351.34055063644
Wed Jun 19 2024 05:00:00 GMT+0100 (British Summer Time),0.0285,0.026,0.23,242297.45966658642
Wed Jun 19 2024 06:00:00 GMT+0100 (British Summer Time),0.0285,0.026,0.2085,80200.67620822924
Wed Jun 19 2024 07:00:00 GMT+0100 (British Summer Time),0.0285,0.026,0.2084,69112.11918411877
Wed Jun 19 2024 08:00:00 GMT+0100 (British Summer Time),0.0285,0.026,0.2097,7499.640651656196
Wed Jun 19 2024 09:00:00 GMT+0100 (British Summer Time),0.0285,0.026,0.2134,36756.92174112207
Wed Jun 19 2024 10:00:00 GMT+0100 (British Summer Time),0.0285,0.026,0.2158,129673.11059155173
Wed Jun 19 2024 11:00:00 GMT+0100 (British Summer Time),0.0285,0.026,0.2248,25419.863349125662
Wed Jun 19 2024 12:00:00 GMT+0100 (British Summer Time),0.0285,0.0246,0.2291,32737.1474015029
Wed Jun 19 2024 13:00:00 GMT+0100 (British Summer Time),0.0285,0.0246,0.2296,50215.71095148285
Wed Jun 19 2024 14:00:00 GMT+0100 (British Summer Time),0.0285,0.0246,0.2282,41291.47627844807
Wed Jun 19 2024 15:00:00 GMT+0100 (British Summer Time),0.0285,0.0246,0.2226,263906.81940206286
Wed Jun 19 2024 16:00:00 GMT+0100 (British Summer Time),0.0309,0.0268,0.2249,67045.69521846576
Wed Jun 19 2024 17:00:00 GMT+0100 (British Summer Time),0.0309,0.0268,0.2101,864820.6196451811
Wed Jun 19 2024 18:00:00 GMT+0100 (British Summer Time),0.0309,0.0268,0.2153,172384.11343471205
Wed Jun 19 2024 19:00:00 GMT+0100 (British Summer Time),0.0309,0.0268,0.2236,141502.30921287855
Wed Jun 19 2024 20:00:00 GMT+0100 (British Summer Time),0.0309,0.0268,0.2192,246708.43531841898
Wed Jun 19 2024 21:00:00 GMT+0100 (British Summer Time),0.0309,0.0268,0.2164,82014.45200820266
Wed Jun 19 2024 22:00:00 GMT+0100 (British Summer Time),0.0309,0.0268,0.2097,131644.0620736336
Wed Jun 19 2024 23:00:00 GMT+0100 (British Summer Time),0.0309,0.0268,0.2066,130998.98429284104
Thu Jun 20 2024 00:00:00 GMT+0100 (British Summer Time),0.0309,0.0245,0.2097,114564.3468191544
Thu Jun 20 2024 01:00:00 GMT+0100 (British Summer Time),0.0309,0.0245,0.2142,206722.5441946571
Thu Jun 20 2024 02:00:00 GMT+0100 (British Summer Time),0.0309,0.0245,0.2234,190490.09190378926
Thu Jun 20 2024 03:00:00 GMT+0100 (British Summer Time),0.0378,0.0277,0.227,85337.67512005249
Thu Jun 20 2024 04:00:00 GMT+0100 (British Summer Time),0.0378,0.0277,0.2299,154342.7548000177
Thu Jun 20 2024 05:00:00 GMT+0100 (British Summer Time),0.0378,0.0277,0.2299,22969.956894536605
Thu Jun 20 2024 06:00:00 GMT+0100 (British Summer Time),0.0378,0.0277,0.1885,540479.9411973992
Thu Jun 20 2024 07:00:00 GMT+0100 (British Summer Time),0.0378,0.0277,0.1971,58515.034121545425
Thu Jun 20 2024 08:00:00 GMT+0100 (British Summer Time),0.0378,0.0277,0.2044,124775.57358826681
Thu Jun 20 2024 09:00:00 GMT+0100 (British Summer Time),0.0378,0.0277,0.2037,24261.62832400662
Thu Jun 20 2024 10:00:00 GMT+0100 (British Summer Time),0.0378,0.0277,0.2031,332494.6333368361
Thu Jun 20 2024 11:00:00 GMT+0100 (British Summer Time),0.0378,0.0277,0.2082,461430.4820677024
Thu Jun 20 2024 12:00:00 GMT+0100 (British Summer Time),0.0378,0.0258,0.2182,79215.23363838517
Thu Jun 20 2024 13:00:00 GMT+0100 (British Summer Time),0.0378,0.0258,0.2184,1901.7312245493542
Thu Jun 20 2024 14:00:00 GMT+0100 (British Summer Time),0.0378,0.0258,0.2257,57853.0758569872
Thu Jun 20 2024 15:00:00 GMT+0100 (British Summer Time),0.0271,0.0266,0.2201,106707.87158239465
Thu Jun 20 2024 16:00:00 GMT+0100 (British Summer Time),0.0271,0.0266,0.2181,75774.54775487898
Thu Jun 20 2024 17:00:00 GMT+0100 (British Summer Time),0.0271,0.0266,0.2196,23527.338661921196
Thu Jun 20 2024 18:00:00 GMT+0100 (British Summer Time),0.0271,0.0266,0.2196,0
Thu Jun 20 2024 19:00:00 GMT+0100 (British Summer Time),0.0271,0.0266,0.2114,502893.1224428655
Thu Jun 20 2024 20:00:00 GMT+0100 (British Summer Time),0.0271,0.0266,0.2271,328700.8364627249
Thu Jun 20 2024 21:00:00 GMT+0100 (British Summer Time),0.0271,0.0266,0.2253,258862.71464551674
Thu Jun 20 2024 22:00:00 GMT+0100 (British Summer Time),0.0271,0.0266,0.2295,624563.6776682112
Thu Jun 20 2024 23:00:00 GMT+0100 (British Summer Time),0.0271,0.0266,0.2364,391692.67121541715
Fri Jun 21 2024 00:00:00 GMT+0100 (British Summer Time),0.0271,0.0266,0.2543,593151.5116764571
Fri Jun 21 2024 01:00:00 GMT+0100 (British Summer Time),0.0271,0.0266,0.2536,104351.08077177286
Fri Jun 21 2024 02:00:00 GMT+0100 (British Summer Time),0.0271,0.0266,0.2472,305287.48773883225
Fri Jun 21 2024 03:00:00 GMT+0100 (British Summer Time),0.0169,0.0267,0.248,48196.99449973659
Fri Jun 21 2024 04:00:00 GMT+0100 (British Summer Time),0.0169,0.0267,0.2455,22176.143882439676
Fri Jun 21 2024 05:00:00 GMT+0100 (British Summer Time),0.0169,0.0267,0.2458,162056.27516016568
Fri Jun 21 2024 06:00:00 GMT+0100 (British Summer Time),0.0169,0.0267,0.246,12931.585223557731
Fri Jun 21 2024 07:00:00 GMT+0100 (British Summer Time),0.0169,0.0267,0.2463,201825.24231304222
Fri Jun 21 2024 08:00:00 GMT+0100 (British Summer Time),0.0169,0.0267,0.2666,217993.2528185438
Fri Jun 21 2024 09:00:00 GMT+0100 (British Summer Time),0.0169,0.0267,0.2551,784011.0813169638
Fri Jun 21 2024 10:00:00 GMT+0100 (British Summer Time),0.0169,0.0267,0.2757,92148.28920442107
Fri Jun 21 2024 11:00:00 GMT+0100 (British Summer Time),0.0169,0.0267,0.2795,44299.23048082933
Fri Jun 21 2024 12:00:00 GMT+0100 (British Summer Time),0.0169,0.0267,0.2997,160631.50981582422
Fri Jun 21 2024 13:00:00 GMT+0100 (British Summer Time),0.0169,0.0267,0.3219,287073.8711305063
Fri Jun 21 2024 14:00:00 GMT+0100 (British Summer Time),0.0288,0.0284,0.3421,264066.24402885104
Fri Jun 21 2024 15:00:00 GMT+0100 (British Summer Time),0.0236,0.0266,0.3404,56883.0925989282
Fri Jun 21 2024 16:00:00 GMT+0100 (British Summer Time),0.0236,0.0266,0.3367,255579.3795596336
Fri Jun 21 2024 17:00:00 GMT+0100 (British Summer Time),0.0236,0.0266,0.3063,413832.2121560192
Fri Jun 21 2024 18:00:00 GMT+0100 (British Summer Time),0.0236,0.0266,0.2744,351314.20298709814
Fri Jun 21 2024 19:00:00 GMT+0100 (British Summer Time),0.0236,0.0266,0.2832,220401.56286977878
Fri Jun 21 2024 20:00:00 GMT+0100 (British Summer Time),0.0236,0.0266,0.2708,234794.70369781123
Fri Jun 21 2024 21:00:00 GMT+0100 (British Summer Time),0.0236,0.0266,0.2691,80155.85830489542
Fri Jun 21 2024 22:00:00 GMT+0100 (British Summer Time),0.0236,0.0266,0.2829,200948.24158536695
Fri Jun 21 2024 23:00:00 GMT+0100 (British Summer Time),0.0236,0.0266,0.292,74786.85440301645
Sat Jun 22 2024 00:00:00 GMT+0100 (British Summer Time),0.0236,0.0266,0.2727,162596.35914342332
Sat Jun 22 2024 01:00:00 GMT+0100 (British Summer Time),0.0236,0.0266,0.2717,29720.1421069575
Sat Jun 22 2024 02:00:00 GMT+0100 (British Summer Time),0.0339,0.028,0.2578,140878.35797597858
Sat Jun 22 2024 03:00:00 GMT+0100 (British Summer Time),0.0219,0.0249,0.2718,123447.83536153556
Sat Jun 22 2024 04:00:00 GMT+0100 (British Summer Time),0.0219,0.0249,0.2752,183980.00542417393
Sat Jun 22 2024 05:00:00 GMT+0100 (British Summer Time),0.0219,0.0249,0.2726,75828.32826134654
Sat Jun 22 2024 06:00:00 GMT+0100 (British Summer Time),0.0219,0.0249,0.2741,16132.426403909103
Sat Jun 22 2024 07:00:00 GMT+0100 (British Summer Time),0.0219,0.0249,0.2725,41977.09457566247
Sat Jun 22 2024 08:00:00 GMT+0100 (British Summer Time),0.0219,0.0249,0.2755,296764.8901084274
Sat Jun 22 2024 09:00:00 GMT+0100 (British Summer Time),0.0219,0.0249,0.278,63545.214072269875
Sat Jun 22 2024 10:00:00 GMT+0100 (British Summer Time),0.0219,0.0249,0.2807,213524.96339007324
Sat Jun 22 2024 11:00:00 GMT+0100 (British Summer Time),0.0219,0.0249,0.2844,78112.6641927782
Sat Jun 22 2024 12:00:00 GMT+0100 (British Summer Time),0.0219,0.0249,0.2887,718792.3868080328
Sat Jun 22 2024 13:00:00 GMT+0100 (British Summer Time),0.0219,0.0249,0.2988,77900.6916311305
Sat Jun 22 2024 14:00:00 GMT+0100 (British Summer Time),0.0334,0.0282,0.2991,5286.123072369084
Sat Jun 22 2024 15:00:00 GMT+0100 (British Summer Time),0.0334,0.0266,0.3033,137363.56161619275
Sat Jun 22 2024 16:00:00 GMT+0100 (British Summer Time),0.0334,0.0266,0.2962,88620.40060138868
Sat Jun 22 2024 17:00:00 GMT+0100 (British Summer Time),0.0334,0.0266,0.2968,78126.52332669465
Sat Jun 22 2024 18:00:00 GMT+0100 (British Summer Time),0.0334,0.0266,0.3034,93463.67884234153
Sat Jun 22 2024 19:00:00 GMT+0100 (British Summer Time),0.0334,0.0266,0.2966,523069.84902792645
Sat Jun 22 2024 20:00:00 GMT+0100 (British Summer Time),0.0334,0.0266,0.2973,103419.88779166545
Sat Jun 22 2024 21:00:00 GMT+0100 (British Summer Time),0.0334,0.0266,0.3008,69202.66029153945
Sat Jun 22 2024 22:00:00 GMT+0100 (British Summer Time),0.0334,0.0266,0.3099,342964.2504423358
Sat Jun 22 2024 23:00:00 GMT+0100 (British Summer Time),0.0334,0.0266,0.3102,23862.555403364087
Sun Jun 23 2024 00:00:00 GMT+0100 (British Summer Time),0.0334,0.0266,0.3097,20528.938628220018
Sun Jun 23 2024 01:00:00 GMT+0100 (British Summer Time),0.0334,0.0266,0.31,104637.57990115232
Sun Jun 23 2024 02:00:00 GMT+0100 (British Summer Time),0.0264,0.0271,0.3064,91233.18519833044
Sun Jun 23 2024 03:00:00 GMT+0100 (British Summer Time),0.0264,0.0253,0.3091,13214.93460578383
Sun Jun 23 2024 04:00:00 GMT+0100 (British Summer Time),0.0264,0.0253,0.3035,48222.25160164689
Sun Jun 23 2024 05:00:00 GMT+0100 (British Summer Time),0.0264,0.0253,0.296,98909.10416492644
Sun Jun 23 2024 06:00:00 GMT+0100 (British Summer Time),0.0264,0.0253,0.2948,138120.170979255
Sun Jun 23 2024 07:00:00 GMT+0100 (British Summer Time),0.0264,0.0253,0.2881,689711.0266078666
Sun Jun 23 2024 08:00:00 GMT+0100 (British Summer Time),0.0264,0.0253,0.3071,101683.15384009681
Sun Jun 23 2024 09:00:00 GMT+0100 (British Summer Time),0.0264,0.0253,0.3029,295709.9983023537
Sun Jun 23 2024 10:00:00 GMT+0100 (British Summer Time),0.0264,0.0253,0.3071,568574.1757574996
Sun Jun 23 2024 11:00:00 GMT+0100 (British Summer Time),0.0264,0.0253,0.3053,99864.60107238524
Sun Jun 23 2024 12:00:00 GMT+0100 (British Summer Time),0.0264,0.0253,0.3066,134434.61791954428
Sun Jun 23 2024 13:00:00 GMT+0100 (British Summer Time),0.0264,0.0253,0.2828,440823.064131793
Sun Jun 23 2024 14:00:00 GMT+0100 (British Summer Time),0.0249,0.0284,0.2812,32990.473652806904
Sun Jun 23 2024 15:00:00 GMT+0100 (British Summer Time),0.0249,0.0266,0.2801,611391.5870393919
Sun Jun 23 2024 16:00:00 GMT+0100 (British Summer Time),0.0249,0.0266,0.2949,87039.85658604081
Sun Jun 23 2024 17:00:00 GMT+0100 (British Summer Time),0.0249,0.0266,0.3016,275241.25657349813
Sun Jun 23 2024 18:00:00 GMT+0100 (British Summer Time),0.0249,0.0266,0.3021,44285.54166049853
Sun Jun 23 2024 19:00:00 GMT+0100 (British Summer Time),0.0249,0.0266,0.3029,84743.98180371292
Sun Jun 23 2024 20:00:00 GMT+0100 (British Summer Time),0.0249,0.0266,0.3017,76127.22044564216
Sun Jun 23 2024 21:00:00 GMT+0100 (British Summer Time),0.0249,0.0266,0.303,52297.13567661327
Sun Jun 23 2024 22:00:00 GMT+0100 (British Summer Time),0.0249,0.0266,0.3052,114193.15493805952
Sun Jun 23 2024 23:00:00 GMT+0100 (British Summer Time),0.0249,0.0266,0.2969,159647.83273242746
Mon Jun 24 2024 00:00:00 GMT+0100 (British Summer Time),0.0249,0.0266,0.3038,63925.61321237117
Mon Jun 24 2024 01:00:00 GMT+0100 (British Summer Time),0.0249,0.0266,0.2746,247797.00646973858
Mon Jun 24 2024 02:00:00 GMT+0100 (British Summer Time),0.0338,0.0284,0.2682,97395.05699916728
Mon Jun 24 2024 03:00:00 GMT+0100 (British Summer Time),0.0338,0.0261,0.2813,94549.68872303324
Mon Jun 24 2024 04:00:00 GMT+0100 (British Summer Time),0.0338,0.0261,0.2947,2317380.771758464
Mon Jun 24 2024 05:00:00 GMT+0100 (British Summer Time),0.0338,0.0261,0.2838,264140.8834017698
Mon Jun 24 2024 06:00:00 GMT+0100 (British Summer Time),0.0338,0.0261,0.2703,193440.93440648372
Mon Jun 24 2024 07:00:00 GMT+0100 (British Summer Time),0.0338,0.0261,0.2711,24318.20319565284
Mon Jun 24 2024 08:00:00 GMT+0100 (British Summer Time),0.0338,0.0261,0.2825,291255.9013561798
Mon Jun 24 2024 09:00:00 GMT+0100 (British Summer Time),0.0338,0.0261,0.2787,82763.81720293296
Mon Jun 24 2024 10:00:00 GMT+0100 (British Summer Time),0.0338,0.0261,0.2887,127398.7624840937
Mon Jun 24 2024 11:00:00 GMT+0100 (British Summer Time),0.0338,0.0261,0.2964,77800.15518687558
Mon Jun 24 2024 12:00:00 GMT+0100 (British Summer Time),0.0338,0.0261,0.285,188039.69492951967
Mon Jun 24 2024 13:00:00 GMT+0100 (British Summer Time),0.0338,0.0261,0.2926,155186.2481253475
Mon Jun 24 2024 14:00:00 GMT+0100 (British Summer Time),0.0176,0.0269,0.3093,694732.0661527263
Mon Jun 24 2024 15:00:00 GMT+0100 (British Summer Time),0.0176,0.0264,0.3189,78710.88634543766
Mon Jun 24 2024 16:00:00 GMT+0100 (British Summer Time),0.0176,0.0264,0.3201,64453.36020786549
Mon Jun 24 2024 17:00:00 GMT+0100 (British Summer Time),0.0176,0.0264,0.3043,266815.08648124046
Mon Jun 24 2024 18:00:00 GMT+0100 (British Summer Time),0.0176,0.0264,0.3203,702900.0179622001
Mon Jun 24 2024 19:00:00 GMT+0100 (British Summer Time),0.0176,0.0264,0.3213,752761.9722213665
Mon Jun 24 2024 20:00:00 GMT+0100 (British Summer Time),0.0176,0.0264,0.3204,116146.26953467037
Mon Jun 24 2024 21:00:00 GMT+0100 (British Summer Time),0.0176,0.0264,0.3119,228147.9177280585
Mon Jun 24 2024 22:00:00 GMT+0100 (British Summer Time),0.0176,0.0264,0.3193,127010.04831570256
Mon Jun 24 2024 23:00:00 GMT+0100 (British Summer Time),0.0176,0.0264,0.3209,453774.9837225183
Tue Jun 25 2024 00:00:00 GMT+0100 (British Summer Time),0.0176,0.0264,0.321,127198.38109637056
Tue Jun 25 2024 01:00:00 GMT+0100 (British Summer Time),0.0176,0.0264,0.3207,536474.2625829757
Tue Jun 25 2024 02:00:00 GMT+0100 (British Summer Time),0.0201,0.0285,0.3206,78022.05367564272
Tue Jun 25 2024 03:00:00 GMT+0100 (British Summer Time),0.0201,0.0265,0.3208,233511.45038222586
Tue Jun 25 2024 04:00:00 GMT+0100 (British Summer Time),0.0201,0.0265,0.3203,84227.02353621653
Tue Jun 25 2024 05:00:00 GMT+0100 (British Summer Time),0.0201,0.0265,0.3256,268932.7613240114
Tue Jun 25 2024 06:00:00 GMT+0100 (British Summer Time),0.0201,0.0265,0.3249,16643.636388182786
Tue Jun 25 2024 07:00:00 GMT+0100 (British Summer Time),0.0201,0.0265,0.3236,119932.56519659025
Tue Jun 25 2024 08:00:00 GMT+0100 (British Summer Time),0.0201,0.0265,0.3238,108579.28015919587
Tue Jun 25 2024 09:00:00 GMT+0100 (British Summer Time),0.0201,0.0265,0.1805,2409900.540340624
Tue Jun 25 2024 10:00:00 GMT+0100 (British Summer Time),0.0201,0.0265,0.1849,24448.842942563442
Tue Jun 25 2024 11:00:00 GMT+0100 (British Summer Time),0.0201,0.0265,0.2625,3855761.396247876
Tue Jun 25 2024 12:00:00 GMT+0100 (British Summer Time),0.0201,0.0265,0.259,300495.140358572
Tue Jun 25 2024 13:00:00 GMT+0100 (British Summer Time),0.0201,0.0265,0.2394,1025159.4313427852
Tue Jun 25 2024 14:00:00 GMT+0100 (British Summer Time),0.0285,0.0285,0.2446,114613.70081566852
Tue Jun 25 2024 15:00:00 GMT+0100 (British Summer Time),0.0285,0.0266,0.2375,251165.57836444606
Tue Jun 25 2024 16:00:00 GMT+0100 (British Summer Time),0.0285,0.0266,0.2138,1605547.7488532239
Tue Jun 25 2024 17:00:00 GMT+0100 (British Summer Time),0.0285,0.0266,0.2901,853707.7891012174
Tue Jun 25 2024 18:00:00 GMT+0100 (British Summer Time),0.0285,0.0266,0.2798,321632.18639779655
Tue Jun 25 2024 19:00:00 GMT+0100 (British Summer Time),0.0285,0.0266,0.2762,336880.3560643929
Tue Jun 25 2024 20:00:00 GMT+0100 (British Summer Time),0.0285,0.0266,0.265,435639.0346904511
Tue Jun 25 2024 21:00:00 GMT+0100 (British Summer Time),0.0285,0.0266,0.3655,775532.5815776645
Tue Jun 25 2024 22:00:00 GMT+0100 (British Summer Time),0.0285,0.0266,0.3708,86649.84921364883
Tue Jun 25 2024 23:00:00 GMT+0100 (British Summer Time),0.0285,0.0266,0.3159,481797.3849465671
Wed Jun 26 2024 00:00:00 GMT+0100 (British Summer Time),0.0285,0.0266,0.3467,235282.90075758012
Wed Jun 26 2024 01:00:00 GMT+0100 (British Summer Time),0.0285,0.0266,0.3443,237757.6072978375
Wed Jun 26 2024 02:00:00 GMT+0100 (British Summer Time),0.0338,0.0294,0.345,93846.82340670063
Wed Jun 26 2024 03:00:00 GMT+0100 (British Summer Time),0.0338,0.0272,0.3685,201903.44932377676
Wed Jun 26 2024 04:00:00 GMT+0100 (British Summer Time),0.0338,0.0272,0.3849,175529.49608188643
Wed Jun 26 2024 05:00:00 GMT+0100 (British Summer Time),0.0338,0.0272,0.384,521102.2383214827
Wed Jun 26 2024 06:00:00 GMT+0100 (British Summer Time),0.0338,0.0272,0.4317,307232.4788109101
Wed Jun 26 2024 07:00:00 GMT+0100 (British Summer Time),0.0338,0.0272,0.4313,626300.6439166189
Wed Jun 26 2024 08:00:00 GMT+0100 (British Summer Time),0.0338,0.0272,0.434,2734807.332651123
Wed Jun 26 2024 09:00:00 GMT+0100 (British Summer Time),0.0338,0.0272,0.4141,2166630.789771772
Wed Jun 26 2024 10:00:00 GMT+0100 (British Summer Time),0.0338,0.0272,0.4073,345603.5558119754
Wed Jun 26 2024 11:00:00 GMT+0100 (British Summer Time),0.0338,0.0272,0.4082,16483.80835994057
Wed Jun 26 2024 12:00:00 GMT+0100 (British Summer Time),0.0338,0.0272,0.4092,708818.6700378805
Wed Jun 26 2024 13:00:00 GMT+0100 (British Summer Time),0.0338,0.0272,0.4091,318578.3585293154
Wed Jun 26 2024 14:00:00 GMT+0100 (British Summer Time),0.023,0.0277,0.4096,696551.4424526278
Wed Jun 26 2024 15:00:00 GMT+0100 (British Summer Time),0.023,0.0254,0.4675,638204.1144737175
Wed Jun 26 2024 16:00:00 GMT+0100 (British Summer Time),0.023,0.0254,0.4932,393777.91152537963
Wed Jun 26 2024 17:00:00 GMT+0100 (British Summer Time),0.023,0.0254,0.5271,245406.04370296854
Wed Jun 26 2024 18:00:00 GMT+0100 (British Summer Time),0.023,0.0254,0.6919,1240585.9519538668
Wed Jun 26 2024 19:00:00 GMT+0100 (British Summer Time),0.023,0.0254,0.8604,1561892.4269861246
Wed Jun 26 2024 20:00:00 GMT+0100 (British Summer Time),0.023,0.0254,0.8595,67636.73399634568
Wed Jun 26 2024 21:00:00 GMT+0100 (British Summer Time),0.023,0.0254,1.0033,1214867.4946274445
Wed Jun 26 2024 22:00:00 GMT+0100 (British Summer Time),0.023,0.0254,1.0396,497328.5508116395
Wed Jun 26 2024 23:00:00 GMT+0100 (British Summer Time),0.023,0.0254,1.2099,1512080.113729169
Thu Jun 27 2024 00:00:00 GMT+0100 (British Summer Time),0.023,0.0254,1.5408,8296068.233130456