time,underlyingApy1DMA,underlyingApy7DMA,impliedApy,volume
Sun Feb 25 2024 00:00:00 GMT+0000 (Greenwich Mean Time),0.0418,0.0378,0.4061,361530.785545052
Sun Feb 25 2024 01:00:00 GMT+0000 (Greenwich Mean Time),0.0418,0.0378,0.4064,338858.3447341928
Sun Feb 25 2024 02:00:00 GMT+0000 (Greenwich Mean Time),0.0418,0.0378,0.4061,395828.6444446794
Sun Feb 25 2024 03:00:00 GMT+0000 (Greenwich Mean Time),0.0418,0.0378,0.4054,199760.8324070149
Sun Feb 25 2024 04:00:00 GMT+0000 (Greenwich Mean Time),0.0418,0.0378,0.3999,841551.3480155852
Sun Feb 25 2024 05:00:00 GMT+0000 (Greenwich Mean Time),0.0418,0.0307,0.4012,786822.6639386767
Sun Feb 25 2024 06:00:00 GMT+0000 (Greenwich Mean Time),0.0418,0.0307,0.4011,495481.0788897176
Sun Feb 25 2024 07:00:00 GMT+0000 (Greenwich Mean Time),0.0418,0.0307,0.403,381800.17885567324
Sun Feb 25 2024 08:00:00 GMT+0000 (Greenwich Mean Time),0.0418,0.0307,0.4027,319642.76983120374
Sun Feb 25 2024 09:00:00 GMT+0000 (Greenwich Mean Time),0.0418,0.0307,0.3989,1523876.86525688
Sun Feb 25 2024 10:00:00 GMT+0000 (Greenwich Mean Time),0.0418,0.0307,0.3979,454130.50742381875
Sun Feb 25 2024 11:00:00 GMT+0000 (Greenwich Mean Time),0.0418,0.0307,0.3943,608415.298863078
Sun Feb 25 2024 12:00:00 GMT+0000 (Greenwich Mean Time),0.0223,0.0317,0.3951,415138.99157391593
Sun Feb 25 2024 13:00:00 GMT+0000 (Greenwich Mean Time),0.0223,0.0317,0.3932,946106.584193816
Sun Feb 25 2024 14:00:00 GMT+0000 (Greenwich Mean Time),0.0223,0.0317,0.3945,296826.83167186746
Sun Feb 25 2024 15:00:00 GMT+0000 (Greenwich Mean Time),0.0223,0.0317,0.3933,1001496.2916383519
Sun Feb 25 2024 16:00:00 GMT+0000 (Greenwich Mean Time),0.0223,0.0317,0.3934,650452.2031325457
Sun Feb 25 2024 17:00:00 GMT+0000 (Greenwich Mean Time),0.0223,0.0317,0.3944,607912.2926349989
Sun Feb 25 2024 18:00:00 GMT+0000 (Greenwich Mean Time),0.0223,0.0317,0.3958,364608.58229242015
Sun Feb 25 2024 19:00:00 GMT+0000 (Greenwich Mean Time),0.0223,0.0317,0.4089,2332852.650587161
Sun Feb 25 2024 20:00:00 GMT+0000 (Greenwich Mean Time),0.0223,0.0317,0.4079,564332.7246592711
Sun Feb 25 2024 21:00:00 GMT+0000 (Greenwich Mean Time),0.0223,0.0317,0.4052,605001.3686243559
Sun Feb 25 2024 22:00:00 GMT+0000 (Greenwich Mean Time),0.0223,0.0317,0.3886,3850104.6157768727
Sun Feb 25 2024 23:00:00 GMT+0000 (Greenwich Mean Time),0.0223,0.0317,0.3817,1306896.8370020317
Mon Feb 26 2024 00:00:00 GMT+0000 (Greenwich Mean Time),0.0217,0.0339,0.382,138558.0839180016
Mon Feb 26 2024 01:00:00 GMT+0000 (Greenwich Mean Time),0.0217,0.0339,0.4057,3323263.4854388474
Mon Feb 26 2024 02:00:00 GMT+0000 (Greenwich Mean Time),0.0217,0.0339,0.4053,112219.63984541195
Mon Feb 26 2024 03:00:00 GMT+0000 (Greenwich Mean Time),0.0217,0.0339,0.4053,42723.82539074003
Mon Feb 26 2024 04:00:00 GMT+0000 (Greenwich Mean Time),0.0217,0.0339,0.4053,108673.80625962603
Mon Feb 26 2024 05:00:00 GMT+0000 (Greenwich Mean Time),0.0217,0.0303,0.4056,123289.8818537385
Mon Feb 26 2024 06:00:00 GMT+0000 (Greenwich Mean Time),0.0217,0.0303,0.4078,879801.460235606
Mon Feb 26 2024 07:00:00 GMT+0000 (Greenwich Mean Time),0.0217,0.0303,0.4053,417936.81394366466
Mon Feb 26 2024 08:00:00 GMT+0000 (Greenwich Mean Time),0.0217,0.0303,0.4037,591653.0602533201
Mon Feb 26 2024 09:00:00 GMT+0000 (Greenwich Mean Time),0.0217,0.0303,0.4037,335336.52151084656
Mon Feb 26 2024 10:00:00 GMT+0000 (Greenwich Mean Time),0.0217,0.0303,0.4038,365788.65042762645
Mon Feb 26 2024 11:00:00 GMT+0000 (Greenwich Mean Time),0.0217,0.0303,0.412,1738601.7523954664
Mon Feb 26 2024 12:00:00 GMT+0000 (Greenwich Mean Time),0.0303,0.0325,0.4114,511621.6700703746
Mon Feb 26 2024 13:00:00 GMT+0000 (Greenwich Mean Time),0.0303,0.0325,0.4119,595595.8517631277
Mon Feb 26 2024 14:00:00 GMT+0000 (Greenwich Mean Time),0.0303,0.0325,0.3998,2666440.921959915
Mon Feb 26 2024 15:00:00 GMT+0000 (Greenwich Mean Time),0.0303,0.0325,0.4013,655468.1834851129
Mon Feb 26 2024 16:00:00 GMT+0000 (Greenwich Mean Time),0.0303,0.0325,0.4015,619271.1058354307
Mon Feb 26 2024 17:00:00 GMT+0000 (Greenwich Mean Time),0.0303,0.0325,0.3997,1051998.0626805713
Mon Feb 26 2024 18:00:00 GMT+0000 (Greenwich Mean Time),0.0303,0.0325,0.4042,1065093.6794613549
Mon Feb 26 2024 19:00:00 GMT+0000 (Greenwich Mean Time),0.0303,0.0325,0.4052,802182.7795146422
Mon Feb 26 2024 20:00:00 GMT+0000 (Greenwich Mean Time),0.0303,0.0325,0.4047,270061.6690988727
Mon Feb 26 2024 21:00:00 GMT+0000 (Greenwich Mean Time),0.0303,0.0325,0.4101,1137267.7726649735
Mon Feb 26 2024 22:00:00 GMT+0000 (Greenwich Mean Time),0.0303,0.0325,0.4097,370920.0222710216
Mon Feb 26 2024 23:00:00 GMT+0000 (Greenwich Mean Time),0.0303,0.0325,0.406,574216.6137391271
Tue Feb 27 2024 00:00:00 GMT+0000 (Greenwich Mean Time),0.0367,0.0356,0.4036,803028.9391729614
Tue Feb 27 2024 01:00:00 GMT+0000 (Greenwich Mean Time),0.0367,0.0356,0.4061,453133.3199704123
Tue Feb 27 2024 02:00:00 GMT+0000 (Greenwich Mean Time),0.0367,0.0356,0.404,559757.2824945675
Tue Feb 27 2024 03:00:00 GMT+0000 (Greenwich Mean Time),0.0367,0.0356,0.3923,2017756.3244344029
Tue Feb 27 2024 04:00:00 GMT+0000 (Greenwich Mean Time),0.0367,0.0356,0.3937,429004.52705668984
Tue Feb 27 2024 05:00:00 GMT+0000 (Greenwich Mean Time),0.0367,0.031,0.393,355001.79435491917
Tue Feb 27 2024 06:00:00 GMT+0000 (Greenwich Mean Time),0.0367,0.031,0.3929,25452.857875706133
Tue Feb 27 2024 07:00:00 GMT+0000 (Greenwich Mean Time),0.0367,0.031,0.3935,438159.8307864852
Tue Feb 27 2024 08:00:00 GMT+0000 (Greenwich Mean Time),0.0367,0.031,0.3967,618918.3608201012
Tue Feb 27 2024 09:00:00 GMT+0000 (Greenwich Mean Time),0.0367,0.031,0.3965,190772.6362478574
Tue Feb 27 2024 10:00:00 GMT+0000 (Greenwich Mean Time),0.0367,0.031,0.3981,301447.6486895788
Tue Feb 27 2024 11:00:00 GMT+0000 (Greenwich Mean Time),0.0367,0.0356,0.3929,983580.6782083549
Tue Feb 27 2024 12:00:00 GMT+0000 (Greenwich Mean Time),0.0301,0.0313,0.3927,99626.73676824046
Tue Feb 27 2024 13:00:00 GMT+0000 (Greenwich Mean Time),0.0301,0.0313,0.3935,226022.1101818
Tue Feb 27 2024 14:00:00 GMT+0000 (Greenwich Mean Time),0.0301,0.0313,0.397,682077.0209190551
Tue Feb 27 2024 15:00:00 GMT+0000 (Greenwich Mean Time),0.0301,0.0313,0.3984,291763.0258711986
Tue Feb 27 2024 16:00:00 GMT+0000 (Greenwich Mean Time),0.0301,0.0313,0.3826,3473219.310279397
Tue Feb 27 2024 17:00:00 GMT+0000 (Greenwich Mean Time),0.0301,0.0313,0.3865,1005328.1960475169
Tue Feb 27 2024 18:00:00 GMT+0000 (Greenwich Mean Time),0.0301,0.0313,0.3839,515711.91771346657
Tue Feb 27 2024 19:00:00 GMT+0000 (Greenwich Mean Time),0.0301,0.0313,0.3837,279768.8675035122
Tue Feb 27 2024 20:00:00 GMT+0000 (Greenwich Mean Time),0.0301,0.0313,0.3837,171422.39742602757
Tue Feb 27 2024 21:00:00 GMT+0000 (Greenwich Mean Time),0.0301,0.0313,0.3842,415360.5953141333
Tue Feb 27 2024 22:00:00 GMT+0000 (Greenwich Mean Time),0.0301,0.0313,0.3697,3792537.7962435163
Tue Feb 27 2024 23:00:00 GMT+0000 (Greenwich Mean Time),0.0301,0.0313,0.3733,1273578.955171313
Wed Feb 28 2024 00:00:00 GMT+0000 (Greenwich Mean Time),0.0249,0.0306,0.3723,1329590.5953700608
Wed Feb 28 2024 01:00:00 GMT+0000 (Greenwich Mean Time),0.0249,0.0306,0.3718,331425.14727522567
Wed Feb 28 2024 02:00:00 GMT+0000 (Greenwich Mean Time),0.0249,0.0306,0.3671,1056920.4629367453
Wed Feb 28 2024 03:00:00 GMT+0000 (Greenwich Mean Time),0.0249,0.0306,0.3662,514751.237809703
Wed Feb 28 2024 04:00:00 GMT+0000 (Greenwich Mean Time),0.0249,0.0306,0.3657,433146.123104629
Wed Feb 28 2024 05:00:00 GMT+0000 (Greenwich Mean Time),0.0249,0.0306,0.3671,459286.150027499
Wed Feb 28 2024 06:00:00 GMT+0000 (Greenwich Mean Time),0.0249,0.0306,0.3666,148135.78942526484
Wed Feb 28 2024 07:00:00 GMT+0000 (Greenwich Mean Time),0.0249,0.0306,0.3649,597851.3127714777
Wed Feb 28 2024 08:00:00 GMT+0000 (Greenwich Mean Time),0.0249,0.0306,0.3603,1148397.4897092495
Wed Feb 28 2024 09:00:00 GMT+0000 (Greenwich Mean Time),0.0249,0.0306,0.3617,746914.3461547877
Wed Feb 28 2024 10:00:00 GMT+0000 (Greenwich Mean Time),0.0249,0.0306,0.364,522545.13883415045
Wed Feb 28 2024 11:00:00 GMT+0000 (Greenwich Mean Time),0.0249,0.0306,0.3618,428943.12691542757
Wed Feb 28 2024 12:00:00 GMT+0000 (Greenwich Mean Time),0.0387,0.0317,0.3619,68818.78921019637
Wed Feb 28 2024 13:00:00 GMT+0000 (Greenwich Mean Time),0.0387,0.0317,0.3622,545657.9273209823
Wed Feb 28 2024 14:00:00 GMT+0000 (Greenwich Mean Time),0.0387,0.0317,0.3799,4398543.621822607
Wed Feb 28 2024 15:00:00 GMT+0000 (Greenwich Mean Time),0.0387,0.0317,0.3779,605442.7548677493
Wed Feb 28 2024 16:00:00 GMT+0000 (Greenwich Mean Time),0.0387,0.0317,0.3777,508291.4533643868
Wed Feb 28 2024 17:00:00 GMT+0000 (Greenwich Mean Time),0.0387,0.0317,0.3772,248872.2893440321
Wed Feb 28 2024 18:00:00 GMT+0000 (Greenwich Mean Time),0.0387,0.0317,0.3739,634490.4234328931
Wed Feb 28 2024 19:00:00 GMT+0000 (Greenwich Mean Time),0.0387,0.0317,0.3733,354464.8973857241
Wed Feb 28 2024 20:00:00 GMT+0000 (Greenwich Mean Time),0.0387,0.0317,0.3739,258789.0502998801
Wed Feb 28 2024 21:00:00 GMT+0000 (Greenwich Mean Time),0.0387,0.0317,0.3736,482039.52331414376
Wed Feb 28 2024 22:00:00 GMT+0000 (Greenwich Mean Time),0.0387,0.0317,0.3753,167357.81682886524
Wed Feb 28 2024 23:00:00 GMT+0000 (Greenwich Mean Time),0.0387,0.0317,0.3756,245253.0664585078
Thu Feb 29 2024 00:00:00 GMT+0000 (Greenwich Mean Time),0.0444,0.0325,0.3761,404166.9914467614
Thu Feb 29 2024 01:00:00 GMT+0000 (Greenwich Mean Time),0.0444,0.0325,0.3768,519075.26057789405
Thu Feb 29 2024 02:00:00 GMT+0000 (Greenwich Mean Time),0.0444,0.0325,0.3727,846608.6457504486
Thu Feb 29 2024 03:00:00 GMT+0000 (Greenwich Mean Time),0.0444,0.0325,0.3716,322124.8200454521
Thu Feb 29 2024 04:00:00 GMT+0000 (Greenwich Mean Time),0.0444,0.0325,0.3754,806810.9212236634
Thu Feb 29 2024 05:00:00 GMT+0000 (Greenwich Mean Time),0.0444,0.0325,0.3722,1030155.8838043235
Thu Feb 29 2024 06:00:00 GMT+0000 (Greenwich Mean Time),0.0444,0.0325,0.3747,572830.0877670746
Thu Feb 29 2024 07:00:00 GMT+0000 (Greenwich Mean Time),0.0444,0.0325,0.3741,315456.62556772656
Thu Feb 29 2024 08:00:00 GMT+0000 (Greenwich Mean Time),0.0444,0.0325,0.3738,751763.2882307305
Thu Feb 29 2024 09:00:00 GMT+0000 (Greenwich Mean Time),0.0444,0.0325,0.3742,355950.54555441265
Thu Feb 29 2024 10:00:00 GMT+0000 (Greenwich Mean Time),0.0444,0.0325,0.3735,621481.5461663066
Thu Feb 29 2024 11:00:00 GMT+0000 (Greenwich Mean Time),0.0444,0.0325,0.3772,1378893.145549761
Thu Feb 29 2024 12:00:00 GMT+0000 (Greenwich Mean Time),0.0326,0.0327,0.3765,712494.8991938184
Thu Feb 29 2024 13:00:00 GMT+0000 (Greenwich Mean Time),0.0326,0.0327,0.3784,864747.6264870238
Thu Feb 29 2024 14:00:00 GMT+0000 (Greenwich Mean Time),0.0326,0.0327,0.3605,4818545.77020028
Thu Feb 29 2024 15:00:00 GMT+0000 (Greenwich Mean Time),0.0326,0.0327,0.3617,724152.2096141288
Thu Feb 29 2024 16:00:00 GMT+0000 (Greenwich Mean Time),0.0326,0.0327,0.3626,216100.5323285366
Thu Feb 29 2024 17:00:00 GMT+0000 (Greenwich Mean Time),0.0326,0.0327,0.3605,547384.3348084376
Thu Feb 29 2024 18:00:00 GMT+0000 (Greenwich Mean Time),0.0326,0.0327,0.3575,1202043.6204512292
Thu Feb 29 2024 19:00:00 GMT+0000 (Greenwich Mean Time),0.0326,0.0327,0.36,485239.7113346206
Thu Feb 29 2024 20:00:00 GMT+0000 (Greenwich Mean Time),0.0326,0.0327,0.3599,89367.44976419417
Thu Feb 29 2024 21:00:00 GMT+0000 (Greenwich Mean Time),0.0326,0.0327,0.36,60222.348848328125
Thu Feb 29 2024 22:00:00 GMT+0000 (Greenwich Mean Time),0.0326,0.0327,0.3588,243263.35879932815
Thu Feb 29 2024 23:00:00 GMT+0000 (Greenwich Mean Time),0.0326,0.0327,0.3588,137339.99166511025
Fri Mar 01 2024 00:00:00 GMT+0000 (Greenwich Mean Time),0.0335,0.0337,0.3589,68230.73480326612
Fri Mar 01 2024 01:00:00 GMT+0000 (Greenwich Mean Time),0.0335,0.0337,0.3589,221119.60720537178
Fri Mar 01 2024 02:00:00 GMT+0000 (Greenwich Mean Time),0.0335,0.0337,0.3565,860744.2443310345
Fri Mar 01 2024 03:00:00 GMT+0000 (Greenwich Mean Time),0.0335,0.0337,0.3568,200067.12464579236
Fri Mar 01 2024 04:00:00 GMT+0000 (Greenwich Mean Time),0.0335,0.0337,0.3576,522803.2947150719
Fri Mar 01 2024 05:00:00 GMT+0000 (Greenwich Mean Time),0.0335,0.0337,0.358,998524.2385928477
Fri Mar 01 2024 06:00:00 GMT+0000 (Greenwich Mean Time),0.0335,0.0337,0.3579,118192.32979115992
Fri Mar 01 2024 07:00:00 GMT+0000 (Greenwich Mean Time),0.0335,0.0337,0.3598,595080.9070774408
Fri Mar 01 2024 08:00:00 GMT+0000 (Greenwich Mean Time),0.0335,0.0337,0.3602,256252.28806561674
Fri Mar 01 2024 09:00:00 GMT+0000 (Greenwich Mean Time),0.0335,0.0337,0.3591,754661.2065842862
Fri Mar 01 2024 10:00:00 GMT+0000 (Greenwich Mean Time),0.0335,0.0337,0.3594,178075.96998250153
Fri Mar 01 2024 11:00:00 GMT+0000 (Greenwich Mean Time),0.0335,0.0337,0.3611,1310884.9758634917
Fri Mar 01 2024 12:00:00 GMT+0000 (Greenwich Mean Time),0.0296,0.0324,0.3633,1913822.9134039641
Fri Mar 01 2024 13:00:00 GMT+0000 (Greenwich Mean Time),0.0296,0.0324,0.3629,201052.7388912458
Fri Mar 01 2024 14:00:00 GMT+0000 (Greenwich Mean Time),0.0296,0.0324,0.3625,1565210.0009074714
Fri Mar 01 2024 15:00:00 GMT+0000 (Greenwich Mean Time),0.0296,0.0324,0.3628,369243.91194492695
Fri Mar 01 2024 16:00:00 GMT+0000 (Greenwich Mean Time),0.0296,0.0324,0.3629,179904.09881287933
Fri Mar 01 2024 17:00:00 GMT+0000 (Greenwich Mean Time),0.0296,0.0324,0.3638,618224.8558058604
Fri Mar 01 2024 18:00:00 GMT+0000 (Greenwich Mean Time),0.0296,0.0324,0.3632,288318.3993853642
Fri Mar 01 2024 19:00:00 GMT+0000 (Greenwich Mean Time),0.0296,0.0324,0.3626,319256.87838632154
Fri Mar 01 2024 20:00:00 GMT+0000 (Greenwich Mean Time),0.0296,0.0324,0.3583,825471.9868026068
Fri Mar 01 2024 21:00:00 GMT+0000 (Greenwich Mean Time),0.0296,0.0324,0.3606,567682.3597819326
Fri Mar 01 2024 22:00:00 GMT+0000 (Greenwich Mean Time),0.0296,0.0324,0.3583,561349.9899732833
Fri Mar 01 2024 23:00:00 GMT+0000 (Greenwich Mean Time),0.0296,0.0324,0.361,829804.9681049226
Sat Mar 02 2024 00:00:00 GMT+0000 (Greenwich Mean Time),0.0268,0.0328,0.361,228583.84320025498
Sat Mar 02 2024 01:00:00 GMT+0000 (Greenwich Mean Time),0.0268,0.0328,0.3617,195342.78020202985
Sat Mar 02 2024 02:00:00 GMT+0000 (Greenwich Mean Time),0.0268,0.0328,0.3618,91788.45324560258
Sat Mar 02 2024 03:00:00 GMT+0000 (Greenwich Mean Time),0.0268,0.0328,0.3671,3114856.214295952
Sat Mar 02 2024 04:00:00 GMT+0000 (Greenwich Mean Time),0.0268,0.0328,0.3676,544543.6219393463
Sat Mar 02 2024 05:00:00 GMT+0000 (Greenwich Mean Time),0.0268,0.0328,0.3672,211834.65829143437
Sat Mar 02 2024 06:00:00 GMT+0000 (Greenwich Mean Time),0.0268,0.0328,0.3675,572954.424715809
Sat Mar 02 2024 07:00:00 GMT+0000 (Greenwich Mean Time),0.0268,0.0328,0.3673,171174.64987050573
Sat Mar 02 2024 08:00:00 GMT+0000 (Greenwich Mean Time),0.0268,0.0328,0.367,134769.3358330911
Sat Mar 02 2024 09:00:00 GMT+0000 (Greenwich Mean Time),0.0268,0.0328,0.3667,826590.9778665158
Sat Mar 02 2024 10:00:00 GMT+0000 (Greenwich Mean Time),0.0268,0.0328,0.3668,435638.9566859596
Sat Mar 02 2024 11:00:00 GMT+0000 (Greenwich Mean Time),0.0268,0.0328,0.367,908236.7601509204
Sat Mar 02 2024 12:00:00 GMT+0000 (Greenwich Mean Time),0.0381,0.0317,0.3669,412168.73239954584
Sat Mar 02 2024 13:00:00 GMT+0000 (Greenwich Mean Time),0.0381,0.0317,0.3633,1386277.5374270892
Sat Mar 02 2024 14:00:00 GMT+0000 (Greenwich Mean Time),0.0381,0.0317,0.3636,268397.6722282968
Sat Mar 02 2024 15:00:00 GMT+0000 (Greenwich Mean Time),0.0381,0.0317,0.3634,255614.2165932036
Sat Mar 02 2024 16:00:00 GMT+0000 (Greenwich Mean Time),0.0381,0.0317,0.3644,329790.46662575816
Sat Mar 02 2024 17:00:00 GMT+0000 (Greenwich Mean Time),0.0381,0.0317,0.3609,1212726.499004668
Sat Mar 02 2024 18:00:00 GMT+0000 (Greenwich Mean Time),0.0381,0.0317,0.3595,646623.7361143427
Sat Mar 02 2024 19:00:00 GMT+0000 (Greenwich Mean Time),0.0381,0.0317,0.36,210077.87479528916
Sat Mar 02 2024 20:00:00 GMT+0000 (Greenwich Mean Time),0.0381,0.0317,0.3552,1682951.52556096
Sat Mar 02 2024 21:00:00 GMT+0000 (Greenwich Mean Time),0.0381,0.0317,0.3581,566054.0192286111
Sat Mar 02 2024 22:00:00 GMT+0000 (Greenwich Mean Time),0.0381,0.0317,0.3556,660529.512089202
Sat Mar 02 2024 23:00:00 GMT+0000 (Greenwich Mean Time),0.0381,0.0317,0.3513,1909283.9335035486
Sun Mar 03 2024 00:00:00 GMT+0000 (Greenwich Mean Time),0.0349,0.0318,0.3514,6543.067881928364
Sun Mar 03 2024 01:00:00 GMT+0000 (Greenwich Mean Time),0.0349,0.0318,0.3515,71939.15873562425
Sun Mar 03 2024 02:00:00 GMT+0000 (Greenwich Mean Time),0.0349,0.0318,0.3503,610760.4168877557
Sun Mar 03 2024 03:00:00 GMT+0000 (Greenwich Mean Time),0.0349,0.0318,0.3502,105575.33859342408
Sun Mar 03 2024 04:00:00 GMT+0000 (Greenwich Mean Time),0.0349,0.0318,0.3501,1131158.870462142
Sun Mar 03 2024 05:00:00 GMT+0000 (Greenwich Mean Time),0.0349,0.0318,0.3496,291969.873271822
Sun Mar 03 2024 06:00:00 GMT+0000 (Greenwich Mean Time),0.0349,0.0318,0.351,1073546.5549835553
Sun Mar 03 2024 07:00:00 GMT+0000 (Greenwich Mean Time),0.0349,0.0318,0.3514,281177.5900365205
Sun Mar 03 2024 08:00:00 GMT+0000 (Greenwich Mean Time),0.0349,0.0318,0.3512,252439.29448976548
Sun Mar 03 2024 09:00:00 GMT+0000 (Greenwich Mean Time),0.0349,0.0318,0.3517,866864.0586516112
Sun Mar 03 2024 10:00:00 GMT+0000 (Greenwich Mean Time),0.0349,0.0318,0.3525,477187.2575649128
Sun Mar 03 2024 11:00:00 GMT+0000 (Greenwich Mean Time),0.0349,0.0318,0.3532,385035.1421298252
Sun Mar 03 2024 12:00:00 GMT+0000 (Greenwich Mean Time),0.0352,0.0335,0.3541,229215.29505997378
Sun Mar 03 2024 13:00:00 GMT+0000 (Greenwich Mean Time),0.0352,0.0335,0.3564,1007783.0386574343
Sun Mar 03 2024 14:00:00 GMT+0000 (Greenwich Mean Time),0.0352,0.0335,0.3566,474778.1490988111
Sun Mar 03 2024 15:00:00 GMT+0000 (Greenwich Mean Time),0.0352,0.0335,0.356,292725.0795739841
Sun Mar 03 2024 16:00:00 GMT+0000 (Greenwich Mean Time),0.0352,0.0335,0.3543,430421.74026188214
Sun Mar 03 2024 17:00:00 GMT+0000 (Greenwich Mean Time),0.0352,0.0335,0.3525,540519.7333381484
Sun Mar 03 2024 18:00:00 GMT+0000 (Greenwich Mean Time),0.0352,0.0335,0.3537,287552.6035958206
Sun Mar 03 2024 19:00:00 GMT+0000 (Greenwich Mean Time),0.0352,0.0335,0.3553,383056.1926824543
Sun Mar 03 2024 20:00:00 GMT+0000 (Greenwich Mean Time),0.0352,0.0335,0.3463,2306523.696178029
Sun Mar 03 2024 21:00:00 GMT+0000 (Greenwich Mean Time),0.0352,0.0335,0.3471,426907.98435547703
Sun Mar 03 2024 22:00:00 GMT+0000 (Greenwich Mean Time),0.0352,0.0335,0.348,362883.4809212063
Sun Mar 03 2024 23:00:00 GMT+0000 (Greenwich Mean Time),0.0352,0.0335,0.3474,247046.44365247738
Mon Mar 04 2024 00:00:00 GMT+0000 (Greenwich Mean Time),0.0366,0.0339,0.3472,398583.66292469535
Mon Mar 04 2024 01:00:00 GMT+0000 (Greenwich Mean Time),0.0366,0.0339,0.3471,149119.47194303098
Mon Mar 04 2024 02:00:00 GMT+0000 (Greenwich Mean Time),0.0366,0.0339,0.3459,350686.27109059936
Mon Mar 04 2024 03:00:00 GMT+0000 (Greenwich Mean Time),0.0366,0.0339,0.346,106362.3701748352
Mon Mar 04 2024 04:00:00 GMT+0000 (Greenwich Mean Time),0.0366,0.0339,0.345,661998.1581375645
Mon Mar 04 2024 05:00:00 GMT+0000 (Greenwich Mean Time),0.0366,0.0339,0.343,647712.2523962236
Mon Mar 04 2024 06:00:00 GMT+0000 (Greenwich Mean Time),0.0366,0.0339,0.3442,618450.9173007942
Mon Mar 04 2024 07:00:00 GMT+0000 (Greenwich Mean Time),0.0366,0.0339,0.3443,440585.87659368257
Mon Mar 04 2024 08:00:00 GMT+0000 (Greenwich Mean Time),0.0366,0.0339,0.3459,941420.769127876
Mon Mar 04 2024 09:00:00 GMT+0000 (Greenwich Mean Time),0.0366,0.0339,0.3469,379279.00656977907
Mon Mar 04 2024 10:00:00 GMT+0000 (Greenwich Mean Time),0.0366,0.0339,0.3463,179972.48842702768
Mon Mar 04 2024 11:00:00 GMT+0000 (Greenwich Mean Time),0.0366,0.0339,0.3464,123212.60857561746
Mon Mar 04 2024 12:00:00 GMT+0000 (Greenwich Mean Time),0.0177,0.0317,0.3469,427966.8832733797
Mon Mar 04 2024 13:00:00 GMT+0000 (Greenwich Mean Time),0.0177,0.0317,0.3469,317778.4942433821
Mon Mar 04 2024 14:00:00 GMT+0000 (Greenwich Mean Time),0.0177,0.0317,0.3543,3360266.529852459
Mon Mar 04 2024 15:00:00 GMT+0000 (Greenwich Mean Time),0.0177,0.0317,0.3544,124687.81144551685
Mon Mar 04 2024 16:00:00 GMT+0000 (Greenwich Mean Time),0.0177,0.0317,0.3543,255990.5226765288
Mon Mar 04 2024 17:00:00 GMT+0000 (Greenwich Mean Time),0.0177,0.0317,0.355,340508.59600656625
Mon Mar 04 2024 18:00:00 GMT+0000 (Greenwich Mean Time),0.0177,0.0317,0.3552,142319.20409723013
Mon Mar 04 2024 19:00:00 GMT+0000 (Greenwich Mean Time),0.0177,0.0317,0.3552,112854.97907119743
Mon Mar 04 2024 20:00:00 GMT+0000 (Greenwich Mean Time),0.0177,0.0317,0.3538,511505.6257391409
Mon Mar 04 2024 21:00:00 GMT+0000 (Greenwich Mean Time),0.0177,0.0317,0.3543,214341.13687449298
Mon Mar 04 2024 22:00:00 GMT+0000 (Greenwich Mean Time),0.0177,0.0317,0.3523,475724.1029397196
Mon Mar 04 2024 23:00:00 GMT+0000 (Greenwich Mean Time),0.0177,0.0317,0.353,169443.7586893949
Tue Mar 05 2024 00:00:00 GMT+0000 (Greenwich Mean Time),0.0173,0.0312,0.3528,185281.5305883281
Tue Mar 05 2024 01:00:00 GMT+0000 (Greenwich Mean Time),0.0173,0.0312,0.3529,217785.9412153539
Tue Mar 05 2024 02:00:00 GMT+0000 (Greenwich Mean Time),0.0173,0.0312,0.3529,455521.5327424335
Tue Mar 05 2024 03:00:00 GMT+0000 (Greenwich Mean Time),0.0173,0.0312,0.3527,214388.09406225407
Tue Mar 05 2024 04:00:00 GMT+0000 (Greenwich Mean Time),0.0173,0.0312,0.3486,1372100.247464476
Tue Mar 05 2024 05:00:00 GMT+0000 (Greenwich Mean Time),0.0173,0.0312,0.3508,544986.2540951003
Tue Mar 05 2024 06:00:00 GMT+0000 (Greenwich Mean Time),0.0173,0.0312,0.3497,390025.16461974103
Tue Mar 05 2024 07:00:00 GMT+0000 (Greenwich Mean Time),0.0173,0.0312,0.3466,1028858.4414653392
Tue Mar 05 2024 08:00:00 GMT+0000 (Greenwich Mean Time),0.0173,0.0312,0.3581,3301037.8609471666
Tue Mar 05 2024 09:00:00 GMT+0000 (Greenwich Mean Time),0.0173,0.0312,0.3548,1880448.2049031546
Tue Mar 05 2024 10:00:00 GMT+0000 (Greenwich Mean Time),0.0173,0.0312,0.3532,961855.1486681147
Tue Mar 05 2024 11:00:00 GMT+0000 (Greenwich Mean Time),0.0173,0.0312,0.3523,728007.098779998
Tue Mar 05 2024 12:00:00 GMT+0000 (Greenwich Mean Time),0.0513,0.0347,0.3506,1133020.8736051568
Tue Mar 05 2024 13:00:00 GMT+0000 (Greenwich Mean Time),0.0513,0.0347,0.3499,593389.3400003226
Tue Mar 05 2024 14:00:00 GMT+0000 (Greenwich Mean Time),0.0513,0.0347,0.3493,1110247.5830003715
Tue Mar 05 2024 15:00:00 GMT+0000 (Greenwich Mean Time),0.0513,0.0347,0.3482,751193.8288900673
Tue Mar 05 2024 16:00:00 GMT+0000 (Greenwich Mean Time),0.0513,0.0347,0.3394,3562839.7065150905
Tue Mar 05 2024 17:00:00 GMT+0000 (Greenwich Mean Time),0.0513,0.0347,0.3408,771464.212755244
Tue Mar 05 2024 18:00:00 GMT+0000 (Greenwich Mean Time),0.0513,0.0347,0.341,289776.28657140967
Tue Mar 05 2024 19:00:00 GMT+0000 (Greenwich Mean Time),0.0513,0.0347,0.3407,742372.2929075479
Tue Mar 05 2024 20:00:00 GMT+0000 (Greenwich Mean Time),0.0513,0.0347,0.3406,210725.1932374971
Tue Mar 05 2024 21:00:00 GMT+0000 (Greenwich Mean Time),0.0513,0.0347,0.342,2240307.2996259085
Tue Mar 05 2024 22:00:00 GMT+0000 (Greenwich Mean Time),0.0513,0.0347,0.3534,652340.8254807851
Tue Mar 05 2024 23:00:00 GMT+0000 (Greenwich Mean Time),0.0513,0.0347,0.3519,1193954.9338433305
Wed Mar 06 2024 00:00:00 GMT+0000 (Greenwich Mean Time),0.0334,0.0324,0.352,183457.17328986136
Wed Mar 06 2024 01:00:00 GMT+0000 (Greenwich Mean Time),0.0334,0.0324,0.3526,331048.534681586
Wed Mar 06 2024 02:00:00 GMT+0000 (Greenwich Mean Time),0.0334,0.0324,0.3528,207347.98964230577
Wed Mar 06 2024 03:00:00 GMT+0000 (Greenwich Mean Time),0.0334,0.0324,0.3533,727994.5271625752
Wed Mar 06 2024 04:00:00 GMT+0000 (Greenwich Mean Time),0.0334,0.0324,0.3535,260195.4837754767
Wed Mar 06 2024 05:00:00 GMT+0000 (Greenwich Mean Time),0.0334,0.0324,0.3534,185671.07005924883
Wed Mar 06 2024 06:00:00 GMT+0000 (Greenwich Mean Time),0.0334,0.0324,0.3535,619337.821633801
Wed Mar 06 2024 07:00:00 GMT+0000 (Greenwich Mean Time),0.0334,0.0324,0.3529,697693.953123039
Wed Mar 06 2024 08:00:00 GMT+0000 (Greenwich Mean Time),0.0334,0.0324,0.3528,1157651.4477960544
Wed Mar 06 2024 09:00:00 GMT+0000 (Greenwich Mean Time),0.0334,0.0324,0.3476,1994519.9058903526
Wed Mar 06 2024 10:00:00 GMT+0000 (Greenwich Mean Time),0.0334,0.0324,0.3455,814505.2466388936
Wed Mar 06 2024 11:00:00 GMT+0000 (Greenwich Mean Time),0.0334,0.0324,0.344,1030540.9210425168
Wed Mar 06 2024 12:00:00 GMT+0000 (Greenwich Mean Time),0.0221,0.0323,0.3423,577139.5489822506
Wed Mar 06 2024 13:00:00 GMT+0000 (Greenwich Mean Time),0.0221,0.0323,0.3422,204673.70695088257
Wed Mar 06 2024 14:00:00 GMT+0000 (Greenwich Mean Time),0.0221,0.0323,0.3438,1094068.1396715255
Wed Mar 06 2024 15:00:00 GMT+0000 (Greenwich Mean Time),0.0221,0.0323,0.343,429517.0208524832
Wed Mar 06 2024 16:00:00 GMT+0000 (Greenwich Mean Time),0.0221,0.0323,0.343,324103.5183323866
Wed Mar 06 2024 17:00:00 GMT+0000 (Greenwich Mean Time),0.0221,0.0323,0.3431,100158.5140095389
Wed Mar 06 2024 18:00:00 GMT+0000 (Greenwich Mean Time),0.0221,0.0323,0.3429,516420.24220545485
Wed Mar 06 2024 19:00:00 GMT+0000 (Greenwich Mean Time),0.0221,0.0323,0.3426,707421.6358146358
Wed Mar 06 2024 20:00:00 GMT+0000 (Greenwich Mean Time),0.0221,0.0323,0.3428,575834.1824864417
Wed Mar 06 2024 21:00:00 GMT+0000 (Greenwich Mean Time),0.0221,0.0323,0.3425,166395.95876704756
Wed Mar 06 2024 22:00:00 GMT+0000 (Greenwich Mean Time),0.0221,0.0323,0.3421,229622.0284068263
Wed Mar 06 2024 23:00:00 GMT+0000 (Greenwich Mean Time),0.0221,0.0323,0.3422,292410.14157089376
Thu Mar 07 2024 00:00:00 GMT+0000 (Greenwich Mean Time),0.0221,0.0292,0.3426,181880.47249215064
Thu Mar 07 2024 01:00:00 GMT+0000 (Greenwich Mean Time),0.0221,0.0292,0.3435,245922.89125912555
Thu Mar 07 2024 02:00:00 GMT+0000 (Greenwich Mean Time),0.0221,0.0292,0.3453,1402547.7225917762
Thu Mar 07 2024 03:00:00 GMT+0000 (Greenwich Mean Time),0.0221,0.0292,0.348,1284161.6903330665
Thu Mar 07 2024 04:00:00 GMT+0000 (Greenwich Mean Time),0.0221,0.0292,0.349,488394.89180854085
Thu Mar 07 2024 05:00:00 GMT+0000 (Greenwich Mean Time),0.0221,0.0292,0.3489,753299.3560786507
Thu Mar 07 2024 06:00:00 GMT+0000 (Greenwich Mean Time),0.0221,0.0292,0.3534,2679101.759727333
Thu Mar 07 2024 07:00:00 GMT+0000 (Greenwich Mean Time),0.0221,0.0292,0.3541,905058.558444143
Thu Mar 07 2024 08:00:00 GMT+0000 (Greenwich Mean Time),0.0221,0.0292,0.3515,931657.828307557
Thu Mar 07 2024 09:00:00 GMT+0000 (Greenwich Mean Time),0.0221,0.0292,0.3501,355953.134981905
Thu Mar 07 2024 10:00:00 GMT+0000 (Greenwich Mean Time),0.0221,0.0292,0.3489,441381.2875590861
Thu Mar 07 2024 11:00:00 GMT+0000 (Greenwich Mean Time),0.0221,0.0292,0.3487,497671.56854734174
Thu Mar 07 2024 12:00:00 GMT+0000 (Greenwich Mean Time),0.0371,0.033,0.3504,908713.8841870308
Thu Mar 07 2024 13:00:00 GMT+0000 (Greenwich Mean Time),0.0371,0.033,0.3505,542897.3658924397
Thu Mar 07 2024 14:00:00 GMT+0000 (Greenwich Mean Time),0.0371,0.033,0.35,442015.9297292179
Thu Mar 07 2024 15:00:00 GMT+0000 (Greenwich Mean Time),0.0371,0.033,0.3475,1684049.395868984
Thu Mar 07 2024 16:00:00 GMT+0000 (Greenwich Mean Time),0.0371,0.033,0.3437,1313291.242539717
Thu Mar 07 2024 17:00:00 GMT+0000 (Greenwich Mean Time),0.0371,0.033,0.3351,2189028.907648763
Thu Mar 07 2024 18:00:00 GMT+0000 (Greenwich Mean Time),0.0371,0.033,0.3361,339772.7701338727
Thu Mar 07 2024 19:00:00 GMT+0000 (Greenwich Mean Time),0.0371,0.033,0.3311,3570414.20418266
Thu Mar 07 2024 20:00:00 GMT+0000 (Greenwich Mean Time),0.0371,0.033,0.3308,370656.8514945125
Thu Mar 07 2024 21:00:00 GMT+0000 (Greenwich Mean Time),0.0371,0.033,0.3308,239332.51692362136
Thu Mar 07 2024 22:00:00 GMT+0000 (Greenwich Mean Time),0.0371,0.033,0.3301,265741.35275952617
Thu Mar 07 2024 23:00:00 GMT+0000 (Greenwich Mean Time),0.0371,0.033,0.3302,373991.36363073124
Fri Mar 08 2024 00:00:00 GMT+0000 (Greenwich Mean Time),0.065,0.0336,0.329,658471.84992206
Fri Mar 08 2024 01:00:00 GMT+0000 (Greenwich Mean Time),0.065,0.0336,0.3275,910071.3209573794
Fri Mar 08 2024 02:00:00 GMT+0000 (Greenwich Mean Time),0.065,0.0336,0.3285,665229.1107669233
Fri Mar 08 2024 03:00:00 GMT+0000 (Greenwich Mean Time),0.065,0.0336,0.328,376673.44134849275
Fri Mar 08 2024 04:00:00 GMT+0000 (Greenwich Mean Time),0.065,0.0336,0.3292,642760.8337230891
Fri Mar 08 2024 05:00:00 GMT+0000 (Greenwich Mean Time),0.065,0.0336,0.3288,365309.61294504354
Fri Mar 08 2024 06:00:00 GMT+0000 (Greenwich Mean Time),0.065,0.0336,0.3293,413838.7845265003
Fri Mar 08 2024 07:00:00 GMT+0000 (Greenwich Mean Time),0.065,0.0336,0.333,2011908.6939858678
Fri Mar 08 2024 08:00:00 GMT+0000 (Greenwich Mean Time),0.065,0.0336,0.34,4553807.495880517
Fri Mar 08 2024 09:00:00 GMT+0000 (Greenwich Mean Time),0.065,0.0336,0.3376,1823030.6624007327
Fri Mar 08 2024 10:00:00 GMT+0000 (Greenwich Mean Time),0.065,0.0336,0.3364,442703.62110969017
Fri Mar 08 2024 11:00:00 GMT+0000 (Greenwich Mean Time),0.065,0.0336,0.3364,706294.4086531403
Fri Mar 08 2024 12:00:00 GMT+0000 (Greenwich Mean Time),0.0461,0.0353,0.3389,1120806.7293657823
Fri Mar 08 2024 13:00:00 GMT+0000 (Greenwich Mean Time),0.0461,0.0353,0.3368,360213.13666725345
Fri Mar 08 2024 14:00:00 GMT+0000 (Greenwich Mean Time),0.0461,0.0353,0.3363,498303.11634023464
Fri Mar 08 2024 15:00:00 GMT+0000 (Greenwich Mean Time),0.0461,0.0353,0.336,305865.2734785116
Fri Mar 08 2024 16:00:00 GMT+0000 (Greenwich Mean Time),0.0461,0.0353,0.3352,507596.4579816896
Fri Mar 08 2024 17:00:00 GMT+0000 (Greenwich Mean Time),0.0461,0.0353,0.3352,631304.3039734967
Fri Mar 08 2024 18:00:00 GMT+0000 (Greenwich Mean Time),0.0461,0.0353,0.3352,566105.6425400025
Fri Mar 08 2024 19:00:00 GMT+0000 (Greenwich Mean Time),0.0461,0.0353,0.3359,1628895.8513445393
Fri Mar 08 2024 20:00:00 GMT+0000 (Greenwich Mean Time),0.0461,0.0353,0.3345,936281.8048370653
Fri Mar 08 2024 21:00:00 GMT+0000 (Greenwich Mean Time),0.0461,0.0353,0.3344,54468.43650481131
Fri Mar 08 2024 22:00:00 GMT+0000 (Greenwich Mean Time),0.0461,0.0353,0.3345,207364.851730304
Fri Mar 08 2024 23:00:00 GMT+0000 (Greenwich Mean Time),0.0461,0.0353,0.335,130311.33029869117
Sat Mar 09 2024 00:00:00 GMT+0000 (Greenwich Mean Time),0.0221,0.0329,0.3326,2276557.6007327586
Sat Mar 09 2024 01:00:00 GMT+0000 (Greenwich Mean Time),0.0221,0.0329,0.3317,354083.9982753862
Sat Mar 09 2024 02:00:00 GMT+0000 (Greenwich Mean Time),0.0221,0.0329,0.3311,214189.61616178832
Sat Mar 09 2024 03:00:00 GMT+0000 (Greenwich Mean Time),0.0221,0.0329,0.3331,4555802.084292991
Sat Mar 09 2024 04:00:00 GMT+0000 (Greenwich Mean Time),0.0221,0.0329,0.3327,832620.9821632223
Sat Mar 09 2024 05:00:00 GMT+0000 (Greenwich Mean Time),0.0221,0.0329,0.3329,1217663.2595747223
Sat Mar 09 2024 06:00:00 GMT+0000 (Greenwich Mean Time),0.0221,0.0329,0.3329,764738.0383514755
Sat Mar 09 2024 07:00:00 GMT+0000 (Greenwich Mean Time),0.0221,0.0329,0.3318,538728.9558535286
Sat Mar 09 2024 08:00:00 GMT+0000 (Greenwich Mean Time),0.0221,0.0329,0.3319,398035.2085247309
Sat Mar 09 2024 09:00:00 GMT+0000 (Greenwich Mean Time),0.0221,0.0329,0.3315,428039.26449227554
Sat Mar 09 2024 10:00:00 GMT+0000 (Greenwich Mean Time),0.0221,0.0329,0.3317,103504.70806486066
Sat Mar 09 2024 11:00:00 GMT+0000 (Greenwich Mean Time),0.0221,0.0329,0.3317,498329.10665779084
Sat Mar 09 2024 12:00:00 GMT+0000 (Greenwich Mean Time),0.0339,0.0347,0.3318,518735.744104861
Sat Mar 09 2024 13:00:00 GMT+0000 (Greenwich Mean Time),0.0339,0.0347,0.3311,622903.3554984203
Sat Mar 09 2024 14:00:00 GMT+0000 (Greenwich Mean Time),0.0339,0.0347,0.3293,1606674.8337597633
Sat Mar 09 2024 15:00:00 GMT+0000 (Greenwich Mean Time),0.0339,0.0347,0.3295,321296.7355342351
Sat Mar 09 2024 16:00:00 GMT+0000 (Greenwich Mean Time),0.0339,0.0347,0.3278,778461.6750605259
Sat Mar 09 2024 17:00:00 GMT+0000 (Greenwich Mean Time),0.0339,0.0347,0.3271,605594.2094046017
Sat Mar 09 2024 18:00:00 GMT+0000 (Greenwich Mean Time),0.0339,0.0347,0.327,157748.51504440396
Sat Mar 09 2024 19:00:00 GMT+0000 (Greenwich Mean Time),0.0339,0.0347,0.3272,421171.45979881263
Sat Mar 09 2024 20:00:00 GMT+0000 (Greenwich Mean Time),0.0339,0.0347,0.3276,152415.34592507133
Sat Mar 09 2024 21:00:00 GMT+0000 (Greenwich Mean Time),0.0339,0.0347,0.3244,1304799.7562614505
Sat Mar 09 2024 22:00:00 GMT+0000 (Greenwich Mean Time),0.0339,0.0347,0.3233,2262219.7748836097
Sat Mar 09 2024 23:00:00 GMT+0000 (Greenwich Mean Time),0.0339,0.0347,0.3243,210656.85963510326
Sun Mar 10 2024 00:00:00 GMT+0000 (Greenwich Mean Time),0.0425,0.034,0.3257,592334.5892371822
Sun Mar 10 2024 01:00:00 GMT+0000 (Greenwich Mean Time),0.0425,0.034,0.3258,211112.44073181384
Sun Mar 10 2024 02:00:00 GMT+0000 (Greenwich Mean Time),0.0425,0.034,0.3259,452304.01945080544
Sun Mar 10 2024 03:00:00 GMT+0000 (Greenwich Mean Time),0.0425,0.034,0.326,391886.3254004835
Sun Mar 10 2024 04:00:00 GMT+0000 (Greenwich Mean Time),0.0425,0.034,0.3261,514872.70154772076
Sun Mar 10 2024 05:00:00 GMT+0000 (Greenwich Mean Time),0.0425,0.034,0.3261,710037.3795508118
Sun Mar 10 2024 06:00:00 GMT+0000 (Greenwich Mean Time),0.0425,0.034,0.3259,153584.18108996496
Sun Mar 10 2024 07:00:00 GMT+0000 (Greenwich Mean Time),0.0425,0.034,0.3259,202545.51995146406
Sun Mar 10 2024 08:00:00 GMT+0000 (Greenwich Mean Time),0.0425,0.034,0.3259,243795.05211722373
Sun Mar 10 2024 09:00:00 GMT+0000 (Greenwich Mean Time),0.0425,0.034,0.3236,760602.2101880421
Sun Mar 10 2024 10:00:00 GMT+0000 (Greenwich Mean Time),0.0425,0.034,0.3228,841669.8293010999
Sun Mar 10 2024 11:00:00 GMT+0000 (Greenwich Mean Time),0.0425,0.034,0.3174,1718464.8649849123
Sun Mar 10 2024 12:00:00 GMT+0000 (Greenwich Mean Time),0.0268,0.0335,0.3178,691368.7219799951
Sun Mar 10 2024 13:00:00 GMT+0000 (Greenwich Mean Time),0.0268,0.0335,0.3179,820498.8996650628
Sun Mar 10 2024 14:00:00 GMT+0000 (Greenwich Mean Time),0.0268,0.0335,0.3181,1307636.9209651668
Sun Mar 10 2024 15:00:00 GMT+0000 (Greenwich Mean Time),0.0268,0.0335,0.3179,1990374.2365240892
Sun Mar 10 2024 16:00:00 GMT+0000 (Greenwich Mean Time),0.0268,0.0335,0.3172,782610.6603687576
Sun Mar 10 2024 17:00:00 GMT+0000 (Greenwich Mean Time),0.0268,0.0335,0.3163,867432.5890530752
Sun Mar 10 2024 18:00:00 GMT+0000 (Greenwich Mean Time),0.0268,0.0335,0.313,1383120.4605102486
Sun Mar 10 2024 19:00:00 GMT+0000 (Greenwich Mean Time),0.0268,0.0335,0.311,1437734.5211669307
Sun Mar 10 2024 20:00:00 GMT+0000 (Greenwich Mean Time),0.0268,0.0335,0.3076,1071260.9505944615
Sun Mar 10 2024 21:00:00 GMT+0000 (Greenwich Mean Time),0.0268,0.0335,0.3076,65404.44050585312
Sun Mar 10 2024 22:00:00 GMT+0000 (Greenwich Mean Time),0.0268,0.0335,0.3075,110116.5194178241
Sun Mar 10 2024 23:00:00 GMT+0000 (Greenwich Mean Time),0.0268,0.0335,0.3068,272655.9209330786
Mon Mar 11 2024 00:00:00 GMT+0000 (Greenwich Mean Time),0.027,0.0327,0.3069,818742.9822959132
Mon Mar 11 2024 01:00:00 GMT+0000 (Greenwich Mean Time),0.027,0.0327,0.3065,238324.38682002132
Mon Mar 11 2024 02:00:00 GMT+0000 (Greenwich Mean Time),0.027,0.0327,0.3065,479284.28336235275
Mon Mar 11 2024 03:00:00 GMT+0000 (Greenwich Mean Time),0.027,0.0327,0.3064,472984.98073356267
Mon Mar 11 2024 04:00:00 GMT+0000 (Greenwich Mean Time),0.027,0.0327,0.3063,108966.34288904641
Mon Mar 11 2024 05:00:00 GMT+0000 (Greenwich Mean Time),0.027,0.0327,0.3055,313755.5480294338
Mon Mar 11 2024 06:00:00 GMT+0000 (Greenwich Mean Time),0.027,0.0327,0.3054,443771.2249873929
Mon Mar 11 2024 07:00:00 GMT+0000 (Greenwich Mean Time),0.027,0.0327,0.3054,274637.7875317019
Mon Mar 11 2024 08:00:00 GMT+0000 (Greenwich Mean Time),0.027,0.0327,0.3053,669468.9709879763
Mon Mar 11 2024 09:00:00 GMT+0000 (Greenwich Mean Time),0.027,0.0327,0.3035,973792.249652311
Mon Mar 11 2024 10:00:00 GMT+0000 (Greenwich Mean Time),0.027,0.0327,0.3023,1222699.016816334
Mon Mar 11 2024 11:00:00 GMT+0000 (Greenwich Mean Time),0.027,0.0327,0.3017,733494.5041960734
Mon Mar 11 2024 12:00:00 GMT+0000 (Greenwich Mean Time),0.0289,0.0351,0.303,1656699.892073426
Mon Mar 11 2024 13:00:00 GMT+0000 (Greenwich Mean Time),0.0289,0.0351,0.3027,692802.2626674246
Mon Mar 11 2024 14:00:00 GMT+0000 (Greenwich Mean Time),0.0289,0.0351,0.2932,3723430.3133523758
Mon Mar 11 2024 15:00:00 GMT+0000 (Greenwich Mean Time),0.0289,0.0351,0.2993,2996202.479279601
Mon Mar 11 2024 16:00:00 GMT+0000 (Greenwich Mean Time),0.0289,0.0351,0.2997,574727.5820629717
Mon Mar 11 2024 17:00:00 GMT+0000 (Greenwich Mean Time),0.0289,0.0351,0.2991,511760.80091001646
Mon Mar 11 2024 18:00:00 GMT+0000 (Greenwich Mean Time),0.0289,0.0351,0.2988,566218.3890683553
Mon Mar 11 2024 19:00:00 GMT+0000 (Greenwich Mean Time),0.0289,0.0351,0.2977,394377.8977010555
Mon Mar 11 2024 20:00:00 GMT+0000 (Greenwich Mean Time),0.0289,0.0351,0.2972,124698.40522273927
Mon Mar 11 2024 21:00:00 GMT+0000 (Greenwich Mean Time),0.0289,0.0351,0.2973,653392.1826823445
Mon Mar 11 2024 22:00:00 GMT+0000 (Greenwich Mean Time),0.0289,0.0351,0.2977,85240.23960133648
Mon Mar 11 2024 23:00:00 GMT+0000 (Greenwich Mean Time),0.0289,0.0351,0.2973,306402.1763815705
Tue Mar 12 2024 00:00:00 GMT+0000 (Greenwich Mean Time),0.037,0.0355,0.2973,143712.15061891003
Tue Mar 12 2024 01:00:00 GMT+0000 (Greenwich Mean Time),0.037,0.0355,0.2937,1849201.8007440083
Tue Mar 12 2024 02:00:00 GMT+0000 (Greenwich Mean Time),0.037,0.0355,0.2932,487987.82563670236
Tue Mar 12 2024 03:00:00 GMT+0000 (Greenwich Mean Time),0.037,0.0355,0.2854,5789426.20259039
Tue Mar 12 2024 04:00:00 GMT+0000 (Greenwich Mean Time),0.037,0.0355,0.2854,169798.02597787097
Tue Mar 12 2024 05:00:00 GMT+0000 (Greenwich Mean Time),0.037,0.0355,0.2853,753034.8438106552
Tue Mar 12 2024 06:00:00 GMT+0000 (Greenwich Mean Time),0.037,0.0355,0.2849,1122414.8176564593
Tue Mar 12 2024 07:00:00 GMT+0000 (Greenwich Mean Time),0.037,0.0355,0.2847,169702.40887029946
Tue Mar 12 2024 08:00:00 GMT+0000 (Greenwich Mean Time),0.037,0.0355,0.2847,256288.33352399452
Tue Mar 12 2024 09:00:00 GMT+0000 (Greenwich Mean Time),0.0538,0.0379,0.2846,316446.17738979735
Tue Mar 12 2024 10:00:00 GMT+0000 (Greenwich Mean Time),0.0538,0.0379,0.2843,763089.1075810255
Tue Mar 12 2024 11:00:00 GMT+0000 (Greenwich Mean Time),0.0538,0.0379,0.2849,927228.7418873757
Tue Mar 12 2024 12:00:00 GMT+0000 (Greenwich Mean Time),0.0364,0.033,0.2843,1983740.315109983
Tue Mar 12 2024 13:00:00 GMT+0000 (Greenwich Mean Time),0.0364,0.033,0.2854,108462.04687151322
Tue Mar 12 2024 14:00:00 GMT+0000 (Greenwich Mean Time),0.0364,0.033,0.3468,26290431.13987537
Tue Mar 12 2024 15:00:00 GMT+0000 (Greenwich Mean Time),0.0364,0.033,0.3218,9816703.902307497
Tue Mar 12 2024 16:00:00 GMT+0000 (Greenwich Mean Time),0.0364,0.033,0.3079,5400072.997276196
Tue Mar 12 2024 17:00:00 GMT+0000 (Greenwich Mean Time),0.0364,0.033,0.3195,7128777.12152713
Tue Mar 12 2024 18:00:00 GMT+0000 (Greenwich Mean Time),0.0364,0.033,0.3212,6969482.729515101
Tue Mar 12 2024 19:00:00 GMT+0000 (Greenwich Mean Time),0.0364,0.033,0.3199,790110.2938641626
Tue Mar 12 2024 20:00:00 GMT+0000 (Greenwich Mean Time),0.0364,0.033,0.3145,4601608.595902089
Tue Mar 12 2024 21:00:00 GMT+0000 (Greenwich Mean Time),0.0567,0.0359,0.3164,1492491.5055421677
Tue Mar 12 2024 22:00:00 GMT+0000 (Greenwich Mean Time),0.0567,0.0359,0.3166,776444.2674040961
Tue Mar 12 2024 23:00:00 GMT+0000 (Greenwich Mean Time),0.0567,0.0359,0.3152,756713.282975973
Wed Mar 13 2024 00:00:00 GMT+0000 (Greenwich Mean Time),0.0361,0.0359,0.3181,1263032.0410763035
Wed Mar 13 2024 01:00:00 GMT+0000 (Greenwich Mean Time),0.0361,0.0359,0.318,573564.7468709724
Wed Mar 13 2024 02:00:00 GMT+0000 (Greenwich Mean Time),0.0361,0.0359,0.3181,714799.1740767733
Wed Mar 13 2024 03:00:00 GMT+0000 (Greenwich Mean Time),0.0361,0.0359,0.3085,4904281.096460603
Wed Mar 13 2024 04:00:00 GMT+0000 (Greenwich Mean Time),0.0361,0.0359,0.3088,481456.5126354363
Wed Mar 13 2024 05:00:00 GMT+0000 (Greenwich Mean Time),0.0361,0.0359,0.3081,891188.1135635944
Wed Mar 13 2024 06:00:00 GMT+0000 (Greenwich Mean Time),0.0361,0.0359,0.3082,4284635.903335631
Wed Mar 13 2024 07:00:00 GMT+0000 (Greenwich Mean Time),0.0361,0.0359,0.3124,2951071.2645861274
Wed Mar 13 2024 08:00:00 GMT+0000 (Greenwich Mean Time),0.0361,0.0359,0.3116,634234.9716676717
Wed Mar 13 2024 09:00:00 GMT+0000 (Greenwich Mean Time),0.0341,0.038,0.31,748028.2259428011
Wed Mar 13 2024 10:00:00 GMT+0000 (Greenwich Mean Time),0.0341,0.038,0.3142,1433547.874159188
Wed Mar 13 2024 11:00:00 GMT+0000 (Greenwich Mean Time),0.0341,0.038,0.3143,529628.9372355014
Wed Mar 13 2024 12:00:00 GMT+0000 (Greenwich Mean Time),0.0341,0.0347,0.3158,912826.8000812706
Wed Mar 13 2024 13:00:00 GMT+0000 (Greenwich Mean Time),0.0341,0.0347,0.3215,2087762.697269767
Wed Mar 13 2024 14:00:00 GMT+0000 (Greenwich Mean Time),0.0341,0.0347,0.3235,1108771.064984259
Wed Mar 13 2024 15:00:00 GMT+0000 (Greenwich Mean Time),0.0341,0.0347,0.3224,807675.0618185317
Wed Mar 13 2024 16:00:00 GMT+0000 (Greenwich Mean Time),0.0341,0.0347,0.3224,579691.3124838856
Wed Mar 13 2024 17:00:00 GMT+0000 (Greenwich Mean Time),0.0341,0.0347,0.3243,1070947.0376982586
Wed Mar 13 2024 18:00:00 GMT+0000 (Greenwich Mean Time),0.0341,0.0347,0.3246,242682.7493935268
Wed Mar 13 2024 19:00:00 GMT+0000 (Greenwich Mean Time),0.0341,0.0347,0.3256,598488.0376381392
Wed Mar 13 2024 20:00:00 GMT+0000 (Greenwich Mean Time),0.0341,0.0347,0.3256,385812.9001588794
Wed Mar 13 2024 21:00:00 GMT+0000 (Greenwich Mean Time),0.0142,0.0347,0.3261,1086939.884144931
Wed Mar 13 2024 22:00:00 GMT+0000 (Greenwich Mean Time),0.0142,0.0347,0.3264,273441.33672542893
Wed Mar 13 2024 23:00:00 GMT+0000 (Greenwich Mean Time),0.0142,0.0347,0.3274,625040.9975870625
Thu Mar 14 2024 00:00:00 GMT+0000 (Greenwich Mean Time),0.0142,0.0347,0.3276,704565.6870177486
Thu Mar 14 2024 01:00:00 GMT+0000 (Greenwich Mean Time),0.0142,0.0347,0.3264,698968.9150138041
Thu Mar 14 2024 02:00:00 GMT+0000 (Greenwich Mean Time),0.0142,0.0347,0.3267,584053.6696412556
Thu Mar 14 2024 03:00:00 GMT+0000 (Greenwich Mean Time),0.0142,0.0347,0.3236,2286192.5514965863
Thu Mar 14 2024 04:00:00 GMT+0000 (Greenwich Mean Time),0.0142,0.0347,0.3253,673215.2471658402
Thu Mar 14 2024 05:00:00 GMT+0000 (Greenwich Mean Time),0.0142,0.0347,0.3256,275496.8436033281
Thu Mar 14 2024 06:00:00 GMT+0000 (Greenwich Mean Time),0.0142,0.0347,0.3259,404877.60783050995
Thu Mar 14 2024 07:00:00 GMT+0000 (Greenwich Mean Time),0.0142,0.0347,0.3264,625391.8356510315
Thu Mar 14 2024 08:00:00 GMT+0000 (Greenwich Mean Time),0.0142,0.0347,0.3261,288943.7449251614
Thu Mar 14 2024 09:00:00 GMT+0000 (Greenwich Mean Time),0.0214,0.0379,0.3258,636604.3071420062
Thu Mar 14 2024 10:00:00 GMT+0000 (Greenwich Mean Time),0.0214,0.0379,0.3247,1096111.1715599257
Thu Mar 14 2024 11:00:00 GMT+0000 (Greenwich Mean Time),0.0214,0.0379,0.322,777753.8871072667
Thu Mar 14 2024 12:00:00 GMT+0000 (Greenwich Mean Time),0.0214,0.0325,0.3172,1937899.5633609002
Thu Mar 14 2024 13:00:00 GMT+0000 (Greenwich Mean Time),0.0214,0.0325,0.3051,4194481.629347943
Thu Mar 14 2024 14:00:00 GMT+0000 (Greenwich Mean Time),0.0214,0.0325,0.3018,1337173.002222332
Thu Mar 14 2024 15:00:00 GMT+0000 (Greenwich Mean Time),0.0214,0.0325,0.2995,885784.4867826523
Thu Mar 14 2024 16:00:00 GMT+0000 (Greenwich Mean Time),0.0214,0.0325,0.2977,851207.0396606813
Thu Mar 14 2024 17:00:00 GMT+0000 (Greenwich Mean Time),0.0214,0.0325,0.2976,271614.6290485222
Thu Mar 14 2024 18:00:00 GMT+0000 (Greenwich Mean Time),0.0214,0.0325,0.2964,1592957.2527525786
Thu Mar 14 2024 19:00:00 GMT+0000 (Greenwich Mean Time),0.0214,0.0325,0.2911,2092779.7834639521
Thu Mar 14 2024 20:00:00 GMT+0000 (Greenwich Mean Time),0.0214,0.0325,0.2917,921809.7605436342
Thu Mar 14 2024 21:00:00 GMT+0000 (Greenwich Mean Time),0.0282,0.0335,0.2906,437030.31528773304
Thu Mar 14 2024 22:00:00 GMT+0000 (Greenwich Mean Time),0.0282,0.0335,0.2875,3106359.9841350764
Thu Mar 14 2024 23:00:00 GMT+0000 (Greenwich Mean Time),0.0282,0.0335,0.2859,1521637.3420330961
Fri Mar 15 2024 00:00:00 GMT+0000 (Greenwich Mean Time),0.0282,0.0295,0.2849,589230.3737533406
Fri Mar 15 2024 01:00:00 GMT+0000 (Greenwich Mean Time),0.0282,0.0295,0.2848,263673.7907209301
Fri Mar 15 2024 02:00:00 GMT+0000 (Greenwich Mean Time),0.0282,0.0295,0.2821,760712.505116823
Fri Mar 15 2024 03:00:00 GMT+0000 (Greenwich Mean Time),0.0282,0.0295,0.2825,509189.8502198643
Fri Mar 15 2024 04:00:00 GMT+0000 (Greenwich Mean Time),0.0282,0.0295,0.282,457792.3307337581
Fri Mar 15 2024 05:00:00 GMT+0000 (Greenwich Mean Time),0.0282,0.0295,0.2823,1102123.2800638017
Fri Mar 15 2024 06:00:00 GMT+0000 (Greenwich Mean Time),0.0282,0.0295,0.2798,795267.0370544993
Fri Mar 15 2024 07:00:00 GMT+0000 (Greenwich Mean Time),0.0282,0.0295,0.2797,329623.85935577424
Fri Mar 15 2024 08:00:00 GMT+0000 (Greenwich Mean Time),0.0282,0.0295,0.284,1557401.1797459503
Fri Mar 15 2024 09:00:00 GMT+0000 (Greenwich Mean Time),0.0254,0.0323,0.2832,266707.597515542
Fri Mar 15 2024 10:00:00 GMT+0000 (Greenwich Mean Time),0.0254,0.0323,0.2751,2999480.2320486833
Fri Mar 15 2024 11:00:00 GMT+0000 (Greenwich Mean Time),0.0254,0.0323,0.275,366437.769554497
Fri Mar 15 2024 12:00:00 GMT+0000 (Greenwich Mean Time),0.0254,0.0295,0.275,58123.326536774446
Fri Mar 15 2024 13:00:00 GMT+0000 (Greenwich Mean Time),0.0254,0.0295,0.2748,259594.82990176757
Fri Mar 15 2024 14:00:00 GMT+0000 (Greenwich Mean Time),0.0254,0.0295,0.2768,1152534.2212347137
Fri Mar 15 2024 15:00:00 GMT+0000 (Greenwich Mean Time),0.0254,0.0295,0.2771,1067203.7280228278
Fri Mar 15 2024 16:00:00 GMT+0000 (Greenwich Mean Time),0.0254,0.0295,0.2749,1332847.8236498497
Fri Mar 15 2024 17:00:00 GMT+0000 (Greenwich Mean Time),0.0254,0.0295,0.2758,624549.6610853253
Fri Mar 15 2024 18:00:00 GMT+0000 (Greenwich Mean Time),0.0254,0.0295,0.2761,100661.02966860658
Fri Mar 15 2024 19:00:00 GMT+0000 (Greenwich Mean Time),0.0254,0.0295,0.279,1279502.0544764134
Fri Mar 15 2024 20:00:00 GMT+0000 (Greenwich Mean Time),0.0254,0.0295,0.279,202502.3619181444
Fri Mar 15 2024 21:00:00 GMT+0000 (Greenwich Mean Time),0.0305,0.0313,0.2789,402801.73890523514
Fri Mar 15 2024 22:00:00 GMT+0000 (Greenwich Mean Time),0.0305,0.0313,0.2787,548164.1598638056
Fri Mar 15 2024 23:00:00 GMT+0000 (Greenwich Mean Time),0.0305,0.0313,0.279,258354.3000493968
Sat Mar 16 2024 00:00:00 GMT+0000 (Greenwich Mean Time),0.0305,0.0308,0.2796,234332.1464661462
Sat Mar 16 2024 01:00:00 GMT+0000 (Greenwich Mean Time),0.0305,0.0308,0.2799,116749.19045707524
Sat Mar 16 2024 02:00:00 GMT+0000 (Greenwich Mean Time),0.0305,0.0308,0.2697,5505266.246203686
Sat Mar 16 2024 03:00:00 GMT+0000 (Greenwich Mean Time),0.0305,0.0308,0.2695,66710.0261166209
Sat Mar 16 2024 04:00:00 GMT+0000 (Greenwich Mean Time),0.0305,0.0308,0.2666,2685251.6048022276
Sat Mar 16 2024 05:00:00 GMT+0000 (Greenwich Mean Time),0.0305,0.0308,0.2646,1450793.8247444935
Sat Mar 16 2024 06:00:00 GMT+0000 (Greenwich Mean Time),0.0305,0.0308,0.2648,507189.31842701393
Sat Mar 16 2024 07:00:00 GMT+0000 (Greenwich Mean Time),0.0305,0.0308,0.2679,1306268.2884738762
Sat Mar 16 2024 08:00:00 GMT+0000 (Greenwich Mean Time),0.0305,0.0308,0.2713,2274471.1743247416
Sat Mar 16 2024 09:00:00 GMT+0000 (Greenwich Mean Time),0.0228,0.0324,0.2749,1128107.160887276
Sat Mar 16 2024 10:00:00 GMT+0000 (Greenwich Mean Time),0.0228,0.0324,0.2779,889752.2759202446
Sat Mar 16 2024 11:00:00 GMT+0000 (Greenwich Mean Time),0.0228,0.0324,0.2783,245477.20761514705
Sat Mar 16 2024 12:00:00 GMT+0000 (Greenwich Mean Time),0.0228,0.028,0.2829,1607116.7217020774
Sat Mar 16 2024 13:00:00 GMT+0000 (Greenwich Mean Time),0.0228,0.028,0.2816,627967.9692293713
Sat Mar 16 2024 14:00:00 GMT+0000 (Greenwich Mean Time),0.0228,0.028,0.2847,6046792.174563197
Sat Mar 16 2024 15:00:00 GMT+0000 (Greenwich Mean Time),0.0228,0.028,0.2497,14142275.377936766
Sat Mar 16 2024 16:00:00 GMT+0000 (Greenwich Mean Time),0.0228,0.028,0.2706,7655723.283865143
Sat Mar 16 2024 17:00:00 GMT+0000 (Greenwich Mean Time),0.0228,0.028,0.272,2314025.9219045104
Sat Mar 16 2024 18:00:00 GMT+0000 (Greenwich Mean Time),0.0228,0.028,0.2712,1480595.523030682
Sat Mar 16 2024 19:00:00 GMT+0000 (Greenwich Mean Time),0.0228,0.028,0.2707,492990.1519623499
Sat Mar 16 2024 20:00:00 GMT+0000 (Greenwich Mean Time),0.0228,0.028,0.2721,657900.6522684224
Sat Mar 16 2024 21:00:00 GMT+0000 (Greenwich Mean Time),0.0137,0.0284,0.273,362379.0059469539
Sat Mar 16 2024 22:00:00 GMT+0000 (Greenwich Mean Time),0.0137,0.0284,0.276,2258477.421626423
Sat Mar 16 2024 23:00:00 GMT+0000 (Greenwich Mean Time),0.0137,0.0284,0.2795,1744685.9823208647
Sun Mar 17 2024 00:00:00 GMT+0000 (Greenwich Mean Time),0.0137,0.0266,0.2812,894171.949409577
Sun Mar 17 2024 01:00:00 GMT+0000 (Greenwich Mean Time),0.0137,0.0266,0.2865,1282902.355934653
Sun Mar 17 2024 02:00:00 GMT+0000 (Greenwich Mean Time),0.0137,0.0266,0.2891,910812.4178746439
Sun Mar 17 2024 03:00:00 GMT+0000 (Greenwich Mean Time),0.0137,0.0266,0.2879,1760366.0750254882
Sun Mar 17 2024 04:00:00 GMT+0000 (Greenwich Mean Time),0.0137,0.0266,0.2923,1344366.4341702373
Sun Mar 17 2024 05:00:00 GMT+0000 (Greenwich Mean Time),0.0137,0.0266,0.3066,7820087.786215242
Sun Mar 17 2024 06:00:00 GMT+0000 (Greenwich Mean Time),0.0137,0.0266,0.3078,961636.3936557532
Sun Mar 17 2024 07:00:00 GMT+0000 (Greenwich Mean Time),0.0137,0.0266,0.3068,1510540.2053023754
Sun Mar 17 2024 08:00:00 GMT+0000 (Greenwich Mean Time),0.0137,0.0266,0.3067,1250318.9473676377
Sun Mar 17 2024 09:00:00 GMT+0000 (Greenwich Mean Time),0.0197,0.0291,0.3101,2481653.0423249374
Sun Mar 17 2024 10:00:00 GMT+0000 (Greenwich Mean Time),0.0197,0.0291,0.3158,1304414.6611151968
Sun Mar 17 2024 11:00:00 GMT+0000 (Greenwich Mean Time),0.0197,0.0291,0.3161,1450809.4375709856
Sun Mar 17 2024 12:00:00 GMT+0000 (Greenwich Mean Time),0.0197,0.0269,0.3153,542679.1365455119
Sun Mar 17 2024 13:00:00 GMT+0000 (Greenwich Mean Time),0.0197,0.0269,0.3176,919161.1358826461
Sun Mar 17 2024 14:00:00 GMT+0000 (Greenwich Mean Time),0.0197,0.0269,0.3289,3873826.7056404985
Sun Mar 17 2024 15:00:00 GMT+0000 (Greenwich Mean Time),0.0197,0.0269,0.3342,2848915.1911744713
Sun Mar 17 2024 16:00:00 GMT+0000 (Greenwich Mean Time),0.0197,0.0269,0.3337,1457921.6185222724
Sun Mar 17 2024 17:00:00 GMT+0000 (Greenwich Mean Time),0.0197,0.0269,0.3343,469719.64463615965
Sun Mar 17 2024 18:00:00 GMT+0000 (Greenwich Mean Time),0.0197,0.0269,0.3351,446792.44173318206
Sun Mar 17 2024 19:00:00 GMT+0000 (Greenwich Mean Time),0.0197,0.0269,0.3351,281011.63043086184
Sun Mar 17 2024 20:00:00 GMT+0000 (Greenwich Mean Time),0.0197,0.0269,0.3337,527154.3772842095
Sun Mar 17 2024 21:00:00 GMT+0000 (Greenwich Mean Time),0.0353,0.0296,0.3325,480339.070809191
Sun Mar 17 2024 22:00:00 GMT+0000 (Greenwich Mean Time),0.0353,0.0296,0.3326,263754.64375785954
Sun Mar 17 2024 23:00:00 GMT+0000 (Greenwich Mean Time),0.0353,0.0296,0.3331,523859.5854484716
Mon Mar 18 2024 00:00:00 GMT+0000 (Greenwich Mean Time),0.0353,0.0278,0.3331,583206.9875158905
Mon Mar 18 2024 01:00:00 GMT+0000 (Greenwich Mean Time),0.0353,0.0278,0.3331,429628.42453576927
Mon Mar 18 2024 02:00:00 GMT+0000 (Greenwich Mean Time),0.0353,0.0278,0.3354,2835247.7267848556
Mon Mar 18 2024 03:00:00 GMT+0000 (Greenwich Mean Time),0.0353,0.0278,0.3515,7507409.955003437
Mon Mar 18 2024 04:00:00 GMT+0000 (Greenwich Mean Time),0.0353,0.0278,0.3559,7046972.796665873
Mon Mar 18 2024 05:00:00 GMT+0000 (Greenwich Mean Time),0.0353,0.0278,0.3564,2412951.8275008583
Mon Mar 18 2024 06:00:00 GMT+0000 (Greenwich Mean Time),0.0353,0.0278,0.3558,1355141.0648865849
Mon Mar 18 2024 07:00:00 GMT+0000 (Greenwich Mean Time),0.0353,0.0278,0.3564,1230820.4981299262
Mon Mar 18 2024 08:00:00 GMT+0000 (Greenwich Mean Time),0.0353,0.0278,0.357,2617081.033706813
Mon Mar 18 2024 09:00:00 GMT+0000 (Greenwich Mean Time),0.0295,0.0295,0.3727,3492964.638227375
Mon Mar 18 2024 10:00:00 GMT+0000 (Greenwich Mean Time),0.0295,0.0295,0.3637,2487588.238104394
Mon Mar 18 2024 11:00:00 GMT+0000 (Greenwich Mean Time),0.0295,0.0295,0.3544,1869357.1317861117
Mon Mar 18 2024 12:00:00 GMT+0000 (Greenwich Mean Time),0.0295,0.027,0.336,10014933.73098782
Mon Mar 18 2024 13:00:00 GMT+0000 (Greenwich Mean Time),0.0295,0.027,0.3344,2795965.4351748517
Mon Mar 18 2024 14:00:00 GMT+0000 (Greenwich Mean Time),0.0295,0.027,0.3482,5017206.909416631
Mon Mar 18 2024 15:00:00 GMT+0000 (Greenwich Mean Time),0.0295,0.027,0.334,8325179.554812694
Mon Mar 18 2024 16:00:00 GMT+0000 (Greenwich Mean Time),0.0295,0.027,0.3325,2778477.181668246
Mon Mar 18 2024 17:00:00 GMT+0000 (Greenwich Mean Time),0.0295,0.027,0.3358,2576325.6294297436
Mon Mar 18 2024 18:00:00 GMT+0000 (Greenwich Mean Time),0.0295,0.027,0.3348,1356935.4478101202
Mon Mar 18 2024 19:00:00 GMT+0000 (Greenwich Mean Time),0.0295,0.027,0.3414,3236665.7999866838
Mon Mar 18 2024 20:00:00 GMT+0000 (Greenwich Mean Time),0.0295,0.027,0.3516,3084990.6647523367
Mon Mar 18 2024 21:00:00 GMT+0000 (Greenwich Mean Time),0.0238,0.0288,0.3558,1231242.4114605447
Mon Mar 18 2024 22:00:00 GMT+0000 (Greenwich Mean Time),0.0238,0.0288,0.3577,1618059.9478918053
Mon Mar 18 2024 23:00:00 GMT+0000 (Greenwich Mean Time),0.0238,0.0288,0.3615,2330480.0423869053
Tue Mar 19 2024 00:00:00 GMT+0000 (Greenwich Mean Time),0.0238,0.0259,0.3613,5422749.934815241
Tue Mar 19 2024 01:00:00 GMT+0000 (Greenwich Mean Time),0.0238,0.0259,0.3885,13848116.90931332
Tue Mar 19 2024 02:00:00 GMT+0000 (Greenwich Mean Time),0.0238,0.0259,0.3792,4123223.86480481
Tue Mar 19 2024 03:00:00 GMT+0000 (Greenwich Mean Time),0.0238,0.0259,0.3793,169855.9299004611
Tue Mar 19 2024 04:00:00 GMT+0000 (Greenwich Mean Time),0.0238,0.0259,0.3707,3095682.0549721625
Tue Mar 19 2024 05:00:00 GMT+0000 (Greenwich Mean Time),0.0238,0.0259,0.3717,693551.4137915708
Tue Mar 19 2024 06:00:00 GMT+0000 (Greenwich Mean Time),0.0238,0.0259,0.3754,2154905.972765732
Tue Mar 19 2024 07:00:00 GMT+0000 (Greenwich Mean Time),0.0238,0.0259,0.3809,1708425.635477179
Tue Mar 19 2024 08:00:00 GMT+0000 (Greenwich Mean Time),0.0238,0.0259,0.3831,2140764.820325482
Tue Mar 19 2024 09:00:00 GMT+0000 (Greenwich Mean Time),0.0185,0.0245,0.3834,1023786.2518129259
Tue Mar 19 2024 10:00:00 GMT+0000 (Greenwich Mean Time),0.0185,0.0245,0.3832,651365.1775109067
Tue Mar 19 2024 11:00:00 GMT+0000 (Greenwich Mean Time),0.0185,0.0245,0.3821,1119278.623615069
Tue Mar 19 2024 12:00:00 GMT+0000 (Greenwich Mean Time),0.0185,0.0245,0.3774,2054536.2789380662
Tue Mar 19 2024 13:00:00 GMT+0000 (Greenwich Mean Time),0.0185,0.0245,0.3802,2250399.501086414
Tue Mar 19 2024 14:00:00 GMT+0000 (Greenwich Mean Time),0.0185,0.0245,0.3785,4562301.957134111
Tue Mar 19 2024 15:00:00 GMT+0000 (Greenwich Mean Time),0.0185,0.0245,0.3838,2417355.5735407034
Tue Mar 19 2024 16:00:00 GMT+0000 (Greenwich Mean Time),0.0185,0.0245,0.3869,2224113.2971567772
Tue Mar 19 2024 17:00:00 GMT+0000 (Greenwich Mean Time),0.0185,0.0245,0.3889,924820.8456956347
Tue Mar 19 2024 18:00:00 GMT+0000 (Greenwich Mean Time),0.0185,0.0245,0.3849,1959738.1025680988
Tue Mar 19 2024 19:00:00 GMT+0000 (Greenwich Mean Time),0.0185,0.0245,0.3871,1250202.9706495523
Tue Mar 19 2024 20:00:00 GMT+0000 (Greenwich Mean Time),0.0185,0.0245,0.3897,724652.6711391574
Tue Mar 19 2024 21:00:00 GMT+0000 (Greenwich Mean Time),0.0278,0.0248,0.3864,2209150.423168414
Tue Mar 19 2024 22:00:00 GMT+0000 (Greenwich Mean Time),0.0278,0.0248,0.388,767042.4508496746
Tue Mar 19 2024 23:00:00 GMT+0000 (Greenwich Mean Time),0.0278,0.0248,0.3451,8375935.385939371
Wed Mar 20 2024 00:00:00 GMT+0000 (Greenwich Mean Time),0.0278,0.0248,0.3569,2321951.843856679
Wed Mar 20 2024 01:00:00 GMT+0000 (Greenwich Mean Time),0.0278,0.0248,0.3581,446427.98042281385
Wed Mar 20 2024 02:00:00 GMT+0000 (Greenwich Mean Time),0.0278,0.0248,0.3642,4035175.923693792
Wed Mar 20 2024 03:00:00 GMT+0000 (Greenwich Mean Time),0.0278,0.0248,0.3593,2747956.77478817
Wed Mar 20 2024 04:00:00 GMT+0000 (Greenwich Mean Time),0.0278,0.0248,0.3608,649582.8051433949
Wed Mar 20 2024 05:00:00 GMT+0000 (Greenwich Mean Time),0.0278,0.0248,0.3587,852461.8049827024
Wed Mar 20 2024 06:00:00 GMT+0000 (Greenwich Mean Time),0.0278,0.0248,0.3615,799113.5848564901
Wed Mar 20 2024 07:00:00 GMT+0000 (Greenwich Mean Time),0.0278,0.0248,0.3607,1202363.0957377178
Wed Mar 20 2024 08:00:00 GMT+0000 (Greenwich Mean Time),0.0278,0.0248,0.3637,1864287.341707013
Wed Mar 20 2024 09:00:00 GMT+0000 (Greenwich Mean Time),0.035,0.0246,0.372,4782001.483058726
Wed Mar 20 2024 10:00:00 GMT+0000 (Greenwich Mean Time),0.035,0.0246,0.3751,3714887.625977459
Wed Mar 20 2024 11:00:00 GMT+0000 (Greenwich Mean Time),0.035,0.0246,0.3781,2413188.7190639665
Wed Mar 20 2024 12:00:00 GMT+0000 (Greenwich Mean Time),0.035,0.0246,0.3843,2722389.6951489015
Wed Mar 20 2024 13:00:00 GMT+0000 (Greenwich Mean Time),0.035,0.0246,0.3923,5521712.782689364
Wed Mar 20 2024 14:00:00 GMT+0000 (Greenwich Mean Time),0.035,0.0246,0.3927,1269931.593770429
Wed Mar 20 2024 15:00:00 GMT+0000 (Greenwich Mean Time),0.035,0.0246,0.3866,2523361.0598348957
Wed Mar 20 2024 16:00:00 GMT+0000 (Greenwich Mean Time),0.035,0.0246,0.3893,3584179.3595408034
Wed Mar 20 2024 17:00:00 GMT+0000 (Greenwich Mean Time),0.035,0.0246,0.3899,1437458.2551700578
Wed Mar 20 2024 18:00:00 GMT+0000 (Greenwich Mean Time),0.035,0.0246,0.3923,1455348.822654979
Wed Mar 20 2024 19:00:00 GMT+0000 (Greenwich Mean Time),0.035,0.0246,0.3983,3756457.7846412654
Wed Mar 20 2024 20:00:00 GMT+0000 (Greenwich Mean Time),0.035,0.0246,0.3986,993101.4646696452
Wed Mar 20 2024 21:00:00 GMT+0000 (Greenwich Mean Time),0.013,0.0246,0.3991,3001770.8005734785
Wed Mar 20 2024 22:00:00 GMT+0000 (Greenwich Mean Time),0.013,0.0246,0.4012,834506.9190257596
Wed Mar 20 2024 23:00:00 GMT+0000 (Greenwich Mean Time),0.013,0.0246,0.3934,1814613.5212293817
Thu Mar 21 2024 00:00:00 GMT+0000 (Greenwich Mean Time),0.013,0.0246,0.399,1699105.0415438279
Thu Mar 21 2024 01:00:00 GMT+0000 (Greenwich Mean Time),0.013,0.0246,0.4033,3339160.8371818424
Thu Mar 21 2024 02:00:00 GMT+0000 (Greenwich Mean Time),0.013,0.0246,0.4031,1204290.9338245392
Thu Mar 21 2024 03:00:00 GMT+0000 (Greenwich Mean Time),0.013,0.0246,0.4105,1361571.0961510777
Thu Mar 21 2024 04:00:00 GMT+0000 (Greenwich Mean Time),0.013,0.0246,0.4127,890142.7875539822
Thu Mar 21 2024 05:00:00 GMT+0000 (Greenwich Mean Time),0.013,0.0246,0.4069,1948557.533458497
Thu Mar 21 2024 06:00:00 GMT+0000 (Greenwich Mean Time),0.013,0.0246,0.4078,1248854.288958922
Thu Mar 21 2024 07:00:00 GMT+0000 (Greenwich Mean Time),0.013,0.0246,0.4147,1515860.2155531542
Thu Mar 21 2024 08:00:00 GMT+0000 (Greenwich Mean Time),0.013,0.0246,0.4167,2546756.8846066906
Thu Mar 21 2024 09:00:00 GMT+0000 (Greenwich Mean Time),0.0337,0.0263,0.4181,3464112.9147860697
Thu Mar 21 2024 10:00:00 GMT+0000 (Greenwich Mean Time),0.0337,0.0263,0.4135,4009467.795024721
Thu Mar 21 2024 11:00:00 GMT+0000 (Greenwich Mean Time),0.0337,0.0263,0.4221,2211109.396969695
Thu Mar 21 2024 12:00:00 GMT+0000 (Greenwich Mean Time),0.0337,0.0263,0.4259,1568271.3008047012
Thu Mar 21 2024 13:00:00 GMT+0000 (Greenwich Mean Time),0.0337,0.0263,0.4264,2897055.5349052595
Thu Mar 21 2024 14:00:00 GMT+0000 (Greenwich Mean Time),0.0337,0.0263,0.4261,1518574.9833064093
Thu Mar 21 2024 15:00:00 GMT+0000 (Greenwich Mean Time),0.0337,0.0263,0.4288,2732797.224928554
Thu Mar 21 2024 16:00:00 GMT+0000 (Greenwich Mean Time),0.0337,0.0263,0.4371,5584787.0821291795
Thu Mar 21 2024 17:00:00 GMT+0000 (Greenwich Mean Time),0.0337,0.0263,0.4371,1249874.6274975264
Thu Mar 21 2024 18:00:00 GMT+0000 (Greenwich Mean Time),0.0337,0.0263,0.4347,1790985.7340640258
Thu Mar 21 2024 19:00:00 GMT+0000 (Greenwich Mean Time),0.0337,0.0263,0.4429,1499812.2926483653
Thu Mar 21 2024 20:00:00 GMT+0000 (Greenwich Mean Time),0.0337,0.0263,0.445,757366.0729061728
Thu Mar 21 2024 21:00:00 GMT+0000 (Greenwich Mean Time),0.0472,0.0273,0.4451,1122261.8823942502
Thu Mar 21 2024 22:00:00 GMT+0000 (Greenwich Mean Time),0.0472,0.0273,0.4451,963529.9955957199
Thu Mar 21 2024 23:00:00 GMT+0000 (Greenwich Mean Time),0.0472,0.0273,0.4402,1997194.6416818178
Fri Mar 22 2024 00:00:00 GMT+0000 (Greenwich Mean Time),0.0472,0.0273,0.4447,3122262.534138848
Fri Mar 22 2024 01:00:00 GMT+0000 (Greenwich Mean Time),0.0472,0.0273,0.4488,3686798.395969893
Fri Mar 22 2024 02:00:00 GMT+0000 (Greenwich Mean Time),0.0472,0.0273,0.4509,1043926.8477795902
Fri Mar 22 2024 03:00:00 GMT+0000 (Greenwich Mean Time),0.0472,0.0273,0.4582,994709.4118242853
Fri Mar 22 2024 04:00:00 GMT+0000 (Greenwich Mean Time),0.0472,0.0273,0.4581,765453.0282905499
Fri Mar 22 2024 05:00:00 GMT+0000 (Greenwich Mean Time),0.0472,0.0273,0.4743,2756208.6152834296
Fri Mar 22 2024 06:00:00 GMT+0000 (Greenwich Mean Time),0.0472,0.0273,0.4758,2219472.8200374646
Fri Mar 22 2024 07:00:00 GMT+0000 (Greenwich Mean Time),0.0472,0.0273,0.4832,2343367.704352294
Fri Mar 22 2024 08:00:00 GMT+0000 (Greenwich Mean Time),0.0472,0.0273,0.4991,4710170.057049924
Fri Mar 22 2024 09:00:00 GMT+0000 (Greenwich Mean Time),0.0196,0.0255,0.4857,4319402.78143413
Fri Mar 22 2024 10:00:00 GMT+0000 (Greenwich Mean Time),0.0196,0.0255,0.4482,6472807.096732852
Fri Mar 22 2024 11:00:00 GMT+0000 (Greenwich Mean Time),0.0196,0.0255,0.4522,2486596.428221782
Fri Mar 22 2024 12:00:00 GMT+0000 (Greenwich Mean Time),0.0196,0.0255,0.4721,7878117.926419093
Fri Mar 22 2024 13:00:00 GMT+0000 (Greenwich Mean Time),0.0196,0.0255,0.4758,3624568.610837484
Fri Mar 22 2024 14:00:00 GMT+0000 (Greenwich Mean Time),0.0196,0.0255,0.475,4305068.0186740635
Fri Mar 22 2024 15:00:00 GMT+0000 (Greenwich Mean Time),0.0196,0.0255,0.4771,1161333.5522976676
Fri Mar 22 2024 16:00:00 GMT+0000 (Greenwich Mean Time),0.0196,0.0255,0.4744,1280613.195946711
Fri Mar 22 2024 17:00:00 GMT+0000 (Greenwich Mean Time),0.0196,0.0255,0.4685,3974693.6923283366
Fri Mar 22 2024 18:00:00 GMT+0000 (Greenwich Mean Time),0.0196,0.0255,0.4767,7217392.27915621
Fri Mar 22 2024 19:00:00 GMT+0000 (Greenwich Mean Time),0.0196,0.0255,0.4634,2245107.5601905356
Fri Mar 22 2024 20:00:00 GMT+0000 (Greenwich Mean Time),0.0196,0.0255,0.4475,4194204.4448026987
Fri Mar 22 2024 21:00:00 GMT+0000 (Greenwich Mean Time),0.0246,0.0264,0.4359,4747728.707275191
Fri Mar 22 2024 22:00:00 GMT+0000 (Greenwich Mean Time),0.0246,0.0264,0.4452,4972920.7292805165
Fri Mar 22 2024 23:00:00 GMT+0000 (Greenwich Mean Time),0.0246,0.0264,0.4291,3265489.7007977366
Sat Mar 23 2024 00:00:00 GMT+0000 (Greenwich Mean Time),0.0246,0.0264,0.4362,3770165.301519557
Sat Mar 23 2024 01:00:00 GMT+0000 (Greenwich Mean Time),0.0246,0.0264,0.4645,3544541.5093008163
Sat Mar 23 2024 02:00:00 GMT+0000 (Greenwich Mean Time),0.0246,0.0264,0.4692,4040894.784657085
Sat Mar 23 2024 03:00:00 GMT+0000 (Greenwich Mean Time),0.0246,0.0264,0.4638,1203859.380662593
Sat Mar 23 2024 04:00:00 GMT+0000 (Greenwich Mean Time),0.0246,0.0264,0.4735,2582732.848730957
Sat Mar 23 2024 05:00:00 GMT+0000 (Greenwich Mean Time),0.0246,0.0264,0.4744,4784732.900482683
Sat Mar 23 2024 06:00:00 GMT+0000 (Greenwich Mean Time),0.0246,0.0264,0.4726,3627759.4123607567
Sat Mar 23 2024 07:00:00 GMT+0000 (Greenwich Mean Time),0.0246,0.0264,0.4663,7998926.355248121
Sat Mar 23 2024 08:00:00 GMT+0000 (Greenwich Mean Time),0.0246,0.0264,0.4729,3122873.679769451
Sat Mar 23 2024 09:00:00 GMT+0000 (Greenwich Mean Time),0.0309,0.0267,0.4779,4310459.820760654
Sat Mar 23 2024 10:00:00 GMT+0000 (Greenwich Mean Time),0.0309,0.0267,0.4972,3332697.6927554184
Sat Mar 23 2024 11:00:00 GMT+0000 (Greenwich Mean Time),0.0309,0.0267,0.4652,4967067.482788939
Sat Mar 23 2024 12:00:00 GMT+0000 (Greenwich Mean Time),0.0309,0.0267,0.4767,3054074.936839248
Sat Mar 23 2024 13:00:00 GMT+0000 (Greenwich Mean Time),0.0309,0.0267,0.488,2789626.4227055768
Sat Mar 23 2024 14:00:00 GMT+0000 (Greenwich Mean Time),0.0309,0.0267,0.4983,3232893.2296292274
Sat Mar 23 2024 15:00:00 GMT+0000 (Greenwich Mean Time),0.0309,0.0267,0.483,5915013.957338586
Sat Mar 23 2024 16:00:00 GMT+0000 (Greenwich Mean Time),0.0309,0.0267,0.4758,5215713.298472731
Sat Mar 23 2024 17:00:00 GMT+0000 (Greenwich Mean Time),0.0309,0.0267,0.4753,4866833.896451043
Sat Mar 23 2024 18:00:00 GMT+0000 (Greenwich Mean Time),0.0309,0.0267,0.4987,4356557.241725797
Sat Mar 23 2024 19:00:00 GMT+0000 (Greenwich Mean Time),0.0309,0.0267,0.497,4002179.392366712
Sat Mar 23 2024 20:00:00 GMT+0000 (Greenwich Mean Time),0.0309,0.0267,0.4991,2620073.313665307
Sat Mar 23 2024 21:00:00 GMT+0000 (Greenwich Mean Time),0.026,0.0282,0.4992,2375373.9399656476
Sat Mar 23 2024 22:00:00 GMT+0000 (Greenwich Mean Time),0.026,0.0282,0.5218,3430112.1520763785
Sat Mar 23 2024 23:00:00 GMT+0000 (Greenwich Mean Time),0.026,0.0282,0.5297,4715361.9168533925
Sun Mar 24 2024 00:00:00 GMT+0000 (Greenwich Mean Time),0.026,0.0282,0.5447,2881688.9021107913
Sun Mar 24 2024 01:00:00 GMT+0000 (Greenwich Mean Time),0.026,0.0282,0.5392,2158016.349049094
Sun Mar 24 2024 02:00:00 GMT+0000 (Greenwich Mean Time),0.026,0.0282,0.5339,1458751.5145109922
Sun Mar 24 2024 03:00:00 GMT+0000 (Greenwich Mean Time),0.026,0.0282,0.5305,1272497.2536038838
Sun Mar 24 2024 04:00:00 GMT+0000 (Greenwich Mean Time),0.026,0.0282,0.5352,1294306.611346804
Sun Mar 24 2024 05:00:00 GMT+0000 (Greenwich Mean Time),0.026,0.0282,0.5379,1438893.9589144117
Sun Mar 24 2024 06:00:00 GMT+0000 (Greenwich Mean Time),0.026,0.0282,0.5428,2747944.2874839576
Sun Mar 24 2024 07:00:00 GMT+0000 (Greenwich Mean Time),0.026,0.0282,0.5349,1847579.6173082124
Sun Mar 24 2024 08:00:00 GMT+0000 (Greenwich Mean Time),0.026,0.0282,0.5349,1556058.3111862023
Sun Mar 24 2024 09:00:00 GMT+0000 (Greenwich Mean Time),0.0272,0.0277,0.5382,1641858.0014362787
Sun Mar 24 2024 10:00:00 GMT+0000 (Greenwich Mean Time),0.0272,0.0277,0.5311,2225304.644522339
Sun Mar 24 2024 11:00:00 GMT+0000 (Greenwich Mean Time),0.0272,0.0277,0.5356,1856196.657531683
Sun Mar 24 2024 12:00:00 GMT+0000 (Greenwich Mean Time),0.0272,0.0277,0.5901,6687747.677026829
Sun Mar 24 2024 13:00:00 GMT+0000 (Greenwich Mean Time),0.0272,0.0277,0.5734,3911185.7603344475
Sun Mar 24 2024 14:00:00 GMT+0000 (Greenwich Mean Time),0.0272,0.0277,0.576,3121392.639469277
Sun Mar 24 2024 15:00:00 GMT+0000 (Greenwich Mean Time),0.0272,0.0277,0.5939,3780732.297954238
Sun Mar 24 2024 16:00:00 GMT+0000 (Greenwich Mean Time),0.0272,0.0277,0.578,3392129.97721115
Sun Mar 24 2024 17:00:00 GMT+0000 (Greenwich Mean Time),0.0272,0.0277,0.5787,6575322.260250212
Sun Mar 24 2024 18:00:00 GMT+0000 (Greenwich Mean Time),0.0272,0.0277,0.6157,3074793.4677131614
Sun Mar 24 2024 19:00:00 GMT+0000 (Greenwich Mean Time),0.0272,0.0277,0.6159,1477142.9836845896
Sun Mar 24 2024 20:00:00 GMT+0000 (Greenwich Mean Time),0.0272,0.0277,0.6152,1264818.8798259562
Sun Mar 24 2024 21:00:00 GMT+0000 (Greenwich Mean Time),0.0263,0.0269,0.6169,660373.6888479686
Sun Mar 24 2024 22:00:00 GMT+0000 (Greenwich Mean Time),0.0263,0.0269,0.6165,1129132.892157157
Sun Mar 24 2024 23:00:00 GMT+0000 (Greenwich Mean Time),0.0263,0.0269,0.6162,1005574.9187633598
Mon Mar 25 2024 00:00:00 GMT+0000 (Greenwich Mean Time),0.0263,0.0269,0.6151,832003.5768014439
Mon Mar 25 2024 01:00:00 GMT+0000 (Greenwich Mean Time),0.0263,0.0269,0.5978,5490445.728832813
Mon Mar 25 2024 02:00:00 GMT+0000 (Greenwich Mean Time),0.0263,0.0269,0.5977,2111517.5394157087
Mon Mar 25 2024 03:00:00 GMT+0000 (Greenwich Mean Time),0.0263,0.0269,0.578,3813947.5666462127
Mon Mar 25 2024 04:00:00 GMT+0000 (Greenwich Mean Time),0.0263,0.0269,0.5783,3773381.941845647
Mon Mar 25 2024 05:00:00 GMT+0000 (Greenwich Mean Time),0.0263,0.0269,0.5828,3807910.632860818
Mon Mar 25 2024 06:00:00 GMT+0000 (Greenwich Mean Time),0.0263,0.0269,0.5599,2486328.05163312
Mon Mar 25 2024 07:00:00 GMT+0000 (Greenwich Mean Time),0.0263,0.0269,0.5268,5608037.77089281
Mon Mar 25 2024 08:00:00 GMT+0000 (Greenwich Mean Time),0.0263,0.0269,0.4799,8533280.101089206
Mon Mar 25 2024 09:00:00 GMT+0000 (Greenwich Mean Time),0.0256,0.0272,0.48,7495681.311146431
Mon Mar 25 2024 10:00:00 GMT+0000 (Greenwich Mean Time),0.0256,0.0272,0.4931,7473111.1684295405
Mon Mar 25 2024 11:00:00 GMT+0000 (Greenwich Mean Time),0.0256,0.0272,0.5212,5380389.902159085
Mon Mar 25 2024 12:00:00 GMT+0000 (Greenwich Mean Time),0.0256,0.0272,0.5284,2249721.937343419
Mon Mar 25 2024 13:00:00 GMT+0000 (Greenwich Mean Time),0.0256,0.0272,0.549,9514420.952449162
Mon Mar 25 2024 14:00:00 GMT+0000 (Greenwich Mean Time),0.0256,0.0272,0.5723,7877387.835740039
Mon Mar 25 2024 15:00:00 GMT+0000 (Greenwich Mean Time),0.0256,0.0272,0.5022,8132467.643461146
Mon Mar 25 2024 16:00:00 GMT+0000 (Greenwich Mean Time),0.0256,0.0272,0.4996,7264686.718298128
Mon Mar 25 2024 17:00:00 GMT+0000 (Greenwich Mean Time),0.0256,0.0272,0.4861,7219736.346692075
Mon Mar 25 2024 18:00:00 GMT+0000 (Greenwich Mean Time),0.0256,0.0272,0.502,3629041.0758741875
Mon Mar 25 2024 19:00:00 GMT+0000 (Greenwich Mean Time),0.0256,0.0272,0.5339,6137439.749445257
Mon Mar 25 2024 20:00:00 GMT+0000 (Greenwich Mean Time),0.0256,0.0272,0.5004,3958792.219543325
Mon Mar 25 2024 21:00:00 GMT+0000 (Greenwich Mean Time),0.03,0.0278,0.507,1290219.5894690636
Mon Mar 25 2024 22:00:00 GMT+0000 (Greenwich Mean Time),0.03,0.0278,0.5263,2735286.7302260622
Mon Mar 25 2024 23:00:00 GMT+0000 (Greenwich Mean Time),0.03,0.0278,0.5237,1238538.5952025566
Tue Mar 26 2024 00:00:00 GMT+0000 (Greenwich Mean Time),0.03,0.0278,0.52,4423658.140433029
Tue Mar 26 2024 01:00:00 GMT+0000 (Greenwich Mean Time),0.03,0.0278,0.5237,1590303.2335853784
Tue Mar 26 2024 02:00:00 GMT+0000 (Greenwich Mean Time),0.03,0.0278,0.5273,3190304.672956768
Tue Mar 26 2024 03:00:00 GMT+0000 (Greenwich Mean Time),0.03,0.0278,0.5351,2956319.424737514
Tue Mar 26 2024 04:00:00 GMT+0000 (Greenwich Mean Time),0.03,0.0278,0.5747,7941050.208049364
Tue Mar 26 2024 05:00:00 GMT+0000 (Greenwich Mean Time),0.03,0.0278,0.5454,3090372.889401382
Tue Mar 26 2024 06:00:00 GMT+0000 (Greenwich Mean Time),0.03,0.0278,0.5528,2545031.3597633014
Tue Mar 26 2024 07:00:00 GMT+0000 (Greenwich Mean Time),0.03,0.0278,0.5535,2106252.281846449
Tue Mar 26 2024 08:00:00 GMT+0000 (Greenwich Mean Time),0.03,0.0278,0.5564,2262421.083942925
Tue Mar 26 2024 09:00:00 GMT+0000 (Greenwich Mean Time),0.024,0.028,0.558,3124379.8759931214
Tue Mar 26 2024 10:00:00 GMT+0000 (Greenwich Mean Time),0.024,0.028,0.5394,2983421.2712480775
Tue Mar 26 2024 11:00:00 GMT+0000 (Greenwich Mean Time),0.024,0.028,0.549,2396902.192230458
Tue Mar 26 2024 12:00:00 GMT+0000 (Greenwich Mean Time),0.024,0.028,0.5399,2969070.98749192
Tue Mar 26 2024 13:00:00 GMT+0000 (Greenwich Mean Time),0.024,0.028,0.5579,3988795.4012856036
Tue Mar 26 2024 14:00:00 GMT+0000 (Greenwich Mean Time),0.024,0.028,0.5173,4337781.666304985
Tue Mar 26 2024 15:00:00 GMT+0000 (Greenwich Mean Time),0.024,0.028,0.5221,2639571.9215320647
Tue Mar 26 2024 16:00:00 GMT+0000 (Greenwich Mean Time),0.024,0.028,0.5279,861946.829443052
Tue Mar 26 2024 17:00:00 GMT+0000 (Greenwich Mean Time),0.024,0.028,0.5184,2399374.6966452175
Tue Mar 26 2024 18:00:00 GMT+0000 (Greenwich Mean Time),0.024,0.028,0.5332,3070560.178025346
Tue Mar 26 2024 19:00:00 GMT+0000 (Greenwich Mean Time),0.024,0.028,0.5286,1788952.7643348742
Tue Mar 26 2024 20:00:00 GMT+0000 (Greenwich Mean Time),0.024,0.028,0.5287,1082228.4827852508
Tue Mar 26 2024 21:00:00 GMT+0000 (Greenwich Mean Time),0.0298,0.0281,0.561,3026392.5057332814
Tue Mar 26 2024 22:00:00 GMT+0000 (Greenwich Mean Time),0.0298,0.0281,0.5536,2246664.994111019
Tue Mar 26 2024 23:00:00 GMT+0000 (Greenwich Mean Time),0.0298,0.0281,0.556,2467955.040309944
Wed Mar 27 2024 00:00:00 GMT+0000 (Greenwich Mean Time),0.0298,0.0281,0.5528,790527.5208062627
Wed Mar 27 2024 01:00:00 GMT+0000 (Greenwich Mean Time),0.0298,0.0281,0.5422,2070366.8919097702
Wed Mar 27 2024 02:00:00 GMT+0000 (Greenwich Mean Time),0.0298,0.0281,0.5434,2148161.4193217503
Wed Mar 27 2024 03:00:00 GMT+0000 (Greenwich Mean Time),0.0298,0.0281,0.5763,2727060.809036698
Wed Mar 27 2024 04:00:00 GMT+0000 (Greenwich Mean Time),0.0298,0.0281,0.579,2848118.389789534
Wed Mar 27 2024 05:00:00 GMT+0000 (Greenwich Mean Time),0.0298,0.0281,0.5619,1893173.689338154
Wed Mar 27 2024 06:00:00 GMT+0000 (Greenwich Mean Time),0.0298,0.0281,0.5626,1715892.1217612592
Wed Mar 27 2024 07:00:00 GMT+0000 (Greenwich Mean Time),0.0298,0.0281,0.5639,3169447.214782933
Wed Mar 27 2024 08:00:00 GMT+0000 (Greenwich Mean Time),0.0298,0.0281,0.5731,1202084.4239201066
Wed Mar 27 2024 09:00:00 GMT+0000 (Greenwich Mean Time),0.0363,0.0282,0.5806,6239363.938241241
Wed Mar 27 2024 10:00:00 GMT+0000 (Greenwich Mean Time),0.0363,0.0282,0.5883,3687673.1421359507
Wed Mar 27 2024 11:00:00 GMT+0000 (Greenwich Mean Time),0.0363,0.0282,0.5889,865001.8095050185
Wed Mar 27 2024 12:00:00 GMT+0000 (Greenwich Mean Time),0.0363,0.0282,0.5991,2742592.536162254
Wed Mar 27 2024 13:00:00 GMT+0000 (Greenwich Mean Time),0.0363,0.0282,0.5969,3563474.6241966235
Wed Mar 27 2024 14:00:00 GMT+0000 (Greenwich Mean Time),0.0363,0.0282,0.5874,3113678.649376452
Wed Mar 27 2024 15:00:00 GMT+0000 (Greenwich Mean Time),0.0363,0.0282,0.617,1995902.654926022
Wed Mar 27 2024 16:00:00 GMT+0000 (Greenwich Mean Time),0.0363,0.0282,0.6124,2097284.4194516884
Wed Mar 27 2024 17:00:00 GMT+0000 (Greenwich Mean Time),0.0363,0.0282,0.5959,4512020.448612181
Wed Mar 27 2024 18:00:00 GMT+0000 (Greenwich Mean Time),0.0363,0.0282,0.5979,1684401.1255172938
Wed Mar 27 2024 19:00:00 GMT+0000 (Greenwich Mean Time),0.0363,0.0282,0.6086,1272212.3618382858
Wed Mar 27 2024 20:00:00 GMT+0000 (Greenwich Mean Time),0.0363,0.0282,0.6147,2959923.3828332867
Wed Mar 27 2024 21:00:00 GMT+0000 (Greenwich Mean Time),0.0286,0.0303,0.5905,2984697.6782550374
Wed Mar 27 2024 22:00:00 GMT+0000 (Greenwich Mean Time),0.0286,0.0303,0.6089,4205286.077954358
Wed Mar 27 2024 23:00:00 GMT+0000 (Greenwich Mean Time),0.0286,0.0303,0.6173,1389754.13874094
Thu Mar 28 2024 00:00:00 GMT+0000 (Greenwich Mean Time),0.0286,0.0303,0.6076,1210796.3170597209
Thu Mar 28 2024 01:00:00 GMT+0000 (Greenwich Mean Time),0.0286,0.0303,0.6172,951524.3893134265
Thu Mar 28 2024 02:00:00 GMT+0000 (Greenwich Mean Time),0.0286,0.0303,0.6172,927065.9739340786
Thu Mar 28 2024 03:00:00 GMT+0000 (Greenwich Mean Time),0.0286,0.0303,0.6172,707502.2182427424
Thu Mar 28 2024 04:00:00 GMT+0000 (Greenwich Mean Time),0.0286,0.0303,0.6095,1803608.5569592267
Thu Mar 28 2024 05:00:00 GMT+0000 (Greenwich Mean Time),0.0286,0.0303,0.617,1035535.111724474
Thu Mar 28 2024 06:00:00 GMT+0000 (Greenwich Mean Time),0.0286,0.0303,0.6171,878394.2931909114
Thu Mar 28 2024 07:00:00 GMT+0000 (Greenwich Mean Time),0.0286,0.0303,0.6173,883136.8898058678
Thu Mar 28 2024 08:00:00 GMT+0000 (Greenwich Mean Time),0.0286,0.0303,0.6156,2857456.0266612982
Thu Mar 28 2024 09:00:00 GMT+0000 (Greenwich Mean Time),0.0282,0.0274,0.6173,1836384.441087918
Thu Mar 28 2024 10:00:00 GMT+0000 (Greenwich Mean Time),0.0282,0.0274,0.6173,2582011.4078469914
Thu Mar 28 2024 11:00:00 GMT+0000 (Greenwich Mean Time),0.0282,0.0274,0.6173,826439.562910642
Thu Mar 28 2024 12:00:00 GMT+0000 (Greenwich Mean Time),0.0282,0.0274,0.6145,2043312.6710550804
Thu Mar 28 2024 13:00:00 GMT+0000 (Greenwich Mean Time),0.0282,0.0274,0.6172,1325254.4661649521
Thu Mar 28 2024 14:00:00 GMT+0000 (Greenwich Mean Time),0.0282,0.0274,0.6172,2413922.5283788256
Thu Mar 28 2024 15:00:00 GMT+0000 (Greenwich Mean Time),0.0282,0.0274,0.6134,5196240.4745361125
Thu Mar 28 2024 16:00:00 GMT+0000 (Greenwich Mean Time),0.0282,0.0274,0.6133,1576185.185010271
Thu Mar 28 2024 17:00:00 GMT+0000 (Greenwich Mean Time),0.0282,0.0274,0.5913,2203753.0357605866
Thu Mar 28 2024 18:00:00 GMT+0000 (Greenwich Mean Time),0.0282,0.0274,0.595,2231885.7168717417
Thu Mar 28 2024 19:00:00 GMT+0000 (Greenwich Mean Time),0.0282,0.0274,0.6033,2086805.0847693766
Thu Mar 28 2024 20:00:00 GMT+0000 (Greenwich Mean Time),0.0282,0.0274,0.6172,1446787.4461977598
Thu Mar 28 2024 21:00:00 GMT+0000 (Greenwich Mean Time),0.0196,0.0264,0.616,1337976.682375494
Thu Mar 28 2024 22:00:00 GMT+0000 (Greenwich Mean Time),0.0196,0.0264,0.6173,1588760.2473466946
Thu Mar 28 2024 23:00:00 GMT+0000 (Greenwich Mean Time),0.0196,0.0264,0.6173,608506.0412672353
Fri Mar 29 2024 00:00:00 GMT+0000 (Greenwich Mean Time),0.0196,0.0264,0.6172,631200.0677549017
Fri Mar 29 2024 01:00:00 GMT+0000 (Greenwich Mean Time),0.0196,0.0264,0.6173,215515.27610801754
Fri Mar 29 2024 02:00:00 GMT+0000 (Greenwich Mean Time),0.0196,0.0264,0.6173,761796.1171531046
Fri Mar 29 2024 03:00:00 GMT+0000 (Greenwich Mean Time),0.0196,0.0264,0.6173,267724.9182504405
Fri Mar 29 2024 04:00:00 GMT+0000 (Greenwich Mean Time),0.0196,0.0264,0.6092,1397910.6659419294
Fri Mar 29 2024 05:00:00 GMT+0000 (Greenwich Mean Time),0.0196,0.0264,0.6167,1444323.6044441168
Fri Mar 29 2024 06:00:00 GMT+0000 (Greenwich Mean Time),0.0196,0.0264,0.6173,111920.4044493341
Fri Mar 29 2024 07:00:00 GMT+0000 (Greenwich Mean Time),0.0196,0.0264,0.6173,315456.80471893004
Fri Mar 29 2024 08:00:00 GMT+0000 (Greenwich Mean Time),0.0196,0.0264,0.6158,1140516.5327366518
Fri Mar 29 2024 09:00:00 GMT+0000 (Greenwich Mean Time),0.0292,0.0288,0.6147,1833570.1666176044
Fri Mar 29 2024 10:00:00 GMT+0000 (Greenwich Mean Time),0.0292,0.0288,0.6169,1918204.9739390584
Fri Mar 29 2024 11:00:00 GMT+0000 (Greenwich Mean Time),0.0292,0.0288,0.6173,2449975.162461802
Fri Mar 29 2024 12:00:00 GMT+0000 (Greenwich Mean Time),0.0292,0.0288,0.6034,1990566.0605886092
Fri Mar 29 2024 13:00:00 GMT+0000 (Greenwich Mean Time),0.0292,0.0288,0.6029,3600399.126149419
Fri Mar 29 2024 14:00:00 GMT+0000 (Greenwich Mean Time),0.0292,0.0288,0.6173,1988110.362059868
Fri Mar 29 2024 15:00:00 GMT+0000 (Greenwich Mean Time),0.0292,0.0288,0.6172,1451860.5337386145
Fri Mar 29 2024 16:00:00 GMT+0000 (Greenwich Mean Time),0.0292,0.0288,0.6168,1288077.0309189167
Fri Mar 29 2024 17:00:00 GMT+0000 (Greenwich Mean Time),0.0292,0.0288,0.6162,787639.7234413465
Fri Mar 29 2024 18:00:00 GMT+0000 (Greenwich Mean Time),0.0292,0.0288,0.6112,1414388.6408141956
Fri Mar 29 2024 19:00:00 GMT+0000 (Greenwich Mean Time),0.0292,0.0288,0.6172,631996.2748811297
Fri Mar 29 2024 20:00:00 GMT+0000 (Greenwich Mean Time),0.0292,0.0288,0.6144,1883333.5352885516
Fri Mar 29 2024 21:00:00 GMT+0000 (Greenwich Mean Time),0.0327,0.0276,0.6172,467387.36918940156
Fri Mar 29 2024 22:00:00 GMT+0000 (Greenwich Mean Time),0.0327,0.0276,0.6172,791618.5164582339
Fri Mar 29 2024 23:00:00 GMT+0000 (Greenwich Mean Time),0.0327,0.0276,0.6173,902827.3500495409
Sat Mar 30 2024 00:00:00 GMT+0000 (Greenwich Mean Time),0.0327,0.0276,0.6173,554417.6554319286
Sat Mar 30 2024 01:00:00 GMT+0000 (Greenwich Mean Time),0.0327,0.0276,0.6172,894925.985816089
Sat Mar 30 2024 02:00:00 GMT+0000 (Greenwich Mean Time),0.0327,0.0276,0.6173,777771.7858309442
Sat Mar 30 2024 03:00:00 GMT+0000 (Greenwich Mean Time),0.0327,0.0276,0.6173,75119.24544843654
Sat Mar 30 2024 04:00:00 GMT+0000 (Greenwich Mean Time),0.0327,0.0276,0.6173,596226.5036781994
Sat Mar 30 2024 05:00:00 GMT+0000 (Greenwich Mean Time),0.0327,0.0276,0.6171,597103.4851398689
Sat Mar 30 2024 06:00:00 GMT+0000 (Greenwich Mean Time),0.0327,0.0276,0.6123,1535548.4774779077
Sat Mar 30 2024 07:00:00 GMT+0000 (Greenwich Mean Time),0.0327,0.0276,0.6141,2174735.3987403475
Sat Mar 30 2024 08:00:00 GMT+0000 (Greenwich Mean Time),0.0327,0.0276,0.6163,1371711.7030107887
Sat Mar 30 2024 09:00:00 GMT+0000 (Greenwich Mean Time),0.0189,0.0271,0.6049,1771334.261750833
Sat Mar 30 2024 10:00:00 GMT+0000 (Greenwich Mean Time),0.0189,0.0271,0.6173,1474008.9009088369
Sat Mar 30 2024 11:00:00 GMT+0000 (Greenwich Mean Time),0.0189,0.0271,0.6159,1096882.7661912679
Sat Mar 30 2024 12:00:00 GMT+0000 (Greenwich Mean Time),0.0189,0.0271,0.6173,1085622.2283666339
Sat Mar 30 2024 13:00:00 GMT+0000 (Greenwich Mean Time),0.0189,0.0271,0.6091,6038533.725028824
Sat Mar 30 2024 14:00:00 GMT+0000 (Greenwich Mean Time),0.0189,0.0271,0.6137,1752539.4536259118
Sat Mar 30 2024 15:00:00 GMT+0000 (Greenwich Mean Time),0.0189,0.0271,0.6173,1195354.8073385963
Sat Mar 30 2024 16:00:00 GMT+0000 (Greenwich Mean Time),0.0189,0.0271,0.6156,1901294.8514955838
Sat Mar 30 2024 17:00:00 GMT+0000 (Greenwich Mean Time),0.0189,0.0271,0.6169,1506117.2136585377
Sat Mar 30 2024 18:00:00 GMT+0000 (Greenwich Mean Time),0.0189,0.0271,0.6173,2027986.4275069125
Sat Mar 30 2024 19:00:00 GMT+0000 (Greenwich Mean Time),0.0189,0.0271,0.6171,2223819.8691460676
Sat Mar 30 2024 20:00:00 GMT+0000 (Greenwich Mean Time),0.0189,0.0271,0.6173,1206792.2802144054
Sat Mar 30 2024 21:00:00 GMT+0000 (Greenwich Mean Time),0.0159,0.0261,0.6165,1246268.3770353277
Sat Mar 30 2024 22:00:00 GMT+0000 (Greenwich Mean Time),0.0159,0.0261,0.617,1553765.9636466077
Sat Mar 30 2024 23:00:00 GMT+0000 (Greenwich Mean Time),0.0159,0.0261,0.6163,849465.2506448413
Sun Mar 31 2024 00:00:00 GMT+0000 (Greenwich Mean Time),0.0159,0.0261,0.6169,667555.756357531
Sun Mar 31 2024 02:00:00 GMT+0100 (British Summer Time),0.0159,0.0261,0.6173,1636658.129122513
Sun Mar 31 2024 03:00:00 GMT+0100 (British Summer Time),0.0159,0.0261,0.6153,1109507.9770557228
Sun Mar 31 2024 04:00:00 GMT+0100 (British Summer Time),0.0159,0.0261,0.6172,707209.0881759113
Sun Mar 31 2024 05:00:00 GMT+0100 (British Summer Time),0.0159,0.0261,0.6104,2052248.6178758945
Sun Mar 31 2024 06:00:00 GMT+0100 (British Summer Time),0.0159,0.0261,0.6173,934973.6059405159
Sun Mar 31 2024 07:00:00 GMT+0100 (British Summer Time),0.0159,0.0261,0.6173,857001.4858996249
Sun Mar 31 2024 08:00:00 GMT+0100 (British Summer Time),0.0159,0.0261,0.6172,1345617.0906320075
Sun Mar 31 2024 09:00:00 GMT+0100 (British Summer Time),0.0159,0.0261,0.6171,946019.5448537463
Sun Mar 31 2024 10:00:00 GMT+0100 (British Summer Time),0.0258,0.0269,0.617,1058427.394434746
Sun Mar 31 2024 11:00:00 GMT+0100 (British Summer Time),0.0258,0.0269,0.6173,3175591.648583068
Sun Mar 31 2024 12:00:00 GMT+0100 (British Summer Time),0.0258,0.0269,0.6173,990479.7172041987
Sun Mar 31 2024 13:00:00 GMT+0100 (British Summer Time),0.0258,0.0269,0.6166,1518359.3422016215
Sun Mar 31 2024 14:00:00 GMT+0100 (British Summer Time),0.0258,0.0269,0.6163,914370.4015017311
Sun Mar 31 2024 15:00:00 GMT+0100 (British Summer Time),0.0258,0.0269,0.6173,447279.53367249493
Sun Mar 31 2024 16:00:00 GMT+0100 (British Summer Time),0.0258,0.0269,0.6117,938588.0978719098
Sun Mar 31 2024 17:00:00 GMT+0100 (British Summer Time),0.0258,0.0269,0.6162,1383984.486957185
Sun Mar 31 2024 18:00:00 GMT+0100 (British Summer Time),0.0258,0.0269,0.6173,2089823.85700467
Sun Mar 31 2024 19:00:00 GMT+0100 (British Summer Time),0.0258,0.0269,0.6173,1252524.8051803783
Sun Mar 31 2024 20:00:00 GMT+0100 (British Summer Time),0.0258,0.0269,0.6168,1071575.3471651713
Sun Mar 31 2024 21:00:00 GMT+0100 (British Summer Time),0.0258,0.0269,0.6173,523601.33747000806
Sun Mar 31 2024 22:00:00 GMT+0100 (British Summer Time),0.0314,0.0268,0.6173,502694.94204957585
Sun Mar 31 2024 23:00:00 GMT+0100 (British Summer Time),0.0314,0.0268,0.6173,154786.48302864653
Mon Apr 01 2024 00:00:00 GMT+0100 (British Summer Time),0.0314,0.0268,0.6172,1190351.9876947056
Mon Apr 01 2024 01:00:00 GMT+0100 (British Summer Time),0.0314,0.0268,0.6172,747360.7214652279
Mon Apr 01 2024 02:00:00 GMT+0100 (British Summer Time),0.0314,0.0268,0.6172,387878.5445201455
Mon Apr 01 2024 03:00:00 GMT+0100 (British Summer Time),0.0314,0.0268,0.6173,584518.2030016648
Mon Apr 01 2024 04:00:00 GMT+0100 (British Summer Time),0.0314,0.0268,0.6173,597118.6305249018
Mon Apr 01 2024 05:00:00 GMT+0100 (British Summer Time),0.0314,0.0268,0.5943,4476410.652119119
Mon Apr 01 2024 06:00:00 GMT+0100 (British Summer Time),0.0314,0.0268,0.5856,2529125.7429011352
Mon Apr 01 2024 07:00:00 GMT+0100 (British Summer Time),0.0314,0.0268,0.5997,1435208.332051048
Mon Apr 01 2024 08:00:00 GMT+0100 (British Summer Time),0.0314,0.0268,0.613,1861107.044852103
Mon Apr 01 2024 09:00:00 GMT+0100 (British Summer Time),0.0314,0.0268,0.592,2176205.319687359
Mon Apr 01 2024 10:00:00 GMT+0100 (British Summer Time),0.0218,0.0263,0.5927,1239196.1551682102
Mon Apr 01 2024 11:00:00 GMT+0100 (British Summer Time),0.0218,0.0263,0.6098,2911889.262562614
Mon Apr 01 2024 12:00:00 GMT+0100 (British Summer Time),0.0218,0.0263,0.6101,2411725.5697514685
Mon Apr 01 2024 13:00:00 GMT+0100 (British Summer Time),0.0218,0.0263,0.5983,1616129.2366510346
Mon Apr 01 2024 14:00:00 GMT+0100 (British Summer Time),0.0218,0.0263,0.6149,2042575.226245551
Mon Apr 01 2024 15:00:00 GMT+0100 (British Summer Time),0.0218,0.0263,0.6162,3330092.5832572053
Mon Apr 01 2024 16:00:00 GMT+0100 (British Summer Time),0.0218,0.0263,0.6152,1300719.4488134263
Mon Apr 01 2024 17:00:00 GMT+0100 (British Summer Time),0.0218,0.0263,0.6055,2204761.0481204735
Mon Apr 01 2024 18:00:00 GMT+0100 (British Summer Time),0.0218,0.0263,0.6066,2507841.9971871623
Mon Apr 01 2024 19:00:00 GMT+0100 (British Summer Time),0.0218,0.0263,0.6092,1534715.7372232452
Mon Apr 01 2024 20:00:00 GMT+0100 (British Summer Time),0.0218,0.0263,0.6002,1121552.98222685
Mon Apr 01 2024 21:00:00 GMT+0100 (British Summer Time),0.0218,0.0263,0.6123,1173781.160656154
Mon Apr 01 2024 22:00:00 GMT+0100 (British Summer Time),0.031,0.027,0.6173,1326705.4153521513
Mon Apr 01 2024 23:00:00 GMT+0100 (British Summer Time),0.031,0.027,0.6172,737884.5414438898
Tue Apr 02 2024 00:00:00 GMT+0100 (British Summer Time),0.031,0.027,0.6166,879608.5401554346
Tue Apr 02 2024 01:00:00 GMT+0100 (British Summer Time),0.031,0.027,0.6143,849680.7369913165
Tue Apr 02 2024 02:00:00 GMT+0100 (British Summer Time),0.031,0.027,0.6153,481194.3879914131
Tue Apr 02 2024 03:00:00 GMT+0100 (British Summer Time),0.031,0.027,0.6118,1951439.0397548862
Tue Apr 02 2024 04:00:00 GMT+0100 (British Summer Time),0.031,0.027,0.6021,1306168.7871233914
Tue Apr 02 2024 05:00:00 GMT+0100 (British Summer Time),0.031,0.027,0.5856,2752646.1309750085
Tue Apr 02 2024 06:00:00 GMT+0100 (British Summer Time),0.031,0.027,0.592,1147081.7697330776
Tue Apr 02 2024 07:00:00 GMT+0100 (British Summer Time),0.031,0.027,0.5891,1340975.9736985378
Tue Apr 02 2024 08:00:00 GMT+0100 (British Summer Time),0.031,0.027,0.5846,636371.2268631343
Tue Apr 02 2024 09:00:00 GMT+0100 (British Summer Time),0.031,0.027,0.5825,868782.339867135
Tue Apr 02 2024 10:00:00 GMT+0100 (British Summer Time),0.0214,0.0259,0.5584,2050220.089888383
Tue Apr 02 2024 11:00:00 GMT+0100 (British Summer Time),0.0214,0.0259,0.5707,2174335.5097223874
Tue Apr 02 2024 12:00:00 GMT+0100 (British Summer Time),0.0214,0.0259,0.581,1299293.8167774784
Tue Apr 02 2024 13:00:00 GMT+0100 (British Summer Time),0.0214,0.0259,0.5729,618264.6811975059
Tue Apr 02 2024 14:00:00 GMT+0100 (British Summer Time),0.0214,0.0259,0.5948,1418397.5807495425
Tue Apr 02 2024 15:00:00 GMT+0100 (British Summer Time),0.0214,0.0259,0.5925,899340.8000381391
Tue Apr 02 2024 16:00:00 GMT+0100 (British Summer Time),0.0214,0.0259,0.5913,1549323.690211324
Tue Apr 02 2024 17:00:00 GMT+0100 (British Summer Time),0.0214,0.0259,0.5916,749410.0087928718
Tue Apr 02 2024 18:00:00 GMT+0100 (British Summer Time),0.0214,0.0259,0.596,1183125.868067511
Tue Apr 02 2024 19:00:00 GMT+0100 (British Summer Time),0.0214,0.0259,0.5658,1503768.6051188551
Tue Apr 02 2024 20:00:00 GMT+0100 (British Summer Time),0.0451,0.0293,0.5725,2138301.161478785
Tue Apr 02 2024 21:00:00 GMT+0100 (British Summer Time),0.0451,0.0293,0.5714,1274368.7217982989
Tue Apr 02 2024 22:00:00 GMT+0100 (British Summer Time),0.0232,0.026,0.57,1343619.2790695745
Tue Apr 02 2024 23:00:00 GMT+0100 (British Summer Time),0.0232,0.026,0.5634,1363497.5112121976
Wed Apr 03 2024 00:00:00 GMT+0100 (British Summer Time),0.0232,0.026,0.5589,728489.6776429357
Wed Apr 03 2024 01:00:00 GMT+0100 (British Summer Time),0.0232,0.026,0.542,1965497.8843489154
Wed Apr 03 2024 02:00:00 GMT+0100 (British Summer Time),0.0232,0.026,0.5404,848432.1951337643
Wed Apr 03 2024 03:00:00 GMT+0100 (British Summer Time),0.0232,0.026,0.5348,976734.3571475307
Wed Apr 03 2024 04:00:00 GMT+0100 (British Summer Time),0.0232,0.026,0.5598,2791066.657244013
Wed Apr 03 2024 05:00:00 GMT+0100 (British Summer Time),0.0232,0.026,0.568,995774.9608120476
Wed Apr 03 2024 06:00:00 GMT+0100 (British Summer Time),0.0232,0.026,0.588,1883526.1146747798
Wed Apr 03 2024 07:00:00 GMT+0100 (British Summer Time),0.0232,0.026,0.5955,995006.6774966144
Wed Apr 03 2024 08:00:00 GMT+0100 (British Summer Time),0.0332,0.0275,0.5984,1294976.9799160934
Wed Apr 03 2024 09:00:00 GMT+0100 (British Summer Time),0.0332,0.0275,0.5878,737536.4020247032
Wed Apr 03 2024 10:00:00 GMT+0100 (British Summer Time),0.0332,0.0255,0.5867,1154336.4758145101
Wed Apr 03 2024 11:00:00 GMT+0100 (British Summer Time),0.0332,0.0255,0.5732,1265113.7012946375
Wed Apr 03 2024 12:00:00 GMT+0100 (British Summer Time),0.0332,0.0255,0.5708,1458969.5760206701
Wed Apr 03 2024 13:00:00 GMT+0100 (British Summer Time),0.0332,0.0255,0.581,1158748.966559614
Wed Apr 03 2024 14:00:00 GMT+0100 (British Summer Time),0.0332,0.0255,0.588,1374093.6131423113
Wed Apr 03 2024 15:00:00 GMT+0100 (British Summer Time),0.0332,0.0255,0.5996,2065219.795007857
Wed Apr 03 2024 16:00:00 GMT+0100 (British Summer Time),0.0332,0.0255,0.5858,2564050.4845066927
Wed Apr 03 2024 17:00:00 GMT+0100 (British Summer Time),0.0332,0.0255,0.5917,1519314.8231274982
Wed Apr 03 2024 18:00:00 GMT+0100 (British Summer Time),0.0332,0.0255,0.6174,2381844.759318467
Wed Apr 03 2024 19:00:00 GMT+0100 (British Summer Time),0.0332,0.0255,0.6174,546529.8042005054
Wed Apr 03 2024 20:00:00 GMT+0100 (British Summer Time),0.0164,0.0265,0.6171,1684795.5153365117
Wed Apr 03 2024 21:00:00 GMT+0100 (British Summer Time),0.0164,0.0265,0.6151,747607.7803674939
Wed Apr 03 2024 22:00:00 GMT+0100 (British Summer Time),0.0164,0.0243,0.6174,412401.89008378936
Wed Apr 03 2024 23:00:00 GMT+0100 (British Summer Time),0.0164,0.0243,0.6174,411891.8101090696
Thu Apr 04 2024 00:00:00 GMT+0100 (British Summer Time),0.0164,0.0243,0.6062,1245005.8182228159
Thu Apr 04 2024 01:00:00 GMT+0100 (British Summer Time),0.0164,0.0243,0.6097,825843.9166784447
Thu Apr 04 2024 02:00:00 GMT+0100 (British Summer Time),0.0164,0.0243,0.6108,625818.6220960984
Thu Apr 04 2024 03:00:00 GMT+0100 (British Summer Time),0.0164,0.0243,0.6174,249054.89017554212
Thu Apr 04 2024 04:00:00 GMT+0100 (British Summer Time),0.0164,0.0243,0.6016,1609943.898488237
Thu Apr 04 2024 05:00:00 GMT+0100 (British Summer Time),0.0164,0.0243,0.6083,997527.6403161703
Thu Apr 04 2024 06:00:00 GMT+0100 (British Summer Time),0.0164,0.0243,0.6163,982925.5757545928
Thu Apr 04 2024 07:00:00 GMT+0100 (British Summer Time),0.0164,0.0243,0.6066,582488.9325528498
Thu Apr 04 2024 08:00:00 GMT+0100 (British Summer Time),0.0254,0.027,0.5622,3024001.6669713785
Thu Apr 04 2024 09:00:00 GMT+0100 (British Summer Time),0.0254,0.027,0.595,2145785.8685631626
Thu Apr 04 2024 10:00:00 GMT+0100 (British Summer Time),0.0304,0.0258,0.607,941720.3878867414
Thu Apr 04 2024 11:00:00 GMT+0100 (British Summer Time),0.0304,0.0258,0.6174,1659161.7398123122
Thu Apr 04 2024 12:00:00 GMT+0100 (British Summer Time),0.0304,0.0258,0.6153,1115147.4112204162
Thu Apr 04 2024 13:00:00 GMT+0100 (British Summer Time),0.0304,0.0258,0.6173,651628.0472733185
Thu Apr 04 2024 14:00:00 GMT+0100 (British Summer Time),0.0304,0.0258,0.6004,2374775.2774585555
Thu Apr 04 2024 15:00:00 GMT+0100 (British Summer Time),0.0304,0.0258,0.6029,2219101.09375576
Thu Apr 04 2024 16:00:00 GMT+0100 (British Summer Time),0.0304,0.0258,0.6138,1419830.1118555218
Thu Apr 04 2024 17:00:00 GMT+0100 (British Summer Time),0.0304,0.0258,0.6092,2436279.2820195556
Thu Apr 04 2024 18:00:00 GMT+0100 (British Summer Time),0.0304,0.0258,0.6114,1319717.1687889907
Thu Apr 04 2024 19:00:00 GMT+0100 (British Summer Time),0.0304,0.0258,0.6175,1328074.8683129568
Thu Apr 04 2024 20:00:00 GMT+0100 (British Summer Time),0.0237,0.0258,0.6174,2104948.8897256153
Thu Apr 04 2024 21:00:00 GMT+0100 (British Summer Time),0.0237,0.0258,0.6175,1057228.733474194
Thu Apr 04 2024 22:00:00 GMT+0100 (British Summer Time),0.0294,0.0257,0.6175,479907.4323132662
Thu Apr 04 2024 23:00:00 GMT+0100 (British Summer Time),0.0294,0.0257,0.6175,468376.68730097346
Fri Apr 05 2024 00:00:00 GMT+0100 (British Summer Time),0.0294,0.0257,0.6175,580841.3112760971
Fri Apr 05 2024 01:00:00 GMT+0100 (British Summer Time),0.0294,0.0257,0.5908,2315581.891494877
Fri Apr 05 2024 02:00:00 GMT+0100 (British Summer Time),0.0294,0.0257,0.5898,1753899.507834007
Fri Apr 05 2024 03:00:00 GMT+0100 (British Summer Time),0.0294,0.0257,0.6012,653065.5013095064
Fri Apr 05 2024 04:00:00 GMT+0100 (British Summer Time),0.0294,0.0257,0.6018,1674056.6934073747
Fri Apr 05 2024 05:00:00 GMT+0100 (British Summer Time),0.0294,0.0257,0.6175,1247171.8793616253
Fri Apr 05 2024 06:00:00 GMT+0100 (British Summer Time),0.0294,0.0257,0.609,1103025.005085927
Fri Apr 05 2024 07:00:00 GMT+0100 (British Summer Time),0.0294,0.0257,0.5866,2120526.452519714
Fri Apr 05 2024 08:00:00 GMT+0100 (British Summer Time),0.0106,0.0257,0.5831,823474.2440556888
Fri Apr 05 2024 09:00:00 GMT+0100 (British Summer Time),0.0056,0.0257,0.593,1707070.6618107683
Fri Apr 05 2024 10:00:00 GMT+0100 (British Summer Time),0.0196,0.0244,0.5864,813223.9515280507
Fri Apr 05 2024 11:00:00 GMT+0100 (British Summer Time),0.0196,0.0244,0.5831,1068685.997754952
Fri Apr 05 2024 12:00:00 GMT+0100 (British Summer Time),0.0196,0.0244,0.5917,838804.6799949686
Fri Apr 05 2024 13:00:00 GMT+0100 (British Summer Time),0.0196,0.0244,0.5937,970542.8559327144
Fri Apr 05 2024 14:00:00 GMT+0100 (British Summer Time),0.0196,0.0244,0.5979,1688399.9095360707
Fri Apr 05 2024 15:00:00 GMT+0100 (British Summer Time),0.0196,0.0244,0.6164,1459626.987796038
Fri Apr 05 2024 16:00:00 GMT+0100 (British Summer Time),0.0196,0.0244,0.6163,939097.9898592941
Fri Apr 05 2024 17:00:00 GMT+0100 (British Summer Time),0.0196,0.0244,0.6171,2177844.1791219423
Fri Apr 05 2024 18:00:00 GMT+0100 (British Summer Time),0.0196,0.0244,0.6118,508788.9492239923
Fri Apr 05 2024 19:00:00 GMT+0100 (British Summer Time),0.0196,0.0244,0.6175,1032592.2260791068
Fri Apr 05 2024 20:00:00 GMT+0100 (British Summer Time),0.0196,0.0244,0.6174,751148.866484143
Fri Apr 05 2024 21:00:00 GMT+0100 (British Summer Time),0.0196,0.0244,0.6175,362023.4716998602
Fri Apr 05 2024 22:00:00 GMT+0100 (British Summer Time),0.0269,0.0249,0.6175,181887.95648419592
Fri Apr 05 2024 23:00:00 GMT+0100 (British Summer Time),0.0269,0.0249,0.6174,464143.9565423153
Sat Apr 06 2024 00:00:00 GMT+0100 (British Summer Time),0.0269,0.0249,0.6175,384135.6929935521
Sat Apr 06 2024 01:00:00 GMT+0100 (British Summer Time),0.0269,0.0249,0.6175,396126.8922143747
Sat Apr 06 2024 02:00:00 GMT+0100 (British Summer Time),0.0269,0.0249,0.6174,321052.9176449992
Sat Apr 06 2024 03:00:00 GMT+0100 (British Summer Time),0.0269,0.0249,0.6175,131171.27714692435
Sat Apr 06 2024 04:00:00 GMT+0100 (British Summer Time),0.0269,0.0249,0.6174,239944.2337248576
Sat Apr 06 2024 05:00:00 GMT+0100 (British Summer Time),0.0269,0.0249,0.6175,319359.2879777418
Sat Apr 06 2024 06:00:00 GMT+0100 (British Summer Time),0.0269,0.0249,0.6167,334292.6427997395
Sat Apr 06 2024 07:00:00 GMT+0100 (British Summer Time),0.0269,0.0249,0.6124,895870.6189904044
Sat Apr 06 2024 08:00:00 GMT+0100 (British Summer Time),0.0269,0.0249,0.6158,1667479.6204460254
Sat Apr 06 2024 09:00:00 GMT+0100 (British Summer Time),0.0269,0.0249,0.6175,266953.4423874682
Sat Apr 06 2024 10:00:00 GMT+0100 (British Summer Time),0.0278,0.0257,0.6174,1460135.9914598626
Sat Apr 06 2024 11:00:00 GMT+0100 (British Summer Time),0.0278,0.0257,0.6175,580317.0787988959
Sat Apr 06 2024 12:00:00 GMT+0100 (British Summer Time),0.0278,0.0257,0.6174,1005632.3897085161
Sat Apr 06 2024 13:00:00 GMT+0100 (British Summer Time),0.0278,0.0257,0.6175,601901.6828295665
Sat Apr 06 2024 14:00:00 GMT+0100 (British Summer Time),0.0278,0.0257,0.6175,520465.9253854669
Sat Apr 06 2024 15:00:00 GMT+0100 (British Summer Time),0.0278,0.0257,0.6175,2471146.790311567
Sat Apr 06 2024 16:00:00 GMT+0100 (British Summer Time),0.0278,0.0257,0.6174,589019.0627764586
Sat Apr 06 2024 17:00:00 GMT+0100 (British Summer Time),0.0278,0.0257,0.6175,1275199.5956459395
Sat Apr 06 2024 18:00:00 GMT+0100 (British Summer Time),0.0278,0.0257,0.6175,550154.9124737163
Sat Apr 06 2024 19:00:00 GMT+0100 (British Summer Time),0.0278,0.0257,0.6175,355120.22681997466
Sat Apr 06 2024 20:00:00 GMT+0100 (British Summer Time),0.0278,0.0257,0.6175,1406666.6125078565
Sat Apr 06 2024 21:00:00 GMT+0100 (British Summer Time),0.0278,0.0257,0.6175,1134112.0950550295
Sat Apr 06 2024 22:00:00 GMT+0100 (British Summer Time),0.0284,0.0267,0.6175,2398232.5303503857
Sat Apr 06 2024 23:00:00 GMT+0100 (British Summer Time),0.0284,0.0267,0.6175,576670.1452562619
Sun Apr 07 2024 00:00:00 GMT+0100 (British Summer Time),0.0284,0.0267,0.6175,357199.79526910605
Sun Apr 07 2024 01:00:00 GMT+0100 (British Summer Time),0.0284,0.0267,0.6175,298910.5296444375
Sun Apr 07 2024 02:00:00 GMT+0100 (British Summer Time),0.0284,0.0267,0.5956,1672284.0488907723
Sun Apr 07 2024 03:00:00 GMT+0100 (British Summer Time),0.0284,0.0267,0.6175,1748143.064747618
Sun Apr 07 2024 04:00:00 GMT+0100 (British Summer Time),0.0284,0.0267,0.6174,280732.3525421377
Sun Apr 07 2024 05:00:00 GMT+0100 (British Summer Time),0.0284,0.0267,0.6175,263772.187534828
Sun Apr 07 2024 06:00:00 GMT+0100 (British Summer Time),0.0284,0.0267,0.6175,705433.7096311287
Sun Apr 07 2024 07:00:00 GMT+0100 (British Summer Time),0.0284,0.0267,0.6175,1019612.6104723485
Sun Apr 07 2024 08:00:00 GMT+0100 (British Summer Time),0.0284,0.0267,0.614,1710571.6876500007
Sun Apr 07 2024 09:00:00 GMT+0100 (British Summer Time),0.0284,0.0267,0.6167,1401525.7185089719
Sun Apr 07 2024 10:00:00 GMT+0100 (British Summer Time),0.0305,0.0264,0.6175,589880.6942739286
Sun Apr 07 2024 11:00:00 GMT+0100 (British Summer Time),0.0305,0.0264,0.6175,491876.9622639152
Sun Apr 07 2024 12:00:00 GMT+0100 (British Summer Time),0.0305,0.0264,0.6175,1927227.963979353
Sun Apr 07 2024 13:00:00 GMT+0100 (British Summer Time),0.0305,0.0264,0.6175,777785.8373198321
Sun Apr 07 2024 14:00:00 GMT+0100 (British Summer Time),0.0305,0.0264,0.6175,972878.4525918653
Sun Apr 07 2024 15:00:00 GMT+0100 (British Summer Time),0.0305,0.0264,0.6175,755271.1972006185
Sun Apr 07 2024 16:00:00 GMT+0100 (British Summer Time),0.0305,0.0264,0.6175,766730.5207360231
Sun Apr 07 2024 17:00:00 GMT+0100 (British Summer Time),0.0305,0.0264,0.6173,646107.1984282855
Sun Apr 07 2024 18:00:00 GMT+0100 (British Summer Time),0.0305,0.0264,0.6175,1133799.4039196826
Sun Apr 07 2024 19:00:00 GMT+0100 (British Summer Time),0.0305,0.0264,0.6175,1137308.0128775323
Sun Apr 07 2024 20:00:00 GMT+0100 (British Summer Time),0.0305,0.0264,0.6175,977155.4898470906
Sun Apr 07 2024 21:00:00 GMT+0100 (British Summer Time),0.0305,0.0264,0.6175,1129213.8520726461
Sun Apr 07 2024 22:00:00 GMT+0100 (British Summer Time),0.0308,0.0266,0.6175,766252.4178998128
Sun Apr 07 2024 23:00:00 GMT+0100 (British Summer Time),0.0308,0.0266,0.6175,781257.570823925
Mon Apr 08 2024 00:00:00 GMT+0100 (British Summer Time),0.0308,0.0266,0.6175,509549.28062277177
Mon Apr 08 2024 01:00:00 GMT+0100 (British Summer Time),0.0308,0.0266,0.6175,523154.1980116967
Mon Apr 08 2024 02:00:00 GMT+0100 (British Summer Time),0.0308,0.0266,0.6175,422611.6982061243
Mon Apr 08 2024 03:00:00 GMT+0100 (British Summer Time),0.0308,0.0266,0.6175,302199.53194873984
Mon Apr 08 2024 04:00:00 GMT+0100 (British Summer Time),0.0308,0.0266,0.6175,663361.6693488776
Mon Apr 08 2024 05:00:00 GMT+0100 (British Summer Time),0.0308,0.0266,0.6175,130841.03176408714
Mon Apr 08 2024 06:00:00 GMT+0100 (British Summer Time),0.0308,0.0266,0.6175,227513.3024007127
Mon Apr 08 2024 07:00:00 GMT+0100 (British Summer Time),0.0308,0.0266,0.6175,571881.5497562813
Mon Apr 08 2024 08:00:00 GMT+0100 (British Summer Time),0.0308,0.0266,0.6175,396143.33024847385
Mon Apr 08 2024 09:00:00 GMT+0100 (British Summer Time),0.0308,0.0266,0.6175,190740.83559275008
Mon Apr 08 2024 10:00:00 GMT+0100 (British Summer Time),0.0202,0.0261,0.6175,327518.3934664524
Mon Apr 08 2024 11:00:00 GMT+0100 (British Summer Time),0.0202,0.0261,0.6175,607074.6204015445
Mon Apr 08 2024 12:00:00 GMT+0100 (British Summer Time),0.0202,0.0261,0.6175,1743666.3192517785
Mon Apr 08 2024 13:00:00 GMT+0100 (British Summer Time),0.0202,0.0261,0.6175,1942444.7095514748
Mon Apr 08 2024 14:00:00 GMT+0100 (British Summer Time),0.0202,0.0261,0.6175,663554.914471961
Mon Apr 08 2024 15:00:00 GMT+0100 (British Summer Time),0.0202,0.0261,0.6119,3035592.2315380913
Mon Apr 08 2024 16:00:00 GMT+0100 (British Summer Time),0.0202,0.0261,0.6151,363020.82715761714
Mon Apr 08 2024 17:00:00 GMT+0100 (British Summer Time),0.0202,0.0261,0.6159,735371.5190905023
Mon Apr 08 2024 18:00:00 GMT+0100 (British Summer Time),0.0202,0.0261,0.6161,536355.068050686
Mon Apr 08 2024 19:00:00 GMT+0100 (British Summer Time),0.0202,0.0261,0.6104,1646338.256016281
Mon Apr 08 2024 20:00:00 GMT+0100 (British Summer Time),0.0202,0.0261,0.6168,938096.9748071325
Mon Apr 08 2024 21:00:00 GMT+0100 (British Summer Time),0.0202,0.0261,0.6159,1237710.135639266
Mon Apr 08 2024 22:00:00 GMT+0100 (British Summer Time),0.0194,0.0249,0.6175,528771.5137283192
Mon Apr 08 2024 23:00:00 GMT+0100 (British Summer Time),0.0194,0.0249,0.6174,334868.67239544797
Tue Apr 09 2024 00:00:00 GMT+0100 (British Summer Time),0.0194,0.0249,0.615,578675.360868514
Tue Apr 09 2024 01:00:00 GMT+0100 (British Summer Time),0.0194,0.0249,0.6126,372173.047559667
Tue Apr 09 2024 02:00:00 GMT+0100 (British Summer Time),0.0194,0.0249,0.6175,1443061.0553787719
Tue Apr 09 2024 03:00:00 GMT+0100 (British Summer Time),0.0194,0.0249,0.6175,1168488.5093590787
Tue Apr 09 2024 04:00:00 GMT+0100 (British Summer Time),0.0194,0.0249,0.6171,756076.1953407612
Tue Apr 09 2024 05:00:00 GMT+0100 (British Summer Time),0.0194,0.0249,0.6174,141578.21904979664
Tue Apr 09 2024 06:00:00 GMT+0100 (British Summer Time),0.0194,0.0249,0.6167,555635.3769484472
Tue Apr 09 2024 07:00:00 GMT+0100 (British Summer Time),0.0194,0.0249,0.6154,828104.0848989114
Tue Apr 09 2024 08:00:00 GMT+0100 (British Summer Time),0.0194,0.0249,0.6175,482469.51937170717
Tue Apr 09 2024 09:00:00 GMT+0100 (British Summer Time),0.0194,0.0249,0.6175,1684519.8869820926
Tue Apr 09 2024 10:00:00 GMT+0100 (British Summer Time),0.0273,0.027,0.6022,5578264.409697062
Tue Apr 09 2024 11:00:00 GMT+0100 (British Summer Time),0.0273,0.027,0.6062,2205950.805078382
Tue Apr 09 2024 12:00:00 GMT+0100 (British Summer Time),0.0273,0.027,0.6175,2183529.026930702
Tue Apr 09 2024 13:00:00 GMT+0100 (British Summer Time),0.0273,0.027,0.5899,2744136.914075219
Tue Apr 09 2024 14:00:00 GMT+0100 (British Summer Time),0.0273,0.027,0.5603,4362500.656172685
Tue Apr 09 2024 15:00:00 GMT+0100 (British Summer Time),0.0273,0.027,0.5806,1877151.7735212056
Tue Apr 09 2024 16:00:00 GMT+0100 (British Summer Time),0.0273,0.027,0.5798,2435538.551804561
Tue Apr 09 2024 17:00:00 GMT+0100 (British Summer Time),0.0273,0.027,0.5511,5656731.039696797
Tue Apr 09 2024 18:00:00 GMT+0100 (British Summer Time),0.0273,0.027,0.5628,1254833.833689983
Tue Apr 09 2024 19:00:00 GMT+0100 (British Summer Time),0.0273,0.027,0.5678,1250148.7409215597
Tue Apr 09 2024 20:00:00 GMT+0100 (British Summer Time),0.0273,0.0236,0.5779,1112913.1269202908
Tue Apr 09 2024 21:00:00 GMT+0100 (British Summer Time),0.0273,0.0236,0.5777,1293891.194004229
Tue Apr 09 2024 22:00:00 GMT+0100 (British Summer Time),0.0142,0.0236,0.59,1005358.6071987646
Tue Apr 09 2024 23:00:00 GMT+0100 (British Summer Time),0.0142,0.0236,0.6058,1491975.7840664517
Wed Apr 10 2024 00:00:00 GMT+0100 (British Summer Time),0.0142,0.0236,0.6117,1381147.99031755
Wed Apr 10 2024 01:00:00 GMT+0100 (British Summer Time),0.0142,0.0236,0.6078,534566.3947004047
Wed Apr 10 2024 02:00:00 GMT+0100 (British Summer Time),0.0142,0.0236,0.5974,950907.2209755376
Wed Apr 10 2024 03:00:00 GMT+0100 (British Summer Time),0.0142,0.0236,0.6055,1092633.9500654808
Wed Apr 10 2024 04:00:00 GMT+0100 (British Summer Time),0.0142,0.0236,0.6035,915130.5666416489
Wed Apr 10 2024 05:00:00 GMT+0100 (British Summer Time),0.0142,0.0236,0.6151,1078429.3186906152
Wed Apr 10 2024 06:00:00 GMT+0100 (British Summer Time),0.0142,0.0236,0.607,1214990.817568234
Wed Apr 10 2024 07:00:00 GMT+0100 (British Summer Time),0.0142,0.0236,0.6143,385233.0251783875
Wed Apr 10 2024 08:00:00 GMT+0100 (British Summer Time),0.0142,0.0222,0.6176,832273.1080608213
Wed Apr 10 2024 09:00:00 GMT+0100 (British Summer Time),0.0142,0.0222,0.6176,852518.0056475394
Wed Apr 10 2024 10:00:00 GMT+0100 (British Summer Time),0.0396,0.0279,0.5871,3971800.381482127
Wed Apr 10 2024 11:00:00 GMT+0100 (British Summer Time),0.0396,0.0279,0.5959,1584477.2450520429
Wed Apr 10 2024 12:00:00 GMT+0100 (British Summer Time),0.0396,0.0279,0.6111,1064778.825511472
Wed Apr 10 2024 13:00:00 GMT+0100 (British Summer Time),0.0396,0.0279,0.6176,1432392.778604351
Wed Apr 10 2024 14:00:00 GMT+0100 (British Summer Time),0.0396,0.0279,0.6176,745034.7717970689
Wed Apr 10 2024 15:00:00 GMT+0100 (British Summer Time),0.0396,0.0279,0.6175,1672054.8729223849
Wed Apr 10 2024 16:00:00 GMT+0100 (British Summer Time),0.0396,0.0279,0.6176,679926.4028429058
Wed Apr 10 2024 17:00:00 GMT+0100 (British Summer Time),0.0396,0.0279,0.6176,1314147.7602058423
Wed Apr 10 2024 18:00:00 GMT+0100 (British Summer Time),0.0396,0.0279,0.6176,585018.6689473717
Wed Apr 10 2024 19:00:00 GMT+0100 (British Summer Time),0.0396,0.0279,0.6176,2650447.2837059367
Wed Apr 10 2024 20:00:00 GMT+0100 (British Summer Time),0.0396,0.0269,0.6176,532028.9706980016
Wed Apr 10 2024 21:00:00 GMT+0100 (British Summer Time),0.0396,0.0269,0.6176,1982736.4338618247
Wed Apr 10 2024 22:00:00 GMT+0100 (British Summer Time),0.0501,0.0284,0.6176,1294097.9529470904
Wed Apr 10 2024 23:00:00 GMT+0100 (British Summer Time),0.0501,0.0284,0.6176,621468.0394018424
Thu Apr 11 2024 00:00:00 GMT+0100 (British Summer Time),0.0501,0.0284,0.6176,540642.9001229964
Thu Apr 11 2024 01:00:00 GMT+0100 (British Summer Time),0.0501,0.0284,0.6176,474732.73012115475
Thu Apr 11 2024 02:00:00 GMT+0100 (British Summer Time),0.0501,0.0284,0.6176,131071.98655640616
Thu Apr 11 2024 03:00:00 GMT+0100 (British Summer Time),0.0501,0.0284,0.6176,267881.77602195035
Thu Apr 11 2024 04:00:00 GMT+0100 (British Summer Time),0.0501,0.0284,0.6176,324014.38849373325
Thu Apr 11 2024 05:00:00 GMT+0100 (British Summer Time),0.0501,0.0284,0.6176,389090.58476021676
Thu Apr 11 2024 06:00:00 GMT+0100 (British Summer Time),0.0501,0.0284,0.6176,156650.5424952181
Thu Apr 11 2024 07:00:00 GMT+0100 (British Summer Time),0.0501,0.0284,0.6176,1247198.3361094315
Thu Apr 11 2024 08:00:00 GMT+0100 (British Summer Time),0.0501,0.0257,0.5786,4227130.555416346
Thu Apr 11 2024 09:00:00 GMT+0100 (British Summer Time),0.0501,0.025,0.5949,5035980.702277099
Thu Apr 11 2024 10:00:00 GMT+0100 (British Summer Time),0.0244,0.027,0.6099,1304628.4833263082
Thu Apr 11 2024 11:00:00 GMT+0100 (British Summer Time),0.0244,0.027,0.6176,1045401.6978052479
Thu Apr 11 2024 12:00:00 GMT+0100 (British Summer Time),0.0244,0.027,0.6176,540251.5889675521
Thu Apr 11 2024 13:00:00 GMT+0100 (British Summer Time),0.0244,0.027,0.6176,1084887.5210565436
Thu Apr 11 2024 14:00:00 GMT+0100 (British Summer Time),0.0244,0.027,0.6176,407713.3196395559
Thu Apr 11 2024 15:00:00 GMT+0100 (British Summer Time),0.0244,0.027,0.6176,474334.19762630784
Thu Apr 11 2024 16:00:00 GMT+0100 (British Summer Time),0.0244,0.027,0.6176,2868246.6389623997
Thu Apr 11 2024 17:00:00 GMT+0100 (British Summer Time),0.0244,0.027,0.6176,1058076.214268582
Thu Apr 11 2024 18:00:00 GMT+0100 (British Summer Time),0.0244,0.027,0.6158,1402457.8107632776
Thu Apr 11 2024 19:00:00 GMT+0100 (British Summer Time),0.0244,0.027,0.615,1142113.1104943766
Thu Apr 11 2024 20:00:00 GMT+0100 (British Summer Time),0.0244,0.027,0.6176,737680.9571588843
Thu Apr 11 2024 21:00:00 GMT+0100 (British Summer Time),0.0244,0.027,0.6176,479602.0344323972
Thu Apr 11 2024 22:00:00 GMT+0100 (British Summer Time),0.0213,0.0272,0.6176,1037987.0573216231
Thu Apr 11 2024 23:00:00 GMT+0100 (British Summer Time),0.0213,0.0272,0.6005,1613043.7238473631
Fri Apr 12 2024 00:00:00 GMT+0100 (British Summer Time),0.0213,0.0272,0.6176,976740.1475260258
Fri Apr 12 2024 01:00:00 GMT+0100 (British Summer Time),0.0213,0.0272,0.6175,885662.6674274912
Fri Apr 12 2024 02:00:00 GMT+0100 (British Summer Time),0.0213,0.0272,0.6174,1033935.4585623876
Fri Apr 12 2024 03:00:00 GMT+0100 (British Summer Time),0.0213,0.0272,0.6104,650711.0223994857
Fri Apr 12 2024 04:00:00 GMT+0100 (British Summer Time),0.0213,0.0272,0.6078,721328.0478194586
Fri Apr 12 2024 05:00:00 GMT+0100 (British Summer Time),0.0213,0.0272,0.616,406856.93511927605
Fri Apr 12 2024 06:00:00 GMT+0100 (British Summer Time),0.0213,0.0272,0.6176,459197.87005148456
Fri Apr 12 2024 07:00:00 GMT+0100 (British Summer Time),0.0213,0.0272,0.6165,277873.44651369314
Fri Apr 12 2024 08:00:00 GMT+0100 (British Summer Time),0.0213,0.0272,0.6173,1368022.433728506
Fri Apr 12 2024 09:00:00 GMT+0100 (British Summer Time),0.0213,0.0272,0.6176,368412.2522146885
Fri Apr 12 2024 10:00:00 GMT+0100 (British Summer Time),0.0268,0.0281,0.6175,792224.3801404381
Fri Apr 12 2024 11:00:00 GMT+0100 (British Summer Time),0.0268,0.0281,0.6153,833474.7607469873
Fri Apr 12 2024 12:00:00 GMT+0100 (British Summer Time),0.0268,0.0281,0.6162,1826569.9254833611
Fri Apr 12 2024 13:00:00 GMT+0100 (British Summer Time),0.0268,0.0281,0.6175,924144.6003952718
Fri Apr 12 2024 14:00:00 GMT+0100 (British Summer Time),0.0268,0.0281,0.6176,304206.83679878747
Fri Apr 12 2024 15:00:00 GMT+0100 (British Summer Time),0.0268,0.0281,0.6176,110307.5381113148
Fri Apr 12 2024 16:00:00 GMT+0100 (British Summer Time),0.0268,0.0281,0.6176,369119.1507950815
Fri Apr 12 2024 17:00:00 GMT+0100 (British Summer Time),0.0268,0.0281,0.6176,259501.1225918959
Fri Apr 12 2024 18:00:00 GMT+0100 (British Summer Time),0.0268,0.0281,0.6176,621780.2016716579
Fri Apr 12 2024 19:00:00 GMT+0100 (British Summer Time),0.0268,0.0281,0.6176,84651.53724338458
Fri Apr 12 2024 20:00:00 GMT+0100 (British Summer Time),0.0268,0.0281,0.6037,1943432.742383079
Fri Apr 12 2024 21:00:00 GMT+0100 (British Summer Time),0.0268,0.0281,0.5983,936461.8910389633
Fri Apr 12 2024 22:00:00 GMT+0100 (British Summer Time),0.0329,0.0281,0.6136,850581.5959786061
Fri Apr 12 2024 23:00:00 GMT+0100 (British Summer Time),0.0329,0.0281,0.6167,215432.14854506328
Sat Apr 13 2024 00:00:00 GMT+0100 (British Summer Time),0.0329,0.0281,0.6175,365154.7474188196
Sat Apr 13 2024 01:00:00 GMT+0100 (British Summer Time),0.0329,0.0281,0.6176,327520.5467744854
Sat Apr 13 2024 02:00:00 GMT+0100 (British Summer Time),0.0329,0.0281,0.6176,139307.46401574346
Sat Apr 13 2024 03:00:00 GMT+0100 (British Summer Time),0.0329,0.0281,0.6168,452136.36322257575
Sat Apr 13 2024 04:00:00 GMT+0100 (British Summer Time),0.0329,0.0281,0.6176,317675.11825839046
Sat Apr 13 2024 05:00:00 GMT+0100 (British Summer Time),0.0329,0.0281,0.6156,159759.3297485078
Sat Apr 13 2024 06:00:00 GMT+0100 (British Summer Time),0.0329,0.0281,0.6167,600088.9373790929
Sat Apr 13 2024 07:00:00 GMT+0100 (British Summer Time),0.0329,0.0281,0.6167,609660.1821040662
Sat Apr 13 2024 08:00:00 GMT+0100 (British Summer Time),0.0329,0.0281,0.6172,436663.28971922246
Sat Apr 13 2024 09:00:00 GMT+0100 (British Summer Time),0.0329,0.0281,0.6131,273581.91375974537
Sat Apr 13 2024 10:00:00 GMT+0100 (British Summer Time),0.0175,0.0266,0.6103,232519.5995524802
Sat Apr 13 2024 11:00:00 GMT+0100 (British Summer Time),0.0175,0.0266,0.605,723000.9930907838
Sat Apr 13 2024 12:00:00 GMT+0100 (British Summer Time),0.0175,0.0266,0.6048,651555.0343454345
Sat Apr 13 2024 13:00:00 GMT+0100 (British Summer Time),0.0175,0.0266,0.5993,720134.6252693341
Sat Apr 13 2024 14:00:00 GMT+0100 (British Summer Time),0.0175,0.0266,0.6057,1006940.7029280604
Sat Apr 13 2024 15:00:00 GMT+0100 (British Summer Time),0.0175,0.0266,0.5686,2464651.9573595626
Sat Apr 13 2024 16:00:00 GMT+0100 (British Summer Time),0.0175,0.0266,0.5612,682032.6425850448
Sat Apr 13 2024 17:00:00 GMT+0100 (British Summer Time),0.0175,0.0266,0.5783,1206576.06460065
Sat Apr 13 2024 18:00:00 GMT+0100 (British Summer Time),0.0175,0.0266,0.5698,643608.6458943246
Sat Apr 13 2024 19:00:00 GMT+0100 (British Summer Time),0.0175,0.0266,0.5651,481531.77752192644
Sat Apr 13 2024 20:00:00 GMT+0100 (British Summer Time),0.0175,0.0266,0.5623,284643.85170545534
Sat Apr 13 2024 21:00:00 GMT+0100 (British Summer Time),0.0175,0.0266,0.5519,2151553.5151770003
Sat Apr 13 2024 22:00:00 GMT+0100 (British Summer Time),0.0239,0.0275,0.562,678787.2521810537
Sat Apr 13 2024 23:00:00 GMT+0100 (British Summer Time),0.0239,0.0275,0.568,366727.77879892103
Sun Apr 14 2024 00:00:00 GMT+0100 (British Summer Time),0.0239,0.0275,0.5662,721084.1606151183
Sun Apr 14 2024 01:00:00 GMT+0100 (British Summer Time),0.0239,0.0275,0.5629,1504760.0922807953
Sun Apr 14 2024 02:00:00 GMT+0100 (British Summer Time),0.0239,0.0275,0.5502,640980.8930084714
Sun Apr 14 2024 03:00:00 GMT+0100 (British Summer Time),0.0239,0.0275,0.5466,466490.7355097267
Sun Apr 14 2024 04:00:00 GMT+0100 (British Summer Time),0.0239,0.0275,0.5546,1311561.002146863
Sun Apr 14 2024 05:00:00 GMT+0100 (British Summer Time),0.0239,0.0275,0.5578,638200.146154973
Sun Apr 14 2024 06:00:00 GMT+0100 (British Summer Time),0.0239,0.0275,0.5714,123724.13052572022
Sun Apr 14 2024 07:00:00 GMT+0100 (British Summer Time),0.0239,0.0275,0.5623,944904.2079902922
Sun Apr 14 2024 08:00:00 GMT+0100 (British Summer Time),0.0239,0.0275,0.5596,210223.70809644138
Sun Apr 14 2024 09:00:00 GMT+0100 (British Summer Time),0.0239,0.0275,0.5562,993195.7333144157
Sun Apr 14 2024 10:00:00 GMT+0100 (British Summer Time),0.0193,0.025,0.5347,2109301.9174285037
Sun Apr 14 2024 11:00:00 GMT+0100 (British Summer Time),0.0193,0.025,0.552,2872415.9128668373
Sun Apr 14 2024 12:00:00 GMT+0100 (British Summer Time),0.0193,0.025,0.5396,1301616.7298227553
Sun Apr 14 2024 13:00:00 GMT+0100 (British Summer Time),0.0193,0.025,0.5508,1282238.9041198185
Sun Apr 14 2024 14:00:00 GMT+0100 (British Summer Time),0.0193,0.025,0.5608,1552902.0124175346
Sun Apr 14 2024 15:00:00 GMT+0100 (British Summer Time),0.0193,0.025,0.5591,181103.2848857556
Sun Apr 14 2024 16:00:00 GMT+0100 (British Summer Time),0.0193,0.025,0.5627,616164.0335986955
Sun Apr 14 2024 17:00:00 GMT+0100 (British Summer Time),0.0193,0.025,0.5617,1112955.350056422
Sun Apr 14 2024 18:00:00 GMT+0100 (British Summer Time),0.0193,0.025,0.5519,399163.88032945816
Sun Apr 14 2024 19:00:00 GMT+0100 (British Summer Time),0.0193,0.025,0.5592,913816.2443489346
Sun Apr 14 2024 20:00:00 GMT+0100 (British Summer Time),0.0193,0.025,0.5537,394936.6241503295
Sun Apr 14 2024 21:00:00 GMT+0100 (British Summer Time),0.0193,0.025,0.5553,231138.28628734604
Sun Apr 14 2024 22:00:00 GMT+0100 (British Summer Time),0.0417,0.029,0.5809,1888678.8085230957
Sun Apr 14 2024 23:00:00 GMT+0100 (British Summer Time),0.0417,0.029,0.5788,431694.02503975003
Mon Apr 15 2024 00:00:00 GMT+0100 (British Summer Time),0.0417,0.029,0.5711,757970.390236567
Mon Apr 15 2024 01:00:00 GMT+0100 (British Summer Time),0.0417,0.029,0.571,50753.97529517695
Mon Apr 15 2024 02:00:00 GMT+0100 (British Summer Time),0.0417,0.029,0.5726,234406.36905556888
Mon Apr 15 2024 03:00:00 GMT+0100 (British Summer Time),0.0417,0.029,0.5626,547787.037106704
Mon Apr 15 2024 04:00:00 GMT+0100 (British Summer Time),0.0417,0.029,0.5463,1246244.4488763202
Mon Apr 15 2024 05:00:00 GMT+0100 (British Summer Time),0.0417,0.029,0.5443,136065.98061493484
Mon Apr 15 2024 06:00:00 GMT+0100 (British Summer Time),0.0417,0.029,0.5556,860579.9217577178
Mon Apr 15 2024 07:00:00 GMT+0100 (British Summer Time),0.0417,0.029,0.5647,817027.0092100431
Mon Apr 15 2024 08:00:00 GMT+0100 (British Summer Time),0.0417,0.029,0.5655,919240.2415131361
Mon Apr 15 2024 09:00:00 GMT+0100 (British Summer Time),0.0417,0.029,0.5635,472923.5477519089
Mon Apr 15 2024 10:00:00 GMT+0100 (British Summer Time),0.053,0.0296,0.5785,858926.8676320093
Mon Apr 15 2024 11:00:00 GMT+0100 (British Summer Time),0.053,0.0296,0.5772,906758.2301741696
Mon Apr 15 2024 12:00:00 GMT+0100 (British Summer Time),0.053,0.0296,0.5917,1042843.3672770436
Mon Apr 15 2024 13:00:00 GMT+0100 (British Summer Time),0.053,0.0296,0.5823,2249592.911495359
Mon Apr 15 2024 14:00:00 GMT+0100 (British Summer Time),0.053,0.0296,0.5975,973854.8973333891
Mon Apr 15 2024 15:00:00 GMT+0100 (British Summer Time),0.053,0.0296,0.6143,1140281.178852613
Mon Apr 15 2024 16:00:00 GMT+0100 (British Summer Time),0.053,0.0296,0.614,278331.73684123723
Mon Apr 15 2024 17:00:00 GMT+0100 (British Summer Time),0.053,0.0296,0.6097,825255.4904392981
Mon Apr 15 2024 18:00:00 GMT+0100 (British Summer Time),0.053,0.0296,0.614,1195229.1843717955
Mon Apr 15 2024 19:00:00 GMT+0100 (British Summer Time),0.053,0.0296,0.6106,1152830.1199113734
Mon Apr 15 2024 20:00:00 GMT+0100 (British Summer Time),0.053,0.0296,0.6159,714620.5418991229
Mon Apr 15 2024 21:00:00 GMT+0100 (British Summer Time),0.053,0.0296,0.6151,869949.7743400333
Mon Apr 15 2024 22:00:00 GMT+0100 (British Summer Time),0.0254,0.0299,0.6124,306927.2235286365
Mon Apr 15 2024 23:00:00 GMT+0100 (British Summer Time),0.0254,0.0299,0.6117,304939.2982220977
Tue Apr 16 2024 00:00:00 GMT+0100 (British Summer Time),0.0254,0.0299,0.6057,238833.5743256462
Tue Apr 16 2024 01:00:00 GMT+0100 (British Summer Time),0.0254,0.0299,0.6105,2298066.654778119
Tue Apr 16 2024 02:00:00 GMT+0100 (British Summer Time),0.0254,0.0299,0.6138,144958.86819983972
Tue Apr 16 2024 03:00:00 GMT+0100 (British Summer Time),0.0254,0.0299,0.6145,85929.23595049222
Tue Apr 16 2024 04:00:00 GMT+0100 (British Summer Time),0.0254,0.0299,0.6116,624668.235510705
Tue Apr 16 2024 05:00:00 GMT+0100 (British Summer Time),0.0254,0.0299,0.608,563510.5092443029
Tue Apr 16 2024 06:00:00 GMT+0100 (British Summer Time),0.0254,0.0299,0.6112,329787.1522176495
Tue Apr 16 2024 07:00:00 GMT+0100 (British Summer Time),0.0254,0.0299,0.6105,73958.31474592636
Tue Apr 16 2024 08:00:00 GMT+0100 (British Summer Time),0.0254,0.0299,0.6156,763897.1311551267
Tue Apr 16 2024 09:00:00 GMT+0100 (British Summer Time),0.0254,0.0299,0.6135,346608.5229613681
Tue Apr 16 2024 10:00:00 GMT+0100 (British Summer Time),0.0276,0.0297,0.6177,1116598.5874041663
Tue Apr 16 2024 11:00:00 GMT+0100 (British Summer Time),0.0276,0.0297,0.5343,7280269.166564444
Tue Apr 16 2024 12:00:00 GMT+0100 (British Summer Time),0.0276,0.0297,0.5423,1610757.5269822427
Tue Apr 16 2024 13:00:00 GMT+0100 (British Summer Time),0.0276,0.0297,0.5889,1225106.6449428212
Tue Apr 16 2024 14:00:00 GMT+0100 (British Summer Time),0.0276,0.0297,0.5862,795510.3404993932
Tue Apr 16 2024 15:00:00 GMT+0100 (British Summer Time),0.0276,0.0297,0.5748,236524.5438570294
Tue Apr 16 2024 16:00:00 GMT+0100 (British Summer Time),0.0276,0.0297,0.5955,1289976.6622666514
Tue Apr 16 2024 17:00:00 GMT+0100 (British Summer Time),0.0276,0.0297,0.5943,343261.5549626474
Tue Apr 16 2024 18:00:00 GMT+0100 (British Summer Time),0.0276,0.0297,0.5946,612751.9077776026
Tue Apr 16 2024 19:00:00 GMT+0100 (British Summer Time),0.0276,0.0297,0.6087,813259.3835615078
Tue Apr 16 2024 20:00:00 GMT+0100 (British Summer Time),0.0276,0.0297,0.6134,968895.2657980525
Tue Apr 16 2024 21:00:00 GMT+0100 (British Summer Time),0.0276,0.0297,0.6166,727576.5283458178
Tue Apr 16 2024 22:00:00 GMT+0100 (British Summer Time),0.013,0.0297,0.6177,366101.2943478711
Tue Apr 16 2024 23:00:00 GMT+0100 (British Summer Time),0.013,0.0297,0.605,1209796.9228264058
Wed Apr 17 2024 00:00:00 GMT+0100 (British Summer Time),0.0262,0.0316,0.6168,369420.8106215823
Wed Apr 17 2024 01:00:00 GMT+0100 (British Summer Time),0.0262,0.0316,0.6161,134360.24922571666
Wed Apr 17 2024 02:00:00 GMT+0100 (British Summer Time),0.0262,0.0316,0.6091,321407.23631501687
Wed Apr 17 2024 03:00:00 GMT+0100 (British Summer Time),0.0262,0.0316,0.6003,500646.5588493241
Wed Apr 17 2024 04:00:00 GMT+0100 (British Summer Time),0.0262,0.0316,0.5691,1190144.101342416
Wed Apr 17 2024 05:00:00 GMT+0100 (British Summer Time),0.0262,0.0316,0.5745,252547.9049810079
Wed Apr 17 2024 06:00:00 GMT+0100 (British Summer Time),0.0262,0.0316,0.5785,732226.5923372463
Wed Apr 17 2024 07:00:00 GMT+0100 (British Summer Time),0.0262,0.0316,0.5703,565997.871314684
Wed Apr 17 2024 08:00:00 GMT+0100 (British Summer Time),0.0262,0.0316,0.5687,125084.78546737469
Wed Apr 17 2024 09:00:00 GMT+0100 (British Summer Time),0.0262,0.0316,0.5728,301041.85714145534
Wed Apr 17 2024 10:00:00 GMT+0100 (British Summer Time),0.013,0.0259,0.5831,479161.26436850685
Wed Apr 17 2024 11:00:00 GMT+0100 (British Summer Time),0.013,0.0259,0.5928,955394.5698969031
Wed Apr 17 2024 12:00:00 GMT+0100 (British Summer Time),0.0261,0.0278,0.5913,78382.72603771726
Wed Apr 17 2024 13:00:00 GMT+0100 (British Summer Time),0.0261,0.0278,0.5839,1129076.391584043
Wed Apr 17 2024 14:00:00 GMT+0100 (British Summer Time),0.0261,0.0278,0.5941,409492.28354146716
Wed Apr 17 2024 15:00:00 GMT+0100 (British Summer Time),0.0261,0.0278,0.591,224516.86351077503
Wed Apr 17 2024 16:00:00 GMT+0100 (British Summer Time),0.0261,0.0278,0.5993,1202132.8515479409
Wed Apr 17 2024 17:00:00 GMT+0100 (British Summer Time),0.0261,0.0278,0.6023,466667.5545364209
Wed Apr 17 2024 18:00:00 GMT+0100 (British Summer Time),0.0261,0.0278,0.6102,2233954.9025395475
Wed Apr 17 2024 19:00:00 GMT+0100 (British Summer Time),0.0261,0.0278,0.5713,2151222.021575383
Wed Apr 17 2024 20:00:00 GMT+0100 (British Summer Time),0.0261,0.0278,0.5886,2171555.9160491945
Wed Apr 17 2024 21:00:00 GMT+0100 (British Summer Time),0.0261,0.0278,0.6028,751642.2560923169
Wed Apr 17 2024 22:00:00 GMT+0100 (British Summer Time),0.0261,0.0263,0.6177,1254051.7488647322
Wed Apr 17 2024 23:00:00 GMT+0100 (British Summer Time),0.0261,0.0263,0.6141,1397205.1320381393
Thu Apr 18 2024 00:00:00 GMT+0100 (British Summer Time),0.0266,0.0283,0.5755,956045.5904976068
Thu Apr 18 2024 01:00:00 GMT+0100 (British Summer Time),0.0266,0.0283,0.5762,345378.13260387705
Thu Apr 18 2024 02:00:00 GMT+0100 (British Summer Time),0.0266,0.0283,0.5765,564739.9405188749
Thu Apr 18 2024 03:00:00 GMT+0100 (British Summer Time),0.0266,0.0283,0.5854,364646.5422559143
Thu Apr 18 2024 04:00:00 GMT+0100 (British Summer Time),0.0266,0.0283,0.5835,101751.61123454952
Thu Apr 18 2024 05:00:00 GMT+0100 (British Summer Time),0.0266,0.0283,0.5815,267524.0891494235
Thu Apr 18 2024 06:00:00 GMT+0100 (British Summer Time),0.0266,0.0283,0.5894,734121.4912562093
Thu Apr 18 2024 07:00:00 GMT+0100 (British Summer Time),0.0266,0.0283,0.5828,487565.1619344917
Thu Apr 18 2024 08:00:00 GMT+0100 (British Summer Time),0.0266,0.0283,0.5779,1288280.7005000112
Thu Apr 18 2024 09:00:00 GMT+0100 (British Summer Time),0.0266,0.0283,0.5751,501881.24086979846
Thu Apr 18 2024 10:00:00 GMT+0100 (British Summer Time),0.0266,0.0262,0.5801,576394.2921522283
Thu Apr 18 2024 11:00:00 GMT+0100 (British Summer Time),0.0266,0.0262,0.5792,1248011.875535324
Thu Apr 18 2024 12:00:00 GMT+0100 (British Summer Time),0.0295,0.0285,0.577,1492240.4461812857
Thu Apr 18 2024 13:00:00 GMT+0100 (British Summer Time),0.0295,0.0285,0.5896,1488373.8589440354
Thu Apr 18 2024 14:00:00 GMT+0100 (British Summer Time),0.0295,0.0285,0.5914,274539.1810562754
Thu Apr 18 2024 15:00:00 GMT+0100 (British Summer Time),0.0295,0.0285,0.5311,5149648.747448052
Thu Apr 18 2024 16:00:00 GMT+0100 (British Summer Time),0.0295,0.0285,0.5411,957417.8932867004
Thu Apr 18 2024 17:00:00 GMT+0100 (British Summer Time),0.0295,0.0285,0.5589,1169330.9808137082
Thu Apr 18 2024 18:00:00 GMT+0100 (British Summer Time),0.0295,0.0285,0.5575,148575.0840628005
Thu Apr 18 2024 19:00:00 GMT+0100 (British Summer Time),0.0295,0.0285,0.5476,613437.8154258392
Thu Apr 18 2024 20:00:00 GMT+0100 (British Summer Time),0.0295,0.0285,0.5425,874621.919116613
Thu Apr 18 2024 21:00:00 GMT+0100 (British Summer Time),0.0295,0.0285,0.5416,349219.71978917695
Thu Apr 18 2024 22:00:00 GMT+0100 (British Summer Time),0.0295,0.0275,0.5451,399190.6977922387
Thu Apr 18 2024 23:00:00 GMT+0100 (British Summer Time),0.0295,0.0275,0.5456,706311.0286094614
Fri Apr 19 2024 00:00:00 GMT+0100 (British Summer Time),0.0295,0.0294,0.5466,632447.5107436704
Fri Apr 19 2024 01:00:00 GMT+0100 (British Summer Time),0.0295,0.0294,0.5582,711681.3048666976
Fri Apr 19 2024 02:00:00 GMT+0100 (British Summer Time),0.0295,0.0294,0.5531,558395.0876606714
Fri Apr 19 2024 03:00:00 GMT+0100 (British Summer Time),0.0295,0.0294,0.5373,819370.5187114633
Fri Apr 19 2024 04:00:00 GMT+0100 (British Summer Time),0.0295,0.0294,0.5369,201241.86751139103
Fri Apr 19 2024 05:00:00 GMT+0100 (British Summer Time),0.0295,0.0294,0.5355,115067.60593186672
Fri Apr 19 2024 06:00:00 GMT+0100 (British Summer Time),0.0295,0.0294,0.535,473872.8338913956
Fri Apr 19 2024 07:00:00 GMT+0100 (British Summer Time),0.0295,0.0294,0.5623,1641227.0941519279
Fri Apr 19 2024 08:00:00 GMT+0100 (British Summer Time),0.0295,0.0294,0.5629,334898.2447950153
Fri Apr 19 2024 09:00:00 GMT+0100 (British Summer Time),0.0295,0.0294,0.5892,2666430.1959739616
Fri Apr 19 2024 10:00:00 GMT+0100 (British Summer Time),0.0295,0.0266,0.5958,294613.9552959904
Fri Apr 19 2024 11:00:00 GMT+0100 (British Summer Time),0.0295,0.0266,0.5985,477017.6536424685
Fri Apr 19 2024 12:00:00 GMT+0100 (British Summer Time),0.0278,0.0286,0.6008,159835.28996918438
Fri Apr 19 2024 13:00:00 GMT+0100 (British Summer Time),0.0278,0.0286,0.5991,104131.94197582545
Fri Apr 19 2024 14:00:00 GMT+0100 (British Summer Time),0.0278,0.0286,0.5916,733878.4603856024
Fri Apr 19 2024 15:00:00 GMT+0100 (British Summer Time),0.0278,0.0286,0.5888,899922.3444973314
Fri Apr 19 2024 16:00:00 GMT+0100 (British Summer Time),0.0278,0.0286,0.6044,838207.5258352985
Fri Apr 19 2024 17:00:00 GMT+0100 (British Summer Time),0.0278,0.0286,0.6178,791007.2655738521
Fri Apr 19 2024 18:00:00 GMT+0100 (British Summer Time),0.0278,0.0286,0.618,744097.2380150837
Fri Apr 19 2024 19:00:00 GMT+0100 (British Summer Time),0.0278,0.0286,0.6179,214585.6030677489
Fri Apr 19 2024 20:00:00 GMT+0100 (British Summer Time),0.0278,0.0286,0.6178,277996.3825248297
Fri Apr 19 2024 21:00:00 GMT+0100 (British Summer Time),0.0278,0.0286,0.618,908217.6706791553
Fri Apr 19 2024 22:00:00 GMT+0100 (British Summer Time),0.0278,0.0267,0.6063,4497220.805575376
Fri Apr 19 2024 23:00:00 GMT+0100 (British Summer Time),0.0278,0.0267,0.5599,3757313.8178103794
Sat Apr 20 2024 00:00:00 GMT+0100 (British Summer Time),0.014,0.0267,0.5646,267909.2990777103
Sat Apr 20 2024 01:00:00 GMT+0100 (British Summer Time),0.014,0.0267,0.5954,1080717.673485512
Sat Apr 20 2024 02:00:00 GMT+0100 (British Summer Time),0.014,0.0267,0.5942,273908.41196571407
Sat Apr 20 2024 03:00:00 GMT+0100 (British Summer Time),0.014,0.0267,0.5883,501292.551394003
Sat Apr 20 2024 04:00:00 GMT+0100 (British Summer Time),0.014,0.0267,0.59,293694.8669893333
Sat Apr 20 2024 05:00:00 GMT+0100 (British Summer Time),0.014,0.0267,0.5866,305896.7737159867
Sat Apr 20 2024 06:00:00 GMT+0100 (British Summer Time),0.014,0.0267,0.575,737141.8023008073
Sat Apr 20 2024 07:00:00 GMT+0100 (British Summer Time),0.014,0.0267,0.5829,227460.4536231951
Sat Apr 20 2024 08:00:00 GMT+0100 (British Summer Time),0.014,0.0267,0.5996,1898468.6177391377
Sat Apr 20 2024 09:00:00 GMT+0100 (British Summer Time),0.014,0.0267,0.6082,702174.7672726507
Sat Apr 20 2024 10:00:00 GMT+0100 (British Summer Time),0.014,0.0261,0.6166,386441.0292755659
Sat Apr 20 2024 11:00:00 GMT+0100 (British Summer Time),0.014,0.0261,0.6154,480915.2530172136
Sat Apr 20 2024 12:00:00 GMT+0100 (British Summer Time),0,0.0261,0.6149,274553.0253733169
Sat Apr 20 2024 13:00:00 GMT+0100 (British Summer Time),0,0.0261,0.6151,71530.82637123085
Sat Apr 20 2024 14:00:00 GMT+0100 (British Summer Time),0,0.0261,0.6163,139715.33220241702
Sat Apr 20 2024 15:00:00 GMT+0100 (British Summer Time),0,0.0261,0.6167,164365.17092333705
Sat Apr 20 2024 16:00:00 GMT+0100 (British Summer Time),0,0.0261,0.6179,819711.791865062
Sat Apr 20 2024 17:00:00 GMT+0100 (British Summer Time),0,0.0261,0.6151,193717.42864043894
Sat Apr 20 2024 18:00:00 GMT+0100 (British Summer Time),0,0.0261,0.615,280753.3873717147
Sat Apr 20 2024 19:00:00 GMT+0100 (British Summer Time),0,0.0261,0.618,622309.502829742
Sat Apr 20 2024 20:00:00 GMT+0100 (British Summer Time),0,0.0261,0.6157,286752.4498801139
Sat Apr 20 2024 21:00:00 GMT+0100 (British Summer Time),0,0.0261,0.6143,483199.5817362906
Sat Apr 20 2024 22:00:00 GMT+0100 (British Summer Time),0,0.0233,0.6148,321118.3613992238
Sat Apr 20 2024 23:00:00 GMT+0100 (British Summer Time),0,0.0233,0.5957,1239189.1770420675
Sun Apr 21 2024 00:00:00 GMT+0100 (British Summer Time),0.0321,0.0279,0.6126,774988.2532495832
Sun Apr 21 2024 01:00:00 GMT+0100 (British Summer Time),0.0321,0.0279,0.6136,198115.6577184052
Sun Apr 21 2024 02:00:00 GMT+0100 (British Summer Time),0.0321,0.0279,0.6104,738258.9431284799
Sun Apr 21 2024 03:00:00 GMT+0100 (British Summer Time),0.0321,0.0279,0.6089,77012.29755231075
Sun Apr 21 2024 04:00:00 GMT+0100 (British Summer Time),0.0321,0.0279,0.6137,785007.5531288936
Sun Apr 21 2024 05:00:00 GMT+0100 (British Summer Time),0.0321,0.0279,0.607,341914.0023762636
Sun Apr 21 2024 06:00:00 GMT+0100 (British Summer Time),0.0321,0.0279,0.6139,205981.45998805683
Sun Apr 21 2024 07:00:00 GMT+0100 (British Summer Time),0.0321,0.0279,0.61,276336.45113843796
Sun Apr 21 2024 08:00:00 GMT+0100 (British Summer Time),0.0321,0.0279,0.5956,1374513.5258666999
Sun Apr 21 2024 09:00:00 GMT+0100 (British Summer Time),0.0321,0.0279,0.6027,458660.49750969175
Sun Apr 21 2024 10:00:00 GMT+0100 (British Summer Time),0.0321,0.0279,0.6024,557089.120737138
Sun Apr 21 2024 11:00:00 GMT+0100 (British Summer Time),0.0321,0.0279,0.6111,438575.8564953487
Sun Apr 21 2024 12:00:00 GMT+0100 (British Summer Time),0.0483,0.0302,0.604,600797.068659273
Sun Apr 21 2024 13:00:00 GMT+0100 (British Summer Time),0.0483,0.0302,0.6071,1423909.1783044883
Sun Apr 21 2024 14:00:00 GMT+0100 (British Summer Time),0.0483,0.0302,0.618,2321991.6500748787
Sun Apr 21 2024 15:00:00 GMT+0100 (British Summer Time),0.0483,0.0302,0.6054,4410728.473198313
Sun Apr 21 2024 16:00:00 GMT+0100 (British Summer Time),0.0483,0.0302,0.6101,394864.0848712791
Sun Apr 21 2024 17:00:00 GMT+0100 (British Summer Time),0.0483,0.0302,0.5846,1259854.991597861
Sun Apr 21 2024 18:00:00 GMT+0100 (British Summer Time),0.0483,0.0302,0.5994,534986.3962316546
Sun Apr 21 2024 19:00:00 GMT+0100 (British Summer Time),0.0483,0.0302,0.6024,790478.5780940979
Sun Apr 21 2024 20:00:00 GMT+0100 (British Summer Time),0.0483,0.0302,0.6076,477629.58625914564
Sun Apr 21 2024 21:00:00 GMT+0100 (British Summer Time),0.0483,0.0302,0.6122,405616.0064611667
Sun Apr 21 2024 22:00:00 GMT+0100 (British Summer Time),0.0483,0.0242,0.6179,272603.02144203114
Sun Apr 21 2024 23:00:00 GMT+0100 (British Summer Time),0.0483,0.0242,0.618,285728.67302478745
Mon Apr 22 2024 00:00:00 GMT+0100 (British Summer Time),0.0283,0.026,0.618,857970.251811713
Mon Apr 22 2024 01:00:00 GMT+0100 (British Summer Time),0.0283,0.026,0.618,702824.8097939275
Mon Apr 22 2024 02:00:00 GMT+0100 (British Summer Time),0.0283,0.026,0.618,1443714.7239134647
Mon Apr 22 2024 03:00:00 GMT+0100 (British Summer Time),0.0283,0.026,0.6179,51225.79922883694
Mon Apr 22 2024 04:00:00 GMT+0100 (British Summer Time),0.0283,0.026,0.618,342138.307253542
Mon Apr 22 2024 05:00:00 GMT+0100 (British Summer Time),0.0283,0.026,0.6173,320522.0022009812
Mon Apr 22 2024 06:00:00 GMT+0100 (British Summer Time),0.0283,0.026,0.618,466687.01395803445
Mon Apr 22 2024 07:00:00 GMT+0100 (British Summer Time),0.0283,0.026,0.6149,542706.5633449444
Mon Apr 22 2024 08:00:00 GMT+0100 (British Summer Time),0.0283,0.026,0.618,847755.8188204297
Mon Apr 22 2024 09:00:00 GMT+0100 (British Summer Time),0.0283,0.026,0.616,784775.4139311195
Mon Apr 22 2024 10:00:00 GMT+0100 (British Summer Time),0.0283,0.0244,0.618,1246707.410690364
Mon Apr 22 2024 11:00:00 GMT+0100 (British Summer Time),0.0283,0.0244,0.6179,710479.6475335334
Mon Apr 22 2024 12:00:00 GMT+0100 (British Summer Time),0.0262,0.0264,0.6179,287792.7617296235
Mon Apr 22 2024 13:00:00 GMT+0100 (British Summer Time),0.0262,0.0264,0.618,563038.9758934597
Mon Apr 22 2024 14:00:00 GMT+0100 (British Summer Time),0.0262,0.0264,0.618,561467.9576580578
Mon Apr 22 2024 15:00:00 GMT+0100 (British Summer Time),0.0262,0.0264,0.618,659637.7777285813
Mon Apr 22 2024 16:00:00 GMT+0100 (British Summer Time),0.0262,0.0264,0.618,191678.8325488381
Mon Apr 22 2024 17:00:00 GMT+0100 (British Summer Time),0.0262,0.0264,0.618,629756.2923314694
Mon Apr 22 2024 18:00:00 GMT+0100 (British Summer Time),0.0262,0.0264,0.618,174060.7765955897
Mon Apr 22 2024 19:00:00 GMT+0100 (British Summer Time),0.0262,0.0264,0.618,388615.51347584196
Mon Apr 22 2024 20:00:00 GMT+0100 (British Summer Time),0.0262,0.0264,0.618,476250.2020317445
Mon Apr 22 2024 21:00:00 GMT+0100 (British Summer Time),0.0262,0.0264,0.618,1355872.0824932493
Mon Apr 22 2024 22:00:00 GMT+0100 (British Summer Time),0.0262,0.0243,0.618,965239.1158137976
Mon Apr 22 2024 23:00:00 GMT+0100 (British Summer Time),0.0262,0.0243,0.618,1234974.4664072017
Tue Apr 23 2024 00:00:00 GMT+0100 (British Summer Time),0.0283,0.0264,0.618,276179.9409069906
Tue Apr 23 2024 01:00:00 GMT+0100 (British Summer Time),0.0283,0.0264,0.618,253695.79701412248
Tue Apr 23 2024 02:00:00 GMT+0100 (British Summer Time),0.0283,0.0264,0.618,271666.3222970277
Tue Apr 23 2024 03:00:00 GMT+0100 (British Summer Time),0.0283,0.0264,0.618,201498.3602481487
Tue Apr 23 2024 04:00:00 GMT+0100 (British Summer Time),0.0283,0.0264,0.618,265713.2213086678
Tue Apr 23 2024 05:00:00 GMT+0100 (British Summer Time),0.0283,0.0264,0.6179,148940.81285279567
Tue Apr 23 2024 06:00:00 GMT+0100 (British Summer Time),0.0283,0.0264,0.6179,91499.79074965947
Tue Apr 23 2024 07:00:00 GMT+0100 (British Summer Time),0.0283,0.0264,0.618,145560.91071433976
Tue Apr 23 2024 08:00:00 GMT+0100 (British Summer Time),0.0283,0.0264,0.618,390554.644426077
Tue Apr 23 2024 09:00:00 GMT+0100 (British Summer Time),0.0283,0.0264,0.6178,769884.755623948
Tue Apr 23 2024 10:00:00 GMT+0100 (British Summer Time),0.0283,0.0245,0.618,1189880.072551875
Tue Apr 23 2024 11:00:00 GMT+0100 (British Summer Time),0.0283,0.0245,0.618,1155353.4993558517
Tue Apr 23 2024 12:00:00 GMT+0100 (British Summer Time),0.0212,0.0255,0.618,242333.8249212406
Tue Apr 23 2024 13:00:00 GMT+0100 (British Summer Time),0.0212,0.0255,0.618,650200.275265448
Tue Apr 23 2024 14:00:00 GMT+0100 (British Summer Time),0.0212,0.0255,0.618,858665.6293166262
Tue Apr 23 2024 15:00:00 GMT+0100 (British Summer Time),0.0212,0.0255,0.618,3760249.343265041
Tue Apr 23 2024 16:00:00 GMT+0100 (British Summer Time),0.0212,0.0255,0.6067,2359362.2946958104
Tue Apr 23 2024 17:00:00 GMT+0100 (British Summer Time),0.0212,0.0255,0.6155,1004990.2049667217
Tue Apr 23 2024 18:00:00 GMT+0100 (British Summer Time),0.0212,0.0255,0.618,398802.34262971854
Tue Apr 23 2024 19:00:00 GMT+0100 (British Summer Time),0.0212,0.0255,0.618,678945.5923896518
Tue Apr 23 2024 20:00:00 GMT+0100 (British Summer Time),0.0212,0.0255,0.618,498556.36122140964
Tue Apr 23 2024 21:00:00 GMT+0100 (British Summer Time),0.0212,0.0255,0.618,628394.2160319637
Tue Apr 23 2024 22:00:00 GMT+0100 (British Summer Time),0.0212,0.0255,0.618,3018060.366747313
Tue Apr 23 2024 23:00:00 GMT+0100 (British Summer Time),0.0212,0.0255,0.6178,2860746.934600626
Wed Apr 24 2024 00:00:00 GMT+0100 (British Summer Time),0.0199,0.0255,0.618,1024960.1949053751
Wed Apr 24 2024 01:00:00 GMT+0100 (British Summer Time),0.0199,0.0255,0.618,376423.23176000465
Wed Apr 24 2024 02:00:00 GMT+0100 (British Summer Time),0.0199,0.0255,0.618,662141.7116358422
Wed Apr 24 2024 03:00:00 GMT+0100 (British Summer Time),0.0199,0.0255,0.618,547889.2433660191
Wed Apr 24 2024 04:00:00 GMT+0100 (British Summer Time),0.0199,0.0255,0.618,451065.9782325936
Wed Apr 24 2024 05:00:00 GMT+0100 (British Summer Time),0.0199,0.0255,0.618,608310.6528880107
Wed Apr 24 2024 06:00:00 GMT+0100 (British Summer Time),0.0199,0.0255,0.618,2225666.3528157305
Wed Apr 24 2024 07:00:00 GMT+0100 (British Summer Time),0.0199,0.0255,0.618,3286154.8645872814
Wed Apr 24 2024 08:00:00 GMT+0100 (British Summer Time),0.0199,0.0255,0.618,743822.6053120687
Wed Apr 24 2024 09:00:00 GMT+0100 (British Summer Time),0.0199,0.0255,0.618,720760.3361823945
Wed Apr 24 2024 10:00:00 GMT+0100 (British Summer Time),0.0199,0.0255,0.618,66252.63698367664
Wed Apr 24 2024 11:00:00 GMT+0100 (British Summer Time),0.0199,0.0255,0.618,659844.3441522503
Wed Apr 24 2024 12:00:00 GMT+0100 (British Summer Time),0.0273,0.0257,0.618,1078061.27423436
Wed Apr 24 2024 13:00:00 GMT+0100 (British Summer Time),0.0273,0.0257,0.618,448810.0392494396
Wed Apr 24 2024 14:00:00 GMT+0100 (British Summer Time),0.0273,0.0257,0.6179,1585888.3714775029
Wed Apr 24 2024 15:00:00 GMT+0100 (British Summer Time),0.0273,0.0257,0.618,180179.77907935565
Wed Apr 24 2024 16:00:00 GMT+0100 (British Summer Time),0.0273,0.0257,0.618,625042.6684766518
Wed Apr 24 2024 17:00:00 GMT+0100 (British Summer Time),0.0273,0.0257,0.618,586267.1198436747
Wed Apr 24 2024 18:00:00 GMT+0100 (British Summer Time),0.0273,0.0257,0.6179,1287009.520105069
Wed Apr 24 2024 19:00:00 GMT+0100 (British Summer Time),0.0273,0.0257,0.6179,775718.3856720624
Wed Apr 24 2024 20:00:00 GMT+0100 (British Summer Time),0.0273,0.0257,0.6178,617035.8054355609
Wed Apr 24 2024 21:00:00 GMT+0100 (British Summer Time),0.0273,0.0257,0.6175,1832032.5566713526
Wed Apr 24 2024 22:00:00 GMT+0100 (British Summer Time),0.0273,0.0257,0.6177,872981.4860987581
Wed Apr 24 2024 23:00:00 GMT+0100 (British Summer Time),0.0273,0.0257,0.6174,1390504.2452639868
Thu Apr 25 2024 00:00:00 GMT+0100 (British Summer Time),0.0361,0.0269,0.5796,38610.7374302133