time,underlyingApy1DMA,underlyingApy7DMA,impliedApy,volume
Thu Apr 24 2025 22:00:00 GMT+0100 (British Summer Time),0.04,0.036,0.0434,0
Thu Apr 24 2025 23:00:00 GMT+0100 (British Summer Time),0.04,0.0341,0.0434,0
Fri Apr 25 2025 00:00:00 GMT+0100 (British Summer Time),0.04,0.0341,0.0434,0
Fri Apr 25 2025 01:00:00 GMT+0100 (British Summer Time),0.04,0.0341,0.0434,0
Fri Apr 25 2025 02:00:00 GMT+0100 (British Summer Time),0.04,0.0341,0.0434,0
Fri Apr 25 2025 03:00:00 GMT+0100 (British Summer Time),0.04,0.0341,0.0434,0
Fri Apr 25 2025 04:00:00 GMT+0100 (British Summer Time),0.04,0.0341,0.0434,102.59323054272072
Fri Apr 25 2025 05:00:00 GMT+0100 (British Summer Time),0.04,0.0341,0.0434,547.308294259676
Fri Apr 25 2025 06:00:00 GMT+0100 (British Summer Time),0.04,0.0341,0.0434,458.17952537381706
Fri Apr 25 2025 07:00:00 GMT+0100 (British Summer Time),0.04,0.0341,0.0434,0
Fri Apr 25 2025 08:00:00 GMT+0100 (British Summer Time),0.04,0.0341,0.0434,745.3296159376143
Fri Apr 25 2025 09:00:00 GMT+0100 (British Summer Time),0.0384,0.0373,0.0432,11651.335619364212
Fri Apr 25 2025 10:00:00 GMT+0100 (British Summer Time),0.0384,0.0373,0.0432,75.32843531952368
Fri Apr 25 2025 11:00:00 GMT+0100 (British Summer Time),0.0384,0.0365,0.0432,0
Fri Apr 25 2025 12:00:00 GMT+0100 (British Summer Time),0.0384,0.0365,0.0432,0
Fri Apr 25 2025 13:00:00 GMT+0100 (British Summer Time),0.0384,0.0365,0.0432,0
Fri Apr 25 2025 14:00:00 GMT+0100 (British Summer Time),0.0384,0.0365,0.0432,3536.0775396863314
Fri Apr 25 2025 15:00:00 GMT+0100 (British Summer Time),0.0384,0.0365,0.0436,18655.704807867056
Fri Apr 25 2025 16:00:00 GMT+0100 (British Summer Time),0.0384,0.0365,0.0436,0
Fri Apr 25 2025 17:00:00 GMT+0100 (British Summer Time),0.0384,0.0365,0.0436,0
Fri Apr 25 2025 18:00:00 GMT+0100 (British Summer Time),0.0384,0.0365,0.0436,6328.439956855639
Fri Apr 25 2025 19:00:00 GMT+0100 (British Summer Time),0.0384,0.0365,0.0439,11374.030622614899
Fri Apr 25 2025 20:00:00 GMT+0100 (British Summer Time),0.0384,0.0365,0.0439,0
Fri Apr 25 2025 21:00:00 GMT+0100 (British Summer Time),0.0381,0.0381,0.0439,55.50322806476298
Fri Apr 25 2025 22:00:00 GMT+0100 (British Summer Time),0.0379,0.0379,0.0439,0
Fri Apr 25 2025 23:00:00 GMT+0100 (British Summer Time),0.0379,0.0379,0.0439,0
Sat Apr 26 2025 00:00:00 GMT+0100 (British Summer Time),0.0379,0.0379,0.0439,1.0557786777714924
Sat Apr 26 2025 01:00:00 GMT+0100 (British Summer Time),0.0379,0.0379,0.0439,0
Sat Apr 26 2025 02:00:00 GMT+0100 (British Summer Time),0.0379,0.0379,0.0439,0
Sat Apr 26 2025 03:00:00 GMT+0100 (British Summer Time),0.0379,0.0379,0.0439,0
Sat Apr 26 2025 04:00:00 GMT+0100 (British Summer Time),0.0379,0.0379,0.0439,0
Sat Apr 26 2025 05:00:00 GMT+0100 (British Summer Time),0.0379,0.0379,0.0439,0
Sat Apr 26 2025 06:00:00 GMT+0100 (British Summer Time),0.0379,0.0379,0.0439,0
Sat Apr 26 2025 07:00:00 GMT+0100 (British Summer Time),0.0379,0.0379,0.0437,12088.986318385481
Sat Apr 26 2025 08:00:00 GMT+0100 (British Summer Time),0.0379,0.0379,0.0437,0
Sat Apr 26 2025 09:00:00 GMT+0100 (British Summer Time),0.0262,0.0394,0.0437,2.929406468926371
Sat Apr 26 2025 10:00:00 GMT+0100 (British Summer Time),0.0262,0.0394,0.0437,0
Sat Apr 26 2025 11:00:00 GMT+0100 (British Summer Time),0.0262,0.0335,0.0437,0
Sat Apr 26 2025 12:00:00 GMT+0100 (British Summer Time),0.0262,0.0335,0.0437,0
Sat Apr 26 2025 13:00:00 GMT+0100 (British Summer Time),0.0262,0.0335,0.0437,0
Sat Apr 26 2025 14:00:00 GMT+0100 (British Summer Time),0.0262,0.0335,0.0437,95.22931535526907
Sat Apr 26 2025 15:00:00 GMT+0100 (British Summer Time),0.0262,0.0335,0.0437,796.2301405760501
Sat Apr 26 2025 16:00:00 GMT+0100 (British Summer Time),0.0262,0.0335,0.0437,150.74689154035153
Sat Apr 26 2025 17:00:00 GMT+0100 (British Summer Time),0.0262,0.0335,0.0437,149.72672524295305
Sat Apr 26 2025 18:00:00 GMT+0100 (British Summer Time),0.0262,0.0335,0.0437,0
Sat Apr 26 2025 19:00:00 GMT+0100 (British Summer Time),0.0262,0.0335,0.0436,4783.581854062648
Sat Apr 26 2025 20:00:00 GMT+0100 (British Summer Time),0.0262,0.0335,0.0436,0
Sat Apr 26 2025 21:00:00 GMT+0100 (British Summer Time),0.0392,0.0369,0.0436,0
Sat Apr 26 2025 22:00:00 GMT+0100 (British Summer Time),0.0392,0.0369,0.0436,15.01295984177352
Sat Apr 26 2025 23:00:00 GMT+0100 (British Summer Time),0.0392,0.0354,0.0436,8.058491483554773
Sun Apr 27 2025 00:00:00 GMT+0100 (British Summer Time),0.0392,0.0354,0.0436,0
Sun Apr 27 2025 01:00:00 GMT+0100 (British Summer Time),0.0392,0.0354,0.0436,0
Sun Apr 27 2025 02:00:00 GMT+0100 (British Summer Time),0.0392,0.0354,0.0436,0
Sun Apr 27 2025 03:00:00 GMT+0100 (British Summer Time),0.0392,0.0354,0.0436,0
Sun Apr 27 2025 04:00:00 GMT+0100 (British Summer Time),0.0392,0.0354,0.0436,0
Sun Apr 27 2025 05:00:00 GMT+0100 (British Summer Time),0.0392,0.0354,0.0436,1.4257719240266196
Sun Apr 27 2025 06:00:00 GMT+0100 (British Summer Time),0.0392,0.0354,0.0436,0
Sun Apr 27 2025 07:00:00 GMT+0100 (British Summer Time),0.0392,0.0354,0.0436,0
Sun Apr 27 2025 08:00:00 GMT+0100 (British Summer Time),0.0392,0.0354,0.0436,0
Sun Apr 27 2025 09:00:00 GMT+0100 (British Summer Time),0.0391,0.037,0.0436,0
Sun Apr 27 2025 10:00:00 GMT+0100 (British Summer Time),0.0391,0.037,0.0436,0
Sun Apr 27 2025 11:00:00 GMT+0100 (British Summer Time),0.0391,0.0355,0.0436,0
Sun Apr 27 2025 12:00:00 GMT+0100 (British Summer Time),0.0391,0.0355,0.0436,0
Sun Apr 27 2025 13:00:00 GMT+0100 (British Summer Time),0.0391,0.0355,0.0436,417.4401974161991
Sun Apr 27 2025 14:00:00 GMT+0100 (British Summer Time),0.0391,0.0355,0.0436,0
Sun Apr 27 2025 15:00:00 GMT+0100 (British Summer Time),0.0391,0.0355,0.0436,0
Sun Apr 27 2025 16:00:00 GMT+0100 (British Summer Time),0.0391,0.0355,0.0436,0
Sun Apr 27 2025 17:00:00 GMT+0100 (British Summer Time),0.0391,0.0355,0.0436,0
Sun Apr 27 2025 18:00:00 GMT+0100 (British Summer Time),0.0391,0.0355,0.0436,404.01916199469827
Sun Apr 27 2025 19:00:00 GMT+0100 (British Summer Time),0.0391,0.0355,0.0436,0
Sun Apr 27 2025 20:00:00 GMT+0100 (British Summer Time),0.0391,0.0355,0.0436,0
Sun Apr 27 2025 21:00:00 GMT+0100 (British Summer Time),0.0261,0.0371,0.0436,0
Sun Apr 27 2025 22:00:00 GMT+0100 (British Summer Time),0.0261,0.0371,0.0436,0
Sun Apr 27 2025 23:00:00 GMT+0100 (British Summer Time),0.0261,0.0341,0.0436,0
Mon Apr 28 2025 00:00:00 GMT+0100 (British Summer Time),0.0261,0.0341,0.0436,0
Mon Apr 28 2025 01:00:00 GMT+0100 (British Summer Time),0.0261,0.0341,0.0436,0
Mon Apr 28 2025 02:00:00 GMT+0100 (British Summer Time),0.0261,0.0341,0.0436,0
Mon Apr 28 2025 03:00:00 GMT+0100 (British Summer Time),0.0261,0.0341,0.0436,0
Mon Apr 28 2025 04:00:00 GMT+0100 (British Summer Time),0.0261,0.0341,0.0436,0
Mon Apr 28 2025 05:00:00 GMT+0100 (British Summer Time),0.0261,0.0341,0.0436,0
Mon Apr 28 2025 06:00:00 GMT+0100 (British Summer Time),0.0261,0.0341,0.0436,0
Mon Apr 28 2025 07:00:00 GMT+0100 (British Summer Time),0.0261,0.0341,0.0436,0
Mon Apr 28 2025 08:00:00 GMT+0100 (British Summer Time),0.0261,0.0341,0.0436,0
Mon Apr 28 2025 09:00:00 GMT+0100 (British Summer Time),0.0361,0.0371,0.0436,100.65181129667043
Mon Apr 28 2025 10:00:00 GMT+0100 (British Summer Time),0.0361,0.0371,0.0436,1780.4340639385819
Mon Apr 28 2025 11:00:00 GMT+0100 (British Summer Time),0.0361,0.0349,0.0436,0
Mon Apr 28 2025 12:00:00 GMT+0100 (British Summer Time),0.0361,0.0349,0.0436,0
Mon Apr 28 2025 13:00:00 GMT+0100 (British Summer Time),0.0361,0.0349,0.0436,2.7222144652210125
Mon Apr 28 2025 14:00:00 GMT+0100 (British Summer Time),0.0361,0.0349,0.0436,0
Mon Apr 28 2025 15:00:00 GMT+0100 (British Summer Time),0.0361,0.0349,0.0436,0
Mon Apr 28 2025 16:00:00 GMT+0100 (British Summer Time),0.0361,0.0349,0.0436,0
Mon Apr 28 2025 17:00:00 GMT+0100 (British Summer Time),0.0361,0.0349,0.0436,63.11260700336699
Mon Apr 28 2025 18:00:00 GMT+0100 (British Summer Time),0.0361,0.0349,0.0436,0
Mon Apr 28 2025 19:00:00 GMT+0100 (British Summer Time),0.0361,0.0349,0.0436,0
Mon Apr 28 2025 20:00:00 GMT+0100 (British Summer Time),0.0361,0.0349,0.0436,140.37754165059434
Mon Apr 28 2025 21:00:00 GMT+0100 (British Summer Time),0.0356,0.0363,0.0436,0
Mon Apr 28 2025 22:00:00 GMT+0100 (British Summer Time),0.0356,0.0363,0.0436,920.6899495130393
Mon Apr 28 2025 23:00:00 GMT+0100 (British Summer Time),0.0356,0.0345,0.0436,0
Tue Apr 29 2025 00:00:00 GMT+0100 (British Summer Time),0.0356,0.0345,0.0436,0
Tue Apr 29 2025 01:00:00 GMT+0100 (British Summer Time),0.0356,0.0345,0.0436,0
Tue Apr 29 2025 02:00:00 GMT+0100 (British Summer Time),0.0356,0.0345,0.0436,0
Tue Apr 29 2025 03:00:00 GMT+0100 (British Summer Time),0.0356,0.0345,0.0436,0
Tue Apr 29 2025 04:00:00 GMT+0100 (British Summer Time),0.0356,0.0345,0.0436,0
Tue Apr 29 2025 05:00:00 GMT+0100 (British Summer Time),0.0356,0.0345,0.0436,0
Tue Apr 29 2025 06:00:00 GMT+0100 (British Summer Time),0.0356,0.0345,0.0436,0
Tue Apr 29 2025 07:00:00 GMT+0100 (British Summer Time),0.0356,0.0345,0.0436,0
Tue Apr 29 2025 08:00:00 GMT+0100 (British Summer Time),0.0356,0.0345,0.0435,5104.383840485076
Tue Apr 29 2025 09:00:00 GMT+0100 (British Summer Time),0.0359,0.0375,0.0435,0
Tue Apr 29 2025 10:00:00 GMT+0100 (British Summer Time),0.0359,0.0375,0.0435,50.66361035604419
Tue Apr 29 2025 11:00:00 GMT+0100 (British Summer Time),0.0359,0.036,0.0435,0
Tue Apr 29 2025 12:00:00 GMT+0100 (British Summer Time),0.0359,0.036,0.0435,0
Tue Apr 29 2025 13:00:00 GMT+0100 (British Summer Time),0.0359,0.036,0.0435,0
Tue Apr 29 2025 14:00:00 GMT+0100 (British Summer Time),0.0359,0.036,0.0435,1440.9959786949885
Tue Apr 29 2025 15:00:00 GMT+0100 (British Summer Time),0.0359,0.036,0.0435,130.5308209753402
Tue Apr 29 2025 16:00:00 GMT+0100 (British Summer Time),0.0359,0.036,0.0435,0
Tue Apr 29 2025 17:00:00 GMT+0100 (British Summer Time),0.0359,0.036,0.0435,0
Tue Apr 29 2025 18:00:00 GMT+0100 (British Summer Time),0.0359,0.036,0.0435,0
Tue Apr 29 2025 19:00:00 GMT+0100 (British Summer Time),0.0359,0.036,0.0435,0
Tue Apr 29 2025 20:00:00 GMT+0100 (British Summer Time),0.0359,0.036,0.0435,49.50443498810726
Tue Apr 29 2025 21:00:00 GMT+0100 (British Summer Time),0.0367,0.0376,0.0435,238.20825816681784
Tue Apr 29 2025 22:00:00 GMT+0100 (British Summer Time),0.0367,0.0376,0.0435,237.4620489623422
Tue Apr 29 2025 23:00:00 GMT+0100 (British Summer Time),0.0367,0.0345,0.0435,0
Wed Apr 30 2025 00:00:00 GMT+0100 (British Summer Time),0.0367,0.0345,0.0435,0
Wed Apr 30 2025 01:00:00 GMT+0100 (British Summer Time),0.0367,0.0345,0.0435,0
Wed Apr 30 2025 02:00:00 GMT+0100 (British Summer Time),0.0367,0.0345,0.0435,0
Wed Apr 30 2025 03:00:00 GMT+0100 (British Summer Time),0.0367,0.0345,0.0435,0
Wed Apr 30 2025 04:00:00 GMT+0100 (British Summer Time),0.0367,0.0345,0.0435,0
Wed Apr 30 2025 05:00:00 GMT+0100 (British Summer Time),0.0367,0.0345,0.0435,0
Wed Apr 30 2025 06:00:00 GMT+0100 (British Summer Time),0.0367,0.0345,0.0435,0
Wed Apr 30 2025 07:00:00 GMT+0100 (British Summer Time),0.0367,0.0345,0.0435,0
Wed Apr 30 2025 08:00:00 GMT+0100 (British Summer Time),0.0367,0.0345,0.0435,0
Wed Apr 30 2025 09:00:00 GMT+0100 (British Summer Time),0.0265,0.0345,0.0435,0
Wed Apr 30 2025 10:00:00 GMT+0100 (British Summer Time),0.0265,0.0345,0.0435,0
Wed Apr 30 2025 11:00:00 GMT+0100 (British Summer Time),0.0265,0.0345,0.0435,0
Wed Apr 30 2025 12:00:00 GMT+0100 (British Summer Time),0.0265,0.0345,0.0435,235.70101963515253
Wed Apr 30 2025 13:00:00 GMT+0100 (British Summer Time),0.0265,0.0345,0.0435,0
Wed Apr 30 2025 14:00:00 GMT+0100 (British Summer Time),0.0265,0.0345,0.0435,0
Wed Apr 30 2025 15:00:00 GMT+0100 (British Summer Time),0.0265,0.0345,0.0435,98.13747414300308
Wed Apr 30 2025 16:00:00 GMT+0100 (British Summer Time),0.0265,0.0345,0.0435,0
Wed Apr 30 2025 17:00:00 GMT+0100 (British Summer Time),0.0265,0.0345,0.0435,0
Wed Apr 30 2025 18:00:00 GMT+0100 (British Summer Time),0.0265,0.0345,0.0435,488.2417895536486
Wed Apr 30 2025 19:00:00 GMT+0100 (British Summer Time),0.0265,0.0345,0.0435,359.9406082929289
Wed Apr 30 2025 20:00:00 GMT+0100 (British Summer Time),0.0265,0.0345,0.0435,0
Wed Apr 30 2025 21:00:00 GMT+0100 (British Summer Time),0.0366,0.036,0.0435,0
Wed Apr 30 2025 22:00:00 GMT+0100 (British Summer Time),0.0366,0.036,0.0435,0
Wed Apr 30 2025 23:00:00 GMT+0100 (British Summer Time),0.0366,0.036,0.0435,0
Thu May 01 2025 00:00:00 GMT+0100 (British Summer Time),0.0366,0.036,0.0435,0
Thu May 01 2025 01:00:00 GMT+0100 (British Summer Time),0.0366,0.036,0.0435,0
Thu May 01 2025 02:00:00 GMT+0100 (British Summer Time),0.0366,0.036,0.0435,0
Thu May 01 2025 03:00:00 GMT+0100 (British Summer Time),0.0366,0.036,0.0435,0
Thu May 01 2025 04:00:00 GMT+0100 (British Summer Time),0.0366,0.036,0.0435,0
Thu May 01 2025 05:00:00 GMT+0100 (British Summer Time),0.0366,0.036,0.0435,0
Thu May 01 2025 06:00:00 GMT+0100 (British Summer Time),0.0366,0.036,0.0435,0
Thu May 01 2025 07:00:00 GMT+0100 (British Summer Time),0.0366,0.036,0.0435,0
Thu May 01 2025 08:00:00 GMT+0100 (British Summer Time),0.0366,0.036,0.0435,0
Thu May 01 2025 09:00:00 GMT+0100 (British Summer Time),0.036,0.034,0.0435,0
Thu May 01 2025 10:00:00 GMT+0100 (British Summer Time),0.036,0.034,0.0435,0
Thu May 01 2025 11:00:00 GMT+0100 (British Summer Time),0.036,0.034,0.0435,0
Thu May 01 2025 12:00:00 GMT+0100 (British Summer Time),0.036,0.034,0.0435,0
Thu May 01 2025 13:00:00 GMT+0100 (British Summer Time),0.036,0.034,0.0435,0
Thu May 01 2025 14:00:00 GMT+0100 (British Summer Time),0.036,0.034,0.0435,0
Thu May 01 2025 15:00:00 GMT+0100 (British Summer Time),0.036,0.034,0.0435,770.6986694734436
Thu May 01 2025 16:00:00 GMT+0100 (British Summer Time),0.036,0.034,0.0435,308.68344135454447
Thu May 01 2025 17:00:00 GMT+0100 (British Summer Time),0.036,0.034,0.0435,0
Thu May 01 2025 18:00:00 GMT+0100 (British Summer Time),0.036,0.034,0.0435,0
Thu May 01 2025 19:00:00 GMT+0100 (British Summer Time),0.036,0.034,0.0435,0
Thu May 01 2025 20:00:00 GMT+0100 (British Summer Time),0.036,0.034,0.0435,0
Thu May 01 2025 21:00:00 GMT+0100 (British Summer Time),0.036,0.0354,0.0435,0
Thu May 01 2025 22:00:00 GMT+0100 (British Summer Time),0.036,0.0354,0.0435,0
Thu May 01 2025 23:00:00 GMT+0100 (British Summer Time),0.036,0.0354,0.0435,0
Fri May 02 2025 00:00:00 GMT+0100 (British Summer Time),0.036,0.0354,0.0435,0
Fri May 02 2025 01:00:00 GMT+0100 (British Summer Time),0.036,0.0354,0.0435,0
Fri May 02 2025 02:00:00 GMT+0100 (British Summer Time),0.0359,0.0353,0.0435,0
Fri May 02 2025 03:00:00 GMT+0100 (British Summer Time),0.0359,0.0353,0.0435,0
Fri May 02 2025 04:00:00 GMT+0100 (British Summer Time),0.0359,0.0353,0.0435,0
Fri May 02 2025 05:00:00 GMT+0100 (British Summer Time),0.0359,0.0353,0.0435,526.9507422447381
Fri May 02 2025 06:00:00 GMT+0100 (British Summer Time),0.0359,0.0353,0.0435,0
Fri May 02 2025 07:00:00 GMT+0100 (British Summer Time),0.0359,0.0353,0.0435,0
Fri May 02 2025 08:00:00 GMT+0100 (British Summer Time),0.0359,0.0353,0.0435,0
Fri May 02 2025 09:00:00 GMT+0100 (British Summer Time),0.0257,0.0321,0.0435,0
Fri May 02 2025 10:00:00 GMT+0100 (British Summer Time),0.0257,0.0321,0.0435,0
Fri May 02 2025 11:00:00 GMT+0100 (British Summer Time),0.0257,0.0321,0.0435,0
Fri May 02 2025 12:00:00 GMT+0100 (British Summer Time),0.0257,0.0321,0.0435,0
Fri May 02 2025 13:00:00 GMT+0100 (British Summer Time),0.0257,0.0321,0.0435,0
Fri May 02 2025 14:00:00 GMT+0100 (British Summer Time),0.0257,0.0321,0.0435,4.9630679846939305
Fri May 02 2025 15:00:00 GMT+0100 (British Summer Time),0.0257,0.0321,0.0435,0
Fri May 02 2025 16:00:00 GMT+0100 (British Summer Time),0.0492,0.0355,0.0435,0
Fri May 02 2025 17:00:00 GMT+0100 (British Summer Time),0.0492,0.0355,0.0435,0
Fri May 02 2025 18:00:00 GMT+0100 (British Summer Time),0.0492,0.0355,0.0435,0
Fri May 02 2025 19:00:00 GMT+0100 (British Summer Time),0.0492,0.0355,0.0435,0
Fri May 02 2025 20:00:00 GMT+0100 (British Summer Time),0.0492,0.0355,0.0435,0
Fri May 02 2025 21:00:00 GMT+0100 (British Summer Time),0.0279,0.0339,0.0435,0
Fri May 02 2025 22:00:00 GMT+0100 (British Summer Time),0.0279,0.0339,0.0435,0
Fri May 02 2025 23:00:00 GMT+0100 (British Summer Time),0.0279,0.0339,0.0435,0
Sat May 03 2025 00:00:00 GMT+0100 (British Summer Time),0.0279,0.0339,0.0435,0
Sat May 03 2025 01:00:00 GMT+0100 (British Summer Time),0.0279,0.0339,0.0435,0
Sat May 03 2025 02:00:00 GMT+0100 (British Summer Time),0.0279,0.0339,0.0435,0
Sat May 03 2025 03:00:00 GMT+0100 (British Summer Time),0.0279,0.0339,0.0435,0
Sat May 03 2025 04:00:00 GMT+0100 (British Summer Time),0.0374,0.0353,0.0435,0
Sat May 03 2025 05:00:00 GMT+0100 (British Summer Time),0.0374,0.0353,0.0435,0
Sat May 03 2025 06:00:00 GMT+0100 (British Summer Time),0.0374,0.0353,0.0435,0
Sat May 03 2025 07:00:00 GMT+0100 (British Summer Time),0.0374,0.0353,0.0435,1282.2146921448725
Sat May 03 2025 08:00:00 GMT+0100 (British Summer Time),0.0374,0.0353,0.0435,0
Sat May 03 2025 09:00:00 GMT+0100 (British Summer Time),0.0374,0.0337,0.0435,0
Sat May 03 2025 10:00:00 GMT+0100 (British Summer Time),0.0374,0.0337,0.0435,821.7163734271812
Sat May 03 2025 11:00:00 GMT+0100 (British Summer Time),0.0374,0.0337,0.0435,0
Sat May 03 2025 12:00:00 GMT+0100 (British Summer Time),0.0374,0.0337,0.0435,0
Sat May 03 2025 13:00:00 GMT+0100 (British Summer Time),0.0374,0.0337,0.0435,0
Sat May 03 2025 14:00:00 GMT+0100 (British Summer Time),0.0374,0.0337,0.0435,0
Sat May 03 2025 15:00:00 GMT+0100 (British Summer Time),0.0374,0.0337,0.0435,0
Sat May 03 2025 16:00:00 GMT+0100 (British Summer Time),0.0215,0.0348,0.0435,0
Sat May 03 2025 17:00:00 GMT+0100 (British Summer Time),0.0215,0.0348,0.0435,833.1318720608649
Sat May 03 2025 18:00:00 GMT+0100 (British Summer Time),0.0215,0.0348,0.0432,18930.90125828261
Sat May 03 2025 19:00:00 GMT+0100 (British Summer Time),0.0215,0.0348,0.0432,0
Sat May 03 2025 20:00:00 GMT+0100 (British Summer Time),0.0215,0.0348,0.0432,0
Sat May 03 2025 21:00:00 GMT+0100 (British Summer Time),0.0215,0.0314,0.0432,0
Sat May 03 2025 22:00:00 GMT+0100 (British Summer Time),0.0215,0.0314,0.0432,0
Sat May 03 2025 23:00:00 GMT+0100 (British Summer Time),0.0215,0.0314,0.0432,0
Sun May 04 2025 00:00:00 GMT+0100 (British Summer Time),0.0215,0.0314,0.0432,0
Sun May 04 2025 01:00:00 GMT+0100 (British Summer Time),0.0215,0.0314,0.0432,0
Sun May 04 2025 02:00:00 GMT+0100 (British Summer Time),0.0215,0.0314,0.0432,0
Sun May 04 2025 03:00:00 GMT+0100 (British Summer Time),0.0215,0.0314,0.0432,0
Sun May 04 2025 04:00:00 GMT+0100 (British Summer Time),0.0325,0.0343,0.0432,0
Sun May 04 2025 05:00:00 GMT+0100 (British Summer Time),0.0325,0.0343,0.0432,0
Sun May 04 2025 06:00:00 GMT+0100 (British Summer Time),0.0325,0.0343,0.0432,0
Sun May 04 2025 07:00:00 GMT+0100 (British Summer Time),0.0325,0.0343,0.0432,0
Sun May 04 2025 08:00:00 GMT+0100 (British Summer Time),0.0325,0.0343,0.0432,959.3464949115483
Sun May 04 2025 09:00:00 GMT+0100 (British Summer Time),0.0325,0.0328,0.0432,0
Sun May 04 2025 10:00:00 GMT+0100 (British Summer Time),0.0325,0.0328,0.0432,0
Sun May 04 2025 11:00:00 GMT+0100 (British Summer Time),0.0325,0.0328,0.0432,0
Sun May 04 2025 12:00:00 GMT+0100 (British Summer Time),0.0325,0.0328,0.0432,0
Sun May 04 2025 13:00:00 GMT+0100 (British Summer Time),0.0325,0.0328,0.0432,0
Sun May 04 2025 14:00:00 GMT+0100 (British Summer Time),0.0325,0.0328,0.0432,0
Sun May 04 2025 15:00:00 GMT+0100 (British Summer Time),0.0325,0.0328,0.0432,833.5716448542144
Sun May 04 2025 16:00:00 GMT+0100 (British Summer Time),0.0324,0.0339,0.0431,0
Sun May 04 2025 17:00:00 GMT+0100 (British Summer Time),0.0324,0.0339,0.0431,1219.4653671214003
Sun May 04 2025 18:00:00 GMT+0100 (British Summer Time),0.0324,0.0339,0.0431,0
Sun May 04 2025 19:00:00 GMT+0100 (British Summer Time),0.0324,0.0339,0.0431,0
Sun May 04 2025 20:00:00 GMT+0100 (British Summer Time),0.0324,0.0339,0.0431,0
Sun May 04 2025 21:00:00 GMT+0100 (British Summer Time),0.0324,0.0323,0.0431,0
Sun May 04 2025 22:00:00 GMT+0100 (British Summer Time),0.0324,0.0323,0.0431,0
Sun May 04 2025 23:00:00 GMT+0100 (British Summer Time),0.0324,0.0323,0.0431,0
Mon May 05 2025 00:00:00 GMT+0100 (British Summer Time),0.0324,0.0323,0.0431,0
Mon May 05 2025 01:00:00 GMT+0100 (British Summer Time),0.0324,0.0323,0.0431,0
Mon May 05 2025 02:00:00 GMT+0100 (British Summer Time),0.0324,0.0323,0.0431,0
Mon May 05 2025 03:00:00 GMT+0100 (British Summer Time),0.0324,0.0323,0.0431,0
Mon May 05 2025 04:00:00 GMT+0100 (British Summer Time),0.0246,0.0341,0.0431,0
Mon May 05 2025 05:00:00 GMT+0100 (British Summer Time),0.0246,0.0341,0.0431,0
Mon May 05 2025 06:00:00 GMT+0100 (British Summer Time),0.0246,0.0341,0.0431,0
Mon May 05 2025 07:00:00 GMT+0100 (British Summer Time),0.0246,0.0341,0.0431,0
Mon May 05 2025 08:00:00 GMT+0100 (British Summer Time),0.0246,0.0341,0.0431,0
Mon May 05 2025 09:00:00 GMT+0100 (British Summer Time),0.0246,0.0312,0.0431,0
Mon May 05 2025 10:00:00 GMT+0100 (British Summer Time),0.0246,0.0312,0.0431,0
Mon May 05 2025 11:00:00 GMT+0100 (British Summer Time),0.0246,0.0312,0.0431,0
Mon May 05 2025 12:00:00 GMT+0100 (British Summer Time),0.0246,0.0312,0.0431,0
Mon May 05 2025 13:00:00 GMT+0100 (British Summer Time),0.0246,0.0312,0.0431,0
Mon May 05 2025 14:00:00 GMT+0100 (British Summer Time),0.0246,0.0312,0.0431,0
Mon May 05 2025 15:00:00 GMT+0100 (British Summer Time),0.0246,0.0312,0.0431,0
Mon May 05 2025 16:00:00 GMT+0100 (British Summer Time),0.0378,0.0341,0.0431,0
Mon May 05 2025 17:00:00 GMT+0100 (British Summer Time),0.0378,0.0341,0.0431,10.350682226670987
Mon May 05 2025 18:00:00 GMT+0100 (British Summer Time),0.0378,0.0341,0.0431,0
Mon May 05 2025 19:00:00 GMT+0100 (British Summer Time),0.0378,0.0341,0.0431,397.5083042703612
Mon May 05 2025 20:00:00 GMT+0100 (British Summer Time),0.0378,0.0341,0.0431,109.96704173930338
Mon May 05 2025 21:00:00 GMT+0100 (British Summer Time),0.0378,0.0326,0.0431,0
Mon May 05 2025 22:00:00 GMT+0100 (British Summer Time),0.0378,0.0326,0.0431,0
Mon May 05 2025 23:00:00 GMT+0100 (British Summer Time),0.0378,0.0326,0.0431,0
Tue May 06 2025 00:00:00 GMT+0100 (British Summer Time),0.0378,0.0326,0.0431,0
Tue May 06 2025 01:00:00 GMT+0100 (British Summer Time),0.0378,0.0326,0.0431,0
Tue May 06 2025 02:00:00 GMT+0100 (British Summer Time),0.0378,0.0326,0.0431,0
Tue May 06 2025 03:00:00 GMT+0100 (British Summer Time),0.0378,0.0326,0.0431,1.5292270669751475
Tue May 06 2025 04:00:00 GMT+0100 (British Summer Time),0.034,0.0339,0.0431,0
Tue May 06 2025 05:00:00 GMT+0100 (British Summer Time),0.034,0.0339,0.0431,0
Tue May 06 2025 06:00:00 GMT+0100 (British Summer Time),0.034,0.0339,0.0431,0
Tue May 06 2025 07:00:00 GMT+0100 (British Summer Time),0.034,0.0339,0.0431,0
Tue May 06 2025 08:00:00 GMT+0100 (British Summer Time),0.034,0.0339,0.0431,0
Tue May 06 2025 09:00:00 GMT+0100 (British Summer Time),0.034,0.0309,0.0431,0
Tue May 06 2025 10:00:00 GMT+0100 (British Summer Time),0.034,0.0309,0.0431,0
Tue May 06 2025 11:00:00 GMT+0100 (British Summer Time),0.034,0.0309,0.0431,4310.298451626831
Tue May 06 2025 12:00:00 GMT+0100 (British Summer Time),0.034,0.0309,0.0431,0
Tue May 06 2025 13:00:00 GMT+0100 (British Summer Time),0.034,0.0309,0.0431,0
Tue May 06 2025 14:00:00 GMT+0100 (British Summer Time),0.034,0.0309,0.0431,0
Tue May 06 2025 15:00:00 GMT+0100 (British Summer Time),0.034,0.0309,0.0431,0
Tue May 06 2025 16:00:00 GMT+0100 (British Summer Time),0.0136,0.0309,0.0431,0
Tue May 06 2025 17:00:00 GMT+0100 (British Summer Time),0.0136,0.0309,0.0431,0
Tue May 06 2025 18:00:00 GMT+0100 (British Summer Time),0.0136,0.0309,0.0431,0
Tue May 06 2025 19:00:00 GMT+0100 (British Summer Time),0.0136,0.0309,0.0431,0
Tue May 06 2025 20:00:00 GMT+0100 (British Summer Time),0.0136,0.0309,0.0431,48.94703788294688
Tue May 06 2025 21:00:00 GMT+0100 (British Summer Time),0.0136,0.0293,0.0431,0
Tue May 06 2025 22:00:00 GMT+0100 (British Summer Time),0.0136,0.0293,0.0431,0
Tue May 06 2025 23:00:00 GMT+0100 (British Summer Time),0.0136,0.0293,0.0431,0
Wed May 07 2025 00:00:00 GMT+0100 (British Summer Time),0.0136,0.0293,0.0431,0
Wed May 07 2025 01:00:00 GMT+0100 (British Summer Time),0.0136,0.0293,0.0431,0
Wed May 07 2025 02:00:00 GMT+0100 (British Summer Time),0.0136,0.0293,0.0431,0
Wed May 07 2025 03:00:00 GMT+0100 (British Summer Time),0.0136,0.0293,0.0431,0
Wed May 07 2025 04:00:00 GMT+0100 (British Summer Time),0.0315,0.0332,0.0431,0
Wed May 07 2025 05:00:00 GMT+0100 (British Summer Time),0.0315,0.0332,0.0431,0
Wed May 07 2025 06:00:00 GMT+0100 (British Summer Time),0.0315,0.0332,0.0431,0
Wed May 07 2025 07:00:00 GMT+0100 (British Summer Time),0.0315,0.0332,0.0431,0
Wed May 07 2025 08:00:00 GMT+0100 (British Summer Time),0.0315,0.0332,0.0431,0
Wed May 07 2025 09:00:00 GMT+0100 (British Summer Time),0.0315,0.0316,0.0431,0
Wed May 07 2025 10:00:00 GMT+0100 (British Summer Time),0.0315,0.0316,0.0431,0
Wed May 07 2025 11:00:00 GMT+0100 (British Summer Time),0.0315,0.0316,0.0431,0
Wed May 07 2025 12:00:00 GMT+0100 (British Summer Time),0.0315,0.0316,0.0431,0
Wed May 07 2025 13:00:00 GMT+0100 (British Summer Time),0.0315,0.0316,0.0431,0
Wed May 07 2025 14:00:00 GMT+0100 (British Summer Time),0.0315,0.0316,0.0431,0
Wed May 07 2025 15:00:00 GMT+0100 (British Summer Time),0.0315,0.0316,0.0431,0
Wed May 07 2025 16:00:00 GMT+0100 (British Summer Time),0.0391,0.0327,0.0431,0.45380703232004926
Wed May 07 2025 17:00:00 GMT+0100 (British Summer Time),0.0391,0.0327,0.0431,0
Wed May 07 2025 18:00:00 GMT+0100 (British Summer Time),0.0391,0.0327,0.0431,0
Wed May 07 2025 19:00:00 GMT+0100 (British Summer Time),0.0391,0.0327,0.0431,0
Wed May 07 2025 20:00:00 GMT+0100 (British Summer Time),0.0391,0.0327,0.0431,0
Wed May 07 2025 21:00:00 GMT+0100 (British Summer Time),0.0391,0.0297,0.0431,0
Wed May 07 2025 22:00:00 GMT+0100 (British Summer Time),0.0391,0.0297,0.0431,0
Wed May 07 2025 23:00:00 GMT+0100 (British Summer Time),0.0391,0.0297,0.0431,0
Thu May 08 2025 00:00:00 GMT+0100 (British Summer Time),0.0391,0.0297,0.0431,0
Thu May 08 2025 01:00:00 GMT+0100 (British Summer Time),0.0391,0.0297,0.0431,0
Thu May 08 2025 02:00:00 GMT+0100 (British Summer Time),0.0391,0.0297,0.0431,0
Thu May 08 2025 03:00:00 GMT+0100 (British Summer Time),0.0391,0.0297,0.0431,0
Thu May 08 2025 04:00:00 GMT+0100 (British Summer Time),0.0301,0.0323,0.0431,0
Thu May 08 2025 05:00:00 GMT+0100 (British Summer Time),0.0301,0.0323,0.0431,0
Thu May 08 2025 06:00:00 GMT+0100 (British Summer Time),0.0301,0.0323,0.0431,0
Thu May 08 2025 07:00:00 GMT+0100 (British Summer Time),0.0301,0.0323,0.0431,0
Thu May 08 2025 08:00:00 GMT+0100 (British Summer Time),0.0301,0.0323,0.0431,0
Thu May 08 2025 09:00:00 GMT+0100 (British Summer Time),0.0301,0.0308,0.0431,0
Thu May 08 2025 10:00:00 GMT+0100 (British Summer Time),0.0301,0.0308,0.0431,0
Thu May 08 2025 11:00:00 GMT+0100 (British Summer Time),0.0301,0.0308,0.0431,0
Thu May 08 2025 12:00:00 GMT+0100 (British Summer Time),0.0301,0.0308,0.0431,58.51962099607671
Thu May 08 2025 13:00:00 GMT+0100 (British Summer Time),0.0301,0.0308,0.0431,0
Thu May 08 2025 14:00:00 GMT+0100 (British Summer Time),0.0301,0.0308,0.0431,0
Thu May 08 2025 15:00:00 GMT+0100 (British Summer Time),0.0301,0.0308,0.0431,0
Thu May 08 2025 16:00:00 GMT+0100 (British Summer Time),0.0226,0.0308,0.0431,0
Thu May 08 2025 17:00:00 GMT+0100 (British Summer Time),0.0226,0.0308,0.0431,1.0020985636917747
Thu May 08 2025 18:00:00 GMT+0100 (British Summer Time),0.0226,0.0308,0.0431,0
Thu May 08 2025 19:00:00 GMT+0100 (British Summer Time),0.0226,0.0308,0.0431,394.03500631276165
Thu May 08 2025 20:00:00 GMT+0100 (British Summer Time),0.0226,0.0308,0.0431,0
Thu May 08 2025 21:00:00 GMT+0100 (British Summer Time),0.0226,0.0278,0.0431,0
Thu May 08 2025 22:00:00 GMT+0100 (British Summer Time),0.0226,0.0278,0.0431,4363.905087013076
Thu May 08 2025 23:00:00 GMT+0100 (British Summer Time),0.0226,0.0278,0.0431,0
Fri May 09 2025 00:00:00 GMT+0100 (British Summer Time),0.0227,0.0279,0.0431,0
Fri May 09 2025 01:00:00 GMT+0100 (British Summer Time),0.0227,0.0279,0.0431,0
Fri May 09 2025 02:00:00 GMT+0100 (British Summer Time),0.0227,0.0279,0.0431,0
Fri May 09 2025 03:00:00 GMT+0100 (British Summer Time),0.0227,0.0279,0.0431,0
Fri May 09 2025 04:00:00 GMT+0100 (British Summer Time),0.0195,0.03,0.0431,0
Fri May 09 2025 05:00:00 GMT+0100 (British Summer Time),0.0195,0.03,0.0431,0
Fri May 09 2025 06:00:00 GMT+0100 (British Summer Time),0.0195,0.03,0.0431,1017.6557794100581
Fri May 09 2025 07:00:00 GMT+0100 (British Summer Time),0.0195,0.03,0.0431,0
Fri May 09 2025 08:00:00 GMT+0100 (British Summer Time),0.0195,0.03,0.0431,0
Fri May 09 2025 09:00:00 GMT+0100 (British Summer Time),0.0195,0.03,0.0431,474.8243029282402
Fri May 09 2025 10:00:00 GMT+0100 (British Summer Time),0.0195,0.03,0.0431,0
Fri May 09 2025 11:00:00 GMT+0100 (British Summer Time),0.0195,0.03,0.0431,0
Fri May 09 2025 12:00:00 GMT+0100 (British Summer Time),0.0195,0.03,0.0431,0
Fri May 09 2025 13:00:00 GMT+0100 (British Summer Time),0.0195,0.03,0.0431,0
Fri May 09 2025 14:00:00 GMT+0100 (British Summer Time),0.0195,0.03,0.0431,0
Fri May 09 2025 15:00:00 GMT+0100 (British Summer Time),0.0195,0.03,0.0431,316.5747544370694
Fri May 09 2025 16:00:00 GMT+0100 (British Summer Time),0.0313,0.0284,0.043,8956.162178617966
Fri May 09 2025 17:00:00 GMT+0100 (British Summer Time),0.0313,0.0284,0.043,0
Fri May 09 2025 18:00:00 GMT+0100 (British Summer Time),0.0313,0.0284,0.043,0
Fri May 09 2025 19:00:00 GMT+0100 (British Summer Time),0.0313,0.0284,0.043,0
Fri May 09 2025 20:00:00 GMT+0100 (British Summer Time),0.0313,0.0284,0.043,0
Fri May 09 2025 21:00:00 GMT+0100 (British Summer Time),0.0313,0.0284,0.043,0
Fri May 09 2025 22:00:00 GMT+0100 (British Summer Time),0.0313,0.0284,0.043,2950.4262169753756
Fri May 09 2025 23:00:00 GMT+0100 (British Summer Time),0.0313,0.0284,0.043,0
Sat May 10 2025 00:00:00 GMT+0100 (British Summer Time),0.0313,0.0284,0.043,354.2955815073059
Sat May 10 2025 01:00:00 GMT+0100 (British Summer Time),0.0313,0.0284,0.0429,5355.587499768329
Sat May 10 2025 02:00:00 GMT+0100 (British Summer Time),0.0313,0.0284,0.0429,0
Sat May 10 2025 03:00:00 GMT+0100 (British Summer Time),0.0313,0.0284,0.0429,0
Sat May 10 2025 04:00:00 GMT+0100 (British Summer Time),0.0372,0.03,0.0429,0
Sat May 10 2025 05:00:00 GMT+0100 (British Summer Time),0.0372,0.03,0.0429,367.94147342825994
Sat May 10 2025 06:00:00 GMT+0100 (British Summer Time),0.0372,0.03,0.0429,0
Sat May 10 2025 07:00:00 GMT+0100 (British Summer Time),0.0372,0.03,0.0429,0
Sat May 10 2025 08:00:00 GMT+0100 (British Summer Time),0.0372,0.03,0.0429,0
Sat May 10 2025 09:00:00 GMT+0100 (British Summer Time),0.0372,0.03,0.0429,0
Sat May 10 2025 10:00:00 GMT+0100 (British Summer Time),0.0372,0.03,0.0429,0
Sat May 10 2025 11:00:00 GMT+0100 (British Summer Time),0.0372,0.03,0.0429,0
Sat May 10 2025 12:00:00 GMT+0100 (British Summer Time),0.0372,0.03,0.0429,0
Sat May 10 2025 13:00:00 GMT+0100 (British Summer Time),0.0372,0.03,0.0429,0
Sat May 10 2025 14:00:00 GMT+0100 (British Summer Time),0.0372,0.03,0.0429,0
Sat May 10 2025 15:00:00 GMT+0100 (British Summer Time),0.0372,0.03,0.0428,9286.342884368934
Sat May 10 2025 16:00:00 GMT+0100 (British Summer Time),0.0388,0.0308,0.0428,0
Sat May 10 2025 17:00:00 GMT+0100 (British Summer Time),0.0388,0.0308,0.0427,5696.6863709447125
Sat May 10 2025 18:00:00 GMT+0100 (British Summer Time),0.0388,0.0308,0.0427,0
Sat May 10 2025 19:00:00 GMT+0100 (British Summer Time),0.0388,0.0308,0.0427,0
Sat May 10 2025 20:00:00 GMT+0100 (British Summer Time),0.0388,0.0308,0.0427,0
Sat May 10 2025 21:00:00 GMT+0100 (British Summer Time),0.0388,0.0308,0.0427,0
Sat May 10 2025 22:00:00 GMT+0100 (British Summer Time),0.0388,0.0308,0.0427,58.04008577213897
Sat May 10 2025 23:00:00 GMT+0100 (British Summer Time),0.0388,0.0308,0.0427,0
Sun May 11 2025 00:00:00 GMT+0100 (British Summer Time),0.0388,0.0308,0.0427,905.6797901552184
Sun May 11 2025 01:00:00 GMT+0100 (British Summer Time),0.0388,0.0308,0.0427,0
Sun May 11 2025 02:00:00 GMT+0100 (British Summer Time),0.0388,0.0308,0.0428,2840.27960216761
Sun May 11 2025 03:00:00 GMT+0100 (British Summer Time),0.0388,0.0308,0.0428,0
Sun May 11 2025 04:00:00 GMT+0100 (British Summer Time),0.0318,0.0299,0.0428,0
Sun May 11 2025 05:00:00 GMT+0100 (British Summer Time),0.0318,0.0299,0.0428,0
Sun May 11 2025 06:00:00 GMT+0100 (British Summer Time),0.0318,0.0299,0.0428,0
Sun May 11 2025 07:00:00 GMT+0100 (British Summer Time),0.0318,0.0299,0.0428,632.9873560160323
Sun May 11 2025 08:00:00 GMT+0100 (British Summer Time),0.0318,0.0299,0.0428,0
Sun May 11 2025 09:00:00 GMT+0100 (British Summer Time),0.0318,0.0299,0.0428,0
Sun May 11 2025 10:00:00 GMT+0100 (British Summer Time),0.0318,0.0299,0.0428,0
Sun May 11 2025 11:00:00 GMT+0100 (British Summer Time),0.0318,0.0299,0.0428,489.0882886148511
Sun May 11 2025 12:00:00 GMT+0100 (British Summer Time),0.0318,0.0299,0.0428,0
Sun May 11 2025 13:00:00 GMT+0100 (British Summer Time),0.0318,0.0299,0.0428,0
Sun May 11 2025 14:00:00 GMT+0100 (British Summer Time),0.0318,0.0299,0.0428,34.90653684538524
Sun May 11 2025 15:00:00 GMT+0100 (British Summer Time),0.0318,0.0299,0.0428,125.312089224956
Sun May 11 2025 16:00:00 GMT+0100 (British Summer Time),0.0268,0.03,0.0428,0
Sun May 11 2025 17:00:00 GMT+0100 (British Summer Time),0.0268,0.03,0.0427,1761.3852595856588
Sun May 11 2025 18:00:00 GMT+0100 (British Summer Time),0.0268,0.03,0.0427,1741.9093260566901
Sun May 11 2025 19:00:00 GMT+0100 (British Summer Time),0.0268,0.03,0.0427,0
Sun May 11 2025 20:00:00 GMT+0100 (British Summer Time),0.0268,0.03,0.0427,1008.7081055537278
Sun May 11 2025 21:00:00 GMT+0100 (British Summer Time),0.0268,0.03,0.0427,0
Sun May 11 2025 22:00:00 GMT+0100 (British Summer Time),0.0268,0.03,0.0427,0
Sun May 11 2025 23:00:00 GMT+0100 (British Summer Time),0.0268,0.03,0.0427,0
Mon May 12 2025 00:00:00 GMT+0100 (British Summer Time),0.0268,0.03,0.0427,0
Mon May 12 2025 01:00:00 GMT+0100 (British Summer Time),0.0268,0.03,0.0427,0
Mon May 12 2025 02:00:00 GMT+0100 (British Summer Time),0.0268,0.03,0.0427,0
Mon May 12 2025 03:00:00 GMT+0100 (British Summer Time),0.0268,0.03,0.0427,0
Mon May 12 2025 04:00:00 GMT+0100 (British Summer Time),0.0328,0.031,0.0427,0
Mon May 12 2025 05:00:00 GMT+0100 (British Summer Time),0.0328,0.031,0.0427,0
Mon May 12 2025 06:00:00 GMT+0100 (British Summer Time),0.0328,0.031,0.0427,0
Mon May 12 2025 07:00:00 GMT+0100 (British Summer Time),0.0328,0.031,0.0427,65.52654602310646
Mon May 12 2025 08:00:00 GMT+0100 (British Summer Time),0.0328,0.031,0.0427,0
Mon May 12 2025 09:00:00 GMT+0100 (British Summer Time),0.0328,0.031,0.0427,0
Mon May 12 2025 10:00:00 GMT+0100 (British Summer Time),0.0328,0.031,0.0427,0
Mon May 12 2025 11:00:00 GMT+0100 (British Summer Time),0.0328,0.031,0.0427,76.63752153801536
Mon May 12 2025 12:00:00 GMT+0100 (British Summer Time),0.0328,0.031,0.0427,3016.937823153389
Mon May 12 2025 13:00:00 GMT+0100 (British Summer Time),0.0328,0.031,0.0427,0
Mon May 12 2025 14:00:00 GMT+0100 (British Summer Time),0.0328,0.031,0.0427,0
Mon May 12 2025 15:00:00 GMT+0100 (British Summer Time),0.0328,0.031,0.0427,0
Mon May 12 2025 16:00:00 GMT+0100 (British Summer Time),0.0365,0.0298,0.0427,166.28347209700257
Mon May 12 2025 17:00:00 GMT+0100 (British Summer Time),0.0365,0.0298,0.0427,1590.7520635961587
Mon May 12 2025 18:00:00 GMT+0100 (British Summer Time),0.0365,0.0298,0.0427,0
Mon May 12 2025 19:00:00 GMT+0100 (British Summer Time),0.0365,0.0298,0.0427,0
Mon May 12 2025 20:00:00 GMT+0100 (British Summer Time),0.0365,0.0298,0.0427,0
Mon May 12 2025 21:00:00 GMT+0100 (British Summer Time),0.0365,0.0298,0.0427,0
Mon May 12 2025 22:00:00 GMT+0100 (British Summer Time),0.0365,0.0298,0.0427,247.42657614292045
Mon May 12 2025 23:00:00 GMT+0100 (British Summer Time),0.0365,0.0298,0.0427,0
Tue May 13 2025 00:00:00 GMT+0100 (British Summer Time),0.0365,0.0298,0.0427,0
Tue May 13 2025 01:00:00 GMT+0100 (British Summer Time),0.0365,0.0298,0.0427,0
Tue May 13 2025 02:00:00 GMT+0100 (British Summer Time),0.0365,0.0298,0.0427,0
Tue May 13 2025 03:00:00 GMT+0100 (British Summer Time),0.0365,0.0298,0.0427,0
Tue May 13 2025 04:00:00 GMT+0100 (British Summer Time),0.0338,0.031,0.0427,0
Tue May 13 2025 05:00:00 GMT+0100 (British Summer Time),0.0338,0.031,0.0427,0
Tue May 13 2025 06:00:00 GMT+0100 (British Summer Time),0.0338,0.031,0.0427,0
Tue May 13 2025 07:00:00 GMT+0100 (British Summer Time),0.0338,0.031,0.0427,0
Tue May 13 2025 08:00:00 GMT+0100 (British Summer Time),0.0338,0.031,0.0427,0
Tue May 13 2025 09:00:00 GMT+0100 (British Summer Time),0.0338,0.031,0.0427,494.3567590621658
Tue May 13 2025 10:00:00 GMT+0100 (British Summer Time),0.0338,0.031,0.0427,0
Tue May 13 2025 11:00:00 GMT+0100 (British Summer Time),0.0338,0.031,0.0427,0
Tue May 13 2025 12:00:00 GMT+0100 (British Summer Time),0.0338,0.031,0.0427,0
Tue May 13 2025 13:00:00 GMT+0100 (British Summer Time),0.0383,0.0316,0.0427,0
Tue May 13 2025 14:00:00 GMT+0100 (British Summer Time),0.0383,0.0316,0.0425,17559.217607848317
Tue May 13 2025 15:00:00 GMT+0100 (British Summer Time),0.0383,0.0316,0.0425,0
Tue May 13 2025 16:00:00 GMT+0100 (British Summer Time),0.0262,0.0316,0.0425,6.939929577446049
Tue May 13 2025 17:00:00 GMT+0100 (British Summer Time),0.0262,0.0316,0.0425,0
Tue May 13 2025 18:00:00 GMT+0100 (British Summer Time),0.0262,0.0316,0.0425,0
Tue May 13 2025 19:00:00 GMT+0100 (British Summer Time),0.0262,0.0316,0.0425,0
Tue May 13 2025 20:00:00 GMT+0100 (British Summer Time),0.0262,0.0316,0.0425,0
Tue May 13 2025 21:00:00 GMT+0100 (British Summer Time),0.0262,0.0316,0.0425,203.16043707693643
Tue May 13 2025 22:00:00 GMT+0100 (British Summer Time),0.0262,0.0316,0.0425,0
Tue May 13 2025 23:00:00 GMT+0100 (British Summer Time),0.0262,0.0316,0.0425,0
Wed May 14 2025 00:00:00 GMT+0100 (British Summer Time),0.0262,0.0316,0.0425,0
Wed May 14 2025 01:00:00 GMT+0100 (British Summer Time),0.0375,0.0332,0.0425,0
Wed May 14 2025 02:00:00 GMT+0100 (British Summer Time),0.0375,0.0332,0.0425,0
Wed May 14 2025 03:00:00 GMT+0100 (British Summer Time),0.0375,0.0332,0.0425,0
Wed May 14 2025 04:00:00 GMT+0100 (British Summer Time),0.0206,0.0294,0.0425,0
Wed May 14 2025 05:00:00 GMT+0100 (British Summer Time),0.0206,0.0294,0.0425,0
Wed May 14 2025 06:00:00 GMT+0100 (British Summer Time),0.0206,0.0294,0.0425,0
Wed May 14 2025 07:00:00 GMT+0100 (British Summer Time),0.0206,0.0294,0.0425,0
Wed May 14 2025 08:00:00 GMT+0100 (British Summer Time),0.0206,0.0294,0.0425,0
Wed May 14 2025 09:00:00 GMT+0100 (British Summer Time),0.0206,0.0294,0.0425,0
Wed May 14 2025 10:00:00 GMT+0100 (British Summer Time),0.0206,0.0294,0.0425,4746.427100068488
Wed May 14 2025 11:00:00 GMT+0100 (British Summer Time),0.0206,0.0294,0.0425,0
Wed May 14 2025 12:00:00 GMT+0100 (British Summer Time),0.0206,0.0294,0.0425,0
Wed May 14 2025 13:00:00 GMT+0100 (British Summer Time),0.0353,0.0321,0.0425,263.7806604967318
Wed May 14 2025 14:00:00 GMT+0100 (British Summer Time),0.0353,0.0321,0.0425,0
Wed May 14 2025 15:00:00 GMT+0100 (British Summer Time),0.0353,0.0321,0.0425,0
Wed May 14 2025 16:00:00 GMT+0100 (British Summer Time),0.0353,0.0311,0.0425,1134.8731763412943
Wed May 14 2025 17:00:00 GMT+0100 (British Summer Time),0.0353,0.0311,0.0425,474.66679614842985
Wed May 14 2025 18:00:00 GMT+0100 (British Summer Time),0.0353,0.0311,0.0425,5876.086866340072
Wed May 14 2025 19:00:00 GMT+0100 (British Summer Time),0.0353,0.0311,0.0425,0
Wed May 14 2025 20:00:00 GMT+0100 (British Summer Time),0.0353,0.0311,0.0425,0
Wed May 14 2025 21:00:00 GMT+0100 (British Summer Time),0.0353,0.0311,0.0425,0
Wed May 14 2025 22:00:00 GMT+0100 (British Summer Time),0.0353,0.0311,0.0425,0
Wed May 14 2025 23:00:00 GMT+0100 (British Summer Time),0.0353,0.0311,0.0425,0
Thu May 15 2025 00:00:00 GMT+0100 (British Summer Time),0.0353,0.0311,0.0425,0
Thu May 15 2025 01:00:00 GMT+0100 (British Summer Time),0.0353,0.0327,0.0425,0
Thu May 15 2025 02:00:00 GMT+0100 (British Summer Time),0.0353,0.0327,0.0425,0
Thu May 15 2025 03:00:00 GMT+0100 (British Summer Time),0.0353,0.0327,0.0425,0
Thu May 15 2025 04:00:00 GMT+0100 (British Summer Time),0.0353,0.0301,0.0425,0
Thu May 15 2025 05:00:00 GMT+0100 (British Summer Time),0.0353,0.0301,0.0425,0
Thu May 15 2025 06:00:00 GMT+0100 (British Summer Time),0.0353,0.0301,0.0425,0
Thu May 15 2025 07:00:00 GMT+0100 (British Summer Time),0.0353,0.0301,0.0425,0
Thu May 15 2025 08:00:00 GMT+0100 (British Summer Time),0.0353,0.0301,0.0425,0
Thu May 15 2025 09:00:00 GMT+0100 (British Summer Time),0.0353,0.0301,0.0425,10.01032195177532
Thu May 15 2025 10:00:00 GMT+0100 (British Summer Time),0.0353,0.0301,0.0425,0
Thu May 15 2025 11:00:00 GMT+0100 (British Summer Time),0.0353,0.0301,0.0425,0
Thu May 15 2025 12:00:00 GMT+0100 (British Summer Time),0.0353,0.0301,0.0425,0
Thu May 15 2025 13:00:00 GMT+0100 (British Summer Time),0.0336,0.0326,0.0425,0
Thu May 15 2025 14:00:00 GMT+0100 (British Summer Time),0.0336,0.0326,0.0425,0
Thu May 15 2025 15:00:00 GMT+0100 (British Summer Time),0.0336,0.0326,0.0425,0
Thu May 15 2025 16:00:00 GMT+0100 (British Summer Time),0.0336,0.0326,0.0425,100.45672523998665
Thu May 15 2025 17:00:00 GMT+0100 (British Summer Time),0.0336,0.0326,0.0425,0
Thu May 15 2025 18:00:00 GMT+0100 (British Summer Time),0.0336,0.0326,0.0424,9346.173315024982
Thu May 15 2025 19:00:00 GMT+0100 (British Summer Time),0.0336,0.0326,0.0424,2543.993143401934
Thu May 15 2025 20:00:00 GMT+0100 (British Summer Time),0.0336,0.0326,0.0425,7006.665984548088
Thu May 15 2025 21:00:00 GMT+0100 (British Summer Time),0.0336,0.0326,0.0424,0
Thu May 15 2025 22:00:00 GMT+0100 (British Summer Time),0.0336,0.0326,0.0424,0
Thu May 15 2025 23:00:00 GMT+0100 (British Summer Time),0.0335,0.0325,0.0424,0.9959802750752144
Fri May 16 2025 00:00:00 GMT+0100 (British Summer Time),0.0335,0.0325,0.0424,1305.9613446353324
Fri May 16 2025 01:00:00 GMT+0100 (British Summer Time),0.0222,0.0325,0.0424,0
Fri May 16 2025 02:00:00 GMT+0100 (British Summer Time),0.0222,0.0325,0.0424,0
Fri May 16 2025 03:00:00 GMT+0100 (British Summer Time),0.0328,0.034,0.0424,0
Fri May 16 2025 04:00:00 GMT+0100 (British Summer Time),0.0328,0.0319,0.0424,0
Fri May 16 2025 05:00:00 GMT+0100 (British Summer Time),0.0328,0.0319,0.0424,0
Fri May 16 2025 06:00:00 GMT+0100 (British Summer Time),0.0328,0.0319,0.0424,0
Fri May 16 2025 07:00:00 GMT+0100 (British Summer Time),0.0328,0.0319,0.0424,0
Fri May 16 2025 08:00:00 GMT+0100 (British Summer Time),0.0328,0.0319,0.0424,9397.393015466845
Fri May 16 2025 09:00:00 GMT+0100 (British Summer Time),0.0328,0.0319,0.0424,6549.801001609751
Fri May 16 2025 10:00:00 GMT+0100 (British Summer Time),0.0328,0.0319,0.0424,7327.506145220161
Fri May 16 2025 11:00:00 GMT+0100 (British Summer Time),0.0328,0.0319,0.0424,3346.9612196806347
Fri May 16 2025 12:00:00 GMT+0100 (British Summer Time),0.0328,0.0319,0.0424,0
Fri May 16 2025 13:00:00 GMT+0100 (British Summer Time),0.0153,0.0319,0.0424,611.2947811475541
Fri May 16 2025 14:00:00 GMT+0100 (British Summer Time),0.0153,0.0319,0.0424,0
Fri May 16 2025 15:00:00 GMT+0100 (British Summer Time),0.0329,0.0345,0.0424,0
Fri May 16 2025 16:00:00 GMT+0100 (British Summer Time),0.0329,0.0328,0.0424,0
Fri May 16 2025 17:00:00 GMT+0100 (British Summer Time),0.0329,0.0328,0.0424,0
Fri May 16 2025 18:00:00 GMT+0100 (British Summer Time),0.0329,0.0328,0.0424,0
Fri May 16 2025 19:00:00 GMT+0100 (British Summer Time),0.0329,0.0328,0.0424,0
Fri May 16 2025 20:00:00 GMT+0100 (British Summer Time),0.0329,0.0328,0.0424,0
Fri May 16 2025 21:00:00 GMT+0100 (British Summer Time),0.0329,0.0328,0.0424,0
Fri May 16 2025 22:00:00 GMT+0100 (British Summer Time),0.0329,0.0328,0.0424,0
Fri May 16 2025 23:00:00 GMT+0100 (British Summer Time),0.0329,0.0328,0.0424,0
Sat May 17 2025 00:00:00 GMT+0100 (British Summer Time),0.0329,0.0328,0.0424,0
Sat May 17 2025 01:00:00 GMT+0100 (British Summer Time),0.0329,0.0328,0.0424,0
Sat May 17 2025 02:00:00 GMT+0100 (British Summer Time),0.0329,0.0328,0.0424,0
Sat May 17 2025 03:00:00 GMT+0100 (British Summer Time),0.0335,0.0344,0.0424,0
Sat May 17 2025 04:00:00 GMT+0100 (British Summer Time),0.0335,0.0314,0.0424,0
Sat May 17 2025 05:00:00 GMT+0100 (British Summer Time),0.0335,0.0314,0.0424,0
Sat May 17 2025 06:00:00 GMT+0100 (British Summer Time),0.0335,0.0314,0.0424,0
Sat May 17 2025 07:00:00 GMT+0100 (British Summer Time),0.0335,0.0314,0.0424,0
Sat May 17 2025 08:00:00 GMT+0100 (British Summer Time),0.0335,0.0314,0.0424,50934.759125441225
Sat May 17 2025 09:00:00 GMT+0100 (British Summer Time),0.0335,0.0314,0.0424,151.97026815829346
Sat May 17 2025 10:00:00 GMT+0100 (British Summer Time),0.0335,0.0314,0.0424,0
Sat May 17 2025 11:00:00 GMT+0100 (British Summer Time),0.0335,0.0314,0.0424,2976.8860028960107
Sat May 17 2025 12:00:00 GMT+0100 (British Summer Time),0.0335,0.0314,0.0424,9.997782692286084
Sat May 17 2025 13:00:00 GMT+0100 (British Summer Time),0.0335,0.0314,0.0424,0
Sat May 17 2025 14:00:00 GMT+0100 (British Summer Time),0.0335,0.0314,0.0424,2378.3231621837926
Sat May 17 2025 15:00:00 GMT+0100 (British Summer Time),0.025,0.0327,0.0424,0.01328699612181112
Sat May 17 2025 16:00:00 GMT+0100 (British Summer Time),0.025,0.0308,0.0424,0
Sat May 17 2025 17:00:00 GMT+0100 (British Summer Time),0.025,0.0308,0.0424,0
Sat May 17 2025 18:00:00 GMT+0100 (British Summer Time),0.025,0.0308,0.0424,0
Sat May 17 2025 19:00:00 GMT+0100 (British Summer Time),0.025,0.0308,0.0424,0
Sat May 17 2025 20:00:00 GMT+0100 (British Summer Time),0.025,0.0308,0.0424,247.52948280728177
Sat May 17 2025 21:00:00 GMT+0100 (British Summer Time),0.025,0.0308,0.0424,0
Sat May 17 2025 22:00:00 GMT+0100 (British Summer Time),0.025,0.0308,0.0424,0
Sat May 17 2025 23:00:00 GMT+0100 (British Summer Time),0.025,0.0308,0.0424,0
Sun May 18 2025 00:00:00 GMT+0100 (British Summer Time),0.025,0.0308,0.0424,0
Sun May 18 2025 01:00:00 GMT+0100 (British Summer Time),0.025,0.0308,0.0424,0
Sun May 18 2025 02:00:00 GMT+0100 (British Summer Time),0.025,0.0308,0.0424,0
Sun May 18 2025 03:00:00 GMT+0100 (British Summer Time),0.0309,0.0333,0.0424,0
Sun May 18 2025 04:00:00 GMT+0100 (British Summer Time),0.0309,0.0313,0.0424,0
Sun May 18 2025 05:00:00 GMT+0100 (British Summer Time),0.0309,0.0313,0.0424,0
Sun May 18 2025 06:00:00 GMT+0100 (British Summer Time),0.0309,0.0313,0.0424,0
Sun May 18 2025 07:00:00 GMT+0100 (British Summer Time),0.0309,0.0313,0.0424,0
Sun May 18 2025 08:00:00 GMT+0100 (British Summer Time),0.0309,0.0313,0.0424,56.429390644316896
Sun May 18 2025 09:00:00 GMT+0100 (British Summer Time),0.0309,0.0313,0.0424,0
Sun May 18 2025 10:00:00 GMT+0100 (British Summer Time),0.0309,0.0313,0.0424,0
Sun May 18 2025 11:00:00 GMT+0100 (British Summer Time),0.0309,0.0313,0.0424,2858.1507410471745
Sun May 18 2025 12:00:00 GMT+0100 (British Summer Time),0.0309,0.0313,0.0424,0
Sun May 18 2025 13:00:00 GMT+0100 (British Summer Time),0.0309,0.0313,0.0423,1372.6413359590094
Sun May 18 2025 14:00:00 GMT+0100 (British Summer Time),0.0309,0.0313,0.0423,0
Sun May 18 2025 15:00:00 GMT+0100 (British Summer Time),0.035,0.0332,0.0423,0
Sun May 18 2025 16:00:00 GMT+0100 (British Summer Time),0.035,0.032,0.0423,0
Sun May 18 2025 17:00:00 GMT+0100 (British Summer Time),0.035,0.032,0.0423,0
Sun May 18 2025 18:00:00 GMT+0100 (British Summer Time),0.035,0.032,0.0423,0
Sun May 18 2025 19:00:00 GMT+0100 (British Summer Time),0.035,0.032,0.0423,952.7695701130059
Sun May 18 2025 20:00:00 GMT+0100 (British Summer Time),0.035,0.032,0.0423,0
Sun May 18 2025 21:00:00 GMT+0100 (British Summer Time),0.035,0.032,0.0423,0
Sun May 18 2025 22:00:00 GMT+0100 (British Summer Time),0.035,0.032,0.0423,0
Sun May 18 2025 23:00:00 GMT+0100 (British Summer Time),0.035,0.032,0.0423,0
Mon May 19 2025 00:00:00 GMT+0100 (British Summer Time),0.035,0.032,0.0423,0
Mon May 19 2025 01:00:00 GMT+0100 (British Summer Time),0.035,0.032,0.0423,0
Mon May 19 2025 02:00:00 GMT+0100 (British Summer Time),0.035,0.032,0.0423,0
Mon May 19 2025 03:00:00 GMT+0100 (British Summer Time),0.0305,0.0338,0.0423,0
Mon May 19 2025 04:00:00 GMT+0100 (British Summer Time),0.0305,0.031,0.0423,0
Mon May 19 2025 05:00:00 GMT+0100 (British Summer Time),0.0305,0.031,0.0423,0
Mon May 19 2025 06:00:00 GMT+0100 (British Summer Time),0.0305,0.031,0.0423,0
Mon May 19 2025 07:00:00 GMT+0100 (British Summer Time),0.0305,0.031,0.0423,0
Mon May 19 2025 08:00:00 GMT+0100 (British Summer Time),0.0305,0.031,0.042,30191.503541999173
Mon May 19 2025 09:00:00 GMT+0100 (British Summer Time),0.0305,0.031,0.042,9.189701763234687
Mon May 19 2025 10:00:00 GMT+0100 (British Summer Time),0.0305,0.031,0.042,0
Mon May 19 2025 11:00:00 GMT+0100 (British Summer Time),0.0305,0.031,0.042,0
Mon May 19 2025 12:00:00 GMT+0100 (British Summer Time),0.0305,0.031,0.042,0
Mon May 19 2025 13:00:00 GMT+0100 (British Summer Time),0.0305,0.031,0.042,0
Mon May 19 2025 14:00:00 GMT+0100 (British Summer Time),0.0305,0.031,0.042,0.5681913817545431
Mon May 19 2025 15:00:00 GMT+0100 (British Summer Time),0.0247,0.0321,0.042,0
Mon May 19 2025 16:00:00 GMT+0100 (British Summer Time),0.0247,0.0303,0.042,0
Mon May 19 2025 17:00:00 GMT+0100 (British Summer Time),0.0247,0.0303,0.042,55.60765218378732
Mon May 19 2025 18:00:00 GMT+0100 (British Summer Time),0.0247,0.0303,0.042,0
Mon May 19 2025 19:00:00 GMT+0100 (British Summer Time),0.0247,0.0303,0.042,0
Mon May 19 2025 20:00:00 GMT+0100 (British Summer Time),0.0247,0.0303,0.042,0
Mon May 19 2025 21:00:00 GMT+0100 (British Summer Time),0.0247,0.0303,0.042,0
Mon May 19 2025 22:00:00 GMT+0100 (British Summer Time),0.0247,0.0303,0.042,0
Mon May 19 2025 23:00:00 GMT+0100 (British Summer Time),0.0247,0.0303,0.042,7.616126934740727e-7
Tue May 20 2025 00:00:00 GMT+0100 (British Summer Time),0.0247,0.0303,0.042,0
Tue May 20 2025 01:00:00 GMT+0100 (British Summer Time),0.0247,0.0303,0.042,0
Tue May 20 2025 02:00:00 GMT+0100 (British Summer Time),0.0247,0.0303,0.042,0
Tue May 20 2025 03:00:00 GMT+0100 (British Summer Time),0.0352,0.0336,0.042,241.49031469461286
Tue May 20 2025 04:00:00 GMT+0100 (British Summer Time),0.0352,0.0312,0.042,0
Tue May 20 2025 05:00:00 GMT+0100 (British Summer Time),0.0352,0.0312,0.042,0
Tue May 20 2025 06:00:00 GMT+0100 (British Summer Time),0.0352,0.0312,0.042,0
Tue May 20 2025 07:00:00 GMT+0100 (British Summer Time),0.0352,0.0312,0.042,0
Tue May 20 2025 08:00:00 GMT+0100 (British Summer Time),0.0352,0.0312,0.042,0
Tue May 20 2025 09:00:00 GMT+0100 (British Summer Time),0.0352,0.0312,0.042,0
Tue May 20 2025 10:00:00 GMT+0100 (British Summer Time),0.0352,0.0312,0.042,0
Tue May 20 2025 11:00:00 GMT+0100 (British Summer Time),0.0352,0.0312,0.042,0
Tue May 20 2025 12:00:00 GMT+0100 (British Summer Time),0.0352,0.0312,0.042,0
Tue May 20 2025 13:00:00 GMT+0100 (British Summer Time),0.0352,0.0306,0.042,3094.710206820992
Tue May 20 2025 14:00:00 GMT+0100 (British Summer Time),0.0352,0.0306,0.042,0
Tue May 20 2025 15:00:00 GMT+0100 (British Summer Time),0.0357,0.0317,0.042,0
Tue May 20 2025 16:00:00 GMT+0100 (British Summer Time),0.0357,0.0317,0.0419,8204.806127685655
Tue May 20 2025 17:00:00 GMT+0100 (British Summer Time),0.0357,0.0317,0.0419,3490.0491883772534
Tue May 20 2025 18:00:00 GMT+0100 (British Summer Time),0.0357,0.0317,0.0419,0
Tue May 20 2025 19:00:00 GMT+0100 (British Summer Time),0.0357,0.0317,0.0419,10.179092063097228
Tue May 20 2025 20:00:00 GMT+0100 (British Summer Time),0.0357,0.0317,0.0419,0
Tue May 20 2025 21:00:00 GMT+0100 (British Summer Time),0.0357,0.0317,0.0419,0
Tue May 20 2025 22:00:00 GMT+0100 (British Summer Time),0.0357,0.0317,0.0419,0
Tue May 20 2025 23:00:00 GMT+0100 (British Summer Time),0.0357,0.0317,0.0419,0
Wed May 21 2025 00:00:00 GMT+0100 (British Summer Time),0.0357,0.0317,0.0419,0
Wed May 21 2025 01:00:00 GMT+0100 (British Summer Time),0.0357,0.0301,0.0419,0
Wed May 21 2025 02:00:00 GMT+0100 (British Summer Time),0.0357,0.0301,0.0419,1844.7537155111243
Wed May 21 2025 03:00:00 GMT+0100 (British Summer Time),0.0205,0.0312,0.0419,0
Wed May 21 2025 04:00:00 GMT+0100 (British Summer Time),0.0205,0.0312,0.0419,0
Wed May 21 2025 05:00:00 GMT+0100 (British Summer Time),0.0205,0.0312,0.0419,0
Wed May 21 2025 06:00:00 GMT+0100 (British Summer Time),0.0205,0.0312,0.0419,0
Wed May 21 2025 07:00:00 GMT+0100 (British Summer Time),0.0205,0.0312,0.0419,0
Wed May 21 2025 08:00:00 GMT+0100 (British Summer Time),0.0205,0.0312,0.0419,0
Wed May 21 2025 09:00:00 GMT+0100 (British Summer Time),0.0205,0.0312,0.0419,0
Wed May 21 2025 10:00:00 GMT+0100 (British Summer Time),0.0205,0.0312,0.0419,0
Wed May 21 2025 11:00:00 GMT+0100 (British Summer Time),0.0205,0.0312,0.0419,0
Wed May 21 2025 12:00:00 GMT+0100 (British Summer Time),0.0205,0.0312,0.0419,302.83628367168444
Wed May 21 2025 13:00:00 GMT+0100 (British Summer Time),0.0205,0.0285,0.042,6800.348335991794
Wed May 21 2025 14:00:00 GMT+0100 (British Summer Time),0.0205,0.0285,0.042,0
Wed May 21 2025 15:00:00 GMT+0100 (British Summer Time),0.0315,0.0312,0.042,3782.3717142974347
Wed May 21 2025 16:00:00 GMT+0100 (British Summer Time),0.0315,0.0312,0.042,0
Wed May 21 2025 17:00:00 GMT+0100 (British Summer Time),0.0315,0.0312,0.042,2729.8588075940834
Wed May 21 2025 18:00:00 GMT+0100 (British Summer Time),0.0315,0.0312,0.042,0
Wed May 21 2025 19:00:00 GMT+0100 (British Summer Time),0.0315,0.0312,0.042,0
Wed May 21 2025 20:00:00 GMT+0100 (British Summer Time),0.0315,0.0312,0.042,141.46447908081615
Wed May 21 2025 21:00:00 GMT+0100 (British Summer Time),0.0315,0.0312,0.042,0
Wed May 21 2025 22:00:00 GMT+0100 (British Summer Time),0.0315,0.0312,0.042,0
Wed May 21 2025 23:00:00 GMT+0100 (British Summer Time),0.0315,0.0312,0.042,0
Thu May 22 2025 00:00:00 GMT+0100 (British Summer Time),0.0315,0.0312,0.042,0
Thu May 22 2025 01:00:00 GMT+0100 (British Summer Time),0.0315,0.0296,0.042,66.30653184036245
Thu May 22 2025 02:00:00 GMT+0100 (British Summer Time),0.0315,0.0296,0.042,0
Thu May 22 2025 03:00:00 GMT+0100 (British Summer Time),0.037,0.0315,0.042,0
Thu May 22 2025 04:00:00 GMT+0100 (British Summer Time),0.037,0.0315,0.042,0
Thu May 22 2025 05:00:00 GMT+0100 (British Summer Time),0.037,0.0315,0.042,0
Thu May 22 2025 06:00:00 GMT+0100 (British Summer Time),0.037,0.0315,0.042,0
Thu May 22 2025 07:00:00 GMT+0100 (British Summer Time),0.037,0.0315,0.042,1937.3017647064119
Thu May 22 2025 08:00:00 GMT+0100 (British Summer Time),0.037,0.0315,0.042,14.533024705818278
Thu May 22 2025 09:00:00 GMT+0100 (British Summer Time),0.037,0.0315,0.042,3941.967825968969
Thu May 22 2025 10:00:00 GMT+0100 (British Summer Time),0.037,0.0315,0.042,0
Thu May 22 2025 11:00:00 GMT+0100 (British Summer Time),0.037,0.0315,0.042,257.5058644282254
Thu May 22 2025 12:00:00 GMT+0100 (British Summer Time),0.037,0.0315,0.042,0
Thu May 22 2025 13:00:00 GMT+0100 (British Summer Time),0.037,0.0289,0.042,0
Thu May 22 2025 14:00:00 GMT+0100 (British Summer Time),0.037,0.0289,0.042,0
Thu May 22 2025 15:00:00 GMT+0100 (British Summer Time),0.0354,0.0315,0.042,69.01316116933086
Thu May 22 2025 16:00:00 GMT+0100 (British Summer Time),0.0354,0.0315,0.042,0
Thu May 22 2025 17:00:00 GMT+0100 (British Summer Time),0.0354,0.0315,0.0419,4857.418232023414
Thu May 22 2025 18:00:00 GMT+0100 (British Summer Time),0.0354,0.0315,0.0419,0
Thu May 22 2025 19:00:00 GMT+0100 (British Summer Time),0.0354,0.0315,0.0419,13.333354810100206
Thu May 22 2025 20:00:00 GMT+0100 (British Summer Time),0.0354,0.0315,0.0419,0
Thu May 22 2025 21:00:00 GMT+0100 (British Summer Time),0.0354,0.0315,0.0419,0
Thu May 22 2025 22:00:00 GMT+0100 (British Summer Time),0.0354,0.0315,0.0419,0
Thu May 22 2025 23:00:00 GMT+0100 (British Summer Time),0.0354,0.0315,0.0419,0
Fri May 23 2025 00:00:00 GMT+0100 (British Summer Time),0.0354,0.0315,0.0419,0
Fri May 23 2025 01:00:00 GMT+0100 (British Summer Time),0.0354,0.0315,0.0419,0
Fri May 23 2025 02:00:00 GMT+0100 (British Summer Time),0.0354,0.0315,0.0419,0
Fri May 23 2025 03:00:00 GMT+0100 (British Summer Time),0.0333,0.0315,0.0419,0
Fri May 23 2025 04:00:00 GMT+0100 (British Summer Time),0.0333,0.0315,0.0419,0
Fri May 23 2025 05:00:00 GMT+0100 (British Summer Time),0.0333,0.0315,0.0419,0
Fri May 23 2025 06:00:00 GMT+0100 (British Summer Time),0.0333,0.0315,0.0419,0
Fri May 23 2025 07:00:00 GMT+0100 (British Summer Time),0.0333,0.0315,0.0419,0
Fri May 23 2025 08:00:00 GMT+0100 (British Summer Time),0.0333,0.0315,0.0419,0
Fri May 23 2025 09:00:00 GMT+0100 (British Summer Time),0.0333,0.0315,0.0419,49.866078151196874
Fri May 23 2025 10:00:00 GMT+0100 (British Summer Time),0.0333,0.0315,0.0419,0
Fri May 23 2025 11:00:00 GMT+0100 (British Summer Time),0.0333,0.0315,0.0419,0
Fri May 23 2025 12:00:00 GMT+0100 (British Summer Time),0.0333,0.0315,0.0419,17.521723592977075
Fri May 23 2025 13:00:00 GMT+0100 (British Summer Time),0.0333,0.0315,0.0419,0
Fri May 23 2025 14:00:00 GMT+0100 (British Summer Time),0.0333,0.0315,0.0419,0
Fri May 23 2025 15:00:00 GMT+0100 (British Summer Time),0.0312,0.0312,0.0419,123.68706200739015
Fri May 23 2025 16:00:00 GMT+0100 (British Summer Time),0.0312,0.0312,0.0419,0
Fri May 23 2025 17:00:00 GMT+0100 (British Summer Time),0.0312,0.0312,0.0419,0
Fri May 23 2025 18:00:00 GMT+0100 (British Summer Time),0.0312,0.0312,0.0419,55.52949555193101
Fri May 23 2025 19:00:00 GMT+0100 (British Summer Time),0.0312,0.0312,0.0419,2884.2910105005735
Fri May 23 2025 20:00:00 GMT+0100 (British Summer Time),0.0312,0.0312,0.0419,0
Fri May 23 2025 21:00:00 GMT+0100 (British Summer Time),0.0312,0.0312,0.0419,0
Fri May 23 2025 22:00:00 GMT+0100 (British Summer Time),0.0312,0.0312,0.0419,0
Fri May 23 2025 23:00:00 GMT+0100 (British Summer Time),0.0312,0.0312,0.0419,0
Sat May 24 2025 00:00:00 GMT+0100 (British Summer Time),0.0312,0.0312,0.0419,0
Sat May 24 2025 01:00:00 GMT+0100 (British Summer Time),0.0312,0.0312,0.0419,0
Sat May 24 2025 02:00:00 GMT+0100 (British Summer Time),0.0312,0.0312,0.0419,0
Sat May 24 2025 03:00:00 GMT+0100 (British Summer Time),0.0285,0.0308,0.0419,0
Sat May 24 2025 04:00:00 GMT+0100 (British Summer Time),0.0285,0.0308,0.0419,0
Sat May 24 2025 05:00:00 GMT+0100 (British Summer Time),0.0285,0.0308,0.0419,0
Sat May 24 2025 06:00:00 GMT+0100 (British Summer Time),0.0285,0.0308,0.0419,0
Sat May 24 2025 07:00:00 GMT+0100 (British Summer Time),0.0285,0.0308,0.0419,0
Sat May 24 2025 08:00:00 GMT+0100 (British Summer Time),0.0285,0.0308,0.0419,0
Sat May 24 2025 09:00:00 GMT+0100 (British Summer Time),0.0285,0.0308,0.0419,0
Sat May 24 2025 10:00:00 GMT+0100 (British Summer Time),0.0285,0.0308,0.042,3153.9957641541387
Sat May 24 2025 11:00:00 GMT+0100 (British Summer Time),0.0285,0.0308,0.042,0
Sat May 24 2025 12:00:00 GMT+0100 (British Summer Time),0.0285,0.0308,0.042,188.8851729689798
Sat May 24 2025 13:00:00 GMT+0100 (British Summer Time),0.0285,0.0308,0.042,43.89515883124456
Sat May 24 2025 14:00:00 GMT+0100 (British Summer Time),0.0285,0.0308,0.042,0
Sat May 24 2025 15:00:00 GMT+0100 (British Summer Time),0.0311,0.0321,0.0416,27699.681635602174
Sat May 24 2025 16:00:00 GMT+0100 (British Summer Time),0.0311,0.0321,0.0416,0
Sat May 24 2025 17:00:00 GMT+0100 (British Summer Time),0.0311,0.0321,0.0416,0
Sat May 24 2025 18:00:00 GMT+0100 (British Summer Time),0.0311,0.0321,0.0417,365.14659224808514
Sat May 24 2025 19:00:00 GMT+0100 (British Summer Time),0.0311,0.0321,0.0417,0
Sat May 24 2025 20:00:00 GMT+0100 (British Summer Time),0.0311,0.0321,0.0417,0
Sat May 24 2025 21:00:00 GMT+0100 (British Summer Time),0.0311,0.0321,0.0417,0
Sat May 24 2025 22:00:00 GMT+0100 (British Summer Time),0.0311,0.0321,0.0417,0
Sat May 24 2025 23:00:00 GMT+0100 (British Summer Time),0.0311,0.0321,0.0417,0
Sun May 25 2025 00:00:00 GMT+0100 (British Summer Time),0.0311,0.0321,0.0417,0
Sun May 25 2025 01:00:00 GMT+0100 (British Summer Time),0.0311,0.0321,0.0417,0
Sun May 25 2025 02:00:00 GMT+0100 (British Summer Time),0.0311,0.0321,0.0414,19935.96965252528
Sun May 25 2025 03:00:00 GMT+0100 (British Summer Time),0.0361,0.0316,0.0414,3188.6702505802273
Sun May 25 2025 04:00:00 GMT+0100 (British Summer Time),0.0361,0.0316,0.0414,0
Sun May 25 2025 05:00:00 GMT+0100 (British Summer Time),0.0361,0.0316,0.0414,0
Sun May 25 2025 06:00:00 GMT+0100 (British Summer Time),0.0361,0.0316,0.0414,0
Sun May 25 2025 07:00:00 GMT+0100 (British Summer Time),0.0361,0.0316,0.0414,0
Sun May 25 2025 08:00:00 GMT+0100 (British Summer Time),0.0361,0.0316,0.0414,0
Sun May 25 2025 09:00:00 GMT+0100 (British Summer Time),0.0361,0.0316,0.0414,0
Sun May 25 2025 10:00:00 GMT+0100 (British Summer Time),0.0361,0.0316,0.0414,1316.2916285413696
Sun May 25 2025 11:00:00 GMT+0100 (British Summer Time),0.0361,0.0316,0.0414,0
Sun May 25 2025 12:00:00 GMT+0100 (British Summer Time),0.0361,0.0316,0.0414,0
Sun May 25 2025 13:00:00 GMT+0100 (British Summer Time),0.0361,0.0316,0.0414,0
Sun May 25 2025 14:00:00 GMT+0100 (British Summer Time),0.0361,0.0316,0.0414,0
Sun May 25 2025 15:00:00 GMT+0100 (British Summer Time),0.032,0.0317,0.0414,5613.061849877864
Sun May 25 2025 16:00:00 GMT+0100 (British Summer Time),0.032,0.0317,0.0414,0
Sun May 25 2025 17:00:00 GMT+0100 (British Summer Time),0.032,0.0317,0.0414,0
Sun May 25 2025 18:00:00 GMT+0100 (British Summer Time),0.032,0.0317,0.0414,250.34202275571064
Sun May 25 2025 19:00:00 GMT+0100 (British Summer Time),0.032,0.0317,0.0414,165.7760743363145
Sun May 25 2025 20:00:00 GMT+0100 (British Summer Time),0.032,0.0317,0.0414,0
Sun May 25 2025 21:00:00 GMT+0100 (British Summer Time),0.032,0.0317,0.0414,0
Sun May 25 2025 22:00:00 GMT+0100 (British Summer Time),0.032,0.0317,0.0414,0
Sun May 25 2025 23:00:00 GMT+0100 (British Summer Time),0.032,0.0317,0.0414,0
Mon May 26 2025 00:00:00 GMT+0100 (British Summer Time),0.032,0.0317,0.0414,0
Mon May 26 2025 01:00:00 GMT+0100 (British Summer Time),0.032,0.0317,0.0414,0
Mon May 26 2025 02:00:00 GMT+0100 (British Summer Time),0.032,0.0317,0.0414,0
Mon May 26 2025 03:00:00 GMT+0100 (British Summer Time),0.029,0.0314,0.0415,961.2112064023348
Mon May 26 2025 04:00:00 GMT+0100 (British Summer Time),0.029,0.0314,0.0415,0
Mon May 26 2025 05:00:00 GMT+0100 (British Summer Time),0.029,0.0314,0.0415,0
Mon May 26 2025 06:00:00 GMT+0100 (British Summer Time),0.029,0.0314,0.0415,0
Mon May 26 2025 07:00:00 GMT+0100 (British Summer Time),0.029,0.0314,0.0415,614.1614294885089
Mon May 26 2025 08:00:00 GMT+0100 (British Summer Time),0.029,0.0314,0.0415,0
Mon May 26 2025 09:00:00 GMT+0100 (British Summer Time),0.029,0.0314,0.0415,0
Mon May 26 2025 10:00:00 GMT+0100 (British Summer Time),0.029,0.0314,0.0415,0
Mon May 26 2025 11:00:00 GMT+0100 (British Summer Time),0.029,0.0314,0.0415,27.263396276790157
Mon May 26 2025 12:00:00 GMT+0100 (British Summer Time),0.029,0.0314,0.0415,49.948764706904946
Mon May 26 2025 13:00:00 GMT+0100 (British Summer Time),0.029,0.0314,0.0415,0
Mon May 26 2025 14:00:00 GMT+0100 (British Summer Time),0.029,0.0314,0.0415,895.1159881338144
Mon May 26 2025 15:00:00 GMT+0100 (British Summer Time),0.0241,0.0316,0.0415,0
Mon May 26 2025 16:00:00 GMT+0100 (British Summer Time),0.0241,0.0316,0.0415,0
Mon May 26 2025 17:00:00 GMT+0100 (British Summer Time),0.0241,0.0316,0.0415,0
Mon May 26 2025 18:00:00 GMT+0100 (British Summer Time),0.0241,0.0316,0.0415,25.544465765015108
Mon May 26 2025 19:00:00 GMT+0100 (British Summer Time),0.0241,0.0316,0.0415,0
Mon May 26 2025 20:00:00 GMT+0100 (British Summer Time),0.0241,0.0316,0.0415,525.3148460048603
Mon May 26 2025 21:00:00 GMT+0100 (British Summer Time),0.0241,0.0316,0.0415,0
Mon May 26 2025 22:00:00 GMT+0100 (British Summer Time),0.0241,0.0316,0.0415,0
Mon May 26 2025 23:00:00 GMT+0100 (British Summer Time),0.0241,0.0316,0.0415,0
Tue May 27 2025 00:00:00 GMT+0100 (British Summer Time),0.0241,0.0316,0.0415,0
Tue May 27 2025 01:00:00 GMT+0100 (British Summer Time),0.0241,0.0316,0.0415,0
Tue May 27 2025 02:00:00 GMT+0100 (British Summer Time),0.0241,0.0316,0.0415,0
Tue May 27 2025 03:00:00 GMT+0100 (British Summer Time),0.0337,0.0311,0.0415,0
Tue May 27 2025 04:00:00 GMT+0100 (British Summer Time),0.0337,0.0311,0.0415,990.0562476573962
Tue May 27 2025 05:00:00 GMT+0100 (British Summer Time),0.0337,0.0311,0.0419,39153.10935830685
Tue May 27 2025 06:00:00 GMT+0100 (British Summer Time),0.0337,0.0311,0.042,1472.2737562370253
Tue May 27 2025 07:00:00 GMT+0100 (British Summer Time),0.0337,0.0311,0.042,1526.3541562834137
Tue May 27 2025 08:00:00 GMT+0100 (British Summer Time),0.0337,0.0311,0.042,0
Tue May 27 2025 09:00:00 GMT+0100 (British Summer Time),0.0337,0.0311,0.042,3915.09662435381
Tue May 27 2025 10:00:00 GMT+0100 (British Summer Time),0.0337,0.0311,0.042,0
Tue May 27 2025 11:00:00 GMT+0100 (British Summer Time),0.0337,0.0311,0.0422,29409.383978307556
Tue May 27 2025 12:00:00 GMT+0100 (British Summer Time),0.0337,0.0311,0.0422,0
Tue May 27 2025 13:00:00 GMT+0100 (British Summer Time),0.0337,0.0311,0.0422,2347.8472120479564
Tue May 27 2025 14:00:00 GMT+0100 (British Summer Time),0.0337,0.0311,0.0423,1478.077333783615
Tue May 27 2025 15:00:00 GMT+0100 (British Summer Time),0.0328,0.0312,0.0422,5452.2732757407475
Tue May 27 2025 16:00:00 GMT+0100 (British Summer Time),0.0328,0.0312,0.0422,13.329910780819894
Tue May 27 2025 17:00:00 GMT+0100 (British Summer Time),0.0328,0.0312,0.0422,149.58762137581178
Tue May 27 2025 18:00:00 GMT+0100 (British Summer Time),0.0328,0.0312,0.0422,0
Tue May 27 2025 19:00:00 GMT+0100 (British Summer Time),0.0328,0.0312,0.0422,0
Tue May 27 2025 20:00:00 GMT+0100 (British Summer Time),0.0328,0.0312,0.0422,0
Tue May 27 2025 21:00:00 GMT+0100 (British Summer Time),0.0328,0.0312,0.0422,2241.063710425079
Tue May 27 2025 22:00:00 GMT+0100 (British Summer Time),0.0328,0.0312,0.0422,0
Tue May 27 2025 23:00:00 GMT+0100 (British Summer Time),0.0328,0.0312,0.0422,0
Wed May 28 2025 00:00:00 GMT+0100 (British Summer Time),0.0328,0.0312,0.0423,1440.0357107519808
Wed May 28 2025 01:00:00 GMT+0100 (British Summer Time),0.0328,0.0312,0.0423,0
Wed May 28 2025 02:00:00 GMT+0100 (British Summer Time),0.0328,0.0312,0.0423,1502.279539303814
Wed May 28 2025 03:00:00 GMT+0100 (British Summer Time),0.0338,0.033,0.0423,0
Wed May 28 2025 04:00:00 GMT+0100 (British Summer Time),0.0338,0.033,0.0423,0
Wed May 28 2025 05:00:00 GMT+0100 (British Summer Time),0.0338,0.033,0.0424,11235.59309126928
Wed May 28 2025 06:00:00 GMT+0100 (British Summer Time),0.0338,0.033,0.0424,0
Wed May 28 2025 07:00:00 GMT+0100 (British Summer Time),0.0338,0.033,0.0424,0
Wed May 28 2025 08:00:00 GMT+0100 (British Summer Time),0.0338,0.033,0.0424,1587.984716699804
Wed May 28 2025 09:00:00 GMT+0100 (British Summer Time),0.0338,0.033,0.0426,13311.622245670877
Wed May 28 2025 10:00:00 GMT+0100 (British Summer Time),0.0338,0.033,0.0426,0
Wed May 28 2025 11:00:00 GMT+0100 (British Summer Time),0.0338,0.033,0.0426,68.08194398250718
Wed May 28 2025 12:00:00 GMT+0100 (British Summer Time),0.0338,0.033,0.0426,7042.148868762792
Wed May 28 2025 13:00:00 GMT+0100 (British Summer Time),0.0338,0.033,0.0427,280.4589459884829
Wed May 28 2025 14:00:00 GMT+0100 (British Summer Time),0.0338,0.033,0.0427,0
Wed May 28 2025 15:00:00 GMT+0100 (British Summer Time),0.0353,0.0317,0.0426,1191.0899744002745
Wed May 28 2025 16:00:00 GMT+0100 (British Summer Time),0.0353,0.0317,0.0426,0
Wed May 28 2025 17:00:00 GMT+0100 (British Summer Time),0.0353,0.0317,0.0427,3523.1770184231655
Wed May 28 2025 18:00:00 GMT+0100 (British Summer Time),0.0353,0.0317,0.0426,5506.107458795397
Wed May 28 2025 19:00:00 GMT+0100 (British Summer Time),0.0353,0.0317,0.0426,0
Wed May 28 2025 20:00:00 GMT+0100 (British Summer Time),0.0353,0.0317,0.0426,0
Wed May 28 2025 21:00:00 GMT+0100 (British Summer Time),0.0353,0.0317,0.0427,852.4033996436732
Wed May 28 2025 22:00:00 GMT+0100 (British Summer Time),0.0353,0.0317,0.0428,8698.462120505395
Wed May 28 2025 23:00:00 GMT+0100 (British Summer Time),0.0353,0.0317,0.0428,0
Thu May 29 2025 00:00:00 GMT+0100 (British Summer Time),0.0353,0.0317,0.0426,9696.274527607658
Thu May 29 2025 01:00:00 GMT+0100 (British Summer Time),0.0353,0.0317,0.0426,0
Thu May 29 2025 02:00:00 GMT+0100 (British Summer Time),0.0353,0.0317,0.0426,0
Thu May 29 2025 03:00:00 GMT+0100 (British Summer Time),0.0254,0.0314,0.0427,5251.9130866536725
Thu May 29 2025 04:00:00 GMT+0100 (British Summer Time),0.0254,0.0314,0.0427,802.4304349258873
Thu May 29 2025 05:00:00 GMT+0100 (British Summer Time),0.0254,0.0314,0.0427,0
Thu May 29 2025 06:00:00 GMT+0100 (British Summer Time),0.0254,0.0314,0.0427,0
Thu May 29 2025 07:00:00 GMT+0100 (British Summer Time),0.0254,0.0314,0.0427,94.72972595213444
Thu May 29 2025 08:00:00 GMT+0100 (British Summer Time),0.0254,0.0314,0.0427,0
Thu May 29 2025 09:00:00 GMT+0100 (British Summer Time),0.0254,0.0314,0.0427,0
Thu May 29 2025 10:00:00 GMT+0100 (British Summer Time),0.0254,0.0314,0.0427,890.5065414994029
Thu May 29 2025 11:00:00 GMT+0100 (British Summer Time),0.0254,0.0314,0.0427,1361.1535084459392
Thu May 29 2025 12:00:00 GMT+0100 (British Summer Time),0.0254,0.0314,0.0427,0
Thu May 29 2025 13:00:00 GMT+0100 (British Summer Time),0.0254,0.0314,0.0427,0
Thu May 29 2025 14:00:00 GMT+0100 (British Summer Time),0.0254,0.0314,0.0427,181.37668167407392
Thu May 29 2025 15:00:00 GMT+0100 (British Summer Time),0.025,0.0302,0.0427,0
Thu May 29 2025 16:00:00 GMT+0100 (British Summer Time),0.025,0.0302,0.0427,666.3127701136825
Thu May 29 2025 17:00:00 GMT+0100 (British Summer Time),0.025,0.0302,0.0427,0
Thu May 29 2025 18:00:00 GMT+0100 (British Summer Time),0.025,0.0302,0.0427,0
Thu May 29 2025 19:00:00 GMT+0100 (British Summer Time),0.025,0.0302,0.0427,0
Thu May 29 2025 20:00:00 GMT+0100 (British Summer Time),0.025,0.0302,0.0427,85.10418362563432
Thu May 29 2025 21:00:00 GMT+0100 (British Summer Time),0.025,0.0302,0.0427,569.9891024252499
Thu May 29 2025 22:00:00 GMT+0100 (British Summer Time),0.025,0.0302,0.0427,0.7565280880764123
Thu May 29 2025 23:00:00 GMT+0100 (British Summer Time),0.025,0.0302,0.0427,0
Fri May 30 2025 00:00:00 GMT+0100 (British Summer Time),0.025,0.0302,0.0427,0
Fri May 30 2025 01:00:00 GMT+0100 (British Summer Time),0.025,0.0302,0.0428,902.6398676232957
Fri May 30 2025 02:00:00 GMT+0100 (British Summer Time),0.025,0.0302,0.0428,0
Fri May 30 2025 03:00:00 GMT+0100 (British Summer Time),0.0299,0.0309,0.0428,0
Fri May 30 2025 04:00:00 GMT+0100 (British Summer Time),0.0299,0.0309,0.0428,52.410664405839476
Fri May 30 2025 05:00:00 GMT+0100 (British Summer Time),0.0299,0.0309,0.0428,455.6690421680405
Fri May 30 2025 06:00:00 GMT+0100 (British Summer Time),0.0299,0.0309,0.0428,70.34168237199759
Fri May 30 2025 07:00:00 GMT+0100 (British Summer Time),0.0299,0.0309,0.0428,0
Fri May 30 2025 08:00:00 GMT+0100 (British Summer Time),0.0299,0.0309,0.0428,0
Fri May 30 2025 09:00:00 GMT+0100 (British Summer Time),0.0299,0.0309,0.0428,1015.0011931064703
Fri May 30 2025 10:00:00 GMT+0100 (British Summer Time),0.0299,0.0309,0.0428,0
Fri May 30 2025 11:00:00 GMT+0100 (British Summer Time),0.0299,0.0309,0.0428,3631.4196571409693
Fri May 30 2025 12:00:00 GMT+0100 (British Summer Time),0.0299,0.0309,0.0428,0
Fri May 30 2025 13:00:00 GMT+0100 (British Summer Time),0.0299,0.0309,0.0428,0
Fri May 30 2025 14:00:00 GMT+0100 (British Summer Time),0.0299,0.0309,0.0428,0
Fri May 30 2025 15:00:00 GMT+0100 (British Summer Time),0.0372,0.0311,0.0428,456.0041765934354
Fri May 30 2025 16:00:00 GMT+0100 (British Summer Time),0.0372,0.0311,0.0428,0
Fri May 30 2025 17:00:00 GMT+0100 (British Summer Time),0.0372,0.0311,0.0428,0
Fri May 30 2025 18:00:00 GMT+0100 (British Summer Time),0.0372,0.0311,0.0428,0
Fri May 30 2025 19:00:00 GMT+0100 (British Summer Time),0.0372,0.0311,0.0428,0
Fri May 30 2025 20:00:00 GMT+0100 (British Summer Time),0.0372,0.0311,0.043,18367.232696760504
Fri May 30 2025 21:00:00 GMT+0100 (British Summer Time),0.0372,0.0311,0.043,0
Fri May 30 2025 22:00:00 GMT+0100 (British Summer Time),0.0372,0.0311,0.043,0
Fri May 30 2025 23:00:00 GMT+0100 (British Summer Time),0.0372,0.0311,0.043,0
Sat May 31 2025 00:00:00 GMT+0100 (British Summer Time),0.0372,0.0311,0.043,154.33475326445551
Sat May 31 2025 01:00:00 GMT+0100 (British Summer Time),0.0372,0.0311,0.043,0
Sat May 31 2025 02:00:00 GMT+0100 (British Summer Time),0.0372,0.0311,0.043,0
Sat May 31 2025 03:00:00 GMT+0100 (British Summer Time),0.0405,0.0326,0.043,0
Sat May 31 2025 04:00:00 GMT+0100 (British Summer Time),0.0405,0.0326,0.043,1749.0439041709708
Sat May 31 2025 05:00:00 GMT+0100 (British Summer Time),0.0405,0.0326,0.043,0
Sat May 31 2025 06:00:00 GMT+0100 (British Summer Time),0.0405,0.0326,0.043,358.39403346695696
Sat May 31 2025 07:00:00 GMT+0100 (British Summer Time),0.0405,0.0326,0.043,0
Sat May 31 2025 08:00:00 GMT+0100 (British Summer Time),0.0405,0.0326,0.043,0
Sat May 31 2025 09:00:00 GMT+0100 (British Summer Time),0.0405,0.0326,0.043,0
Sat May 31 2025 10:00:00 GMT+0100 (British Summer Time),0.0405,0.0326,0.043,0
Sat May 31 2025 11:00:00 GMT+0100 (British Summer Time),0.0405,0.0326,0.0432,13427.335990542253
Sat May 31 2025 12:00:00 GMT+0100 (British Summer Time),0.0405,0.0326,0.0432,0
Sat May 31 2025 13:00:00 GMT+0100 (British Summer Time),0.0405,0.0326,0.0432,4544.170445491267
Sat May 31 2025 14:00:00 GMT+0100 (British Summer Time),0.0405,0.0326,0.0433,12089.8456710389
Sat May 31 2025 15:00:00 GMT+0100 (British Summer Time),0.0319,0.0312,0.0436,36848.16708913479
Sat May 31 2025 16:00:00 GMT+0100 (British Summer Time),0.0319,0.0312,0.0437,5699.054594377399
Sat May 31 2025 17:00:00 GMT+0100 (British Summer Time),0.0319,0.0312,0.0437,833.8395282025839
Sat May 31 2025 18:00:00 GMT+0100 (British Summer Time),0.0319,0.0312,0.0437,238.39115560826164
Sat May 31 2025 19:00:00 GMT+0100 (British Summer Time),0.0319,0.0312,0.0437,0
Sat May 31 2025 20:00:00 GMT+0100 (British Summer Time),0.0319,0.0312,0.0437,0
Sat May 31 2025 21:00:00 GMT+0100 (British Summer Time),0.0319,0.0312,0.0437,2073.5885321697056
Sat May 31 2025 22:00:00 GMT+0100 (British Summer Time),0.0319,0.0312,0.0437,0
Sat May 31 2025 23:00:00 GMT+0100 (British Summer Time),0.0319,0.0312,0.0437,0
Sun Jun 01 2025 00:00:00 GMT+0100 (British Summer Time),0.0319,0.0312,0.0437,0
Sun Jun 01 2025 01:00:00 GMT+0100 (British Summer Time),0.0319,0.0312,0.0437,0
Sun Jun 01 2025 02:00:00 GMT+0100 (British Summer Time),0.0319,0.0312,0.0437,0
Sun Jun 01 2025 03:00:00 GMT+0100 (British Summer Time),0.0304,0.0318,0.0437,0
Sun Jun 01 2025 04:00:00 GMT+0100 (British Summer Time),0.0304,0.0318,0.0437,0
Sun Jun 01 2025 05:00:00 GMT+0100 (British Summer Time),0.0304,0.0318,0.0437,1124.0849148915195
Sun Jun 01 2025 06:00:00 GMT+0100 (British Summer Time),0.0304,0.0318,0.0437,1714.8426949759703
Sun Jun 01 2025 07:00:00 GMT+0100 (British Summer Time),0.0304,0.0318,0.0437,117.38355247196087
Sun Jun 01 2025 08:00:00 GMT+0100 (British Summer Time),0.0304,0.0318,0.0437,0
Sun Jun 01 2025 09:00:00 GMT+0100 (British Summer Time),0.0304,0.0318,0.0437,0
Sun Jun 01 2025 10:00:00 GMT+0100 (British Summer Time),0.0304,0.0318,0.0437,0
Sun Jun 01 2025 11:00:00 GMT+0100 (British Summer Time),0.0304,0.0318,0.0437,0
Sun Jun 01 2025 12:00:00 GMT+0100 (British Summer Time),0.0304,0.0318,0.0437,0
Sun Jun 01 2025 13:00:00 GMT+0100 (British Summer Time),0.0304,0.0318,0.0437,0
Sun Jun 01 2025 14:00:00 GMT+0100 (British Summer Time),0.0304,0.0318,0.0437,0
Sun Jun 01 2025 15:00:00 GMT+0100 (British Summer Time),0.0281,0.0306,0.0437,351.902448427445
Sun Jun 01 2025 16:00:00 GMT+0100 (British Summer Time),0.0281,0.0306,0.0437,0
Sun Jun 01 2025 17:00:00 GMT+0100 (British Summer Time),0.0281,0.0306,0.0438,5980.36936944701
Sun Jun 01 2025 18:00:00 GMT+0100 (British Summer Time),0.0281,0.0306,0.0438,0
Sun Jun 01 2025 19:00:00 GMT+0100 (British Summer Time),0.0281,0.0306,0.0438,0
Sun Jun 01 2025 20:00:00 GMT+0100 (British Summer Time),0.0281,0.0306,0.0438,0
Sun Jun 01 2025 21:00:00 GMT+0100 (British Summer Time),0.0281,0.0306,0.0439,7191.976564644035
Sun Jun 01 2025 22:00:00 GMT+0100 (British Summer Time),0.0281,0.0306,0.0439,0
Sun Jun 01 2025 23:00:00 GMT+0100 (British Summer Time),0.0281,0.0306,0.0439,0
Mon Jun 02 2025 00:00:00 GMT+0100 (British Summer Time),0.0281,0.0306,0.0439,0
Mon Jun 02 2025 01:00:00 GMT+0100 (British Summer Time),0.0281,0.0306,0.0439,0
Mon Jun 02 2025 02:00:00 GMT+0100 (British Summer Time),0.0281,0.0306,0.0439,29.467973052481415
Mon Jun 02 2025 03:00:00 GMT+0100 (British Summer Time),0.0295,0.0319,0.0439,0
Mon Jun 02 2025 04:00:00 GMT+0100 (British Summer Time),0.0295,0.0319,0.0438,8756.515337068977
Mon Jun 02 2025 05:00:00 GMT+0100 (British Summer Time),0.0295,0.0319,0.0438,0
Mon Jun 02 2025 06:00:00 GMT+0100 (British Summer Time),0.0295,0.0319,0.0438,0
Mon Jun 02 2025 07:00:00 GMT+0100 (British Summer Time),0.0295,0.0319,0.0438,0
Mon Jun 02 2025 08:00:00 GMT+0100 (British Summer Time),0.0295,0.0319,0.0438,0
Mon Jun 02 2025 09:00:00 GMT+0100 (British Summer Time),0.0295,0.0319,0.0438,360.4525405900807
Mon Jun 02 2025 10:00:00 GMT+0100 (British Summer Time),0.0295,0.0319,0.0438,0
Mon Jun 02 2025 11:00:00 GMT+0100 (British Summer Time),0.0295,0.0319,0.0438,0
Mon Jun 02 2025 12:00:00 GMT+0100 (British Summer Time),0.0295,0.0319,0.0438,244.0676737792788
Mon Jun 02 2025 13:00:00 GMT+0100 (British Summer Time),0.0295,0.0319,0.0438,0
Mon Jun 02 2025 14:00:00 GMT+0100 (British Summer Time),0.0295,0.0319,0.0438,0
Mon Jun 02 2025 15:00:00 GMT+0100 (British Summer Time),0.0354,0.0322,0.0438,0
Mon Jun 02 2025 16:00:00 GMT+0100 (British Summer Time),0.0354,0.0322,0.0438,0
Mon Jun 02 2025 17:00:00 GMT+0100 (British Summer Time),0.0354,0.0322,0.0438,0
Mon Jun 02 2025 18:00:00 GMT+0100 (British Summer Time),0.0354,0.0322,0.0438,0
Mon Jun 02 2025 19:00:00 GMT+0100 (British Summer Time),0.0354,0.0322,0.0438,250.60575966879435
Mon Jun 02 2025 20:00:00 GMT+0100 (British Summer Time),0.0354,0.0322,0.0438,244.45201884516297
Mon Jun 02 2025 21:00:00 GMT+0100 (British Summer Time),0.0354,0.0322,0.0438,760.8811243194514
Mon Jun 02 2025 22:00:00 GMT+0100 (British Summer Time),0.0354,0.0322,0.0438,0
Mon Jun 02 2025 23:00:00 GMT+0100 (British Summer Time),0.0354,0.0322,0.0438,0
Tue Jun 03 2025 00:00:00 GMT+0100 (British Summer Time),0.0354,0.0322,0.0438,0
Tue Jun 03 2025 01:00:00 GMT+0100 (British Summer Time),0.0354,0.0322,0.0438,0
Tue Jun 03 2025 02:00:00 GMT+0100 (British Summer Time),0.0354,0.0322,0.0438,0
Tue Jun 03 2025 03:00:00 GMT+0100 (British Summer Time),0.0241,0.0305,0.0438,0
Tue Jun 03 2025 04:00:00 GMT+0100 (British Summer Time),0.0241,0.0305,0.0438,0
Tue Jun 03 2025 05:00:00 GMT+0100 (British Summer Time),0.0241,0.0305,0.0438,0
Tue Jun 03 2025 06:00:00 GMT+0100 (British Summer Time),0.0241,0.0305,0.0438,0
Tue Jun 03 2025 07:00:00 GMT+0100 (British Summer Time),0.0241,0.0305,0.0438,0
Tue Jun 03 2025 08:00:00 GMT+0100 (British Summer Time),0.0241,0.0305,0.0438,0
Tue Jun 03 2025 09:00:00 GMT+0100 (British Summer Time),0.0241,0.0305,0.0438,0
Tue Jun 03 2025 10:00:00 GMT+0100 (British Summer Time),0.0241,0.0305,0.0438,9583.865978177264
Tue Jun 03 2025 11:00:00 GMT+0100 (British Summer Time),0.0241,0.0305,0.0438,0
Tue Jun 03 2025 12:00:00 GMT+0100 (British Summer Time),0.0241,0.0305,0.0438,1897.4762434927093
Tue Jun 03 2025 13:00:00 GMT+0100 (British Summer Time),0.0241,0.0305,0.0438,4043.386744862216
Tue Jun 03 2025 14:00:00 GMT+0100 (British Summer Time),0.0241,0.0305,0.0438,12.963299943074137
Tue Jun 03 2025 15:00:00 GMT+0100 (British Summer Time),0.0224,0.0308,0.0437,9988.062606697857
Tue Jun 03 2025 16:00:00 GMT+0100 (British Summer Time),0.0224,0.0308,0.0437,133.26919296880303
Tue Jun 03 2025 17:00:00 GMT+0100 (British Summer Time),0.0224,0.0308,0.0437,0
Tue Jun 03 2025 18:00:00 GMT+0100 (British Summer Time),0.0224,0.0308,0.0437,0
Tue Jun 03 2025 19:00:00 GMT+0100 (British Summer Time),0.0224,0.0308,0.0437,2180.1905506273783
Tue Jun 03 2025 20:00:00 GMT+0100 (British Summer Time),0.0224,0.0308,0.0441,29513.75664296424
Tue Jun 03 2025 21:00:00 GMT+0100 (British Summer Time),0.0224,0.0308,0.0441,5269.580488853285
Tue Jun 03 2025 22:00:00 GMT+0100 (British Summer Time),0.0224,0.0308,0.0441,1.3009607390831808
Tue Jun 03 2025 23:00:00 GMT+0100 (British Summer Time),0.0224,0.0308,0.0441,0
Wed Jun 04 2025 00:00:00 GMT+0100 (British Summer Time),0.0224,0.0308,0.0441,0
Wed Jun 04 2025 01:00:00 GMT+0100 (British Summer Time),0.0224,0.0308,0.0441,0.00005040976494489602
Wed Jun 04 2025 02:00:00 GMT+0100 (British Summer Time),0.0224,0.0308,0.0441,120.40561611055226
Wed Jun 04 2025 03:00:00 GMT+0100 (British Summer Time),0.0359,0.0308,0.0441,1042.2610246007446
Wed Jun 04 2025 04:00:00 GMT+0100 (British Summer Time),0.0359,0.0308,0.0442,592.10525716604
Wed Jun 04 2025 05:00:00 GMT+0100 (British Summer Time),0.0359,0.0308,0.0441,5372.827836348803
Wed Jun 04 2025 06:00:00 GMT+0100 (British Summer Time),0.0359,0.0308,0.0441,556.9748333200014
Wed Jun 04 2025 07:00:00 GMT+0100 (British Summer Time),0.0359,0.0308,0.0441,32.442839957177924
Wed Jun 04 2025 08:00:00 GMT+0100 (British Summer Time),0.0359,0.0308,0.0441,0
Wed Jun 04 2025 09:00:00 GMT+0100 (British Summer Time),0.0359,0.0308,0.0441,882.9681936707934
Wed Jun 04 2025 10:00:00 GMT+0100 (British Summer Time),0.0359,0.0308,0.0441,100.27196127991085
Wed Jun 04 2025 11:00:00 GMT+0100 (British Summer Time),0.0359,0.0308,0.0441,0
Wed Jun 04 2025 12:00:00 GMT+0100 (British Summer Time),0.0359,0.0308,0.0441,1210.756955569331
Wed Jun 04 2025 13:00:00 GMT+0100 (British Summer Time),0.0359,0.0308,0.0441,148.28966272933357
Wed Jun 04 2025 14:00:00 GMT+0100 (British Summer Time),0.0359,0.0308,0.0441,5841.486792696187
Wed Jun 04 2025 15:00:00 GMT+0100 (British Summer Time),0.0305,0.0301,0.0442,3201.781524376802
Wed Jun 04 2025 16:00:00 GMT+0100 (British Summer Time),0.0305,0.0301,0.0443,889.9660090923733
Wed Jun 04 2025 17:00:00 GMT+0100 (British Summer Time),0.0305,0.0301,0.0443,4750.098067860872
Wed Jun 04 2025 18:00:00 GMT+0100 (British Summer Time),0.0305,0.0301,0.0443,0
Wed Jun 04 2025 19:00:00 GMT+0100 (British Summer Time),0.0305,0.0301,0.0443,0
Wed Jun 04 2025 20:00:00 GMT+0100 (British Summer Time),0.0305,0.0301,0.0443,0
Wed Jun 04 2025 21:00:00 GMT+0100 (British Summer Time),0.0305,0.0301,0.0443,0
Wed Jun 04 2025 22:00:00 GMT+0100 (British Summer Time),0.0305,0.0301,0.0443,0
Wed Jun 04 2025 23:00:00 GMT+0100 (British Summer Time),0.0305,0.0301,0.0443,0
Thu Jun 05 2025 00:00:00 GMT+0100 (British Summer Time),0.0305,0.0301,0.0443,0
Thu Jun 05 2025 01:00:00 GMT+0100 (British Summer Time),0.0305,0.0301,0.0443,0
Thu Jun 05 2025 02:00:00 GMT+0100 (British Summer Time),0.0305,0.0301,0.0443,0
Thu Jun 05 2025 03:00:00 GMT+0100 (British Summer Time),0.0284,0.0312,0.0443,0
Thu Jun 05 2025 04:00:00 GMT+0100 (British Summer Time),0.0284,0.0312,0.0443,0
Thu Jun 05 2025 05:00:00 GMT+0100 (British Summer Time),0.0284,0.0312,0.0443,0
Thu Jun 05 2025 06:00:00 GMT+0100 (British Summer Time),0.0284,0.0312,0.0443,0
Thu Jun 05 2025 07:00:00 GMT+0100 (British Summer Time),0.0284,0.0312,0.0443,0
Thu Jun 05 2025 08:00:00 GMT+0100 (British Summer Time),0.0284,0.0312,0.0443,0
Thu Jun 05 2025 09:00:00 GMT+0100 (British Summer Time),0.0284,0.0312,0.0443,0
Thu Jun 05 2025 10:00:00 GMT+0100 (British Summer Time),0.0284,0.0312,0.0443,0
Thu Jun 05 2025 11:00:00 GMT+0100 (British Summer Time),0.0284,0.0312,0.0443,0
Thu Jun 05 2025 12:00:00 GMT+0100 (British Summer Time),0.0284,0.0312,0.0443,0
Thu Jun 05 2025 13:00:00 GMT+0100 (British Summer Time),0.0284,0.0312,0.0443,224.56656418604604
Thu Jun 05 2025 14:00:00 GMT+0100 (British Summer Time),0.0284,0.0312,0.0443,0
Thu Jun 05 2025 15:00:00 GMT+0100 (British Summer Time),0.038,0.0319,0.0443,0.00005908738641322504
Thu Jun 05 2025 16:00:00 GMT+0100 (British Summer Time),0.038,0.0319,0.0443,0
Thu Jun 05 2025 17:00:00 GMT+0100 (British Summer Time),0.038,0.0319,0.0443,0
Thu Jun 05 2025 18:00:00 GMT+0100 (British Summer Time),0.038,0.0319,0.0443,0
Thu Jun 05 2025 19:00:00 GMT+0100 (British Summer Time),0.038,0.0319,0.0443,0
Thu Jun 05 2025 20:00:00 GMT+0100 (British Summer Time),0.038,0.0319,0.0443,0
Thu Jun 05 2025 21:00:00 GMT+0100 (British Summer Time),0.038,0.0319,0.0443,0
Thu Jun 05 2025 22:00:00 GMT+0100 (British Summer Time),0.038,0.0319,0.0443,0
Thu Jun 05 2025 23:00:00 GMT+0100 (British Summer Time),0.038,0.0319,0.0443,133.38948313948808
Fri Jun 06 2025 00:00:00 GMT+0100 (British Summer Time),0.0381,0.032,0.0443,0
Fri Jun 06 2025 01:00:00 GMT+0100 (British Summer Time),0.0381,0.032,0.0444,7241.3713711028995
Fri Jun 06 2025 02:00:00 GMT+0100 (British Summer Time),0.0381,0.032,0.0444,0
Fri Jun 06 2025 03:00:00 GMT+0100 (British Summer Time),0.0242,0.0305,0.0444,0
Fri Jun 06 2025 04:00:00 GMT+0100 (British Summer Time),0.0242,0.0305,0.0444,2342.5416641715974
Fri Jun 06 2025 05:00:00 GMT+0100 (British Summer Time),0.0242,0.0305,0.0444,0
Fri Jun 06 2025 06:00:00 GMT+0100 (British Summer Time),0.0242,0.0305,0.0444,1329.5215624568107
Fri Jun 06 2025 07:00:00 GMT+0100 (British Summer Time),0.0242,0.0305,0.0443,2657.6436386378073
Fri Jun 06 2025 08:00:00 GMT+0100 (British Summer Time),0.0242,0.0305,0.0443,0
Fri Jun 06 2025 09:00:00 GMT+0100 (British Summer Time),0.0242,0.0305,0.0443,848.1797055369522
Fri Jun 06 2025 10:00:00 GMT+0100 (British Summer Time),0.0242,0.0305,0.0443,0
Fri Jun 06 2025 11:00:00 GMT+0100 (British Summer Time),0.0242,0.0305,0.0443,394.04756964195974
Fri Jun 06 2025 12:00:00 GMT+0100 (British Summer Time),0.0242,0.0305,0.0443,0
Fri Jun 06 2025 13:00:00 GMT+0100 (British Summer Time),0.0242,0.0305,0.0443,0
Fri Jun 06 2025 14:00:00 GMT+0100 (British Summer Time),0.0242,0.0305,0.0443,0
Fri Jun 06 2025 15:00:00 GMT+0100 (British Summer Time),0.0278,0.0307,0.0443,295.8419234635749
Fri Jun 06 2025 16:00:00 GMT+0100 (British Summer Time),0.0278,0.0307,0.0443,0
Fri Jun 06 2025 17:00:00 GMT+0100 (British Summer Time),0.0278,0.0307,0.0439,37278.463258437296
Fri Jun 06 2025 18:00:00 GMT+0100 (British Summer Time),0.0278,0.0307,0.0439,0
Fri Jun 06 2025 19:00:00 GMT+0100 (British Summer Time),0.0278,0.0307,0.0438,4161.664483883635
Fri Jun 06 2025 20:00:00 GMT+0100 (British Summer Time),0.0278,0.0307,0.0438,0
Fri Jun 06 2025 21:00:00 GMT+0100 (British Summer Time),0.0278,0.0307,0.0438,0
Fri Jun 06 2025 22:00:00 GMT+0100 (British Summer Time),0.0278,0.0307,0.0438,0
Fri Jun 06 2025 23:00:00 GMT+0100 (British Summer Time),0.0278,0.0307,0.0438,0
Sat Jun 07 2025 00:00:00 GMT+0100 (British Summer Time),0.0278,0.0307,0.0438,0.00019738758419152858
Sat Jun 07 2025 01:00:00 GMT+0100 (British Summer Time),0.0278,0.0307,0.0438,0
Sat Jun 07 2025 02:00:00 GMT+0100 (British Summer Time),0.0278,0.0307,0.0438,0
Sat Jun 07 2025 03:00:00 GMT+0100 (British Summer Time),0.0418,0.0307,0.0438,0
Sat Jun 07 2025 04:00:00 GMT+0100 (British Summer Time),0.0418,0.0307,0.0438,0
Sat Jun 07 2025 05:00:00 GMT+0100 (British Summer Time),0.0418,0.0307,0.0438,74.66552871017137
Sat Jun 07 2025 06:00:00 GMT+0100 (British Summer Time),0.0418,0.0307,0.0438,0
Sat Jun 07 2025 07:00:00 GMT+0100 (British Summer Time),0.0418,0.0307,0.0439,2516.032328584239
Sat Jun 07 2025 08:00:00 GMT+0100 (British Summer Time),0.0418,0.0307,0.0439,0
Sat Jun 07 2025 09:00:00 GMT+0100 (British Summer Time),0.0418,0.0307,0.0439,0
Sat Jun 07 2025 10:00:00 GMT+0100 (British Summer Time),0.0418,0.0307,0.0439,0
Sat Jun 07 2025 11:00:00 GMT+0100 (British Summer Time),0.0418,0.0307,0.0472,282881.6717535516
Sat Jun 07 2025 12:00:00 GMT+0100 (British Summer Time),0.0418,0.0307,0.0472,226.78306812357874
Sat Jun 07 2025 13:00:00 GMT+0100 (British Summer Time),0.0418,0.0307,0.0471,5239.211963908733
Sat Jun 07 2025 14:00:00 GMT+0100 (British Summer Time),0.0418,0.0307,0.047,14222.579110578608
Sat Jun 07 2025 15:00:00 GMT+0100 (British Summer Time),0.0321,0.0307,0.047,5121.056617504024
Sat Jun 07 2025 16:00:00 GMT+0100 (British Summer Time),0.0321,0.0307,0.047,0
Sat Jun 07 2025 17:00:00 GMT+0100 (British Summer Time),0.0321,0.0307,0.047,42.92312481712393
Sat Jun 07 2025 18:00:00 GMT+0100 (British Summer Time),0.0321,0.0307,0.047,635.8819029770906
Sat Jun 07 2025 19:00:00 GMT+0100 (British Summer Time),0.0321,0.0307,0.047,0
Sat Jun 07 2025 20:00:00 GMT+0100 (British Summer Time),0.0321,0.0307,0.047,0
Sat Jun 07 2025 21:00:00 GMT+0100 (British Summer Time),0.0321,0.0307,0.047,0
Sat Jun 07 2025 22:00:00 GMT+0100 (British Summer Time),0.0321,0.0307,0.047,0
Sat Jun 07 2025 23:00:00 GMT+0100 (British Summer Time),0.0321,0.0307,0.047,0
Sun Jun 08 2025 00:00:00 GMT+0100 (British Summer Time),0.0321,0.0307,0.047,883.1040115942026
Sun Jun 08 2025 01:00:00 GMT+0100 (British Summer Time),0.0321,0.0307,0.047,0
Sun Jun 08 2025 02:00:00 GMT+0100 (British Summer Time),0.0321,0.0307,0.047,0.00013821113264882368
Sun Jun 08 2025 03:00:00 GMT+0100 (British Summer Time),0.0258,0.03,0.047,0
Sun Jun 08 2025 04:00:00 GMT+0100 (British Summer Time),0.0258,0.03,0.047,0.00011908729661175423
Sun Jun 08 2025 05:00:00 GMT+0100 (British Summer Time),0.0258,0.03,0.047,0
Sun Jun 08 2025 06:00:00 GMT+0100 (British Summer Time),0.0258,0.03,0.0469,2640.2629544615397
Sun Jun 08 2025 07:00:00 GMT+0100 (British Summer Time),0.0258,0.03,0.0469,3462.7517368256654
Sun Jun 08 2025 08:00:00 GMT+0100 (British Summer Time),0.0258,0.03,0.0469,379.45149359047247
Sun Jun 08 2025 09:00:00 GMT+0100 (British Summer Time),0.0258,0.03,0.0469,0.503274589363235
Sun Jun 08 2025 10:00:00 GMT+0100 (British Summer Time),0.0258,0.03,0.0467,19575.650027185937
Sun Jun 08 2025 11:00:00 GMT+0100 (British Summer Time),0.0258,0.03,0.0467,0
Sun Jun 08 2025 12:00:00 GMT+0100 (British Summer Time),0.0258,0.03,0.0467,0
Sun Jun 08 2025 13:00:00 GMT+0100 (British Summer Time),0.0258,0.03,0.0467,0
Sun Jun 08 2025 14:00:00 GMT+0100 (British Summer Time),0.0258,0.03,0.0467,0
Sun Jun 08 2025 15:00:00 GMT+0100 (British Summer Time),0.0178,0.0292,0.0467,0
Sun Jun 08 2025 16:00:00 GMT+0100 (British Summer Time),0.0178,0.0292,0.0466,18408.357244582145
Sun Jun 08 2025 17:00:00 GMT+0100 (British Summer Time),0.0178,0.0292,0.0466,2206.3949894294315
Sun Jun 08 2025 18:00:00 GMT+0100 (British Summer Time),0.0178,0.0292,0.0465,3121.0033359231375
Sun Jun 08 2025 19:00:00 GMT+0100 (British Summer Time),0.0178,0.0292,0.0465,4801.871335224193
Sun Jun 08 2025 20:00:00 GMT+0100 (British Summer Time),0.0178,0.0292,0.0463,15378.855671662173
Sun Jun 08 2025 21:00:00 GMT+0100 (British Summer Time),0.0178,0.0292,0.0462,16212.533748855396
Sun Jun 08 2025 22:00:00 GMT+0100 (British Summer Time),0.0178,0.0292,0.0459,27173.278107211485
Sun Jun 08 2025 23:00:00 GMT+0100 (British Summer Time),0.0178,0.0292,0.0458,3111.4624573239553
Mon Jun 09 2025 00:00:00 GMT+0100 (British Summer Time),0.0178,0.0292,0.0458,0
Mon Jun 09 2025 01:00:00 GMT+0100 (British Summer Time),0.0178,0.0292,0.0458,0
Mon Jun 09 2025 02:00:00 GMT+0100 (British Summer Time),0.0178,0.0292,0.0458,0
Mon Jun 09 2025 03:00:00 GMT+0100 (British Summer Time),0.0051,0.0265,0.0458,0
Mon Jun 09 2025 04:00:00 GMT+0100 (British Summer Time),0.0051,0.0265,0.0458,0
Mon Jun 09 2025 05:00:00 GMT+0100 (British Summer Time),0.0051,0.0265,0.0456,15001.844164638198
Mon Jun 09 2025 06:00:00 GMT+0100 (British Summer Time),0.0051,0.0265,0.0456,0
Mon Jun 09 2025 07:00:00 GMT+0100 (British Summer Time),0.0051,0.0265,0.0456,0
Mon Jun 09 2025 08:00:00 GMT+0100 (British Summer Time),0.0051,0.0265,0.0456,0
Mon Jun 09 2025 09:00:00 GMT+0100 (British Summer Time),0.0051,0.0265,0.0456,0
Mon Jun 09 2025 10:00:00 GMT+0100 (British Summer Time),0.0051,0.0265,0.0456,457.4047201428264
Mon Jun 09 2025 11:00:00 GMT+0100 (British Summer Time),0.0051,0.0265,0.0456,1109.2009563945703
Mon Jun 09 2025 12:00:00 GMT+0100 (British Summer Time),0.0051,0.0265,0.0456,0
Mon Jun 09 2025 13:00:00 GMT+0100 (British Summer Time),0.0051,0.0265,0.0456,314.3363818232243
Mon Jun 09 2025 14:00:00 GMT+0100 (British Summer Time),0.0051,0.0265,0.0456,0
Mon Jun 09 2025 15:00:00 GMT+0100 (British Summer Time),0.0426,0.0302,0.0456,0
Mon Jun 09 2025 16:00:00 GMT+0100 (British Summer Time),0.0426,0.0302,0.0456,0
Mon Jun 09 2025 17:00:00 GMT+0100 (British Summer Time),0.0426,0.0302,0.0456,0
Mon Jun 09 2025 18:00:00 GMT+0100 (British Summer Time),0.0426,0.0302,0.0456,320.4118228600405
Mon Jun 09 2025 19:00:00 GMT+0100 (British Summer Time),0.0426,0.0302,0.0456,5593.725475345414
Mon Jun 09 2025 20:00:00 GMT+0100 (British Summer Time),0.0426,0.0302,0.0456,149285.22926290837
Mon Jun 09 2025 21:00:00 GMT+0100 (British Summer Time),0.0426,0.0302,0.0451,39682.496083354
Mon Jun 09 2025 22:00:00 GMT+0100 (British Summer Time),0.0426,0.0302,0.0447,32449.170721484305
Mon Jun 09 2025 23:00:00 GMT+0100 (British Summer Time),0.0426,0.0302,0.0447,2334.029857721726
Tue Jun 10 2025 00:00:00 GMT+0100 (British Summer Time),0.0426,0.0302,0.0447,0
Tue Jun 10 2025 01:00:00 GMT+0100 (British Summer Time),0.0426,0.0302,0.0447,0.00002779999486399093
Tue Jun 10 2025 02:00:00 GMT+0100 (British Summer Time),0.0426,0.0302,0.0447,0
Tue Jun 10 2025 03:00:00 GMT+0100 (British Summer Time),0.0533,0.0306,0.0447,107.89203753126718
Tue Jun 10 2025 04:00:00 GMT+0100 (British Summer Time),0.0533,0.0306,0.0447,0
Tue Jun 10 2025 05:00:00 GMT+0100 (British Summer Time),0.0533,0.0306,0.0447,0
Tue Jun 10 2025 06:00:00 GMT+0100 (British Summer Time),0.0533,0.0306,0.0448,10753.992338201457
Tue Jun 10 2025 07:00:00 GMT+0100 (British Summer Time),0.0533,0.0306,0.0448,0
Tue Jun 10 2025 08:00:00 GMT+0100 (British Summer Time),0.0533,0.0306,0.0448,0
Tue Jun 10 2025 09:00:00 GMT+0100 (British Summer Time),0.0533,0.0306,0.0448,0
Tue Jun 10 2025 10:00:00 GMT+0100 (British Summer Time),0.0533,0.0306,0.0448,0
Tue Jun 10 2025 11:00:00 GMT+0100 (British Summer Time),0.0533,0.0306,0.0448,0
Tue Jun 10 2025 12:00:00 GMT+0100 (British Summer Time),0.0533,0.0306,0.0448,0
Tue Jun 10 2025 13:00:00 GMT+0100 (British Summer Time),0.0533,0.0306,0.0448,0
Tue Jun 10 2025 14:00:00 GMT+0100 (British Summer Time),0.0533,0.0306,0.0448,0
Tue Jun 10 2025 15:00:00 GMT+0100 (British Summer Time),0.0323,0.0316,0.0448,0
Tue Jun 10 2025 16:00:00 GMT+0100 (British Summer Time),0.0323,0.0316,0.0449,6247.355475170529
Tue Jun 10 2025 17:00:00 GMT+0100 (British Summer Time),0.0323,0.0316,0.0445,34913.16399662214
Tue Jun 10 2025 18:00:00 GMT+0100 (British Summer Time),0.0323,0.0316,0.0445,2170.2760834740693
Tue Jun 10 2025 19:00:00 GMT+0100 (British Summer Time),0.0323,0.0316,0.0445,304.63990185197736
Tue Jun 10 2025 20:00:00 GMT+0100 (British Summer Time),0.0323,0.0316,0.0448,30357.619656118437
Tue Jun 10 2025 21:00:00 GMT+0100 (British Summer Time),0.0323,0.0316,0.0448,0
Tue Jun 10 2025 22:00:00 GMT+0100 (British Summer Time),0.0323,0.0316,0.0448,449.0545184129913
Tue Jun 10 2025 23:00:00 GMT+0100 (British Summer Time),0.0323,0.0316,0.0448,0
Wed Jun 11 2025 00:00:00 GMT+0100 (British Summer Time),0.0323,0.0316,0.0448,0
Wed Jun 11 2025 01:00:00 GMT+0100 (British Summer Time),0.0323,0.0316,0.0448,0.000016243623422917433
Wed Jun 11 2025 02:00:00 GMT+0100 (British Summer Time),0.0323,0.0316,0.0448,5289.760727874678
Wed Jun 11 2025 03:00:00 GMT+0100 (British Summer Time),0.0321,0.03,0.0448,0
Wed Jun 11 2025 04:00:00 GMT+0100 (British Summer Time),0.0321,0.03,0.0448,0
Wed Jun 11 2025 05:00:00 GMT+0100 (British Summer Time),0.0321,0.03,0.0448,0
Wed Jun 11 2025 06:00:00 GMT+0100 (British Summer Time),0.0321,0.03,0.0448,0
Wed Jun 11 2025 07:00:00 GMT+0100 (British Summer Time),0.0321,0.03,0.0447,19361.272263375293
Wed Jun 11 2025 08:00:00 GMT+0100 (British Summer Time),0.0321,0.03,0.0445,14545.028302204351
Wed Jun 11 2025 09:00:00 GMT+0100 (British Summer Time),0.0321,0.03,0.0409,318935.773053188
Wed Jun 11 2025 10:00:00 GMT+0100 (British Summer Time),0.0321,0.03,0.0404,42492.82463430733
Wed Jun 11 2025 11:00:00 GMT+0100 (British Summer Time),0.0321,0.03,0.0404,0.05255818792065143
Wed Jun 11 2025 12:00:00 GMT+0100 (British Summer Time),0.0321,0.03,0.0404,0
Wed Jun 11 2025 13:00:00 GMT+0100 (British Summer Time),0.0321,0.03,0.0404,0
Wed Jun 11 2025 14:00:00 GMT+0100 (British Summer Time),0.0321,0.03,0.0404,0
Wed Jun 11 2025 15:00:00 GMT+0100 (British Summer Time),0.0344,0.0321,0.0405,1260.074687299889
Wed Jun 11 2025 16:00:00 GMT+0100 (British Summer Time),0.0344,0.0321,0.0404,728.4601176997417
Wed Jun 11 2025 17:00:00 GMT+0100 (British Summer Time),0.0344,0.0321,0.0405,1056.3121868741653
Wed Jun 11 2025 18:00:00 GMT+0100 (British Summer Time),0.0344,0.0321,0.0405,0
Wed Jun 11 2025 19:00:00 GMT+0100 (British Summer Time),0.0344,0.0321,0.0405,0
Wed Jun 11 2025 20:00:00 GMT+0100 (British Summer Time),0.0344,0.0321,0.0408,27342.338342836796
Wed Jun 11 2025 21:00:00 GMT+0100 (British Summer Time),0.0344,0.0321,0.0408,31.245610525233253
Wed Jun 11 2025 22:00:00 GMT+0100 (British Summer Time),0.0344,0.0321,0.0408,902.4582479499845
Wed Jun 11 2025 23:00:00 GMT+0100 (British Summer Time),0.0344,0.0321,0.0408,0
Thu Jun 12 2025 00:00:00 GMT+0100 (British Summer Time),0.0344,0.0321,0.0408,0
Thu Jun 12 2025 01:00:00 GMT+0100 (British Summer Time),0.0344,0.0321,0.0408,2926.366779049825
Thu Jun 12 2025 02:00:00 GMT+0100 (British Summer Time),0.0344,0.0321,0.0408,0
Thu Jun 12 2025 03:00:00 GMT+0100 (British Summer Time),0.0372,0.0313,0.041,16717.827471746034
Thu Jun 12 2025 04:00:00 GMT+0100 (British Summer Time),0.0372,0.0313,0.041,0
Thu Jun 12 2025 05:00:00 GMT+0100 (British Summer Time),0.0372,0.0313,0.041,0
Thu Jun 12 2025 06:00:00 GMT+0100 (British Summer Time),0.0372,0.0313,0.041,150.06355716837254
Thu Jun 12 2025 07:00:00 GMT+0100 (British Summer Time),0.0372,0.0313,0.041,0
Thu Jun 12 2025 08:00:00 GMT+0100 (British Summer Time),0.0372,0.0313,0.041,0
Thu Jun 12 2025 09:00:00 GMT+0100 (British Summer Time),0.0372,0.0313,0.041,0
Thu Jun 12 2025 10:00:00 GMT+0100 (British Summer Time),0.0372,0.0313,0.041,0
Thu Jun 12 2025 11:00:00 GMT+0100 (British Summer Time),0.0372,0.0313,0.041,0
Thu Jun 12 2025 12:00:00 GMT+0100 (British Summer Time),0.0372,0.0313,0.041,0
Thu Jun 12 2025 13:00:00 GMT+0100 (British Summer Time),0.0372,0.0313,0.041,1068.338177070198
Thu Jun 12 2025 14:00:00 GMT+0100 (British Summer Time),0.0372,0.0313,0.041,0
Thu Jun 12 2025 15:00:00 GMT+0100 (British Summer Time),0.0266,0.0305,0.041,0
Thu Jun 12 2025 16:00:00 GMT+0100 (British Summer Time),0.0266,0.0305,0.041,21.52953661754439
Thu Jun 12 2025 17:00:00 GMT+0100 (British Summer Time),0.0266,0.0305,0.041,0
Thu Jun 12 2025 18:00:00 GMT+0100 (British Summer Time),0.0266,0.0305,0.041,3280.238965847554
Thu Jun 12 2025 19:00:00 GMT+0100 (British Summer Time),0.0266,0.0305,0.041,0
Thu Jun 12 2025 20:00:00 GMT+0100 (British Summer Time),0.0266,0.0305,0.041,0
Thu Jun 12 2025 21:00:00 GMT+0100 (British Summer Time),0.0266,0.0305,0.041,0
Thu Jun 12 2025 22:00:00 GMT+0100 (British Summer Time),0.0266,0.0305,0.041,0
Thu Jun 12 2025 23:00:00 GMT+0100 (British Summer Time),0.0266,0.0305,0.041,0
Fri Jun 13 2025 00:00:00 GMT+0100 (British Summer Time),0.0266,0.0305,0.041,0
Fri Jun 13 2025 01:00:00 GMT+0100 (British Summer Time),0.0266,0.0305,0.041,0.0000036988280723235385
Fri Jun 13 2025 02:00:00 GMT+0100 (British Summer Time),0.0266,0.0305,0.041,0
Fri Jun 13 2025 03:00:00 GMT+0100 (British Summer Time),0.024,0.0312,0.041,0
Fri Jun 13 2025 04:00:00 GMT+0100 (British Summer Time),0.024,0.0312,0.041,10.742178751242152
Fri Jun 13 2025 05:00:00 GMT+0100 (British Summer Time),0.024,0.0312,0.041,1002.3950919966921
Fri Jun 13 2025 06:00:00 GMT+0100 (British Summer Time),0.024,0.0312,0.041,0
Fri Jun 13 2025 07:00:00 GMT+0100 (British Summer Time),0.024,0.0312,0.041,0
Fri Jun 13 2025 08:00:00 GMT+0100 (British Summer Time),0.024,0.0312,0.041,0
Fri Jun 13 2025 09:00:00 GMT+0100 (British Summer Time),0.024,0.0312,0.0411,2993.5068887406037
Fri Jun 13 2025 10:00:00 GMT+0100 (British Summer Time),0.024,0.0312,0.0411,7.14551050013567
Fri Jun 13 2025 11:00:00 GMT+0100 (British Summer Time),0.024,0.0312,0.0411,0.00024335725295726726
Fri Jun 13 2025 12:00:00 GMT+0100 (British Summer Time),0.024,0.0312,0.0411,0
Fri Jun 13 2025 13:00:00 GMT+0100 (British Summer Time),0.024,0.0312,0.0411,635.662994619193
Fri Jun 13 2025 14:00:00 GMT+0100 (British Summer Time),0.024,0.0312,0.0411,0
Fri Jun 13 2025 15:00:00 GMT+0100 (British Summer Time),0.0275,0.0304,0.0411,0
Fri Jun 13 2025 16:00:00 GMT+0100 (British Summer Time),0.0275,0.0304,0.0411,0
Fri Jun 13 2025 17:00:00 GMT+0100 (British Summer Time),0.0275,0.0304,0.0411,0
Fri Jun 13 2025 18:00:00 GMT+0100 (British Summer Time),0.0275,0.0304,0.0411,10.18535018563668
Fri Jun 13 2025 19:00:00 GMT+0100 (British Summer Time),0.0275,0.0304,0.0411,0
Fri Jun 13 2025 20:00:00 GMT+0100 (British Summer Time),0.0275,0.0304,0.0411,0
Fri Jun 13 2025 21:00:00 GMT+0100 (British Summer Time),0.0275,0.0304,0.0411,0
Fri Jun 13 2025 22:00:00 GMT+0100 (British Summer Time),0.0275,0.0304,0.0411,609.9932875057597
Fri Jun 13 2025 23:00:00 GMT+0100 (British Summer Time),0.0277,0.0306,0.0411,0
Sat Jun 14 2025 00:00:00 GMT+0100 (British Summer Time),0.0277,0.0306,0.0411,0
Sat Jun 14 2025 01:00:00 GMT+0100 (British Summer Time),0.0277,0.0306,0.0411,0
Sat Jun 14 2025 02:00:00 GMT+0100 (British Summer Time),0.0277,0.0306,0.0411,0
Sat Jun 14 2025 03:00:00 GMT+0100 (British Summer Time),0.039,0.031,0.0411,282.601553143027
Sat Jun 14 2025 04:00:00 GMT+0100 (British Summer Time),0.039,0.031,0.0411,0
Sat Jun 14 2025 05:00:00 GMT+0100 (British Summer Time),0.039,0.031,0.0411,0
Sat Jun 14 2025 06:00:00 GMT+0100 (British Summer Time),0.039,0.031,0.0411,0
Sat Jun 14 2025 07:00:00 GMT+0100 (British Summer Time),0.039,0.031,0.0411,0
Sat Jun 14 2025 08:00:00 GMT+0100 (British Summer Time),0.039,0.031,0.0411,0
Sat Jun 14 2025 09:00:00 GMT+0100 (British Summer Time),0.039,0.031,0.0411,0
Sat Jun 14 2025 10:00:00 GMT+0100 (British Summer Time),0.039,0.031,0.0411,0
Sat Jun 14 2025 11:00:00 GMT+0100 (British Summer Time),0.039,0.031,0.0411,0
Sat Jun 14 2025 12:00:00 GMT+0100 (British Summer Time),0.039,0.031,0.0411,128.25965616051778
Sat Jun 14 2025 13:00:00 GMT+0100 (British Summer Time),0.039,0.031,0.0411,0
Sat Jun 14 2025 14:00:00 GMT+0100 (British Summer Time),0.039,0.031,0.0411,0
Sat Jun 14 2025 15:00:00 GMT+0100 (British Summer Time),0.0406,0.0318,0.0411,0
Sat Jun 14 2025 16:00:00 GMT+0100 (British Summer Time),0.0406,0.0318,0.0409,17362.656858043865
Sat Jun 14 2025 17:00:00 GMT+0100 (British Summer Time),0.0406,0.0318,0.0405,28399.847113824857
Sat Jun 14 2025 18:00:00 GMT+0100 (British Summer Time),0.0406,0.0318,0.0405,0
Sat Jun 14 2025 19:00:00 GMT+0100 (British Summer Time),0.0406,0.0318,0.0405,2716.731248229851
Sat Jun 14 2025 20:00:00 GMT+0100 (British Summer Time),0.0406,0.0318,0.0405,0
Sat Jun 14 2025 21:00:00 GMT+0100 (British Summer Time),0.0406,0.0318,0.0405,0
Sat Jun 14 2025 22:00:00 GMT+0100 (British Summer Time),0.0406,0.0318,0.0405,545.6605941601683
Sat Jun 14 2025 23:00:00 GMT+0100 (British Summer Time),0.0406,0.0318,0.0405,333.1711520739434
Sun Jun 15 2025 00:00:00 GMT+0100 (British Summer Time),0.0406,0.0318,0.0405,0
Sun Jun 15 2025 01:00:00 GMT+0100 (British Summer Time),0.0406,0.0318,0.0405,3181.4655494064623
Sun Jun 15 2025 02:00:00 GMT+0100 (British Summer Time),0.0406,0.0318,0.0405,0
Sun Jun 15 2025 03:00:00 GMT+0100 (British Summer Time),0.0286,0.0314,0.0405,0
Sun Jun 15 2025 04:00:00 GMT+0100 (British Summer Time),0.0286,0.0314,0.0405,0
Sun Jun 15 2025 05:00:00 GMT+0100 (British Summer Time),0.0286,0.0314,0.0405,0
Sun Jun 15 2025 06:00:00 GMT+0100 (British Summer Time),0.0286,0.0314,0.0405,0
Sun Jun 15 2025 07:00:00 GMT+0100 (British Summer Time),0.0286,0.0314,0.0405,0
Sun Jun 15 2025 08:00:00 GMT+0100 (British Summer Time),0.0286,0.0314,0.0397,65153.28145321527
Sun Jun 15 2025 09:00:00 GMT+0100 (British Summer Time),0.0286,0.0314,0.0397,0
Sun Jun 15 2025 10:00:00 GMT+0100 (British Summer Time),0.0286,0.0314,0.0397,0
Sun Jun 15 2025 11:00:00 GMT+0100 (British Summer Time),0.0286,0.0314,0.0397,0
Sun Jun 15 2025 12:00:00 GMT+0100 (British Summer Time),0.0286,0.0314,0.0397,800.9379566557187
Sun Jun 15 2025 13:00:00 GMT+0100 (British Summer Time),0.0286,0.0314,0.0397,0
Sun Jun 15 2025 14:00:00 GMT+0100 (British Summer Time),0.0286,0.0314,0.0397,0
Sun Jun 15 2025 15:00:00 GMT+0100 (British Summer Time),0.026,0.033,0.0397,0
Sun Jun 15 2025 16:00:00 GMT+0100 (British Summer Time),0.026,0.033,0.0397,0
Sun Jun 15 2025 17:00:00 GMT+0100 (British Summer Time),0.026,0.033,0.0397,0
Sun Jun 15 2025 18:00:00 GMT+0100 (British Summer Time),0.026,0.033,0.0397,0
Sun Jun 15 2025 19:00:00 GMT+0100 (British Summer Time),0.026,0.033,0.0397,0
Sun Jun 15 2025 20:00:00 GMT+0100 (British Summer Time),0.026,0.033,0.0397,3069.014005052181
Sun Jun 15 2025 21:00:00 GMT+0100 (British Summer Time),0.026,0.033,0.0397,0
Sun Jun 15 2025 22:00:00 GMT+0100 (British Summer Time),0.026,0.033,0.0397,0
Sun Jun 15 2025 23:00:00 GMT+0100 (British Summer Time),0.026,0.033,0.0397,0
Mon Jun 16 2025 00:00:00 GMT+0100 (British Summer Time),0.026,0.033,0.0397,0
Mon Jun 16 2025 01:00:00 GMT+0100 (British Summer Time),0.026,0.033,0.0397,0
Mon Jun 16 2025 02:00:00 GMT+0100 (British Summer Time),0.026,0.033,0.0397,0
Mon Jun 16 2025 03:00:00 GMT+0100 (British Summer Time),0.0353,0.0357,0.0396,12542.41114402784
Mon Jun 16 2025 04:00:00 GMT+0100 (British Summer Time),0.0353,0.0357,0.0396,0
Mon Jun 16 2025 05:00:00 GMT+0100 (British Summer Time),0.0353,0.0357,0.0396,0
Mon Jun 16 2025 06:00:00 GMT+0100 (British Summer Time),0.0353,0.0357,0.0396,0
Mon Jun 16 2025 07:00:00 GMT+0100 (British Summer Time),0.0353,0.0357,0.0396,0
Mon Jun 16 2025 08:00:00 GMT+0100 (British Summer Time),0.0353,0.0357,0.0396,0
Mon Jun 16 2025 09:00:00 GMT+0100 (British Summer Time),0.0353,0.0357,0.0396,0
Mon Jun 16 2025 10:00:00 GMT+0100 (British Summer Time),0.0353,0.0357,0.0396,0
Mon Jun 16 2025 11:00:00 GMT+0100 (British Summer Time),0.0353,0.0357,0.0396,0
Mon Jun 16 2025 12:00:00 GMT+0100 (British Summer Time),0.0353,0.0357,0.0396,0
Mon Jun 16 2025 13:00:00 GMT+0100 (British Summer Time),0.0353,0.0357,0.0396,0
Mon Jun 16 2025 14:00:00 GMT+0100 (British Summer Time),0.0353,0.0357,0.0396,0
Mon Jun 16 2025 15:00:00 GMT+0100 (British Summer Time),0.0323,0.0315,0.0396,0
Mon Jun 16 2025 16:00:00 GMT+0100 (British Summer Time),0.0323,0.0315,0.0396,0
Mon Jun 16 2025 17:00:00 GMT+0100 (British Summer Time),0.0323,0.0315,0.0396,0
Mon Jun 16 2025 18:00:00 GMT+0100 (British Summer Time),0.0323,0.0315,0.0396,0
Mon Jun 16 2025 19:00:00 GMT+0100 (British Summer Time),0.0323,0.0315,0.0396,0
Mon Jun 16 2025 20:00:00 GMT+0100 (British Summer Time),0.0323,0.0315,0.0396,0
Mon Jun 16 2025 21:00:00 GMT+0100 (British Summer Time),0.0323,0.0315,0.0379,213961.31077741768
Mon Jun 16 2025 22:00:00 GMT+0100 (British Summer Time),0.0323,0.0315,0.0379,0
Mon Jun 16 2025 23:00:00 GMT+0100 (British Summer Time),0.0323,0.0315,0.0379,0
Tue Jun 17 2025 00:00:00 GMT+0100 (British Summer Time),0.0323,0.0315,0.0379,0
Tue Jun 17 2025 01:00:00 GMT+0100 (British Summer Time),0.0323,0.0315,0.0379,0
Tue Jun 17 2025 02:00:00 GMT+0100 (British Summer Time),0.0323,0.0315,0.0379,0
Tue Jun 17 2025 03:00:00 GMT+0100 (British Summer Time),0.0309,0.0325,0.0379,0
Tue Jun 17 2025 04:00:00 GMT+0100 (British Summer Time),0.0309,0.0325,0.0379,0
Tue Jun 17 2025 05:00:00 GMT+0100 (British Summer Time),0.0309,0.0325,0.0379,0
Tue Jun 17 2025 06:00:00 GMT+0100 (British Summer Time),0.0309,0.0325,0.0379,120.1069606605115
Tue Jun 17 2025 07:00:00 GMT+0100 (British Summer Time),0.0309,0.0325,0.0379,1427.6441574466392
Tue Jun 17 2025 08:00:00 GMT+0100 (British Summer Time),0.0309,0.0325,0.0379,0
Tue Jun 17 2025 09:00:00 GMT+0100 (British Summer Time),0.0309,0.0325,0.0379,0
Tue Jun 17 2025 10:00:00 GMT+0100 (British Summer Time),0.0309,0.0325,0.0379,0
Tue Jun 17 2025 11:00:00 GMT+0100 (British Summer Time),0.0309,0.0325,0.0379,0
Tue Jun 17 2025 12:00:00 GMT+0100 (British Summer Time),0.0309,0.0325,0.0379,0
Tue Jun 17 2025 13:00:00 GMT+0100 (British Summer Time),0.0309,0.0325,0.0379,0
Tue Jun 17 2025 14:00:00 GMT+0100 (British Summer Time),0.0309,0.0325,0.0379,5.4809113491017145
Tue Jun 17 2025 15:00:00 GMT+0100 (British Summer Time),0.0291,0.031,0.038,5745.253188134784
Tue Jun 17 2025 16:00:00 GMT+0100 (British Summer Time),0.0291,0.031,0.038,0
Tue Jun 17 2025 17:00:00 GMT+0100 (British Summer Time),0.0291,0.031,0.038,0
Tue Jun 17 2025 18:00:00 GMT+0100 (British Summer Time),0.0291,0.031,0.038,0
Tue Jun 17 2025 19:00:00 GMT+0100 (British Summer Time),0.0291,0.031,0.038,0
Tue Jun 17 2025 20:00:00 GMT+0100 (British Summer Time),0.0291,0.031,0.038,0
Tue Jun 17 2025 21:00:00 GMT+0100 (British Summer Time),0.0291,0.031,0.038,0
Tue Jun 17 2025 22:00:00 GMT+0100 (British Summer Time),0.0291,0.031,0.038,12.70214557624118
Tue Jun 17 2025 23:00:00 GMT+0100 (British Summer Time),0.0291,0.031,0.038,0
Wed Jun 18 2025 00:00:00 GMT+0100 (British Summer Time),0.0291,0.031,0.038,0
Wed Jun 18 2025 01:00:00 GMT+0100 (British Summer Time),0.0291,0.031,0.038,0
Wed Jun 18 2025 02:00:00 GMT+0100 (British Summer Time),0.0291,0.031,0.038,0
Wed Jun 18 2025 03:00:00 GMT+0100 (British Summer Time),0.0291,0.0321,0.038,0
Wed Jun 18 2025 04:00:00 GMT+0100 (British Summer Time),0.0291,0.0321,0.038,0
Wed Jun 18 2025 05:00:00 GMT+0100 (British Summer Time),0.0291,0.0321,0.038,0
Wed Jun 18 2025 06:00:00 GMT+0100 (British Summer Time),0.0291,0.0321,0.038,0
Wed Jun 18 2025 07:00:00 GMT+0100 (British Summer Time),0.0291,0.0321,0.038,0
Wed Jun 18 2025 08:00:00 GMT+0100 (British Summer Time),0.0291,0.0321,0.038,135.29501771672824
Wed Jun 18 2025 09:00:00 GMT+0100 (British Summer Time),0.0291,0.0321,0.038,0
Wed Jun 18 2025 10:00:00 GMT+0100 (British Summer Time),0.0291,0.0321,0.038,0
Wed Jun 18 2025 11:00:00 GMT+0100 (British Summer Time),0.0291,0.0321,0.038,0
Wed Jun 18 2025 12:00:00 GMT+0100 (British Summer Time),0.0291,0.0321,0.038,0
Wed Jun 18 2025 13:00:00 GMT+0100 (British Summer Time),0.0291,0.0321,0.038,0
Wed Jun 18 2025 14:00:00 GMT+0100 (British Summer Time),0.0291,0.0321,0.038,0
Wed Jun 18 2025 15:00:00 GMT+0100 (British Summer Time),0.031,0.0305,0.038,0
Wed Jun 18 2025 16:00:00 GMT+0100 (British Summer Time),0.031,0.0305,0.038,0
Wed Jun 18 2025 17:00:00 GMT+0100 (British Summer Time),0.031,0.0305,0.0377,23891.829050031447
Wed Jun 18 2025 18:00:00 GMT+0100 (British Summer Time),0.031,0.0305,0.0377,0
Wed Jun 18 2025 19:00:00 GMT+0100 (British Summer Time),0.031,0.0305,0.0377,2655.887135860365
Wed Jun 18 2025 20:00:00 GMT+0100 (British Summer Time),0.031,0.0305,0.0377,0
Wed Jun 18 2025 21:00:00 GMT+0100 (British Summer Time),0.031,0.0305,0.0377,0
Wed Jun 18 2025 22:00:00 GMT+0100 (British Summer Time),0.031,0.0305,0.0377,0
Wed Jun 18 2025 23:00:00 GMT+0100 (British Summer Time),0.031,0.0305,0.0377,0
Thu Jun 19 2025 00:00:00 GMT+0100 (British Summer Time),0.031,0.0305,0.0377,0
Thu Jun 19 2025 01:00:00 GMT+0100 (British Summer Time),0.031,0.0305,0.0376,8201.847655649353
Thu Jun 19 2025 02:00:00 GMT+0100 (British Summer Time),0.031,0.0305,0.0376,0
Thu Jun 19 2025 03:00:00 GMT+0100 (British Summer Time),0.0355,0.0318,0.0376,0
Thu Jun 19 2025 04:00:00 GMT+0100 (British Summer Time),0.0355,0.0318,0.0376,0
Thu Jun 19 2025 05:00:00 GMT+0100 (British Summer Time),0.0355,0.0318,0.0376,0
Thu Jun 19 2025 06:00:00 GMT+0100 (British Summer Time),0.0356,0.0319,0.0376,0
Thu Jun 19 2025 07:00:00 GMT+0100 (British Summer Time),0.0356,0.0319,0.0376,274.2102790559179
Thu Jun 19 2025 08:00:00 GMT+0100 (British Summer Time),0.0356,0.0319,0.0376,2.000198870687404
Thu Jun 19 2025 09:00:00 GMT+0100 (British Summer Time),0.0356,0.0319,0.0376,847.5659503007028
Thu Jun 19 2025 10:00:00 GMT+0100 (British Summer Time),0.0356,0.0319,0.0376,0
Thu Jun 19 2025 11:00:00 GMT+0100 (British Summer Time),0.0356,0.0319,0.0376,0
Thu Jun 19 2025 12:00:00 GMT+0100 (British Summer Time),0.0356,0.0319,0.0376,0
Thu Jun 19 2025 13:00:00 GMT+0100 (British Summer Time),0.0356,0.0319,0.0376,0
Thu Jun 19 2025 14:00:00 GMT+0100 (British Summer Time),0.0356,0.0319,0.0376,1830.663568458769
Thu Jun 19 2025 15:00:00 GMT+0100 (British Summer Time),0.0357,0.0319,0.0376,253.67516410376422
Thu Jun 19 2025 16:00:00 GMT+0100 (British Summer Time),0.0357,0.0319,0.0376,0
Thu Jun 19 2025 17:00:00 GMT+0100 (British Summer Time),0.0357,0.0319,0.0376,0
Thu Jun 19 2025 18:00:00 GMT+0100 (British Summer Time),0.0357,0.0319,0.0376,0
Thu Jun 19 2025 19:00:00 GMT+0100 (British Summer Time),0.0357,0.0319,0.0376,0
Thu Jun 19 2025 20:00:00 GMT+0100 (British Summer Time),0.0357,0.0319,0.0376,0
Thu Jun 19 2025 21:00:00 GMT+0100 (British Summer Time),0.0357,0.0319,0.0377,1845.3339619173846
Thu Jun 19 2025 22:00:00 GMT+0100 (British Summer Time),0.0357,0.0319,0.0377,0
Thu Jun 19 2025 23:00:00 GMT+0100 (British Summer Time),0.0357,0.0319,0.0377,0
Fri Jun 20 2025 00:00:00 GMT+0100 (British Summer Time),0.0357,0.0319,0.0377,0
Fri Jun 20 2025 01:00:00 GMT+0100 (British Summer Time),0.0357,0.0319,0.0377,0
Fri Jun 20 2025 02:00:00 GMT+0100 (British Summer Time),0.0357,0.0319,0.0377,0
Fri Jun 20 2025 03:00:00 GMT+0100 (British Summer Time),0.0239,0.0318,0.0377,0
Fri Jun 20 2025 04:00:00 GMT+0100 (British Summer Time),0.0239,0.0318,0.0377,0
Fri Jun 20 2025 05:00:00 GMT+0100 (British Summer Time),0.0239,0.0318,0.0377,0
Fri Jun 20 2025 06:00:00 GMT+0100 (British Summer Time),0.0239,0.0318,0.0377,0
Fri Jun 20 2025 07:00:00 GMT+0100 (British Summer Time),0.0239,0.0318,0.0381,30262.99046732095
Fri Jun 20 2025 08:00:00 GMT+0100 (British Summer Time),0.0239,0.0318,0.0381,0
Fri Jun 20 2025 09:00:00 GMT+0100 (British Summer Time),0.0239,0.0318,0.0381,46.98809878845655
Fri Jun 20 2025 10:00:00 GMT+0100 (British Summer Time),0.0239,0.0318,0.0381,0
Fri Jun 20 2025 11:00:00 GMT+0100 (British Summer Time),0.0239,0.0318,0.0381,0
Fri Jun 20 2025 12:00:00 GMT+0100 (British Summer Time),0.0239,0.0318,0.0381,0.00004846512212254819
Fri Jun 20 2025 13:00:00 GMT+0100 (British Summer Time),0.0239,0.0318,0.0381,0
Fri Jun 20 2025 14:00:00 GMT+0100 (British Summer Time),0.0239,0.0318,0.0381,0
Fri Jun 20 2025 15:00:00 GMT+0100 (British Summer Time),0.0327,0.0326,0.0381,0
Fri Jun 20 2025 16:00:00 GMT+0100 (British Summer Time),0.0327,0.0326,0.0381,0
Fri Jun 20 2025 17:00:00 GMT+0100 (British Summer Time),0.0327,0.0326,0.0381,0
Fri Jun 20 2025 18:00:00 GMT+0100 (British Summer Time),0.0327,0.0326,0.0381,46.55836963078978
Fri Jun 20 2025 19:00:00 GMT+0100 (British Summer Time),0.0327,0.0326,0.0381,0
Fri Jun 20 2025 20:00:00 GMT+0100 (British Summer Time),0.0327,0.0326,0.0381,0
Fri Jun 20 2025 21:00:00 GMT+0100 (British Summer Time),0.0327,0.0326,0.0381,0
Fri Jun 20 2025 22:00:00 GMT+0100 (British Summer Time),0.0327,0.0326,0.0381,0
Fri Jun 20 2025 23:00:00 GMT+0100 (British Summer Time),0.0327,0.0326,0.0381,0
Sat Jun 21 2025 00:00:00 GMT+0100 (British Summer Time),0.0327,0.0326,0.0381,0
Sat Jun 21 2025 01:00:00 GMT+0100 (British Summer Time),0.0327,0.0326,0.0381,0
Sat Jun 21 2025 02:00:00 GMT+0100 (British Summer Time),0.0327,0.0326,0.0381,0
Sat Jun 21 2025 03:00:00 GMT+0100 (British Summer Time),0.0321,0.0308,0.0381,0
Sat Jun 21 2025 04:00:00 GMT+0100 (British Summer Time),0.0321,0.0308,0.0381,0
Sat Jun 21 2025 05:00:00 GMT+0100 (British Summer Time),0.0321,0.0308,0.0381,0
Sat Jun 21 2025 06:00:00 GMT+0100 (British Summer Time),0.0321,0.0308,0.0381,0
Sat Jun 21 2025 07:00:00 GMT+0100 (British Summer Time),0.0321,0.0308,0.0383,20250.436842304145
Sat Jun 21 2025 08:00:00 GMT+0100 (British Summer Time),0.0321,0.0308,0.0383,0
Sat Jun 21 2025 09:00:00 GMT+0100 (British Summer Time),0.0321,0.0308,0.0383,1.9994112066084528
Sat Jun 21 2025 10:00:00 GMT+0100 (British Summer Time),0.0321,0.0308,0.0383,5.0370939173174065
Sat Jun 21 2025 11:00:00 GMT+0100 (British Summer Time),0.0321,0.0308,0.0383,0
Sat Jun 21 2025 12:00:00 GMT+0100 (British Summer Time),0.0321,0.0308,0.0383,0
Sat Jun 21 2025 13:00:00 GMT+0100 (British Summer Time),0.0321,0.0308,0.0383,0
Sat Jun 21 2025 14:00:00 GMT+0100 (British Summer Time),0.0321,0.0308,0.0383,0
Sat Jun 21 2025 15:00:00 GMT+0100 (British Summer Time),0.0334,0.0315,0.0383,0
Sat Jun 21 2025 16:00:00 GMT+0100 (British Summer Time),0.0334,0.0315,0.0383,2227.356081468695
Sat Jun 21 2025 17:00:00 GMT+0100 (British Summer Time),0.0334,0.0315,0.0384,5528.186148118784
Sat Jun 21 2025 18:00:00 GMT+0100 (British Summer Time),0.0334,0.0315,0.0384,0
Sat Jun 21 2025 19:00:00 GMT+0100 (British Summer Time),0.0334,0.0315,0.0384,0
Sat Jun 21 2025 20:00:00 GMT+0100 (British Summer Time),0.0334,0.0315,0.0384,968.0311075680089
Sat Jun 21 2025 21:00:00 GMT+0100 (British Summer Time),0.0334,0.0315,0.0384,0
Sat Jun 21 2025 22:00:00 GMT+0100 (British Summer Time),0.0334,0.0315,0.0384,0
Sat Jun 21 2025 23:00:00 GMT+0100 (British Summer Time),0.0334,0.0315,0.0385,444.46396798546346
Sun Jun 22 2025 00:00:00 GMT+0100 (British Summer Time),0.0334,0.0315,0.0385,0
Sun Jun 22 2025 01:00:00 GMT+0100 (British Summer Time),0.0334,0.0315,0.0385,0
Sun Jun 22 2025 02:00:00 GMT+0100 (British Summer Time),0.0334,0.0315,0.0384,523.6435893854684
Sun Jun 22 2025 03:00:00 GMT+0100 (British Summer Time),0.0336,0.0315,0.0385,1548.290198697351
Sun Jun 22 2025 04:00:00 GMT+0100 (British Summer Time),0.0336,0.0315,0.0385,1114.479218818035
Sun Jun 22 2025 05:00:00 GMT+0100 (British Summer Time),0.0336,0.0315,0.0385,0
Sun Jun 22 2025 06:00:00 GMT+0100 (British Summer Time),0.0336,0.0315,0.0385,0
Sun Jun 22 2025 07:00:00 GMT+0100 (British Summer Time),0.0336,0.0315,0.0385,0
Sun Jun 22 2025 08:00:00 GMT+0100 (British Summer Time),0.0336,0.0315,0.0386,6072.534520335329
Sun Jun 22 2025 09:00:00 GMT+0100 (British Summer Time),0.0336,0.0315,0.0386,1485.075805621031
Sun Jun 22 2025 10:00:00 GMT+0100 (British Summer Time),0.0336,0.0315,0.0386,2517.756807867464
Sun Jun 22 2025 11:00:00 GMT+0100 (British Summer Time),0.0336,0.0315,0.0386,1035.564637447715
Sun Jun 22 2025 12:00:00 GMT+0100 (British Summer Time),0.0336,0.0315,0.0386,0
Sun Jun 22 2025 13:00:00 GMT+0100 (British Summer Time),0.0336,0.0315,0.0386,0
Sun Jun 22 2025 14:00:00 GMT+0100 (British Summer Time),0.0336,0.0315,0.0386,0
Sun Jun 22 2025 15:00:00 GMT+0100 (British Summer Time),0.0256,0.0314,0.0386,0
Sun Jun 22 2025 16:00:00 GMT+0100 (British Summer Time),0.0256,0.0314,0.0386,0
Sun Jun 22 2025 17:00:00 GMT+0100 (British Summer Time),0.0256,0.0314,0.0386,0
Sun Jun 22 2025 18:00:00 GMT+0100 (British Summer Time),0.0256,0.0314,0.0386,438.5254221119892
Sun Jun 22 2025 19:00:00 GMT+0100 (British Summer Time),0.0256,0.0314,0.0386,0
Sun Jun 22 2025 20:00:00 GMT+0100 (British Summer Time),0.0256,0.0314,0.0386,0
Sun Jun 22 2025 21:00:00 GMT+0100 (British Summer Time),0.0256,0.0314,0.0386,0
Sun Jun 22 2025 22:00:00 GMT+0100 (British Summer Time),0.0256,0.0314,0.0386,17.569221033978003
Sun Jun 22 2025 23:00:00 GMT+0100 (British Summer Time),0.0256,0.0314,0.0386,0
Mon Jun 23 2025 00:00:00 GMT+0100 (British Summer Time),0.0256,0.0314,0.0386,0
Mon Jun 23 2025 01:00:00 GMT+0100 (British Summer Time),0.0256,0.0314,0.0386,0
Mon Jun 23 2025 02:00:00 GMT+0100 (British Summer Time),0.0256,0.0314,0.0386,0
Mon Jun 23 2025 03:00:00 GMT+0100 (British Summer Time),0.0378,0.0319,0.0386,0
Mon Jun 23 2025 04:00:00 GMT+0100 (British Summer Time),0.0378,0.0319,0.0386,0
Mon Jun 23 2025 05:00:00 GMT+0100 (British Summer Time),0.0378,0.0319,0.0386,0
Mon Jun 23 2025 06:00:00 GMT+0100 (British Summer Time),0.0378,0.0319,0.0386,0
Mon Jun 23 2025 07:00:00 GMT+0100 (British Summer Time),0.0378,0.0319,0.0386,0
Mon Jun 23 2025 08:00:00 GMT+0100 (British Summer Time),0.0378,0.0319,0.0386,0
Mon Jun 23 2025 09:00:00 GMT+0100 (British Summer Time),0.0378,0.0319,0.0386,0
Mon Jun 23 2025 10:00:00 GMT+0100 (British Summer Time),0.0378,0.0319,0.0386,0
Mon Jun 23 2025 11:00:00 GMT+0100 (British Summer Time),0.0378,0.0319,0.0386,0
Mon Jun 23 2025 12:00:00 GMT+0100 (British Summer Time),0.0378,0.0319,0.0386,0
Mon Jun 23 2025 13:00:00 GMT+0100 (British Summer Time),0.0378,0.0319,0.0386,0.0002113161272536927
Mon Jun 23 2025 14:00:00 GMT+0100 (British Summer Time),0.0378,0.0319,0.0386,0
Mon Jun 23 2025 15:00:00 GMT+0100 (British Summer Time),0.0371,0.0321,0.0386,0
Mon Jun 23 2025 16:00:00 GMT+0100 (British Summer Time),0.0371,0.0321,0.0386,0
Mon Jun 23 2025 17:00:00 GMT+0100 (British Summer Time),0.0371,0.0321,0.0386,0
Mon Jun 23 2025 18:00:00 GMT+0100 (British Summer Time),0.0371,0.0321,0.0386,0
Mon Jun 23 2025 19:00:00 GMT+0100 (British Summer Time),0.0371,0.0321,0.0386,0
Mon Jun 23 2025 20:00:00 GMT+0100 (British Summer Time),0.0371,0.0321,0.0386,0
Mon Jun 23 2025 21:00:00 GMT+0100 (British Summer Time),0.0371,0.0321,0.0386,0