time,underlyingApy1DMA,underlyingApy7DMA,impliedApy,volume
Sun Oct 27 2024 01:00:00 GMT+0100 (British Summer Time),0.0143,0.0265,0.0464,357.82506020926064
Sun Oct 27 2024 01:00:00 GMT+0000 (Greenwich Mean Time),0.0143,0.0265,0.0464,0
Sun Oct 27 2024 02:00:00 GMT+0000 (Greenwich Mean Time),0.0143,0.0265,0.0464,403.1262916138514
Sun Oct 27 2024 03:00:00 GMT+0000 (Greenwich Mean Time),0.0143,0.0265,0.0464,279.86592666491407
Sun Oct 27 2024 04:00:00 GMT+0000 (Greenwich Mean Time),0.0144,0.0265,0.0464,49.18253726412771
Sun Oct 27 2024 05:00:00 GMT+0000 (Greenwich Mean Time),0.0143,0.0265,0.0464,0
Sun Oct 27 2024 06:00:00 GMT+0000 (Greenwich Mean Time),0.0143,0.0265,0.0464,239.91867125478518
Sun Oct 27 2024 07:00:00 GMT+0000 (Greenwich Mean Time),0.0143,0.025,0.0464,0
Sun Oct 27 2024 08:00:00 GMT+0000 (Greenwich Mean Time),0.0145,0.0235,0.0458,37495.78395030262
Sun Oct 27 2024 09:00:00 GMT+0000 (Greenwich Mean Time),0.0145,0.0235,0.0458,2669.1365028732785
Sun Oct 27 2024 10:00:00 GMT+0000 (Greenwich Mean Time),0.0145,0.0235,0.0459,1288.568092841908
Sun Oct 27 2024 11:00:00 GMT+0000 (Greenwich Mean Time),0.0145,0.0235,0.0459,0
Sun Oct 27 2024 12:00:00 GMT+0000 (Greenwich Mean Time),0.0145,0.0235,0.0459,367.8355173072968
Sun Oct 27 2024 13:00:00 GMT+0000 (Greenwich Mean Time),0.0145,0.0235,0.0459,0
Sun Oct 27 2024 14:00:00 GMT+0000 (Greenwich Mean Time),0.0145,0.0235,0.0459,4127.045967798063
Sun Oct 27 2024 15:00:00 GMT+0000 (Greenwich Mean Time),0.0145,0.0235,0.0459,0
Sun Oct 27 2024 16:00:00 GMT+0000 (Greenwich Mean Time),0.0145,0.0235,0.046,1367.8683645610488
Sun Oct 27 2024 17:00:00 GMT+0000 (Greenwich Mean Time),0.0145,0.0235,0.046,20.761759360280543
Sun Oct 27 2024 18:00:00 GMT+0000 (Greenwich Mean Time),0.0145,0.0235,0.046,4968.068498739812
Sun Oct 27 2024 19:00:00 GMT+0000 (Greenwich Mean Time),0.0145,0.0235,0.046,2.0076319563547367
Sun Oct 27 2024 20:00:00 GMT+0000 (Greenwich Mean Time),0.0145,0.0235,0.046,0
Sun Oct 27 2024 21:00:00 GMT+0000 (Greenwich Mean Time),0.0145,0.0235,0.046,0
Sun Oct 27 2024 22:00:00 GMT+0000 (Greenwich Mean Time),0.0145,0.0235,0.0461,672.9255442966206
Sun Oct 27 2024 23:00:00 GMT+0000 (Greenwich Mean Time),0.0145,0.0235,0.0461,0
Mon Oct 28 2024 00:00:00 GMT+0000 (Greenwich Mean Time),0.0145,0.0235,0.0461,0
Mon Oct 28 2024 01:00:00 GMT+0000 (Greenwich Mean Time),0.0145,0.0235,0.0461,42.36749284932813
Mon Oct 28 2024 02:00:00 GMT+0000 (Greenwich Mean Time),0.0145,0.0235,0.0461,74.22956152650531
Mon Oct 28 2024 03:00:00 GMT+0000 (Greenwich Mean Time),0.0145,0.0235,0.0461,0
Mon Oct 28 2024 04:00:00 GMT+0000 (Greenwich Mean Time),0.0145,0.0235,0.0461,0
Mon Oct 28 2024 05:00:00 GMT+0000 (Greenwich Mean Time),0.0145,0.0235,0.0461,0
Mon Oct 28 2024 06:00:00 GMT+0000 (Greenwich Mean Time),0.0145,0.0235,0.0461,1.9009708283665152
Mon Oct 28 2024 07:00:00 GMT+0000 (Greenwich Mean Time),0.0145,0.0212,0.0461,1.9820349359089926
Mon Oct 28 2024 08:00:00 GMT+0000 (Greenwich Mean Time),0.0203,0.0211,0.0461,1559.8237141935324
Mon Oct 28 2024 09:00:00 GMT+0000 (Greenwich Mean Time),0.0202,0.0211,0.0462,4814.731257144582
Mon Oct 28 2024 10:00:00 GMT+0000 (Greenwich Mean Time),0.0202,0.0211,0.0462,0
Mon Oct 28 2024 11:00:00 GMT+0000 (Greenwich Mean Time),0.0202,0.0211,0.0462,60.74498025880151
Mon Oct 28 2024 12:00:00 GMT+0000 (Greenwich Mean Time),0.0202,0.0211,0.0462,0
Mon Oct 28 2024 13:00:00 GMT+0000 (Greenwich Mean Time),0.0203,0.0211,0.0462,18.755003295972536
Mon Oct 28 2024 14:00:00 GMT+0000 (Greenwich Mean Time),0.0202,0.0211,0.0462,508.0632996850393
Mon Oct 28 2024 15:00:00 GMT+0000 (Greenwich Mean Time),0.0202,0.0211,0.0462,4198.856678479903
Mon Oct 28 2024 16:00:00 GMT+0000 (Greenwich Mean Time),0.0202,0.0211,0.0462,644.0433283776508
Mon Oct 28 2024 17:00:00 GMT+0000 (Greenwich Mean Time),0.0203,0.0211,0.0462,0
Mon Oct 28 2024 18:00:00 GMT+0000 (Greenwich Mean Time),0.0202,0.0211,0.0462,307.90648712681417
Mon Oct 28 2024 19:00:00 GMT+0000 (Greenwich Mean Time),0.0202,0.0211,0.0462,70.1011732627089
Mon Oct 28 2024 20:00:00 GMT+0000 (Greenwich Mean Time),0.0202,0.0211,0.0462,0
Mon Oct 28 2024 21:00:00 GMT+0000 (Greenwich Mean Time),0.0202,0.0211,0.0462,2.4998112464560736
Mon Oct 28 2024 22:00:00 GMT+0000 (Greenwich Mean Time),0.0203,0.0211,0.0462,0
Mon Oct 28 2024 23:00:00 GMT+0000 (Greenwich Mean Time),0.0202,0.0211,0.0462,0
Tue Oct 29 2024 00:00:00 GMT+0000 (Greenwich Mean Time),0.0202,0.0211,0.0462,0
Tue Oct 29 2024 01:00:00 GMT+0000 (Greenwich Mean Time),0.0202,0.0211,0.0462,0
Tue Oct 29 2024 02:00:00 GMT+0000 (Greenwich Mean Time),0.0203,0.0211,0.0462,879.1419773122736
Tue Oct 29 2024 03:00:00 GMT+0000 (Greenwich Mean Time),0.0202,0.0211,0.0462,134.8269401586159
Tue Oct 29 2024 04:00:00 GMT+0000 (Greenwich Mean Time),0.0202,0.0211,0.0462,0
Tue Oct 29 2024 05:00:00 GMT+0000 (Greenwich Mean Time),0.0202,0.0211,0.0462,0
Tue Oct 29 2024 06:00:00 GMT+0000 (Greenwich Mean Time),0.0202,0.0211,0.0462,0
Tue Oct 29 2024 07:00:00 GMT+0000 (Greenwich Mean Time),0.0203,0.0182,0.0463,5776.756713285748
Tue Oct 29 2024 08:00:00 GMT+0000 (Greenwich Mean Time),0.1225,0.0326,0.0463,0
Tue Oct 29 2024 09:00:00 GMT+0000 (Greenwich Mean Time),0.1225,0.0326,0.0466,20298.981766438723
Tue Oct 29 2024 10:00:00 GMT+0000 (Greenwich Mean Time),0.1225,0.0326,0.0467,526.5597180756865
Tue Oct 29 2024 11:00:00 GMT+0000 (Greenwich Mean Time),0.1228,0.0326,0.0467,5.3109669516608715
Tue Oct 29 2024 12:00:00 GMT+0000 (Greenwich Mean Time),0.1228,0.0326,0.0467,0
Tue Oct 29 2024 13:00:00 GMT+0000 (Greenwich Mean Time),0.1225,0.0326,0.0467,271.75389409145737
Tue Oct 29 2024 14:00:00 GMT+0000 (Greenwich Mean Time),0.1225,0.0326,0.0466,695.1427371072671
Tue Oct 29 2024 15:00:00 GMT+0000 (Greenwich Mean Time),0.1226,0.0326,0.0467,3453.9236611383503
Tue Oct 29 2024 16:00:00 GMT+0000 (Greenwich Mean Time),0.1227,0.0326,0.0467,126.80672489830944
Tue Oct 29 2024 17:00:00 GMT+0000 (Greenwich Mean Time),0.1224,0.0326,0.0467,0
Tue Oct 29 2024 18:00:00 GMT+0000 (Greenwich Mean Time),0.1225,0.0326,0.0467,198.69098941581564
Tue Oct 29 2024 19:00:00 GMT+0000 (Greenwich Mean Time),0.1226,0.0326,0.0467,1005.6387860768031
Tue Oct 29 2024 20:00:00 GMT+0000 (Greenwich Mean Time),0.1226,0.0326,0.0464,20639.42665376067
Tue Oct 29 2024 21:00:00 GMT+0000 (Greenwich Mean Time),0.1227,0.0326,0.0464,0
Tue Oct 29 2024 22:00:00 GMT+0000 (Greenwich Mean Time),0.1224,0.0326,0.0464,703.9899859346666
Tue Oct 29 2024 23:00:00 GMT+0000 (Greenwich Mean Time),0.1225,0.0326,0.0464,300.77358943751176
Wed Oct 30 2024 00:00:00 GMT+0000 (Greenwich Mean Time),0.1229,0.0326,0.0464,533.9499319395746
Wed Oct 30 2024 01:00:00 GMT+0000 (Greenwich Mean Time),0.1229,0.0326,0.0464,358.31752823216306
Wed Oct 30 2024 02:00:00 GMT+0000 (Greenwich Mean Time),0.1226,0.0326,0.0464,818.1135518791691
Wed Oct 30 2024 03:00:00 GMT+0000 (Greenwich Mean Time),0.1227,0.0326,0.0464,151.87877960665838
Wed Oct 30 2024 04:00:00 GMT+0000 (Greenwich Mean Time),0.1228,0.0326,0.0466,8297.789249882679
Wed Oct 30 2024 05:00:00 GMT+0000 (Greenwich Mean Time),0.1229,0.0326,0.0466,167.76690167176167
Wed Oct 30 2024 06:00:00 GMT+0000 (Greenwich Mean Time),0.123,0.0326,0.0466,0
Wed Oct 30 2024 07:00:00 GMT+0000 (Greenwich Mean Time),0.1227,0.0324,0.0466,140.4400187311264
Wed Oct 30 2024 08:00:00 GMT+0000 (Greenwich Mean Time),0.0809,0.0392,0.0466,0
Wed Oct 30 2024 09:00:00 GMT+0000 (Greenwich Mean Time),0.0809,0.0392,0.0469,22680.21267769974
Wed Oct 30 2024 10:00:00 GMT+0000 (Greenwich Mean Time),0.081,0.0392,0.0469,1603.970594171933
Wed Oct 30 2024 11:00:00 GMT+0000 (Greenwich Mean Time),0.0808,0.0392,0.0469,1930.0783755616815
Wed Oct 30 2024 12:00:00 GMT+0000 (Greenwich Mean Time),0.0809,0.0392,0.0469,0
Wed Oct 30 2024 13:00:00 GMT+0000 (Greenwich Mean Time),0.0809,0.0392,0.0467,13434.036181085241
Wed Oct 30 2024 14:00:00 GMT+0000 (Greenwich Mean Time),0.0809,0.0392,0.0467,4311.433079018893
Wed Oct 30 2024 15:00:00 GMT+0000 (Greenwich Mean Time),0.0809,0.0392,0.0467,954.7065869760056
Wed Oct 30 2024 16:00:00 GMT+0000 (Greenwich Mean Time),0.0809,0.0392,0.0467,194.07865437241867
Wed Oct 30 2024 17:00:00 GMT+0000 (Greenwich Mean Time),0.0809,0.0392,0.0467,2477.2803102280577
Wed Oct 30 2024 18:00:00 GMT+0000 (Greenwich Mean Time),0.0809,0.0392,0.0467,38.27032258247284
Wed Oct 30 2024 19:00:00 GMT+0000 (Greenwich Mean Time),0.0809,0.0392,0.0467,1977.8016613716827
Wed Oct 30 2024 20:00:00 GMT+0000 (Greenwich Mean Time),0.0809,0.0392,0.0467,0
Wed Oct 30 2024 21:00:00 GMT+0000 (Greenwich Mean Time),0.0809,0.0392,0.0467,0
Wed Oct 30 2024 22:00:00 GMT+0000 (Greenwich Mean Time),0.0809,0.0392,0.0467,1532.4152759191606
Wed Oct 30 2024 23:00:00 GMT+0000 (Greenwich Mean Time),0.0809,0.0392,0.0467,283.99722841316196
Thu Oct 31 2024 00:00:00 GMT+0000 (Greenwich Mean Time),0.0808,0.0392,0.0467,0
Thu Oct 31 2024 01:00:00 GMT+0000 (Greenwich Mean Time),0.0808,0.0392,0.0467,0
Thu Oct 31 2024 02:00:00 GMT+0000 (Greenwich Mean Time),0.0808,0.0392,0.0467,832.6728324720822
Thu Oct 31 2024 03:00:00 GMT+0000 (Greenwich Mean Time),0.0808,0.0392,0.0467,3281.8590532300436
Thu Oct 31 2024 04:00:00 GMT+0000 (Greenwich Mean Time),0.0808,0.0392,0.0467,0
Thu Oct 31 2024 05:00:00 GMT+0000 (Greenwich Mean Time),0.0808,0.0392,0.0467,0
Thu Oct 31 2024 06:00:00 GMT+0000 (Greenwich Mean Time),0.0808,0.0392,0.0467,3274.801285365862
Thu Oct 31 2024 07:00:00 GMT+0000 (Greenwich Mean Time),0.0808,0.0436,0.0467,0.11345835033724072
Thu Oct 31 2024 08:00:00 GMT+0000 (Greenwich Mean Time),0.0628,0.0463,0.0467,0
Thu Oct 31 2024 09:00:00 GMT+0000 (Greenwich Mean Time),0.0628,0.0463,0.0466,4736.665486931178
Thu Oct 31 2024 10:00:00 GMT+0000 (Greenwich Mean Time),0.0628,0.0463,0.0466,2532.531384521957
Thu Oct 31 2024 11:00:00 GMT+0000 (Greenwich Mean Time),0.0628,0.0463,0.0467,1108.8884570113514
Thu Oct 31 2024 12:00:00 GMT+0000 (Greenwich Mean Time),0.0628,0.0463,0.0467,716.9026614658525
Thu Oct 31 2024 13:00:00 GMT+0000 (Greenwich Mean Time),0.0628,0.0463,0.0467,0
Thu Oct 31 2024 14:00:00 GMT+0000 (Greenwich Mean Time),0.0628,0.0463,0.0467,1.113282355621272
Thu Oct 31 2024 15:00:00 GMT+0000 (Greenwich Mean Time),0.0628,0.0463,0.0467,0
Thu Oct 31 2024 16:00:00 GMT+0000 (Greenwich Mean Time),0.0628,0.0463,0.0467,0
Thu Oct 31 2024 17:00:00 GMT+0000 (Greenwich Mean Time),0.0628,0.0463,0.0467,0
Thu Oct 31 2024 18:00:00 GMT+0000 (Greenwich Mean Time),0.0628,0.0463,0.0467,0
Thu Oct 31 2024 19:00:00 GMT+0000 (Greenwich Mean Time),0.0628,0.0463,0.0467,366.0469699959726
Thu Oct 31 2024 20:00:00 GMT+0000 (Greenwich Mean Time),0.0628,0.0463,0.0466,6762.634915064552
Thu Oct 31 2024 21:00:00 GMT+0000 (Greenwich Mean Time),0.0628,0.0463,0.0466,0
Thu Oct 31 2024 22:00:00 GMT+0000 (Greenwich Mean Time),0.0628,0.0463,0.0466,0
Thu Oct 31 2024 23:00:00 GMT+0000 (Greenwich Mean Time),0.0628,0.0463,0.0466,1355.4276482812952
Fri Nov 01 2024 00:00:00 GMT+0000 (Greenwich Mean Time),0.0627,0.0463,0.0466,1680.5200559581133
Fri Nov 01 2024 01:00:00 GMT+0000 (Greenwich Mean Time),0.0627,0.0463,0.0466,112.3402047404076
Fri Nov 01 2024 02:00:00 GMT+0000 (Greenwich Mean Time),0.0627,0.0463,0.0466,0
Fri Nov 01 2024 03:00:00 GMT+0000 (Greenwich Mean Time),0.0627,0.0463,0.0465,3565.485943284842
Fri Nov 01 2024 04:00:00 GMT+0000 (Greenwich Mean Time),0.0627,0.0463,0.0465,0
Fri Nov 01 2024 05:00:00 GMT+0000 (Greenwich Mean Time),0.0627,0.0463,0.0465,0
Fri Nov 01 2024 06:00:00 GMT+0000 (Greenwich Mean Time),0.0627,0.0463,0.0465,0
Fri Nov 01 2024 07:00:00 GMT+0000 (Greenwich Mean Time),0.0627,0.0519,0.0465,0.5708377423701471
Fri Nov 01 2024 08:00:00 GMT+0000 (Greenwich Mean Time),0.008,0.0455,0.0465,0
Fri Nov 01 2024 09:00:00 GMT+0000 (Greenwich Mean Time),0.008,0.0455,0.0466,2539.5653179513815
Fri Nov 01 2024 10:00:00 GMT+0000 (Greenwich Mean Time),0.008,0.0455,0.0473,42600.617213966834
Fri Nov 01 2024 11:00:00 GMT+0000 (Greenwich Mean Time),0.008,0.0455,0.0473,0
Fri Nov 01 2024 12:00:00 GMT+0000 (Greenwich Mean Time),0.008,0.0455,0.0473,0
Fri Nov 01 2024 13:00:00 GMT+0000 (Greenwich Mean Time),0.008,0.0455,0.0473,542.4088948530496
Fri Nov 01 2024 14:00:00 GMT+0000 (Greenwich Mean Time),0.008,0.0455,0.0472,1449.0240389207454
Fri Nov 01 2024 15:00:00 GMT+0000 (Greenwich Mean Time),0.008,0.0455,0.0473,504.2503775467981
Fri Nov 01 2024 16:00:00 GMT+0000 (Greenwich Mean Time),0.008,0.0455,0.0473,0
Fri Nov 01 2024 17:00:00 GMT+0000 (Greenwich Mean Time),0.008,0.0455,0.0473,601.5739094029227
Fri Nov 01 2024 18:00:00 GMT+0000 (Greenwich Mean Time),0.008,0.0455,0.0473,0
Fri Nov 01 2024 19:00:00 GMT+0000 (Greenwich Mean Time),0.008,0.0455,0.0473,926.3930053303759
Fri Nov 01 2024 20:00:00 GMT+0000 (Greenwich Mean Time),0.008,0.0455,0.0473,862.2920887788953
Fri Nov 01 2024 21:00:00 GMT+0000 (Greenwich Mean Time),0.008,0.0455,0.0473,0
Fri Nov 01 2024 22:00:00 GMT+0000 (Greenwich Mean Time),0.008,0.0455,0.0473,0
Fri Nov 01 2024 23:00:00 GMT+0000 (Greenwich Mean Time),0.008,0.0455,0.0473,695.5807337553396
Sat Nov 02 2024 00:00:00 GMT+0000 (Greenwich Mean Time),0.008,0.0455,0.0473,0
Sat Nov 02 2024 01:00:00 GMT+0000 (Greenwich Mean Time),0.008,0.0455,0.0473,0
Sat Nov 02 2024 02:00:00 GMT+0000 (Greenwich Mean Time),0.008,0.0455,0.0473,0
Sat Nov 02 2024 03:00:00 GMT+0000 (Greenwich Mean Time),0.008,0.0455,0.0473,0
Sat Nov 02 2024 04:00:00 GMT+0000 (Greenwich Mean Time),0.008,0.0455,0.0474,5361.276034123734
Sat Nov 02 2024 05:00:00 GMT+0000 (Greenwich Mean Time),0.008,0.0455,0.0474,0
Sat Nov 02 2024 06:00:00 GMT+0000 (Greenwich Mean Time),0.008,0.0455,0.0474,0
Sat Nov 02 2024 07:00:00 GMT+0000 (Greenwich Mean Time),0.008,0.0455,0.0474,0
Sat Nov 02 2024 08:00:00 GMT+0000 (Greenwich Mean Time),0,0.0508,0.0474,0
Sat Nov 02 2024 09:00:00 GMT+0000 (Greenwich Mean Time),0.0115,0.0451,0.0474,0
Sat Nov 02 2024 10:00:00 GMT+0000 (Greenwich Mean Time),0.0115,0.0451,0.0474,192.73743519017088
Sat Nov 02 2024 11:00:00 GMT+0000 (Greenwich Mean Time),0.0115,0.0451,0.0474,0.00025886640610979793
Sat Nov 02 2024 12:00:00 GMT+0000 (Greenwich Mean Time),0.0115,0.0451,0.0473,3614.459805283304
Sat Nov 02 2024 13:00:00 GMT+0000 (Greenwich Mean Time),0.0115,0.0451,0.0473,46082.44201899375
Sat Nov 02 2024 14:00:00 GMT+0000 (Greenwich Mean Time),0.0115,0.0451,0.0473,0
Sat Nov 02 2024 15:00:00 GMT+0000 (Greenwich Mean Time),0.0115,0.0451,0.0473,421.56095101336336
Sat Nov 02 2024 16:00:00 GMT+0000 (Greenwich Mean Time),0.0115,0.0451,0.0473,0
Sat Nov 02 2024 17:00:00 GMT+0000 (Greenwich Mean Time),0.0115,0.0451,0.0473,0.13899843252111574
Sat Nov 02 2024 18:00:00 GMT+0000 (Greenwich Mean Time),0.0115,0.0451,0.0473,187.77197007776485
Sat Nov 02 2024 19:00:00 GMT+0000 (Greenwich Mean Time),0.0115,0.0451,0.0473,0
Sat Nov 02 2024 20:00:00 GMT+0000 (Greenwich Mean Time),0.0115,0.0451,0.0473,2889.5717601007327
Sat Nov 02 2024 21:00:00 GMT+0000 (Greenwich Mean Time),0.0115,0.0451,0.0473,0
Sat Nov 02 2024 22:00:00 GMT+0000 (Greenwich Mean Time),0.0115,0.0451,0.0473,0
Sat Nov 02 2024 23:00:00 GMT+0000 (Greenwich Mean Time),0.0115,0.0451,0.0473,616.0514320382221
Sun Nov 03 2024 00:00:00 GMT+0000 (Greenwich Mean Time),0.0115,0.0451,0.0473,798.3711779640489
Sun Nov 03 2024 01:00:00 GMT+0000 (Greenwich Mean Time),0.0115,0.0451,0.0473,0.00022629850191335283
Sun Nov 03 2024 02:00:00 GMT+0000 (Greenwich Mean Time),0.0115,0.0451,0.0475,11215.070863222212
Sun Nov 03 2024 03:00:00 GMT+0000 (Greenwich Mean Time),0.0114,0.0451,0.0475,0
Sun Nov 03 2024 04:00:00 GMT+0000 (Greenwich Mean Time),0.0115,0.0451,0.0475,0.0016235157366144373
Sun Nov 03 2024 05:00:00 GMT+0000 (Greenwich Mean Time),0.0115,0.0451,0.0475,0
Sun Nov 03 2024 06:00:00 GMT+0000 (Greenwich Mean Time),0.0115,0.0451,0.0475,0
Sun Nov 03 2024 07:00:00 GMT+0000 (Greenwich Mean Time),0.0115,0.0451,0.0475,117.31991910395509
Sun Nov 03 2024 08:00:00 GMT+0000 (Greenwich Mean Time),0.0115,0.0503,0.0475,0
Sun Nov 03 2024 09:00:00 GMT+0000 (Greenwich Mean Time),0.0144,0.0451,0.0475,0
Sun Nov 03 2024 10:00:00 GMT+0000 (Greenwich Mean Time),0.0144,0.0451,0.0476,5371.326412982491
Sun Nov 03 2024 11:00:00 GMT+0000 (Greenwich Mean Time),0.0144,0.0451,0.0476,0
Sun Nov 03 2024 12:00:00 GMT+0000 (Greenwich Mean Time),0.0144,0.0451,0.0476,0
Sun Nov 03 2024 13:00:00 GMT+0000 (Greenwich Mean Time),0.0144,0.0451,0.0445,184054.97591804908
Sun Nov 03 2024 14:00:00 GMT+0000 (Greenwich Mean Time),0.0144,0.0451,0.0445,0
Sun Nov 03 2024 15:00:00 GMT+0000 (Greenwich Mean Time),0.0144,0.0451,0.0445,0.0000731401055398401
Sun Nov 03 2024 16:00:00 GMT+0000 (Greenwich Mean Time),0.0144,0.0451,0.0445,0.8585009384970891
Sun Nov 03 2024 17:00:00 GMT+0000 (Greenwich Mean Time),0.0144,0.0451,0.0445,65.64970383955813
Sun Nov 03 2024 18:00:00 GMT+0000 (Greenwich Mean Time),0.0144,0.0451,0.0445,0
Sun Nov 03 2024 19:00:00 GMT+0000 (Greenwich Mean Time),0.0144,0.0451,0.0445,0
Sun Nov 03 2024 20:00:00 GMT+0000 (Greenwich Mean Time),0.0144,0.0451,0.0445,0
Sun Nov 03 2024 21:00:00 GMT+0000 (Greenwich Mean Time),0.0144,0.0451,0.0445,0
Sun Nov 03 2024 22:00:00 GMT+0000 (Greenwich Mean Time),0.0144,0.0451,0.0445,0
Sun Nov 03 2024 23:00:00 GMT+0000 (Greenwich Mean Time),0.0144,0.0451,0.0445,0
Mon Nov 04 2024 00:00:00 GMT+0000 (Greenwich Mean Time),0.0144,0.0451,0.0445,2866.45551329122
Mon Nov 04 2024 01:00:00 GMT+0000 (Greenwich Mean Time),0.0144,0.0451,0.0445,0
Mon Nov 04 2024 02:00:00 GMT+0000 (Greenwich Mean Time),0.0144,0.0451,0.0445,0
Mon Nov 04 2024 03:00:00 GMT+0000 (Greenwich Mean Time),0.0144,0.0451,0.0445,694.4297277445197
Mon Nov 04 2024 04:00:00 GMT+0000 (Greenwich Mean Time),0.0144,0.0451,0.0445,0
Mon Nov 04 2024 05:00:00 GMT+0000 (Greenwich Mean Time),0.0144,0.0451,0.0445,0
Mon Nov 04 2024 06:00:00 GMT+0000 (Greenwich Mean Time),0.0144,0.0451,0.0445,0
Mon Nov 04 2024 07:00:00 GMT+0000 (Greenwich Mean Time),0.0144,0.0451,0.0445,0.4856951580683932
Mon Nov 04 2024 08:00:00 GMT+0000 (Greenwich Mean Time),0.0144,0.0493,0.0445,117.2509921841321
Mon Nov 04 2024 09:00:00 GMT+0000 (Greenwich Mean Time),0.0173,0.0446,0.0445,0
Mon Nov 04 2024 10:00:00 GMT+0000 (Greenwich Mean Time),0.0174,0.0447,0.0446,2252.0602115880824
Mon Nov 04 2024 11:00:00 GMT+0000 (Greenwich Mean Time),0.0174,0.0447,0.0446,4057.4109532143248
Mon Nov 04 2024 12:00:00 GMT+0000 (Greenwich Mean Time),0.0173,0.0447,0.0453,38436.102933313385
Mon Nov 04 2024 13:00:00 GMT+0000 (Greenwich Mean Time),0.0173,0.0446,0.0459,37723.04132083744
Mon Nov 04 2024 14:00:00 GMT+0000 (Greenwich Mean Time),0.0173,0.0446,0.0459,154.71380072734758
Mon Nov 04 2024 15:00:00 GMT+0000 (Greenwich Mean Time),0.0174,0.0447,0.0459,0.8993680115571849
Mon Nov 04 2024 16:00:00 GMT+0000 (Greenwich Mean Time),0.0174,0.0447,0.0459,0
Mon Nov 04 2024 17:00:00 GMT+0000 (Greenwich Mean Time),0.0173,0.0446,0.0459,6.202266271082572
Mon Nov 04 2024 18:00:00 GMT+0000 (Greenwich Mean Time),0.0173,0.0446,0.0459,0
Mon Nov 04 2024 19:00:00 GMT+0000 (Greenwich Mean Time),0.0174,0.0447,0.0459,0
Mon Nov 04 2024 20:00:00 GMT+0000 (Greenwich Mean Time),0.0174,0.0447,0.0461,6972.697404781862
Mon Nov 04 2024 21:00:00 GMT+0000 (Greenwich Mean Time),0.0173,0.0447,0.0461,0
Mon Nov 04 2024 22:00:00 GMT+0000 (Greenwich Mean Time),0.0173,0.0446,0.0459,7635.721739022178
Mon Nov 04 2024 23:00:00 GMT+0000 (Greenwich Mean Time),0.0173,0.0446,0.0459,0
Tue Nov 05 2024 00:00:00 GMT+0000 (Greenwich Mean Time),0.0174,0.0447,0.0459,0
Tue Nov 05 2024 01:00:00 GMT+0000 (Greenwich Mean Time),0.0174,0.0447,0.0459,738.2930555852491
Tue Nov 05 2024 02:00:00 GMT+0000 (Greenwich Mean Time),0.0174,0.0446,0.046,2437.9784476089826
Tue Nov 05 2024 03:00:00 GMT+0000 (Greenwich Mean Time),0.0174,0.0447,0.046,0
Tue Nov 05 2024 04:00:00 GMT+0000 (Greenwich Mean Time),0.0174,0.0447,0.046,529.7402731198432
Tue Nov 05 2024 05:00:00 GMT+0000 (Greenwich Mean Time),0.0174,0.0447,0.046,0
Tue Nov 05 2024 06:00:00 GMT+0000 (Greenwich Mean Time),0.0173,0.0447,0.046,0
Tue Nov 05 2024 07:00:00 GMT+0000 (Greenwich Mean Time),0.0174,0.0447,0.046,0
Tue Nov 05 2024 08:00:00 GMT+0000 (Greenwich Mean Time),0.0174,0.0321,0.046,0
Tue Nov 05 2024 09:00:00 GMT+0000 (Greenwich Mean Time),0.0226,0.0307,0.046,2335.340462248504
Tue Nov 05 2024 10:00:00 GMT+0000 (Greenwich Mean Time),0.0226,0.0307,0.046,0
Tue Nov 05 2024 11:00:00 GMT+0000 (Greenwich Mean Time),0.0226,0.0307,0.046,0
Tue Nov 05 2024 12:00:00 GMT+0000 (Greenwich Mean Time),0.0226,0.0307,0.0461,3424.365387466791
Tue Nov 05 2024 13:00:00 GMT+0000 (Greenwich Mean Time),0.0226,0.0307,0.0461,0
Tue Nov 05 2024 14:00:00 GMT+0000 (Greenwich Mean Time),0.0226,0.0307,0.0461,0
Tue Nov 05 2024 15:00:00 GMT+0000 (Greenwich Mean Time),0.0226,0.0307,0.0461,0.8366342722042668
Tue Nov 05 2024 16:00:00 GMT+0000 (Greenwich Mean Time),0.0226,0.0307,0.0462,5634.615039794784
Tue Nov 05 2024 17:00:00 GMT+0000 (Greenwich Mean Time),0.0226,0.0307,0.0462,1236.846363008544
Tue Nov 05 2024 18:00:00 GMT+0000 (Greenwich Mean Time),0.0226,0.0307,0.0462,0
Tue Nov 05 2024 19:00:00 GMT+0000 (Greenwich Mean Time),0.0226,0.0307,0.0462,0
Tue Nov 05 2024 20:00:00 GMT+0000 (Greenwich Mean Time),0.0226,0.0307,0.0462,0
Tue Nov 05 2024 21:00:00 GMT+0000 (Greenwich Mean Time),0.0226,0.0307,0.0462,0
Tue Nov 05 2024 22:00:00 GMT+0000 (Greenwich Mean Time),0.0226,0.0307,0.0462,0
Tue Nov 05 2024 23:00:00 GMT+0000 (Greenwich Mean Time),0.0226,0.0307,0.0462,0
Wed Nov 06 2024 00:00:00 GMT+0000 (Greenwich Mean Time),0.0225,0.0307,0.0462,0
Wed Nov 06 2024 01:00:00 GMT+0000 (Greenwich Mean Time),0.0225,0.0307,0.0462,0
Wed Nov 06 2024 02:00:00 GMT+0000 (Greenwich Mean Time),0.0225,0.0307,0.0461,11060.608916025869
Wed Nov 06 2024 03:00:00 GMT+0000 (Greenwich Mean Time),0.0225,0.0307,0.0461,0
Wed Nov 06 2024 04:00:00 GMT+0000 (Greenwich Mean Time),0.0225,0.0307,0.0461,2.589112219463954
Wed Nov 06 2024 05:00:00 GMT+0000 (Greenwich Mean Time),0.0225,0.0307,0.0461,0
Wed Nov 06 2024 06:00:00 GMT+0000 (Greenwich Mean Time),0.0225,0.0307,0.0461,0
Wed Nov 06 2024 07:00:00 GMT+0000 (Greenwich Mean Time),0.0225,0.0307,0.0461,0
Wed Nov 06 2024 08:00:00 GMT+0000 (Greenwich Mean Time),0.0225,0.0226,0.0461,0
Wed Nov 06 2024 09:00:00 GMT+0000 (Greenwich Mean Time),0.057,0.0275,0.0461,4.190999341992473
Wed Nov 06 2024 10:00:00 GMT+0000 (Greenwich Mean Time),0.057,0.0275,0.0461,0
Wed Nov 06 2024 11:00:00 GMT+0000 (Greenwich Mean Time),0.057,0.0275,0.0461,78.2063438176321
Wed Nov 06 2024 12:00:00 GMT+0000 (Greenwich Mean Time),0.057,0.0275,0.0461,0
Wed Nov 06 2024 13:00:00 GMT+0000 (Greenwich Mean Time),0.057,0.0275,0.0461,2618.4156036129234
Wed Nov 06 2024 14:00:00 GMT+0000 (Greenwich Mean Time),0.057,0.0275,0.0461,1.260637148494324
Wed Nov 06 2024 15:00:00 GMT+0000 (Greenwich Mean Time),0.057,0.0275,0.0461,4446.4443435113035
Wed Nov 06 2024 16:00:00 GMT+0000 (Greenwich Mean Time),0.057,0.0275,0.0461,847.7505095263522
Wed Nov 06 2024 17:00:00 GMT+0000 (Greenwich Mean Time),0.057,0.0275,0.0461,0
Wed Nov 06 2024 18:00:00 GMT+0000 (Greenwich Mean Time),0.057,0.0275,0.0461,1024.870502461088
Wed Nov 06 2024 19:00:00 GMT+0000 (Greenwich Mean Time),0.057,0.0275,0.0461,475.1223142940852
Wed Nov 06 2024 20:00:00 GMT+0000 (Greenwich Mean Time),0.057,0.0275,0.0461,0
Wed Nov 06 2024 21:00:00 GMT+0000 (Greenwich Mean Time),0.057,0.0275,0.0461,0
Wed Nov 06 2024 22:00:00 GMT+0000 (Greenwich Mean Time),0.057,0.0275,0.0461,0
Wed Nov 06 2024 23:00:00 GMT+0000 (Greenwich Mean Time),0.057,0.0275,0.0461,2229.8547189355577
Thu Nov 07 2024 00:00:00 GMT+0000 (Greenwich Mean Time),0.0571,0.0274,0.0461,33.036991819707914
Thu Nov 07 2024 01:00:00 GMT+0000 (Greenwich Mean Time),0.0571,0.0274,0.0461,827.7629304936386
Thu Nov 07 2024 02:00:00 GMT+0000 (Greenwich Mean Time),0.0571,0.0274,0.0463,9713.474230334778
Thu Nov 07 2024 03:00:00 GMT+0000 (Greenwich Mean Time),0.0571,0.0274,0.0463,111.14634843976675
Thu Nov 07 2024 04:00:00 GMT+0000 (Greenwich Mean Time),0.0571,0.0274,0.0463,97.34369111937049
Thu Nov 07 2024 05:00:00 GMT+0000 (Greenwich Mean Time),0.0571,0.0274,0.0463,0
Thu Nov 07 2024 06:00:00 GMT+0000 (Greenwich Mean Time),0.0571,0.0274,0.0463,218.02506046028205
Thu Nov 07 2024 07:00:00 GMT+0000 (Greenwich Mean Time),0.0571,0.0274,0.0463,117.35119990360134
Thu Nov 07 2024 08:00:00 GMT+0000 (Greenwich Mean Time),0.0571,0.0217,0.0463,0
Thu Nov 07 2024 09:00:00 GMT+0000 (Greenwich Mean Time),0.0567,0.0266,0.0463,0
Thu Nov 07 2024 10:00:00 GMT+0000 (Greenwich Mean Time),0.0567,0.0266,0.0464,13959.678755793435
Thu Nov 07 2024 11:00:00 GMT+0000 (Greenwich Mean Time),0.0567,0.0266,0.0464,0
Thu Nov 07 2024 12:00:00 GMT+0000 (Greenwich Mean Time),0.0567,0.0266,0.0464,87.40649608011113
Thu Nov 07 2024 13:00:00 GMT+0000 (Greenwich Mean Time),0.0567,0.0266,0.0464,894.2394350730693
Thu Nov 07 2024 14:00:00 GMT+0000 (Greenwich Mean Time),0.0567,0.0266,0.047,44248.69303590393
Thu Nov 07 2024 15:00:00 GMT+0000 (Greenwich Mean Time),0.0567,0.0266,0.047,129.96182312851155
Thu Nov 07 2024 16:00:00 GMT+0000 (Greenwich Mean Time),0.0567,0.0266,0.0471,6326.748708616216
Thu Nov 07 2024 17:00:00 GMT+0000 (Greenwich Mean Time),0.0567,0.0266,0.0471,31.93530253442867
Thu Nov 07 2024 18:00:00 GMT+0000 (Greenwich Mean Time),0.0567,0.0266,0.0471,0
Thu Nov 07 2024 19:00:00 GMT+0000 (Greenwich Mean Time),0.0567,0.0266,0.0471,770.2467535333114
Thu Nov 07 2024 20:00:00 GMT+0000 (Greenwich Mean Time),0.0567,0.0266,0.0471,1548.076309929564
Thu Nov 07 2024 21:00:00 GMT+0000 (Greenwich Mean Time),0.0567,0.0266,0.0471,23.924846158056823
Thu Nov 07 2024 22:00:00 GMT+0000 (Greenwich Mean Time),0.0567,0.0266,0.0471,0
Thu Nov 07 2024 23:00:00 GMT+0000 (Greenwich Mean Time),0.0567,0.0266,0.0471,8.045757109487152
Fri Nov 08 2024 00:00:00 GMT+0000 (Greenwich Mean Time),0.0567,0.0266,0.0471,0
Fri Nov 08 2024 01:00:00 GMT+0000 (Greenwich Mean Time),0.0567,0.0266,0.0471,471.5585639541943
Fri Nov 08 2024 02:00:00 GMT+0000 (Greenwich Mean Time),0.0567,0.0266,0.0471,0.5815439539346758
Fri Nov 08 2024 03:00:00 GMT+0000 (Greenwich Mean Time),0.0567,0.0266,0.0471,0
Fri Nov 08 2024 04:00:00 GMT+0000 (Greenwich Mean Time),0.0567,0.0266,0.0471,0
Fri Nov 08 2024 05:00:00 GMT+0000 (Greenwich Mean Time),0.0567,0.0266,0.0471,1.454873803313077
Fri Nov 08 2024 06:00:00 GMT+0000 (Greenwich Mean Time),0.0567,0.0266,0.0472,48375.63282195971
Fri Nov 08 2024 07:00:00 GMT+0000 (Greenwich Mean Time),0.0567,0.0266,0.0465,0
Fri Nov 08 2024 08:00:00 GMT+0000 (Greenwich Mean Time),0.0567,0.0297,0.0465,2477.2493025565827
Fri Nov 08 2024 09:00:00 GMT+0000 (Greenwich Mean Time),0.0461,0.0321,0.0464,1802.078042098086
Fri Nov 08 2024 10:00:00 GMT+0000 (Greenwich Mean Time),0.0461,0.0321,0.0464,3981.7240389727285
Fri Nov 08 2024 11:00:00 GMT+0000 (Greenwich Mean Time),0.0461,0.0321,0.0464,93.32390725629857
Fri Nov 08 2024 12:00:00 GMT+0000 (Greenwich Mean Time),0.0461,0.0321,0.0464,0
Fri Nov 08 2024 13:00:00 GMT+0000 (Greenwich Mean Time),0.0461,0.0321,0.0464,1.1755106491729994
Fri Nov 08 2024 14:00:00 GMT+0000 (Greenwich Mean Time),0.0461,0.0321,0.0464,0
Fri Nov 08 2024 15:00:00 GMT+0000 (Greenwich Mean Time),0.0461,0.0321,0.0464,22.648152851746396
Fri Nov 08 2024 16:00:00 GMT+0000 (Greenwich Mean Time),0.0461,0.0321,0.0472,50835.32081834076
Fri Nov 08 2024 17:00:00 GMT+0000 (Greenwich Mean Time),0.0461,0.0321,0.0472,156.72153305875642
Fri Nov 08 2024 18:00:00 GMT+0000 (Greenwich Mean Time),0.0461,0.0321,0.0472,0
Fri Nov 08 2024 19:00:00 GMT+0000 (Greenwich Mean Time),0.0461,0.0321,0.047,32354.090848158405
Fri Nov 08 2024 20:00:00 GMT+0000 (Greenwich Mean Time),0.0461,0.0321,0.047,822.6238901195048
Fri Nov 08 2024 21:00:00 GMT+0000 (Greenwich Mean Time),0.0461,0.0321,0.047,0
Fri Nov 08 2024 22:00:00 GMT+0000 (Greenwich Mean Time),0.0461,0.0321,0.047,547.0540017072852
Fri Nov 08 2024 23:00:00 GMT+0000 (Greenwich Mean Time),0.0461,0.0321,0.047,0
Sat Nov 09 2024 00:00:00 GMT+0000 (Greenwich Mean Time),0.0461,0.0321,0.047,0
Sat Nov 09 2024 01:00:00 GMT+0000 (Greenwich Mean Time),0.0461,0.0321,0.0471,1095.9434136223501
Sat Nov 09 2024 02:00:00 GMT+0000 (Greenwich Mean Time),0.0461,0.0321,0.0471,1676.0900129215188
Sat Nov 09 2024 03:00:00 GMT+0000 (Greenwich Mean Time),0.0461,0.0321,0.0472,9225.105237702868
Sat Nov 09 2024 04:00:00 GMT+0000 (Greenwich Mean Time),0.0461,0.0321,0.0472,0
Sat Nov 09 2024 05:00:00 GMT+0000 (Greenwich Mean Time),0.0461,0.0321,0.0473,2725.6725519778615
Sat Nov 09 2024 06:00:00 GMT+0000 (Greenwich Mean Time),0.0461,0.0321,0.0473,1.9544767136926064
Sat Nov 09 2024 07:00:00 GMT+0000 (Greenwich Mean Time),0.0461,0.0321,0.0473,0
Sat Nov 09 2024 08:00:00 GMT+0000 (Greenwich Mean Time),0.0461,0.0321,0.0472,109.87949728344334
Sat Nov 09 2024 09:00:00 GMT+0000 (Greenwich Mean Time),0.0132,0.0323,0.0473,110.39224859765721
Sat Nov 09 2024 10:00:00 GMT+0000 (Greenwich Mean Time),0.0132,0.0323,0.0473,0
Sat Nov 09 2024 11:00:00 GMT+0000 (Greenwich Mean Time),0.0132,0.0323,0.0472,56.18316772649288
Sat Nov 09 2024 12:00:00 GMT+0000 (Greenwich Mean Time),0.0132,0.0323,0.0472,1751.228628985187
Sat Nov 09 2024 13:00:00 GMT+0000 (Greenwich Mean Time),0.0132,0.0323,0.0472,1.2609510970668585
Sat Nov 09 2024 14:00:00 GMT+0000 (Greenwich Mean Time),0.0132,0.0323,0.0473,2845.4329158541395
Sat Nov 09 2024 15:00:00 GMT+0000 (Greenwich Mean Time),0.0132,0.0323,0.0473,0
Sat Nov 09 2024 16:00:00 GMT+0000 (Greenwich Mean Time),0.0132,0.0323,0.0473,720.7729736395386
Sat Nov 09 2024 17:00:00 GMT+0000 (Greenwich Mean Time),0.0132,0.0323,0.0473,0
Sat Nov 09 2024 18:00:00 GMT+0000 (Greenwich Mean Time),0.0132,0.0323,0.0473,0
Sat Nov 09 2024 19:00:00 GMT+0000 (Greenwich Mean Time),0.0132,0.0323,0.0473,263.125859892469
Sat Nov 09 2024 20:00:00 GMT+0000 (Greenwich Mean Time),0.0132,0.0323,0.0473,1339.2335300356776
Sat Nov 09 2024 21:00:00 GMT+0000 (Greenwich Mean Time),0.0132,0.0323,0.0473,0
Sat Nov 09 2024 22:00:00 GMT+0000 (Greenwich Mean Time),0.0132,0.0323,0.0473,0
Sat Nov 09 2024 23:00:00 GMT+0000 (Greenwich Mean Time),0.0132,0.0323,0.0473,284.6331304936714
Sun Nov 10 2024 00:00:00 GMT+0000 (Greenwich Mean Time),0.0132,0.0323,0.0473,0
Sun Nov 10 2024 01:00:00 GMT+0000 (Greenwich Mean Time),0.0132,0.0323,0.0473,0
Sun Nov 10 2024 02:00:00 GMT+0000 (Greenwich Mean Time),0.0132,0.0323,0.0473,0
Sun Nov 10 2024 03:00:00 GMT+0000 (Greenwich Mean Time),0.0132,0.0323,0.0474,3500.5365961792163
Sun Nov 10 2024 04:00:00 GMT+0000 (Greenwich Mean Time),0.0132,0.0323,0.0474,3.4262045705785114
Sun Nov 10 2024 05:00:00 GMT+0000 (Greenwich Mean Time),0.0132,0.0323,0.0474,0
Sun Nov 10 2024 06:00:00 GMT+0000 (Greenwich Mean Time),0.0132,0.0323,0.0474,0
Sun Nov 10 2024 07:00:00 GMT+0000 (Greenwich Mean Time),0.0132,0.0323,0.0474,0
Sun Nov 10 2024 08:00:00 GMT+0000 (Greenwich Mean Time),0.0132,0.0323,0.0474,0
Sun Nov 10 2024 09:00:00 GMT+0000 (Greenwich Mean Time),0.0141,0.0323,0.0473,3611.861732730463
Sun Nov 10 2024 10:00:00 GMT+0000 (Greenwich Mean Time),0.0141,0.0323,0.0473,845.8922603964199
Sun Nov 10 2024 11:00:00 GMT+0000 (Greenwich Mean Time),0.0141,0.0323,0.0473,0
Sun Nov 10 2024 12:00:00 GMT+0000 (Greenwich Mean Time),0.0141,0.0323,0.0473,228.14682945303167
Sun Nov 10 2024 13:00:00 GMT+0000 (Greenwich Mean Time),0.0141,0.0323,0.0473,174.7833201924118
Sun Nov 10 2024 14:00:00 GMT+0000 (Greenwich Mean Time),0.0141,0.0323,0.0473,34.25231820681908
Sun Nov 10 2024 15:00:00 GMT+0000 (Greenwich Mean Time),0.0141,0.0323,0.0473,795.545234700535
Sun Nov 10 2024 16:00:00 GMT+0000 (Greenwich Mean Time),0.0141,0.0323,0.0473,0
Sun Nov 10 2024 17:00:00 GMT+0000 (Greenwich Mean Time),0.0141,0.0323,0.0473,0
Sun Nov 10 2024 18:00:00 GMT+0000 (Greenwich Mean Time),0.0141,0.0323,0.0473,6511.158154302219
Sun Nov 10 2024 19:00:00 GMT+0000 (Greenwich Mean Time),0.0141,0.0323,0.0466,48220.75121796185
Sun Nov 10 2024 20:00:00 GMT+0000 (Greenwich Mean Time),0.0141,0.0323,0.0466,0
Sun Nov 10 2024 21:00:00 GMT+0000 (Greenwich Mean Time),0.0141,0.0323,0.0465,2752.21559711343
Sun Nov 10 2024 22:00:00 GMT+0000 (Greenwich Mean Time),0.0141,0.0323,0.0465,0
Sun Nov 10 2024 23:00:00 GMT+0000 (Greenwich Mean Time),0.0141,0.0323,0.0465,856.8254890941469
Mon Nov 11 2024 00:00:00 GMT+0000 (Greenwich Mean Time),0.0141,0.0323,0.0465,415.0072618530274
Mon Nov 11 2024 01:00:00 GMT+0000 (Greenwich Mean Time),0.0141,0.0323,0.0465,0
Mon Nov 11 2024 02:00:00 GMT+0000 (Greenwich Mean Time),0.0141,0.0323,0.0465,0
Mon Nov 11 2024 03:00:00 GMT+0000 (Greenwich Mean Time),0.0141,0.0323,0.0465,112.70984908019045
Mon Nov 11 2024 04:00:00 GMT+0000 (Greenwich Mean Time),0.0141,0.0323,0.0465,235.09994469860357
Mon Nov 11 2024 05:00:00 GMT+0000 (Greenwich Mean Time),0.0141,0.0323,0.0465,520.8095656099595
Mon Nov 11 2024 06:00:00 GMT+0000 (Greenwich Mean Time),0.0141,0.0323,0.0465,0
Mon Nov 11 2024 07:00:00 GMT+0000 (Greenwich Mean Time),0.0141,0.0323,0.0465,0
Mon Nov 11 2024 08:00:00 GMT+0000 (Greenwich Mean Time),0.0141,0.0323,0.0465,1319.0070722977514
Mon Nov 11 2024 09:00:00 GMT+0000 (Greenwich Mean Time),0,0.0348,0.0465,8164.792399418803
Mon Nov 11 2024 10:00:00 GMT+0000 (Greenwich Mean Time),0.0147,0.0319,0.0465,1.355991530494105
Mon Nov 11 2024 11:00:00 GMT+0000 (Greenwich Mean Time),0.0147,0.0319,0.0465,0
Mon Nov 11 2024 12:00:00 GMT+0000 (Greenwich Mean Time),0.0147,0.0319,0.0465,411.7535640813393
Mon Nov 11 2024 13:00:00 GMT+0000 (Greenwich Mean Time),0.0147,0.0319,0.0465,0
Mon Nov 11 2024 14:00:00 GMT+0000 (Greenwich Mean Time),0.0147,0.0319,0.0465,321.10911532232944
Mon Nov 11 2024 15:00:00 GMT+0000 (Greenwich Mean Time),0.0147,0.0319,0.0465,0
Mon Nov 11 2024 16:00:00 GMT+0000 (Greenwich Mean Time),0.0147,0.0319,0.0465,179.41209293262406
Mon Nov 11 2024 17:00:00 GMT+0000 (Greenwich Mean Time),0.0147,0.0319,0.0465,33.52637605145044
Mon Nov 11 2024 18:00:00 GMT+0000 (Greenwich Mean Time),0.0147,0.0319,0.0465,135.14252365709353
Mon Nov 11 2024 19:00:00 GMT+0000 (Greenwich Mean Time),0.0147,0.0319,0.0465,3587.5863692038233
Mon Nov 11 2024 20:00:00 GMT+0000 (Greenwich Mean Time),0.0147,0.0319,0.0465,2603.6794771346877
Mon Nov 11 2024 21:00:00 GMT+0000 (Greenwich Mean Time),0.0147,0.0319,0.0465,0
Mon Nov 11 2024 22:00:00 GMT+0000 (Greenwich Mean Time),0.0147,0.0319,0.0465,1796.7486903784336
Mon Nov 11 2024 23:00:00 GMT+0000 (Greenwich Mean Time),0.0147,0.0319,0.0465,0
Tue Nov 12 2024 00:00:00 GMT+0000 (Greenwich Mean Time),0.0147,0.0319,0.0465,0
Tue Nov 12 2024 01:00:00 GMT+0000 (Greenwich Mean Time),0.0147,0.0319,0.0465,0
Tue Nov 12 2024 02:00:00 GMT+0000 (Greenwich Mean Time),0.0147,0.0319,0.0465,0
Tue Nov 12 2024 03:00:00 GMT+0000 (Greenwich Mean Time),0.0147,0.0319,0.0465,0
Tue Nov 12 2024 04:00:00 GMT+0000 (Greenwich Mean Time),0.0147,0.0319,0.0465,0
Tue Nov 12 2024 05:00:00 GMT+0000 (Greenwich Mean Time),0.0147,0.0319,0.0465,0
Tue Nov 12 2024 06:00:00 GMT+0000 (Greenwich Mean Time),0.0147,0.0319,0.0465,0
Tue Nov 12 2024 07:00:00 GMT+0000 (Greenwich Mean Time),0.0147,0.0319,0.0465,46.057548267344316
Tue Nov 12 2024 08:00:00 GMT+0000 (Greenwich Mean Time),0.0147,0.0319,0.0472,60884.1338259664
Tue Nov 12 2024 09:00:00 GMT+0000 (Greenwich Mean Time),0.0147,0.0334,0.0472,1.5453888452694349
Tue Nov 12 2024 10:00:00 GMT+0000 (Greenwich Mean Time),0.0152,0.0308,0.0471,2632.9628473220682
Tue Nov 12 2024 11:00:00 GMT+0000 (Greenwich Mean Time),0.0152,0.0308,0.0471,0
Tue Nov 12 2024 12:00:00 GMT+0000 (Greenwich Mean Time),0.0152,0.0308,0.0471,0
Tue Nov 12 2024 13:00:00 GMT+0000 (Greenwich Mean Time),0.0152,0.0308,0.0471,0
Tue Nov 12 2024 14:00:00 GMT+0000 (Greenwich Mean Time),0.0152,0.0308,0.0471,2.2828818840344787
Tue Nov 12 2024 15:00:00 GMT+0000 (Greenwich Mean Time),0.0152,0.0308,0.0472,2670.827398315866
Tue Nov 12 2024 16:00:00 GMT+0000 (Greenwich Mean Time),0.0152,0.0308,0.0472,0
Tue Nov 12 2024 17:00:00 GMT+0000 (Greenwich Mean Time),0.0152,0.0308,0.0471,3069.605622052829
Tue Nov 12 2024 18:00:00 GMT+0000 (Greenwich Mean Time),0.0152,0.0308,0.0471,0
Tue Nov 12 2024 19:00:00 GMT+0000 (Greenwich Mean Time),0.0152,0.0308,0.0471,0
Tue Nov 12 2024 20:00:00 GMT+0000 (Greenwich Mean Time),0.0152,0.0308,0.0471,0
Tue Nov 12 2024 21:00:00 GMT+0000 (Greenwich Mean Time),0.0152,0.0308,0.0471,0
Tue Nov 12 2024 22:00:00 GMT+0000 (Greenwich Mean Time),0.0152,0.0308,0.0471,0
Tue Nov 12 2024 23:00:00 GMT+0000 (Greenwich Mean Time),0.0152,0.0308,0.0471,0
Wed Nov 13 2024 00:00:00 GMT+0000 (Greenwich Mean Time),0.0151,0.0308,0.0471,0
Wed Nov 13 2024 01:00:00 GMT+0000 (Greenwich Mean Time),0.0151,0.0308,0.0471,0
Wed Nov 13 2024 02:00:00 GMT+0000 (Greenwich Mean Time),0.0151,0.0308,0.0472,3898.977539619754
Wed Nov 13 2024 03:00:00 GMT+0000 (Greenwich Mean Time),0.0151,0.0308,0.0472,358.8491804498632
Wed Nov 13 2024 04:00:00 GMT+0000 (Greenwich Mean Time),0.0151,0.0308,0.0472,0.06440725395834872
Wed Nov 13 2024 05:00:00 GMT+0000 (Greenwich Mean Time),0.0151,0.0308,0.0472,0
Wed Nov 13 2024 06:00:00 GMT+0000 (Greenwich Mean Time),0.0151,0.0308,0.0472,3986.369439305302
Wed Nov 13 2024 07:00:00 GMT+0000 (Greenwich Mean Time),0.0151,0.0308,0.0472,0
Wed Nov 13 2024 08:00:00 GMT+0000 (Greenwich Mean Time),0.0151,0.0308,0.0472,0
Wed Nov 13 2024 09:00:00 GMT+0000 (Greenwich Mean Time),0.0151,0.0265,0.0472,422.4911347390327
Wed Nov 13 2024 10:00:00 GMT+0000 (Greenwich Mean Time),0.029,0.0268,0.0472,0
Wed Nov 13 2024 11:00:00 GMT+0000 (Greenwich Mean Time),0.029,0.0268,0.0472,0
Wed Nov 13 2024 12:00:00 GMT+0000 (Greenwich Mean Time),0.029,0.0268,0.0472,0
Wed Nov 13 2024 13:00:00 GMT+0000 (Greenwich Mean Time),0.029,0.0268,0.0472,0
Wed Nov 13 2024 14:00:00 GMT+0000 (Greenwich Mean Time),0.029,0.0268,0.0472,0
Wed Nov 13 2024 15:00:00 GMT+0000 (Greenwich Mean Time),0.029,0.0268,0.0472,0
Wed Nov 13 2024 16:00:00 GMT+0000 (Greenwich Mean Time),0.029,0.0268,0.0472,0
Wed Nov 13 2024 17:00:00 GMT+0000 (Greenwich Mean Time),0.029,0.0268,0.0472,0
Wed Nov 13 2024 18:00:00 GMT+0000 (Greenwich Mean Time),0.029,0.0268,0.0472,30.102537169410414
Wed Nov 13 2024 19:00:00 GMT+0000 (Greenwich Mean Time),0.029,0.0268,0.0472,3822.3950993648623
Wed Nov 13 2024 20:00:00 GMT+0000 (Greenwich Mean Time),0.029,0.0268,0.0472,0
Wed Nov 13 2024 21:00:00 GMT+0000 (Greenwich Mean Time),0.029,0.0268,0.0472,0
Wed Nov 13 2024 22:00:00 GMT+0000 (Greenwich Mean Time),0.029,0.0268,0.0472,1218.3299132692969
Wed Nov 13 2024 23:00:00 GMT+0000 (Greenwich Mean Time),0.029,0.0268,0.0472,0
Thu Nov 14 2024 00:00:00 GMT+0000 (Greenwich Mean Time),0.029,0.0269,0.0472,0
Thu Nov 14 2024 01:00:00 GMT+0000 (Greenwich Mean Time),0.029,0.0269,0.0472,0
Thu Nov 14 2024 02:00:00 GMT+0000 (Greenwich Mean Time),0.029,0.0269,0.0473,9338.025759187407
Thu Nov 14 2024 03:00:00 GMT+0000 (Greenwich Mean Time),0.029,0.0269,0.0473,0
Thu Nov 14 2024 04:00:00 GMT+0000 (Greenwich Mean Time),0.029,0.0269,0.0473,5.691164439240147
Thu Nov 14 2024 05:00:00 GMT+0000 (Greenwich Mean Time),0.029,0.0269,0.0473,0
Thu Nov 14 2024 06:00:00 GMT+0000 (Greenwich Mean Time),0.029,0.0269,0.0473,0
Thu Nov 14 2024 07:00:00 GMT+0000 (Greenwich Mean Time),0.029,0.0269,0.0473,0
Thu Nov 14 2024 08:00:00 GMT+0000 (Greenwich Mean Time),0.029,0.0269,0.0473,1697.2204380987328
Thu Nov 14 2024 09:00:00 GMT+0000 (Greenwich Mean Time),0.029,0.022,0.0473,77.43136858842342
Thu Nov 14 2024 10:00:00 GMT+0000 (Greenwich Mean Time),0.0312,0.0233,0.0473,320.5840929926443
Thu Nov 14 2024 11:00:00 GMT+0000 (Greenwich Mean Time),0.0312,0.0233,0.0473,122.07857980115212
Thu Nov 14 2024 12:00:00 GMT+0000 (Greenwich Mean Time),0.0312,0.0233,0.0473,3196.8966315834364
Thu Nov 14 2024 13:00:00 GMT+0000 (Greenwich Mean Time),0.0312,0.0233,0.0473,534.2531243777499
Thu Nov 14 2024 14:00:00 GMT+0000 (Greenwich Mean Time),0.0312,0.0233,0.0473,0
Thu Nov 14 2024 15:00:00 GMT+0000 (Greenwich Mean Time),0.0312,0.0233,0.0473,109.93512902775106
Thu Nov 14 2024 16:00:00 GMT+0000 (Greenwich Mean Time),0.0312,0.0233,0.0474,3352.8060131654584
Thu Nov 14 2024 17:00:00 GMT+0000 (Greenwich Mean Time),0.0312,0.0233,0.0474,0
Thu Nov 14 2024 18:00:00 GMT+0000 (Greenwich Mean Time),0.0312,0.0233,0.0474,265.88284164757385
Thu Nov 14 2024 19:00:00 GMT+0000 (Greenwich Mean Time),0.0312,0.0233,0.0474,0
Thu Nov 14 2024 20:00:00 GMT+0000 (Greenwich Mean Time),0.0312,0.0233,0.0474,0
Thu Nov 14 2024 21:00:00 GMT+0000 (Greenwich Mean Time),0.0312,0.0233,0.0474,0
Thu Nov 14 2024 22:00:00 GMT+0000 (Greenwich Mean Time),0.0312,0.0233,0.0474,0
Thu Nov 14 2024 23:00:00 GMT+0000 (Greenwich Mean Time),0.0312,0.0233,0.0474,0
Fri Nov 15 2024 00:00:00 GMT+0000 (Greenwich Mean Time),0.0311,0.0233,0.0474,85.5362748510536
Fri Nov 15 2024 01:00:00 GMT+0000 (Greenwich Mean Time),0.0311,0.0233,0.0474,3039.733825787301
Fri Nov 15 2024 02:00:00 GMT+0000 (Greenwich Mean Time),0.0311,0.0233,0.0474,114.48733465469833
Fri Nov 15 2024 03:00:00 GMT+0000 (Greenwich Mean Time),0.0311,0.0233,0.0474,0
Fri Nov 15 2024 04:00:00 GMT+0000 (Greenwich Mean Time),0.0311,0.0233,0.0473,6084.161852876911
Fri Nov 15 2024 05:00:00 GMT+0000 (Greenwich Mean Time),0.0311,0.0233,0.0473,0
Fri Nov 15 2024 06:00:00 GMT+0000 (Greenwich Mean Time),0.0311,0.0233,0.0473,0
Fri Nov 15 2024 07:00:00 GMT+0000 (Greenwich Mean Time),0.0311,0.0233,0.0473,0
Fri Nov 15 2024 08:00:00 GMT+0000 (Greenwich Mean Time),0.0311,0.0233,0.0473,1.1564577834169703
Fri Nov 15 2024 09:00:00 GMT+0000 (Greenwich Mean Time),0.0311,0.0195,0.0475,12894.6338173061
Fri Nov 15 2024 10:00:00 GMT+0000 (Greenwich Mean Time),0.0313,0.0212,0.0475,0
Fri Nov 15 2024 11:00:00 GMT+0000 (Greenwich Mean Time),0.0313,0.0212,0.0475,0
Fri Nov 15 2024 12:00:00 GMT+0000 (Greenwich Mean Time),0.0313,0.0212,0.0475,30.95055784239354
Fri Nov 15 2024 13:00:00 GMT+0000 (Greenwich Mean Time),0.0313,0.0212,0.0475,631.2532252033666
Fri Nov 15 2024 14:00:00 GMT+0000 (Greenwich Mean Time),0.0313,0.0212,0.0475,0
Fri Nov 15 2024 15:00:00 GMT+0000 (Greenwich Mean Time),0.0313,0.0212,0.0475,760.667628207601
Fri Nov 15 2024 16:00:00 GMT+0000 (Greenwich Mean Time),0.0313,0.0212,0.0475,0
Fri Nov 15 2024 17:00:00 GMT+0000 (Greenwich Mean Time),0.0313,0.0212,0.0475,0
Fri Nov 15 2024 18:00:00 GMT+0000 (Greenwich Mean Time),0.0313,0.0212,0.0475,3.0045663455038665
Fri Nov 15 2024 19:00:00 GMT+0000 (Greenwich Mean Time),0.0313,0.0212,0.0475,0
Fri Nov 15 2024 20:00:00 GMT+0000 (Greenwich Mean Time),0.0313,0.0212,0.0475,0
Fri Nov 15 2024 21:00:00 GMT+0000 (Greenwich Mean Time),0.0313,0.0212,0.0475,0
Fri Nov 15 2024 22:00:00 GMT+0000 (Greenwich Mean Time),0.0313,0.0212,0.0475,0
Fri Nov 15 2024 23:00:00 GMT+0000 (Greenwich Mean Time),0.0313,0.0212,0.0475,0
Sat Nov 16 2024 00:00:00 GMT+0000 (Greenwich Mean Time),0.0313,0.0212,0.0475,0
Sat Nov 16 2024 01:00:00 GMT+0000 (Greenwich Mean Time),0.0313,0.0212,0.0475,49.82286302083024
Sat Nov 16 2024 02:00:00 GMT+0000 (Greenwich Mean Time),0.0313,0.0212,0.0475,0
Sat Nov 16 2024 03:00:00 GMT+0000 (Greenwich Mean Time),0.0313,0.0212,0.0478,17590.822882837052
Sat Nov 16 2024 04:00:00 GMT+0000 (Greenwich Mean Time),0.0313,0.0212,0.0478,0
Sat Nov 16 2024 05:00:00 GMT+0000 (Greenwich Mean Time),0.0313,0.0212,0.0478,0
Sat Nov 16 2024 06:00:00 GMT+0000 (Greenwich Mean Time),0.0314,0.0212,0.0478,0
Sat Nov 16 2024 07:00:00 GMT+0000 (Greenwich Mean Time),0.0313,0.0212,0.0478,3110.8999076767186
Sat Nov 16 2024 08:00:00 GMT+0000 (Greenwich Mean Time),0.0313,0.0212,0.0478,1596.6257874708624
Sat Nov 16 2024 09:00:00 GMT+0000 (Greenwich Mean Time),0.0314,0.0225,0.0478,1997.1130707087398
Sat Nov 16 2024 10:00:00 GMT+0000 (Greenwich Mean Time),0.0186,0.022,0.0476,13575.458835615553
Sat Nov 16 2024 11:00:00 GMT+0000 (Greenwich Mean Time),0.0186,0.022,0.0476,0
Sat Nov 16 2024 12:00:00 GMT+0000 (Greenwich Mean Time),0.0186,0.022,0.0476,0
Sat Nov 16 2024 13:00:00 GMT+0000 (Greenwich Mean Time),0.0186,0.022,0.0476,0
Sat Nov 16 2024 14:00:00 GMT+0000 (Greenwich Mean Time),0.0186,0.022,0.0476,744.7321987988308
Sat Nov 16 2024 15:00:00 GMT+0000 (Greenwich Mean Time),0.0185,0.022,0.0476,0
Sat Nov 16 2024 16:00:00 GMT+0000 (Greenwich Mean Time),0.0186,0.022,0.0476,0
Sat Nov 16 2024 17:00:00 GMT+0000 (Greenwich Mean Time),0.0186,0.022,0.0476,2195.8825648835436
Sat Nov 16 2024 18:00:00 GMT+0000 (Greenwich Mean Time),0.0186,0.022,0.0476,1136.14144805793
Sat Nov 16 2024 19:00:00 GMT+0000 (Greenwich Mean Time),0.0186,0.022,0.0476,0
Sat Nov 16 2024 20:00:00 GMT+0000 (Greenwich Mean Time),0.0186,0.022,0.0476,0
Sat Nov 16 2024 21:00:00 GMT+0000 (Greenwich Mean Time),0.0186,0.022,0.0476,0
Sat Nov 16 2024 22:00:00 GMT+0000 (Greenwich Mean Time),0.0186,0.022,0.0476,0
Sat Nov 16 2024 23:00:00 GMT+0000 (Greenwich Mean Time),0.0186,0.022,0.0476,3503.808650868279
Sun Nov 17 2024 00:00:00 GMT+0000 (Greenwich Mean Time),0.0186,0.022,0.0476,246.3607244831569
Sun Nov 17 2024 01:00:00 GMT+0000 (Greenwich Mean Time),0.0186,0.022,0.0476,0
Sun Nov 17 2024 02:00:00 GMT+0000 (Greenwich Mean Time),0.0186,0.022,0.0476,0
Sun Nov 17 2024 03:00:00 GMT+0000 (Greenwich Mean Time),0.0186,0.022,0.0476,750.3072581155718
Sun Nov 17 2024 04:00:00 GMT+0000 (Greenwich Mean Time),0.0186,0.022,0.0476,0
Sun Nov 17 2024 05:00:00 GMT+0000 (Greenwich Mean Time),0.0186,0.022,0.0476,0
Sun Nov 17 2024 06:00:00 GMT+0000 (Greenwich Mean Time),0.0185,0.022,0.0476,477.308444411814
Sun Nov 17 2024 07:00:00 GMT+0000 (Greenwich Mean Time),0.0186,0.022,0.0476,1.0506675559045968
Sun Nov 17 2024 08:00:00 GMT+0000 (Greenwich Mean Time),0.0186,0.022,0.0476,0
Sun Nov 17 2024 09:00:00 GMT+0000 (Greenwich Mean Time),0.0186,0.0233,0.0476,0
Sun Nov 17 2024 10:00:00 GMT+0000 (Greenwich Mean Time),0.0162,0.0223,0.0476,7.598249945714064
Sun Nov 17 2024 11:00:00 GMT+0000 (Greenwich Mean Time),0.0162,0.0223,0.0476,0
Sun Nov 17 2024 12:00:00 GMT+0000 (Greenwich Mean Time),0.0162,0.0223,0.0476,0
Sun Nov 17 2024 13:00:00 GMT+0000 (Greenwich Mean Time),0.0162,0.0223,0.0476,0
Sun Nov 17 2024 14:00:00 GMT+0000 (Greenwich Mean Time),0.0162,0.0223,0.0475,11287.993757506276
Sun Nov 17 2024 15:00:00 GMT+0000 (Greenwich Mean Time),0.0162,0.0223,0.0475,922.9603922414345
Sun Nov 17 2024 16:00:00 GMT+0000 (Greenwich Mean Time),0.0162,0.0223,0.0475,1472.5267375442545
Sun Nov 17 2024 17:00:00 GMT+0000 (Greenwich Mean Time),0.0162,0.0223,0.0475,683.8331300530338
Sun Nov 17 2024 18:00:00 GMT+0000 (Greenwich Mean Time),0.0162,0.0223,0.0475,331.5652815456386
Sun Nov 17 2024 19:00:00 GMT+0000 (Greenwich Mean Time),0.0162,0.0223,0.0475,0
Sun Nov 17 2024 20:00:00 GMT+0000 (Greenwich Mean Time),0.0162,0.0223,0.0475,19530.355494276795
Sun Nov 17 2024 21:00:00 GMT+0000 (Greenwich Mean Time),0.0162,0.0223,0.0474,6657.935983005799
Sun Nov 17 2024 22:00:00 GMT+0000 (Greenwich Mean Time),0.0162,0.0223,0.0474,44.26297856005025
Sun Nov 17 2024 23:00:00 GMT+0000 (Greenwich Mean Time),0.0162,0.0223,0.0474,232.45290169563432
Mon Nov 18 2024 00:00:00 GMT+0000 (Greenwich Mean Time),0.0162,0.0223,0.0474,0
Mon Nov 18 2024 01:00:00 GMT+0000 (Greenwich Mean Time),0.0162,0.0223,0.0474,0
Mon Nov 18 2024 02:00:00 GMT+0000 (Greenwich Mean Time),0.0162,0.0223,0.0474,0
Mon Nov 18 2024 03:00:00 GMT+0000 (Greenwich Mean Time),0.0162,0.0223,0.0474,51.06035367150273
Mon Nov 18 2024 04:00:00 GMT+0000 (Greenwich Mean Time),0.0162,0.0223,0.0474,0
Mon Nov 18 2024 05:00:00 GMT+0000 (Greenwich Mean Time),0.0162,0.0223,0.0474,0
Mon Nov 18 2024 06:00:00 GMT+0000 (Greenwich Mean Time),0.0162,0.0223,0.0474,0.8263939330792305
Mon Nov 18 2024 07:00:00 GMT+0000 (Greenwich Mean Time),0.0162,0.0223,0.0474,0
Mon Nov 18 2024 08:00:00 GMT+0000 (Greenwich Mean Time),0.0162,0.0223,0.0474,0
Mon Nov 18 2024 09:00:00 GMT+0000 (Greenwich Mean Time),0.0162,0.0223,0.0475,2523.5577576001037
Mon Nov 18 2024 10:00:00 GMT+0000 (Greenwich Mean Time),0.0131,0.022,0.0474,1864.8283256071804
Mon Nov 18 2024 11:00:00 GMT+0000 (Greenwich Mean Time),0.0131,0.022,0.0474,5.897989906651028
Mon Nov 18 2024 12:00:00 GMT+0000 (Greenwich Mean Time),0.0131,0.022,0.0474,0
Mon Nov 18 2024 13:00:00 GMT+0000 (Greenwich Mean Time),0.0131,0.022,0.0474,0
Mon Nov 18 2024 14:00:00 GMT+0000 (Greenwich Mean Time),0.0131,0.022,0.0474,268.9598732083202
Mon Nov 18 2024 15:00:00 GMT+0000 (Greenwich Mean Time),0.0131,0.022,0.0474,0
Mon Nov 18 2024 16:00:00 GMT+0000 (Greenwich Mean Time),0.0131,0.022,0.0474,0
Mon Nov 18 2024 17:00:00 GMT+0000 (Greenwich Mean Time),0.0131,0.022,0.0474,0
Mon Nov 18 2024 18:00:00 GMT+0000 (Greenwich Mean Time),0.0131,0.022,0.0474,0
Mon Nov 18 2024 19:00:00 GMT+0000 (Greenwich Mean Time),0.0131,0.022,0.0474,0
Mon Nov 18 2024 20:00:00 GMT+0000 (Greenwich Mean Time),0.0131,0.022,0.0474,0
Mon Nov 18 2024 21:00:00 GMT+0000 (Greenwich Mean Time),0.0131,0.022,0.0474,0
Mon Nov 18 2024 22:00:00 GMT+0000 (Greenwich Mean Time),0.0131,0.022,0.0474,1010.5339714342362
Mon Nov 18 2024 23:00:00 GMT+0000 (Greenwich Mean Time),0.0131,0.022,0.0474,0
Tue Nov 19 2024 00:00:00 GMT+0000 (Greenwich Mean Time),0.0131,0.022,0.0474,0
Tue Nov 19 2024 01:00:00 GMT+0000 (Greenwich Mean Time),0.0131,0.022,0.0474,0
Tue Nov 19 2024 02:00:00 GMT+0000 (Greenwich Mean Time),0.0131,0.022,0.0476,10287.208899794074
Tue Nov 19 2024 03:00:00 GMT+0000 (Greenwich Mean Time),0.0131,0.022,0.0476,0
Tue Nov 19 2024 04:00:00 GMT+0000 (Greenwich Mean Time),0.0131,0.022,0.0476,0
Tue Nov 19 2024 05:00:00 GMT+0000 (Greenwich Mean Time),0.0131,0.022,0.0476,0.8496504105797268
Tue Nov 19 2024 06:00:00 GMT+0000 (Greenwich Mean Time),0.0131,0.022,0.0476,55.58946703203854
Tue Nov 19 2024 07:00:00 GMT+0000 (Greenwich Mean Time),0.0131,0.022,0.0476,303.50033762959384
Tue Nov 19 2024 08:00:00 GMT+0000 (Greenwich Mean Time),0.0131,0.022,0.0476,488.4340082695304
Tue Nov 19 2024 09:00:00 GMT+0000 (Greenwich Mean Time),0.0131,0.022,0.0476,0.5749318523335183
Tue Nov 19 2024 10:00:00 GMT+0000 (Greenwich Mean Time),0,0.0232,0.0476,71.28110134537607
Tue Nov 19 2024 11:00:00 GMT+0000 (Greenwich Mean Time),0.0262,0.0236,0.0477,8900.712246640936
Tue Nov 19 2024 12:00:00 GMT+0000 (Greenwich Mean Time),0.0262,0.0236,0.0475,22950.141069816065
Tue Nov 19 2024 13:00:00 GMT+0000 (Greenwich Mean Time),0.0262,0.0236,0.0475,0
Tue Nov 19 2024 14:00:00 GMT+0000 (Greenwich Mean Time),0.0262,0.0236,0.0475,0
Tue Nov 19 2024 15:00:00 GMT+0000 (Greenwich Mean Time),0.0262,0.0236,0.0475,0.5115847665314631
Tue Nov 19 2024 16:00:00 GMT+0000 (Greenwich Mean Time),0.0262,0.0236,0.0475,0
Tue Nov 19 2024 17:00:00 GMT+0000 (Greenwich Mean Time),0.0262,0.0236,0.0475,0
Tue Nov 19 2024 18:00:00 GMT+0000 (Greenwich Mean Time),0.0262,0.0236,0.0475,558.4728111810934
Tue Nov 19 2024 19:00:00 GMT+0000 (Greenwich Mean Time),0.0262,0.0236,0.0475,1580.2339923734085
Tue Nov 19 2024 20:00:00 GMT+0000 (Greenwich Mean Time),0.0262,0.0236,0.0475,379.3568441882988
Tue Nov 19 2024 21:00:00 GMT+0000 (Greenwich Mean Time),0.0262,0.0236,0.0475,0
Tue Nov 19 2024 22:00:00 GMT+0000 (Greenwich Mean Time),0.0262,0.0236,0.0475,0
Tue Nov 19 2024 23:00:00 GMT+0000 (Greenwich Mean Time),0.0262,0.0236,0.0475,0
Wed Nov 20 2024 00:00:00 GMT+0000 (Greenwich Mean Time),0.0262,0.0236,0.0475,0
Wed Nov 20 2024 01:00:00 GMT+0000 (Greenwich Mean Time),0.0262,0.0236,0.0475,0
Wed Nov 20 2024 02:00:00 GMT+0000 (Greenwich Mean Time),0.0262,0.0236,0.0475,0
Wed Nov 20 2024 03:00:00 GMT+0000 (Greenwich Mean Time),0.0262,0.0236,0.0475,0
Wed Nov 20 2024 04:00:00 GMT+0000 (Greenwich Mean Time),0.0262,0.0236,0.0475,0
Wed Nov 20 2024 05:00:00 GMT+0000 (Greenwich Mean Time),0.0262,0.0236,0.0475,0.6455649512150894
Wed Nov 20 2024 06:00:00 GMT+0000 (Greenwich Mean Time),0.0262,0.0236,0.0475,304.3624849791598
Wed Nov 20 2024 07:00:00 GMT+0000 (Greenwich Mean Time),0.0262,0.0236,0.0475,0
Wed Nov 20 2024 08:00:00 GMT+0000 (Greenwich Mean Time),0.0262,0.0236,0.0475,0
Wed Nov 20 2024 09:00:00 GMT+0000 (Greenwich Mean Time),0.0262,0.0236,0.0475,0
Wed Nov 20 2024 10:00:00 GMT+0000 (Greenwich Mean Time),0.0262,0.0227,0.0476,4600.240707943594
Wed Nov 20 2024 11:00:00 GMT+0000 (Greenwich Mean Time),0.0566,0.0275,0.0476,93.61168580040915
Wed Nov 20 2024 12:00:00 GMT+0000 (Greenwich Mean Time),0.0566,0.0275,0.0476,0
Wed Nov 20 2024 13:00:00 GMT+0000 (Greenwich Mean Time),0.0566,0.0275,0.0476,0
Wed Nov 20 2024 14:00:00 GMT+0000 (Greenwich Mean Time),0.0566,0.0275,0.0476,0
Wed Nov 20 2024 15:00:00 GMT+0000 (Greenwich Mean Time),0.0566,0.0275,0.0476,0
Wed Nov 20 2024 16:00:00 GMT+0000 (Greenwich Mean Time),0.0566,0.0275,0.0476,0
Wed Nov 20 2024 17:00:00 GMT+0000 (Greenwich Mean Time),0.0566,0.0275,0.0476,0
Wed Nov 20 2024 18:00:00 GMT+0000 (Greenwich Mean Time),0.0566,0.0275,0.0476,0
Wed Nov 20 2024 19:00:00 GMT+0000 (Greenwich Mean Time),0.0566,0.0275,0.0476,0
Wed Nov 20 2024 20:00:00 GMT+0000 (Greenwich Mean Time),0.0566,0.0275,0.0476,892.8486384172888
Wed Nov 20 2024 21:00:00 GMT+0000 (Greenwich Mean Time),0.0566,0.0275,0.0476,0
Wed Nov 20 2024 22:00:00 GMT+0000 (Greenwich Mean Time),0.0566,0.0275,0.0476,0
Wed Nov 20 2024 23:00:00 GMT+0000 (Greenwich Mean Time),0.0566,0.0275,0.0476,0
Thu Nov 21 2024 00:00:00 GMT+0000 (Greenwich Mean Time),0.0565,0.0275,0.0476,0
Thu Nov 21 2024 01:00:00 GMT+0000 (Greenwich Mean Time),0.0565,0.0275,0.0477,6221.028761563839
Thu Nov 21 2024 02:00:00 GMT+0000 (Greenwich Mean Time),0.0565,0.0275,0.0477,0
Thu Nov 21 2024 03:00:00 GMT+0000 (Greenwich Mean Time),0.0565,0.0275,0.0457,138874.12959000544
Thu Nov 21 2024 04:00:00 GMT+0000 (Greenwich Mean Time),0.0565,0.0275,0.0458,8667.537860897693
Thu Nov 21 2024 05:00:00 GMT+0000 (Greenwich Mean Time),0.0565,0.0275,0.0458,0
Thu Nov 21 2024 06:00:00 GMT+0000 (Greenwich Mean Time),0.0565,0.0275,0.0458,5.088554264698859
Thu Nov 21 2024 07:00:00 GMT+0000 (Greenwich Mean Time),0.0565,0.0275,0.0458,2.5610131936185154
Thu Nov 21 2024 08:00:00 GMT+0000 (Greenwich Mean Time),0.0565,0.0275,0.0458,0
Thu Nov 21 2024 09:00:00 GMT+0000 (Greenwich Mean Time),0.0565,0.0275,0.0457,3548.5862566664896
Thu Nov 21 2024 10:00:00 GMT+0000 (Greenwich Mean Time),0.0565,0.0269,0.0457,434.4395233531368
Thu Nov 21 2024 11:00:00 GMT+0000 (Greenwich Mean Time),0.0567,0.0311,0.0457,0
Thu Nov 21 2024 12:00:00 GMT+0000 (Greenwich Mean Time),0.0567,0.0311,0.0457,0
Thu Nov 21 2024 13:00:00 GMT+0000 (Greenwich Mean Time),0.0567,0.0311,0.0457,0
Thu Nov 21 2024 14:00:00 GMT+0000 (Greenwich Mean Time),0.0567,0.0311,0.0457,0
Thu Nov 21 2024 15:00:00 GMT+0000 (Greenwich Mean Time),0.0567,0.0311,0.0457,0
Thu Nov 21 2024 16:00:00 GMT+0000 (Greenwich Mean Time),0.0567,0.0311,0.0457,0
Thu Nov 21 2024 17:00:00 GMT+0000 (Greenwich Mean Time),0.0567,0.0311,0.0457,0
Thu Nov 21 2024 18:00:00 GMT+0000 (Greenwich Mean Time),0.0567,0.0311,0.0457,0
Thu Nov 21 2024 19:00:00 GMT+0000 (Greenwich Mean Time),0.0567,0.0311,0.0457,0
Thu Nov 21 2024 20:00:00 GMT+0000 (Greenwich Mean Time),0.0567,0.0311,0.0457,0
Thu Nov 21 2024 21:00:00 GMT+0000 (Greenwich Mean Time),0.0567,0.0311,0.0457,0
Thu Nov 21 2024 22:00:00 GMT+0000 (Greenwich Mean Time),0.0567,0.0311,0.0457,0
Thu Nov 21 2024 23:00:00 GMT+0000 (Greenwich Mean Time),0.0567,0.0311,0.0457,71.63238613397642
Fri Nov 22 2024 00:00:00 GMT+0000 (Greenwich Mean Time),0.0566,0.0311,0.0457,0
Fri Nov 22 2024 01:00:00 GMT+0000 (Greenwich Mean Time),0.0566,0.0311,0.0457,0
Fri Nov 22 2024 02:00:00 GMT+0000 (Greenwich Mean Time),0.0566,0.0311,0.0457,0
Fri Nov 22 2024 03:00:00 GMT+0000 (Greenwich Mean Time),0.0566,0.0311,0.0457,0
Fri Nov 22 2024 04:00:00 GMT+0000 (Greenwich Mean Time),0.0566,0.0311,0.0457,0.5269940914309673
Fri Nov 22 2024 05:00:00 GMT+0000 (Greenwich Mean Time),0.0566,0.0311,0.0457,0
Fri Nov 22 2024 06:00:00 GMT+0000 (Greenwich Mean Time),0.0566,0.0311,0.0458,1762.7237452624877
Fri Nov 22 2024 07:00:00 GMT+0000 (Greenwich Mean Time),0.0566,0.0311,0.0458,0
Fri Nov 22 2024 08:00:00 GMT+0000 (Greenwich Mean Time),0.0566,0.0311,0.0458,0
Fri Nov 22 2024 09:00:00 GMT+0000 (Greenwich Mean Time),0.0566,0.0311,0.0457,8615.388969501608
Fri Nov 22 2024 10:00:00 GMT+0000 (Greenwich Mean Time),0.0566,0.031,0.0457,0
Fri Nov 22 2024 11:00:00 GMT+0000 (Greenwich Mean Time),0.0431,0.0328,0.0457,0
Fri Nov 22 2024 12:00:00 GMT+0000 (Greenwich Mean Time),0.0431,0.0328,0.0457,0
Fri Nov 22 2024 13:00:00 GMT+0000 (Greenwich Mean Time),0.0431,0.0328,0.0457,0
Fri Nov 22 2024 14:00:00 GMT+0000 (Greenwich Mean Time),0.0431,0.0328,0.0456,996.5851201043865
Fri Nov 22 2024 15:00:00 GMT+0000 (Greenwich Mean Time),0.0431,0.0328,0.0456,0
Fri Nov 22 2024 16:00:00 GMT+0000 (Greenwich Mean Time),0.0431,0.0328,0.0456,35.88740974845921
Fri Nov 22 2024 17:00:00 GMT+0000 (Greenwich Mean Time),0.0431,0.0328,0.0456,0
Fri Nov 22 2024 18:00:00 GMT+0000 (Greenwich Mean Time),0.0431,0.0328,0.0456,0
Fri Nov 22 2024 19:00:00 GMT+0000 (Greenwich Mean Time),0.0431,0.0328,0.0456,307.97936297251783
Fri Nov 22 2024 20:00:00 GMT+0000 (Greenwich Mean Time),0.0431,0.0328,0.0456,0
Fri Nov 22 2024 21:00:00 GMT+0000 (Greenwich Mean Time),0.0431,0.0328,0.0456,0
Fri Nov 22 2024 22:00:00 GMT+0000 (Greenwich Mean Time),0.0431,0.0328,0.0456,523.0454813639776
Fri Nov 22 2024 23:00:00 GMT+0000 (Greenwich Mean Time),0.0431,0.0328,0.0456,0
Sat Nov 23 2024 00:00:00 GMT+0000 (Greenwich Mean Time),0.0431,0.0328,0.0456,0
Sat Nov 23 2024 01:00:00 GMT+0000 (Greenwich Mean Time),0.0431,0.0328,0.0456,0
Sat Nov 23 2024 02:00:00 GMT+0000 (Greenwich Mean Time),0.0431,0.0328,0.0456,1201.2280797674125
Sat Nov 23 2024 03:00:00 GMT+0000 (Greenwich Mean Time),0.0432,0.0328,0.0456,0.5535906513054664
Sat Nov 23 2024 04:00:00 GMT+0000 (Greenwich Mean Time),0.0432,0.0328,0.0456,0
Sat Nov 23 2024 05:00:00 GMT+0000 (Greenwich Mean Time),0.0431,0.0328,0.0456,0
Sat Nov 23 2024 06:00:00 GMT+0000 (Greenwich Mean Time),0.0432,0.0328,0.0456,99.46962786197975
Sat Nov 23 2024 07:00:00 GMT+0000 (Greenwich Mean Time),0.0432,0.0328,0.0456,0
Sat Nov 23 2024 08:00:00 GMT+0000 (Greenwich Mean Time),0.0431,0.0328,0.0456,0
Sat Nov 23 2024 09:00:00 GMT+0000 (Greenwich Mean Time),0.0431,0.0328,0.0456,172.06105954279363
Sat Nov 23 2024 10:00:00 GMT+0000 (Greenwich Mean Time),0.0431,0.0352,0.0456,0
Sat Nov 23 2024 11:00:00 GMT+0000 (Greenwich Mean Time),0.0144,0.0322,0.0456,0
Sat Nov 23 2024 12:00:00 GMT+0000 (Greenwich Mean Time),0.0144,0.0322,0.0457,13062.055050647838
Sat Nov 23 2024 13:00:00 GMT+0000 (Greenwich Mean Time),0.0144,0.0322,0.0457,0
Sat Nov 23 2024 14:00:00 GMT+0000 (Greenwich Mean Time),0.0144,0.0322,0.0457,1986.6989961247507
Sat Nov 23 2024 15:00:00 GMT+0000 (Greenwich Mean Time),0.0144,0.0322,0.0457,0
Sat Nov 23 2024 16:00:00 GMT+0000 (Greenwich Mean Time),0.0144,0.0322,0.0457,0
Sat Nov 23 2024 17:00:00 GMT+0000 (Greenwich Mean Time),0.0144,0.0322,0.0457,1078.7214233492828
Sat Nov 23 2024 18:00:00 GMT+0000 (Greenwich Mean Time),0.0144,0.0322,0.0464,48065.8637988108
Sat Nov 23 2024 19:00:00 GMT+0000 (Greenwich Mean Time),0.0144,0.0322,0.0464,0
Sat Nov 23 2024 20:00:00 GMT+0000 (Greenwich Mean Time),0.0144,0.0322,0.0464,0
Sat Nov 23 2024 21:00:00 GMT+0000 (Greenwich Mean Time),0.0144,0.0322,0.0464,880.5818084497616
Sat Nov 23 2024 22:00:00 GMT+0000 (Greenwich Mean Time),0.0144,0.0322,0.0464,282.2387965312573
Sat Nov 23 2024 23:00:00 GMT+0000 (Greenwich Mean Time),0.0144,0.0322,0.0464,212.42954087490145
Sun Nov 24 2024 00:00:00 GMT+0000 (Greenwich Mean Time),0.0144,0.0322,0.0464,0
Sun Nov 24 2024 01:00:00 GMT+0000 (Greenwich Mean Time),0.0144,0.0322,0.0464,0
Sun Nov 24 2024 02:00:00 GMT+0000 (Greenwich Mean Time),0.0144,0.0322,0.0462,12599.735820113325
Sun Nov 24 2024 03:00:00 GMT+0000 (Greenwich Mean Time),0.0144,0.0322,0.0462,0.4448610497177116
Sun Nov 24 2024 04:00:00 GMT+0000 (Greenwich Mean Time),0.0144,0.0322,0.0463,7635.98836810062
Sun Nov 24 2024 05:00:00 GMT+0000 (Greenwich Mean Time),0.0144,0.0322,0.0463,2530.4037959835287
Sun Nov 24 2024 06:00:00 GMT+0000 (Greenwich Mean Time),0.0144,0.0322,0.0464,1244.3850072695313
Sun Nov 24 2024 07:00:00 GMT+0000 (Greenwich Mean Time),0.0144,0.0322,0.0464,4086.626351743062
Sun Nov 24 2024 08:00:00 GMT+0000 (Greenwich Mean Time),0.0144,0.0322,0.0464,0
Sun Nov 24 2024 09:00:00 GMT+0000 (Greenwich Mean Time),0.0144,0.0322,0.0464,0
Sun Nov 24 2024 10:00:00 GMT+0000 (Greenwich Mean Time),0.0144,0.0349,0.0464,0
Sun Nov 24 2024 11:00:00 GMT+0000 (Greenwich Mean Time),0.0154,0.0321,0.0464,861.8415360890365
Sun Nov 24 2024 12:00:00 GMT+0000 (Greenwich Mean Time),0.0154,0.0321,0.0464,24.539513622439767
Sun Nov 24 2024 13:00:00 GMT+0000 (Greenwich Mean Time),0.0154,0.0321,0.0464,1656.8142212799032
Sun Nov 24 2024 14:00:00 GMT+0000 (Greenwich Mean Time),0.0154,0.0321,0.0464,2.9427320136151764
Sun Nov 24 2024 15:00:00 GMT+0000 (Greenwich Mean Time),0.0154,0.0321,0.0464,0
Sun Nov 24 2024 16:00:00 GMT+0000 (Greenwich Mean Time),0.0154,0.0321,0.0464,14.777308103621825
Sun Nov 24 2024 17:00:00 GMT+0000 (Greenwich Mean Time),0.0154,0.0321,0.0464,14.70018498075095
Sun Nov 24 2024 18:00:00 GMT+0000 (Greenwich Mean Time),0.0154,0.0321,0.0464,2080.856449969557
Sun Nov 24 2024 19:00:00 GMT+0000 (Greenwich Mean Time),0.0154,0.0321,0.0464,0
Sun Nov 24 2024 20:00:00 GMT+0000 (Greenwich Mean Time),0.0154,0.0321,0.0464,0
Sun Nov 24 2024 21:00:00 GMT+0000 (Greenwich Mean Time),0.0154,0.0321,0.0464,3924.001038356865
Sun Nov 24 2024 22:00:00 GMT+0000 (Greenwich Mean Time),0.0154,0.0321,0.0464,2146.81398339494
Sun Nov 24 2024 23:00:00 GMT+0000 (Greenwich Mean Time),0.0154,0.0321,0.0464,2194.843972859169
Mon Nov 25 2024 00:00:00 GMT+0000 (Greenwich Mean Time),0.0154,0.0321,0.0464,0
Mon Nov 25 2024 01:00:00 GMT+0000 (Greenwich Mean Time),0.0154,0.0321,0.0464,0
Mon Nov 25 2024 02:00:00 GMT+0000 (Greenwich Mean Time),0.0154,0.0321,0.0464,0.4411794997920036
Mon Nov 25 2024 03:00:00 GMT+0000 (Greenwich Mean Time),0.0154,0.032,0.0464,0
Mon Nov 25 2024 04:00:00 GMT+0000 (Greenwich Mean Time),0.0154,0.0321,0.0464,0
Mon Nov 25 2024 05:00:00 GMT+0000 (Greenwich Mean Time),0.0154,0.0321,0.0464,0
Mon Nov 25 2024 06:00:00 GMT+0000 (Greenwich Mean Time),0.0154,0.0321,0.0464,0
Mon Nov 25 2024 07:00:00 GMT+0000 (Greenwich Mean Time),0.0154,0.032,0.0464,0
Mon Nov 25 2024 08:00:00 GMT+0000 (Greenwich Mean Time),0.0154,0.0321,0.0464,0
Mon Nov 25 2024 09:00:00 GMT+0000 (Greenwich Mean Time),0.0154,0.0321,0.0464,0
Mon Nov 25 2024 10:00:00 GMT+0000 (Greenwich Mean Time),0.0154,0.0352,0.0464,0
Mon Nov 25 2024 11:00:00 GMT+0000 (Greenwich Mean Time),0.0307,0.0346,0.0464,0
Mon Nov 25 2024 12:00:00 GMT+0000 (Greenwich Mean Time),0.0307,0.0346,0.0464,395.73644473683055
Mon Nov 25 2024 13:00:00 GMT+0000 (Greenwich Mean Time),0.0308,0.0346,0.0464,0
Mon Nov 25 2024 14:00:00 GMT+0000 (Greenwich Mean Time),0.0307,0.0346,0.0464,0
Mon Nov 25 2024 15:00:00 GMT+0000 (Greenwich Mean Time),0.0307,0.0346,0.0469,91336.54618708904
Mon Nov 25 2024 16:00:00 GMT+0000 (Greenwich Mean Time),0.0307,0.0346,0.0469,679.5655795360958
Mon Nov 25 2024 17:00:00 GMT+0000 (Greenwich Mean Time),0.0308,0.0346,0.0469,2.7035560269025907
Mon Nov 25 2024 18:00:00 GMT+0000 (Greenwich Mean Time),0.0308,0.0346,0.0485,150975.65721690733
Mon Nov 25 2024 19:00:00 GMT+0000 (Greenwich Mean Time),0.0307,0.0346,0.0489,31378.37579863099
Mon Nov 25 2024 20:00:00 GMT+0000 (Greenwich Mean Time),0.0307,0.0346,0.0489,0
Mon Nov 25 2024 21:00:00 GMT+0000 (Greenwich Mean Time),0.0307,0.0346,0.0489,0
Mon Nov 25 2024 22:00:00 GMT+0000 (Greenwich Mean Time),0.0308,0.0346,0.0489,0
Mon Nov 25 2024 23:00:00 GMT+0000 (Greenwich Mean Time),0.0307,0.0346,0.0489,0
Tue Nov 26 2024 00:00:00 GMT+0000 (Greenwich Mean Time),0.0307,0.0346,0.0489,6341.7491978538765
Tue Nov 26 2024 01:00:00 GMT+0000 (Greenwich Mean Time),0.0308,0.0346,0.0488,2779.61989591994
Tue Nov 26 2024 02:00:00 GMT+0000 (Greenwich Mean Time),0.0308,0.0346,0.0493,35976.41824808426
Tue Nov 26 2024 03:00:00 GMT+0000 (Greenwich Mean Time),0.0308,0.0346,0.0493,691.830164283342
Tue Nov 26 2024 04:00:00 GMT+0000 (Greenwich Mean Time),0.0307,0.0346,0.0494,3816.8297155197038
Tue Nov 26 2024 05:00:00 GMT+0000 (Greenwich Mean Time),0.0308,0.0346,0.051,233056.6277513887
Tue Nov 26 2024 06:00:00 GMT+0000 (Greenwich Mean Time),0.0308,0.0346,0.051,1101.4999922537731
Tue Nov 26 2024 07:00:00 GMT+0000 (Greenwich Mean Time),0.0308,0.0346,0.0518,154986.78694049007
Tue Nov 26 2024 08:00:00 GMT+0000 (Greenwich Mean Time),0.0307,0.0346,0.0518,0
Tue Nov 26 2024 09:00:00 GMT+0000 (Greenwich Mean Time),0.0307,0.0346,0.0509,131894.6702828531
Tue Nov 26 2024 10:00:00 GMT+0000 (Greenwich Mean Time),0.0308,0.0346,0.0518,242883.15996902125
Tue Nov 26 2024 11:00:00 GMT+0000 (Greenwich Mean Time),0.0628,0.0398,0.0518,0
Tue Nov 26 2024 12:00:00 GMT+0000 (Greenwich Mean Time),0.0628,0.0398,0.0521,23661.90821711627
Tue Nov 26 2024 13:00:00 GMT+0000 (Greenwich Mean Time),0.0627,0.0398,0.0521,3182.5251237907664
Tue Nov 26 2024 14:00:00 GMT+0000 (Greenwich Mean Time),0.0627,0.0398,0.0521,0
Tue Nov 26 2024 15:00:00 GMT+0000 (Greenwich Mean Time),0.0628,0.0398,0.0513,62776.71821701091
Tue Nov 26 2024 16:00:00 GMT+0000 (Greenwich Mean Time),0.0628,0.0398,0.0513,0
Tue Nov 26 2024 17:00:00 GMT+0000 (Greenwich Mean Time),0.0627,0.0398,0.0513,0
Tue Nov 26 2024 18:00:00 GMT+0000 (Greenwich Mean Time),0.0627,0.0398,0.0513,1309.3352805176316
Tue Nov 26 2024 19:00:00 GMT+0000 (Greenwich Mean Time),0.0627,0.0398,0.0513,0
Tue Nov 26 2024 20:00:00 GMT+0000 (Greenwich Mean Time),0.0627,0.0398,0.0509,33062.40266061805
Tue Nov 26 2024 21:00:00 GMT+0000 (Greenwich Mean Time),0.0628,0.0398,0.0509,9.955488620184443
Tue Nov 26 2024 22:00:00 GMT+0000 (Greenwich Mean Time),0.0628,0.0398,0.0509,0.055316091435164264
Tue Nov 26 2024 23:00:00 GMT+0000 (Greenwich Mean Time),0.0627,0.0398,0.0509,0.33177172301029495
Wed Nov 27 2024 00:00:00 GMT+0000 (Greenwich Mean Time),0.0627,0.0398,0.0509,0
Wed Nov 27 2024 01:00:00 GMT+0000 (Greenwich Mean Time),0.0627,0.0398,0.0509,0.4531836298818597
Wed Nov 27 2024 02:00:00 GMT+0000 (Greenwich Mean Time),0.0627,0.0398,0.0509,0
Wed Nov 27 2024 03:00:00 GMT+0000 (Greenwich Mean Time),0.0627,0.0398,0.0509,0
Wed Nov 27 2024 04:00:00 GMT+0000 (Greenwich Mean Time),0.0627,0.0398,0.0509,0.7274201398743507
Wed Nov 27 2024 05:00:00 GMT+0000 (Greenwich Mean Time),0.0627,0.0398,0.0509,0
Wed Nov 27 2024 06:00:00 GMT+0000 (Greenwich Mean Time),0.0627,0.0398,0.0509,0
Wed Nov 27 2024 07:00:00 GMT+0000 (Greenwich Mean Time),0.0627,0.0398,0.0509,0
Wed Nov 27 2024 08:00:00 GMT+0000 (Greenwich Mean Time),0.0627,0.0398,0.0509,0
Wed Nov 27 2024 09:00:00 GMT+0000 (Greenwich Mean Time),0.0627,0.0398,0.0509,0
Wed Nov 27 2024 10:00:00 GMT+0000 (Greenwich Mean Time),0.0627,0.0398,0.0509,0
Wed Nov 27 2024 11:00:00 GMT+0000 (Greenwich Mean Time),0.0628,0.0407,0.0507,10333.65294270589
Wed Nov 27 2024 12:00:00 GMT+0000 (Greenwich Mean Time),0.0628,0.0407,0.0511,26909.518306652564
Wed Nov 27 2024 13:00:00 GMT+0000 (Greenwich Mean Time),0.0628,0.0407,0.0511,2321.060489637965
Wed Nov 27 2024 14:00:00 GMT+0000 (Greenwich Mean Time),0.0628,0.0407,0.0511,0
Wed Nov 27 2024 15:00:00 GMT+0000 (Greenwich Mean Time),0.0628,0.0407,0.0511,0
Wed Nov 27 2024 16:00:00 GMT+0000 (Greenwich Mean Time),0.0628,0.0407,0.051,12225.346404444655
Wed Nov 27 2024 17:00:00 GMT+0000 (Greenwich Mean Time),0.0628,0.0407,0.051,0
Wed Nov 27 2024 18:00:00 GMT+0000 (Greenwich Mean Time),0.0628,0.0407,0.051,0
Wed Nov 27 2024 19:00:00 GMT+0000 (Greenwich Mean Time),0.0628,0.0407,0.051,0
Wed Nov 27 2024 20:00:00 GMT+0000 (Greenwich Mean Time),0.0628,0.0407,0.051,1147.8569613827142
Wed Nov 27 2024 21:00:00 GMT+0000 (Greenwich Mean Time),0.0628,0.0407,0.051,1795.833203848265
Wed Nov 27 2024 22:00:00 GMT+0000 (Greenwich Mean Time),0.0628,0.0407,0.0508,9352.783729453953
Wed Nov 27 2024 23:00:00 GMT+0000 (Greenwich Mean Time),0.0628,0.0407,0.0508,0
Thu Nov 28 2024 00:00:00 GMT+0000 (Greenwich Mean Time),0.0628,0.0406,0.0508,0
Thu Nov 28 2024 01:00:00 GMT+0000 (Greenwich Mean Time),0.0628,0.0406,0.0508,0.3246715839044718
Thu Nov 28 2024 02:00:00 GMT+0000 (Greenwich Mean Time),0.0628,0.0406,0.0508,0
Thu Nov 28 2024 03:00:00 GMT+0000 (Greenwich Mean Time),0.0628,0.0406,0.0508,0
Thu Nov 28 2024 04:00:00 GMT+0000 (Greenwich Mean Time),0.0628,0.0406,0.0508,2178.657308272835
Thu Nov 28 2024 05:00:00 GMT+0000 (Greenwich Mean Time),0.0628,0.0406,0.0508,4039.323650059442
Thu Nov 28 2024 06:00:00 GMT+0000 (Greenwich Mean Time),0.0628,0.0406,0.0508,5842.29589448263
Thu Nov 28 2024 07:00:00 GMT+0000 (Greenwich Mean Time),0.0628,0.0406,0.0508,0
Thu Nov 28 2024 08:00:00 GMT+0000 (Greenwich Mean Time),0.0628,0.0406,0.0508,0
Thu Nov 28 2024 09:00:00 GMT+0000 (Greenwich Mean Time),0.0628,0.0406,0.0509,3351.8777826828245
Thu Nov 28 2024 10:00:00 GMT+0000 (Greenwich Mean Time),0.0628,0.0406,0.0509,3630.426443638689
Thu Nov 28 2024 11:00:00 GMT+0000 (Greenwich Mean Time),0,0.038,0.0509,0
Thu Nov 28 2024 12:00:00 GMT+0000 (Greenwich Mean Time),0.0462,0.0392,0.0512,23009.568909932554
Thu Nov 28 2024 13:00:00 GMT+0000 (Greenwich Mean Time),0.0462,0.0392,0.0512,3666.9410310574453
Thu Nov 28 2024 14:00:00 GMT+0000 (Greenwich Mean Time),0.0462,0.0392,0.0512,2260.725504894222
Thu Nov 28 2024 15:00:00 GMT+0000 (Greenwich Mean Time),0.0462,0.0392,0.0512,2925.7919002231074
Thu Nov 28 2024 16:00:00 GMT+0000 (Greenwich Mean Time),0.0462,0.0392,0.0512,0
Thu Nov 28 2024 17:00:00 GMT+0000 (Greenwich Mean Time),0.0462,0.0392,0.0512,0
Thu Nov 28 2024 18:00:00 GMT+0000 (Greenwich Mean Time),0.0462,0.0392,0.0512,0
Thu Nov 28 2024 19:00:00 GMT+0000 (Greenwich Mean Time),0.0462,0.0392,0.0512,650.5754294585926
Thu Nov 28 2024 20:00:00 GMT+0000 (Greenwich Mean Time),0.0462,0.0392,0.0512,0
Thu Nov 28 2024 21:00:00 GMT+0000 (Greenwich Mean Time),0.0462,0.0392,0.0512,0
Thu Nov 28 2024 22:00:00 GMT+0000 (Greenwich Mean Time),0.0462,0.0392,0.0512,0
Thu Nov 28 2024 23:00:00 GMT+0000 (Greenwich Mean Time),0.0462,0.0392,0.0512,0
Fri Nov 29 2024 00:00:00 GMT+0000 (Greenwich Mean Time),0.0462,0.0392,0.0512,0.4442156126287594
Fri Nov 29 2024 01:00:00 GMT+0000 (Greenwich Mean Time),0.0462,0.0392,0.0512,7168.096411964196
Fri Nov 29 2024 02:00:00 GMT+0000 (Greenwich Mean Time),0.0462,0.0392,0.0512,0
Fri Nov 29 2024 03:00:00 GMT+0000 (Greenwich Mean Time),0.0462,0.0392,0.0512,9.75082575432696
Fri Nov 29 2024 04:00:00 GMT+0000 (Greenwich Mean Time),0.0462,0.0392,0.0512,13.398217871036984
Fri Nov 29 2024 05:00:00 GMT+0000 (Greenwich Mean Time),0.0462,0.0392,0.0513,2874.8240191428013
Fri Nov 29 2024 06:00:00 GMT+0000 (Greenwich Mean Time),0.0462,0.0392,0.0513,1141.0338729778412
Fri Nov 29 2024 07:00:00 GMT+0000 (Greenwich Mean Time),0.0462,0.0392,0.0513,0
Fri Nov 29 2024 08:00:00 GMT+0000 (Greenwich Mean Time),0.0462,0.0392,0.0513,573.4198449645705
Fri Nov 29 2024 09:00:00 GMT+0000 (Greenwich Mean Time),0.0462,0.0392,0.0514,10286.665440668541
Fri Nov 29 2024 10:00:00 GMT+0000 (Greenwich Mean Time),0.0462,0.0392,0.0514,1917.4262548829818
Fri Nov 29 2024 11:00:00 GMT+0000 (Greenwich Mean Time),0.0462,0.0385,0.0514,0
Fri Nov 29 2024 12:00:00 GMT+0000 (Greenwich Mean Time),0.0161,0.0353,0.0514,1.1115957977845614
Fri Nov 29 2024 13:00:00 GMT+0000 (Greenwich Mean Time),0.0161,0.0353,0.0514,0
Fri Nov 29 2024 14:00:00 GMT+0000 (Greenwich Mean Time),0.0161,0.0353,0.0515,3506.9941044967304
Fri Nov 29 2024 15:00:00 GMT+0000 (Greenwich Mean Time),0.0161,0.0353,0.0515,890.1477945614521
Fri Nov 29 2024 16:00:00 GMT+0000 (Greenwich Mean Time),0.0161,0.0353,0.0507,66293.69287549754
Fri Nov 29 2024 17:00:00 GMT+0000 (Greenwich Mean Time),0.0161,0.0353,0.0507,0
Fri Nov 29 2024 18:00:00 GMT+0000 (Greenwich Mean Time),0.0161,0.0353,0.0507,0
Fri Nov 29 2024 19:00:00 GMT+0000 (Greenwich Mean Time),0.0161,0.0353,0.0507,3555.9024813886513
Fri Nov 29 2024 20:00:00 GMT+0000 (Greenwich Mean Time),0.0161,0.0353,0.0508,10712.779538450415
Fri Nov 29 2024 21:00:00 GMT+0000 (Greenwich Mean Time),0.0161,0.0353,0.0508,0
Fri Nov 29 2024 22:00:00 GMT+0000 (Greenwich Mean Time),0.0161,0.0353,0.0508,511.96549984753216
Fri Nov 29 2024 23:00:00 GMT+0000 (Greenwich Mean Time),0.0161,0.0353,0.0508,1579.978759398122
Sat Nov 30 2024 00:00:00 GMT+0000 (Greenwich Mean Time),0.016,0.0353,0.0508,0.31840855263894213
Sat Nov 30 2024 01:00:00 GMT+0000 (Greenwich Mean Time),0.016,0.0353,0.0507,8068.261865891224
Sat Nov 30 2024 02:00:00 GMT+0000 (Greenwich Mean Time),0.016,0.0353,0.0508,3801.77063103463
Sat Nov 30 2024 03:00:00 GMT+0000 (Greenwich Mean Time),0.016,0.0353,0.0506,14383.703448400767
Sat Nov 30 2024 04:00:00 GMT+0000 (Greenwich Mean Time),0.016,0.0353,0.0506,3580.174423144948
Sat Nov 30 2024 05:00:00 GMT+0000 (Greenwich Mean Time),0.016,0.0353,0.0506,0
Sat Nov 30 2024 06:00:00 GMT+0000 (Greenwich Mean Time),0.016,0.0353,0.0506,1713.0030346005035
Sat Nov 30 2024 07:00:00 GMT+0000 (Greenwich Mean Time),0.016,0.0353,0.0507,0
Sat Nov 30 2024 08:00:00 GMT+0000 (Greenwich Mean Time),0.016,0.0353,0.0507,6804.678638773243
Sat Nov 30 2024 09:00:00 GMT+0000 (Greenwich Mean Time),0.016,0.0353,0.0508,2081.4168924558107
Sat Nov 30 2024 10:00:00 GMT+0000 (Greenwich Mean Time),0.016,0.0353,0.0508,0
Sat Nov 30 2024 11:00:00 GMT+0000 (Greenwich Mean Time),0.016,0.0388,0.0508,0
Sat Nov 30 2024 12:00:00 GMT+0000 (Greenwich Mean Time),0.0153,0.0354,0.0508,0
Sat Nov 30 2024 13:00:00 GMT+0000 (Greenwich Mean Time),0.0153,0.0354,0.0518,88500.83229638671
Sat Nov 30 2024 14:00:00 GMT+0000 (Greenwich Mean Time),0.0153,0.0354,0.0518,1100.7215894740577
Sat Nov 30 2024 15:00:00 GMT+0000 (Greenwich Mean Time),0.0153,0.0354,0.0526,69096.95652470188
Sat Nov 30 2024 16:00:00 GMT+0000 (Greenwich Mean Time),0.0153,0.0354,0.0526,0
Sat Nov 30 2024 17:00:00 GMT+0000 (Greenwich Mean Time),0.0153,0.0354,0.0525,9029.69381629665
Sat Nov 30 2024 18:00:00 GMT+0000 (Greenwich Mean Time),0.0153,0.0354,0.0527,15613.344252894924
Sat Nov 30 2024 19:00:00 GMT+0000 (Greenwich Mean Time),0.0153,0.0354,0.0527,0
Sat Nov 30 2024 20:00:00 GMT+0000 (Greenwich Mean Time),0.0153,0.0354,0.0527,0
Sat Nov 30 2024 21:00:00 GMT+0000 (Greenwich Mean Time),0.0153,0.0354,0.0527,0
Sat Nov 30 2024 22:00:00 GMT+0000 (Greenwich Mean Time),0.0153,0.0354,0.0527,0
Sat Nov 30 2024 23:00:00 GMT+0000 (Greenwich Mean Time),0.0153,0.0354,0.0527,0.48645106933128396
Sun Dec 01 2024 00:00:00 GMT+0000 (Greenwich Mean Time),0.0153,0.0354,0.0527,0
Sun Dec 01 2024 01:00:00 GMT+0000 (Greenwich Mean Time),0.0153,0.0354,0.0527,0
Sun Dec 01 2024 02:00:00 GMT+0000 (Greenwich Mean Time),0.0153,0.0354,0.0527,75.86218255281942
Sun Dec 01 2024 03:00:00 GMT+0000 (Greenwich Mean Time),0.0153,0.0354,0.0527,998.3490398131644
Sun Dec 01 2024 04:00:00 GMT+0000 (Greenwich Mean Time),0.0153,0.0354,0.0527,0
Sun Dec 01 2024 05:00:00 GMT+0000 (Greenwich Mean Time),0.0153,0.0354,0.0527,0
Sun Dec 01 2024 06:00:00 GMT+0000 (Greenwich Mean Time),0.0153,0.0354,0.052,55623.75058506026
Sun Dec 01 2024 07:00:00 GMT+0000 (Greenwich Mean Time),0.0153,0.0354,0.0521,7113.422790845855
Sun Dec 01 2024 08:00:00 GMT+0000 (Greenwich Mean Time),0.0153,0.0354,0.0521,0
Sun Dec 01 2024 09:00:00 GMT+0000 (Greenwich Mean Time),0.0153,0.0354,0.0521,0
Sun Dec 01 2024 10:00:00 GMT+0000 (Greenwich Mean Time),0.0153,0.0354,0.0521,0
Sun Dec 01 2024 11:00:00 GMT+0000 (Greenwich Mean Time),0.0153,0.0388,0.0523,21011.059593936872
Sun Dec 01 2024 12:00:00 GMT+0000 (Greenwich Mean Time),0.0159,0.0355,0.0523,1001.2814678668221
Sun Dec 01 2024 13:00:00 GMT+0000 (Greenwich Mean Time),0.0159,0.0355,0.0523,0
Sun Dec 01 2024 14:00:00 GMT+0000 (Greenwich Mean Time),0.0159,0.0355,0.0523,0
Sun Dec 01 2024 15:00:00 GMT+0000 (Greenwich Mean Time),0.0159,0.0355,0.0523,0
Sun Dec 01 2024 16:00:00 GMT+0000 (Greenwich Mean Time),0.0159,0.0355,0.0523,1506.9678034098172
Sun Dec 01 2024 17:00:00 GMT+0000 (Greenwich Mean Time),0.0159,0.0355,0.0523,176.36566675799597
Sun Dec 01 2024 18:00:00 GMT+0000 (Greenwich Mean Time),0.0159,0.0355,0.0523,0
Sun Dec 01 2024 19:00:00 GMT+0000 (Greenwich Mean Time),0.0159,0.0355,0.0523,1293.8721057410248
Sun Dec 01 2024 20:00:00 GMT+0000 (Greenwich Mean Time),0.0159,0.0355,0.0523,0
Sun Dec 01 2024 21:00:00 GMT+0000 (Greenwich Mean Time),0.0159,0.0355,0.0524,6939.963220540358
Sun Dec 01 2024 22:00:00 GMT+0000 (Greenwich Mean Time),0.0159,0.0355,0.0524,515.3080943095076
Sun Dec 01 2024 23:00:00 GMT+0000 (Greenwich Mean Time),0.0159,0.0355,0.0524,0.3634358662562949
Mon Dec 02 2024 00:00:00 GMT+0000 (Greenwich Mean Time),0.0159,0.0355,0.0524,0
Mon Dec 02 2024 01:00:00 GMT+0000 (Greenwich Mean Time),0.0159,0.0355,0.0524,0
Mon Dec 02 2024 02:00:00 GMT+0000 (Greenwich Mean Time),0.0159,0.0355,0.0528,33360.70274480245
Mon Dec 02 2024 03:00:00 GMT+0000 (Greenwich Mean Time),0.0159,0.0355,0.0532,32259.699602239776
Mon Dec 02 2024 04:00:00 GMT+0000 (Greenwich Mean Time),0.0159,0.0355,0.0533,13358.27037129167
Mon Dec 02 2024 05:00:00 GMT+0000 (Greenwich Mean Time),0.0159,0.0355,0.0537,64652.60948474691
Mon Dec 02 2024 06:00:00 GMT+0000 (Greenwich Mean Time),0.0159,0.0355,0.0537,0
Mon Dec 02 2024 07:00:00 GMT+0000 (Greenwich Mean Time),0.0159,0.0355,0.0536,3537.4448112665254
Mon Dec 02 2024 08:00:00 GMT+0000 (Greenwich Mean Time),0.0159,0.0355,0.0536,0
Mon Dec 02 2024 09:00:00 GMT+0000 (Greenwich Mean Time),0.0159,0.0355,0.0536,5291.613806056389
Mon Dec 02 2024 10:00:00 GMT+0000 (Greenwich Mean Time),0.0159,0.0355,0.0536,0
Mon Dec 02 2024 11:00:00 GMT+0000 (Greenwich Mean Time),0.0159,0.0363,0.0536,0
Mon Dec 02 2024 12:00:00 GMT+0000 (Greenwich Mean Time),0.0166,0.0334,0.0536,0
Mon Dec 02 2024 13:00:00 GMT+0000 (Greenwich Mean Time),0.0166,0.0334,0.0536,0
Mon Dec 02 2024 14:00:00 GMT+0000 (Greenwich Mean Time),0.0166,0.0334,0.0536,0
Mon Dec 02 2024 15:00:00 GMT+0000 (Greenwich Mean Time),0.0166,0.0334,0.0536,1146.6851821096022
Mon Dec 02 2024 16:00:00 GMT+0000 (Greenwich Mean Time),0.0166,0.0334,0.0536,128.94440876726537
Mon Dec 02 2024 17:00:00 GMT+0000 (Greenwich Mean Time),0.0166,0.0334,0.0536,42.31588913505607
Mon Dec 02 2024 18:00:00 GMT+0000 (Greenwich Mean Time),0.0166,0.0334,0.0536,1240.131283365199
Mon Dec 02 2024 19:00:00 GMT+0000 (Greenwich Mean Time),0.0166,0.0334,0.0536,23.495064190835155
Mon Dec 02 2024 20:00:00 GMT+0000 (Greenwich Mean Time),0.0166,0.0334,0.0536,0
Mon Dec 02 2024 21:00:00 GMT+0000 (Greenwich Mean Time),0.0166,0.0334,0.0536,0
Mon Dec 02 2024 22:00:00 GMT+0000 (Greenwich Mean Time),0.0166,0.0334,0.0536,0.4699899180768579
Mon Dec 02 2024 23:00:00 GMT+0000 (Greenwich Mean Time),0.0166,0.0334,0.0536,0
Tue Dec 03 2024 00:00:00 GMT+0000 (Greenwich Mean Time),0.0166,0.0334,0.0534,17801.21461403195
Tue Dec 03 2024 01:00:00 GMT+0000 (Greenwich Mean Time),0.0166,0.0334,0.0534,0
Tue Dec 03 2024 02:00:00 GMT+0000 (Greenwich Mean Time),0.0166,0.0334,0.0534,48.421221057781736
Tue Dec 03 2024 03:00:00 GMT+0000 (Greenwich Mean Time),0.0166,0.0334,0.0534,0
Tue Dec 03 2024 04:00:00 GMT+0000 (Greenwich Mean Time),0.0166,0.0334,0.0534,0
Tue Dec 03 2024 05:00:00 GMT+0000 (Greenwich Mean Time),0.0166,0.0334,0.0534,27.680952485228467
Tue Dec 03 2024 06:00:00 GMT+0000 (Greenwich Mean Time),0.0166,0.0334,0.0534,0
Tue Dec 03 2024 07:00:00 GMT+0000 (Greenwich Mean Time),0.0166,0.0334,0.0534,19.975503185118583
Tue Dec 03 2024 08:00:00 GMT+0000 (Greenwich Mean Time),0.0166,0.0334,0.0534,0
Tue Dec 03 2024 09:00:00 GMT+0000 (Greenwich Mean Time),0.0166,0.0334,0.0534,0
Tue Dec 03 2024 10:00:00 GMT+0000 (Greenwich Mean Time),0.0166,0.0334,0.0534,0
Tue Dec 03 2024 11:00:00 GMT+0000 (Greenwich Mean Time),0.0166,0.0286,0.0534,695.6356815333834
Tue Dec 03 2024 12:00:00 GMT+0000 (Greenwich Mean Time),0.0186,0.0272,0.0534,2079.566282855616
Tue Dec 03 2024 13:00:00 GMT+0000 (Greenwich Mean Time),0.0186,0.0272,0.0534,36.476619170307046
Tue Dec 03 2024 14:00:00 GMT+0000 (Greenwich Mean Time),0.0186,0.0272,0.0534,0
Tue Dec 03 2024 15:00:00 GMT+0000 (Greenwich Mean Time),0.0186,0.0272,0.0535,10652.146609209365
Tue Dec 03 2024 16:00:00 GMT+0000 (Greenwich Mean Time),0.0186,0.0272,0.0535,38.99302584396593
Tue Dec 03 2024 17:00:00 GMT+0000 (Greenwich Mean Time),0.0186,0.0272,0.0535,0
Tue Dec 03 2024 18:00:00 GMT+0000 (Greenwich Mean Time),0.0186,0.0272,0.0535,142.83431543755447
Tue Dec 03 2024 19:00:00 GMT+0000 (Greenwich Mean Time),0.0186,0.0272,0.0535,107.12606429092332
Tue Dec 03 2024 20:00:00 GMT+0000 (Greenwich Mean Time),0.0186,0.0272,0.0535,0
Tue Dec 03 2024 21:00:00 GMT+0000 (Greenwich Mean Time),0.0186,0.0272,0.0535,120.02804505183587
Tue Dec 03 2024 22:00:00 GMT+0000 (Greenwich Mean Time),0.0186,0.0272,0.0535,10.928622182998698
Tue Dec 03 2024 23:00:00 GMT+0000 (Greenwich Mean Time),0.0186,0.0272,0.0536,3629.1489546899807
Wed Dec 04 2024 00:00:00 GMT+0000 (Greenwich Mean Time),0.0186,0.0272,0.0536,54.28493339795658
Wed Dec 04 2024 01:00:00 GMT+0000 (Greenwich Mean Time),0.0186,0.0272,0.0536,0
Wed Dec 04 2024 02:00:00 GMT+0000 (Greenwich Mean Time),0.0186,0.0272,0.0536,0
Wed Dec 04 2024 03:00:00 GMT+0000 (Greenwich Mean Time),0.0186,0.0272,0.0469,750090.0507275106
Wed Dec 04 2024 04:00:00 GMT+0000 (Greenwich Mean Time),0.0186,0.0272,0.0469,1984.4209691083943
Wed Dec 04 2024 05:00:00 GMT+0000 (Greenwich Mean Time),0.0186,0.0272,0.0469,0
Wed Dec 04 2024 06:00:00 GMT+0000 (Greenwich Mean Time),0.0186,0.0272,0.0469,0
Wed Dec 04 2024 07:00:00 GMT+0000 (Greenwich Mean Time),0.0186,0.0272,0.0469,0
Wed Dec 04 2024 08:00:00 GMT+0000 (Greenwich Mean Time),0.0186,0.0272,0.0469,0
Wed Dec 04 2024 09:00:00 GMT+0000 (Greenwich Mean Time),0.0186,0.0272,0.047,3818.2628092480827
Wed Dec 04 2024 10:00:00 GMT+0000 (Greenwich Mean Time),0.0186,0.0272,0.047,82.2793565118041
Wed Dec 04 2024 11:00:00 GMT+0000 (Greenwich Mean Time),0.0186,0.0214,0.047,0
Wed Dec 04 2024 12:00:00 GMT+0000 (Greenwich Mean Time),0.0186,0.021,0.047,0
Wed Dec 04 2024 13:00:00 GMT+0000 (Greenwich Mean Time),0.0186,0.021,0.0479,73303.75762241981
Wed Dec 04 2024 14:00:00 GMT+0000 (Greenwich Mean Time),0.0186,0.021,0.0479,78.21438399651277
Wed Dec 04 2024 15:00:00 GMT+0000 (Greenwich Mean Time),0.0186,0.021,0.0479,0
Wed Dec 04 2024 16:00:00 GMT+0000 (Greenwich Mean Time),0.0186,0.021,0.0479,0
Wed Dec 04 2024 17:00:00 GMT+0000 (Greenwich Mean Time),0.0186,0.021,0.0479,0
Wed Dec 04 2024 18:00:00 GMT+0000 (Greenwich Mean Time),0.0186,0.021,0.0479,4853.663173751685
Wed Dec 04 2024 19:00:00 GMT+0000 (Greenwich Mean Time),0.0186,0.021,0.0479,0
Wed Dec 04 2024 20:00:00 GMT+0000 (Greenwich Mean Time),0.0186,0.021,0.0479,0
Wed Dec 04 2024 21:00:00 GMT+0000 (Greenwich Mean Time),0.0186,0.021,0.0479,0.4477968422812402
Wed Dec 04 2024 22:00:00 GMT+0000 (Greenwich Mean Time),0.0186,0.021,0.0479,0
Wed Dec 04 2024 23:00:00 GMT+0000 (Greenwich Mean Time),0.0186,0.021,0.0479,0
Thu Dec 05 2024 00:00:00 GMT+0000 (Greenwich Mean Time),0.0186,0.021,0.0479,0
Thu Dec 05 2024 01:00:00 GMT+0000 (Greenwich Mean Time),0.0186,0.021,0.0479,0
Thu Dec 05 2024 02:00:00 GMT+0000 (Greenwich Mean Time),0.0186,0.021,0.0479,2960.9509321934634
Thu Dec 05 2024 03:00:00 GMT+0000 (Greenwich Mean Time),0.0186,0.021,0.0479,7217.632407860639
Thu Dec 05 2024 04:00:00 GMT+0000 (Greenwich Mean Time),0.0186,0.021,0.0479,0
Thu Dec 05 2024 05:00:00 GMT+0000 (Greenwich Mean Time),0.0186,0.021,0.0479,0
Thu Dec 05 2024 06:00:00 GMT+0000 (Greenwich Mean Time),0.0186,0.021,0.0479,0
Thu Dec 05 2024 07:00:00 GMT+0000 (Greenwich Mean Time),0.0186,0.021,0.0479,17.590771599256325
Thu Dec 05 2024 08:00:00 GMT+0000 (Greenwich Mean Time),0.0186,0.021,0.0479,0
Thu Dec 05 2024 09:00:00 GMT+0000 (Greenwich Mean Time),0.0186,0.021,0.0479,0
Thu Dec 05 2024 10:00:00 GMT+0000 (Greenwich Mean Time),0.0186,0.021,0.0479,78.52922673085618
Thu Dec 05 2024 11:00:00 GMT+0000 (Greenwich Mean Time),0.0186,0.021,0.0479,718.4157493445516
Thu Dec 05 2024 12:00:00 GMT+0000 (Greenwich Mean Time),0.0197,0.0172,0.0479,417.1613002874223
Thu Dec 05 2024 13:00:00 GMT+0000 (Greenwich Mean Time),0.0197,0.0172,0.0479,426.2757844799202
Thu Dec 05 2024 14:00:00 GMT+0000 (Greenwich Mean Time),0.0197,0.0172,0.0479,2481.496781503966
Thu Dec 05 2024 15:00:00 GMT+0000 (Greenwich Mean Time),0.0197,0.0172,0.0479,122246.46652024507
Thu Dec 05 2024 16:00:00 GMT+0000 (Greenwich Mean Time),0.0197,0.0172,0.0479,0
Thu Dec 05 2024 17:00:00 GMT+0000 (Greenwich Mean Time),0.0197,0.0172,0.0479,0
Thu Dec 05 2024 18:00:00 GMT+0000 (Greenwich Mean Time),0.0197,0.0172,0.0479,0
Thu Dec 05 2024 19:00:00 GMT+0000 (Greenwich Mean Time),0.0197,0.0172,0.0479,4.989894252356322
Thu Dec 05 2024 20:00:00 GMT+0000 (Greenwich Mean Time),0.0197,0.0172,0.0479,19667.44197193682
Thu Dec 05 2024 21:00:00 GMT+0000 (Greenwich Mean Time),0.0197,0.0172,0.0479,0.34984411146786376
Thu Dec 05 2024 22:00:00 GMT+0000 (Greenwich Mean Time),0.0197,0.0172,0.0479,0
Thu Dec 05 2024 23:00:00 GMT+0000 (Greenwich Mean Time),0.0197,0.0172,0.0479,0
Fri Dec 06 2024 00:00:00 GMT+0000 (Greenwich Mean Time),0.0197,0.0173,0.0479,6.340174473358722
Fri Dec 06 2024 01:00:00 GMT+0000 (Greenwich Mean Time),0.0197,0.0173,0.0479,3846.839742135869
Fri Dec 06 2024 02:00:00 GMT+0000 (Greenwich Mean Time),0.0197,0.0173,0.0477,13482.078610508048
Fri Dec 06 2024 03:00:00 GMT+0000 (Greenwich Mean Time),0.0197,0.0173,0.0477,0
Fri Dec 06 2024 04:00:00 GMT+0000 (Greenwich Mean Time),0.0197,0.0173,0.0476,3913.698808737576
Fri Dec 06 2024 05:00:00 GMT+0000 (Greenwich Mean Time),0.0197,0.0172,0.0476,0
Fri Dec 06 2024 06:00:00 GMT+0000 (Greenwich Mean Time),0.0197,0.0172,0.0476,0
Fri Dec 06 2024 07:00:00 GMT+0000 (Greenwich Mean Time),0.0197,0.0172,0.0476,0
Fri Dec 06 2024 08:00:00 GMT+0000 (Greenwich Mean Time),0.0197,0.0172,0.0476,0
Fri Dec 06 2024 09:00:00 GMT+0000 (Greenwich Mean Time),0.0197,0.0172,0.0476,87.90449928519577
Fri Dec 06 2024 10:00:00 GMT+0000 (Greenwich Mean Time),0.0197,0.0172,0.0476,0
Fri Dec 06 2024 11:00:00 GMT+0000 (Greenwich Mean Time),0.0197,0.0172,0.0476,0
Fri Dec 06 2024 12:00:00 GMT+0000 (Greenwich Mean Time),0,0.0174,0.0476,118.13503591743066
Fri Dec 06 2024 13:00:00 GMT+0000 (Greenwich Mean Time),0.0208,0.0179,0.0476,0
Fri Dec 06 2024 14:00:00 GMT+0000 (Greenwich Mean Time),0.0208,0.0179,0.0477,2475.599601452286
Fri Dec 06 2024 15:00:00 GMT+0000 (Greenwich Mean Time),0.0208,0.0179,0.0478,31798.460893434563
Fri Dec 06 2024 16:00:00 GMT+0000 (Greenwich Mean Time),0.0208,0.0179,0.0479,7769.272177026439
Fri Dec 06 2024 17:00:00 GMT+0000 (Greenwich Mean Time),0.0208,0.0179,0.0479,0
Fri Dec 06 2024 18:00:00 GMT+0000 (Greenwich Mean Time),0.0208,0.0179,0.0479,0
Fri Dec 06 2024 19:00:00 GMT+0000 (Greenwich Mean Time),0.0208,0.0179,0.0479,22.14497326220566
Fri Dec 06 2024 20:00:00 GMT+0000 (Greenwich Mean Time),0.0208,0.0179,0.0479,0.4154224870223909
Fri Dec 06 2024 21:00:00 GMT+0000 (Greenwich Mean Time),0.0208,0.0179,0.0479,1747.4595680640466
Fri Dec 06 2024 22:00:00 GMT+0000 (Greenwich Mean Time),0.0208,0.0179,0.0479,0
Fri Dec 06 2024 23:00:00 GMT+0000 (Greenwich Mean Time),0.0208,0.0179,0.0479,0
Sat Dec 07 2024 00:00:00 GMT+0000 (Greenwich Mean Time),0.0207,0.0179,0.0479,0
Sat Dec 07 2024 01:00:00 GMT+0000 (Greenwich Mean Time),0.0207,0.0179,0.0479,0
Sat Dec 07 2024 02:00:00 GMT+0000 (Greenwich Mean Time),0.0207,0.0179,0.0477,13914.941258980656
Sat Dec 07 2024 03:00:00 GMT+0000 (Greenwich Mean Time),0.0207,0.0179,0.0477,0
Sat Dec 07 2024 04:00:00 GMT+0000 (Greenwich Mean Time),0.0207,0.0179,0.0477,3547.0249800396064
Sat Dec 07 2024 05:00:00 GMT+0000 (Greenwich Mean Time),0.0208,0.0179,0.0477,2001.1153110060668
Sat Dec 07 2024 06:00:00 GMT+0000 (Greenwich Mean Time),0.0208,0.0179,0.0477,0
Sat Dec 07 2024 07:00:00 GMT+0000 (Greenwich Mean Time),0.0208,0.0179,0.0477,0
Sat Dec 07 2024 08:00:00 GMT+0000 (Greenwich Mean Time),0.0208,0.0179,0.0477,0
Sat Dec 07 2024 09:00:00 GMT+0000 (Greenwich Mean Time),0.0208,0.0179,0.0488,211725.98436693748
Sat Dec 07 2024 10:00:00 GMT+0000 (Greenwich Mean Time),0.0208,0.0179,0.0488,0
Sat Dec 07 2024 11:00:00 GMT+0000 (Greenwich Mean Time),0.0208,0.0179,0.0488,0
Sat Dec 07 2024 12:00:00 GMT+0000 (Greenwich Mean Time),0.0208,0.0184,0.0488,0
Sat Dec 07 2024 13:00:00 GMT+0000 (Greenwich Mean Time),0.0222,0.0189,0.0493,42573.31664186903
Sat Dec 07 2024 14:00:00 GMT+0000 (Greenwich Mean Time),0.0222,0.0189,0.0493,416.27122619965314
Sat Dec 07 2024 15:00:00 GMT+0000 (Greenwich Mean Time),0.0222,0.0189,0.0493,0
Sat Dec 07 2024 16:00:00 GMT+0000 (Greenwich Mean Time),0.0222,0.0189,0.0494,7844.979337296136
Sat Dec 07 2024 17:00:00 GMT+0000 (Greenwich Mean Time),0.0222,0.0189,0.0497,26794.931827300436
Sat Dec 07 2024 18:00:00 GMT+0000 (Greenwich Mean Time),0.0222,0.0189,0.05,26897.02739456465
Sat Dec 07 2024 19:00:00 GMT+0000 (Greenwich Mean Time),0.0222,0.0189,0.05,0
Sat Dec 07 2024 20:00:00 GMT+0000 (Greenwich Mean Time),0.0222,0.0189,0.05,8049.097079239618
Sat Dec 07 2024 21:00:00 GMT+0000 (Greenwich Mean Time),0.0222,0.0189,0.05,0
Sat Dec 07 2024 22:00:00 GMT+0000 (Greenwich Mean Time),0.0222,0.0189,0.05,0
Sat Dec 07 2024 23:00:00 GMT+0000 (Greenwich Mean Time),0.0222,0.0189,0.05,3737.0172211198296
Sun Dec 08 2024 00:00:00 GMT+0000 (Greenwich Mean Time),0.0222,0.0189,0.05,0
Sun Dec 08 2024 01:00:00 GMT+0000 (Greenwich Mean Time),0.0222,0.0189,0.05,5621.209886349228
Sun Dec 08 2024 02:00:00 GMT+0000 (Greenwich Mean Time),0.0222,0.0189,0.0499,4824.426413216153
Sun Dec 08 2024 03:00:00 GMT+0000 (Greenwich Mean Time),0.0222,0.0189,0.0499,0
Sun Dec 08 2024 04:00:00 GMT+0000 (Greenwich Mean Time),0.0222,0.0189,0.05,4035.8233833987797
Sun Dec 08 2024 05:00:00 GMT+0000 (Greenwich Mean Time),0.0222,0.0189,0.05,0
Sun Dec 08 2024 06:00:00 GMT+0000 (Greenwich Mean Time),0.0222,0.0189,0.0499,2819.3205975462224
Sun Dec 08 2024 07:00:00 GMT+0000 (Greenwich Mean Time),0.0222,0.0189,0.0499,0
Sun Dec 08 2024 08:00:00 GMT+0000 (Greenwich Mean Time),0.0222,0.0189,0.05,3212.057081387084
Sun Dec 08 2024 09:00:00 GMT+0000 (Greenwich Mean Time),0.0222,0.0189,0.05,3714.8645034660403
Sun Dec 08 2024 10:00:00 GMT+0000 (Greenwich Mean Time),0.0222,0.0189,0.05,9779.316847617207
Sun Dec 08 2024 11:00:00 GMT+0000 (Greenwich Mean Time),0.0222,0.0189,0.0501,6025.165159475088
Sun Dec 08 2024 12:00:00 GMT+0000 (Greenwich Mean Time),0.0222,0.0194,0.05,2575.8617728106415
Sun Dec 08 2024 13:00:00 GMT+0000 (Greenwich Mean Time),0.0278,0.0206,0.05,0
Sun Dec 08 2024 14:00:00 GMT+0000 (Greenwich Mean Time),0.0278,0.0206,0.05,0
Sun Dec 08 2024 15:00:00 GMT+0000 (Greenwich Mean Time),0.0278,0.0206,0.05,0
Sun Dec 08 2024 16:00:00 GMT+0000 (Greenwich Mean Time),0.0278,0.0206,0.05,0
Sun Dec 08 2024 17:00:00 GMT+0000 (Greenwich Mean Time),0.0278,0.0206,0.05,0
Sun Dec 08 2024 18:00:00 GMT+0000 (Greenwich Mean Time),0.0278,0.0206,0.05,28.9243354892606
Sun Dec 08 2024 19:00:00 GMT+0000 (Greenwich Mean Time),0.0278,0.0206,0.05,29.169238751054433
Sun Dec 08 2024 20:00:00 GMT+0000 (Greenwich Mean Time),0.0278,0.0206,0.05,0
Sun Dec 08 2024 21:00:00 GMT+0000 (Greenwich Mean Time),0.0278,0.0206,0.05,0
Sun Dec 08 2024 22:00:00 GMT+0000 (Greenwich Mean Time),0.0278,0.0206,0.05,0
Sun Dec 08 2024 23:00:00 GMT+0000 (Greenwich Mean Time),0.0278,0.0206,0.05,0
Mon Dec 09 2024 00:00:00 GMT+0000 (Greenwich Mean Time),0.0279,0.0206,0.05,121.476631527127
Mon Dec 09 2024 01:00:00 GMT+0000 (Greenwich Mean Time),0.0279,0.0206,0.0501,4579.518229701524
Mon Dec 09 2024 02:00:00 GMT+0000 (Greenwich Mean Time),0.0279,0.0206,0.0501,0
Mon Dec 09 2024 03:00:00 GMT+0000 (Greenwich Mean Time),0.0278,0.0206,0.0501,0
Mon Dec 09 2024 04:00:00 GMT+0000 (Greenwich Mean Time),0.0278,0.0206,0.0501,0
Mon Dec 09 2024 05:00:00 GMT+0000 (Greenwich Mean Time),0.0278,0.0206,0.0501,0
Mon Dec 09 2024 06:00:00 GMT+0000 (Greenwich Mean Time),0.0278,0.0206,0.0501,0
Mon Dec 09 2024 07:00:00 GMT+0000 (Greenwich Mean Time),0.0278,0.0206,0.0501,0
Mon Dec 09 2024 08:00:00 GMT+0000 (Greenwich Mean Time),0.0278,0.0206,0.0501,0
Mon Dec 09 2024 09:00:00 GMT+0000 (Greenwich Mean Time),0.0278,0.0206,0.0501,0
Mon Dec 09 2024 10:00:00 GMT+0000 (Greenwich Mean Time),0.0278,0.0206,0.0503,16915.704171668975
Mon Dec 09 2024 11:00:00 GMT+0000 (Greenwich Mean Time),0.0278,0.0206,0.0504,4122.301664960119
Mon Dec 09 2024 12:00:00 GMT+0000 (Greenwich Mean Time),0.0278,0.0213,0.0504,0
Mon Dec 09 2024 13:00:00 GMT+0000 (Greenwich Mean Time),0.0443,0.0245,0.0504,0
Mon Dec 09 2024 14:00:00 GMT+0000 (Greenwich Mean Time),0.0443,0.0245,0.0504,0
Mon Dec 09 2024 15:00:00 GMT+0000 (Greenwich Mean Time),0.0443,0.0245,0.0504,757.8472580193659
Mon Dec 09 2024 16:00:00 GMT+0000 (Greenwich Mean Time),0.0443,0.0245,0.0504,4938.697849886697
Mon Dec 09 2024 17:00:00 GMT+0000 (Greenwich Mean Time),0.0443,0.0245,0.0504,0
Mon Dec 09 2024 18:00:00 GMT+0000 (Greenwich Mean Time),0.0443,0.0245,0.0504,220.51959486392315
Mon Dec 09 2024 19:00:00 GMT+0000 (Greenwich Mean Time),0.0443,0.0245,0.0506,11174.679643025027
Mon Dec 09 2024 20:00:00 GMT+0000 (Greenwich Mean Time),0.0443,0.0245,0.0506,0
Mon Dec 09 2024 21:00:00 GMT+0000 (Greenwich Mean Time),0.0443,0.0245,0.0506,0
Mon Dec 09 2024 22:00:00 GMT+0000 (Greenwich Mean Time),0.0443,0.0245,0.0506,0
Mon Dec 09 2024 23:00:00 GMT+0000 (Greenwich Mean Time),0.0443,0.0245,0.0506,37.17678278716146
Tue Dec 10 2024 00:00:00 GMT+0000 (Greenwich Mean Time),0.0443,0.0245,0.0506,188.78773574807767
Tue Dec 10 2024 01:00:00 GMT+0000 (Greenwich Mean Time),0.0442,0.0245,0.0506,0
Tue Dec 10 2024 02:00:00 GMT+0000 (Greenwich Mean Time),0.0442,0.0245,0.0506,0
Tue Dec 10 2024 03:00:00 GMT+0000 (Greenwich Mean Time),0.0443,0.0245,0.0506,187.94268948705428
Tue Dec 10 2024 04:00:00 GMT+0000 (Greenwich Mean Time),0.0443,0.0245,0.0506,0
Tue Dec 10 2024 05:00:00 GMT+0000 (Greenwich Mean Time),0.0443,0.0245,0.0506,0
Tue Dec 10 2024 06:00:00 GMT+0000 (Greenwich Mean Time),0.0443,0.0245,0.0506,0
Tue Dec 10 2024 07:00:00 GMT+0000 (Greenwich Mean Time),0.0443,0.0245,0.0506,0
Tue Dec 10 2024 08:00:00 GMT+0000 (Greenwich Mean Time),0.0443,0.0245,0.0506,0
Tue Dec 10 2024 09:00:00 GMT+0000 (Greenwich Mean Time),0.0443,0.0245,0.0506,2.6198671666060953
Tue Dec 10 2024 10:00:00 GMT+0000 (Greenwich Mean Time),0.0443,0.0245,0.0505,564.20705242449
Tue Dec 10 2024 11:00:00 GMT+0000 (Greenwich Mean Time),0.0443,0.0245,0.0506,5476.317022614498
Tue Dec 10 2024 12:00:00 GMT+0000 (Greenwich Mean Time),0.0443,0.0255,0.0506,15516.361365814955
Tue Dec 10 2024 13:00:00 GMT+0000 (Greenwich Mean Time),0.0609,0.0305,0.0508,1588.3733997645213
Tue Dec 10 2024 14:00:00 GMT+0000 (Greenwich Mean Time),0.0609,0.0305,0.0508,0
Tue Dec 10 2024 15:00:00 GMT+0000 (Greenwich Mean Time),0.0609,0.0305,0.0508,392.8435932461253
Tue Dec 10 2024 16:00:00 GMT+0000 (Greenwich Mean Time),0.0609,0.0305,0.0508,0
Tue Dec 10 2024 17:00:00 GMT+0000 (Greenwich Mean Time),0.0609,0.0305,0.0508,0
Tue Dec 10 2024 18:00:00 GMT+0000 (Greenwich Mean Time),0.0609,0.0305,0.0509,5170.5009720924545
Tue Dec 10 2024 19:00:00 GMT+0000 (Greenwich Mean Time),0.0609,0.0305,0.0512,24510.454304715764
Tue Dec 10 2024 20:00:00 GMT+0000 (Greenwich Mean Time),0.0609,0.0305,0.0512,10708.952219283197
Tue Dec 10 2024 21:00:00 GMT+0000 (Greenwich Mean Time),0.0609,0.0305,0.0512,5.4993010518044585
Tue Dec 10 2024 22:00:00 GMT+0000 (Greenwich Mean Time),0.0609,0.0305,0.0512,0
Tue Dec 10 2024 23:00:00 GMT+0000 (Greenwich Mean Time),0.0609,0.0305,0.0512,0
Wed Dec 11 2024 00:00:00 GMT+0000 (Greenwich Mean Time),0.0609,0.0305,0.0512,0
Wed Dec 11 2024 01:00:00 GMT+0000 (Greenwich Mean Time),0.0609,0.0305,0.0512,3590.054875777771
Wed Dec 11 2024 02:00:00 GMT+0000 (Greenwich Mean Time),0.0609,0.0305,0.0512,0
Wed Dec 11 2024 03:00:00 GMT+0000 (Greenwich Mean Time),0.0609,0.0305,0.0512,0
Wed Dec 11 2024 04:00:00 GMT+0000 (Greenwich Mean Time),0.061,0.0305,0.0512,0
Wed Dec 11 2024 05:00:00 GMT+0000 (Greenwich Mean Time),0.061,0.0305,0.0512,0
Wed Dec 11 2024 06:00:00 GMT+0000 (Greenwich Mean Time),0.061,0.0305,0.051,13805.005834616317
Wed Dec 11 2024 07:00:00 GMT+0000 (Greenwich Mean Time),0.061,0.0305,0.0511,5021.5096484659125
Wed Dec 11 2024 08:00:00 GMT+0000 (Greenwich Mean Time),0.061,0.0305,0.051,7399.060428616618
Wed Dec 11 2024 09:00:00 GMT+0000 (Greenwich Mean Time),0.061,0.0305,0.0511,26973.78455877127
Wed Dec 11 2024 10:00:00 GMT+0000 (Greenwich Mean Time),0.061,0.0305,0.0511,3102.5903703474846
Wed Dec 11 2024 11:00:00 GMT+0000 (Greenwich Mean Time),0.061,0.0305,0.051,7175.765898101199
Wed Dec 11 2024 12:00:00 GMT+0000 (Greenwich Mean Time),0.061,0.0325,0.0508,16678.977096037273
Wed Dec 11 2024 13:00:00 GMT+0000 (Greenwich Mean Time),0.0576,0.0361,0.0508,0
Wed Dec 11 2024 14:00:00 GMT+0000 (Greenwich Mean Time),0.0576,0.0361,0.0508,0
Wed Dec 11 2024 15:00:00 GMT+0000 (Greenwich Mean Time),0.0576,0.0361,0.0518,86104.78792095922
Wed Dec 11 2024 16:00:00 GMT+0000 (Greenwich Mean Time),0.0576,0.0361,0.0518,0
Wed Dec 11 2024 17:00:00 GMT+0000 (Greenwich Mean Time),0.0576,0.0361,0.0518,0
Wed Dec 11 2024 18:00:00 GMT+0000 (Greenwich Mean Time),0.0576,0.0361,0.0518,0.2042450048643278
Wed Dec 11 2024 19:00:00 GMT+0000 (Greenwich Mean Time),0.0576,0.0361,0.0518,56.52010891282341
Wed Dec 11 2024 20:00:00 GMT+0000 (Greenwich Mean Time),0.0576,0.0361,0.0518,34.42287371576262
Wed Dec 11 2024 21:00:00 GMT+0000 (Greenwich Mean Time),0.0576,0.0361,0.0518,0
Wed Dec 11 2024 22:00:00 GMT+0000 (Greenwich Mean Time),0.0576,0.0361,0.0518,0
Wed Dec 11 2024 23:00:00 GMT+0000 (Greenwich Mean Time),0.0576,0.0361,0.0518,0
Thu Dec 12 2024 00:00:00 GMT+0000 (Greenwich Mean Time),0.0577,0.0361,0.0518,0
Thu Dec 12 2024 01:00:00 GMT+0000 (Greenwich Mean Time),0.0577,0.0361,0.0518,0
Thu Dec 12 2024 02:00:00 GMT+0000 (Greenwich Mean Time),0.0577,0.0361,0.0518,0
Thu Dec 12 2024 03:00:00 GMT+0000 (Greenwich Mean Time),0.0577,0.0361,0.0518,0.011612426017548088
Thu Dec 12 2024 04:00:00 GMT+0000 (Greenwich Mean Time),0.0576,0.0361,0.0518,0
Thu Dec 12 2024 05:00:00 GMT+0000 (Greenwich Mean Time),0.0576,0.0361,0.0518,3034.643681773905
Thu Dec 12 2024 06:00:00 GMT+0000 (Greenwich Mean Time),0.0576,0.0361,0.0517,8358.401400125344
Thu Dec 12 2024 07:00:00 GMT+0000 (Greenwich Mean Time),0.0576,0.0361,0.0517,0
Thu Dec 12 2024 08:00:00 GMT+0000 (Greenwich Mean Time),0.0576,0.0361,0.0517,0
Thu Dec 12 2024 09:00:00 GMT+0000 (Greenwich Mean Time),0.0576,0.0361,0.0517,0
Thu Dec 12 2024 10:00:00 GMT+0000 (Greenwich Mean Time),0.0576,0.0361,0.0517,0
Thu Dec 12 2024 11:00:00 GMT+0000 (Greenwich Mean Time),0.0576,0.0361,0.0517,0.21152317482185898
Thu Dec 12 2024 12:00:00 GMT+0000 (Greenwich Mean Time),0.0576,0.0388,0.052,20546.589304512316
Thu Dec 12 2024 13:00:00 GMT+0000 (Greenwich Mean Time),0.0424,0.0393,0.052,103894.69059152732
Thu Dec 12 2024 14:00:00 GMT+0000 (Greenwich Mean Time),0.0424,0.0393,0.052,0
Thu Dec 12 2024 15:00:00 GMT+0000 (Greenwich Mean Time),0.0424,0.0393,0.0519,6592.7031681498365
Thu Dec 12 2024 16:00:00 GMT+0000 (Greenwich Mean Time),0.0424,0.0393,0.0519,0
Thu Dec 12 2024 17:00:00 GMT+0000 (Greenwich Mean Time),0.0424,0.0393,0.0519,0.22274430074967308
Thu Dec 12 2024 18:00:00 GMT+0000 (Greenwich Mean Time),0.0424,0.0393,0.0519,0
Thu Dec 12 2024 19:00:00 GMT+0000 (Greenwich Mean Time),0.0424,0.0393,0.0519,0
Thu Dec 12 2024 20:00:00 GMT+0000 (Greenwich Mean Time),0.0424,0.0393,0.0519,3847.951019140145
Thu Dec 12 2024 21:00:00 GMT+0000 (Greenwich Mean Time),0.0424,0.0393,0.0519,0
Thu Dec 12 2024 22:00:00 GMT+0000 (Greenwich Mean Time),0.0424,0.0393,0.0519,0
Thu Dec 12 2024 23:00:00 GMT+0000 (Greenwich Mean Time),0.0424,0.0393,0.0519,0
Fri Dec 13 2024 00:00:00 GMT+0000 (Greenwich Mean Time),0.0424,0.0393,0.0519,0
Fri Dec 13 2024 01:00:00 GMT+0000 (Greenwich Mean Time),0.0424,0.0393,0.0519,0
Fri Dec 13 2024 02:00:00 GMT+0000 (Greenwich Mean Time),0.0424,0.0393,0.0519,74.43006560558126
Fri Dec 13 2024 03:00:00 GMT+0000 (Greenwich Mean Time),0.0424,0.0393,0.0519,0
Fri Dec 13 2024 04:00:00 GMT+0000 (Greenwich Mean Time),0.0424,0.0393,0.0519,0
Fri Dec 13 2024 05:00:00 GMT+0000 (Greenwich Mean Time),0.0424,0.0393,0.052,8231.617223928733
Fri Dec 13 2024 06:00:00 GMT+0000 (Greenwich Mean Time),0.0424,0.0393,0.0519,8421.890791386277
Fri Dec 13 2024 07:00:00 GMT+0000 (Greenwich Mean Time),0.0424,0.0393,0.0519,0
Fri Dec 13 2024 08:00:00 GMT+0000 (Greenwich Mean Time),0.0424,0.0393,0.052,4775.350929039096
Fri Dec 13 2024 09:00:00 GMT+0000 (Greenwich Mean Time),0.0424,0.0393,0.052,0
Fri Dec 13 2024 10:00:00 GMT+0000 (Greenwich Mean Time),0.0424,0.0393,0.052,0
Fri Dec 13 2024 11:00:00 GMT+0000 (Greenwich Mean Time),0.0424,0.0393,0.052,0
Fri Dec 13 2024 12:00:00 GMT+0000 (Greenwich Mean Time),0.0424,0.0393,0.052,0
Fri Dec 13 2024 13:00:00 GMT+0000 (Greenwich Mean Time),0.0267,0.0402,0.052,4604.381537772903
Fri Dec 13 2024 14:00:00 GMT+0000 (Greenwich Mean Time),0.0267,0.0402,0.052,145.0769111296895
Fri Dec 13 2024 15:00:00 GMT+0000 (Greenwich Mean Time),0.0267,0.0402,0.0527,56853.52533919425
Fri Dec 13 2024 16:00:00 GMT+0000 (Greenwich Mean Time),0.0267,0.0402,0.0527,0
Fri Dec 13 2024 17:00:00 GMT+0000 (Greenwich Mean Time),0.0267,0.0402,0.0528,5967.9721977256595
Fri Dec 13 2024 18:00:00 GMT+0000 (Greenwich Mean Time),0.0267,0.0402,0.0528,0
Fri Dec 13 2024 19:00:00 GMT+0000 (Greenwich Mean Time),0.0267,0.0402,0.0528,3794.9269395178203
Fri Dec 13 2024 20:00:00 GMT+0000 (Greenwich Mean Time),0.0267,0.0402,0.0529,7844.223712490314
Fri Dec 13 2024 21:00:00 GMT+0000 (Greenwich Mean Time),0.0267,0.0402,0.0531,10348.618966215703
Fri Dec 13 2024 22:00:00 GMT+0000 (Greenwich Mean Time),0.0267,0.0402,0.0533,19187.531510724093
Fri Dec 13 2024 23:00:00 GMT+0000 (Greenwich Mean Time),0.0267,0.0402,0.0533,0
Sat Dec 14 2024 00:00:00 GMT+0000 (Greenwich Mean Time),0.0267,0.0402,0.0533,0
Sat Dec 14 2024 01:00:00 GMT+0000 (Greenwich Mean Time),0.0267,0.0402,0.0533,655.2670451918513
Sat Dec 14 2024 02:00:00 GMT+0000 (Greenwich Mean Time),0.0267,0.0402,0.0533,0
Sat Dec 14 2024 03:00:00 GMT+0000 (Greenwich Mean Time),0.0267,0.0402,0.0533,0
Sat Dec 14 2024 04:00:00 GMT+0000 (Greenwich Mean Time),0.0267,0.0402,0.0533,0
Sat Dec 14 2024 05:00:00 GMT+0000 (Greenwich Mean Time),0.0267,0.0402,0.0533,0
Sat Dec 14 2024 06:00:00 GMT+0000 (Greenwich Mean Time),0.0267,0.0402,0.0533,0
Sat Dec 14 2024 07:00:00 GMT+0000 (Greenwich Mean Time),0.0267,0.0402,0.0533,0
Sat Dec 14 2024 08:00:00 GMT+0000 (Greenwich Mean Time),0.0267,0.0402,0.0533,0
Sat Dec 14 2024 09:00:00 GMT+0000 (Greenwich Mean Time),0.0267,0.0402,0.0533,30.178034401271713
Sat Dec 14 2024 10:00:00 GMT+0000 (Greenwich Mean Time),0.0267,0.0402,0.0533,20.079116935833667
Sat Dec 14 2024 11:00:00 GMT+0000 (Greenwich Mean Time),0.0267,0.0402,0.0533,0
Sat Dec 14 2024 12:00:00 GMT+0000 (Greenwich Mean Time),0.0267,0.0402,0.0533,0
Sat Dec 14 2024 13:00:00 GMT+0000 (Greenwich Mean Time),0.0239,0.0404,0.0533,602.621597187751
Sat Dec 14 2024 14:00:00 GMT+0000 (Greenwich Mean Time),0.0239,0.0404,0.0533,1632.2467765233137
Sat Dec 14 2024 15:00:00 GMT+0000 (Greenwich Mean Time),0.0239,0.0404,0.0533,0
Sat Dec 14 2024 16:00:00 GMT+0000 (Greenwich Mean Time),0.0239,0.0404,0.0532,1530.2645875738178
Sat Dec 14 2024 17:00:00 GMT+0000 (Greenwich Mean Time),0.0239,0.0404,0.0532,0
Sat Dec 14 2024 18:00:00 GMT+0000 (Greenwich Mean Time),0.0239,0.0404,0.0532,0
Sat Dec 14 2024 19:00:00 GMT+0000 (Greenwich Mean Time),0.0239,0.0404,0.0532,0
Sat Dec 14 2024 20:00:00 GMT+0000 (Greenwich Mean Time),0.0239,0.0404,0.0532,461.78497081185844
Sat Dec 14 2024 21:00:00 GMT+0000 (Greenwich Mean Time),0.0239,0.0404,0.0533,2970.789425376058
Sat Dec 14 2024 22:00:00 GMT+0000 (Greenwich Mean Time),0.0239,0.0404,0.0533,0
Sat Dec 14 2024 23:00:00 GMT+0000 (Greenwich Mean Time),0.0239,0.0404,0.0533,192.78389926766857
Sun Dec 15 2024 00:00:00 GMT+0000 (Greenwich Mean Time),0.024,0.0404,0.0533,1051.076210882257
Sun Dec 15 2024 01:00:00 GMT+0000 (Greenwich Mean Time),0.024,0.0404,0.0533,183.4907751135398
Sun Dec 15 2024 02:00:00 GMT+0000 (Greenwich Mean Time),0.024,0.0404,0.0542,291329.3412790658
Sun Dec 15 2024 03:00:00 GMT+0000 (Greenwich Mean Time),0.024,0.0404,0.0542,0
Sun Dec 15 2024 04:00:00 GMT+0000 (Greenwich Mean Time),0.024,0.0404,0.0542,443.84240195428106
Sun Dec 15 2024 05:00:00 GMT+0000 (Greenwich Mean Time),0.0239,0.0404,0.0542,0
Sun Dec 15 2024 06:00:00 GMT+0000 (Greenwich Mean Time),0.0239,0.0404,0.0542,0
Sun Dec 15 2024 07:00:00 GMT+0000 (Greenwich Mean Time),0.0239,0.0404,0.0542,2317.272576577744
Sun Dec 15 2024 08:00:00 GMT+0000 (Greenwich Mean Time),0.0239,0.0404,0.0542,1791.1061526622912
Sun Dec 15 2024 09:00:00 GMT+0000 (Greenwich Mean Time),0.0239,0.0404,0.0542,0
Sun Dec 15 2024 10:00:00 GMT+0000 (Greenwich Mean Time),0.0239,0.0404,0.0542,0
Sun Dec 15 2024 11:00:00 GMT+0000 (Greenwich Mean Time),0.0239,0.0404,0.0542,2490.791072794987
Sun Dec 15 2024 12:00:00 GMT+0000 (Greenwich Mean Time),0.0239,0.0404,0.0543,7596.3583316504755
Sun Dec 15 2024 13:00:00 GMT+0000 (Greenwich Mean Time),0,0.0425,0.0543,0
Sun Dec 15 2024 14:00:00 GMT+0000 (Greenwich Mean Time),0.0221,0.0396,0.0543,0
Sun Dec 15 2024 15:00:00 GMT+0000 (Greenwich Mean Time),0.0221,0.0396,0.0544,1361.9183420584056
Sun Dec 15 2024 16:00:00 GMT+0000 (Greenwich Mean Time),0.0221,0.0396,0.0544,0.15395576893868865
Sun Dec 15 2024 17:00:00 GMT+0000 (Greenwich Mean Time),0.0221,0.0396,0.0544,57.637728229303946
Sun Dec 15 2024 18:00:00 GMT+0000 (Greenwich Mean Time),0.0221,0.0396,0.0544,0
Sun Dec 15 2024 19:00:00 GMT+0000 (Greenwich Mean Time),0.0221,0.0396,0.0543,779.6331053323338
Sun Dec 15 2024 20:00:00 GMT+0000 (Greenwich Mean Time),0.0221,0.0396,0.0543,549.8468075573228
Sun Dec 15 2024 21:00:00 GMT+0000 (Greenwich Mean Time),0.0221,0.0396,0.0543,0
Sun Dec 15 2024 22:00:00 GMT+0000 (Greenwich Mean Time),0.0221,0.0396,0.0545,16723.99762642115
Sun Dec 15 2024 23:00:00 GMT+0000 (Greenwich Mean Time),0.0221,0.0396,0.0545,0
Mon Dec 16 2024 00:00:00 GMT+0000 (Greenwich Mean Time),0.0221,0.0396,0.0547,79741.18277040121
Mon Dec 16 2024 01:00:00 GMT+0000 (Greenwich Mean Time),0.0221,0.0396,0.0547,0
Mon Dec 16 2024 02:00:00 GMT+0000 (Greenwich Mean Time),0.0221,0.0396,0.0547,0
Mon Dec 16 2024 03:00:00 GMT+0000 (Greenwich Mean Time),0.0221,0.0396,0.0547,0
Mon Dec 16 2024 04:00:00 GMT+0000 (Greenwich Mean Time),0.0221,0.0396,0.0547,49.95224170040229
Mon Dec 16 2024 05:00:00 GMT+0000 (Greenwich Mean Time),0.0221,0.0396,0.0548,812.8099623190905
Mon Dec 16 2024 06:00:00 GMT+0000 (Greenwich Mean Time),0.0221,0.0396,0.0548,0
Mon Dec 16 2024 07:00:00 GMT+0000 (Greenwich Mean Time),0.0221,0.0396,0.0548,0
Mon Dec 16 2024 08:00:00 GMT+0000 (Greenwich Mean Time),0.0221,0.0396,0.0548,0
Mon Dec 16 2024 09:00:00 GMT+0000 (Greenwich Mean Time),0.0221,0.0396,0.0549,243783.97222098405
Mon Dec 16 2024 10:00:00 GMT+0000 (Greenwich Mean Time),0.0221,0.0396,0.0551,115555.96017146508
Mon Dec 16 2024 11:00:00 GMT+0000 (Greenwich Mean Time),0.0221,0.0396,0.0551,0
Mon Dec 16 2024 12:00:00 GMT+0000 (Greenwich Mean Time),0.0221,0.0396,0.0551,0
Mon Dec 16 2024 13:00:00 GMT+0000 (Greenwich Mean Time),0.0221,0.0388,0.0551,0
Mon Dec 16 2024 14:00:00 GMT+0000 (Greenwich Mean Time),0.0235,0.0366,0.0551,443.5673961884857
Mon Dec 16 2024 15:00:00 GMT+0000 (Greenwich Mean Time),0.0235,0.0366,0.0551,0.1855484899836747
Mon Dec 16 2024 16:00:00 GMT+0000 (Greenwich Mean Time),0.0235,0.0366,0.0577,215192.0548819425
Mon Dec 16 2024 17:00:00 GMT+0000 (Greenwich Mean Time),0.0235,0.0366,0.0577,1723.7334761552481
Mon Dec 16 2024 18:00:00 GMT+0000 (Greenwich Mean Time),0.0235,0.0366,0.0576,8121.67357391138
Mon Dec 16 2024 19:00:00 GMT+0000 (Greenwich Mean Time),0.0235,0.0366,0.0578,13026.74727111005
Mon Dec 16 2024 20:00:00 GMT+0000 (Greenwich Mean Time),0.0235,0.0366,0.0579,10608.809307981566
Mon Dec 16 2024 21:00:00 GMT+0000 (Greenwich Mean Time),0.0235,0.0366,0.0579,0
Mon Dec 16 2024 22:00:00 GMT+0000 (Greenwich Mean Time),0.0235,0.0366,0.0579,0
Mon Dec 16 2024 23:00:00 GMT+0000 (Greenwich Mean Time),0.0235,0.0366,0.0581,21782.99395767339
Tue Dec 17 2024 00:00:00 GMT+0000 (Greenwich Mean Time),0.0235,0.0366,0.0581,0
Tue Dec 17 2024 01:00:00 GMT+0000 (Greenwich Mean Time),0.0235,0.0366,0.0582,2558.264218366914
Tue Dec 17 2024 02:00:00 GMT+0000 (Greenwich Mean Time),0.0235,0.0366,0.0582,0
Tue Dec 17 2024 03:00:00 GMT+0000 (Greenwich Mean Time),0.0235,0.0366,0.0582,0
Tue Dec 17 2024 04:00:00 GMT+0000 (Greenwich Mean Time),0.0235,0.0366,0.0582,824.3465584291046
Tue Dec 17 2024 05:00:00 GMT+0000 (Greenwich Mean Time),0.0235,0.0366,0.0582,507.65533215121417
Tue Dec 17 2024 06:00:00 GMT+0000 (Greenwich Mean Time),0.0235,0.0366,0.0583,10148.339601298818
Tue Dec 17 2024 07:00:00 GMT+0000 (Greenwich Mean Time),0.0235,0.0366,0.0584,6613.906527626244
Tue Dec 17 2024 08:00:00 GMT+0000 (Greenwich Mean Time),0.0235,0.0366,0.0584,616.0676902218039
Tue Dec 17 2024 09:00:00 GMT+0000 (Greenwich Mean Time),0.0235,0.0366,0.0584,0
Tue Dec 17 2024 10:00:00 GMT+0000 (Greenwich Mean Time),0.0235,0.0366,0.0584,308.66758322724644
Tue Dec 17 2024 11:00:00 GMT+0000 (Greenwich Mean Time),0.0235,0.0366,0.0584,835.698013165786
Tue Dec 17 2024 12:00:00 GMT+0000 (Greenwich Mean Time),0.0235,0.0366,0.0584,0
Tue Dec 17 2024 13:00:00 GMT+0000 (Greenwich Mean Time),0.0235,0.0326,0.0584,0
Tue Dec 17 2024 14:00:00 GMT+0000 (Greenwich Mean Time),0.0277,0.0319,0.0584,0
Tue Dec 17 2024 15:00:00 GMT+0000 (Greenwich Mean Time),0.0277,0.0319,0.0584,0.1517824471242028
Tue Dec 17 2024 16:00:00 GMT+0000 (Greenwich Mean Time),0.0277,0.0319,0.0584,0
Tue Dec 17 2024 17:00:00 GMT+0000 (Greenwich Mean Time),0.0277,0.0319,0.0584,823.126589080574
Tue Dec 17 2024 18:00:00 GMT+0000 (Greenwich Mean Time),0.0277,0.0319,0.0588,36005.9722503535
Tue Dec 17 2024 19:00:00 GMT+0000 (Greenwich Mean Time),0.0277,0.0319,0.0588,1141.093511841154
Tue Dec 17 2024 20:00:00 GMT+0000 (Greenwich Mean Time),0.0277,0.0319,0.0588,44.91029579444829
Tue Dec 17 2024 21:00:00 GMT+0000 (Greenwich Mean Time),0.0277,0.0319,0.0588,0
Tue Dec 17 2024 22:00:00 GMT+0000 (Greenwich Mean Time),0.0277,0.0319,0.0588,0
Tue Dec 17 2024 23:00:00 GMT+0000 (Greenwich Mean Time),0.0277,0.0319,0.0588,0
Wed Dec 18 2024 00:00:00 GMT+0000 (Greenwich Mean Time),0.0278,0.0319,0.0588,216.7181809552706
Wed Dec 18 2024 01:00:00 GMT+0000 (Greenwich Mean Time),0.0278,0.0319,0.0588,0
Wed Dec 18 2024 02:00:00 GMT+0000 (Greenwich Mean Time),0.0278,0.0319,0.0588,0
Wed Dec 18 2024 03:00:00 GMT+0000 (Greenwich Mean Time),0.0278,0.0319,0.0588,0
Wed Dec 18 2024 04:00:00 GMT+0000 (Greenwich Mean Time),0.0278,0.0319,0.0588,0
Wed Dec 18 2024 05:00:00 GMT+0000 (Greenwich Mean Time),0.0278,0.0319,0.0588,0
Wed Dec 18 2024 06:00:00 GMT+0000 (Greenwich Mean Time),0.0278,0.0319,0.0588,0
Wed Dec 18 2024 07:00:00 GMT+0000 (Greenwich Mean Time),0.0278,0.0319,0.0588,1409.8762926070872
Wed Dec 18 2024 08:00:00 GMT+0000 (Greenwich Mean Time),0.0278,0.0319,0.0588,0
Wed Dec 18 2024 09:00:00 GMT+0000 (Greenwich Mean Time),0.0278,0.0319,0.0588,0
Wed Dec 18 2024 10:00:00 GMT+0000 (Greenwich Mean Time),0.0278,0.0319,0.0588,0
Wed Dec 18 2024 11:00:00 GMT+0000 (Greenwich Mean Time),0.0278,0.0319,0.0588,0
Wed Dec 18 2024 12:00:00 GMT+0000 (Greenwich Mean Time),0.0278,0.0319,0.0588,0
Wed Dec 18 2024 13:00:00 GMT+0000 (Greenwich Mean Time),0.0278,0.0277,0.0588,0
Wed Dec 18 2024 14:00:00 GMT+0000 (Greenwich Mean Time),0.0283,0.0278,0.0588,0.18229800305983
Wed Dec 18 2024 15:00:00 GMT+0000 (Greenwich Mean Time),0.0283,0.0278,0.0588,0
Wed Dec 18 2024 16:00:00 GMT+0000 (Greenwich Mean Time),0.0283,0.0278,0.0588,566.3942429177242
Wed Dec 18 2024 17:00:00 GMT+0000 (Greenwich Mean Time),0.0283,0.0278,0.1032,3501502.6922227773
Wed Dec 18 2024 18:00:00 GMT+0000 (Greenwich Mean Time),0.0283,0.0278,0.1031,3787.5411089533623
Wed Dec 18 2024 19:00:00 GMT+0000 (Greenwich Mean Time),0.0283,0.0278,0.1027,22520.117748267578
Wed Dec 18 2024 20:00:00 GMT+0000 (Greenwich Mean Time),0.0283,0.0278,0.1027,0
Wed Dec 18 2024 21:00:00 GMT+0000 (Greenwich Mean Time),0.0283,0.0278,0.1027,442.998771899893
Wed Dec 18 2024 22:00:00 GMT+0000 (Greenwich Mean Time),0.0283,0.0278,0.1024,16328.49446370455
Wed Dec 18 2024 23:00:00 GMT+0000 (Greenwich Mean Time),0.0283,0.0278,0.0994,160108.83082883732
Thu Dec 19 2024 00:00:00 GMT+0000 (Greenwich Mean Time),0.0282,0.0278,0.0994,0
Thu Dec 19 2024 01:00:00 GMT+0000 (Greenwich Mean Time),0.0282,0.0278,0.0967,161934.8412371116
Thu Dec 19 2024 02:00:00 GMT+0000 (Greenwich Mean Time),0.0282,0.0278,0.0989,126625.51885320718
Thu Dec 19 2024 03:00:00 GMT+0000 (Greenwich Mean Time),0.0282,0.0278,0.099,4995.328901785633
Thu Dec 19 2024 04:00:00 GMT+0000 (Greenwich Mean Time),0.0282,0.0278,0.1013,136963.74015992772
Thu Dec 19 2024 05:00:00 GMT+0000 (Greenwich Mean Time),0.0282,0.0278,0.1013,0
Thu Dec 19 2024 06:00:00 GMT+0000 (Greenwich Mean Time),0.0282,0.0278,0.1121,502098.1734727222
Thu Dec 19 2024 07:00:00 GMT+0000 (Greenwich Mean Time),0.0282,0.0278,0.1121,802.7877435092178
Thu Dec 19 2024 08:00:00 GMT+0000 (Greenwich Mean Time),0.0282,0.0278,0.113,72131.47671977394
Thu Dec 19 2024 09:00:00 GMT+0000 (Greenwich Mean Time),0.0282,0.0278,0.1199,228712.8685691375
Thu Dec 19 2024 10:00:00 GMT+0000 (Greenwich Mean Time),0.0282,0.0278,0.1349,366316.8859074225
Thu Dec 19 2024 11:00:00 GMT+0000 (Greenwich Mean Time),0.0282,0.0278,0.1403,223958.75953470654
Thu Dec 19 2024 12:00:00 GMT+0000 (Greenwich Mean Time),0.0282,0.0278,0.1236,391137.7926249826
Thu Dec 19 2024 13:00:00 GMT+0000 (Greenwich Mean Time),0.0282,0.0254,0.1212,177533.81472007092
Thu Dec 19 2024 14:00:00 GMT+0000 (Greenwich Mean Time),0.026,0.0255,0.1122,590938.860068815
Thu Dec 19 2024 15:00:00 GMT+0000 (Greenwich Mean Time),0.026,0.0255,0.1168,560042.1172923567
Thu Dec 19 2024 16:00:00 GMT+0000 (Greenwich Mean Time),0.026,0.0255,0.1089,298666.97564484447
Thu Dec 19 2024 17:00:00 GMT+0000 (Greenwich Mean Time),0.026,0.0255,0.1105,68867.23529681574
Thu Dec 19 2024 18:00:00 GMT+0000 (Greenwich Mean Time),0.026,0.0255,0.1105,0
Thu Dec 19 2024 19:00:00 GMT+0000 (Greenwich Mean Time),0.026,0.0255,0.1117,46363.5525932744
Thu Dec 19 2024 20:00:00 GMT+0000 (Greenwich Mean Time),0.026,0.0255,0.1117,59866.0799043415
Thu Dec 19 2024 21:00:00 GMT+0000 (Greenwich Mean Time),0.026,0.0255,0.1163,106551.96625792199
Thu Dec 19 2024 22:00:00 GMT+0000 (Greenwich Mean Time),0.026,0.0255,0.1164,924.0137841400525
Thu Dec 19 2024 23:00:00 GMT+0000 (Greenwich Mean Time),0.026,0.0255,0.1176,39535.764356827574
Fri Dec 20 2024 00:00:00 GMT+0000 (Greenwich Mean Time),0.0261,0.0255,0.1179,7505.309733640794
Fri Dec 20 2024 01:00:00 GMT+0000 (Greenwich Mean Time),0.0261,0.0255,0.1225,278889.85947635066
Fri Dec 20 2024 02:00:00 GMT+0000 (Greenwich Mean Time),0.0261,0.0255,0.1218,17551.723401276493
Fri Dec 20 2024 03:00:00 GMT+0000 (Greenwich Mean Time),0.0261,0.0255,0.1215,7678.883487083237
Fri Dec 20 2024 04:00:00 GMT+0000 (Greenwich Mean Time),0.0261,0.0255,0.1212,8502.807586409761
Fri Dec 20 2024 05:00:00 GMT+0000 (Greenwich Mean Time),0.0261,0.0255,0.1239,68201.29391273772
Fri Dec 20 2024 06:00:00 GMT+0000 (Greenwich Mean Time),0.0261,0.0255,0.125,29725.470984955915
Fri Dec 20 2024 07:00:00 GMT+0000 (Greenwich Mean Time),0.0261,0.0255,0.1277,70875.23218776584
Fri Dec 20 2024 08:00:00 GMT+0000 (Greenwich Mean Time),0.0261,0.0255,0.1293,23502.514448406713
Fri Dec 20 2024 09:00:00 GMT+0000 (Greenwich Mean Time),0.0261,0.0255,0.1297,7002.68395106623
Fri Dec 20 2024 10:00:00 GMT+0000 (Greenwich Mean Time),0.0261,0.0255,0.1312,36359.61074495144
Fri Dec 20 2024 11:00:00 GMT+0000 (Greenwich Mean Time),0.0261,0.0255,0.1319,5585.545665238422
Fri Dec 20 2024 12:00:00 GMT+0000 (Greenwich Mean Time),0.0261,0.0255,0.1355,57950.49128348466
Fri Dec 20 2024 13:00:00 GMT+0000 (Greenwich Mean Time),0.0261,0.0253,0.1367,20319.389374963535
Fri Dec 20 2024 14:00:00 GMT+0000 (Greenwich Mean Time),0.0226,0.0249,0.1376,11600.179107931044
Fri Dec 20 2024 15:00:00 GMT+0000 (Greenwich Mean Time),0.0226,0.0249,0.1381,17023.32418064277
Fri Dec 20 2024 16:00:00 GMT+0000 (Greenwich Mean Time),0.0226,0.0249,0.1389,18150.158417781637
Fri Dec 20 2024 17:00:00 GMT+0000 (Greenwich Mean Time),0.0226,0.0249,0.1391,3149.4774693399663
Fri Dec 20 2024 18:00:00 GMT+0000 (Greenwich Mean Time),0.0226,0.0249,0.1391,177.97942124260155
Fri Dec 20 2024 19:00:00 GMT+0000 (Greenwich Mean Time),0.0226,0.0249,0.14,12646.486027540472
Fri Dec 20 2024 20:00:00 GMT+0000 (Greenwich Mean Time),0.0226,0.0249,0.1404,5541.732055773281
Fri Dec 20 2024 21:00:00 GMT+0000 (Greenwich Mean Time),0.0226,0.0249,0.1471,87186.13093904025
Fri Dec 20 2024 22:00:00 GMT+0000 (Greenwich Mean Time),0.0226,0.0249,0.1471,19550.661667824996
Fri Dec 20 2024 23:00:00 GMT+0000 (Greenwich Mean Time),0.0226,0.0249,0.1469,1495.6664480183158
Sat Dec 21 2024 00:00:00 GMT+0000 (Greenwich Mean Time),0.0225,0.0249,0.147,78953.20321316029
Sat Dec 21 2024 01:00:00 GMT+0000 (Greenwich Mean Time),0.0225,0.0249,0.1461,10886.923832610099
Sat Dec 21 2024 02:00:00 GMT+0000 (Greenwich Mean Time),0.0225,0.0249,0.1457,4426.027514007137
Sat Dec 21 2024 03:00:00 GMT+0000 (Greenwich Mean Time),0.0225,0.0249,0.1455,2417.653528938553
Sat Dec 21 2024 04:00:00 GMT+0000 (Greenwich Mean Time),0.0225,0.0249,0.1453,5171.5016045294105
Sat Dec 21 2024 05:00:00 GMT+0000 (Greenwich Mean Time),0.0225,0.0249,0.1453,962.0881070643492
Sat Dec 21 2024 06:00:00 GMT+0000 (Greenwich Mean Time),0.0225,0.0249,0.1454,816.5816868832593
Sat Dec 21 2024 07:00:00 GMT+0000 (Greenwich Mean Time),0.0225,0.0249,0.1459,6761.005641998752
Sat Dec 21 2024 08:00:00 GMT+0000 (Greenwich Mean Time),0.0225,0.0249,0.1471,33675.83307163961
Sat Dec 21 2024 09:00:00 GMT+0000 (Greenwich Mean Time),0.0225,0.0249,0.1471,5097.926806181027
Sat Dec 21 2024 10:00:00 GMT+0000 (Greenwich Mean Time),0.0225,0.0249,0.1342,178981.76396305594
Sat Dec 21 2024 11:00:00 GMT+0000 (Greenwich Mean Time),0.0225,0.0249,0.1387,150583.87816144127
Sat Dec 21 2024 12:00:00 GMT+0000 (Greenwich Mean Time),0.0225,0.0249,0.1412,55843.83182592782
Sat Dec 21 2024 13:00:00 GMT+0000 (Greenwich Mean Time),0.0225,0.025,0.1413,16644.524163649934
Sat Dec 21 2024 14:00:00 GMT+0000 (Greenwich Mean Time),0.0234,0.0248,0.1421,19230.119814805457
Sat Dec 21 2024 15:00:00 GMT+0000 (Greenwich Mean Time),0.0234,0.0248,0.143,11787.315546006648
Sat Dec 21 2024 16:00:00 GMT+0000 (Greenwich Mean Time),0.0234,0.0248,0.1436,9057.314982558699
Sat Dec 21 2024 17:00:00 GMT+0000 (Greenwich Mean Time),0.0234,0.0248,0.1436,2570.931351521131
Sat Dec 21 2024 18:00:00 GMT+0000 (Greenwich Mean Time),0.0234,0.0248,0.1443,6951.209417537187
Sat Dec 21 2024 19:00:00 GMT+0000 (Greenwich Mean Time),0.0234,0.0248,0.1446,3906.808542067352
Sat Dec 21 2024 20:00:00 GMT+0000 (Greenwich Mean Time),0.0234,0.0248,0.1471,27913.02266953256
Sat Dec 21 2024 21:00:00 GMT+0000 (Greenwich Mean Time),0.0234,0.0248,0.1471,10314.474728667765
Sat Dec 21 2024 22:00:00 GMT+0000 (Greenwich Mean Time),0.0234,0.0248,0.1471,0
Sat Dec 21 2024 23:00:00 GMT+0000 (Greenwich Mean Time),0.0234,0.0248,0.1471,0
Sun Dec 22 2024 00:00:00 GMT+0000 (Greenwich Mean Time),0.0234,0.0248,0.1453,18792.367272201373
Sun Dec 22 2024 01:00:00 GMT+0000 (Greenwich Mean Time),0.0234,0.0248,0.1453,0
Sun Dec 22 2024 02:00:00 GMT+0000 (Greenwich Mean Time),0.0234,0.0248,0.1452,1022.1077534223871
Sun Dec 22 2024 03:00:00 GMT+0000 (Greenwich Mean Time),0.0234,0.0248,0.1451,1944.7460194015102
Sun Dec 22 2024 04:00:00 GMT+0000 (Greenwich Mean Time),0.0234,0.0248,0.145,1004.0801405847192
Sun Dec 22 2024 05:00:00 GMT+0000 (Greenwich Mean Time),0.0234,0.0248,0.145,392.58446575545946
Sun Dec 22 2024 06:00:00 GMT+0000 (Greenwich Mean Time),0.0234,0.0248,0.1449,1331.1086213555473
Sun Dec 22 2024 07:00:00 GMT+0000 (Greenwich Mean Time),0.0234,0.0248,0.1457,9967.383249026127
Sun Dec 22 2024 08:00:00 GMT+0000 (Greenwich Mean Time),0.0234,0.0248,0.1462,5602.166332301051
Sun Dec 22 2024 09:00:00 GMT+0000 (Greenwich Mean Time),0.0234,0.0248,0.1461,1911.3446571149577
Sun Dec 22 2024 10:00:00 GMT+0000 (Greenwich Mean Time),0.0234,0.0248,0.1461,298.07842118123244
Sun Dec 22 2024 11:00:00 GMT+0000 (Greenwich Mean Time),0.0234,0.0248,0.1468,16036.242295571978
Sun Dec 22 2024 12:00:00 GMT+0000 (Greenwich Mean Time),0.0234,0.0248,0.1444,54287.29487567505
Sun Dec 22 2024 13:00:00 GMT+0000 (Greenwich Mean Time),0.0234,0.0248,0.1443,32315.14963487086
Sun Dec 22 2024 14:00:00 GMT+0000 (Greenwich Mean Time),0.0244,0.0251,0.1454,13485.070581245214
Sun Dec 22 2024 15:00:00 GMT+0000 (Greenwich Mean Time),0.0244,0.0251,0.1454,0
Sun Dec 22 2024 16:00:00 GMT+0000 (Greenwich Mean Time),0.0244,0.0251,0.1453,1418.2958140455303
Sun Dec 22 2024 17:00:00 GMT+0000 (Greenwich Mean Time),0.0244,0.0251,0.1462,32717.86223210704
Sun Dec 22 2024 18:00:00 GMT+0000 (Greenwich Mean Time),0.0244,0.0251,0.1463,1242.787912457278
Sun Dec 22 2024 19:00:00 GMT+0000 (Greenwich Mean Time),0.0244,0.0251,0.147,9031.460472086848
Sun Dec 22 2024 20:00:00 GMT+0000 (Greenwich Mean Time),0.0244,0.0251,0.1471,485.1783335963652
Sun Dec 22 2024 21:00:00 GMT+0000 (Greenwich Mean Time),0.0244,0.0251,0.1471,0
Sun Dec 22 2024 22:00:00 GMT+0000 (Greenwich Mean Time),0.0244,0.0251,0.1467,4942.995094778098
Sun Dec 22 2024 23:00:00 GMT+0000 (Greenwich Mean Time),0.0244,0.0251,0.1467,0
Mon Dec 23 2024 00:00:00 GMT+0000 (Greenwich Mean Time),0.0244,0.0251,0.1464,2509.6677696876354
Mon Dec 23 2024 01:00:00 GMT+0000 (Greenwich Mean Time),0.0244,0.0251,0.1385,96340.47806506189
Mon Dec 23 2024 02:00:00 GMT+0000 (Greenwich Mean Time),0.0244,0.0251,0.1385,293.7318959538983
Mon Dec 23 2024 03:00:00 GMT+0000 (Greenwich Mean Time),0.0244,0.0251,0.1382,4069.190137933893
Mon Dec 23 2024 04:00:00 GMT+0000 (Greenwich Mean Time),0.0244,0.0251,0.1388,9335.643834914146
Mon Dec 23 2024 05:00:00 GMT+0000 (Greenwich Mean Time),0.0244,0.0251,0.1388,0
Mon Dec 23 2024 06:00:00 GMT+0000 (Greenwich Mean Time),0.0244,0.0251,0.1402,20673.677644601503
Mon Dec 23 2024 07:00:00 GMT+0000 (Greenwich Mean Time),0.0244,0.0251,0.1401,611.5547771815785
Mon Dec 23 2024 08:00:00 GMT+0000 (Greenwich Mean Time),0.0244,0.0251,0.1402,684.9483013939482
Mon Dec 23 2024 09:00:00 GMT+0000 (Greenwich Mean Time),0.0244,0.0251,0.1414,18978.579292999104
Mon Dec 23 2024 10:00:00 GMT+0000 (Greenwich Mean Time),0.0244,0.0251,0.142,8013.406408565105
Mon Dec 23 2024 11:00:00 GMT+0000 (Greenwich Mean Time),0.0244,0.0251,0.1426,7265.050018476685
Mon Dec 23 2024 12:00:00 GMT+0000 (Greenwich Mean Time),0.0244,0.0251,0.1417,12009.514467766483
Mon Dec 23 2024 13:00:00 GMT+0000 (Greenwich Mean Time),0.0244,0.0251,0.136,111841.7665574396
Mon Dec 23 2024 14:00:00 GMT+0000 (Greenwich Mean Time),0,0.0254,0.1342,37482.75704438251
Mon Dec 23 2024 15:00:00 GMT+0000 (Greenwich Mean Time),0.0348,0.0267,0.1355,20882.38540767259
Mon Dec 23 2024 16:00:00 GMT+0000 (Greenwich Mean Time),0.0349,0.0268,0.1359,25907.47026908605
Mon Dec 23 2024 17:00:00 GMT+0000 (Greenwich Mean Time),0.0349,0.0268,0.1361,3715.6120876027217
Mon Dec 23 2024 18:00:00 GMT+0000 (Greenwich Mean Time),0.0349,0.0267,0.138,29013.631092450847
Mon Dec 23 2024 19:00:00 GMT+0000 (Greenwich Mean Time),0.0348,0.0267,0.1383,19124.668340300363
Mon Dec 23 2024 20:00:00 GMT+0000 (Greenwich Mean Time),0.0349,0.0268,0.1394,0
Mon Dec 23 2024 21:00:00 GMT+0000 (Greenwich Mean Time),0.0349,0.0268,0.1394,0
Mon Dec 23 2024 22:00:00 GMT+0000 (Greenwich Mean Time),0.0349,0.0267,0.1394,100.01919359658504
Mon Dec 23 2024 23:00:00 GMT+0000 (Greenwich Mean Time),0.0348,0.0267,0.139,5557.181703532422
Tue Dec 24 2024 00:00:00 GMT+0000 (Greenwich Mean Time),0.0348,0.0268,0.139,0
Tue Dec 24 2024 01:00:00 GMT+0000 (Greenwich Mean Time),0.0349,0.0268,0.139,0
Tue Dec 24 2024 02:00:00 GMT+0000 (Greenwich Mean Time),0.0349,0.0268,0.14,13593.581220884718
Tue Dec 24 2024 03:00:00 GMT+0000 (Greenwich Mean Time),0.0349,0.0268,0.14,0
Tue Dec 24 2024 04:00:00 GMT+0000 (Greenwich Mean Time),0.0349,0.0268,0.14,0
Tue Dec 24 2024 05:00:00 GMT+0000 (Greenwich Mean Time),0.035,0.0268,0.14,0
Tue Dec 24 2024 06:00:00 GMT+0000 (Greenwich Mean Time),0.035,0.0268,0.141,14191.648672095704
Tue Dec 24 2024 07:00:00 GMT+0000 (Greenwich Mean Time),0.0349,0.0268,0.1135,633256.7475084595
Tue Dec 24 2024 08:00:00 GMT+0000 (Greenwich Mean Time),0.0349,0.0268,0.1137,4398.80487020262
Tue Dec 24 2024 09:00:00 GMT+0000 (Greenwich Mean Time),0.0349,0.0268,0.1141,31586.466730473294
Tue Dec 24 2024 10:00:00 GMT+0000 (Greenwich Mean Time),0.035,0.0268,0.1147,20911.226979918058
Tue Dec 24 2024 11:00:00 GMT+0000 (Greenwich Mean Time),0.0349,0.0268,0.1178,97665.83818051171
Tue Dec 24 2024 12:00:00 GMT+0000 (Greenwich Mean Time),0.0349,0.0268,0.1176,5394.579511675904
Tue Dec 24 2024 13:00:00 GMT+0000 (Greenwich Mean Time),0.0349,0.0268,0.1181,20960.079493261463
Tue Dec 24 2024 14:00:00 GMT+0000 (Greenwich Mean Time),0.035,0.0266,0.1162,56086.70159685291
Tue Dec 24 2024 15:00:00 GMT+0000 (Greenwich Mean Time),0.0461,0.0293,0.1168,16245.779538496596
Tue Dec 24 2024 16:00:00 GMT+0000 (Greenwich Mean Time),0.046,0.0293,0.1168,2670.4825562573933
Tue Dec 24 2024 17:00:00 GMT+0000 (Greenwich Mean Time),0.046,0.0293,0.1177,32709.265850045074
Tue Dec 24 2024 18:00:00 GMT+0000 (Greenwich Mean Time),0.046,0.0293,0.1217,119328.8378313956
Tue Dec 24 2024 19:00:00 GMT+0000 (Greenwich Mean Time),0.0461,0.0293,0.1231,50709.78290741058
Tue Dec 24 2024 20:00:00 GMT+0000 (Greenwich Mean Time),0.046,0.0293,0.123,4101.605984341697
Tue Dec 24 2024 21:00:00 GMT+0000 (Greenwich Mean Time),0.046,0.0293,0.1241,28335.80572448485
Tue Dec 24 2024 22:00:00 GMT+0000 (Greenwich Mean Time),0.046,0.0293,0.1241,0
Tue Dec 24 2024 23:00:00 GMT+0000 (Greenwich Mean Time),0.0461,0.0293,0.137,283418.2830161507
Wed Dec 25 2024 00:00:00 GMT+0000 (Greenwich Mean Time),0.0461,0.0293,0.1471,219905.6232854607
Wed Dec 25 2024 01:00:00 GMT+0000 (Greenwich Mean Time),0.046,0.0293,0.1471,55327.07080545513
Wed Dec 25 2024 02:00:00 GMT+0000 (Greenwich Mean Time),0.046,0.0293,0.1471,0
Wed Dec 25 2024 03:00:00 GMT+0000 (Greenwich Mean Time),0.046,0.0293,0.1459,22875.55182886791
Wed Dec 25 2024 04:00:00 GMT+0000 (Greenwich Mean Time),0.0461,0.0293,0.147,32594.34802108824
Wed Dec 25 2024 05:00:00 GMT+0000 (Greenwich Mean Time),0.046,0.0293,0.1471,1803.8574429241676
Wed Dec 25 2024 06:00:00 GMT+0000 (Greenwich Mean Time),0.046,0.0293,0.1471,4661.517924943674
Wed Dec 25 2024 07:00:00 GMT+0000 (Greenwich Mean Time),0.046,0.0293,0.1471,5262.087337160505
Wed Dec 25 2024 08:00:00 GMT+0000 (Greenwich Mean Time),0.0461,0.0293,0.1471,10831.560235828976
Wed Dec 25 2024 09:00:00 GMT+0000 (Greenwich Mean Time),0.0461,0.0293,0.1471,2386.9097576462077
Wed Dec 25 2024 10:00:00 GMT+0000 (Greenwich Mean Time),0.046,0.0293,0.1471,227.27624214529655
Wed Dec 25 2024 11:00:00 GMT+0000 (Greenwich Mean Time),0.046,0.0293,0.1471,3378.9671264301287
Wed Dec 25 2024 12:00:00 GMT+0000 (Greenwich Mean Time),0.046,0.0293,0.147,2983.027624406102
Wed Dec 25 2024 13:00:00 GMT+0000 (Greenwich Mean Time),0.0461,0.0293,0.147,894.9287935630216
Wed Dec 25 2024 14:00:00 GMT+0000 (Greenwich Mean Time),0.046,0.0295,0.147,330.4793941815335
Wed Dec 25 2024 15:00:00 GMT+0000 (Greenwich Mean Time),0.0452,0.0317,0.147,3304.289200052504
Wed Dec 25 2024 16:00:00 GMT+0000 (Greenwich Mean Time),0.0452,0.0317,0.147,0
Wed Dec 25 2024 17:00:00 GMT+0000 (Greenwich Mean Time),0.0452,0.0317,0.147,2561.4771189209964
Wed Dec 25 2024 18:00:00 GMT+0000 (Greenwich Mean Time),0.0453,0.0318,0.147,1705.9103341407294
Wed Dec 25 2024 19:00:00 GMT+0000 (Greenwich Mean Time),0.0452,0.0317,0.147,424.9654734316037
Wed Dec 25 2024 20:00:00 GMT+0000 (Greenwich Mean Time),0.0452,0.0317,0.1469,16303.93332480992
Wed Dec 25 2024 21:00:00 GMT+0000 (Greenwich Mean Time),0.0452,0.0318,0.1469,472.6590116025518
Wed Dec 25 2024 22:00:00 GMT+0000 (Greenwich Mean Time),0.0453,0.0318,0.1467,0
Wed Dec 25 2024 23:00:00 GMT+0000 (Greenwich Mean Time),0.0452,0.0317,0.146,138.92824195131212