time,underlyingApy1DMA,underlyingApy7DMA,impliedApy,volume
Sun Feb 25 2024 00:00:00 GMT+0000 (Greenwich Mean Time),0.0295,0.03,0.4369,21441.933332392757
Sun Feb 25 2024 01:00:00 GMT+0000 (Greenwich Mean Time),0.0295,0.03,0.4313,587287.4783647677
Sun Feb 25 2024 02:00:00 GMT+0000 (Greenwich Mean Time),0.0295,0.03,0.4282,270729.0706103124
Sun Feb 25 2024 03:00:00 GMT+0000 (Greenwich Mean Time),0.0295,0.03,0.4166,1088148.1461074892
Sun Feb 25 2024 04:00:00 GMT+0000 (Greenwich Mean Time),0.0295,0.03,0.4171,55297.59211296517
Sun Feb 25 2024 05:00:00 GMT+0000 (Greenwich Mean Time),0.0295,0.03,0.4193,132393.64664803512
Sun Feb 25 2024 06:00:00 GMT+0000 (Greenwich Mean Time),0.0295,0.03,0.4194,74923.26285089644
Sun Feb 25 2024 07:00:00 GMT+0000 (Greenwich Mean Time),0.0295,0.03,0.421,265642.1182228933
Sun Feb 25 2024 08:00:00 GMT+0000 (Greenwich Mean Time),0.0295,0.0299,0.4225,69915.81891557778
Sun Feb 25 2024 09:00:00 GMT+0000 (Greenwich Mean Time),0.0295,0.0299,0.4208,1439482.9653276466
Sun Feb 25 2024 10:00:00 GMT+0000 (Greenwich Mean Time),0.0295,0.0299,0.4199,34344.08180456184
Sun Feb 25 2024 11:00:00 GMT+0000 (Greenwich Mean Time),0.0295,0.0299,0.4188,146374.99429460452
Sun Feb 25 2024 12:00:00 GMT+0000 (Greenwich Mean Time),0.0295,0.0299,0.4172,291791.69877855026
Sun Feb 25 2024 13:00:00 GMT+0000 (Greenwich Mean Time),0.0295,0.0299,0.4204,291628.2002411526
Sun Feb 25 2024 14:00:00 GMT+0000 (Greenwich Mean Time),0.0295,0.0299,0.4229,135769.55778182857
Sun Feb 25 2024 15:00:00 GMT+0000 (Greenwich Mean Time),0.0295,0.0299,0.4236,330314.7443293851
Sun Feb 25 2024 16:00:00 GMT+0000 (Greenwich Mean Time),0.0295,0.0299,0.4261,270470.97457129834
Sun Feb 25 2024 17:00:00 GMT+0000 (Greenwich Mean Time),0.0295,0.0299,0.425,236261.52936695763
Sun Feb 25 2024 18:00:00 GMT+0000 (Greenwich Mean Time),0.0295,0.0299,0.4258,110379.18569774578
Sun Feb 25 2024 19:00:00 GMT+0000 (Greenwich Mean Time),0.0295,0.0299,0.4341,371995.89459636685
Sun Feb 25 2024 20:00:00 GMT+0000 (Greenwich Mean Time),0.0295,0.0299,0.4334,40186.67807785197
Sun Feb 25 2024 21:00:00 GMT+0000 (Greenwich Mean Time),0.0295,0.0299,0.4405,2767588.8836041987
Sun Feb 25 2024 22:00:00 GMT+0000 (Greenwich Mean Time),0.0295,0.0299,0.4337,394998.3501512014
Sun Feb 25 2024 23:00:00 GMT+0000 (Greenwich Mean Time),0.0295,0.0299,0.4332,89893.2715484463
Mon Feb 26 2024 00:00:00 GMT+0000 (Greenwich Mean Time),0.0295,0.0299,0.4318,61894.0202395926
Mon Feb 26 2024 01:00:00 GMT+0000 (Greenwich Mean Time),0.0295,0.0299,0.432,32075.943638636094
Mon Feb 26 2024 02:00:00 GMT+0000 (Greenwich Mean Time),0.0295,0.0299,0.4352,149814.5916501588
Mon Feb 26 2024 03:00:00 GMT+0000 (Greenwich Mean Time),0.0295,0.0299,0.4365,57616.950804438304
Mon Feb 26 2024 04:00:00 GMT+0000 (Greenwich Mean Time),0.0295,0.0299,0.4365,15237.41964411405
Mon Feb 26 2024 05:00:00 GMT+0000 (Greenwich Mean Time),0.0295,0.0299,0.4364,78575.56415338388
Mon Feb 26 2024 06:00:00 GMT+0000 (Greenwich Mean Time),0.0295,0.0299,0.4307,255644.14570876845
Mon Feb 26 2024 07:00:00 GMT+0000 (Greenwich Mean Time),0.0295,0.0299,0.4311,340393.86185981217
Mon Feb 26 2024 08:00:00 GMT+0000 (Greenwich Mean Time),0.0305,0.03,0.432,104999.07630181347
Mon Feb 26 2024 09:00:00 GMT+0000 (Greenwich Mean Time),0.0305,0.03,0.4311,49909.09358439176
Mon Feb 26 2024 10:00:00 GMT+0000 (Greenwich Mean Time),0.0305,0.03,0.438,721060.2292297052
Mon Feb 26 2024 11:00:00 GMT+0000 (Greenwich Mean Time),0.0305,0.03,0.47,1397758.7856840282
Mon Feb 26 2024 12:00:00 GMT+0000 (Greenwich Mean Time),0.0305,0.03,0.4544,538854.7730224258
Mon Feb 26 2024 13:00:00 GMT+0000 (Greenwich Mean Time),0.0305,0.03,0.4504,212277.24190650648
Mon Feb 26 2024 14:00:00 GMT+0000 (Greenwich Mean Time),0.0305,0.03,0.4516,331607.5308194286
Mon Feb 26 2024 15:00:00 GMT+0000 (Greenwich Mean Time),0.0305,0.03,0.439,626878.6800546099
Mon Feb 26 2024 16:00:00 GMT+0000 (Greenwich Mean Time),0.0305,0.03,0.438,202896.52000816126
Mon Feb 26 2024 17:00:00 GMT+0000 (Greenwich Mean Time),0.0305,0.03,0.438,103680.78478587435
Mon Feb 26 2024 18:00:00 GMT+0000 (Greenwich Mean Time),0.0305,0.03,0.4561,826591.6056746588
Mon Feb 26 2024 19:00:00 GMT+0000 (Greenwich Mean Time),0.0305,0.03,0.4574,2478422.8832104243
Mon Feb 26 2024 20:00:00 GMT+0000 (Greenwich Mean Time),0.0305,0.03,0.4572,132350.41360086962
Mon Feb 26 2024 21:00:00 GMT+0000 (Greenwich Mean Time),0.0305,0.03,0.4567,75542.20132533534
Mon Feb 26 2024 22:00:00 GMT+0000 (Greenwich Mean Time),0.0305,0.03,0.4572,101531.34856194412
Mon Feb 26 2024 23:00:00 GMT+0000 (Greenwich Mean Time),0.0305,0.03,0.457,70702.27143483932
Tue Feb 27 2024 00:00:00 GMT+0000 (Greenwich Mean Time),0.0305,0.03,0.457,159596.1354884867
Tue Feb 27 2024 01:00:00 GMT+0000 (Greenwich Mean Time),0.0305,0.03,0.4579,297075.00576425623
Tue Feb 27 2024 02:00:00 GMT+0000 (Greenwich Mean Time),0.0305,0.03,0.4595,107294.833590261
Tue Feb 27 2024 03:00:00 GMT+0000 (Greenwich Mean Time),0.0305,0.03,0.4501,452791.60129255016
Tue Feb 27 2024 04:00:00 GMT+0000 (Greenwich Mean Time),0.0305,0.03,0.4519,131492.0377221002
Tue Feb 27 2024 05:00:00 GMT+0000 (Greenwich Mean Time),0.0305,0.03,0.4515,153585.9400764132
Tue Feb 27 2024 06:00:00 GMT+0000 (Greenwich Mean Time),0.0305,0.03,0.4513,9157.640479701979
Tue Feb 27 2024 07:00:00 GMT+0000 (Greenwich Mean Time),0.0305,0.03,0.4627,2293827.706920657
Tue Feb 27 2024 08:00:00 GMT+0000 (Greenwich Mean Time),0,0.0256,0.4579,354291.1891672758
Tue Feb 27 2024 09:00:00 GMT+0000 (Greenwich Mean Time),0.0329,0.0304,0.4552,168348.8493964481
Tue Feb 27 2024 10:00:00 GMT+0000 (Greenwich Mean Time),0.0329,0.0304,0.453,153866.49643117824
Tue Feb 27 2024 11:00:00 GMT+0000 (Greenwich Mean Time),0.0329,0.0304,0.4421,572905.3675586935
Tue Feb 27 2024 12:00:00 GMT+0000 (Greenwich Mean Time),0.0329,0.0304,0.4405,103853.7009868427
Tue Feb 27 2024 13:00:00 GMT+0000 (Greenwich Mean Time),0.0329,0.0304,0.4422,119657.4215184151
Tue Feb 27 2024 14:00:00 GMT+0000 (Greenwich Mean Time),0.0329,0.0304,0.4464,436791.74723272625
Tue Feb 27 2024 15:00:00 GMT+0000 (Greenwich Mean Time),0.0329,0.0304,0.4374,476503.7195524806
Tue Feb 27 2024 16:00:00 GMT+0000 (Greenwich Mean Time),0.0329,0.0304,0.4368,203613.37612366278
Tue Feb 27 2024 17:00:00 GMT+0000 (Greenwich Mean Time),0.0329,0.0304,0.418,1944414.3712218981
Tue Feb 27 2024 18:00:00 GMT+0000 (Greenwich Mean Time),0.0329,0.0304,0.4082,812836.4261342429
Tue Feb 27 2024 19:00:00 GMT+0000 (Greenwich Mean Time),0.0329,0.0304,0.4082,953.2056504293668
Tue Feb 27 2024 20:00:00 GMT+0000 (Greenwich Mean Time),0.0329,0.0304,0.4115,801167.8188949246
Tue Feb 27 2024 21:00:00 GMT+0000 (Greenwich Mean Time),0.0329,0.0304,0.4109,222807.5599043322
Tue Feb 27 2024 22:00:00 GMT+0000 (Greenwich Mean Time),0.0329,0.0304,0.4097,667789.9308746634
Tue Feb 27 2024 23:00:00 GMT+0000 (Greenwich Mean Time),0.0329,0.0304,0.4095,254277.99525748024
Wed Feb 28 2024 00:00:00 GMT+0000 (Greenwich Mean Time),0.0329,0.0304,0.4113,262733.4876178908
Wed Feb 28 2024 01:00:00 GMT+0000 (Greenwich Mean Time),0.0329,0.0304,0.4081,1608426.7259508458
Wed Feb 28 2024 02:00:00 GMT+0000 (Greenwich Mean Time),0.0329,0.0304,0.3979,1392809.9965099378
Wed Feb 28 2024 03:00:00 GMT+0000 (Greenwich Mean Time),0.0329,0.0304,0.3982,387311.46757297
Wed Feb 28 2024 04:00:00 GMT+0000 (Greenwich Mean Time),0.0329,0.0304,0.4002,280008.03415666125
Wed Feb 28 2024 05:00:00 GMT+0000 (Greenwich Mean Time),0.0329,0.0304,0.3992,76484.6442149432
Wed Feb 28 2024 06:00:00 GMT+0000 (Greenwich Mean Time),0.0329,0.0304,0.3981,69375.02654957172
Wed Feb 28 2024 07:00:00 GMT+0000 (Greenwich Mean Time),0.0329,0.0304,0.4003,249816.06661791803
Wed Feb 28 2024 08:00:00 GMT+0000 (Greenwich Mean Time),0.0329,0.0261,0.4,68152.73450895635
Wed Feb 28 2024 09:00:00 GMT+0000 (Greenwich Mean Time),0.0325,0.0308,0.4016,330524.4647941736
Wed Feb 28 2024 10:00:00 GMT+0000 (Greenwich Mean Time),0.0325,0.0308,0.3995,217049.50188783926
Wed Feb 28 2024 11:00:00 GMT+0000 (Greenwich Mean Time),0.0325,0.0308,0.3919,500645.90893995157
Wed Feb 28 2024 12:00:00 GMT+0000 (Greenwich Mean Time),0.0325,0.0308,0.3908,438297.49353261327
Wed Feb 28 2024 13:00:00 GMT+0000 (Greenwich Mean Time),0.0325,0.0308,0.3905,100159.58783054404
Wed Feb 28 2024 14:00:00 GMT+0000 (Greenwich Mean Time),0.0325,0.0308,0.3904,51759.25263459337
Wed Feb 28 2024 15:00:00 GMT+0000 (Greenwich Mean Time),0.0325,0.0308,0.3857,362309.4547075051
Wed Feb 28 2024 16:00:00 GMT+0000 (Greenwich Mean Time),0.0325,0.0308,0.3951,862168.7585331252
Wed Feb 28 2024 17:00:00 GMT+0000 (Greenwich Mean Time),0.0325,0.0308,0.3872,549704.5584851167
Wed Feb 28 2024 18:00:00 GMT+0000 (Greenwich Mean Time),0.0325,0.0308,0.3823,1437580.7742637421
Wed Feb 28 2024 19:00:00 GMT+0000 (Greenwich Mean Time),0.0325,0.0308,0.3781,477819.2929540323
Wed Feb 28 2024 20:00:00 GMT+0000 (Greenwich Mean Time),0.0325,0.0308,0.3807,274520.6874665709
Wed Feb 28 2024 21:00:00 GMT+0000 (Greenwich Mean Time),0.0325,0.0308,0.3798,186195.17749803708
Wed Feb 28 2024 22:00:00 GMT+0000 (Greenwich Mean Time),0.0325,0.0308,0.3781,335165.9256173069
Wed Feb 28 2024 23:00:00 GMT+0000 (Greenwich Mean Time),0.0325,0.0308,0.3688,1238836.0305568017
Thu Feb 29 2024 00:00:00 GMT+0000 (Greenwich Mean Time),0.0325,0.0308,0.3676,218490.40238845866
Thu Feb 29 2024 01:00:00 GMT+0000 (Greenwich Mean Time),0.0325,0.0308,0.3669,181005.21228267805
Thu Feb 29 2024 02:00:00 GMT+0000 (Greenwich Mean Time),0.0325,0.0308,0.3646,202131.23090272586
Thu Feb 29 2024 03:00:00 GMT+0000 (Greenwich Mean Time),0.0325,0.0308,0.3695,365091.857119394
Thu Feb 29 2024 04:00:00 GMT+0000 (Greenwich Mean Time),0.0325,0.0308,0.3819,881482.3171858742
Thu Feb 29 2024 05:00:00 GMT+0000 (Greenwich Mean Time),0.0325,0.0308,0.3819,90676.37348812223
Thu Feb 29 2024 06:00:00 GMT+0000 (Greenwich Mean Time),0.0325,0.0308,0.382,89565.796246764
Thu Feb 29 2024 07:00:00 GMT+0000 (Greenwich Mean Time),0.0325,0.0308,0.385,314351.68669388327
Thu Feb 29 2024 08:00:00 GMT+0000 (Greenwich Mean Time),0.0325,0.0264,0.3834,322637.9644136862
Thu Feb 29 2024 09:00:00 GMT+0000 (Greenwich Mean Time),0.0314,0.0309,0.3835,20639.5800844907
Thu Feb 29 2024 10:00:00 GMT+0000 (Greenwich Mean Time),0.0314,0.0309,0.3712,1069673.9977323012
Thu Feb 29 2024 11:00:00 GMT+0000 (Greenwich Mean Time),0.0314,0.0309,0.3713,30147.915307247764
Thu Feb 29 2024 12:00:00 GMT+0000 (Greenwich Mean Time),0.0314,0.0309,0.3742,324321.4632227886
Thu Feb 29 2024 13:00:00 GMT+0000 (Greenwich Mean Time),0.0314,0.0309,0.3678,743798.1623164493
Thu Feb 29 2024 14:00:00 GMT+0000 (Greenwich Mean Time),0.0314,0.0309,0.3666,238471.8517874292
Thu Feb 29 2024 15:00:00 GMT+0000 (Greenwich Mean Time),0.0314,0.0309,0.367,96219.85677100223
Thu Feb 29 2024 16:00:00 GMT+0000 (Greenwich Mean Time),0.0314,0.0309,0.3703,281802.1573145214
Thu Feb 29 2024 17:00:00 GMT+0000 (Greenwich Mean Time),0.0314,0.0309,0.3682,335158.00719102623
Thu Feb 29 2024 18:00:00 GMT+0000 (Greenwich Mean Time),0.0314,0.0309,0.3693,269365.12311013025
Thu Feb 29 2024 19:00:00 GMT+0000 (Greenwich Mean Time),0.0314,0.0309,0.3681,97093.96653951041
Thu Feb 29 2024 20:00:00 GMT+0000 (Greenwich Mean Time),0.0314,0.0309,0.3682,34959.53489339258
Thu Feb 29 2024 21:00:00 GMT+0000 (Greenwich Mean Time),0.0314,0.0309,0.3682,9518.311408617363
Thu Feb 29 2024 22:00:00 GMT+0000 (Greenwich Mean Time),0.0314,0.0309,0.3684,14718.13178947561
Thu Feb 29 2024 23:00:00 GMT+0000 (Greenwich Mean Time),0.0314,0.0309,0.3687,51069.217593419824
Fri Mar 01 2024 00:00:00 GMT+0000 (Greenwich Mean Time),0.0314,0.0309,0.3687,1748.518826637207
Fri Mar 01 2024 01:00:00 GMT+0000 (Greenwich Mean Time),0.0314,0.0309,0.3684,84493.03276171026
Fri Mar 01 2024 02:00:00 GMT+0000 (Greenwich Mean Time),0.0314,0.0309,0.3697,110029.44035450346
Fri Mar 01 2024 03:00:00 GMT+0000 (Greenwich Mean Time),0.0314,0.0309,0.3691,74651.80088461711
Fri Mar 01 2024 04:00:00 GMT+0000 (Greenwich Mean Time),0.0314,0.0309,0.3688,27317.68200137125
Fri Mar 01 2024 05:00:00 GMT+0000 (Greenwich Mean Time),0.0314,0.0309,0.3658,242609.9711916556
Fri Mar 01 2024 06:00:00 GMT+0000 (Greenwich Mean Time),0.0314,0.0309,0.3635,262272.0182641376
Fri Mar 01 2024 07:00:00 GMT+0000 (Greenwich Mean Time),0.0314,0.0309,0.3603,867439.8672010975
Fri Mar 01 2024 08:00:00 GMT+0000 (Greenwich Mean Time),0.0314,0.0266,0.36,79583.38315516389
Fri Mar 01 2024 09:00:00 GMT+0000 (Greenwich Mean Time),0.0319,0.0312,0.3609,94311.93457308988
Fri Mar 01 2024 10:00:00 GMT+0000 (Greenwich Mean Time),0.0319,0.0312,0.3605,37519.73633725019
Fri Mar 01 2024 11:00:00 GMT+0000 (Greenwich Mean Time),0.0319,0.0312,0.3601,197850.31587342048
Fri Mar 01 2024 12:00:00 GMT+0000 (Greenwich Mean Time),0.0319,0.0312,0.3607,179780.76423864806
Fri Mar 01 2024 13:00:00 GMT+0000 (Greenwich Mean Time),0.0319,0.0312,0.3584,237633.1323566364
Fri Mar 01 2024 14:00:00 GMT+0000 (Greenwich Mean Time),0.0319,0.0312,0.3577,452927.2007264345
Fri Mar 01 2024 15:00:00 GMT+0000 (Greenwich Mean Time),0.0319,0.0312,0.3585,92632.18500467399
Fri Mar 01 2024 16:00:00 GMT+0000 (Greenwich Mean Time),0.0319,0.0312,0.357,231776.81473489339
Fri Mar 01 2024 17:00:00 GMT+0000 (Greenwich Mean Time),0.0319,0.0312,0.3567,119145.05591832835
Fri Mar 01 2024 18:00:00 GMT+0000 (Greenwich Mean Time),0.0319,0.0312,0.359,227370.2460057543
Fri Mar 01 2024 19:00:00 GMT+0000 (Greenwich Mean Time),0.0319,0.0312,0.359,73960.83444285573
Fri Mar 01 2024 20:00:00 GMT+0000 (Greenwich Mean Time),0.0319,0.0312,0.3588,284890.79054279014
Fri Mar 01 2024 21:00:00 GMT+0000 (Greenwich Mean Time),0.0319,0.0312,0.3588,19043.76879407254
Fri Mar 01 2024 22:00:00 GMT+0000 (Greenwich Mean Time),0.0319,0.0312,0.3587,12211.818832626795
Fri Mar 01 2024 23:00:00 GMT+0000 (Greenwich Mean Time),0.0319,0.0312,0.363,453292.6774364603
Sat Mar 02 2024 00:00:00 GMT+0000 (Greenwich Mean Time),0.0319,0.0312,0.3632,17045.29142211174
Sat Mar 02 2024 01:00:00 GMT+0000 (Greenwich Mean Time),0.0319,0.0312,0.3685,818977.4844395334
Sat Mar 02 2024 02:00:00 GMT+0000 (Greenwich Mean Time),0.0319,0.0312,0.3694,122061.12292569192
Sat Mar 02 2024 03:00:00 GMT+0000 (Greenwich Mean Time),0.0319,0.0312,0.3802,3649069.3520129533
Sat Mar 02 2024 04:00:00 GMT+0000 (Greenwich Mean Time),0.0319,0.0312,0.3801,14037.770112445769
Sat Mar 02 2024 05:00:00 GMT+0000 (Greenwich Mean Time),0.0319,0.0312,0.3819,174224.0069267434
Sat Mar 02 2024 06:00:00 GMT+0000 (Greenwich Mean Time),0.0319,0.0312,0.3831,323478.78043547785
Sat Mar 02 2024 07:00:00 GMT+0000 (Greenwich Mean Time),0.0319,0.0312,0.3825,47525.992847768925
Sat Mar 02 2024 08:00:00 GMT+0000 (Greenwich Mean Time),0.0319,0.0269,0.3836,94283.51524045187
Sat Mar 02 2024 09:00:00 GMT+0000 (Greenwich Mean Time),0.032,0.0315,0.3827,82293.69536432863
Sat Mar 02 2024 10:00:00 GMT+0000 (Greenwich Mean Time),0.032,0.0315,0.3632,2696785.820107385
Sat Mar 02 2024 11:00:00 GMT+0000 (Greenwich Mean Time),0.032,0.0315,0.3628,55358.90412527089
Sat Mar 02 2024 12:00:00 GMT+0000 (Greenwich Mean Time),0.032,0.0315,0.3637,300934.4368479303
Sat Mar 02 2024 13:00:00 GMT+0000 (Greenwich Mean Time),0.032,0.0315,0.3629,253641.97911635862
Sat Mar 02 2024 14:00:00 GMT+0000 (Greenwich Mean Time),0.032,0.0315,0.3629,6761.55319328492
Sat Mar 02 2024 15:00:00 GMT+0000 (Greenwich Mean Time),0.032,0.0315,0.3627,13921.078535776245
Sat Mar 02 2024 16:00:00 GMT+0000 (Greenwich Mean Time),0.032,0.0315,0.3637,75406.82424576503
Sat Mar 02 2024 17:00:00 GMT+0000 (Greenwich Mean Time),0.032,0.0315,0.3635,14276.350246496815
Sat Mar 02 2024 18:00:00 GMT+0000 (Greenwich Mean Time),0.032,0.0315,0.3645,304070.3195691485
Sat Mar 02 2024 19:00:00 GMT+0000 (Greenwich Mean Time),0.032,0.0315,0.3637,100703.69832272796
Sat Mar 02 2024 20:00:00 GMT+0000 (Greenwich Mean Time),0.032,0.0315,0.3675,403447.30780219723
Sat Mar 02 2024 21:00:00 GMT+0000 (Greenwich Mean Time),0.032,0.0315,0.3683,94526.34798965772
Sat Mar 02 2024 22:00:00 GMT+0000 (Greenwich Mean Time),0.032,0.0315,0.3683,75525.52325183467
Sat Mar 02 2024 23:00:00 GMT+0000 (Greenwich Mean Time),0.032,0.0315,0.3694,8657.027915023802
Sun Mar 03 2024 00:00:00 GMT+0000 (Greenwich Mean Time),0.032,0.0315,0.3703,78095.06633007804
Sun Mar 03 2024 01:00:00 GMT+0000 (Greenwich Mean Time),0.032,0.0315,0.3705,25945.68678258895
Sun Mar 03 2024 02:00:00 GMT+0000 (Greenwich Mean Time),0.032,0.0315,0.3704,14466.868345040613
Sun Mar 03 2024 03:00:00 GMT+0000 (Greenwich Mean Time),0.032,0.0315,0.3701,16486.542468081752
Sun Mar 03 2024 04:00:00 GMT+0000 (Greenwich Mean Time),0.032,0.0315,0.3701,8699.529667626273
Sun Mar 03 2024 05:00:00 GMT+0000 (Greenwich Mean Time),0.032,0.0315,0.3698,36276.02049380963
Sun Mar 03 2024 06:00:00 GMT+0000 (Greenwich Mean Time),0.032,0.0315,0.3698,41577.532506812386
Sun Mar 03 2024 07:00:00 GMT+0000 (Greenwich Mean Time),0.032,0.0315,0.3679,517856.55719879625
Sun Mar 03 2024 08:00:00 GMT+0000 (Greenwich Mean Time),0.032,0.0273,0.3642,455813.0474645716
Sun Mar 03 2024 09:00:00 GMT+0000 (Greenwich Mean Time),0.0316,0.0318,0.3743,1452934.4672774076
Sun Mar 03 2024 10:00:00 GMT+0000 (Greenwich Mean Time),0.0316,0.0318,0.3741,6857.882949353309
Sun Mar 03 2024 11:00:00 GMT+0000 (Greenwich Mean Time),0.0316,0.0318,0.3738,31707.412946750144
Sun Mar 03 2024 12:00:00 GMT+0000 (Greenwich Mean Time),0.0316,0.0318,0.374,149951.7586386018
Sun Mar 03 2024 13:00:00 GMT+0000 (Greenwich Mean Time),0.0316,0.0318,0.3707,227618.5101734277
Sun Mar 03 2024 14:00:00 GMT+0000 (Greenwich Mean Time),0.0316,0.0318,0.3693,286035.55028702907
Sun Mar 03 2024 15:00:00 GMT+0000 (Greenwich Mean Time),0.0316,0.0318,0.3687,7496.131202581109
Sun Mar 03 2024 16:00:00 GMT+0000 (Greenwich Mean Time),0.0316,0.0318,0.3683,67032.92782812512
Sun Mar 03 2024 17:00:00 GMT+0000 (Greenwich Mean Time),0.0316,0.0318,0.3677,50730.2672013562
Sun Mar 03 2024 18:00:00 GMT+0000 (Greenwich Mean Time),0.0316,0.0318,0.3677,7527.260417093441
Sun Mar 03 2024 19:00:00 GMT+0000 (Greenwich Mean Time),0.0316,0.0318,0.3654,183313.53372475057
Sun Mar 03 2024 20:00:00 GMT+0000 (Greenwich Mean Time),0.0316,0.0318,0.3655,14364.995982853674
Sun Mar 03 2024 21:00:00 GMT+0000 (Greenwich Mean Time),0.0316,0.0318,0.3651,30409.387123586846
Sun Mar 03 2024 22:00:00 GMT+0000 (Greenwich Mean Time),0.0316,0.0318,0.3651,7741.2270240344205
Sun Mar 03 2024 23:00:00 GMT+0000 (Greenwich Mean Time),0.0316,0.0318,0.365,107569.177412752
Mon Mar 04 2024 00:00:00 GMT+0000 (Greenwich Mean Time),0.0316,0.0318,0.365,148096.31486134973
Mon Mar 04 2024 01:00:00 GMT+0000 (Greenwich Mean Time),0.0316,0.0318,0.365,13171.554219175106
Mon Mar 04 2024 02:00:00 GMT+0000 (Greenwich Mean Time),0.0316,0.0318,0.3648,21986.737525709388
Mon Mar 04 2024 03:00:00 GMT+0000 (Greenwich Mean Time),0.0316,0.0318,0.365,56920.778084655656
Mon Mar 04 2024 04:00:00 GMT+0000 (Greenwich Mean Time),0.0316,0.0318,0.365,11208.482247741837
Mon Mar 04 2024 05:00:00 GMT+0000 (Greenwich Mean Time),0.0316,0.0318,0.3647,284877.8627166265
Mon Mar 04 2024 06:00:00 GMT+0000 (Greenwich Mean Time),0.0316,0.0318,0.3645,41281.790424594976
Mon Mar 04 2024 07:00:00 GMT+0000 (Greenwich Mean Time),0.0316,0.0318,0.3642,36006.738471302924
Mon Mar 04 2024 08:00:00 GMT+0000 (Greenwich Mean Time),0.0316,0.0274,0.3641,22153.72831275246
Mon Mar 04 2024 09:00:00 GMT+0000 (Greenwich Mean Time),0.0307,0.0319,0.3632,150059.76723886607
Mon Mar 04 2024 10:00:00 GMT+0000 (Greenwich Mean Time),0.0307,0.0319,0.3629,82920.03630490793
Mon Mar 04 2024 11:00:00 GMT+0000 (Greenwich Mean Time),0.0307,0.0319,0.3628,25982.64555640592
Mon Mar 04 2024 12:00:00 GMT+0000 (Greenwich Mean Time),0.0307,0.0319,0.3624,244921.55260533368
Mon Mar 04 2024 13:00:00 GMT+0000 (Greenwich Mean Time),0.0307,0.0319,0.3622,129369.18585868638
Mon Mar 04 2024 14:00:00 GMT+0000 (Greenwich Mean Time),0.0307,0.0319,0.3638,151504.19450911265
Mon Mar 04 2024 15:00:00 GMT+0000 (Greenwich Mean Time),0.0307,0.0319,0.3635,44452.51050236966
Mon Mar 04 2024 16:00:00 GMT+0000 (Greenwich Mean Time),0.0307,0.0319,0.3678,377333.6778427379
Mon Mar 04 2024 17:00:00 GMT+0000 (Greenwich Mean Time),0.0307,0.0319,0.3676,74012.54722738144
Mon Mar 04 2024 18:00:00 GMT+0000 (Greenwich Mean Time),0.0307,0.0319,0.3671,35918.385753517665
Mon Mar 04 2024 19:00:00 GMT+0000 (Greenwich Mean Time),0.0307,0.0319,0.3661,84313.05094791389
Mon Mar 04 2024 20:00:00 GMT+0000 (Greenwich Mean Time),0.0307,0.0319,0.3633,223185.03809605868
Mon Mar 04 2024 21:00:00 GMT+0000 (Greenwich Mean Time),0.0307,0.0319,0.363,28580.051984690952
Mon Mar 04 2024 22:00:00 GMT+0000 (Greenwich Mean Time),0.0307,0.0319,0.3629,6262.438934193478
Mon Mar 04 2024 23:00:00 GMT+0000 (Greenwich Mean Time),0.0307,0.0319,0.3633,34748.717335080146
Tue Mar 05 2024 00:00:00 GMT+0000 (Greenwich Mean Time),0.0307,0.0319,0.3617,184649.70670060383
Tue Mar 05 2024 01:00:00 GMT+0000 (Greenwich Mean Time),0.0307,0.0319,0.3616,10030.5873440034
Tue Mar 05 2024 02:00:00 GMT+0000 (Greenwich Mean Time),0.0307,0.0319,0.3616,1590.5427659819704
Tue Mar 05 2024 03:00:00 GMT+0000 (Greenwich Mean Time),0.0307,0.0319,0.3603,153817.29484103937
Tue Mar 05 2024 04:00:00 GMT+0000 (Greenwich Mean Time),0.0307,0.0319,0.3602,129619.74380385799
Tue Mar 05 2024 05:00:00 GMT+0000 (Greenwich Mean Time),0.0307,0.0319,0.3601,12230.100963888144
Tue Mar 05 2024 06:00:00 GMT+0000 (Greenwich Mean Time),0.0307,0.0319,0.3602,110949.79224697495
Tue Mar 05 2024 07:00:00 GMT+0000 (Greenwich Mean Time),0.0307,0.0319,0.3585,256829.7079576066
Tue Mar 05 2024 08:00:00 GMT+0000 (Greenwich Mean Time),0.0307,0.0319,0.3604,203859.71182873604
Tue Mar 05 2024 09:00:00 GMT+0000 (Greenwich Mean Time),0.0283,0.0312,0.3603,79990.71552294542
Tue Mar 05 2024 10:00:00 GMT+0000 (Greenwich Mean Time),0.0283,0.0312,0.3599,169175.47328020568
Tue Mar 05 2024 11:00:00 GMT+0000 (Greenwich Mean Time),0.0283,0.0312,0.3584,221564.45196588017
Tue Mar 05 2024 12:00:00 GMT+0000 (Greenwich Mean Time),0.0283,0.0312,0.3551,383733.78382166673
Tue Mar 05 2024 13:00:00 GMT+0000 (Greenwich Mean Time),0.0283,0.0312,0.3549,18564.11670754086
Tue Mar 05 2024 14:00:00 GMT+0000 (Greenwich Mean Time),0.0283,0.0312,0.3535,330804.86439566186
Tue Mar 05 2024 15:00:00 GMT+0000 (Greenwich Mean Time),0.0283,0.0312,0.3532,119636.36552508437
Tue Mar 05 2024 16:00:00 GMT+0000 (Greenwich Mean Time),0.0283,0.0312,0.3521,3876.672860124512
Tue Mar 05 2024 17:00:00 GMT+0000 (Greenwich Mean Time),0.0283,0.0312,0.3497,235590.646357301
Tue Mar 05 2024 18:00:00 GMT+0000 (Greenwich Mean Time),0.0283,0.0312,0.3501,62382.27287950189
Tue Mar 05 2024 19:00:00 GMT+0000 (Greenwich Mean Time),0.0283,0.0312,0.35,38895.30704837139
Tue Mar 05 2024 20:00:00 GMT+0000 (Greenwich Mean Time),0.0283,0.0312,0.372,2273036.9718760815
Tue Mar 05 2024 21:00:00 GMT+0000 (Greenwich Mean Time),0.0283,0.0312,0.3643,763992.392400271
Tue Mar 05 2024 22:00:00 GMT+0000 (Greenwich Mean Time),0.0283,0.0312,0.3686,656663.2970609699
Tue Mar 05 2024 23:00:00 GMT+0000 (Greenwich Mean Time),0.0283,0.0312,0.3685,91322.04327884108
Wed Mar 06 2024 00:00:00 GMT+0000 (Greenwich Mean Time),0.0283,0.0312,0.3657,234101.32161996968
Wed Mar 06 2024 01:00:00 GMT+0000 (Greenwich Mean Time),0.0283,0.0312,0.3634,215386.93042176715
Wed Mar 06 2024 02:00:00 GMT+0000 (Greenwich Mean Time),0.0283,0.0312,0.3635,32587.767673751365
Wed Mar 06 2024 03:00:00 GMT+0000 (Greenwich Mean Time),0.0283,0.0312,0.364,46069.12440155769
Wed Mar 06 2024 04:00:00 GMT+0000 (Greenwich Mean Time),0.0283,0.0312,0.3645,90975.49967649045
Wed Mar 06 2024 05:00:00 GMT+0000 (Greenwich Mean Time),0.0283,0.0312,0.3642,33330.24822278795
Wed Mar 06 2024 06:00:00 GMT+0000 (Greenwich Mean Time),0.0283,0.0312,0.3636,88496.16723782424
Wed Mar 06 2024 07:00:00 GMT+0000 (Greenwich Mean Time),0.0283,0.0312,0.3622,119125.59781523164
Wed Mar 06 2024 08:00:00 GMT+0000 (Greenwich Mean Time),0.0283,0.0312,0.361,116509.08710998598
Wed Mar 06 2024 09:00:00 GMT+0000 (Greenwich Mean Time),0,0.0265,0.3608,28388.506763861038
Wed Mar 06 2024 10:00:00 GMT+0000 (Greenwich Mean Time),0.0289,0.0307,0.3605,33583.322249493096
Wed Mar 06 2024 11:00:00 GMT+0000 (Greenwich Mean Time),0.0289,0.0307,0.3608,48184.51658878336
Wed Mar 06 2024 12:00:00 GMT+0000 (Greenwich Mean Time),0.0289,0.0307,0.3596,261721.8333219053
Wed Mar 06 2024 13:00:00 GMT+0000 (Greenwich Mean Time),0.0289,0.0307,0.3461,1806598.4099150938
Wed Mar 06 2024 14:00:00 GMT+0000 (Greenwich Mean Time),0.0289,0.0307,0.3461,44125.9332308324
Wed Mar 06 2024 15:00:00 GMT+0000 (Greenwich Mean Time),0.0289,0.0307,0.3462,37624.59690675404
Wed Mar 06 2024 16:00:00 GMT+0000 (Greenwich Mean Time),0.0289,0.0307,0.3461,4650.549677787875
Wed Mar 06 2024 17:00:00 GMT+0000 (Greenwich Mean Time),0.0289,0.0307,0.3467,198557.5232808894
Wed Mar 06 2024 18:00:00 GMT+0000 (Greenwich Mean Time),0.0289,0.0307,0.3468,22431.46630718914
Wed Mar 06 2024 19:00:00 GMT+0000 (Greenwich Mean Time),0.0289,0.0307,0.3471,30021.87547297784
Wed Mar 06 2024 20:00:00 GMT+0000 (Greenwich Mean Time),0.0289,0.0307,0.3467,39764.125964302904
Wed Mar 06 2024 21:00:00 GMT+0000 (Greenwich Mean Time),0.0289,0.0307,0.3469,2475.2675595500373
Wed Mar 06 2024 22:00:00 GMT+0000 (Greenwich Mean Time),0.0289,0.0307,0.3467,43123.44281428939
Wed Mar 06 2024 23:00:00 GMT+0000 (Greenwich Mean Time),0.0289,0.0307,0.3468,8780.492762697391
Thu Mar 07 2024 00:00:00 GMT+0000 (Greenwich Mean Time),0.0289,0.0307,0.3471,25573.721430980502
Thu Mar 07 2024 01:00:00 GMT+0000 (Greenwich Mean Time),0.0289,0.0307,0.3501,286638.2614569391
Thu Mar 07 2024 02:00:00 GMT+0000 (Greenwich Mean Time),0.0289,0.0307,0.3514,139382.49254205485
Thu Mar 07 2024 03:00:00 GMT+0000 (Greenwich Mean Time),0.0289,0.0307,0.3516,16944.713349172325
Thu Mar 07 2024 04:00:00 GMT+0000 (Greenwich Mean Time),0.0289,0.0307,0.3513,84783.81731736666
Thu Mar 07 2024 05:00:00 GMT+0000 (Greenwich Mean Time),0.0289,0.0307,0.3514,159419.1588954568
Thu Mar 07 2024 06:00:00 GMT+0000 (Greenwich Mean Time),0.0289,0.0307,0.352,55951.0794665603
Thu Mar 07 2024 07:00:00 GMT+0000 (Greenwich Mean Time),0.0289,0.0307,0.3494,276382.3436038738
Thu Mar 07 2024 08:00:00 GMT+0000 (Greenwich Mean Time),0.0289,0.0307,0.3475,200891.37261052907
Thu Mar 07 2024 09:00:00 GMT+0000 (Greenwich Mean Time),0.0289,0.0261,0.3456,265617.28159399884
Thu Mar 07 2024 10:00:00 GMT+0000 (Greenwich Mean Time),0.0298,0.0304,0.3458,26768.98410132836
Thu Mar 07 2024 11:00:00 GMT+0000 (Greenwich Mean Time),0.0298,0.0304,0.3454,39238.572956756456
Thu Mar 07 2024 12:00:00 GMT+0000 (Greenwich Mean Time),0.0298,0.0304,0.3452,226018.286037651
Thu Mar 07 2024 13:00:00 GMT+0000 (Greenwich Mean Time),0.0298,0.0304,0.3461,35251.017168973456
Thu Mar 07 2024 14:00:00 GMT+0000 (Greenwich Mean Time),0.0298,0.0304,0.346,38363.04536705703
Thu Mar 07 2024 15:00:00 GMT+0000 (Greenwich Mean Time),0.0298,0.0304,0.3457,222938.23450658467
Thu Mar 07 2024 16:00:00 GMT+0000 (Greenwich Mean Time),0.0298,0.0304,0.3463,199703.24509928693
Thu Mar 07 2024 17:00:00 GMT+0000 (Greenwich Mean Time),0.0298,0.0304,0.3463,2375175.6378366984
Thu Mar 07 2024 18:00:00 GMT+0000 (Greenwich Mean Time),0.0298,0.0304,0.3336,278282.0302457307
Thu Mar 07 2024 19:00:00 GMT+0000 (Greenwich Mean Time),0.0298,0.0304,0.3336,502428.94825459656
Thu Mar 07 2024 20:00:00 GMT+0000 (Greenwich Mean Time),0.0298,0.0304,0.3352,225162.41829276754
Thu Mar 07 2024 21:00:00 GMT+0000 (Greenwich Mean Time),0.0298,0.0304,0.3352,72461.54434061056
Thu Mar 07 2024 22:00:00 GMT+0000 (Greenwich Mean Time),0.0298,0.0304,0.3355,31216.08993989091
Thu Mar 07 2024 23:00:00 GMT+0000 (Greenwich Mean Time),0.0298,0.0304,0.3358,39900.88344411818
Fri Mar 08 2024 00:00:00 GMT+0000 (Greenwich Mean Time),0.0298,0.0304,0.3353,102630.21285679641
Fri Mar 08 2024 01:00:00 GMT+0000 (Greenwich Mean Time),0.0298,0.0304,0.3353,5265.849298259536
Fri Mar 08 2024 02:00:00 GMT+0000 (Greenwich Mean Time),0.0298,0.0304,0.3341,232383.30596997842
Fri Mar 08 2024 03:00:00 GMT+0000 (Greenwich Mean Time),0.0298,0.0304,0.3336,86192.42850973934
Fri Mar 08 2024 04:00:00 GMT+0000 (Greenwich Mean Time),0.0298,0.0304,0.3331,195324.2961874039
Fri Mar 08 2024 05:00:00 GMT+0000 (Greenwich Mean Time),0.0298,0.0304,0.3333,21679.88107064719
Fri Mar 08 2024 06:00:00 GMT+0000 (Greenwich Mean Time),0.0298,0.0304,0.3331,53778.50805047318
Fri Mar 08 2024 07:00:00 GMT+0000 (Greenwich Mean Time),0.0298,0.0304,0.333,159334.5817626097
Fri Mar 08 2024 08:00:00 GMT+0000 (Greenwich Mean Time),0.0298,0.0304,0.333,2380.775585922398
Fri Mar 08 2024 09:00:00 GMT+0000 (Greenwich Mean Time),0.0298,0.0258,0.333,4757.242839934739
Fri Mar 08 2024 10:00:00 GMT+0000 (Greenwich Mean Time),0.0311,0.0303,0.333,6.1167713020650645
Fri Mar 08 2024 11:00:00 GMT+0000 (Greenwich Mean Time),0.0311,0.0303,0.333,11124.532826895136
Fri Mar 08 2024 12:00:00 GMT+0000 (Greenwich Mean Time),0.0311,0.0303,0.3324,133232.16929674966
Fri Mar 08 2024 13:00:00 GMT+0000 (Greenwich Mean Time),0.0311,0.0303,0.332,75118.76030956524
Fri Mar 08 2024 14:00:00 GMT+0000 (Greenwich Mean Time),0.0311,0.0303,0.3308,125547.38873190779
Fri Mar 08 2024 15:00:00 GMT+0000 (Greenwich Mean Time),0.0311,0.0303,0.3309,8123.781348303527
Fri Mar 08 2024 16:00:00 GMT+0000 (Greenwich Mean Time),0.0311,0.0303,0.3315,67150.3768865019
Fri Mar 08 2024 17:00:00 GMT+0000 (Greenwich Mean Time),0.0311,0.0303,0.3315,0
Fri Mar 08 2024 18:00:00 GMT+0000 (Greenwich Mean Time),0.0311,0.0303,0.3314,42179.834257284034
Fri Mar 08 2024 19:00:00 GMT+0000 (Greenwich Mean Time),0.0311,0.0303,0.3313,13244.054662461294
Fri Mar 08 2024 20:00:00 GMT+0000 (Greenwich Mean Time),0.0311,0.0303,0.332,137784.65274128603
Fri Mar 08 2024 21:00:00 GMT+0000 (Greenwich Mean Time),0.0311,0.0303,0.332,30305.642108490498
Fri Mar 08 2024 22:00:00 GMT+0000 (Greenwich Mean Time),0.0311,0.0303,0.3319,51643.750196345805
Fri Mar 08 2024 23:00:00 GMT+0000 (Greenwich Mean Time),0.0311,0.0303,0.3318,42444.78305203689
Sat Mar 09 2024 00:00:00 GMT+0000 (Greenwich Mean Time),0.0311,0.0303,0.3336,226695.97913199122
Sat Mar 09 2024 01:00:00 GMT+0000 (Greenwich Mean Time),0.0311,0.0303,0.3329,74479.60479333339
Sat Mar 09 2024 02:00:00 GMT+0000 (Greenwich Mean Time),0.0311,0.0303,0.3371,1359611.546971028
Sat Mar 09 2024 03:00:00 GMT+0000 (Greenwich Mean Time),0.0311,0.0303,0.3371,773.0273130002182
Sat Mar 09 2024 04:00:00 GMT+0000 (Greenwich Mean Time),0.0311,0.0303,0.3371,15022.480640617665
Sat Mar 09 2024 05:00:00 GMT+0000 (Greenwich Mean Time),0.0311,0.0303,0.3372,94.16631559187724
Sat Mar 09 2024 06:00:00 GMT+0000 (Greenwich Mean Time),0.0311,0.0303,0.3369,28371.088839419775
Sat Mar 09 2024 07:00:00 GMT+0000 (Greenwich Mean Time),0.0311,0.0303,0.3365,38569.93278361863
Sat Mar 09 2024 08:00:00 GMT+0000 (Greenwich Mean Time),0.0311,0.0303,0.3359,141696.90840566548
Sat Mar 09 2024 09:00:00 GMT+0000 (Greenwich Mean Time),0.0311,0.0257,0.3369,103954.27690967264
Sat Mar 09 2024 10:00:00 GMT+0000 (Greenwich Mean Time),0.0315,0.0303,0.3368,65850.38371198309
Sat Mar 09 2024 11:00:00 GMT+0000 (Greenwich Mean Time),0.0315,0.0303,0.3364,1295.6089499878362
Sat Mar 09 2024 12:00:00 GMT+0000 (Greenwich Mean Time),0.0315,0.0303,0.3364,0
Sat Mar 09 2024 13:00:00 GMT+0000 (Greenwich Mean Time),0.0315,0.0303,0.336,114038.48792194935
Sat Mar 09 2024 14:00:00 GMT+0000 (Greenwich Mean Time),0.0315,0.0303,0.3342,259694.5792750583
Sat Mar 09 2024 15:00:00 GMT+0000 (Greenwich Mean Time),0.0315,0.0303,0.3349,79200.25438166334
Sat Mar 09 2024 16:00:00 GMT+0000 (Greenwich Mean Time),0.0315,0.0303,0.3343,48748.875161512464
Sat Mar 09 2024 17:00:00 GMT+0000 (Greenwich Mean Time),0.0315,0.0303,0.3339,295718.2834180349
Sat Mar 09 2024 18:00:00 GMT+0000 (Greenwich Mean Time),0.0315,0.0303,0.3341,19195.36282938838
Sat Mar 09 2024 19:00:00 GMT+0000 (Greenwich Mean Time),0.0315,0.0303,0.3334,70884.92008773821
Sat Mar 09 2024 20:00:00 GMT+0000 (Greenwich Mean Time),0.0315,0.0303,0.3334,11007.43929992786
Sat Mar 09 2024 21:00:00 GMT+0000 (Greenwich Mean Time),0.0315,0.0303,0.333,62796.20997296818
Sat Mar 09 2024 22:00:00 GMT+0000 (Greenwich Mean Time),0.0315,0.0303,0.3327,115439.09460476271
Sat Mar 09 2024 23:00:00 GMT+0000 (Greenwich Mean Time),0.0315,0.0303,0.3327,4462.246276810167
Sun Mar 10 2024 00:00:00 GMT+0000 (Greenwich Mean Time),0.0315,0.0303,0.3327,99386.98150470806
Sun Mar 10 2024 01:00:00 GMT+0000 (Greenwich Mean Time),0.0315,0.0303,0.3324,0
Sun Mar 10 2024 02:00:00 GMT+0000 (Greenwich Mean Time),0.0315,0.0303,0.3324,10892.466777577247
Sun Mar 10 2024 03:00:00 GMT+0000 (Greenwich Mean Time),0.0315,0.0303,0.3339,227258.32718851903
Sun Mar 10 2024 04:00:00 GMT+0000 (Greenwich Mean Time),0.0315,0.0303,0.334,19618.824874724025
Sun Mar 10 2024 05:00:00 GMT+0000 (Greenwich Mean Time),0.0315,0.0303,0.3334,65664.8692250323
Sun Mar 10 2024 06:00:00 GMT+0000 (Greenwich Mean Time),0.0315,0.0303,0.333,146330.24414167466
Sun Mar 10 2024 07:00:00 GMT+0000 (Greenwich Mean Time),0.0315,0.0303,0.3323,77079.79978610169
Sun Mar 10 2024 08:00:00 GMT+0000 (Greenwich Mean Time),0.0315,0.0303,0.3323,5969.199506294502
Sun Mar 10 2024 09:00:00 GMT+0000 (Greenwich Mean Time),0.0315,0.0257,0.3322,67962.97790367815
Sun Mar 10 2024 10:00:00 GMT+0000 (Greenwich Mean Time),0.0312,0.0302,0.3312,153097.6330980051
Sun Mar 10 2024 11:00:00 GMT+0000 (Greenwich Mean Time),0.0312,0.0302,0.331,56519.41782371068
Sun Mar 10 2024 12:00:00 GMT+0000 (Greenwich Mean Time),0.0312,0.0302,0.331,3818.0065117966005
Sun Mar 10 2024 13:00:00 GMT+0000 (Greenwich Mean Time),0.0312,0.0302,0.331,61300.50179243661
Sun Mar 10 2024 14:00:00 GMT+0000 (Greenwich Mean Time),0.0312,0.0302,0.331,15354.069789869467
Sun Mar 10 2024 15:00:00 GMT+0000 (Greenwich Mean Time),0.0312,0.0302,0.332,351492.898308663
Sun Mar 10 2024 16:00:00 GMT+0000 (Greenwich Mean Time),0.0312,0.0302,0.3312,97165.00213800116
Sun Mar 10 2024 17:00:00 GMT+0000 (Greenwich Mean Time),0.0312,0.0302,0.3305,207019.5549403969
Sun Mar 10 2024 18:00:00 GMT+0000 (Greenwich Mean Time),0.0312,0.0302,0.3314,182717.4172394189
Sun Mar 10 2024 19:00:00 GMT+0000 (Greenwich Mean Time),0.0312,0.0302,0.3319,174334.06795804776
Sun Mar 10 2024 20:00:00 GMT+0000 (Greenwich Mean Time),0.0312,0.0302,0.3298,306255.72090696456
Sun Mar 10 2024 21:00:00 GMT+0000 (Greenwich Mean Time),0.0312,0.0302,0.3279,188075.17345453872
Sun Mar 10 2024 22:00:00 GMT+0000 (Greenwich Mean Time),0.0312,0.0302,0.3276,42630.34001267624
Sun Mar 10 2024 23:00:00 GMT+0000 (Greenwich Mean Time),0.0312,0.0302,0.3276,95.12695256042475
Mon Mar 11 2024 00:00:00 GMT+0000 (Greenwich Mean Time),0.0312,0.0302,0.3274,76117.02237501153
Mon Mar 11 2024 01:00:00 GMT+0000 (Greenwich Mean Time),0.0312,0.0302,0.3273,13237.94741115987
Mon Mar 11 2024 02:00:00 GMT+0000 (Greenwich Mean Time),0.0312,0.0302,0.328,214040.02737700808
Mon Mar 11 2024 03:00:00 GMT+0000 (Greenwich Mean Time),0.0312,0.0302,0.3268,84123.73787304587
Mon Mar 11 2024 04:00:00 GMT+0000 (Greenwich Mean Time),0.0312,0.0302,0.3261,76967.77663224058
Mon Mar 11 2024 05:00:00 GMT+0000 (Greenwich Mean Time),0.0312,0.0302,0.3258,26926.50419435743
Mon Mar 11 2024 06:00:00 GMT+0000 (Greenwich Mean Time),0.0312,0.0302,0.3259,3322.5553612132467
Mon Mar 11 2024 07:00:00 GMT+0000 (Greenwich Mean Time),0.0312,0.0302,0.3248,114396.65328946013
Mon Mar 11 2024 08:00:00 GMT+0000 (Greenwich Mean Time),0.0312,0.0302,0.3248,36814.784216368615
Mon Mar 11 2024 09:00:00 GMT+0000 (Greenwich Mean Time),0.0312,0.0258,0.3245,106668.56267379582
Mon Mar 11 2024 10:00:00 GMT+0000 (Greenwich Mean Time),0.0314,0.0303,0.3247,66403.62606695804
Mon Mar 11 2024 11:00:00 GMT+0000 (Greenwich Mean Time),0.0314,0.0303,0.3246,18484.271558570712
Mon Mar 11 2024 12:00:00 GMT+0000 (Greenwich Mean Time),0.0314,0.0303,0.3248,119135.74402715298
Mon Mar 11 2024 13:00:00 GMT+0000 (Greenwich Mean Time),0.0314,0.0303,0.3247,253704.83135540734
Mon Mar 11 2024 14:00:00 GMT+0000 (Greenwich Mean Time),0.0314,0.0303,0.3189,1035585.485326708
Mon Mar 11 2024 15:00:00 GMT+0000 (Greenwich Mean Time),0.0314,0.0303,0.3163,326333.10730260133
Mon Mar 11 2024 16:00:00 GMT+0000 (Greenwich Mean Time),0.0314,0.0303,0.3155,125993.39536614569
Mon Mar 11 2024 17:00:00 GMT+0000 (Greenwich Mean Time),0.0314,0.0303,0.3144,232094.56216557583
Mon Mar 11 2024 18:00:00 GMT+0000 (Greenwich Mean Time),0.0314,0.0303,0.3133,116117.06010768283
Mon Mar 11 2024 19:00:00 GMT+0000 (Greenwich Mean Time),0.0314,0.0303,0.3133,1930.5370637100473
Mon Mar 11 2024 20:00:00 GMT+0000 (Greenwich Mean Time),0.0314,0.0303,0.3133,88626.34758864943
Mon Mar 11 2024 21:00:00 GMT+0000 (Greenwich Mean Time),0.0314,0.0303,0.3115,254056.38974484085
Mon Mar 11 2024 22:00:00 GMT+0000 (Greenwich Mean Time),0.0314,0.0303,0.3115,5203.182333017114
Mon Mar 11 2024 23:00:00 GMT+0000 (Greenwich Mean Time),0.0314,0.0303,0.3124,277144.42674250173
Tue Mar 12 2024 00:00:00 GMT+0000 (Greenwich Mean Time),0.0314,0.0303,0.3109,39908.49880822116
Tue Mar 12 2024 01:00:00 GMT+0000 (Greenwich Mean Time),0.0314,0.0303,0.3108,11914.835271575721
Tue Mar 12 2024 02:00:00 GMT+0000 (Greenwich Mean Time),0.0314,0.0303,0.3112,46730.13407984882
Tue Mar 12 2024 03:00:00 GMT+0000 (Greenwich Mean Time),0.0314,0.0303,0.3108,135647.5908530009
Tue Mar 12 2024 04:00:00 GMT+0000 (Greenwich Mean Time),0.0314,0.0303,0.3124,644002.4734498995
Tue Mar 12 2024 05:00:00 GMT+0000 (Greenwich Mean Time),0.0314,0.0303,0.3136,262078.20845343167
Tue Mar 12 2024 06:00:00 GMT+0000 (Greenwich Mean Time),0.0314,0.0303,0.313,11994.699576464202
Tue Mar 12 2024 07:00:00 GMT+0000 (Greenwich Mean Time),0.0314,0.0303,0.313,36073.76918969888
Tue Mar 12 2024 08:00:00 GMT+0000 (Greenwich Mean Time),0.0314,0.0303,0.3128,22845.87016738702
Tue Mar 12 2024 09:00:00 GMT+0000 (Greenwich Mean Time),0.0314,0.0262,0.313,84932.09584839849
Tue Mar 12 2024 10:00:00 GMT+0000 (Greenwich Mean Time),0.0313,0.0308,0.3136,127732.92870530713
Tue Mar 12 2024 11:00:00 GMT+0000 (Greenwich Mean Time),0.0313,0.0308,0.3115,254051.87977717316
Tue Mar 12 2024 12:00:00 GMT+0000 (Greenwich Mean Time),0.0313,0.0308,0.3109,144847.57963293648
Tue Mar 12 2024 13:00:00 GMT+0000 (Greenwich Mean Time),0.0313,0.0308,0.3098,162574.3937276686
Tue Mar 12 2024 14:00:00 GMT+0000 (Greenwich Mean Time),0.0313,0.0308,0.3097,160633.4736305342
Tue Mar 12 2024 15:00:00 GMT+0000 (Greenwich Mean Time),0.0313,0.0308,0.3088,548385.1170815374
Tue Mar 12 2024 16:00:00 GMT+0000 (Greenwich Mean Time),0.0313,0.0308,0.3126,1172180.1208061664
Tue Mar 12 2024 17:00:00 GMT+0000 (Greenwich Mean Time),0.0313,0.0308,0.3164,778224.4841435562
Tue Mar 12 2024 18:00:00 GMT+0000 (Greenwich Mean Time),0.0313,0.0308,0.3165,116457.51592712286
Tue Mar 12 2024 19:00:00 GMT+0000 (Greenwich Mean Time),0.0313,0.0308,0.3175,91173.72293294378
Tue Mar 12 2024 20:00:00 GMT+0000 (Greenwich Mean Time),0.0313,0.0308,0.3204,320582.1004584715
Tue Mar 12 2024 21:00:00 GMT+0000 (Greenwich Mean Time),0.0313,0.0308,0.3201,30302.622125943184
Tue Mar 12 2024 22:00:00 GMT+0000 (Greenwich Mean Time),0.0313,0.0308,0.3206,55680.09171673134
Tue Mar 12 2024 23:00:00 GMT+0000 (Greenwich Mean Time),0.0313,0.0308,0.3206,165034.91022248246
Wed Mar 13 2024 00:00:00 GMT+0000 (Greenwich Mean Time),0.0313,0.0308,0.3212,101820.02255302224
Wed Mar 13 2024 01:00:00 GMT+0000 (Greenwich Mean Time),0.0313,0.0308,0.3214,25500.89049009702
Wed Mar 13 2024 02:00:00 GMT+0000 (Greenwich Mean Time),0.0313,0.0308,0.3215,8430.93478092655
Wed Mar 13 2024 03:00:00 GMT+0000 (Greenwich Mean Time),0.0313,0.0308,0.322,63482.12926524301
Wed Mar 13 2024 04:00:00 GMT+0000 (Greenwich Mean Time),0.0313,0.0308,0.3218,47526.76459082026
Wed Mar 13 2024 05:00:00 GMT+0000 (Greenwich Mean Time),0.0313,0.0308,0.322,25263.439869139234
Wed Mar 13 2024 06:00:00 GMT+0000 (Greenwich Mean Time),0.0313,0.0308,0.3221,54361.34221433457
Wed Mar 13 2024 07:00:00 GMT+0000 (Greenwich Mean Time),0.0313,0.0308,0.3252,365895.40480189427
Wed Mar 13 2024 08:00:00 GMT+0000 (Greenwich Mean Time),0.0313,0.0308,0.3251,67733.72278777117
Wed Mar 13 2024 09:00:00 GMT+0000 (Greenwich Mean Time),0.0313,0.0266,0.3249,67684.35754756173
Wed Mar 13 2024 10:00:00 GMT+0000 (Greenwich Mean Time),0.0345,0.0316,0.3248,142.33602838116914
Wed Mar 13 2024 11:00:00 GMT+0000 (Greenwich Mean Time),0.0345,0.0316,0.3243,318850.4723368997
Wed Mar 13 2024 12:00:00 GMT+0000 (Greenwich Mean Time),0.0345,0.0316,0.3238,218190.0432910566
Wed Mar 13 2024 13:00:00 GMT+0000 (Greenwich Mean Time),0.0345,0.0316,0.3228,111608.56092413294
Wed Mar 13 2024 14:00:00 GMT+0000 (Greenwich Mean Time),0.0345,0.0316,0.3224,43953.51929171474
Wed Mar 13 2024 15:00:00 GMT+0000 (Greenwich Mean Time),0.0345,0.0316,0.3244,866870.3397860931
Wed Mar 13 2024 16:00:00 GMT+0000 (Greenwich Mean Time),0.0345,0.0316,0.3242,102264.92682912774
Wed Mar 13 2024 17:00:00 GMT+0000 (Greenwich Mean Time),0.0345,0.0316,0.3245,43263.17070260322
Wed Mar 13 2024 18:00:00 GMT+0000 (Greenwich Mean Time),0.0345,0.0316,0.3242,35362.27251580123
Wed Mar 13 2024 19:00:00 GMT+0000 (Greenwich Mean Time),0.0345,0.0316,0.3254,203798.72693957036
Wed Mar 13 2024 20:00:00 GMT+0000 (Greenwich Mean Time),0.0345,0.0316,0.3254,8612.159762036179
Wed Mar 13 2024 21:00:00 GMT+0000 (Greenwich Mean Time),0.0345,0.0316,0.3267,434207.4607697462
Wed Mar 13 2024 22:00:00 GMT+0000 (Greenwich Mean Time),0.0345,0.0316,0.327,34950.46067851447
Wed Mar 13 2024 23:00:00 GMT+0000 (Greenwich Mean Time),0.0345,0.0316,0.3293,259774.17710395262
Thu Mar 14 2024 00:00:00 GMT+0000 (Greenwich Mean Time),0.0345,0.0316,0.3295,96893.73531515268
Thu Mar 14 2024 01:00:00 GMT+0000 (Greenwich Mean Time),0.0345,0.0316,0.3299,47654.776301400154
Thu Mar 14 2024 02:00:00 GMT+0000 (Greenwich Mean Time),0.0345,0.0316,0.3298,4504.671658159352
Thu Mar 14 2024 03:00:00 GMT+0000 (Greenwich Mean Time),0.0345,0.0316,0.3299,29198.547256662016
Thu Mar 14 2024 04:00:00 GMT+0000 (Greenwich Mean Time),0.0345,0.0316,0.33,53273.3846305098
Thu Mar 14 2024 05:00:00 GMT+0000 (Greenwich Mean Time),0.0345,0.0316,0.3302,32053.90286183826
Thu Mar 14 2024 06:00:00 GMT+0000 (Greenwich Mean Time),0.0345,0.0316,0.3294,188137.64084872382
Thu Mar 14 2024 07:00:00 GMT+0000 (Greenwich Mean Time),0.0345,0.0316,0.3294,34889.14234458717
Thu Mar 14 2024 08:00:00 GMT+0000 (Greenwich Mean Time),0.0345,0.0316,0.3294,14379.248897388097
Thu Mar 14 2024 09:00:00 GMT+0000 (Greenwich Mean Time),0.0345,0.0316,0.3277,362813.9823226668
Thu Mar 14 2024 10:00:00 GMT+0000 (Greenwich Mean Time),0.0346,0.0322,0.3284,75614.58387282156
Thu Mar 14 2024 11:00:00 GMT+0000 (Greenwich Mean Time),0.0346,0.0322,0.3282,59245.523815464534
Thu Mar 14 2024 12:00:00 GMT+0000 (Greenwich Mean Time),0.0346,0.0322,0.3283,119545.23928511892
Thu Mar 14 2024 13:00:00 GMT+0000 (Greenwich Mean Time),0.0346,0.0322,0.3212,937311.052842035
Thu Mar 14 2024 14:00:00 GMT+0000 (Greenwich Mean Time),0.0346,0.0322,0.319,310935.7719929554
Thu Mar 14 2024 15:00:00 GMT+0000 (Greenwich Mean Time),0.0346,0.0322,0.3194,447329.9525318297
Thu Mar 14 2024 16:00:00 GMT+0000 (Greenwich Mean Time),0.0346,0.0322,0.3193,183488.0898793721
Thu Mar 14 2024 17:00:00 GMT+0000 (Greenwich Mean Time),0.0346,0.0322,0.3194,164854.9381782459
Thu Mar 14 2024 18:00:00 GMT+0000 (Greenwich Mean Time),0.0346,0.0322,0.3194,192248.3153848093
Thu Mar 14 2024 19:00:00 GMT+0000 (Greenwich Mean Time),0.0346,0.0322,0.3186,140502.58754677034
Thu Mar 14 2024 20:00:00 GMT+0000 (Greenwich Mean Time),0.0346,0.0322,0.3186,17494.58226068817
Thu Mar 14 2024 21:00:00 GMT+0000 (Greenwich Mean Time),0.0346,0.0322,0.313,1198201.6155435373
Thu Mar 14 2024 22:00:00 GMT+0000 (Greenwich Mean Time),0.0346,0.0322,0.3133,303204.4643523359
Thu Mar 14 2024 23:00:00 GMT+0000 (Greenwich Mean Time),0.0346,0.0322,0.3141,101947.80885593982
Fri Mar 15 2024 00:00:00 GMT+0000 (Greenwich Mean Time),0.0346,0.0322,0.3139,34582.44205034092
Fri Mar 15 2024 01:00:00 GMT+0000 (Greenwich Mean Time),0.0346,0.0322,0.3418,4595007.8754763305
Fri Mar 15 2024 02:00:00 GMT+0000 (Greenwich Mean Time),0.0346,0.0322,0.3418,3271.072968236907
Fri Mar 15 2024 03:00:00 GMT+0000 (Greenwich Mean Time),0.0346,0.0322,0.3416,75448.90235139834
Fri Mar 15 2024 04:00:00 GMT+0000 (Greenwich Mean Time),0.0346,0.0322,0.3417,22504.670973498993
Fri Mar 15 2024 05:00:00 GMT+0000 (Greenwich Mean Time),0.0346,0.0322,0.3434,160502.35830027296
Fri Mar 15 2024 06:00:00 GMT+0000 (Greenwich Mean Time),0.0346,0.0322,0.343,219447.05135562137
Fri Mar 15 2024 07:00:00 GMT+0000 (Greenwich Mean Time),0.0346,0.0322,0.3431,77492.05905611828
Fri Mar 15 2024 08:00:00 GMT+0000 (Greenwich Mean Time),0.0346,0.0322,0.3449,405305.8641516358
Fri Mar 15 2024 09:00:00 GMT+0000 (Greenwich Mean Time),0.0346,0.0322,0.3452,179380.41984327853
Fri Mar 15 2024 10:00:00 GMT+0000 (Greenwich Mean Time),0.031,0.0322,0.344,126428.12118690759
Fri Mar 15 2024 11:00:00 GMT+0000 (Greenwich Mean Time),0.031,0.0322,0.3458,230923.31559702137
Fri Mar 15 2024 12:00:00 GMT+0000 (Greenwich Mean Time),0.031,0.0322,0.346,33491.27036999716
Fri Mar 15 2024 13:00:00 GMT+0000 (Greenwich Mean Time),0.031,0.0322,0.349,322197.69931810716
Fri Mar 15 2024 14:00:00 GMT+0000 (Greenwich Mean Time),0.031,0.0322,0.3504,219934.30294519744
Fri Mar 15 2024 15:00:00 GMT+0000 (Greenwich Mean Time),0.031,0.0322,0.3498,249078.4705342642
Fri Mar 15 2024 16:00:00 GMT+0000 (Greenwich Mean Time),0.031,0.0322,0.3467,867019.2297818856
Fri Mar 15 2024 17:00:00 GMT+0000 (Greenwich Mean Time),0.031,0.0322,0.3486,291162.1521626177
Fri Mar 15 2024 18:00:00 GMT+0000 (Greenwich Mean Time),0.031,0.0322,0.3444,438850.9025954895
Fri Mar 15 2024 19:00:00 GMT+0000 (Greenwich Mean Time),0.031,0.0322,0.344,69040.12747853223
Fri Mar 15 2024 20:00:00 GMT+0000 (Greenwich Mean Time),0.031,0.0322,0.3441,11383.935204880941
Fri Mar 15 2024 21:00:00 GMT+0000 (Greenwich Mean Time),0.031,0.0322,0.3457,173343.1282976666
Fri Mar 15 2024 22:00:00 GMT+0000 (Greenwich Mean Time),0.031,0.0322,0.3455,58680.368859355454
Fri Mar 15 2024 23:00:00 GMT+0000 (Greenwich Mean Time),0.031,0.0322,0.3448,63499.34886119651
Sat Mar 16 2024 00:00:00 GMT+0000 (Greenwich Mean Time),0.031,0.0322,0.3448,160010.13854772653
Sat Mar 16 2024 01:00:00 GMT+0000 (Greenwich Mean Time),0.031,0.0322,0.3448,140166.38357910977
Sat Mar 16 2024 02:00:00 GMT+0000 (Greenwich Mean Time),0.031,0.0322,0.3447,75878.34051975852
Sat Mar 16 2024 03:00:00 GMT+0000 (Greenwich Mean Time),0.031,0.0322,0.3477,419886.8921796137
Sat Mar 16 2024 04:00:00 GMT+0000 (Greenwich Mean Time),0.031,0.0322,0.3477,44301.86202095887
Sat Mar 16 2024 05:00:00 GMT+0000 (Greenwich Mean Time),0.031,0.0322,0.3477,17605.674652321413
Sat Mar 16 2024 06:00:00 GMT+0000 (Greenwich Mean Time),0.031,0.0322,0.346,811394.0726165238
Sat Mar 16 2024 07:00:00 GMT+0000 (Greenwich Mean Time),0.031,0.0322,0.3454,182185.64934021066
Sat Mar 16 2024 08:00:00 GMT+0000 (Greenwich Mean Time),0.031,0.0322,0.3494,1011226.2283650497
Sat Mar 16 2024 09:00:00 GMT+0000 (Greenwich Mean Time),0.031,0.0322,0.3547,500913.2535022583
Sat Mar 16 2024 10:00:00 GMT+0000 (Greenwich Mean Time),0,0.0277,0.3568,387041.8122411382
Sat Mar 16 2024 11:00:00 GMT+0000 (Greenwich Mean Time),0.0283,0.0318,0.3532,862839.0104551675
Sat Mar 16 2024 12:00:00 GMT+0000 (Greenwich Mean Time),0.0283,0.0318,0.3539,76121.44053078708
Sat Mar 16 2024 13:00:00 GMT+0000 (Greenwich Mean Time),0.0283,0.0318,0.3551,543844.0740359516
Sat Mar 16 2024 14:00:00 GMT+0000 (Greenwich Mean Time),0.0283,0.0318,0.3645,923895.9874040234
Sat Mar 16 2024 15:00:00 GMT+0000 (Greenwich Mean Time),0.0283,0.0318,0.3763,2097606.0102757043
Sat Mar 16 2024 16:00:00 GMT+0000 (Greenwich Mean Time),0.0283,0.0318,0.3807,694785.81081247
Sat Mar 16 2024 17:00:00 GMT+0000 (Greenwich Mean Time),0.0283,0.0318,0.3806,279646.0006538335
Sat Mar 16 2024 18:00:00 GMT+0000 (Greenwich Mean Time),0.0283,0.0318,0.3811,295455.0336885209
Sat Mar 16 2024 19:00:00 GMT+0000 (Greenwich Mean Time),0.0283,0.0318,0.3782,415261.6743491548
Sat Mar 16 2024 20:00:00 GMT+0000 (Greenwich Mean Time),0.0283,0.0318,0.3804,211728.5420782685
Sat Mar 16 2024 21:00:00 GMT+0000 (Greenwich Mean Time),0.0283,0.0318,0.38,101231.8319196389
Sat Mar 16 2024 22:00:00 GMT+0000 (Greenwich Mean Time),0.0283,0.0318,0.3802,15080.340591516213
Sat Mar 16 2024 23:00:00 GMT+0000 (Greenwich Mean Time),0.0283,0.0318,0.3813,97767.38228810861
Sun Mar 17 2024 00:00:00 GMT+0000 (Greenwich Mean Time),0.0283,0.0318,0.3794,278247.86859604594
Sun Mar 17 2024 01:00:00 GMT+0000 (Greenwich Mean Time),0.0283,0.0318,0.3801,47740.078758099946
Sun Mar 17 2024 02:00:00 GMT+0000 (Greenwich Mean Time),0.0283,0.0318,0.3883,849940.4819864936
Sun Mar 17 2024 03:00:00 GMT+0000 (Greenwich Mean Time),0.0283,0.0318,0.3844,395900.34963934106
Sun Mar 17 2024 04:00:00 GMT+0000 (Greenwich Mean Time),0.0283,0.0318,0.388,282686.8151282335
Sun Mar 17 2024 05:00:00 GMT+0000 (Greenwich Mean Time),0.0283,0.0318,0.3885,60285.985270296
Sun Mar 17 2024 06:00:00 GMT+0000 (Greenwich Mean Time),0.0283,0.0318,0.3895,205185.71851435414
Sun Mar 17 2024 07:00:00 GMT+0000 (Greenwich Mean Time),0.0283,0.0318,0.3903,73449.76129948824
Sun Mar 17 2024 08:00:00 GMT+0000 (Greenwich Mean Time),0.0283,0.0318,0.3899,224145.84143168892
Sun Mar 17 2024 09:00:00 GMT+0000 (Greenwich Mean Time),0.0283,0.0318,0.3899,199750.8722486311
Sun Mar 17 2024 10:00:00 GMT+0000 (Greenwich Mean Time),0.0283,0.0272,0.3896,173396.6399255023
Sun Mar 17 2024 11:00:00 GMT+0000 (Greenwich Mean Time),0.0267,0.0311,0.3919,231223.02528755323
Sun Mar 17 2024 12:00:00 GMT+0000 (Greenwich Mean Time),0.0267,0.0311,0.3977,494696.4667054908
Sun Mar 17 2024 13:00:00 GMT+0000 (Greenwich Mean Time),0.0267,0.0311,0.4035,1106407.9652928088
Sun Mar 17 2024 14:00:00 GMT+0000 (Greenwich Mean Time),0.0267,0.0311,0.4054,243998.99728972034
Sun Mar 17 2024 15:00:00 GMT+0000 (Greenwich Mean Time),0.0267,0.0311,0.4049,310460.2374323796
Sun Mar 17 2024 16:00:00 GMT+0000 (Greenwich Mean Time),0.0267,0.0311,0.4057,197971.005626777
Sun Mar 17 2024 17:00:00 GMT+0000 (Greenwich Mean Time),0.0267,0.0311,0.4044,115925.04329519566
Sun Mar 17 2024 18:00:00 GMT+0000 (Greenwich Mean Time),0.0267,0.0311,0.4048,41446.46317391169
Sun Mar 17 2024 19:00:00 GMT+0000 (Greenwich Mean Time),0.0267,0.0311,0.4079,244559.45453292137
Sun Mar 17 2024 20:00:00 GMT+0000 (Greenwich Mean Time),0.0267,0.0311,0.4091,286965.8585079429
Sun Mar 17 2024 21:00:00 GMT+0000 (Greenwich Mean Time),0.0267,0.0311,0.4124,223326.10128403432
Sun Mar 17 2024 22:00:00 GMT+0000 (Greenwich Mean Time),0.0267,0.0311,0.4142,218813.82280212129
Sun Mar 17 2024 23:00:00 GMT+0000 (Greenwich Mean Time),0.0267,0.0311,0.415,77911.29531724394
Mon Mar 18 2024 00:00:00 GMT+0000 (Greenwich Mean Time),0.0267,0.0311,0.428,791532.8324511381
Mon Mar 18 2024 01:00:00 GMT+0000 (Greenwich Mean Time),0.0267,0.0311,0.4294,201690.21094785572
Mon Mar 18 2024 02:00:00 GMT+0000 (Greenwich Mean Time),0.0267,0.0311,0.4308,133725.93507123485
Mon Mar 18 2024 03:00:00 GMT+0000 (Greenwich Mean Time),0.0267,0.0311,0.3829,3556802.8873630194
Mon Mar 18 2024 04:00:00 GMT+0000 (Greenwich Mean Time),0.0267,0.0311,0.3831,182886.8128176286
Mon Mar 18 2024 05:00:00 GMT+0000 (Greenwich Mean Time),0.0267,0.0311,0.3882,437141.4316120785
Mon Mar 18 2024 06:00:00 GMT+0000 (Greenwich Mean Time),0.0267,0.0311,0.3946,688906.7574412236
Mon Mar 18 2024 07:00:00 GMT+0000 (Greenwich Mean Time),0.0267,0.0311,0.3963,82354.44065188777
Mon Mar 18 2024 08:00:00 GMT+0000 (Greenwich Mean Time),0.0267,0.0311,0.4052,860501.1753158278
Mon Mar 18 2024 09:00:00 GMT+0000 (Greenwich Mean Time),0.0267,0.0311,0.4082,334342.7346395853
Mon Mar 18 2024 10:00:00 GMT+0000 (Greenwich Mean Time),0.0267,0.0266,0.3883,2205535.235741079
Mon Mar 18 2024 11:00:00 GMT+0000 (Greenwich Mean Time),0.0335,0.0314,0.3899,154351.5055142111
Mon Mar 18 2024 12:00:00 GMT+0000 (Greenwich Mean Time),0.0335,0.0314,0.4062,5100262.020006752
Mon Mar 18 2024 13:00:00 GMT+0000 (Greenwich Mean Time),0.0335,0.0314,0.3741,1264074.035305053
Mon Mar 18 2024 14:00:00 GMT+0000 (Greenwich Mean Time),0.0335,0.0314,0.3839,1328095.1844182133
Mon Mar 18 2024 15:00:00 GMT+0000 (Greenwich Mean Time),0.0335,0.0314,0.3899,626179.0457944229
Mon Mar 18 2024 16:00:00 GMT+0000 (Greenwich Mean Time),0.0335,0.0314,0.415,1824446.9320359838
Mon Mar 18 2024 17:00:00 GMT+0000 (Greenwich Mean Time),0.0335,0.0314,0.4371,1843377.419698973
Mon Mar 18 2024 18:00:00 GMT+0000 (Greenwich Mean Time),0.0335,0.0314,0.4539,840361.0757670176
Mon Mar 18 2024 19:00:00 GMT+0000 (Greenwich Mean Time),0.0335,0.0314,0.4657,788732.834753734
Mon Mar 18 2024 20:00:00 GMT+0000 (Greenwich Mean Time),0.0335,0.0314,0.4575,531019.4297422676
Mon Mar 18 2024 21:00:00 GMT+0000 (Greenwich Mean Time),0.0335,0.0314,0.4295,1604046.3618894168
Mon Mar 18 2024 22:00:00 GMT+0000 (Greenwich Mean Time),0.0335,0.0314,0.4308,197510.6661712983
Mon Mar 18 2024 23:00:00 GMT+0000 (Greenwich Mean Time),0.0335,0.0314,0.431,436997.5173475924
Tue Mar 19 2024 00:00:00 GMT+0000 (Greenwich Mean Time),0.0335,0.0314,0.4345,1342145.8405370992
Tue Mar 19 2024 01:00:00 GMT+0000 (Greenwich Mean Time),0.0335,0.0314,0.4569,216239.84577154418
Tue Mar 19 2024 02:00:00 GMT+0000 (Greenwich Mean Time),0.0335,0.0314,0.4544,277827.4326065855
Tue Mar 19 2024 03:00:00 GMT+0000 (Greenwich Mean Time),0.0335,0.0314,0.4609,325072.9103427251
Tue Mar 19 2024 04:00:00 GMT+0000 (Greenwich Mean Time),0.0335,0.0314,0.4632,490315.2316654735
Tue Mar 19 2024 05:00:00 GMT+0000 (Greenwich Mean Time),0.0335,0.0314,0.4681,874119.7116056764
Tue Mar 19 2024 06:00:00 GMT+0000 (Greenwich Mean Time),0.0335,0.0314,0.4688,231077.12678391417
Tue Mar 19 2024 07:00:00 GMT+0000 (Greenwich Mean Time),0.0335,0.0314,0.4642,477712.43323576206
Tue Mar 19 2024 08:00:00 GMT+0000 (Greenwich Mean Time),0.0335,0.0314,0.4667,247390.8341891568
Tue Mar 19 2024 09:00:00 GMT+0000 (Greenwich Mean Time),0.0335,0.0314,0.4637,345504.6338807731
Tue Mar 19 2024 10:00:00 GMT+0000 (Greenwich Mean Time),0.0335,0.0269,0.4661,133184.50364445584
Tue Mar 19 2024 11:00:00 GMT+0000 (Greenwich Mean Time),0.0326,0.0316,0.4657,241299.51176675316
Tue Mar 19 2024 12:00:00 GMT+0000 (Greenwich Mean Time),0.0326,0.0316,0.4647,618456.5578582573
Tue Mar 19 2024 13:00:00 GMT+0000 (Greenwich Mean Time),0.0326,0.0316,0.4671,558183.0722605814
Tue Mar 19 2024 14:00:00 GMT+0000 (Greenwich Mean Time),0.0326,0.0316,0.4723,653664.4301545199
Tue Mar 19 2024 15:00:00 GMT+0000 (Greenwich Mean Time),0.0326,0.0316,0.4655,833581.8951887819
Tue Mar 19 2024 16:00:00 GMT+0000 (Greenwich Mean Time),0.0326,0.0316,0.459,1632229.8460262306
Tue Mar 19 2024 17:00:00 GMT+0000 (Greenwich Mean Time),0.0326,0.0316,0.4593,340587.8835645382
Tue Mar 19 2024 18:00:00 GMT+0000 (Greenwich Mean Time),0.0326,0.0316,0.4621,609953.6735714999
Tue Mar 19 2024 19:00:00 GMT+0000 (Greenwich Mean Time),0.0326,0.0316,0.4759,338931.52592356404
Tue Mar 19 2024 20:00:00 GMT+0000 (Greenwich Mean Time),0.0326,0.0316,0.4855,408895.7799431922
Tue Mar 19 2024 21:00:00 GMT+0000 (Greenwich Mean Time),0.0326,0.0316,0.4913,576622.0049134069
Tue Mar 19 2024 22:00:00 GMT+0000 (Greenwich Mean Time),0.0326,0.0316,0.4981,644241.2471668368
Tue Mar 19 2024 23:00:00 GMT+0000 (Greenwich Mean Time),0.0326,0.0316,0.4981,537337.8835503686
Wed Mar 20 2024 00:00:00 GMT+0000 (Greenwich Mean Time),0.0326,0.0316,0.4919,452101.8934549797
Wed Mar 20 2024 01:00:00 GMT+0000 (Greenwich Mean Time),0.0326,0.0316,0.4991,563904.6503731762
Wed Mar 20 2024 02:00:00 GMT+0000 (Greenwich Mean Time),0.0326,0.0316,0.4976,237979.99981507414
Wed Mar 20 2024 03:00:00 GMT+0000 (Greenwich Mean Time),0.0326,0.0316,0.4921,653510.5620238702
Wed Mar 20 2024 04:00:00 GMT+0000 (Greenwich Mean Time),0.0326,0.0316,0.4933,177631.46458027704
Wed Mar 20 2024 05:00:00 GMT+0000 (Greenwich Mean Time),0.0326,0.0316,0.4936,158036.70534694812
Wed Mar 20 2024 06:00:00 GMT+0000 (Greenwich Mean Time),0.0326,0.0316,0.4949,138260.9046268183
Wed Mar 20 2024 07:00:00 GMT+0000 (Greenwich Mean Time),0.0326,0.0316,0.4959,414389.74567577295
Wed Mar 20 2024 08:00:00 GMT+0000 (Greenwich Mean Time),0.0326,0.0316,0.4852,625974.1203638945
Wed Mar 20 2024 09:00:00 GMT+0000 (Greenwich Mean Time),0.0326,0.0316,0.4961,771003.2363889861
Wed Mar 20 2024 10:00:00 GMT+0000 (Greenwich Mean Time),0.0326,0.0266,0.5227,883079.7901269187
Wed Mar 20 2024 11:00:00 GMT+0000 (Greenwich Mean Time),0.0444,0.033,0.5383,700845.1784223994
Wed Mar 20 2024 12:00:00 GMT+0000 (Greenwich Mean Time),0.0444,0.033,0.5356,486251.3635105466
Wed Mar 20 2024 13:00:00 GMT+0000 (Greenwich Mean Time),0.0444,0.033,0.5359,959275.5222098406
Wed Mar 20 2024 14:00:00 GMT+0000 (Greenwich Mean Time),0.0444,0.033,0.5424,810411.4482453582
Wed Mar 20 2024 15:00:00 GMT+0000 (Greenwich Mean Time),0.0444,0.033,0.5285,777698.8560943143
Wed Mar 20 2024 16:00:00 GMT+0000 (Greenwich Mean Time),0.0444,0.033,0.5187,558331.4884496189
Wed Mar 20 2024 17:00:00 GMT+0000 (Greenwich Mean Time),0.0444,0.033,0.5315,460437.2896687557
Wed Mar 20 2024 18:00:00 GMT+0000 (Greenwich Mean Time),0.0444,0.033,0.5338,232827.72373513324
Wed Mar 20 2024 19:00:00 GMT+0000 (Greenwich Mean Time),0.0444,0.033,0.5379,230435.73879170092
Wed Mar 20 2024 20:00:00 GMT+0000 (Greenwich Mean Time),0.0444,0.033,0.5481,510951.5688907136
Wed Mar 20 2024 21:00:00 GMT+0000 (Greenwich Mean Time),0.0444,0.033,0.5699,931409.0240945793
Wed Mar 20 2024 22:00:00 GMT+0000 (Greenwich Mean Time),0.0444,0.033,0.5416,767175.5909382331
Wed Mar 20 2024 23:00:00 GMT+0000 (Greenwich Mean Time),0.0444,0.033,0.5434,393508.3485817333
Thu Mar 21 2024 00:00:00 GMT+0000 (Greenwich Mean Time),0.0444,0.033,0.5625,584067.1172971334
Thu Mar 21 2024 01:00:00 GMT+0000 (Greenwich Mean Time),0.0444,0.033,0.5588,639041.4454690864
Thu Mar 21 2024 02:00:00 GMT+0000 (Greenwich Mean Time),0.0444,0.033,0.5737,1417461.7082858763
Thu Mar 21 2024 03:00:00 GMT+0000 (Greenwich Mean Time),0.0444,0.033,0.5736,819572.1058574615
Thu Mar 21 2024 04:00:00 GMT+0000 (Greenwich Mean Time),0.0444,0.033,0.6006,634509.4456699595
Thu Mar 21 2024 05:00:00 GMT+0000 (Greenwich Mean Time),0.0444,0.033,0.5933,396260.28009643045
Thu Mar 21 2024 06:00:00 GMT+0000 (Greenwich Mean Time),0.0444,0.033,0.5751,781030.3996246681
Thu Mar 21 2024 07:00:00 GMT+0000 (Greenwich Mean Time),0.0444,0.033,0.5565,965936.5737057538
Thu Mar 21 2024 08:00:00 GMT+0000 (Greenwich Mean Time),0.0444,0.033,0.5479,1619601.7747663902
Thu Mar 21 2024 09:00:00 GMT+0000 (Greenwich Mean Time),0.0444,0.033,0.5524,373694.1057970503
Thu Mar 21 2024 10:00:00 GMT+0000 (Greenwich Mean Time),0.0444,0.028,0.5603,585777.6789646179
Thu Mar 21 2024 11:00:00 GMT+0000 (Greenwich Mean Time),0.0289,0.0322,0.5689,503511.4659178797
Thu Mar 21 2024 12:00:00 GMT+0000 (Greenwich Mean Time),0.0289,0.0322,0.5817,513403.6345994087
Thu Mar 21 2024 13:00:00 GMT+0000 (Greenwich Mean Time),0.0289,0.0322,0.5956,358811.5472312953
Thu Mar 21 2024 14:00:00 GMT+0000 (Greenwich Mean Time),0.0289,0.0322,0.6053,1112509.8209363576
Thu Mar 21 2024 15:00:00 GMT+0000 (Greenwich Mean Time),0.0289,0.0322,0.6086,677134.7264753459
Thu Mar 21 2024 16:00:00 GMT+0000 (Greenwich Mean Time),0.0289,0.0322,0.607,453296.81922621664
Thu Mar 21 2024 17:00:00 GMT+0000 (Greenwich Mean Time),0.0289,0.0322,0.5912,899337.8761889912
Thu Mar 21 2024 18:00:00 GMT+0000 (Greenwich Mean Time),0.0289,0.0322,0.5912,418858.60910875583
Thu Mar 21 2024 19:00:00 GMT+0000 (Greenwich Mean Time),0.0289,0.0322,0.5992,449271.8779748904
Thu Mar 21 2024 20:00:00 GMT+0000 (Greenwich Mean Time),0.0289,0.0322,0.5952,303050.8989056426
Thu Mar 21 2024 21:00:00 GMT+0000 (Greenwich Mean Time),0.0289,0.0322,0.6111,389335.219958762
Thu Mar 21 2024 22:00:00 GMT+0000 (Greenwich Mean Time),0.0289,0.0322,0.6138,59200.56161611756
Thu Mar 21 2024 23:00:00 GMT+0000 (Greenwich Mean Time),0.0289,0.0322,0.6018,575436.7570938331
Fri Mar 22 2024 00:00:00 GMT+0000 (Greenwich Mean Time),0.0289,0.0322,0.587,449109.3716926899
Fri Mar 22 2024 01:00:00 GMT+0000 (Greenwich Mean Time),0.0289,0.0322,0.589,289040.2900139466
Fri Mar 22 2024 02:00:00 GMT+0000 (Greenwich Mean Time),0.0289,0.0322,0.5885,220489.3319004706
Fri Mar 22 2024 03:00:00 GMT+0000 (Greenwich Mean Time),0.0289,0.0322,0.5754,816797.6396717605
Fri Mar 22 2024 04:00:00 GMT+0000 (Greenwich Mean Time),0.0289,0.0322,0.5744,290716.26584799273
Fri Mar 22 2024 05:00:00 GMT+0000 (Greenwich Mean Time),0.0289,0.0322,0.5613,571164.5982222715
Fri Mar 22 2024 06:00:00 GMT+0000 (Greenwich Mean Time),0.0289,0.0322,0.5629,137598.0874656565
Fri Mar 22 2024 07:00:00 GMT+0000 (Greenwich Mean Time),0.0289,0.0322,0.5645,100680.69994457393
Fri Mar 22 2024 08:00:00 GMT+0000 (Greenwich Mean Time),0.0289,0.0322,0.5346,2986542.1304546418
Fri Mar 22 2024 09:00:00 GMT+0000 (Greenwich Mean Time),0.0289,0.0322,0.5395,614868.1093674628
Fri Mar 22 2024 10:00:00 GMT+0000 (Greenwich Mean Time),0.0289,0.0277,0.5051,2841237.432476553
Fri Mar 22 2024 11:00:00 GMT+0000 (Greenwich Mean Time),0.0304,0.0321,0.5083,614122.9046811531
Fri Mar 22 2024 12:00:00 GMT+0000 (Greenwich Mean Time),0.0304,0.0321,0.5075,346565.12542272697
Fri Mar 22 2024 13:00:00 GMT+0000 (Greenwich Mean Time),0.0304,0.0321,0.5211,947268.2582775145
Fri Mar 22 2024 14:00:00 GMT+0000 (Greenwich Mean Time),0.0304,0.0321,0.5274,263578.2318326143
Fri Mar 22 2024 15:00:00 GMT+0000 (Greenwich Mean Time),0.0304,0.0321,0.535,607252.7833069284
Fri Mar 22 2024 16:00:00 GMT+0000 (Greenwich Mean Time),0.0304,0.0321,0.5572,1319981.0744940452
Fri Mar 22 2024 17:00:00 GMT+0000 (Greenwich Mean Time),0.0304,0.0321,0.5547,222598.0329428753
Fri Mar 22 2024 18:00:00 GMT+0000 (Greenwich Mean Time),0.0304,0.0321,0.5644,338442.6538425493
Fri Mar 22 2024 19:00:00 GMT+0000 (Greenwich Mean Time),0.0304,0.0321,0.568,175620.94121231313
Fri Mar 22 2024 20:00:00 GMT+0000 (Greenwich Mean Time),0.0304,0.0321,0.5651,421059.3672051409
Fri Mar 22 2024 21:00:00 GMT+0000 (Greenwich Mean Time),0.0304,0.0321,0.5693,699292.4431747287
Fri Mar 22 2024 22:00:00 GMT+0000 (Greenwich Mean Time),0.0304,0.0321,0.5745,197429.0217134374
Fri Mar 22 2024 23:00:00 GMT+0000 (Greenwich Mean Time),0.0304,0.0321,0.5764,178658.16632339035
Sat Mar 23 2024 00:00:00 GMT+0000 (Greenwich Mean Time),0.0304,0.0321,0.5687,326723.79733774083
Sat Mar 23 2024 01:00:00 GMT+0000 (Greenwich Mean Time),0.0304,0.0321,0.5711,302404.62343927205
Sat Mar 23 2024 02:00:00 GMT+0000 (Greenwich Mean Time),0.0304,0.0321,0.5777,237747.42970558692
Sat Mar 23 2024 03:00:00 GMT+0000 (Greenwich Mean Time),0.0304,0.0321,0.5847,261143.83017048123
Sat Mar 23 2024 04:00:00 GMT+0000 (Greenwich Mean Time),0.0304,0.0321,0.5876,83702.07125136579
Sat Mar 23 2024 05:00:00 GMT+0000 (Greenwich Mean Time),0.0304,0.0321,0.5924,349908.381261408
Sat Mar 23 2024 06:00:00 GMT+0000 (Greenwich Mean Time),0.0304,0.0321,0.5958,327665.9578512723
Sat Mar 23 2024 07:00:00 GMT+0000 (Greenwich Mean Time),0.0304,0.0321,0.5975,459913.16858614876
Sat Mar 23 2024 08:00:00 GMT+0000 (Greenwich Mean Time),0.0304,0.0321,0.5969,341236.09585097444
Sat Mar 23 2024 09:00:00 GMT+0000 (Greenwich Mean Time),0.0304,0.0321,0.5999,188866.97431059898
Sat Mar 23 2024 10:00:00 GMT+0000 (Greenwich Mean Time),0.0304,0.0321,0.5838,494578.3412554739
Sat Mar 23 2024 11:00:00 GMT+0000 (Greenwich Mean Time),0.0332,0.0328,0.5811,691667.9088608094
Sat Mar 23 2024 12:00:00 GMT+0000 (Greenwich Mean Time),0.0332,0.0328,0.5865,881317.279430846
Sat Mar 23 2024 13:00:00 GMT+0000 (Greenwich Mean Time),0.0332,0.0328,0.5935,359753.72184255987
Sat Mar 23 2024 14:00:00 GMT+0000 (Greenwich Mean Time),0.0332,0.0328,0.6015,587335.0955544668
Sat Mar 23 2024 15:00:00 GMT+0000 (Greenwich Mean Time),0.0332,0.0328,0.6112,767498.4988796075
Sat Mar 23 2024 16:00:00 GMT+0000 (Greenwich Mean Time),0.0332,0.0328,0.592,937585.6341490222
Sat Mar 23 2024 17:00:00 GMT+0000 (Greenwich Mean Time),0.0332,0.0328,0.5528,1250489.6680296033
Sat Mar 23 2024 18:00:00 GMT+0000 (Greenwich Mean Time),0.0332,0.0328,0.5603,411558.70531031676
Sat Mar 23 2024 19:00:00 GMT+0000 (Greenwich Mean Time),0.0332,0.0328,0.5505,604918.3908806826
Sat Mar 23 2024 20:00:00 GMT+0000 (Greenwich Mean Time),0.0332,0.0328,0.557,1086683.034853404
Sat Mar 23 2024 21:00:00 GMT+0000 (Greenwich Mean Time),0.0332,0.0328,0.5935,958750.785343641
Sat Mar 23 2024 22:00:00 GMT+0000 (Greenwich Mean Time),0.0332,0.0328,0.6107,516830.3150541737
Sat Mar 23 2024 23:00:00 GMT+0000 (Greenwich Mean Time),0.0332,0.0328,0.6055,154034.07248099486
Sun Mar 24 2024 00:00:00 GMT+0000 (Greenwich Mean Time),0.0332,0.0328,0.6104,515925.37447574467
Sun Mar 24 2024 01:00:00 GMT+0000 (Greenwich Mean Time),0.0332,0.0328,0.5973,575738.2853047132
Sun Mar 24 2024 02:00:00 GMT+0000 (Greenwich Mean Time),0.0332,0.0328,0.6023,51637.36633405191
Sun Mar 24 2024 03:00:00 GMT+0000 (Greenwich Mean Time),0.0332,0.0328,0.5667,1486816.6636067755
Sun Mar 24 2024 04:00:00 GMT+0000 (Greenwich Mean Time),0.0332,0.0328,0.5719,364608.31096061075
Sun Mar 24 2024 05:00:00 GMT+0000 (Greenwich Mean Time),0.0332,0.0328,0.592,466808.6983730257
Sun Mar 24 2024 06:00:00 GMT+0000 (Greenwich Mean Time),0.0332,0.0328,0.5884,221281.78510321176
Sun Mar 24 2024 07:00:00 GMT+0000 (Greenwich Mean Time),0.0332,0.0328,0.5918,296571.3179456116
Sun Mar 24 2024 08:00:00 GMT+0000 (Greenwich Mean Time),0.0332,0.0328,0.6113,748787.7550668726
Sun Mar 24 2024 09:00:00 GMT+0000 (Greenwich Mean Time),0.0332,0.0328,0.6062,388230.59399775794
Sun Mar 24 2024 10:00:00 GMT+0000 (Greenwich Mean Time),0.0332,0.0328,0.6128,222848.28672279947
Sun Mar 24 2024 11:00:00 GMT+0000 (Greenwich Mean Time),0,0.0289,0.614,37143.67586835512
Sun Mar 24 2024 12:00:00 GMT+0000 (Greenwich Mean Time),0.0364,0.0342,0.614,875825.8246875105
Sun Mar 24 2024 13:00:00 GMT+0000 (Greenwich Mean Time),0.0364,0.0342,0.6052,950841.9631549602
Sun Mar 24 2024 14:00:00 GMT+0000 (Greenwich Mean Time),0.0364,0.0342,0.6088,645071.8042585705
Sun Mar 24 2024 15:00:00 GMT+0000 (Greenwich Mean Time),0.0364,0.0342,0.6115,161872.6650536278
Sun Mar 24 2024 16:00:00 GMT+0000 (Greenwich Mean Time),0.0364,0.0342,0.6131,455114.188066495
Sun Mar 24 2024 17:00:00 GMT+0000 (Greenwich Mean Time),0.0364,0.0342,0.6132,492688.22639513586
Sun Mar 24 2024 18:00:00 GMT+0000 (Greenwich Mean Time),0.0364,0.0342,0.6123,166744.29494102986
Sun Mar 24 2024 19:00:00 GMT+0000 (Greenwich Mean Time),0.0364,0.0342,0.614,298065.18743170425
Sun Mar 24 2024 20:00:00 GMT+0000 (Greenwich Mean Time),0.0364,0.0342,0.6136,71382.75317732603
Sun Mar 24 2024 21:00:00 GMT+0000 (Greenwich Mean Time),0.0364,0.0342,0.6138,253552.0745547742
Sun Mar 24 2024 22:00:00 GMT+0000 (Greenwich Mean Time),0.0364,0.0342,0.614,75484.95997036446
Sun Mar 24 2024 23:00:00 GMT+0000 (Greenwich Mean Time),0.0364,0.0342,0.614,12003.500619048556
Mon Mar 25 2024 00:00:00 GMT+0000 (Greenwich Mean Time),0.0364,0.0342,0.614,20963.744760530266
Mon Mar 25 2024 01:00:00 GMT+0000 (Greenwich Mean Time),0.0364,0.0342,0.614,684842.0097365712
Mon Mar 25 2024 02:00:00 GMT+0000 (Greenwich Mean Time),0.0364,0.0342,0.6097,243781.03449297755
Mon Mar 25 2024 03:00:00 GMT+0000 (Greenwich Mean Time),0.0364,0.0342,0.5981,574037.6483641544
Mon Mar 25 2024 04:00:00 GMT+0000 (Greenwich Mean Time),0.0364,0.0342,0.5963,308526.4731306075
Mon Mar 25 2024 05:00:00 GMT+0000 (Greenwich Mean Time),0.0364,0.0342,0.6053,616985.7367423468
Mon Mar 25 2024 06:00:00 GMT+0000 (Greenwich Mean Time),0.0364,0.0342,0.6049,181149.34291588145
Mon Mar 25 2024 07:00:00 GMT+0000 (Greenwich Mean Time),0.0364,0.0342,0.5946,375372.2257054162
Mon Mar 25 2024 08:00:00 GMT+0000 (Greenwich Mean Time),0.0364,0.0342,0.5992,858124.4176799527
Mon Mar 25 2024 09:00:00 GMT+0000 (Greenwich Mean Time),0.0364,0.0342,0.5974,327523.00887552847
Mon Mar 25 2024 10:00:00 GMT+0000 (Greenwich Mean Time),0.0364,0.0342,0.6064,305478.7374834271
Mon Mar 25 2024 11:00:00 GMT+0000 (Greenwich Mean Time),0.0364,0.0293,0.613,343244.69234915305
Mon Mar 25 2024 12:00:00 GMT+0000 (Greenwich Mean Time),0.0294,0.0336,0.6135,149542.5081747572
Mon Mar 25 2024 13:00:00 GMT+0000 (Greenwich Mean Time),0.0294,0.0336,0.5572,4057078.9376205774
Mon Mar 25 2024 14:00:00 GMT+0000 (Greenwich Mean Time),0.0294,0.0336,0.5803,1028446.1431755148
Mon Mar 25 2024 15:00:00 GMT+0000 (Greenwich Mean Time),0.0294,0.0336,0.5828,574552.2577427633
Mon Mar 25 2024 16:00:00 GMT+0000 (Greenwich Mean Time),0.0294,0.0336,0.6096,952051.5893494328
Mon Mar 25 2024 17:00:00 GMT+0000 (Greenwich Mean Time),0.0294,0.0336,0.5966,409991.28127056774
Mon Mar 25 2024 18:00:00 GMT+0000 (Greenwich Mean Time),0.0294,0.0336,0.604,1525723.1271057227
Mon Mar 25 2024 19:00:00 GMT+0000 (Greenwich Mean Time),0.0294,0.0336,0.611,821575.775804346
Mon Mar 25 2024 20:00:00 GMT+0000 (Greenwich Mean Time),0.0294,0.0336,0.6025,377782.62265998183
Mon Mar 25 2024 21:00:00 GMT+0000 (Greenwich Mean Time),0.0294,0.0336,0.5611,1289496.7683574369
Mon Mar 25 2024 22:00:00 GMT+0000 (Greenwich Mean Time),0.0294,0.0336,0.5632,431656.72020421544
Mon Mar 25 2024 23:00:00 GMT+0000 (Greenwich Mean Time),0.0294,0.0336,0.5669,416139.503765582
Tue Mar 26 2024 00:00:00 GMT+0000 (Greenwich Mean Time),0.0294,0.0336,0.5727,301827.3059235761
Tue Mar 26 2024 01:00:00 GMT+0000 (Greenwich Mean Time),0.0294,0.0336,0.5723,215662.9973251524
Tue Mar 26 2024 02:00:00 GMT+0000 (Greenwich Mean Time),0.0294,0.0336,0.5827,528732.8920259675
Tue Mar 26 2024 03:00:00 GMT+0000 (Greenwich Mean Time),0.0294,0.0336,0.5822,531501.8957824244
Tue Mar 26 2024 04:00:00 GMT+0000 (Greenwich Mean Time),0.0294,0.0336,0.5804,226341.67415786328
Tue Mar 26 2024 05:00:00 GMT+0000 (Greenwich Mean Time),0.0294,0.0336,0.5712,341404.6116641931
Tue Mar 26 2024 06:00:00 GMT+0000 (Greenwich Mean Time),0.0294,0.0336,0.5681,286802.83600986365
Tue Mar 26 2024 07:00:00 GMT+0000 (Greenwich Mean Time),0.0294,0.0336,0.5686,254872.63138124053
Tue Mar 26 2024 08:00:00 GMT+0000 (Greenwich Mean Time),0.0294,0.0336,0.6081,1591494.7050742505
Tue Mar 26 2024 09:00:00 GMT+0000 (Greenwich Mean Time),0.0294,0.0336,0.592,1077188.9419187335
Tue Mar 26 2024 10:00:00 GMT+0000 (Greenwich Mean Time),0.0294,0.0336,0.596,281811.97467853385
Tue Mar 26 2024 11:00:00 GMT+0000 (Greenwich Mean Time),0.0294,0.0289,0.5729,732267.5432955504
Tue Mar 26 2024 12:00:00 GMT+0000 (Greenwich Mean Time),0.03,0.0332,0.5733,353213.433686065
Tue Mar 26 2024 13:00:00 GMT+0000 (Greenwich Mean Time),0.03,0.0332,0.5743,142468.58973657497
Tue Mar 26 2024 14:00:00 GMT+0000 (Greenwich Mean Time),0.03,0.0332,0.567,465448.56970338314
Tue Mar 26 2024 15:00:00 GMT+0000 (Greenwich Mean Time),0.03,0.0332,0.5672,234675.99859761336
Tue Mar 26 2024 16:00:00 GMT+0000 (Greenwich Mean Time),0.03,0.0332,0.5716,274286.3111423166
Tue Mar 26 2024 17:00:00 GMT+0000 (Greenwich Mean Time),0.03,0.0332,0.5728,585031.9182974771
Tue Mar 26 2024 18:00:00 GMT+0000 (Greenwich Mean Time),0.03,0.0332,0.5724,484197.24252263573
Tue Mar 26 2024 19:00:00 GMT+0000 (Greenwich Mean Time),0.03,0.0332,0.5791,374785.0822249356
Tue Mar 26 2024 20:00:00 GMT+0000 (Greenwich Mean Time),0.03,0.0332,0.5795,296647.0365189792
Tue Mar 26 2024 21:00:00 GMT+0000 (Greenwich Mean Time),0.03,0.0332,0.6126,874192.460948198
Tue Mar 26 2024 22:00:00 GMT+0000 (Greenwich Mean Time),0.03,0.0332,0.6111,452666.42769236345
Tue Mar 26 2024 23:00:00 GMT+0000 (Greenwich Mean Time),0.03,0.0332,0.6127,185864.35019104637
Wed Mar 27 2024 00:00:00 GMT+0000 (Greenwich Mean Time),0.03,0.0332,0.6112,427668.1719622674
Wed Mar 27 2024 01:00:00 GMT+0000 (Greenwich Mean Time),0.03,0.0332,0.6058,308714.931389803
Wed Mar 27 2024 02:00:00 GMT+0000 (Greenwich Mean Time),0.03,0.0332,0.6098,189578.0915948572
Wed Mar 27 2024 03:00:00 GMT+0000 (Greenwich Mean Time),0.03,0.0332,0.6139,221084.89732272687
Wed Mar 27 2024 04:00:00 GMT+0000 (Greenwich Mean Time),0.03,0.0332,0.6128,129520.65277929763
Wed Mar 27 2024 05:00:00 GMT+0000 (Greenwich Mean Time),0.03,0.0332,0.6109,247007.53692807804
Wed Mar 27 2024 06:00:00 GMT+0000 (Greenwich Mean Time),0.03,0.0332,0.614,134875.82498898963
Wed Mar 27 2024 07:00:00 GMT+0000 (Greenwich Mean Time),0.03,0.0332,0.5918,1146923.4613107943
Wed Mar 27 2024 08:00:00 GMT+0000 (Greenwich Mean Time),0.03,0.0332,0.5924,1022851.0335779528
Wed Mar 27 2024 09:00:00 GMT+0000 (Greenwich Mean Time),0.03,0.0332,0.5935,1601690.1014111754
Wed Mar 27 2024 10:00:00 GMT+0000 (Greenwich Mean Time),0.03,0.0332,0.5941,194099.39837210113
Wed Mar 27 2024 11:00:00 GMT+0000 (Greenwich Mean Time),0.03,0.0268,0.6107,405547.98090971797
Wed Mar 27 2024 12:00:00 GMT+0000 (Greenwich Mean Time),0.0145,0.029,0.6139,134562.6053575428
Wed Mar 27 2024 13:00:00 GMT+0000 (Greenwich Mean Time),0.0145,0.029,0.6126,450153.3194030909
Wed Mar 27 2024 14:00:00 GMT+0000 (Greenwich Mean Time),0.0145,0.029,0.5948,812335.5230856597
Wed Mar 27 2024 15:00:00 GMT+0000 (Greenwich Mean Time),0.0145,0.029,0.6135,622991.2038497548
Wed Mar 27 2024 16:00:00 GMT+0000 (Greenwich Mean Time),0.0145,0.029,0.6132,305447.0178440705
Wed Mar 27 2024 17:00:00 GMT+0000 (Greenwich Mean Time),0.0145,0.029,0.6141,5919.044036133462
Wed Mar 27 2024 18:00:00 GMT+0000 (Greenwich Mean Time),0.0145,0.029,0.6141,226599.5024096454
Wed Mar 27 2024 19:00:00 GMT+0000 (Greenwich Mean Time),0.0145,0.029,0.6141,77560.28221367585
Wed Mar 27 2024 20:00:00 GMT+0000 (Greenwich Mean Time),0.0145,0.029,0.6113,193554.20426855586
Wed Mar 27 2024 21:00:00 GMT+0000 (Greenwich Mean Time),0.0145,0.029,0.6137,53996.42293414724
Wed Mar 27 2024 22:00:00 GMT+0000 (Greenwich Mean Time),0.0145,0.029,0.605,1469571.7766433028
Wed Mar 27 2024 23:00:00 GMT+0000 (Greenwich Mean Time),0.0145,0.029,0.614,251052.8141886011
Thu Mar 28 2024 00:00:00 GMT+0000 (Greenwich Mean Time),0.0145,0.029,0.6141,24257.237090550403
Thu Mar 28 2024 01:00:00 GMT+0000 (Greenwich Mean Time),0.0145,0.029,0.6141,84884.39138401135
Thu Mar 28 2024 02:00:00 GMT+0000 (Greenwich Mean Time),0.0145,0.029,0.614,33212.11814787881
Thu Mar 28 2024 03:00:00 GMT+0000 (Greenwich Mean Time),0.0145,0.029,0.6141,55159.746099071184
Thu Mar 28 2024 04:00:00 GMT+0000 (Greenwich Mean Time),0.0145,0.029,0.6139,217442.2787449094
Thu Mar 28 2024 05:00:00 GMT+0000 (Greenwich Mean Time),0.0145,0.029,0.6141,831595.6472362465
Thu Mar 28 2024 06:00:00 GMT+0000 (Greenwich Mean Time),0.0145,0.029,0.6141,91598.8738465352
Thu Mar 28 2024 07:00:00 GMT+0000 (Greenwich Mean Time),0.0145,0.029,0.6141,224764.25681553688
Thu Mar 28 2024 08:00:00 GMT+0000 (Greenwich Mean Time),0.0145,0.029,0.6141,48453.4764344367
Thu Mar 28 2024 09:00:00 GMT+0000 (Greenwich Mean Time),0.0145,0.029,0.614,303392.18035587075
Thu Mar 28 2024 10:00:00 GMT+0000 (Greenwich Mean Time),0.0145,0.029,0.6141,268046.8329436028
Thu Mar 28 2024 11:00:00 GMT+0000 (Greenwich Mean Time),0.0145,0.0248,0.6141,110101.08773193095
Thu Mar 28 2024 12:00:00 GMT+0000 (Greenwich Mean Time),0.0284,0.0289,0.6141,25347.592725742143
Thu Mar 28 2024 13:00:00 GMT+0000 (Greenwich Mean Time),0.0284,0.0289,0.6141,144061.58183165136
Thu Mar 28 2024 14:00:00 GMT+0000 (Greenwich Mean Time),0.0284,0.0289,0.6141,326442.87110884715
Thu Mar 28 2024 15:00:00 GMT+0000 (Greenwich Mean Time),0.0284,0.0289,0.6141,29180.354280252104
Thu Mar 28 2024 16:00:00 GMT+0000 (Greenwich Mean Time),0.0284,0.0289,0.6141,26404.846579461286
Thu Mar 28 2024 17:00:00 GMT+0000 (Greenwich Mean Time),0.0284,0.0289,0.6141,34686.680030095384
Thu Mar 28 2024 18:00:00 GMT+0000 (Greenwich Mean Time),0.0284,0.0289,0.6141,1067917.4022873072
Thu Mar 28 2024 19:00:00 GMT+0000 (Greenwich Mean Time),0.0284,0.0289,0.6141,101351.37811357746
Thu Mar 28 2024 20:00:00 GMT+0000 (Greenwich Mean Time),0.0284,0.0289,0.6141,126165.71368647109
Thu Mar 28 2024 21:00:00 GMT+0000 (Greenwich Mean Time),0.0284,0.0289,0.6141,34600.033878220594
Thu Mar 28 2024 22:00:00 GMT+0000 (Greenwich Mean Time),0.0284,0.0289,0.6141,16534.87075684302
Thu Mar 28 2024 23:00:00 GMT+0000 (Greenwich Mean Time),0.0284,0.0289,0.6141,98483.16679900754
Fri Mar 29 2024 00:00:00 GMT+0000 (Greenwich Mean Time),0.0284,0.0289,0.6141,92776.99729870711
Fri Mar 29 2024 01:00:00 GMT+0000 (Greenwich Mean Time),0.0284,0.0289,0.6141,5139.613675715487
Fri Mar 29 2024 02:00:00 GMT+0000 (Greenwich Mean Time),0.0284,0.0289,0.6141,47256.87409447671
Fri Mar 29 2024 03:00:00 GMT+0000 (Greenwich Mean Time),0.0284,0.0289,0.6139,105998.375534167
Fri Mar 29 2024 04:00:00 GMT+0000 (Greenwich Mean Time),0.0284,0.0289,0.6141,1735340.6040660227
Fri Mar 29 2024 05:00:00 GMT+0000 (Greenwich Mean Time),0.0284,0.0289,0.6141,727636.6244066561
Fri Mar 29 2024 06:00:00 GMT+0000 (Greenwich Mean Time),0.0284,0.0289,0.6141,66268.13341975861
Fri Mar 29 2024 07:00:00 GMT+0000 (Greenwich Mean Time),0.0284,0.0289,0.6141,39305.1917252491
Fri Mar 29 2024 08:00:00 GMT+0000 (Greenwich Mean Time),0.0284,0.0289,0.6141,56819.59243662307
Fri Mar 29 2024 09:00:00 GMT+0000 (Greenwich Mean Time),0.0284,0.0289,0.6141,31881.44152724991
Fri Mar 29 2024 10:00:00 GMT+0000 (Greenwich Mean Time),0.0284,0.0289,0.6141,253819.14207402169
Fri Mar 29 2024 11:00:00 GMT+0000 (Greenwich Mean Time),0.0284,0.0245,0.6141,35748.72785908382
Fri Mar 29 2024 12:00:00 GMT+0000 (Greenwich Mean Time),0.0285,0.0286,0.6141,117457.33035790082
Fri Mar 29 2024 13:00:00 GMT+0000 (Greenwich Mean Time),0.0285,0.0286,0.6141,25601.546511925764
Fri Mar 29 2024 14:00:00 GMT+0000 (Greenwich Mean Time),0.0285,0.0286,0.6141,125356.71405009557
Fri Mar 29 2024 15:00:00 GMT+0000 (Greenwich Mean Time),0.0285,0.0286,0.6141,140512.1632831557
Fri Mar 29 2024 16:00:00 GMT+0000 (Greenwich Mean Time),0.0285,0.0286,0.6141,55200.57935991745
Fri Mar 29 2024 17:00:00 GMT+0000 (Greenwich Mean Time),0.0285,0.0286,0.6141,36641.792520288014
Fri Mar 29 2024 18:00:00 GMT+0000 (Greenwich Mean Time),0.0285,0.0286,0.6141,115982.2949851512
Fri Mar 29 2024 19:00:00 GMT+0000 (Greenwich Mean Time),0.0285,0.0286,0.6141,24285.738911564265
Fri Mar 29 2024 20:00:00 GMT+0000 (Greenwich Mean Time),0.0285,0.0286,0.6141,32969.91988435088
Fri Mar 29 2024 21:00:00 GMT+0000 (Greenwich Mean Time),0.0285,0.0286,0.6141,27089.298019094764
Fri Mar 29 2024 22:00:00 GMT+0000 (Greenwich Mean Time),0.0285,0.0286,0.6141,33936.872179231446
Fri Mar 29 2024 23:00:00 GMT+0000 (Greenwich Mean Time),0.0285,0.0286,0.6141,24152.783569932726
Sat Mar 30 2024 00:00:00 GMT+0000 (Greenwich Mean Time),0.0285,0.0286,0.6141,10260.465628735123
Sat Mar 30 2024 01:00:00 GMT+0000 (Greenwich Mean Time),0.0285,0.0286,0.6141,272653.9320452146
Sat Mar 30 2024 02:00:00 GMT+0000 (Greenwich Mean Time),0.0285,0.0286,0.6141,157735.1221812698
Sat Mar 30 2024 03:00:00 GMT+0000 (Greenwich Mean Time),0.0285,0.0286,0.6141,9219.761367200226
Sat Mar 30 2024 04:00:00 GMT+0000 (Greenwich Mean Time),0.0285,0.0286,0.6141,879.1090218306176
Sat Mar 30 2024 05:00:00 GMT+0000 (Greenwich Mean Time),0.0285,0.0286,0.6141,19075.04644842662
Sat Mar 30 2024 06:00:00 GMT+0000 (Greenwich Mean Time),0.0285,0.0286,0.6141,108368.99201517063
Sat Mar 30 2024 07:00:00 GMT+0000 (Greenwich Mean Time),0.0285,0.0286,0.6141,12799.75074484379
Sat Mar 30 2024 08:00:00 GMT+0000 (Greenwich Mean Time),0.0285,0.0286,0.6137,43923.496732354426
Sat Mar 30 2024 09:00:00 GMT+0000 (Greenwich Mean Time),0.0285,0.0286,0.6141,243924.07197694248
Sat Mar 30 2024 10:00:00 GMT+0000 (Greenwich Mean Time),0.0285,0.0286,0.6001,724653.2194010976
Sat Mar 30 2024 11:00:00 GMT+0000 (Greenwich Mean Time),0.0285,0.0238,0.6141,320641.6750366942
Sat Mar 30 2024 12:00:00 GMT+0000 (Greenwich Mean Time),0.0278,0.0279,0.6141,69220.70273240408
Sat Mar 30 2024 13:00:00 GMT+0000 (Greenwich Mean Time),0.0278,0.0279,0.6141,78953.53812852378
Sat Mar 30 2024 14:00:00 GMT+0000 (Greenwich Mean Time),0.0278,0.0279,0.6141,26644.22451994723
Sat Mar 30 2024 15:00:00 GMT+0000 (Greenwich Mean Time),0.0278,0.0279,0.6141,191299.67398890806
Sat Mar 30 2024 16:00:00 GMT+0000 (Greenwich Mean Time),0.0278,0.0279,0.6141,102317.25352973392
Sat Mar 30 2024 17:00:00 GMT+0000 (Greenwich Mean Time),0.0278,0.0279,0.6141,3406544.109503035
Sat Mar 30 2024 18:00:00 GMT+0000 (Greenwich Mean Time),0.0278,0.0279,0.6141,144796.9359443914
Sat Mar 30 2024 19:00:00 GMT+0000 (Greenwich Mean Time),0.0278,0.0279,0.6141,417938.35912599065
Sat Mar 30 2024 20:00:00 GMT+0000 (Greenwich Mean Time),0.0278,0.0279,0.6141,23325.949923327513
Sat Mar 30 2024 21:00:00 GMT+0000 (Greenwich Mean Time),0.0278,0.0279,0.6141,40210.01596439123
Sat Mar 30 2024 22:00:00 GMT+0000 (Greenwich Mean Time),0.0278,0.0279,0.6141,85824.58491461711
Sat Mar 30 2024 23:00:00 GMT+0000 (Greenwich Mean Time),0.0278,0.0279,0.614,321604.01667499
Sun Mar 31 2024 00:00:00 GMT+0000 (Greenwich Mean Time),0.0278,0.0279,0.6141,187116.8831559781
Sun Mar 31 2024 02:00:00 GMT+0100 (British Summer Time),0.0278,0.0279,0.6141,60787.07567003599
Sun Mar 31 2024 03:00:00 GMT+0100 (British Summer Time),0.0278,0.0279,0.6141,69950.9057967597
Sun Mar 31 2024 04:00:00 GMT+0100 (British Summer Time),0.0278,0.0279,0.6141,55577.08326451238
Sun Mar 31 2024 05:00:00 GMT+0100 (British Summer Time),0.0278,0.0279,0.6141,421425.6141785162
Sun Mar 31 2024 06:00:00 GMT+0100 (British Summer Time),0.0278,0.0279,0.6141,52747.84689688415
Sun Mar 31 2024 07:00:00 GMT+0100 (British Summer Time),0.0278,0.0279,0.6141,45759.42353541524
Sun Mar 31 2024 08:00:00 GMT+0100 (British Summer Time),0.0278,0.0279,0.6141,50412.3469860231
Sun Mar 31 2024 09:00:00 GMT+0100 (British Summer Time),0.0278,0.0279,0.6141,254906.54781907942
Sun Mar 31 2024 10:00:00 GMT+0100 (British Summer Time),0.0278,0.0279,0.6141,349643.9353929818
Sun Mar 31 2024 11:00:00 GMT+0100 (British Summer Time),0.0278,0.0279,0.6114,272262.61468695564
Sun Mar 31 2024 12:00:00 GMT+0100 (British Summer Time),0.0278,0.0226,0.6141,434854.03311833565
Sun Mar 31 2024 13:00:00 GMT+0100 (British Summer Time),0.0267,0.0265,0.6141,105101.54323283327
Sun Mar 31 2024 14:00:00 GMT+0100 (British Summer Time),0.0267,0.0265,0.6141,267806.29516400583
Sun Mar 31 2024 15:00:00 GMT+0100 (British Summer Time),0.0267,0.0265,0.6141,113276.89849001977
Sun Mar 31 2024 16:00:00 GMT+0100 (British Summer Time),0.0267,0.0265,0.6141,257157.48709877254
Sun Mar 31 2024 17:00:00 GMT+0100 (British Summer Time),0.0267,0.0265,0.6141,535596.39017676
Sun Mar 31 2024 18:00:00 GMT+0100 (British Summer Time),0.0267,0.0265,0.6141,499662.6557355547
Sun Mar 31 2024 19:00:00 GMT+0100 (British Summer Time),0.0267,0.0265,0.6141,371705.5706384359
Sun Mar 31 2024 20:00:00 GMT+0100 (British Summer Time),0.0267,0.0265,0.6141,95226.73451247171
Sun Mar 31 2024 21:00:00 GMT+0100 (British Summer Time),0.0267,0.0265,0.6141,138799.28925344645
Sun Mar 31 2024 22:00:00 GMT+0100 (British Summer Time),0.0267,0.0265,0.6141,115517.62893071544
Sun Mar 31 2024 23:00:00 GMT+0100 (British Summer Time),0.0267,0.0265,0.6129,130524.69666738741
Mon Apr 01 2024 00:00:00 GMT+0100 (British Summer Time),0.0267,0.0265,0.614,703608.521717462
Mon Apr 01 2024 01:00:00 GMT+0100 (British Summer Time),0.0267,0.0265,0.6141,118451.04222658239
Mon Apr 01 2024 02:00:00 GMT+0100 (British Summer Time),0.0267,0.0265,0.6141,284804.1722843768
Mon Apr 01 2024 03:00:00 GMT+0100 (British Summer Time),0.0267,0.0265,0.6133,188330.91419760845
Mon Apr 01 2024 04:00:00 GMT+0100 (British Summer Time),0.0267,0.0265,0.6141,222761.95109408945
Mon Apr 01 2024 05:00:00 GMT+0100 (British Summer Time),0.0267,0.0265,0.612,392285.97746021993
Mon Apr 01 2024 06:00:00 GMT+0100 (British Summer Time),0.0267,0.0265,0.6141,229763.68141784778
Mon Apr 01 2024 07:00:00 GMT+0100 (British Summer Time),0.0267,0.0265,0.6141,191799.8252923247
Mon Apr 01 2024 08:00:00 GMT+0100 (British Summer Time),0.0267,0.0265,0.6141,354438.41345322016
Mon Apr 01 2024 09:00:00 GMT+0100 (British Summer Time),0.0267,0.0265,0.6141,222121.68918864543
Mon Apr 01 2024 10:00:00 GMT+0100 (British Summer Time),0.0267,0.0265,0.5171,4205903.85630308
Mon Apr 01 2024 11:00:00 GMT+0100 (British Summer Time),0.0267,0.0265,0.6008,2508624.7266529077
Mon Apr 01 2024 12:00:00 GMT+0100 (British Summer Time),0.0267,0.0265,0.614,521179.0323369826
Mon Apr 01 2024 13:00:00 GMT+0100 (British Summer Time),0.0263,0.026,0.6139,432734.5434719982
Mon Apr 01 2024 14:00:00 GMT+0100 (British Summer Time),0.0263,0.026,0.6142,264894.87608261756
Mon Apr 01 2024 15:00:00 GMT+0100 (British Summer Time),0.0263,0.026,0.6141,103793.07727752998
Mon Apr 01 2024 16:00:00 GMT+0100 (British Summer Time),0.0263,0.026,0.6141,624058.0131527849
Mon Apr 01 2024 17:00:00 GMT+0100 (British Summer Time),0.0263,0.026,0.6141,236495.8126183424
Mon Apr 01 2024 18:00:00 GMT+0100 (British Summer Time),0.0263,0.026,0.6141,120162.89355907627
Mon Apr 01 2024 19:00:00 GMT+0100 (British Summer Time),0.0263,0.026,0.6139,402812.0434541156
Mon Apr 01 2024 20:00:00 GMT+0100 (British Summer Time),0.0263,0.026,0.6141,166968.705550219
Mon Apr 01 2024 21:00:00 GMT+0100 (British Summer Time),0.0263,0.026,0.6141,749107.490227444
Mon Apr 01 2024 22:00:00 GMT+0100 (British Summer Time),0.0263,0.026,0.6142,28345.694631727514
Mon Apr 01 2024 23:00:00 GMT+0100 (British Summer Time),0.0263,0.026,0.6141,101731.00634509773
Tue Apr 02 2024 00:00:00 GMT+0100 (British Summer Time),0.0263,0.026,0.6142,39825.39581068626
Tue Apr 02 2024 01:00:00 GMT+0100 (British Summer Time),0.0263,0.026,0.6141,52122.86483156013
Tue Apr 02 2024 02:00:00 GMT+0100 (British Summer Time),0.0263,0.026,0.6141,74621.2655307061
Tue Apr 02 2024 03:00:00 GMT+0100 (British Summer Time),0.0263,0.026,0.6142,40341.63991328643
Tue Apr 02 2024 04:00:00 GMT+0100 (British Summer Time),0.0263,0.026,0.6142,119884.28858915945
Tue Apr 02 2024 05:00:00 GMT+0100 (British Summer Time),0.0263,0.026,0.6142,38266.27591416872
Tue Apr 02 2024 06:00:00 GMT+0100 (British Summer Time),0.0263,0.026,0.6142,73397.10991990326
Tue Apr 02 2024 07:00:00 GMT+0100 (British Summer Time),0.0263,0.026,0.6142,77141.43247165848
Tue Apr 02 2024 08:00:00 GMT+0100 (British Summer Time),0.0263,0.026,0.6138,142596.32571864183
Tue Apr 02 2024 09:00:00 GMT+0100 (British Summer Time),0.0263,0.026,0.6141,191115.2798742541
Tue Apr 02 2024 10:00:00 GMT+0100 (British Summer Time),0.0263,0.026,0.6136,813314.0186243817
Tue Apr 02 2024 11:00:00 GMT+0100 (British Summer Time),0.0263,0.026,0.6141,127616.8550860692
Tue Apr 02 2024 12:00:00 GMT+0100 (British Summer Time),0.0263,0.026,0.6142,71030.23860846143
Tue Apr 02 2024 13:00:00 GMT+0100 (British Summer Time),0,0.0217,0.6141,172219.0775277426
Tue Apr 02 2024 14:00:00 GMT+0100 (British Summer Time),0.0256,0.0254,0.6142,203601.95871368947
Tue Apr 02 2024 15:00:00 GMT+0100 (British Summer Time),0.0256,0.0254,0.6141,266018.8177063957
Tue Apr 02 2024 16:00:00 GMT+0100 (British Summer Time),0.0256,0.0254,0.6141,410019.88634163
Tue Apr 02 2024 17:00:00 GMT+0100 (British Summer Time),0.0256,0.0254,0.6142,144448.6111285541
Tue Apr 02 2024 18:00:00 GMT+0100 (British Summer Time),0.0256,0.0254,0.6141,814139.2906270477
Tue Apr 02 2024 19:00:00 GMT+0100 (British Summer Time),0.0256,0.0254,0.6141,388885.58239256305
Tue Apr 02 2024 20:00:00 GMT+0100 (British Summer Time),0.0256,0.0254,0.6142,540584.1738301929
Tue Apr 02 2024 21:00:00 GMT+0100 (British Summer Time),0.0256,0.0254,0.6121,692110.9103717405
Tue Apr 02 2024 22:00:00 GMT+0100 (British Summer Time),0.0256,0.0254,0.6135,237479.38750187148
Tue Apr 02 2024 23:00:00 GMT+0100 (British Summer Time),0.0256,0.0254,0.6139,308975.1181557139
Wed Apr 03 2024 00:00:00 GMT+0100 (British Summer Time),0.0256,0.0254,0.6139,138616.28723030258
Wed Apr 03 2024 01:00:00 GMT+0100 (British Summer Time),0.0256,0.0254,0.6142,60936.508448119894
Wed Apr 03 2024 02:00:00 GMT+0100 (British Summer Time),0.0256,0.0254,0.6141,56699.32249437721
Wed Apr 03 2024 03:00:00 GMT+0100 (British Summer Time),0.0256,0.0254,0.6132,298526.2251389968
Wed Apr 03 2024 04:00:00 GMT+0100 (British Summer Time),0.0256,0.0254,0.6119,876333.8863132017
Wed Apr 03 2024 05:00:00 GMT+0100 (British Summer Time),0.0256,0.0254,0.6133,271691.51076850574
Wed Apr 03 2024 06:00:00 GMT+0100 (British Summer Time),0.0256,0.0254,0.6141,201852.89428193375
Wed Apr 03 2024 07:00:00 GMT+0100 (British Summer Time),0.0256,0.0254,0.6142,109296.9821109932
Wed Apr 03 2024 08:00:00 GMT+0100 (British Summer Time),0.0256,0.0254,0.6104,222954.13557328616
Wed Apr 03 2024 09:00:00 GMT+0100 (British Summer Time),0.0256,0.0254,0.6142,113934.93553180691
Wed Apr 03 2024 10:00:00 GMT+0100 (British Summer Time),0.0256,0.0254,0.6142,90389.10325963641
Wed Apr 03 2024 11:00:00 GMT+0100 (British Summer Time),0.0256,0.0254,0.6142,638585.0030907844
Wed Apr 03 2024 12:00:00 GMT+0100 (British Summer Time),0.0256,0.0254,0.6142,84804.42412297982
Wed Apr 03 2024 13:00:00 GMT+0100 (British Summer Time),0.0256,0.0233,0.6142,185705.03250189067
Wed Apr 03 2024 14:00:00 GMT+0100 (British Summer Time),0.0256,0.027,0.6142,87429.44203981358
Wed Apr 03 2024 15:00:00 GMT+0100 (British Summer Time),0.0256,0.027,0.6142,306744.82599444396
Wed Apr 03 2024 16:00:00 GMT+0100 (British Summer Time),0.0256,0.027,0.6142,134113.86157067947
Wed Apr 03 2024 17:00:00 GMT+0100 (British Summer Time),0.0256,0.027,0.6142,79121.77613631953
Wed Apr 03 2024 18:00:00 GMT+0100 (British Summer Time),0.0256,0.027,0.6142,144438.4715555658
Wed Apr 03 2024 19:00:00 GMT+0100 (British Summer Time),0.0256,0.027,0.6142,172676.37064380624
Wed Apr 03 2024 20:00:00 GMT+0100 (British Summer Time),0.0256,0.027,0.6142,361865.395928971
Wed Apr 03 2024 21:00:00 GMT+0100 (British Summer Time),0.0256,0.027,0.6142,129030.84696951578
Wed Apr 03 2024 22:00:00 GMT+0100 (British Summer Time),0.0256,0.027,0.614,41308.23734074482
Wed Apr 03 2024 23:00:00 GMT+0100 (British Summer Time),0.0256,0.027,0.6142,51078.67920307249
Thu Apr 04 2024 00:00:00 GMT+0100 (British Summer Time),0.0256,0.027,0.6142,12754.858463791214
Thu Apr 04 2024 01:00:00 GMT+0100 (British Summer Time),0.0256,0.027,0.6142,36200.878438065985
Thu Apr 04 2024 02:00:00 GMT+0100 (British Summer Time),0.0256,0.027,0.6142,76323.66832970065
Thu Apr 04 2024 03:00:00 GMT+0100 (British Summer Time),0.0256,0.027,0.6142,155168.64504656027
Thu Apr 04 2024 04:00:00 GMT+0100 (British Summer Time),0.0256,0.027,0.6142,7987.1163561542
Thu Apr 04 2024 05:00:00 GMT+0100 (British Summer Time),0.0256,0.027,0.6141,151398.81024358823
Thu Apr 04 2024 06:00:00 GMT+0100 (British Summer Time),0.0256,0.027,0.6142,66870.34760478098
Thu Apr 04 2024 07:00:00 GMT+0100 (British Summer Time),0.0256,0.027,0.6142,66402.12827843586
Thu Apr 04 2024 08:00:00 GMT+0100 (British Summer Time),0.0256,0.027,0.6142,220811.36133303816
Thu Apr 04 2024 09:00:00 GMT+0100 (British Summer Time),0.0256,0.027,0.6142,102732.7730564155
Thu Apr 04 2024 10:00:00 GMT+0100 (British Summer Time),0.0256,0.027,0.6142,468608.92487097543
Thu Apr 04 2024 11:00:00 GMT+0100 (British Summer Time),0.0256,0.027,0.6141,242154.30904418696
Thu Apr 04 2024 12:00:00 GMT+0100 (British Summer Time),0.0256,0.027,0.6142,128506.33315865099
Thu Apr 04 2024 13:00:00 GMT+0100 (British Summer Time),0.0256,0.0229,0.6142,162486.43943400925
Thu Apr 04 2024 14:00:00 GMT+0100 (British Summer Time),0.0255,0.0266,0.6141,402283.19144087716
Thu Apr 04 2024 15:00:00 GMT+0100 (British Summer Time),0.0255,0.0266,0.6142,62535.81801040392
Thu Apr 04 2024 16:00:00 GMT+0100 (British Summer Time),0.0255,0.0266,0.6142,265424.4740056287
Thu Apr 04 2024 17:00:00 GMT+0100 (British Summer Time),0.0255,0.0266,0.6142,311705.5570599516
Thu Apr 04 2024 18:00:00 GMT+0100 (British Summer Time),0.0255,0.0266,0.6122,111492.29304998976
Thu Apr 04 2024 19:00:00 GMT+0100 (British Summer Time),0.0255,0.0266,0.6142,185360.3304470664
Thu Apr 04 2024 20:00:00 GMT+0100 (British Summer Time),0.0255,0.0266,0.6142,51074.145441875604
Thu Apr 04 2024 21:00:00 GMT+0100 (British Summer Time),0.0255,0.0266,0.6142,135313.1435320779
Thu Apr 04 2024 22:00:00 GMT+0100 (British Summer Time),0.0255,0.0266,0.6142,74672.9365830619
Thu Apr 04 2024 23:00:00 GMT+0100 (British Summer Time),0.0255,0.0266,0.6142,70819.0650964034
Fri Apr 05 2024 00:00:00 GMT+0100 (British Summer Time),0.0255,0.0266,0.6142,97569.93321510658
Fri Apr 05 2024 01:00:00 GMT+0100 (British Summer Time),0.0255,0.0266,0.6142,111716.07079134058
Fri Apr 05 2024 02:00:00 GMT+0100 (British Summer Time),0.0255,0.0266,0.6142,167251.1912831383
Fri Apr 05 2024 03:00:00 GMT+0100 (British Summer Time),0.0255,0.0266,0.6142,91068.66048892797
Fri Apr 05 2024 04:00:00 GMT+0100 (British Summer Time),0.0255,0.0266,0.6142,42888.52524421409
Fri Apr 05 2024 05:00:00 GMT+0100 (British Summer Time),0.0255,0.0266,0.6142,73382.9843815332
Fri Apr 05 2024 06:00:00 GMT+0100 (British Summer Time),0.0255,0.0266,0.6142,127093.5667965041
Fri Apr 05 2024 07:00:00 GMT+0100 (British Summer Time),0.0255,0.0266,0.6142,200113.73374721484
Fri Apr 05 2024 08:00:00 GMT+0100 (British Summer Time),0.0255,0.0266,0.6142,115341.09787224705
Fri Apr 05 2024 09:00:00 GMT+0100 (British Summer Time),0.0255,0.0266,0.6142,272848.0079818214
Fri Apr 05 2024 10:00:00 GMT+0100 (British Summer Time),0.0255,0.0266,0.6142,822865.7854215654
Fri Apr 05 2024 11:00:00 GMT+0100 (British Summer Time),0.0255,0.0266,0.6142,467465.36174941726
Fri Apr 05 2024 12:00:00 GMT+0100 (British Summer Time),0.0255,0.0266,0.6142,308139.30065105995
Fri Apr 05 2024 13:00:00 GMT+0100 (British Summer Time),0.0255,0.0225,0.6142,557136.3962301146
Fri Apr 05 2024 14:00:00 GMT+0100 (British Summer Time),0.0254,0.0261,0.6142,446052.68888962315
Fri Apr 05 2024 15:00:00 GMT+0100 (British Summer Time),0.0254,0.0261,0.6142,295561.17136228905
Fri Apr 05 2024 16:00:00 GMT+0100 (British Summer Time),0.0254,0.0261,0.6142,191334.35010836605
Fri Apr 05 2024 17:00:00 GMT+0100 (British Summer Time),0.0254,0.0261,0.6142,68702.9989248745
Fri Apr 05 2024 18:00:00 GMT+0100 (British Summer Time),0.0254,0.0261,0.6142,96068.92931035953
Fri Apr 05 2024 19:00:00 GMT+0100 (British Summer Time),0.0254,0.0261,0.6141,218514.09540306695
Fri Apr 05 2024 20:00:00 GMT+0100 (British Summer Time),0.0254,0.0261,0.6142,84438.85700560168
Fri Apr 05 2024 21:00:00 GMT+0100 (British Summer Time),0.0254,0.0261,0.6142,287847.13338821183
Fri Apr 05 2024 22:00:00 GMT+0100 (British Summer Time),0.0254,0.0261,0.6142,65735.89385090137
Fri Apr 05 2024 23:00:00 GMT+0100 (British Summer Time),0.0254,0.0261,0.6142,120113.10319542598
Sat Apr 06 2024 00:00:00 GMT+0100 (British Summer Time),0.0254,0.0261,0.6142,28442.5937801673
Sat Apr 06 2024 01:00:00 GMT+0100 (British Summer Time),0.0254,0.0261,0.6142,93373.09771128342
Sat Apr 06 2024 02:00:00 GMT+0100 (British Summer Time),0.0254,0.0261,0.6141,122810.55561134555
Sat Apr 06 2024 03:00:00 GMT+0100 (British Summer Time),0.0254,0.0261,0.6142,35253.36113073092
Sat Apr 06 2024 04:00:00 GMT+0100 (British Summer Time),0.0254,0.0261,0.6142,160388.67339015493
Sat Apr 06 2024 05:00:00 GMT+0100 (British Summer Time),0.0254,0.0261,0.614,200664.75135818514
Sat Apr 06 2024 06:00:00 GMT+0100 (British Summer Time),0.0254,0.0261,0.6142,273892.3847202227
Sat Apr 06 2024 07:00:00 GMT+0100 (British Summer Time),0.0254,0.0261,0.614,66912.25237354494
Sat Apr 06 2024 08:00:00 GMT+0100 (British Summer Time),0.0254,0.0261,0.6142,169034.83160941393
Sat Apr 06 2024 09:00:00 GMT+0100 (British Summer Time),0.0254,0.0261,0.6142,403699.7120441514
Sat Apr 06 2024 10:00:00 GMT+0100 (British Summer Time),0.0254,0.0261,0.6142,146462.45085840175
Sat Apr 06 2024 11:00:00 GMT+0100 (British Summer Time),0.0254,0.0261,0.6142,87480.42279198577
Sat Apr 06 2024 12:00:00 GMT+0100 (British Summer Time),0.0254,0.0261,0.6142,240549.05758481263
Sat Apr 06 2024 13:00:00 GMT+0100 (British Summer Time),0.0254,0.0221,0.6142,48859.924691703854
Sat Apr 06 2024 14:00:00 GMT+0100 (British Summer Time),0.0259,0.0258,0.6142,74583.79110451501
Sat Apr 06 2024 15:00:00 GMT+0100 (British Summer Time),0.0259,0.0258,0.6142,110110.34237686137
Sat Apr 06 2024 16:00:00 GMT+0100 (British Summer Time),0.0259,0.0258,0.6142,182192.5906478733
Sat Apr 06 2024 17:00:00 GMT+0100 (British Summer Time),0.0259,0.0258,0.6142,52659.87575513506
Sat Apr 06 2024 18:00:00 GMT+0100 (British Summer Time),0.0259,0.0258,0.6142,11435.425185334418
Sat Apr 06 2024 19:00:00 GMT+0100 (British Summer Time),0.0259,0.0258,0.6141,137677.52019346756
Sat Apr 06 2024 20:00:00 GMT+0100 (British Summer Time),0.0259,0.0258,0.6142,1264011.7706621538
Sat Apr 06 2024 21:00:00 GMT+0100 (British Summer Time),0.0259,0.0258,0.6141,84662.44849127078
Sat Apr 06 2024 22:00:00 GMT+0100 (British Summer Time),0.0259,0.0258,0.6142,936942.2336816227
Sat Apr 06 2024 23:00:00 GMT+0100 (British Summer Time),0.0259,0.0258,0.6142,100843.47979523036
Sun Apr 07 2024 00:00:00 GMT+0100 (British Summer Time),0.0259,0.0258,0.6142,228402.04711736
Sun Apr 07 2024 01:00:00 GMT+0100 (British Summer Time),0.0259,0.0258,0.6142,130772.17219935895
Sun Apr 07 2024 02:00:00 GMT+0100 (British Summer Time),0.0259,0.0258,0.6141,553249.8211358343
Sun Apr 07 2024 03:00:00 GMT+0100 (British Summer Time),0.0259,0.0258,0.6142,145828.59314093646
Sun Apr 07 2024 04:00:00 GMT+0100 (British Summer Time),0.0259,0.0258,0.6142,142422.63518881125
Sun Apr 07 2024 05:00:00 GMT+0100 (British Summer Time),0.0259,0.0258,0.6142,14891.888060393092
Sun Apr 07 2024 06:00:00 GMT+0100 (British Summer Time),0.0259,0.0258,0.6142,185644.5839191491
Sun Apr 07 2024 07:00:00 GMT+0100 (British Summer Time),0.0259,0.0258,0.6142,184039.15620939265
Sun Apr 07 2024 08:00:00 GMT+0100 (British Summer Time),0.0259,0.0258,0.6142,73293.08019027626
Sun Apr 07 2024 09:00:00 GMT+0100 (British Summer Time),0.0259,0.0258,0.6142,425940.4124137328
Sun Apr 07 2024 10:00:00 GMT+0100 (British Summer Time),0.0259,0.0258,0.6142,391919.39144623163
Sun Apr 07 2024 11:00:00 GMT+0100 (British Summer Time),0.0259,0.0258,0.6142,89084.24903597936
Sun Apr 07 2024 12:00:00 GMT+0100 (British Summer Time),0.0259,0.0258,0.6142,434525.54310462985
Sun Apr 07 2024 13:00:00 GMT+0100 (British Summer Time),0.0259,0.022,0.6142,94243.71326962655
Sun Apr 07 2024 14:00:00 GMT+0100 (British Summer Time),0.0245,0.0255,0.6142,309861.0771919709
Sun Apr 07 2024 15:00:00 GMT+0100 (British Summer Time),0.0245,0.0255,0.6142,201872.2937348096
Sun Apr 07 2024 16:00:00 GMT+0100 (British Summer Time),0.0245,0.0255,0.6142,430475.44408995856
Sun Apr 07 2024 17:00:00 GMT+0100 (British Summer Time),0.0245,0.0255,0.6142,114847.98259348128
Sun Apr 07 2024 18:00:00 GMT+0100 (British Summer Time),0.0245,0.0255,0.6142,152070.33924666868
Sun Apr 07 2024 19:00:00 GMT+0100 (British Summer Time),0.0245,0.0255,0.6142,308893.57963718264
Sun Apr 07 2024 20:00:00 GMT+0100 (British Summer Time),0.0245,0.0255,0.6142,48726.5451423022
Sun Apr 07 2024 21:00:00 GMT+0100 (British Summer Time),0.0245,0.0255,0.6142,198061.79458139878
Sun Apr 07 2024 22:00:00 GMT+0100 (British Summer Time),0.0245,0.0255,0.6142,240484.42136237954
Sun Apr 07 2024 23:00:00 GMT+0100 (British Summer Time),0.0245,0.0255,0.6142,313350.5597355192
Mon Apr 08 2024 00:00:00 GMT+0100 (British Summer Time),0.0245,0.0255,0.6142,194136.0684957846
Mon Apr 08 2024 01:00:00 GMT+0100 (British Summer Time),0.0245,0.0255,0.6142,49934.33693106647
Mon Apr 08 2024 02:00:00 GMT+0100 (British Summer Time),0.0245,0.0255,0.6142,7847.248788521646
Mon Apr 08 2024 03:00:00 GMT+0100 (British Summer Time),0.0245,0.0255,0.6142,269675.23275216226
Mon Apr 08 2024 04:00:00 GMT+0100 (British Summer Time),0.0245,0.0255,0.6142,24439.186642189256
Mon Apr 08 2024 05:00:00 GMT+0100 (British Summer Time),0.0245,0.0255,0.6142,24148.698456249593
Mon Apr 08 2024 06:00:00 GMT+0100 (British Summer Time),0.0245,0.0255,0.6142,256500.20308187354
Mon Apr 08 2024 07:00:00 GMT+0100 (British Summer Time),0.0245,0.0255,0.6142,119587.41993966405
Mon Apr 08 2024 08:00:00 GMT+0100 (British Summer Time),0.0245,0.0255,0.6142,313642.9861404321
Mon Apr 08 2024 09:00:00 GMT+0100 (British Summer Time),0.0245,0.0255,0.6142,32451.485529558842
Mon Apr 08 2024 10:00:00 GMT+0100 (British Summer Time),0.0245,0.0255,0.6142,156141.14858498023
Mon Apr 08 2024 11:00:00 GMT+0100 (British Summer Time),0.0245,0.0255,0.6142,54037.91131234859
Mon Apr 08 2024 12:00:00 GMT+0100 (British Summer Time),0.0245,0.0255,0.6142,73525.54473712118
Mon Apr 08 2024 13:00:00 GMT+0100 (British Summer Time),0.0245,0.0217,0.6142,134624.8864409801
Mon Apr 08 2024 14:00:00 GMT+0100 (British Summer Time),0.0248,0.0253,0.6142,203472.12847272327
Mon Apr 08 2024 15:00:00 GMT+0100 (British Summer Time),0.0248,0.0253,0.6142,144704.68364166777
Mon Apr 08 2024 16:00:00 GMT+0100 (British Summer Time),0.0248,0.0253,0.6142,203193.08772308799
Mon Apr 08 2024 17:00:00 GMT+0100 (British Summer Time),0.0248,0.0253,0.6142,163001.4296118555
Mon Apr 08 2024 18:00:00 GMT+0100 (British Summer Time),0.0248,0.0253,0.6142,81623.15712976323
Mon Apr 08 2024 19:00:00 GMT+0100 (British Summer Time),0.0248,0.0253,0.6142,305078.2046563217
Mon Apr 08 2024 20:00:00 GMT+0100 (British Summer Time),0.0248,0.0253,0.6142,73393.21998099511
Mon Apr 08 2024 21:00:00 GMT+0100 (British Summer Time),0.0248,0.0253,0.6142,201245.40608845768
Mon Apr 08 2024 22:00:00 GMT+0100 (British Summer Time),0.0248,0.0253,0.6142,44685.66058530855
Mon Apr 08 2024 23:00:00 GMT+0100 (British Summer Time),0.0248,0.0253,0.6142,245552.81326871808
Tue Apr 09 2024 00:00:00 GMT+0100 (British Summer Time),0.0248,0.0253,0.6142,206072.37356030452
Tue Apr 09 2024 01:00:00 GMT+0100 (British Summer Time),0.0248,0.0253,0.6142,56167.53600896355
Tue Apr 09 2024 02:00:00 GMT+0100 (British Summer Time),0.0248,0.0253,0.6142,83326.58691549447
Tue Apr 09 2024 03:00:00 GMT+0100 (British Summer Time),0.0248,0.0253,0.6142,333318.67814408493
Tue Apr 09 2024 04:00:00 GMT+0100 (British Summer Time),0.0248,0.0253,0.6142,36309.33481296982
Tue Apr 09 2024 05:00:00 GMT+0100 (British Summer Time),0.0248,0.0253,0.6142,41008.161024736764
Tue Apr 09 2024 06:00:00 GMT+0100 (British Summer Time),0.0248,0.0253,0.6142,70339.15556345666
Tue Apr 09 2024 07:00:00 GMT+0100 (British Summer Time),0.0248,0.0253,0.6142,1437853.8523920649
Tue Apr 09 2024 08:00:00 GMT+0100 (British Summer Time),0.0248,0.0253,0.6142,24360.046788796248
Tue Apr 09 2024 09:00:00 GMT+0100 (British Summer Time),0.0248,0.0253,0.6142,39829.63891808963
Tue Apr 09 2024 10:00:00 GMT+0100 (British Summer Time),0.0248,0.0253,0.6142,172558.17169770654
Tue Apr 09 2024 11:00:00 GMT+0100 (British Summer Time),0.0248,0.0253,0.6142,79714.89306636667
Tue Apr 09 2024 12:00:00 GMT+0100 (British Summer Time),0.0248,0.0253,0.6142,394377.6938759533
Tue Apr 09 2024 13:00:00 GMT+0100 (British Summer Time),0.0248,0.0253,0.6142,932549.4768246403
Tue Apr 09 2024 14:00:00 GMT+0100 (British Summer Time),0.0249,0.0252,0.6142,86696.6455384605
Tue Apr 09 2024 15:00:00 GMT+0100 (British Summer Time),0.0249,0.0252,0.6142,125295.64790613276
Tue Apr 09 2024 16:00:00 GMT+0100 (British Summer Time),0.0249,0.0252,0.6142,116236.34977055862
Tue Apr 09 2024 17:00:00 GMT+0100 (British Summer Time),0.0249,0.0252,0.6142,446458.6356274759
Tue Apr 09 2024 18:00:00 GMT+0100 (British Summer Time),0.0249,0.0252,0.6142,58407.2101297075
Tue Apr 09 2024 19:00:00 GMT+0100 (British Summer Time),0.0249,0.0252,0.6142,196348.04278927678
Tue Apr 09 2024 20:00:00 GMT+0100 (British Summer Time),0.0249,0.0252,0.6142,696763.2059157912
Tue Apr 09 2024 21:00:00 GMT+0100 (British Summer Time),0.0249,0.0252,0.6142,38201.14143815152
Tue Apr 09 2024 22:00:00 GMT+0100 (British Summer Time),0.0249,0.0252,0.6142,37907.01058555093
Tue Apr 09 2024 23:00:00 GMT+0100 (British Summer Time),0.0249,0.0252,0.6142,275617.4320308892
Wed Apr 10 2024 00:00:00 GMT+0100 (British Summer Time),0.0249,0.0252,0.6142,352396.96124322806
Wed Apr 10 2024 01:00:00 GMT+0100 (British Summer Time),0.0249,0.0252,0.6142,177894.91852980806
Wed Apr 10 2024 02:00:00 GMT+0100 (British Summer Time),0.0249,0.0252,0.6142,180575.8419420174
Wed Apr 10 2024 03:00:00 GMT+0100 (British Summer Time),0.0249,0.0252,0.6142,121471.82106193434
Wed Apr 10 2024 04:00:00 GMT+0100 (British Summer Time),0.0249,0.0252,0.6142,18606.902462337745
Wed Apr 10 2024 05:00:00 GMT+0100 (British Summer Time),0.0249,0.0252,0.6142,95505.81479525445
Wed Apr 10 2024 06:00:00 GMT+0100 (British Summer Time),0.0249,0.0252,0.6142,196996.37624294593
Wed Apr 10 2024 07:00:00 GMT+0100 (British Summer Time),0.0249,0.0252,0.6142,354211.2167155462
Wed Apr 10 2024 08:00:00 GMT+0100 (British Summer Time),0.0249,0.0252,0.6142,61344.401951614585
Wed Apr 10 2024 09:00:00 GMT+0100 (British Summer Time),0.0249,0.0252,0.6142,76236.18071123246
Wed Apr 10 2024 10:00:00 GMT+0100 (British Summer Time),0.0249,0.0252,0.6142,2605657.3427969078
Wed Apr 10 2024 11:00:00 GMT+0100 (British Summer Time),0.0249,0.0252,0.6142,222911.72374057857
Wed Apr 10 2024 12:00:00 GMT+0100 (British Summer Time),0.0249,0.0252,0.6142,164907.46509353802
Wed Apr 10 2024 13:00:00 GMT+0100 (British Summer Time),0.0249,0.0252,0.6142,474730.1639906742
Wed Apr 10 2024 14:00:00 GMT+0100 (British Summer Time),0,0.0215,0.6142,221395.09032952023
Wed Apr 10 2024 15:00:00 GMT+0100 (British Summer Time),0.0236,0.0249,0.6142,119420.0312734999
Wed Apr 10 2024 16:00:00 GMT+0100 (British Summer Time),0.0236,0.0249,0.6142,154146.75303913158
Wed Apr 10 2024 17:00:00 GMT+0100 (British Summer Time),0.0236,0.0249,0.6142,109966.73457119314
Wed Apr 10 2024 18:00:00 GMT+0100 (British Summer Time),0.0236,0.0249,0.6142,260226.96603554074
Wed Apr 10 2024 19:00:00 GMT+0100 (British Summer Time),0.0236,0.0249,0.6142,341549.4551161634
Wed Apr 10 2024 20:00:00 GMT+0100 (British Summer Time),0.0236,0.0249,0.6142,260203.53748540324
Wed Apr 10 2024 21:00:00 GMT+0100 (British Summer Time),0.0236,0.0249,0.6142,743713.2224411021
Wed Apr 10 2024 22:00:00 GMT+0100 (British Summer Time),0.0236,0.0249,0.6142,476732.404574472
Wed Apr 10 2024 23:00:00 GMT+0100 (British Summer Time),0.0236,0.0249,0.6142,226665.77837718214
Thu Apr 11 2024 00:00:00 GMT+0100 (British Summer Time),0.0236,0.0249,0.6142,226436.9446049042
Thu Apr 11 2024 01:00:00 GMT+0100 (British Summer Time),0.0236,0.0249,0.6142,907193.9065067037
Thu Apr 11 2024 02:00:00 GMT+0100 (British Summer Time),0.0236,0.0249,0.6142,48340.9965883017
Thu Apr 11 2024 03:00:00 GMT+0100 (British Summer Time),0.0236,0.0249,0.6142,90911.17952590086
Thu Apr 11 2024 04:00:00 GMT+0100 (British Summer Time),0.0236,0.0249,0.6142,318178.36789471866
Thu Apr 11 2024 05:00:00 GMT+0100 (British Summer Time),0.0236,0.0249,0.6142,12815.145281634876
Thu Apr 11 2024 06:00:00 GMT+0100 (British Summer Time),0.0236,0.0249,0.6142,226512.45621200523
Thu Apr 11 2024 07:00:00 GMT+0100 (British Summer Time),0.0236,0.0249,0.6142,66999.78672767809
Thu Apr 11 2024 08:00:00 GMT+0100 (British Summer Time),0.0236,0.0249,0.6142,91873.79165407385
Thu Apr 11 2024 09:00:00 GMT+0100 (British Summer Time),0.0236,0.0249,0.6142,299777.994456201
Thu Apr 11 2024 10:00:00 GMT+0100 (British Summer Time),0.0236,0.0249,0.6142,155772.44266522292
Thu Apr 11 2024 11:00:00 GMT+0100 (British Summer Time),0.0236,0.0249,0.6142,130350.20193405301
Thu Apr 11 2024 12:00:00 GMT+0100 (British Summer Time),0.0236,0.0249,0.6142,1041808.195635331
Thu Apr 11 2024 13:00:00 GMT+0100 (British Summer Time),0.0236,0.0249,0.6142,147447.89173442527
Thu Apr 11 2024 14:00:00 GMT+0100 (British Summer Time),0.0236,0.0213,0.6142,177507.88640178082
Thu Apr 11 2024 15:00:00 GMT+0100 (British Summer Time),0.0218,0.0244,0.6142,321609.4763900058
Thu Apr 11 2024 16:00:00 GMT+0100 (British Summer Time),0.0218,0.0244,0.6142,187884.57126149096
Thu Apr 11 2024 17:00:00 GMT+0100 (British Summer Time),0.0218,0.0244,0.6142,84571.06558933036
Thu Apr 11 2024 18:00:00 GMT+0100 (British Summer Time),0.0218,0.0244,0.6142,44433.801905261935
Thu Apr 11 2024 19:00:00 GMT+0100 (British Summer Time),0.0218,0.0244,0.6142,50715.48837293204
Thu Apr 11 2024 20:00:00 GMT+0100 (British Summer Time),0.0218,0.0244,0.6142,1393644.0002255226
Thu Apr 11 2024 21:00:00 GMT+0100 (British Summer Time),0.0218,0.0244,0.6142,175867.3717151296
Thu Apr 11 2024 22:00:00 GMT+0100 (British Summer Time),0.0218,0.0244,0.6142,188008.26868090793
Thu Apr 11 2024 23:00:00 GMT+0100 (British Summer Time),0.0218,0.0244,0.6142,52906.448368023586
Fri Apr 12 2024 00:00:00 GMT+0100 (British Summer Time),0.0218,0.0244,0.6142,200832.87063754734
Fri Apr 12 2024 01:00:00 GMT+0100 (British Summer Time),0.0218,0.0244,0.6142,232312.615727227
Fri Apr 12 2024 02:00:00 GMT+0100 (British Summer Time),0.0218,0.0244,0.6076,587718.9854379832
Fri Apr 12 2024 03:00:00 GMT+0100 (British Summer Time),0.0218,0.0244,0.6142,176986.87160503678
Fri Apr 12 2024 04:00:00 GMT+0100 (British Summer Time),0.0218,0.0244,0.6142,98658.97357120526
Fri Apr 12 2024 05:00:00 GMT+0100 (British Summer Time),0.0218,0.0244,0.6142,13868.588377707316
Fri Apr 12 2024 06:00:00 GMT+0100 (British Summer Time),0.0218,0.0244,0.6142,56283.40633442504
Fri Apr 12 2024 07:00:00 GMT+0100 (British Summer Time),0.0218,0.0244,0.6142,624696.8689648355
Fri Apr 12 2024 08:00:00 GMT+0100 (British Summer Time),0.0218,0.0244,0.6142,78915.543892001
Fri Apr 12 2024 09:00:00 GMT+0100 (British Summer Time),0.0218,0.0244,0.6142,56224.43448253342
Fri Apr 12 2024 10:00:00 GMT+0100 (British Summer Time),0.0218,0.0244,0.6142,147827.2318821972
Fri Apr 12 2024 11:00:00 GMT+0100 (British Summer Time),0.0218,0.0244,0.6135,724478.4132485491
Fri Apr 12 2024 12:00:00 GMT+0100 (British Summer Time),0.0218,0.0244,0.6142,228901.63191454537
Fri Apr 12 2024 13:00:00 GMT+0100 (British Summer Time),0.0218,0.0244,0.6142,368007.3443530477
Fri Apr 12 2024 14:00:00 GMT+0100 (British Summer Time),0.0218,0.0207,0.6142,72313.94517775433
Fri Apr 12 2024 15:00:00 GMT+0100 (British Summer Time),0.0198,0.0236,0.6142,267868.2160257373
Fri Apr 12 2024 16:00:00 GMT+0100 (British Summer Time),0.0198,0.0236,0.6142,410920.7874246792
Fri Apr 12 2024 17:00:00 GMT+0100 (British Summer Time),0.0198,0.0236,0.6142,72336.84302253419
Fri Apr 12 2024 18:00:00 GMT+0100 (British Summer Time),0.0198,0.0236,0.6142,164473.92640666408
Fri Apr 12 2024 19:00:00 GMT+0100 (British Summer Time),0.0198,0.0236,0.6142,152906.03934472986
Fri Apr 12 2024 20:00:00 GMT+0100 (British Summer Time),0.0198,0.0236,0.6142,86189.45848452153
Fri Apr 12 2024 21:00:00 GMT+0100 (British Summer Time),0.0198,0.0236,0.6142,373095.4988971691
Fri Apr 12 2024 22:00:00 GMT+0100 (British Summer Time),0.0198,0.0236,0.6142,69530.11417365907
Fri Apr 12 2024 23:00:00 GMT+0100 (British Summer Time),0.0198,0.0236,0.6142,231778.78680759686
Sat Apr 13 2024 00:00:00 GMT+0100 (British Summer Time),0.0198,0.0236,0.6142,86105.38435848907
Sat Apr 13 2024 01:00:00 GMT+0100 (British Summer Time),0.0198,0.0236,0.6142,45418.768656804285
Sat Apr 13 2024 02:00:00 GMT+0100 (British Summer Time),0.0198,0.0236,0.6142,16283.517028080558
Sat Apr 13 2024 03:00:00 GMT+0100 (British Summer Time),0.0198,0.0236,0.6142,211252.1759453798
Sat Apr 13 2024 04:00:00 GMT+0100 (British Summer Time),0.0198,0.0236,0.6142,25783.78908831928
Sat Apr 13 2024 05:00:00 GMT+0100 (British Summer Time),0.0198,0.0236,0.6142,720878.0551394615
Sat Apr 13 2024 06:00:00 GMT+0100 (British Summer Time),0.0198,0.0236,0.6142,14188.448135150706
Sat Apr 13 2024 07:00:00 GMT+0100 (British Summer Time),0.0198,0.0236,0.6142,96704.82585650378
Sat Apr 13 2024 08:00:00 GMT+0100 (British Summer Time),0.0198,0.0236,0.6142,141632.6441315621
Sat Apr 13 2024 09:00:00 GMT+0100 (British Summer Time),0.0198,0.0236,0.6142,68815.20279609138
Sat Apr 13 2024 10:00:00 GMT+0100 (British Summer Time),0.0198,0.0236,0.6142,159483.7331991349
Sat Apr 13 2024 11:00:00 GMT+0100 (British Summer Time),0.0198,0.0236,0.6142,55422.185707163386
Sat Apr 13 2024 12:00:00 GMT+0100 (British Summer Time),0.0198,0.0236,0.6142,215550.00980759977
Sat Apr 13 2024 13:00:00 GMT+0100 (British Summer Time),0.0198,0.0236,0.6142,33782.21556702642
Sat Apr 13 2024 14:00:00 GMT+0100 (British Summer Time),0.0198,0.0199,0.6142,42896.89683577059
Sat Apr 13 2024 15:00:00 GMT+0100 (British Summer Time),0.0241,0.0233,0.6142,170827.68601380466
Sat Apr 13 2024 16:00:00 GMT+0100 (British Summer Time),0.0241,0.0233,0.6142,76154.27217138666
Sat Apr 13 2024 17:00:00 GMT+0100 (British Summer Time),0.0241,0.0233,0.6142,168791.94816764636
Sat Apr 13 2024 18:00:00 GMT+0100 (British Summer Time),0.0241,0.0233,0.6142,46212.84878318285
Sat Apr 13 2024 19:00:00 GMT+0100 (British Summer Time),0.0241,0.0233,0.6142,57793.63581851398
Sat Apr 13 2024 20:00:00 GMT+0100 (British Summer Time),0.0241,0.0233,0.6142,43316.10772683768
Sat Apr 13 2024 21:00:00 GMT+0100 (British Summer Time),0.0241,0.0233,0.6142,182400.8161165357
Sat Apr 13 2024 22:00:00 GMT+0100 (British Summer Time),0.0241,0.0233,0.6142,45803.82136680419
Sat Apr 13 2024 23:00:00 GMT+0100 (British Summer Time),0.0241,0.0233,0.6142,324087.0873836524
Sun Apr 14 2024 00:00:00 GMT+0100 (British Summer Time),0.0241,0.0233,0.6142,35073.9554918731
Sun Apr 14 2024 01:00:00 GMT+0100 (British Summer Time),0.0241,0.0233,0.6142,171960.78164028437
Sun Apr 14 2024 02:00:00 GMT+0100 (British Summer Time),0.0241,0.0233,0.6142,20160.68369123143
Sun Apr 14 2024 03:00:00 GMT+0100 (British Summer Time),0.0241,0.0233,0.6142,151295.74497355145
Sun Apr 14 2024 04:00:00 GMT+0100 (British Summer Time),0.0241,0.0233,0.6142,335597.81661675655
Sun Apr 14 2024 05:00:00 GMT+0100 (British Summer Time),0.0241,0.0233,0.6142,34867.799026108914
Sun Apr 14 2024 06:00:00 GMT+0100 (British Summer Time),0.0241,0.0233,0.6142,25303.069164526358
Sun Apr 14 2024 07:00:00 GMT+0100 (British Summer Time),0.0241,0.0233,0.6142,511836.8725808042
Sun Apr 14 2024 08:00:00 GMT+0100 (British Summer Time),0.0241,0.0233,0.6142,47791.60265643185
Sun Apr 14 2024 09:00:00 GMT+0100 (British Summer Time),0.0241,0.0233,0.6142,66702.39778032895
Sun Apr 14 2024 10:00:00 GMT+0100 (British Summer Time),0.0241,0.0233,0.6142,133019.0878656453
Sun Apr 14 2024 11:00:00 GMT+0100 (British Summer Time),0.0241,0.0233,0.6142,337371.54275358864
Sun Apr 14 2024 12:00:00 GMT+0100 (British Summer Time),0.0241,0.0233,0.6142,45361.45498837331
Sun Apr 14 2024 13:00:00 GMT+0100 (British Summer Time),0.0241,0.0233,0.6142,168270.9201824539
Sun Apr 14 2024 14:00:00 GMT+0100 (British Summer Time),0.0241,0.0198,0.6142,483333.0882999406
Sun Apr 14 2024 15:00:00 GMT+0100 (British Summer Time),0,0.0198,0.6142,86270.4761539419
Sun Apr 14 2024 16:00:00 GMT+0100 (British Summer Time),0.0259,0.0236,0.6143,45853.81573066562
Sun Apr 14 2024 17:00:00 GMT+0100 (British Summer Time),0.0259,0.0236,0.6143,178530.9690843569
Sun Apr 14 2024 18:00:00 GMT+0100 (British Summer Time),0.0259,0.0236,0.6143,47981.95111029534
Sun Apr 14 2024 19:00:00 GMT+0100 (British Summer Time),0.0259,0.0236,0.6143,104544.99116157758
Sun Apr 14 2024 20:00:00 GMT+0100 (British Summer Time),0.0259,0.0236,0.6142,92549.11974803905
Sun Apr 14 2024 21:00:00 GMT+0100 (British Summer Time),0.0259,0.0236,0.6143,212980.4175948513
Sun Apr 14 2024 22:00:00 GMT+0100 (British Summer Time),0.0259,0.0236,0.6143,306823.42710650864
Sun Apr 14 2024 23:00:00 GMT+0100 (British Summer Time),0.0259,0.0236,0.6142,159618.96791865194
Mon Apr 15 2024 00:00:00 GMT+0100 (British Summer Time),0.0259,0.0236,0.6143,93236.3643286188
Mon Apr 15 2024 01:00:00 GMT+0100 (British Summer Time),0.0259,0.0236,0.6143,151046.532605976
Mon Apr 15 2024 02:00:00 GMT+0100 (British Summer Time),0.0259,0.0236,0.6143,19999.95556765744
Mon Apr 15 2024 03:00:00 GMT+0100 (British Summer Time),0.0259,0.0236,0.6142,211780.72977741974
Mon Apr 15 2024 04:00:00 GMT+0100 (British Summer Time),0.0259,0.0236,0.6142,147395.58459070508
Mon Apr 15 2024 05:00:00 GMT+0100 (British Summer Time),0.0259,0.0236,0.6143,183033.6881338619
Mon Apr 15 2024 06:00:00 GMT+0100 (British Summer Time),0.0259,0.0236,0.6143,40689.94696217627
Mon Apr 15 2024 07:00:00 GMT+0100 (British Summer Time),0.0259,0.0236,0.6142,194844.9788064782
Mon Apr 15 2024 08:00:00 GMT+0100 (British Summer Time),0.0259,0.0236,0.6143,129834.92216395408
Mon Apr 15 2024 09:00:00 GMT+0100 (British Summer Time),0.0259,0.0236,0.6143,155003.77345235748
Mon Apr 15 2024 10:00:00 GMT+0100 (British Summer Time),0.0259,0.0236,0.6143,59886.069122556146
Mon Apr 15 2024 11:00:00 GMT+0100 (British Summer Time),0.0259,0.0236,0.6143,253741.86424216308
Mon Apr 15 2024 12:00:00 GMT+0100 (British Summer Time),0.0259,0.0236,0.6143,306124.4299739683
Mon Apr 15 2024 13:00:00 GMT+0100 (British Summer Time),0.0259,0.0236,0.6143,522845.3747463423
Mon Apr 15 2024 14:00:00 GMT+0100 (British Summer Time),0.0259,0.02,0.6143,556944.3738637986
Mon Apr 15 2024 15:00:00 GMT+0100 (British Summer Time),0.0259,0.02,0.6143,108332.91343337214
Mon Apr 15 2024 16:00:00 GMT+0100 (British Summer Time),0.0259,0.0237,0.6143,259946.69182087446
Mon Apr 15 2024 17:00:00 GMT+0100 (British Summer Time),0.0259,0.0237,0.6143,227536.63337557964
Mon Apr 15 2024 18:00:00 GMT+0100 (British Summer Time),0.0259,0.0237,0.6143,43516.039994210594
Mon Apr 15 2024 19:00:00 GMT+0100 (British Summer Time),0.0259,0.0237,0.6143,469017.5340111317
Mon Apr 15 2024 20:00:00 GMT+0100 (British Summer Time),0.0259,0.0237,0.6143,376010.79190073354
Mon Apr 15 2024 21:00:00 GMT+0100 (British Summer Time),0.0259,0.0237,0.6143,199244.6601637795
Mon Apr 15 2024 22:00:00 GMT+0100 (British Summer Time),0.0259,0.0237,0.6143,451059.453642919
Mon Apr 15 2024 23:00:00 GMT+0100 (British Summer Time),0.0259,0.0237,0.6143,324323.71824801667
Tue Apr 16 2024 00:00:00 GMT+0100 (British Summer Time),0.0259,0.0237,0.6143,35300.60516980949
Tue Apr 16 2024 01:00:00 GMT+0100 (British Summer Time),0.0259,0.0237,0.6142,95684.03519839482
Tue Apr 16 2024 02:00:00 GMT+0100 (British Summer Time),0.0259,0.0237,0.6142,25473.55018955281
Tue Apr 16 2024 03:00:00 GMT+0100 (British Summer Time),0.0259,0.0237,0.6143,99262.06780538794
Tue Apr 16 2024 04:00:00 GMT+0100 (British Summer Time),0.0259,0.0237,0.6143,146966.0795739158
Tue Apr 16 2024 05:00:00 GMT+0100 (British Summer Time),0.0259,0.0237,0.614,337471.89836323814
Tue Apr 16 2024 06:00:00 GMT+0100 (British Summer Time),0.0259,0.0237,0.6143,568874.4067494137
Tue Apr 16 2024 07:00:00 GMT+0100 (British Summer Time),0.0259,0.0237,0.6143,5058.493240190343
Tue Apr 16 2024 08:00:00 GMT+0100 (British Summer Time),0.0259,0.0237,0.6143,62707.30417873929
Tue Apr 16 2024 09:00:00 GMT+0100 (British Summer Time),0.0259,0.0237,0.6143,87476.96126267058
Tue Apr 16 2024 10:00:00 GMT+0100 (British Summer Time),0.0259,0.0237,0.6143,95873.79265977375
Tue Apr 16 2024 11:00:00 GMT+0100 (British Summer Time),0.0259,0.0237,0.6143,912299.1376174677
Tue Apr 16 2024 12:00:00 GMT+0100 (British Summer Time),0.0259,0.0237,0.6143,34467.62758360419
Tue Apr 16 2024 13:00:00 GMT+0100 (British Summer Time),0.0259,0.0237,0.6143,331984.89547449874
Tue Apr 16 2024 14:00:00 GMT+0100 (British Summer Time),0.0259,0.0201,0.6143,152798.63540711126
Tue Apr 16 2024 15:00:00 GMT+0100 (British Summer Time),0.0259,0.0201,0.6143,32557.13789546299
Tue Apr 16 2024 16:00:00 GMT+0100 (British Summer Time),0.0255,0.0238,0.6143,54674.12532641613
Tue Apr 16 2024 17:00:00 GMT+0100 (British Summer Time),0.0255,0.0238,0.6143,283645.3868076814
Tue Apr 16 2024 18:00:00 GMT+0100 (British Summer Time),0.0255,0.0238,0.6143,288265.1313800665
Tue Apr 16 2024 19:00:00 GMT+0100 (British Summer Time),0.0255,0.0238,0.6143,552683.84254271
Tue Apr 16 2024 20:00:00 GMT+0100 (British Summer Time),0.0255,0.0238,0.6143,242367.55792743355
Tue Apr 16 2024 21:00:00 GMT+0100 (British Summer Time),0.0255,0.0238,0.6143,247141.949159607
Tue Apr 16 2024 22:00:00 GMT+0100 (British Summer Time),0.0255,0.0238,0.6143,363568.2935923438
Tue Apr 16 2024 23:00:00 GMT+0100 (British Summer Time),0.0255,0.0238,0.6143,322071.9252889534
Wed Apr 17 2024 00:00:00 GMT+0100 (British Summer Time),0.0255,0.0238,0.6143,16452.106565718863
Wed Apr 17 2024 01:00:00 GMT+0100 (British Summer Time),0.0255,0.0238,0.6143,37244.36483079221
Wed Apr 17 2024 02:00:00 GMT+0100 (British Summer Time),0.0255,0.0238,0.6143,152352.5820906169
Wed Apr 17 2024 03:00:00 GMT+0100 (British Summer Time),0.0255,0.0238,0.6143,97341.7877823604
Wed Apr 17 2024 04:00:00 GMT+0100 (British Summer Time),0.0255,0.0238,0.6143,32955.40765275536
Wed Apr 17 2024 05:00:00 GMT+0100 (British Summer Time),0.0255,0.0238,0.6143,213942.5855562463
Wed Apr 17 2024 06:00:00 GMT+0100 (British Summer Time),0.0255,0.0238,0.6143,39149.214512450766
Wed Apr 17 2024 07:00:00 GMT+0100 (British Summer Time),0.0255,0.0238,0.6143,65845.72970454831
Wed Apr 17 2024 08:00:00 GMT+0100 (British Summer Time),0.0255,0.0238,0.6143,40904.26244799021
Wed Apr 17 2024 09:00:00 GMT+0100 (British Summer Time),0.0255,0.0238,0.6143,32495.95754293329
Wed Apr 17 2024 10:00:00 GMT+0100 (British Summer Time),0.0255,0.0238,0.6143,136081.85635208164
Wed Apr 17 2024 11:00:00 GMT+0100 (British Summer Time),0.0255,0.0238,0.6143,69069.67200379302
Wed Apr 17 2024 12:00:00 GMT+0100 (British Summer Time),0.0255,0.0238,0.6142,186899.93266077194
Wed Apr 17 2024 13:00:00 GMT+0100 (British Summer Time),0.0255,0.0238,0.6143,99749.93373841309
Wed Apr 17 2024 14:00:00 GMT+0100 (British Summer Time),0.0255,0.0238,0.6143,470678.03120630916
Wed Apr 17 2024 15:00:00 GMT+0100 (British Summer Time),0.0255,0.0204,0.6143,191778.0060645269
Wed Apr 17 2024 16:00:00 GMT+0100 (British Summer Time),0.028,0.0244,0.6143,408063.8150022558
Wed Apr 17 2024 17:00:00 GMT+0100 (British Summer Time),0.028,0.0244,0.6143,439055.47770411515
Wed Apr 17 2024 18:00:00 GMT+0100 (British Summer Time),0.028,0.0244,0.6143,186155.19281032568
Wed Apr 17 2024 19:00:00 GMT+0100 (British Summer Time),0.028,0.0244,0.6142,245301.30890408412
Wed Apr 17 2024 20:00:00 GMT+0100 (British Summer Time),0.028,0.0244,0.6143,32512.036610738898
Wed Apr 17 2024 21:00:00 GMT+0100 (British Summer Time),0.028,0.0244,0.6143,541638.5936238348
Wed Apr 17 2024 22:00:00 GMT+0100 (British Summer Time),0.028,0.0244,0.6143,75288.4179751462
Wed Apr 17 2024 23:00:00 GMT+0100 (British Summer Time),0.028,0.0244,0.6143,30185.790948426416
Thu Apr 18 2024 00:00:00 GMT+0100 (British Summer Time),0.028,0.0244,0.6143,244176.90950636793
Thu Apr 18 2024 01:00:00 GMT+0100 (British Summer Time),0.028,0.0244,0.6143,111185.16174403715
Thu Apr 18 2024 02:00:00 GMT+0100 (British Summer Time),0.028,0.0244,0.6143,74176.4668598177
Thu Apr 18 2024 03:00:00 GMT+0100 (British Summer Time),0.028,0.0244,0.6143,142888.23042426124
Thu Apr 18 2024 04:00:00 GMT+0100 (British Summer Time),0.028,0.0244,0.6143,544596.7733303685
Thu Apr 18 2024 05:00:00 GMT+0100 (British Summer Time),0.028,0.0244,0.6142,289943.1803768856
Thu Apr 18 2024 06:00:00 GMT+0100 (British Summer Time),0.028,0.0244,0.6142,394610.80362700345
Thu Apr 18 2024 07:00:00 GMT+0100 (British Summer Time),0.028,0.0244,0.6143,49756.914486951355
Thu Apr 18 2024 08:00:00 GMT+0100 (British Summer Time),0.028,0.0244,0.6143,528644.1285732004
Thu Apr 18 2024 09:00:00 GMT+0100 (British Summer Time),0.028,0.0244,0.6143,395315.1696997825
Thu Apr 18 2024 10:00:00 GMT+0100 (British Summer Time),0.028,0.0244,0.6143,95889.5638956924
Thu Apr 18 2024 11:00:00 GMT+0100 (British Summer Time),0.028,0.0244,0.6143,58410.76647813589
Thu Apr 18 2024 12:00:00 GMT+0100 (British Summer Time),0.028,0.0244,0.6143,56303.36260629683
Thu Apr 18 2024 13:00:00 GMT+0100 (British Summer Time),0.028,0.0244,0.6143,305307.9076377442
Thu Apr 18 2024 14:00:00 GMT+0100 (British Summer Time),0.028,0.0244,0.6143,161184.74614043374
Thu Apr 18 2024 15:00:00 GMT+0100 (British Summer Time),0.028,0.0213,0.6142,594723.8053731445
Thu Apr 18 2024 16:00:00 GMT+0100 (British Summer Time),0,0.0213,0.6141,409134.4497332978
Thu Apr 18 2024 17:00:00 GMT+0100 (British Summer Time),0.0293,0.0255,0.6142,580263.6023516519
Thu Apr 18 2024 18:00:00 GMT+0100 (British Summer Time),0.0293,0.0255,0.6143,300305.4302427647
Thu Apr 18 2024 19:00:00 GMT+0100 (British Summer Time),0.0293,0.0255,0.6142,341404.1118936694
Thu Apr 18 2024 20:00:00 GMT+0100 (British Summer Time),0.0293,0.0255,0.6143,291658.8106478787
Thu Apr 18 2024 21:00:00 GMT+0100 (British Summer Time),0.0293,0.0255,0.6143,425526.27125643456
Thu Apr 18 2024 22:00:00 GMT+0100 (British Summer Time),0.0293,0.0255,0.6143,108367.52665116376
Thu Apr 18 2024 23:00:00 GMT+0100 (British Summer Time),0.0293,0.0255,0.6143,117275.16221605396
Fri Apr 19 2024 00:00:00 GMT+0100 (British Summer Time),0.0293,0.0255,0.6143,22087.80252599861
Fri Apr 19 2024 01:00:00 GMT+0100 (British Summer Time),0.0293,0.0255,0.6143,81381.91847943926
Fri Apr 19 2024 02:00:00 GMT+0100 (British Summer Time),0.0293,0.0255,0.6142,281665.91913491796
Fri Apr 19 2024 03:00:00 GMT+0100 (British Summer Time),0.0293,0.0255,0.6143,20284.75223367698
Fri Apr 19 2024 04:00:00 GMT+0100 (British Summer Time),0.0293,0.0255,0.6143,267317.8060075484
Fri Apr 19 2024 05:00:00 GMT+0100 (British Summer Time),0.0293,0.0255,0.6143,26795.439364549395
Fri Apr 19 2024 06:00:00 GMT+0100 (British Summer Time),0.0293,0.0255,0.6143,291335.39735917037
Fri Apr 19 2024 07:00:00 GMT+0100 (British Summer Time),0.0293,0.0255,0.6142,292550.498937532
Fri Apr 19 2024 08:00:00 GMT+0100 (British Summer Time),0.0293,0.0255,0.6143,148196.0512637262
Fri Apr 19 2024 09:00:00 GMT+0100 (British Summer Time),0.0293,0.0255,0.6143,1334188.684292329
Fri Apr 19 2024 10:00:00 GMT+0100 (British Summer Time),0.0293,0.0255,0.6142,435040.67293924384
Fri Apr 19 2024 11:00:00 GMT+0100 (British Summer Time),0.0293,0.0255,0.6143,140604.4125928938
Fri Apr 19 2024 12:00:00 GMT+0100 (British Summer Time),0.0293,0.0255,0.6143,22302.87207685253
Fri Apr 19 2024 13:00:00 GMT+0100 (British Summer Time),0.0293,0.0255,0.6143,63730.10693285085
Fri Apr 19 2024 14:00:00 GMT+0100 (British Summer Time),0.0293,0.0255,0.6143,80599.7314483404
Fri Apr 19 2024 15:00:00 GMT+0100 (British Summer Time),0.0293,0.0226,0.6143,252001.22155802796
Fri Apr 19 2024 16:00:00 GMT+0100 (British Summer Time),0.0293,0.0226,0.6143,190810.8528737783
Fri Apr 19 2024 17:00:00 GMT+0100 (British Summer Time),0.031,0.0271,0.6143,88354.56991536377
Fri Apr 19 2024 18:00:00 GMT+0100 (British Summer Time),0.031,0.0271,0.6143,222169.0052935074
Fri Apr 19 2024 19:00:00 GMT+0100 (British Summer Time),0.031,0.0271,0.6143,40640.04185894846
Fri Apr 19 2024 20:00:00 GMT+0100 (British Summer Time),0.031,0.0271,0.6143,97422.84576189058
Fri Apr 19 2024 21:00:00 GMT+0100 (British Summer Time),0.031,0.0271,0.6143,56560.68423473481
Fri Apr 19 2024 22:00:00 GMT+0100 (British Summer Time),0.031,0.0271,0.6143,1115797.3966607852
Fri Apr 19 2024 23:00:00 GMT+0100 (British Summer Time),0.031,0.0271,0.6143,1113357.714095847
Sat Apr 20 2024 00:00:00 GMT+0100 (British Summer Time),0.031,0.0271,0.6143,70686.492341415
Sat Apr 20 2024 01:00:00 GMT+0100 (British Summer Time),0.031,0.0271,0.6143,30925.194976751605
Sat Apr 20 2024 02:00:00 GMT+0100 (British Summer Time),0.031,0.0271,0.6143,69126.77347343456
Sat Apr 20 2024 03:00:00 GMT+0100 (British Summer Time),0.031,0.0271,0.6142,178296.14012180455
Sat Apr 20 2024 04:00:00 GMT+0100 (British Summer Time),0.031,0.0271,0.6143,6886.240665574335
Sat Apr 20 2024 05:00:00 GMT+0100 (British Summer Time),0.031,0.0271,0.6143,65079.868110750795
Sat Apr 20 2024 06:00:00 GMT+0100 (British Summer Time),0.031,0.0271,0.6143,31824.59234255754
Sat Apr 20 2024 07:00:00 GMT+0100 (British Summer Time),0.031,0.0271,0.6143,112339.14190119407
Sat Apr 20 2024 08:00:00 GMT+0100 (British Summer Time),0.031,0.0271,0.6143,65344.72237909783
Sat Apr 20 2024 09:00:00 GMT+0100 (British Summer Time),0.031,0.0271,0.6143,502059.5245798178
Sat Apr 20 2024 10:00:00 GMT+0100 (British Summer Time),0.031,0.0271,0.6143,53117.17707164164
Sat Apr 20 2024 11:00:00 GMT+0100 (British Summer Time),0.031,0.0271,0.6143,170750.78138575793
Sat Apr 20 2024 12:00:00 GMT+0100 (British Summer Time),0.031,0.0271,0.6143,195758.0815267597
Sat Apr 20 2024 13:00:00 GMT+0100 (British Summer Time),0.031,0.0271,0.6143,50243.9574203308
Sat Apr 20 2024 14:00:00 GMT+0100 (British Summer Time),0.031,0.0271,0.6143,90059.57839722445
Sat Apr 20 2024 15:00:00 GMT+0100 (British Summer Time),0.031,0.0236,0.6143,803560.8761589371
Sat Apr 20 2024 16:00:00 GMT+0100 (British Summer Time),0.031,0.0236,0.6143,175778.80686352184
Sat Apr 20 2024 17:00:00 GMT+0100 (British Summer Time),0.0247,0.0272,0.6143,246962.34415991954
Sat Apr 20 2024 18:00:00 GMT+0100 (British Summer Time),0.0247,0.0272,0.6143,42269.12422233597
Sat Apr 20 2024 19:00:00 GMT+0100 (British Summer Time),0.0247,0.0272,0.6143,537863.684283084
Sat Apr 20 2024 20:00:00 GMT+0100 (British Summer Time),0.0247,0.0272,0.6143,69450.38802036612
Sat Apr 20 2024 21:00:00 GMT+0100 (British Summer Time),0.0247,0.0272,0.6143,175020.9909829339
Sat Apr 20 2024 22:00:00 GMT+0100 (British Summer Time),0.0247,0.0272,0.6142,629240.7940530764
Sat Apr 20 2024 23:00:00 GMT+0100 (British Summer Time),0.0247,0.0272,0.6143,48324.54512087839
Sun Apr 21 2024 00:00:00 GMT+0100 (British Summer Time),0.0247,0.0272,0.6143,181561.9472488931
Sun Apr 21 2024 01:00:00 GMT+0100 (British Summer Time),0.0247,0.0272,0.6143,34735.381535273336
Sun Apr 21 2024 02:00:00 GMT+0100 (British Summer Time),0.0247,0.0272,0.6143,118087.62691023895
Sun Apr 21 2024 03:00:00 GMT+0100 (British Summer Time),0.0247,0.0272,0.6143,51192.89746931834
Sun Apr 21 2024 04:00:00 GMT+0100 (British Summer Time),0.0247,0.0272,0.6143,21286.74869021578
Sun Apr 21 2024 05:00:00 GMT+0100 (British Summer Time),0.0247,0.0272,0.6143,103719.98717438671
Sun Apr 21 2024 06:00:00 GMT+0100 (British Summer Time),0.0247,0.0272,0.6143,14423.308876384397
Sun Apr 21 2024 07:00:00 GMT+0100 (British Summer Time),0.0247,0.0272,0.6143,530953.5136708403
Sun Apr 21 2024 08:00:00 GMT+0100 (British Summer Time),0.0247,0.0272,0.6143,47290.47965994446
Sun Apr 21 2024 09:00:00 GMT+0100 (British Summer Time),0.0247,0.0272,0.6143,117378.3404589638
Sun Apr 21 2024 10:00:00 GMT+0100 (British Summer Time),0.0247,0.0272,0.6143,128985.55877315886
Sun Apr 21 2024 11:00:00 GMT+0100 (British Summer Time),0.0247,0.0272,0.6143,46863.533928256235
Sun Apr 21 2024 12:00:00 GMT+0100 (British Summer Time),0.0247,0.0272,0.6143,64779.38687179238
Sun Apr 21 2024 13:00:00 GMT+0100 (British Summer Time),0.0247,0.0272,0.6143,57487.67814633643
Sun Apr 21 2024 14:00:00 GMT+0100 (British Summer Time),0.0247,0.0272,0.6143,201456.16332646416
Sun Apr 21 2024 15:00:00 GMT+0100 (British Summer Time),0.0247,0.0272,0.6143,53170.346722689486
Sun Apr 21 2024 16:00:00 GMT+0100 (British Summer Time),0.0247,0.0234,0.6143,927347.8887179787
Sun Apr 21 2024 17:00:00 GMT+0100 (British Summer Time),0.0235,0.0268,0.6143,19809.300683365815
Sun Apr 21 2024 18:00:00 GMT+0100 (British Summer Time),0.0235,0.0268,0.6143,119724.18260026962
Sun Apr 21 2024 19:00:00 GMT+0100 (British Summer Time),0.0235,0.0268,0.6143,44051.69386530577
Sun Apr 21 2024 20:00:00 GMT+0100 (British Summer Time),0.0235,0.0268,0.6143,300870.8678651848
Sun Apr 21 2024 21:00:00 GMT+0100 (British Summer Time),0.0235,0.0268,0.6143,77557.19766541048
Sun Apr 21 2024 22:00:00 GMT+0100 (British Summer Time),0.0235,0.0268,0.6143,71836.13454880314
Sun Apr 21 2024 23:00:00 GMT+0100 (British Summer Time),0.0235,0.0268,0.6143,209395.84882854612
Mon Apr 22 2024 00:00:00 GMT+0100 (British Summer Time),0.0235,0.0268,0.6143,23724.77987452789
Mon Apr 22 2024 01:00:00 GMT+0100 (British Summer Time),0.0235,0.0268,0.6143,62787.9303400652
Mon Apr 22 2024 02:00:00 GMT+0100 (British Summer Time),0.0235,0.0268,0.6143,58946.649723989234
Mon Apr 22 2024 03:00:00 GMT+0100 (British Summer Time),0.0235,0.0268,0.6143,57200.50327667894
Mon Apr 22 2024 04:00:00 GMT+0100 (British Summer Time),0.0235,0.0268,0.6143,57205.00798490372
Mon Apr 22 2024 05:00:00 GMT+0100 (British Summer Time),0.0235,0.0268,0.6143,43165.27831588258
Mon Apr 22 2024 06:00:00 GMT+0100 (British Summer Time),0.0235,0.0268,0.6143,8575.412889880745
Mon Apr 22 2024 07:00:00 GMT+0100 (British Summer Time),0.0235,0.0268,0.6143,119265.40182086534
Mon Apr 22 2024 08:00:00 GMT+0100 (British Summer Time),0.0235,0.0268,0.6143,162209.37083246524
Mon Apr 22 2024 09:00:00 GMT+0100 (British Summer Time),0.0235,0.0268,0.6143,128255.1751735914
Mon Apr 22 2024 10:00:00 GMT+0100 (British Summer Time),0.0235,0.0268,0.6143,71367.33113640017
Mon Apr 22 2024 11:00:00 GMT+0100 (British Summer Time),0.0235,0.0268,0.6143,125232.76539692715
Mon Apr 22 2024 12:00:00 GMT+0100 (British Summer Time),0.0235,0.0268,0.6141,433703.4295123105
Mon Apr 22 2024 13:00:00 GMT+0100 (British Summer Time),0.0235,0.0268,0.6143,418381.25545502885
Mon Apr 22 2024 14:00:00 GMT+0100 (British Summer Time),0.0235,0.0268,0.6143,279574.33891331765
Mon Apr 22 2024 15:00:00 GMT+0100 (British Summer Time),0.0235,0.0268,0.6143,229715.386934104
Mon Apr 22 2024 16:00:00 GMT+0100 (British Summer Time),0.0235,0.0231,0.6143,85413.5789391416
Mon Apr 22 2024 17:00:00 GMT+0100 (British Summer Time),0.0232,0.0265,0.6143,317092.8533140882
Mon Apr 22 2024 18:00:00 GMT+0100 (British Summer Time),0.0232,0.0265,0.6143,46655.381442583035
Mon Apr 22 2024 19:00:00 GMT+0100 (British Summer Time),0.0232,0.0265,0.6143,147756.2469757435
Mon Apr 22 2024 20:00:00 GMT+0100 (British Summer Time),0.0232,0.0265,0.6143,623686.1673425825
Mon Apr 22 2024 21:00:00 GMT+0100 (British Summer Time),0.0232,0.0265,0.6143,88804.37166219388
Mon Apr 22 2024 22:00:00 GMT+0100 (British Summer Time),0.0232,0.0265,0.6143,63613.18501082053
Mon Apr 22 2024 23:00:00 GMT+0100 (British Summer Time),0.0232,0.0265,0.6143,321209.6651101057
Tue Apr 23 2024 00:00:00 GMT+0100 (British Summer Time),0.0232,0.0265,0.6143,344268.64522989484
Tue Apr 23 2024 01:00:00 GMT+0100 (British Summer Time),0.0232,0.0265,0.6143,27733.7379228571
Tue Apr 23 2024 02:00:00 GMT+0100 (British Summer Time),0.0232,0.0265,0.6143,49012.881072733595
Tue Apr 23 2024 03:00:00 GMT+0100 (British Summer Time),0.0232,0.0265,0.6143,121127.03759888551
Tue Apr 23 2024 04:00:00 GMT+0100 (British Summer Time),0.0232,0.0265,0.6143,89309.85255480141
Tue Apr 23 2024 05:00:00 GMT+0100 (British Summer Time),0.0232,0.0265,0.6142,226100.77096633747
Tue Apr 23 2024 06:00:00 GMT+0100 (British Summer Time),0.0232,0.0265,0.6143,84096.00751290329
Tue Apr 23 2024 07:00:00 GMT+0100 (British Summer Time),0.0232,0.0265,0.6143,119668.93589524608
Tue Apr 23 2024 08:00:00 GMT+0100 (British Summer Time),0.0232,0.0265,0.6143,81859.8654545604
Tue Apr 23 2024 09:00:00 GMT+0100 (British Summer Time),0.0232,0.0265,0.6143,85419.3049612502
Tue Apr 23 2024 10:00:00 GMT+0100 (British Summer Time),0.0232,0.0265,0.6143,104206.06741424261
Tue Apr 23 2024 11:00:00 GMT+0100 (British Summer Time),0.0232,0.0265,0.6142,231259.1471291453
Tue Apr 23 2024 12:00:00 GMT+0100 (British Summer Time),0.0232,0.0265,0.6143,385632.70791716827
Tue Apr 23 2024 13:00:00 GMT+0100 (British Summer Time),0.0232,0.0265,0.6143,448619.79911584686
Tue Apr 23 2024 14:00:00 GMT+0100 (British Summer Time),0.0232,0.0265,0.6143,364800.99902968906
Tue Apr 23 2024 15:00:00 GMT+0100 (British Summer Time),0.0232,0.0265,0.6143,3068045.6439816225
Tue Apr 23 2024 16:00:00 GMT+0100 (British Summer Time),0.0232,0.0228,0.6143,154395.3463831414
Tue Apr 23 2024 17:00:00 GMT+0100 (British Summer Time),0.0223,0.026,0.6143,94840.76488362186
Tue Apr 23 2024 18:00:00 GMT+0100 (British Summer Time),0.0223,0.026,0.6143,81754.49774430488
Tue Apr 23 2024 19:00:00 GMT+0100 (British Summer Time),0.0223,0.026,0.6143,69061.25962289298
Tue Apr 23 2024 20:00:00 GMT+0100 (British Summer Time),0.0223,0.026,0.6143,1204535.3683819214
Tue Apr 23 2024 21:00:00 GMT+0100 (British Summer Time),0.0223,0.026,0.6143,495084.4065750669
Tue Apr 23 2024 22:00:00 GMT+0100 (British Summer Time),0.0223,0.026,0.6143,129971.00497949551
Tue Apr 23 2024 23:00:00 GMT+0100 (British Summer Time),0.0223,0.026,0.6143,86524.12841698408
Wed Apr 24 2024 00:00:00 GMT+0100 (British Summer Time),0.0223,0.026,0.6143,155427.81505039777
Wed Apr 24 2024 01:00:00 GMT+0100 (British Summer Time),0.0223,0.026,0.6143,26027.877169103514
Wed Apr 24 2024 02:00:00 GMT+0100 (British Summer Time),0.0223,0.026,0.6142,68705.098310234
Wed Apr 24 2024 03:00:00 GMT+0100 (British Summer Time),0.0223,0.026,0.6143,43519.869114948575
Wed Apr 24 2024 04:00:00 GMT+0100 (British Summer Time),0.0223,0.026,0.6143,388200.3040317203
Wed Apr 24 2024 05:00:00 GMT+0100 (British Summer Time),0.0223,0.026,0.6143,480041.63233927183
Wed Apr 24 2024 06:00:00 GMT+0100 (British Summer Time),0.0223,0.026,0.6143,15872.18376294089
Wed Apr 24 2024 07:00:00 GMT+0100 (British Summer Time),0.0223,0.026,0.6143,57277.69080425787
Wed Apr 24 2024 08:00:00 GMT+0100 (British Summer Time),0.0223,0.026,0.6143,53538.593674762684
Wed Apr 24 2024 09:00:00 GMT+0100 (British Summer Time),0.0223,0.026,0.6143,50906.46376973634
Wed Apr 24 2024 10:00:00 GMT+0100 (British Summer Time),0.0223,0.026,0.6143,23705.264680087213
Wed Apr 24 2024 11:00:00 GMT+0100 (British Summer Time),0.0223,0.026,0.6143,34696.594111959734
Wed Apr 24 2024 12:00:00 GMT+0100 (British Summer Time),0.0223,0.026,0.6143,8333.129919327142
Wed Apr 24 2024 13:00:00 GMT+0100 (British Summer Time),0.0223,0.026,0.6143,18025.69249981297
Wed Apr 24 2024 14:00:00 GMT+0100 (British Summer Time),0.0223,0.026,0.6142,882966.1983672921
Wed Apr 24 2024 15:00:00 GMT+0100 (British Summer Time),0.0223,0.026,0.6143,144679.05302161066
Wed Apr 24 2024 16:00:00 GMT+0100 (British Summer Time),0.0223,0.022,0.6142,94916.94556558158
Wed Apr 24 2024 17:00:00 GMT+0100 (British Summer Time),0.0219,0.0251,0.6142,253416.04031464452
Wed Apr 24 2024 18:00:00 GMT+0100 (British Summer Time),0.0219,0.0251,0.6142,180509.1203222398
Wed Apr 24 2024 19:00:00 GMT+0100 (British Summer Time),0.0219,0.0251,0.6142,72231.2040189874
Wed Apr 24 2024 20:00:00 GMT+0100 (British Summer Time),0.0219,0.0251,0.6141,84248.45815529264
Wed Apr 24 2024 21:00:00 GMT+0100 (British Summer Time),0.0219,0.0251,0.6141,88356.57318269614
Wed Apr 24 2024 22:00:00 GMT+0100 (British Summer Time),0.0219,0.0251,0.614,143775.24537021693
Wed Apr 24 2024 23:00:00 GMT+0100 (British Summer Time),0.0219,0.0251,0.6137,29569.551535161598
Thu Apr 25 2024 00:00:00 GMT+0100 (British Summer Time),0.0219,0.0251,0.5761,265150.96494231443