time,underlyingApy1DMA,underlyingApy7DMA,impliedApy,volume
Sun Jul 28 2024 01:00:00 GMT+0100 (British Summer Time),0.0182,0.0275,0.0515,0
Sun Jul 28 2024 02:00:00 GMT+0100 (British Summer Time),0.0182,0.0275,0.0515,0
Sun Jul 28 2024 03:00:00 GMT+0100 (British Summer Time),0.0167,0.0275,0.0515,0
Sun Jul 28 2024 04:00:00 GMT+0100 (British Summer Time),0.0151,0.0275,0.0515,0
Sun Jul 28 2024 05:00:00 GMT+0100 (British Summer Time),0.0151,0.0275,0.0515,0
Sun Jul 28 2024 06:00:00 GMT+0100 (British Summer Time),0.0258,0.0293,0.0515,0
Sun Jul 28 2024 07:00:00 GMT+0100 (British Summer Time),0.0258,0.0293,0.0515,0
Sun Jul 28 2024 08:00:00 GMT+0100 (British Summer Time),0.0243,0.0293,0.0515,0
Sun Jul 28 2024 09:00:00 GMT+0100 (British Summer Time),0.0243,0.0273,0.0515,0
Sun Jul 28 2024 10:00:00 GMT+0100 (British Summer Time),0.0243,0.0273,0.0515,0
Sun Jul 28 2024 11:00:00 GMT+0100 (British Summer Time),0.0243,0.0273,0.0515,0
Sun Jul 28 2024 12:00:00 GMT+0100 (British Summer Time),0.0243,0.0273,0.0515,0
Sun Jul 28 2024 13:00:00 GMT+0100 (British Summer Time),0.0243,0.0273,0.0515,0
Sun Jul 28 2024 14:00:00 GMT+0100 (British Summer Time),0.0243,0.0273,0.0515,0
Sun Jul 28 2024 15:00:00 GMT+0100 (British Summer Time),0.0243,0.0273,0.0515,0
Sun Jul 28 2024 16:00:00 GMT+0100 (British Summer Time),0.0243,0.0273,0.0515,0
Sun Jul 28 2024 17:00:00 GMT+0100 (British Summer Time),0.0364,0.029,0.0515,0
Sun Jul 28 2024 18:00:00 GMT+0100 (British Summer Time),0.0364,0.029,0.0515,0
Sun Jul 28 2024 19:00:00 GMT+0100 (British Summer Time),0.0242,0.029,0.0515,0
Sun Jul 28 2024 20:00:00 GMT+0100 (British Summer Time),0.0242,0.027,0.0515,0
Sun Jul 28 2024 21:00:00 GMT+0100 (British Summer Time),0.0242,0.027,0.0515,0
Sun Jul 28 2024 22:00:00 GMT+0100 (British Summer Time),0.0242,0.027,0.0515,0
Sun Jul 28 2024 23:00:00 GMT+0100 (British Summer Time),0.0242,0.027,0.0515,0
Mon Jul 29 2024 00:00:00 GMT+0100 (British Summer Time),0.0305,0.0279,0.0515,0
Mon Jul 29 2024 01:00:00 GMT+0100 (British Summer Time),0.0305,0.0279,0.0515,0
Mon Jul 29 2024 02:00:00 GMT+0100 (British Summer Time),0.0305,0.0279,0.0515,0
Mon Jul 29 2024 03:00:00 GMT+0100 (British Summer Time),0.0321,0.0281,0.0515,0
Mon Jul 29 2024 04:00:00 GMT+0100 (British Summer Time),0.0321,0.0281,0.0515,0
Mon Jul 29 2024 05:00:00 GMT+0100 (British Summer Time),0.0354,0.0286,0.0515,0
Mon Jul 29 2024 06:00:00 GMT+0100 (British Summer Time),0.0228,0.0286,0.0515,0
Mon Jul 29 2024 07:00:00 GMT+0100 (British Summer Time),0.0228,0.0286,0.0515,0
Mon Jul 29 2024 08:00:00 GMT+0100 (British Summer Time),0.0228,0.0267,0.0515,0
Mon Jul 29 2024 09:00:00 GMT+0100 (British Summer Time),0.0228,0.0267,0.0515,0
Mon Jul 29 2024 10:00:00 GMT+0100 (British Summer Time),0.0228,0.0267,0.0515,0
Mon Jul 29 2024 11:00:00 GMT+0100 (British Summer Time),0.0228,0.0267,0.0515,0
Mon Jul 29 2024 12:00:00 GMT+0100 (British Summer Time),0.0228,0.0267,0.0515,0
Mon Jul 29 2024 13:00:00 GMT+0100 (British Summer Time),0.0228,0.0267,0.0515,0
Mon Jul 29 2024 14:00:00 GMT+0100 (British Summer Time),0.0228,0.0267,0.0515,0
Mon Jul 29 2024 15:00:00 GMT+0100 (British Summer Time),0.0228,0.0267,0.0515,0
Mon Jul 29 2024 16:00:00 GMT+0100 (British Summer Time),0.0346,0.0284,0.0515,0
Mon Jul 29 2024 17:00:00 GMT+0100 (British Summer Time),0.0226,0.0284,0.0483,330.7586466433331
Mon Jul 29 2024 18:00:00 GMT+0100 (British Summer Time),0.0226,0.0284,0.0483,0
Mon Jul 29 2024 19:00:00 GMT+0100 (British Summer Time),0.0226,0.0284,0.0483,0
Mon Jul 29 2024 20:00:00 GMT+0100 (British Summer Time),0.0226,0.0284,0.0483,0
Mon Jul 29 2024 21:00:00 GMT+0100 (British Summer Time),0.0226,0.0263,0.0483,0
Mon Jul 29 2024 22:00:00 GMT+0100 (British Summer Time),0.0226,0.0263,0.0483,0
Mon Jul 29 2024 23:00:00 GMT+0100 (British Summer Time),0.0226,0.0263,0.0483,0
Tue Jul 30 2024 00:00:00 GMT+0100 (British Summer Time),0.0163,0.0263,0.0483,0
Tue Jul 30 2024 01:00:00 GMT+0100 (British Summer Time),0.0163,0.0263,0.0483,0
Tue Jul 30 2024 02:00:00 GMT+0100 (British Summer Time),0.0163,0.0263,0.0483,0
Tue Jul 30 2024 03:00:00 GMT+0100 (British Summer Time),0.0269,0.028,0.0483,0
Tue Jul 30 2024 04:00:00 GMT+0100 (British Summer Time),0.0269,0.028,0.0483,0
Tue Jul 30 2024 05:00:00 GMT+0100 (British Summer Time),0.0236,0.028,0.0483,0
Tue Jul 30 2024 06:00:00 GMT+0100 (British Summer Time),0.0236,0.028,0.0483,0
Tue Jul 30 2024 07:00:00 GMT+0100 (British Summer Time),0.0236,0.028,0.0483,0
Tue Jul 30 2024 08:00:00 GMT+0100 (British Summer Time),0.0236,0.0261,0.0483,0
Tue Jul 30 2024 09:00:00 GMT+0100 (British Summer Time),0.0236,0.0261,0.0483,0
Tue Jul 30 2024 10:00:00 GMT+0100 (British Summer Time),0.0236,0.0261,0.0483,0
Tue Jul 30 2024 11:00:00 GMT+0100 (British Summer Time),0.0236,0.0261,0.0483,0
Tue Jul 30 2024 12:00:00 GMT+0100 (British Summer Time),0.0236,0.0261,0.0483,0
Tue Jul 30 2024 13:00:00 GMT+0100 (British Summer Time),0.0236,0.0261,0.0483,0
Tue Jul 30 2024 14:00:00 GMT+0100 (British Summer Time),0.0236,0.0261,0.0483,0
Tue Jul 30 2024 15:00:00 GMT+0100 (British Summer Time),0.0236,0.0261,0.0483,0
Tue Jul 30 2024 16:00:00 GMT+0100 (British Summer Time),0.012,0.0261,0.0483,0
Tue Jul 30 2024 17:00:00 GMT+0100 (British Summer Time),0.0264,0.0282,0.0483,0
Tue Jul 30 2024 18:00:00 GMT+0100 (British Summer Time),0.0264,0.0282,0.0483,0
Tue Jul 30 2024 19:00:00 GMT+0100 (British Summer Time),0.0264,0.0263,0.0483,0
Tue Jul 30 2024 20:00:00 GMT+0100 (British Summer Time),0.0264,0.0263,0.0483,0
Tue Jul 30 2024 21:00:00 GMT+0100 (British Summer Time),0.0264,0.0263,0.0483,0
Tue Jul 30 2024 22:00:00 GMT+0100 (British Summer Time),0.0336,0.0273,0.0483,0
Tue Jul 30 2024 23:00:00 GMT+0100 (British Summer Time),0.0336,0.0273,0.0483,0
Wed Jul 31 2024 00:00:00 GMT+0100 (British Summer Time),0.0356,0.0276,0.0483,0
Wed Jul 31 2024 01:00:00 GMT+0100 (British Summer Time),0.0376,0.0279,0.0483,0
Wed Jul 31 2024 02:00:00 GMT+0100 (British Summer Time),0.0376,0.0279,0.0483,0
Wed Jul 31 2024 03:00:00 GMT+0100 (British Summer Time),0.0273,0.0282,0.0483,0
Wed Jul 31 2024 04:00:00 GMT+0100 (British Summer Time),0.0273,0.0282,0.0483,0
Wed Jul 31 2024 05:00:00 GMT+0100 (British Summer Time),0.0291,0.0284,0.0483,0
Wed Jul 31 2024 06:00:00 GMT+0100 (British Summer Time),0.0291,0.0284,0.0483,0
Wed Jul 31 2024 07:00:00 GMT+0100 (British Summer Time),0.0291,0.0284,0.0483,0
Wed Jul 31 2024 08:00:00 GMT+0100 (British Summer Time),0.0291,0.0284,0.0483,0
Wed Jul 31 2024 09:00:00 GMT+0100 (British Summer Time),0.0291,0.0284,0.0483,0
Wed Jul 31 2024 10:00:00 GMT+0100 (British Summer Time),0.0291,0.0284,0.0483,0
Wed Jul 31 2024 11:00:00 GMT+0100 (British Summer Time),0.0291,0.0284,0.0483,0
Wed Jul 31 2024 12:00:00 GMT+0100 (British Summer Time),0.0291,0.0284,0.0658,1892.6004391646518
Wed Jul 31 2024 13:00:00 GMT+0100 (British Summer Time),0.0374,0.0296,0.0725,759.1603019372103
Wed Jul 31 2024 14:00:00 GMT+0100 (British Summer Time),0.0392,0.0299,0.0725,0
Wed Jul 31 2024 15:00:00 GMT+0100 (British Summer Time),0.0392,0.0299,0.0725,0
Wed Jul 31 2024 16:00:00 GMT+0100 (British Summer Time),0.0413,0.0301,0.0725,0
Wed Jul 31 2024 17:00:00 GMT+0100 (British Summer Time),0.0266,0.0301,0.0725,0
Wed Jul 31 2024 18:00:00 GMT+0100 (British Summer Time),0.0266,0.0301,0.0725,0
Wed Jul 31 2024 19:00:00 GMT+0100 (British Summer Time),0.0266,0.0301,0.0725,0
Wed Jul 31 2024 20:00:00 GMT+0100 (British Summer Time),0.0266,0.0301,0.0725,0
Wed Jul 31 2024 21:00:00 GMT+0100 (British Summer Time),0.0266,0.0301,0.0725,0
Wed Jul 31 2024 22:00:00 GMT+0100 (British Summer Time),0.0194,0.0301,0.0725,0
Wed Jul 31 2024 23:00:00 GMT+0100 (British Summer Time),0.0194,0.0301,0.0725,0
Thu Aug 01 2024 00:00:00 GMT+0100 (British Summer Time),0.0175,0.0301,0.0725,0
Thu Aug 01 2024 01:00:00 GMT+0100 (British Summer Time),0.0155,0.0247,0.0725,0
Thu Aug 01 2024 02:00:00 GMT+0100 (British Summer Time),0.0155,0.0247,0.0725,0
Thu Aug 01 2024 03:00:00 GMT+0100 (British Summer Time),0.0271,0.0267,0.0725,0
Thu Aug 01 2024 04:00:00 GMT+0100 (British Summer Time),0.0271,0.0267,0.0725,0
Thu Aug 01 2024 05:00:00 GMT+0100 (British Summer Time),0.0254,0.0267,0.0725,0
Thu Aug 01 2024 06:00:00 GMT+0100 (British Summer Time),0.0254,0.0267,0.0725,0
Thu Aug 01 2024 07:00:00 GMT+0100 (British Summer Time),0.0254,0.0267,0.0725,0
Thu Aug 01 2024 08:00:00 GMT+0100 (British Summer Time),0.0254,0.0267,0.0725,0
Thu Aug 01 2024 09:00:00 GMT+0100 (British Summer Time),0.0254,0.0267,0.0725,0
Thu Aug 01 2024 10:00:00 GMT+0100 (British Summer Time),0.0254,0.0267,0.0725,0
Thu Aug 01 2024 11:00:00 GMT+0100 (British Summer Time),0.0254,0.0267,0.0725,0
Thu Aug 01 2024 12:00:00 GMT+0100 (British Summer Time),0.0254,0.0267,0.0725,0
Thu Aug 01 2024 13:00:00 GMT+0100 (British Summer Time),0.0171,0.0247,0.0725,0
Thu Aug 01 2024 14:00:00 GMT+0100 (British Summer Time),0.0285,0.0265,0.1879,16162.438350279392
Thu Aug 01 2024 15:00:00 GMT+0100 (British Summer Time),0.0285,0.0265,0.1879,0
Thu Aug 01 2024 16:00:00 GMT+0100 (British Summer Time),0.0265,0.0265,0.1879,0
Thu Aug 01 2024 17:00:00 GMT+0100 (British Summer Time),0.0265,0.0265,0.1879,0
Thu Aug 01 2024 18:00:00 GMT+0100 (British Summer Time),0.0265,0.0265,0.1879,0
Thu Aug 01 2024 19:00:00 GMT+0100 (British Summer Time),0.0265,0.0265,0.1879,0
Thu Aug 01 2024 20:00:00 GMT+0100 (British Summer Time),0.0265,0.0265,0.1879,0
Thu Aug 01 2024 21:00:00 GMT+0100 (British Summer Time),0.0342,0.0276,0.1879,0
Thu Aug 01 2024 22:00:00 GMT+0100 (British Summer Time),0.0361,0.0279,0.1879,0
Thu Aug 01 2024 23:00:00 GMT+0100 (British Summer Time),0.0361,0.0279,0.1879,0
Fri Aug 02 2024 00:00:00 GMT+0100 (British Summer Time),0.0382,0.0262,0.1879,0
Fri Aug 02 2024 01:00:00 GMT+0100 (British Summer Time),0.0402,0.0265,0.1879,0
Fri Aug 02 2024 02:00:00 GMT+0100 (British Summer Time),0.0402,0.0265,0.1879,0
Fri Aug 02 2024 03:00:00 GMT+0100 (British Summer Time),0.0284,0.0268,0.1879,0
Fri Aug 02 2024 04:00:00 GMT+0100 (British Summer Time),0.0284,0.0268,0.1879,0
Fri Aug 02 2024 05:00:00 GMT+0100 (British Summer Time),0.0301,0.027,0.1879,0
Fri Aug 02 2024 06:00:00 GMT+0100 (British Summer Time),0.0301,0.027,0.1879,0
Fri Aug 02 2024 07:00:00 GMT+0100 (British Summer Time),0.0301,0.027,0.1879,0
Fri Aug 02 2024 08:00:00 GMT+0100 (British Summer Time),0.0301,0.027,0.1879,0
Fri Aug 02 2024 09:00:00 GMT+0100 (British Summer Time),0.0301,0.027,0.1879,0
Fri Aug 02 2024 10:00:00 GMT+0100 (British Summer Time),0.0301,0.027,0.1798,1335.0473792847697
Fri Aug 02 2024 11:00:00 GMT+0100 (British Summer Time),0.0301,0.0253,0.1798,0
Fri Aug 02 2024 12:00:00 GMT+0100 (British Summer Time),0.0301,0.0253,0.1798,0
Fri Aug 02 2024 13:00:00 GMT+0100 (British Summer Time),0.0301,0.0253,0.1798,0
Fri Aug 02 2024 14:00:00 GMT+0100 (British Summer Time),0.017,0.0253,0.1798,0
Fri Aug 02 2024 15:00:00 GMT+0100 (British Summer Time),0.017,0.0253,0.1798,0
Fri Aug 02 2024 16:00:00 GMT+0100 (British Summer Time),0.0294,0.0271,0.1343,6919.026674845846
Fri Aug 02 2024 17:00:00 GMT+0100 (British Summer Time),0.0294,0.0271,0.1343,0
Fri Aug 02 2024 18:00:00 GMT+0100 (British Summer Time),0.0294,0.0271,0.134,47.40696516743119
Fri Aug 02 2024 19:00:00 GMT+0100 (British Summer Time),0.0294,0.0271,0.134,0
Fri Aug 02 2024 20:00:00 GMT+0100 (British Summer Time),0.0294,0.0271,0.134,0
Fri Aug 02 2024 21:00:00 GMT+0100 (British Summer Time),0.0217,0.0271,0.134,0
Fri Aug 02 2024 22:00:00 GMT+0100 (British Summer Time),0.0198,0.0253,0.134,0
Fri Aug 02 2024 23:00:00 GMT+0100 (British Summer Time),0.0198,0.0253,0.134,0
Sat Aug 03 2024 00:00:00 GMT+0100 (British Summer Time),0.0179,0.0251,0.134,0
Sat Aug 03 2024 01:00:00 GMT+0100 (British Summer Time),0.0158,0.0248,0.134,0
Sat Aug 03 2024 02:00:00 GMT+0100 (British Summer Time),0.0158,0.0248,0.134,0
Sat Aug 03 2024 03:00:00 GMT+0100 (British Summer Time),0.014,0.0246,0.134,0
Sat Aug 03 2024 04:00:00 GMT+0100 (British Summer Time),0.0281,0.0264,0.134,0
Sat Aug 03 2024 05:00:00 GMT+0100 (British Summer Time),0.0263,0.0264,0.134,0
Sat Aug 03 2024 06:00:00 GMT+0100 (British Summer Time),0.0263,0.0262,0.134,0
Sat Aug 03 2024 07:00:00 GMT+0100 (British Summer Time),0.0263,0.0262,0.134,0
Sat Aug 03 2024 08:00:00 GMT+0100 (British Summer Time),0.0263,0.0259,0.134,0
Sat Aug 03 2024 09:00:00 GMT+0100 (British Summer Time),0.0263,0.0259,0.134,0
Sat Aug 03 2024 10:00:00 GMT+0100 (British Summer Time),0.0263,0.0259,0.134,0
Sat Aug 03 2024 11:00:00 GMT+0100 (British Summer Time),0.0263,0.0259,0.134,0
Sat Aug 03 2024 12:00:00 GMT+0100 (British Summer Time),0.0263,0.0259,0.1117,2988.46237687227
Sat Aug 03 2024 13:00:00 GMT+0100 (British Summer Time),0.0263,0.0259,0.1117,0
Sat Aug 03 2024 14:00:00 GMT+0100 (British Summer Time),0.0382,0.0276,0.1117,0
Sat Aug 03 2024 15:00:00 GMT+0100 (British Summer Time),0.0382,0.0276,0.1117,0
Sat Aug 03 2024 16:00:00 GMT+0100 (British Summer Time),0.0256,0.0276,0.1117,0
Sat Aug 03 2024 17:00:00 GMT+0100 (British Summer Time),0.0256,0.0276,0.1117,0
Sat Aug 03 2024 18:00:00 GMT+0100 (British Summer Time),0.0256,0.0276,0.1117,0
Sat Aug 03 2024 19:00:00 GMT+0100 (British Summer Time),0.0256,0.0259,0.1117,0
Sat Aug 03 2024 20:00:00 GMT+0100 (British Summer Time),0.0256,0.0259,0.1117,0
Sat Aug 03 2024 21:00:00 GMT+0100 (British Summer Time),0.0256,0.0259,0.1117,0
Sat Aug 03 2024 22:00:00 GMT+0100 (British Summer Time),0.0256,0.0259,0.1117,0
Sat Aug 03 2024 23:00:00 GMT+0100 (British Summer Time),0.0256,0.0259,0.1117,0
Sun Aug 04 2024 00:00:00 GMT+0100 (British Summer Time),0.0256,0.0259,0.1117,0
Sun Aug 04 2024 01:00:00 GMT+0100 (British Summer Time),0.0387,0.0278,0.1117,0
Sun Aug 04 2024 02:00:00 GMT+0100 (British Summer Time),0.0387,0.0278,0.1117,0
Sun Aug 04 2024 03:00:00 GMT+0100 (British Summer Time),0.0387,0.0278,0.1117,0
Sun Aug 04 2024 04:00:00 GMT+0100 (British Summer Time),0.0245,0.0278,0.1117,0
Sun Aug 04 2024 05:00:00 GMT+0100 (British Summer Time),0.0245,0.0278,0.1117,0
Sun Aug 04 2024 06:00:00 GMT+0100 (British Summer Time),0.0245,0.026,0.1117,0
Sun Aug 04 2024 07:00:00 GMT+0100 (British Summer Time),0.0245,0.026,0.1117,0
Sun Aug 04 2024 08:00:00 GMT+0100 (British Summer Time),0.0245,0.026,0.1117,0
Sun Aug 04 2024 09:00:00 GMT+0100 (British Summer Time),0.0245,0.026,0.1117,0
Sun Aug 04 2024 10:00:00 GMT+0100 (British Summer Time),0.0245,0.026,0.1117,0
Sun Aug 04 2024 11:00:00 GMT+0100 (British Summer Time),0.0245,0.026,0.1117,0
Sun Aug 04 2024 12:00:00 GMT+0100 (British Summer Time),0.0362,0.0276,0.1117,0
Sun Aug 04 2024 13:00:00 GMT+0100 (British Summer Time),0.0362,0.0276,0.1117,0
Sun Aug 04 2024 14:00:00 GMT+0100 (British Summer Time),0.0244,0.0276,0.1117,0
Sun Aug 04 2024 15:00:00 GMT+0100 (British Summer Time),0.0244,0.0276,0.1117,0
Sun Aug 04 2024 16:00:00 GMT+0100 (British Summer Time),0.0244,0.0276,0.1117,0
Sun Aug 04 2024 17:00:00 GMT+0100 (British Summer Time),0.0244,0.0259,0.1117,0
Sun Aug 04 2024 18:00:00 GMT+0100 (British Summer Time),0.0244,0.0259,0.1117,0
Sun Aug 04 2024 19:00:00 GMT+0100 (British Summer Time),0.0244,0.0259,0.1117,0
Sun Aug 04 2024 20:00:00 GMT+0100 (British Summer Time),0.0244,0.0259,0.1117,0
Sun Aug 04 2024 21:00:00 GMT+0100 (British Summer Time),0.0244,0.0259,0.1117,0
Sun Aug 04 2024 22:00:00 GMT+0100 (British Summer Time),0.0244,0.0259,0.1117,0
Sun Aug 04 2024 23:00:00 GMT+0100 (British Summer Time),0.0244,0.0259,0.1117,0
Mon Aug 05 2024 00:00:00 GMT+0100 (British Summer Time),0.0244,0.025,0.1117,0
Mon Aug 05 2024 01:00:00 GMT+0100 (British Summer Time),0.0114,0.025,0.1117,0
Mon Aug 05 2024 02:00:00 GMT+0100 (British Summer Time),0.0114,0.025,0.1117,0
Mon Aug 05 2024 03:00:00 GMT+0100 (British Summer Time),0.0114,0.0248,0.1117,0
Mon Aug 05 2024 04:00:00 GMT+0100 (British Summer Time),0.0114,0.0248,0.1117,0
Mon Aug 05 2024 05:00:00 GMT+0100 (British Summer Time),0.0303,0.0271,0.1117,0
Mon Aug 05 2024 06:00:00 GMT+0100 (British Summer Time),0.0322,0.0273,0.1117,0
Mon Aug 05 2024 07:00:00 GMT+0100 (British Summer Time),0.0322,0.0273,0.1117,0
Mon Aug 05 2024 08:00:00 GMT+0100 (British Summer Time),0.0322,0.0273,0.1117,0
Mon Aug 05 2024 09:00:00 GMT+0100 (British Summer Time),0.0322,0.0273,0.1117,0
Mon Aug 05 2024 10:00:00 GMT+0100 (British Summer Time),0.0322,0.0273,0.1117,0
Mon Aug 05 2024 11:00:00 GMT+0100 (British Summer Time),0.0322,0.0273,0.1117,0
Mon Aug 05 2024 12:00:00 GMT+0100 (British Summer Time),0.0282,0.0284,0.1117,0
Mon Aug 05 2024 13:00:00 GMT+0100 (British Summer Time),0.0282,0.0284,0.1117,0
Mon Aug 05 2024 14:00:00 GMT+0100 (British Summer Time),0.0302,0.0287,0.1117,0
Mon Aug 05 2024 15:00:00 GMT+0100 (British Summer Time),0.0302,0.0287,0.1117,0
Mon Aug 05 2024 16:00:00 GMT+0100 (British Summer Time),0.0302,0.027,0.1117,0
Mon Aug 05 2024 17:00:00 GMT+0100 (British Summer Time),0.0302,0.027,0.1117,0
Mon Aug 05 2024 18:00:00 GMT+0100 (British Summer Time),0.0302,0.027,0.1117,0
Mon Aug 05 2024 19:00:00 GMT+0100 (British Summer Time),0.0302,0.027,0.1117,0
Mon Aug 05 2024 20:00:00 GMT+0100 (British Summer Time),0.0302,0.027,0.1117,0
Mon Aug 05 2024 21:00:00 GMT+0100 (British Summer Time),0.0302,0.027,0.1117,0
Mon Aug 05 2024 22:00:00 GMT+0100 (British Summer Time),0.0302,0.027,0.1117,0
Mon Aug 05 2024 23:00:00 GMT+0100 (British Summer Time),0.0302,0.027,0.1117,0
Tue Aug 06 2024 00:00:00 GMT+0100 (British Summer Time),0.0302,0.027,0.1117,0
Tue Aug 06 2024 01:00:00 GMT+0100 (British Summer Time),0.0435,0.0289,0.1117,0
Tue Aug 06 2024 02:00:00 GMT+0100 (British Summer Time),0.0435,0.0289,0.1117,0
Tue Aug 06 2024 03:00:00 GMT+0100 (British Summer Time),0.0455,0.0274,0.1117,0
Tue Aug 06 2024 04:00:00 GMT+0100 (British Summer Time),0.0476,0.0277,0.1117,0
Tue Aug 06 2024 05:00:00 GMT+0100 (British Summer Time),0.0284,0.0277,0.1117,0
Tue Aug 06 2024 06:00:00 GMT+0100 (British Summer Time),0.0284,0.028,0.1117,0
Tue Aug 06 2024 07:00:00 GMT+0100 (British Summer Time),0.0284,0.028,0.1042,812.6200379158842
Tue Aug 06 2024 08:00:00 GMT+0100 (British Summer Time),0.0303,0.0283,0.1042,0
Tue Aug 06 2024 09:00:00 GMT+0100 (British Summer Time),0.0303,0.0283,0.1042,0
Tue Aug 06 2024 10:00:00 GMT+0100 (British Summer Time),0.0303,0.0283,0.1042,0
Tue Aug 06 2024 11:00:00 GMT+0100 (British Summer Time),0.0303,0.0283,0.1042,0
Tue Aug 06 2024 12:00:00 GMT+0100 (British Summer Time),0.0227,0.0283,0.1042,0
Tue Aug 06 2024 13:00:00 GMT+0100 (British Summer Time),0.0227,0.0283,0.1042,0
Tue Aug 06 2024 14:00:00 GMT+0100 (British Summer Time),0.0207,0.0283,0.1042,0
Tue Aug 06 2024 15:00:00 GMT+0100 (British Summer Time),0.0207,0.0283,0.1042,0
Tue Aug 06 2024 16:00:00 GMT+0100 (British Summer Time),0.0314,0.0298,0.1042,0
Tue Aug 06 2024 17:00:00 GMT+0100 (British Summer Time),0.0314,0.0277,0.1042,0
Tue Aug 06 2024 18:00:00 GMT+0100 (British Summer Time),0.0314,0.0277,0.1042,0
Tue Aug 06 2024 19:00:00 GMT+0100 (British Summer Time),0.0314,0.0277,0.1042,0
Tue Aug 06 2024 20:00:00 GMT+0100 (British Summer Time),0.0314,0.0277,0.1042,0
Tue Aug 06 2024 21:00:00 GMT+0100 (British Summer Time),0.0314,0.0277,0.1042,0
Tue Aug 06 2024 22:00:00 GMT+0100 (British Summer Time),0.0314,0.0267,0.1042,0
Tue Aug 06 2024 23:00:00 GMT+0100 (British Summer Time),0.0314,0.0267,0.1042,0
Wed Aug 07 2024 00:00:00 GMT+0100 (British Summer Time),0.0425,0.028,0.1042,0
Wed Aug 07 2024 01:00:00 GMT+0100 (British Summer Time),0.0292,0.0277,0.1042,0
Wed Aug 07 2024 02:00:00 GMT+0100 (British Summer Time),0.0292,0.0277,0.1042,0
Wed Aug 07 2024 03:00:00 GMT+0100 (British Summer Time),0.0272,0.0274,0.1042,0
Wed Aug 07 2024 04:00:00 GMT+0100 (British Summer Time),0.0251,0.0274,0.1042,0
Wed Aug 07 2024 05:00:00 GMT+0100 (British Summer Time),0.0251,0.0272,0.1042,0
Wed Aug 07 2024 06:00:00 GMT+0100 (British Summer Time),0.0232,0.0272,0.1042,0
Wed Aug 07 2024 07:00:00 GMT+0100 (British Summer Time),0.0232,0.0272,0.1042,0
Wed Aug 07 2024 08:00:00 GMT+0100 (British Summer Time),0.0329,0.0288,0.1042,0
Wed Aug 07 2024 09:00:00 GMT+0100 (British Summer Time),0.0329,0.0288,0.1042,0
Wed Aug 07 2024 10:00:00 GMT+0100 (British Summer Time),0.0329,0.0288,0.1042,0
Wed Aug 07 2024 11:00:00 GMT+0100 (British Summer Time),0.0329,0.0288,0.1042,0
Wed Aug 07 2024 12:00:00 GMT+0100 (British Summer Time),0.0329,0.0288,0.1042,0
Wed Aug 07 2024 13:00:00 GMT+0100 (British Summer Time),0.0329,0.0276,0.1042,0
Wed Aug 07 2024 14:00:00 GMT+0100 (British Summer Time),0.0329,0.0274,0.1042,0
Wed Aug 07 2024 15:00:00 GMT+0100 (British Summer Time),0.0329,0.0274,0.1042,0
Wed Aug 07 2024 16:00:00 GMT+0100 (British Summer Time),0.0328,0.0286,0.1042,0
Wed Aug 07 2024 17:00:00 GMT+0100 (British Summer Time),0.0328,0.0286,0.1042,0
Wed Aug 07 2024 18:00:00 GMT+0100 (British Summer Time),0.0328,0.0286,0.1042,0
Wed Aug 07 2024 19:00:00 GMT+0100 (British Summer Time),0.0328,0.0286,0.1042,0
Wed Aug 07 2024 20:00:00 GMT+0100 (British Summer Time),0.0328,0.0286,0.1042,0
Wed Aug 07 2024 21:00:00 GMT+0100 (British Summer Time),0.0328,0.0286,0.1042,0
Wed Aug 07 2024 22:00:00 GMT+0100 (British Summer Time),0.0328,0.0286,0.1042,0
Wed Aug 07 2024 23:00:00 GMT+0100 (British Summer Time),0.0328,0.0286,0.1042,0
Thu Aug 08 2024 00:00:00 GMT+0100 (British Summer Time),0.0336,0.0303,0.1042,0
Thu Aug 08 2024 01:00:00 GMT+0100 (British Summer Time),0.0336,0.0303,0.1042,0
Thu Aug 08 2024 02:00:00 GMT+0100 (British Summer Time),0.0336,0.0303,0.1042,0
Thu Aug 08 2024 03:00:00 GMT+0100 (British Summer Time),0.0336,0.0283,0.1042,0
Thu Aug 08 2024 04:00:00 GMT+0100 (British Summer Time),0.0336,0.0283,0.1042,0
Thu Aug 08 2024 05:00:00 GMT+0100 (British Summer Time),0.0336,0.0283,0.1042,0
Thu Aug 08 2024 06:00:00 GMT+0100 (British Summer Time),0.0336,0.0283,0.1042,0
Thu Aug 08 2024 07:00:00 GMT+0100 (British Summer Time),0.0336,0.0283,0.1042,0
Thu Aug 08 2024 08:00:00 GMT+0100 (British Summer Time),0.0331,0.0299,0.1042,0
Thu Aug 08 2024 09:00:00 GMT+0100 (British Summer Time),0.0331,0.0299,0.1042,0
Thu Aug 08 2024 10:00:00 GMT+0100 (British Summer Time),0.0331,0.0299,0.1042,0
Thu Aug 08 2024 11:00:00 GMT+0100 (British Summer Time),0.0331,0.0299,0.1042,0
Thu Aug 08 2024 12:00:00 GMT+0100 (British Summer Time),0.0331,0.0299,0.1042,0
Thu Aug 08 2024 13:00:00 GMT+0100 (British Summer Time),0.0331,0.0299,0.1042,0
Thu Aug 08 2024 14:00:00 GMT+0100 (British Summer Time),0.0331,0.028,0.1042,0
Thu Aug 08 2024 15:00:00 GMT+0100 (British Summer Time),0.0331,0.028,0.1042,0
Thu Aug 08 2024 16:00:00 GMT+0100 (British Summer Time),0.0226,0.028,0.1042,0
Thu Aug 08 2024 17:00:00 GMT+0100 (British Summer Time),0.0397,0.0305,0.1042,0
Thu Aug 08 2024 18:00:00 GMT+0100 (British Summer Time),0.0397,0.0305,0.1042,0
Thu Aug 08 2024 19:00:00 GMT+0100 (British Summer Time),0.0397,0.0305,0.1042,0
Thu Aug 08 2024 20:00:00 GMT+0100 (British Summer Time),0.0397,0.0305,0.1042,0
Thu Aug 08 2024 21:00:00 GMT+0100 (British Summer Time),0.0397,0.0294,0.1042,0
Thu Aug 08 2024 22:00:00 GMT+0100 (British Summer Time),0.0397,0.0291,0.1042,0
Thu Aug 08 2024 23:00:00 GMT+0100 (British Summer Time),0.0397,0.0291,0.1042,0
Fri Aug 09 2024 00:00:00 GMT+0100 (British Summer Time),0.0278,0.0288,0.1042,0
Fri Aug 09 2024 01:00:00 GMT+0100 (British Summer Time),0.0413,0.0304,0.1042,0
Fri Aug 09 2024 02:00:00 GMT+0100 (British Summer Time),0.0413,0.0304,0.1042,0
Fri Aug 09 2024 03:00:00 GMT+0100 (British Summer Time),0.0413,0.0302,0.1042,0
Fri Aug 09 2024 04:00:00 GMT+0100 (British Summer Time),0.0413,0.0302,0.1042,0
Fri Aug 09 2024 05:00:00 GMT+0100 (British Summer Time),0.0413,0.0299,0.1042,0
Fri Aug 09 2024 06:00:00 GMT+0100 (British Summer Time),0.0413,0.0299,0.1042,0
Fri Aug 09 2024 07:00:00 GMT+0100 (British Summer Time),0.0413,0.0299,0.1042,0
Fri Aug 09 2024 08:00:00 GMT+0100 (British Summer Time),0.0301,0.0299,0.1042,0
Fri Aug 09 2024 09:00:00 GMT+0100 (British Summer Time),0.0433,0.0318,0.1042,0
Fri Aug 09 2024 10:00:00 GMT+0100 (British Summer Time),0.0433,0.0318,0.1042,0
Fri Aug 09 2024 11:00:00 GMT+0100 (British Summer Time),0.0433,0.0318,0.1042,0
Fri Aug 09 2024 12:00:00 GMT+0100 (British Summer Time),0.0433,0.0318,0.1042,0
Fri Aug 09 2024 13:00:00 GMT+0100 (British Summer Time),0.0433,0.0318,0.1041,5.603276185125677
Fri Aug 09 2024 14:00:00 GMT+0100 (British Summer Time),0.0433,0.0318,0.1041,0
Fri Aug 09 2024 15:00:00 GMT+0100 (British Summer Time),0.0433,0.0318,0.1,438.1210751280757
Fri Aug 09 2024 16:00:00 GMT+0100 (British Summer Time),0.0433,0.03,0.1,0
Fri Aug 09 2024 17:00:00 GMT+0100 (British Summer Time),0.0392,0.0319,0.1,0
Fri Aug 09 2024 18:00:00 GMT+0100 (British Summer Time),0.0392,0.0319,0.1,4.1285396044674245
Fri Aug 09 2024 19:00:00 GMT+0100 (British Summer Time),0.0392,0.0319,0.1001,0
Fri Aug 09 2024 20:00:00 GMT+0100 (British Summer Time),0.0392,0.0319,0.1001,0
Fri Aug 09 2024 21:00:00 GMT+0100 (British Summer Time),0.0392,0.0319,0.1001,0
Fri Aug 09 2024 22:00:00 GMT+0100 (British Summer Time),0.0471,0.033,0.1001,0
Fri Aug 09 2024 23:00:00 GMT+0100 (British Summer Time),0.0471,0.033,0.1001,0
Sat Aug 10 2024 00:00:00 GMT+0100 (British Summer Time),0.0498,0.0334,0.1001,0
Sat Aug 10 2024 01:00:00 GMT+0100 (British Summer Time),0.0362,0.0334,0.1001,0
Sat Aug 10 2024 02:00:00 GMT+0100 (British Summer Time),0.0362,0.0334,0.1001,0
Sat Aug 10 2024 03:00:00 GMT+0100 (British Summer Time),0.0416,0.0341,0.1001,0
Sat Aug 10 2024 04:00:00 GMT+0100 (British Summer Time),0.0443,0.0325,0.1001,0
Sat Aug 10 2024 05:00:00 GMT+0100 (British Summer Time),0.0443,0.0325,0.1001,0
Sat Aug 10 2024 06:00:00 GMT+0100 (British Summer Time),0.0471,0.0329,0.1001,0
Sat Aug 10 2024 07:00:00 GMT+0100 (British Summer Time),0.0471,0.0329,0.1001,0
Sat Aug 10 2024 08:00:00 GMT+0100 (British Summer Time),0.0497,0.0333,0.1001,0
Sat Aug 10 2024 09:00:00 GMT+0100 (British Summer Time),0.0393,0.0336,0.1001,0
Sat Aug 10 2024 10:00:00 GMT+0100 (British Summer Time),0.0393,0.0336,0.1001,0
Sat Aug 10 2024 11:00:00 GMT+0100 (British Summer Time),0.0419,0.034,0.1001,0
Sat Aug 10 2024 12:00:00 GMT+0100 (British Summer Time),0.0446,0.0344,0.1001,0
Sat Aug 10 2024 13:00:00 GMT+0100 (British Summer Time),0.0446,0.0344,0.1001,0
Sat Aug 10 2024 14:00:00 GMT+0100 (British Summer Time),0.0473,0.0331,0.1001,0
Sat Aug 10 2024 15:00:00 GMT+0100 (British Summer Time),0.0473,0.0331,0.1001,0
Sat Aug 10 2024 16:00:00 GMT+0100 (British Summer Time),0.05,0.0335,0.1001,0
Sat Aug 10 2024 17:00:00 GMT+0100 (British Summer Time),0.0368,0.0335,0.1001,0
Sat Aug 10 2024 18:00:00 GMT+0100 (British Summer Time),0.0368,0.0335,0.1001,0
Sat Aug 10 2024 19:00:00 GMT+0100 (British Summer Time),0.0368,0.0335,0.1001,0
Sat Aug 10 2024 20:00:00 GMT+0100 (British Summer Time),0.0368,0.0335,0.1001,0
Sat Aug 10 2024 21:00:00 GMT+0100 (British Summer Time),0.0368,0.0335,0.1001,0
Sat Aug 10 2024 22:00:00 GMT+0100 (British Summer Time),0.0289,0.0335,0.1001,0
Sat Aug 10 2024 23:00:00 GMT+0100 (British Summer Time),0.0289,0.0335,0.1001,0
Sun Aug 11 2024 00:00:00 GMT+0100 (British Summer Time),0.0263,0.0335,0.1001,0
Sun Aug 11 2024 01:00:00 GMT+0100 (British Summer Time),0.0263,0.0316,0.0965,393.12707050512563
Sun Aug 11 2024 02:00:00 GMT+0100 (British Summer Time),0.0263,0.0316,0.0965,0
Sun Aug 11 2024 03:00:00 GMT+0100 (British Summer Time),0.021,0.0316,0.0965,0
Sun Aug 11 2024 04:00:00 GMT+0100 (British Summer Time),0.0183,0.0316,0.0965,0
Sun Aug 11 2024 05:00:00 GMT+0100 (British Summer Time),0.0402,0.0347,0.0965,0
Sun Aug 11 2024 06:00:00 GMT+0100 (British Summer Time),0.0375,0.0347,0.0965,0
Sun Aug 11 2024 07:00:00 GMT+0100 (British Summer Time),0.0375,0.0347,0.0965,0
Sun Aug 11 2024 08:00:00 GMT+0100 (British Summer Time),0.0348,0.0347,0.0886,876.5062133567302
Sun Aug 11 2024 09:00:00 GMT+0100 (British Summer Time),0.0321,0.0347,0.0886,0
Sun Aug 11 2024 10:00:00 GMT+0100 (British Summer Time),0.0321,0.0347,0.0886,0
Sun Aug 11 2024 11:00:00 GMT+0100 (British Summer Time),0.0294,0.0347,0.0886,0
Sun Aug 11 2024 12:00:00 GMT+0100 (British Summer Time),0.0404,0.035,0.0886,0
Sun Aug 11 2024 13:00:00 GMT+0100 (British Summer Time),0.0404,0.035,0.0886,0
Sun Aug 11 2024 14:00:00 GMT+0100 (British Summer Time),0.0378,0.035,0.0886,0
Sun Aug 11 2024 15:00:00 GMT+0100 (British Summer Time),0.0378,0.035,0.0886,0
Sun Aug 11 2024 16:00:00 GMT+0100 (British Summer Time),0.0351,0.035,0.0886,0
Sun Aug 11 2024 17:00:00 GMT+0100 (British Summer Time),0.0351,0.035,0.0886,0
Sun Aug 11 2024 18:00:00 GMT+0100 (British Summer Time),0.0351,0.035,0.0886,0
Sun Aug 11 2024 19:00:00 GMT+0100 (British Summer Time),0.0351,0.035,0.0886,0
Sun Aug 11 2024 20:00:00 GMT+0100 (British Summer Time),0.0481,0.0369,0.0886,0
Sun Aug 11 2024 21:00:00 GMT+0100 (British Summer Time),0.0481,0.0369,0.0886,0
Sun Aug 11 2024 22:00:00 GMT+0100 (British Summer Time),0.0481,0.0369,0.0886,0
Sun Aug 11 2024 23:00:00 GMT+0100 (British Summer Time),0.0481,0.0369,0.0886,0
Mon Aug 12 2024 00:00:00 GMT+0100 (British Summer Time),0.0481,0.0369,0.0886,0
Mon Aug 12 2024 01:00:00 GMT+0100 (British Summer Time),0.0481,0.0369,0.0886,0
Mon Aug 12 2024 02:00:00 GMT+0100 (British Summer Time),0.0481,0.0369,0.0886,0
Mon Aug 12 2024 03:00:00 GMT+0100 (British Summer Time),0.0481,0.0369,0.0886,0
Mon Aug 12 2024 04:00:00 GMT+0100 (British Summer Time),0.0481,0.0369,0.0886,0
Mon Aug 12 2024 05:00:00 GMT+0100 (British Summer Time),0.0395,0.036,0.0886,0
Mon Aug 12 2024 06:00:00 GMT+0100 (British Summer Time),0.0395,0.0358,0.0886,0
Mon Aug 12 2024 07:00:00 GMT+0100 (British Summer Time),0.0395,0.0358,0.0886,0
Mon Aug 12 2024 08:00:00 GMT+0100 (British Summer Time),0.0395,0.0358,0.0886,0
Mon Aug 12 2024 09:00:00 GMT+0100 (British Summer Time),0.0475,0.0369,0.0886,0
Mon Aug 12 2024 10:00:00 GMT+0100 (British Summer Time),0.0475,0.0369,0.0886,0
Mon Aug 12 2024 11:00:00 GMT+0100 (British Summer Time),0.0502,0.0373,0.0886,0
Mon Aug 12 2024 12:00:00 GMT+0100 (British Summer Time),0.0364,0.0362,0.0886,0
Mon Aug 12 2024 13:00:00 GMT+0100 (British Summer Time),0.0364,0.0362,0.0886,0
Mon Aug 12 2024 14:00:00 GMT+0100 (British Summer Time),0.0419,0.0367,0.0886,0
Mon Aug 12 2024 15:00:00 GMT+0100 (British Summer Time),0.0419,0.0367,0.0886,0
Mon Aug 12 2024 16:00:00 GMT+0100 (British Summer Time),0.0447,0.0371,0.0887,9.189198270363187
Mon Aug 12 2024 17:00:00 GMT+0100 (British Summer Time),0.0474,0.0375,0.0887,0
Mon Aug 12 2024 18:00:00 GMT+0100 (British Summer Time),0.0474,0.0375,0.0887,0
Mon Aug 12 2024 19:00:00 GMT+0100 (British Summer Time),0.0501,0.0378,0.0887,0
Mon Aug 12 2024 20:00:00 GMT+0100 (British Summer Time),0.0371,0.0378,0.0887,0
Mon Aug 12 2024 21:00:00 GMT+0100 (British Summer Time),0.0398,0.0382,0.0887,0
Mon Aug 12 2024 22:00:00 GMT+0100 (British Summer Time),0.0424,0.0386,0.0887,0
Mon Aug 12 2024 23:00:00 GMT+0100 (British Summer Time),0.0424,0.0386,0.0887,0
Tue Aug 13 2024 00:00:00 GMT+0100 (British Summer Time),0.0451,0.039,0.0887,0
Tue Aug 13 2024 01:00:00 GMT+0100 (British Summer Time),0.0478,0.0375,0.0887,0
Tue Aug 13 2024 02:00:00 GMT+0100 (British Summer Time),0.0478,0.0375,0.0887,0
Tue Aug 13 2024 03:00:00 GMT+0100 (British Summer Time),0.0506,0.0376,0.0887,0
Tue Aug 13 2024 04:00:00 GMT+0100 (British Summer Time),0.0506,0.0373,0.0887,0
Tue Aug 13 2024 05:00:00 GMT+0100 (British Summer Time),0.0396,0.0376,0.0887,0
Tue Aug 13 2024 06:00:00 GMT+0100 (British Summer Time),0.0422,0.0377,0.0887,0
Tue Aug 13 2024 07:00:00 GMT+0100 (British Summer Time),0.0422,0.0377,0.0887,0
Tue Aug 13 2024 08:00:00 GMT+0100 (British Summer Time),0.0422,0.0375,0.0887,0
Tue Aug 13 2024 09:00:00 GMT+0100 (British Summer Time),0.0342,0.0375,0.0887,0
Tue Aug 13 2024 10:00:00 GMT+0100 (British Summer Time),0.0342,0.0375,0.0887,0
Tue Aug 13 2024 11:00:00 GMT+0100 (British Summer Time),0.0397,0.0386,0.0887,0
Tue Aug 13 2024 12:00:00 GMT+0100 (British Summer Time),0.0397,0.0386,0.0887,0
Tue Aug 13 2024 13:00:00 GMT+0100 (British Summer Time),0.0397,0.0386,0.0887,0
Tue Aug 13 2024 14:00:00 GMT+0100 (British Summer Time),0.0342,0.0386,0.0887,0
Tue Aug 13 2024 15:00:00 GMT+0100 (British Summer Time),0.0342,0.0386,0.089,42.037694389315874
Tue Aug 13 2024 16:00:00 GMT+0100 (British Summer Time),0.0315,0.0371,0.089,0
Tue Aug 13 2024 17:00:00 GMT+0100 (British Summer Time),0.0288,0.0371,0.089,0
Tue Aug 13 2024 18:00:00 GMT+0100 (British Summer Time),0.0288,0.0371,0.089,0
Tue Aug 13 2024 19:00:00 GMT+0100 (British Summer Time),0.0391,0.0389,0.089,0
Tue Aug 13 2024 20:00:00 GMT+0100 (British Summer Time),0.0391,0.0389,0.089,0
Tue Aug 13 2024 21:00:00 GMT+0100 (British Summer Time),0.0364,0.0389,0.089,0
Tue Aug 13 2024 22:00:00 GMT+0100 (British Summer Time),0.0338,0.0389,0.089,0
Tue Aug 13 2024 23:00:00 GMT+0100 (British Summer Time),0.0338,0.0389,0.089,0
Wed Aug 14 2024 00:00:00 GMT+0100 (British Summer Time),0.0311,0.0374,0.089,0
Wed Aug 14 2024 01:00:00 GMT+0100 (British Summer Time),0.0284,0.0374,0.089,0
Wed Aug 14 2024 02:00:00 GMT+0100 (British Summer Time),0.0284,0.0374,0.089,0
Wed Aug 14 2024 03:00:00 GMT+0100 (British Summer Time),0.0388,0.0392,0.089,0
Wed Aug 14 2024 04:00:00 GMT+0100 (British Summer Time),0.0388,0.0392,0.089,0
Wed Aug 14 2024 05:00:00 GMT+0100 (British Summer Time),0.0362,0.0392,0.089,0
Wed Aug 14 2024 06:00:00 GMT+0100 (British Summer Time),0.0336,0.0392,0.089,0
Wed Aug 14 2024 07:00:00 GMT+0100 (British Summer Time),0.0336,0.0392,0.089,0
Wed Aug 14 2024 08:00:00 GMT+0100 (British Summer Time),0.0336,0.0376,0.089,0
Wed Aug 14 2024 09:00:00 GMT+0100 (British Summer Time),0.0336,0.0376,0.089,0
Wed Aug 14 2024 10:00:00 GMT+0100 (British Summer Time),0.0336,0.0376,0.089,0
Wed Aug 14 2024 11:00:00 GMT+0100 (British Summer Time),0.0387,0.0395,0.089,0
Wed Aug 14 2024 12:00:00 GMT+0100 (British Summer Time),0.0387,0.0395,0.089,0
Wed Aug 14 2024 13:00:00 GMT+0100 (British Summer Time),0.0387,0.0395,0.089,0
Wed Aug 14 2024 14:00:00 GMT+0100 (British Summer Time),0.0387,0.0395,0.1015,2735.541459762757
Wed Aug 14 2024 15:00:00 GMT+0100 (British Summer Time),0.0387,0.0395,0.1015,0
Wed Aug 14 2024 16:00:00 GMT+0100 (British Summer Time),0.0387,0.0379,0.1015,0
Wed Aug 14 2024 17:00:00 GMT+0100 (British Summer Time),0.0387,0.0379,0.1015,0
Wed Aug 14 2024 18:00:00 GMT+0100 (British Summer Time),0.0387,0.0379,0.1015,0
Wed Aug 14 2024 19:00:00 GMT+0100 (British Summer Time),0.0357,0.0394,0.1015,0
Wed Aug 14 2024 20:00:00 GMT+0100 (British Summer Time),0.0357,0.0394,0.1015,0
Wed Aug 14 2024 21:00:00 GMT+0100 (British Summer Time),0.0357,0.0394,0.1015,0
Wed Aug 14 2024 22:00:00 GMT+0100 (British Summer Time),0.0357,0.0394,0.1015,0
Wed Aug 14 2024 23:00:00 GMT+0100 (British Summer Time),0.0357,0.0394,0.1015,0
Thu Aug 15 2024 00:00:00 GMT+0100 (British Summer Time),0.0357,0.0377,0.1015,0
Thu Aug 15 2024 01:00:00 GMT+0100 (British Summer Time),0.0357,0.0377,0.1015,0
Thu Aug 15 2024 02:00:00 GMT+0100 (British Summer Time),0.0357,0.0377,0.1015,0
Thu Aug 15 2024 03:00:00 GMT+0100 (British Summer Time),0.0318,0.039,0.1034,412.3324541893117
Thu Aug 15 2024 04:00:00 GMT+0100 (British Summer Time),0.0318,0.039,0.1034,0
Thu Aug 15 2024 05:00:00 GMT+0100 (British Summer Time),0.0318,0.039,0.1034,0
Thu Aug 15 2024 06:00:00 GMT+0100 (British Summer Time),0.0318,0.039,0.1034,0
Thu Aug 15 2024 07:00:00 GMT+0100 (British Summer Time),0.0318,0.039,0.1034,0
Thu Aug 15 2024 08:00:00 GMT+0100 (British Summer Time),0.0318,0.0374,0.1034,0
Thu Aug 15 2024 09:00:00 GMT+0100 (British Summer Time),0.0318,0.0374,0.1034,0
Thu Aug 15 2024 10:00:00 GMT+0100 (British Summer Time),0.0318,0.0374,0.1034,0
Thu Aug 15 2024 11:00:00 GMT+0100 (British Summer Time),0.0269,0.0386,0.1034,0
Thu Aug 15 2024 12:00:00 GMT+0100 (British Summer Time),0.0269,0.0386,0.1034,0
Thu Aug 15 2024 13:00:00 GMT+0100 (British Summer Time),0.0269,0.0386,0.1034,0
Thu Aug 15 2024 14:00:00 GMT+0100 (British Summer Time),0.0269,0.0386,0.1034,0
Thu Aug 15 2024 15:00:00 GMT+0100 (British Summer Time),0.0269,0.0386,0.1034,0
Thu Aug 15 2024 16:00:00 GMT+0100 (British Summer Time),0.0269,0.0386,0.1034,0
Thu Aug 15 2024 17:00:00 GMT+0100 (British Summer Time),0.0269,0.0361,0.1034,0
Thu Aug 15 2024 18:00:00 GMT+0100 (British Summer Time),0.0269,0.0361,0.1034,0
Thu Aug 15 2024 19:00:00 GMT+0100 (British Summer Time),0.0271,0.0376,0.1034,0
Thu Aug 15 2024 20:00:00 GMT+0100 (British Summer Time),0.0271,0.0376,0.1034,0
Thu Aug 15 2024 21:00:00 GMT+0100 (British Summer Time),0.0271,0.0376,0.1034,0
Thu Aug 15 2024 22:00:00 GMT+0100 (British Summer Time),0.0271,0.0376,0.1034,0
Thu Aug 15 2024 23:00:00 GMT+0100 (British Summer Time),0.0271,0.0376,0.1034,0
Fri Aug 16 2024 00:00:00 GMT+0100 (British Summer Time),0.033,0.0384,0.1034,0
Fri Aug 16 2024 01:00:00 GMT+0100 (British Summer Time),0.0349,0.0367,0.1034,0
Fri Aug 16 2024 02:00:00 GMT+0100 (British Summer Time),0.0349,0.0367,0.1034,0
Fri Aug 16 2024 03:00:00 GMT+0100 (British Summer Time),0.0274,0.037,0.1034,0
Fri Aug 16 2024 04:00:00 GMT+0100 (British Summer Time),0.0274,0.037,0.1034,0
Fri Aug 16 2024 05:00:00 GMT+0100 (British Summer Time),0.029,0.0372,0.1034,0
Fri Aug 16 2024 06:00:00 GMT+0100 (British Summer Time),0.029,0.0372,0.1034,0
Fri Aug 16 2024 07:00:00 GMT+0100 (British Summer Time),0.029,0.0372,0.1034,0
Fri Aug 16 2024 08:00:00 GMT+0100 (British Summer Time),0.029,0.0372,0.1034,0
Fri Aug 16 2024 09:00:00 GMT+0100 (British Summer Time),0.029,0.0353,0.1034,0
Fri Aug 16 2024 10:00:00 GMT+0100 (British Summer Time),0.029,0.0353,0.1034,0
Fri Aug 16 2024 11:00:00 GMT+0100 (British Summer Time),0.0207,0.0353,0.1034,0
Fri Aug 16 2024 12:00:00 GMT+0100 (British Summer Time),0.0207,0.0353,0.1034,0
Fri Aug 16 2024 13:00:00 GMT+0100 (British Summer Time),0.0291,0.0365,0.1034,0
Fri Aug 16 2024 14:00:00 GMT+0100 (British Summer Time),0.0291,0.0365,0.1034,0
Fri Aug 16 2024 15:00:00 GMT+0100 (British Summer Time),0.0291,0.0365,0.1034,0
Fri Aug 16 2024 16:00:00 GMT+0100 (British Summer Time),0.0291,0.0365,0.1034,0
Fri Aug 16 2024 17:00:00 GMT+0100 (British Summer Time),0.0291,0.0347,0.1034,0
Fri Aug 16 2024 18:00:00 GMT+0100 (British Summer Time),0.0291,0.0347,0.1034,0
Fri Aug 16 2024 19:00:00 GMT+0100 (British Summer Time),0.019,0.0347,0.1034,0
Fri Aug 16 2024 20:00:00 GMT+0100 (British Summer Time),0.019,0.0347,0.1034,0
Fri Aug 16 2024 21:00:00 GMT+0100 (British Summer Time),0.0286,0.0361,0.1034,0
Fri Aug 16 2024 22:00:00 GMT+0100 (British Summer Time),0.0286,0.0349,0.1034,0
Fri Aug 16 2024 23:00:00 GMT+0100 (British Summer Time),0.0286,0.0349,0.1034,0
Sat Aug 17 2024 00:00:00 GMT+0100 (British Summer Time),0.0228,0.0346,0.1034,0
Sat Aug 17 2024 01:00:00 GMT+0100 (British Summer Time),0.0209,0.0346,0.1034,0
Sat Aug 17 2024 02:00:00 GMT+0100 (British Summer Time),0.0209,0.0346,0.1034,0
Sat Aug 17 2024 03:00:00 GMT+0100 (British Summer Time),0.0193,0.0338,0.1034,0
Sat Aug 17 2024 04:00:00 GMT+0100 (British Summer Time),0.0193,0.0334,0.1034,0
Sat Aug 17 2024 05:00:00 GMT+0100 (British Summer Time),0.0257,0.0346,0.1034,0
Sat Aug 17 2024 06:00:00 GMT+0100 (British Summer Time),0.0257,0.0342,0.1034,0
Sat Aug 17 2024 07:00:00 GMT+0100 (British Summer Time),0.0257,0.0342,0.1034,0
Sat Aug 17 2024 08:00:00 GMT+0100 (British Summer Time),0.0257,0.0338,0.1034,0
Sat Aug 17 2024 09:00:00 GMT+0100 (British Summer Time),0.0257,0.0334,0.1034,0
Sat Aug 17 2024 10:00:00 GMT+0100 (British Summer Time),0.0257,0.0334,0.1034,0
Sat Aug 17 2024 11:00:00 GMT+0100 (British Summer Time),0.0257,0.033,0.1034,0
Sat Aug 17 2024 12:00:00 GMT+0100 (British Summer Time),0.0336,0.0338,0.1034,0
Sat Aug 17 2024 13:00:00 GMT+0100 (British Summer Time),0.0253,0.0338,0.1034,0
Sat Aug 17 2024 14:00:00 GMT+0100 (British Summer Time),0.0253,0.0334,0.1034,0
Sat Aug 17 2024 15:00:00 GMT+0100 (British Summer Time),0.0253,0.0334,0.1034,0
Sat Aug 17 2024 16:00:00 GMT+0100 (British Summer Time),0.0253,0.033,0.1034,0
Sat Aug 17 2024 17:00:00 GMT+0100 (British Summer Time),0.0253,0.033,0.1034,0
Sat Aug 17 2024 18:00:00 GMT+0100 (British Summer Time),0.0253,0.033,0.1034,0
Sat Aug 17 2024 19:00:00 GMT+0100 (British Summer Time),0.0253,0.033,0.1034,0
Sat Aug 17 2024 20:00:00 GMT+0100 (British Summer Time),0.0387,0.0349,0.1034,0
Sat Aug 17 2024 21:00:00 GMT+0100 (British Summer Time),0.029,0.0349,0.1034,0
Sat Aug 17 2024 22:00:00 GMT+0100 (British Summer Time),0.029,0.0349,0.1034,0
Sat Aug 17 2024 23:00:00 GMT+0100 (British Summer Time),0.029,0.0349,0.1034,0
Sun Aug 18 2024 00:00:00 GMT+0100 (British Summer Time),0.029,0.0349,0.1034,0
Sun Aug 18 2024 01:00:00 GMT+0100 (British Summer Time),0.029,0.0349,0.1034,0
Sun Aug 18 2024 02:00:00 GMT+0100 (British Summer Time),0.029,0.0349,0.1034,0
Sun Aug 18 2024 03:00:00 GMT+0100 (British Summer Time),0.029,0.0349,0.1034,0
Sun Aug 18 2024 04:00:00 GMT+0100 (British Summer Time),0.0393,0.0364,0.1034,0
Sun Aug 18 2024 05:00:00 GMT+0100 (British Summer Time),0.0311,0.0333,0.1034,0
Sun Aug 18 2024 06:00:00 GMT+0100 (British Summer Time),0.0311,0.0333,0.1034,0
Sun Aug 18 2024 07:00:00 GMT+0100 (British Summer Time),0.0311,0.0333,0.1034,0
Sun Aug 18 2024 08:00:00 GMT+0100 (British Summer Time),0.0311,0.0333,0.1034,0
Sun Aug 18 2024 09:00:00 GMT+0100 (British Summer Time),0.0311,0.0333,0.1034,0
Sun Aug 18 2024 10:00:00 GMT+0100 (British Summer Time),0.0311,0.0333,0.1034,0
Sun Aug 18 2024 11:00:00 GMT+0100 (British Summer Time),0.0311,0.0333,0.1034,0
Sun Aug 18 2024 12:00:00 GMT+0100 (British Summer Time),0.0319,0.0325,0.1034,0
Sun Aug 18 2024 13:00:00 GMT+0100 (British Summer Time),0.0319,0.0325,0.1034,0
Sun Aug 18 2024 14:00:00 GMT+0100 (British Summer Time),0.0319,0.0325,0.1034,0
Sun Aug 18 2024 15:00:00 GMT+0100 (British Summer Time),0.0319,0.0325,0.1034,0
Sun Aug 18 2024 16:00:00 GMT+0100 (British Summer Time),0.0319,0.0325,0.1034,0
Sun Aug 18 2024 17:00:00 GMT+0100 (British Summer Time),0.0319,0.0325,0.1034,0
Sun Aug 18 2024 18:00:00 GMT+0100 (British Summer Time),0.0319,0.0325,0.1034,0
Sun Aug 18 2024 19:00:00 GMT+0100 (British Summer Time),0.0319,0.0325,0.1034,0
Sun Aug 18 2024 20:00:00 GMT+0100 (British Summer Time),0.0281,0.0321,0.1034,0
Sun Aug 18 2024 21:00:00 GMT+0100 (British Summer Time),0.0281,0.0321,0.1034,0
Sun Aug 18 2024 22:00:00 GMT+0100 (British Summer Time),0.0281,0.0321,0.1034,0
Sun Aug 18 2024 23:00:00 GMT+0100 (British Summer Time),0.0281,0.0321,0.1034,0
Mon Aug 19 2024 00:00:00 GMT+0100 (British Summer Time),0.0281,0.0321,0.1034,0
Mon Aug 19 2024 01:00:00 GMT+0100 (British Summer Time),0.0281,0.0321,0.1034,0
Mon Aug 19 2024 02:00:00 GMT+0100 (British Summer Time),0.0281,0.0321,0.1034,0
Mon Aug 19 2024 03:00:00 GMT+0100 (British Summer Time),0.0281,0.0321,0.1034,0
Mon Aug 19 2024 04:00:00 GMT+0100 (British Summer Time),0.0259,0.0332,0.1034,0
Mon Aug 19 2024 05:00:00 GMT+0100 (British Summer Time),0.0259,0.0313,0.1034,0
Mon Aug 19 2024 06:00:00 GMT+0100 (British Summer Time),0.0259,0.0313,0.1034,0
Mon Aug 19 2024 07:00:00 GMT+0100 (British Summer Time),0.0259,0.0313,0.1034,0
Mon Aug 19 2024 08:00:00 GMT+0100 (British Summer Time),0.0259,0.0313,0.1034,0
Mon Aug 19 2024 09:00:00 GMT+0100 (British Summer Time),0.0259,0.0302,0.1034,0
Mon Aug 19 2024 10:00:00 GMT+0100 (British Summer Time),0.0259,0.0302,0.1034,0
Mon Aug 19 2024 11:00:00 GMT+0100 (British Summer Time),0.0259,0.0298,0.1034,0
Mon Aug 19 2024 12:00:00 GMT+0100 (British Summer Time),0.0173,0.0298,0.1034,0
Mon Aug 19 2024 13:00:00 GMT+0100 (British Summer Time),0.0173,0.0298,0.1034,0
Mon Aug 19 2024 14:00:00 GMT+0100 (British Summer Time),0.0268,0.0304,0.1034,0
Mon Aug 19 2024 15:00:00 GMT+0100 (British Summer Time),0.0268,0.0304,0.1034,0
Mon Aug 19 2024 16:00:00 GMT+0100 (British Summer Time),0.0268,0.03,0.1096,721.2015510935404
Mon Aug 19 2024 17:00:00 GMT+0100 (British Summer Time),0.0268,0.0296,0.1096,0
Mon Aug 19 2024 18:00:00 GMT+0100 (British Summer Time),0.0268,0.0296,0.1096,0
Mon Aug 19 2024 19:00:00 GMT+0100 (British Summer Time),0.0331,0.0301,0.1096,0
Mon Aug 19 2024 20:00:00 GMT+0100 (British Summer Time),0.0251,0.0304,0.1096,0
Mon Aug 19 2024 21:00:00 GMT+0100 (British Summer Time),0.0251,0.03,0.1096,0
Mon Aug 19 2024 22:00:00 GMT+0100 (British Summer Time),0.0251,0.0296,0.1096,0
Mon Aug 19 2024 23:00:00 GMT+0100 (British Summer Time),0.0251,0.0296,0.1096,0
Tue Aug 20 2024 00:00:00 GMT+0100 (British Summer Time),0.0251,0.0292,0.1096,0
Tue Aug 20 2024 01:00:00 GMT+0100 (British Summer Time),0.0251,0.0289,0.1096,0
Tue Aug 20 2024 02:00:00 GMT+0100 (British Summer Time),0.0251,0.0289,0.1096,0
Tue Aug 20 2024 03:00:00 GMT+0100 (British Summer Time),0.0251,0.0285,0.1096,0
Tue Aug 20 2024 04:00:00 GMT+0100 (British Summer Time),0.0258,0.0294,0.1238,1785.5734035102844
Tue Aug 20 2024 05:00:00 GMT+0100 (British Summer Time),0.0258,0.0294,0.1238,0
Tue Aug 20 2024 06:00:00 GMT+0100 (British Summer Time),0.0258,0.029,0.1238,0
Tue Aug 20 2024 07:00:00 GMT+0100 (British Summer Time),0.0258,0.029,0.1238,0
Tue Aug 20 2024 08:00:00 GMT+0100 (British Summer Time),0.0258,0.029,0.1238,0
Tue Aug 20 2024 09:00:00 GMT+0100 (British Summer Time),0.0258,0.029,0.1238,0
Tue Aug 20 2024 10:00:00 GMT+0100 (British Summer Time),0.0258,0.029,0.1238,0
Tue Aug 20 2024 11:00:00 GMT+0100 (British Summer Time),0.0258,0.0278,0.1238,0
Tue Aug 20 2024 12:00:00 GMT+0100 (British Summer Time),0.0342,0.029,0.1238,0
Tue Aug 20 2024 13:00:00 GMT+0100 (British Summer Time),0.0342,0.029,0.1238,0
Tue Aug 20 2024 14:00:00 GMT+0100 (British Summer Time),0.0246,0.029,0.1238,0
Tue Aug 20 2024 15:00:00 GMT+0100 (British Summer Time),0.0246,0.029,0.1238,0
Tue Aug 20 2024 16:00:00 GMT+0100 (British Summer Time),0.0246,0.029,0.1238,0
Tue Aug 20 2024 17:00:00 GMT+0100 (British Summer Time),0.0246,0.029,0.1238,0
Tue Aug 20 2024 18:00:00 GMT+0100 (British Summer Time),0.0246,0.029,0.1238,0
Tue Aug 20 2024 19:00:00 GMT+0100 (British Summer Time),0.0183,0.0272,0.1238,0
Tue Aug 20 2024 20:00:00 GMT+0100 (British Summer Time),0.0167,0.0272,0.1238,0
Tue Aug 20 2024 21:00:00 GMT+0100 (British Summer Time),0.0259,0.0285,0.1238,0
Tue Aug 20 2024 22:00:00 GMT+0100 (British Summer Time),0.0259,0.0285,0.1238,0
Tue Aug 20 2024 23:00:00 GMT+0100 (British Summer Time),0.0259,0.0285,0.1238,0
Wed Aug 21 2024 00:00:00 GMT+0100 (British Summer Time),0.0259,0.0285,0.1238,0
Wed Aug 21 2024 01:00:00 GMT+0100 (British Summer Time),0.0259,0.0285,0.1238,0
Wed Aug 21 2024 02:00:00 GMT+0100 (British Summer Time),0.0259,0.0285,0.1238,0
Wed Aug 21 2024 03:00:00 GMT+0100 (British Summer Time),0.0259,0.0266,0.1238,0
Wed Aug 21 2024 04:00:00 GMT+0100 (British Summer Time),0.0254,0.0278,0.1238,0
Wed Aug 21 2024 05:00:00 GMT+0100 (British Summer Time),0.0254,0.0278,0.1238,0
Wed Aug 21 2024 06:00:00 GMT+0100 (British Summer Time),0.0254,0.0278,0.1238,0
Wed Aug 21 2024 07:00:00 GMT+0100 (British Summer Time),0.0254,0.0278,0.1238,0
Wed Aug 21 2024 08:00:00 GMT+0100 (British Summer Time),0.0254,0.0278,0.1238,0
Wed Aug 21 2024 09:00:00 GMT+0100 (British Summer Time),0.0254,0.0278,0.1238,0
Wed Aug 21 2024 10:00:00 GMT+0100 (British Summer Time),0.0254,0.0278,0.1238,0
Wed Aug 21 2024 11:00:00 GMT+0100 (British Summer Time),0.0254,0.0259,0.1238,0
Wed Aug 21 2024 12:00:00 GMT+0100 (British Summer Time),0.025,0.0271,0.1238,0
Wed Aug 21 2024 13:00:00 GMT+0100 (British Summer Time),0.025,0.0271,0.1238,0
Wed Aug 21 2024 14:00:00 GMT+0100 (British Summer Time),0.025,0.0271,0.1238,0
Wed Aug 21 2024 15:00:00 GMT+0100 (British Summer Time),0.025,0.0271,0.1238,0
Wed Aug 21 2024 16:00:00 GMT+0100 (British Summer Time),0.025,0.0271,0.1238,0
Wed Aug 21 2024 17:00:00 GMT+0100 (British Summer Time),0.025,0.0271,0.1238,0
Wed Aug 21 2024 18:00:00 GMT+0100 (British Summer Time),0.025,0.0271,0.1238,0
Wed Aug 21 2024 19:00:00 GMT+0100 (British Summer Time),0.025,0.0257,0.1238,0
Wed Aug 21 2024 20:00:00 GMT+0100 (British Summer Time),0.025,0.0257,0.1238,0
Wed Aug 21 2024 21:00:00 GMT+0100 (British Summer Time),0.0258,0.0271,0.1238,0
Wed Aug 21 2024 22:00:00 GMT+0100 (British Summer Time),0.0258,0.0271,0.1238,0
Wed Aug 21 2024 23:00:00 GMT+0100 (British Summer Time),0.0258,0.0271,0.1238,0
Thu Aug 22 2024 00:00:00 GMT+0100 (British Summer Time),0.0258,0.0271,0.1238,0
Thu Aug 22 2024 01:00:00 GMT+0100 (British Summer Time),0.0258,0.0271,0.1238,0
Thu Aug 22 2024 02:00:00 GMT+0100 (British Summer Time),0.0258,0.0271,0.1238,0
Thu Aug 22 2024 03:00:00 GMT+0100 (British Summer Time),0.0258,0.0258,0.1238,0
Thu Aug 22 2024 04:00:00 GMT+0100 (British Summer Time),0.0264,0.027,0.1238,0
Thu Aug 22 2024 05:00:00 GMT+0100 (British Summer Time),0.0264,0.027,0.1238,0
Thu Aug 22 2024 06:00:00 GMT+0100 (British Summer Time),0.0264,0.027,0.1238,0
Thu Aug 22 2024 07:00:00 GMT+0100 (British Summer Time),0.0264,0.027,0.1238,0
Thu Aug 22 2024 08:00:00 GMT+0100 (British Summer Time),0.0264,0.027,0.1238,0
Thu Aug 22 2024 09:00:00 GMT+0100 (British Summer Time),0.0264,0.027,0.1238,0
Thu Aug 22 2024 10:00:00 GMT+0100 (British Summer Time),0.0264,0.027,0.1238,0
Thu Aug 22 2024 11:00:00 GMT+0100 (British Summer Time),0.0264,0.0259,0.1238,0
Thu Aug 22 2024 12:00:00 GMT+0100 (British Summer Time),0.0264,0.027,0.1238,0
Thu Aug 22 2024 13:00:00 GMT+0100 (British Summer Time),0.0264,0.027,0.1238,0
Thu Aug 22 2024 14:00:00 GMT+0100 (British Summer Time),0.0264,0.027,0.1238,0
Thu Aug 22 2024 15:00:00 GMT+0100 (British Summer Time),0.0264,0.027,0.1238,0
Thu Aug 22 2024 16:00:00 GMT+0100 (British Summer Time),0.0264,0.027,0.1238,0
Thu Aug 22 2024 17:00:00 GMT+0100 (British Summer Time),0.0264,0.027,0.1238,0
Thu Aug 22 2024 18:00:00 GMT+0100 (British Summer Time),0.0264,0.027,0.1238,0
Thu Aug 22 2024 19:00:00 GMT+0100 (British Summer Time),0.0264,0.0255,0.1238,0
Thu Aug 22 2024 20:00:00 GMT+0100 (British Summer Time),0.0264,0.0255,0.1238,0
Thu Aug 22 2024 21:00:00 GMT+0100 (British Summer Time),0.0164,0.0255,0.1238,0
Thu Aug 22 2024 22:00:00 GMT+0100 (British Summer Time),0.0164,0.0255,0.1238,0
Thu Aug 22 2024 23:00:00 GMT+0100 (British Summer Time),0.0164,0.0255,0.1238,0
Fri Aug 23 2024 00:00:00 GMT+0100 (British Summer Time),0.0164,0.0247,0.1238,0
Fri Aug 23 2024 01:00:00 GMT+0100 (British Summer Time),0.0164,0.0244,0.1238,0
Fri Aug 23 2024 02:00:00 GMT+0100 (British Summer Time),0.0309,0.0265,0.1238,0
Fri Aug 23 2024 03:00:00 GMT+0100 (British Summer Time),0.0309,0.0263,0.1238,0
Fri Aug 23 2024 04:00:00 GMT+0100 (British Summer Time),0.0221,0.0263,0.1238,0
Fri Aug 23 2024 05:00:00 GMT+0100 (British Summer Time),0.0221,0.0261,0.1238,0
Fri Aug 23 2024 06:00:00 GMT+0100 (British Summer Time),0.0221,0.0261,0.1238,0
Fri Aug 23 2024 07:00:00 GMT+0100 (British Summer Time),0.0221,0.0261,0.1238,0
Fri Aug 23 2024 08:00:00 GMT+0100 (British Summer Time),0.0221,0.0261,0.1238,0
Fri Aug 23 2024 09:00:00 GMT+0100 (British Summer Time),0.0221,0.0261,0.1238,0
Fri Aug 23 2024 10:00:00 GMT+0100 (British Summer Time),0.0302,0.0272,0.1238,0
Fri Aug 23 2024 11:00:00 GMT+0100 (British Summer Time),0.0302,0.0272,0.1238,0
Fri Aug 23 2024 12:00:00 GMT+0100 (British Summer Time),0.0223,0.0272,0.1238,0
Fri Aug 23 2024 13:00:00 GMT+0100 (British Summer Time),0.0223,0.026,0.1238,0
Fri Aug 23 2024 14:00:00 GMT+0100 (British Summer Time),0.0223,0.026,0.1238,0
Fri Aug 23 2024 15:00:00 GMT+0100 (British Summer Time),0.0223,0.026,0.1238,0
Fri Aug 23 2024 16:00:00 GMT+0100 (British Summer Time),0.0223,0.026,0.1238,0
Fri Aug 23 2024 17:00:00 GMT+0100 (British Summer Time),0.0223,0.026,0.1238,0
Fri Aug 23 2024 18:00:00 GMT+0100 (British Summer Time),0.0321,0.0274,0.0936,3729.8336450677207
Fri Aug 23 2024 19:00:00 GMT+0100 (British Summer Time),0.0321,0.0274,0.0936,0
Fri Aug 23 2024 20:00:00 GMT+0100 (British Summer Time),0.0321,0.0274,0.0936,0
Fri Aug 23 2024 21:00:00 GMT+0100 (British Summer Time),0.0321,0.026,0.0936,0
Fri Aug 23 2024 22:00:00 GMT+0100 (British Summer Time),0.0321,0.026,0.0936,0
Fri Aug 23 2024 23:00:00 GMT+0100 (British Summer Time),0.0321,0.026,0.0936,0
Sat Aug 24 2024 00:00:00 GMT+0100 (British Summer Time),0.0321,0.026,0.0936,0
Sat Aug 24 2024 01:00:00 GMT+0100 (British Summer Time),0.0406,0.0272,0.0936,0
Sat Aug 24 2024 02:00:00 GMT+0100 (British Summer Time),0.026,0.0272,0.0936,0
Sat Aug 24 2024 03:00:00 GMT+0100 (British Summer Time),0.026,0.0272,0.0936,0
Sat Aug 24 2024 04:00:00 GMT+0100 (British Summer Time),0.026,0.0272,0.0936,0
Sat Aug 24 2024 05:00:00 GMT+0100 (British Summer Time),0.026,0.0261,0.0936,0
Sat Aug 24 2024 06:00:00 GMT+0100 (British Summer Time),0.026,0.0261,0.0936,0
Sat Aug 24 2024 07:00:00 GMT+0100 (British Summer Time),0.026,0.0261,0.1319,4898.792131230704
Sat Aug 24 2024 08:00:00 GMT+0100 (British Summer Time),0.026,0.0261,0.1319,0
Sat Aug 24 2024 09:00:00 GMT+0100 (British Summer Time),0.026,0.0261,0.1319,0
Sat Aug 24 2024 10:00:00 GMT+0100 (British Summer Time),0.0256,0.0272,0.1319,0
Sat Aug 24 2024 11:00:00 GMT+0100 (British Summer Time),0.0256,0.0272,0.1319,0
Sat Aug 24 2024 12:00:00 GMT+0100 (British Summer Time),0.0256,0.0261,0.1319,0
Sat Aug 24 2024 13:00:00 GMT+0100 (British Summer Time),0.0256,0.0261,0.1319,0
Sat Aug 24 2024 14:00:00 GMT+0100 (British Summer Time),0.0256,0.0261,0.1319,0
Sat Aug 24 2024 15:00:00 GMT+0100 (British Summer Time),0.0256,0.0261,0.1319,0
Sat Aug 24 2024 16:00:00 GMT+0100 (British Summer Time),0.0337,0.0272,0.1319,0
Sat Aug 24 2024 17:00:00 GMT+0100 (British Summer Time),0.0337,0.0272,0.1319,0
Sat Aug 24 2024 18:00:00 GMT+0100 (British Summer Time),0.0238,0.0272,0.1319,0
Sat Aug 24 2024 19:00:00 GMT+0100 (British Summer Time),0.0238,0.0272,0.1319,0
Sat Aug 24 2024 20:00:00 GMT+0100 (British Summer Time),0.0238,0.0272,0.1319,0
Sat Aug 24 2024 21:00:00 GMT+0100 (British Summer Time),0.0238,0.0253,0.1319,0
Sat Aug 24 2024 22:00:00 GMT+0100 (British Summer Time),0.0238,0.0253,0.1319,0
Sat Aug 24 2024 23:00:00 GMT+0100 (British Summer Time),0.0238,0.0253,0.1319,0
Sun Aug 25 2024 00:00:00 GMT+0100 (British Summer Time),0.0238,0.0253,0.1319,0
Sun Aug 25 2024 01:00:00 GMT+0100 (British Summer Time),0.0237,0.0265,0.1319,0
Sun Aug 25 2024 02:00:00 GMT+0100 (British Summer Time),0.0237,0.0265,0.1319,0
Sun Aug 25 2024 03:00:00 GMT+0100 (British Summer Time),0.027,0.027,0.1319,0
Sun Aug 25 2024 04:00:00 GMT+0100 (British Summer Time),0.027,0.0255,0.1319,0
Sun Aug 25 2024 05:00:00 GMT+0100 (British Summer Time),0.027,0.0255,0.1319,0
Sun Aug 25 2024 06:00:00 GMT+0100 (British Summer Time),0.027,0.0255,0.1319,0
Sun Aug 25 2024 07:00:00 GMT+0100 (British Summer Time),0.027,0.0255,0.1319,0
Sun Aug 25 2024 08:00:00 GMT+0100 (British Summer Time),0.027,0.0255,0.1319,0
Sun Aug 25 2024 09:00:00 GMT+0100 (British Summer Time),0.027,0.0255,0.1319,0
Sun Aug 25 2024 10:00:00 GMT+0100 (British Summer Time),0.0192,0.0255,0.1319,0
Sun Aug 25 2024 11:00:00 GMT+0100 (British Summer Time),0.0192,0.0255,0.1319,0
Sun Aug 25 2024 12:00:00 GMT+0100 (British Summer Time),0.0192,0.0243,0.1319,0
Sun Aug 25 2024 13:00:00 GMT+0100 (British Summer Time),0.0192,0.0243,0.1319,0
Sun Aug 25 2024 14:00:00 GMT+0100 (British Summer Time),0.0192,0.0243,0.1319,0
Sun Aug 25 2024 15:00:00 GMT+0100 (British Summer Time),0.0302,0.0258,0.1319,0
Sun Aug 25 2024 16:00:00 GMT+0100 (British Summer Time),0.0222,0.0258,0.1319,0
Sun Aug 25 2024 17:00:00 GMT+0100 (British Summer Time),0.0222,0.0258,0.1319,0
Sun Aug 25 2024 18:00:00 GMT+0100 (British Summer Time),0.0222,0.0258,0.1319,0
Sun Aug 25 2024 19:00:00 GMT+0100 (British Summer Time),0.0282,0.0267,0.1175,1939.3959254212643
Sun Aug 25 2024 20:00:00 GMT+0100 (British Summer Time),0.0282,0.0253,0.1175,0
Sun Aug 25 2024 21:00:00 GMT+0100 (British Summer Time),0.0282,0.0253,0.1175,0
Sun Aug 25 2024 22:00:00 GMT+0100 (British Summer Time),0.0282,0.0253,0.1175,0
Sun Aug 25 2024 23:00:00 GMT+0100 (British Summer Time),0.0282,0.0253,0.1175,0
Mon Aug 26 2024 00:00:00 GMT+0100 (British Summer Time),0.0282,0.0253,0.1175,0
Mon Aug 26 2024 01:00:00 GMT+0100 (British Summer Time),0.0262,0.0262,0.1175,0
Mon Aug 26 2024 02:00:00 GMT+0100 (British Summer Time),0.0262,0.0262,0.1175,0
Mon Aug 26 2024 03:00:00 GMT+0100 (British Summer Time),0.0244,0.0264,0.1175,0
Mon Aug 26 2024 04:00:00 GMT+0100 (British Summer Time),0.0244,0.0253,0.114,4995.814708426428
Mon Aug 26 2024 05:00:00 GMT+0100 (British Summer Time),0.0244,0.0253,0.114,0
Mon Aug 26 2024 06:00:00 GMT+0100 (British Summer Time),0.0244,0.0253,0.114,0
Mon Aug 26 2024 07:00:00 GMT+0100 (British Summer Time),0.0244,0.0253,0.114,0
Mon Aug 26 2024 08:00:00 GMT+0100 (British Summer Time),0.0244,0.0253,0.114,0
Mon Aug 26 2024 09:00:00 GMT+0100 (British Summer Time),0.0244,0.0253,0.114,0
Mon Aug 26 2024 10:00:00 GMT+0100 (British Summer Time),0.0244,0.0253,0.114,0
Mon Aug 26 2024 11:00:00 GMT+0100 (British Summer Time),0.0244,0.0253,0.114,0
Mon Aug 26 2024 12:00:00 GMT+0100 (British Summer Time),0.0322,0.0264,0.114,0
Mon Aug 26 2024 13:00:00 GMT+0100 (British Summer Time),0.0322,0.0264,0.114,0
Mon Aug 26 2024 14:00:00 GMT+0100 (British Summer Time),0.0322,0.025,0.114,0
Mon Aug 26 2024 15:00:00 GMT+0100 (British Summer Time),0.0212,0.025,0.114,0
Mon Aug 26 2024 16:00:00 GMT+0100 (British Summer Time),0.0212,0.025,0.114,0
Mon Aug 26 2024 17:00:00 GMT+0100 (British Summer Time),0.0212,0.025,0.114,0
Mon Aug 26 2024 18:00:00 GMT+0100 (British Summer Time),0.0212,0.025,0.114,0
Mon Aug 26 2024 19:00:00 GMT+0100 (British Summer Time),0.0305,0.0255,0.114,0
Mon Aug 26 2024 20:00:00 GMT+0100 (British Summer Time),0.0245,0.0252,0.114,0
Mon Aug 26 2024 21:00:00 GMT+0100 (British Summer Time),0.0245,0.0252,0.114,0
Mon Aug 26 2024 22:00:00 GMT+0100 (British Summer Time),0.0278,0.0257,0.114,0
Mon Aug 26 2024 23:00:00 GMT+0100 (British Summer Time),0.0278,0.0257,0.114,0
Tue Aug 27 2024 00:00:00 GMT+0100 (British Summer Time),0.0293,0.0259,0.114,0
Tue Aug 27 2024 01:00:00 GMT+0100 (British Summer Time),0.023,0.0259,0.114,0
Tue Aug 27 2024 02:00:00 GMT+0100 (British Summer Time),0.023,0.0259,0.114,0
Tue Aug 27 2024 03:00:00 GMT+0100 (British Summer Time),0.0246,0.0264,0.114,0
Tue Aug 27 2024 04:00:00 GMT+0100 (British Summer Time),0.0262,0.0254,0.114,0
Tue Aug 27 2024 05:00:00 GMT+0100 (British Summer Time),0.0262,0.0254,0.114,0
Tue Aug 27 2024 06:00:00 GMT+0100 (British Summer Time),0.0277,0.0256,0.114,0
Tue Aug 27 2024 07:00:00 GMT+0100 (British Summer Time),0.0277,0.0256,0.114,0
Tue Aug 27 2024 08:00:00 GMT+0100 (British Summer Time),0.0277,0.0256,0.114,0
Tue Aug 27 2024 09:00:00 GMT+0100 (British Summer Time),0.0277,0.0256,0.114,0
Tue Aug 27 2024 10:00:00 GMT+0100 (British Summer Time),0.0277,0.0256,0.114,0
Tue Aug 27 2024 11:00:00 GMT+0100 (British Summer Time),0.0277,0.0256,0.114,0
Tue Aug 27 2024 12:00:00 GMT+0100 (British Summer Time),0.0199,0.0244,0.114,0
Tue Aug 27 2024 13:00:00 GMT+0100 (British Summer Time),0.0199,0.0244,0.114,0
Tue Aug 27 2024 14:00:00 GMT+0100 (British Summer Time),0.0199,0.0244,0.114,0
Tue Aug 27 2024 15:00:00 GMT+0100 (British Summer Time),0.0279,0.0255,0.114,0
Tue Aug 27 2024 16:00:00 GMT+0100 (British Summer Time),0.0279,0.0255,0.114,0
Tue Aug 27 2024 17:00:00 GMT+0100 (British Summer Time),0.0279,0.0255,0.114,0
Tue Aug 27 2024 18:00:00 GMT+0100 (British Summer Time),0.0279,0.0255,0.114,0
Tue Aug 27 2024 19:00:00 GMT+0100 (British Summer Time),0.0253,0.0265,0.114,0
Tue Aug 27 2024 20:00:00 GMT+0100 (British Summer Time),0.0271,0.0267,0.114,0
Tue Aug 27 2024 21:00:00 GMT+0100 (British Summer Time),0.0271,0.0254,0.114,0
Tue Aug 27 2024 22:00:00 GMT+0100 (British Summer Time),0.0255,0.0256,0.114,0
Tue Aug 27 2024 23:00:00 GMT+0100 (British Summer Time),0.0255,0.0256,0.114,0
Wed Aug 28 2024 00:00:00 GMT+0100 (British Summer Time),0.0257,0.0259,0.114,0
Wed Aug 28 2024 01:00:00 GMT+0100 (British Summer Time),0.0257,0.0259,0.114,0
Wed Aug 28 2024 02:00:00 GMT+0100 (British Summer Time),0.0257,0.0259,0.114,0
Wed Aug 28 2024 03:00:00 GMT+0100 (British Summer Time),0.0226,0.0259,0.114,0
Wed Aug 28 2024 04:00:00 GMT+0100 (British Summer Time),0.021,0.0247,0.114,0
Wed Aug 28 2024 05:00:00 GMT+0100 (British Summer Time),0.021,0.0247,0.114,0
Wed Aug 28 2024 06:00:00 GMT+0100 (British Summer Time),0.0195,0.0247,0.114,0
Wed Aug 28 2024 07:00:00 GMT+0100 (British Summer Time),0.0195,0.0247,0.114,0
Wed Aug 28 2024 08:00:00 GMT+0100 (British Summer Time),0.0285,0.026,0.114,0
Wed Aug 28 2024 09:00:00 GMT+0100 (British Summer Time),0.0285,0.026,0.114,0
Wed Aug 28 2024 10:00:00 GMT+0100 (British Summer Time),0.0285,0.026,0.114,0
Wed Aug 28 2024 11:00:00 GMT+0100 (British Summer Time),0.0285,0.026,0.114,0
Wed Aug 28 2024 12:00:00 GMT+0100 (British Summer Time),0.0285,0.0249,0.114,0
Wed Aug 28 2024 13:00:00 GMT+0100 (British Summer Time),0.0285,0.0249,0.114,0
Wed Aug 28 2024 14:00:00 GMT+0100 (British Summer Time),0.0285,0.0249,0.114,0
Wed Aug 28 2024 15:00:00 GMT+0100 (British Summer Time),0.0205,0.0249,0.114,0
Wed Aug 28 2024 16:00:00 GMT+0100 (British Summer Time),0.0308,0.0263,0.114,0
Wed Aug 28 2024 17:00:00 GMT+0100 (British Summer Time),0.0308,0.0263,0.0105,9978.496374324586
Wed Aug 28 2024 18:00:00 GMT+0100 (British Summer Time),0.0308,0.0263,0.0105,0
Wed Aug 28 2024 19:00:00 GMT+0100 (British Summer Time),0.0241,0.0263,0.0105,0
Wed Aug 28 2024 20:00:00 GMT+0100 (British Summer Time),0.0223,0.0263,0.0105,0
Wed Aug 28 2024 21:00:00 GMT+0100 (British Summer Time),0.0223,0.0249,0.0105,0
Wed Aug 28 2024 22:00:00 GMT+0100 (British Summer Time),0.0207,0.0249,0.0105,0
Wed Aug 28 2024 23:00:00 GMT+0100 (British Summer Time),0.0274,0.0259,0.0105,0
Thu Aug 29 2024 00:00:00 GMT+0100 (British Summer Time),0.0257,0.0259,0.0679,4993.302262519291
Thu Aug 29 2024 01:00:00 GMT+0100 (British Summer Time),0.0257,0.0259,0.0679,0
Thu Aug 29 2024 02:00:00 GMT+0100 (British Summer Time),0.029,0.0263,0.0679,0
Thu Aug 29 2024 03:00:00 GMT+0100 (British Summer Time),0.029,0.0263,0.0679,0
Thu Aug 29 2024 04:00:00 GMT+0100 (British Summer Time),0.029,0.0251,0.0679,0
Thu Aug 29 2024 05:00:00 GMT+0100 (British Summer Time),0.029,0.0251,0.0679,0
Thu Aug 29 2024 06:00:00 GMT+0100 (British Summer Time),0.029,0.0251,0.0679,0
Thu Aug 29 2024 07:00:00 GMT+0100 (British Summer Time),0.029,0.0251,0.0679,0
Thu Aug 29 2024 08:00:00 GMT+0100 (British Summer Time),0.02,0.0251,0.0679,0
Thu Aug 29 2024 09:00:00 GMT+0100 (British Summer Time),0.0279,0.0262,0.0679,0
Thu Aug 29 2024 10:00:00 GMT+0100 (British Summer Time),0.0279,0.0262,0.0851,1793.3400212491529
Thu Aug 29 2024 11:00:00 GMT+0100 (British Summer Time),0.0279,0.0262,0.0851,0
Thu Aug 29 2024 12:00:00 GMT+0100 (British Summer Time),0.0279,0.0251,0.0851,0
Thu Aug 29 2024 13:00:00 GMT+0100 (British Summer Time),0.0279,0.0251,0.0851,0
Thu Aug 29 2024 14:00:00 GMT+0100 (British Summer Time),0.0279,0.0251,0.0851,0
Thu Aug 29 2024 15:00:00 GMT+0100 (British Summer Time),0.0279,0.0251,0.0851,0
Thu Aug 29 2024 16:00:00 GMT+0100 (British Summer Time),0.0176,0.0251,0.0851,0
Thu Aug 29 2024 17:00:00 GMT+0100 (British Summer Time),0.0176,0.0251,0.0851,0
Thu Aug 29 2024 18:00:00 GMT+0100 (British Summer Time),0.031,0.027,0.0851,0
Thu Aug 29 2024 19:00:00 GMT+0100 (British Summer Time),0.031,0.027,0.0851,0
Thu Aug 29 2024 20:00:00 GMT+0100 (British Summer Time),0.031,0.027,0.1195,3947.5701167488305
Thu Aug 29 2024 21:00:00 GMT+0100 (British Summer Time),0.031,0.027,0.1195,0
Thu Aug 29 2024 22:00:00 GMT+0100 (British Summer Time),0.031,0.027,0.1195,0
Thu Aug 29 2024 23:00:00 GMT+0100 (British Summer Time),0.0243,0.027,0.192,12501.910966262838
Fri Aug 30 2024 00:00:00 GMT+0100 (British Summer Time),0.0243,0.027,0.192,2508.515703566777
Fri Aug 30 2024 01:00:00 GMT+0100 (British Summer Time),0.0325,0.0282,0.1753,0
Fri Aug 30 2024 02:00:00 GMT+0100 (British Summer Time),0.0293,0.0261,0.1753,0
Fri Aug 30 2024 03:00:00 GMT+0100 (British Summer Time),0.0293,0.0261,0.1753,0
Fri Aug 30 2024 04:00:00 GMT+0100 (British Summer Time),0.0293,0.0261,0.1753,0
Fri Aug 30 2024 05:00:00 GMT+0100 (British Summer Time),0.0293,0.0261,0.1753,2.654243799889857
Fri Aug 30 2024 06:00:00 GMT+0100 (British Summer Time),0.0293,0.0261,0.1753,1753.3923398912789
Fri Aug 30 2024 07:00:00 GMT+0100 (British Summer Time),0.0293,0.0261,0.163,0
Fri Aug 30 2024 08:00:00 GMT+0100 (British Summer Time),0.0293,0.0261,0.163,0
Fri Aug 30 2024 09:00:00 GMT+0100 (British Summer Time),0.03,0.0273,0.163,0
Fri Aug 30 2024 10:00:00 GMT+0100 (British Summer Time),0.03,0.0262,0.163,0
Fri Aug 30 2024 11:00:00 GMT+0100 (British Summer Time),0.03,0.0262,0.163,0
Fri Aug 30 2024 12:00:00 GMT+0100 (British Summer Time),0.03,0.0262,0.1497,1857.2674080077697
Fri Aug 30 2024 13:00:00 GMT+0100 (British Summer Time),0.03,0.0262,0.1497,0
Fri Aug 30 2024 14:00:00 GMT+0100 (British Summer Time),0.03,0.0262,0.088,7569.616290388765
Fri Aug 30 2024 15:00:00 GMT+0100 (British Summer Time),0.03,0.0262,0.088,0
Fri Aug 30 2024 16:00:00 GMT+0100 (British Summer Time),0.03,0.0262,0.1038,1729.2011036254632
Fri Aug 30 2024 17:00:00 GMT+0100 (British Summer Time),0.0401,0.0276,0.1038,0
Fri Aug 30 2024 18:00:00 GMT+0100 (British Summer Time),0.0266,0.0262,0.1038,0
Fri Aug 30 2024 19:00:00 GMT+0100 (British Summer Time),0.0266,0.0262,0.1038,0
Fri Aug 30 2024 20:00:00 GMT+0100 (British Summer Time),0.0266,0.0262,0.106,253.06268948519087
Fri Aug 30 2024 21:00:00 GMT+0100 (British Summer Time),0.0266,0.0262,0.106,0
Fri Aug 30 2024 22:00:00 GMT+0100 (British Summer Time),0.0266,0.0262,0.106,0
Fri Aug 30 2024 23:00:00 GMT+0100 (British Summer Time),0.0266,0.0262,0.059,4984.99345141979
Sat Aug 31 2024 00:00:00 GMT+0100 (British Summer Time),0.0266,0.0262,0.059,0
Sat Aug 31 2024 01:00:00 GMT+0100 (British Summer Time),0.0263,0.0262,0.059,0
Sat Aug 31 2024 02:00:00 GMT+0100 (British Summer Time),0.0263,0.0262,0.059,0
Sat Aug 31 2024 03:00:00 GMT+0100 (British Summer Time),0.0263,0.0262,0.059,0
Sat Aug 31 2024 04:00:00 GMT+0100 (British Summer Time),0.0263,0.0262,0.059,0
Sat Aug 31 2024 05:00:00 GMT+0100 (British Summer Time),0.0263,0.0262,0.059,0
Sat Aug 31 2024 06:00:00 GMT+0100 (British Summer Time),0.0263,0.0262,0.059,0
Sat Aug 31 2024 07:00:00 GMT+0100 (British Summer Time),0.0263,0.0262,0.059,0
Sat Aug 31 2024 08:00:00 GMT+0100 (British Summer Time),0.0263,0.0262,0.059,0
Sat Aug 31 2024 09:00:00 GMT+0100 (British Summer Time),0.0257,0.0273,0.059,0
Sat Aug 31 2024 10:00:00 GMT+0100 (British Summer Time),0.0257,0.0262,0.059,0
Sat Aug 31 2024 11:00:00 GMT+0100 (British Summer Time),0.0257,0.0262,0.059,0
Sat Aug 31 2024 12:00:00 GMT+0100 (British Summer Time),0.0257,0.0262,0.059,0
Sat Aug 31 2024 13:00:00 GMT+0100 (British Summer Time),0.0257,0.0262,0.0603,124.55708203708487
Sat Aug 31 2024 14:00:00 GMT+0100 (British Summer Time),0.0257,0.0262,0.0603,0
Sat Aug 31 2024 15:00:00 GMT+0100 (British Summer Time),0.0257,0.0262,0.0603,0
Sat Aug 31 2024 16:00:00 GMT+0100 (British Summer Time),0.0257,0.0251,0.0603,0
Sat Aug 31 2024 17:00:00 GMT+0100 (British Summer Time),0.0253,0.0264,0.0603,0
Sat Aug 31 2024 18:00:00 GMT+0100 (British Summer Time),0.0253,0.0264,0.0603,0
Sat Aug 31 2024 19:00:00 GMT+0100 (British Summer Time),0.0253,0.0264,0.0603,0
Sat Aug 31 2024 20:00:00 GMT+0100 (British Summer Time),0.0253,0.0264,0.0603,0
Sat Aug 31 2024 21:00:00 GMT+0100 (British Summer Time),0.0253,0.0264,0.0603,0
Sat Aug 31 2024 22:00:00 GMT+0100 (British Summer Time),0.0253,0.0264,0.0603,0
Sat Aug 31 2024 23:00:00 GMT+0100 (British Summer Time),0.0253,0.0264,0.0603,0
Sun Sep 01 2024 00:00:00 GMT+0100 (British Summer Time),0.0253,0.0264,0.0603,0
Sun Sep 01 2024 01:00:00 GMT+0100 (British Summer Time),0.0174,0.0253,0.0603,0
Sun Sep 01 2024 02:00:00 GMT+0100 (British Summer Time),0.0252,0.0264,0.0603,0
Sun Sep 01 2024 03:00:00 GMT+0100 (British Summer Time),0.0252,0.0259,0.0603,0
Sun Sep 01 2024 04:00:00 GMT+0100 (British Summer Time),0.0252,0.0259,0.0603,0
Sun Sep 01 2024 05:00:00 GMT+0100 (British Summer Time),0.0252,0.0259,0.0603,0
Sun Sep 01 2024 06:00:00 GMT+0100 (British Summer Time),0.0252,0.0259,0.0603,0
Sun Sep 01 2024 07:00:00 GMT+0100 (British Summer Time),0.0252,0.0259,0.0603,0
Sun Sep 01 2024 08:00:00 GMT+0100 (British Summer Time),0.0252,0.0259,0.0603,0
Sun Sep 01 2024 09:00:00 GMT+0100 (British Summer Time),0.0249,0.027,0.0603,0
Sun Sep 01 2024 10:00:00 GMT+0100 (British Summer Time),0.0249,0.027,0.0603,0
Sun Sep 01 2024 11:00:00 GMT+0100 (British Summer Time),0.0249,0.027,0.0603,0
Sun Sep 01 2024 12:00:00 GMT+0100 (British Summer Time),0.0249,0.027,0.0603,0
Sun Sep 01 2024 13:00:00 GMT+0100 (British Summer Time),0.0249,0.027,0.0603,0
Sun Sep 01 2024 14:00:00 GMT+0100 (British Summer Time),0.0249,0.027,0.0603,0
Sun Sep 01 2024 15:00:00 GMT+0100 (British Summer Time),0.0249,0.0254,0.0603,0
Sun Sep 01 2024 16:00:00 GMT+0100 (British Summer Time),0.0249,0.0254,0.0603,0
Sun Sep 01 2024 17:00:00 GMT+0100 (British Summer Time),0.0251,0.0268,0.0603,0
Sun Sep 01 2024 18:00:00 GMT+0100 (British Summer Time),0.0251,0.0268,0.0603,0
Sun Sep 01 2024 19:00:00 GMT+0100 (British Summer Time),0.0251,0.026,0.0603,0
Sun Sep 01 2024 20:00:00 GMT+0100 (British Summer Time),0.0251,0.026,0.0603,0
Sun Sep 01 2024 21:00:00 GMT+0100 (British Summer Time),0.0251,0.026,0.0603,0
Sun Sep 01 2024 22:00:00 GMT+0100 (British Summer Time),0.0251,0.026,0.0603,0
Sun Sep 01 2024 23:00:00 GMT+0100 (British Summer Time),0.0251,0.026,0.0603,0
Mon Sep 02 2024 00:00:00 GMT+0100 (British Summer Time),0.0251,0.026,0.0603,0
Mon Sep 02 2024 01:00:00 GMT+0100 (British Summer Time),0.034,0.0264,0.0603,0
Mon Sep 02 2024 02:00:00 GMT+0100 (British Summer Time),0.0261,0.0264,0.0603,0
Mon Sep 02 2024 03:00:00 GMT+0100 (British Summer Time),0.0261,0.0261,0.0603,0
Mon Sep 02 2024 04:00:00 GMT+0100 (British Summer Time),0.0261,0.0261,0.0603,0
Mon Sep 02 2024 05:00:00 GMT+0100 (British Summer Time),0.0261,0.0261,0.0603,0
Mon Sep 02 2024 06:00:00 GMT+0100 (British Summer Time),0.0261,0.0261,0.0603,0
Mon Sep 02 2024 07:00:00 GMT+0100 (British Summer Time),0.0261,0.0261,0.0603,0
Mon Sep 02 2024 08:00:00 GMT+0100 (British Summer Time),0.0261,0.0261,0.0603,0
Mon Sep 02 2024 09:00:00 GMT+0100 (British Summer Time),0.0262,0.0273,0.0603,0
Mon Sep 02 2024 10:00:00 GMT+0100 (British Summer Time),0.0262,0.0273,0.0603,0
Mon Sep 02 2024 11:00:00 GMT+0100 (British Summer Time),0.0262,0.0273,0.0603,0
Mon Sep 02 2024 12:00:00 GMT+0100 (British Summer Time),0.0262,0.0262,0.0603,0
Mon Sep 02 2024 13:00:00 GMT+0100 (British Summer Time),0.0262,0.0262,0.0603,0
Mon Sep 02 2024 14:00:00 GMT+0100 (British Summer Time),0.0262,0.0262,0.0603,0
Mon Sep 02 2024 15:00:00 GMT+0100 (British Summer Time),0.0262,0.0262,0.0603,0
Mon Sep 02 2024 16:00:00 GMT+0100 (British Summer Time),0.0262,0.0262,0.0603,0
Mon Sep 02 2024 17:00:00 GMT+0100 (British Summer Time),0.0261,0.0275,0.0603,0
Mon Sep 02 2024 18:00:00 GMT+0100 (British Summer Time),0.0261,0.0275,0.0603,0
Mon Sep 02 2024 19:00:00 GMT+0100 (British Summer Time),0.0261,0.0262,0.0603,0
Mon Sep 02 2024 20:00:00 GMT+0100 (British Summer Time),0.0261,0.0262,0.0603,0
Mon Sep 02 2024 21:00:00 GMT+0100 (British Summer Time),0.0261,0.0262,0.0603,0
Mon Sep 02 2024 22:00:00 GMT+0100 (British Summer Time),0.0261,0.0257,0.0603,0
Mon Sep 02 2024 23:00:00 GMT+0100 (British Summer Time),0.0261,0.0257,0.0603,0
Tue Sep 03 2024 00:00:00 GMT+0100 (British Summer Time),0.0261,0.0255,0.0603,0
Tue Sep 03 2024 01:00:00 GMT+0100 (British Summer Time),0.0281,0.0271,0.0603,0
Tue Sep 03 2024 02:00:00 GMT+0100 (British Summer Time),0.0281,0.0271,0.0603,0
Tue Sep 03 2024 03:00:00 GMT+0100 (British Summer Time),0.0281,0.0266,0.0603,0
Tue Sep 03 2024 04:00:00 GMT+0100 (British Summer Time),0.0281,0.0264,0.0603,0
Tue Sep 03 2024 05:00:00 GMT+0100 (British Summer Time),0.0281,0.0264,0.0603,0
Tue Sep 03 2024 06:00:00 GMT+0100 (British Summer Time),0.0281,0.0262,0.0603,0
Tue Sep 03 2024 07:00:00 GMT+0100 (British Summer Time),0.0281,0.0262,0.0603,0
Tue Sep 03 2024 08:00:00 GMT+0100 (British Summer Time),0.0281,0.0262,0.0603,0
Tue Sep 03 2024 09:00:00 GMT+0100 (British Summer Time),0.0281,0.0273,0.0603,0
Tue Sep 03 2024 10:00:00 GMT+0100 (British Summer Time),0.0281,0.0273,0.0603,0
Tue Sep 03 2024 11:00:00 GMT+0100 (British Summer Time),0.0281,0.0273,0.0603,0
Tue Sep 03 2024 12:00:00 GMT+0100 (British Summer Time),0.0281,0.0273,0.0603,0
Tue Sep 03 2024 13:00:00 GMT+0100 (British Summer Time),0.0281,0.0273,0.0603,0
Tue Sep 03 2024 14:00:00 GMT+0100 (British Summer Time),0.0281,0.0273,0.0603,0
Tue Sep 03 2024 15:00:00 GMT+0100 (British Summer Time),0.0281,0.0262,0.0603,0
Tue Sep 03 2024 16:00:00 GMT+0100 (British Summer Time),0.0281,0.0262,0.0603,0
Tue Sep 03 2024 17:00:00 GMT+0100 (British Summer Time),0.0286,0.0276,0.0603,0
Tue Sep 03 2024 18:00:00 GMT+0100 (British Summer Time),0.0286,0.0276,0.0603,0
Tue Sep 03 2024 19:00:00 GMT+0100 (British Summer Time),0.0286,0.0267,0.0603,0
Tue Sep 03 2024 20:00:00 GMT+0100 (British Summer Time),0.0286,0.0264,0.0603,0
Tue Sep 03 2024 21:00:00 GMT+0100 (British Summer Time),0.0286,0.0264,0.0603,0
Tue Sep 03 2024 22:00:00 GMT+0100 (British Summer Time),0.0286,0.0262,0.0603,0
Tue Sep 03 2024 23:00:00 GMT+0100 (British Summer Time),0.0286,0.0262,0.0603,0
Wed Sep 04 2024 00:00:00 GMT+0100 (British Summer Time),0.0286,0.026,0.0603,0
Wed Sep 04 2024 01:00:00 GMT+0100 (British Summer Time),0.0259,0.0271,0.0603,0
Wed Sep 04 2024 02:00:00 GMT+0100 (British Summer Time),0.0259,0.0271,0.0603,0
Wed Sep 04 2024 03:00:00 GMT+0100 (British Summer Time),0.0259,0.0271,0.0603,0
Wed Sep 04 2024 04:00:00 GMT+0100 (British Summer Time),0.0259,0.0271,0.0603,0
Wed Sep 04 2024 05:00:00 GMT+0100 (British Summer Time),0.0259,0.0271,0.0603,0
Wed Sep 04 2024 06:00:00 GMT+0100 (British Summer Time),0.0259,0.0271,0.0603,0
Wed Sep 04 2024 07:00:00 GMT+0100 (British Summer Time),0.0259,0.0271,0.0603,0
Wed Sep 04 2024 08:00:00 GMT+0100 (British Summer Time),0.0259,0.0258,0.0603,0
Wed Sep 04 2024 09:00:00 GMT+0100 (British Summer Time),0.0261,0.027,0.0603,0
Wed Sep 04 2024 10:00:00 GMT+0100 (British Summer Time),0.0261,0.027,0.0801,1889.6717727030928
Wed Sep 04 2024 11:00:00 GMT+0100 (British Summer Time),0.0261,0.027,0.0801,0
Wed Sep 04 2024 12:00:00 GMT+0100 (British Summer Time),0.0261,0.027,0.0801,0
Wed Sep 04 2024 13:00:00 GMT+0100 (British Summer Time),0.0261,0.027,0.0801,0
Wed Sep 04 2024 14:00:00 GMT+0100 (British Summer Time),0.0261,0.027,0.0801,0
Wed Sep 04 2024 15:00:00 GMT+0100 (British Summer Time),0.0261,0.027,0.0801,0
Wed Sep 04 2024 16:00:00 GMT+0100 (British Summer Time),0.0261,0.0255,0.0801,0
Wed Sep 04 2024 17:00:00 GMT+0100 (British Summer Time),0.0262,0.027,0.0801,0
Wed Sep 04 2024 18:00:00 GMT+0100 (British Summer Time),0.0262,0.027,0.0801,0
Wed Sep 04 2024 19:00:00 GMT+0100 (British Summer Time),0.0262,0.027,0.0801,0
Wed Sep 04 2024 20:00:00 GMT+0100 (British Summer Time),0.0262,0.027,0.0801,0
Wed Sep 04 2024 21:00:00 GMT+0100 (British Summer Time),0.0262,0.027,0.0801,0
Wed Sep 04 2024 22:00:00 GMT+0100 (British Summer Time),0.0262,0.027,0.0801,0
Wed Sep 04 2024 23:00:00 GMT+0100 (British Summer Time),0.0262,0.026,0.0801,0
Thu Sep 05 2024 00:00:00 GMT+0100 (British Summer Time),0.0262,0.026,0.0801,0
Thu Sep 05 2024 01:00:00 GMT+0100 (British Summer Time),0.0274,0.0274,0.0801,0
Thu Sep 05 2024 02:00:00 GMT+0100 (British Summer Time),0.0274,0.0269,0.0801,0
Thu Sep 05 2024 03:00:00 GMT+0100 (British Summer Time),0.0274,0.0269,0.0801,0
Thu Sep 05 2024 04:00:00 GMT+0100 (British Summer Time),0.0274,0.0269,0.0801,0
Thu Sep 05 2024 05:00:00 GMT+0100 (British Summer Time),0.0274,0.0269,0.0801,0
Thu Sep 05 2024 06:00:00 GMT+0100 (British Summer Time),0.0274,0.0269,0.0801,0
Thu Sep 05 2024 07:00:00 GMT+0100 (British Summer Time),0.0274,0.0269,0.0801,0
Thu Sep 05 2024 08:00:00 GMT+0100 (British Summer Time),0.0274,0.0269,0.0801,0
Thu Sep 05 2024 09:00:00 GMT+0100 (British Summer Time),0.0194,0.0258,0.0801,0
Thu Sep 05 2024 10:00:00 GMT+0100 (British Summer Time),0.0194,0.0258,0.0801,0
Thu Sep 05 2024 11:00:00 GMT+0100 (British Summer Time),0.0298,0.0273,0.0801,2.5400957526344636
Thu Sep 05 2024 12:00:00 GMT+0100 (British Summer Time),0.0298,0.0273,0.0801,0
Thu Sep 05 2024 13:00:00 GMT+0100 (British Summer Time),0.0298,0.0273,0.0801,0
Thu Sep 05 2024 14:00:00 GMT+0100 (British Summer Time),0.0298,0.0273,0.0801,0
Thu Sep 05 2024 15:00:00 GMT+0100 (British Summer Time),0.0298,0.0273,0.0801,0
Thu Sep 05 2024 16:00:00 GMT+0100 (British Summer Time),0.0298,0.0273,0.0801,0
Thu Sep 05 2024 17:00:00 GMT+0100 (British Summer Time),0.0195,0.0273,0.0801,0
Thu Sep 05 2024 18:00:00 GMT+0100 (British Summer Time),0.0195,0.0253,0.0801,0
Thu Sep 05 2024 19:00:00 GMT+0100 (British Summer Time),0.0301,0.0269,0.0801,0
Thu Sep 05 2024 20:00:00 GMT+0100 (British Summer Time),0.0301,0.0269,0.0801,0
Thu Sep 05 2024 21:00:00 GMT+0100 (British Summer Time),0.0301,0.0269,0.0801,0
Thu Sep 05 2024 22:00:00 GMT+0100 (British Summer Time),0.0301,0.0269,0.0801,0
Thu Sep 05 2024 23:00:00 GMT+0100 (British Summer Time),0.0301,0.0269,0.0801,0
Fri Sep 06 2024 00:00:00 GMT+0100 (British Summer Time),0.0301,0.0269,0.0801,0
Fri Sep 06 2024 01:00:00 GMT+0100 (British Summer Time),0.0207,0.0257,0.0801,0
Fri Sep 06 2024 02:00:00 GMT+0100 (British Summer Time),0.0207,0.0257,0.0801,0
Fri Sep 06 2024 03:00:00 GMT+0100 (British Summer Time),0.0285,0.0268,0.0801,0
Fri Sep 06 2024 04:00:00 GMT+0100 (British Summer Time),0.0285,0.0268,0.0801,0
Fri Sep 06 2024 05:00:00 GMT+0100 (British Summer Time),0.0285,0.0268,0.0801,0
Fri Sep 06 2024 06:00:00 GMT+0100 (British Summer Time),0.0285,0.0268,0.0801,0
Fri Sep 06 2024 07:00:00 GMT+0100 (British Summer Time),0.0285,0.0268,0.0801,0
Fri Sep 06 2024 08:00:00 GMT+0100 (British Summer Time),0.0285,0.0268,0.0801,0
Fri Sep 06 2024 09:00:00 GMT+0100 (British Summer Time),0.0285,0.0256,0.0801,0
Fri Sep 06 2024 10:00:00 GMT+0100 (British Summer Time),0.0285,0.0256,0.0801,0
Fri Sep 06 2024 11:00:00 GMT+0100 (British Summer Time),0.0256,0.0266,0.0801,0
Fri Sep 06 2024 12:00:00 GMT+0100 (British Summer Time),0.0256,0.0266,0.0801,0
Fri Sep 06 2024 13:00:00 GMT+0100 (British Summer Time),0.0256,0.0266,0.0801,0
Fri Sep 06 2024 14:00:00 GMT+0100 (British Summer Time),0.0256,0.0266,0.0801,0
Fri Sep 06 2024 15:00:00 GMT+0100 (British Summer Time),0.0256,0.0266,0.0801,0
Fri Sep 06 2024 16:00:00 GMT+0100 (British Summer Time),0.0256,0.0266,0.0801,0
Fri Sep 06 2024 17:00:00 GMT+0100 (British Summer Time),0.0256,0.0252,0.0801,0
Fri Sep 06 2024 18:00:00 GMT+0100 (British Summer Time),0.0256,0.0252,0.0801,0
Fri Sep 06 2024 19:00:00 GMT+0100 (British Summer Time),0.0278,0.027,0.0801,0
Fri Sep 06 2024 20:00:00 GMT+0100 (British Summer Time),0.0278,0.027,0.0994,1863.5241568456447
Fri Sep 06 2024 21:00:00 GMT+0100 (British Summer Time),0.0278,0.027,0.0994,0
Fri Sep 06 2024 22:00:00 GMT+0100 (British Summer Time),0.0278,0.027,0.0994,0
Fri Sep 06 2024 23:00:00 GMT+0100 (British Summer Time),0.0278,0.027,0.0994,0
Sat Sep 07 2024 00:00:00 GMT+0100 (British Summer Time),0.0278,0.027,0.0994,0
Sat Sep 07 2024 01:00:00 GMT+0100 (British Summer Time),0.0278,0.0259,0.0994,0
Sat Sep 07 2024 02:00:00 GMT+0100 (British Summer Time),0.0278,0.0259,0.0994,0
Sat Sep 07 2024 03:00:00 GMT+0100 (British Summer Time),0.0279,0.027,0.0994,0
Sat Sep 07 2024 04:00:00 GMT+0100 (British Summer Time),0.0279,0.027,0.0994,0
Sat Sep 07 2024 05:00:00 GMT+0100 (British Summer Time),0.0279,0.027,0.0994,0
Sat Sep 07 2024 06:00:00 GMT+0100 (British Summer Time),0.0279,0.027,0.0994,0
Sat Sep 07 2024 07:00:00 GMT+0100 (British Summer Time),0.0279,0.027,0.0994,0
Sat Sep 07 2024 08:00:00 GMT+0100 (British Summer Time),0.0279,0.027,0.0994,0
Sat Sep 07 2024 09:00:00 GMT+0100 (British Summer Time),0.0279,0.0259,0.0994,0
Sat Sep 07 2024 10:00:00 GMT+0100 (British Summer Time),0.0279,0.0259,0.0994,0
Sat Sep 07 2024 11:00:00 GMT+0100 (British Summer Time),0.0283,0.027,0.0994,0
Sat Sep 07 2024 12:00:00 GMT+0100 (British Summer Time),0.0283,0.027,0.0994,0
Sat Sep 07 2024 13:00:00 GMT+0100 (British Summer Time),0.0283,0.027,0.0994,0
Sat Sep 07 2024 14:00:00 GMT+0100 (British Summer Time),0.0283,0.027,0.0994,0
Sat Sep 07 2024 15:00:00 GMT+0100 (British Summer Time),0.0283,0.027,0.0994,0
Sat Sep 07 2024 16:00:00 GMT+0100 (British Summer Time),0.0283,0.027,0.0994,0
Sat Sep 07 2024 17:00:00 GMT+0100 (British Summer Time),0.0283,0.0256,0.0994,0
Sat Sep 07 2024 18:00:00 GMT+0100 (British Summer Time),0.0283,0.0256,0.0994,0
Sat Sep 07 2024 19:00:00 GMT+0100 (British Summer Time),0.027,0.0273,0.0994,0
Sat Sep 07 2024 20:00:00 GMT+0100 (British Summer Time),0.027,0.0273,0.0994,0
Sat Sep 07 2024 21:00:00 GMT+0100 (British Summer Time),0.027,0.0273,0.0994,0
Sat Sep 07 2024 22:00:00 GMT+0100 (British Summer Time),0.027,0.0273,0.0994,0
Sat Sep 07 2024 23:00:00 GMT+0100 (British Summer Time),0.027,0.0273,0.0994,0
Sun Sep 08 2024 00:00:00 GMT+0100 (British Summer Time),0.027,0.0273,0.0994,0
Sun Sep 08 2024 01:00:00 GMT+0100 (British Summer Time),0.027,0.0273,0.0994,0
Sun Sep 08 2024 02:00:00 GMT+0100 (British Summer Time),0.027,0.0261,0.0994,0
Sun Sep 08 2024 03:00:00 GMT+0100 (British Summer Time),0.0269,0.0273,0.0994,0
Sun Sep 08 2024 04:00:00 GMT+0100 (British Summer Time),0.0269,0.0273,0.0994,0
Sun Sep 08 2024 05:00:00 GMT+0100 (British Summer Time),0.0269,0.0273,0.0994,0
Sun Sep 08 2024 06:00:00 GMT+0100 (British Summer Time),0.0269,0.0273,0.0994,0
Sun Sep 08 2024 07:00:00 GMT+0100 (British Summer Time),0.0269,0.0273,0.0994,0
Sun Sep 08 2024 08:00:00 GMT+0100 (British Summer Time),0.0269,0.0273,0.0994,0
Sun Sep 08 2024 09:00:00 GMT+0100 (British Summer Time),0.0269,0.0262,0.0994,0
Sun Sep 08 2024 10:00:00 GMT+0100 (British Summer Time),0.0269,0.0262,0.0994,0
Sun Sep 08 2024 11:00:00 GMT+0100 (British Summer Time),0.027,0.0273,0.0994,0
Sun Sep 08 2024 12:00:00 GMT+0100 (British Summer Time),0.027,0.0273,0.0977,175.85982549914078
Sun Sep 08 2024 13:00:00 GMT+0100 (British Summer Time),0.027,0.0273,0.0977,0
Sun Sep 08 2024 14:00:00 GMT+0100 (British Summer Time),0.027,0.0273,0.0977,0
Sun Sep 08 2024 15:00:00 GMT+0100 (British Summer Time),0.027,0.0273,0.0977,0
Sun Sep 08 2024 16:00:00 GMT+0100 (British Summer Time),0.027,0.0273,0.0977,0
Sun Sep 08 2024 17:00:00 GMT+0100 (British Summer Time),0.027,0.0259,0.0977,0
Sun Sep 08 2024 18:00:00 GMT+0100 (British Summer Time),0.027,0.0259,0.0977,0
Sun Sep 08 2024 19:00:00 GMT+0100 (British Summer Time),0.0256,0.0273,0.0977,0
Sun Sep 08 2024 20:00:00 GMT+0100 (British Summer Time),0.0256,0.0273,0.0977,0
Sun Sep 08 2024 21:00:00 GMT+0100 (British Summer Time),0.0256,0.0273,0.0977,0
Sun Sep 08 2024 22:00:00 GMT+0100 (British Summer Time),0.0256,0.0273,0.0977,0
Sun Sep 08 2024 23:00:00 GMT+0100 (British Summer Time),0.0256,0.0273,0.0977,0
Mon Sep 09 2024 00:00:00 GMT+0100 (British Summer Time),0.0256,0.0273,0.0977,0
Mon Sep 09 2024 01:00:00 GMT+0100 (British Summer Time),0.0256,0.0261,0.0977,0
Mon Sep 09 2024 02:00:00 GMT+0100 (British Summer Time),0.0256,0.0261,0.0977,0
Mon Sep 09 2024 03:00:00 GMT+0100 (British Summer Time),0.0255,0.0272,0.0977,0
Mon Sep 09 2024 04:00:00 GMT+0100 (British Summer Time),0.0255,0.0272,0.0977,0
Mon Sep 09 2024 05:00:00 GMT+0100 (British Summer Time),0.0255,0.0272,0.0977,0
Mon Sep 09 2024 06:00:00 GMT+0100 (British Summer Time),0.0255,0.0272,0.0977,0
Mon Sep 09 2024 07:00:00 GMT+0100 (British Summer Time),0.0255,0.0272,0.0977,0
Mon Sep 09 2024 08:00:00 GMT+0100 (British Summer Time),0.0255,0.0272,0.0977,0
Mon Sep 09 2024 09:00:00 GMT+0100 (British Summer Time),0.0255,0.0261,0.0977,0
Mon Sep 09 2024 10:00:00 GMT+0100 (British Summer Time),0.0255,0.0261,0.0977,0
Mon Sep 09 2024 11:00:00 GMT+0100 (British Summer Time),0.0267,0.0274,0.0977,0
Mon Sep 09 2024 12:00:00 GMT+0100 (British Summer Time),0.0267,0.0274,0.0977,0
Mon Sep 09 2024 13:00:00 GMT+0100 (British Summer Time),0.0267,0.0274,0.0977,0
Mon Sep 09 2024 14:00:00 GMT+0100 (British Summer Time),0.0267,0.0274,0.0977,0
Mon Sep 09 2024 15:00:00 GMT+0100 (British Summer Time),0.0267,0.0274,0.0977,0
Mon Sep 09 2024 16:00:00 GMT+0100 (British Summer Time),0.0267,0.0274,0.0977,0
Mon Sep 09 2024 17:00:00 GMT+0100 (British Summer Time),0.0267,0.026,0.0977,0
Mon Sep 09 2024 18:00:00 GMT+0100 (British Summer Time),0.0267,0.026,0.0977,0
Mon Sep 09 2024 19:00:00 GMT+0100 (British Summer Time),0.0275,0.0275,0.0977,0
Mon Sep 09 2024 20:00:00 GMT+0100 (British Summer Time),0.0275,0.0275,0.0977,0
Mon Sep 09 2024 21:00:00 GMT+0100 (British Summer Time),0.0275,0.0275,0.0977,0
Mon Sep 09 2024 22:00:00 GMT+0100 (British Summer Time),0.0275,0.0275,0.0977,0
Mon Sep 09 2024 23:00:00 GMT+0100 (British Summer Time),0.0275,0.0275,0.0977,0
Tue Sep 10 2024 00:00:00 GMT+0100 (British Summer Time),0.0275,0.0275,0.0977,0
Tue Sep 10 2024 01:00:00 GMT+0100 (British Summer Time),0.0275,0.026,0.1547,6755.108471113928
Tue Sep 10 2024 02:00:00 GMT+0100 (British Summer Time),0.0275,0.026,0.1547,0
Tue Sep 10 2024 03:00:00 GMT+0100 (British Summer Time),0.028,0.0272,0.1547,0
Tue Sep 10 2024 04:00:00 GMT+0100 (British Summer Time),0.028,0.0272,0.1547,0
Tue Sep 10 2024 05:00:00 GMT+0100 (British Summer Time),0.028,0.0272,0.1547,0
Tue Sep 10 2024 06:00:00 GMT+0100 (British Summer Time),0.028,0.0272,0.1547,0
Tue Sep 10 2024 07:00:00 GMT+0100 (British Summer Time),0.028,0.0272,0.1547,0
Tue Sep 10 2024 08:00:00 GMT+0100 (British Summer Time),0.0333,0.0279,0.1547,0
Tue Sep 10 2024 09:00:00 GMT+0100 (British Summer Time),0.0333,0.0268,0.1568,285.06817108612984
Tue Sep 10 2024 10:00:00 GMT+0100 (British Summer Time),0.0333,0.0268,0.1568,0
Tue Sep 10 2024 11:00:00 GMT+0100 (British Summer Time),0.0274,0.0273,0.1568,0
Tue Sep 10 2024 12:00:00 GMT+0100 (British Summer Time),0.0274,0.0273,0.1568,0
Tue Sep 10 2024 13:00:00 GMT+0100 (British Summer Time),0.0274,0.0273,0.1568,0
Tue Sep 10 2024 14:00:00 GMT+0100 (British Summer Time),0.0311,0.0278,0.1568,0
Tue Sep 10 2024 15:00:00 GMT+0100 (British Summer Time),0.0311,0.0278,0.1568,0
Tue Sep 10 2024 16:00:00 GMT+0100 (British Summer Time),0.0345,0.0283,0.1568,0
Tue Sep 10 2024 17:00:00 GMT+0100 (British Summer Time),0.0366,0.0271,0.1568,0
Tue Sep 10 2024 18:00:00 GMT+0100 (British Summer Time),0.0366,0.0271,0.1568,0
Tue Sep 10 2024 19:00:00 GMT+0100 (British Summer Time),0.0257,0.0271,0.1384,2350.784501276887
Tue Sep 10 2024 20:00:00 GMT+0100 (British Summer Time),0.0257,0.0271,0.1384,0
Tue Sep 10 2024 21:00:00 GMT+0100 (British Summer Time),0.0257,0.0271,0.1384,0
Tue Sep 10 2024 22:00:00 GMT+0100 (British Summer Time),0.0257,0.0271,0.1384,0
Tue Sep 10 2024 23:00:00 GMT+0100 (British Summer Time),0.0257,0.0271,0.1384,0
Wed Sep 11 2024 00:00:00 GMT+0100 (British Summer Time),0.0257,0.0271,0.1384,0
Wed Sep 11 2024 01:00:00 GMT+0100 (British Summer Time),0.035,0.0273,0.1384,0
Wed Sep 11 2024 02:00:00 GMT+0100 (British Summer Time),0.035,0.0273,0.1384,0
Wed Sep 11 2024 03:00:00 GMT+0100 (British Summer Time),0.0266,0.0273,0.1384,0
Wed Sep 11 2024 04:00:00 GMT+0100 (British Summer Time),0.0266,0.0273,0.1384,0
Wed Sep 11 2024 05:00:00 GMT+0100 (British Summer Time),0.0266,0.0273,0.1384,0
Wed Sep 11 2024 06:00:00 GMT+0100 (British Summer Time),0.0266,0.0273,0.1384,0
Wed Sep 11 2024 07:00:00 GMT+0100 (British Summer Time),0.0266,0.0273,0.1384,0
Wed Sep 11 2024 08:00:00 GMT+0100 (British Summer Time),0.0213,0.0273,0.1187,2331.2966705951812
Wed Sep 11 2024 09:00:00 GMT+0100 (British Summer Time),0.0295,0.0273,0.1187,0
Wed Sep 11 2024 10:00:00 GMT+0100 (British Summer Time),0.0295,0.0273,0.1187,0
Wed Sep 11 2024 11:00:00 GMT+0100 (British Summer Time),0.0262,0.0273,0.1187,0
Wed Sep 11 2024 12:00:00 GMT+0100 (British Summer Time),0.0262,0.0273,0.1083,1160.5452545408273
Wed Sep 11 2024 13:00:00 GMT+0100 (British Summer Time),0.0262,0.0273,0.1083,0
Wed Sep 11 2024 14:00:00 GMT+0100 (British Summer Time),0.0225,0.0273,0.1083,0
Wed Sep 11 2024 15:00:00 GMT+0100 (British Summer Time),0.0225,0.0273,0.1083,0
Wed Sep 11 2024 16:00:00 GMT+0100 (British Summer Time),0.0191,0.0273,0.1103,219.22453805870686
Wed Sep 11 2024 17:00:00 GMT+0100 (British Summer Time),0.0171,0.0258,0.1562,5530.110494264346
Wed Sep 11 2024 18:00:00 GMT+0100 (British Summer Time),0.0276,0.0273,0.1562,0
Wed Sep 11 2024 19:00:00 GMT+0100 (British Summer Time),0.0276,0.0273,0.1562,0
Wed Sep 11 2024 20:00:00 GMT+0100 (British Summer Time),0.0276,0.0273,0.1562,0
Wed Sep 11 2024 21:00:00 GMT+0100 (British Summer Time),0.0276,0.0273,0.1562,0
Wed Sep 11 2024 22:00:00 GMT+0100 (British Summer Time),0.0276,0.0273,0.1562,0
Wed Sep 11 2024 23:00:00 GMT+0100 (British Summer Time),0.0276,0.0273,0.1562,0
Thu Sep 12 2024 00:00:00 GMT+0100 (British Summer Time),0.0276,0.0273,0.1562,0
Thu Sep 12 2024 01:00:00 GMT+0100 (British Summer Time),0.0267,0.0272,0.1562,0
Thu Sep 12 2024 02:00:00 GMT+0100 (British Summer Time),0.0267,0.0272,0.1562,0
Thu Sep 12 2024 03:00:00 GMT+0100 (British Summer Time),0.0267,0.0272,0.1562,0
Thu Sep 12 2024 04:00:00 GMT+0100 (British Summer Time),0.0267,0.0272,0.1562,0
Thu Sep 12 2024 05:00:00 GMT+0100 (British Summer Time),0.0267,0.0272,0.1562,0
Thu Sep 12 2024 06:00:00 GMT+0100 (British Summer Time),0.0267,0.0272,0.1562,0
Thu Sep 12 2024 07:00:00 GMT+0100 (British Summer Time),0.0267,0.0272,0.1544,235.48518677422493
Thu Sep 12 2024 08:00:00 GMT+0100 (British Summer Time),0.0267,0.0272,0.1544,0
Thu Sep 12 2024 09:00:00 GMT+0100 (British Summer Time),0.0186,0.0272,0.1544,0
Thu Sep 12 2024 10:00:00 GMT+0100 (British Summer Time),0.0265,0.0283,0.1544,0
Thu Sep 12 2024 11:00:00 GMT+0100 (British Summer Time),0.0265,0.0268,0.0914,7380.319553202007
Thu Sep 12 2024 12:00:00 GMT+0100 (British Summer Time),0.0265,0.0268,0.0914,0
Thu Sep 12 2024 13:00:00 GMT+0100 (British Summer Time),0.0265,0.0268,0.0914,0
Thu Sep 12 2024 14:00:00 GMT+0100 (British Summer Time),0.0265,0.0268,0.0914,0
Thu Sep 12 2024 15:00:00 GMT+0100 (British Summer Time),0.0265,0.0268,0.0914,0
Thu Sep 12 2024 16:00:00 GMT+0100 (British Summer Time),0.0265,0.0268,0.0914,0
Thu Sep 12 2024 17:00:00 GMT+0100 (British Summer Time),0.0368,0.0283,0.0914,0
Thu Sep 12 2024 18:00:00 GMT+0100 (British Summer Time),0.0262,0.0283,0.0914,0
Thu Sep 12 2024 19:00:00 GMT+0100 (British Summer Time),0.0262,0.0268,0.0914,0
Thu Sep 12 2024 20:00:00 GMT+0100 (British Summer Time),0.0262,0.0268,0.0914,0
Thu Sep 12 2024 21:00:00 GMT+0100 (British Summer Time),0.0262,0.0268,0.0914,0
Thu Sep 12 2024 22:00:00 GMT+0100 (British Summer Time),0.0262,0.0268,0.0914,0
Thu Sep 12 2024 23:00:00 GMT+0100 (British Summer Time),0.0262,0.0268,0.0914,0
Fri Sep 13 2024 00:00:00 GMT+0100 (British Summer Time),0.0262,0.0268,0.0914,0
Fri Sep 13 2024 01:00:00 GMT+0100 (British Summer Time),0.0263,0.028,0.0914,0
Fri Sep 13 2024 02:00:00 GMT+0100 (British Summer Time),0.0263,0.028,0.0914,0
Fri Sep 13 2024 03:00:00 GMT+0100 (British Summer Time),0.0263,0.0268,0.0914,0
Fri Sep 13 2024 04:00:00 GMT+0100 (British Summer Time),0.0263,0.0268,0.0914,0
Fri Sep 13 2024 05:00:00 GMT+0100 (British Summer Time),0.0263,0.0268,0.0914,0
Fri Sep 13 2024 06:00:00 GMT+0100 (British Summer Time),0.0263,0.0268,0.0914,0
Fri Sep 13 2024 07:00:00 GMT+0100 (British Summer Time),0.0263,0.0268,0.0914,0
Fri Sep 13 2024 08:00:00 GMT+0100 (British Summer Time),0.0263,0.0268,0.0914,0
Fri Sep 13 2024 09:00:00 GMT+0100 (British Summer Time),0.0263,0.0268,0.0914,0
Fri Sep 13 2024 10:00:00 GMT+0100 (British Summer Time),0.0263,0.028,0.0914,0
Fri Sep 13 2024 11:00:00 GMT+0100 (British Summer Time),0.0263,0.0269,0.0914,0
Fri Sep 13 2024 12:00:00 GMT+0100 (British Summer Time),0.0263,0.0269,0.0914,0
Fri Sep 13 2024 13:00:00 GMT+0100 (British Summer Time),0.0263,0.0269,0.0914,0
Fri Sep 13 2024 14:00:00 GMT+0100 (British Summer Time),0.0263,0.0269,0.0914,0
Fri Sep 13 2024 15:00:00 GMT+0100 (British Summer Time),0.0263,0.0269,0.0914,0
Fri Sep 13 2024 16:00:00 GMT+0100 (British Summer Time),0.0263,0.0269,0.0914,0
Fri Sep 13 2024 17:00:00 GMT+0100 (British Summer Time),0.0161,0.0269,0.0914,0
Fri Sep 13 2024 18:00:00 GMT+0100 (British Summer Time),0.0263,0.0284,0.0914,0
Fri Sep 13 2024 19:00:00 GMT+0100 (British Summer Time),0.0263,0.0266,0.0914,0
Fri Sep 13 2024 20:00:00 GMT+0100 (British Summer Time),0.0263,0.0266,0.0914,0
Fri Sep 13 2024 21:00:00 GMT+0100 (British Summer Time),0.0263,0.0266,0.0914,0
Fri Sep 13 2024 22:00:00 GMT+0100 (British Summer Time),0.0263,0.0266,0.0914,0
Fri Sep 13 2024 23:00:00 GMT+0100 (British Summer Time),0.0263,0.0266,0.0914,0
Sat Sep 14 2024 00:00:00 GMT+0100 (British Summer Time),0.0263,0.0266,0.0914,0
Sat Sep 14 2024 01:00:00 GMT+0100 (British Summer Time),0.0276,0.0279,0.0914,0
Sat Sep 14 2024 02:00:00 GMT+0100 (British Summer Time),0.0276,0.0279,0.0914,0
Sat Sep 14 2024 03:00:00 GMT+0100 (British Summer Time),0.0276,0.0268,0.0914,0
Sat Sep 14 2024 04:00:00 GMT+0100 (British Summer Time),0.0276,0.0268,0.0914,0
Sat Sep 14 2024 05:00:00 GMT+0100 (British Summer Time),0.0276,0.0268,0.0914,0
Sat Sep 14 2024 06:00:00 GMT+0100 (British Summer Time),0.0276,0.0268,0.0914,0
Sat Sep 14 2024 07:00:00 GMT+0100 (British Summer Time),0.0276,0.0268,0.0914,0
Sat Sep 14 2024 08:00:00 GMT+0100 (British Summer Time),0.0276,0.0268,0.0914,0
Sat Sep 14 2024 09:00:00 GMT+0100 (British Summer Time),0.0356,0.0279,0.0914,0
Sat Sep 14 2024 10:00:00 GMT+0100 (British Summer Time),0.0275,0.0279,0.0914,0
Sat Sep 14 2024 11:00:00 GMT+0100 (British Summer Time),0.0275,0.0268,0.0914,0
Sat Sep 14 2024 12:00:00 GMT+0100 (British Summer Time),0.0275,0.0268,0.0914,0
Sat Sep 14 2024 13:00:00 GMT+0100 (British Summer Time),0.0275,0.0268,0.0914,0
Sat Sep 14 2024 14:00:00 GMT+0100 (British Summer Time),0.0275,0.0268,0.0914,0
Sat Sep 14 2024 15:00:00 GMT+0100 (British Summer Time),0.0275,0.0268,0.0914,0
Sat Sep 14 2024 16:00:00 GMT+0100 (British Summer Time),0.0275,0.0268,0.0914,0
Sat Sep 14 2024 17:00:00 GMT+0100 (British Summer Time),0.0375,0.0282,0.0914,0
Sat Sep 14 2024 18:00:00 GMT+0100 (British Summer Time),0.0272,0.0282,0.0914,0
Sat Sep 14 2024 19:00:00 GMT+0100 (British Summer Time),0.0272,0.0266,0.0914,0
Sat Sep 14 2024 20:00:00 GMT+0100 (British Summer Time),0.0272,0.0266,0.0914,0
Sat Sep 14 2024 21:00:00 GMT+0100 (British Summer Time),0.0272,0.0266,0.0914,0
Sat Sep 14 2024 22:00:00 GMT+0100 (British Summer Time),0.0272,0.0266,0.0914,0
Sat Sep 14 2024 23:00:00 GMT+0100 (British Summer Time),0.0272,0.0266,0.0914,0
Sun Sep 15 2024 00:00:00 GMT+0100 (British Summer Time),0.0272,0.0266,0.0914,0
Sun Sep 15 2024 01:00:00 GMT+0100 (British Summer Time),0.0279,0.0281,0.0914,0
Sun Sep 15 2024 02:00:00 GMT+0100 (British Summer Time),0.0279,0.0281,0.0914,0
Sun Sep 15 2024 03:00:00 GMT+0100 (British Summer Time),0.0279,0.0269,0.0914,0
Sun Sep 15 2024 04:00:00 GMT+0100 (British Summer Time),0.0279,0.0269,0.0914,0
Sun Sep 15 2024 05:00:00 GMT+0100 (British Summer Time),0.0279,0.0269,0.0914,0
Sun Sep 15 2024 06:00:00 GMT+0100 (British Summer Time),0.0279,0.0269,0.0914,0
Sun Sep 15 2024 07:00:00 GMT+0100 (British Summer Time),0.0279,0.0269,0.0914,0
Sun Sep 15 2024 08:00:00 GMT+0100 (British Summer Time),0.0279,0.0269,0.0914,0
Sun Sep 15 2024 09:00:00 GMT+0100 (British Summer Time),0.02,0.0269,0.0914,0
Sun Sep 15 2024 10:00:00 GMT+0100 (British Summer Time),0.02,0.0269,0.0914,0
Sun Sep 15 2024 11:00:00 GMT+0100 (British Summer Time),0.0294,0.0272,0.0914,0
Sun Sep 15 2024 12:00:00 GMT+0100 (British Summer Time),0.0294,0.0272,0.0914,0
Sun Sep 15 2024 13:00:00 GMT+0100 (British Summer Time),0.0294,0.0272,0.0914,0
Sun Sep 15 2024 14:00:00 GMT+0100 (British Summer Time),0.0294,0.0272,0.0914,0
Sun Sep 15 2024 15:00:00 GMT+0100 (British Summer Time),0.0294,0.0272,0.0914,0
Sun Sep 15 2024 16:00:00 GMT+0100 (British Summer Time),0.0294,0.0272,0.0914,0
Sun Sep 15 2024 17:00:00 GMT+0100 (British Summer Time),0.0195,0.0272,0.0914,0
Sun Sep 15 2024 18:00:00 GMT+0100 (British Summer Time),0.0195,0.0272,0.0914,0
Sun Sep 15 2024 19:00:00 GMT+0100 (British Summer Time),0.0292,0.0271,0.0914,0
Sun Sep 15 2024 20:00:00 GMT+0100 (British Summer Time),0.0292,0.0271,0.0914,0
Sun Sep 15 2024 21:00:00 GMT+0100 (British Summer Time),0.0292,0.0271,0.0914,0
Sun Sep 15 2024 22:00:00 GMT+0100 (British Summer Time),0.0292,0.0271,0.0914,0
Sun Sep 15 2024 23:00:00 GMT+0100 (British Summer Time),0.0292,0.0271,0.0914,0
Mon Sep 16 2024 00:00:00 GMT+0100 (British Summer Time),0.0292,0.0271,0.0914,0
Mon Sep 16 2024 01:00:00 GMT+0100 (British Summer Time),0.0188,0.0271,0.0914,0
Mon Sep 16 2024 02:00:00 GMT+0100 (British Summer Time),0.0188,0.0271,0.0914,0
Mon Sep 16 2024 03:00:00 GMT+0100 (British Summer Time),0.0272,0.0272,0.0914,0
Mon Sep 16 2024 04:00:00 GMT+0100 (British Summer Time),0.0272,0.0272,0.0914,0
Mon Sep 16 2024 05:00:00 GMT+0100 (British Summer Time),0.0272,0.0272,0.0914,0
Mon Sep 16 2024 06:00:00 GMT+0100 (British Summer Time),0.0272,0.0272,0.0914,0
Mon Sep 16 2024 07:00:00 GMT+0100 (British Summer Time),0.0272,0.0272,0.0914,0
Mon Sep 16 2024 08:00:00 GMT+0100 (British Summer Time),0.0272,0.0272,0.0914,0
Mon Sep 16 2024 09:00:00 GMT+0100 (British Summer Time),0.0272,0.0272,0.0914,0
Mon Sep 16 2024 10:00:00 GMT+0100 (British Summer Time),0.0272,0.0272,0.0914,0
Mon Sep 16 2024 11:00:00 GMT+0100 (British Summer Time),0.0274,0.0273,0.0914,0
Mon Sep 16 2024 12:00:00 GMT+0100 (British Summer Time),0.0274,0.0273,0.0914,0
Mon Sep 16 2024 13:00:00 GMT+0100 (British Summer Time),0.0274,0.0273,0.0914,0
Mon Sep 16 2024 14:00:00 GMT+0100 (British Summer Time),0.0274,0.0273,0.0914,0
Mon Sep 16 2024 15:00:00 GMT+0100 (British Summer Time),0.0274,0.0273,0.0914,0
Mon Sep 16 2024 16:00:00 GMT+0100 (British Summer Time),0.0274,0.0273,0.0914,0
Mon Sep 16 2024 17:00:00 GMT+0100 (British Summer Time),0.0274,0.0273,0.0914,0
Mon Sep 16 2024 18:00:00 GMT+0100 (British Summer Time),0.0274,0.0273,0.0914,0
Mon Sep 16 2024 19:00:00 GMT+0100 (British Summer Time),0.0294,0.0274,0.0914,0
Mon Sep 16 2024 20:00:00 GMT+0100 (British Summer Time),0.0309,0.0276,0.0914,0
Mon Sep 16 2024 21:00:00 GMT+0100 (British Summer Time),0.0309,0.0276,0.0914,0
Mon Sep 16 2024 22:00:00 GMT+0100 (British Summer Time),0.0325,0.0278,0.0914,0
Mon Sep 16 2024 23:00:00 GMT+0100 (British Summer Time),0.0325,0.0278,0.0914,0
Tue Sep 17 2024 00:00:00 GMT+0100 (British Summer Time),0.0342,0.0281,0.0914,0
Tue Sep 17 2024 01:00:00 GMT+0100 (British Summer Time),0.0342,0.0281,0.0914,0
Tue Sep 17 2024 02:00:00 GMT+0100 (British Summer Time),0.0342,0.0281,0.0914,0
Tue Sep 17 2024 03:00:00 GMT+0100 (British Summer Time),0.0257,0.0269,0.0914,0
Tue Sep 17 2024 04:00:00 GMT+0100 (British Summer Time),0.0306,0.0275,0.0914,0
Tue Sep 17 2024 05:00:00 GMT+0100 (British Summer Time),0.0306,0.0275,0.0914,0
Tue Sep 17 2024 06:00:00 GMT+0100 (British Summer Time),0.0306,0.0275,0.0914,0
Tue Sep 17 2024 07:00:00 GMT+0100 (British Summer Time),0.0323,0.0278,0.0914,0
Tue Sep 17 2024 08:00:00 GMT+0100 (British Summer Time),0.0323,0.027,0.0914,0
Tue Sep 17 2024 09:00:00 GMT+0100 (British Summer Time),0.0357,0.0275,0.0914,0
Tue Sep 17 2024 10:00:00 GMT+0100 (British Summer Time),0.0357,0.0275,0.0914,0
Tue Sep 17 2024 11:00:00 GMT+0100 (British Summer Time),0.0276,0.0273,0.0914,0
Tue Sep 17 2024 12:00:00 GMT+0100 (British Summer Time),0.0276,0.0273,0.0914,0
Tue Sep 17 2024 13:00:00 GMT+0100 (British Summer Time),0.0276,0.0273,0.0914,0
Tue Sep 17 2024 14:00:00 GMT+0100 (British Summer Time),0.0276,0.0268,0.0914,0
Tue Sep 17 2024 15:00:00 GMT+0100 (British Summer Time),0.0276,0.0268,0.0914,0.5435934951060689
Tue Sep 17 2024 16:00:00 GMT+0100 (British Summer Time),0.0276,0.0263,0.0939,268.2092765247528
Tue Sep 17 2024 17:00:00 GMT+0100 (British Summer Time),0.0276,0.026,0.0939,0
Tue Sep 17 2024 18:00:00 GMT+0100 (British Summer Time),0.0276,0.026,0.0939,0
Tue Sep 17 2024 19:00:00 GMT+0100 (British Summer Time),0.0265,0.0275,0.0939,0
Tue Sep 17 2024 20:00:00 GMT+0100 (British Summer Time),0.025,0.0275,0.0939,0
Tue Sep 17 2024 21:00:00 GMT+0100 (British Summer Time),0.025,0.0275,0.0939,0
Tue Sep 17 2024 22:00:00 GMT+0100 (British Summer Time),0.0234,0.0275,0.0939,0
Tue Sep 17 2024 23:00:00 GMT+0100 (British Summer Time),0.0234,0.0275,0.0939,0
Wed Sep 18 2024 00:00:00 GMT+0100 (British Summer Time),0.0267,0.0282,0.0939,0
Wed Sep 18 2024 01:00:00 GMT+0100 (British Summer Time),0.0267,0.0269,0.0939,0
Wed Sep 18 2024 02:00:00 GMT+0100 (British Summer Time),0.0267,0.0269,0.0939,0
Wed Sep 18 2024 03:00:00 GMT+0100 (British Summer Time),0.0267,0.0269,0.0939,0
Wed Sep 18 2024 04:00:00 GMT+0100 (British Summer Time),0.0219,0.0269,0.0939,0
Wed Sep 18 2024 05:00:00 GMT+0100 (British Summer Time),0.0219,0.0269,0.0939,0
Wed Sep 18 2024 06:00:00 GMT+0100 (British Summer Time),0.0219,0.0269,0.0939,0
Wed Sep 18 2024 07:00:00 GMT+0100 (British Summer Time),0.0202,0.0269,0.0939,0
Wed Sep 18 2024 08:00:00 GMT+0100 (British Summer Time),0.0291,0.0282,0.0939,0
Wed Sep 18 2024 09:00:00 GMT+0100 (British Summer Time),0.0258,0.027,0.0939,0
Wed Sep 18 2024 10:00:00 GMT+0100 (British Summer Time),0.0258,0.027,0.0939,0
Wed Sep 18 2024 11:00:00 GMT+0100 (British Summer Time),0.0242,0.027,0.0939,0
Wed Sep 18 2024 12:00:00 GMT+0100 (British Summer Time),0.0242,0.027,0.0939,0
Wed Sep 18 2024 13:00:00 GMT+0100 (British Summer Time),0.0242,0.027,0.0939,0
Wed Sep 18 2024 14:00:00 GMT+0100 (British Summer Time),0.0242,0.027,0.0939,0
Wed Sep 18 2024 15:00:00 GMT+0100 (British Summer Time),0.0242,0.027,0.0939,0
Wed Sep 18 2024 16:00:00 GMT+0100 (British Summer Time),0.0349,0.0285,0.0939,0
Wed Sep 18 2024 17:00:00 GMT+0100 (British Summer Time),0.0349,0.0285,0.0939,0
Wed Sep 18 2024 18:00:00 GMT+0100 (British Summer Time),0.0349,0.027,0.0939,0
Wed Sep 18 2024 19:00:00 GMT+0100 (British Summer Time),0.0243,0.027,0.0939,0
Wed Sep 18 2024 20:00:00 GMT+0100 (British Summer Time),0.0243,0.027,0.0939,0
Wed Sep 18 2024 21:00:00 GMT+0100 (British Summer Time),0.0243,0.027,0.0939,0
Wed Sep 18 2024 22:00:00 GMT+0100 (British Summer Time),0.0243,0.027,0.0939,0
Wed Sep 18 2024 23:00:00 GMT+0100 (British Summer Time),0.0243,0.027,0.0939,0
Thu Sep 19 2024 00:00:00 GMT+0100 (British Summer Time),0.028,0.0282,0.0939,0
Thu Sep 19 2024 01:00:00 GMT+0100 (British Summer Time),0.028,0.0271,0.0939,0
Thu Sep 19 2024 02:00:00 GMT+0100 (British Summer Time),0.028,0.0271,0.0939,0
Thu Sep 19 2024 03:00:00 GMT+0100 (British Summer Time),0.028,0.0271,0.0939,0
Thu Sep 19 2024 04:00:00 GMT+0100 (British Summer Time),0.028,0.0271,0.0939,0
Thu Sep 19 2024 05:00:00 GMT+0100 (British Summer Time),0.028,0.0271,0.0939,0
Thu Sep 19 2024 06:00:00 GMT+0100 (British Summer Time),0.028,0.0271,0.0939,0
Thu Sep 19 2024 07:00:00 GMT+0100 (British Summer Time),0.028,0.0271,0.0939,0
Thu Sep 19 2024 08:00:00 GMT+0100 (British Summer Time),0.0281,0.0284,0.0939,0
Thu Sep 19 2024 09:00:00 GMT+0100 (British Summer Time),0.0281,0.0284,0.0939,0
Thu Sep 19 2024 10:00:00 GMT+0100 (British Summer Time),0.0281,0.0272,0.0939,0
Thu Sep 19 2024 11:00:00 GMT+0100 (British Summer Time),0.0281,0.0272,0.0939,0
Thu Sep 19 2024 12:00:00 GMT+0100 (British Summer Time),0.0281,0.0272,0.0939,0
Thu Sep 19 2024 13:00:00 GMT+0100 (British Summer Time),0.0281,0.0272,0.0939,0
Thu Sep 19 2024 14:00:00 GMT+0100 (British Summer Time),0.0281,0.0272,0.0939,0
Thu Sep 19 2024 15:00:00 GMT+0100 (British Summer Time),0.0281,0.0272,0.0939,0
Thu Sep 19 2024 16:00:00 GMT+0100 (British Summer Time),0.0291,0.0289,0.0939,0
Thu Sep 19 2024 17:00:00 GMT+0100 (British Summer Time),0.0291,0.0274,0.0939,0
Thu Sep 19 2024 18:00:00 GMT+0100 (British Summer Time),0.0291,0.0274,0.0939,0
Thu Sep 19 2024 19:00:00 GMT+0100 (British Summer Time),0.0291,0.0274,0.0939,0
Thu Sep 19 2024 20:00:00 GMT+0100 (British Summer Time),0.0291,0.0274,0.0939,0
Thu Sep 19 2024 21:00:00 GMT+0100 (British Summer Time),0.0291,0.0274,0.0939,0
Thu Sep 19 2024 22:00:00 GMT+0100 (British Summer Time),0.0291,0.0274,0.0939,0
Thu Sep 19 2024 23:00:00 GMT+0100 (British Summer Time),0.0291,0.0274,0.0939,0
Fri Sep 20 2024 00:00:00 GMT+0100 (British Summer Time),0.0302,0.0288,0.0939,0
Fri Sep 20 2024 01:00:00 GMT+0100 (British Summer Time),0.0302,0.0276,0.0939,0
Fri Sep 20 2024 02:00:00 GMT+0100 (British Summer Time),0.0302,0.0276,0.0939,0
Fri Sep 20 2024 03:00:00 GMT+0100 (British Summer Time),0.0302,0.0276,0.0939,0
Fri Sep 20 2024 04:00:00 GMT+0100 (British Summer Time),0.0302,0.0276,0.0939,0
Fri Sep 20 2024 05:00:00 GMT+0100 (British Summer Time),0.0302,0.0276,0.0939,0
Fri Sep 20 2024 06:00:00 GMT+0100 (British Summer Time),0.0302,0.0276,0.0939,0
Fri Sep 20 2024 07:00:00 GMT+0100 (British Summer Time),0.0302,0.0276,0.0939,0
Fri Sep 20 2024 08:00:00 GMT+0100 (British Summer Time),0.0301,0.0289,0.0939,0
Fri Sep 20 2024 09:00:00 GMT+0100 (British Summer Time),0.0301,0.0289,0.0939,0
Fri Sep 20 2024 10:00:00 GMT+0100 (British Summer Time),0.0301,0.0278,0.0939,0
Fri Sep 20 2024 11:00:00 GMT+0100 (British Summer Time),0.0301,0.0278,0.0939,0
Fri Sep 20 2024 12:00:00 GMT+0100 (British Summer Time),0.0301,0.0278,0.0939,0
Fri Sep 20 2024 13:00:00 GMT+0100 (British Summer Time),0.0301,0.0278,0.0939,0
Fri Sep 20 2024 14:00:00 GMT+0100 (British Summer Time),0.0301,0.0278,0.0939,0
Fri Sep 20 2024 15:00:00 GMT+0100 (British Summer Time),0.0301,0.0278,0.0939,0
Fri Sep 20 2024 16:00:00 GMT+0100 (British Summer Time),0.0306,0.0295,0.0939,0
Fri Sep 20 2024 17:00:00 GMT+0100 (British Summer Time),0.0306,0.0295,0.0939,0
Fri Sep 20 2024 18:00:00 GMT+0100 (British Summer Time),0.0306,0.0281,0.0939,0
Fri Sep 20 2024 19:00:00 GMT+0100 (British Summer Time),0.0306,0.0281,0.0939,0
Fri Sep 20 2024 20:00:00 GMT+0100 (British Summer Time),0.0306,0.0281,0.0939,0
Fri Sep 20 2024 21:00:00 GMT+0100 (British Summer Time),0.0306,0.0281,0.0939,0
Fri Sep 20 2024 22:00:00 GMT+0100 (British Summer Time),0.0306,0.0281,0.0939,0
Fri Sep 20 2024 23:00:00 GMT+0100 (British Summer Time),0.0306,0.0281,0.0939,0
Sat Sep 21 2024 00:00:00 GMT+0100 (British Summer Time),0.0305,0.0294,0.0939,0
Sat Sep 21 2024 01:00:00 GMT+0100 (British Summer Time),0.0305,0.028,0.0939,0
Sat Sep 21 2024 02:00:00 GMT+0100 (British Summer Time),0.0305,0.028,0.0939,0
Sat Sep 21 2024 03:00:00 GMT+0100 (British Summer Time),0.0305,0.028,0.0939,0
Sat Sep 21 2024 04:00:00 GMT+0100 (British Summer Time),0.0305,0.028,0.0939,0
Sat Sep 21 2024 05:00:00 GMT+0100 (British Summer Time),0.0305,0.028,0.0939,0
Sat Sep 21 2024 06:00:00 GMT+0100 (British Summer Time),0.0305,0.028,0.0939,0
Sat Sep 21 2024 07:00:00 GMT+0100 (British Summer Time),0.0305,0.028,0.0939,0
Sat Sep 21 2024 08:00:00 GMT+0100 (British Summer Time),0.0215,0.028,0.0939,0
Sat Sep 21 2024 09:00:00 GMT+0100 (British Summer Time),0.0325,0.0285,0.0939,0
Sat Sep 21 2024 10:00:00 GMT+0100 (British Summer Time),0.0325,0.0285,0.0939,0
Sat Sep 21 2024 11:00:00 GMT+0100 (British Summer Time),0.0325,0.0285,0.0939,0
Sat Sep 21 2024 12:00:00 GMT+0100 (British Summer Time),0.0325,0.0285,0.0939,0
Sat Sep 21 2024 13:00:00 GMT+0100 (British Summer Time),0.0325,0.0285,0.0755,2019.0037750670508
Sat Sep 21 2024 14:00:00 GMT+0100 (British Summer Time),0.0325,0.0285,0.0755,0
Sat Sep 21 2024 15:00:00 GMT+0100 (British Summer Time),0.0325,0.0285,0.0755,0
Sat Sep 21 2024 16:00:00 GMT+0100 (British Summer Time),0.0202,0.0285,0.0755,0
Sat Sep 21 2024 17:00:00 GMT+0100 (British Summer Time),0.0315,0.0301,0.0812,609.4213789121058
Sat Sep 21 2024 18:00:00 GMT+0100 (British Summer Time),0.0315,0.0287,0.0812,0
Sat Sep 21 2024 19:00:00 GMT+0100 (British Summer Time),0.0315,0.0287,0.0812,0
Sat Sep 21 2024 20:00:00 GMT+0100 (British Summer Time),0.0315,0.0287,0.0812,0
Sat Sep 21 2024 21:00:00 GMT+0100 (British Summer Time),0.0315,0.0287,0.0812,0
Sat Sep 21 2024 22:00:00 GMT+0100 (British Summer Time),0.0315,0.0287,0.0812,0
Sat Sep 21 2024 23:00:00 GMT+0100 (British Summer Time),0.0315,0.0287,0.0812,0
Sun Sep 22 2024 00:00:00 GMT+0100 (British Summer Time),0.022,0.0287,0.0812,0
Sun Sep 22 2024 01:00:00 GMT+0100 (British Summer Time),0.022,0.0272,0.0812,0.3013384589522113
Sun Sep 22 2024 02:00:00 GMT+0100 (British Summer Time),0.0302,0.0284,0.0812,0
Sun Sep 22 2024 03:00:00 GMT+0100 (British Summer Time),0.0302,0.0284,0.0812,0
Sun Sep 22 2024 04:00:00 GMT+0100 (British Summer Time),0.0302,0.0284,0.0812,0
Sun Sep 22 2024 05:00:00 GMT+0100 (British Summer Time),0.0302,0.0284,0.0812,0
Sun Sep 22 2024 06:00:00 GMT+0100 (British Summer Time),0.0302,0.0284,0.0812,0
Sun Sep 22 2024 07:00:00 GMT+0100 (British Summer Time),0.0302,0.0284,0.0812,0
Sun Sep 22 2024 08:00:00 GMT+0100 (British Summer Time),0.0302,0.0284,0.0812,0
Sun Sep 22 2024 09:00:00 GMT+0100 (British Summer Time),0.0192,0.0284,0.0812,0
Sun Sep 22 2024 10:00:00 GMT+0100 (British Summer Time),0.0278,0.0296,0.0812,0
Sun Sep 22 2024 11:00:00 GMT+0100 (British Summer Time),0.0278,0.0282,0.0812,0
Sun Sep 22 2024 12:00:00 GMT+0100 (British Summer Time),0.0278,0.0282,0.0812,0
Sun Sep 22 2024 13:00:00 GMT+0100 (British Summer Time),0.0278,0.0282,0.0812,0
Sun Sep 22 2024 14:00:00 GMT+0100 (British Summer Time),0.0278,0.0282,0.0812,0
Sun Sep 22 2024 15:00:00 GMT+0100 (British Summer Time),0.0278,0.0282,0.0812,0
Sun Sep 22 2024 16:00:00 GMT+0100 (British Summer Time),0.0278,0.0282,0.0812,0
Sun Sep 22 2024 17:00:00 GMT+0100 (British Summer Time),0.0165,0.0282,0.0812,0
Sun Sep 22 2024 18:00:00 GMT+0100 (British Summer Time),0.0289,0.03,0.0812,0
Sun Sep 22 2024 19:00:00 GMT+0100 (British Summer Time),0.0289,0.0286,0.0812,0
Sun Sep 22 2024 20:00:00 GMT+0100 (British Summer Time),0.0289,0.0286,0.0812,0
Sun Sep 22 2024 21:00:00 GMT+0100 (British Summer Time),0.0289,0.0286,0.0812,0
Sun Sep 22 2024 22:00:00 GMT+0100 (British Summer Time),0.0289,0.0286,0.0812,0
Sun Sep 22 2024 23:00:00 GMT+0100 (British Summer Time),0.0289,0.0286,0.0812,0
Mon Sep 23 2024 00:00:00 GMT+0100 (British Summer Time),0.0289,0.0286,0.0812,0
Mon Sep 23 2024 01:00:00 GMT+0100 (British Summer Time),0.0289,0.0286,0.0812,0
Mon Sep 23 2024 02:00:00 GMT+0100 (British Summer Time),0.0295,0.0299,0.0812,0
Mon Sep 23 2024 03:00:00 GMT+0100 (British Summer Time),0.0295,0.0287,0.0812,0
Mon Sep 23 2024 04:00:00 GMT+0100 (British Summer Time),0.0295,0.0287,0.0812,0
Mon Sep 23 2024 05:00:00 GMT+0100 (British Summer Time),0.0295,0.0287,0.0812,0
Mon Sep 23 2024 06:00:00 GMT+0100 (British Summer Time),0.0295,0.0287,0.0812,0
Mon Sep 23 2024 07:00:00 GMT+0100 (British Summer Time),0.0295,0.0287,0.0812,0
Mon Sep 23 2024 08:00:00 GMT+0100 (British Summer Time),0.0295,0.0287,0.0812,0
Mon Sep 23 2024 09:00:00 GMT+0100 (British Summer Time),0.0386,0.03,0.0812,0
Mon Sep 23 2024 10:00:00 GMT+0100 (British Summer Time),0.0299,0.03,0.0812,0
Mon Sep 23 2024 11:00:00 GMT+0100 (British Summer Time),0.0299,0.0286,0.0812,0
Mon Sep 23 2024 12:00:00 GMT+0100 (British Summer Time),0.0299,0.0286,0.0812,0
Mon Sep 23 2024 13:00:00 GMT+0100 (British Summer Time),0.0299,0.0286,0.0812,0
Mon Sep 23 2024 14:00:00 GMT+0100 (British Summer Time),0.0299,0.0286,0.0812,0
Mon Sep 23 2024 15:00:00 GMT+0100 (British Summer Time),0.0299,0.0286,0.0812,5.900973266794693
Mon Sep 23 2024 16:00:00 GMT+0100 (British Summer Time),0.0299,0.0286,0.0812,0
Mon Sep 23 2024 17:00:00 GMT+0100 (British Summer Time),0.0299,0.0286,0.0812,0
Mon Sep 23 2024 18:00:00 GMT+0100 (British Summer Time),0.029,0.0302,0.0812,0
Mon Sep 23 2024 19:00:00 GMT+0100 (British Summer Time),0.029,0.0286,0.0812,0
Mon Sep 23 2024 20:00:00 GMT+0100 (British Summer Time),0.0339,0.0291,0.0812,0
Mon Sep 23 2024 21:00:00 GMT+0100 (British Summer Time),0.0339,0.0291,0.0812,0
Mon Sep 23 2024 22:00:00 GMT+0100 (British Summer Time),0.0339,0.0288,0.0812,0
Mon Sep 23 2024 23:00:00 GMT+0100 (British Summer Time),0.0339,0.0288,0.0812,0
Tue Sep 24 2024 00:00:00 GMT+0100 (British Summer Time),0.0339,0.0286,0.0812,0
Tue Sep 24 2024 01:00:00 GMT+0100 (British Summer Time),0.0339,0.0286,0.0812,0
Tue Sep 24 2024 02:00:00 GMT+0100 (British Summer Time),0.0251,0.0286,0.0812,0
Tue Sep 24 2024 03:00:00 GMT+0100 (British Summer Time),0.0251,0.0286,0.0812,0
Tue Sep 24 2024 04:00:00 GMT+0100 (British Summer Time),0.0251,0.0279,0.0812,0
Tue Sep 24 2024 05:00:00 GMT+0100 (British Summer Time),0.0347,0.0293,0.0812,0
Tue Sep 24 2024 06:00:00 GMT+0100 (British Summer Time),0.0347,0.0293,0.1405,7392.134656956444
Tue Sep 24 2024 07:00:00 GMT+0100 (British Summer Time),0.0347,0.029,0.1405,0
Tue Sep 24 2024 08:00:00 GMT+0100 (British Summer Time),0.0347,0.029,0.1405,0
Tue Sep 24 2024 09:00:00 GMT+0100 (British Summer Time),0.0257,0.0285,0.1405,0
Tue Sep 24 2024 10:00:00 GMT+0100 (British Summer Time),0.0257,0.0285,0.1405,0
Tue Sep 24 2024 11:00:00 GMT+0100 (British Summer Time),0.0257,0.0283,0.1405,0
Tue Sep 24 2024 12:00:00 GMT+0100 (British Summer Time),0.0257,0.0283,0.1405,0
Tue Sep 24 2024 13:00:00 GMT+0100 (British Summer Time),0.0346,0.0296,0.1405,0
Tue Sep 24 2024 14:00:00 GMT+0100 (British Summer Time),0.0346,0.0296,0.1405,0
Tue Sep 24 2024 15:00:00 GMT+0100 (British Summer Time),0.0346,0.0296,0.1405,0
Tue Sep 24 2024 16:00:00 GMT+0100 (British Summer Time),0.0346,0.0296,0.1405,0
Tue Sep 24 2024 17:00:00 GMT+0100 (British Summer Time),0.0346,0.0296,0.1405,0
Tue Sep 24 2024 18:00:00 GMT+0100 (British Summer Time),0.0231,0.0296,0.1405,0
Tue Sep 24 2024 19:00:00 GMT+0100 (British Summer Time),0.0231,0.0281,0.1405,0
Tue Sep 24 2024 20:00:00 GMT+0100 (British Summer Time),0.0297,0.0297,0.1405,0
Tue Sep 24 2024 21:00:00 GMT+0100 (British Summer Time),0.0297,0.0297,0.1405,0
Tue Sep 24 2024 22:00:00 GMT+0100 (British Summer Time),0.0297,0.0297,0.1405,0
Tue Sep 24 2024 23:00:00 GMT+0100 (British Summer Time),0.0297,0.0297,0.1405,0
Wed Sep 25 2024 00:00:00 GMT+0100 (British Summer Time),0.0297,0.029,0.1405,0
Wed Sep 25 2024 01:00:00 GMT+0100 (British Summer Time),0.0297,0.029,0.1405,0
Wed Sep 25 2024 02:00:00 GMT+0100 (British Summer Time),0.0297,0.029,0.1405,0
Wed Sep 25 2024 03:00:00 GMT+0100 (British Summer Time),0.0297,0.029,0.1405,0
Wed Sep 25 2024 04:00:00 GMT+0100 (British Summer Time),0.0297,0.029,0.1405,0
Wed Sep 25 2024 05:00:00 GMT+0100 (British Summer Time),0.0291,0.0303,0.1405,0
Wed Sep 25 2024 06:00:00 GMT+0100 (British Summer Time),0.0291,0.0303,0.1405,0
Wed Sep 25 2024 07:00:00 GMT+0100 (British Summer Time),0.0291,0.0303,0.1405,0
Wed Sep 25 2024 08:00:00 GMT+0100 (British Summer Time),0.0291,0.029,0.1405,0
Wed Sep 25 2024 09:00:00 GMT+0100 (British Summer Time),0.0291,0.029,0.1405,0
Wed Sep 25 2024 10:00:00 GMT+0100 (British Summer Time),0.0291,0.029,0.1405,0
Wed Sep 25 2024 11:00:00 GMT+0100 (British Summer Time),0.0291,0.029,0.1405,0
Wed Sep 25 2024 12:00:00 GMT+0100 (British Summer Time),0.0291,0.029,0.1405,0
Wed Sep 25 2024 13:00:00 GMT+0100 (British Summer Time),0.0285,0.0302,0.1405,0
Wed Sep 25 2024 14:00:00 GMT+0100 (British Summer Time),0.0285,0.0302,0.1405,0
Wed Sep 25 2024 15:00:00 GMT+0100 (British Summer Time),0.0285,0.0302,0.1489,1179.3818223571554
Wed Sep 25 2024 16:00:00 GMT+0100 (British Summer Time),0.0285,0.0287,0.1489,0
Wed Sep 25 2024 17:00:00 GMT+0100 (British Summer Time),0.0285,0.0287,0.1489,0
Wed Sep 25 2024 18:00:00 GMT+0100 (British Summer Time),0.0285,0.0287,0.1489,0
Wed Sep 25 2024 19:00:00 GMT+0100 (British Summer Time),0.0285,0.0287,0.1489,0
Wed Sep 25 2024 20:00:00 GMT+0100 (British Summer Time),0.017,0.0287,0.1489,0
Wed Sep 25 2024 21:00:00 GMT+0100 (British Summer Time),0.0283,0.0303,0.1489,0
Wed Sep 25 2024 22:00:00 GMT+0100 (British Summer Time),0.0283,0.0303,0.1489,0
Wed Sep 25 2024 23:00:00 GMT+0100 (British Summer Time),0.0283,0.0303,0.1488,0
Thu Sep 26 2024 00:00:00 GMT+0100 (British Summer Time),0.0283,0.0291,0.1471,0