time,underlyingApy1DMA,underlyingApy7DMA,impliedApy,volume
Sun Jul 28 2024 01:00:00 GMT+0100 (British Summer Time),0,0,0.111,34152.52837256446
Sun Jul 28 2024 02:00:00 GMT+0100 (British Summer Time),0,0,0.111,704.4740767107103
Sun Jul 28 2024 03:00:00 GMT+0100 (British Summer Time),0,0,0.111,3692.765442517172
Sun Jul 28 2024 04:00:00 GMT+0100 (British Summer Time),0,0,0.1112,19792.42009868345
Sun Jul 28 2024 05:00:00 GMT+0100 (British Summer Time),0,0,0.1112,7334.08795560591
Sun Jul 28 2024 06:00:00 GMT+0100 (British Summer Time),0,0,0.1114,23742.800065832394
Sun Jul 28 2024 07:00:00 GMT+0100 (British Summer Time),0,0,0.1115,4475.30931846792
Sun Jul 28 2024 08:00:00 GMT+0100 (British Summer Time),0,0,0.1114,21423.32975765792
Sun Jul 28 2024 09:00:00 GMT+0100 (British Summer Time),0,0,0.1116,13414.549472361781
Sun Jul 28 2024 10:00:00 GMT+0100 (British Summer Time),0,0,0.1117,132068.56501224337
Sun Jul 28 2024 11:00:00 GMT+0100 (British Summer Time),0,0,0.1112,40537.78826945094
Sun Jul 28 2024 12:00:00 GMT+0100 (British Summer Time),0,0,0.1136,306728.22568772256
Sun Jul 28 2024 13:00:00 GMT+0100 (British Summer Time),0,0,0.114,58078.327038284704
Sun Jul 28 2024 14:00:00 GMT+0100 (British Summer Time),0,0,0.1144,61270.25258358613
Sun Jul 28 2024 15:00:00 GMT+0100 (British Summer Time),0,0,0.1144,4912.339537095779
Sun Jul 28 2024 16:00:00 GMT+0100 (British Summer Time),0,0,0.113,217167.21949741797
Sun Jul 28 2024 17:00:00 GMT+0100 (British Summer Time),0,0,0.1131,3910.4853094575365
Sun Jul 28 2024 18:00:00 GMT+0100 (British Summer Time),0,0,0.1131,0
Sun Jul 28 2024 19:00:00 GMT+0100 (British Summer Time),0,0,0.1131,2942.436226493382
Sun Jul 28 2024 20:00:00 GMT+0100 (British Summer Time),0,0,0.1131,13664.808231489518
Sun Jul 28 2024 21:00:00 GMT+0100 (British Summer Time),0,0,0.113,9505.743924790026
Sun Jul 28 2024 22:00:00 GMT+0100 (British Summer Time),0,0,0.1131,16597.34346507762
Sun Jul 28 2024 23:00:00 GMT+0100 (British Summer Time),0,0,0.1132,9346.019841253481
Mon Jul 29 2024 00:00:00 GMT+0100 (British Summer Time),0,0,0.1132,378.0792855758346
Mon Jul 29 2024 01:00:00 GMT+0100 (British Summer Time),0,0,0.1133,7269.651377449692
Mon Jul 29 2024 02:00:00 GMT+0100 (British Summer Time),0,0,0.1134,13782.96656883994
Mon Jul 29 2024 03:00:00 GMT+0100 (British Summer Time),0,0,0.1134,10.065291201765763
Mon Jul 29 2024 04:00:00 GMT+0100 (British Summer Time),0,0,0.1134,0
Mon Jul 29 2024 05:00:00 GMT+0100 (British Summer Time),0,0,0.1134,0
Mon Jul 29 2024 06:00:00 GMT+0100 (British Summer Time),0,0,0.1132,56218.997866170124
Mon Jul 29 2024 07:00:00 GMT+0100 (British Summer Time),0,0,0.1133,9212.66545496268
Mon Jul 29 2024 08:00:00 GMT+0100 (British Summer Time),0,0,0.1131,89888.3719328169
Mon Jul 29 2024 09:00:00 GMT+0100 (British Summer Time),0,0,0.1132,13212.399335782935
Mon Jul 29 2024 10:00:00 GMT+0100 (British Summer Time),0,0,0.1132,2389.881249358872
Mon Jul 29 2024 11:00:00 GMT+0100 (British Summer Time),0,0,0.1066,947872.9909205306
Mon Jul 29 2024 12:00:00 GMT+0100 (British Summer Time),0,0,0.1073,88625.79787175529
Mon Jul 29 2024 13:00:00 GMT+0100 (British Summer Time),0,0,0.1074,18528.0830456164
Mon Jul 29 2024 14:00:00 GMT+0100 (British Summer Time),0,0,0.1085,142964.04782311487
Mon Jul 29 2024 15:00:00 GMT+0100 (British Summer Time),0,0,0.1087,34323.38217816401
Mon Jul 29 2024 16:00:00 GMT+0100 (British Summer Time),0,0,0.1087,0
Mon Jul 29 2024 17:00:00 GMT+0100 (British Summer Time),0,0,0.1085,27487.875123882564
Mon Jul 29 2024 18:00:00 GMT+0100 (British Summer Time),0,0,0.1084,22120.96684226883
Mon Jul 29 2024 19:00:00 GMT+0100 (British Summer Time),0,0,0.1084,933.6026918482339
Mon Jul 29 2024 20:00:00 GMT+0100 (British Summer Time),0,0,0.1084,0
Mon Jul 29 2024 21:00:00 GMT+0100 (British Summer Time),0,0,0.1086,35728.23152835476
Mon Jul 29 2024 22:00:00 GMT+0100 (British Summer Time),0,0,0.1086,0
Mon Jul 29 2024 23:00:00 GMT+0100 (British Summer Time),0,0,0.1086,12377.997671617744
Tue Jul 30 2024 00:00:00 GMT+0100 (British Summer Time),0,0,0.1087,11310.729454729413
Tue Jul 30 2024 01:00:00 GMT+0100 (British Summer Time),0,0,0.1089,35757.26064446774
Tue Jul 30 2024 02:00:00 GMT+0100 (British Summer Time),0,0,0.1091,15327.217550509782
Tue Jul 30 2024 03:00:00 GMT+0100 (British Summer Time),0,0,0.1091,23.43786305802023
Tue Jul 30 2024 04:00:00 GMT+0100 (British Summer Time),0,0,0.1091,1267.489211495802
Tue Jul 30 2024 05:00:00 GMT+0100 (British Summer Time),0,0,0.1118,586656.71791791
Tue Jul 30 2024 06:00:00 GMT+0100 (British Summer Time),0,0,0.1118,2466.5762591838366
Tue Jul 30 2024 07:00:00 GMT+0100 (British Summer Time),0,0,0.1119,23584.175159271428
Tue Jul 30 2024 08:00:00 GMT+0100 (British Summer Time),0,0,0.114,1265630.2387087229
Tue Jul 30 2024 09:00:00 GMT+0100 (British Summer Time),0,0,0.114,99.53593233319691
Tue Jul 30 2024 10:00:00 GMT+0100 (British Summer Time),0,0,0.114,0
Tue Jul 30 2024 11:00:00 GMT+0100 (British Summer Time),0,0,0.1094,1562646.7307467503
Tue Jul 30 2024 12:00:00 GMT+0100 (British Summer Time),0,0,0.1095,3006.4911153423013
Tue Jul 30 2024 13:00:00 GMT+0100 (British Summer Time),0,0,0.1095,0
Tue Jul 30 2024 14:00:00 GMT+0100 (British Summer Time),0,0,0.1095,0
Tue Jul 30 2024 15:00:00 GMT+0100 (British Summer Time),0,0,0.1095,0
Tue Jul 30 2024 16:00:00 GMT+0100 (British Summer Time),0,0,0.1095,0
Tue Jul 30 2024 17:00:00 GMT+0100 (British Summer Time),0,0,0.1095,0
Tue Jul 30 2024 18:00:00 GMT+0100 (British Summer Time),0,0,0.1071,824470.5989102476
Tue Jul 30 2024 19:00:00 GMT+0100 (British Summer Time),0,0,0.1071,1551.585537359507
Tue Jul 30 2024 20:00:00 GMT+0100 (British Summer Time),0,0,0.1071,0
Tue Jul 30 2024 21:00:00 GMT+0100 (British Summer Time),0,0,0.1071,1630.2912482848612
Tue Jul 30 2024 22:00:00 GMT+0100 (British Summer Time),0,0,0.1076,60727.762144041415
Tue Jul 30 2024 23:00:00 GMT+0100 (British Summer Time),0,0,0.1076,3276.481132342845
Wed Jul 31 2024 00:00:00 GMT+0100 (British Summer Time),0,0,0.1077,19551.369650565353
Wed Jul 31 2024 01:00:00 GMT+0100 (British Summer Time),0,0,0.1077,2055.4261637692452
Wed Jul 31 2024 02:00:00 GMT+0100 (British Summer Time),0,0,0.1043,4216494.263089814
Wed Jul 31 2024 03:00:00 GMT+0100 (British Summer Time),0,0,0.1048,59602.80807184962
Wed Jul 31 2024 04:00:00 GMT+0100 (British Summer Time),0,0,0.1049,20818.447770022463
Wed Jul 31 2024 05:00:00 GMT+0100 (British Summer Time),0,0,0.1049,426.56292814005263
Wed Jul 31 2024 06:00:00 GMT+0100 (British Summer Time),0,0,0.1049,5664.964807754572
Wed Jul 31 2024 07:00:00 GMT+0100 (British Summer Time),0,0,0.105,9831.567557682181
Wed Jul 31 2024 08:00:00 GMT+0100 (British Summer Time),0,0,0.105,0
Wed Jul 31 2024 09:00:00 GMT+0100 (British Summer Time),0,0,0.105,2.543230607003569
Wed Jul 31 2024 10:00:00 GMT+0100 (British Summer Time),0,0,0.1052,28235.73433992121
Wed Jul 31 2024 11:00:00 GMT+0100 (British Summer Time),0,0,0.1054,44633.469606031475
Wed Jul 31 2024 12:00:00 GMT+0100 (British Summer Time),0,0,0.1054,0
Wed Jul 31 2024 13:00:00 GMT+0100 (British Summer Time),0,0,0.1054,0
Wed Jul 31 2024 14:00:00 GMT+0100 (British Summer Time),0,0,0.0988,1662945.940584221
Wed Jul 31 2024 15:00:00 GMT+0100 (British Summer Time),0,0,0.0988,0
Wed Jul 31 2024 16:00:00 GMT+0100 (British Summer Time),0,0,0.1044,708850.8771821532
Wed Jul 31 2024 17:00:00 GMT+0100 (British Summer Time),0,0,0.1044,396.42162689278695
Wed Jul 31 2024 18:00:00 GMT+0100 (British Summer Time),0,0,0.1044,0
Wed Jul 31 2024 19:00:00 GMT+0100 (British Summer Time),0,0,0.1044,0
Wed Jul 31 2024 20:00:00 GMT+0100 (British Summer Time),0,0,0.1048,51930.118898012835
Wed Jul 31 2024 21:00:00 GMT+0100 (British Summer Time),0,0,0.1022,323262.82924594625
Wed Jul 31 2024 22:00:00 GMT+0100 (British Summer Time),0,0,0.1022,0
Wed Jul 31 2024 23:00:00 GMT+0100 (British Summer Time),0,0,0.1022,0
Thu Aug 01 2024 00:00:00 GMT+0100 (British Summer Time),0,0,0.1062,509014.1110739263
Thu Aug 01 2024 01:00:00 GMT+0100 (British Summer Time),0,0,0.1062,20.44887604713136
Thu Aug 01 2024 02:00:00 GMT+0100 (British Summer Time),0,0,0.1062,2050.519570335656
Thu Aug 01 2024 03:00:00 GMT+0100 (British Summer Time),0,0,0.1072,131423.9870875454
Thu Aug 01 2024 04:00:00 GMT+0100 (British Summer Time),0,0,0.105,274142.96213267936
Thu Aug 01 2024 05:00:00 GMT+0100 (British Summer Time),0,0,0.105,0
Thu Aug 01 2024 06:00:00 GMT+0100 (British Summer Time),0,0,0.105,13132.240353626208
Thu Aug 01 2024 07:00:00 GMT+0100 (British Summer Time),0,0,0.1049,0
Thu Aug 01 2024 08:00:00 GMT+0100 (British Summer Time),0,0,0.1049,2471.6592886585113
Thu Aug 01 2024 09:00:00 GMT+0100 (British Summer Time),0,0,0.105,10236.394006978286
Thu Aug 01 2024 10:00:00 GMT+0100 (British Summer Time),0,0,0.105,386.8088799566051
Thu Aug 01 2024 11:00:00 GMT+0100 (British Summer Time),0,0,0.105,0
Thu Aug 01 2024 12:00:00 GMT+0100 (British Summer Time),0,0,0.1056,77538.88327225998
Thu Aug 01 2024 13:00:00 GMT+0100 (British Summer Time),0,0,0.106,46401.42559228108
Thu Aug 01 2024 14:00:00 GMT+0100 (British Summer Time),0,0,0.1021,1364364.0809235538
Thu Aug 01 2024 15:00:00 GMT+0100 (British Summer Time),0,0,0.1021,3579.3995740893574
Thu Aug 01 2024 16:00:00 GMT+0100 (British Summer Time),0,0,0.1023,18597.78429102595
Thu Aug 01 2024 17:00:00 GMT+0100 (British Summer Time),0,0,0.1023,0
Thu Aug 01 2024 18:00:00 GMT+0100 (British Summer Time),0,0,0.1023,587.8166687523355
Thu Aug 01 2024 19:00:00 GMT+0100 (British Summer Time),0,0,0.1023,0
Thu Aug 01 2024 20:00:00 GMT+0100 (British Summer Time),0,0,0.1023,0
Thu Aug 01 2024 21:00:00 GMT+0100 (British Summer Time),0,0,0.1023,0
Thu Aug 01 2024 22:00:00 GMT+0100 (British Summer Time),0,0,0.1023,3145.0924372586533
Thu Aug 01 2024 23:00:00 GMT+0100 (British Summer Time),0,0,0.1023,0
Fri Aug 02 2024 00:00:00 GMT+0100 (British Summer Time),0,0,0.1024,9459.681871247907
Fri Aug 02 2024 01:00:00 GMT+0100 (British Summer Time),0,0,0.1025,17457.89590655757
Fri Aug 02 2024 02:00:00 GMT+0100 (British Summer Time),0,0,0.1025,893.5984764866095
Fri Aug 02 2024 03:00:00 GMT+0100 (British Summer Time),0,0,0.1025,0
Fri Aug 02 2024 04:00:00 GMT+0100 (British Summer Time),0,0,0.1026,13023.442999580055
Fri Aug 02 2024 05:00:00 GMT+0100 (British Summer Time),0,0,0.1026,954.4091532275361
Fri Aug 02 2024 06:00:00 GMT+0100 (British Summer Time),0,0,0.1028,20911.502141556422
Fri Aug 02 2024 07:00:00 GMT+0100 (British Summer Time),0,0,0.103,27546.65261520339
Fri Aug 02 2024 08:00:00 GMT+0100 (British Summer Time),0,0,0.1031,18495.07259769918
Fri Aug 02 2024 09:00:00 GMT+0100 (British Summer Time),0,0,0.1032,24990.111976838023
Fri Aug 02 2024 10:00:00 GMT+0100 (British Summer Time),0,0,0.1034,21634.601565908117
Fri Aug 02 2024 11:00:00 GMT+0100 (British Summer Time),0,0,0.1036,22099.661372399372
Fri Aug 02 2024 12:00:00 GMT+0100 (British Summer Time),0,0,0.1037,15901.459125771718
Fri Aug 02 2024 13:00:00 GMT+0100 (British Summer Time),0,0,0.1037,37602.14783552429
Fri Aug 02 2024 14:00:00 GMT+0100 (British Summer Time),0,0,0.1037,0
Fri Aug 02 2024 15:00:00 GMT+0100 (British Summer Time),0,0,0.1037,0
Fri Aug 02 2024 16:00:00 GMT+0100 (British Summer Time),0,0,0.1037,0
Fri Aug 02 2024 17:00:00 GMT+0100 (British Summer Time),0,0,0.1024,149874.53013583831
Fri Aug 02 2024 18:00:00 GMT+0100 (British Summer Time),0,0,0.1024,119.64967268436443
Fri Aug 02 2024 19:00:00 GMT+0100 (British Summer Time),0,0,0.1024,0
Fri Aug 02 2024 20:00:00 GMT+0100 (British Summer Time),0,0,0.1024,3.2324979296515814
Fri Aug 02 2024 21:00:00 GMT+0100 (British Summer Time),0,0,0.1025,4039.328952829309
Fri Aug 02 2024 22:00:00 GMT+0100 (British Summer Time),0,0,0.1027,22943.430606981
Fri Aug 02 2024 23:00:00 GMT+0100 (British Summer Time),0,0,0.1027,2133.3072549341996
Sat Aug 03 2024 00:00:00 GMT+0100 (British Summer Time),0,0,0.1028,52909.37634763919
Sat Aug 03 2024 01:00:00 GMT+0100 (British Summer Time),0,0,0.1029,10841.681458405088
Sat Aug 03 2024 02:00:00 GMT+0100 (British Summer Time),0,0,0.1029,0
Sat Aug 03 2024 03:00:00 GMT+0100 (British Summer Time),0,0,0.1029,2742.047923752562
Sat Aug 03 2024 04:00:00 GMT+0100 (British Summer Time),0,0,0.1029,0
Sat Aug 03 2024 05:00:00 GMT+0100 (British Summer Time),0,0,0.1029,2901.099274615557
Sat Aug 03 2024 06:00:00 GMT+0100 (British Summer Time),0,0,0.103,13286.629560896561
Sat Aug 03 2024 07:00:00 GMT+0100 (British Summer Time),0,0,0.1035,66217.43314027063
Sat Aug 03 2024 08:00:00 GMT+0100 (British Summer Time),0,0,0.1038,31518.41874870509
Sat Aug 03 2024 09:00:00 GMT+0100 (British Summer Time),0,0,0.1038,5253.530884078951
Sat Aug 03 2024 10:00:00 GMT+0100 (British Summer Time),0,0,0.1039,5530.333259333775
Sat Aug 03 2024 11:00:00 GMT+0100 (British Summer Time),0,0,0.1039,6715.729135888192
Sat Aug 03 2024 12:00:00 GMT+0100 (British Summer Time),0,0,0.104,7277.3507942884
Sat Aug 03 2024 13:00:00 GMT+0100 (British Summer Time),0,0,0.1041,17958.370696566995
Sat Aug 03 2024 14:00:00 GMT+0100 (British Summer Time),0,0,0.1042,13453.141603251304
Sat Aug 03 2024 15:00:00 GMT+0100 (British Summer Time),0,0,0.1042,0
Sat Aug 03 2024 16:00:00 GMT+0100 (British Summer Time),0,0,0.1043,6348.65824882517
Sat Aug 03 2024 17:00:00 GMT+0100 (British Summer Time),0,0,0.1044,10901.011442958494
Sat Aug 03 2024 18:00:00 GMT+0100 (British Summer Time),0,0,0.1044,477.27824673042056
Sat Aug 03 2024 19:00:00 GMT+0100 (British Summer Time),0,0,0.1044,0
Sat Aug 03 2024 20:00:00 GMT+0100 (British Summer Time),0,0,0.1045,9898.13414936803
Sat Aug 03 2024 21:00:00 GMT+0100 (British Summer Time),0,0,0.1045,6809.301474398307
Sat Aug 03 2024 22:00:00 GMT+0100 (British Summer Time),0,0,0.1045,0
Sat Aug 03 2024 23:00:00 GMT+0100 (British Summer Time),0,0,0.1046,3265.77530314903
Sun Aug 04 2024 00:00:00 GMT+0100 (British Summer Time),0,0,0.1046,0
Sun Aug 04 2024 01:00:00 GMT+0100 (British Summer Time),0,0,0.1046,0
Sun Aug 04 2024 02:00:00 GMT+0100 (British Summer Time),0,0,0.1045,4325.709720042194
Sun Aug 04 2024 03:00:00 GMT+0100 (British Summer Time),0,0,0.1045,306.94922148132105
Sun Aug 04 2024 04:00:00 GMT+0100 (British Summer Time),0,0,0.1045,4120.009732207918
Sun Aug 04 2024 05:00:00 GMT+0100 (British Summer Time),0,0,0.1046,18786.226149677066
Sun Aug 04 2024 06:00:00 GMT+0100 (British Summer Time),0,0,0.1047,9544.979725590325
Sun Aug 04 2024 07:00:00 GMT+0100 (British Summer Time),0,0,0.1048,6076.008771760191
Sun Aug 04 2024 08:00:00 GMT+0100 (British Summer Time),0,0,0.1048,6063.321099192935
Sun Aug 04 2024 09:00:00 GMT+0100 (British Summer Time),0,0,0.1047,18518.008850076636
Sun Aug 04 2024 10:00:00 GMT+0100 (British Summer Time),0,0,0.1049,20081.157872996217
Sun Aug 04 2024 11:00:00 GMT+0100 (British Summer Time),0,0,0.1049,996.3716875458321
Sun Aug 04 2024 12:00:00 GMT+0100 (British Summer Time),0,0,0.105,13576.629688791985
Sun Aug 04 2024 13:00:00 GMT+0100 (British Summer Time),0,0,0.1052,22289.07921600398
Sun Aug 04 2024 14:00:00 GMT+0100 (British Summer Time),0,0,0.1053,3495.141572305982
Sun Aug 04 2024 15:00:00 GMT+0100 (British Summer Time),0,0,0.1053,1395.8191274767892
Sun Aug 04 2024 16:00:00 GMT+0100 (British Summer Time),0,0,0.1053,0
Sun Aug 04 2024 17:00:00 GMT+0100 (British Summer Time),0,0,0.1053,0
Sun Aug 04 2024 18:00:00 GMT+0100 (British Summer Time),0,0,0.1052,11680.88974237216
Sun Aug 04 2024 19:00:00 GMT+0100 (British Summer Time),0,0,0.1052,575.2734988034114
Sun Aug 04 2024 20:00:00 GMT+0100 (British Summer Time),0,0,0.1052,0
Sun Aug 04 2024 21:00:00 GMT+0100 (British Summer Time),0,0,0.1052,0
Sun Aug 04 2024 22:00:00 GMT+0100 (British Summer Time),0,0,0.1052,0
Sun Aug 04 2024 23:00:00 GMT+0100 (British Summer Time),0,0,0.1052,4887.66652160145
Mon Aug 05 2024 00:00:00 GMT+0100 (British Summer Time),0,0,0.1052,43.17886265470113
Mon Aug 05 2024 01:00:00 GMT+0100 (British Summer Time),0,0,0.1052,0
Mon Aug 05 2024 02:00:00 GMT+0100 (British Summer Time),0,0,0.1052,0
Mon Aug 05 2024 03:00:00 GMT+0100 (British Summer Time),0,0,0.1053,4850.6158622110015
Mon Aug 05 2024 04:00:00 GMT+0100 (British Summer Time),0,0,0.1057,40684.14852251008
Mon Aug 05 2024 05:00:00 GMT+0100 (British Summer Time),0,0,0.1058,13599.750092273729
Mon Aug 05 2024 06:00:00 GMT+0100 (British Summer Time),0,0,0.1058,0
Mon Aug 05 2024 07:00:00 GMT+0100 (British Summer Time),0,0,0.1058,0
Mon Aug 05 2024 08:00:00 GMT+0100 (British Summer Time),0,0,0.1058,0
Mon Aug 05 2024 09:00:00 GMT+0100 (British Summer Time),0,0,0.1058,0
Mon Aug 05 2024 10:00:00 GMT+0100 (British Summer Time),0,0,0.1064,47134.1081587785
Mon Aug 05 2024 11:00:00 GMT+0100 (British Summer Time),0,0,0.0985,2193219.2194497692
Mon Aug 05 2024 12:00:00 GMT+0100 (British Summer Time),0,0,0.0972,978584.9104416664
Mon Aug 05 2024 13:00:00 GMT+0100 (British Summer Time),0,0,0.0972,0
Mon Aug 05 2024 14:00:00 GMT+0100 (British Summer Time),0,0,0.0972,0
Mon Aug 05 2024 15:00:00 GMT+0100 (British Summer Time),0,0,0.0972,0
Mon Aug 05 2024 16:00:00 GMT+0100 (British Summer Time),0,0,0.0972,0
Mon Aug 05 2024 17:00:00 GMT+0100 (British Summer Time),0,0,0.0972,0
Mon Aug 05 2024 18:00:00 GMT+0100 (British Summer Time),0,0,0.0972,0
Mon Aug 05 2024 19:00:00 GMT+0100 (British Summer Time),0,0,0.0973,11196.233250725085
Mon Aug 05 2024 20:00:00 GMT+0100 (British Summer Time),0,0,0.0973,89.02835961361512
Mon Aug 05 2024 21:00:00 GMT+0100 (British Summer Time),0,0,0.0973,2202.782042185116
Mon Aug 05 2024 22:00:00 GMT+0100 (British Summer Time),0,0,0.0974,2571.617640569395
Mon Aug 05 2024 23:00:00 GMT+0100 (British Summer Time),0,0,0.0974,4918.850962929393
Tue Aug 06 2024 00:00:00 GMT+0100 (British Summer Time),0,0,0.0974,8398.137007013369
Tue Aug 06 2024 01:00:00 GMT+0100 (British Summer Time),0,0,0.0974,251.49512184730864
Tue Aug 06 2024 02:00:00 GMT+0100 (British Summer Time),0,0,0.0974,0
Tue Aug 06 2024 03:00:00 GMT+0100 (British Summer Time),0,0,0.0967,71073.05828070715
Tue Aug 06 2024 04:00:00 GMT+0100 (British Summer Time),0,0,0.0967,4607.197853151444
Tue Aug 06 2024 05:00:00 GMT+0100 (British Summer Time),0,0,0.0967,0
Tue Aug 06 2024 06:00:00 GMT+0100 (British Summer Time),0,0,0.0971,37164.14837965345
Tue Aug 06 2024 07:00:00 GMT+0100 (British Summer Time),0,0,0.0971,0
Tue Aug 06 2024 08:00:00 GMT+0100 (British Summer Time),0,0,0.0976,42661.637576742716
Tue Aug 06 2024 09:00:00 GMT+0100 (British Summer Time),0,0,0.0976,475.3697897554636
Tue Aug 06 2024 10:00:00 GMT+0100 (British Summer Time),0,0,0.0976,1706.723209542276
Tue Aug 06 2024 11:00:00 GMT+0100 (British Summer Time),0,0,0.0977,8173.081155462467
Tue Aug 06 2024 12:00:00 GMT+0100 (British Summer Time),0,0,0.0977,823.5705900588355
Tue Aug 06 2024 13:00:00 GMT+0100 (British Summer Time),0,0,0.0978,7325.530532534893
Tue Aug 06 2024 14:00:00 GMT+0100 (British Summer Time),0,0,0.0983,45235.89001994628
Tue Aug 06 2024 15:00:00 GMT+0100 (British Summer Time),0,0,0.0983,0
Tue Aug 06 2024 16:00:00 GMT+0100 (British Summer Time),0,0,0.0983,0
Tue Aug 06 2024 17:00:00 GMT+0100 (British Summer Time),0,0,0.0983,0
Tue Aug 06 2024 18:00:00 GMT+0100 (British Summer Time),0,0,0.0982,22291.839140712465
Tue Aug 06 2024 19:00:00 GMT+0100 (British Summer Time),0,0,0.0983,2747.3732897291975
Tue Aug 06 2024 20:00:00 GMT+0100 (British Summer Time),0,0,0.0985,17567.19972727989
Tue Aug 06 2024 21:00:00 GMT+0100 (British Summer Time),0,0,0.0985,0
Tue Aug 06 2024 22:00:00 GMT+0100 (British Summer Time),0,0,0.0986,14070.177525710158
Tue Aug 06 2024 23:00:00 GMT+0100 (British Summer Time),0,0,0.0987,6808.321954468021
Wed Aug 07 2024 00:00:00 GMT+0100 (British Summer Time),0,0,0.0987,1373.2552823330843
Wed Aug 07 2024 01:00:00 GMT+0100 (British Summer Time),0,0,0.0989,22633.23837485896
Wed Aug 07 2024 02:00:00 GMT+0100 (British Summer Time),0,0,0.0996,62511.15862872227
Wed Aug 07 2024 03:00:00 GMT+0100 (British Summer Time),0,0,0.1019,210843.1961910516
Wed Aug 07 2024 04:00:00 GMT+0100 (British Summer Time),0,0,0.1018,3297.332953706642
Wed Aug 07 2024 05:00:00 GMT+0100 (British Summer Time),0,0,0.1018,0
Wed Aug 07 2024 06:00:00 GMT+0100 (British Summer Time),0,0,0.1026,74739.30261303144
Wed Aug 07 2024 07:00:00 GMT+0100 (British Summer Time),0,0,0.1036,88893.46669710858
Wed Aug 07 2024 08:00:00 GMT+0100 (British Summer Time),0,0,0.1037,11403.097429932106
Wed Aug 07 2024 09:00:00 GMT+0100 (British Summer Time),0,0,0.1033,43115.31777240649
Wed Aug 07 2024 10:00:00 GMT+0100 (British Summer Time),0,0,0.1034,5800.849622656695
Wed Aug 07 2024 11:00:00 GMT+0100 (British Summer Time),0,0,0.0962,1362184.757976447
Wed Aug 07 2024 12:00:00 GMT+0100 (British Summer Time),0,0,0.0963,9544.553403368729
Wed Aug 07 2024 13:00:00 GMT+0100 (British Summer Time),0,0,0.0943,188693.15179257956
Wed Aug 07 2024 14:00:00 GMT+0100 (British Summer Time),0,0,0.0948,40739.984519482954
Wed Aug 07 2024 15:00:00 GMT+0100 (British Summer Time),0,0,0.0948,0
Wed Aug 07 2024 16:00:00 GMT+0100 (British Summer Time),0,0,0.0948,0
Wed Aug 07 2024 17:00:00 GMT+0100 (British Summer Time),0,0,0.0948,0
Wed Aug 07 2024 18:00:00 GMT+0100 (British Summer Time),0,0,0.0948,0
Wed Aug 07 2024 19:00:00 GMT+0100 (British Summer Time),0,0,0.0948,0
Wed Aug 07 2024 20:00:00 GMT+0100 (British Summer Time),0,0,0.0956,66561.8777254529
Wed Aug 07 2024 21:00:00 GMT+0100 (British Summer Time),0,0,0.0956,0
Wed Aug 07 2024 22:00:00 GMT+0100 (British Summer Time),0,0,0.0959,27301.292583783226
Wed Aug 07 2024 23:00:00 GMT+0100 (British Summer Time),0,0,0.0963,30132.222239444418
Thu Aug 08 2024 00:00:00 GMT+0100 (British Summer Time),0,0,0.0963,786.0089698018397
Thu Aug 08 2024 01:00:00 GMT+0100 (British Summer Time),0,0,0.0964,6513.653808388167
Thu Aug 08 2024 02:00:00 GMT+0100 (British Summer Time),0,0,0.0964,0
Thu Aug 08 2024 03:00:00 GMT+0100 (British Summer Time),0,0,0.0959,46217.742824173714
Thu Aug 08 2024 04:00:00 GMT+0100 (British Summer Time),0,0,0.0961,11782.51045632644
Thu Aug 08 2024 05:00:00 GMT+0100 (British Summer Time),0,0,0.0952,77671.42428459223
Thu Aug 08 2024 06:00:00 GMT+0100 (British Summer Time),0,0,0.0953,8845.146088519528
Thu Aug 08 2024 07:00:00 GMT+0100 (British Summer Time),0,0,0.0954,2110.5248385094856
Thu Aug 08 2024 08:00:00 GMT+0100 (British Summer Time),0,0,0.0954,7812.9439616874715
Thu Aug 08 2024 09:00:00 GMT+0100 (British Summer Time),0,0,0.0944,80945.43666914997
Thu Aug 08 2024 10:00:00 GMT+0100 (British Summer Time),0,0,0.0944,0
Thu Aug 08 2024 11:00:00 GMT+0100 (British Summer Time),0,0,0.0944,0
Thu Aug 08 2024 12:00:00 GMT+0100 (British Summer Time),0,0,0.0944,0
Thu Aug 08 2024 13:00:00 GMT+0100 (British Summer Time),0,0,0.0944,0
Thu Aug 08 2024 14:00:00 GMT+0100 (British Summer Time),0,0,0.0947,22076.498468046895
Thu Aug 08 2024 15:00:00 GMT+0100 (British Summer Time),0,0,0.094,54168.04334179913
Thu Aug 08 2024 16:00:00 GMT+0100 (British Summer Time),0,0,0.0925,129401.60917318579
Thu Aug 08 2024 17:00:00 GMT+0100 (British Summer Time),0,0,0.0925,0
Thu Aug 08 2024 18:00:00 GMT+0100 (British Summer Time),0,0,0.0907,259725.13675860432
Thu Aug 08 2024 19:00:00 GMT+0100 (British Summer Time),0,0,0.0941,280809.9731889616
Thu Aug 08 2024 20:00:00 GMT+0100 (British Summer Time),0,0,0.094,0
Thu Aug 08 2024 21:00:00 GMT+0100 (British Summer Time),0,0,0.0941,7419.519999981963
Thu Aug 08 2024 22:00:00 GMT+0100 (British Summer Time),0,0,0.0942,2952.660498107666
Thu Aug 08 2024 23:00:00 GMT+0100 (British Summer Time),0,0,0.0942,0
Fri Aug 09 2024 00:00:00 GMT+0100 (British Summer Time),0,0,0.0911,271781.34748376923
Fri Aug 09 2024 01:00:00 GMT+0100 (British Summer Time),0,0,0.0911,1181.8088736201378
Fri Aug 09 2024 02:00:00 GMT+0100 (British Summer Time),0,0,0.0911,0
Fri Aug 09 2024 03:00:00 GMT+0100 (British Summer Time),0,0,0.0913,13448.248246751924
Fri Aug 09 2024 04:00:00 GMT+0100 (British Summer Time),0,0,0.0914,11963.620176041299
Fri Aug 09 2024 05:00:00 GMT+0100 (British Summer Time),0,0,0.0914,0
Fri Aug 09 2024 06:00:00 GMT+0100 (British Summer Time),0,0,0.0915,10755.43547041412
Fri Aug 09 2024 07:00:00 GMT+0100 (British Summer Time),0,0,0.0916,3016.294966887092
Fri Aug 09 2024 08:00:00 GMT+0100 (British Summer Time),0,0,0.0921,46657.63645444254
Fri Aug 09 2024 09:00:00 GMT+0100 (British Summer Time),0,0,0.0921,0
Fri Aug 09 2024 10:00:00 GMT+0100 (British Summer Time),0,0,0.0921,0
Fri Aug 09 2024 11:00:00 GMT+0100 (British Summer Time),0,0,0.0934,112119.6624393016
Fri Aug 09 2024 12:00:00 GMT+0100 (British Summer Time),0,0,0.0934,1558.9861700272743
Fri Aug 09 2024 13:00:00 GMT+0100 (British Summer Time),0,0,0.0925,74378.68434400288
Fri Aug 09 2024 14:00:00 GMT+0100 (British Summer Time),0,0,0.0977,824725.1074800394
Fri Aug 09 2024 15:00:00 GMT+0100 (British Summer Time),0,0,0.0977,0
Fri Aug 09 2024 16:00:00 GMT+0100 (British Summer Time),0,0,0.0977,0
Fri Aug 09 2024 17:00:00 GMT+0100 (British Summer Time),0,0,0.0977,0
Fri Aug 09 2024 18:00:00 GMT+0100 (British Summer Time),0,0,0.0978,3061.7005942615187
Fri Aug 09 2024 19:00:00 GMT+0100 (British Summer Time),0,0,0.0978,1141.1222163460343
Fri Aug 09 2024 20:00:00 GMT+0100 (British Summer Time),0,0,0.0979,8213.5329606036
Fri Aug 09 2024 21:00:00 GMT+0100 (British Summer Time),0,0,0.0979,0
Fri Aug 09 2024 22:00:00 GMT+0100 (British Summer Time),0,0,0.0976,20494.52328097757
Fri Aug 09 2024 23:00:00 GMT+0100 (British Summer Time),0,0,0.0976,2431.391007358487
Sat Aug 10 2024 00:00:00 GMT+0100 (British Summer Time),0,0,0.095,259300.25353940472
Sat Aug 10 2024 01:00:00 GMT+0100 (British Summer Time),0,0,0.095,0
Sat Aug 10 2024 02:00:00 GMT+0100 (British Summer Time),0,0,0.095,0
Sat Aug 10 2024 03:00:00 GMT+0100 (British Summer Time),0,0,0.095,2.694862815869231
Sat Aug 10 2024 04:00:00 GMT+0100 (British Summer Time),0,0,0.095,0
Sat Aug 10 2024 05:00:00 GMT+0100 (British Summer Time),0,0,0.095,0
Sat Aug 10 2024 06:00:00 GMT+0100 (British Summer Time),0,0,0.0949,11772.239286872245
Sat Aug 10 2024 07:00:00 GMT+0100 (British Summer Time),0,0,0.0949,3849.705726412294
Sat Aug 10 2024 08:00:00 GMT+0100 (British Summer Time),0,0,0.095,9421.532975604548
Sat Aug 10 2024 09:00:00 GMT+0100 (British Summer Time),0,0,0.095,12072.172907365863
Sat Aug 10 2024 10:00:00 GMT+0100 (British Summer Time),0,0,0.095,1651.5351801645436
Sat Aug 10 2024 11:00:00 GMT+0100 (British Summer Time),0,0,0.0959,73248.49843392642
Sat Aug 10 2024 12:00:00 GMT+0100 (British Summer Time),0,0,0.0966,53393.8727339733
Sat Aug 10 2024 13:00:00 GMT+0100 (British Summer Time),0,0,0.0967,5025.11612688527
Sat Aug 10 2024 14:00:00 GMT+0100 (British Summer Time),0,0,0.0967,2193.063670893024
Sat Aug 10 2024 15:00:00 GMT+0100 (British Summer Time),0,0,0.0968,4385.8491379530205
Sat Aug 10 2024 16:00:00 GMT+0100 (British Summer Time),0,0,0.104,618143.2934026258
Sat Aug 10 2024 17:00:00 GMT+0100 (British Summer Time),0,0,0.103,96692.17025129581
Sat Aug 10 2024 18:00:00 GMT+0100 (British Summer Time),0,0,0.1014,134016.27415155707
Sat Aug 10 2024 19:00:00 GMT+0100 (British Summer Time),0,0,0.1014,2096.1378516937075
Sat Aug 10 2024 20:00:00 GMT+0100 (British Summer Time),0,0,0.1015,984.1400053013075
Sat Aug 10 2024 21:00:00 GMT+0100 (British Summer Time),0,0,0.1015,1595.3519590039423
Sat Aug 10 2024 22:00:00 GMT+0100 (British Summer Time),0,0,0.1016,13736.726816620336
Sat Aug 10 2024 23:00:00 GMT+0100 (British Summer Time),0,0,0.0988,266793.4854453001
Sun Aug 11 2024 00:00:00 GMT+0100 (British Summer Time),0,0,0.0979,159838.34632791043
Sun Aug 11 2024 01:00:00 GMT+0100 (British Summer Time),0,0,0.0979,0
Sun Aug 11 2024 02:00:00 GMT+0100 (British Summer Time),0,0,0.0979,878.7330650043809
Sun Aug 11 2024 03:00:00 GMT+0100 (British Summer Time),0,0,0.0979,855.0673107643183
Sun Aug 11 2024 04:00:00 GMT+0100 (British Summer Time),0,0,0.0979,270.88594965531075
Sun Aug 11 2024 05:00:00 GMT+0100 (British Summer Time),0,0,0.0979,3550.665407023312
Sun Aug 11 2024 06:00:00 GMT+0100 (British Summer Time),0,0,0.098,1999.6073480551047
Sun Aug 11 2024 07:00:00 GMT+0100 (British Summer Time),0,0,0.098,3079.3050119524655
Sun Aug 11 2024 08:00:00 GMT+0100 (British Summer Time),0,0,0.0985,39227.84553413862
Sun Aug 11 2024 09:00:00 GMT+0100 (British Summer Time),0,0,0.0989,31710.309565055963
Sun Aug 11 2024 10:00:00 GMT+0100 (British Summer Time),0,0,0.0992,24755.275747186617
Sun Aug 11 2024 11:00:00 GMT+0100 (British Summer Time),0,0,0.0992,5065.1410266057665
Sun Aug 11 2024 12:00:00 GMT+0100 (British Summer Time),0,0,0.0993,6356.194552900509
Sun Aug 11 2024 13:00:00 GMT+0100 (British Summer Time),0,0,0.1,51763.28752395716
Sun Aug 11 2024 14:00:00 GMT+0100 (British Summer Time),0,0,0.1001,14566.578278482908
Sun Aug 11 2024 15:00:00 GMT+0100 (British Summer Time),0,0,0.1005,31969.320200504633
Sun Aug 11 2024 16:00:00 GMT+0100 (British Summer Time),0,0,0.1008,17145.21549551788
Sun Aug 11 2024 17:00:00 GMT+0100 (British Summer Time),0,0,0.1009,10193.210992536762
Sun Aug 11 2024 18:00:00 GMT+0100 (British Summer Time),0,0,0.101,9208.552771822564
Sun Aug 11 2024 19:00:00 GMT+0100 (British Summer Time),0,0,0.1011,10734.816104201716
Sun Aug 11 2024 20:00:00 GMT+0100 (British Summer Time),0,0,0.1011,0
Sun Aug 11 2024 21:00:00 GMT+0100 (British Summer Time),0,0,0.1011,0
Sun Aug 11 2024 22:00:00 GMT+0100 (British Summer Time),0,0,0.1014,25704.182626809557
Sun Aug 11 2024 23:00:00 GMT+0100 (British Summer Time),0,0,0.1014,4023.054359227459
Mon Aug 12 2024 00:00:00 GMT+0100 (British Summer Time),0,0,0.0982,262449.16835346044
Mon Aug 12 2024 01:00:00 GMT+0100 (British Summer Time),0,0,0.0982,3267.7553596597627
Mon Aug 12 2024 02:00:00 GMT+0100 (British Summer Time),0,0,0.0983,4599.814167675027
Mon Aug 12 2024 03:00:00 GMT+0100 (British Summer Time),0,0,0.0987,36553.66503980788
Mon Aug 12 2024 04:00:00 GMT+0100 (British Summer Time),0,0,0.099,16667.360044212197
Mon Aug 12 2024 05:00:00 GMT+0100 (British Summer Time),0,0,0.0972,133901.21073970554
Mon Aug 12 2024 06:00:00 GMT+0100 (British Summer Time),0,0,0.0974,17144.293299611494
Mon Aug 12 2024 07:00:00 GMT+0100 (British Summer Time),0,0,0.0968,98382.32690720414
Mon Aug 12 2024 08:00:00 GMT+0100 (British Summer Time),0,0,0.0968,1452.0807047673982
Mon Aug 12 2024 09:00:00 GMT+0100 (British Summer Time),0,0,0.0968,0
Mon Aug 12 2024 10:00:00 GMT+0100 (British Summer Time),0,0,0.097,21926.086013882177
Mon Aug 12 2024 11:00:00 GMT+0100 (British Summer Time),0,0,0.0971,0
Mon Aug 12 2024 12:00:00 GMT+0100 (British Summer Time),0,0,0.0967,26544.99944912279
Mon Aug 12 2024 13:00:00 GMT+0100 (British Summer Time),0,0,0.0967,0
Mon Aug 12 2024 14:00:00 GMT+0100 (British Summer Time),0,0,0.0967,0
Mon Aug 12 2024 15:00:00 GMT+0100 (British Summer Time),0,0,0.0967,0
Mon Aug 12 2024 16:00:00 GMT+0100 (British Summer Time),0,0,0.0967,0
Mon Aug 12 2024 17:00:00 GMT+0100 (British Summer Time),0,0,0.0967,0
Mon Aug 12 2024 18:00:00 GMT+0100 (British Summer Time),0,0,0.0968,4694.012137698046
Mon Aug 12 2024 19:00:00 GMT+0100 (British Summer Time),0,0,0.0968,0
Mon Aug 12 2024 20:00:00 GMT+0100 (British Summer Time),0,0,0.0968,3055.974994486984
Mon Aug 12 2024 21:00:00 GMT+0100 (British Summer Time),0,0,0.0968,355.0079607824586
Mon Aug 12 2024 22:00:00 GMT+0100 (British Summer Time),0,0,0.0968,0
Mon Aug 12 2024 23:00:00 GMT+0100 (British Summer Time),0,0,0.097,25541.117676434533
Tue Aug 13 2024 00:00:00 GMT+0100 (British Summer Time),0,0,0.0972,12385.372915626625
Tue Aug 13 2024 01:00:00 GMT+0100 (British Summer Time),0,0,0.0973,8028.946932499246
Tue Aug 13 2024 02:00:00 GMT+0100 (British Summer Time),0,0,0.0974,2634.182817426592
Tue Aug 13 2024 03:00:00 GMT+0100 (British Summer Time),0,0,0.0974,5454.439293212452
Tue Aug 13 2024 04:00:00 GMT+0100 (British Summer Time),0,0,0.0976,13753.409299303848
Tue Aug 13 2024 05:00:00 GMT+0100 (British Summer Time),0,0,0.0976,0
Tue Aug 13 2024 06:00:00 GMT+0100 (British Summer Time),0,0,0.0977,3610.477398065786
Tue Aug 13 2024 07:00:00 GMT+0100 (British Summer Time),0,0,0.0976,18242.42145450793
Tue Aug 13 2024 08:00:00 GMT+0100 (British Summer Time),0,0,0.098,30776.448710546887
Tue Aug 13 2024 09:00:00 GMT+0100 (British Summer Time),0,0,0.0981,11223.018012061098
Tue Aug 13 2024 10:00:00 GMT+0100 (British Summer Time),0,0,0.0983,17927.11348273438
Tue Aug 13 2024 11:00:00 GMT+0100 (British Summer Time),0,0,0.0984,25012.35225835697
Tue Aug 13 2024 12:00:00 GMT+0100 (British Summer Time),0,0,0.0987,27140.99349185843
Tue Aug 13 2024 13:00:00 GMT+0100 (British Summer Time),0,0,0.0989,13465.025844520384
Tue Aug 13 2024 14:00:00 GMT+0100 (British Summer Time),0,0,0.0989,0
Tue Aug 13 2024 15:00:00 GMT+0100 (British Summer Time),0,0,0.0989,0
Tue Aug 13 2024 16:00:00 GMT+0100 (British Summer Time),0,0,0.0989,0
Tue Aug 13 2024 17:00:00 GMT+0100 (British Summer Time),0,0,0.0989,582.1186845285345
Tue Aug 13 2024 18:00:00 GMT+0100 (British Summer Time),0,0,0.0989,0
Tue Aug 13 2024 19:00:00 GMT+0100 (British Summer Time),0,0,0.099,3497.0885590108546
Tue Aug 13 2024 20:00:00 GMT+0100 (British Summer Time),0,0,0.099,5002.663562137082
Tue Aug 13 2024 21:00:00 GMT+0100 (British Summer Time),0,0,0.0991,8226.261301211605
Tue Aug 13 2024 22:00:00 GMT+0100 (British Summer Time),0,0,0.0994,19509.309870704692
Tue Aug 13 2024 23:00:00 GMT+0100 (British Summer Time),0,0,0.1,51850.36348971966
Wed Aug 14 2024 00:00:00 GMT+0100 (British Summer Time),0,0,0.1002,12425.758906802363
Wed Aug 14 2024 01:00:00 GMT+0100 (British Summer Time),0,0,0.1002,0
Wed Aug 14 2024 02:00:00 GMT+0100 (British Summer Time),0,0,0.1001,434.9421706233545
Wed Aug 14 2024 03:00:00 GMT+0100 (British Summer Time),0,0,0.1002,5037.967628285122
Wed Aug 14 2024 04:00:00 GMT+0100 (British Summer Time),0,0,0.1002,2380.613880541294
Wed Aug 14 2024 05:00:00 GMT+0100 (British Summer Time),0,0,0.0974,1527213.64641141
Wed Aug 14 2024 06:00:00 GMT+0100 (British Summer Time),0,0,0.0974,622.5259621603868
Wed Aug 14 2024 07:00:00 GMT+0100 (British Summer Time),0,0,0.0974,2959.9181561586493
Wed Aug 14 2024 08:00:00 GMT+0100 (British Summer Time),0,0,0.0977,23095.73009586862
Wed Aug 14 2024 09:00:00 GMT+0100 (British Summer Time),0,0,0.0977,2466.2675398608417
Wed Aug 14 2024 10:00:00 GMT+0100 (British Summer Time),0,0,0.0977,2162.6469553582456
Wed Aug 14 2024 11:00:00 GMT+0100 (British Summer Time),0,0,0.0977,2974.37270068181
Wed Aug 14 2024 12:00:00 GMT+0100 (British Summer Time),0,0,0.0981,33102.27269484775
Wed Aug 14 2024 13:00:00 GMT+0100 (British Summer Time),0,0,0.0983,15589.749106033105
Wed Aug 14 2024 14:00:00 GMT+0100 (British Summer Time),0,0,0.0983,0
Wed Aug 14 2024 15:00:00 GMT+0100 (British Summer Time),0,0,0.0975,65913.42713864517
Wed Aug 14 2024 16:00:00 GMT+0100 (British Summer Time),0,0,0.0975,0
Wed Aug 14 2024 17:00:00 GMT+0100 (British Summer Time),0,0,0.0975,2656.400274968454
Wed Aug 14 2024 18:00:00 GMT+0100 (British Summer Time),0,0,0.098,39372.19074942382
Wed Aug 14 2024 19:00:00 GMT+0100 (British Summer Time),0,0,0.0981,3144.8332256352573
Wed Aug 14 2024 20:00:00 GMT+0100 (British Summer Time),0,0,0.0981,1271.0539898602792
Wed Aug 14 2024 21:00:00 GMT+0100 (British Summer Time),0,0,0.0982,7130.934705589184
Wed Aug 14 2024 22:00:00 GMT+0100 (British Summer Time),0,0,0.0983,8265.641363654731
Wed Aug 14 2024 23:00:00 GMT+0100 (British Summer Time),0,0,0.0984,6971.1568866649795
Thu Aug 15 2024 00:00:00 GMT+0100 (British Summer Time),0,0,0.0986,17145.52046976353
Thu Aug 15 2024 01:00:00 GMT+0100 (British Summer Time),0,0,0.0988,14915.71194535572
Thu Aug 15 2024 02:00:00 GMT+0100 (British Summer Time),0,0,0.0989,7469.19198144592
Thu Aug 15 2024 03:00:00 GMT+0100 (British Summer Time),0,0,0.0962,2604551.6574736647
Thu Aug 15 2024 04:00:00 GMT+0100 (British Summer Time),0,0,0.0963,10019.684690758948
Thu Aug 15 2024 05:00:00 GMT+0100 (British Summer Time),0,0,0.0964,5268.746762120117
Thu Aug 15 2024 06:00:00 GMT+0100 (British Summer Time),0,0,0.0963,13129.64836808512
Thu Aug 15 2024 07:00:00 GMT+0100 (British Summer Time),0,0,0.0964,5419.970593042241
Thu Aug 15 2024 08:00:00 GMT+0100 (British Summer Time),0,0,0.0965,4374.08620491755
Thu Aug 15 2024 09:00:00 GMT+0100 (British Summer Time),0,0,0.0965,4328.324646964834
Thu Aug 15 2024 10:00:00 GMT+0100 (British Summer Time),0,0,0.0969,32670.63742699965
Thu Aug 15 2024 11:00:00 GMT+0100 (British Summer Time),0,0,0.0971,10775.959077013851
Thu Aug 15 2024 12:00:00 GMT+0100 (British Summer Time),0,0,0.0971,0
Thu Aug 15 2024 13:00:00 GMT+0100 (British Summer Time),0,0,0.0971,0
Thu Aug 15 2024 14:00:00 GMT+0100 (British Summer Time),0,0,0.0971,1169.8837991112046
Thu Aug 15 2024 15:00:00 GMT+0100 (British Summer Time),0,0,0.0976,37598.0073545536
Thu Aug 15 2024 16:00:00 GMT+0100 (British Summer Time),0,0,0.0976,0
Thu Aug 15 2024 17:00:00 GMT+0100 (British Summer Time),0,0,0.0976,0
Thu Aug 15 2024 18:00:00 GMT+0100 (British Summer Time),0,0,0.0969,57534.57247660497
Thu Aug 15 2024 19:00:00 GMT+0100 (British Summer Time),0,0,0.0969,0
Thu Aug 15 2024 20:00:00 GMT+0100 (British Summer Time),0,0,0.0969,0
Thu Aug 15 2024 21:00:00 GMT+0100 (British Summer Time),0,0,0.097,12600.829007035376
Thu Aug 15 2024 22:00:00 GMT+0100 (British Summer Time),0,0,0.0971,7120.774629104986
Thu Aug 15 2024 23:00:00 GMT+0100 (British Summer Time),0,0,0.0949,174581.4630696557
Fri Aug 16 2024 00:00:00 GMT+0100 (British Summer Time),0,0,0.095,9484.716448907144
Fri Aug 16 2024 01:00:00 GMT+0100 (British Summer Time),0,0,0.0952,17175.310717380256
Fri Aug 16 2024 02:00:00 GMT+0100 (British Summer Time),0,0,0.0955,21646.308643000386
Fri Aug 16 2024 03:00:00 GMT+0100 (British Summer Time),0,0,0.0956,8120.579659948895
Fri Aug 16 2024 04:00:00 GMT+0100 (British Summer Time),0,0,0.0957,9058.776018261735
Fri Aug 16 2024 05:00:00 GMT+0100 (British Summer Time),0,0,0.0958,7576.5393527719325
Fri Aug 16 2024 06:00:00 GMT+0100 (British Summer Time),0,0,0.0961,24597.11707746837
Fri Aug 16 2024 07:00:00 GMT+0100 (British Summer Time),0,0,0.0961,21196.74020962596
Fri Aug 16 2024 08:00:00 GMT+0100 (British Summer Time),0,0,0.0965,26091.23233540023
Fri Aug 16 2024 09:00:00 GMT+0100 (British Summer Time),0,0,0.0967,13250.764370935303
Fri Aug 16 2024 10:00:00 GMT+0100 (British Summer Time),0,0,0.0969,19749.11444656014
Fri Aug 16 2024 11:00:00 GMT+0100 (British Summer Time),0,0,0.0969,548.4794180450665
Fri Aug 16 2024 12:00:00 GMT+0100 (British Summer Time),0,0,0.0971,16115.30551950245
Fri Aug 16 2024 13:00:00 GMT+0100 (British Summer Time),0,0,0.0972,5467.302469764072
Fri Aug 16 2024 14:00:00 GMT+0100 (British Summer Time),0,0,0.0972,4311.211684987307
Fri Aug 16 2024 15:00:00 GMT+0100 (British Summer Time),0,0,0.0972,2550.265400480572
Fri Aug 16 2024 16:00:00 GMT+0100 (British Summer Time),0,0,0.0972,0
Fri Aug 16 2024 17:00:00 GMT+0100 (British Summer Time),0,0,0.0972,0
Fri Aug 16 2024 18:00:00 GMT+0100 (British Summer Time),0,0,0.0973,5752.826641055948
Fri Aug 16 2024 19:00:00 GMT+0100 (British Summer Time),0,0,0.0974,8304.430864227637
Fri Aug 16 2024 20:00:00 GMT+0100 (British Summer Time),0,0,0.0976,12193.310382541149
Fri Aug 16 2024 21:00:00 GMT+0100 (British Summer Time),0,0,0.0976,4637.555760353786
Fri Aug 16 2024 22:00:00 GMT+0100 (British Summer Time),0,0,0.0978,14193.05452799829
Fri Aug 16 2024 23:00:00 GMT+0100 (British Summer Time),0,0,0.0997,139916.8642812668
Sat Aug 17 2024 00:00:00 GMT+0100 (British Summer Time),0,0,0.0997,3954.5333687576626
Sat Aug 17 2024 01:00:00 GMT+0100 (British Summer Time),0,0,0.0998,4898.362411478197
Sat Aug 17 2024 02:00:00 GMT+0100 (British Summer Time),0,0,0.0999,8164.695890046113
Sat Aug 17 2024 03:00:00 GMT+0100 (British Summer Time),0,0,0.1,6483.2081580057275
Sat Aug 17 2024 04:00:00 GMT+0100 (British Summer Time),0,0,0.1001,6590.893141057337
Sat Aug 17 2024 05:00:00 GMT+0100 (British Summer Time),0,0,0.1001,3440.1686659222228
Sat Aug 17 2024 06:00:00 GMT+0100 (British Summer Time),0,0,0.1002,5961.9133258803195
Sat Aug 17 2024 07:00:00 GMT+0100 (British Summer Time),0,0,0.1004,18189.289375059117
Sat Aug 17 2024 08:00:00 GMT+0100 (British Summer Time),0,0,0.1005,6929.082829074656
Sat Aug 17 2024 09:00:00 GMT+0100 (British Summer Time),0,0,0.1005,2869.4314629373744
Sat Aug 17 2024 10:00:00 GMT+0100 (British Summer Time),0,0,0.1007,13856.014039151603
Sat Aug 17 2024 11:00:00 GMT+0100 (British Summer Time),0,0,0.1007,2458.541219163106
Sat Aug 17 2024 12:00:00 GMT+0100 (British Summer Time),0,0,0.1013,43098.70703663798
Sat Aug 17 2024 13:00:00 GMT+0100 (British Summer Time),0,0,0.1014,8257.713927522265
Sat Aug 17 2024 14:00:00 GMT+0100 (British Summer Time),0,0,0.1016,14959.430761671623
Sat Aug 17 2024 15:00:00 GMT+0100 (British Summer Time),0,0,0.102,29678.04023903231
Sat Aug 17 2024 16:00:00 GMT+0100 (British Summer Time),0,0,0.1022,18960.991956746282
Sat Aug 17 2024 17:00:00 GMT+0100 (British Summer Time),0,0,0.1022,631.540743724647
Sat Aug 17 2024 18:00:00 GMT+0100 (British Summer Time),0,0,0.1022,1009.8889971894146
Sat Aug 17 2024 19:00:00 GMT+0100 (British Summer Time),0,0,0.1023,5296.927575577273
Sat Aug 17 2024 20:00:00 GMT+0100 (British Summer Time),0,0,0.1022,18296.53260962421
Sat Aug 17 2024 21:00:00 GMT+0100 (British Summer Time),0,0,0.1022,4393.670703623464
Sat Aug 17 2024 22:00:00 GMT+0100 (British Summer Time),0,0,0.1024,16102.47640376482
Sat Aug 17 2024 23:00:00 GMT+0100 (British Summer Time),0,0,0.1025,4509.077689269792
Sun Aug 18 2024 00:00:00 GMT+0100 (British Summer Time),0,0,0.1025,1571.4835111366544
Sun Aug 18 2024 01:00:00 GMT+0100 (British Summer Time),0,0,0.1026,7701.000149165387
Sun Aug 18 2024 02:00:00 GMT+0100 (British Summer Time),0,0,0.1037,96522.75834665033
Sun Aug 18 2024 03:00:00 GMT+0100 (British Summer Time),0,0,0.1037,172.89545450522618
Sun Aug 18 2024 04:00:00 GMT+0100 (British Summer Time),0,0,0.1037,317.41819988654765
Sun Aug 18 2024 05:00:00 GMT+0100 (British Summer Time),0,0,0.1037,233.40744972618603
Sun Aug 18 2024 06:00:00 GMT+0100 (British Summer Time),0,0,0.1037,336.47734543623505
Sun Aug 18 2024 07:00:00 GMT+0100 (British Summer Time),0,0,0.1037,4158.798662667405
Sun Aug 18 2024 08:00:00 GMT+0100 (British Summer Time),0,0,0.1037,2896.06840262088
Sun Aug 18 2024 09:00:00 GMT+0100 (British Summer Time),0,0,0.1039,6135.417917613097
Sun Aug 18 2024 10:00:00 GMT+0100 (British Summer Time),0,0,0.1038,15051.277168621436
Sun Aug 18 2024 11:00:00 GMT+0100 (British Summer Time),0,0,0.1039,8551.027630913446
Sun Aug 18 2024 12:00:00 GMT+0100 (British Summer Time),0,0,0.1038,9915.805462139717
Sun Aug 18 2024 13:00:00 GMT+0100 (British Summer Time),0,0,0.1038,3561.7146368203184
Sun Aug 18 2024 14:00:00 GMT+0100 (British Summer Time),0,0,0.104,13743.279152660001
Sun Aug 18 2024 15:00:00 GMT+0100 (British Summer Time),0,0,0.104,0
Sun Aug 18 2024 16:00:00 GMT+0100 (British Summer Time),0,0,0.104,41.27270449512466
Sun Aug 18 2024 17:00:00 GMT+0100 (British Summer Time),0,0,0.104,0
Sun Aug 18 2024 18:00:00 GMT+0100 (British Summer Time),0,0,0.104,1914.7858489016505
Sun Aug 18 2024 19:00:00 GMT+0100 (British Summer Time),0,0,0.104,754.7811726299367
Sun Aug 18 2024 20:00:00 GMT+0100 (British Summer Time),0,0,0.1042,9325.949098577003
Sun Aug 18 2024 21:00:00 GMT+0100 (British Summer Time),0,0,0.1043,9571.6235253378
Sun Aug 18 2024 22:00:00 GMT+0100 (British Summer Time),0,0,0.1043,3280.9086791344707
Sun Aug 18 2024 23:00:00 GMT+0100 (British Summer Time),0,0,0.1043,3985.305710632841
Mon Aug 19 2024 00:00:00 GMT+0100 (British Summer Time),0,0,0.1053,70948.03729449105
Mon Aug 19 2024 01:00:00 GMT+0100 (British Summer Time),0,0,0.1054,9230.22388968109
Mon Aug 19 2024 02:00:00 GMT+0100 (British Summer Time),0,0,0.1054,2985.682361976538
Mon Aug 19 2024 03:00:00 GMT+0100 (British Summer Time),0,0,0.1054,0
Mon Aug 19 2024 04:00:00 GMT+0100 (British Summer Time),0,0,0.1054,0
Mon Aug 19 2024 05:00:00 GMT+0100 (British Summer Time),0,0,0.1056,12569.801710981608
Mon Aug 19 2024 06:00:00 GMT+0100 (British Summer Time),0,0,0.1056,0
Mon Aug 19 2024 07:00:00 GMT+0100 (British Summer Time),0,0,0.1056,3687.109222456099
Mon Aug 19 2024 08:00:00 GMT+0100 (British Summer Time),0,0,0.1057,8736.690845295105
Mon Aug 19 2024 09:00:00 GMT+0100 (British Summer Time),0,0,0.1057,20378.324729047054
Mon Aug 19 2024 10:00:00 GMT+0100 (British Summer Time),0,0,0.1057,0
Mon Aug 19 2024 11:00:00 GMT+0100 (British Summer Time),0,0,0.1057,0
Mon Aug 19 2024 12:00:00 GMT+0100 (British Summer Time),0,0,0.1057,812.4308279206052
Mon Aug 19 2024 13:00:00 GMT+0100 (British Summer Time),0,0,0.1059,15303.32715761113
Mon Aug 19 2024 14:00:00 GMT+0100 (British Summer Time),0,0,0.1063,33183.75039531515
Mon Aug 19 2024 15:00:00 GMT+0100 (British Summer Time),0,0,0.107,1087556.5003880812
Mon Aug 19 2024 16:00:00 GMT+0100 (British Summer Time),0,0,0.0964,40689.74603863648
Mon Aug 19 2024 17:00:00 GMT+0100 (British Summer Time),0,0,0.0966,13450.82431006998
Mon Aug 19 2024 18:00:00 GMT+0100 (British Summer Time),0,0,0.097,33527.028207333395
Mon Aug 19 2024 19:00:00 GMT+0100 (British Summer Time),0,0,0.0977,53882.00889117015
Mon Aug 19 2024 20:00:00 GMT+0100 (British Summer Time),0,0,0.0983,44803.32695435446
Mon Aug 19 2024 21:00:00 GMT+0100 (British Summer Time),0,0,0.0992,69009.23803069706
Mon Aug 19 2024 22:00:00 GMT+0100 (British Summer Time),0,0,0.1002,79586.45474721091
Mon Aug 19 2024 23:00:00 GMT+0100 (British Summer Time),0,0,0.1012,74102.45163112904
Tue Aug 20 2024 00:00:00 GMT+0100 (British Summer Time),0,0,0.1015,22382.464137016425
Tue Aug 20 2024 01:00:00 GMT+0100 (British Summer Time),0,0,0.1015,3686.1410731686433
Tue Aug 20 2024 02:00:00 GMT+0100 (British Summer Time),0,0,0.1016,3214.195249303781
Tue Aug 20 2024 03:00:00 GMT+0100 (British Summer Time),0,0,0.1016,0
Tue Aug 20 2024 04:00:00 GMT+0100 (British Summer Time),0,0,0.1002,166129.6595990621
Tue Aug 20 2024 05:00:00 GMT+0100 (British Summer Time),0,0,0.1003,10493.500599174336
Tue Aug 20 2024 06:00:00 GMT+0100 (British Summer Time),0,0,0.1004,100527.72008544623
Tue Aug 20 2024 07:00:00 GMT+0100 (British Summer Time),0,0,0.1014,83816.03998840571
Tue Aug 20 2024 08:00:00 GMT+0100 (British Summer Time),0,0,0.102,40367.56673129366
Tue Aug 20 2024 09:00:00 GMT+0100 (British Summer Time),0,0,0.1021,18202.02182026853
Tue Aug 20 2024 10:00:00 GMT+0100 (British Summer Time),0,0,0.1025,36766.49989332777
Tue Aug 20 2024 11:00:00 GMT+0100 (British Summer Time),0,0,0.1028,23773.88650803193
Tue Aug 20 2024 12:00:00 GMT+0100 (British Summer Time),0,0,0.103,14433.123473228101
Tue Aug 20 2024 13:00:00 GMT+0100 (British Summer Time),0,0,0.1034,67309.86408825302
Tue Aug 20 2024 14:00:00 GMT+0100 (British Summer Time),0,0,0.1032,10385.300600899678
Tue Aug 20 2024 15:00:00 GMT+0100 (British Summer Time),0,0,0.1027,62607.79526751021
Tue Aug 20 2024 16:00:00 GMT+0100 (British Summer Time),0,0,0.1034,57429.506097809375
Tue Aug 20 2024 17:00:00 GMT+0100 (British Summer Time),0,0,0.1029,81157.98085995839
Tue Aug 20 2024 18:00:00 GMT+0100 (British Summer Time),0,0,0.103,8071.079352587228
Tue Aug 20 2024 19:00:00 GMT+0100 (British Summer Time),0,0,0.1033,24807.542130558257
Tue Aug 20 2024 20:00:00 GMT+0100 (British Summer Time),0,0,0.1036,20997.5198164398
Tue Aug 20 2024 21:00:00 GMT+0100 (British Summer Time),0,0,0.1037,9592.91143412608
Tue Aug 20 2024 22:00:00 GMT+0100 (British Summer Time),0,0,0.104,29740.685966053377
Tue Aug 20 2024 23:00:00 GMT+0100 (British Summer Time),0,0,0.1042,16591.170834577042
Wed Aug 21 2024 00:00:00 GMT+0100 (British Summer Time),0,0,0.1035,103328.32349531961
Wed Aug 21 2024 01:00:00 GMT+0100 (British Summer Time),0,0,0.1037,11989.51148888731
Wed Aug 21 2024 02:00:00 GMT+0100 (British Summer Time),0,0,0.1037,2585.083112429947
Wed Aug 21 2024 03:00:00 GMT+0100 (British Summer Time),0,0,0.1037,400.72254805316874
Wed Aug 21 2024 04:00:00 GMT+0100 (British Summer Time),0,0,0.1038,7722.364091080782
Wed Aug 21 2024 05:00:00 GMT+0100 (British Summer Time),0,0,0.1038,10806.51778415923
Wed Aug 21 2024 06:00:00 GMT+0100 (British Summer Time),0,0,0.1038,29348.500198029396
Wed Aug 21 2024 07:00:00 GMT+0100 (British Summer Time),0,0,0.104,155749.00194579846
Wed Aug 21 2024 08:00:00 GMT+0100 (British Summer Time),0,0,0.1044,81751.25519359612
Wed Aug 21 2024 09:00:00 GMT+0100 (British Summer Time),0,0,0.105,52989.66479659556
Wed Aug 21 2024 10:00:00 GMT+0100 (British Summer Time),0,0,0.1049,107501.7291758591
Wed Aug 21 2024 11:00:00 GMT+0100 (British Summer Time),0,0,0.105,45630.42117207519
Wed Aug 21 2024 12:00:00 GMT+0100 (British Summer Time),0,0,0.1052,20791.216500105977
Wed Aug 21 2024 13:00:00 GMT+0100 (British Summer Time),0,0,0.1053,19714.504980384874
Wed Aug 21 2024 14:00:00 GMT+0100 (British Summer Time),0,0,0.1058,404777.60222964315
Wed Aug 21 2024 15:00:00 GMT+0100 (British Summer Time),0,0,0.1058,0
Wed Aug 21 2024 16:00:00 GMT+0100 (British Summer Time),0,0,0.1058,0
Wed Aug 21 2024 17:00:00 GMT+0100 (British Summer Time),0,0,0.1058,1633.8607877730335
Wed Aug 21 2024 18:00:00 GMT+0100 (British Summer Time),0,0,0.1059,6086.133408700463
Wed Aug 21 2024 19:00:00 GMT+0100 (British Summer Time),0,0,0.106,10341.433729458055
Wed Aug 21 2024 20:00:00 GMT+0100 (British Summer Time),0,0,0.1061,2488.2473560008084
Wed Aug 21 2024 21:00:00 GMT+0100 (British Summer Time),0,0,0.1061,2201.5206807532336
Wed Aug 21 2024 22:00:00 GMT+0100 (British Summer Time),0,0,0.1061,751.6004029358583
Wed Aug 21 2024 23:00:00 GMT+0100 (British Summer Time),0,0,0.1027,270397.282837359
Thu Aug 22 2024 00:00:00 GMT+0100 (British Summer Time),0,0,0.1028,2285.2145511194985
Thu Aug 22 2024 01:00:00 GMT+0100 (British Summer Time),0,0,0.1028,4813.509956820205
Thu Aug 22 2024 02:00:00 GMT+0100 (British Summer Time),0,0,0.1028,15076.305762273716
Thu Aug 22 2024 03:00:00 GMT+0100 (British Summer Time),0,0,0.1055,277961.19004336593
Thu Aug 22 2024 04:00:00 GMT+0100 (British Summer Time),0,0,0.1055,749.0515316950925
Thu Aug 22 2024 05:00:00 GMT+0100 (British Summer Time),0,0,0.1056,5465.780126387333
Thu Aug 22 2024 06:00:00 GMT+0100 (British Summer Time),0,0,0.1054,15610.934706018008
Thu Aug 22 2024 07:00:00 GMT+0100 (British Summer Time),0,0,0.1055,7463.306500508902
Thu Aug 22 2024 08:00:00 GMT+0100 (British Summer Time),0,0,0.1058,23768.666128621913
Thu Aug 22 2024 09:00:00 GMT+0100 (British Summer Time),0,0,0.1059,17145.61496387828
Thu Aug 22 2024 10:00:00 GMT+0100 (British Summer Time),0,0,0.1048,116092.6566471998
Thu Aug 22 2024 11:00:00 GMT+0100 (British Summer Time),0,0,0.105,11538.561422217823
Thu Aug 22 2024 12:00:00 GMT+0100 (British Summer Time),0,0,0.1052,24769.530707582842
Thu Aug 22 2024 13:00:00 GMT+0100 (British Summer Time),0,0,0.1054,7016.047937755045
Thu Aug 22 2024 14:00:00 GMT+0100 (British Summer Time),0,0,0.1059,47877.33368661357
Thu Aug 22 2024 15:00:00 GMT+0100 (British Summer Time),0,0,0.106,9153.094688104122
Thu Aug 22 2024 16:00:00 GMT+0100 (British Summer Time),0,0,0.1061,12098.379858525603
Thu Aug 22 2024 17:00:00 GMT+0100 (British Summer Time),0,0,0.1062,3939.7251985720313
Thu Aug 22 2024 18:00:00 GMT+0100 (British Summer Time),0,0,0.1028,266388.4711962565
Thu Aug 22 2024 19:00:00 GMT+0100 (British Summer Time),0,0,0.1029,7549.713817159855
Thu Aug 22 2024 20:00:00 GMT+0100 (British Summer Time),0,0,0.1038,68526.3662714163
Thu Aug 22 2024 21:00:00 GMT+0100 (British Summer Time),0,0,0.1038,14283.264106003553
Thu Aug 22 2024 22:00:00 GMT+0100 (British Summer Time),0,0,0.1039,6778.1087432092145
Thu Aug 22 2024 23:00:00 GMT+0100 (British Summer Time),0,0,0.1039,5938.426238193057
Fri Aug 23 2024 00:00:00 GMT+0100 (British Summer Time),0,0,0.104,3828.819872860695
Fri Aug 23 2024 01:00:00 GMT+0100 (British Summer Time),0,0,0.1041,3959.6904105520125
Fri Aug 23 2024 02:00:00 GMT+0100 (British Summer Time),0,0,0.1041,3857.9872318629887
Fri Aug 23 2024 03:00:00 GMT+0100 (British Summer Time),0,0,0.1041,0
Fri Aug 23 2024 04:00:00 GMT+0100 (British Summer Time),0,0,0.1057,238993.09147476795
Fri Aug 23 2024 05:00:00 GMT+0100 (British Summer Time),0,0,0.1058,1703.118354282843
Fri Aug 23 2024 06:00:00 GMT+0100 (British Summer Time),0,0,0.1059,934471.88349322
Fri Aug 23 2024 07:00:00 GMT+0100 (British Summer Time),0,0,0.106,28279.64180302099
Fri Aug 23 2024 08:00:00 GMT+0100 (British Summer Time),0,0,0.1064,29181.13635868551
Fri Aug 23 2024 09:00:00 GMT+0100 (British Summer Time),0,0,0.1072,66098.9606764556
Fri Aug 23 2024 10:00:00 GMT+0100 (British Summer Time),0,0,0.1075,24972.66461844601
Fri Aug 23 2024 11:00:00 GMT+0100 (British Summer Time),0,0,0.1076,7146.715060246726
Fri Aug 23 2024 12:00:00 GMT+0100 (British Summer Time),0,0,0.1076,656851.8674628445
Fri Aug 23 2024 13:00:00 GMT+0100 (British Summer Time),0,0,0.1077,8489.830781197461
Fri Aug 23 2024 14:00:00 GMT+0100 (British Summer Time),0,0,0.1078,2747.4787613981066
Fri Aug 23 2024 15:00:00 GMT+0100 (British Summer Time),0,0,0.108,18238.541977739762
Fri Aug 23 2024 16:00:00 GMT+0100 (British Summer Time),0,0,0.108,0
Fri Aug 23 2024 17:00:00 GMT+0100 (British Summer Time),0,0,0.1038,1342412.5788107356
Fri Aug 23 2024 18:00:00 GMT+0100 (British Summer Time),0,0,0.1038,6760.885020303407
Fri Aug 23 2024 19:00:00 GMT+0100 (British Summer Time),0,0,0.1038,2717.5100619373775
Fri Aug 23 2024 20:00:00 GMT+0100 (British Summer Time),0,0,0.1038,2405.470940739334
Fri Aug 23 2024 21:00:00 GMT+0100 (British Summer Time),0,0,0.104,11396.629709610495
Fri Aug 23 2024 22:00:00 GMT+0100 (British Summer Time),0,0,0.1041,9091.684859472665
Fri Aug 23 2024 23:00:00 GMT+0100 (British Summer Time),0,0,0.1041,0
Sat Aug 24 2024 00:00:00 GMT+0100 (British Summer Time),0,0,0.1041,609.1001302765555
Sat Aug 24 2024 01:00:00 GMT+0100 (British Summer Time),0,0,0.1041,3920.952212581378
Sat Aug 24 2024 02:00:00 GMT+0100 (British Summer Time),0,0,0.1041,0
Sat Aug 24 2024 03:00:00 GMT+0100 (British Summer Time),0,0,0.1041,0
Sat Aug 24 2024 04:00:00 GMT+0100 (British Summer Time),0,0,0.1041,0
Sat Aug 24 2024 05:00:00 GMT+0100 (British Summer Time),0,0,0.1045,32039.986103919997
Sat Aug 24 2024 06:00:00 GMT+0100 (British Summer Time),0,0,0.1046,29698.435727579825
Sat Aug 24 2024 07:00:00 GMT+0100 (British Summer Time),0,0,0.1047,7908.25508600871
Sat Aug 24 2024 08:00:00 GMT+0100 (British Summer Time),0,0,0.1047,2957.7777974452574
Sat Aug 24 2024 09:00:00 GMT+0100 (British Summer Time),0,0,0.1049,10095.96333911816
Sat Aug 24 2024 10:00:00 GMT+0100 (British Summer Time),0,0,0.1051,19262.70875286148
Sat Aug 24 2024 11:00:00 GMT+0100 (British Summer Time),0,0,0.1052,15046.147108274734
Sat Aug 24 2024 12:00:00 GMT+0100 (British Summer Time),0,0,0.1057,34447.863343259574
Sat Aug 24 2024 13:00:00 GMT+0100 (British Summer Time),0,0,0.1057,46413.61441787518
Sat Aug 24 2024 14:00:00 GMT+0100 (British Summer Time),0,0,0.1059,10775.14728724869
Sat Aug 24 2024 15:00:00 GMT+0100 (British Summer Time),0,0,0.1061,15543.397781093972
Sat Aug 24 2024 16:00:00 GMT+0100 (British Summer Time),0,0,0.1066,42670.76523186941
Sat Aug 24 2024 17:00:00 GMT+0100 (British Summer Time),0,0,0.1067,3978.57350466122
Sat Aug 24 2024 18:00:00 GMT+0100 (British Summer Time),0,0,0.1066,5625.465300219911
Sat Aug 24 2024 19:00:00 GMT+0100 (British Summer Time),0,0,0.1066,61.311262927181254
Sat Aug 24 2024 20:00:00 GMT+0100 (British Summer Time),0,0,0.1066,9787.713187584706
Sat Aug 24 2024 21:00:00 GMT+0100 (British Summer Time),0,0,0.1067,12699.98747856397
Sat Aug 24 2024 22:00:00 GMT+0100 (British Summer Time),0,0,0.1068,7133.535874024856
Sat Aug 24 2024 23:00:00 GMT+0100 (British Summer Time),0,0,0.1068,0
Sun Aug 25 2024 00:00:00 GMT+0100 (British Summer Time),0,0,0.1068,424.7012186176604
Sun Aug 25 2024 01:00:00 GMT+0100 (British Summer Time),0,0,0.1068,2188.198175290408
Sun Aug 25 2024 02:00:00 GMT+0100 (British Summer Time),0,0,0.1069,3826.836893759936
Sun Aug 25 2024 03:00:00 GMT+0100 (British Summer Time),0,0,0.1069,2.539516479251129
Sun Aug 25 2024 04:00:00 GMT+0100 (British Summer Time),0,0,0.1069,0
Sun Aug 25 2024 05:00:00 GMT+0100 (British Summer Time),0,0,0.1069,3076.0933804154315
Sun Aug 25 2024 06:00:00 GMT+0100 (British Summer Time),0,0,0.1075,48085.694261229946
Sun Aug 25 2024 07:00:00 GMT+0100 (British Summer Time),0,0,0.1076,8925.12168870965
Sun Aug 25 2024 08:00:00 GMT+0100 (British Summer Time),0,0,0.1072,36177.50411767743
Sun Aug 25 2024 09:00:00 GMT+0100 (British Summer Time),0,0,0.1078,45134.585187212855
Sun Aug 25 2024 10:00:00 GMT+0100 (British Summer Time),0,0,0.1079,6539.357053520382
Sun Aug 25 2024 11:00:00 GMT+0100 (British Summer Time),0,0,0.1086,60000.93530903931
Sun Aug 25 2024 12:00:00 GMT+0100 (British Summer Time),0,0,0.1087,7967.436579259641
Sun Aug 25 2024 13:00:00 GMT+0100 (British Summer Time),0,0,0.1088,5065.6591183345045
Sun Aug 25 2024 14:00:00 GMT+0100 (British Summer Time),0,0,0.1088,31213.80323943794
Sun Aug 25 2024 15:00:00 GMT+0100 (British Summer Time),0,0,0.1083,11691.556206064884
Sun Aug 25 2024 16:00:00 GMT+0100 (British Summer Time),0,0,0.1089,44603.53126483602
Sun Aug 25 2024 17:00:00 GMT+0100 (British Summer Time),0,0,0.1091,13614.205667093394
Sun Aug 25 2024 18:00:00 GMT+0100 (British Summer Time),0,0,0.1091,3349.717535674695
Sun Aug 25 2024 19:00:00 GMT+0100 (British Summer Time),0,0,0.1091,3854.511889526236
Sun Aug 25 2024 20:00:00 GMT+0100 (British Summer Time),0,0,0.1093,13646.20394505148
Sun Aug 25 2024 21:00:00 GMT+0100 (British Summer Time),0,0,0.1095,18361.642365068317
Sun Aug 25 2024 22:00:00 GMT+0100 (British Summer Time),0,0,0.1098,19341.675129820745
Sun Aug 25 2024 23:00:00 GMT+0100 (British Summer Time),0,0,0.1098,4008.1976098573414
Mon Aug 26 2024 00:00:00 GMT+0100 (British Summer Time),0,0,0.1098,0
Mon Aug 26 2024 01:00:00 GMT+0100 (British Summer Time),0,0,0.1098,0
Mon Aug 26 2024 02:00:00 GMT+0100 (British Summer Time),0,0,0.1098,0
Mon Aug 26 2024 03:00:00 GMT+0100 (British Summer Time),0,0,0.1096,17432.400171920995
Mon Aug 26 2024 04:00:00 GMT+0100 (British Summer Time),0,0,0.1096,0
Mon Aug 26 2024 05:00:00 GMT+0100 (British Summer Time),0,0,0.1096,3081.227884541543
Mon Aug 26 2024 06:00:00 GMT+0100 (British Summer Time),0,0,0.1097,4683.468274462151
Mon Aug 26 2024 07:00:00 GMT+0100 (British Summer Time),0,0,0.1097,3795.0353204514795
Mon Aug 26 2024 08:00:00 GMT+0100 (British Summer Time),0,0,0.1098,6894.3790860902845
Mon Aug 26 2024 09:00:00 GMT+0100 (British Summer Time),0,0,0.1098,0
Mon Aug 26 2024 10:00:00 GMT+0100 (British Summer Time),0,0,0.1098,0
Mon Aug 26 2024 11:00:00 GMT+0100 (British Summer Time),0,0,0.1099,7312.723438875697
Mon Aug 26 2024 12:00:00 GMT+0100 (British Summer Time),0,0,0.1099,19862.266743213226
Mon Aug 26 2024 13:00:00 GMT+0100 (British Summer Time),0,0,0.1081,163972.53250589868
Mon Aug 26 2024 14:00:00 GMT+0100 (British Summer Time),0,0,0.1082,3229.4388303949713
Mon Aug 26 2024 15:00:00 GMT+0100 (British Summer Time),0,0,0.1082,0
Mon Aug 26 2024 16:00:00 GMT+0100 (British Summer Time),0,0,0.1082,3910.260861423714
Mon Aug 26 2024 17:00:00 GMT+0100 (British Summer Time),0,0,0.1083,11766.147021536406
Mon Aug 26 2024 18:00:00 GMT+0100 (British Summer Time),0,0,0.1083,23626.752416303465
Mon Aug 26 2024 19:00:00 GMT+0100 (British Summer Time),0,0,0.1083,7241.649576084723
Mon Aug 26 2024 20:00:00 GMT+0100 (British Summer Time),0,0,0.1083,2221.2058550575066
Mon Aug 26 2024 21:00:00 GMT+0100 (British Summer Time),0,0,0.1085,15873.178284764757
Mon Aug 26 2024 22:00:00 GMT+0100 (British Summer Time),0,0,0.1086,2107.9009457975058
Mon Aug 26 2024 23:00:00 GMT+0100 (British Summer Time),0,0,0.1086,0
Tue Aug 27 2024 00:00:00 GMT+0100 (British Summer Time),0,0,0.1087,10220.973914472357
Tue Aug 27 2024 01:00:00 GMT+0100 (British Summer Time),0,0,0.1085,15228.905047007263
Tue Aug 27 2024 02:00:00 GMT+0100 (British Summer Time),0,0,0.1086,4030.5500662440904
Tue Aug 27 2024 03:00:00 GMT+0100 (British Summer Time),0,0,0.1086,0
Tue Aug 27 2024 04:00:00 GMT+0100 (British Summer Time),0,0,0.1087,6480.902377029445
Tue Aug 27 2024 05:00:00 GMT+0100 (British Summer Time),0,0,0.1087,2643.644634215782
Tue Aug 27 2024 06:00:00 GMT+0100 (British Summer Time),0,0,0.1087,944.829483291739
Tue Aug 27 2024 07:00:00 GMT+0100 (British Summer Time),0,0,0.1086,30702.000603340737
Tue Aug 27 2024 08:00:00 GMT+0100 (British Summer Time),0,0,0.1086,2232.2812212759145
Tue Aug 27 2024 09:00:00 GMT+0100 (British Summer Time),0,0,0.1087,632.6279169058886
Tue Aug 27 2024 10:00:00 GMT+0100 (British Summer Time),0,0,0.1087,5251.495597522246
Tue Aug 27 2024 11:00:00 GMT+0100 (British Summer Time),0,0,0.1088,4693.0079637356075
Tue Aug 27 2024 12:00:00 GMT+0100 (British Summer Time),0,0,0.1088,2475.70914921587
Tue Aug 27 2024 13:00:00 GMT+0100 (British Summer Time),0,0,0.1085,27442.089547215626
Tue Aug 27 2024 14:00:00 GMT+0100 (British Summer Time),0,0,0.1085,0
Tue Aug 27 2024 15:00:00 GMT+0100 (British Summer Time),0,0,0.1086,12641.03470831179
Tue Aug 27 2024 16:00:00 GMT+0100 (British Summer Time),0,0,0.109,32176.52236774734
Tue Aug 27 2024 17:00:00 GMT+0100 (British Summer Time),0,0,0.109,0
Tue Aug 27 2024 18:00:00 GMT+0100 (British Summer Time),0,0,0.109,0
Tue Aug 27 2024 19:00:00 GMT+0100 (British Summer Time),0,0,0.1091,2046.0322540061018
Tue Aug 27 2024 20:00:00 GMT+0100 (British Summer Time),0,0,0.1091,0
Tue Aug 27 2024 21:00:00 GMT+0100 (British Summer Time),0,0,0.1091,3011.4977112598403
Tue Aug 27 2024 22:00:00 GMT+0100 (British Summer Time),0,0,0.1086,37381.32563693228
Tue Aug 27 2024 23:00:00 GMT+0100 (British Summer Time),0,0,0.1086,0
Wed Aug 28 2024 00:00:00 GMT+0100 (British Summer Time),0,0,0.1087,1784.3327085614947
Wed Aug 28 2024 01:00:00 GMT+0100 (British Summer Time),0,0,0.1087,2486.5888526058916
Wed Aug 28 2024 02:00:00 GMT+0100 (British Summer Time),0,0,0.1087,2119.692010511394
Wed Aug 28 2024 03:00:00 GMT+0100 (British Summer Time),0,0,0.1091,24862.300887499357
Wed Aug 28 2024 04:00:00 GMT+0100 (British Summer Time),0,0,0.1091,2243.0372765625866
Wed Aug 28 2024 05:00:00 GMT+0100 (British Summer Time),0,0,0.1092,3525.771651675589
Wed Aug 28 2024 06:00:00 GMT+0100 (British Summer Time),0,0,0.1093,6893.021895719776
Wed Aug 28 2024 07:00:00 GMT+0100 (British Summer Time),0,0,0.1093,1610.7723687556897
Wed Aug 28 2024 08:00:00 GMT+0100 (British Summer Time),0,0,0.1093,127923.19535087358
Wed Aug 28 2024 09:00:00 GMT+0100 (British Summer Time),0,0,0.1093,0
Wed Aug 28 2024 10:00:00 GMT+0100 (British Summer Time),0,0,0.1093,0
Wed Aug 28 2024 11:00:00 GMT+0100 (British Summer Time),0,0,0.1093,1264.4872793083418
Wed Aug 28 2024 12:00:00 GMT+0100 (British Summer Time),0,0,0.1094,5744.617479801403
Wed Aug 28 2024 13:00:00 GMT+0100 (British Summer Time),0,0,0.1092,17047.098942611054
Wed Aug 28 2024 14:00:00 GMT+0100 (British Summer Time),0,0,0.1092,0
Wed Aug 28 2024 15:00:00 GMT+0100 (British Summer Time),0,0,0.1081,98411.57754429395
Wed Aug 28 2024 16:00:00 GMT+0100 (British Summer Time),0,0,0.1081,1528.9163576945223
Wed Aug 28 2024 17:00:00 GMT+0100 (British Summer Time),0,0,0.1081,0
Wed Aug 28 2024 18:00:00 GMT+0100 (British Summer Time),0,0,0.1081,0
Wed Aug 28 2024 19:00:00 GMT+0100 (British Summer Time),0,0,0.1082,2048.2493871242214
Wed Aug 28 2024 20:00:00 GMT+0100 (British Summer Time),0,0,0.1084,17019.665120700844
Wed Aug 28 2024 21:00:00 GMT+0100 (British Summer Time),0,0,0.1084,20.434494854487205
Wed Aug 28 2024 22:00:00 GMT+0100 (British Summer Time),0,0,0.1085,5626.640067690141
Wed Aug 28 2024 23:00:00 GMT+0100 (British Summer Time),0,0,0.1088,22653.47218156682
Thu Aug 29 2024 00:00:00 GMT+0100 (British Summer Time),0,0,0.1088,1727.07895757295
Thu Aug 29 2024 01:00:00 GMT+0100 (British Summer Time),0,0,0.1088,0
Thu Aug 29 2024 02:00:00 GMT+0100 (British Summer Time),0,0,0.1088,3472.3989099703795
Thu Aug 29 2024 03:00:00 GMT+0100 (British Summer Time),0,0,0.1072,134805.20350215328
Thu Aug 29 2024 04:00:00 GMT+0100 (British Summer Time),0,0,0.0953,1268673.3429638392
Thu Aug 29 2024 05:00:00 GMT+0100 (British Summer Time),0,0,0.0954,7112.760279349289
Thu Aug 29 2024 06:00:00 GMT+0100 (British Summer Time),0,0,0.0959,35944.5207771016
Thu Aug 29 2024 07:00:00 GMT+0100 (British Summer Time),0,0,0.096,3965.6596005664405
Thu Aug 29 2024 08:00:00 GMT+0100 (British Summer Time),0,0,0.096,2243.5974668853287
Thu Aug 29 2024 09:00:00 GMT+0100 (British Summer Time),0,0,0.095,72026.15809589828
Thu Aug 29 2024 10:00:00 GMT+0100 (British Summer Time),0,0,0.095,4024.3993598095276
Thu Aug 29 2024 11:00:00 GMT+0100 (British Summer Time),0,0,0.0952,14918.640332616453
Thu Aug 29 2024 12:00:00 GMT+0100 (British Summer Time),0,0,0.0954,16495.802783177616
Thu Aug 29 2024 13:00:00 GMT+0100 (British Summer Time),0,0,0.0958,29447.043325542814
Thu Aug 29 2024 14:00:00 GMT+0100 (British Summer Time),0,0,0.0956,235346.39436941716
Thu Aug 29 2024 15:00:00 GMT+0100 (British Summer Time),0,0,0.0956,0
Thu Aug 29 2024 16:00:00 GMT+0100 (British Summer Time),0,0,0.0956,0
Thu Aug 29 2024 17:00:00 GMT+0100 (British Summer Time),0,0,0.0956,0
Thu Aug 29 2024 18:00:00 GMT+0100 (British Summer Time),0,0,0.0957,5859.8077505974925
Thu Aug 29 2024 19:00:00 GMT+0100 (British Summer Time),0,0,0.0962,36800.56218857661
Thu Aug 29 2024 20:00:00 GMT+0100 (British Summer Time),0,0,0.0962,906.510894412503
Thu Aug 29 2024 21:00:00 GMT+0100 (British Summer Time),0,0,0.0962,2440.8491461989356
Thu Aug 29 2024 22:00:00 GMT+0100 (British Summer Time),0,0,0.0963,11161.464319346172
Thu Aug 29 2024 23:00:00 GMT+0100 (British Summer Time),0,0,0.0963,40763.21524131156
Fri Aug 30 2024 00:00:00 GMT+0100 (British Summer Time),0,0,0.0963,10.773801494638073
Fri Aug 30 2024 01:00:00 GMT+0100 (British Summer Time),0,0,0.0965,12194.159231310274
Fri Aug 30 2024 02:00:00 GMT+0100 (British Summer Time),0,0,0.0965,1179.0208946915927
Fri Aug 30 2024 03:00:00 GMT+0100 (British Summer Time),0,0,0.0965,1544.3832669848314
Fri Aug 30 2024 04:00:00 GMT+0100 (British Summer Time),0,0,0.0911,388557.4230307359
Fri Aug 30 2024 05:00:00 GMT+0100 (British Summer Time),0,0,0.0913,21789.339355613803
Fri Aug 30 2024 06:00:00 GMT+0100 (British Summer Time),0,0,0.0917,46497.35968396578
Fri Aug 30 2024 07:00:00 GMT+0100 (British Summer Time),0,0,0.0917,0
Fri Aug 30 2024 08:00:00 GMT+0100 (British Summer Time),0,0,0.0924,47771.26000435772
Fri Aug 30 2024 09:00:00 GMT+0100 (British Summer Time),0,0,0.0924,2309.049107109259
Fri Aug 30 2024 10:00:00 GMT+0100 (British Summer Time),0,0,0.0924,0
Fri Aug 30 2024 11:00:00 GMT+0100 (British Summer Time),0,0,0.0924,162.4888558008815
Fri Aug 30 2024 12:00:00 GMT+0100 (British Summer Time),0,0,0.0924,0
Fri Aug 30 2024 13:00:00 GMT+0100 (British Summer Time),0,0,0.0933,159099.95769089958
Fri Aug 30 2024 14:00:00 GMT+0100 (British Summer Time),0,0,0.0929,22764.16964407045
Fri Aug 30 2024 15:00:00 GMT+0100 (British Summer Time),0,0,0.0929,0
Fri Aug 30 2024 16:00:00 GMT+0100 (British Summer Time),0,0,0.0929,0
Fri Aug 30 2024 17:00:00 GMT+0100 (British Summer Time),0,0,0.0929,0
Fri Aug 30 2024 18:00:00 GMT+0100 (British Summer Time),0,0,0.0925,30601.235410869333
Fri Aug 30 2024 19:00:00 GMT+0100 (British Summer Time),0,0,0.0929,29961.73567432373
Fri Aug 30 2024 20:00:00 GMT+0100 (British Summer Time),0,0,0.093,3876.8500358459883
Fri Aug 30 2024 21:00:00 GMT+0100 (British Summer Time),0,0,0.093,1941.764873682453
Fri Aug 30 2024 22:00:00 GMT+0100 (British Summer Time),0,0,0.093,0
Fri Aug 30 2024 23:00:00 GMT+0100 (British Summer Time),0,0,0.093,0
Sat Aug 31 2024 00:00:00 GMT+0100 (British Summer Time),0,0,0.093,73263.71579901304
Sat Aug 31 2024 01:00:00 GMT+0100 (British Summer Time),0,0,0.093,3654.998841979246
Sat Aug 31 2024 02:00:00 GMT+0100 (British Summer Time),0,0,0.0937,44000.588812710026
Sat Aug 31 2024 03:00:00 GMT+0100 (British Summer Time),0,0,0.0937,0
Sat Aug 31 2024 04:00:00 GMT+0100 (British Summer Time),0,0,0.0937,0
Sat Aug 31 2024 05:00:00 GMT+0100 (British Summer Time),0,0,0.0937,0
Sat Aug 31 2024 06:00:00 GMT+0100 (British Summer Time),0,0,0.0937,1773.2087165108924
Sat Aug 31 2024 07:00:00 GMT+0100 (British Summer Time),0,0,0.0937,2365.322164188189
Sat Aug 31 2024 08:00:00 GMT+0100 (British Summer Time),0,0,0.094,19028.108247953453
Sat Aug 31 2024 09:00:00 GMT+0100 (British Summer Time),0,0,0.0944,29627.000277838004
Sat Aug 31 2024 10:00:00 GMT+0100 (British Summer Time),0,0,0.0946,10000.859161391778
Sat Aug 31 2024 11:00:00 GMT+0100 (British Summer Time),0,0,0.0948,11960.491650823446
Sat Aug 31 2024 12:00:00 GMT+0100 (British Summer Time),0,0,0.0956,56922.45143554197
Sat Aug 31 2024 13:00:00 GMT+0100 (British Summer Time),0,0,0.0961,34633.719591412984
Sat Aug 31 2024 14:00:00 GMT+0100 (British Summer Time),0,0,0.0963,10639.356473458833
Sat Aug 31 2024 15:00:00 GMT+0100 (British Summer Time),0,0,0.0968,36383.84934057022
Sat Aug 31 2024 16:00:00 GMT+0100 (British Summer Time),0,0,0.0969,8731.660701614646
Sat Aug 31 2024 17:00:00 GMT+0100 (British Summer Time),0,0,0.0969,387.17771333942403
Sat Aug 31 2024 18:00:00 GMT+0100 (British Summer Time),0,0,0.0969,1347.9436270551946
Sat Aug 31 2024 19:00:00 GMT+0100 (British Summer Time),0,0,0.097,3046.4482624012235
Sat Aug 31 2024 20:00:00 GMT+0100 (British Summer Time),0,0,0.0972,12656.851672344957
Sat Aug 31 2024 21:00:00 GMT+0100 (British Summer Time),0,0,0.0972,925.7228045808017
Sat Aug 31 2024 22:00:00 GMT+0100 (British Summer Time),0,0,0.0972,0
Sat Aug 31 2024 23:00:00 GMT+0100 (British Summer Time),0,0,0.0971,10085.556360284496
Sun Sep 01 2024 00:00:00 GMT+0100 (British Summer Time),0,0,0.0971,0
Sun Sep 01 2024 01:00:00 GMT+0100 (British Summer Time),0,0,0.0971,1.407319435660293
Sun Sep 01 2024 02:00:00 GMT+0100 (British Summer Time),0,0,0.0971,3125.823576924936
Sun Sep 01 2024 03:00:00 GMT+0100 (British Summer Time),0,0,0.0971,1154.5527703238547
Sun Sep 01 2024 04:00:00 GMT+0100 (British Summer Time),0,0,0.0972,8926.651813030589
Sun Sep 01 2024 05:00:00 GMT+0100 (British Summer Time),0,0,0.0972,226.11512153297753
Sun Sep 01 2024 06:00:00 GMT+0100 (British Summer Time),0,0,0.0973,1555.143293697879
Sun Sep 01 2024 07:00:00 GMT+0100 (British Summer Time),0,0,0.0974,6803.956974489023
Sun Sep 01 2024 08:00:00 GMT+0100 (British Summer Time),0,0,0.0977,49409.79902974842
Sun Sep 01 2024 09:00:00 GMT+0100 (British Summer Time),0,0,0.0977,12451.045589875961
Sun Sep 01 2024 10:00:00 GMT+0100 (British Summer Time),0,0,0.0977,3889.430004152741
Sun Sep 01 2024 11:00:00 GMT+0100 (British Summer Time),0,0,0.0978,8785.302173861839
Sun Sep 01 2024 12:00:00 GMT+0100 (British Summer Time),0,0,0.0979,2609.664308307312
Sun Sep 01 2024 13:00:00 GMT+0100 (British Summer Time),0,0,0.0981,13718.238557638753
Sun Sep 01 2024 14:00:00 GMT+0100 (British Summer Time),0,0,0.098,3008.6631949365446
Sun Sep 01 2024 15:00:00 GMT+0100 (British Summer Time),0,0,0.0943,271662.6730352911
Sun Sep 01 2024 16:00:00 GMT+0100 (British Summer Time),0,0,0.0938,83748.1793215141
Sun Sep 01 2024 17:00:00 GMT+0100 (British Summer Time),0,0,0.0939,35015.76915499982
Sun Sep 01 2024 18:00:00 GMT+0100 (British Summer Time),0,0,0.0939,0
Sun Sep 01 2024 19:00:00 GMT+0100 (British Summer Time),0,0,0.094,5626.444784035073
Sun Sep 01 2024 20:00:00 GMT+0100 (British Summer Time),0,0,0.094,4143.950392827945
Sun Sep 01 2024 21:00:00 GMT+0100 (British Summer Time),0,0,0.0937,45487.56075150254
Sun Sep 01 2024 22:00:00 GMT+0100 (British Summer Time),0,0,0.0938,6656.570029163326
Sun Sep 01 2024 23:00:00 GMT+0100 (British Summer Time),0,0,0.0941,16782.26800381599
Mon Sep 02 2024 00:00:00 GMT+0100 (British Summer Time),0,0,0.0942,4863.18486365538
Mon Sep 02 2024 01:00:00 GMT+0100 (British Summer Time),0,0,0.0944,18434.328003814353
Mon Sep 02 2024 02:00:00 GMT+0100 (British Summer Time),0,0,0.0945,3651.6327370299437
Mon Sep 02 2024 03:00:00 GMT+0100 (British Summer Time),0,0,0.0945,5.98769552520952
Mon Sep 02 2024 04:00:00 GMT+0100 (British Summer Time),0,0,0.0945,0
Mon Sep 02 2024 05:00:00 GMT+0100 (British Summer Time),0,0,0.0945,2454.928360936292
Mon Sep 02 2024 06:00:00 GMT+0100 (British Summer Time),0,0,0.0946,822.408725777868
Mon Sep 02 2024 07:00:00 GMT+0100 (British Summer Time),0,0,0.0946,1641.0657341041574
Mon Sep 02 2024 08:00:00 GMT+0100 (British Summer Time),0,0,0.0947,5873.641274740481
Mon Sep 02 2024 09:00:00 GMT+0100 (British Summer Time),0,0,0.0947,0
Mon Sep 02 2024 10:00:00 GMT+0100 (British Summer Time),0,0,0.0947,0
Mon Sep 02 2024 11:00:00 GMT+0100 (British Summer Time),0,0,0.0947,0
Mon Sep 02 2024 12:00:00 GMT+0100 (British Summer Time),0,0,0.0948,7902.775191226905
Mon Sep 02 2024 13:00:00 GMT+0100 (British Summer Time),0,0,0.095,15560.92189544105
Mon Sep 02 2024 14:00:00 GMT+0100 (British Summer Time),0,0,0.095,0
Mon Sep 02 2024 15:00:00 GMT+0100 (British Summer Time),0,0,0.095,0
Mon Sep 02 2024 16:00:00 GMT+0100 (British Summer Time),0,0,0.095,0
Mon Sep 02 2024 17:00:00 GMT+0100 (British Summer Time),0,0,0.0903,320404.0977925252
Mon Sep 02 2024 18:00:00 GMT+0100 (British Summer Time),0,0,0.0903,0
Mon Sep 02 2024 19:00:00 GMT+0100 (British Summer Time),0,0,0.0903,0
Mon Sep 02 2024 20:00:00 GMT+0100 (British Summer Time),0,0,0.0909,44953.21078541708
Mon Sep 02 2024 21:00:00 GMT+0100 (British Summer Time),0,0,0.0909,0
Mon Sep 02 2024 22:00:00 GMT+0100 (British Summer Time),0,0,0.091,2722.5949901762697
Mon Sep 02 2024 23:00:00 GMT+0100 (British Summer Time),0,0,0.091,1.7689209879090506
Tue Sep 03 2024 00:00:00 GMT+0100 (British Summer Time),0,0,0.091,2197.2753964011677
Tue Sep 03 2024 01:00:00 GMT+0100 (British Summer Time),0,0,0.091,1434.3681753368714
Tue Sep 03 2024 02:00:00 GMT+0100 (British Summer Time),0,0,0.0918,106313.22123659897
Tue Sep 03 2024 03:00:00 GMT+0100 (British Summer Time),0,0,0.0918,0
Tue Sep 03 2024 04:00:00 GMT+0100 (British Summer Time),0,0,0.0919,2719.4277352835566
Tue Sep 03 2024 05:00:00 GMT+0100 (British Summer Time),0,0,0.0925,101254.93253810282
Tue Sep 03 2024 06:00:00 GMT+0100 (British Summer Time),0,0,0.0925,0
Tue Sep 03 2024 07:00:00 GMT+0100 (British Summer Time),0,0,0.0933,59428.80816588969
Tue Sep 03 2024 08:00:00 GMT+0100 (British Summer Time),0,0,0.0932,81642.2826642379
Tue Sep 03 2024 09:00:00 GMT+0100 (British Summer Time),0,0,0.0932,2012.2916568285054
Tue Sep 03 2024 10:00:00 GMT+0100 (British Summer Time),0,0,0.0932,0
Tue Sep 03 2024 11:00:00 GMT+0100 (British Summer Time),0,0,0.0932,454.07334771905585
Tue Sep 03 2024 12:00:00 GMT+0100 (British Summer Time),0,0,0.0933,478.9996471012496
Tue Sep 03 2024 13:00:00 GMT+0100 (British Summer Time),0,0,0.0933,0
Tue Sep 03 2024 14:00:00 GMT+0100 (British Summer Time),0,0,0.0933,0
Tue Sep 03 2024 15:00:00 GMT+0100 (British Summer Time),0,0,0.0948,99072.21865253037
Tue Sep 03 2024 16:00:00 GMT+0100 (British Summer Time),0,0,0.0948,1825.342302151805
Tue Sep 03 2024 17:00:00 GMT+0100 (British Summer Time),0,0,0.0948,0
Tue Sep 03 2024 18:00:00 GMT+0100 (British Summer Time),0,0,0.0951,22810.54710250893
Tue Sep 03 2024 19:00:00 GMT+0100 (British Summer Time),0,0,0.0959,465532.2138628129
Tue Sep 03 2024 20:00:00 GMT+0100 (British Summer Time),0,0,0.0959,0
Tue Sep 03 2024 21:00:00 GMT+0100 (British Summer Time),0,0,0.0959,0
Tue Sep 03 2024 22:00:00 GMT+0100 (British Summer Time),0,0,0.0959,0
Tue Sep 03 2024 23:00:00 GMT+0100 (British Summer Time),0,0,0.0959,0
Wed Sep 04 2024 00:00:00 GMT+0100 (British Summer Time),0,0,0.0959,0
Wed Sep 04 2024 01:00:00 GMT+0100 (British Summer Time),0,0,0.096,213.1397604997174
Wed Sep 04 2024 02:00:00 GMT+0100 (British Summer Time),0,0,0.096,0
Wed Sep 04 2024 03:00:00 GMT+0100 (British Summer Time),0,0,0.096,0
Wed Sep 04 2024 04:00:00 GMT+0100 (British Summer Time),0,0,0.096,3918.7930035329487
Wed Sep 04 2024 05:00:00 GMT+0100 (British Summer Time),0,0,0.1023,728264.2069704505
Wed Sep 04 2024 06:00:00 GMT+0100 (British Summer Time),0,0,0.1032,57116.200283163096
Wed Sep 04 2024 07:00:00 GMT+0100 (British Summer Time),0,0,0.1032,1045.9666025205238
Wed Sep 04 2024 08:00:00 GMT+0100 (British Summer Time),0,0,0.1034,11206.852619024352
Wed Sep 04 2024 09:00:00 GMT+0100 (British Summer Time),0,0,0.1035,3674.0545742741087
Wed Sep 04 2024 10:00:00 GMT+0100 (British Summer Time),0,0,0.0962,486182.0661416542
Wed Sep 04 2024 11:00:00 GMT+0100 (British Summer Time),0,0,0.0964,10039.849568454863
Wed Sep 04 2024 12:00:00 GMT+0100 (British Summer Time),0,0,0.0965,4773.498192131539
Wed Sep 04 2024 13:00:00 GMT+0100 (British Summer Time),0,0,0.0965,2183.3725659031884
Wed Sep 04 2024 14:00:00 GMT+0100 (British Summer Time),0,0,0.0965,0
Wed Sep 04 2024 15:00:00 GMT+0100 (British Summer Time),0,0,0.0965,0
Wed Sep 04 2024 16:00:00 GMT+0100 (British Summer Time),0,0,0.0965,51.35489387651818
Wed Sep 04 2024 17:00:00 GMT+0100 (British Summer Time),0,0,0.0965,0
Wed Sep 04 2024 18:00:00 GMT+0100 (British Summer Time),0,0,0.0965,0
Wed Sep 04 2024 19:00:00 GMT+0100 (British Summer Time),0,0,0.0965,0
Wed Sep 04 2024 20:00:00 GMT+0100 (British Summer Time),0,0,0.0965,0
Wed Sep 04 2024 21:00:00 GMT+0100 (British Summer Time),0,0,0.0965,0
Wed Sep 04 2024 22:00:00 GMT+0100 (British Summer Time),0,0,0.0965,0
Wed Sep 04 2024 23:00:00 GMT+0100 (British Summer Time),0,0,0.0965,0
Thu Sep 05 2024 00:00:00 GMT+0100 (British Summer Time),0,0,0.0966,8730.712378286384
Thu Sep 05 2024 01:00:00 GMT+0100 (British Summer Time),0,0,0.0966,0
Thu Sep 05 2024 02:00:00 GMT+0100 (British Summer Time),0,0,0.0966,0
Thu Sep 05 2024 03:00:00 GMT+0100 (British Summer Time),0,0,0.0966,0
Thu Sep 05 2024 04:00:00 GMT+0100 (British Summer Time),0,0,0.0966,0
Thu Sep 05 2024 05:00:00 GMT+0100 (British Summer Time),0,0,0.097,21177.549226604486
Thu Sep 05 2024 06:00:00 GMT+0100 (British Summer Time),0,0,0.0971,19255.994453705498
Thu Sep 05 2024 07:00:00 GMT+0100 (British Summer Time),0,0,0.0971,1506.9614799766948
Thu Sep 05 2024 08:00:00 GMT+0100 (British Summer Time),0,0,0.0969,43753.372803774415
Thu Sep 05 2024 09:00:00 GMT+0100 (British Summer Time),0,0,0.0969,2638.0456068170442
Thu Sep 05 2024 10:00:00 GMT+0100 (British Summer Time),0,0,0.0969,0
Thu Sep 05 2024 11:00:00 GMT+0100 (British Summer Time),0,0,0.0973,41904.29359298058
Thu Sep 05 2024 12:00:00 GMT+0100 (British Summer Time),0,0,0.0974,6914.585531267777
Thu Sep 05 2024 13:00:00 GMT+0100 (British Summer Time),0,0,0.0975,11770.471829741631
Thu Sep 05 2024 14:00:00 GMT+0100 (British Summer Time),0,0,0.0977,3475.28558675685
Thu Sep 05 2024 15:00:00 GMT+0100 (British Summer Time),0,0,0.0977,4086.855566033965
Thu Sep 05 2024 16:00:00 GMT+0100 (British Summer Time),0,0,0.1051,484643.1998019951
Thu Sep 05 2024 17:00:00 GMT+0100 (British Summer Time),0,0,0.1051,0
Thu Sep 05 2024 18:00:00 GMT+0100 (British Summer Time),0,0,0.1051,0
Thu Sep 05 2024 19:00:00 GMT+0100 (British Summer Time),0,0,0.1051,0
Thu Sep 05 2024 20:00:00 GMT+0100 (British Summer Time),0,0,0.1054,18089.87107131432
Thu Sep 05 2024 21:00:00 GMT+0100 (British Summer Time),0,0,0.1054,1482.1244938745003
Thu Sep 05 2024 22:00:00 GMT+0100 (British Summer Time),0,0,0.1054,635.828427089398
Thu Sep 05 2024 23:00:00 GMT+0100 (British Summer Time),0,0,0.1056,10293.333668273754
Fri Sep 06 2024 00:00:00 GMT+0100 (British Summer Time),0,0,0.1064,55850.60204034425
Fri Sep 06 2024 01:00:00 GMT+0100 (British Summer Time),0,0,0.1053,81783.73289285792
Fri Sep 06 2024 02:00:00 GMT+0100 (British Summer Time),0,0,0.1056,16018.478739580496
Fri Sep 06 2024 03:00:00 GMT+0100 (British Summer Time),0,0,0.1056,4136.497681498831
Fri Sep 06 2024 04:00:00 GMT+0100 (British Summer Time),0,0,0.0927,1208371.2094707815
Fri Sep 06 2024 05:00:00 GMT+0100 (British Summer Time),0,0,0.0927,391.9849433849772
Fri Sep 06 2024 06:00:00 GMT+0100 (British Summer Time),0,0,0.0927,0
Fri Sep 06 2024 07:00:00 GMT+0100 (British Summer Time),0,0,0.093,16144.435623817002
Fri Sep 06 2024 08:00:00 GMT+0100 (British Summer Time),0,0,0.093,2444.664448121126
Fri Sep 06 2024 09:00:00 GMT+0100 (British Summer Time),0,0,0.093,0
Fri Sep 06 2024 10:00:00 GMT+0100 (British Summer Time),0,0,0.0932,8467.448654492731
Fri Sep 06 2024 11:00:00 GMT+0100 (British Summer Time),0,0,0.0933,4974.221055426503
Fri Sep 06 2024 12:00:00 GMT+0100 (British Summer Time),0,0,0.0933,0
Fri Sep 06 2024 13:00:00 GMT+0100 (British Summer Time),0,0,0.0934,6932.44969289715
Fri Sep 06 2024 14:00:00 GMT+0100 (British Summer Time),0,0,0.0934,0
Fri Sep 06 2024 15:00:00 GMT+0100 (British Summer Time),0,0,0.0934,0
Fri Sep 06 2024 16:00:00 GMT+0100 (British Summer Time),0,0,0.0934,0
Fri Sep 06 2024 17:00:00 GMT+0100 (British Summer Time),0,0,0.0719,2251176.451674158
Fri Sep 06 2024 18:00:00 GMT+0100 (British Summer Time),0,0,0.0719,8.365791164903845
Fri Sep 06 2024 19:00:00 GMT+0100 (British Summer Time),0,0,0.0719,0
Fri Sep 06 2024 20:00:00 GMT+0100 (British Summer Time),0,0,0.0719,0
Fri Sep 06 2024 21:00:00 GMT+0100 (British Summer Time),0,0,0.0719,0
Fri Sep 06 2024 22:00:00 GMT+0100 (British Summer Time),0,0,0.0719,0
Fri Sep 06 2024 23:00:00 GMT+0100 (British Summer Time),0,0,0.072,6600.178561506821
Sat Sep 07 2024 00:00:00 GMT+0100 (British Summer Time),0,0,0.0725,24978.661297145005
Sat Sep 07 2024 01:00:00 GMT+0100 (British Summer Time),0,0,0.0726,5865.57933427565
Sat Sep 07 2024 02:00:00 GMT+0100 (British Summer Time),0,0,0.0708,126694.57022673335
Sat Sep 07 2024 03:00:00 GMT+0100 (British Summer Time),0,0,0.0711,12472.074033271043
Sat Sep 07 2024 04:00:00 GMT+0100 (British Summer Time),0,0,0.0711,1366.4669357820148
Sat Sep 07 2024 05:00:00 GMT+0100 (British Summer Time),0,0,0.073,123443.50112015003
Sat Sep 07 2024 06:00:00 GMT+0100 (British Summer Time),0,0,0.073,608.9340730178723
Sat Sep 07 2024 07:00:00 GMT+0100 (British Summer Time),0,0,0.0731,5116.857712445766
Sat Sep 07 2024 08:00:00 GMT+0100 (British Summer Time),0,0,0.0732,6551.843199046558
Sat Sep 07 2024 09:00:00 GMT+0100 (British Summer Time),0,0,0.0734,15355.109124464967
Sat Sep 07 2024 10:00:00 GMT+0100 (British Summer Time),0,0,0.0734,236.6699137903285
Sat Sep 07 2024 11:00:00 GMT+0100 (British Summer Time),0,0,0.0734,0
Sat Sep 07 2024 12:00:00 GMT+0100 (British Summer Time),0,0,0.0734,0
Sat Sep 07 2024 13:00:00 GMT+0100 (British Summer Time),0,0,0.0734,0
Sat Sep 07 2024 14:00:00 GMT+0100 (British Summer Time),0,0,0.0735,2524.421899341201
Sat Sep 07 2024 15:00:00 GMT+0100 (British Summer Time),0,0,0.0735,0
Sat Sep 07 2024 16:00:00 GMT+0100 (British Summer Time),0,0,0.0735,0
Sat Sep 07 2024 17:00:00 GMT+0100 (British Summer Time),0,0,0.0735,0
Sat Sep 07 2024 18:00:00 GMT+0100 (British Summer Time),0,0,0.0735,1269.7516422001002
Sat Sep 07 2024 19:00:00 GMT+0100 (British Summer Time),0,0,0.0735,951.9185897509977
Sat Sep 07 2024 20:00:00 GMT+0100 (British Summer Time),0,0,0.0683,303738.3516801387
Sat Sep 07 2024 21:00:00 GMT+0100 (British Summer Time),0,0,0.0684,2396.4321064880023
Sat Sep 07 2024 22:00:00 GMT+0100 (British Summer Time),0,0,0.0685,8170.587320172794
Sat Sep 07 2024 23:00:00 GMT+0100 (British Summer Time),0,0,0.0685,0
Sun Sep 08 2024 00:00:00 GMT+0100 (British Summer Time),0,0,0.0687,9419.510095066915
Sun Sep 08 2024 01:00:00 GMT+0100 (British Summer Time),0,0,0.0693,31477.47040335981
Sun Sep 08 2024 02:00:00 GMT+0100 (British Summer Time),0,0,0.0693,0
Sun Sep 08 2024 03:00:00 GMT+0100 (British Summer Time),0,0,0.0693,681.1037560021052
Sun Sep 08 2024 04:00:00 GMT+0100 (British Summer Time),0,0,0.0694,3764.992040440975
Sun Sep 08 2024 05:00:00 GMT+0100 (British Summer Time),0,0,0.0694,0
Sun Sep 08 2024 06:00:00 GMT+0100 (British Summer Time),0,0,0.0694,18509.622769545822
Sun Sep 08 2024 07:00:00 GMT+0100 (British Summer Time),0,0,0.0698,18102.1714881447
Sun Sep 08 2024 08:00:00 GMT+0100 (British Summer Time),0,0,0.0721,130829.71934967065
Sun Sep 08 2024 09:00:00 GMT+0100 (British Summer Time),0,0,0.0724,14227.743142381089
Sun Sep 08 2024 10:00:00 GMT+0100 (British Summer Time),0,0,0.0728,20032.6075262182
Sun Sep 08 2024 11:00:00 GMT+0100 (British Summer Time),0,0,0.0734,32748.90212192145
Sun Sep 08 2024 12:00:00 GMT+0100 (British Summer Time),0,0,0.0734,0
Sun Sep 08 2024 13:00:00 GMT+0100 (British Summer Time),0,0,0.0738,20478.960072996506
Sun Sep 08 2024 14:00:00 GMT+0100 (British Summer Time),0,0,0.0743,30247.430569420434
Sun Sep 08 2024 15:00:00 GMT+0100 (British Summer Time),0,0,0.0744,3007.899635895617
Sun Sep 08 2024 16:00:00 GMT+0100 (British Summer Time),0,0,0.0744,0
Sun Sep 08 2024 17:00:00 GMT+0100 (British Summer Time),0,0,0.0745,3152.0072291281886
Sun Sep 08 2024 18:00:00 GMT+0100 (British Summer Time),0,0,0.0745,33135.7367414158
Sun Sep 08 2024 19:00:00 GMT+0100 (British Summer Time),0,0,0.0745,350.3686072639912
Sun Sep 08 2024 20:00:00 GMT+0100 (British Summer Time),0,0,0.0745,0
Sun Sep 08 2024 21:00:00 GMT+0100 (British Summer Time),0,0,0.0745,0
Sun Sep 08 2024 22:00:00 GMT+0100 (British Summer Time),0,0,0.0746,4015.079804505655
Sun Sep 08 2024 23:00:00 GMT+0100 (British Summer Time),0,0,0.0746,2146.837438435298
Mon Sep 09 2024 00:00:00 GMT+0100 (British Summer Time),0,0,0.0748,10958.528428299058
Mon Sep 09 2024 01:00:00 GMT+0100 (British Summer Time),0,0,0.0748,607.4301466105125
Mon Sep 09 2024 02:00:00 GMT+0100 (British Summer Time),0,0,0.0748,743.5004246369328
Mon Sep 09 2024 03:00:00 GMT+0100 (British Summer Time),0,0,0.0748,0
Mon Sep 09 2024 04:00:00 GMT+0100 (British Summer Time),0,0,0.0749,5554.629725696461
Mon Sep 09 2024 05:00:00 GMT+0100 (British Summer Time),0,0,0.0751,9201.556262976681
Mon Sep 09 2024 06:00:00 GMT+0100 (British Summer Time),0,0,0.0751,0
Mon Sep 09 2024 07:00:00 GMT+0100 (British Summer Time),0,0,0.0751,677.9699355133414
Mon Sep 09 2024 08:00:00 GMT+0100 (British Summer Time),0,0,0.0751,80028.35031823016
Mon Sep 09 2024 09:00:00 GMT+0100 (British Summer Time),0,0,0.0738,7140.425338208208
Mon Sep 09 2024 10:00:00 GMT+0100 (British Summer Time),0,0,0.074,11021.70647277389
Mon Sep 09 2024 11:00:00 GMT+0100 (British Summer Time),0,0,0.074,11047.64426517635
Mon Sep 09 2024 12:00:00 GMT+0100 (British Summer Time),0,0,0.0741,7048.573172273331
Mon Sep 09 2024 13:00:00 GMT+0100 (British Summer Time),0,0,0.0742,26582.032759104673
Mon Sep 09 2024 14:00:00 GMT+0100 (British Summer Time),0,0,0.0742,0
Mon Sep 09 2024 15:00:00 GMT+0100 (British Summer Time),0,0,0.0742,0
Mon Sep 09 2024 16:00:00 GMT+0100 (British Summer Time),0,0,0.0742,0
Mon Sep 09 2024 17:00:00 GMT+0100 (British Summer Time),0,0,0.0742,0
Mon Sep 09 2024 18:00:00 GMT+0100 (British Summer Time),0,0,0.0742,0
Mon Sep 09 2024 19:00:00 GMT+0100 (British Summer Time),0,0,0.0742,0
Mon Sep 09 2024 20:00:00 GMT+0100 (British Summer Time),0,0,0.0742,0
Mon Sep 09 2024 21:00:00 GMT+0100 (British Summer Time),0,0,0.0747,28957.86632649221
Mon Sep 09 2024 22:00:00 GMT+0100 (British Summer Time),0,0,0.0753,31450.55791154373
Mon Sep 09 2024 23:00:00 GMT+0100 (British Summer Time),0,0,0.0764,61308.35949009633
Tue Sep 10 2024 00:00:00 GMT+0100 (British Summer Time),0,0,0.0764,0
Tue Sep 10 2024 01:00:00 GMT+0100 (British Summer Time),0,0,0.0767,21366.751798481808
Tue Sep 10 2024 02:00:00 GMT+0100 (British Summer Time),0,0,0.0771,20361.633207370698
Tue Sep 10 2024 03:00:00 GMT+0100 (British Summer Time),0,0,0.0771,0
Tue Sep 10 2024 04:00:00 GMT+0100 (British Summer Time),0,0,0.0778,48283.86723832901
Tue Sep 10 2024 05:00:00 GMT+0100 (British Summer Time),0,0,0.0778,0
Tue Sep 10 2024 06:00:00 GMT+0100 (British Summer Time),0,0,0.0774,50689.90152161202
Tue Sep 10 2024 07:00:00 GMT+0100 (British Summer Time),0,0,0.0775,6613.362426010315
Tue Sep 10 2024 08:00:00 GMT+0100 (British Summer Time),0,0,0.0775,265643.8470475639
Tue Sep 10 2024 09:00:00 GMT+0100 (British Summer Time),0,0,0.074,226534.232895187
Tue Sep 10 2024 10:00:00 GMT+0100 (British Summer Time),0,0,0.074,759.7385523005067
Tue Sep 10 2024 11:00:00 GMT+0100 (British Summer Time),0,0,0.0742,7584.2194843171455
Tue Sep 10 2024 12:00:00 GMT+0100 (British Summer Time),0,0,0.0742,0
Tue Sep 10 2024 13:00:00 GMT+0100 (British Summer Time),0,0,0.0742,0
Tue Sep 10 2024 14:00:00 GMT+0100 (British Summer Time),0,0,0.0742,0
Tue Sep 10 2024 15:00:00 GMT+0100 (British Summer Time),0,0,0.0742,0
Tue Sep 10 2024 16:00:00 GMT+0100 (British Summer Time),0,0,0.0742,0
Tue Sep 10 2024 17:00:00 GMT+0100 (British Summer Time),0,0,0.0742,0
Tue Sep 10 2024 18:00:00 GMT+0100 (British Summer Time),0,0,0.0742,0
Tue Sep 10 2024 19:00:00 GMT+0100 (British Summer Time),0,0,0.0742,0
Tue Sep 10 2024 20:00:00 GMT+0100 (British Summer Time),0,0,0.0742,0
Tue Sep 10 2024 21:00:00 GMT+0100 (British Summer Time),0,0,0.0742,0
Tue Sep 10 2024 22:00:00 GMT+0100 (British Summer Time),0,0,0.0742,0
Tue Sep 10 2024 23:00:00 GMT+0100 (British Summer Time),0,0,0.0742,0
Wed Sep 11 2024 00:00:00 GMT+0100 (British Summer Time),0,0,0.0746,22283.25172514509
Wed Sep 11 2024 01:00:00 GMT+0100 (British Summer Time),0,0,0.0754,47987.42512348452
Wed Sep 11 2024 02:00:00 GMT+0100 (British Summer Time),0,0,0.0763,87660.22984836408
Wed Sep 11 2024 03:00:00 GMT+0100 (British Summer Time),0,0,0.0766,13230.252851701338
Wed Sep 11 2024 04:00:00 GMT+0100 (British Summer Time),0,0,0.0767,7243.775571615699
Wed Sep 11 2024 05:00:00 GMT+0100 (British Summer Time),0,0,0.0767,0
Wed Sep 11 2024 06:00:00 GMT+0100 (British Summer Time),0,0,0.0768,996.8800649365464
Wed Sep 11 2024 07:00:00 GMT+0100 (British Summer Time),0,0,0.0768,3912.0481797980206
Wed Sep 11 2024 08:00:00 GMT+0100 (British Summer Time),0,0,0.0769,1320.9082459820002
Wed Sep 11 2024 09:00:00 GMT+0100 (British Summer Time),0,0,0.0769,0
Wed Sep 11 2024 10:00:00 GMT+0100 (British Summer Time),0,0,0.0769,4013.130581626448
Wed Sep 11 2024 11:00:00 GMT+0100 (British Summer Time),0,0,0.0774,27017.120801129946
Wed Sep 11 2024 12:00:00 GMT+0100 (British Summer Time),0,0,0.0779,27032.61581283377
Wed Sep 11 2024 13:00:00 GMT+0100 (British Summer Time),0,0,0.0779,0
Wed Sep 11 2024 14:00:00 GMT+0100 (British Summer Time),0,0,0.0779,0
Wed Sep 11 2024 15:00:00 GMT+0100 (British Summer Time),0,0,0.0779,0
Wed Sep 11 2024 16:00:00 GMT+0100 (British Summer Time),0,0,0.0779,0
Wed Sep 11 2024 17:00:00 GMT+0100 (British Summer Time),0,0,0.0779,0
Wed Sep 11 2024 18:00:00 GMT+0100 (British Summer Time),0,0,0.0778,9384.383336719673
Wed Sep 11 2024 19:00:00 GMT+0100 (British Summer Time),0,0,0.0778,0
Wed Sep 11 2024 20:00:00 GMT+0100 (British Summer Time),0,0,0.0778,0
Wed Sep 11 2024 21:00:00 GMT+0100 (British Summer Time),0,0,0.0779,694.3339812683344
Wed Sep 11 2024 22:00:00 GMT+0100 (British Summer Time),0,0,0.0779,0
Wed Sep 11 2024 23:00:00 GMT+0100 (British Summer Time),0,0,0.0779,0
Thu Sep 12 2024 00:00:00 GMT+0100 (British Summer Time),0,0,0.078,7978.030516230451
Thu Sep 12 2024 01:00:00 GMT+0100 (British Summer Time),0,0,0.078,0
Thu Sep 12 2024 02:00:00 GMT+0100 (British Summer Time),0,0,0.078,0
Thu Sep 12 2024 03:00:00 GMT+0100 (British Summer Time),0,0,0.078,0
Thu Sep 12 2024 04:00:00 GMT+0100 (British Summer Time),0,0,0.0781,7512.746241803872
Thu Sep 12 2024 05:00:00 GMT+0100 (British Summer Time),0,0,0.0781,0
Thu Sep 12 2024 06:00:00 GMT+0100 (British Summer Time),0,0,0.078,4785.240494316699
Thu Sep 12 2024 07:00:00 GMT+0100 (British Summer Time),0,0,0.078,0
Thu Sep 12 2024 08:00:00 GMT+0100 (British Summer Time),0,0,0.078,0
Thu Sep 12 2024 09:00:00 GMT+0100 (British Summer Time),0,0,0.0781,912.8827974326111
Thu Sep 12 2024 10:00:00 GMT+0100 (British Summer Time),0,0,0.0781,0
Thu Sep 12 2024 11:00:00 GMT+0100 (British Summer Time),0,0,0.0782,9752.168286599739
Thu Sep 12 2024 12:00:00 GMT+0100 (British Summer Time),0,0,0.0782,47814.47429360108
Thu Sep 12 2024 13:00:00 GMT+0100 (British Summer Time),0,0,0.0782,0
Thu Sep 12 2024 14:00:00 GMT+0100 (British Summer Time),0,0,0.0782,0
Thu Sep 12 2024 15:00:00 GMT+0100 (British Summer Time),0,0,0.0782,0
Thu Sep 12 2024 16:00:00 GMT+0100 (British Summer Time),0,0,0.0782,0
Thu Sep 12 2024 17:00:00 GMT+0100 (British Summer Time),0,0,0.0782,0
Thu Sep 12 2024 18:00:00 GMT+0100 (British Summer Time),0,0,0.0781,40179.2872082619
Thu Sep 12 2024 19:00:00 GMT+0100 (British Summer Time),0,0,0.0781,0
Thu Sep 12 2024 20:00:00 GMT+0100 (British Summer Time),0,0,0.0781,0
Thu Sep 12 2024 21:00:00 GMT+0100 (British Summer Time),0,0,0.0781,19920.862722236907
Thu Sep 12 2024 22:00:00 GMT+0100 (British Summer Time),0,0,0.0781,0
Thu Sep 12 2024 23:00:00 GMT+0100 (British Summer Time),0,0,0.0781,0
Fri Sep 13 2024 00:00:00 GMT+0100 (British Summer Time),0,0,0.0781,0
Fri Sep 13 2024 01:00:00 GMT+0100 (British Summer Time),0,0,0.0781,0
Fri Sep 13 2024 02:00:00 GMT+0100 (British Summer Time),0,0,0.0781,0
Fri Sep 13 2024 03:00:00 GMT+0100 (British Summer Time),0,0,0.0781,0
Fri Sep 13 2024 04:00:00 GMT+0100 (British Summer Time),0,0,0.0782,5925.402696714923
Fri Sep 13 2024 05:00:00 GMT+0100 (British Summer Time),0,0,0.0782,0
Fri Sep 13 2024 06:00:00 GMT+0100 (British Summer Time),0,0,0.0783,6112.861427009764
Fri Sep 13 2024 07:00:00 GMT+0100 (British Summer Time),0,0,0.0785,9859.818310659786
Fri Sep 13 2024 08:00:00 GMT+0100 (British Summer Time),0,0,0.0787,28193.20021281572
Fri Sep 13 2024 09:00:00 GMT+0100 (British Summer Time),0,0,0.0771,101331.22461873075
Fri Sep 13 2024 10:00:00 GMT+0100 (British Summer Time),0,0,0.0772,3149.1255865206513
Fri Sep 13 2024 11:00:00 GMT+0100 (British Summer Time),0,0,0.0773,3331.074963045161
Fri Sep 13 2024 12:00:00 GMT+0100 (British Summer Time),0,0,0.0774,4522.990084549125
Fri Sep 13 2024 13:00:00 GMT+0100 (British Summer Time),0,0,0.0774,4254.595968075882
Fri Sep 13 2024 14:00:00 GMT+0100 (British Summer Time),0,0,0.0788,411034.581245982
Fri Sep 13 2024 15:00:00 GMT+0100 (British Summer Time),0,0,0.0788,0
Fri Sep 13 2024 16:00:00 GMT+0100 (British Summer Time),0,0,0.0788,0
Fri Sep 13 2024 17:00:00 GMT+0100 (British Summer Time),0,0,0.0787,62098.18953639371
Fri Sep 13 2024 18:00:00 GMT+0100 (British Summer Time),0,0,0.0787,0
Fri Sep 13 2024 19:00:00 GMT+0100 (British Summer Time),0,0,0.0787,0
Fri Sep 13 2024 20:00:00 GMT+0100 (British Summer Time),0,0,0.0797,58460.732733700825
Fri Sep 13 2024 21:00:00 GMT+0100 (British Summer Time),0,0,0.0797,0
Fri Sep 13 2024 22:00:00 GMT+0100 (British Summer Time),0,0,0.0797,0
Fri Sep 13 2024 23:00:00 GMT+0100 (British Summer Time),0,0,0.0797,0
Sat Sep 14 2024 00:00:00 GMT+0100 (British Summer Time),0,0,0.0803,35344.89626414997
Sat Sep 14 2024 01:00:00 GMT+0100 (British Summer Time),0,0,0.0803,0
Sat Sep 14 2024 02:00:00 GMT+0100 (British Summer Time),0,0,0.0804,1231.721618342387
Sat Sep 14 2024 03:00:00 GMT+0100 (British Summer Time),0,0,0.0804,0
Sat Sep 14 2024 04:00:00 GMT+0100 (British Summer Time),0,0,0.0804,0
Sat Sep 14 2024 05:00:00 GMT+0100 (British Summer Time),0,0,0.0803,2595.5332942454083
Sat Sep 14 2024 06:00:00 GMT+0100 (British Summer Time),0,0,0.0829,151712.6222322569
Sat Sep 14 2024 07:00:00 GMT+0100 (British Summer Time),0,0,0.0843,85715.68429652178
Sat Sep 14 2024 08:00:00 GMT+0100 (British Summer Time),0,0,0.0847,23885.90363252344
Sat Sep 14 2024 09:00:00 GMT+0100 (British Summer Time),0,0,0.0849,12320.456988192676
Sat Sep 14 2024 10:00:00 GMT+0100 (British Summer Time),0,0,0.0852,16101.855828644102
Sat Sep 14 2024 11:00:00 GMT+0100 (British Summer Time),0,0,0.0856,23726.54474937851
Sat Sep 14 2024 12:00:00 GMT+0100 (British Summer Time),0,0,0.0861,30950.191418644292
Sat Sep 14 2024 13:00:00 GMT+0100 (British Summer Time),0,0,0.0865,24161.74016086187
Sat Sep 14 2024 14:00:00 GMT+0100 (British Summer Time),0,0,0.0868,18067.010907491407
Sat Sep 14 2024 15:00:00 GMT+0100 (British Summer Time),0,0,0.0868,0
Sat Sep 14 2024 16:00:00 GMT+0100 (British Summer Time),0,0,0.0868,0
Sat Sep 14 2024 17:00:00 GMT+0100 (British Summer Time),0,0,0.087,11100.06745852637
Sat Sep 14 2024 18:00:00 GMT+0100 (British Summer Time),0,0,0.087,0
Sat Sep 14 2024 19:00:00 GMT+0100 (British Summer Time),0,0,0.087,0
Sat Sep 14 2024 20:00:00 GMT+0100 (British Summer Time),0,0,0.087,0
Sat Sep 14 2024 21:00:00 GMT+0100 (British Summer Time),0,0,0.087,0
Sat Sep 14 2024 22:00:00 GMT+0100 (British Summer Time),0,0,0.087,1066.8371559486097
Sat Sep 14 2024 23:00:00 GMT+0100 (British Summer Time),0,0,0.087,3803.9440225977214
Sun Sep 15 2024 00:00:00 GMT+0100 (British Summer Time),0,0,0.0871,46327.89688705457
Sun Sep 15 2024 01:00:00 GMT+0100 (British Summer Time),0,0,0.0872,6633.755267366239
Sun Sep 15 2024 02:00:00 GMT+0100 (British Summer Time),0,0,0.0872,2858.3781657965555
Sun Sep 15 2024 03:00:00 GMT+0100 (British Summer Time),0,0,0.0872,0
Sun Sep 15 2024 04:00:00 GMT+0100 (British Summer Time),0,0,0.0874,126310.6089427936
Sun Sep 15 2024 05:00:00 GMT+0100 (British Summer Time),0,0,0.0876,13462.608738048915
Sun Sep 15 2024 06:00:00 GMT+0100 (British Summer Time),0,0,0.0876,0
Sun Sep 15 2024 07:00:00 GMT+0100 (British Summer Time),0,0,0.0851,172330.70662982366
Sun Sep 15 2024 08:00:00 GMT+0100 (British Summer Time),0,0,0.0852,10506.17631847283
Sun Sep 15 2024 09:00:00 GMT+0100 (British Summer Time),0,0,0.0858,46992.19759657181
Sun Sep 15 2024 10:00:00 GMT+0100 (British Summer Time),0,0,0.0859,0
Sun Sep 15 2024 11:00:00 GMT+0100 (British Summer Time),0,0,0.0863,19904.102490828518
Sun Sep 15 2024 12:00:00 GMT+0100 (British Summer Time),0,0,0.0866,16893.83042017239
Sun Sep 15 2024 13:00:00 GMT+0100 (British Summer Time),0,0,0.0866,47986.74601089458
Sun Sep 15 2024 14:00:00 GMT+0100 (British Summer Time),0,0,0.0866,0
Sun Sep 15 2024 15:00:00 GMT+0100 (British Summer Time),0,0,0.0867,6522.986645505258
Sun Sep 15 2024 16:00:00 GMT+0100 (British Summer Time),0,0,0.0865,60816.9501278794
Sun Sep 15 2024 17:00:00 GMT+0100 (British Summer Time),0,0,0.0865,0
Sun Sep 15 2024 18:00:00 GMT+0100 (British Summer Time),0,0,0.0865,0
Sun Sep 15 2024 19:00:00 GMT+0100 (British Summer Time),0,0,0.0865,0
Sun Sep 15 2024 20:00:00 GMT+0100 (British Summer Time),0,0,0.0865,0
Sun Sep 15 2024 21:00:00 GMT+0100 (British Summer Time),0,0,0.0865,0
Sun Sep 15 2024 22:00:00 GMT+0100 (British Summer Time),0,0,0.0867,14737.98827988205
Sun Sep 15 2024 23:00:00 GMT+0100 (British Summer Time),0,0,0.087,16878.041584592003
Mon Sep 16 2024 00:00:00 GMT+0100 (British Summer Time),0,0,0.0872,10356.22805174946
Mon Sep 16 2024 01:00:00 GMT+0100 (British Summer Time),0,0,0.0874,13164.10115511936
Mon Sep 16 2024 02:00:00 GMT+0100 (British Summer Time),0,0,0.0875,6222.905748132951
Mon Sep 16 2024 03:00:00 GMT+0100 (British Summer Time),0,0,0.0876,3247.836953115729
Mon Sep 16 2024 04:00:00 GMT+0100 (British Summer Time),0,0,0.0876,0
Mon Sep 16 2024 05:00:00 GMT+0100 (British Summer Time),0,0,0.0877,3387.743714493018
Mon Sep 16 2024 06:00:00 GMT+0100 (British Summer Time),0,0,0.0878,5896.350476965885
Mon Sep 16 2024 07:00:00 GMT+0100 (British Summer Time),0,0,0.0878,0
Mon Sep 16 2024 08:00:00 GMT+0100 (British Summer Time),0,0,0.0878,0
Mon Sep 16 2024 09:00:00 GMT+0100 (British Summer Time),0,0,0.0878,0
Mon Sep 16 2024 10:00:00 GMT+0100 (British Summer Time),0,0,0.0878,0
Mon Sep 16 2024 11:00:00 GMT+0100 (British Summer Time),0,0,0.0878,0
Mon Sep 16 2024 12:00:00 GMT+0100 (British Summer Time),0,0,0.0878,0
Mon Sep 16 2024 13:00:00 GMT+0100 (British Summer Time),0,0,0.0878,0
Mon Sep 16 2024 14:00:00 GMT+0100 (British Summer Time),0,0,0.0878,0
Mon Sep 16 2024 15:00:00 GMT+0100 (British Summer Time),0,0,0.088,14392.263215483887
Mon Sep 16 2024 16:00:00 GMT+0100 (British Summer Time),0,0,0.088,0
Mon Sep 16 2024 17:00:00 GMT+0100 (British Summer Time),0,0,0.088,0
Mon Sep 16 2024 18:00:00 GMT+0100 (British Summer Time),0,0,0.088,970.4456048675529
Mon Sep 16 2024 19:00:00 GMT+0100 (British Summer Time),0,0,0.088,0
Mon Sep 16 2024 20:00:00 GMT+0100 (British Summer Time),0,0,0.088,0
Mon Sep 16 2024 21:00:00 GMT+0100 (British Summer Time),0,0,0.088,0
Mon Sep 16 2024 22:00:00 GMT+0100 (British Summer Time),0,0,0.0756,689270.3959188644
Mon Sep 16 2024 23:00:00 GMT+0100 (British Summer Time),0,0,0.0756,0
Tue Sep 17 2024 00:00:00 GMT+0100 (British Summer Time),0,0,0.0756,7.372763604070904
Tue Sep 17 2024 01:00:00 GMT+0100 (British Summer Time),0,0,0.0756,0
Tue Sep 17 2024 02:00:00 GMT+0100 (British Summer Time),0,0,0.0756,0
Tue Sep 17 2024 03:00:00 GMT+0100 (British Summer Time),0,0,0.0756,0
Tue Sep 17 2024 04:00:00 GMT+0100 (British Summer Time),0,0,0.0756,0
Tue Sep 17 2024 05:00:00 GMT+0100 (British Summer Time),0,0,0.0756,0
Tue Sep 17 2024 06:00:00 GMT+0100 (British Summer Time),0,0,0.0756,0
Tue Sep 17 2024 07:00:00 GMT+0100 (British Summer Time),0,0,0.0757,6252.388723276139
Tue Sep 17 2024 08:00:00 GMT+0100 (British Summer Time),0,0,0.0757,0
Tue Sep 17 2024 09:00:00 GMT+0100 (British Summer Time),0,0,0.0757,0
Tue Sep 17 2024 10:00:00 GMT+0100 (British Summer Time),0,0,0.0757,0
Tue Sep 17 2024 11:00:00 GMT+0100 (British Summer Time),0,0,0.0757,0
Tue Sep 17 2024 12:00:00 GMT+0100 (British Summer Time),0,0,0.0757,0
Tue Sep 17 2024 13:00:00 GMT+0100 (British Summer Time),0,0,0.0757,0
Tue Sep 17 2024 14:00:00 GMT+0100 (British Summer Time),0,0,0.0757,0
Tue Sep 17 2024 15:00:00 GMT+0100 (British Summer Time),0,0,0.0758,2963.3279415785755
Tue Sep 17 2024 16:00:00 GMT+0100 (British Summer Time),0,0,0.0758,0
Tue Sep 17 2024 17:00:00 GMT+0100 (British Summer Time),0,0,0.076,11618.248098872551
Tue Sep 17 2024 18:00:00 GMT+0100 (British Summer Time),0,0,0.076,0
Tue Sep 17 2024 19:00:00 GMT+0100 (British Summer Time),0,0,0.076,0
Tue Sep 17 2024 20:00:00 GMT+0100 (British Summer Time),0,0,0.076,0
Tue Sep 17 2024 21:00:00 GMT+0100 (British Summer Time),0,0,0.068,709008.8968376974
Tue Sep 17 2024 22:00:00 GMT+0100 (British Summer Time),0,0,0.068,0
Tue Sep 17 2024 23:00:00 GMT+0100 (British Summer Time),0,0,0.068,0
Wed Sep 18 2024 00:00:00 GMT+0100 (British Summer Time),0,0,0.068,0
Wed Sep 18 2024 01:00:00 GMT+0100 (British Summer Time),0,0,0.0682,13589.255257335313
Wed Sep 18 2024 02:00:00 GMT+0100 (British Summer Time),0,0,0.0682,0
Wed Sep 18 2024 03:00:00 GMT+0100 (British Summer Time),0,0,0.0682,0
Wed Sep 18 2024 04:00:00 GMT+0100 (British Summer Time),0,0,0.0682,0
Wed Sep 18 2024 05:00:00 GMT+0100 (British Summer Time),0,0,0.0674,159736.85514032014
Wed Sep 18 2024 06:00:00 GMT+0100 (British Summer Time),0,0,0.0674,0
Wed Sep 18 2024 07:00:00 GMT+0100 (British Summer Time),0,0,0.0674,0
Wed Sep 18 2024 08:00:00 GMT+0100 (British Summer Time),0,0,0.065,118798.4550788199
Wed Sep 18 2024 09:00:00 GMT+0100 (British Summer Time),0,0,0.065,0
Wed Sep 18 2024 10:00:00 GMT+0100 (British Summer Time),0,0,0.065,0
Wed Sep 18 2024 11:00:00 GMT+0100 (British Summer Time),0,0,0.065,0
Wed Sep 18 2024 12:00:00 GMT+0100 (British Summer Time),0,0,0.065,0
Wed Sep 18 2024 13:00:00 GMT+0100 (British Summer Time),0,0,0.065,0
Wed Sep 18 2024 14:00:00 GMT+0100 (British Summer Time),0,0,0.0667,86409.18212328371
Wed Sep 18 2024 15:00:00 GMT+0100 (British Summer Time),0,0,0.0667,0
Wed Sep 18 2024 16:00:00 GMT+0100 (British Summer Time),0,0,0.0667,0
Wed Sep 18 2024 17:00:00 GMT+0100 (British Summer Time),0,0,0.067,11414.001878371993
Wed Sep 18 2024 18:00:00 GMT+0100 (British Summer Time),0,0,0.067,635.3564947128402
Wed Sep 18 2024 19:00:00 GMT+0100 (British Summer Time),0,0,0.067,0
Wed Sep 18 2024 20:00:00 GMT+0100 (British Summer Time),0,0,0.067,0
Wed Sep 18 2024 21:00:00 GMT+0100 (British Summer Time),0,0,0.067,0
Wed Sep 18 2024 22:00:00 GMT+0100 (British Summer Time),0,0,0.067,0
Wed Sep 18 2024 23:00:00 GMT+0100 (British Summer Time),0,0,0.067,0
Thu Sep 19 2024 00:00:00 GMT+0100 (British Summer Time),0,0,0.067,0
Thu Sep 19 2024 01:00:00 GMT+0100 (British Summer Time),0,0,0.067,0
Thu Sep 19 2024 02:00:00 GMT+0100 (British Summer Time),0,0,0.067,0
Thu Sep 19 2024 03:00:00 GMT+0100 (British Summer Time),0,0,0.067,0
Thu Sep 19 2024 04:00:00 GMT+0100 (British Summer Time),0,0,0.067,0
Thu Sep 19 2024 05:00:00 GMT+0100 (British Summer Time),0,0,0.067,0
Thu Sep 19 2024 06:00:00 GMT+0100 (British Summer Time),0,0,0.067,0
Thu Sep 19 2024 07:00:00 GMT+0100 (British Summer Time),0,0,0.067,0
Thu Sep 19 2024 08:00:00 GMT+0100 (British Summer Time),0,0,0.067,0
Thu Sep 19 2024 09:00:00 GMT+0100 (British Summer Time),0,0,0.067,0
Thu Sep 19 2024 10:00:00 GMT+0100 (British Summer Time),0,0,0.067,0
Thu Sep 19 2024 11:00:00 GMT+0100 (British Summer Time),0,0,0.067,0
Thu Sep 19 2024 12:00:00 GMT+0100 (British Summer Time),0,0,0.067,0
Thu Sep 19 2024 13:00:00 GMT+0100 (British Summer Time),0,0,0.067,0
Thu Sep 19 2024 14:00:00 GMT+0100 (British Summer Time),0,0,0.067,0
Thu Sep 19 2024 15:00:00 GMT+0100 (British Summer Time),0,0,0.067,0
Thu Sep 19 2024 16:00:00 GMT+0100 (British Summer Time),0,0,0.067,0
Thu Sep 19 2024 17:00:00 GMT+0100 (British Summer Time),0,0,0.067,0
Thu Sep 19 2024 18:00:00 GMT+0100 (British Summer Time),0,0,0.067,0
Thu Sep 19 2024 19:00:00 GMT+0100 (British Summer Time),0,0,0.067,88730.64398610406
Thu Sep 19 2024 20:00:00 GMT+0100 (British Summer Time),0,0,0.0686,0
Thu Sep 19 2024 21:00:00 GMT+0100 (British Summer Time),0,0,0.0686,303.79221090538675
Thu Sep 19 2024 22:00:00 GMT+0100 (British Summer Time),0,0,0.0686,0
Thu Sep 19 2024 23:00:00 GMT+0100 (British Summer Time),0,0,0.0686,0
Fri Sep 20 2024 00:00:00 GMT+0100 (British Summer Time),0,0,0.0686,0
Fri Sep 20 2024 01:00:00 GMT+0100 (British Summer Time),0,0,0.0686,0
Fri Sep 20 2024 02:00:00 GMT+0100 (British Summer Time),0,0,0.0686,0
Fri Sep 20 2024 03:00:00 GMT+0100 (British Summer Time),0,0,0.0693,34545.366559195245
Fri Sep 20 2024 04:00:00 GMT+0100 (British Summer Time),0,0,0.0693,0
Fri Sep 20 2024 05:00:00 GMT+0100 (British Summer Time),0,0,0.0693,0
Fri Sep 20 2024 06:00:00 GMT+0100 (British Summer Time),0,0,0.0702,54328.42039832631
Fri Sep 20 2024 07:00:00 GMT+0100 (British Summer Time),0,0,0.0702,0
Fri Sep 20 2024 08:00:00 GMT+0100 (British Summer Time),0,0,0.0702,0
Fri Sep 20 2024 09:00:00 GMT+0100 (British Summer Time),0,0,0.0702,0
Fri Sep 20 2024 10:00:00 GMT+0100 (British Summer Time),0,0,0.0702,0
Fri Sep 20 2024 11:00:00 GMT+0100 (British Summer Time),0,0,0.0702,0
Fri Sep 20 2024 12:00:00 GMT+0100 (British Summer Time),0,0,0.0702,0
Fri Sep 20 2024 13:00:00 GMT+0100 (British Summer Time),0,0,0.0702,0
Fri Sep 20 2024 14:00:00 GMT+0100 (British Summer Time),0,0,0.0702,0
Fri Sep 20 2024 15:00:00 GMT+0100 (British Summer Time),0,0,0.0702,0
Fri Sep 20 2024 16:00:00 GMT+0100 (British Summer Time),0,0,0.0702,0
Fri Sep 20 2024 17:00:00 GMT+0100 (British Summer Time),0,0,0.0702,0
Fri Sep 20 2024 18:00:00 GMT+0100 (British Summer Time),0,0,0.0702,0
Fri Sep 20 2024 19:00:00 GMT+0100 (British Summer Time),0,0,0.0702,0
Fri Sep 20 2024 20:00:00 GMT+0100 (British Summer Time),0,0,0.0702,0
Fri Sep 20 2024 21:00:00 GMT+0100 (British Summer Time),0,0,0.0702,0
Fri Sep 20 2024 22:00:00 GMT+0100 (British Summer Time),0,0,0.0702,0
Fri Sep 20 2024 23:00:00 GMT+0100 (British Summer Time),0,0,0.0702,0
Sat Sep 21 2024 00:00:00 GMT+0100 (British Summer Time),0,0,0.0702,0
Sat Sep 21 2024 01:00:00 GMT+0100 (British Summer Time),0,0,0.0702,0
Sat Sep 21 2024 02:00:00 GMT+0100 (British Summer Time),0,0,0.0702,0
Sat Sep 21 2024 03:00:00 GMT+0100 (British Summer Time),0,0,0.0702,0
Sat Sep 21 2024 04:00:00 GMT+0100 (British Summer Time),0,0,0.0702,0
Sat Sep 21 2024 05:00:00 GMT+0100 (British Summer Time),0,0,0.0702,0
Sat Sep 21 2024 06:00:00 GMT+0100 (British Summer Time),0,0,0.0702,166.6048177102466
Sat Sep 21 2024 07:00:00 GMT+0100 (British Summer Time),0,0,0.0702,57.74463350086315
Sat Sep 21 2024 08:00:00 GMT+0100 (British Summer Time),0,0,0.0702,0
Sat Sep 21 2024 09:00:00 GMT+0100 (British Summer Time),0,0,0.0702,0
Sat Sep 21 2024 10:00:00 GMT+0100 (British Summer Time),0,0,0.0702,0
Sat Sep 21 2024 11:00:00 GMT+0100 (British Summer Time),0,0,0.0702,413.14479033089395
Sat Sep 21 2024 12:00:00 GMT+0100 (British Summer Time),0,0,0.0703,0
Sat Sep 21 2024 13:00:00 GMT+0100 (British Summer Time),0,0,0.0703,0
Sat Sep 21 2024 14:00:00 GMT+0100 (British Summer Time),0,0,0.0703,0
Sat Sep 21 2024 15:00:00 GMT+0100 (British Summer Time),0,0,0.0703,0
Sat Sep 21 2024 16:00:00 GMT+0100 (British Summer Time),0,0,0.0703,0
Sat Sep 21 2024 17:00:00 GMT+0100 (British Summer Time),0,0,0.0693,53049.17427715666
Sat Sep 21 2024 18:00:00 GMT+0100 (British Summer Time),0,0,0.0693,0
Sat Sep 21 2024 19:00:00 GMT+0100 (British Summer Time),0,0,0.0693,0
Sat Sep 21 2024 20:00:00 GMT+0100 (British Summer Time),0,0,0.0693,0
Sat Sep 21 2024 21:00:00 GMT+0100 (British Summer Time),0,0,0.0697,20448.42371660465
Sat Sep 21 2024 22:00:00 GMT+0100 (British Summer Time),0,0,0.0697,594.9965628812387
Sat Sep 21 2024 23:00:00 GMT+0100 (British Summer Time),0,0,0.0697,0
Sun Sep 22 2024 00:00:00 GMT+0100 (British Summer Time),0,0,0.0697,0
Sun Sep 22 2024 01:00:00 GMT+0100 (British Summer Time),0,0,0.0697,837.5238077757322
Sun Sep 22 2024 02:00:00 GMT+0100 (British Summer Time),0,0,0.0697,0
Sun Sep 22 2024 03:00:00 GMT+0100 (British Summer Time),0,0,0.0622,414108.79976398515
Sun Sep 22 2024 04:00:00 GMT+0100 (British Summer Time),0,0,0.0622,0
Sun Sep 22 2024 05:00:00 GMT+0100 (British Summer Time),0,0,0.0622,0
Sun Sep 22 2024 06:00:00 GMT+0100 (British Summer Time),0,0,0.0622,0
Sun Sep 22 2024 07:00:00 GMT+0100 (British Summer Time),0,0,0.0622,0
Sun Sep 22 2024 08:00:00 GMT+0100 (British Summer Time),0,0,0.0622,0
Sun Sep 22 2024 09:00:00 GMT+0100 (British Summer Time),0,0,0.0622,0
Sun Sep 22 2024 10:00:00 GMT+0100 (British Summer Time),0,0,0.0622,0
Sun Sep 22 2024 11:00:00 GMT+0100 (British Summer Time),0,0,0.0622,0
Sun Sep 22 2024 12:00:00 GMT+0100 (British Summer Time),0,0,0.0622,0
Sun Sep 22 2024 13:00:00 GMT+0100 (British Summer Time),0,0,0.0622,0
Sun Sep 22 2024 14:00:00 GMT+0100 (British Summer Time),0,0,0.0622,0
Sun Sep 22 2024 15:00:00 GMT+0100 (British Summer Time),0,0,0.0622,0
Sun Sep 22 2024 16:00:00 GMT+0100 (British Summer Time),0,0,0.0622,0
Sun Sep 22 2024 17:00:00 GMT+0100 (British Summer Time),0,0,0.0622,456.54420859141806
Sun Sep 22 2024 18:00:00 GMT+0100 (British Summer Time),0,0,0.0622,0
Sun Sep 22 2024 19:00:00 GMT+0100 (British Summer Time),0,0,0.0622,0
Sun Sep 22 2024 20:00:00 GMT+0100 (British Summer Time),0,0,0.0622,0
Sun Sep 22 2024 21:00:00 GMT+0100 (British Summer Time),0,0,0.0622,0
Sun Sep 22 2024 22:00:00 GMT+0100 (British Summer Time),0,0,0.0622,0
Sun Sep 22 2024 23:00:00 GMT+0100 (British Summer Time),0,0,0.0622,0
Mon Sep 23 2024 00:00:00 GMT+0100 (British Summer Time),0,0,0.0622,0
Mon Sep 23 2024 01:00:00 GMT+0100 (British Summer Time),0,0,0.0622,0
Mon Sep 23 2024 02:00:00 GMT+0100 (British Summer Time),0,0,0.0622,0
Mon Sep 23 2024 03:00:00 GMT+0100 (British Summer Time),0,0,0.0622,0
Mon Sep 23 2024 04:00:00 GMT+0100 (British Summer Time),0,0,0.0622,0
Mon Sep 23 2024 05:00:00 GMT+0100 (British Summer Time),0,0,0.0622,0
Mon Sep 23 2024 06:00:00 GMT+0100 (British Summer Time),0,0,0.0622,1255.129783638968
Mon Sep 23 2024 07:00:00 GMT+0100 (British Summer Time),0,0,0.0622,0
Mon Sep 23 2024 08:00:00 GMT+0100 (British Summer Time),0,0,0.0632,57518.52544515233
Mon Sep 23 2024 09:00:00 GMT+0100 (British Summer Time),0,0,0.0632,0
Mon Sep 23 2024 10:00:00 GMT+0100 (British Summer Time),0,0,0.0632,0
Mon Sep 23 2024 11:00:00 GMT+0100 (British Summer Time),0,0,0.0632,0
Mon Sep 23 2024 12:00:00 GMT+0100 (British Summer Time),0,0,0.0632,0
Mon Sep 23 2024 13:00:00 GMT+0100 (British Summer Time),0,0,0.0632,0
Mon Sep 23 2024 14:00:00 GMT+0100 (British Summer Time),0,0,0.0632,0
Mon Sep 23 2024 15:00:00 GMT+0100 (British Summer Time),0,0,0.0632,0
Mon Sep 23 2024 16:00:00 GMT+0100 (British Summer Time),0,0,0.0632,0
Mon Sep 23 2024 17:00:00 GMT+0100 (British Summer Time),0,0,0.0632,0
Mon Sep 23 2024 18:00:00 GMT+0100 (British Summer Time),0,0,0.0632,0
Mon Sep 23 2024 19:00:00 GMT+0100 (British Summer Time),0,0,0.0632,0
Mon Sep 23 2024 20:00:00 GMT+0100 (British Summer Time),0,0,0.0632,0
Mon Sep 23 2024 21:00:00 GMT+0100 (British Summer Time),0,0,0.0632,0
Mon Sep 23 2024 22:00:00 GMT+0100 (British Summer Time),0,0,0.0632,0
Mon Sep 23 2024 23:00:00 GMT+0100 (British Summer Time),0,0,0.0632,0
Tue Sep 24 2024 00:00:00 GMT+0100 (British Summer Time),0,0,0.0632,0
Tue Sep 24 2024 01:00:00 GMT+0100 (British Summer Time),0,0,0.0632,0
Tue Sep 24 2024 02:00:00 GMT+0100 (British Summer Time),0,0,0.0632,0
Tue Sep 24 2024 03:00:00 GMT+0100 (British Summer Time),0,0,0.0632,0
Tue Sep 24 2024 04:00:00 GMT+0100 (British Summer Time),0,0,0.0632,0
Tue Sep 24 2024 05:00:00 GMT+0100 (British Summer Time),0,0,0.0632,0
Tue Sep 24 2024 06:00:00 GMT+0100 (British Summer Time),0,0,0.0632,0
Tue Sep 24 2024 07:00:00 GMT+0100 (British Summer Time),0,0,0.0632,0
Tue Sep 24 2024 08:00:00 GMT+0100 (British Summer Time),0,0,0.0632,0
Tue Sep 24 2024 09:00:00 GMT+0100 (British Summer Time),0,0,0.0632,0
Tue Sep 24 2024 10:00:00 GMT+0100 (British Summer Time),0,0,0.0632,0
Tue Sep 24 2024 11:00:00 GMT+0100 (British Summer Time),0,0,0.0632,0
Tue Sep 24 2024 12:00:00 GMT+0100 (British Summer Time),0,0,0.0632,375.8186517731672
Tue Sep 24 2024 13:00:00 GMT+0100 (British Summer Time),0,0,0.0632,0
Tue Sep 24 2024 14:00:00 GMT+0100 (British Summer Time),0,0,0.0632,0
Tue Sep 24 2024 15:00:00 GMT+0100 (British Summer Time),0,0,0.0632,0
Tue Sep 24 2024 16:00:00 GMT+0100 (British Summer Time),0,0,0.0632,0
Tue Sep 24 2024 17:00:00 GMT+0100 (British Summer Time),0,0,0.0632,0
Tue Sep 24 2024 18:00:00 GMT+0100 (British Summer Time),0,0,0.0632,0
Tue Sep 24 2024 19:00:00 GMT+0100 (British Summer Time),0,0,0.0632,0
Tue Sep 24 2024 20:00:00 GMT+0100 (British Summer Time),0,0,0.0632,0
Tue Sep 24 2024 21:00:00 GMT+0100 (British Summer Time),0,0,0.0632,0
Tue Sep 24 2024 22:00:00 GMT+0100 (British Summer Time),0,0,0.0632,0
Tue Sep 24 2024 23:00:00 GMT+0100 (British Summer Time),0,0,0.0632,0
Wed Sep 25 2024 00:00:00 GMT+0100 (British Summer Time),0,0,0.0632,0
Wed Sep 25 2024 01:00:00 GMT+0100 (British Summer Time),0,0,0.0632,0
Wed Sep 25 2024 02:00:00 GMT+0100 (British Summer Time),0,0,0.0632,0
Wed Sep 25 2024 03:00:00 GMT+0100 (British Summer Time),0,0,0.0632,0
Wed Sep 25 2024 04:00:00 GMT+0100 (British Summer Time),0,0,0.0632,0
Wed Sep 25 2024 05:00:00 GMT+0100 (British Summer Time),0,0,0.0632,0
Wed Sep 25 2024 06:00:00 GMT+0100 (British Summer Time),0,0,0.0632,0
Wed Sep 25 2024 07:00:00 GMT+0100 (British Summer Time),0,0,0.0632,0
Wed Sep 25 2024 08:00:00 GMT+0100 (British Summer Time),0,0,0.0637,27220.50543104224
Wed Sep 25 2024 09:00:00 GMT+0100 (British Summer Time),0,0,0.0637,0
Wed Sep 25 2024 10:00:00 GMT+0100 (British Summer Time),0,0,0.0637,197.95684816484692
Wed Sep 25 2024 11:00:00 GMT+0100 (British Summer Time),0,0,0.0637,0
Wed Sep 25 2024 12:00:00 GMT+0100 (British Summer Time),0,0,0.0637,114.44789255835494
Wed Sep 25 2024 13:00:00 GMT+0100 (British Summer Time),0,0,0.0637,581.4640974019796
Wed Sep 25 2024 14:00:00 GMT+0100 (British Summer Time),0,0,0.0645,134947.56458371656
Wed Sep 25 2024 15:00:00 GMT+0100 (British Summer Time),0,0,0.0663,0
Wed Sep 25 2024 16:00:00 GMT+0100 (British Summer Time),0,0,0.0663,0
Wed Sep 25 2024 17:00:00 GMT+0100 (British Summer Time),0,0,0.0663,0
Wed Sep 25 2024 18:00:00 GMT+0100 (British Summer Time),0,0,0.0664,5350.615014331451
Wed Sep 25 2024 19:00:00 GMT+0100 (British Summer Time),0,0,0.0665,7134.937580828029
Wed Sep 25 2024 20:00:00 GMT+0100 (British Summer Time),0,0,0.0665,0
Wed Sep 25 2024 21:00:00 GMT+0100 (British Summer Time),0,0,0.0665,0
Wed Sep 25 2024 22:00:00 GMT+0100 (British Summer Time),0,0,0.107,2442119.23234363
Wed Sep 25 2024 23:00:00 GMT+0100 (British Summer Time),0,0,0.1077,43353.428293047444
Thu Sep 26 2024 00:00:00 GMT+0100 (British Summer Time),0,0,0.1082,2120.5588624139987