time,underlyingApy1DMA,underlyingApy7DMA,impliedApy,volume
Mon Jun 24 2024 04:00:00 GMT+0100 (British Summer Time),0.0376,0.0266,0.1888,0
Mon Jun 24 2024 05:00:00 GMT+0100 (British Summer Time),0.0376,0.0266,0.1888,0
Mon Jun 24 2024 06:00:00 GMT+0100 (British Summer Time),0.0395,0.0264,0.1888,0
Mon Jun 24 2024 07:00:00 GMT+0100 (British Summer Time),0.0395,0.0264,0.1888,0
Mon Jun 24 2024 08:00:00 GMT+0100 (British Summer Time),0.0395,0.0264,0.1888,0
Mon Jun 24 2024 09:00:00 GMT+0100 (British Summer Time),0.0395,0.0264,0.1888,0
Mon Jun 24 2024 10:00:00 GMT+0100 (British Summer Time),0.0395,0.0264,0.1888,0
Mon Jun 24 2024 11:00:00 GMT+0100 (British Summer Time),0.0395,0.0264,0.1888,0
Mon Jun 24 2024 12:00:00 GMT+0100 (British Summer Time),0.0193,0.0264,0.1888,0
Mon Jun 24 2024 13:00:00 GMT+0100 (British Summer Time),0.0193,0.0264,0.1888,0
Mon Jun 24 2024 14:00:00 GMT+0100 (British Summer Time),0.0176,0.0264,0.1888,0
Mon Jun 24 2024 15:00:00 GMT+0100 (British Summer Time),0.0176,0.0264,0.1888,0
Mon Jun 24 2024 16:00:00 GMT+0100 (British Summer Time),0.0176,0.0264,0.1888,0
Mon Jun 24 2024 17:00:00 GMT+0100 (British Summer Time),0.0176,0.0264,0.1888,0
Mon Jun 24 2024 18:00:00 GMT+0100 (British Summer Time),0.0176,0.0264,0.1888,0
Mon Jun 24 2024 19:00:00 GMT+0100 (British Summer Time),0.0323,0.0265,0.1888,0
Mon Jun 24 2024 20:00:00 GMT+0100 (British Summer Time),0.0323,0.0265,0.1888,0
Mon Jun 24 2024 21:00:00 GMT+0100 (British Summer Time),0.0323,0.0265,0.1888,0
Mon Jun 24 2024 22:00:00 GMT+0100 (British Summer Time),0.0238,0.0265,0.1888,0
Mon Jun 24 2024 23:00:00 GMT+0100 (British Summer Time),0.0238,0.0265,0.1888,0
Tue Jun 25 2024 00:00:00 GMT+0100 (British Summer Time),0.022,0.0265,0.1888,0
Tue Jun 25 2024 01:00:00 GMT+0100 (British Summer Time),0.0201,0.0265,0.1888,0
Tue Jun 25 2024 02:00:00 GMT+0100 (British Summer Time),0.0201,0.0265,0.1888,0
Tue Jun 25 2024 03:00:00 GMT+0100 (British Summer Time),0.0182,0.0265,0.1854,10841.259816962985
Tue Jun 25 2024 04:00:00 GMT+0100 (British Summer Time),0.0163,0.0265,0.1854,0
Tue Jun 25 2024 05:00:00 GMT+0100 (British Summer Time),0.0163,0.0265,0.143,418493.5297750217
Tue Jun 25 2024 06:00:00 GMT+0100 (British Summer Time),0.0145,0.0245,0.143,0
Tue Jun 25 2024 07:00:00 GMT+0100 (British Summer Time),0.0145,0.0245,0.1462,75798.180772377
Tue Jun 25 2024 08:00:00 GMT+0100 (British Summer Time),0.0285,0.0266,0.1464,832.263809694855
Tue Jun 25 2024 09:00:00 GMT+0100 (British Summer Time),0.0285,0.0266,0.1478,9095.779108778228
Tue Jun 25 2024 10:00:00 GMT+0100 (British Summer Time),0.0285,0.0266,0.1478,0
Tue Jun 25 2024 11:00:00 GMT+0100 (British Summer Time),0.0285,0.0266,0.1514,78934.92199444957
Tue Jun 25 2024 12:00:00 GMT+0100 (British Summer Time),0.0285,0.0266,0.1461,58807.36186269942
Tue Jun 25 2024 13:00:00 GMT+0100 (British Summer Time),0.0285,0.0266,0.1491,15370.159435431477
Tue Jun 25 2024 14:00:00 GMT+0100 (British Summer Time),0.0285,0.0266,0.1491,0
Tue Jun 25 2024 15:00:00 GMT+0100 (British Summer Time),0.0285,0.0266,0.1399,63696.25538027256
Tue Jun 25 2024 16:00:00 GMT+0100 (British Summer Time),0.0285,0.0266,0.1527,209828.0190626972
Tue Jun 25 2024 17:00:00 GMT+0100 (British Summer Time),0.0285,0.0266,0.1754,0
Tue Jun 25 2024 18:00:00 GMT+0100 (British Summer Time),0.0285,0.0266,0.1846,59626.20853823956
Tue Jun 25 2024 19:00:00 GMT+0100 (British Summer Time),0.0139,0.0244,0.1852,3692.3570106040374
Tue Jun 25 2024 20:00:00 GMT+0100 (British Summer Time),0.0139,0.0244,0.1858,7943.329495822512
Tue Jun 25 2024 21:00:00 GMT+0100 (British Summer Time),0.0281,0.0264,0.1875,6151.323675075468
Tue Jun 25 2024 22:00:00 GMT+0100 (British Summer Time),0.0301,0.0267,0.1872,1784.2159434773378
Tue Jun 25 2024 23:00:00 GMT+0100 (British Summer Time),0.0301,0.0267,0.1686,114406.63200806075
Wed Jun 26 2024 00:00:00 GMT+0100 (British Summer Time),0.0319,0.0269,0.1691,3057.0193166453014
Wed Jun 26 2024 01:00:00 GMT+0100 (British Summer Time),0.0338,0.0272,0.1704,9916.22432301113
Wed Jun 26 2024 02:00:00 GMT+0100 (British Summer Time),0.0338,0.0272,0.1195,1127185.7390914727
Wed Jun 26 2024 03:00:00 GMT+0100 (British Summer Time),0.0355,0.0275,0.1361,34650.02888064677
Wed Jun 26 2024 04:00:00 GMT+0100 (British Summer Time),0.0372,0.0277,0.1361,165.76689086630535
Wed Jun 26 2024 05:00:00 GMT+0100 (British Summer Time),0.0372,0.0277,0.1396,24204.263774441606
Wed Jun 26 2024 06:00:00 GMT+0100 (British Summer Time),0.0372,0.0277,0.1399,1929.9922682990411
Wed Jun 26 2024 07:00:00 GMT+0100 (British Summer Time),0.0372,0.0277,0.1464,45319.405343081206
Wed Jun 26 2024 08:00:00 GMT+0100 (British Summer Time),0.023,0.0254,0.1466,7131.151304663821
Wed Jun 26 2024 09:00:00 GMT+0100 (British Summer Time),0.023,0.0254,0.1466,0
Wed Jun 26 2024 10:00:00 GMT+0100 (British Summer Time),0.023,0.0254,0.1531,81081.1885887761
Wed Jun 26 2024 11:00:00 GMT+0100 (British Summer Time),0.023,0.0254,0.1441,99709.69131156581
Wed Jun 26 2024 12:00:00 GMT+0100 (British Summer Time),0.023,0.0254,0.1416,19880.938154376207
Wed Jun 26 2024 13:00:00 GMT+0100 (British Summer Time),0.023,0.0254,0.142,2895.35779060087
Wed Jun 26 2024 14:00:00 GMT+0100 (British Summer Time),0.023,0.0254,0.1419,3949.351679818725
Wed Jun 26 2024 15:00:00 GMT+0100 (British Summer Time),0.035,0.0271,0.1418,608.8108056983831
Wed Jun 26 2024 16:00:00 GMT+0100 (British Summer Time),0.035,0.0271,0.1448,21604.16337681326
Wed Jun 26 2024 17:00:00 GMT+0100 (British Summer Time),0.035,0.0271,0.1452,22039.605990043798
Wed Jun 26 2024 18:00:00 GMT+0100 (British Summer Time),0.035,0.0271,0.1452,0
Wed Jun 26 2024 19:00:00 GMT+0100 (British Summer Time),0.035,0.0271,0.1456,12287.81699738094
Wed Jun 26 2024 20:00:00 GMT+0100 (British Summer Time),0.035,0.0271,0.1395,47053.242172032325
Wed Jun 26 2024 21:00:00 GMT+0100 (British Summer Time),0.0206,0.025,0.1384,8539.251481873545
Wed Jun 26 2024 22:00:00 GMT+0100 (British Summer Time),0.0186,0.025,0.1396,28582.512644535793
Wed Jun 26 2024 23:00:00 GMT+0100 (British Summer Time),0.0186,0.025,0.1403,1178.1236633116391
Thu Jun 27 2024 00:00:00 GMT+0100 (British Summer Time),0.0169,0.0245,0.1377,29825.01162274926
Thu Jun 27 2024 01:00:00 GMT+0100 (British Summer Time),0.015,0.0242,0.1047,1510653.558293261
Thu Jun 27 2024 02:00:00 GMT+0100 (British Summer Time),0.015,0.0242,0.0998,362647.4817172431
Thu Jun 27 2024 03:00:00 GMT+0100 (British Summer Time),0.0252,0.0257,0.0892,226400.04316837227
Thu Jun 27 2024 04:00:00 GMT+0100 (British Summer Time),0.0235,0.0257,0.0901,1778891.2904813956
Thu Jun 27 2024 05:00:00 GMT+0100 (British Summer Time),0.0235,0.0257,0.0954,182609.12218294552
Thu Jun 27 2024 06:00:00 GMT+0100 (British Summer Time),0.0235,0.0252,0.1055,645814.7825008713
Thu Jun 27 2024 07:00:00 GMT+0100 (British Summer Time),0.0235,0.0252,0.1084,491118.2593922558
Thu Jun 27 2024 08:00:00 GMT+0100 (British Summer Time),0.0235,0.0249,0.1042,200112.38700237547
Thu Jun 27 2024 09:00:00 GMT+0100 (British Summer Time),0.0235,0.0249,0.095,2955634.791844969
Thu Jun 27 2024 10:00:00 GMT+0100 (British Summer Time),0.0235,0.0249,0.1052,1233629.4388809656
Thu Jun 27 2024 11:00:00 GMT+0100 (British Summer Time),0.0235,0.0249,0.0984,458128.47062109056
Thu Jun 27 2024 12:00:00 GMT+0100 (British Summer Time),0.0235,0.0249,0.1018,160222.42514342375
Thu Jun 27 2024 13:00:00 GMT+0100 (British Summer Time),0.0235,0.0249,0.1037,71725.34126740335
Thu Jun 27 2024 14:00:00 GMT+0100 (British Summer Time),0.0367,0.0268,0.107,1304660.068388859
Thu Jun 27 2024 15:00:00 GMT+0100 (British Summer Time),0.0247,0.0268,0.1036,214498.3033080338
Thu Jun 27 2024 16:00:00 GMT+0100 (British Summer Time),0.0247,0.0268,0.0998,453453.2719325777
Thu Jun 27 2024 17:00:00 GMT+0100 (British Summer Time),0.0247,0.0268,0.0979,345810.5185401406
Thu Jun 27 2024 18:00:00 GMT+0100 (British Summer Time),0.0247,0.0268,0.0979,0
Thu Jun 27 2024 19:00:00 GMT+0100 (British Summer Time),0.0247,0.0251,0.1055,2259463.8418003465
Thu Jun 27 2024 20:00:00 GMT+0100 (British Summer Time),0.0247,0.0251,0.1022,1303792.5043867733
Thu Jun 27 2024 21:00:00 GMT+0100 (British Summer Time),0.0247,0.0251,0.1016,44372.63433357462
Thu Jun 27 2024 22:00:00 GMT+0100 (British Summer Time),0.0345,0.0265,0.0991,128791.17774809111
Thu Jun 27 2024 23:00:00 GMT+0100 (British Summer Time),0.0364,0.0267,0.0994,27018.523856395153
Fri Jun 28 2024 00:00:00 GMT+0100 (British Summer Time),0.0364,0.0267,0.0936,532945.5364259912
Fri Jun 28 2024 01:00:00 GMT+0100 (British Summer Time),0.0383,0.027,0.0968,763863.3627596813
Fri Jun 28 2024 02:00:00 GMT+0100 (British Summer Time),0.0383,0.027,0.0996,129707.94319200859
Fri Jun 28 2024 03:00:00 GMT+0100 (British Summer Time),0.0263,0.027,0.1,25016.578416144104
Fri Jun 28 2024 04:00:00 GMT+0100 (British Summer Time),0.0263,0.027,0.1005,56315.14405378963
Fri Jun 28 2024 05:00:00 GMT+0100 (British Summer Time),0.0263,0.027,0.0989,73917.18644500864
Fri Jun 28 2024 06:00:00 GMT+0100 (British Summer Time),0.032,0.0261,0.0991,20941.60507716797
Fri Jun 28 2024 07:00:00 GMT+0100 (British Summer Time),0.032,0.0261,0.0994,89695.1816509735
Fri Jun 28 2024 08:00:00 GMT+0100 (British Summer Time),0.032,0.0261,0.0993,211229.9806772322
Fri Jun 28 2024 09:00:00 GMT+0100 (British Summer Time),0.032,0.0261,0.0997,92405.28042627763
Fri Jun 28 2024 10:00:00 GMT+0100 (British Summer Time),0.032,0.0261,0.0997,9413.662270493474
Fri Jun 28 2024 11:00:00 GMT+0100 (British Summer Time),0.032,0.0261,0.0998,230553.56998667106
Fri Jun 28 2024 12:00:00 GMT+0100 (British Summer Time),0.032,0.0261,0.1002,18272.58475859339
Fri Jun 28 2024 13:00:00 GMT+0100 (British Summer Time),0.032,0.0261,0.1002,245356.86307545504
Fri Jun 28 2024 14:00:00 GMT+0100 (British Summer Time),0.0189,0.0261,0.1001,1696.4181014551157
Fri Jun 28 2024 15:00:00 GMT+0100 (British Summer Time),0.0189,0.0261,0.0981,4078682.110640144
Fri Jun 28 2024 16:00:00 GMT+0100 (British Summer Time),0.0189,0.0246,0.0981,17.00000160646399
Fri Jun 28 2024 17:00:00 GMT+0100 (British Summer Time),0.0189,0.0246,0.0973,37146.146401075
Fri Jun 28 2024 18:00:00 GMT+0100 (British Summer Time),0.0189,0.0246,0.0972,4530.430831603603
Fri Jun 28 2024 19:00:00 GMT+0100 (British Summer Time),0.0189,0.0246,0.0966,47844.29901236386
Fri Jun 28 2024 20:00:00 GMT+0100 (British Summer Time),0.0344,0.0269,0.0968,7280.216047854377
Fri Jun 28 2024 21:00:00 GMT+0100 (British Summer Time),0.0344,0.0269,0.0951,348016.2983398308
Fri Jun 28 2024 22:00:00 GMT+0100 (British Summer Time),0.0246,0.0269,0.0957,215671.40150230593
Fri Jun 28 2024 23:00:00 GMT+0100 (British Summer Time),0.0227,0.0269,0.0964,33861.239781070544
Sat Jun 29 2024 00:00:00 GMT+0100 (British Summer Time),0.0227,0.0269,0.0952,89981.38777961825
Sat Jun 29 2024 01:00:00 GMT+0100 (British Summer Time),0.0208,0.0269,0.0956,18450.921289149937
Sat Jun 29 2024 02:00:00 GMT+0100 (British Summer Time),0.0208,0.0269,0.0958,8492.192942315103
Sat Jun 29 2024 03:00:00 GMT+0100 (British Summer Time),0.0208,0.0251,0.0957,309.1440222687206
Sat Jun 29 2024 04:00:00 GMT+0100 (British Summer Time),0.0208,0.0251,0.0958,2001.3359521801754
Sat Jun 29 2024 05:00:00 GMT+0100 (British Summer Time),0.0208,0.0249,0.0941,81326.28657636317
Sat Jun 29 2024 06:00:00 GMT+0100 (British Summer Time),0.0152,0.0249,0.0952,50837.85999950119
Sat Jun 29 2024 07:00:00 GMT+0100 (British Summer Time),0.0152,0.0249,0.0953,12465.730627292513
Sat Jun 29 2024 08:00:00 GMT+0100 (British Summer Time),0.0271,0.0266,0.0954,933.8706918860197
Sat Jun 29 2024 09:00:00 GMT+0100 (British Summer Time),0.0271,0.0266,0.0952,26552.34900435139
Sat Jun 29 2024 10:00:00 GMT+0100 (British Summer Time),0.0271,0.0266,0.0972,92200.3089922451
Sat Jun 29 2024 11:00:00 GMT+0100 (British Summer Time),0.0271,0.0266,0.0977,27527.06262508337
Sat Jun 29 2024 12:00:00 GMT+0100 (British Summer Time),0.0271,0.0254,0.0997,130947.18754939482
Sat Jun 29 2024 13:00:00 GMT+0100 (British Summer Time),0.0271,0.0254,0.101,98772.01434132422
Sat Jun 29 2024 14:00:00 GMT+0100 (British Summer Time),0.0271,0.0252,0.102,50970.429063397845
Sat Jun 29 2024 15:00:00 GMT+0100 (British Summer Time),0.0271,0.0252,0.0965,712524.6202513038
Sat Jun 29 2024 16:00:00 GMT+0100 (British Summer Time),0.0271,0.025,0.0956,39570.33032814589
Sat Jun 29 2024 17:00:00 GMT+0100 (British Summer Time),0.0271,0.0247,0.095,35478.534931921335
Sat Jun 29 2024 18:00:00 GMT+0100 (British Summer Time),0.0271,0.0247,0.0939,190760.1876467729
Sat Jun 29 2024 19:00:00 GMT+0100 (British Summer Time),0.0395,0.0265,0.1,314054.8977495163
Sat Jun 29 2024 20:00:00 GMT+0100 (British Summer Time),0.0239,0.0265,0.1047,310814.4766897879
Sat Jun 29 2024 21:00:00 GMT+0100 (British Summer Time),0.0239,0.0265,0.1073,233679.59267747146
Sat Jun 29 2024 22:00:00 GMT+0100 (British Summer Time),0.0239,0.0265,0.1041,210483.75505720358
Sat Jun 29 2024 23:00:00 GMT+0100 (British Summer Time),0.0239,0.0265,0.1043,9225.451007917152
Sun Jun 30 2024 00:00:00 GMT+0100 (British Summer Time),0.0239,0.0265,0.1043,2987.240018790023
Sun Jun 30 2024 01:00:00 GMT+0100 (British Summer Time),0.0239,0.0265,0.0941,685170.4883896587
Sun Jun 30 2024 02:00:00 GMT+0100 (British Summer Time),0.0239,0.0265,0.0942,3483.0982007781877
Sun Jun 30 2024 03:00:00 GMT+0100 (British Summer Time),0.0239,0.0265,0.0942,3471.5379496686774
Sun Jun 30 2024 04:00:00 GMT+0100 (British Summer Time),0.0239,0.0265,0.0943,677.1117247835507
Sun Jun 30 2024 05:00:00 GMT+0100 (British Summer Time),0.0239,0.0265,0.0926,328726.78314497415
Sun Jun 30 2024 06:00:00 GMT+0100 (British Summer Time),0.0363,0.0283,0.0928,21728.130171667057
Sun Jun 30 2024 07:00:00 GMT+0100 (British Summer Time),0.0363,0.0283,0.0926,8001.590839377137
Sun Jun 30 2024 08:00:00 GMT+0100 (British Summer Time),0.0243,0.0283,0.0931,383200.1846156282
Sun Jun 30 2024 09:00:00 GMT+0100 (British Summer Time),0.0243,0.0283,0.079,1866350.553847125
Sun Jun 30 2024 10:00:00 GMT+0100 (British Summer Time),0.0243,0.0283,0.0818,310399.82530626
Sun Jun 30 2024 11:00:00 GMT+0100 (British Summer Time),0.0243,0.0283,0.0824,25699.661931117917
Sun Jun 30 2024 12:00:00 GMT+0100 (British Summer Time),0.0243,0.0283,0.0798,133315.15677701758
Sun Jun 30 2024 13:00:00 GMT+0100 (British Summer Time),0.0243,0.0254,0.0884,394124.60343707737
Sun Jun 30 2024 14:00:00 GMT+0100 (British Summer Time),0.0243,0.0251,0.0875,40316.54680956119
Sun Jun 30 2024 15:00:00 GMT+0100 (British Summer Time),0.0243,0.0251,0.0876,4601.850013665849
Sun Jun 30 2024 16:00:00 GMT+0100 (British Summer Time),0.0243,0.0251,0.0879,16719.608310421263
Sun Jun 30 2024 17:00:00 GMT+0100 (British Summer Time),0.0361,0.0268,0.0937,677398.4837377736
Sun Jun 30 2024 18:00:00 GMT+0100 (British Summer Time),0.0361,0.0268,0.0934,27008.421693389773
Sun Jun 30 2024 19:00:00 GMT+0100 (British Summer Time),0.0239,0.0268,0.0934,0
Sun Jun 30 2024 20:00:00 GMT+0100 (British Summer Time),0.0239,0.0268,0.0832,599294.3393563782
Sun Jun 30 2024 21:00:00 GMT+0100 (British Summer Time),0.0239,0.0268,0.0833,1216.189432850732
Sun Jun 30 2024 22:00:00 GMT+0100 (British Summer Time),0.0239,0.0256,0.0837,63487.79371737208
Sun Jun 30 2024 23:00:00 GMT+0100 (British Summer Time),0.0239,0.0256,0.0837,5.465530329170398
Mon Jul 01 2024 00:00:00 GMT+0100 (British Summer Time),0.0239,0.0253,0.0835,14049.880231275389
Mon Jul 01 2024 01:00:00 GMT+0100 (British Summer Time),0.0239,0.0251,0.0836,3656.319920088119
Mon Jul 01 2024 02:00:00 GMT+0100 (British Summer Time),0.0239,0.0251,0.0788,397260.8636989967
Mon Jul 01 2024 03:00:00 GMT+0100 (British Summer Time),0.0239,0.0248,0.0783,32414.51852308347
Mon Jul 01 2024 04:00:00 GMT+0100 (British Summer Time),0.0367,0.0264,0.0788,7759.701490163714
Mon Jul 01 2024 05:00:00 GMT+0100 (British Summer Time),0.0367,0.0264,0.0873,408646.86615016323
Mon Jul 01 2024 06:00:00 GMT+0100 (British Summer Time),0.0243,0.0261,0.0873,0
Mon Jul 01 2024 07:00:00 GMT+0100 (British Summer Time),0.0243,0.0261,0.0844,143040.7485695922
Mon Jul 01 2024 08:00:00 GMT+0100 (British Summer Time),0.0243,0.0261,0.0841,13240.087674109116
Mon Jul 01 2024 09:00:00 GMT+0100 (British Summer Time),0.0243,0.0261,0.086,128914.84292671309
Mon Jul 01 2024 10:00:00 GMT+0100 (British Summer Time),0.0243,0.0261,0.0888,148342.72078136413
Mon Jul 01 2024 11:00:00 GMT+0100 (British Summer Time),0.0243,0.0261,0.0888,0
Mon Jul 01 2024 12:00:00 GMT+0100 (British Summer Time),0.0243,0.0261,0.0889,10993.19785692519
Mon Jul 01 2024 13:00:00 GMT+0100 (British Summer Time),0.0243,0.0261,0.0879,112543.95038646
Mon Jul 01 2024 14:00:00 GMT+0100 (British Summer Time),0.0243,0.0261,0.0858,110662.07293545842
Mon Jul 01 2024 15:00:00 GMT+0100 (British Summer Time),0.0243,0.0261,0.0878,703391.3994901864
Mon Jul 01 2024 16:00:00 GMT+0100 (British Summer Time),0.0372,0.0279,0.0876,7025.499185041071
Mon Jul 01 2024 17:00:00 GMT+0100 (British Summer Time),0.0253,0.0279,0.0879,12630.488077325703
Mon Jul 01 2024 18:00:00 GMT+0100 (British Summer Time),0.0253,0.0279,0.0879,2813.6662820156516
Mon Jul 01 2024 19:00:00 GMT+0100 (British Summer Time),0.0253,0.0258,0.0879,0
Mon Jul 01 2024 20:00:00 GMT+0100 (British Summer Time),0.0253,0.0258,0.0879,0
Mon Jul 01 2024 21:00:00 GMT+0100 (British Summer Time),0.0253,0.0258,0.0879,0
Mon Jul 01 2024 22:00:00 GMT+0100 (British Summer Time),0.0253,0.0258,0.088,2295.247337731783
Mon Jul 01 2024 23:00:00 GMT+0100 (British Summer Time),0.0253,0.0258,0.088,0
Tue Jul 02 2024 00:00:00 GMT+0100 (British Summer Time),0.0253,0.0258,0.09,100778.51578990777
Tue Jul 02 2024 01:00:00 GMT+0100 (British Summer Time),0.0253,0.0258,0.0864,182144.1794337433
Tue Jul 02 2024 02:00:00 GMT+0100 (British Summer Time),0.0253,0.0258,0.0864,34821.91974987557
Tue Jul 02 2024 03:00:00 GMT+0100 (British Summer Time),0.0387,0.0277,0.0871,4666.772329566191
Tue Jul 02 2024 04:00:00 GMT+0100 (British Summer Time),0.0258,0.0277,0.0851,423938.865253508
Tue Jul 02 2024 05:00:00 GMT+0100 (British Summer Time),0.0258,0.0277,0.0852,3118.173808328431
Tue Jul 02 2024 06:00:00 GMT+0100 (British Summer Time),0.0258,0.0277,0.0853,6130.662867176645
Tue Jul 02 2024 07:00:00 GMT+0100 (British Summer Time),0.0258,0.0277,0.0856,10728.407460373226
Tue Jul 02 2024 08:00:00 GMT+0100 (British Summer Time),0.0258,0.0257,0.0858,11623.278134398437
Tue Jul 02 2024 09:00:00 GMT+0100 (British Summer Time),0.0258,0.0257,0.0858,0
Tue Jul 02 2024 10:00:00 GMT+0100 (British Summer Time),0.0258,0.0257,0.0858,3060.4995130941943
Tue Jul 02 2024 11:00:00 GMT+0100 (British Summer Time),0.0258,0.0257,0.0855,28747.506985020686
Tue Jul 02 2024 12:00:00 GMT+0100 (British Summer Time),0.0258,0.0257,0.0856,6242.206742532588
Tue Jul 02 2024 13:00:00 GMT+0100 (British Summer Time),0.0258,0.0257,0.0856,0
Tue Jul 02 2024 14:00:00 GMT+0100 (British Summer Time),0.0385,0.0275,0.0861,26058.492355343646
Tue Jul 02 2024 15:00:00 GMT+0100 (British Summer Time),0.0257,0.0275,0.0861,19009.428959060588
Tue Jul 02 2024 16:00:00 GMT+0100 (British Summer Time),0.0257,0.0275,0.0848,885341.074845696
Tue Jul 02 2024 17:00:00 GMT+0100 (British Summer Time),0.0257,0.0275,0.0825,2108.2139471432215
Tue Jul 02 2024 18:00:00 GMT+0100 (British Summer Time),0.0257,0.0275,0.0825,2757.1287696157756
Tue Jul 02 2024 19:00:00 GMT+0100 (British Summer Time),0.0257,0.0275,0.0825,0
Tue Jul 02 2024 20:00:00 GMT+0100 (British Summer Time),0.0257,0.0275,0.0824,3083.6136762582214
Tue Jul 02 2024 21:00:00 GMT+0100 (British Summer Time),0.0257,0.0255,0.0822,84523.08163288614
Tue Jul 02 2024 22:00:00 GMT+0100 (British Summer Time),0.0257,0.0252,0.0822,2740.9959133317384
Tue Jul 02 2024 23:00:00 GMT+0100 (British Summer Time),0.0257,0.0252,0.0822,0
Wed Jul 03 2024 00:00:00 GMT+0100 (British Summer Time),0.0257,0.0249,0.0817,175360.5997930515
Wed Jul 03 2024 01:00:00 GMT+0100 (British Summer Time),0.0392,0.0266,0.0853,1237949.4015894397
Wed Jul 03 2024 02:00:00 GMT+0100 (British Summer Time),0.0392,0.0266,0.0831,5997.601849232562
Wed Jul 03 2024 03:00:00 GMT+0100 (British Summer Time),0.0257,0.0263,0.0872,183276.7139466131
Wed Jul 03 2024 04:00:00 GMT+0100 (British Summer Time),0.0257,0.0261,0.0891,165415.11652406154
Wed Jul 03 2024 05:00:00 GMT+0100 (British Summer Time),0.0257,0.0261,0.0891,0
Wed Jul 03 2024 06:00:00 GMT+0100 (British Summer Time),0.0257,0.0261,0.0834,353019.67922757176
Wed Jul 03 2024 07:00:00 GMT+0100 (British Summer Time),0.0257,0.0261,0.0834,1413.3490740585084
Wed Jul 03 2024 08:00:00 GMT+0100 (British Summer Time),0.0257,0.0261,0.0842,30045.966156195685
Wed Jul 03 2024 09:00:00 GMT+0100 (British Summer Time),0.0257,0.0261,0.0883,197194.18992223978
Wed Jul 03 2024 10:00:00 GMT+0100 (British Summer Time),0.0257,0.0261,0.0891,70328.54658319517
Wed Jul 03 2024 11:00:00 GMT+0100 (British Summer Time),0.0257,0.0261,0.089,112.62462048258175
Wed Jul 03 2024 12:00:00 GMT+0100 (British Summer Time),0.0392,0.028,0.089,0
Wed Jul 03 2024 13:00:00 GMT+0100 (British Summer Time),0.0392,0.028,0.089,0
Wed Jul 03 2024 14:00:00 GMT+0100 (British Summer Time),0.0265,0.028,0.0894,428080.8900888286
Wed Jul 03 2024 15:00:00 GMT+0100 (British Summer Time),0.0265,0.0263,0.0894,0
Wed Jul 03 2024 16:00:00 GMT+0100 (British Summer Time),0.0265,0.0263,0.0909,326131.354829829
Wed Jul 03 2024 17:00:00 GMT+0100 (British Summer Time),0.0265,0.0263,0.0909,0
Wed Jul 03 2024 18:00:00 GMT+0100 (British Summer Time),0.0265,0.0263,0.0909,0
Wed Jul 03 2024 19:00:00 GMT+0100 (British Summer Time),0.0265,0.0263,0.0909,0
Wed Jul 03 2024 20:00:00 GMT+0100 (British Summer Time),0.0265,0.0263,0.0908,6584.489820576672
Wed Jul 03 2024 21:00:00 GMT+0100 (British Summer Time),0.0265,0.0263,0.0909,4821.314862820217
Wed Jul 03 2024 22:00:00 GMT+0100 (British Summer Time),0.0265,0.0263,0.0901,40681.7345948685
Wed Jul 03 2024 23:00:00 GMT+0100 (British Summer Time),0.0398,0.0282,0.0901,1090.8280066637187
Thu Jul 04 2024 00:00:00 GMT+0100 (British Summer Time),0.0398,0.0282,0.0901,6.540515573728009
Thu Jul 04 2024 01:00:00 GMT+0100 (British Summer Time),0.0263,0.0282,0.0901,0
Thu Jul 04 2024 02:00:00 GMT+0100 (British Summer Time),0.0263,0.0282,0.087,129452.38616772834
Thu Jul 04 2024 03:00:00 GMT+0100 (British Summer Time),0.0263,0.0265,0.0834,664757.3594905029
Thu Jul 04 2024 04:00:00 GMT+0100 (British Summer Time),0.0263,0.0265,0.0837,15228.183411249616
Thu Jul 04 2024 05:00:00 GMT+0100 (British Summer Time),0.0263,0.0265,0.0873,176449.84280182648
Thu Jul 04 2024 06:00:00 GMT+0100 (British Summer Time),0.0263,0.0265,0.0877,13767.747936520143
Thu Jul 04 2024 07:00:00 GMT+0100 (British Summer Time),0.0263,0.0265,0.0878,6475.15177844322
Thu Jul 04 2024 08:00:00 GMT+0100 (British Summer Time),0.0263,0.0265,0.0878,0
Thu Jul 04 2024 09:00:00 GMT+0100 (British Summer Time),0.0263,0.0265,0.0878,0
Thu Jul 04 2024 10:00:00 GMT+0100 (British Summer Time),0.0263,0.0265,0.0878,0
Thu Jul 04 2024 11:00:00 GMT+0100 (British Summer Time),0.0398,0.0284,0.0901,93123.67989122252
Thu Jul 04 2024 12:00:00 GMT+0100 (British Summer Time),0.0262,0.0284,0.0901,0
Thu Jul 04 2024 13:00:00 GMT+0100 (British Summer Time),0.0262,0.0284,0.0901,0
Thu Jul 04 2024 14:00:00 GMT+0100 (British Summer Time),0.0262,0.0265,0.0931,253522.44553088924
Thu Jul 04 2024 15:00:00 GMT+0100 (British Summer Time),0.0262,0.0265,0.0945,153563.00350521517
Thu Jul 04 2024 16:00:00 GMT+0100 (British Summer Time),0.0262,0.0265,0.0945,0
Thu Jul 04 2024 17:00:00 GMT+0100 (British Summer Time),0.0262,0.0265,0.0945,0
Thu Jul 04 2024 18:00:00 GMT+0100 (British Summer Time),0.0262,0.0265,0.0945,0
Thu Jul 04 2024 19:00:00 GMT+0100 (British Summer Time),0.0262,0.0265,0.0945,0
Thu Jul 04 2024 20:00:00 GMT+0100 (British Summer Time),0.0262,0.0265,0.0945,0
Thu Jul 04 2024 21:00:00 GMT+0100 (British Summer Time),0.0262,0.0265,0.0995,246155.55828016144
Thu Jul 04 2024 22:00:00 GMT+0100 (British Summer Time),0.0394,0.027,0.0992,12678.777290788667
Thu Jul 04 2024 23:00:00 GMT+0100 (British Summer Time),0.0261,0.0267,0.0994,8520.108506259268
Fri Jul 05 2024 00:00:00 GMT+0100 (British Summer Time),0.0261,0.0267,0.0994,0
Fri Jul 05 2024 01:00:00 GMT+0100 (British Summer Time),0.0261,0.0265,0.0996,159677.917932945
Fri Jul 05 2024 02:00:00 GMT+0100 (British Summer Time),0.0261,0.0265,0.0996,0
Fri Jul 05 2024 03:00:00 GMT+0100 (British Summer Time),0.0261,0.0265,0.0996,81921.56247122801
Fri Jul 05 2024 04:00:00 GMT+0100 (British Summer Time),0.0261,0.0265,0.0977,0
Fri Jul 05 2024 05:00:00 GMT+0100 (British Summer Time),0.0261,0.0265,0.0978,285572.37532480544
Fri Jul 05 2024 06:00:00 GMT+0100 (British Summer Time),0.0261,0.0257,0.0978,0
Fri Jul 05 2024 07:00:00 GMT+0100 (British Summer Time),0.0261,0.0257,0.0978,120523.6973248347
Fri Jul 05 2024 08:00:00 GMT+0100 (British Summer Time),0.0261,0.0257,0.0949,2885.8217666635924
Fri Jul 05 2024 09:00:00 GMT+0100 (British Summer Time),0.0403,0.0277,0.0949,0
Fri Jul 05 2024 10:00:00 GMT+0100 (British Summer Time),0.0403,0.0277,0.0963,56151.210364421495
Fri Jul 05 2024 11:00:00 GMT+0100 (British Summer Time),0.0269,0.0277,0.0963,0
Fri Jul 05 2024 12:00:00 GMT+0100 (British Summer Time),0.0269,0.0277,0.0963,0
Fri Jul 05 2024 13:00:00 GMT+0100 (British Summer Time),0.0269,0.0277,0.0964,149241.30970141842
Fri Jul 05 2024 14:00:00 GMT+0100 (British Summer Time),0.0269,0.0277,0.0965,3250.774184618641
Fri Jul 05 2024 15:00:00 GMT+0100 (British Summer Time),0.0269,0.0277,0.0968,18641.238356348116
Fri Jul 05 2024 16:00:00 GMT+0100 (British Summer Time),0.0269,0.0277,0.0968,0
Fri Jul 05 2024 17:00:00 GMT+0100 (British Summer Time),0.0269,0.0277,0.0953,183603.42507871066
Fri Jul 05 2024 18:00:00 GMT+0100 (British Summer Time),0.0269,0.0277,0.09,214057.0425758535
Fri Jul 05 2024 19:00:00 GMT+0100 (British Summer Time),0.0269,0.0277,0.0901,900.8657670617513
Fri Jul 05 2024 20:00:00 GMT+0100 (British Summer Time),0.0405,0.0274,0.0872,115221.00908489656
Fri Jul 05 2024 21:00:00 GMT+0100 (British Summer Time),0.0405,0.0274,0.0872,0
Fri Jul 05 2024 22:00:00 GMT+0100 (British Summer Time),0.0273,0.0274,0.0872,0
Fri Jul 05 2024 23:00:00 GMT+0100 (British Summer Time),0.0273,0.0274,0.0872,1637.0713408198676
Sat Jul 06 2024 00:00:00 GMT+0100 (British Summer Time),0.0273,0.0274,0.0876,130030.37327756011
Sat Jul 06 2024 01:00:00 GMT+0100 (British Summer Time),0.0273,0.0274,0.0874,15666.077822601663
Sat Jul 06 2024 02:00:00 GMT+0100 (British Summer Time),0.0273,0.0274,0.0869,80630.52961303701
Sat Jul 06 2024 03:00:00 GMT+0100 (British Summer Time),0.0273,0.0274,0.0869,3.1156997536987365
Sat Jul 06 2024 04:00:00 GMT+0100 (British Summer Time),0.0273,0.0274,0.0869,0
Sat Jul 06 2024 05:00:00 GMT+0100 (British Summer Time),0.0273,0.0274,0.0832,380195.44734809047
Sat Jul 06 2024 06:00:00 GMT+0100 (British Summer Time),0.0273,0.0274,0.0841,43469.111120555084
Sat Jul 06 2024 07:00:00 GMT+0100 (British Summer Time),0.0273,0.0257,0.0804,253494.70485718007
Sat Jul 06 2024 08:00:00 GMT+0100 (British Summer Time),0.0406,0.0276,0.0804,0
Sat Jul 06 2024 09:00:00 GMT+0100 (British Summer Time),0.0264,0.0276,0.0807,11740.09840911734
Sat Jul 06 2024 10:00:00 GMT+0100 (British Summer Time),0.0264,0.0276,0.0803,109497.90947664407
Sat Jul 06 2024 11:00:00 GMT+0100 (British Summer Time),0.0264,0.0276,0.0801,20543.42919716682
Sat Jul 06 2024 12:00:00 GMT+0100 (British Summer Time),0.0264,0.0276,0.0781,158839.35283741157
Sat Jul 06 2024 13:00:00 GMT+0100 (British Summer Time),0.0264,0.0276,0.0783,13481.539096110064
Sat Jul 06 2024 14:00:00 GMT+0100 (British Summer Time),0.0264,0.0276,0.0763,218604.81711624458
Sat Jul 06 2024 15:00:00 GMT+0100 (British Summer Time),0.0264,0.0276,0.0763,121.6396031442235
Sat Jul 06 2024 16:00:00 GMT+0100 (British Summer Time),0.0264,0.0276,0.0763,0
Sat Jul 06 2024 17:00:00 GMT+0100 (British Summer Time),0.0264,0.0276,0.0763,0
Sat Jul 06 2024 18:00:00 GMT+0100 (British Summer Time),0.0264,0.0276,0.0763,2190.2116688934157
Sat Jul 06 2024 19:00:00 GMT+0100 (British Summer Time),0.0393,0.0277,0.0763,0
Sat Jul 06 2024 20:00:00 GMT+0100 (British Summer Time),0.0257,0.0277,0.0764,2972.5488005954385
Sat Jul 06 2024 21:00:00 GMT+0100 (British Summer Time),0.0257,0.0277,0.0765,6223.3667234826735
Sat Jul 06 2024 22:00:00 GMT+0100 (British Summer Time),0.0257,0.0277,0.0765,18.471594997420052
Sat Jul 06 2024 23:00:00 GMT+0100 (British Summer Time),0.0257,0.0277,0.0765,0
Sun Jul 07 2024 00:00:00 GMT+0100 (British Summer Time),0.0257,0.0277,0.0765,60663.989705603766
Sun Jul 07 2024 01:00:00 GMT+0100 (British Summer Time),0.0257,0.0277,0.0766,2740.6225363795793
Sun Jul 07 2024 02:00:00 GMT+0100 (British Summer Time),0.0257,0.0277,0.0766,0
Sun Jul 07 2024 03:00:00 GMT+0100 (British Summer Time),0.0257,0.0277,0.0766,391.1627677034437
Sun Jul 07 2024 04:00:00 GMT+0100 (British Summer Time),0.0257,0.0277,0.0752,68044.59195077379
Sun Jul 07 2024 05:00:00 GMT+0100 (British Summer Time),0.0257,0.0277,0.0735,178312.08345782163
Sun Jul 07 2024 06:00:00 GMT+0100 (British Summer Time),0.0257,0.0259,0.0735,25439.02938416347
Sun Jul 07 2024 07:00:00 GMT+0100 (British Summer Time),0.0257,0.0259,0.0693,415066.2052487695
Sun Jul 07 2024 08:00:00 GMT+0100 (British Summer Time),0.0125,0.0259,0.0696,12973.637287804037
Sun Jul 07 2024 09:00:00 GMT+0100 (British Summer Time),0.0125,0.0259,0.0696,0
Sun Jul 07 2024 10:00:00 GMT+0100 (British Summer Time),0.0125,0.0259,0.0709,63050.2793034047
Sun Jul 07 2024 11:00:00 GMT+0100 (British Summer Time),0.0125,0.0259,0.0708,8528.76854143034
Sun Jul 07 2024 12:00:00 GMT+0100 (British Summer Time),0.0125,0.0259,0.0713,24074.951074463774
Sun Jul 07 2024 13:00:00 GMT+0100 (British Summer Time),0.0125,0.0259,0.0711,6885.2438021296075
Sun Jul 07 2024 14:00:00 GMT+0100 (British Summer Time),0.0125,0.0259,0.072,100376.90578936996
Sun Jul 07 2024 15:00:00 GMT+0100 (British Summer Time),0.0353,0.0292,0.072,0
Sun Jul 07 2024 16:00:00 GMT+0100 (British Summer Time),0.0353,0.0292,0.0719,2964.3237454701693
Sun Jul 07 2024 17:00:00 GMT+0100 (British Summer Time),0.0353,0.0275,0.0731,52279.74778935042
Sun Jul 07 2024 18:00:00 GMT+0100 (British Summer Time),0.0353,0.0275,0.0733,8841.509228238663
Sun Jul 07 2024 19:00:00 GMT+0100 (British Summer Time),0.0225,0.0275,0.0733,0
Sun Jul 07 2024 20:00:00 GMT+0100 (British Summer Time),0.0225,0.0275,0.073,11876.217746505454
Sun Jul 07 2024 21:00:00 GMT+0100 (British Summer Time),0.0225,0.0275,0.073,45.41262654061721
Sun Jul 07 2024 22:00:00 GMT+0100 (British Summer Time),0.0225,0.0275,0.073,0
Sun Jul 07 2024 23:00:00 GMT+0100 (British Summer Time),0.0225,0.0275,0.073,0
Mon Jul 08 2024 00:00:00 GMT+0100 (British Summer Time),0.0225,0.0275,0.0744,64128.80606063332
Mon Jul 08 2024 01:00:00 GMT+0100 (British Summer Time),0.0225,0.0275,0.0744,0
Mon Jul 08 2024 02:00:00 GMT+0100 (British Summer Time),0.0225,0.0275,0.0744,0
Mon Jul 08 2024 03:00:00 GMT+0100 (British Summer Time),0.0355,0.0293,0.0744,0
Mon Jul 08 2024 04:00:00 GMT+0100 (British Summer Time),0.0355,0.0275,0.0702,184395.54631668923
Mon Jul 08 2024 05:00:00 GMT+0100 (British Summer Time),0.0355,0.0275,0.0702,2.7644317973865182
Mon Jul 08 2024 06:00:00 GMT+0100 (British Summer Time),0.0355,0.0275,0.0702,647.0598458067416
Mon Jul 08 2024 07:00:00 GMT+0100 (British Summer Time),0.0355,0.0275,0.0701,6389.796891723578
Mon Jul 08 2024 08:00:00 GMT+0100 (British Summer Time),0.0355,0.0275,0.0704,29451.783323575342
Mon Jul 08 2024 09:00:00 GMT+0100 (British Summer Time),0.0355,0.0275,0.0704,0
Mon Jul 08 2024 10:00:00 GMT+0100 (British Summer Time),0.0355,0.0275,0.0701,13696.5472795494
Mon Jul 08 2024 11:00:00 GMT+0100 (British Summer Time),0.0355,0.0275,0.0701,0
Mon Jul 08 2024 12:00:00 GMT+0100 (British Summer Time),0.0355,0.0275,0.0701,0
Mon Jul 08 2024 13:00:00 GMT+0100 (British Summer Time),0.0355,0.0275,0.0698,15687.49627448615
Mon Jul 08 2024 14:00:00 GMT+0100 (British Summer Time),0.0496,0.0295,0.0698,590.2879863588998
Mon Jul 08 2024 15:00:00 GMT+0100 (British Summer Time),0.0266,0.0276,0.0698,0
Mon Jul 08 2024 16:00:00 GMT+0100 (British Summer Time),0.0266,0.0276,0.0698,0
Mon Jul 08 2024 17:00:00 GMT+0100 (British Summer Time),0.0266,0.0276,0.0698,0
Mon Jul 08 2024 18:00:00 GMT+0100 (British Summer Time),0.0266,0.0276,0.0698,0
Mon Jul 08 2024 19:00:00 GMT+0100 (British Summer Time),0.0266,0.0276,0.0698,0
Mon Jul 08 2024 20:00:00 GMT+0100 (British Summer Time),0.0266,0.0276,0.0698,3492.9706348583986
Mon Jul 08 2024 21:00:00 GMT+0100 (British Summer Time),0.0266,0.0276,0.0699,28449.153182362003
Mon Jul 08 2024 22:00:00 GMT+0100 (British Summer Time),0.0266,0.0276,0.0699,0
Mon Jul 08 2024 23:00:00 GMT+0100 (British Summer Time),0.0266,0.0276,0.0699,0
Tue Jul 09 2024 00:00:00 GMT+0100 (British Summer Time),0.0266,0.0276,0.0699,0
Tue Jul 09 2024 01:00:00 GMT+0100 (British Summer Time),0.041,0.0297,0.0699,0
Tue Jul 09 2024 02:00:00 GMT+0100 (British Summer Time),0.041,0.0297,0.0699,237.1023980774156
Tue Jul 09 2024 03:00:00 GMT+0100 (British Summer Time),0.0279,0.0278,0.0699,23953.16159624345
Tue Jul 09 2024 04:00:00 GMT+0100 (British Summer Time),0.0279,0.0278,0.0703,18730.83236371861
Tue Jul 09 2024 05:00:00 GMT+0100 (British Summer Time),0.0279,0.0278,0.0688,207843.85920387405
Tue Jul 09 2024 06:00:00 GMT+0100 (British Summer Time),0.0279,0.0278,0.0688,3661.6747284466383
Tue Jul 09 2024 07:00:00 GMT+0100 (British Summer Time),0.0279,0.0278,0.0693,25523.227697535454
Tue Jul 09 2024 08:00:00 GMT+0100 (British Summer Time),0.0279,0.0278,0.0694,2320.129455268023
Tue Jul 09 2024 09:00:00 GMT+0100 (British Summer Time),0.0279,0.0278,0.0694,0
Tue Jul 09 2024 10:00:00 GMT+0100 (British Summer Time),0.0279,0.0278,0.0708,71947.87944466643
Tue Jul 09 2024 11:00:00 GMT+0100 (British Summer Time),0.0279,0.0278,0.0708,0
Tue Jul 09 2024 12:00:00 GMT+0100 (British Summer Time),0.0279,0.0278,0.0708,0
Tue Jul 09 2024 13:00:00 GMT+0100 (British Summer Time),0.0279,0.0278,0.071,7464.007864778532
Tue Jul 09 2024 14:00:00 GMT+0100 (British Summer Time),0.03,0.0283,0.071,970.9857636820167
Tue Jul 09 2024 15:00:00 GMT+0100 (British Summer Time),0.03,0.0283,0.0715,24810.219734409206
Tue Jul 09 2024 16:00:00 GMT+0100 (British Summer Time),0.03,0.0283,0.0715,0
Tue Jul 09 2024 17:00:00 GMT+0100 (British Summer Time),0.03,0.0283,0.0715,0
Tue Jul 09 2024 18:00:00 GMT+0100 (British Summer Time),0.03,0.0283,0.0715,0
Tue Jul 09 2024 19:00:00 GMT+0100 (British Summer Time),0.03,0.0283,0.0715,0
Tue Jul 09 2024 20:00:00 GMT+0100 (British Summer Time),0.03,0.0283,0.0709,27818.274818303726
Tue Jul 09 2024 21:00:00 GMT+0100 (British Summer Time),0.03,0.0283,0.0709,0
Tue Jul 09 2024 22:00:00 GMT+0100 (British Summer Time),0.03,0.0283,0.0709,3617.2337988917984
Tue Jul 09 2024 23:00:00 GMT+0100 (British Summer Time),0.03,0.0283,0.071,0
Wed Jul 10 2024 00:00:00 GMT+0100 (British Summer Time),0.03,0.0283,0.071,0
Wed Jul 10 2024 01:00:00 GMT+0100 (British Summer Time),0.0293,0.0283,0.071,0
Wed Jul 10 2024 02:00:00 GMT+0100 (British Summer Time),0.0293,0.0283,0.071,0
Wed Jul 10 2024 03:00:00 GMT+0100 (British Summer Time),0.0293,0.0283,0.071,0
Wed Jul 10 2024 04:00:00 GMT+0100 (British Summer Time),0.0293,0.0283,0.0718,257712.08805462462
Wed Jul 10 2024 05:00:00 GMT+0100 (British Summer Time),0.0293,0.0283,0.0718,0
Wed Jul 10 2024 06:00:00 GMT+0100 (British Summer Time),0.0293,0.0283,0.071,42164.81851758608
Wed Jul 10 2024 07:00:00 GMT+0100 (British Summer Time),0.0293,0.0283,0.071,0
Wed Jul 10 2024 08:00:00 GMT+0100 (British Summer Time),0.0293,0.0283,0.071,0
Wed Jul 10 2024 09:00:00 GMT+0100 (British Summer Time),0.0293,0.0283,0.0724,74084.1928631104
Wed Jul 10 2024 10:00:00 GMT+0100 (British Summer Time),0.0293,0.0283,0.0725,5165.681537190299
Wed Jul 10 2024 11:00:00 GMT+0100 (British Summer Time),0.0293,0.0283,0.0725,4188.314340675725
Wed Jul 10 2024 12:00:00 GMT+0100 (British Summer Time),0.0293,0.0264,0.0724,6723.985415335843
Wed Jul 10 2024 13:00:00 GMT+0100 (British Summer Time),0.0431,0.0283,0.071,70365.13851291401
Wed Jul 10 2024 14:00:00 GMT+0100 (British Summer Time),0.027,0.0283,0.071,0
Wed Jul 10 2024 15:00:00 GMT+0100 (British Summer Time),0.027,0.0283,0.071,0
Wed Jul 10 2024 16:00:00 GMT+0100 (British Summer Time),0.027,0.0283,0.071,0
Wed Jul 10 2024 17:00:00 GMT+0100 (British Summer Time),0.027,0.0283,0.071,0
Wed Jul 10 2024 18:00:00 GMT+0100 (British Summer Time),0.027,0.0283,0.071,0
Wed Jul 10 2024 19:00:00 GMT+0100 (British Summer Time),0.027,0.0283,0.0718,41301.82411745783
Wed Jul 10 2024 20:00:00 GMT+0100 (British Summer Time),0.027,0.0283,0.0718,0
Wed Jul 10 2024 21:00:00 GMT+0100 (British Summer Time),0.027,0.0283,0.0718,7.762103219060388
Wed Jul 10 2024 22:00:00 GMT+0100 (British Summer Time),0.027,0.0283,0.0718,0
Wed Jul 10 2024 23:00:00 GMT+0100 (British Summer Time),0.027,0.0264,0.0718,0
Thu Jul 11 2024 00:00:00 GMT+0100 (British Summer Time),0.0403,0.0283,0.0724,42644.365770030396
Thu Jul 11 2024 01:00:00 GMT+0100 (British Summer Time),0.0266,0.0283,0.0733,31007.611259698508
Thu Jul 11 2024 02:00:00 GMT+0100 (British Summer Time),0.0266,0.0283,0.0744,57485.18766261821
Thu Jul 11 2024 03:00:00 GMT+0100 (British Summer Time),0.0266,0.0283,0.0744,0
Thu Jul 11 2024 04:00:00 GMT+0100 (British Summer Time),0.0266,0.0283,0.0744,0
Thu Jul 11 2024 05:00:00 GMT+0100 (British Summer Time),0.0266,0.0283,0.0746,12000.712338914038
Thu Jul 11 2024 06:00:00 GMT+0100 (British Summer Time),0.0266,0.0283,0.0746,0
Thu Jul 11 2024 07:00:00 GMT+0100 (British Summer Time),0.0266,0.0283,0.0747,2875.329636400174
Thu Jul 11 2024 08:00:00 GMT+0100 (British Summer Time),0.0266,0.0283,0.0747,0
Thu Jul 11 2024 09:00:00 GMT+0100 (British Summer Time),0.0266,0.0283,0.0747,0
Thu Jul 11 2024 10:00:00 GMT+0100 (British Summer Time),0.0266,0.0283,0.0747,0
Thu Jul 11 2024 11:00:00 GMT+0100 (British Summer Time),0.0266,0.0264,0.0748,8001.56525030984
Thu Jul 11 2024 12:00:00 GMT+0100 (British Summer Time),0.0411,0.0285,0.0748,0
Thu Jul 11 2024 13:00:00 GMT+0100 (British Summer Time),0.0273,0.0285,0.0748,0
Thu Jul 11 2024 14:00:00 GMT+0100 (British Summer Time),0.0273,0.0285,0.0724,258205.33490830474
Thu Jul 11 2024 15:00:00 GMT+0100 (British Summer Time),0.0273,0.0285,0.0724,0
Thu Jul 11 2024 16:00:00 GMT+0100 (British Summer Time),0.0273,0.0285,0.0724,0
Thu Jul 11 2024 17:00:00 GMT+0100 (British Summer Time),0.0273,0.0285,0.0724,0
Thu Jul 11 2024 18:00:00 GMT+0100 (British Summer Time),0.0273,0.0285,0.0724,0
Thu Jul 11 2024 19:00:00 GMT+0100 (British Summer Time),0.0273,0.0285,0.0724,0
Thu Jul 11 2024 20:00:00 GMT+0100 (British Summer Time),0.0273,0.0285,0.0724,0
Thu Jul 11 2024 21:00:00 GMT+0100 (British Summer Time),0.0273,0.0285,0.0724,0
Thu Jul 11 2024 22:00:00 GMT+0100 (British Summer Time),0.0273,0.0266,0.0721,18812.89741164718
Thu Jul 11 2024 23:00:00 GMT+0100 (British Summer Time),0.0273,0.0266,0.0721,0
Fri Jul 12 2024 00:00:00 GMT+0100 (British Summer Time),0.0277,0.0286,0.0721,0
Fri Jul 12 2024 01:00:00 GMT+0100 (British Summer Time),0.0277,0.0286,0.0721,0
Fri Jul 12 2024 02:00:00 GMT+0100 (British Summer Time),0.0277,0.0286,0.0721,0
Fri Jul 12 2024 03:00:00 GMT+0100 (British Summer Time),0.0277,0.0286,0.0721,0
Fri Jul 12 2024 04:00:00 GMT+0100 (British Summer Time),0.0277,0.0286,0.0721,0
Fri Jul 12 2024 05:00:00 GMT+0100 (British Summer Time),0.0277,0.0286,0.072,2005.6451531704668
Fri Jul 12 2024 06:00:00 GMT+0100 (British Summer Time),0.0277,0.0286,0.072,2.8248090953111684
Fri Jul 12 2024 07:00:00 GMT+0100 (British Summer Time),0.0277,0.0286,0.0721,3235.775632125122
Fri Jul 12 2024 08:00:00 GMT+0100 (British Summer Time),0.0277,0.0286,0.0722,3962.737504042156
Fri Jul 12 2024 09:00:00 GMT+0100 (British Summer Time),0.0277,0.0265,0.0722,0
Fri Jul 12 2024 10:00:00 GMT+0100 (British Summer Time),0.0277,0.0265,0.0722,127.3974151423581
Fri Jul 12 2024 11:00:00 GMT+0100 (British Summer Time),0.041,0.0284,0.0722,0
Fri Jul 12 2024 12:00:00 GMT+0100 (British Summer Time),0.0264,0.0284,0.0722,0
Fri Jul 12 2024 13:00:00 GMT+0100 (British Summer Time),0.0264,0.0284,0.0722,0
Fri Jul 12 2024 14:00:00 GMT+0100 (British Summer Time),0.0264,0.0284,0.0722,0
Fri Jul 12 2024 15:00:00 GMT+0100 (British Summer Time),0.0264,0.0284,0.0722,0
Fri Jul 12 2024 16:00:00 GMT+0100 (British Summer Time),0.0264,0.0284,0.0722,0
Fri Jul 12 2024 17:00:00 GMT+0100 (British Summer Time),0.0264,0.0284,0.0722,0
Fri Jul 12 2024 18:00:00 GMT+0100 (British Summer Time),0.0264,0.0284,0.0722,0
Fri Jul 12 2024 19:00:00 GMT+0100 (British Summer Time),0.0264,0.0284,0.0722,0
Fri Jul 12 2024 20:00:00 GMT+0100 (British Summer Time),0.0264,0.0265,0.0722,1252.8315834479336
Fri Jul 12 2024 21:00:00 GMT+0100 (British Summer Time),0.0264,0.0265,0.0722,0
Fri Jul 12 2024 22:00:00 GMT+0100 (British Summer Time),0.0396,0.0284,0.0726,19825.20775461066
Fri Jul 12 2024 23:00:00 GMT+0100 (British Summer Time),0.0396,0.0284,0.0726,0
Sat Jul 13 2024 00:00:00 GMT+0100 (British Summer Time),0.0259,0.0284,0.0726,0
Sat Jul 13 2024 01:00:00 GMT+0100 (British Summer Time),0.0259,0.0284,0.0726,0
Sat Jul 13 2024 02:00:00 GMT+0100 (British Summer Time),0.0259,0.0284,0.0728,7790.448643838826
Sat Jul 13 2024 03:00:00 GMT+0100 (British Summer Time),0.0259,0.0284,0.0728,0
Sat Jul 13 2024 04:00:00 GMT+0100 (British Summer Time),0.0259,0.0284,0.0728,2485.149120499304
Sat Jul 13 2024 05:00:00 GMT+0100 (British Summer Time),0.0259,0.0284,0.0729,1890.6544602712563
Sat Jul 13 2024 06:00:00 GMT+0100 (British Summer Time),0.0259,0.0284,0.0729,0
Sat Jul 13 2024 07:00:00 GMT+0100 (British Summer Time),0.0259,0.0284,0.0729,0
Sat Jul 13 2024 08:00:00 GMT+0100 (British Summer Time),0.0259,0.0265,0.0729,4230.3968928131435
Sat Jul 13 2024 09:00:00 GMT+0100 (British Summer Time),0.0378,0.0282,0.0729,0
Sat Jul 13 2024 10:00:00 GMT+0100 (British Summer Time),0.0378,0.0282,0.0729,0
Sat Jul 13 2024 11:00:00 GMT+0100 (British Summer Time),0.0246,0.0282,0.074,51580.106200491995
Sat Jul 13 2024 12:00:00 GMT+0100 (British Summer Time),0.0246,0.0282,0.074,1494.275629639644
Sat Jul 13 2024 13:00:00 GMT+0100 (British Summer Time),0.0246,0.0282,0.0742,7755.5907697818475
Sat Jul 13 2024 14:00:00 GMT+0100 (British Summer Time),0.0246,0.0282,0.0742,0
Sat Jul 13 2024 15:00:00 GMT+0100 (British Summer Time),0.0246,0.0282,0.0745,12656.294801423599
Sat Jul 13 2024 16:00:00 GMT+0100 (British Summer Time),0.0246,0.0282,0.0745,0
Sat Jul 13 2024 17:00:00 GMT+0100 (British Summer Time),0.0246,0.0282,0.0748,15541.639598763717
Sat Jul 13 2024 18:00:00 GMT+0100 (British Summer Time),0.0246,0.0282,0.0748,1748.3324825329357
Sat Jul 13 2024 19:00:00 GMT+0100 (British Summer Time),0.0246,0.0263,0.0748,0
Sat Jul 13 2024 20:00:00 GMT+0100 (British Summer Time),0.0246,0.0263,0.0721,247290.8882804335
Sat Jul 13 2024 21:00:00 GMT+0100 (British Summer Time),0.0369,0.0281,0.0724,15077.453577160979
Sat Jul 13 2024 22:00:00 GMT+0100 (British Summer Time),0.0238,0.0281,0.0724,100.26963998139773
Sat Jul 13 2024 23:00:00 GMT+0100 (British Summer Time),0.0238,0.0281,0.0724,0
Sun Jul 14 2024 00:00:00 GMT+0100 (British Summer Time),0.0238,0.0281,0.0724,0
Sun Jul 14 2024 01:00:00 GMT+0100 (British Summer Time),0.0238,0.0281,0.0724,143.51380561776386
Sun Jul 14 2024 02:00:00 GMT+0100 (British Summer Time),0.0238,0.0281,0.0724,0
Sun Jul 14 2024 03:00:00 GMT+0100 (British Summer Time),0.0238,0.0281,0.0724,0
Sun Jul 14 2024 04:00:00 GMT+0100 (British Summer Time),0.0238,0.0281,0.0724,0
Sun Jul 14 2024 05:00:00 GMT+0100 (British Summer Time),0.0238,0.0281,0.0724,0
Sun Jul 14 2024 06:00:00 GMT+0100 (British Summer Time),0.0238,0.0281,0.0725,534.6993858925154
Sun Jul 14 2024 07:00:00 GMT+0100 (British Summer Time),0.0238,0.0281,0.0725,2059.6150370977966
Sun Jul 14 2024 08:00:00 GMT+0100 (British Summer Time),0.0361,0.0298,0.0726,3367.969987045735
Sun Jul 14 2024 09:00:00 GMT+0100 (British Summer Time),0.0242,0.0298,0.0726,0
Sun Jul 14 2024 10:00:00 GMT+0100 (British Summer Time),0.0242,0.0298,0.0726,0
Sun Jul 14 2024 11:00:00 GMT+0100 (British Summer Time),0.0242,0.0298,0.0726,0
Sun Jul 14 2024 12:00:00 GMT+0100 (British Summer Time),0.0242,0.0298,0.0726,0
Sun Jul 14 2024 13:00:00 GMT+0100 (British Summer Time),0.0242,0.0298,0.0726,0
Sun Jul 14 2024 14:00:00 GMT+0100 (British Summer Time),0.0242,0.0298,0.0727,5077.077799900112
Sun Jul 14 2024 15:00:00 GMT+0100 (British Summer Time),0.0242,0.0266,0.0727,0
Sun Jul 14 2024 16:00:00 GMT+0100 (British Summer Time),0.0242,0.0266,0.0727,0
Sun Jul 14 2024 17:00:00 GMT+0100 (British Summer Time),0.0242,0.0266,0.0727,0
Sun Jul 14 2024 18:00:00 GMT+0100 (British Summer Time),0.0242,0.0266,0.0727,0
Sun Jul 14 2024 19:00:00 GMT+0100 (British Summer Time),0.0372,0.0284,0.0727,0
Sun Jul 14 2024 20:00:00 GMT+0100 (British Summer Time),0.0372,0.0284,0.0727,0
Sun Jul 14 2024 21:00:00 GMT+0100 (British Summer Time),0.0249,0.0284,0.0727,0
Sun Jul 14 2024 22:00:00 GMT+0100 (British Summer Time),0.0249,0.0284,0.0727,0
Sun Jul 14 2024 23:00:00 GMT+0100 (British Summer Time),0.0249,0.0284,0.0739,65319.25799175704
Mon Jul 15 2024 00:00:00 GMT+0100 (British Summer Time),0.0249,0.0284,0.0739,0
Mon Jul 15 2024 01:00:00 GMT+0100 (British Summer Time),0.0249,0.0284,0.0733,746159.012422157
Mon Jul 15 2024 02:00:00 GMT+0100 (British Summer Time),0.0249,0.0284,0.0733,0
Mon Jul 15 2024 03:00:00 GMT+0100 (British Summer Time),0.0249,0.0266,0.0733,0
Mon Jul 15 2024 04:00:00 GMT+0100 (British Summer Time),0.0249,0.0266,0.0733,0
Mon Jul 15 2024 05:00:00 GMT+0100 (British Summer Time),0.0249,0.0266,0.0733,0
Mon Jul 15 2024 06:00:00 GMT+0100 (British Summer Time),0.0375,0.0284,0.0733,49.482786244118365
Mon Jul 15 2024 07:00:00 GMT+0100 (British Summer Time),0.0375,0.0284,0.0733,0
Mon Jul 15 2024 08:00:00 GMT+0100 (British Summer Time),0.0251,0.0284,0.0733,0
Mon Jul 15 2024 09:00:00 GMT+0100 (British Summer Time),0.0251,0.0284,0.0733,208.3472378701925
Mon Jul 15 2024 10:00:00 GMT+0100 (British Summer Time),0.0251,0.0284,0.0733,0
Mon Jul 15 2024 11:00:00 GMT+0100 (British Summer Time),0.0251,0.0284,0.0733,0
Mon Jul 15 2024 12:00:00 GMT+0100 (British Summer Time),0.0251,0.0284,0.0733,0
Mon Jul 15 2024 13:00:00 GMT+0100 (British Summer Time),0.0251,0.0284,0.0733,0
Mon Jul 15 2024 14:00:00 GMT+0100 (British Summer Time),0.0251,0.0264,0.0733,0
Mon Jul 15 2024 15:00:00 GMT+0100 (British Summer Time),0.0251,0.0264,0.0733,0
Mon Jul 15 2024 16:00:00 GMT+0100 (British Summer Time),0.0358,0.0279,0.0733,0
Mon Jul 15 2024 17:00:00 GMT+0100 (British Summer Time),0.0379,0.0282,0.0733,0
Mon Jul 15 2024 18:00:00 GMT+0100 (British Summer Time),0.0379,0.0282,0.0733,0
Mon Jul 15 2024 19:00:00 GMT+0100 (British Summer Time),0.0268,0.0285,0.0733,0
Mon Jul 15 2024 20:00:00 GMT+0100 (British Summer Time),0.0288,0.0288,0.0733,0
Mon Jul 15 2024 21:00:00 GMT+0100 (British Summer Time),0.0288,0.0288,0.0733,0
Mon Jul 15 2024 22:00:00 GMT+0100 (British Summer Time),0.0307,0.029,0.0733,0
Mon Jul 15 2024 23:00:00 GMT+0100 (British Summer Time),0.0307,0.029,0.0733,0
Tue Jul 16 2024 00:00:00 GMT+0100 (British Summer Time),0.0327,0.0293,0.0733,0
Tue Jul 16 2024 01:00:00 GMT+0100 (British Summer Time),0.0347,0.0275,0.0733,0
Tue Jul 16 2024 02:00:00 GMT+0100 (British Summer Time),0.0347,0.0275,0.0733,0
Tue Jul 16 2024 03:00:00 GMT+0100 (British Summer Time),0.0367,0.0278,0.0733,0
Tue Jul 16 2024 04:00:00 GMT+0100 (British Summer Time),0.0367,0.0278,0.0734,4212.477331214793
Tue Jul 16 2024 05:00:00 GMT+0100 (British Summer Time),0.0386,0.0281,0.0734,0
Tue Jul 16 2024 06:00:00 GMT+0100 (British Summer Time),0.028,0.0284,0.0734,0
Tue Jul 16 2024 07:00:00 GMT+0100 (British Summer Time),0.028,0.0284,0.0734,0
Tue Jul 16 2024 08:00:00 GMT+0100 (British Summer Time),0.028,0.0284,0.0734,0
Tue Jul 16 2024 09:00:00 GMT+0100 (British Summer Time),0.028,0.0284,0.0734,0
Tue Jul 16 2024 10:00:00 GMT+0100 (British Summer Time),0.028,0.0284,0.0734,0
Tue Jul 16 2024 11:00:00 GMT+0100 (British Summer Time),0.028,0.0284,0.0734,0
Tue Jul 16 2024 12:00:00 GMT+0100 (British Summer Time),0.028,0.0284,0.0734,0
Tue Jul 16 2024 13:00:00 GMT+0100 (British Summer Time),0.028,0.0284,0.0734,0
Tue Jul 16 2024 14:00:00 GMT+0100 (British Summer Time),0.028,0.0261,0.0734,0
Tue Jul 16 2024 15:00:00 GMT+0100 (British Summer Time),0.028,0.0261,0.0734,0
Tue Jul 16 2024 16:00:00 GMT+0100 (British Summer Time),0.0173,0.0261,0.0734,0
Tue Jul 16 2024 17:00:00 GMT+0100 (British Summer Time),0.0295,0.0281,0.0734,0
Tue Jul 16 2024 18:00:00 GMT+0100 (British Summer Time),0.0295,0.0281,0.0734,0
Tue Jul 16 2024 19:00:00 GMT+0100 (British Summer Time),0.0275,0.0281,0.0734,0
Tue Jul 16 2024 20:00:00 GMT+0100 (British Summer Time),0.0275,0.0281,0.0734,0
Tue Jul 16 2024 21:00:00 GMT+0100 (British Summer Time),0.0255,0.0281,0.0734,0
Tue Jul 16 2024 22:00:00 GMT+0100 (British Summer Time),0.0236,0.0281,0.0734,0
Tue Jul 16 2024 23:00:00 GMT+0100 (British Summer Time),0.0236,0.0281,0.0734,0
Wed Jul 17 2024 00:00:00 GMT+0100 (British Summer Time),0.0217,0.0281,0.0734,0
Wed Jul 17 2024 01:00:00 GMT+0100 (British Summer Time),0.0197,0.0262,0.0734,0
Wed Jul 17 2024 02:00:00 GMT+0100 (British Summer Time),0.0197,0.0262,0.0734,0
Wed Jul 17 2024 03:00:00 GMT+0100 (British Summer Time),0.0177,0.0262,0.0734,0
Wed Jul 17 2024 04:00:00 GMT+0100 (British Summer Time),0.0177,0.0262,0.0734,0
Wed Jul 17 2024 05:00:00 GMT+0100 (British Summer Time),0.0291,0.0281,0.074,33293.38170430538
Wed Jul 17 2024 06:00:00 GMT+0100 (British Summer Time),0.0272,0.0281,0.0732,44778.027752274174
Wed Jul 17 2024 07:00:00 GMT+0100 (British Summer Time),0.0272,0.0281,0.0737,28730.524740331686
Wed Jul 17 2024 08:00:00 GMT+0100 (British Summer Time),0.0272,0.0281,0.074,16749.620511971007
Wed Jul 17 2024 09:00:00 GMT+0100 (British Summer Time),0.0272,0.0281,0.074,0
Wed Jul 17 2024 10:00:00 GMT+0100 (British Summer Time),0.0272,0.0281,0.074,0
Wed Jul 17 2024 11:00:00 GMT+0100 (British Summer Time),0.0272,0.0281,0.0751,57083.11301519775
Wed Jul 17 2024 12:00:00 GMT+0100 (British Summer Time),0.0272,0.0281,0.0751,0
Wed Jul 17 2024 13:00:00 GMT+0100 (British Summer Time),0.0272,0.0261,0.0751,0
Wed Jul 17 2024 14:00:00 GMT+0100 (British Summer Time),0.0272,0.0261,0.0751,0
Wed Jul 17 2024 15:00:00 GMT+0100 (British Summer Time),0.0272,0.0261,0.0751,0
Wed Jul 17 2024 16:00:00 GMT+0100 (British Summer Time),0.0408,0.028,0.0751,0
Wed Jul 17 2024 17:00:00 GMT+0100 (British Summer Time),0.0265,0.028,0.0751,0
Wed Jul 17 2024 18:00:00 GMT+0100 (British Summer Time),0.0265,0.028,0.0751,0
Wed Jul 17 2024 19:00:00 GMT+0100 (British Summer Time),0.0265,0.028,0.0751,0
Wed Jul 17 2024 20:00:00 GMT+0100 (British Summer Time),0.0265,0.028,0.0688,3451951.9050723296
Wed Jul 17 2024 21:00:00 GMT+0100 (British Summer Time),0.0265,0.028,0.0691,15738.905581973484
Wed Jul 17 2024 22:00:00 GMT+0100 (British Summer Time),0.0265,0.028,0.0691,3.6132727892572363
Wed Jul 17 2024 23:00:00 GMT+0100 (British Summer Time),0.0265,0.028,0.0691,0
Thu Jul 18 2024 00:00:00 GMT+0100 (British Summer Time),0.0265,0.0262,0.0691,0
Thu Jul 18 2024 01:00:00 GMT+0100 (British Summer Time),0.0265,0.0262,0.0691,0
Thu Jul 18 2024 02:00:00 GMT+0100 (British Summer Time),0.0265,0.0262,0.0691,0
Thu Jul 18 2024 03:00:00 GMT+0100 (British Summer Time),0.0405,0.0281,0.0691,0
Thu Jul 18 2024 04:00:00 GMT+0100 (British Summer Time),0.0405,0.0281,0.0691,0
Thu Jul 18 2024 05:00:00 GMT+0100 (British Summer Time),0.0271,0.0281,0.0691,0
Thu Jul 18 2024 06:00:00 GMT+0100 (British Summer Time),0.0271,0.0281,0.0691,0
Thu Jul 18 2024 07:00:00 GMT+0100 (British Summer Time),0.0271,0.0281,0.0695,22679.559359750143
Thu Jul 18 2024 08:00:00 GMT+0100 (British Summer Time),0.0271,0.0281,0.0695,10282.321673915358
Thu Jul 18 2024 09:00:00 GMT+0100 (British Summer Time),0.0271,0.0281,0.07,14511.156904529193
Thu Jul 18 2024 10:00:00 GMT+0100 (British Summer Time),0.0271,0.0281,0.07,0
Thu Jul 18 2024 11:00:00 GMT+0100 (British Summer Time),0.0271,0.0281,0.0701,2689.650132508492
Thu Jul 18 2024 12:00:00 GMT+0100 (British Summer Time),0.0271,0.0261,0.0779,1404656.8571427036
Thu Jul 18 2024 13:00:00 GMT+0100 (British Summer Time),0.0271,0.0261,0.0779,0
Thu Jul 18 2024 14:00:00 GMT+0100 (British Summer Time),0.0405,0.028,0.0749,165024.4116637192
Thu Jul 18 2024 15:00:00 GMT+0100 (British Summer Time),0.0405,0.028,0.0749,0
Thu Jul 18 2024 16:00:00 GMT+0100 (British Summer Time),0.0268,0.028,0.0749,0
Thu Jul 18 2024 17:00:00 GMT+0100 (British Summer Time),0.0268,0.028,0.0779,170013.82544780587
Thu Jul 18 2024 18:00:00 GMT+0100 (British Summer Time),0.0268,0.028,0.0779,1.4145475805666488
Thu Jul 18 2024 19:00:00 GMT+0100 (British Summer Time),0.0268,0.028,0.0779,0
Thu Jul 18 2024 20:00:00 GMT+0100 (British Summer Time),0.0268,0.028,0.0779,0
Thu Jul 18 2024 21:00:00 GMT+0100 (British Summer Time),0.0268,0.028,0.0779,0
Thu Jul 18 2024 22:00:00 GMT+0100 (British Summer Time),0.0268,0.028,0.078,5730.715819344413
Thu Jul 18 2024 23:00:00 GMT+0100 (British Summer Time),0.0268,0.028,0.078,0
Fri Jul 19 2024 00:00:00 GMT+0100 (British Summer Time),0.0268,0.026,0.0781,1738.0986923914206
Fri Jul 19 2024 01:00:00 GMT+0100 (British Summer Time),0.0406,0.028,0.0781,45.76276962807132
Fri Jul 19 2024 02:00:00 GMT+0100 (British Summer Time),0.0406,0.028,0.0781,0
Fri Jul 19 2024 03:00:00 GMT+0100 (British Summer Time),0.0266,0.028,0.0781,0
Fri Jul 19 2024 04:00:00 GMT+0100 (British Summer Time),0.0266,0.028,0.0781,0
Fri Jul 19 2024 05:00:00 GMT+0100 (British Summer Time),0.0266,0.028,0.0782,7065.327045923849
Fri Jul 19 2024 06:00:00 GMT+0100 (British Summer Time),0.0266,0.028,0.0782,0
Fri Jul 19 2024 07:00:00 GMT+0100 (British Summer Time),0.0266,0.028,0.0815,187765.48591628467
Fri Jul 19 2024 08:00:00 GMT+0100 (British Summer Time),0.0266,0.028,0.0816,2493.4718124645565
Fri Jul 19 2024 09:00:00 GMT+0100 (British Summer Time),0.0266,0.028,0.0816,0
Fri Jul 19 2024 10:00:00 GMT+0100 (British Summer Time),0.0266,0.028,0.0812,23045.603799260534
Fri Jul 19 2024 11:00:00 GMT+0100 (British Summer Time),0.0266,0.0261,0.0814,14903.811699734155
Fri Jul 19 2024 12:00:00 GMT+0100 (British Summer Time),0.0266,0.0261,0.0814,0
Fri Jul 19 2024 13:00:00 GMT+0100 (British Summer Time),0.0401,0.028,0.0816,10106.978904965961
Fri Jul 19 2024 14:00:00 GMT+0100 (British Summer Time),0.0267,0.028,0.0816,804.9055702786045
Fri Jul 19 2024 15:00:00 GMT+0100 (British Summer Time),0.0267,0.028,0.0816,0
Fri Jul 19 2024 16:00:00 GMT+0100 (British Summer Time),0.0267,0.028,0.0816,643.0777789694845
Fri Jul 19 2024 17:00:00 GMT+0100 (British Summer Time),0.0267,0.028,0.0816,0
Fri Jul 19 2024 18:00:00 GMT+0100 (British Summer Time),0.0267,0.028,0.0816,0
Fri Jul 19 2024 19:00:00 GMT+0100 (British Summer Time),0.0267,0.028,0.0816,0
Fri Jul 19 2024 20:00:00 GMT+0100 (British Summer Time),0.0267,0.028,0.0821,28283.27918686071
Fri Jul 19 2024 21:00:00 GMT+0100 (British Summer Time),0.0267,0.028,0.0821,26.074563828971254
Fri Jul 19 2024 22:00:00 GMT+0100 (British Summer Time),0.0267,0.0262,0.0816,28182.416229956427
Fri Jul 19 2024 23:00:00 GMT+0100 (British Summer Time),0.0267,0.0262,0.0811,48084.66194839026
Sat Jul 20 2024 00:00:00 GMT+0100 (British Summer Time),0.0401,0.028,0.0811,41.495510324466515
Sat Jul 20 2024 01:00:00 GMT+0100 (British Summer Time),0.0263,0.028,0.0811,0
Sat Jul 20 2024 02:00:00 GMT+0100 (British Summer Time),0.0263,0.028,0.0815,21444.0394831039
Sat Jul 20 2024 03:00:00 GMT+0100 (British Summer Time),0.0263,0.028,0.0818,19350.65649201822
Sat Jul 20 2024 04:00:00 GMT+0100 (British Summer Time),0.0263,0.028,0.0823,31247.73782327672
Sat Jul 20 2024 05:00:00 GMT+0100 (British Summer Time),0.0263,0.028,0.0825,12912.28071021401
Sat Jul 20 2024 06:00:00 GMT+0100 (British Summer Time),0.0263,0.028,0.0826,5031.834979562838
Sat Jul 20 2024 07:00:00 GMT+0100 (British Summer Time),0.0263,0.028,0.0827,7130.262213365235
Sat Jul 20 2024 08:00:00 GMT+0100 (British Summer Time),0.0263,0.028,0.0827,0
Sat Jul 20 2024 09:00:00 GMT+0100 (British Summer Time),0.0263,0.0263,0.0829,9806.202867245504
Sat Jul 20 2024 10:00:00 GMT+0100 (British Summer Time),0.0263,0.0263,0.0827,32106.956156053395
Sat Jul 20 2024 11:00:00 GMT+0100 (British Summer Time),0.0399,0.0283,0.083,14269.025968454538
Sat Jul 20 2024 12:00:00 GMT+0100 (British Summer Time),0.0399,0.0283,0.0833,16075.60706295337
Sat Jul 20 2024 13:00:00 GMT+0100 (British Summer Time),0.0264,0.0283,0.0835,32027.43151365799
Sat Jul 20 2024 14:00:00 GMT+0100 (British Summer Time),0.0264,0.0283,0.0835,0
Sat Jul 20 2024 15:00:00 GMT+0100 (British Summer Time),0.0264,0.0283,0.0835,0
Sat Jul 20 2024 16:00:00 GMT+0100 (British Summer Time),0.0264,0.0283,0.0835,0
Sat Jul 20 2024 17:00:00 GMT+0100 (British Summer Time),0.0264,0.0283,0.0835,0
Sat Jul 20 2024 18:00:00 GMT+0100 (British Summer Time),0.0264,0.0283,0.0837,9944.248513108734
Sat Jul 20 2024 19:00:00 GMT+0100 (British Summer Time),0.0264,0.0283,0.0837,175.57709980464847
Sat Jul 20 2024 20:00:00 GMT+0100 (British Summer Time),0.0264,0.0283,0.0837,0
Sat Jul 20 2024 21:00:00 GMT+0100 (British Summer Time),0.0264,0.0265,0.0837,2618.5530635697082
Sat Jul 20 2024 22:00:00 GMT+0100 (British Summer Time),0.04,0.0285,0.0842,23807.860326512324
Sat Jul 20 2024 23:00:00 GMT+0100 (British Summer Time),0.04,0.0285,0.0842,0
Sun Jul 21 2024 00:00:00 GMT+0100 (British Summer Time),0.0267,0.0285,0.0843,9977.018751391872
Sun Jul 21 2024 01:00:00 GMT+0100 (British Summer Time),0.0267,0.0285,0.0847,17865.538737849944
Sun Jul 21 2024 02:00:00 GMT+0100 (British Summer Time),0.0267,0.0285,0.0847,4960.134157498115
Sun Jul 21 2024 03:00:00 GMT+0100 (British Summer Time),0.0267,0.0285,0.0852,34286.9461877802
Sun Jul 21 2024 04:00:00 GMT+0100 (British Summer Time),0.0267,0.0285,0.0855,13410.18313371388
Sun Jul 21 2024 05:00:00 GMT+0100 (British Summer Time),0.0267,0.0285,0.0855,1741.860621903282
Sun Jul 21 2024 06:00:00 GMT+0100 (British Summer Time),0.0267,0.0285,0.0855,0
Sun Jul 21 2024 07:00:00 GMT+0100 (British Summer Time),0.0267,0.0285,0.0856,4037.9927353844837
Sun Jul 21 2024 08:00:00 GMT+0100 (British Summer Time),0.0267,0.0267,0.0856,1409.3239095056695
Sun Jul 21 2024 09:00:00 GMT+0100 (British Summer Time),0.0411,0.0288,0.0857,21249.40285796192
Sun Jul 21 2024 10:00:00 GMT+0100 (British Summer Time),0.0411,0.0288,0.0858,32406.012428463277
Sun Jul 21 2024 11:00:00 GMT+0100 (British Summer Time),0.0275,0.0288,0.0858,1850.5236164273551
Sun Jul 21 2024 12:00:00 GMT+0100 (British Summer Time),0.0275,0.0288,0.0859,398420.7173873762
Sun Jul 21 2024 13:00:00 GMT+0100 (British Summer Time),0.0275,0.0288,0.0859,2562.4814786754787
Sun Jul 21 2024 14:00:00 GMT+0100 (British Summer Time),0.0275,0.0288,0.086,4992.700382866551
Sun Jul 21 2024 15:00:00 GMT+0100 (British Summer Time),0.0275,0.0288,0.0861,2741.63496401811
Sun Jul 21 2024 16:00:00 GMT+0100 (British Summer Time),0.0275,0.0288,0.0861,0
Sun Jul 21 2024 17:00:00 GMT+0100 (British Summer Time),0.0275,0.0288,0.0861,0
Sun Jul 21 2024 18:00:00 GMT+0100 (British Summer Time),0.0275,0.0288,0.0862,1143887.686766555
Sun Jul 21 2024 19:00:00 GMT+0100 (British Summer Time),0.0275,0.0269,0.0916,327986.0000453082
Sun Jul 21 2024 20:00:00 GMT+0100 (British Summer Time),0.0416,0.0289,0.0916,0
Sun Jul 21 2024 21:00:00 GMT+0100 (British Summer Time),0.0416,0.0289,0.0916,0
Sun Jul 21 2024 22:00:00 GMT+0100 (British Summer Time),0.028,0.0289,0.09,93338.79235009743
Sun Jul 21 2024 23:00:00 GMT+0100 (British Summer Time),0.028,0.0289,0.09,127.22762844866872
Mon Jul 22 2024 00:00:00 GMT+0100 (British Summer Time),0.028,0.0289,0.09,29.898383646196365
Mon Jul 22 2024 01:00:00 GMT+0100 (British Summer Time),0.028,0.0289,0.0901,3722.687188838971
Mon Jul 22 2024 02:00:00 GMT+0100 (British Summer Time),0.028,0.0289,0.0907,34375.03198915282
Mon Jul 22 2024 03:00:00 GMT+0100 (British Summer Time),0.028,0.0289,0.0907,0
Mon Jul 22 2024 04:00:00 GMT+0100 (British Summer Time),0.028,0.0289,0.0907,0
Mon Jul 22 2024 05:00:00 GMT+0100 (British Summer Time),0.028,0.0289,0.0908,8076.419559278289
Mon Jul 22 2024 06:00:00 GMT+0100 (British Summer Time),0.028,0.0271,0.0908,924.308263712571
Mon Jul 22 2024 07:00:00 GMT+0100 (British Summer Time),0.028,0.0271,0.0908,0
Mon Jul 22 2024 08:00:00 GMT+0100 (British Summer Time),0.0411,0.029,0.0908,0
Mon Jul 22 2024 09:00:00 GMT+0100 (British Summer Time),0.0267,0.029,0.0908,0
Mon Jul 22 2024 10:00:00 GMT+0100 (British Summer Time),0.0267,0.029,0.0909,5241.815415315753
Mon Jul 22 2024 11:00:00 GMT+0100 (British Summer Time),0.0267,0.029,0.0909,0
Mon Jul 22 2024 12:00:00 GMT+0100 (British Summer Time),0.0267,0.029,0.0909,0
Mon Jul 22 2024 13:00:00 GMT+0100 (British Summer Time),0.0267,0.029,0.0909,0
Mon Jul 22 2024 14:00:00 GMT+0100 (British Summer Time),0.0267,0.029,0.0909,0
Mon Jul 22 2024 15:00:00 GMT+0100 (British Summer Time),0.0267,0.029,0.0909,0
Mon Jul 22 2024 16:00:00 GMT+0100 (British Summer Time),0.0267,0.0275,0.0909,0
Mon Jul 22 2024 17:00:00 GMT+0100 (British Summer Time),0.0267,0.0272,0.0896,94266.13605661479
Mon Jul 22 2024 18:00:00 GMT+0100 (British Summer Time),0.0267,0.0272,0.0896,0
Mon Jul 22 2024 19:00:00 GMT+0100 (British Summer Time),0.0267,0.0269,0.09,22233.232441919372
Mon Jul 22 2024 20:00:00 GMT+0100 (British Summer Time),0.0128,0.0269,0.09,0
Mon Jul 22 2024 21:00:00 GMT+0100 (British Summer Time),0.0277,0.0287,0.09,4.559942277723969
Mon Jul 22 2024 22:00:00 GMT+0100 (British Summer Time),0.0277,0.0285,0.09,0
Mon Jul 22 2024 23:00:00 GMT+0100 (British Summer Time),0.0277,0.0285,0.09,0
Tue Jul 23 2024 00:00:00 GMT+0100 (British Summer Time),0.0277,0.0282,0.09,2785.381993666325
Tue Jul 23 2024 01:00:00 GMT+0100 (British Summer Time),0.0277,0.0279,0.0902,11566.236781646096
Tue Jul 23 2024 02:00:00 GMT+0100 (British Summer Time),0.0277,0.0279,0.0902,0
Tue Jul 23 2024 03:00:00 GMT+0100 (British Summer Time),0.0277,0.0276,0.0904,10744.933950586406
Tue Jul 23 2024 04:00:00 GMT+0100 (British Summer Time),0.0277,0.0276,0.0906,9025.389799690085
Tue Jul 23 2024 05:00:00 GMT+0100 (British Summer Time),0.0277,0.0273,0.0906,933.0772717992905
Tue Jul 23 2024 06:00:00 GMT+0100 (British Summer Time),0.0277,0.0271,0.0906,0
Tue Jul 23 2024 07:00:00 GMT+0100 (British Summer Time),0.0277,0.0271,0.0906,0
Tue Jul 23 2024 08:00:00 GMT+0100 (British Summer Time),0.0281,0.029,0.0906,0
Tue Jul 23 2024 09:00:00 GMT+0100 (British Summer Time),0.0281,0.029,0.0906,0
Tue Jul 23 2024 10:00:00 GMT+0100 (British Summer Time),0.0281,0.029,0.0906,0
Tue Jul 23 2024 11:00:00 GMT+0100 (British Summer Time),0.0281,0.029,0.0906,0
Tue Jul 23 2024 12:00:00 GMT+0100 (British Summer Time),0.0281,0.029,0.0844,374841.42235579307
Tue Jul 23 2024 13:00:00 GMT+0100 (British Summer Time),0.0281,0.029,0.0844,0
Tue Jul 23 2024 14:00:00 GMT+0100 (British Summer Time),0.0281,0.029,0.0845,7725.328922929747
Tue Jul 23 2024 15:00:00 GMT+0100 (British Summer Time),0.0281,0.029,0.0845,0
Tue Jul 23 2024 16:00:00 GMT+0100 (British Summer Time),0.0281,0.029,0.0844,3739.1934189110084
Tue Jul 23 2024 17:00:00 GMT+0100 (British Summer Time),0.0281,0.027,0.0881,206253.56255747494
Tue Jul 23 2024 18:00:00 GMT+0100 (British Summer Time),0.0281,0.027,0.0881,0
Tue Jul 23 2024 19:00:00 GMT+0100 (British Summer Time),0.0413,0.0288,0.0881,89.58642989512497
Tue Jul 23 2024 20:00:00 GMT+0100 (British Summer Time),0.0413,0.0288,0.0881,0
Tue Jul 23 2024 21:00:00 GMT+0100 (British Summer Time),0.0262,0.0288,0.0881,0
Tue Jul 23 2024 22:00:00 GMT+0100 (British Summer Time),0.0262,0.0288,0.0881,0
Tue Jul 23 2024 23:00:00 GMT+0100 (British Summer Time),0.0262,0.0288,0.0881,1486.2758614974082
Wed Jul 24 2024 00:00:00 GMT+0100 (British Summer Time),0.0262,0.0288,0.0882,6098.082488339406
Wed Jul 24 2024 01:00:00 GMT+0100 (British Summer Time),0.0262,0.0288,0.0887,82337.58731574466
Wed Jul 24 2024 02:00:00 GMT+0100 (British Summer Time),0.0262,0.0288,0.0887,0
Wed Jul 24 2024 03:00:00 GMT+0100 (British Summer Time),0.0262,0.0288,0.0889,12781.367910127725
Wed Jul 24 2024 04:00:00 GMT+0100 (British Summer Time),0.0262,0.0288,0.089,2254.46168739623
Wed Jul 24 2024 05:00:00 GMT+0100 (British Summer Time),0.0262,0.0269,0.089,0
Wed Jul 24 2024 06:00:00 GMT+0100 (British Summer Time),0.0262,0.0269,0.089,0
Wed Jul 24 2024 07:00:00 GMT+0100 (British Summer Time),0.0262,0.0269,0.0891,7056.703154576408
Wed Jul 24 2024 08:00:00 GMT+0100 (British Summer Time),0.0129,0.0269,0.0894,16900.58127078673
Wed Jul 24 2024 09:00:00 GMT+0100 (British Summer Time),0.0129,0.0269,0.0897,15116.080597706716
Wed Jul 24 2024 10:00:00 GMT+0100 (British Summer Time),0.0129,0.0269,0.0901,24646.230261505312
Wed Jul 24 2024 11:00:00 GMT+0100 (British Summer Time),0.0129,0.0269,0.0902,8432.363366010617
Wed Jul 24 2024 12:00:00 GMT+0100 (British Summer Time),0.0129,0.0269,0.0905,14801.689028013105
Wed Jul 24 2024 13:00:00 GMT+0100 (British Summer Time),0.0129,0.0269,0.0905,0
Wed Jul 24 2024 14:00:00 GMT+0100 (British Summer Time),0.0129,0.0269,0.093,977665.2357299633
Wed Jul 24 2024 15:00:00 GMT+0100 (British Summer Time),0.0129,0.0269,0.093,0
Wed Jul 24 2024 16:00:00 GMT+0100 (British Summer Time),0.0129,0.025,0.093,0
Wed Jul 24 2024 17:00:00 GMT+0100 (British Summer Time),0.0129,0.025,0.0934,23566.432965645694
Wed Jul 24 2024 18:00:00 GMT+0100 (British Summer Time),0.0129,0.025,0.0934,0
Wed Jul 24 2024 19:00:00 GMT+0100 (British Summer Time),0,0.025,0.0934,0
Wed Jul 24 2024 20:00:00 GMT+0100 (British Summer Time),0,0.025,0.0934,0
Wed Jul 24 2024 21:00:00 GMT+0100 (British Summer Time),0,0.025,0.0935,9690.111070428022
Wed Jul 24 2024 22:00:00 GMT+0100 (British Summer Time),0,0.025,0.0936,1027.9780336765386
Wed Jul 24 2024 23:00:00 GMT+0100 (British Summer Time),0,0.025,0.0936,2018.054164226617
Thu Jul 25 2024 00:00:00 GMT+0100 (British Summer Time),0,0.025,0.0936,0
Thu Jul 25 2024 01:00:00 GMT+0100 (British Summer Time),0.0378,0.0304,0.0801,1069023.5927688463
Thu Jul 25 2024 02:00:00 GMT+0100 (British Summer Time),0.0378,0.0304,0.0818,85064.2612034565
Thu Jul 25 2024 03:00:00 GMT+0100 (British Summer Time),0.0378,0.0285,0.0818,0
Thu Jul 25 2024 04:00:00 GMT+0100 (British Summer Time),0.0378,0.0285,0.0818,1984.8539471007198
Thu Jul 25 2024 05:00:00 GMT+0100 (British Summer Time),0.0378,0.0285,0.0822,18332.01946737951
Thu Jul 25 2024 06:00:00 GMT+0100 (British Summer Time),0.0378,0.0285,0.0823,82678.92000918635
Thu Jul 25 2024 07:00:00 GMT+0100 (British Summer Time),0.0378,0.0285,0.0812,5358.202394989876
Thu Jul 25 2024 08:00:00 GMT+0100 (British Summer Time),0.0378,0.0285,0.0745,835061.6242295515
Thu Jul 25 2024 09:00:00 GMT+0100 (British Summer Time),0.0378,0.0285,0.0757,52221.591332960015
Thu Jul 25 2024 10:00:00 GMT+0100 (British Summer Time),0.0378,0.0285,0.0758,5496.629177342068
Thu Jul 25 2024 11:00:00 GMT+0100 (British Summer Time),0.0378,0.0285,0.0784,123090.70543943107
Thu Jul 25 2024 12:00:00 GMT+0100 (British Summer Time),0.0378,0.0285,0.0795,51772.6270263107
Thu Jul 25 2024 13:00:00 GMT+0100 (British Summer Time),0.052,0.0305,0.0796,4519.955350462305
Thu Jul 25 2024 14:00:00 GMT+0100 (British Summer Time),0.052,0.0286,0.0605,3525407.118426538
Thu Jul 25 2024 15:00:00 GMT+0100 (British Summer Time),0.052,0.0286,0.0601,15795.36044821744
Thu Jul 25 2024 16:00:00 GMT+0100 (British Summer Time),0.052,0.0286,0.0659,1867849.2217416833
Thu Jul 25 2024 17:00:00 GMT+0100 (British Summer Time),0.052,0.0286,0.0664,23489.30806553241
Thu Jul 25 2024 18:00:00 GMT+0100 (British Summer Time),0.052,0.0286,0.0664,0
Thu Jul 25 2024 19:00:00 GMT+0100 (British Summer Time),0.052,0.0286,0.0665,1914.396790517575
Thu Jul 25 2024 20:00:00 GMT+0100 (British Summer Time),0.052,0.0286,0.0665,0
Thu Jul 25 2024 21:00:00 GMT+0100 (British Summer Time),0.052,0.0286,0.0665,0
Thu Jul 25 2024 22:00:00 GMT+0100 (British Summer Time),0.052,0.0286,0.0666,7561.046792598616
Thu Jul 25 2024 23:00:00 GMT+0100 (British Summer Time),0.052,0.0286,0.0692,112717.9361172237
Fri Jul 26 2024 00:00:00 GMT+0100 (British Summer Time),0.0663,0.0305,0.0692,0
Fri Jul 26 2024 01:00:00 GMT+0100 (British Summer Time),0.0275,0.0286,0.0703,319314.1573892545
Fri Jul 26 2024 02:00:00 GMT+0100 (British Summer Time),0.0275,0.0286,0.0733,425849.3019067651
Fri Jul 26 2024 03:00:00 GMT+0100 (British Summer Time),0.0275,0.0286,0.0745,47804.81111908487
Fri Jul 26 2024 04:00:00 GMT+0100 (British Summer Time),0.0275,0.0286,0.0745,0
Fri Jul 26 2024 05:00:00 GMT+0100 (British Summer Time),0.0275,0.0286,0.0751,28331.00936191029
Fri Jul 26 2024 06:00:00 GMT+0100 (British Summer Time),0.0275,0.0286,0.0755,15763.485313639134
Fri Jul 26 2024 07:00:00 GMT+0100 (British Summer Time),0.0275,0.0286,0.0755,417.20545262651336
Fri Jul 26 2024 08:00:00 GMT+0100 (British Summer Time),0.0275,0.0286,0.0755,0
Fri Jul 26 2024 09:00:00 GMT+0100 (British Summer Time),0.0275,0.0286,0.0755,10922.427117944073
Fri Jul 26 2024 10:00:00 GMT+0100 (British Summer Time),0.0275,0.0286,0.0755,12486.545347068215
Fri Jul 26 2024 11:00:00 GMT+0100 (British Summer Time),0.0399,0.0304,0.0764,26701.992556586425
Fri Jul 26 2024 12:00:00 GMT+0100 (British Summer Time),0.0399,0.0304,0.0772,47656.55128102503
Fri Jul 26 2024 13:00:00 GMT+0100 (British Summer Time),0.0258,0.0284,0.0772,0
Fri Jul 26 2024 14:00:00 GMT+0100 (British Summer Time),0.0258,0.0284,0.0772,71292.98379893832
Fri Jul 26 2024 15:00:00 GMT+0100 (British Summer Time),0.0258,0.0284,0.0772,0
Fri Jul 26 2024 16:00:00 GMT+0100 (British Summer Time),0.0258,0.0284,0.0772,0
Fri Jul 26 2024 17:00:00 GMT+0100 (British Summer Time),0.0258,0.0284,0.0782,40239.448302019715
Fri Jul 26 2024 18:00:00 GMT+0100 (British Summer Time),0.0258,0.0284,0.0782,1724.0103198731108
Fri Jul 26 2024 19:00:00 GMT+0100 (British Summer Time),0.0258,0.0284,0.0782,0
Fri Jul 26 2024 20:00:00 GMT+0100 (British Summer Time),0.0258,0.0284,0.0781,1953.408719149294
Fri Jul 26 2024 21:00:00 GMT+0100 (British Summer Time),0.0258,0.0284,0.0781,92.88973935715742
Fri Jul 26 2024 22:00:00 GMT+0100 (British Summer Time),0.0382,0.0302,0.0782,383.8038175172217
Fri Jul 26 2024 23:00:00 GMT+0100 (British Summer Time),0.0382,0.0302,0.0782,0
Sat Jul 27 2024 00:00:00 GMT+0100 (British Summer Time),0.0259,0.0285,0.0782,0
Sat Jul 27 2024 01:00:00 GMT+0100 (British Summer Time),0.0274,0.0288,0.0782,0
Sat Jul 27 2024 02:00:00 GMT+0100 (British Summer Time),0.0274,0.0288,0.0782,0
Sat Jul 27 2024 03:00:00 GMT+0100 (British Summer Time),0.029,0.029,0.0771,121940.74595580183
Sat Jul 27 2024 04:00:00 GMT+0100 (British Summer Time),0.0306,0.0292,0.0716,506516.7220346518
Sat Jul 27 2024 05:00:00 GMT+0100 (British Summer Time),0.0306,0.0292,0.0716,7388.246932033805
Sat Jul 27 2024 06:00:00 GMT+0100 (British Summer Time),0.0324,0.0295,0.0717,3236.5710475834912
Sat Jul 27 2024 07:00:00 GMT+0100 (British Summer Time),0.0324,0.0295,0.0702,2336050.417107276
Sat Jul 27 2024 08:00:00 GMT+0100 (British Summer Time),0.0339,0.0297,0.0703,3093.489834277847
Sat Jul 27 2024 09:00:00 GMT+0100 (British Summer Time),0.0339,0.0297,0.0701,28312.000889951865
Sat Jul 27 2024 10:00:00 GMT+0100 (British Summer Time),0.0339,0.0297,0.0701,7702.025723631648
Sat Jul 27 2024 11:00:00 GMT+0100 (British Summer Time),0.0216,0.0277,0.0701,7076.5509518435865
Sat Jul 27 2024 12:00:00 GMT+0100 (British Summer Time),0.0216,0.0277,0.0701,6742.08573514969
Sat Jul 27 2024 13:00:00 GMT+0100 (British Summer Time),0.0216,0.0277,0.0702,2214.9881008915213
Sat Jul 27 2024 14:00:00 GMT+0100 (British Summer Time),0.0216,0.0277,0.0702,6520.349077756595
Sat Jul 27 2024 15:00:00 GMT+0100 (British Summer Time),0.0216,0.0277,0.0702,0
Sat Jul 27 2024 16:00:00 GMT+0100 (British Summer Time),0.0216,0.0277,0.0702,0
Sat Jul 27 2024 17:00:00 GMT+0100 (British Summer Time),0.0216,0.0277,0.0702,42896.488405380835
Sat Jul 27 2024 18:00:00 GMT+0100 (British Summer Time),0.0216,0.0277,0.0702,0
Sat Jul 27 2024 19:00:00 GMT+0100 (British Summer Time),0.0338,0.0295,0.0702,0
Sat Jul 27 2024 20:00:00 GMT+0100 (British Summer Time),0.0338,0.0295,0.0702,0
Sat Jul 27 2024 21:00:00 GMT+0100 (British Summer Time),0.0338,0.0295,0.0702,0
Sat Jul 27 2024 22:00:00 GMT+0100 (British Summer Time),0.0214,0.0275,0.0702,0
Sat Jul 27 2024 23:00:00 GMT+0100 (British Summer Time),0.0214,0.0275,0.0702,0
Sun Jul 28 2024 00:00:00 GMT+0100 (British Summer Time),0.0198,0.0275,0.0702,26111.996651002435
Sun Jul 28 2024 01:00:00 GMT+0100 (British Summer Time),0.0182,0.0275,0.0702,2330.669898849149
Sun Jul 28 2024 02:00:00 GMT+0100 (British Summer Time),0.0182,0.0275,0.0704,141556.35217162408
Sun Jul 28 2024 03:00:00 GMT+0100 (British Summer Time),0.0167,0.0275,0.0706,4870.062562688927
Sun Jul 28 2024 04:00:00 GMT+0100 (British Summer Time),0.0151,0.0275,0.0706,46852.365070353284
Sun Jul 28 2024 05:00:00 GMT+0100 (British Summer Time),0.0151,0.0275,0.0706,7290.386091686464
Sun Jul 28 2024 06:00:00 GMT+0100 (British Summer Time),0.0258,0.0293,0.0706,0
Sun Jul 28 2024 07:00:00 GMT+0100 (British Summer Time),0.0258,0.0293,0.0706,0
Sun Jul 28 2024 08:00:00 GMT+0100 (British Summer Time),0.0243,0.0293,0.0706,0
Sun Jul 28 2024 09:00:00 GMT+0100 (British Summer Time),0.0243,0.0273,0.0701,18426.6164480684
Sun Jul 28 2024 10:00:00 GMT+0100 (British Summer Time),0.0243,0.0273,0.0662,207343.35901806736
Sun Jul 28 2024 11:00:00 GMT+0100 (British Summer Time),0.0243,0.0273,0.067,33895.51544345122
Sun Jul 28 2024 12:00:00 GMT+0100 (British Summer Time),0.0243,0.0273,0.0687,69464.24576627676
Sun Jul 28 2024 13:00:00 GMT+0100 (British Summer Time),0.0243,0.0273,0.0691,13771.823508316187
Sun Jul 28 2024 14:00:00 GMT+0100 (British Summer Time),0.0243,0.0273,0.0686,17609.83031782147
Sun Jul 28 2024 15:00:00 GMT+0100 (British Summer Time),0.0243,0.0273,0.0686,0
Sun Jul 28 2024 16:00:00 GMT+0100 (British Summer Time),0.0243,0.0273,0.0686,0
Sun Jul 28 2024 17:00:00 GMT+0100 (British Summer Time),0.0364,0.029,0.0694,30616.535094664825
Sun Jul 28 2024 18:00:00 GMT+0100 (British Summer Time),0.0364,0.029,0.0694,0
Sun Jul 28 2024 19:00:00 GMT+0100 (British Summer Time),0.0242,0.029,0.0694,0
Sun Jul 28 2024 20:00:00 GMT+0100 (British Summer Time),0.0242,0.027,0.0702,34766.36147154337
Sun Jul 28 2024 21:00:00 GMT+0100 (British Summer Time),0.0242,0.027,0.0709,30688.761685945232
Sun Jul 28 2024 22:00:00 GMT+0100 (British Summer Time),0.0242,0.027,0.0712,8917.724951476088
Sun Jul 28 2024 23:00:00 GMT+0100 (British Summer Time),0.0242,0.027,0.0713,7551.223260200178
Mon Jul 29 2024 00:00:00 GMT+0100 (British Summer Time),0.0305,0.0279,0.0716,12741.75774775774
Mon Jul 29 2024 01:00:00 GMT+0100 (British Summer Time),0.0305,0.0279,0.0716,0
Mon Jul 29 2024 02:00:00 GMT+0100 (British Summer Time),0.0305,0.0279,0.0717,2286.004626474355
Mon Jul 29 2024 03:00:00 GMT+0100 (British Summer Time),0.0321,0.0281,0.0717,0
Mon Jul 29 2024 04:00:00 GMT+0100 (British Summer Time),0.0321,0.0281,0.0718,4543.970694836975
Mon Jul 29 2024 05:00:00 GMT+0100 (British Summer Time),0.0354,0.0286,0.0701,143265.68672312368
Mon Jul 29 2024 06:00:00 GMT+0100 (British Summer Time),0.0228,0.0286,0.0701,0
Mon Jul 29 2024 07:00:00 GMT+0100 (British Summer Time),0.0228,0.0286,0.0705,1173079.1271477723
Mon Jul 29 2024 08:00:00 GMT+0100 (British Summer Time),0.0228,0.0267,0.0705,1080.9379650166284
Mon Jul 29 2024 09:00:00 GMT+0100 (British Summer Time),0.0228,0.0267,0.0706,0
Mon Jul 29 2024 10:00:00 GMT+0100 (British Summer Time),0.0228,0.0267,0.0706,40994.69951025315
Mon Jul 29 2024 11:00:00 GMT+0100 (British Summer Time),0.0228,0.0267,0.0713,34300.79393722915
Mon Jul 29 2024 12:00:00 GMT+0100 (British Summer Time),0.0228,0.0267,0.0743,130248.4533835255
Mon Jul 29 2024 13:00:00 GMT+0100 (British Summer Time),0.0228,0.0267,0.0746,14251.19216970323
Mon Jul 29 2024 14:00:00 GMT+0100 (British Summer Time),0.0228,0.0267,0.0748,7145.581849588536
Mon Jul 29 2024 15:00:00 GMT+0100 (British Summer Time),0.0228,0.0267,0.0748,0
Mon Jul 29 2024 16:00:00 GMT+0100 (British Summer Time),0.0346,0.0284,0.0748,0
Mon Jul 29 2024 17:00:00 GMT+0100 (British Summer Time),0.0226,0.0284,0.0757,40785.581085131984
Mon Jul 29 2024 18:00:00 GMT+0100 (British Summer Time),0.0226,0.0284,0.0759,6760.774778669696
Mon Jul 29 2024 19:00:00 GMT+0100 (British Summer Time),0.0226,0.0284,0.0759,0
Mon Jul 29 2024 20:00:00 GMT+0100 (British Summer Time),0.0226,0.0284,0.0804,673788.4188427003
Mon Jul 29 2024 21:00:00 GMT+0100 (British Summer Time),0.0226,0.0263,0.0804,0
Mon Jul 29 2024 22:00:00 GMT+0100 (British Summer Time),0.0226,0.0263,0.0808,20433.982168358347
Mon Jul 29 2024 23:00:00 GMT+0100 (British Summer Time),0.0226,0.0263,0.0808,0
Tue Jul 30 2024 00:00:00 GMT+0100 (British Summer Time),0.0163,0.0263,0.0808,89.8959760972933
Tue Jul 30 2024 01:00:00 GMT+0100 (British Summer Time),0.0163,0.0263,0.0809,1363.6975298624013
Tue Jul 30 2024 02:00:00 GMT+0100 (British Summer Time),0.0163,0.0263,0.0809,0
Tue Jul 30 2024 03:00:00 GMT+0100 (British Summer Time),0.0269,0.028,0.0809,0
Tue Jul 30 2024 04:00:00 GMT+0100 (British Summer Time),0.0269,0.028,0.0809,0
Tue Jul 30 2024 05:00:00 GMT+0100 (British Summer Time),0.0236,0.028,0.0809,0
Tue Jul 30 2024 06:00:00 GMT+0100 (British Summer Time),0.0236,0.028,0.0811,10146.808045340886
Tue Jul 30 2024 07:00:00 GMT+0100 (British Summer Time),0.0236,0.028,0.0811,0
Tue Jul 30 2024 08:00:00 GMT+0100 (British Summer Time),0.0236,0.0261,0.0814,14714.27833758853
Tue Jul 30 2024 09:00:00 GMT+0100 (British Summer Time),0.0236,0.0261,0.0815,5276.074079662019
Tue Jul 30 2024 10:00:00 GMT+0100 (British Summer Time),0.0236,0.0261,0.0815,0
Tue Jul 30 2024 11:00:00 GMT+0100 (British Summer Time),0.0236,0.0261,0.0815,0
Tue Jul 30 2024 12:00:00 GMT+0100 (British Summer Time),0.0236,0.0261,0.0822,85060.21761380628
Tue Jul 30 2024 13:00:00 GMT+0100 (British Summer Time),0.0236,0.0261,0.0822,0
Tue Jul 30 2024 14:00:00 GMT+0100 (British Summer Time),0.0236,0.0261,0.0822,0
Tue Jul 30 2024 15:00:00 GMT+0100 (British Summer Time),0.0236,0.0261,0.0822,155.9156537093634
Tue Jul 30 2024 16:00:00 GMT+0100 (British Summer Time),0.012,0.0261,0.0822,0
Tue Jul 30 2024 17:00:00 GMT+0100 (British Summer Time),0.0264,0.0282,0.0822,0
Tue Jul 30 2024 18:00:00 GMT+0100 (British Summer Time),0.0264,0.0282,0.0822,0
Tue Jul 30 2024 19:00:00 GMT+0100 (British Summer Time),0.0264,0.0263,0.0826,19657.64541995775
Tue Jul 30 2024 20:00:00 GMT+0100 (British Summer Time),0.0264,0.0263,0.0826,0
Tue Jul 30 2024 21:00:00 GMT+0100 (British Summer Time),0.0264,0.0263,0.0826,0
Tue Jul 30 2024 22:00:00 GMT+0100 (British Summer Time),0.0336,0.0273,0.0826,0
Tue Jul 30 2024 23:00:00 GMT+0100 (British Summer Time),0.0336,0.0273,0.0826,0
Wed Jul 31 2024 00:00:00 GMT+0100 (British Summer Time),0.0356,0.0276,0.0826,0
Wed Jul 31 2024 01:00:00 GMT+0100 (British Summer Time),0.0376,0.0279,0.0826,0
Wed Jul 31 2024 02:00:00 GMT+0100 (British Summer Time),0.0376,0.0279,0.0826,629.8484321320885
Wed Jul 31 2024 03:00:00 GMT+0100 (British Summer Time),0.0273,0.0282,0.0826,0
Wed Jul 31 2024 04:00:00 GMT+0100 (British Summer Time),0.0273,0.0282,0.0826,0
Wed Jul 31 2024 05:00:00 GMT+0100 (British Summer Time),0.0291,0.0284,0.0826,0
Wed Jul 31 2024 06:00:00 GMT+0100 (British Summer Time),0.0291,0.0284,0.0826,0
Wed Jul 31 2024 07:00:00 GMT+0100 (British Summer Time),0.0291,0.0284,0.0826,0
Wed Jul 31 2024 08:00:00 GMT+0100 (British Summer Time),0.0291,0.0284,0.0832,20585.79024144259
Wed Jul 31 2024 09:00:00 GMT+0100 (British Summer Time),0.0291,0.0284,0.0833,4432.47674406532
Wed Jul 31 2024 10:00:00 GMT+0100 (British Summer Time),0.0291,0.0284,0.0833,0
Wed Jul 31 2024 11:00:00 GMT+0100 (British Summer Time),0.0291,0.0284,0.0833,0
Wed Jul 31 2024 12:00:00 GMT+0100 (British Summer Time),0.0291,0.0284,0.0828,16540.836898882775
Wed Jul 31 2024 13:00:00 GMT+0100 (British Summer Time),0.0374,0.0296,0.0828,0
Wed Jul 31 2024 14:00:00 GMT+0100 (British Summer Time),0.0392,0.0299,0.0831,12236.200063382576
Wed Jul 31 2024 15:00:00 GMT+0100 (British Summer Time),0.0392,0.0299,0.0831,0
Wed Jul 31 2024 16:00:00 GMT+0100 (British Summer Time),0.0413,0.0301,0.0831,0
Wed Jul 31 2024 17:00:00 GMT+0100 (British Summer Time),0.0266,0.0301,0.0831,0
Wed Jul 31 2024 18:00:00 GMT+0100 (British Summer Time),0.0266,0.0301,0.0831,0
Wed Jul 31 2024 19:00:00 GMT+0100 (British Summer Time),0.0266,0.0301,0.0831,0
Wed Jul 31 2024 20:00:00 GMT+0100 (British Summer Time),0.0266,0.0301,0.0831,0
Wed Jul 31 2024 21:00:00 GMT+0100 (British Summer Time),0.0266,0.0301,0.0831,0
Wed Jul 31 2024 22:00:00 GMT+0100 (British Summer Time),0.0194,0.0301,0.0831,0
Wed Jul 31 2024 23:00:00 GMT+0100 (British Summer Time),0.0194,0.0301,0.0831,0
Thu Aug 01 2024 00:00:00 GMT+0100 (British Summer Time),0.0175,0.0301,0.0832,2023.2643176376644
Thu Aug 01 2024 01:00:00 GMT+0100 (British Summer Time),0.0155,0.0247,0.0832,0
Thu Aug 01 2024 02:00:00 GMT+0100 (British Summer Time),0.0155,0.0247,0.0832,0
Thu Aug 01 2024 03:00:00 GMT+0100 (British Summer Time),0.0271,0.0267,0.0832,0
Thu Aug 01 2024 04:00:00 GMT+0100 (British Summer Time),0.0271,0.0267,0.0832,0
Thu Aug 01 2024 05:00:00 GMT+0100 (British Summer Time),0.0254,0.0267,0.0832,0
Thu Aug 01 2024 06:00:00 GMT+0100 (British Summer Time),0.0254,0.0267,0.0832,0
Thu Aug 01 2024 07:00:00 GMT+0100 (British Summer Time),0.0254,0.0267,0.084,38728.287444034904
Thu Aug 01 2024 08:00:00 GMT+0100 (British Summer Time),0.0254,0.0267,0.084,0
Thu Aug 01 2024 09:00:00 GMT+0100 (British Summer Time),0.0254,0.0267,0.084,0
Thu Aug 01 2024 10:00:00 GMT+0100 (British Summer Time),0.0254,0.0267,0.084,0
Thu Aug 01 2024 11:00:00 GMT+0100 (British Summer Time),0.0254,0.0267,0.084,0
Thu Aug 01 2024 12:00:00 GMT+0100 (British Summer Time),0.0254,0.0267,0.084,0
Thu Aug 01 2024 13:00:00 GMT+0100 (British Summer Time),0.0171,0.0247,0.084,0
Thu Aug 01 2024 14:00:00 GMT+0100 (British Summer Time),0.0285,0.0265,0.084,185.11964482945385
Thu Aug 01 2024 15:00:00 GMT+0100 (British Summer Time),0.0285,0.0265,0.084,185.33718536683168
Thu Aug 01 2024 16:00:00 GMT+0100 (British Summer Time),0.0265,0.0265,0.084,0
Thu Aug 01 2024 17:00:00 GMT+0100 (British Summer Time),0.0265,0.0265,0.084,0
Thu Aug 01 2024 18:00:00 GMT+0100 (British Summer Time),0.0265,0.0265,0.084,0
Thu Aug 01 2024 19:00:00 GMT+0100 (British Summer Time),0.0265,0.0265,0.084,0
Thu Aug 01 2024 20:00:00 GMT+0100 (British Summer Time),0.0265,0.0265,0.084,0
Thu Aug 01 2024 21:00:00 GMT+0100 (British Summer Time),0.0342,0.0276,0.0849,33444.80370764814
Thu Aug 01 2024 22:00:00 GMT+0100 (British Summer Time),0.0361,0.0279,0.0849,0
Thu Aug 01 2024 23:00:00 GMT+0100 (British Summer Time),0.0361,0.0279,0.0849,0
Fri Aug 02 2024 00:00:00 GMT+0100 (British Summer Time),0.0382,0.0262,0.0781,433832.3282089771
Fri Aug 02 2024 01:00:00 GMT+0100 (British Summer Time),0.0402,0.0265,0.0781,0
Fri Aug 02 2024 02:00:00 GMT+0100 (British Summer Time),0.0402,0.0265,0.0781,0
Fri Aug 02 2024 03:00:00 GMT+0100 (British Summer Time),0.0284,0.0268,0.0781,0
Fri Aug 02 2024 04:00:00 GMT+0100 (British Summer Time),0.0284,0.0268,0.0789,29335.098718263165
Fri Aug 02 2024 05:00:00 GMT+0100 (British Summer Time),0.0301,0.027,0.0789,0
Fri Aug 02 2024 06:00:00 GMT+0100 (British Summer Time),0.0301,0.027,0.0792,11015.59599388414
Fri Aug 02 2024 07:00:00 GMT+0100 (British Summer Time),0.0301,0.027,0.0794,5897.950304836239
Fri Aug 02 2024 08:00:00 GMT+0100 (British Summer Time),0.0301,0.027,0.0796,5896.037760643674
Fri Aug 02 2024 09:00:00 GMT+0100 (British Summer Time),0.0301,0.027,0.0802,23047.36519447998
Fri Aug 02 2024 10:00:00 GMT+0100 (British Summer Time),0.0301,0.027,0.0818,122738.17840637855
Fri Aug 02 2024 11:00:00 GMT+0100 (British Summer Time),0.0301,0.0253,0.0821,9217.95148992783
Fri Aug 02 2024 12:00:00 GMT+0100 (British Summer Time),0.0301,0.0253,0.0821,0
Fri Aug 02 2024 13:00:00 GMT+0100 (British Summer Time),0.0301,0.0253,0.0821,0
Fri Aug 02 2024 14:00:00 GMT+0100 (British Summer Time),0.017,0.0253,0.0821,0
Fri Aug 02 2024 15:00:00 GMT+0100 (British Summer Time),0.017,0.0253,0.0821,0
Fri Aug 02 2024 16:00:00 GMT+0100 (British Summer Time),0.0294,0.0271,0.0821,0
Fri Aug 02 2024 17:00:00 GMT+0100 (British Summer Time),0.0294,0.0271,0.0827,20833.19735628763
Fri Aug 02 2024 18:00:00 GMT+0100 (British Summer Time),0.0294,0.0271,0.0827,0
Fri Aug 02 2024 19:00:00 GMT+0100 (British Summer Time),0.0294,0.0271,0.0827,0
Fri Aug 02 2024 20:00:00 GMT+0100 (British Summer Time),0.0294,0.0271,0.0827,0
Fri Aug 02 2024 21:00:00 GMT+0100 (British Summer Time),0.0217,0.0271,0.0827,0
Fri Aug 02 2024 22:00:00 GMT+0100 (British Summer Time),0.0198,0.0253,0.0827,0
Fri Aug 02 2024 23:00:00 GMT+0100 (British Summer Time),0.0198,0.0253,0.0827,0
Sat Aug 03 2024 00:00:00 GMT+0100 (British Summer Time),0.0179,0.0251,0.0829,7624.012750630738
Sat Aug 03 2024 01:00:00 GMT+0100 (British Summer Time),0.0158,0.0248,0.0837,27092.53768328331
Sat Aug 03 2024 02:00:00 GMT+0100 (British Summer Time),0.0158,0.0248,0.0837,0
Sat Aug 03 2024 03:00:00 GMT+0100 (British Summer Time),0.014,0.0246,0.0841,15658.419934855123
Sat Aug 03 2024 04:00:00 GMT+0100 (British Summer Time),0.0281,0.0264,0.0844,7951.371527169892
Sat Aug 03 2024 05:00:00 GMT+0100 (British Summer Time),0.0263,0.0264,0.0847,35265.17533796294
Sat Aug 03 2024 06:00:00 GMT+0100 (British Summer Time),0.0263,0.0262,0.084,24329.1860504952
Sat Aug 03 2024 07:00:00 GMT+0100 (British Summer Time),0.0263,0.0262,0.0842,6708.010489511229
Sat Aug 03 2024 08:00:00 GMT+0100 (British Summer Time),0.0263,0.0259,0.0845,12251.461689935699
Sat Aug 03 2024 09:00:00 GMT+0100 (British Summer Time),0.0263,0.0259,0.0848,24436.796635737854
Sat Aug 03 2024 10:00:00 GMT+0100 (British Summer Time),0.0263,0.0259,0.0839,167176.0557242267
Sat Aug 03 2024 11:00:00 GMT+0100 (British Summer Time),0.0263,0.0259,0.0844,18812.840894754132
Sat Aug 03 2024 12:00:00 GMT+0100 (British Summer Time),0.0263,0.0259,0.0844,0
Sat Aug 03 2024 13:00:00 GMT+0100 (British Summer Time),0.0263,0.0259,0.0844,0
Sat Aug 03 2024 14:00:00 GMT+0100 (British Summer Time),0.0382,0.0276,0.0846,6341.359316834714
Sat Aug 03 2024 15:00:00 GMT+0100 (British Summer Time),0.0382,0.0276,0.0847,152048.6435460231
Sat Aug 03 2024 16:00:00 GMT+0100 (British Summer Time),0.0256,0.0276,0.0847,0
Sat Aug 03 2024 17:00:00 GMT+0100 (British Summer Time),0.0256,0.0276,0.0847,0
Sat Aug 03 2024 18:00:00 GMT+0100 (British Summer Time),0.0256,0.0276,0.0853,20641.35373620658
Sat Aug 03 2024 19:00:00 GMT+0100 (British Summer Time),0.0256,0.0259,0.0853,0
Sat Aug 03 2024 20:00:00 GMT+0100 (British Summer Time),0.0256,0.0259,0.0853,0
Sat Aug 03 2024 21:00:00 GMT+0100 (British Summer Time),0.0256,0.0259,0.0855,7867.396587044734
Sat Aug 03 2024 22:00:00 GMT+0100 (British Summer Time),0.0256,0.0259,0.0855,3857.589903375
Sat Aug 03 2024 23:00:00 GMT+0100 (British Summer Time),0.0256,0.0259,0.0859,13801.125080554284
Sun Aug 04 2024 00:00:00 GMT+0100 (British Summer Time),0.0256,0.0259,0.0859,0
Sun Aug 04 2024 01:00:00 GMT+0100 (British Summer Time),0.0387,0.0278,0.0859,0
Sun Aug 04 2024 02:00:00 GMT+0100 (British Summer Time),0.0387,0.0278,0.0859,0
Sun Aug 04 2024 03:00:00 GMT+0100 (British Summer Time),0.0387,0.0278,0.0861,89906.2433546163
Sun Aug 04 2024 04:00:00 GMT+0100 (British Summer Time),0.0245,0.0278,0.0862,51324.51821827487
Sun Aug 04 2024 05:00:00 GMT+0100 (British Summer Time),0.0245,0.0278,0.0862,0
Sun Aug 04 2024 06:00:00 GMT+0100 (British Summer Time),0.0245,0.026,0.0862,0
Sun Aug 04 2024 07:00:00 GMT+0100 (British Summer Time),0.0245,0.026,0.0862,0
Sun Aug 04 2024 08:00:00 GMT+0100 (British Summer Time),0.0245,0.026,0.0865,19067.192072338563
Sun Aug 04 2024 09:00:00 GMT+0100 (British Summer Time),0.0245,0.026,0.0869,11964.13802376333
Sun Aug 04 2024 10:00:00 GMT+0100 (British Summer Time),0.0245,0.026,0.0859,60329.524769585005
Sun Aug 04 2024 11:00:00 GMT+0100 (British Summer Time),0.0245,0.026,0.086,2436.70138022789
Sun Aug 04 2024 12:00:00 GMT+0100 (British Summer Time),0.0362,0.0276,0.086,36533.97770641488
Sun Aug 04 2024 13:00:00 GMT+0100 (British Summer Time),0.0362,0.0276,0.0861,3401.9256408333536
Sun Aug 04 2024 14:00:00 GMT+0100 (British Summer Time),0.0244,0.0276,0.0862,2526.6774751797752
Sun Aug 04 2024 15:00:00 GMT+0100 (British Summer Time),0.0244,0.0276,0.0863,2295.5574079401495
Sun Aug 04 2024 16:00:00 GMT+0100 (British Summer Time),0.0244,0.0276,0.0863,85126.33063101955
Sun Aug 04 2024 17:00:00 GMT+0100 (British Summer Time),0.0244,0.0259,0.0863,0
Sun Aug 04 2024 18:00:00 GMT+0100 (British Summer Time),0.0244,0.0259,0.0863,0
Sun Aug 04 2024 19:00:00 GMT+0100 (British Summer Time),0.0244,0.0259,0.0863,0
Sun Aug 04 2024 20:00:00 GMT+0100 (British Summer Time),0.0244,0.0259,0.0863,0
Sun Aug 04 2024 21:00:00 GMT+0100 (British Summer Time),0.0244,0.0259,0.0863,61439.06165433094
Sun Aug 04 2024 22:00:00 GMT+0100 (British Summer Time),0.0244,0.0259,0.0863,0
Sun Aug 04 2024 23:00:00 GMT+0100 (British Summer Time),0.0244,0.0259,0.0863,2738.356995936612
Mon Aug 05 2024 00:00:00 GMT+0100 (British Summer Time),0.0244,0.025,0.0865,4056.960229703456
Mon Aug 05 2024 01:00:00 GMT+0100 (British Summer Time),0.0114,0.025,0.0882,53276.83388504619
Mon Aug 05 2024 02:00:00 GMT+0100 (British Summer Time),0.0114,0.025,0.0882,0
Mon Aug 05 2024 03:00:00 GMT+0100 (British Summer Time),0.0114,0.0248,0.0882,0
Mon Aug 05 2024 04:00:00 GMT+0100 (British Summer Time),0.0114,0.0248,0.0907,68899.81872547587
Mon Aug 05 2024 05:00:00 GMT+0100 (British Summer Time),0.0303,0.0271,0.0909,468948.2532451889
Mon Aug 05 2024 06:00:00 GMT+0100 (British Summer Time),0.0322,0.0273,0.0909,0
Mon Aug 05 2024 07:00:00 GMT+0100 (British Summer Time),0.0322,0.0273,0.0922,36898.9717703892
Mon Aug 05 2024 08:00:00 GMT+0100 (British Summer Time),0.0322,0.0273,0.0922,0
Mon Aug 05 2024 09:00:00 GMT+0100 (British Summer Time),0.0322,0.0273,0.0922,0
Mon Aug 05 2024 10:00:00 GMT+0100 (British Summer Time),0.0322,0.0273,0.0922,0
Mon Aug 05 2024 11:00:00 GMT+0100 (British Summer Time),0.0322,0.0273,0.0922,11.121820598611029
Mon Aug 05 2024 12:00:00 GMT+0100 (British Summer Time),0.0282,0.0284,0.0932,26688.157394093767
Mon Aug 05 2024 13:00:00 GMT+0100 (British Summer Time),0.0282,0.0284,0.0932,0
Mon Aug 05 2024 14:00:00 GMT+0100 (British Summer Time),0.0302,0.0287,0.0932,0
Mon Aug 05 2024 15:00:00 GMT+0100 (British Summer Time),0.0302,0.0287,0.0932,0
Mon Aug 05 2024 16:00:00 GMT+0100 (British Summer Time),0.0302,0.027,0.0932,0
Mon Aug 05 2024 17:00:00 GMT+0100 (British Summer Time),0.0302,0.027,0.0932,0
Mon Aug 05 2024 18:00:00 GMT+0100 (British Summer Time),0.0302,0.027,0.0932,0
Mon Aug 05 2024 19:00:00 GMT+0100 (British Summer Time),0.0302,0.027,0.0933,382953.79680822673
Mon Aug 05 2024 20:00:00 GMT+0100 (British Summer Time),0.0302,0.027,0.0822,816434.8507119985
Mon Aug 05 2024 21:00:00 GMT+0100 (British Summer Time),0.0302,0.027,0.0822,0
Mon Aug 05 2024 22:00:00 GMT+0100 (British Summer Time),0.0302,0.027,0.0822,0
Mon Aug 05 2024 23:00:00 GMT+0100 (British Summer Time),0.0302,0.027,0.0822,0
Tue Aug 06 2024 00:00:00 GMT+0100 (British Summer Time),0.0302,0.027,0.0823,463705.9566260077
Tue Aug 06 2024 01:00:00 GMT+0100 (British Summer Time),0.0435,0.0289,0.0823,0
Tue Aug 06 2024 02:00:00 GMT+0100 (British Summer Time),0.0435,0.0289,0.083,20969.570119655633
Tue Aug 06 2024 03:00:00 GMT+0100 (British Summer Time),0.0455,0.0274,0.0813,48521.88019679004
Tue Aug 06 2024 04:00:00 GMT+0100 (British Summer Time),0.0476,0.0277,0.0813,0
Tue Aug 06 2024 05:00:00 GMT+0100 (British Summer Time),0.0284,0.0277,0.0813,0
Tue Aug 06 2024 06:00:00 GMT+0100 (British Summer Time),0.0284,0.028,0.0813,0
Tue Aug 06 2024 07:00:00 GMT+0100 (British Summer Time),0.0284,0.028,0.0803,27238.72409624663
Tue Aug 06 2024 08:00:00 GMT+0100 (British Summer Time),0.0303,0.0283,0.0803,0
Tue Aug 06 2024 09:00:00 GMT+0100 (British Summer Time),0.0303,0.0283,0.0803,0
Tue Aug 06 2024 10:00:00 GMT+0100 (British Summer Time),0.0303,0.0283,0.0775,121708.78500347456
Tue Aug 06 2024 11:00:00 GMT+0100 (British Summer Time),0.0303,0.0283,0.0786,28474.61787525554
Tue Aug 06 2024 12:00:00 GMT+0100 (British Summer Time),0.0227,0.0283,0.0773,35346.597806162885
Tue Aug 06 2024 13:00:00 GMT+0100 (British Summer Time),0.0227,0.0283,0.0771,4746.057820980236
Tue Aug 06 2024 14:00:00 GMT+0100 (British Summer Time),0.0207,0.0283,0.0771,0
Tue Aug 06 2024 15:00:00 GMT+0100 (British Summer Time),0.0207,0.0283,0.0771,0
Tue Aug 06 2024 16:00:00 GMT+0100 (British Summer Time),0.0314,0.0298,0.0771,0
Tue Aug 06 2024 17:00:00 GMT+0100 (British Summer Time),0.0314,0.0277,0.0776,15447.46813037252
Tue Aug 06 2024 18:00:00 GMT+0100 (British Summer Time),0.0314,0.0277,0.0776,17155.313616333224
Tue Aug 06 2024 19:00:00 GMT+0100 (British Summer Time),0.0314,0.0277,0.0783,0
Tue Aug 06 2024 20:00:00 GMT+0100 (British Summer Time),0.0314,0.0277,0.0783,0
Tue Aug 06 2024 21:00:00 GMT+0100 (British Summer Time),0.0314,0.0277,0.0783,0
Tue Aug 06 2024 22:00:00 GMT+0100 (British Summer Time),0.0314,0.0267,0.0783,0
Tue Aug 06 2024 23:00:00 GMT+0100 (British Summer Time),0.0314,0.0267,0.0783,0
Wed Aug 07 2024 00:00:00 GMT+0100 (British Summer Time),0.0425,0.028,0.0779,48224.971491729484
Wed Aug 07 2024 01:00:00 GMT+0100 (British Summer Time),0.0292,0.0277,0.0779,0
Wed Aug 07 2024 02:00:00 GMT+0100 (British Summer Time),0.0292,0.0277,0.0779,0
Wed Aug 07 2024 03:00:00 GMT+0100 (British Summer Time),0.0272,0.0274,0.0779,0
Wed Aug 07 2024 04:00:00 GMT+0100 (British Summer Time),0.0251,0.0274,0.0779,0
Wed Aug 07 2024 05:00:00 GMT+0100 (British Summer Time),0.0251,0.0272,0.0779,0
Wed Aug 07 2024 06:00:00 GMT+0100 (British Summer Time),0.0232,0.0272,0.0779,0
Wed Aug 07 2024 07:00:00 GMT+0100 (British Summer Time),0.0232,0.0272,0.0779,0
Wed Aug 07 2024 08:00:00 GMT+0100 (British Summer Time),0.0329,0.0288,0.0779,0
Wed Aug 07 2024 09:00:00 GMT+0100 (British Summer Time),0.0329,0.0288,0.0778,257471.60228595714
Wed Aug 07 2024 10:00:00 GMT+0100 (British Summer Time),0.0329,0.0288,0.0779,121267.23754363708
Wed Aug 07 2024 11:00:00 GMT+0100 (British Summer Time),0.0329,0.0288,0.0779,0
Wed Aug 07 2024 12:00:00 GMT+0100 (British Summer Time),0.0329,0.0288,0.0779,0
Wed Aug 07 2024 13:00:00 GMT+0100 (British Summer Time),0.0329,0.0276,0.0779,0
Wed Aug 07 2024 14:00:00 GMT+0100 (British Summer Time),0.0329,0.0274,0.0779,0
Wed Aug 07 2024 15:00:00 GMT+0100 (British Summer Time),0.0329,0.0274,0.0779,0
Wed Aug 07 2024 16:00:00 GMT+0100 (British Summer Time),0.0328,0.0286,0.0779,0
Wed Aug 07 2024 17:00:00 GMT+0100 (British Summer Time),0.0328,0.0286,0.0779,0
Wed Aug 07 2024 18:00:00 GMT+0100 (British Summer Time),0.0328,0.0286,0.0779,0
Wed Aug 07 2024 19:00:00 GMT+0100 (British Summer Time),0.0328,0.0286,0.0779,0
Wed Aug 07 2024 20:00:00 GMT+0100 (British Summer Time),0.0328,0.0286,0.0779,165610.13298315243
Wed Aug 07 2024 21:00:00 GMT+0100 (British Summer Time),0.0328,0.0286,0.0787,19346.239034301318
Wed Aug 07 2024 22:00:00 GMT+0100 (British Summer Time),0.0328,0.0286,0.0787,0
Wed Aug 07 2024 23:00:00 GMT+0100 (British Summer Time),0.0328,0.0286,0.0759,69862.60952796825
Thu Aug 08 2024 00:00:00 GMT+0100 (British Summer Time),0.0336,0.0303,0.0759,0
Thu Aug 08 2024 01:00:00 GMT+0100 (British Summer Time),0.0336,0.0303,0.0759,0
Thu Aug 08 2024 02:00:00 GMT+0100 (British Summer Time),0.0336,0.0303,0.0759,0
Thu Aug 08 2024 03:00:00 GMT+0100 (British Summer Time),0.0336,0.0283,0.0759,26.354049354677564
Thu Aug 08 2024 04:00:00 GMT+0100 (British Summer Time),0.0336,0.0283,0.076,1306.7324211645403
Thu Aug 08 2024 05:00:00 GMT+0100 (British Summer Time),0.0336,0.0283,0.076,0
Thu Aug 08 2024 06:00:00 GMT+0100 (British Summer Time),0.0336,0.0283,0.076,0
Thu Aug 08 2024 07:00:00 GMT+0100 (British Summer Time),0.0336,0.0283,0.076,0
Thu Aug 08 2024 08:00:00 GMT+0100 (British Summer Time),0.0331,0.0299,0.076,0
Thu Aug 08 2024 09:00:00 GMT+0100 (British Summer Time),0.0331,0.0299,0.076,0
Thu Aug 08 2024 10:00:00 GMT+0100 (British Summer Time),0.0331,0.0299,0.0757,7440.329641998319
Thu Aug 08 2024 11:00:00 GMT+0100 (British Summer Time),0.0331,0.0299,0.0784,70896.5957900282
Thu Aug 08 2024 12:00:00 GMT+0100 (British Summer Time),0.0331,0.0299,0.0784,0
Thu Aug 08 2024 13:00:00 GMT+0100 (British Summer Time),0.0331,0.0299,0.0784,0
Thu Aug 08 2024 14:00:00 GMT+0100 (British Summer Time),0.0331,0.028,0.0784,24.79220591887447
Thu Aug 08 2024 15:00:00 GMT+0100 (British Summer Time),0.0331,0.028,0.0784,0
Thu Aug 08 2024 16:00:00 GMT+0100 (British Summer Time),0.0226,0.028,0.0791,18651.684276844488
Thu Aug 08 2024 17:00:00 GMT+0100 (British Summer Time),0.0397,0.0305,0.0791,0
Thu Aug 08 2024 18:00:00 GMT+0100 (British Summer Time),0.0397,0.0305,0.0789,334966.5622649404
Thu Aug 08 2024 19:00:00 GMT+0100 (British Summer Time),0.0397,0.0305,0.0789,0
Thu Aug 08 2024 20:00:00 GMT+0100 (British Summer Time),0.0397,0.0305,0.0789,0
Thu Aug 08 2024 21:00:00 GMT+0100 (British Summer Time),0.0397,0.0294,0.0789,0
Thu Aug 08 2024 22:00:00 GMT+0100 (British Summer Time),0.0397,0.0291,0.0792,8258.96475608252
Thu Aug 08 2024 23:00:00 GMT+0100 (British Summer Time),0.0397,0.0291,0.0792,0
Fri Aug 09 2024 00:00:00 GMT+0100 (British Summer Time),0.0278,0.0288,0.0718,283022.05161793873
Fri Aug 09 2024 01:00:00 GMT+0100 (British Summer Time),0.0413,0.0304,0.0721,7258.225990052718
Fri Aug 09 2024 02:00:00 GMT+0100 (British Summer Time),0.0413,0.0304,0.0721,0
Fri Aug 09 2024 03:00:00 GMT+0100 (British Summer Time),0.0413,0.0302,0.0729,33894.490998620386
Fri Aug 09 2024 04:00:00 GMT+0100 (British Summer Time),0.0413,0.0302,0.0733,34361.20024240138
Fri Aug 09 2024 05:00:00 GMT+0100 (British Summer Time),0.0413,0.0299,0.0733,0
Fri Aug 09 2024 06:00:00 GMT+0100 (British Summer Time),0.0413,0.0299,0.0733,0
Fri Aug 09 2024 07:00:00 GMT+0100 (British Summer Time),0.0413,0.0299,0.0728,12635.031727833011
Fri Aug 09 2024 08:00:00 GMT+0100 (British Summer Time),0.0301,0.0299,0.0729,1216.2061549124726
Fri Aug 09 2024 09:00:00 GMT+0100 (British Summer Time),0.0433,0.0318,0.0729,0
Fri Aug 09 2024 10:00:00 GMT+0100 (British Summer Time),0.0433,0.0318,0.0729,281.3652553098177
Fri Aug 09 2024 11:00:00 GMT+0100 (British Summer Time),0.0433,0.0318,0.0729,0
Fri Aug 09 2024 12:00:00 GMT+0100 (British Summer Time),0.0433,0.0318,0.0722,17374.82288286391
Fri Aug 09 2024 13:00:00 GMT+0100 (British Summer Time),0.0433,0.0318,0.0722,0
Fri Aug 09 2024 14:00:00 GMT+0100 (British Summer Time),0.0433,0.0318,0.0722,0
Fri Aug 09 2024 15:00:00 GMT+0100 (British Summer Time),0.0433,0.0318,0.0722,0
Fri Aug 09 2024 16:00:00 GMT+0100 (British Summer Time),0.0433,0.03,0.0722,0
Fri Aug 09 2024 17:00:00 GMT+0100 (British Summer Time),0.0392,0.0319,0.073,20787.323944668762
Fri Aug 09 2024 18:00:00 GMT+0100 (British Summer Time),0.0392,0.0319,0.073,50682.87943833147
Fri Aug 09 2024 19:00:00 GMT+0100 (British Summer Time),0.0392,0.0319,0.0728,5490.020282346071
Fri Aug 09 2024 20:00:00 GMT+0100 (British Summer Time),0.0392,0.0319,0.0728,0
Fri Aug 09 2024 21:00:00 GMT+0100 (British Summer Time),0.0392,0.0319,0.0728,1002.0515134470403
Fri Aug 09 2024 22:00:00 GMT+0100 (British Summer Time),0.0471,0.033,0.0728,0
Fri Aug 09 2024 23:00:00 GMT+0100 (British Summer Time),0.0471,0.033,0.0728,0
Sat Aug 10 2024 00:00:00 GMT+0100 (British Summer Time),0.0498,0.0334,0.0684,270149.3858167578
Sat Aug 10 2024 01:00:00 GMT+0100 (British Summer Time),0.0362,0.0334,0.0684,0
Sat Aug 10 2024 02:00:00 GMT+0100 (British Summer Time),0.0362,0.0334,0.0684,0
Sat Aug 10 2024 03:00:00 GMT+0100 (British Summer Time),0.0416,0.0341,0.0685,2097.044566085006
Sat Aug 10 2024 04:00:00 GMT+0100 (British Summer Time),0.0443,0.0325,0.0685,0
Sat Aug 10 2024 05:00:00 GMT+0100 (British Summer Time),0.0443,0.0325,0.0694,1363974.273737576
Sat Aug 10 2024 06:00:00 GMT+0100 (British Summer Time),0.0471,0.0329,0.0694,0
Sat Aug 10 2024 07:00:00 GMT+0100 (British Summer Time),0.0471,0.0329,0.0701,35776.143362203205
Sat Aug 10 2024 08:00:00 GMT+0100 (British Summer Time),0.0497,0.0333,0.0699,27939.759697760026
Sat Aug 10 2024 09:00:00 GMT+0100 (British Summer Time),0.0393,0.0336,0.0699,0
Sat Aug 10 2024 10:00:00 GMT+0100 (British Summer Time),0.0393,0.0336,0.0699,0
Sat Aug 10 2024 11:00:00 GMT+0100 (British Summer Time),0.0419,0.034,0.0708,24032.326512606604
Sat Aug 10 2024 12:00:00 GMT+0100 (British Summer Time),0.0446,0.0344,0.0708,0
Sat Aug 10 2024 13:00:00 GMT+0100 (British Summer Time),0.0446,0.0344,0.0708,0
Sat Aug 10 2024 14:00:00 GMT+0100 (British Summer Time),0.0473,0.0331,0.0708,0
Sat Aug 10 2024 15:00:00 GMT+0100 (British Summer Time),0.0473,0.0331,0.0708,0
Sat Aug 10 2024 16:00:00 GMT+0100 (British Summer Time),0.05,0.0335,0.0708,0
Sat Aug 10 2024 17:00:00 GMT+0100 (British Summer Time),0.0368,0.0335,0.0708,0
Sat Aug 10 2024 18:00:00 GMT+0100 (British Summer Time),0.0368,0.0335,0.0732,291172.12641130586
Sat Aug 10 2024 19:00:00 GMT+0100 (British Summer Time),0.0368,0.0335,0.0731,4197.8443417314975
Sat Aug 10 2024 20:00:00 GMT+0100 (British Summer Time),0.0368,0.0335,0.0733,5761.140113000954
Sat Aug 10 2024 21:00:00 GMT+0100 (British Summer Time),0.0368,0.0335,0.0733,0
Sat Aug 10 2024 22:00:00 GMT+0100 (British Summer Time),0.0289,0.0335,0.0743,28490.65638077278
Sat Aug 10 2024 23:00:00 GMT+0100 (British Summer Time),0.0289,0.0335,0.0745,4596.8826753959775
Sun Aug 11 2024 00:00:00 GMT+0100 (British Summer Time),0.0263,0.0335,0.073,38989.678545684634
Sun Aug 11 2024 01:00:00 GMT+0100 (British Summer Time),0.0263,0.0316,0.073,0
Sun Aug 11 2024 02:00:00 GMT+0100 (British Summer Time),0.0263,0.0316,0.073,0
Sun Aug 11 2024 03:00:00 GMT+0100 (British Summer Time),0.021,0.0316,0.0731,853.7983920900429
Sun Aug 11 2024 04:00:00 GMT+0100 (British Summer Time),0.0183,0.0316,0.0735,11444.195184019694
Sun Aug 11 2024 05:00:00 GMT+0100 (British Summer Time),0.0402,0.0347,0.0735,0
Sun Aug 11 2024 06:00:00 GMT+0100 (British Summer Time),0.0375,0.0347,0.0744,24117.902046470048
Sun Aug 11 2024 07:00:00 GMT+0100 (British Summer Time),0.0375,0.0347,0.0737,43555.619461906914
Sun Aug 11 2024 08:00:00 GMT+0100 (British Summer Time),0.0348,0.0347,0.0747,48790.44656169441
Sun Aug 11 2024 09:00:00 GMT+0100 (British Summer Time),0.0321,0.0347,0.0752,16635.28577947191
Sun Aug 11 2024 10:00:00 GMT+0100 (British Summer Time),0.0321,0.0347,0.0759,134207.89510139695
Sun Aug 11 2024 11:00:00 GMT+0100 (British Summer Time),0.0294,0.0347,0.0763,14196.033942821396
Sun Aug 11 2024 12:00:00 GMT+0100 (British Summer Time),0.0404,0.035,0.0769,13729.621077523878
Sun Aug 11 2024 13:00:00 GMT+0100 (British Summer Time),0.0404,0.035,0.0773,11848.772044589889
Sun Aug 11 2024 14:00:00 GMT+0100 (British Summer Time),0.0378,0.035,0.0773,0
Sun Aug 11 2024 15:00:00 GMT+0100 (British Summer Time),0.0378,0.035,0.0773,0
Sun Aug 11 2024 16:00:00 GMT+0100 (British Summer Time),0.0351,0.035,0.0773,30342.488860398917
Sun Aug 11 2024 17:00:00 GMT+0100 (British Summer Time),0.0351,0.035,0.0773,0
Sun Aug 11 2024 18:00:00 GMT+0100 (British Summer Time),0.0351,0.035,0.0773,0
Sun Aug 11 2024 19:00:00 GMT+0100 (British Summer Time),0.0351,0.035,0.0773,0
Sun Aug 11 2024 20:00:00 GMT+0100 (British Summer Time),0.0481,0.0369,0.0773,0
Sun Aug 11 2024 21:00:00 GMT+0100 (British Summer Time),0.0481,0.0369,0.0773,0
Sun Aug 11 2024 22:00:00 GMT+0100 (British Summer Time),0.0481,0.0369,0.0773,0
Sun Aug 11 2024 23:00:00 GMT+0100 (British Summer Time),0.0481,0.0369,0.0773,0
Mon Aug 12 2024 00:00:00 GMT+0100 (British Summer Time),0.0481,0.0369,0.0708,268750.82823495317
Mon Aug 12 2024 01:00:00 GMT+0100 (British Summer Time),0.0481,0.0369,0.0708,0
Mon Aug 12 2024 02:00:00 GMT+0100 (British Summer Time),0.0481,0.0369,0.0708,0
Mon Aug 12 2024 03:00:00 GMT+0100 (British Summer Time),0.0481,0.0369,0.0708,0
Mon Aug 12 2024 04:00:00 GMT+0100 (British Summer Time),0.0481,0.0369,0.0717,22673.997454976878
Mon Aug 12 2024 05:00:00 GMT+0100 (British Summer Time),0.0395,0.036,0.0717,0
Mon Aug 12 2024 06:00:00 GMT+0100 (British Summer Time),0.0395,0.0358,0.0717,0
Mon Aug 12 2024 07:00:00 GMT+0100 (British Summer Time),0.0395,0.0358,0.0717,0
Mon Aug 12 2024 08:00:00 GMT+0100 (British Summer Time),0.0395,0.0358,0.0717,0
Mon Aug 12 2024 09:00:00 GMT+0100 (British Summer Time),0.0475,0.0369,0.0717,0
Mon Aug 12 2024 10:00:00 GMT+0100 (British Summer Time),0.0475,0.0369,0.0713,13310.323985103161
Mon Aug 12 2024 11:00:00 GMT+0100 (British Summer Time),0.0502,0.0373,0.0713,0
Mon Aug 12 2024 12:00:00 GMT+0100 (British Summer Time),0.0364,0.0362,0.0713,56.798252402806206
Mon Aug 12 2024 13:00:00 GMT+0100 (British Summer Time),0.0364,0.0362,0.0713,0
Mon Aug 12 2024 14:00:00 GMT+0100 (British Summer Time),0.0419,0.0367,0.0713,0
Mon Aug 12 2024 15:00:00 GMT+0100 (British Summer Time),0.0419,0.0367,0.0713,0
Mon Aug 12 2024 16:00:00 GMT+0100 (British Summer Time),0.0447,0.0371,0.0713,0
Mon Aug 12 2024 17:00:00 GMT+0100 (British Summer Time),0.0474,0.0375,0.0713,0
Mon Aug 12 2024 18:00:00 GMT+0100 (British Summer Time),0.0474,0.0375,0.0734,56286.148964054984
Mon Aug 12 2024 19:00:00 GMT+0100 (British Summer Time),0.0501,0.0378,0.0734,0
Mon Aug 12 2024 20:00:00 GMT+0100 (British Summer Time),0.0371,0.0378,0.0734,65.71526082837786
Mon Aug 12 2024 21:00:00 GMT+0100 (British Summer Time),0.0398,0.0382,0.0734,0
Mon Aug 12 2024 22:00:00 GMT+0100 (British Summer Time),0.0424,0.0386,0.0734,0
Mon Aug 12 2024 23:00:00 GMT+0100 (British Summer Time),0.0424,0.0386,0.0734,0
Tue Aug 13 2024 00:00:00 GMT+0100 (British Summer Time),0.0451,0.039,0.0734,0
Tue Aug 13 2024 01:00:00 GMT+0100 (British Summer Time),0.0478,0.0375,0.0734,0
Tue Aug 13 2024 02:00:00 GMT+0100 (British Summer Time),0.0478,0.0375,0.0734,0
Tue Aug 13 2024 03:00:00 GMT+0100 (British Summer Time),0.0506,0.0376,0.0734,0
Tue Aug 13 2024 04:00:00 GMT+0100 (British Summer Time),0.0506,0.0373,0.0734,38696.37765840717
Tue Aug 13 2024 05:00:00 GMT+0100 (British Summer Time),0.0396,0.0376,0.0734,14808.72290906425
Tue Aug 13 2024 06:00:00 GMT+0100 (British Summer Time),0.0422,0.0377,0.074,0
Tue Aug 13 2024 07:00:00 GMT+0100 (British Summer Time),0.0422,0.0377,0.0748,23442.06551790387
Tue Aug 13 2024 08:00:00 GMT+0100 (British Summer Time),0.0422,0.0375,0.0748,0
Tue Aug 13 2024 09:00:00 GMT+0100 (British Summer Time),0.0342,0.0375,0.0748,0
Tue Aug 13 2024 10:00:00 GMT+0100 (British Summer Time),0.0342,0.0375,0.0752,11845.093069353585
Tue Aug 13 2024 11:00:00 GMT+0100 (British Summer Time),0.0397,0.0386,0.0757,13303.833204249064
Tue Aug 13 2024 12:00:00 GMT+0100 (British Summer Time),0.0397,0.0386,0.0757,0
Tue Aug 13 2024 13:00:00 GMT+0100 (British Summer Time),0.0397,0.0386,0.0764,109277.32818500194
Tue Aug 13 2024 14:00:00 GMT+0100 (British Summer Time),0.0342,0.0386,0.0764,0
Tue Aug 13 2024 15:00:00 GMT+0100 (British Summer Time),0.0342,0.0386,0.0764,0
Tue Aug 13 2024 16:00:00 GMT+0100 (British Summer Time),0.0315,0.0371,0.0764,0
Tue Aug 13 2024 17:00:00 GMT+0100 (British Summer Time),0.0288,0.0371,0.0764,0
Tue Aug 13 2024 18:00:00 GMT+0100 (British Summer Time),0.0288,0.0371,0.0764,0
Tue Aug 13 2024 19:00:00 GMT+0100 (British Summer Time),0.0391,0.0389,0.0776,33908.909108703556
Tue Aug 13 2024 20:00:00 GMT+0100 (British Summer Time),0.0391,0.0389,0.0776,0
Tue Aug 13 2024 21:00:00 GMT+0100 (British Summer Time),0.0364,0.0389,0.0776,0
Tue Aug 13 2024 22:00:00 GMT+0100 (British Summer Time),0.0338,0.0389,0.0776,0
Tue Aug 13 2024 23:00:00 GMT+0100 (British Summer Time),0.0338,0.0389,0.0776,0
Wed Aug 14 2024 00:00:00 GMT+0100 (British Summer Time),0.0311,0.0374,0.0776,0
Wed Aug 14 2024 01:00:00 GMT+0100 (British Summer Time),0.0284,0.0374,0.0777,2541.540970184638
Wed Aug 14 2024 02:00:00 GMT+0100 (British Summer Time),0.0284,0.0374,0.0777,3203.670549086328
Wed Aug 14 2024 03:00:00 GMT+0100 (British Summer Time),0.0388,0.0392,0.0778,0
Wed Aug 14 2024 04:00:00 GMT+0100 (British Summer Time),0.0388,0.0392,0.0778,0
Wed Aug 14 2024 05:00:00 GMT+0100 (British Summer Time),0.0362,0.0392,0.0719,283874.76913185604
Wed Aug 14 2024 06:00:00 GMT+0100 (British Summer Time),0.0336,0.0392,0.0719,0
Wed Aug 14 2024 07:00:00 GMT+0100 (British Summer Time),0.0336,0.0392,0.0745,72650.43837753315
Wed Aug 14 2024 08:00:00 GMT+0100 (British Summer Time),0.0336,0.0376,0.0745,0
Wed Aug 14 2024 09:00:00 GMT+0100 (British Summer Time),0.0336,0.0376,0.0745,28966.590451076354
Wed Aug 14 2024 10:00:00 GMT+0100 (British Summer Time),0.0336,0.0376,0.0733,34729.86062230945
Wed Aug 14 2024 11:00:00 GMT+0100 (British Summer Time),0.0387,0.0395,0.0733,0
Wed Aug 14 2024 12:00:00 GMT+0100 (British Summer Time),0.0387,0.0395,0.0733,0
Wed Aug 14 2024 13:00:00 GMT+0100 (British Summer Time),0.0387,0.0395,0.0691,134099.3451902785
Wed Aug 14 2024 14:00:00 GMT+0100 (British Summer Time),0.0387,0.0395,0.0691,0
Wed Aug 14 2024 15:00:00 GMT+0100 (British Summer Time),0.0387,0.0395,0.0691,0
Wed Aug 14 2024 16:00:00 GMT+0100 (British Summer Time),0.0387,0.0379,0.0691,0
Wed Aug 14 2024 17:00:00 GMT+0100 (British Summer Time),0.0387,0.0379,0.0691,0
Wed Aug 14 2024 18:00:00 GMT+0100 (British Summer Time),0.0387,0.0379,0.0691,0
Wed Aug 14 2024 19:00:00 GMT+0100 (British Summer Time),0.0357,0.0394,0.0712,53595.25899254041
Wed Aug 14 2024 20:00:00 GMT+0100 (British Summer Time),0.0357,0.0394,0.0712,0
Wed Aug 14 2024 21:00:00 GMT+0100 (British Summer Time),0.0357,0.0394,0.0712,0
Wed Aug 14 2024 22:00:00 GMT+0100 (British Summer Time),0.0357,0.0394,0.0712,0
Wed Aug 14 2024 23:00:00 GMT+0100 (British Summer Time),0.0357,0.0394,0.0712,0
Thu Aug 15 2024 00:00:00 GMT+0100 (British Summer Time),0.0357,0.0377,0.0723,28917.933321546945
Thu Aug 15 2024 01:00:00 GMT+0100 (British Summer Time),0.0357,0.0377,0.0744,96724.67384837524
Thu Aug 15 2024 02:00:00 GMT+0100 (British Summer Time),0.0357,0.0377,0.0744,0
Thu Aug 15 2024 03:00:00 GMT+0100 (British Summer Time),0.0318,0.039,0.0696,247131.57129521365
Thu Aug 15 2024 04:00:00 GMT+0100 (British Summer Time),0.0318,0.039,0.0694,12832.534800485404
Thu Aug 15 2024 05:00:00 GMT+0100 (British Summer Time),0.0318,0.039,0.0684,74849.70089283433
Thu Aug 15 2024 06:00:00 GMT+0100 (British Summer Time),0.0318,0.039,0.0689,12302.67747516715
Thu Aug 15 2024 07:00:00 GMT+0100 (British Summer Time),0.0318,0.039,0.0722,85287.82849034615
Thu Aug 15 2024 08:00:00 GMT+0100 (British Summer Time),0.0318,0.0374,0.0729,58328.06538760982
Thu Aug 15 2024 09:00:00 GMT+0100 (British Summer Time),0.0318,0.0374,0.0739,24934.416282296275
Thu Aug 15 2024 10:00:00 GMT+0100 (British Summer Time),0.0318,0.0374,0.0739,0
Thu Aug 15 2024 11:00:00 GMT+0100 (British Summer Time),0.0269,0.0386,0.0739,0
Thu Aug 15 2024 12:00:00 GMT+0100 (British Summer Time),0.0269,0.0386,0.0739,0
Thu Aug 15 2024 13:00:00 GMT+0100 (British Summer Time),0.0269,0.0386,0.0739,0
Thu Aug 15 2024 14:00:00 GMT+0100 (British Summer Time),0.0269,0.0386,0.0743,10331.569689528518
Thu Aug 15 2024 15:00:00 GMT+0100 (British Summer Time),0.0269,0.0386,0.0743,0
Thu Aug 15 2024 16:00:00 GMT+0100 (British Summer Time),0.0269,0.0386,0.0743,0
Thu Aug 15 2024 17:00:00 GMT+0100 (British Summer Time),0.0269,0.0361,0.0743,0
Thu Aug 15 2024 18:00:00 GMT+0100 (British Summer Time),0.0269,0.0361,0.0743,0
Thu Aug 15 2024 19:00:00 GMT+0100 (British Summer Time),0.0271,0.0376,0.0743,0
Thu Aug 15 2024 20:00:00 GMT+0100 (British Summer Time),0.0271,0.0376,0.0743,0
Thu Aug 15 2024 21:00:00 GMT+0100 (British Summer Time),0.0271,0.0376,0.0743,0
Thu Aug 15 2024 22:00:00 GMT+0100 (British Summer Time),0.0271,0.0376,0.0743,0
Thu Aug 15 2024 23:00:00 GMT+0100 (British Summer Time),0.0271,0.0376,0.0743,0
Fri Aug 16 2024 00:00:00 GMT+0100 (British Summer Time),0.033,0.0384,0.0692,269250.1574843078
Fri Aug 16 2024 01:00:00 GMT+0100 (British Summer Time),0.0349,0.0367,0.0692,0
Fri Aug 16 2024 02:00:00 GMT+0100 (British Summer Time),0.0349,0.0367,0.0692,0
Fri Aug 16 2024 03:00:00 GMT+0100 (British Summer Time),0.0274,0.037,0.0735,107486.48114169008
Fri Aug 16 2024 04:00:00 GMT+0100 (British Summer Time),0.0274,0.037,0.0735,0
Fri Aug 16 2024 05:00:00 GMT+0100 (British Summer Time),0.029,0.0372,0.0735,0
Fri Aug 16 2024 06:00:00 GMT+0100 (British Summer Time),0.029,0.0372,0.0735,0
Fri Aug 16 2024 07:00:00 GMT+0100 (British Summer Time),0.029,0.0372,0.0735,0
Fri Aug 16 2024 08:00:00 GMT+0100 (British Summer Time),0.029,0.0372,0.0688,147089.54173631128
Fri Aug 16 2024 09:00:00 GMT+0100 (British Summer Time),0.029,0.0353,0.072,74412.29253080943
Fri Aug 16 2024 10:00:00 GMT+0100 (British Summer Time),0.029,0.0353,0.072,0
Fri Aug 16 2024 11:00:00 GMT+0100 (British Summer Time),0.0207,0.0353,0.072,0
Fri Aug 16 2024 12:00:00 GMT+0100 (British Summer Time),0.0207,0.0353,0.0734,33699.87769832795
Fri Aug 16 2024 13:00:00 GMT+0100 (British Summer Time),0.0291,0.0365,0.0704,655798.8395559343
Fri Aug 16 2024 14:00:00 GMT+0100 (British Summer Time),0.0291,0.0365,0.0704,0
Fri Aug 16 2024 15:00:00 GMT+0100 (British Summer Time),0.0291,0.0365,0.0704,0
Fri Aug 16 2024 16:00:00 GMT+0100 (British Summer Time),0.0291,0.0365,0.0704,0
Fri Aug 16 2024 17:00:00 GMT+0100 (British Summer Time),0.0291,0.0347,0.0704,0
Fri Aug 16 2024 18:00:00 GMT+0100 (British Summer Time),0.0291,0.0347,0.0716,28372.779901386373
Fri Aug 16 2024 19:00:00 GMT+0100 (British Summer Time),0.019,0.0347,0.0716,0
Fri Aug 16 2024 20:00:00 GMT+0100 (British Summer Time),0.019,0.0347,0.0716,0
Fri Aug 16 2024 21:00:00 GMT+0100 (British Summer Time),0.0286,0.0361,0.0716,0
Fri Aug 16 2024 22:00:00 GMT+0100 (British Summer Time),0.0286,0.0349,0.0716,0
Fri Aug 16 2024 23:00:00 GMT+0100 (British Summer Time),0.0286,0.0349,0.0716,0
Sat Aug 17 2024 00:00:00 GMT+0100 (British Summer Time),0.0228,0.0346,0.0716,0
Sat Aug 17 2024 01:00:00 GMT+0100 (British Summer Time),0.0209,0.0346,0.0716,0
Sat Aug 17 2024 02:00:00 GMT+0100 (British Summer Time),0.0209,0.0346,0.0683,268891.2321294937
Sat Aug 17 2024 03:00:00 GMT+0100 (British Summer Time),0.0193,0.0338,0.0683,0
Sat Aug 17 2024 04:00:00 GMT+0100 (British Summer Time),0.0193,0.0334,0.0686,6624.122662735985
Sat Aug 17 2024 05:00:00 GMT+0100 (British Summer Time),0.0257,0.0346,0.0686,0
Sat Aug 17 2024 06:00:00 GMT+0100 (British Summer Time),0.0257,0.0342,0.0694,19918.45363076863
Sat Aug 17 2024 07:00:00 GMT+0100 (British Summer Time),0.0257,0.0342,0.0705,26093.81596984485
Sat Aug 17 2024 08:00:00 GMT+0100 (British Summer Time),0.0257,0.0338,0.0705,0
Sat Aug 17 2024 09:00:00 GMT+0100 (British Summer Time),0.0257,0.0334,0.0718,29570.940994801982
Sat Aug 17 2024 10:00:00 GMT+0100 (British Summer Time),0.0257,0.0334,0.0732,33609.453457400865
Sat Aug 17 2024 11:00:00 GMT+0100 (British Summer Time),0.0257,0.033,0.0736,13130.551774042842
Sat Aug 17 2024 12:00:00 GMT+0100 (British Summer Time),0.0336,0.0338,0.0736,0
Sat Aug 17 2024 13:00:00 GMT+0100 (British Summer Time),0.0253,0.0338,0.0736,0
Sat Aug 17 2024 14:00:00 GMT+0100 (British Summer Time),0.0253,0.0334,0.0741,12328.591083223695
Sat Aug 17 2024 15:00:00 GMT+0100 (British Summer Time),0.0253,0.0334,0.0694,687330.5732517036
Sat Aug 17 2024 16:00:00 GMT+0100 (British Summer Time),0.0253,0.033,0.0694,0
Sat Aug 17 2024 17:00:00 GMT+0100 (British Summer Time),0.0253,0.033,0.0744,119807.21478561993
Sat Aug 17 2024 18:00:00 GMT+0100 (British Summer Time),0.0253,0.033,0.0756,29402.46268085103
Sat Aug 17 2024 19:00:00 GMT+0100 (British Summer Time),0.0253,0.033,0.0761,750803.0303937375
Sat Aug 17 2024 20:00:00 GMT+0100 (British Summer Time),0.0387,0.0349,0.0761,0
Sat Aug 17 2024 21:00:00 GMT+0100 (British Summer Time),0.029,0.0349,0.0761,0
Sat Aug 17 2024 22:00:00 GMT+0100 (British Summer Time),0.029,0.0349,0.0761,0
Sat Aug 17 2024 23:00:00 GMT+0100 (British Summer Time),0.029,0.0349,0.0761,0
Sun Aug 18 2024 00:00:00 GMT+0100 (British Summer Time),0.029,0.0349,0.0763,453709.0378151054
Sun Aug 18 2024 01:00:00 GMT+0100 (British Summer Time),0.029,0.0349,0.0763,0
Sun Aug 18 2024 02:00:00 GMT+0100 (British Summer Time),0.029,0.0349,0.0746,43288.82473834565
Sun Aug 18 2024 03:00:00 GMT+0100 (British Summer Time),0.029,0.0349,0.0722,398211.49919571227
Sun Aug 18 2024 04:00:00 GMT+0100 (British Summer Time),0.0393,0.0364,0.0735,98546.3293942079
Sun Aug 18 2024 05:00:00 GMT+0100 (British Summer Time),0.0311,0.0333,0.0765,493535.48150710633
Sun Aug 18 2024 06:00:00 GMT+0100 (British Summer Time),0.0311,0.0333,0.0772,17887.412827494147
Sun Aug 18 2024 07:00:00 GMT+0100 (British Summer Time),0.0311,0.0333,0.0772,0
Sun Aug 18 2024 08:00:00 GMT+0100 (British Summer Time),0.0311,0.0333,0.0789,123870.01427654708
Sun Aug 18 2024 09:00:00 GMT+0100 (British Summer Time),0.0311,0.0333,0.0789,0
Sun Aug 18 2024 10:00:00 GMT+0100 (British Summer Time),0.0311,0.0333,0.0789,0
Sun Aug 18 2024 11:00:00 GMT+0100 (British Summer Time),0.0311,0.0333,0.0781,117025.89968672731
Sun Aug 18 2024 12:00:00 GMT+0100 (British Summer Time),0.0319,0.0325,0.0781,0
Sun Aug 18 2024 13:00:00 GMT+0100 (British Summer Time),0.0319,0.0325,0.0779,136781.9575153117
Sun Aug 18 2024 14:00:00 GMT+0100 (British Summer Time),0.0319,0.0325,0.077,22199.86586327693
Sun Aug 18 2024 15:00:00 GMT+0100 (British Summer Time),0.0319,0.0325,0.0785,62839.74468490042
Sun Aug 18 2024 16:00:00 GMT+0100 (British Summer Time),0.0319,0.0325,0.0805,144543.96031330974
Sun Aug 18 2024 17:00:00 GMT+0100 (British Summer Time),0.0319,0.0325,0.0805,0
Sun Aug 18 2024 18:00:00 GMT+0100 (British Summer Time),0.0319,0.0325,0.0805,0
Sun Aug 18 2024 19:00:00 GMT+0100 (British Summer Time),0.0319,0.0325,0.0805,0
Sun Aug 18 2024 20:00:00 GMT+0100 (British Summer Time),0.0281,0.0321,0.0847,1654987.971067835
Sun Aug 18 2024 21:00:00 GMT+0100 (British Summer Time),0.0281,0.0321,0.0961,3639573.480406375
Sun Aug 18 2024 22:00:00 GMT+0100 (British Summer Time),0.0281,0.0321,0.0961,0
Sun Aug 18 2024 23:00:00 GMT+0100 (British Summer Time),0.0281,0.0321,0.0961,0
Mon Aug 19 2024 00:00:00 GMT+0100 (British Summer Time),0.0281,0.0321,0.0961,0
Mon Aug 19 2024 01:00:00 GMT+0100 (British Summer Time),0.0281,0.0321,0.0961,0
Mon Aug 19 2024 02:00:00 GMT+0100 (British Summer Time),0.0281,0.0321,0.0886,203106.6436436908
Mon Aug 19 2024 03:00:00 GMT+0100 (British Summer Time),0.0281,0.0321,0.0886,0
Mon Aug 19 2024 04:00:00 GMT+0100 (British Summer Time),0.0259,0.0332,0.0886,0
Mon Aug 19 2024 05:00:00 GMT+0100 (British Summer Time),0.0259,0.0313,0.0886,40708.84764019195
Mon Aug 19 2024 06:00:00 GMT+0100 (British Summer Time),0.0259,0.0313,0.0886,24662.965126683674
Mon Aug 19 2024 07:00:00 GMT+0100 (British Summer Time),0.0259,0.0313,0.0886,0
Mon Aug 19 2024 08:00:00 GMT+0100 (British Summer Time),0.0259,0.0313,0.0887,205264.27726729988
Mon Aug 19 2024 09:00:00 GMT+0100 (British Summer Time),0.0259,0.0302,0.0888,148330.31338340347
Mon Aug 19 2024 10:00:00 GMT+0100 (British Summer Time),0.0259,0.0302,0.0888,0
Mon Aug 19 2024 11:00:00 GMT+0100 (British Summer Time),0.0259,0.0298,0.0888,0
Mon Aug 19 2024 12:00:00 GMT+0100 (British Summer Time),0.0173,0.0298,0.0888,90307.25796775687
Mon Aug 19 2024 13:00:00 GMT+0100 (British Summer Time),0.0173,0.0298,0.0888,89200.55738630464
Mon Aug 19 2024 14:00:00 GMT+0100 (British Summer Time),0.0268,0.0304,0.0888,0
Mon Aug 19 2024 15:00:00 GMT+0100 (British Summer Time),0.0268,0.0304,0.0888,0
Mon Aug 19 2024 16:00:00 GMT+0100 (British Summer Time),0.0268,0.03,0.0888,0
Mon Aug 19 2024 17:00:00 GMT+0100 (British Summer Time),0.0268,0.0296,0.0909,92712.37393970185
Mon Aug 19 2024 18:00:00 GMT+0100 (British Summer Time),0.0268,0.0296,0.093,56108.428427301544
Mon Aug 19 2024 19:00:00 GMT+0100 (British Summer Time),0.0331,0.0301,0.093,0
Mon Aug 19 2024 20:00:00 GMT+0100 (British Summer Time),0.0251,0.0304,0.093,0
Mon Aug 19 2024 21:00:00 GMT+0100 (British Summer Time),0.0251,0.03,0.093,0
Mon Aug 19 2024 22:00:00 GMT+0100 (British Summer Time),0.0251,0.0296,0.093,0
Mon Aug 19 2024 23:00:00 GMT+0100 (British Summer Time),0.0251,0.0296,0.093,0
Tue Aug 20 2024 00:00:00 GMT+0100 (British Summer Time),0.0251,0.0292,0.093,0
Tue Aug 20 2024 01:00:00 GMT+0100 (British Summer Time),0.0251,0.0289,0.093,0
Tue Aug 20 2024 02:00:00 GMT+0100 (British Summer Time),0.0251,0.0289,0.093,0
Tue Aug 20 2024 03:00:00 GMT+0100 (British Summer Time),0.0251,0.0285,0.093,0
Tue Aug 20 2024 04:00:00 GMT+0100 (British Summer Time),0.0258,0.0297,0.0932,6764.425025718262
Tue Aug 20 2024 05:00:00 GMT+0100 (British Summer Time),0.0258,0.0294,0.0933,2584.716022139484
Tue Aug 20 2024 06:00:00 GMT+0100 (British Summer Time),0.0258,0.029,0.0933,80571.7468374484
Tue Aug 20 2024 07:00:00 GMT+0100 (British Summer Time),0.0258,0.029,0.0933,0
Tue Aug 20 2024 08:00:00 GMT+0100 (British Summer Time),0.0258,0.029,0.0939,160993.09389054222
Tue Aug 20 2024 09:00:00 GMT+0100 (British Summer Time),0.0258,0.029,0.093,22640.212455786786
Tue Aug 20 2024 10:00:00 GMT+0100 (British Summer Time),0.0258,0.029,0.0919,31903.08529201537
Tue Aug 20 2024 11:00:00 GMT+0100 (British Summer Time),0.0258,0.0278,0.0922,282909.7192539202
Tue Aug 20 2024 12:00:00 GMT+0100 (British Summer Time),0.0342,0.029,0.0915,291067.36288198025
Tue Aug 20 2024 13:00:00 GMT+0100 (British Summer Time),0.0342,0.029,0.0846,955172.3626807899
Tue Aug 20 2024 14:00:00 GMT+0100 (British Summer Time),0.0246,0.029,0.0874,263189.4707880671
Tue Aug 20 2024 15:00:00 GMT+0100 (British Summer Time),0.0246,0.029,0.0874,0
Tue Aug 20 2024 16:00:00 GMT+0100 (British Summer Time),0.0246,0.029,0.0874,0
Tue Aug 20 2024 17:00:00 GMT+0100 (British Summer Time),0.0246,0.029,0.0874,0
Tue Aug 20 2024 18:00:00 GMT+0100 (British Summer Time),0.0246,0.029,0.0762,642919.2320234127
Tue Aug 20 2024 19:00:00 GMT+0100 (British Summer Time),0.0183,0.0272,0.0762,0
Tue Aug 20 2024 20:00:00 GMT+0100 (British Summer Time),0.0167,0.0272,0.077,20448.768243142942
Tue Aug 20 2024 21:00:00 GMT+0100 (British Summer Time),0.0259,0.0285,0.0816,110590.4467379815
Tue Aug 20 2024 22:00:00 GMT+0100 (British Summer Time),0.0259,0.0285,0.0732,501241.92771654035
Tue Aug 20 2024 23:00:00 GMT+0100 (British Summer Time),0.0259,0.0285,0.0732,0
Wed Aug 21 2024 00:00:00 GMT+0100 (British Summer Time),0.0259,0.0285,0.0732,0
Wed Aug 21 2024 01:00:00 GMT+0100 (British Summer Time),0.0259,0.0285,0.0801,160988.72733789144
Wed Aug 21 2024 02:00:00 GMT+0100 (British Summer Time),0.0259,0.0285,0.0801,0
Wed Aug 21 2024 03:00:00 GMT+0100 (British Summer Time),0.0259,0.0266,0.0801,0
Wed Aug 21 2024 04:00:00 GMT+0100 (British Summer Time),0.0254,0.0278,0.0801,0
Wed Aug 21 2024 05:00:00 GMT+0100 (British Summer Time),0.0254,0.0278,0.0801,0
Wed Aug 21 2024 06:00:00 GMT+0100 (British Summer Time),0.0254,0.0278,0.0816,36750.90755097151
Wed Aug 21 2024 07:00:00 GMT+0100 (British Summer Time),0.0254,0.0278,0.0816,0
Wed Aug 21 2024 08:00:00 GMT+0100 (British Summer Time),0.0254,0.0278,0.0925,275914.8367647495
Wed Aug 21 2024 09:00:00 GMT+0100 (British Summer Time),0.0254,0.0278,0.0953,287218.07786540186
Wed Aug 21 2024 10:00:00 GMT+0100 (British Summer Time),0.0254,0.0278,0.0965,33725.55361594367
Wed Aug 21 2024 11:00:00 GMT+0100 (British Summer Time),0.0254,0.0259,0.0788,446332.69984699186
Wed Aug 21 2024 12:00:00 GMT+0100 (British Summer Time),0.025,0.0271,0.0788,0
Wed Aug 21 2024 13:00:00 GMT+0100 (British Summer Time),0.025,0.0271,0.0837,116897.73805350825
Wed Aug 21 2024 14:00:00 GMT+0100 (British Summer Time),0.025,0.0271,0.0837,0
Wed Aug 21 2024 15:00:00 GMT+0100 (British Summer Time),0.025,0.0271,0.0837,0
Wed Aug 21 2024 16:00:00 GMT+0100 (British Summer Time),0.025,0.0271,0.0837,0
Wed Aug 21 2024 17:00:00 GMT+0100 (British Summer Time),0.025,0.0271,0.0907,177120.30654404016
Wed Aug 21 2024 18:00:00 GMT+0100 (British Summer Time),0.025,0.0271,0.0907,0
Wed Aug 21 2024 19:00:00 GMT+0100 (British Summer Time),0.025,0.0257,0.0907,0
Wed Aug 21 2024 20:00:00 GMT+0100 (British Summer Time),0.025,0.0257,0.0907,1619.3920552662896
Wed Aug 21 2024 21:00:00 GMT+0100 (British Summer Time),0.0258,0.0271,0.0908,0
Wed Aug 21 2024 22:00:00 GMT+0100 (British Summer Time),0.0258,0.0271,0.0907,0
Wed Aug 21 2024 23:00:00 GMT+0100 (British Summer Time),0.0258,0.0271,0.167,2969795.6172924014
Thu Aug 22 2024 00:00:00 GMT+0100 (British Summer Time),0.0258,0.0271,0.4612,6128310.708502427