time,underlyingApy1DMA,underlyingApy7DMA,impliedApy,volume
Sun Oct 27 2024 01:00:00 GMT+0100 (British Summer Time),0.0091,0.1313,0.0571,0
Sun Oct 27 2024 01:00:00 GMT+0000 (Greenwich Mean Time),0.0091,0.1313,0.0571,35077.128282555306
Sun Oct 27 2024 02:00:00 GMT+0000 (Greenwich Mean Time),0.0087,0.1313,0.0571,56265.04862610673
Sun Oct 27 2024 03:00:00 GMT+0000 (Greenwich Mean Time),0.0087,0.1313,0.0571,0
Sun Oct 27 2024 04:00:00 GMT+0000 (Greenwich Mean Time),0.0072,0.1313,0.0571,0
Sun Oct 27 2024 05:00:00 GMT+0000 (Greenwich Mean Time),0.0071,0.1313,0.0571,0
Sun Oct 27 2024 06:00:00 GMT+0000 (Greenwich Mean Time),0.0069,0.1312,0.0571,0
Sun Oct 27 2024 07:00:00 GMT+0000 (Greenwich Mean Time),0.0069,0.1312,0.0564,346663.6716567701
Sun Oct 27 2024 08:00:00 GMT+0000 (Greenwich Mean Time),0.0068,0.1312,0.0564,39.58459664551981
Sun Oct 27 2024 09:00:00 GMT+0000 (Greenwich Mean Time),0.0024,0.1311,0.0564,0
Sun Oct 27 2024 10:00:00 GMT+0000 (Greenwich Mean Time),0.0023,0.1311,0.0564,0
Sun Oct 27 2024 11:00:00 GMT+0000 (Greenwich Mean Time),0.0023,0.1311,0.0564,0
Sun Oct 27 2024 12:00:00 GMT+0000 (Greenwich Mean Time),0.0021,0.1311,0.0559,297657.45236185833
Sun Oct 27 2024 13:00:00 GMT+0000 (Greenwich Mean Time),0.0012,0.1311,0.0559,277201.89076414274
Sun Oct 27 2024 14:00:00 GMT+0000 (Greenwich Mean Time),0.0011,0.1311,0.0566,290855.0551572471
Sun Oct 27 2024 15:00:00 GMT+0000 (Greenwich Mean Time),0.001,0.1311,0.0566,1104.6060421890634
Sun Oct 27 2024 16:00:00 GMT+0000 (Greenwich Mean Time),0.001,0.1311,0.0566,0
Sun Oct 27 2024 17:00:00 GMT+0000 (Greenwich Mean Time),0.001,0.1311,0.0566,0
Sun Oct 27 2024 18:00:00 GMT+0000 (Greenwich Mean Time),0.0009,0.1311,0.0566,0
Sun Oct 27 2024 19:00:00 GMT+0000 (Greenwich Mean Time),0.001,0.1311,0.0566,60669.38646298278
Sun Oct 27 2024 20:00:00 GMT+0000 (Greenwich Mean Time),0.001,0.1311,0.0566,2897.2578725932426
Sun Oct 27 2024 21:00:00 GMT+0000 (Greenwich Mean Time),0.001,0.1311,0.0566,0
Sun Oct 27 2024 22:00:00 GMT+0000 (Greenwich Mean Time),0.001,0.1311,0.0566,0
Sun Oct 27 2024 23:00:00 GMT+0000 (Greenwich Mean Time),0.001,0.1311,0.0566,0
Mon Oct 28 2024 00:00:00 GMT+0000 (Greenwich Mean Time),0.001,0.131,0.0566,0
Mon Oct 28 2024 01:00:00 GMT+0000 (Greenwich Mean Time),0.001,0.131,0.0566,0
Mon Oct 28 2024 02:00:00 GMT+0000 (Greenwich Mean Time),0.0011,0.1308,0.0567,28050.37383224814
Mon Oct 28 2024 03:00:00 GMT+0000 (Greenwich Mean Time),0.001,0.1252,0.0567,45841.45055401752
Mon Oct 28 2024 04:00:00 GMT+0000 (Greenwich Mean Time),0.001,0.1252,0.0568,12576.217368662332
Mon Oct 28 2024 05:00:00 GMT+0000 (Greenwich Mean Time),0.001,0.1251,0.0568,110253.9970370126
Mon Oct 28 2024 06:00:00 GMT+0000 (Greenwich Mean Time),0.001,0.1251,0.0567,40440.29660181702
Mon Oct 28 2024 07:00:00 GMT+0000 (Greenwich Mean Time),0.0009,0.1249,0.0576,1724950.0517164185
Mon Oct 28 2024 08:00:00 GMT+0000 (Greenwich Mean Time),0.0009,0.1248,0.0576,0
Mon Oct 28 2024 09:00:00 GMT+0000 (Greenwich Mean Time),0.0562,0.1335,0.0577,297619.54751913634
Mon Oct 28 2024 10:00:00 GMT+0000 (Greenwich Mean Time),0.0561,0.1335,0.0577,0
Mon Oct 28 2024 11:00:00 GMT+0000 (Greenwich Mean Time),0.0561,0.1334,0.0577,4090.586224246778
Mon Oct 28 2024 12:00:00 GMT+0000 (Greenwich Mean Time),0.0561,0.1334,0.0577,20144.41068229398
Mon Oct 28 2024 13:00:00 GMT+0000 (Greenwich Mean Time),0.0561,0.1334,0.0595,1354708.363421696
Mon Oct 28 2024 14:00:00 GMT+0000 (Greenwich Mean Time),0.0614,0.1274,0.0606,887760.0474855665
Mon Oct 28 2024 15:00:00 GMT+0000 (Greenwich Mean Time),0.0649,0.1279,0.0585,2631395.0079341615
Mon Oct 28 2024 16:00:00 GMT+0000 (Greenwich Mean Time),0.065,0.1273,0.0585,0
Mon Oct 28 2024 17:00:00 GMT+0000 (Greenwich Mean Time),0.0652,0.1273,0.0585,0
Mon Oct 28 2024 18:00:00 GMT+0000 (Greenwich Mean Time),0.0655,0.1273,0.0585,0
Mon Oct 28 2024 19:00:00 GMT+0000 (Greenwich Mean Time),0.0654,0.1273,0.0585,0
Mon Oct 28 2024 20:00:00 GMT+0000 (Greenwich Mean Time),0.0656,0.1272,0.0585,0
Mon Oct 28 2024 21:00:00 GMT+0000 (Greenwich Mean Time),0.0655,0.1272,0.0587,135062.6009409284
Mon Oct 28 2024 22:00:00 GMT+0000 (Greenwich Mean Time),0.0655,0.1272,0.0593,384100.52290538297
Mon Oct 28 2024 23:00:00 GMT+0000 (Greenwich Mean Time),0.0657,0.1272,0.0593,0
Tue Oct 29 2024 00:00:00 GMT+0000 (Greenwich Mean Time),0.066,0.1271,0.0593,0
Tue Oct 29 2024 01:00:00 GMT+0000 (Greenwich Mean Time),0.0661,0.1271,0.0593,0
Tue Oct 29 2024 02:00:00 GMT+0000 (Greenwich Mean Time),0.066,0.127,0.0593,17815.945262112535
Tue Oct 29 2024 03:00:00 GMT+0000 (Greenwich Mean Time),0.0661,0.127,0.0593,26.533896397073498
Tue Oct 29 2024 04:00:00 GMT+0000 (Greenwich Mean Time),0.0663,0.127,0.0593,0
Tue Oct 29 2024 05:00:00 GMT+0000 (Greenwich Mean Time),0.0666,0.126,0.0594,46383.43124552223
Tue Oct 29 2024 06:00:00 GMT+0000 (Greenwich Mean Time),0.0671,0.1203,0.0594,0
Tue Oct 29 2024 07:00:00 GMT+0000 (Greenwich Mean Time),0.0679,0.1174,0.0594,0
Tue Oct 29 2024 08:00:00 GMT+0000 (Greenwich Mean Time),0.0682,0.1174,0.0594,9204.229394323658
Tue Oct 29 2024 09:00:00 GMT+0000 (Greenwich Mean Time),0.0161,0.118,0.0594,0
Tue Oct 29 2024 10:00:00 GMT+0000 (Greenwich Mean Time),0.0166,0.118,0.0593,2114.278942636132
Tue Oct 29 2024 11:00:00 GMT+0000 (Greenwich Mean Time),0.0169,0.1181,0.0593,0
Tue Oct 29 2024 12:00:00 GMT+0000 (Greenwich Mean Time),0.017,0.1181,0.0593,0
Tue Oct 29 2024 13:00:00 GMT+0000 (Greenwich Mean Time),0.0172,0.1181,0.0596,154427.0528511329
Tue Oct 29 2024 14:00:00 GMT+0000 (Greenwich Mean Time),0.0122,0.1181,0.0596,83.61490721067256
Tue Oct 29 2024 15:00:00 GMT+0000 (Greenwich Mean Time),0.0089,0.1181,0.0587,540054.4249971474
Tue Oct 29 2024 16:00:00 GMT+0000 (Greenwich Mean Time),0.0091,0.1182,0.0581,377788.98552081455
Tue Oct 29 2024 17:00:00 GMT+0000 (Greenwich Mean Time),0.0091,0.1182,0.0581,0
Tue Oct 29 2024 18:00:00 GMT+0000 (Greenwich Mean Time),0.0091,0.1182,0.0581,0
Tue Oct 29 2024 19:00:00 GMT+0000 (Greenwich Mean Time),0.0092,0.1182,0.0581,0
Tue Oct 29 2024 20:00:00 GMT+0000 (Greenwich Mean Time),0.0733,0.1281,0.0581,0
Tue Oct 29 2024 21:00:00 GMT+0000 (Greenwich Mean Time),0.0733,0.1281,0.0581,0
Tue Oct 29 2024 22:00:00 GMT+0000 (Greenwich Mean Time),0.0738,0.1282,0.0581,0
Tue Oct 29 2024 23:00:00 GMT+0000 (Greenwich Mean Time),0.0736,0.1282,0.0581,0
Wed Oct 30 2024 00:00:00 GMT+0000 (Greenwich Mean Time),0.0742,0.1283,0.0576,315736.89262194134
Wed Oct 30 2024 01:00:00 GMT+0000 (Greenwich Mean Time),0.0742,0.1283,0.0576,0
Wed Oct 30 2024 02:00:00 GMT+0000 (Greenwich Mean Time),0.126,0.1359,0.0586,577291.1721107541
Wed Oct 30 2024 03:00:00 GMT+0000 (Greenwich Mean Time),0.1285,0.1363,0.0589,1343700.2533110117
Wed Oct 30 2024 04:00:00 GMT+0000 (Greenwich Mean Time),0.1284,0.1363,0.0589,13680.271410441734
Wed Oct 30 2024 05:00:00 GMT+0000 (Greenwich Mean Time),0.1281,0.135,0.0589,0
Wed Oct 30 2024 06:00:00 GMT+0000 (Greenwich Mean Time),0.1274,0.135,0.0595,2035419.0634831504
Wed Oct 30 2024 07:00:00 GMT+0000 (Greenwich Mean Time),0.1266,0.135,0.0595,0
Wed Oct 30 2024 08:00:00 GMT+0000 (Greenwich Mean Time),0.1263,0.135,0.0598,216401.32277617062
Wed Oct 30 2024 09:00:00 GMT+0000 (Greenwich Mean Time),0.1222,0.1349,0.0598,479995.2916655307
Wed Oct 30 2024 10:00:00 GMT+0000 (Greenwich Mean Time),0.1219,0.1349,0.0597,60835.02117927847
Wed Oct 30 2024 11:00:00 GMT+0000 (Greenwich Mean Time),0.1215,0.1349,0.0597,0
Wed Oct 30 2024 12:00:00 GMT+0000 (Greenwich Mean Time),0.1214,0.135,0.0597,0
Wed Oct 30 2024 13:00:00 GMT+0000 (Greenwich Mean Time),0.1213,0.1349,0.0597,0
Wed Oct 30 2024 14:00:00 GMT+0000 (Greenwich Mean Time),0.1211,0.1349,0.0597,0
Wed Oct 30 2024 15:00:00 GMT+0000 (Greenwich Mean Time),0.1217,0.135,0.0596,38070.64352979708
Wed Oct 30 2024 16:00:00 GMT+0000 (Greenwich Mean Time),0.1212,0.1305,0.0596,0
Wed Oct 30 2024 17:00:00 GMT+0000 (Greenwich Mean Time),0.1211,0.1305,0.0596,0
Wed Oct 30 2024 18:00:00 GMT+0000 (Greenwich Mean Time),0.1209,0.1304,0.0596,0
Wed Oct 30 2024 19:00:00 GMT+0000 (Greenwich Mean Time),0.121,0.1304,0.0596,0
Wed Oct 30 2024 20:00:00 GMT+0000 (Greenwich Mean Time),0.0539,0.1304,0.0596,0
Wed Oct 30 2024 21:00:00 GMT+0000 (Greenwich Mean Time),0.0539,0.1304,0.0596,0
Wed Oct 30 2024 22:00:00 GMT+0000 (Greenwich Mean Time),0.0534,0.1304,0.0596,0
Wed Oct 30 2024 23:00:00 GMT+0000 (Greenwich Mean Time),0.0535,0.1304,0.0596,0
Thu Oct 31 2024 00:00:00 GMT+0000 (Greenwich Mean Time),0.0527,0.1304,0.0596,0
Thu Oct 31 2024 01:00:00 GMT+0000 (Greenwich Mean Time),0.0527,0.1304,0.0596,0
Thu Oct 31 2024 02:00:00 GMT+0000 (Greenwich Mean Time),0.0042,0.1291,0.0597,182565.02867424864
Thu Oct 31 2024 03:00:00 GMT+0000 (Greenwich Mean Time),0.0019,0.1291,0.0597,898.5007360387516
Thu Oct 31 2024 04:00:00 GMT+0000 (Greenwich Mean Time),0.0018,0.129,0.0597,1299.6233899829397
Thu Oct 31 2024 05:00:00 GMT+0000 (Greenwich Mean Time),0.0018,0.129,0.0597,0
Thu Oct 31 2024 06:00:00 GMT+0000 (Greenwich Mean Time),0.0019,0.129,0.0588,548709.3587870173
Thu Oct 31 2024 07:00:00 GMT+0000 (Greenwich Mean Time),0.0019,0.129,0.059,150362.49991644622
Thu Oct 31 2024 08:00:00 GMT+0000 (Greenwich Mean Time),0.0018,0.1288,0.059,281.31363896604097
Thu Oct 31 2024 09:00:00 GMT+0000 (Greenwich Mean Time),0.0017,0.1288,0.059,0
Thu Oct 31 2024 10:00:00 GMT+0000 (Greenwich Mean Time),0.0017,0.1288,0.059,0
Thu Oct 31 2024 11:00:00 GMT+0000 (Greenwich Mean Time),0.002,0.1288,0.059,0
Thu Oct 31 2024 12:00:00 GMT+0000 (Greenwich Mean Time),0.0019,0.1288,0.059,0
Thu Oct 31 2024 13:00:00 GMT+0000 (Greenwich Mean Time),0.0019,0.1287,0.059,0
Thu Oct 31 2024 14:00:00 GMT+0000 (Greenwich Mean Time),0.0019,0.1287,0.059,0
Thu Oct 31 2024 15:00:00 GMT+0000 (Greenwich Mean Time),0.0014,0.1287,0.0579,715668.8574411295
Thu Oct 31 2024 16:00:00 GMT+0000 (Greenwich Mean Time),0.0014,0.0518,0.0579,0
Thu Oct 31 2024 17:00:00 GMT+0000 (Greenwich Mean Time),0.0014,0.0518,0.0561,1044361.1332482509
Thu Oct 31 2024 18:00:00 GMT+0000 (Greenwich Mean Time),0.0013,0.0516,0.0562,3719.5564399958967
Thu Oct 31 2024 19:00:00 GMT+0000 (Greenwich Mean Time),0.0012,0.0516,0.0562,0
Thu Oct 31 2024 20:00:00 GMT+0000 (Greenwich Mean Time),0.0011,0.0515,0.0562,203.87411893999484
Thu Oct 31 2024 21:00:00 GMT+0000 (Greenwich Mean Time),0.0012,0.0515,0.056,61814.05115450581
Thu Oct 31 2024 22:00:00 GMT+0000 (Greenwich Mean Time),0.0013,0.0515,0.056,0
Thu Oct 31 2024 23:00:00 GMT+0000 (Greenwich Mean Time),0.0011,0.0515,0.056,0
Fri Nov 01 2024 00:00:00 GMT+0000 (Greenwich Mean Time),0.0011,0.0515,0.056,49167.33317410843
Fri Nov 01 2024 01:00:00 GMT+0000 (Greenwich Mean Time),0.0011,0.0515,0.056,0
Fri Nov 01 2024 02:00:00 GMT+0000 (Greenwich Mean Time),0.0028,0.0518,0.056,0
Fri Nov 01 2024 03:00:00 GMT+0000 (Greenwich Mean Time),0.0027,0.0517,0.0557,133564.5751626447
Fri Nov 01 2024 04:00:00 GMT+0000 (Greenwich Mean Time),0.0028,0.0507,0.0557,0
Fri Nov 01 2024 05:00:00 GMT+0000 (Greenwich Mean Time),0.0027,0.0507,0.0557,0
Fri Nov 01 2024 06:00:00 GMT+0000 (Greenwich Mean Time),0.004,0.0509,0.0546,698674.0269628242
Fri Nov 01 2024 07:00:00 GMT+0000 (Greenwich Mean Time),0.004,0.0509,0.0546,0
Fri Nov 01 2024 08:00:00 GMT+0000 (Greenwich Mean Time),0.004,0.0509,0.0546,0
Fri Nov 01 2024 09:00:00 GMT+0000 (Greenwich Mean Time),0.004,0.0294,0.0544,889040.8181734132
Fri Nov 01 2024 10:00:00 GMT+0000 (Greenwich Mean Time),0.0607,0.0375,0.053,0
Fri Nov 01 2024 11:00:00 GMT+0000 (Greenwich Mean Time),0.0605,0.0375,0.053,25.66097399431497
Fri Nov 01 2024 12:00:00 GMT+0000 (Greenwich Mean Time),0.0605,0.0375,0.053,0
Fri Nov 01 2024 13:00:00 GMT+0000 (Greenwich Mean Time),0.0605,0.0375,0.0528,149752.11572540467
Fri Nov 01 2024 14:00:00 GMT+0000 (Greenwich Mean Time),0.0605,0.0374,0.0528,0
Fri Nov 01 2024 15:00:00 GMT+0000 (Greenwich Mean Time),0.0605,0.0374,0.0528,0
Fri Nov 01 2024 16:00:00 GMT+0000 (Greenwich Mean Time),0.0606,0.0374,0.0528,0
Fri Nov 01 2024 17:00:00 GMT+0000 (Greenwich Mean Time),0.0606,0.0374,0.0528,0
Fri Nov 01 2024 18:00:00 GMT+0000 (Greenwich Mean Time),0.0607,0.0374,0.0528,0
Fri Nov 01 2024 19:00:00 GMT+0000 (Greenwich Mean Time),0.0607,0.0374,0.0528,0
Fri Nov 01 2024 20:00:00 GMT+0000 (Greenwich Mean Time),0.061,0.0374,0.0527,252771.47469606646
Fri Nov 01 2024 21:00:00 GMT+0000 (Greenwich Mean Time),0.0612,0.0375,0.0536,531079.9623349832
Fri Nov 01 2024 22:00:00 GMT+0000 (Greenwich Mean Time),0.0611,0.0374,0.0528,456332.6738744897
Fri Nov 01 2024 23:00:00 GMT+0000 (Greenwich Mean Time),0.0611,0.0374,0.0528,17173.908649247063
Sat Nov 02 2024 00:00:00 GMT+0000 (Greenwich Mean Time),0.0611,0.0374,0.0528,0
Sat Nov 02 2024 01:00:00 GMT+0000 (Greenwich Mean Time),0.0611,0.0374,0.0528,0
Sat Nov 02 2024 02:00:00 GMT+0000 (Greenwich Mean Time),0.0593,0.0374,0.0527,57330.828671719166
Sat Nov 02 2024 03:00:00 GMT+0000 (Greenwich Mean Time),0.0594,0.0374,0.0528,13203.267230556949
Sat Nov 02 2024 04:00:00 GMT+0000 (Greenwich Mean Time),0.0594,0.0372,0.0528,1227.5154859831866
Sat Nov 02 2024 05:00:00 GMT+0000 (Greenwich Mean Time),0.0594,0.0371,0.0527,36691.405036093325
Sat Nov 02 2024 06:00:00 GMT+0000 (Greenwich Mean Time),0.0581,0.0371,0.0527,0
Sat Nov 02 2024 07:00:00 GMT+0000 (Greenwich Mean Time),0.0584,0.0371,0.0527,0
Sat Nov 02 2024 08:00:00 GMT+0000 (Greenwich Mean Time),0.0585,0.0371,0.0511,875283.5634642793
Sat Nov 02 2024 09:00:00 GMT+0000 (Greenwich Mean Time),0.0586,0.0365,0.0511,2136.1326157188605
Sat Nov 02 2024 10:00:00 GMT+0000 (Greenwich Mean Time),0.0018,0.0365,0.0511,1039.2966016525827
Sat Nov 02 2024 11:00:00 GMT+0000 (Greenwich Mean Time),0.0018,0.0365,0.0511,0
Sat Nov 02 2024 12:00:00 GMT+0000 (Greenwich Mean Time),0.0018,0.0364,0.0511,0
Sat Nov 02 2024 13:00:00 GMT+0000 (Greenwich Mean Time),0.0018,0.0363,0.0514,280836.16555301106
Sat Nov 02 2024 14:00:00 GMT+0000 (Greenwich Mean Time),0.0018,0.0363,0.0514,0
Sat Nov 02 2024 15:00:00 GMT+0000 (Greenwich Mean Time),0.0018,0.0363,0.0509,378113.5657000562
Sat Nov 02 2024 16:00:00 GMT+0000 (Greenwich Mean Time),0.0017,0.0363,0.0509,0
Sat Nov 02 2024 17:00:00 GMT+0000 (Greenwich Mean Time),0.0017,0.0363,0.0509,0
Sat Nov 02 2024 18:00:00 GMT+0000 (Greenwich Mean Time),0.0016,0.0363,0.0509,0
Sat Nov 02 2024 19:00:00 GMT+0000 (Greenwich Mean Time),0.0016,0.0363,0.0509,0
Sat Nov 02 2024 20:00:00 GMT+0000 (Greenwich Mean Time),0.0013,0.0363,0.0509,0
Sat Nov 02 2024 21:00:00 GMT+0000 (Greenwich Mean Time),0.0011,0.0363,0.0513,253701.39084285803
Sat Nov 02 2024 22:00:00 GMT+0000 (Greenwich Mean Time),0.0011,0.0363,0.0513,0
Sat Nov 02 2024 23:00:00 GMT+0000 (Greenwich Mean Time),0.0011,0.0363,0.0511,151498.13924631712
Sun Nov 03 2024 00:00:00 GMT+0000 (Greenwich Mean Time),0.0011,0.0363,0.0511,0
Sun Nov 03 2024 01:00:00 GMT+0000 (Greenwich Mean Time),0.0011,0.0363,0.0511,5148.688444534606
Sun Nov 03 2024 02:00:00 GMT+0000 (Greenwich Mean Time),0.0019,0.0364,0.0511,0
Sun Nov 03 2024 03:00:00 GMT+0000 (Greenwich Mean Time),0.0019,0.0364,0.0511,0
Sun Nov 03 2024 04:00:00 GMT+0000 (Greenwich Mean Time),0.0018,0.0364,0.0511,0
Sun Nov 03 2024 05:00:00 GMT+0000 (Greenwich Mean Time),0.0018,0.0364,0.0511,0
Sun Nov 03 2024 06:00:00 GMT+0000 (Greenwich Mean Time),0.0018,0.0363,0.0511,0
Sun Nov 03 2024 07:00:00 GMT+0000 (Greenwich Mean Time),0.0015,0.0363,0.0453,3385996.578256175
Sun Nov 03 2024 08:00:00 GMT+0000 (Greenwich Mean Time),0.0014,0.0363,0.0467,624116.2479589824
Sun Nov 03 2024 09:00:00 GMT+0000 (Greenwich Mean Time),0.0014,0.0363,0.0482,668199.8521015103
Sun Nov 03 2024 10:00:00 GMT+0000 (Greenwich Mean Time),0.0014,0.0363,0.048,162290.57763790333
Sun Nov 03 2024 11:00:00 GMT+0000 (Greenwich Mean Time),0.0013,0.0363,0.048,0
Sun Nov 03 2024 12:00:00 GMT+0000 (Greenwich Mean Time),0.0013,0.0363,0.048,0
Sun Nov 03 2024 13:00:00 GMT+0000 (Greenwich Mean Time),0.0013,0.0363,0.048,0
Sun Nov 03 2024 14:00:00 GMT+0000 (Greenwich Mean Time),0.0013,0.0363,0.0475,254565.4831724692
Sun Nov 03 2024 15:00:00 GMT+0000 (Greenwich Mean Time),0.0013,0.0363,0.0475,0
Sun Nov 03 2024 16:00:00 GMT+0000 (Greenwich Mean Time),0.0013,0.0363,0.0475,0
Sun Nov 03 2024 17:00:00 GMT+0000 (Greenwich Mean Time),0.0013,0.0363,0.0475,0
Sun Nov 03 2024 18:00:00 GMT+0000 (Greenwich Mean Time),0.0014,0.0363,0.0475,0
Sun Nov 03 2024 19:00:00 GMT+0000 (Greenwich Mean Time),0.0014,0.0363,0.0475,0
Sun Nov 03 2024 20:00:00 GMT+0000 (Greenwich Mean Time),0.0013,0.0363,0.0475,0
Sun Nov 03 2024 21:00:00 GMT+0000 (Greenwich Mean Time),0.0013,0.0363,0.0475,0
Sun Nov 03 2024 22:00:00 GMT+0000 (Greenwich Mean Time),0.0014,0.0363,0.0475,0
Sun Nov 03 2024 23:00:00 GMT+0000 (Greenwich Mean Time),0.0014,0.0363,0.0475,0
Mon Nov 04 2024 00:00:00 GMT+0000 (Greenwich Mean Time),0.0016,0.0364,0.0475,0
Mon Nov 04 2024 01:00:00 GMT+0000 (Greenwich Mean Time),0.0016,0.0364,0.0475,0
Mon Nov 04 2024 02:00:00 GMT+0000 (Greenwich Mean Time),0.0008,0.0363,0.0475,20292.43032385411
Mon Nov 04 2024 03:00:00 GMT+0000 (Greenwich Mean Time),0.0009,0.0364,0.0474,0
Mon Nov 04 2024 04:00:00 GMT+0000 (Greenwich Mean Time),0.0113,0.0379,0.0474,0
Mon Nov 04 2024 05:00:00 GMT+0000 (Greenwich Mean Time),0.0113,0.0379,0.0475,6729.220552582885
Mon Nov 04 2024 06:00:00 GMT+0000 (Greenwich Mean Time),0.0114,0.0379,0.0475,0
Mon Nov 04 2024 07:00:00 GMT+0000 (Greenwich Mean Time),0.0114,0.0379,0.0475,0
Mon Nov 04 2024 08:00:00 GMT+0000 (Greenwich Mean Time),0.0115,0.0379,0.0475,0
Mon Nov 04 2024 09:00:00 GMT+0000 (Greenwich Mean Time),0.0119,0.03,0.0475,0
Mon Nov 04 2024 10:00:00 GMT+0000 (Greenwich Mean Time),0.0119,0.03,0.0476,40306.386083975856
Mon Nov 04 2024 11:00:00 GMT+0000 (Greenwich Mean Time),0.0119,0.03,0.0476,303.671300683342
Mon Nov 04 2024 12:00:00 GMT+0000 (Greenwich Mean Time),0.0118,0.03,0.0476,0
Mon Nov 04 2024 13:00:00 GMT+0000 (Greenwich Mean Time),0.0119,0.03,0.0476,0
Mon Nov 04 2024 14:00:00 GMT+0000 (Greenwich Mean Time),0.0119,0.0293,0.0476,0
Mon Nov 04 2024 15:00:00 GMT+0000 (Greenwich Mean Time),0.0119,0.0288,0.0476,0
Mon Nov 04 2024 16:00:00 GMT+0000 (Greenwich Mean Time),0.0119,0.0288,0.0476,0
Mon Nov 04 2024 17:00:00 GMT+0000 (Greenwich Mean Time),0.0119,0.0288,0.0463,849518.832024665
Mon Nov 04 2024 18:00:00 GMT+0000 (Greenwich Mean Time),0.0119,0.0287,0.0463,0
Mon Nov 04 2024 19:00:00 GMT+0000 (Greenwich Mean Time),0.0119,0.0287,0.0463,0
Mon Nov 04 2024 20:00:00 GMT+0000 (Greenwich Mean Time),0.0119,0.0287,0.0463,0
Mon Nov 04 2024 21:00:00 GMT+0000 (Greenwich Mean Time),0.0121,0.0287,0.0463,0
Mon Nov 04 2024 22:00:00 GMT+0000 (Greenwich Mean Time),0.0122,0.0287,0.0463,0
Mon Nov 04 2024 23:00:00 GMT+0000 (Greenwich Mean Time),0.0122,0.0287,0.0463,0
Tue Nov 05 2024 00:00:00 GMT+0000 (Greenwich Mean Time),0.0938,0.0402,0.0463,0
Tue Nov 05 2024 01:00:00 GMT+0000 (Greenwich Mean Time),0.0938,0.0402,0.0463,0
Tue Nov 05 2024 02:00:00 GMT+0000 (Greenwich Mean Time),0.0938,0.0402,0.0463,0
Tue Nov 05 2024 03:00:00 GMT+0000 (Greenwich Mean Time),0.0938,0.0402,0.0463,0
Tue Nov 05 2024 04:00:00 GMT+0000 (Greenwich Mean Time),0.0825,0.0401,0.0463,929.3963129142638
Tue Nov 05 2024 05:00:00 GMT+0000 (Greenwich Mean Time),0.0825,0.0401,0.0463,0
Tue Nov 05 2024 06:00:00 GMT+0000 (Greenwich Mean Time),0.0825,0.04,0.0462,21570.04620642839
Tue Nov 05 2024 07:00:00 GMT+0000 (Greenwich Mean Time),0.0827,0.0399,0.0462,14071.141533529197
Tue Nov 05 2024 08:00:00 GMT+0000 (Greenwich Mean Time),0.083,0.0399,0.0462,0
Tue Nov 05 2024 09:00:00 GMT+0000 (Greenwich Mean Time),0.0826,0.0394,0.0462,0
Tue Nov 05 2024 10:00:00 GMT+0000 (Greenwich Mean Time),0.0826,0.0393,0.0462,61.19759480591049
Tue Nov 05 2024 11:00:00 GMT+0000 (Greenwich Mean Time),0.0826,0.0393,0.0462,0
Tue Nov 05 2024 12:00:00 GMT+0000 (Greenwich Mean Time),0.0827,0.0393,0.0462,0
Tue Nov 05 2024 13:00:00 GMT+0000 (Greenwich Mean Time),0.0828,0.0393,0.0462,75284.37273873482
Tue Nov 05 2024 14:00:00 GMT+0000 (Greenwich Mean Time),0.0828,0.0393,0.0456,238588.3106682743
Tue Nov 05 2024 15:00:00 GMT+0000 (Greenwich Mean Time),0.1688,0.0507,0.0456,0
Tue Nov 05 2024 16:00:00 GMT+0000 (Greenwich Mean Time),0.1688,0.0506,0.0456,0
Tue Nov 05 2024 17:00:00 GMT+0000 (Greenwich Mean Time),0.1688,0.0506,0.0456,0
Tue Nov 05 2024 18:00:00 GMT+0000 (Greenwich Mean Time),0.1689,0.0505,0.0456,0
Tue Nov 05 2024 19:00:00 GMT+0000 (Greenwich Mean Time),0.1689,0.0505,0.0456,0
Tue Nov 05 2024 20:00:00 GMT+0000 (Greenwich Mean Time),0.169,0.0413,0.0456,0
Tue Nov 05 2024 21:00:00 GMT+0000 (Greenwich Mean Time),0.1688,0.0413,0.0456,0
Tue Nov 05 2024 22:00:00 GMT+0000 (Greenwich Mean Time),0.1686,0.0413,0.0456,0
Tue Nov 05 2024 23:00:00 GMT+0000 (Greenwich Mean Time),0.1744,0.042,0.0456,0
Wed Nov 06 2024 00:00:00 GMT+0000 (Greenwich Mean Time),0.0865,0.0419,0.0456,0
Wed Nov 06 2024 01:00:00 GMT+0000 (Greenwich Mean Time),0.0865,0.0419,0.0456,0
Wed Nov 06 2024 02:00:00 GMT+0000 (Greenwich Mean Time),0.0865,0.0349,0.0456,0
Wed Nov 06 2024 03:00:00 GMT+0000 (Greenwich Mean Time),0.0865,0.0345,0.0456,0
Wed Nov 06 2024 04:00:00 GMT+0000 (Greenwich Mean Time),0.0865,0.0345,0.0456,0
Wed Nov 06 2024 05:00:00 GMT+0000 (Greenwich Mean Time),0.0869,0.0346,0.0456,0
Wed Nov 06 2024 06:00:00 GMT+0000 (Greenwich Mean Time),0.0868,0.0346,0.0456,0
Wed Nov 06 2024 07:00:00 GMT+0000 (Greenwich Mean Time),0.0865,0.0346,0.0456,0
Wed Nov 06 2024 08:00:00 GMT+0000 (Greenwich Mean Time),0.0861,0.0346,0.0456,1381.1239745131463
Wed Nov 06 2024 09:00:00 GMT+0000 (Greenwich Mean Time),0.0861,0.0345,0.0456,0
Wed Nov 06 2024 10:00:00 GMT+0000 (Greenwich Mean Time),0.0861,0.0345,0.0456,0
Wed Nov 06 2024 11:00:00 GMT+0000 (Greenwich Mean Time),0.0867,0.0346,0.0456,0
Wed Nov 06 2024 12:00:00 GMT+0000 (Greenwich Mean Time),0.0867,0.0346,0.0456,0
Wed Nov 06 2024 13:00:00 GMT+0000 (Greenwich Mean Time),0.0865,0.0346,0.0456,0
Wed Nov 06 2024 14:00:00 GMT+0000 (Greenwich Mean Time),0.0865,0.0346,0.0456,0
Wed Nov 06 2024 15:00:00 GMT+0000 (Greenwich Mean Time),0.0065,0.0345,0.0456,0
Wed Nov 06 2024 16:00:00 GMT+0000 (Greenwich Mean Time),0.0065,0.0345,0.0456,209.97336832438762
Wed Nov 06 2024 17:00:00 GMT+0000 (Greenwich Mean Time),0.0074,0.0347,0.0456,0
Wed Nov 06 2024 18:00:00 GMT+0000 (Greenwich Mean Time),0.0075,0.0347,0.0456,0
Wed Nov 06 2024 19:00:00 GMT+0000 (Greenwich Mean Time),0.0075,0.0347,0.0456,0
Wed Nov 06 2024 20:00:00 GMT+0000 (Greenwich Mean Time),0.0074,0.0346,0.0456,0
Wed Nov 06 2024 21:00:00 GMT+0000 (Greenwich Mean Time),0.0075,0.0347,0.0456,0
Wed Nov 06 2024 22:00:00 GMT+0000 (Greenwich Mean Time),0.0074,0.0347,0.0456,0
Wed Nov 06 2024 23:00:00 GMT+0000 (Greenwich Mean Time),0.0025,0.0346,0.0456,0
Thu Nov 07 2024 00:00:00 GMT+0000 (Greenwich Mean Time),0.0026,0.0346,0.0456,0
Thu Nov 07 2024 01:00:00 GMT+0000 (Greenwich Mean Time),0.0082,0.0355,0.0456,0
Thu Nov 07 2024 02:00:00 GMT+0000 (Greenwich Mean Time),0.0082,0.0355,0.0456,0
Thu Nov 07 2024 03:00:00 GMT+0000 (Greenwich Mean Time),0.0082,0.0355,0.0456,0
Thu Nov 07 2024 04:00:00 GMT+0000 (Greenwich Mean Time),0.0082,0.0355,0.0456,0
Thu Nov 07 2024 05:00:00 GMT+0000 (Greenwich Mean Time),0.0079,0.0355,0.0456,0
Thu Nov 07 2024 06:00:00 GMT+0000 (Greenwich Mean Time),0.0086,0.0356,0.0456,0
Thu Nov 07 2024 07:00:00 GMT+0000 (Greenwich Mean Time),0.0087,0.0356,0.0456,0
Thu Nov 07 2024 08:00:00 GMT+0000 (Greenwich Mean Time),0.018,0.0369,0.0456,0
Thu Nov 07 2024 09:00:00 GMT+0000 (Greenwich Mean Time),0.0179,0.0369,0.0456,0
Thu Nov 07 2024 10:00:00 GMT+0000 (Greenwich Mean Time),0.018,0.0369,0.0456,0
Thu Nov 07 2024 11:00:00 GMT+0000 (Greenwich Mean Time),0.0174,0.0369,0.0456,646.0039616274555
Thu Nov 07 2024 12:00:00 GMT+0000 (Greenwich Mean Time),0.0798,0.0457,0.0456,664.5203042882296
Thu Nov 07 2024 13:00:00 GMT+0000 (Greenwich Mean Time),0.0798,0.0457,0.0456,0
Thu Nov 07 2024 14:00:00 GMT+0000 (Greenwich Mean Time),0.0907,0.0472,0.0456,0
Thu Nov 07 2024 15:00:00 GMT+0000 (Greenwich Mean Time),0.0907,0.0472,0.0456,0
Thu Nov 07 2024 16:00:00 GMT+0000 (Greenwich Mean Time),0.0908,0.0472,0.0456,0
Thu Nov 07 2024 17:00:00 GMT+0000 (Greenwich Mean Time),0.0899,0.0472,0.0456,0
Thu Nov 07 2024 18:00:00 GMT+0000 (Greenwich Mean Time),0.0897,0.0472,0.0456,0
Thu Nov 07 2024 19:00:00 GMT+0000 (Greenwich Mean Time),0.0897,0.0473,0.0456,0
Thu Nov 07 2024 20:00:00 GMT+0000 (Greenwich Mean Time),0.0897,0.0473,0.0456,0
Thu Nov 07 2024 21:00:00 GMT+0000 (Greenwich Mean Time),0.0897,0.0473,0.0456,0
Thu Nov 07 2024 22:00:00 GMT+0000 (Greenwich Mean Time),0.0897,0.0472,0.0456,0
Thu Nov 07 2024 23:00:00 GMT+0000 (Greenwich Mean Time),0.09,0.0473,0.0456,0
Fri Nov 08 2024 00:00:00 GMT+0000 (Greenwich Mean Time),0.09,0.0473,0.0456,0
Fri Nov 08 2024 01:00:00 GMT+0000 (Greenwich Mean Time),0.0839,0.0473,0.0456,0
Fri Nov 08 2024 02:00:00 GMT+0000 (Greenwich Mean Time),0.0839,0.047,0.0456,0
Fri Nov 08 2024 03:00:00 GMT+0000 (Greenwich Mean Time),0.0839,0.047,0.0456,0
Fri Nov 08 2024 04:00:00 GMT+0000 (Greenwich Mean Time),0.0839,0.047,0.0456,17368.819772362003
Fri Nov 08 2024 05:00:00 GMT+0000 (Greenwich Mean Time),0.0841,0.0471,0.0456,0
Fri Nov 08 2024 06:00:00 GMT+0000 (Greenwich Mean Time),0.084,0.047,0.0456,0
Fri Nov 08 2024 07:00:00 GMT+0000 (Greenwich Mean Time),0.084,0.047,0.0456,0
Fri Nov 08 2024 08:00:00 GMT+0000 (Greenwich Mean Time),0.0743,0.047,0.0456,0
Fri Nov 08 2024 09:00:00 GMT+0000 (Greenwich Mean Time),0.0743,0.047,0.0456,0
Fri Nov 08 2024 10:00:00 GMT+0000 (Greenwich Mean Time),0.0742,0.0388,0.0456,0
Fri Nov 08 2024 11:00:00 GMT+0000 (Greenwich Mean Time),0.0743,0.0388,0.0456,0
Fri Nov 08 2024 12:00:00 GMT+0000 (Greenwich Mean Time),0.0121,0.0388,0.0456,0
Fri Nov 08 2024 13:00:00 GMT+0000 (Greenwich Mean Time),0.0122,0.0388,0.0456,0
Fri Nov 08 2024 14:00:00 GMT+0000 (Greenwich Mean Time),0.0023,0.0388,0.0456,0
Fri Nov 08 2024 15:00:00 GMT+0000 (Greenwich Mean Time),0.0023,0.0388,0.0456,0
Fri Nov 08 2024 16:00:00 GMT+0000 (Greenwich Mean Time),0.0024,0.0388,0.0456,0
Fri Nov 08 2024 17:00:00 GMT+0000 (Greenwich Mean Time),0.0024,0.0388,0.0456,0
Fri Nov 08 2024 18:00:00 GMT+0000 (Greenwich Mean Time),0.0027,0.0389,0.0456,0
Fri Nov 08 2024 19:00:00 GMT+0000 (Greenwich Mean Time),0.0029,0.0389,0.0456,0
Fri Nov 08 2024 20:00:00 GMT+0000 (Greenwich Mean Time),0.0028,0.0389,0.0456,0
Fri Nov 08 2024 21:00:00 GMT+0000 (Greenwich Mean Time),0.0028,0.0388,0.0456,0
Fri Nov 08 2024 22:00:00 GMT+0000 (Greenwich Mean Time),0.0028,0.0388,0.0456,0
Fri Nov 08 2024 23:00:00 GMT+0000 (Greenwich Mean Time),0.0025,0.0388,0.0456,0
Sat Nov 09 2024 00:00:00 GMT+0000 (Greenwich Mean Time),0.0025,0.0388,0.0456,0
Sat Nov 09 2024 01:00:00 GMT+0000 (Greenwich Mean Time),0.0025,0.0388,0.0456,0
Sat Nov 09 2024 02:00:00 GMT+0000 (Greenwich Mean Time),0.0025,0.0388,0.0456,0
Sat Nov 09 2024 03:00:00 GMT+0000 (Greenwich Mean Time),0.0026,0.0388,0.0456,0
Sat Nov 09 2024 04:00:00 GMT+0000 (Greenwich Mean Time),0.0521,0.046,0.0456,68101.6260754932
Sat Nov 09 2024 05:00:00 GMT+0000 (Greenwich Mean Time),0.0517,0.046,0.0456,0
Sat Nov 09 2024 06:00:00 GMT+0000 (Greenwich Mean Time),0.0513,0.046,0.0456,1460.9581198767548
Sat Nov 09 2024 07:00:00 GMT+0000 (Greenwich Mean Time),0.0514,0.046,0.0456,0
Sat Nov 09 2024 08:00:00 GMT+0000 (Greenwich Mean Time),0.0512,0.046,0.0456,1393.6907410568033
Sat Nov 09 2024 09:00:00 GMT+0000 (Greenwich Mean Time),0.0694,0.0485,0.0456,671.642064339241
Sat Nov 09 2024 10:00:00 GMT+0000 (Greenwich Mean Time),0.0695,0.0485,0.0456,0
Sat Nov 09 2024 11:00:00 GMT+0000 (Greenwich Mean Time),0.0696,0.0486,0.0456,0
Sat Nov 09 2024 12:00:00 GMT+0000 (Greenwich Mean Time),0.0697,0.0485,0.0456,0
Sat Nov 09 2024 13:00:00 GMT+0000 (Greenwich Mean Time),0.0697,0.0486,0.0456,0
Sat Nov 09 2024 14:00:00 GMT+0000 (Greenwich Mean Time),0.0695,0.0486,0.0456,0
Sat Nov 09 2024 15:00:00 GMT+0000 (Greenwich Mean Time),0.0696,0.0486,0.0456,0
Sat Nov 09 2024 16:00:00 GMT+0000 (Greenwich Mean Time),0.07,0.0487,0.0457,65853.51014526533
Sat Nov 09 2024 17:00:00 GMT+0000 (Greenwich Mean Time),0.0721,0.049,0.0457,0
Sat Nov 09 2024 18:00:00 GMT+0000 (Greenwich Mean Time),0.0718,0.049,0.0457,0
Sat Nov 09 2024 19:00:00 GMT+0000 (Greenwich Mean Time),0.0716,0.049,0.0457,0
Sat Nov 09 2024 20:00:00 GMT+0000 (Greenwich Mean Time),0.0717,0.049,0.0457,0
Sat Nov 09 2024 21:00:00 GMT+0000 (Greenwich Mean Time),0.0717,0.049,0.0457,0
Sat Nov 09 2024 22:00:00 GMT+0000 (Greenwich Mean Time),0.0717,0.049,0.0457,0
Sat Nov 09 2024 23:00:00 GMT+0000 (Greenwich Mean Time),0.0975,0.0526,0.0457,0
Sun Nov 10 2024 00:00:00 GMT+0000 (Greenwich Mean Time),0.0975,0.0526,0.0457,0
Sun Nov 10 2024 01:00:00 GMT+0000 (Greenwich Mean Time),0.0975,0.0526,0.0457,0
Sun Nov 10 2024 02:00:00 GMT+0000 (Greenwich Mean Time),0.0975,0.0524,0.0457,0
Sun Nov 10 2024 03:00:00 GMT+0000 (Greenwich Mean Time),0.0974,0.0524,0.0457,254.81413622472965
Sun Nov 10 2024 04:00:00 GMT+0000 (Greenwich Mean Time),0.0458,0.0524,0.0457,4607.7617133956055
Sun Nov 10 2024 05:00:00 GMT+0000 (Greenwich Mean Time),0.0458,0.0524,0.0457,0
Sun Nov 10 2024 06:00:00 GMT+0000 (Greenwich Mean Time),0.0456,0.0524,0.0457,0
Sun Nov 10 2024 07:00:00 GMT+0000 (Greenwich Mean Time),0.0457,0.0525,0.0457,0
Sun Nov 10 2024 08:00:00 GMT+0000 (Greenwich Mean Time),0.0458,0.0525,0.0462,276868.52590679354
Sun Nov 10 2024 09:00:00 GMT+0000 (Greenwich Mean Time),0.0281,0.0525,0.0462,0
Sun Nov 10 2024 10:00:00 GMT+0000 (Greenwich Mean Time),0.0399,0.0542,0.0462,0
Sun Nov 10 2024 11:00:00 GMT+0000 (Greenwich Mean Time),0.0466,0.0552,0.0462,0
Sun Nov 10 2024 12:00:00 GMT+0000 (Greenwich Mean Time),0.0466,0.0552,0.0462,0
Sun Nov 10 2024 13:00:00 GMT+0000 (Greenwich Mean Time),0.0466,0.0552,0.0462,0
Sun Nov 10 2024 14:00:00 GMT+0000 (Greenwich Mean Time),0.0465,0.0552,0.0462,0
Sun Nov 10 2024 15:00:00 GMT+0000 (Greenwich Mean Time),0.0463,0.0552,0.0462,0
Sun Nov 10 2024 16:00:00 GMT+0000 (Greenwich Mean Time),0.0457,0.0552,0.0462,0
Sun Nov 10 2024 17:00:00 GMT+0000 (Greenwich Mean Time),0.0437,0.0552,0.0462,0
Sun Nov 10 2024 18:00:00 GMT+0000 (Greenwich Mean Time),0.0436,0.0552,0.0462,0
Sun Nov 10 2024 19:00:00 GMT+0000 (Greenwich Mean Time),0.0436,0.0552,0.0462,0
Sun Nov 10 2024 20:00:00 GMT+0000 (Greenwich Mean Time),0.0436,0.0552,0.0462,0
Sun Nov 10 2024 21:00:00 GMT+0000 (Greenwich Mean Time),0.0436,0.0552,0.0462,0
Sun Nov 10 2024 22:00:00 GMT+0000 (Greenwich Mean Time),0.0435,0.0552,0.0462,0
Sun Nov 10 2024 23:00:00 GMT+0000 (Greenwich Mean Time),0.0189,0.0552,0.0462,0
Mon Nov 11 2024 00:00:00 GMT+0000 (Greenwich Mean Time),0.0189,0.0551,0.0462,0
Mon Nov 11 2024 01:00:00 GMT+0000 (Greenwich Mean Time),0.0189,0.0551,0.0462,0
Mon Nov 11 2024 02:00:00 GMT+0000 (Greenwich Mean Time),0.0189,0.0551,0.0462,0
Mon Nov 11 2024 03:00:00 GMT+0000 (Greenwich Mean Time),0.0189,0.0551,0.0462,0
Mon Nov 11 2024 04:00:00 GMT+0000 (Greenwich Mean Time),0.0189,0.0535,0.0462,1552.5449507542007
Mon Nov 11 2024 05:00:00 GMT+0000 (Greenwich Mean Time),0.0189,0.0535,0.0462,0
Mon Nov 11 2024 06:00:00 GMT+0000 (Greenwich Mean Time),0.0189,0.0535,0.0462,0
Mon Nov 11 2024 07:00:00 GMT+0000 (Greenwich Mean Time),0.0232,0.0542,0.0462,5477.417429551007
Mon Nov 11 2024 08:00:00 GMT+0000 (Greenwich Mean Time),0.0231,0.0542,0.0474,628938.9935699778
Mon Nov 11 2024 09:00:00 GMT+0000 (Greenwich Mean Time),0.023,0.0541,0.0474,0
Mon Nov 11 2024 10:00:00 GMT+0000 (Greenwich Mean Time),0.0112,0.0541,0.0474,0
Mon Nov 11 2024 11:00:00 GMT+0000 (Greenwich Mean Time),0.0047,0.0541,0.0474,0
Mon Nov 11 2024 12:00:00 GMT+0000 (Greenwich Mean Time),0.0045,0.0541,0.0474,0
Mon Nov 11 2024 13:00:00 GMT+0000 (Greenwich Mean Time),0.0045,0.0541,0.0474,0
Mon Nov 11 2024 14:00:00 GMT+0000 (Greenwich Mean Time),0.0045,0.0541,0.0474,0
Mon Nov 11 2024 15:00:00 GMT+0000 (Greenwich Mean Time),0.0045,0.0541,0.0474,0
Mon Nov 11 2024 16:00:00 GMT+0000 (Greenwich Mean Time),0.0045,0.0541,0.0474,0
Mon Nov 11 2024 17:00:00 GMT+0000 (Greenwich Mean Time),0.0045,0.0541,0.0474,7676.951347527904
Mon Nov 11 2024 18:00:00 GMT+0000 (Greenwich Mean Time),0.0045,0.0541,0.0474,0
Mon Nov 11 2024 19:00:00 GMT+0000 (Greenwich Mean Time),0.0045,0.0541,0.0474,0
Mon Nov 11 2024 20:00:00 GMT+0000 (Greenwich Mean Time),0.0045,0.0541,0.0474,0
Mon Nov 11 2024 21:00:00 GMT+0000 (Greenwich Mean Time),0.0045,0.054,0.0474,0
Mon Nov 11 2024 22:00:00 GMT+0000 (Greenwich Mean Time),0.0045,0.054,0.0474,0
Mon Nov 11 2024 23:00:00 GMT+0000 (Greenwich Mean Time),0.0045,0.054,0.0474,0
Tue Nov 12 2024 00:00:00 GMT+0000 (Greenwich Mean Time),0.0045,0.0424,0.0474,6517.8200258397765
Tue Nov 12 2024 01:00:00 GMT+0000 (Greenwich Mean Time),0.0065,0.0427,0.0474,0
Tue Nov 12 2024 02:00:00 GMT+0000 (Greenwich Mean Time),0.0065,0.0427,0.0477,160152.39451892098
Tue Nov 12 2024 03:00:00 GMT+0000 (Greenwich Mean Time),0.0065,0.0427,0.0477,0
Tue Nov 12 2024 04:00:00 GMT+0000 (Greenwich Mean Time),0.0065,0.0427,0.0477,0
Tue Nov 12 2024 05:00:00 GMT+0000 (Greenwich Mean Time),0.0065,0.0427,0.0477,0
Tue Nov 12 2024 06:00:00 GMT+0000 (Greenwich Mean Time),0.0065,0.0426,0.0477,0
Tue Nov 12 2024 07:00:00 GMT+0000 (Greenwich Mean Time),0.0056,0.0431,0.0477,0
Tue Nov 12 2024 08:00:00 GMT+0000 (Greenwich Mean Time),0.0155,0.0445,0.0477,0
Tue Nov 12 2024 09:00:00 GMT+0000 (Greenwich Mean Time),0.0161,0.0446,0.0477,29170.040283966802
Tue Nov 12 2024 10:00:00 GMT+0000 (Greenwich Mean Time),0.0162,0.0446,0.0477,0
Tue Nov 12 2024 11:00:00 GMT+0000 (Greenwich Mean Time),0.0165,0.0447,0.0477,0
Tue Nov 12 2024 12:00:00 GMT+0000 (Greenwich Mean Time),0.0175,0.0448,0.0477,0
Tue Nov 12 2024 13:00:00 GMT+0000 (Greenwich Mean Time),0.0184,0.0449,0.0477,0
Tue Nov 12 2024 14:00:00 GMT+0000 (Greenwich Mean Time),0.0186,0.0449,0.0477,0
Tue Nov 12 2024 15:00:00 GMT+0000 (Greenwich Mean Time),0.0188,0.0336,0.0477,0
Tue Nov 12 2024 16:00:00 GMT+0000 (Greenwich Mean Time),0.0189,0.0336,0.0477,0
Tue Nov 12 2024 17:00:00 GMT+0000 (Greenwich Mean Time),0.0189,0.0336,0.0477,0
Tue Nov 12 2024 18:00:00 GMT+0000 (Greenwich Mean Time),0.0189,0.0336,0.0477,0
Tue Nov 12 2024 19:00:00 GMT+0000 (Greenwich Mean Time),0.0714,0.041,0.0477,0
Tue Nov 12 2024 20:00:00 GMT+0000 (Greenwich Mean Time),0.0714,0.041,0.0477,0
Tue Nov 12 2024 21:00:00 GMT+0000 (Greenwich Mean Time),0.0714,0.041,0.0477,0
Tue Nov 12 2024 22:00:00 GMT+0000 (Greenwich Mean Time),0.0714,0.041,0.0477,0
Tue Nov 12 2024 23:00:00 GMT+0000 (Greenwich Mean Time),0.0719,0.0404,0.0477,0
Wed Nov 13 2024 00:00:00 GMT+0000 (Greenwich Mean Time),0.072,0.0404,0.0477,0
Wed Nov 13 2024 01:00:00 GMT+0000 (Greenwich Mean Time),0.0705,0.0405,0.0477,0
Wed Nov 13 2024 02:00:00 GMT+0000 (Greenwich Mean Time),0.0723,0.0407,0.0477,0
Wed Nov 13 2024 03:00:00 GMT+0000 (Greenwich Mean Time),0.0828,0.0422,0.0477,16438.016248763804
Wed Nov 13 2024 04:00:00 GMT+0000 (Greenwich Mean Time),0.0828,0.0422,0.0477,0
Wed Nov 13 2024 05:00:00 GMT+0000 (Greenwich Mean Time),0.0828,0.0421,0.0477,0
Wed Nov 13 2024 06:00:00 GMT+0000 (Greenwich Mean Time),0.0829,0.0421,0.0477,0
Wed Nov 13 2024 07:00:00 GMT+0000 (Greenwich Mean Time),0.3016,0.0704,0.0477,0
Wed Nov 13 2024 08:00:00 GMT+0000 (Greenwich Mean Time),0.4131,0.0846,0.048,177527.42882777698
Wed Nov 13 2024 09:00:00 GMT+0000 (Greenwich Mean Time),0.4124,0.0846,0.048,0
Wed Nov 13 2024 10:00:00 GMT+0000 (Greenwich Mean Time),0.4124,0.0846,0.048,0
Wed Nov 13 2024 11:00:00 GMT+0000 (Greenwich Mean Time),0.4119,0.0845,0.048,0
Wed Nov 13 2024 12:00:00 GMT+0000 (Greenwich Mean Time),0.5559,0.0997,0.0484,184307.07676471633
Wed Nov 13 2024 13:00:00 GMT+0000 (Greenwich Mean Time),0.7194,0.1157,0.0484,0
Wed Nov 13 2024 14:00:00 GMT+0000 (Greenwich Mean Time),0.719,0.1157,0.0484,0
Wed Nov 13 2024 15:00:00 GMT+0000 (Greenwich Mean Time),0.7187,0.1157,0.0484,0
Wed Nov 13 2024 16:00:00 GMT+0000 (Greenwich Mean Time),0.7186,0.1157,0.0484,0
Wed Nov 13 2024 17:00:00 GMT+0000 (Greenwich Mean Time),0.7186,0.1155,0.0484,0
Wed Nov 13 2024 18:00:00 GMT+0000 (Greenwich Mean Time),0.7186,0.1155,0.0484,0
Wed Nov 13 2024 19:00:00 GMT+0000 (Greenwich Mean Time),0.6342,0.1155,0.0484,0
Wed Nov 13 2024 20:00:00 GMT+0000 (Greenwich Mean Time),0.6343,0.1155,0.0484,0
Wed Nov 13 2024 21:00:00 GMT+0000 (Greenwich Mean Time),0.6343,0.1155,0.0484,0
Wed Nov 13 2024 22:00:00 GMT+0000 (Greenwich Mean Time),0.6343,0.1155,0.0484,0
Wed Nov 13 2024 23:00:00 GMT+0000 (Greenwich Mean Time),0.6336,0.1155,0.0484,0
Thu Nov 14 2024 00:00:00 GMT+0000 (Greenwich Mean Time),0.6336,0.1155,0.0484,0
Thu Nov 14 2024 01:00:00 GMT+0000 (Greenwich Mean Time),0.6326,0.1146,0.0484,35621.54143769208
Thu Nov 14 2024 02:00:00 GMT+0000 (Greenwich Mean Time),0.6297,0.1146,0.0484,0
Thu Nov 14 2024 03:00:00 GMT+0000 (Greenwich Mean Time),0.614,0.1146,0.0484,0
Thu Nov 14 2024 04:00:00 GMT+0000 (Greenwich Mean Time),0.6141,0.1146,0.0484,0
Thu Nov 14 2024 05:00:00 GMT+0000 (Greenwich Mean Time),0.6141,0.1146,0.0484,3512.8321267532424
Thu Nov 14 2024 06:00:00 GMT+0000 (Greenwich Mean Time),0.6142,0.1145,0.0487,154244.70427891723
Thu Nov 14 2024 07:00:00 GMT+0000 (Greenwich Mean Time),0.3386,0.1145,0.0469,2750068.1321047004
Thu Nov 14 2024 08:00:00 GMT+0000 (Greenwich Mean Time),0.2209,0.1131,0.0469,0
Thu Nov 14 2024 09:00:00 GMT+0000 (Greenwich Mean Time),0.2208,0.1131,0.047,55153.61845338248
Thu Nov 14 2024 10:00:00 GMT+0000 (Greenwich Mean Time),0.2208,0.1131,0.047,0
Thu Nov 14 2024 11:00:00 GMT+0000 (Greenwich Mean Time),0.222,0.1132,0.047,0
Thu Nov 14 2024 12:00:00 GMT+0000 (Greenwich Mean Time),0.1079,0.1038,0.047,0
Thu Nov 14 2024 13:00:00 GMT+0000 (Greenwich Mean Time),0.0017,0.1038,0.047,0
Thu Nov 14 2024 14:00:00 GMT+0000 (Greenwich Mean Time),0.0017,0.1022,0.047,0
Thu Nov 14 2024 15:00:00 GMT+0000 (Greenwich Mean Time),0.0018,0.1022,0.047,0
Thu Nov 14 2024 16:00:00 GMT+0000 (Greenwich Mean Time),0.0018,0.1022,0.0471,80399.50796701014
Thu Nov 14 2024 17:00:00 GMT+0000 (Greenwich Mean Time),0.0018,0.1022,0.0471,0
Thu Nov 14 2024 18:00:00 GMT+0000 (Greenwich Mean Time),0.0018,0.1022,0.0471,0
Thu Nov 14 2024 19:00:00 GMT+0000 (Greenwich Mean Time),0.0018,0.1022,0.0471,0
Thu Nov 14 2024 20:00:00 GMT+0000 (Greenwich Mean Time),0.0017,0.1022,0.0471,0
Thu Nov 14 2024 21:00:00 GMT+0000 (Greenwich Mean Time),0.0018,0.1022,0.0471,70.70577920681981
Thu Nov 14 2024 22:00:00 GMT+0000 (Greenwich Mean Time),0.0018,0.1022,0.0471,0
Thu Nov 14 2024 23:00:00 GMT+0000 (Greenwich Mean Time),0.0018,0.1021,0.0471,0
Fri Nov 15 2024 00:00:00 GMT+0000 (Greenwich Mean Time),0.0018,0.1021,0.0471,0
Fri Nov 15 2024 01:00:00 GMT+0000 (Greenwich Mean Time),0.0018,0.1021,0.0471,0
Fri Nov 15 2024 02:00:00 GMT+0000 (Greenwich Mean Time),0.0018,0.1022,0.0464,535308.4800732738
Fri Nov 15 2024 03:00:00 GMT+0000 (Greenwich Mean Time),0.0018,0.1022,0.0464,0
Fri Nov 15 2024 04:00:00 GMT+0000 (Greenwich Mean Time),0.0018,0.1022,0.0464,0
Fri Nov 15 2024 05:00:00 GMT+0000 (Greenwich Mean Time),0.0018,0.1021,0.0464,0
Fri Nov 15 2024 06:00:00 GMT+0000 (Greenwich Mean Time),0.0019,0.1021,0.0464,171740.28944962297
Fri Nov 15 2024 07:00:00 GMT+0000 (Greenwich Mean Time),0.0019,0.1021,0.0461,0
Fri Nov 15 2024 08:00:00 GMT+0000 (Greenwich Mean Time),0.0018,0.102,0.0461,0
Fri Nov 15 2024 09:00:00 GMT+0000 (Greenwich Mean Time),0.0019,0.102,0.0467,328152.69041106047
Fri Nov 15 2024 10:00:00 GMT+0000 (Greenwich Mean Time),0.0019,0.102,0.0467,853.0218771482367
Fri Nov 15 2024 11:00:00 GMT+0000 (Greenwich Mean Time),0.0014,0.1021,0.0467,0
Fri Nov 15 2024 12:00:00 GMT+0000 (Greenwich Mean Time),0.0014,0.1021,0.0467,0
Fri Nov 15 2024 13:00:00 GMT+0000 (Greenwich Mean Time),0.0014,0.1021,0.0467,0
Fri Nov 15 2024 14:00:00 GMT+0000 (Greenwich Mean Time),0.0014,0.1021,0.0467,0
Fri Nov 15 2024 15:00:00 GMT+0000 (Greenwich Mean Time),0.0014,0.1021,0.0467,0
Fri Nov 15 2024 16:00:00 GMT+0000 (Greenwich Mean Time),0.0014,0.102,0.0467,0
Fri Nov 15 2024 17:00:00 GMT+0000 (Greenwich Mean Time),0.0014,0.102,0.0467,0
Fri Nov 15 2024 18:00:00 GMT+0000 (Greenwich Mean Time),0.0014,0.102,0.0467,0
Fri Nov 15 2024 19:00:00 GMT+0000 (Greenwich Mean Time),0.0014,0.102,0.0467,0
Fri Nov 15 2024 20:00:00 GMT+0000 (Greenwich Mean Time),0.0014,0.102,0.0467,0
Fri Nov 15 2024 21:00:00 GMT+0000 (Greenwich Mean Time),0.0014,0.102,0.0467,0
Fri Nov 15 2024 22:00:00 GMT+0000 (Greenwich Mean Time),0.0014,0.102,0.0467,0
Fri Nov 15 2024 23:00:00 GMT+0000 (Greenwich Mean Time),0.0014,0.102,0.0467,0
Sat Nov 16 2024 00:00:00 GMT+0000 (Greenwich Mean Time),0.0014,0.102,0.0467,6966.916021446883
Sat Nov 16 2024 01:00:00 GMT+0000 (Greenwich Mean Time),0.0014,0.102,0.0467,0
Sat Nov 16 2024 02:00:00 GMT+0000 (Greenwich Mean Time),0.0014,0.102,0.0467,0
Sat Nov 16 2024 03:00:00 GMT+0000 (Greenwich Mean Time),0.0015,0.102,0.0467,0
Sat Nov 16 2024 04:00:00 GMT+0000 (Greenwich Mean Time),0.0014,0.0944,0.0469,99245.50001664508
Sat Nov 16 2024 05:00:00 GMT+0000 (Greenwich Mean Time),0.0014,0.0944,0.0469,0
Sat Nov 16 2024 06:00:00 GMT+0000 (Greenwich Mean Time),0.0012,0.0944,0.0469,0
Sat Nov 16 2024 07:00:00 GMT+0000 (Greenwich Mean Time),0.0011,0.0944,0.0469,0
Sat Nov 16 2024 08:00:00 GMT+0000 (Greenwich Mean Time),0.0011,0.0944,0.0469,0
Sat Nov 16 2024 09:00:00 GMT+0000 (Greenwich Mean Time),0.0011,0.0917,0.0469,10.169741027832684
Sat Nov 16 2024 10:00:00 GMT+0000 (Greenwich Mean Time),0.0011,0.0917,0.0469,0
Sat Nov 16 2024 11:00:00 GMT+0000 (Greenwich Mean Time),0.0006,0.0917,0.0469,0
Sat Nov 16 2024 12:00:00 GMT+0000 (Greenwich Mean Time),0.0006,0.0917,0.0469,0
Sat Nov 16 2024 13:00:00 GMT+0000 (Greenwich Mean Time),0.0009,0.0917,0.0469,0
Sat Nov 16 2024 14:00:00 GMT+0000 (Greenwich Mean Time),0.001,0.0917,0.0469,0
Sat Nov 16 2024 15:00:00 GMT+0000 (Greenwich Mean Time),0.001,0.0917,0.0469,0
Sat Nov 16 2024 16:00:00 GMT+0000 (Greenwich Mean Time),0.001,0.0916,0.0469,0
Sat Nov 16 2024 17:00:00 GMT+0000 (Greenwich Mean Time),0.001,0.0913,0.0469,0
Sat Nov 16 2024 18:00:00 GMT+0000 (Greenwich Mean Time),0.001,0.0913,0.0491,1227151.5395293243
Sat Nov 16 2024 19:00:00 GMT+0000 (Greenwich Mean Time),0.001,0.0913,0.0491,0
Sat Nov 16 2024 20:00:00 GMT+0000 (Greenwich Mean Time),0.0011,0.0913,0.0491,0
Sat Nov 16 2024 21:00:00 GMT+0000 (Greenwich Mean Time),0.0011,0.0913,0.0491,0
Sat Nov 16 2024 22:00:00 GMT+0000 (Greenwich Mean Time),0.0011,0.0913,0.0491,0
Sat Nov 16 2024 23:00:00 GMT+0000 (Greenwich Mean Time),0.0012,0.0876,0.0491,0
Sun Nov 17 2024 00:00:00 GMT+0000 (Greenwich Mean Time),0.0012,0.0876,0.0491,0
Sun Nov 17 2024 01:00:00 GMT+0000 (Greenwich Mean Time),0.0012,0.0876,0.0491,0
Sun Nov 17 2024 02:00:00 GMT+0000 (Greenwich Mean Time),0.0013,0.0876,0.0491,0
Sun Nov 17 2024 03:00:00 GMT+0000 (Greenwich Mean Time),0.0013,0.0876,0.0491,0
Sun Nov 17 2024 04:00:00 GMT+0000 (Greenwich Mean Time),0.0022,0.0878,0.0491,0
Sun Nov 17 2024 05:00:00 GMT+0000 (Greenwich Mean Time),0.0023,0.0878,0.0491,28674.47026431363
Sun Nov 17 2024 06:00:00 GMT+0000 (Greenwich Mean Time),0.0024,0.0878,0.0494,160087.58157212997
Sun Nov 17 2024 07:00:00 GMT+0000 (Greenwich Mean Time),0.0025,0.0878,0.0494,0
Sun Nov 17 2024 08:00:00 GMT+0000 (Greenwich Mean Time),0.0026,0.0878,0.0494,3129.3572382951547
Sun Nov 17 2024 09:00:00 GMT+0000 (Greenwich Mean Time),0.0027,0.0878,0.0494,0
Sun Nov 17 2024 10:00:00 GMT+0000 (Greenwich Mean Time),0.0026,0.086,0.0494,18358.45286216596
Sun Nov 17 2024 11:00:00 GMT+0000 (Greenwich Mean Time),0.0028,0.085,0.0494,0
Sun Nov 17 2024 12:00:00 GMT+0000 (Greenwich Mean Time),0.0028,0.085,0.0494,0
Sun Nov 17 2024 13:00:00 GMT+0000 (Greenwich Mean Time),0.0027,0.085,0.0494,0
Sun Nov 17 2024 14:00:00 GMT+0000 (Greenwich Mean Time),0.0026,0.085,0.0491,181337.88258719744
Sun Nov 17 2024 15:00:00 GMT+0000 (Greenwich Mean Time),0.0027,0.0851,0.0491,0
Sun Nov 17 2024 16:00:00 GMT+0000 (Greenwich Mean Time),0.0027,0.0851,0.0491,0
Sun Nov 17 2024 17:00:00 GMT+0000 (Greenwich Mean Time),0.0027,0.0851,0.0491,0
Sun Nov 17 2024 18:00:00 GMT+0000 (Greenwich Mean Time),0.0027,0.0851,0.0491,0
Sun Nov 17 2024 19:00:00 GMT+0000 (Greenwich Mean Time),0.0027,0.0851,0.0491,0
Sun Nov 17 2024 20:00:00 GMT+0000 (Greenwich Mean Time),0.003,0.0851,0.0491,0
Sun Nov 17 2024 21:00:00 GMT+0000 (Greenwich Mean Time),0.0031,0.0852,0.0491,0
Sun Nov 17 2024 22:00:00 GMT+0000 (Greenwich Mean Time),0.0034,0.0852,0.0491,7193.304897317607
Sun Nov 17 2024 23:00:00 GMT+0000 (Greenwich Mean Time),0.0033,0.0852,0.0491,0
Mon Nov 18 2024 00:00:00 GMT+0000 (Greenwich Mean Time),0.0035,0.0852,0.0491,0
Mon Nov 18 2024 01:00:00 GMT+0000 (Greenwich Mean Time),0.0035,0.0852,0.0491,0
Mon Nov 18 2024 02:00:00 GMT+0000 (Greenwich Mean Time),0.0035,0.0853,0.0491,0
Mon Nov 18 2024 03:00:00 GMT+0000 (Greenwich Mean Time),0.3201,0.1286,0.0491,0
Mon Nov 18 2024 04:00:00 GMT+0000 (Greenwich Mean Time),0.6432,0.1646,0.0485,317222.4594302926
Mon Nov 18 2024 05:00:00 GMT+0000 (Greenwich Mean Time),0.6433,0.1647,0.0485,0
Mon Nov 18 2024 06:00:00 GMT+0000 (Greenwich Mean Time),0.6436,0.1647,0.0496,571884.8523329868
Mon Nov 18 2024 07:00:00 GMT+0000 (Greenwich Mean Time),0.6437,0.164,0.0497,73781.2570749908
Mon Nov 18 2024 08:00:00 GMT+0000 (Greenwich Mean Time),0.6436,0.164,0.0498,1004429.6557942582
Mon Nov 18 2024 09:00:00 GMT+0000 (Greenwich Mean Time),0.6435,0.164,0.0498,0
Mon Nov 18 2024 10:00:00 GMT+0000 (Greenwich Mean Time),0.644,0.1641,0.0497,73296.21237126799
Mon Nov 18 2024 11:00:00 GMT+0000 (Greenwich Mean Time),0.6441,0.1641,0.0497,0
Mon Nov 18 2024 12:00:00 GMT+0000 (Greenwich Mean Time),0.6439,0.1641,0.0497,0
Mon Nov 18 2024 13:00:00 GMT+0000 (Greenwich Mean Time),0.6456,0.1643,0.0497,0
Mon Nov 18 2024 14:00:00 GMT+0000 (Greenwich Mean Time),0.6456,0.1643,0.0497,0
Mon Nov 18 2024 15:00:00 GMT+0000 (Greenwich Mean Time),0.6454,0.1643,0.0497,0
Mon Nov 18 2024 16:00:00 GMT+0000 (Greenwich Mean Time),0.6454,0.1643,0.0497,0
Mon Nov 18 2024 17:00:00 GMT+0000 (Greenwich Mean Time),0.6454,0.1643,0.0497,0
Mon Nov 18 2024 18:00:00 GMT+0000 (Greenwich Mean Time),0.6453,0.1643,0.0496,35986.225245565736
Mon Nov 18 2024 19:00:00 GMT+0000 (Greenwich Mean Time),0.6455,0.1644,0.0496,0
Mon Nov 18 2024 20:00:00 GMT+0000 (Greenwich Mean Time),0.6449,0.1644,0.0496,0
Mon Nov 18 2024 21:00:00 GMT+0000 (Greenwich Mean Time),0.6448,0.1644,0.0496,0
Mon Nov 18 2024 22:00:00 GMT+0000 (Greenwich Mean Time),0.6445,0.1644,0.0496,0
Mon Nov 18 2024 23:00:00 GMT+0000 (Greenwich Mean Time),0.6442,0.1644,0.0496,0
Tue Nov 19 2024 00:00:00 GMT+0000 (Greenwich Mean Time),0.6441,0.1644,0.0496,21693.826207595528
Tue Nov 19 2024 01:00:00 GMT+0000 (Greenwich Mean Time),0.644,0.164,0.0496,18139.31255393446
Tue Nov 19 2024 02:00:00 GMT+0000 (Greenwich Mean Time),0.6435,0.164,0.0496,0
Tue Nov 19 2024 03:00:00 GMT+0000 (Greenwich Mean Time),0.2495,0.164,0.0496,0
Tue Nov 19 2024 04:00:00 GMT+0000 (Greenwich Mean Time),0.0029,0.1641,0.0482,808303.5620053109
Tue Nov 19 2024 05:00:00 GMT+0000 (Greenwich Mean Time),0.0028,0.1641,0.0482,0
Tue Nov 19 2024 06:00:00 GMT+0000 (Greenwich Mean Time),0.0025,0.1641,0.0482,0
Tue Nov 19 2024 07:00:00 GMT+0000 (Greenwich Mean Time),0.0023,0.1635,0.0491,3480211.200649749
Tue Nov 19 2024 08:00:00 GMT+0000 (Greenwich Mean Time),0.0026,0.1619,0.0491,0
Tue Nov 19 2024 09:00:00 GMT+0000 (Greenwich Mean Time),0.0029,0.1619,0.0495,1557985.8657835554
Tue Nov 19 2024 10:00:00 GMT+0000 (Greenwich Mean Time),0.0027,0.1619,0.0495,0
Tue Nov 19 2024 11:00:00 GMT+0000 (Greenwich Mean Time),0.0127,0.1635,0.0495,0
Tue Nov 19 2024 12:00:00 GMT+0000 (Greenwich Mean Time),0.0129,0.1634,0.0495,0
Tue Nov 19 2024 13:00:00 GMT+0000 (Greenwich Mean Time),0.012,0.1633,0.0495,0
Tue Nov 19 2024 14:00:00 GMT+0000 (Greenwich Mean Time),0.012,0.1632,0.0505,584585.5207157584
Tue Nov 19 2024 15:00:00 GMT+0000 (Greenwich Mean Time),0.012,0.1632,0.0505,0
Tue Nov 19 2024 16:00:00 GMT+0000 (Greenwich Mean Time),0.0119,0.1632,0.0505,0
Tue Nov 19 2024 17:00:00 GMT+0000 (Greenwich Mean Time),0.0119,0.1632,0.0505,0
Tue Nov 19 2024 18:00:00 GMT+0000 (Greenwich Mean Time),0.0119,0.1632,0.0505,0
Tue Nov 19 2024 19:00:00 GMT+0000 (Greenwich Mean Time),0.0118,0.1549,0.0505,0
Tue Nov 19 2024 20:00:00 GMT+0000 (Greenwich Mean Time),0.0118,0.1549,0.0505,37350.43092553708
Tue Nov 19 2024 21:00:00 GMT+0000 (Greenwich Mean Time),0.0117,0.1549,0.0505,0
Tue Nov 19 2024 22:00:00 GMT+0000 (Greenwich Mean Time),0.0117,0.1549,0.0505,0
Tue Nov 19 2024 23:00:00 GMT+0000 (Greenwich Mean Time),0.0118,0.1548,0.0505,0
Wed Nov 20 2024 00:00:00 GMT+0000 (Greenwich Mean Time),0.0118,0.1548,0.0505,0
Wed Nov 20 2024 01:00:00 GMT+0000 (Greenwich Mean Time),0.0119,0.1547,0.0505,0
Wed Nov 20 2024 02:00:00 GMT+0000 (Greenwich Mean Time),0.0118,0.1544,0.0505,0
Wed Nov 20 2024 03:00:00 GMT+0000 (Greenwich Mean Time),0.0118,0.1528,0.0505,0
Wed Nov 20 2024 04:00:00 GMT+0000 (Greenwich Mean Time),0.0117,0.1528,0.0505,0
Wed Nov 20 2024 05:00:00 GMT+0000 (Greenwich Mean Time),0.0117,0.1528,0.0505,0
Wed Nov 20 2024 06:00:00 GMT+0000 (Greenwich Mean Time),0.0117,0.1528,0.0505,0
Wed Nov 20 2024 07:00:00 GMT+0000 (Greenwich Mean Time),0.0118,0.1224,0.0505,54945.724228800376
Wed Nov 20 2024 08:00:00 GMT+0000 (Greenwich Mean Time),0.0118,0.1078,0.0505,0
Wed Nov 20 2024 09:00:00 GMT+0000 (Greenwich Mean Time),0.0116,0.1078,0.0505,0
Wed Nov 20 2024 10:00:00 GMT+0000 (Greenwich Mean Time),0.0115,0.1078,0.0517,655361.7579695449
Wed Nov 20 2024 11:00:00 GMT+0000 (Greenwich Mean Time),0.003,0.1078,0.0517,0
Wed Nov 20 2024 12:00:00 GMT+0000 (Greenwich Mean Time),0.0023,0.0925,0.0517,0
Wed Nov 20 2024 13:00:00 GMT+0000 (Greenwich Mean Time),0.0019,0.0769,0.0519,123307.58025582235
Wed Nov 20 2024 14:00:00 GMT+0000 (Greenwich Mean Time),0.0029,0.0771,0.0519,0
Wed Nov 20 2024 15:00:00 GMT+0000 (Greenwich Mean Time),0.0032,0.0771,0.0519,0
Wed Nov 20 2024 16:00:00 GMT+0000 (Greenwich Mean Time),0.0032,0.0771,0.0519,0
Wed Nov 20 2024 17:00:00 GMT+0000 (Greenwich Mean Time),0.0032,0.0771,0.0519,0
Wed Nov 20 2024 18:00:00 GMT+0000 (Greenwich Mean Time),0.0032,0.0771,0.0519,0
Wed Nov 20 2024 19:00:00 GMT+0000 (Greenwich Mean Time),0.0032,0.0771,0.0519,0
Wed Nov 20 2024 20:00:00 GMT+0000 (Greenwich Mean Time),0.0032,0.0771,0.0519,0
Wed Nov 20 2024 21:00:00 GMT+0000 (Greenwich Mean Time),0.0171,0.0792,0.052,45215.592388189674
Wed Nov 20 2024 22:00:00 GMT+0000 (Greenwich Mean Time),0.0171,0.0792,0.052,0
Wed Nov 20 2024 23:00:00 GMT+0000 (Greenwich Mean Time),0.017,0.0792,0.052,0
Thu Nov 21 2024 00:00:00 GMT+0000 (Greenwich Mean Time),0.017,0.0792,0.052,0
Thu Nov 21 2024 01:00:00 GMT+0000 (Greenwich Mean Time),0.017,0.0792,0.052,0
Thu Nov 21 2024 02:00:00 GMT+0000 (Greenwich Mean Time),0.017,0.0792,0.052,38808.97922364273
Thu Nov 21 2024 03:00:00 GMT+0000 (Greenwich Mean Time),0.017,0.0792,0.052,0
Thu Nov 21 2024 04:00:00 GMT+0000 (Greenwich Mean Time),0.0377,0.0823,0.052,0
Thu Nov 21 2024 05:00:00 GMT+0000 (Greenwich Mean Time),0.0378,0.0823,0.052,0
Thu Nov 21 2024 06:00:00 GMT+0000 (Greenwich Mean Time),0.0378,0.0823,0.052,0
Thu Nov 21 2024 07:00:00 GMT+0000 (Greenwich Mean Time),0.0377,0.0823,0.052,0
Thu Nov 21 2024 08:00:00 GMT+0000 (Greenwich Mean Time),0.0374,0.0823,0.052,3925.1482355639378
Thu Nov 21 2024 09:00:00 GMT+0000 (Greenwich Mean Time),0.0374,0.0823,0.0521,8943.974830111385
Thu Nov 21 2024 10:00:00 GMT+0000 (Greenwich Mean Time),0.0377,0.0823,0.0521,0
Thu Nov 21 2024 11:00:00 GMT+0000 (Greenwich Mean Time),0.0377,0.0822,0.0521,0
Thu Nov 21 2024 12:00:00 GMT+0000 (Greenwich Mean Time),0.0366,0.0822,0.0521,0
Thu Nov 21 2024 13:00:00 GMT+0000 (Greenwich Mean Time),0.0365,0.0822,0.0521,0
Thu Nov 21 2024 14:00:00 GMT+0000 (Greenwich Mean Time),0.0356,0.0822,0.0521,965.5181779716328
Thu Nov 21 2024 15:00:00 GMT+0000 (Greenwich Mean Time),0.0353,0.0822,0.0521,0
Thu Nov 21 2024 16:00:00 GMT+0000 (Greenwich Mean Time),0.0353,0.0822,0.0521,0
Thu Nov 21 2024 17:00:00 GMT+0000 (Greenwich Mean Time),0.0353,0.0822,0.0521,0
Thu Nov 21 2024 18:00:00 GMT+0000 (Greenwich Mean Time),0.0353,0.0822,0.0521,0
Thu Nov 21 2024 19:00:00 GMT+0000 (Greenwich Mean Time),0.0353,0.0822,0.0521,0
Thu Nov 21 2024 20:00:00 GMT+0000 (Greenwich Mean Time),0.0352,0.0822,0.0521,0
Thu Nov 21 2024 21:00:00 GMT+0000 (Greenwich Mean Time),0.0211,0.0822,0.0521,0
Thu Nov 21 2024 22:00:00 GMT+0000 (Greenwich Mean Time),0.0211,0.0822,0.0521,0
Thu Nov 21 2024 23:00:00 GMT+0000 (Greenwich Mean Time),0.0212,0.0822,0.0521,0
Fri Nov 22 2024 00:00:00 GMT+0000 (Greenwich Mean Time),0.0213,0.0822,0.0521,0
Fri Nov 22 2024 01:00:00 GMT+0000 (Greenwich Mean Time),0.0213,0.0822,0.0521,0
Fri Nov 22 2024 02:00:00 GMT+0000 (Greenwich Mean Time),0.0215,0.0822,0.0521,0
Fri Nov 22 2024 03:00:00 GMT+0000 (Greenwich Mean Time),0.0215,0.0822,0.0521,0
Fri Nov 22 2024 04:00:00 GMT+0000 (Greenwich Mean Time),0.0013,0.0822,0.0521,0
Fri Nov 22 2024 05:00:00 GMT+0000 (Greenwich Mean Time),0.0014,0.0823,0.0521,0
Fri Nov 22 2024 06:00:00 GMT+0000 (Greenwich Mean Time),0.0018,0.0823,0.0521,0
Fri Nov 22 2024 07:00:00 GMT+0000 (Greenwich Mean Time),0.0019,0.0823,0.0521,0
Fri Nov 22 2024 08:00:00 GMT+0000 (Greenwich Mean Time),0.0021,0.0823,0.0521,0
Fri Nov 22 2024 09:00:00 GMT+0000 (Greenwich Mean Time),0.002,0.0823,0.0521,0
Fri Nov 22 2024 10:00:00 GMT+0000 (Greenwich Mean Time),0.0018,0.0823,0.0521,0
Fri Nov 22 2024 11:00:00 GMT+0000 (Greenwich Mean Time),0.002,0.0823,0.0521,0
Fri Nov 22 2024 12:00:00 GMT+0000 (Greenwich Mean Time),0.0021,0.0823,0.0521,0
Fri Nov 22 2024 13:00:00 GMT+0000 (Greenwich Mean Time),0.0021,0.0823,0.0521,0
Fri Nov 22 2024 14:00:00 GMT+0000 (Greenwich Mean Time),0.0021,0.0823,0.0533,948144.2195428084
Fri Nov 22 2024 15:00:00 GMT+0000 (Greenwich Mean Time),0.0021,0.0823,0.0533,0
Fri Nov 22 2024 16:00:00 GMT+0000 (Greenwich Mean Time),0.0021,0.0823,0.0533,0
Fri Nov 22 2024 17:00:00 GMT+0000 (Greenwich Mean Time),0.0021,0.0823,0.0533,0
Fri Nov 22 2024 18:00:00 GMT+0000 (Greenwich Mean Time),0.0021,0.0823,0.0533,0
Fri Nov 22 2024 19:00:00 GMT+0000 (Greenwich Mean Time),0.0021,0.0823,0.0533,0
Fri Nov 22 2024 20:00:00 GMT+0000 (Greenwich Mean Time),0.0022,0.0823,0.0533,0
Fri Nov 22 2024 21:00:00 GMT+0000 (Greenwich Mean Time),0.0022,0.0823,0.0542,539591.1791226706
Fri Nov 22 2024 22:00:00 GMT+0000 (Greenwich Mean Time),0.0022,0.0823,0.0542,0
Fri Nov 22 2024 23:00:00 GMT+0000 (Greenwich Mean Time),0.0022,0.0823,0.0542,1018.4934645546039
Sat Nov 23 2024 00:00:00 GMT+0000 (Greenwich Mean Time),0.0021,0.0823,0.0542,0
Sat Nov 23 2024 01:00:00 GMT+0000 (Greenwich Mean Time),0.0021,0.0823,0.0542,2101.218906362724
Sat Nov 23 2024 02:00:00 GMT+0000 (Greenwich Mean Time),0.0019,0.0823,0.0542,3725.4784398874363
Sat Nov 23 2024 03:00:00 GMT+0000 (Greenwich Mean Time),0.0019,0.0823,0.0542,0
Sat Nov 23 2024 04:00:00 GMT+0000 (Greenwich Mean Time),0.0017,0.0823,0.0542,2027.6486918881474
Sat Nov 23 2024 05:00:00 GMT+0000 (Greenwich Mean Time),0.0016,0.0823,0.0542,0
Sat Nov 23 2024 06:00:00 GMT+0000 (Greenwich Mean Time),0.0038,0.0827,0.0542,0
Sat Nov 23 2024 07:00:00 GMT+0000 (Greenwich Mean Time),0.0042,0.0828,0.0542,0
Sat Nov 23 2024 08:00:00 GMT+0000 (Greenwich Mean Time),0.004,0.0828,0.0542,0
Sat Nov 23 2024 09:00:00 GMT+0000 (Greenwich Mean Time),0.004,0.0828,0.0542,14664.17369361992
Sat Nov 23 2024 10:00:00 GMT+0000 (Greenwich Mean Time),0.004,0.0828,0.0542,12535.18158728361
Sat Nov 23 2024 11:00:00 GMT+0000 (Greenwich Mean Time),0.0038,0.0828,0.0542,0
Sat Nov 23 2024 12:00:00 GMT+0000 (Greenwich Mean Time),0.0037,0.0828,0.0543,10455.163875531638
Sat Nov 23 2024 13:00:00 GMT+0000 (Greenwich Mean Time),0.0037,0.0827,0.0543,0
Sat Nov 23 2024 14:00:00 GMT+0000 (Greenwich Mean Time),0.0037,0.0827,0.0543,0
Sat Nov 23 2024 15:00:00 GMT+0000 (Greenwich Mean Time),0.0037,0.0827,0.0543,0
Sat Nov 23 2024 16:00:00 GMT+0000 (Greenwich Mean Time),0.0037,0.0827,0.0543,0
Sat Nov 23 2024 17:00:00 GMT+0000 (Greenwich Mean Time),0.0037,0.0827,0.0543,0
Sat Nov 23 2024 18:00:00 GMT+0000 (Greenwich Mean Time),0.0037,0.0827,0.0551,568141.6744475989
Sat Nov 23 2024 19:00:00 GMT+0000 (Greenwich Mean Time),0.0045,0.0828,0.0551,0
Sat Nov 23 2024 20:00:00 GMT+0000 (Greenwich Mean Time),0.0044,0.0828,0.0553,95647.45071790901
Sat Nov 23 2024 21:00:00 GMT+0000 (Greenwich Mean Time),0.0044,0.0828,0.0553,0
Sat Nov 23 2024 22:00:00 GMT+0000 (Greenwich Mean Time),0.0044,0.0828,0.0553,0
Sat Nov 23 2024 23:00:00 GMT+0000 (Greenwich Mean Time),0.0052,0.0829,0.0553,0
Sun Nov 24 2024 00:00:00 GMT+0000 (Greenwich Mean Time),0.0052,0.0829,0.0554,81330.20005885408
Sun Nov 24 2024 01:00:00 GMT+0000 (Greenwich Mean Time),0.0053,0.0829,0.0554,0
Sun Nov 24 2024 02:00:00 GMT+0000 (Greenwich Mean Time),0.0053,0.0829,0.0554,0
Sun Nov 24 2024 03:00:00 GMT+0000 (Greenwich Mean Time),0.0054,0.0829,0.0554,0
Sun Nov 24 2024 04:00:00 GMT+0000 (Greenwich Mean Time),0.0055,0.0829,0.0554,0
Sun Nov 24 2024 05:00:00 GMT+0000 (Greenwich Mean Time),0.0055,0.0828,0.0554,0
Sun Nov 24 2024 06:00:00 GMT+0000 (Greenwich Mean Time),0.0029,0.0828,0.0554,0
Sun Nov 24 2024 07:00:00 GMT+0000 (Greenwich Mean Time),0.003,0.0829,0.0554,0
Sun Nov 24 2024 08:00:00 GMT+0000 (Greenwich Mean Time),0.0071,0.0835,0.0554,0
Sun Nov 24 2024 09:00:00 GMT+0000 (Greenwich Mean Time),0.0072,0.0835,0.0554,0
Sun Nov 24 2024 10:00:00 GMT+0000 (Greenwich Mean Time),0.0072,0.0835,0.0554,3545.8047893202643
Sun Nov 24 2024 11:00:00 GMT+0000 (Greenwich Mean Time),0.0074,0.0835,0.0554,0
Sun Nov 24 2024 12:00:00 GMT+0000 (Greenwich Mean Time),0.0074,0.0835,0.0554,0
Sun Nov 24 2024 13:00:00 GMT+0000 (Greenwich Mean Time),0.0074,0.0834,0.0554,0
Sun Nov 24 2024 14:00:00 GMT+0000 (Greenwich Mean Time),0.0074,0.0835,0.0554,0
Sun Nov 24 2024 15:00:00 GMT+0000 (Greenwich Mean Time),0.0074,0.0834,0.0554,0
Sun Nov 24 2024 16:00:00 GMT+0000 (Greenwich Mean Time),0.0074,0.0834,0.0554,0
Sun Nov 24 2024 17:00:00 GMT+0000 (Greenwich Mean Time),0.0075,0.0834,0.0554,1079.97923706442
Sun Nov 24 2024 18:00:00 GMT+0000 (Greenwich Mean Time),0.0075,0.0834,0.0554,0
Sun Nov 24 2024 19:00:00 GMT+0000 (Greenwich Mean Time),0.0067,0.0834,0.0554,0
Sun Nov 24 2024 20:00:00 GMT+0000 (Greenwich Mean Time),0.0067,0.0834,0.0554,0
Sun Nov 24 2024 21:00:00 GMT+0000 (Greenwich Mean Time),0.0069,0.0834,0.0554,0
Sun Nov 24 2024 22:00:00 GMT+0000 (Greenwich Mean Time),0.0069,0.0834,0.0554,0
Sun Nov 24 2024 23:00:00 GMT+0000 (Greenwich Mean Time),0.0061,0.0833,0.0554,0
Mon Nov 25 2024 00:00:00 GMT+0000 (Greenwich Mean Time),0.0061,0.0833,0.0554,0
Mon Nov 25 2024 01:00:00 GMT+0000 (Greenwich Mean Time),0.006,0.0833,0.0554,0
Mon Nov 25 2024 02:00:00 GMT+0000 (Greenwich Mean Time),0.006,0.0833,0.0554,0
Mon Nov 25 2024 03:00:00 GMT+0000 (Greenwich Mean Time),0.0063,0.0417,0.0554,0
Mon Nov 25 2024 04:00:00 GMT+0000 (Greenwich Mean Time),0.0062,0.0095,0.0554,0
Mon Nov 25 2024 05:00:00 GMT+0000 (Greenwich Mean Time),0.007,0.0096,0.0554,0
Mon Nov 25 2024 06:00:00 GMT+0000 (Greenwich Mean Time),0.007,0.0096,0.0554,0
Mon Nov 25 2024 07:00:00 GMT+0000 (Greenwich Mean Time),0.0065,0.0096,0.0554,0
Mon Nov 25 2024 08:00:00 GMT+0000 (Greenwich Mean Time),0.0026,0.0096,0.0554,0
Mon Nov 25 2024 09:00:00 GMT+0000 (Greenwich Mean Time),0.0026,0.0096,0.0554,0
Mon Nov 25 2024 10:00:00 GMT+0000 (Greenwich Mean Time),0.0027,0.0096,0.0554,0
Mon Nov 25 2024 11:00:00 GMT+0000 (Greenwich Mean Time),0.0027,0.0096,0.0554,0
Mon Nov 25 2024 12:00:00 GMT+0000 (Greenwich Mean Time),0.0028,0.0096,0.0554,0
Mon Nov 25 2024 13:00:00 GMT+0000 (Greenwich Mean Time),0.0031,0.0095,0.0554,0
Mon Nov 25 2024 14:00:00 GMT+0000 (Greenwich Mean Time),0.0031,0.0095,0.0554,14622.613923686013
Mon Nov 25 2024 15:00:00 GMT+0000 (Greenwich Mean Time),0.0031,0.0095,0.0554,0
Mon Nov 25 2024 16:00:00 GMT+0000 (Greenwich Mean Time),0.0033,0.0095,0.0554,0
Mon Nov 25 2024 17:00:00 GMT+0000 (Greenwich Mean Time),0.0032,0.0095,0.0554,0
Mon Nov 25 2024 18:00:00 GMT+0000 (Greenwich Mean Time),0.0033,0.0095,0.0554,0
Mon Nov 25 2024 19:00:00 GMT+0000 (Greenwich Mean Time),0.0033,0.0095,0.0554,7898.779566548334
Mon Nov 25 2024 20:00:00 GMT+0000 (Greenwich Mean Time),0.0033,0.0095,0.0554,0
Mon Nov 25 2024 21:00:00 GMT+0000 (Greenwich Mean Time),0.0032,0.0095,0.052,3870424.181395013
Mon Nov 25 2024 22:00:00 GMT+0000 (Greenwich Mean Time),0.0032,0.0095,0.052,0
Mon Nov 25 2024 23:00:00 GMT+0000 (Greenwich Mean Time),0.0032,0.0095,0.052,0
Tue Nov 26 2024 00:00:00 GMT+0000 (Greenwich Mean Time),0.0033,0.0095,0.052,0
Tue Nov 26 2024 01:00:00 GMT+0000 (Greenwich Mean Time),0.0033,0.0095,0.052,0
Tue Nov 26 2024 02:00:00 GMT+0000 (Greenwich Mean Time),0.0033,0.0095,0.052,0
Tue Nov 26 2024 03:00:00 GMT+0000 (Greenwich Mean Time),0.0033,0.0096,0.052,7.193908208933654
Tue Nov 26 2024 04:00:00 GMT+0000 (Greenwich Mean Time),0.0032,0.0096,0.052,0
Tue Nov 26 2024 05:00:00 GMT+0000 (Greenwich Mean Time),0.0026,0.0096,0.052,0
Tue Nov 26 2024 06:00:00 GMT+0000 (Greenwich Mean Time),0.0026,0.0096,0.052,0
Tue Nov 26 2024 07:00:00 GMT+0000 (Greenwich Mean Time),0.0026,0.0096,0.052,0
Tue Nov 26 2024 08:00:00 GMT+0000 (Greenwich Mean Time),0.0024,0.0096,0.052,4947.736217514934
Tue Nov 26 2024 09:00:00 GMT+0000 (Greenwich Mean Time),0.0023,0.0095,0.052,0
Tue Nov 26 2024 10:00:00 GMT+0000 (Greenwich Mean Time),0.0022,0.0095,0.052,0
Tue Nov 26 2024 11:00:00 GMT+0000 (Greenwich Mean Time),0.0056,0.0088,0.052,0
Tue Nov 26 2024 12:00:00 GMT+0000 (Greenwich Mean Time),0.0055,0.0086,0.052,0
Tue Nov 26 2024 13:00:00 GMT+0000 (Greenwich Mean Time),0.0051,0.0085,0.052,0
Tue Nov 26 2024 14:00:00 GMT+0000 (Greenwich Mean Time),0.0051,0.0085,0.052,2703.15824814605
Tue Nov 26 2024 15:00:00 GMT+0000 (Greenwich Mean Time),0.0053,0.0085,0.052,0
Tue Nov 26 2024 16:00:00 GMT+0000 (Greenwich Mean Time),0.0051,0.0085,0.0519,88183.47440031497
Tue Nov 26 2024 17:00:00 GMT+0000 (Greenwich Mean Time),0.0057,0.0086,0.0519,0
Tue Nov 26 2024 18:00:00 GMT+0000 (Greenwich Mean Time),0.0056,0.0086,0.0519,0
Tue Nov 26 2024 19:00:00 GMT+0000 (Greenwich Mean Time),0.0056,0.0086,0.0519,0
Tue Nov 26 2024 20:00:00 GMT+0000 (Greenwich Mean Time),0.0056,0.0086,0.0519,0
Tue Nov 26 2024 21:00:00 GMT+0000 (Greenwich Mean Time),0.0056,0.0086,0.0519,0
Tue Nov 26 2024 22:00:00 GMT+0000 (Greenwich Mean Time),0.0055,0.0086,0.0519,0
Tue Nov 26 2024 23:00:00 GMT+0000 (Greenwich Mean Time),0.0055,0.0086,0.0519,4739.060030662608
Wed Nov 27 2024 00:00:00 GMT+0000 (Greenwich Mean Time),0.0055,0.0086,0.0519,0
Wed Nov 27 2024 01:00:00 GMT+0000 (Greenwich Mean Time),0.0054,0.0086,0.0519,0
Wed Nov 27 2024 02:00:00 GMT+0000 (Greenwich Mean Time),0.0054,0.0086,0.0527,485988.47541522334
Wed Nov 27 2024 03:00:00 GMT+0000 (Greenwich Mean Time),0.0051,0.0086,0.0529,308862.3314945906
Wed Nov 27 2024 04:00:00 GMT+0000 (Greenwich Mean Time),0.0052,0.0086,0.0529,0
Wed Nov 27 2024 05:00:00 GMT+0000 (Greenwich Mean Time),0.0051,0.0086,0.0529,0
Wed Nov 27 2024 06:00:00 GMT+0000 (Greenwich Mean Time),0.0049,0.0086,0.0529,0
Wed Nov 27 2024 07:00:00 GMT+0000 (Greenwich Mean Time),0.0052,0.0087,0.0529,0
Wed Nov 27 2024 08:00:00 GMT+0000 (Greenwich Mean Time),0.0078,0.009,0.0529,0
Wed Nov 27 2024 09:00:00 GMT+0000 (Greenwich Mean Time),0.0079,0.009,0.0529,1744.5364347587972
Wed Nov 27 2024 10:00:00 GMT+0000 (Greenwich Mean Time),0.0078,0.009,0.0529,0
Wed Nov 27 2024 11:00:00 GMT+0000 (Greenwich Mean Time),0.0043,0.009,0.0517,720837.3779310529
Wed Nov 27 2024 12:00:00 GMT+0000 (Greenwich Mean Time),0.0042,0.0088,0.0517,0
Wed Nov 27 2024 13:00:00 GMT+0000 (Greenwich Mean Time),0.0043,0.0088,0.0517,0
Wed Nov 27 2024 14:00:00 GMT+0000 (Greenwich Mean Time),0.0043,0.0087,0.0517,0
Wed Nov 27 2024 15:00:00 GMT+0000 (Greenwich Mean Time),0.0041,0.0087,0.0517,0
Wed Nov 27 2024 16:00:00 GMT+0000 (Greenwich Mean Time),0.0041,0.0087,0.0517,0
Wed Nov 27 2024 17:00:00 GMT+0000 (Greenwich Mean Time),0.0035,0.0087,0.0517,789.6179612225286
Wed Nov 27 2024 18:00:00 GMT+0000 (Greenwich Mean Time),0.0035,0.0087,0.0517,0
Wed Nov 27 2024 19:00:00 GMT+0000 (Greenwich Mean Time),0.0035,0.0087,0.0517,0
Wed Nov 27 2024 20:00:00 GMT+0000 (Greenwich Mean Time),0.0035,0.0087,0.0517,0
Wed Nov 27 2024 21:00:00 GMT+0000 (Greenwich Mean Time),0.0035,0.0067,0.0517,0
Wed Nov 27 2024 22:00:00 GMT+0000 (Greenwich Mean Time),0.0035,0.0067,0.0517,0
Wed Nov 27 2024 23:00:00 GMT+0000 (Greenwich Mean Time),0.0039,0.0067,0.0517,0
Thu Nov 28 2024 00:00:00 GMT+0000 (Greenwich Mean Time),0.0039,0.0067,0.0517,0
Thu Nov 28 2024 01:00:00 GMT+0000 (Greenwich Mean Time),0.0039,0.0067,0.0517,0
Thu Nov 28 2024 02:00:00 GMT+0000 (Greenwich Mean Time),0.0039,0.0067,0.0518,51725.34938018169
Thu Nov 28 2024 03:00:00 GMT+0000 (Greenwich Mean Time),0.0039,0.0067,0.0518,0
Thu Nov 28 2024 04:00:00 GMT+0000 (Greenwich Mean Time),0.0038,0.0038,0.0518,0
Thu Nov 28 2024 05:00:00 GMT+0000 (Greenwich Mean Time),0.0038,0.0038,0.0518,0
Thu Nov 28 2024 06:00:00 GMT+0000 (Greenwich Mean Time),0.0037,0.0038,0.0518,0
Thu Nov 28 2024 07:00:00 GMT+0000 (Greenwich Mean Time),0.0034,0.0038,0.0518,0
Thu Nov 28 2024 08:00:00 GMT+0000 (Greenwich Mean Time),0.0009,0.0038,0.0521,189632.07952349013
Thu Nov 28 2024 09:00:00 GMT+0000 (Greenwich Mean Time),0.0013,0.0039,0.0521,4815.283166770024
Thu Nov 28 2024 10:00:00 GMT+0000 (Greenwich Mean Time),0.0013,0.0039,0.0521,0
Thu Nov 28 2024 11:00:00 GMT+0000 (Greenwich Mean Time),0.0013,0.0039,0.0531,643130.7400095549
Thu Nov 28 2024 12:00:00 GMT+0000 (Greenwich Mean Time),0.0016,0.0039,0.0531,0
Thu Nov 28 2024 13:00:00 GMT+0000 (Greenwich Mean Time),0.0016,0.0039,0.0531,0
Thu Nov 28 2024 14:00:00 GMT+0000 (Greenwich Mean Time),0.0018,0.0039,0.0531,0
Thu Nov 28 2024 15:00:00 GMT+0000 (Greenwich Mean Time),0.0019,0.0039,0.0531,0
Thu Nov 28 2024 16:00:00 GMT+0000 (Greenwich Mean Time),0.0019,0.0039,0.0531,0
Thu Nov 28 2024 17:00:00 GMT+0000 (Greenwich Mean Time),0.002,0.004,0.0531,0
Thu Nov 28 2024 18:00:00 GMT+0000 (Greenwich Mean Time),0.0019,0.004,0.0531,0
Thu Nov 28 2024 19:00:00 GMT+0000 (Greenwich Mean Time),0.0019,0.004,0.0531,0
Thu Nov 28 2024 20:00:00 GMT+0000 (Greenwich Mean Time),0.002,0.004,0.0531,0
Thu Nov 28 2024 21:00:00 GMT+0000 (Greenwich Mean Time),0.002,0.004,0.0531,0
Thu Nov 28 2024 22:00:00 GMT+0000 (Greenwich Mean Time),0.0022,0.004,0.0531,0
Thu Nov 28 2024 23:00:00 GMT+0000 (Greenwich Mean Time),0.0018,0.004,0.0531,0
Fri Nov 29 2024 00:00:00 GMT+0000 (Greenwich Mean Time),0.0018,0.004,0.0531,0
Fri Nov 29 2024 01:00:00 GMT+0000 (Greenwich Mean Time),0.0018,0.004,0.0531,0
Fri Nov 29 2024 02:00:00 GMT+0000 (Greenwich Mean Time),0.0021,0.004,0.0531,9450.725158240686
Fri Nov 29 2024 03:00:00 GMT+0000 (Greenwich Mean Time),0.002,0.004,0.0531,0
Fri Nov 29 2024 04:00:00 GMT+0000 (Greenwich Mean Time),0.0021,0.004,0.0531,1714.4047360954744
Fri Nov 29 2024 05:00:00 GMT+0000 (Greenwich Mean Time),0.0023,0.004,0.0531,0
Fri Nov 29 2024 06:00:00 GMT+0000 (Greenwich Mean Time),0.0023,0.0039,0.0531,0
Fri Nov 29 2024 07:00:00 GMT+0000 (Greenwich Mean Time),0.0022,0.0039,0.0531,0
Fri Nov 29 2024 08:00:00 GMT+0000 (Greenwich Mean Time),0.0023,0.0039,0.0531,159.5289054661488
Fri Nov 29 2024 09:00:00 GMT+0000 (Greenwich Mean Time),0.0019,0.0039,0.0531,4736.5149406092205
Fri Nov 29 2024 10:00:00 GMT+0000 (Greenwich Mean Time),0.002,0.0039,0.0531,0
Fri Nov 29 2024 11:00:00 GMT+0000 (Greenwich Mean Time),0.002,0.0039,0.0531,0
Fri Nov 29 2024 12:00:00 GMT+0000 (Greenwich Mean Time),0.0091,0.0049,0.0531,0
Fri Nov 29 2024 13:00:00 GMT+0000 (Greenwich Mean Time),0.0091,0.0049,0.0531,0
Fri Nov 29 2024 14:00:00 GMT+0000 (Greenwich Mean Time),0.0089,0.0049,0.0531,216.02162219623884
Fri Nov 29 2024 15:00:00 GMT+0000 (Greenwich Mean Time),0.0091,0.0049,0.0531,343.4540879733052
Fri Nov 29 2024 16:00:00 GMT+0000 (Greenwich Mean Time),0.1381,0.0224,0.0531,0
Fri Nov 29 2024 17:00:00 GMT+0000 (Greenwich Mean Time),0.138,0.0224,0.0531,0
Fri Nov 29 2024 18:00:00 GMT+0000 (Greenwich Mean Time),0.138,0.0224,0.0531,0
Fri Nov 29 2024 19:00:00 GMT+0000 (Greenwich Mean Time),0.138,0.0224,0.0531,0
Fri Nov 29 2024 20:00:00 GMT+0000 (Greenwich Mean Time),0.1379,0.0223,0.0531,0
Fri Nov 29 2024 21:00:00 GMT+0000 (Greenwich Mean Time),0.1379,0.0224,0.0531,0
Fri Nov 29 2024 22:00:00 GMT+0000 (Greenwich Mean Time),0.1378,0.0224,0.0531,0
Fri Nov 29 2024 23:00:00 GMT+0000 (Greenwich Mean Time),0.1377,0.0223,0.0531,0
Sat Nov 30 2024 00:00:00 GMT+0000 (Greenwich Mean Time),0.1377,0.0223,0.0531,0
Sat Nov 30 2024 01:00:00 GMT+0000 (Greenwich Mean Time),0.1377,0.0223,0.0531,0
Sat Nov 30 2024 02:00:00 GMT+0000 (Greenwich Mean Time),0.1374,0.0223,0.0531,0
Sat Nov 30 2024 03:00:00 GMT+0000 (Greenwich Mean Time),0.1374,0.0223,0.0546,935766.4958335651
Sat Nov 30 2024 04:00:00 GMT+0000 (Greenwich Mean Time),0.1376,0.0224,0.0546,0
Sat Nov 30 2024 05:00:00 GMT+0000 (Greenwich Mean Time),0.1375,0.0224,0.0546,0
Sat Nov 30 2024 06:00:00 GMT+0000 (Greenwich Mean Time),0.1375,0.022,0.0546,11721.06986407865
Sat Nov 30 2024 07:00:00 GMT+0000 (Greenwich Mean Time),0.1375,0.0219,0.0546,586.7486254403235
Sat Nov 30 2024 08:00:00 GMT+0000 (Greenwich Mean Time),0.1375,0.0219,0.0546,0
Sat Nov 30 2024 09:00:00 GMT+0000 (Greenwich Mean Time),0.1374,0.0219,0.0546,0
Sat Nov 30 2024 10:00:00 GMT+0000 (Greenwich Mean Time),0.1373,0.0219,0.0546,0
Sat Nov 30 2024 11:00:00 GMT+0000 (Greenwich Mean Time),0.1373,0.0219,0.0546,0
Sat Nov 30 2024 12:00:00 GMT+0000 (Greenwich Mean Time),0.129,0.0219,0.0546,0
Sat Nov 30 2024 13:00:00 GMT+0000 (Greenwich Mean Time),0.129,0.0219,0.0546,0
Sat Nov 30 2024 14:00:00 GMT+0000 (Greenwich Mean Time),0.129,0.0219,0.0546,0
Sat Nov 30 2024 15:00:00 GMT+0000 (Greenwich Mean Time),0.1287,0.0219,0.0546,0
Sat Nov 30 2024 16:00:00 GMT+0000 (Greenwich Mean Time),0.001,0.022,0.0546,0
Sat Nov 30 2024 17:00:00 GMT+0000 (Greenwich Mean Time),0.0011,0.022,0.0546,0
Sat Nov 30 2024 18:00:00 GMT+0000 (Greenwich Mean Time),0.0014,0.022,0.0546,0
Sat Nov 30 2024 19:00:00 GMT+0000 (Greenwich Mean Time),0.0014,0.0219,0.0546,0
Sat Nov 30 2024 20:00:00 GMT+0000 (Greenwich Mean Time),0.0014,0.0219,0.0546,0
Sat Nov 30 2024 21:00:00 GMT+0000 (Greenwich Mean Time),0.0014,0.0219,0.0546,0
Sat Nov 30 2024 22:00:00 GMT+0000 (Greenwich Mean Time),0.0014,0.0219,0.0546,0
Sat Nov 30 2024 23:00:00 GMT+0000 (Greenwich Mean Time),0.0014,0.0218,0.0546,0
Sun Dec 01 2024 00:00:00 GMT+0000 (Greenwich Mean Time),0.0014,0.0218,0.0546,0
Sun Dec 01 2024 01:00:00 GMT+0000 (Greenwich Mean Time),0.0014,0.0218,0.0546,0
Sun Dec 01 2024 02:00:00 GMT+0000 (Greenwich Mean Time),0.0014,0.0218,0.0546,0
Sun Dec 01 2024 03:00:00 GMT+0000 (Greenwich Mean Time),0.0014,0.0218,0.0546,45840.42100190815
Sun Dec 01 2024 04:00:00 GMT+0000 (Greenwich Mean Time),0.0011,0.0217,0.0543,161448.38336822795
Sun Dec 01 2024 05:00:00 GMT+0000 (Greenwich Mean Time),0.0013,0.0218,0.0543,0
Sun Dec 01 2024 06:00:00 GMT+0000 (Greenwich Mean Time),0.0014,0.0218,0.0543,0
Sun Dec 01 2024 07:00:00 GMT+0000 (Greenwich Mean Time),0.0014,0.0217,0.0543,0
Sun Dec 01 2024 08:00:00 GMT+0000 (Greenwich Mean Time),0.0014,0.0211,0.0543,0
Sun Dec 01 2024 09:00:00 GMT+0000 (Greenwich Mean Time),0.0013,0.0211,0.0543,0
Sun Dec 01 2024 10:00:00 GMT+0000 (Greenwich Mean Time),0.0016,0.0211,0.0543,5378.900720540473
Sun Dec 01 2024 11:00:00 GMT+0000 (Greenwich Mean Time),0.0019,0.0211,0.0543,0
Sun Dec 01 2024 12:00:00 GMT+0000 (Greenwich Mean Time),0.0019,0.0211,0.0543,0
Sun Dec 01 2024 13:00:00 GMT+0000 (Greenwich Mean Time),0.0019,0.0211,0.0543,0
Sun Dec 01 2024 14:00:00 GMT+0000 (Greenwich Mean Time),0.0019,0.0211,0.0543,0
Sun Dec 01 2024 15:00:00 GMT+0000 (Greenwich Mean Time),0.0019,0.0211,0.0543,0
Sun Dec 01 2024 16:00:00 GMT+0000 (Greenwich Mean Time),0.0017,0.0211,0.0543,0
Sun Dec 01 2024 17:00:00 GMT+0000 (Greenwich Mean Time),0.0016,0.0211,0.0543,0
Sun Dec 01 2024 18:00:00 GMT+0000 (Greenwich Mean Time),0.0013,0.0211,0.0543,0
Sun Dec 01 2024 19:00:00 GMT+0000 (Greenwich Mean Time),0.0014,0.0211,0.0543,0
Sun Dec 01 2024 20:00:00 GMT+0000 (Greenwich Mean Time),0.0014,0.0211,0.0543,0
Sun Dec 01 2024 21:00:00 GMT+0000 (Greenwich Mean Time),0.0014,0.0211,0.0543,0
Sun Dec 01 2024 22:00:00 GMT+0000 (Greenwich Mean Time),0.0016,0.0211,0.0543,0
Sun Dec 01 2024 23:00:00 GMT+0000 (Greenwich Mean Time),0.0016,0.0211,0.0543,0
Mon Dec 02 2024 00:00:00 GMT+0000 (Greenwich Mean Time),0.0016,0.0211,0.0543,0
Mon Dec 02 2024 01:00:00 GMT+0000 (Greenwich Mean Time),0.0016,0.0211,0.0543,0
Mon Dec 02 2024 02:00:00 GMT+0000 (Greenwich Mean Time),0.0016,0.0211,0.0543,0
Mon Dec 02 2024 03:00:00 GMT+0000 (Greenwich Mean Time),0.0016,0.0211,0.0543,0
Mon Dec 02 2024 04:00:00 GMT+0000 (Greenwich Mean Time),0.0016,0.0211,0.0543,0
Mon Dec 02 2024 05:00:00 GMT+0000 (Greenwich Mean Time),0.0013,0.021,0.0543,0
Mon Dec 02 2024 06:00:00 GMT+0000 (Greenwich Mean Time),0.0012,0.0209,0.0543,0
Mon Dec 02 2024 07:00:00 GMT+0000 (Greenwich Mean Time),0.0023,0.0211,0.0543,0
Mon Dec 02 2024 08:00:00 GMT+0000 (Greenwich Mean Time),0.0024,0.0211,0.0543,0
Mon Dec 02 2024 09:00:00 GMT+0000 (Greenwich Mean Time),0.0024,0.021,0.0543,0
Mon Dec 02 2024 10:00:00 GMT+0000 (Greenwich Mean Time),0.0021,0.021,0.0543,0
Mon Dec 02 2024 11:00:00 GMT+0000 (Greenwich Mean Time),0.0018,0.021,0.0543,0
Mon Dec 02 2024 12:00:00 GMT+0000 (Greenwich Mean Time),0.0018,0.021,0.0543,0
Mon Dec 02 2024 13:00:00 GMT+0000 (Greenwich Mean Time),0.0017,0.0209,0.0543,0
Mon Dec 02 2024 14:00:00 GMT+0000 (Greenwich Mean Time),0.0017,0.0209,0.0543,0
Mon Dec 02 2024 15:00:00 GMT+0000 (Greenwich Mean Time),0.002,0.021,0.0543,0
Mon Dec 02 2024 16:00:00 GMT+0000 (Greenwich Mean Time),0.002,0.0209,0.0543,0
Mon Dec 02 2024 17:00:00 GMT+0000 (Greenwich Mean Time),0.002,0.0209,0.0543,0
Mon Dec 02 2024 18:00:00 GMT+0000 (Greenwich Mean Time),0.002,0.0209,0.0543,0
Mon Dec 02 2024 19:00:00 GMT+0000 (Greenwich Mean Time),0.0019,0.0209,0.0543,0
Mon Dec 02 2024 20:00:00 GMT+0000 (Greenwich Mean Time),0.0019,0.0209,0.0543,0
Mon Dec 02 2024 21:00:00 GMT+0000 (Greenwich Mean Time),0.002,0.0209,0.0543,0
Mon Dec 02 2024 22:00:00 GMT+0000 (Greenwich Mean Time),0.0017,0.0209,0.0543,0
Mon Dec 02 2024 23:00:00 GMT+0000 (Greenwich Mean Time),0.0017,0.0209,0.0543,0
Tue Dec 03 2024 00:00:00 GMT+0000 (Greenwich Mean Time),0.0018,0.0209,0.0543,0
Tue Dec 03 2024 01:00:00 GMT+0000 (Greenwich Mean Time),0.002,0.021,0.0543,0
Tue Dec 03 2024 02:00:00 GMT+0000 (Greenwich Mean Time),0.002,0.0209,0.0543,0
Tue Dec 03 2024 03:00:00 GMT+0000 (Greenwich Mean Time),0.002,0.0209,0.0543,0
Tue Dec 03 2024 04:00:00 GMT+0000 (Greenwich Mean Time),0.002,0.0209,0.0543,0
Tue Dec 03 2024 05:00:00 GMT+0000 (Greenwich Mean Time),0.002,0.0209,0.0543,0
Tue Dec 03 2024 06:00:00 GMT+0000 (Greenwich Mean Time),0.002,0.0208,0.0543,0
Tue Dec 03 2024 07:00:00 GMT+0000 (Greenwich Mean Time),0.0009,0.0208,0.0543,0
Tue Dec 03 2024 08:00:00 GMT+0000 (Greenwich Mean Time),0.0009,0.0208,0.0543,0
Tue Dec 03 2024 09:00:00 GMT+0000 (Greenwich Mean Time),0.0008,0.0208,0.0543,0
Tue Dec 03 2024 10:00:00 GMT+0000 (Greenwich Mean Time),0.0009,0.0208,0.0543,0
Tue Dec 03 2024 11:00:00 GMT+0000 (Greenwich Mean Time),0.0012,0.0204,0.0543,0
Tue Dec 03 2024 12:00:00 GMT+0000 (Greenwich Mean Time),0.0012,0.0204,0.0543,0
Tue Dec 03 2024 13:00:00 GMT+0000 (Greenwich Mean Time),0.0012,0.0204,0.0543,0
Tue Dec 03 2024 14:00:00 GMT+0000 (Greenwich Mean Time),0.0012,0.0204,0.0543,0
Tue Dec 03 2024 15:00:00 GMT+0000 (Greenwich Mean Time),0.0009,0.0203,0.0543,0
Tue Dec 03 2024 16:00:00 GMT+0000 (Greenwich Mean Time),0.0009,0.0203,0.0543,0
Tue Dec 03 2024 17:00:00 GMT+0000 (Greenwich Mean Time),0.0009,0.0202,0.0543,0
Tue Dec 03 2024 18:00:00 GMT+0000 (Greenwich Mean Time),0.0009,0.0202,0.0543,0
Tue Dec 03 2024 19:00:00 GMT+0000 (Greenwich Mean Time),0.0009,0.0202,0.0543,0
Tue Dec 03 2024 20:00:00 GMT+0000 (Greenwich Mean Time),0.0009,0.0202,0.0543,0
Tue Dec 03 2024 21:00:00 GMT+0000 (Greenwich Mean Time),0.0008,0.0202,0.0543,0
Tue Dec 03 2024 22:00:00 GMT+0000 (Greenwich Mean Time),0.0008,0.0202,0.0543,0
Tue Dec 03 2024 23:00:00 GMT+0000 (Greenwich Mean Time),0.0008,0.0202,0.0543,0
Wed Dec 04 2024 00:00:00 GMT+0000 (Greenwich Mean Time),0.0007,0.0202,0.0543,0
Wed Dec 04 2024 01:00:00 GMT+0000 (Greenwich Mean Time),0.0005,0.0202,0.0543,0
Wed Dec 04 2024 02:00:00 GMT+0000 (Greenwich Mean Time),0.0005,0.0202,0.0543,0
Wed Dec 04 2024 03:00:00 GMT+0000 (Greenwich Mean Time),0.0006,0.0202,0.0543,0
Wed Dec 04 2024 04:00:00 GMT+0000 (Greenwich Mean Time),0.0006,0.0202,0.0543,0
Wed Dec 04 2024 05:00:00 GMT+0000 (Greenwich Mean Time),0.0006,0.0202,0.0543,0
Wed Dec 04 2024 06:00:00 GMT+0000 (Greenwich Mean Time),0.0006,0.0202,0.0543,0
Wed Dec 04 2024 07:00:00 GMT+0000 (Greenwich Mean Time),0.0006,0.0202,0.0543,0
Wed Dec 04 2024 08:00:00 GMT+0000 (Greenwich Mean Time),0.0007,0.0198,0.0543,0
Wed Dec 04 2024 09:00:00 GMT+0000 (Greenwich Mean Time),0.0007,0.0198,0.0543,0
Wed Dec 04 2024 10:00:00 GMT+0000 (Greenwich Mean Time),0.0007,0.0198,0.0543,0
Wed Dec 04 2024 11:00:00 GMT+0000 (Greenwich Mean Time),0.0007,0.0198,0.0517,2456549.75471146
Wed Dec 04 2024 12:00:00 GMT+0000 (Greenwich Mean Time),0.0007,0.0198,0.0517,0
Wed Dec 04 2024 13:00:00 GMT+0000 (Greenwich Mean Time),0.0008,0.0199,0.0517,0
Wed Dec 04 2024 14:00:00 GMT+0000 (Greenwich Mean Time),0.0009,0.0199,0.0517,0
Wed Dec 04 2024 15:00:00 GMT+0000 (Greenwich Mean Time),0.0012,0.0199,0.0517,14112.948623892104
Wed Dec 04 2024 16:00:00 GMT+0000 (Greenwich Mean Time),0.0016,0.02,0.0517,0
Wed Dec 04 2024 17:00:00 GMT+0000 (Greenwich Mean Time),0.0015,0.02,0.0517,0
Wed Dec 04 2024 18:00:00 GMT+0000 (Greenwich Mean Time),0.0015,0.02,0.0517,0
Wed Dec 04 2024 19:00:00 GMT+0000 (Greenwich Mean Time),0.0016,0.02,0.0517,0
Wed Dec 04 2024 20:00:00 GMT+0000 (Greenwich Mean Time),0.0016,0.02,0.0517,0
Wed Dec 04 2024 21:00:00 GMT+0000 (Greenwich Mean Time),0.0016,0.02,0.0517,0
Wed Dec 04 2024 22:00:00 GMT+0000 (Greenwich Mean Time),0.0016,0.02,0.0517,0
Wed Dec 04 2024 23:00:00 GMT+0000 (Greenwich Mean Time),0.0016,0.0199,0.0517,0
Thu Dec 05 2024 00:00:00 GMT+0000 (Greenwich Mean Time),0.0016,0.0199,0.0517,0
Thu Dec 05 2024 01:00:00 GMT+0000 (Greenwich Mean Time),0.0016,0.0199,0.0517,0
Thu Dec 05 2024 02:00:00 GMT+0000 (Greenwich Mean Time),0.0016,0.0199,0.0517,0
Thu Dec 05 2024 03:00:00 GMT+0000 (Greenwich Mean Time),0.0016,0.0199,0.0517,0
Thu Dec 05 2024 04:00:00 GMT+0000 (Greenwich Mean Time),0.0016,0.0199,0.0517,0
Thu Dec 05 2024 05:00:00 GMT+0000 (Greenwich Mean Time),0.0016,0.0199,0.0517,0
Thu Dec 05 2024 06:00:00 GMT+0000 (Greenwich Mean Time),0.0016,0.0199,0.0517,0
Thu Dec 05 2024 07:00:00 GMT+0000 (Greenwich Mean Time),0.0016,0.0199,0.0517,0
Thu Dec 05 2024 08:00:00 GMT+0000 (Greenwich Mean Time),0.0015,0.0199,0.0517,0
Thu Dec 05 2024 09:00:00 GMT+0000 (Greenwich Mean Time),0.0015,0.0198,0.0517,0
Thu Dec 05 2024 10:00:00 GMT+0000 (Greenwich Mean Time),0.0015,0.0198,0.0517,0
Thu Dec 05 2024 11:00:00 GMT+0000 (Greenwich Mean Time),0.0016,0.0199,0.0523,364918.40543021564
Thu Dec 05 2024 12:00:00 GMT+0000 (Greenwich Mean Time),0.0016,0.0198,0.0523,0
Thu Dec 05 2024 13:00:00 GMT+0000 (Greenwich Mean Time),0.0015,0.0198,0.0523,0
Thu Dec 05 2024 14:00:00 GMT+0000 (Greenwich Mean Time),0.0015,0.0198,0.0523,0
Thu Dec 05 2024 15:00:00 GMT+0000 (Greenwich Mean Time),0.0011,0.0198,0.0523,0
Thu Dec 05 2024 16:00:00 GMT+0000 (Greenwich Mean Time),0.0007,0.0198,0.0523,0
Thu Dec 05 2024 17:00:00 GMT+0000 (Greenwich Mean Time),0.0007,0.0198,0.0523,0
Thu Dec 05 2024 18:00:00 GMT+0000 (Greenwich Mean Time),0.0007,0.0198,0.0523,0
Thu Dec 05 2024 19:00:00 GMT+0000 (Greenwich Mean Time),0.0007,0.0198,0.0523,0
Thu Dec 05 2024 20:00:00 GMT+0000 (Greenwich Mean Time),0.0007,0.0198,0.0502,1312774.1089536082
Thu Dec 05 2024 21:00:00 GMT+0000 (Greenwich Mean Time),0.0007,0.0198,0.0502,0
Thu Dec 05 2024 22:00:00 GMT+0000 (Greenwich Mean Time),0.0009,0.0198,0.0502,0
Thu Dec 05 2024 23:00:00 GMT+0000 (Greenwich Mean Time),0.0009,0.0198,0.0502,0
Fri Dec 06 2024 00:00:00 GMT+0000 (Greenwich Mean Time),0.0009,0.0198,0.0502,0
Fri Dec 06 2024 01:00:00 GMT+0000 (Greenwich Mean Time),0.0009,0.0198,0.0502,0
Fri Dec 06 2024 02:00:00 GMT+0000 (Greenwich Mean Time),0.0009,0.0197,0.0502,0
Fri Dec 06 2024 03:00:00 GMT+0000 (Greenwich Mean Time),0.0009,0.0197,0.0502,0
Fri Dec 06 2024 04:00:00 GMT+0000 (Greenwich Mean Time),0.001,0.0197,0.0502,0
Fri Dec 06 2024 05:00:00 GMT+0000 (Greenwich Mean Time),0.0011,0.0197,0.0502,0
Fri Dec 06 2024 06:00:00 GMT+0000 (Greenwich Mean Time),0.0011,0.0197,0.0502,478.4486657505706
Fri Dec 06 2024 07:00:00 GMT+0000 (Greenwich Mean Time),0.0011,0.0197,0.0502,0
Fri Dec 06 2024 08:00:00 GMT+0000 (Greenwich Mean Time),0.0011,0.0197,0.0502,0
Fri Dec 06 2024 09:00:00 GMT+0000 (Greenwich Mean Time),0.0011,0.0197,0.0502,0
Fri Dec 06 2024 10:00:00 GMT+0000 (Greenwich Mean Time),0.0011,0.0197,0.0502,0
Fri Dec 06 2024 11:00:00 GMT+0000 (Greenwich Mean Time),0.0007,0.0186,0.0502,0
Fri Dec 06 2024 12:00:00 GMT+0000 (Greenwich Mean Time),0.0007,0.0186,0.0502,0
Fri Dec 06 2024 13:00:00 GMT+0000 (Greenwich Mean Time),0.0007,0.0186,0.0502,0
Fri Dec 06 2024 14:00:00 GMT+0000 (Greenwich Mean Time),0.0009,0.0186,0.0502,0
Fri Dec 06 2024 15:00:00 GMT+0000 (Greenwich Mean Time),0.0009,0.0186,0.0502,0
Fri Dec 06 2024 16:00:00 GMT+0000 (Greenwich Mean Time),0.001,0.0013,0.0502,0
Fri Dec 06 2024 17:00:00 GMT+0000 (Greenwich Mean Time),0.6204,0.0726,0.0502,0
Fri Dec 06 2024 18:00:00 GMT+0000 (Greenwich Mean Time),0.6205,0.0726,0.0502,0
Fri Dec 06 2024 19:00:00 GMT+0000 (Greenwich Mean Time),0.6211,0.0727,0.0502,0
Fri Dec 06 2024 20:00:00 GMT+0000 (Greenwich Mean Time),0.6211,0.0727,0.0502,0
Fri Dec 06 2024 21:00:00 GMT+0000 (Greenwich Mean Time),0.621,0.0726,0.0497,874662.9191195845
Fri Dec 06 2024 22:00:00 GMT+0000 (Greenwich Mean Time),0.6207,0.0727,0.0497,0
Fri Dec 06 2024 23:00:00 GMT+0000 (Greenwich Mean Time),0.6208,0.0727,0.0509,3995987.546276096
Sat Dec 07 2024 00:00:00 GMT+0000 (Greenwich Mean Time),0.6208,0.0727,0.0498,780919.5830970343
Sat Dec 07 2024 01:00:00 GMT+0000 (Greenwich Mean Time),0.6208,0.0727,0.0503,384812.58463704924
Sat Dec 07 2024 02:00:00 GMT+0000 (Greenwich Mean Time),0.6211,0.0727,0.0503,0
Sat Dec 07 2024 03:00:00 GMT+0000 (Greenwich Mean Time),0.6211,0.0727,0.0503,0
Sat Dec 07 2024 04:00:00 GMT+0000 (Greenwich Mean Time),0.6211,0.0727,0.0503,1301.94094988206
Sat Dec 07 2024 05:00:00 GMT+0000 (Greenwich Mean Time),0.6209,0.0726,0.0503,0
Sat Dec 07 2024 06:00:00 GMT+0000 (Greenwich Mean Time),0.6208,0.0726,0.0503,0
Sat Dec 07 2024 07:00:00 GMT+0000 (Greenwich Mean Time),0.6209,0.0727,0.0503,2402250.111571693
Sat Dec 07 2024 08:00:00 GMT+0000 (Greenwich Mean Time),0.621,0.0727,0.0552,2867649.3143372727
Sat Dec 07 2024 09:00:00 GMT+0000 (Greenwich Mean Time),0.6209,0.0726,0.0552,0
Sat Dec 07 2024 10:00:00 GMT+0000 (Greenwich Mean Time),0.6211,0.0727,0.0552,0
Sat Dec 07 2024 11:00:00 GMT+0000 (Greenwich Mean Time),0.6211,0.0727,0.0552,846050.2934596546
Sat Dec 07 2024 12:00:00 GMT+0000 (Greenwich Mean Time),0.6212,0.0727,0.0552,0
Sat Dec 07 2024 13:00:00 GMT+0000 (Greenwich Mean Time),0.6214,0.0727,0.0554,140843.40373288284
Sat Dec 07 2024 14:00:00 GMT+0000 (Greenwich Mean Time),0.6213,0.0727,0.0554,0
Sat Dec 07 2024 15:00:00 GMT+0000 (Greenwich Mean Time),0.6458,0.075,0.0556,143381.02843719965
Sat Dec 07 2024 16:00:00 GMT+0000 (Greenwich Mean Time),0.6459,0.075,0.0556,0
Sat Dec 07 2024 17:00:00 GMT+0000 (Greenwich Mean Time),0.0167,0.075,0.0556,0
Sat Dec 07 2024 18:00:00 GMT+0000 (Greenwich Mean Time),0.0174,0.075,0.0556,0
Sat Dec 07 2024 19:00:00 GMT+0000 (Greenwich Mean Time),0.017,0.075,0.0556,0
Sat Dec 07 2024 20:00:00 GMT+0000 (Greenwich Mean Time),0.017,0.075,0.0556,0
Sat Dec 07 2024 21:00:00 GMT+0000 (Greenwich Mean Time),0.017,0.075,0.0556,0
Sat Dec 07 2024 22:00:00 GMT+0000 (Greenwich Mean Time),0.017,0.075,0.0555,62613.85243989223
Sat Dec 07 2024 23:00:00 GMT+0000 (Greenwich Mean Time),0.017,0.075,0.0555,13881.114428573155
Sun Dec 08 2024 00:00:00 GMT+0000 (Greenwich Mean Time),0.017,0.075,0.0555,0
Sun Dec 08 2024 01:00:00 GMT+0000 (Greenwich Mean Time),0.0171,0.0751,0.0555,2028.5167697100753
Sun Dec 08 2024 02:00:00 GMT+0000 (Greenwich Mean Time),0.017,0.0751,0.0555,302939.2992768186
Sun Dec 08 2024 03:00:00 GMT+0000 (Greenwich Mean Time),0.017,0.0751,0.0555,446.9044643037692
Sun Dec 08 2024 04:00:00 GMT+0000 (Greenwich Mean Time),0.017,0.0751,0.0555,0
Sun Dec 08 2024 05:00:00 GMT+0000 (Greenwich Mean Time),0.017,0.075,0.0555,0
Sun Dec 08 2024 06:00:00 GMT+0000 (Greenwich Mean Time),0.0171,0.075,0.0555,0
Sun Dec 08 2024 07:00:00 GMT+0000 (Greenwich Mean Time),0.0171,0.075,0.0555,84100.95340252848
Sun Dec 08 2024 08:00:00 GMT+0000 (Greenwich Mean Time),0.0179,0.0752,0.0555,15965.36444448024
Sun Dec 08 2024 09:00:00 GMT+0000 (Greenwich Mean Time),0.018,0.0752,0.0555,1128.7798533949788
Sun Dec 08 2024 10:00:00 GMT+0000 (Greenwich Mean Time),0.0185,0.0752,0.0555,0
Sun Dec 08 2024 11:00:00 GMT+0000 (Greenwich Mean Time),0.0184,0.0752,0.0555,0
Sun Dec 08 2024 12:00:00 GMT+0000 (Greenwich Mean Time),0.0184,0.0752,0.0555,0
Sun Dec 08 2024 13:00:00 GMT+0000 (Greenwich Mean Time),0.0188,0.0753,0.0555,0
Sun Dec 08 2024 14:00:00 GMT+0000 (Greenwich Mean Time),0.0188,0.0753,0.0555,0
Sun Dec 08 2024 15:00:00 GMT+0000 (Greenwich Mean Time),0.0038,0.0753,0.0555,0
Sun Dec 08 2024 16:00:00 GMT+0000 (Greenwich Mean Time),0.0037,0.0753,0.0555,0
Sun Dec 08 2024 17:00:00 GMT+0000 (Greenwich Mean Time),0.0038,0.0753,0.0555,0
Sun Dec 08 2024 18:00:00 GMT+0000 (Greenwich Mean Time),0.0031,0.0753,0.0555,8670.565668278368
Sun Dec 08 2024 19:00:00 GMT+0000 (Greenwich Mean Time),0.0032,0.0753,0.0555,0
Sun Dec 08 2024 20:00:00 GMT+0000 (Greenwich Mean Time),0.0032,0.0753,0.0555,0
Sun Dec 08 2024 21:00:00 GMT+0000 (Greenwich Mean Time),0.0032,0.0753,0.0555,0
Sun Dec 08 2024 22:00:00 GMT+0000 (Greenwich Mean Time),0.0032,0.0753,0.0555,248.90822580093288
Sun Dec 08 2024 23:00:00 GMT+0000 (Greenwich Mean Time),0.0032,0.0753,0.0525,2105494.874501937
Mon Dec 09 2024 00:00:00 GMT+0000 (Greenwich Mean Time),0.0031,0.0753,0.0525,0
Mon Dec 09 2024 01:00:00 GMT+0000 (Greenwich Mean Time),0.0034,0.0753,0.0525,6263.712193936307
Mon Dec 09 2024 02:00:00 GMT+0000 (Greenwich Mean Time),0.0035,0.0754,0.0525,0
Mon Dec 09 2024 03:00:00 GMT+0000 (Greenwich Mean Time),0.0035,0.0754,0.0525,0
Mon Dec 09 2024 04:00:00 GMT+0000 (Greenwich Mean Time),0.0034,0.0754,0.0525,0
Mon Dec 09 2024 05:00:00 GMT+0000 (Greenwich Mean Time),0.0035,0.0754,0.0525,0
Mon Dec 09 2024 06:00:00 GMT+0000 (Greenwich Mean Time),0.0034,0.0754,0.0525,0
Mon Dec 09 2024 07:00:00 GMT+0000 (Greenwich Mean Time),0.0033,0.0752,0.0525,0
Mon Dec 09 2024 08:00:00 GMT+0000 (Greenwich Mean Time),0.0025,0.0752,0.0525,451.72328475545396
Mon Dec 09 2024 09:00:00 GMT+0000 (Greenwich Mean Time),0.0024,0.0752,0.0525,568.6241980002158
Mon Dec 09 2024 10:00:00 GMT+0000 (Greenwich Mean Time),0.0019,0.0752,0.0525,0
Mon Dec 09 2024 11:00:00 GMT+0000 (Greenwich Mean Time),0.0019,0.0752,0.0525,0
Mon Dec 09 2024 12:00:00 GMT+0000 (Greenwich Mean Time),0.0019,0.0752,0.0525,0
Mon Dec 09 2024 13:00:00 GMT+0000 (Greenwich Mean Time),0.0013,0.0752,0.0525,0
Mon Dec 09 2024 14:00:00 GMT+0000 (Greenwich Mean Time),0.0015,0.0752,0.0525,0
Mon Dec 09 2024 15:00:00 GMT+0000 (Greenwich Mean Time),0.0017,0.0752,0.0525,0
Mon Dec 09 2024 16:00:00 GMT+0000 (Greenwich Mean Time),0.0016,0.0752,0.0525,0
Mon Dec 09 2024 17:00:00 GMT+0000 (Greenwich Mean Time),0.0015,0.0752,0.0525,0
Mon Dec 09 2024 18:00:00 GMT+0000 (Greenwich Mean Time),0.0015,0.0752,0.0525,0
Mon Dec 09 2024 19:00:00 GMT+0000 (Greenwich Mean Time),0.0016,0.0753,0.0525,0
Mon Dec 09 2024 20:00:00 GMT+0000 (Greenwich Mean Time),0.0017,0.0753,0.0525,0
Mon Dec 09 2024 21:00:00 GMT+0000 (Greenwich Mean Time),0.0017,0.0753,0.0525,0
Mon Dec 09 2024 22:00:00 GMT+0000 (Greenwich Mean Time),0.0017,0.0753,0.0525,0
Mon Dec 09 2024 23:00:00 GMT+0000 (Greenwich Mean Time),0.0017,0.0753,0.0525,0
Tue Dec 10 2024 00:00:00 GMT+0000 (Greenwich Mean Time),0.0017,0.0752,0.0512,863572.023611697
Tue Dec 10 2024 01:00:00 GMT+0000 (Greenwich Mean Time),0.0013,0.0752,0.0512,0
Tue Dec 10 2024 02:00:00 GMT+0000 (Greenwich Mean Time),0.0011,0.0752,0.0512,0
Tue Dec 10 2024 03:00:00 GMT+0000 (Greenwich Mean Time),0.0011,0.0752,0.0512,0
Tue Dec 10 2024 04:00:00 GMT+0000 (Greenwich Mean Time),0.0011,0.0752,0.0512,0
Tue Dec 10 2024 05:00:00 GMT+0000 (Greenwich Mean Time),0.001,0.0752,0.0512,0
Tue Dec 10 2024 06:00:00 GMT+0000 (Greenwich Mean Time),0.001,0.0752,0.0512,0
Tue Dec 10 2024 07:00:00 GMT+0000 (Greenwich Mean Time),0.001,0.0752,0.0512,0
Tue Dec 10 2024 08:00:00 GMT+0000 (Greenwich Mean Time),0.001,0.0752,0.0505,443813.3519067916
Tue Dec 10 2024 09:00:00 GMT+0000 (Greenwich Mean Time),0.001,0.0752,0.0505,0
Tue Dec 10 2024 10:00:00 GMT+0000 (Greenwich Mean Time),0.001,0.0752,0.0505,0
Tue Dec 10 2024 11:00:00 GMT+0000 (Greenwich Mean Time),0.001,0.0752,0.0505,0
Tue Dec 10 2024 12:00:00 GMT+0000 (Greenwich Mean Time),0.0009,0.0751,0.0505,0
Tue Dec 10 2024 13:00:00 GMT+0000 (Greenwich Mean Time),0.0009,0.0751,0.0505,0
Tue Dec 10 2024 14:00:00 GMT+0000 (Greenwich Mean Time),0.0006,0.0751,0.0505,0
Tue Dec 10 2024 15:00:00 GMT+0000 (Greenwich Mean Time),0.0003,0.0751,0.0505,0
Tue Dec 10 2024 16:00:00 GMT+0000 (Greenwich Mean Time),0.0003,0.0751,0.0505,0
Tue Dec 10 2024 17:00:00 GMT+0000 (Greenwich Mean Time),0.0003,0.0751,0.0505,0
Tue Dec 10 2024 18:00:00 GMT+0000 (Greenwich Mean Time),0.0003,0.0751,0.0505,0
Tue Dec 10 2024 19:00:00 GMT+0000 (Greenwich Mean Time),0.0001,0.0751,0.0505,0
Tue Dec 10 2024 20:00:00 GMT+0000 (Greenwich Mean Time),0.0001,0.0751,0.0505,0
Tue Dec 10 2024 21:00:00 GMT+0000 (Greenwich Mean Time),0.0001,0.0751,0.0505,0
Tue Dec 10 2024 22:00:00 GMT+0000 (Greenwich Mean Time),0.0001,0.0751,0.0505,0
Tue Dec 10 2024 23:00:00 GMT+0000 (Greenwich Mean Time),0,0.0751,0.0505,0
Wed Dec 11 2024 00:00:00 GMT+0000 (Greenwich Mean Time),0,0.0751,0.0505,0
Wed Dec 11 2024 01:00:00 GMT+0000 (Greenwich Mean Time),0,0.0751,0.0505,0
Wed Dec 11 2024 02:00:00 GMT+0000 (Greenwich Mean Time),0,0.0751,0.0505,0
Wed Dec 11 2024 03:00:00 GMT+0000 (Greenwich Mean Time),0,0.0751,0.0505,0
Wed Dec 11 2024 04:00:00 GMT+0000 (Greenwich Mean Time),0,0.0751,0.0505,0
Wed Dec 11 2024 05:00:00 GMT+0000 (Greenwich Mean Time),0,0.0751,0.0505,0
Wed Dec 11 2024 06:00:00 GMT+0000 (Greenwich Mean Time),0,0.0751,0.0505,0
Wed Dec 11 2024 07:00:00 GMT+0000 (Greenwich Mean Time),0,0.0751,0.0505,0
Wed Dec 11 2024 08:00:00 GMT+0000 (Greenwich Mean Time),0,0.0751,0.0505,0
Wed Dec 11 2024 09:00:00 GMT+0000 (Greenwich Mean Time),0.1111,0.0914,0.0505,0
Wed Dec 11 2024 10:00:00 GMT+0000 (Greenwich Mean Time),0.1135,0.0917,0.0507,158934.9949975573
Wed Dec 11 2024 11:00:00 GMT+0000 (Greenwich Mean Time),0.1135,0.0917,0.0531,1468765.4368264196
Wed Dec 11 2024 12:00:00 GMT+0000 (Greenwich Mean Time),0.114,0.0917,0.0531,0
Wed Dec 11 2024 13:00:00 GMT+0000 (Greenwich Mean Time),0.114,0.0917,0.0531,0
Wed Dec 11 2024 14:00:00 GMT+0000 (Greenwich Mean Time),0.114,0.0917,0.0531,0
Wed Dec 11 2024 15:00:00 GMT+0000 (Greenwich Mean Time),0.114,0.0917,0.0537,449580.985693952
Wed Dec 11 2024 16:00:00 GMT+0000 (Greenwich Mean Time),0.114,0.0916,0.0537,0
Wed Dec 11 2024 17:00:00 GMT+0000 (Greenwich Mean Time),0.114,0.0916,0.0537,0
Wed Dec 11 2024 18:00:00 GMT+0000 (Greenwich Mean Time),0.1141,0.0916,0.0537,0
Wed Dec 11 2024 19:00:00 GMT+0000 (Greenwich Mean Time),0.1141,0.0916,0.0537,0
Wed Dec 11 2024 20:00:00 GMT+0000 (Greenwich Mean Time),0.1141,0.0916,0.0538,26505.153795333943
Wed Dec 11 2024 21:00:00 GMT+0000 (Greenwich Mean Time),0.1141,0.0916,0.0538,0
Wed Dec 11 2024 22:00:00 GMT+0000 (Greenwich Mean Time),0.1141,0.0916,0.0538,0
Wed Dec 11 2024 23:00:00 GMT+0000 (Greenwich Mean Time),0.1141,0.0916,0.0538,0
Thu Dec 12 2024 00:00:00 GMT+0000 (Greenwich Mean Time),0.1142,0.0916,0.0538,0
Thu Dec 12 2024 01:00:00 GMT+0000 (Greenwich Mean Time),0.124,0.093,0.0538,0
Thu Dec 12 2024 02:00:00 GMT+0000 (Greenwich Mean Time),0.124,0.093,0.0538,0
Thu Dec 12 2024 03:00:00 GMT+0000 (Greenwich Mean Time),0.124,0.093,0.0538,0
Thu Dec 12 2024 04:00:00 GMT+0000 (Greenwich Mean Time),0.124,0.093,0.0538,0
Thu Dec 12 2024 05:00:00 GMT+0000 (Greenwich Mean Time),0.124,0.093,0.0539,6036893.621722163
Thu Dec 12 2024 06:00:00 GMT+0000 (Greenwich Mean Time),0.124,0.093,0.0539,0
Thu Dec 12 2024 07:00:00 GMT+0000 (Greenwich Mean Time),0.1241,0.093,0.0539,5285.148599936792
Thu Dec 12 2024 08:00:00 GMT+0000 (Greenwich Mean Time),0.1243,0.093,0.0545,3827726.9284475762
Thu Dec 12 2024 09:00:00 GMT+0000 (Greenwich Mean Time),0.0119,0.093,0.0545,0
Thu Dec 12 2024 10:00:00 GMT+0000 (Greenwich Mean Time),0.0098,0.093,0.0545,0
Thu Dec 12 2024 11:00:00 GMT+0000 (Greenwich Mean Time),0.0098,0.093,0.0538,1924780.4942213877
Thu Dec 12 2024 12:00:00 GMT+0000 (Greenwich Mean Time),0.0094,0.093,0.0538,0
Thu Dec 12 2024 13:00:00 GMT+0000 (Greenwich Mean Time),0.0097,0.093,0.0538,0
Thu Dec 12 2024 14:00:00 GMT+0000 (Greenwich Mean Time),0.0097,0.093,0.0538,0
Thu Dec 12 2024 15:00:00 GMT+0000 (Greenwich Mean Time),0.0097,0.093,0.0538,0
Thu Dec 12 2024 16:00:00 GMT+0000 (Greenwich Mean Time),0.0097,0.093,0.0538,0
Thu Dec 12 2024 17:00:00 GMT+0000 (Greenwich Mean Time),0.0097,0.093,0.0538,0
Thu Dec 12 2024 18:00:00 GMT+0000 (Greenwich Mean Time),0.0097,0.093,0.0538,0
Thu Dec 12 2024 19:00:00 GMT+0000 (Greenwich Mean Time),0.0097,0.093,0.0538,0
Thu Dec 12 2024 20:00:00 GMT+0000 (Greenwich Mean Time),0.0096,0.093,0.0538,0
Thu Dec 12 2024 21:00:00 GMT+0000 (Greenwich Mean Time),0.0096,0.093,0.0538,0
Thu Dec 12 2024 22:00:00 GMT+0000 (Greenwich Mean Time),0.0096,0.093,0.0538,0
Thu Dec 12 2024 23:00:00 GMT+0000 (Greenwich Mean Time),0.0096,0.093,0.0538,0
Fri Dec 13 2024 00:00:00 GMT+0000 (Greenwich Mean Time),0.0096,0.093,0.0543,381115.4674741819
Fri Dec 13 2024 01:00:00 GMT+0000 (Greenwich Mean Time),0.0008,0.093,0.0544,32226.06018081372
Fri Dec 13 2024 02:00:00 GMT+0000 (Greenwich Mean Time),0.0008,0.093,0.0544,0
Fri Dec 13 2024 03:00:00 GMT+0000 (Greenwich Mean Time),0.0008,0.093,0.0544,0
Fri Dec 13 2024 04:00:00 GMT+0000 (Greenwich Mean Time),0.0008,0.093,0.0544,0
Fri Dec 13 2024 05:00:00 GMT+0000 (Greenwich Mean Time),0.0009,0.0929,0.0544,0
Fri Dec 13 2024 06:00:00 GMT+0000 (Greenwich Mean Time),0.0008,0.0929,0.0544,0
Fri Dec 13 2024 07:00:00 GMT+0000 (Greenwich Mean Time),0.0008,0.0929,0.0544,0
Fri Dec 13 2024 08:00:00 GMT+0000 (Greenwich Mean Time),0.0008,0.093,0.0545,51138.735337542515
Fri Dec 13 2024 09:00:00 GMT+0000 (Greenwich Mean Time),0.0007,0.0929,0.0545,0
Fri Dec 13 2024 10:00:00 GMT+0000 (Greenwich Mean Time),0.0208,0.0961,0.0545,0
Fri Dec 13 2024 11:00:00 GMT+0000 (Greenwich Mean Time),0.0208,0.0961,0.0545,0
Fri Dec 13 2024 12:00:00 GMT+0000 (Greenwich Mean Time),0.0208,0.0961,0.0545,0
Fri Dec 13 2024 13:00:00 GMT+0000 (Greenwich Mean Time),0.0205,0.0961,0.0545,0
Fri Dec 13 2024 14:00:00 GMT+0000 (Greenwich Mean Time),0.0205,0.096,0.0545,0
Fri Dec 13 2024 15:00:00 GMT+0000 (Greenwich Mean Time),0.0205,0.096,0.0545,0
Fri Dec 13 2024 16:00:00 GMT+0000 (Greenwich Mean Time),0.0205,0.096,0.0545,0
Fri Dec 13 2024 17:00:00 GMT+0000 (Greenwich Mean Time),0.0205,0.0231,0.0545,0
Fri Dec 13 2024 18:00:00 GMT+0000 (Greenwich Mean Time),0.0205,0.0231,0.0545,0
Fri Dec 13 2024 19:00:00 GMT+0000 (Greenwich Mean Time),0.0205,0.0231,0.0545,0
Fri Dec 13 2024 20:00:00 GMT+0000 (Greenwich Mean Time),0.0208,0.0231,0.0545,0
Fri Dec 13 2024 21:00:00 GMT+0000 (Greenwich Mean Time),0.0215,0.0232,0.0545,0
Fri Dec 13 2024 22:00:00 GMT+0000 (Greenwich Mean Time),0.0215,0.0232,0.0545,0
Fri Dec 13 2024 23:00:00 GMT+0000 (Greenwich Mean Time),0.0215,0.0232,0.0545,0
Sat Dec 14 2024 00:00:00 GMT+0000 (Greenwich Mean Time),0.0215,0.0232,0.0545,0
Sat Dec 14 2024 01:00:00 GMT+0000 (Greenwich Mean Time),0.0215,0.0232,0.0545,0
Sat Dec 14 2024 02:00:00 GMT+0000 (Greenwich Mean Time),0.0217,0.0232,0.0545,3649.7915580802833
Sat Dec 14 2024 03:00:00 GMT+0000 (Greenwich Mean Time),0.0227,0.0233,0.0545,0
Sat Dec 14 2024 04:00:00 GMT+0000 (Greenwich Mean Time),0.0228,0.0234,0.0545,0
Sat Dec 14 2024 05:00:00 GMT+0000 (Greenwich Mean Time),0.0227,0.0234,0.0545,0
Sat Dec 14 2024 06:00:00 GMT+0000 (Greenwich Mean Time),0.0227,0.0234,0.0545,0
Sat Dec 14 2024 07:00:00 GMT+0000 (Greenwich Mean Time),0.0228,0.0234,0.0545,0
Sat Dec 14 2024 08:00:00 GMT+0000 (Greenwich Mean Time),0.0227,0.0234,0.0545,390.2926563558601
Sat Dec 14 2024 09:00:00 GMT+0000 (Greenwich Mean Time),0.0227,0.0234,0.0545,626.800063691913
Sat Dec 14 2024 10:00:00 GMT+0000 (Greenwich Mean Time),0.0026,0.0234,0.0528,1156948.8961119729
Sat Dec 14 2024 11:00:00 GMT+0000 (Greenwich Mean Time),0.0026,0.0233,0.0528,0
Sat Dec 14 2024 12:00:00 GMT+0000 (Greenwich Mean Time),0.0026,0.0233,0.0528,0
Sat Dec 14 2024 13:00:00 GMT+0000 (Greenwich Mean Time),0.0263,0.0267,0.0528,0
Sat Dec 14 2024 14:00:00 GMT+0000 (Greenwich Mean Time),0.0263,0.0267,0.0528,0
Sat Dec 14 2024 15:00:00 GMT+0000 (Greenwich Mean Time),0.0264,0.0245,0.0528,0
Sat Dec 14 2024 16:00:00 GMT+0000 (Greenwich Mean Time),0.0265,0.0245,0.0528,0
Sat Dec 14 2024 17:00:00 GMT+0000 (Greenwich Mean Time),0.0266,0.0245,0.0528,0
Sat Dec 14 2024 18:00:00 GMT+0000 (Greenwich Mean Time),0.0266,0.0244,0.0528,0
Sat Dec 14 2024 19:00:00 GMT+0000 (Greenwich Mean Time),0.1799,0.045,0.0528,0
Sat Dec 14 2024 20:00:00 GMT+0000 (Greenwich Mean Time),0.1795,0.045,0.0528,0
Sat Dec 14 2024 21:00:00 GMT+0000 (Greenwich Mean Time),0.1788,0.045,0.0528,0
Sat Dec 14 2024 22:00:00 GMT+0000 (Greenwich Mean Time),0.1788,0.045,0.0529,97463.94689035277
Sat Dec 14 2024 23:00:00 GMT+0000 (Greenwich Mean Time),0.1788,0.045,0.0529,0
Sun Dec 15 2024 00:00:00 GMT+0000 (Greenwich Mean Time),0.1788,0.045,0.0529,0
Sun Dec 15 2024 01:00:00 GMT+0000 (Greenwich Mean Time),0.1787,0.045,0.0529,0
Sun Dec 15 2024 02:00:00 GMT+0000 (Greenwich Mean Time),0.1782,0.045,0.0532,191610.91221312925
Sun Dec 15 2024 03:00:00 GMT+0000 (Greenwich Mean Time),0.1776,0.045,0.0533,53949.18184015867
Sun Dec 15 2024 04:00:00 GMT+0000 (Greenwich Mean Time),0.1775,0.045,0.0533,0
Sun Dec 15 2024 05:00:00 GMT+0000 (Greenwich Mean Time),0.1775,0.045,0.0534,55844.37527472155
Sun Dec 15 2024 06:00:00 GMT+0000 (Greenwich Mean Time),0.1778,0.045,0.0534,44039.48346963449
Sun Dec 15 2024 07:00:00 GMT+0000 (Greenwich Mean Time),0.1795,0.0452,0.0534,5156.523726956541
Sun Dec 15 2024 08:00:00 GMT+0000 (Greenwich Mean Time),0.1796,0.0451,0.0534,0
Sun Dec 15 2024 09:00:00 GMT+0000 (Greenwich Mean Time),0.18,0.0452,0.0534,0
Sun Dec 15 2024 10:00:00 GMT+0000 (Greenwich Mean Time),0.1802,0.0451,0.0534,0
Sun Dec 15 2024 11:00:00 GMT+0000 (Greenwich Mean Time),0.1803,0.0451,0.0534,0
Sun Dec 15 2024 12:00:00 GMT+0000 (Greenwich Mean Time),0.1806,0.0452,0.0534,0
Sun Dec 15 2024 13:00:00 GMT+0000 (Greenwich Mean Time),0.1534,0.0451,0.0534,0
Sun Dec 15 2024 14:00:00 GMT+0000 (Greenwich Mean Time),0.1534,0.0451,0.0534,0
Sun Dec 15 2024 15:00:00 GMT+0000 (Greenwich Mean Time),0.1534,0.0451,0.0534,0
Sun Dec 15 2024 16:00:00 GMT+0000 (Greenwich Mean Time),0.1532,0.0451,0.0534,0
Sun Dec 15 2024 17:00:00 GMT+0000 (Greenwich Mean Time),0.1532,0.0451,0.0534,8294.59535872045
Sun Dec 15 2024 18:00:00 GMT+0000 (Greenwich Mean Time),0.1534,0.0451,0.0534,0
Sun Dec 15 2024 19:00:00 GMT+0000 (Greenwich Mean Time),0.0035,0.0451,0.0534,0
Sun Dec 15 2024 20:00:00 GMT+0000 (Greenwich Mean Time),0.0036,0.0451,0.0534,0
Sun Dec 15 2024 21:00:00 GMT+0000 (Greenwich Mean Time),0.0036,0.0451,0.0534,0
Sun Dec 15 2024 22:00:00 GMT+0000 (Greenwich Mean Time),0.004,0.0451,0.0534,0
Sun Dec 15 2024 23:00:00 GMT+0000 (Greenwich Mean Time),0.004,0.0451,0.0534,0
Mon Dec 16 2024 00:00:00 GMT+0000 (Greenwich Mean Time),0.004,0.0451,0.0534,0
Mon Dec 16 2024 01:00:00 GMT+0000 (Greenwich Mean Time),0.004,0.0451,0.0534,0
Mon Dec 16 2024 02:00:00 GMT+0000 (Greenwich Mean Time),0.004,0.0451,0.0534,0
Mon Dec 16 2024 03:00:00 GMT+0000 (Greenwich Mean Time),0.0038,0.0451,0.0534,0
Mon Dec 16 2024 04:00:00 GMT+0000 (Greenwich Mean Time),0.0038,0.0451,0.0534,0
Mon Dec 16 2024 05:00:00 GMT+0000 (Greenwich Mean Time),0.0038,0.045,0.0534,0
Mon Dec 16 2024 06:00:00 GMT+0000 (Greenwich Mean Time),0.0035,0.045,0.0534,0
Mon Dec 16 2024 07:00:00 GMT+0000 (Greenwich Mean Time),0.002,0.045,0.0534,0
Mon Dec 16 2024 08:00:00 GMT+0000 (Greenwich Mean Time),0.0019,0.045,0.0534,0
Mon Dec 16 2024 09:00:00 GMT+0000 (Greenwich Mean Time),0.0022,0.0451,0.0534,0
Mon Dec 16 2024 10:00:00 GMT+0000 (Greenwich Mean Time),0.002,0.0451,0.0534,0
Mon Dec 16 2024 11:00:00 GMT+0000 (Greenwich Mean Time),0.0019,0.0451,0.0534,0
Mon Dec 16 2024 12:00:00 GMT+0000 (Greenwich Mean Time),0.0016,0.0451,0.0534,0
Mon Dec 16 2024 13:00:00 GMT+0000 (Greenwich Mean Time),0.0016,0.0451,0.0534,0
Mon Dec 16 2024 14:00:00 GMT+0000 (Greenwich Mean Time),0.0015,0.0451,0.0534,0
Mon Dec 16 2024 15:00:00 GMT+0000 (Greenwich Mean Time),0.1899,0.0711,0.0534,0
Mon Dec 16 2024 16:00:00 GMT+0000 (Greenwich Mean Time),0.1899,0.0711,0.0534,13140.965456793294
Mon Dec 16 2024 17:00:00 GMT+0000 (Greenwich Mean Time),0.1899,0.0711,0.0534,0
Mon Dec 16 2024 18:00:00 GMT+0000 (Greenwich Mean Time),0.1952,0.0718,0.0534,0
Mon Dec 16 2024 19:00:00 GMT+0000 (Greenwich Mean Time),0.1952,0.0718,0.0534,0
Mon Dec 16 2024 20:00:00 GMT+0000 (Greenwich Mean Time),0.1952,0.0718,0.0534,0
Mon Dec 16 2024 21:00:00 GMT+0000 (Greenwich Mean Time),0.1952,0.0718,0.0534,0
Mon Dec 16 2024 22:00:00 GMT+0000 (Greenwich Mean Time),0.1947,0.0718,0.0534,0
Mon Dec 16 2024 23:00:00 GMT+0000 (Greenwich Mean Time),0.195,0.0718,0.0534,0
Tue Dec 17 2024 00:00:00 GMT+0000 (Greenwich Mean Time),0.195,0.0718,0.0568,8719883.323171219
Tue Dec 17 2024 01:00:00 GMT+0000 (Greenwich Mean Time),0.195,0.0718,0.0568,0
Tue Dec 17 2024 02:00:00 GMT+0000 (Greenwich Mean Time),0.2035,0.0729,0.0568,0
Tue Dec 17 2024 03:00:00 GMT+0000 (Greenwich Mean Time),0.2035,0.0729,0.0568,0
Tue Dec 17 2024 04:00:00 GMT+0000 (Greenwich Mean Time),0.2035,0.0729,0.0568,0
Tue Dec 17 2024 05:00:00 GMT+0000 (Greenwich Mean Time),0.2035,0.0729,0.0568,0
Tue Dec 17 2024 06:00:00 GMT+0000 (Greenwich Mean Time),0.2035,0.0729,0.0568,0
Tue Dec 17 2024 07:00:00 GMT+0000 (Greenwich Mean Time),0.2034,0.0729,0.0568,0
Tue Dec 17 2024 08:00:00 GMT+0000 (Greenwich Mean Time),0.2034,0.0729,0.0568,0
Tue Dec 17 2024 09:00:00 GMT+0000 (Greenwich Mean Time),0.2026,0.0729,0.0568,0
Tue Dec 17 2024 10:00:00 GMT+0000 (Greenwich Mean Time),0.2026,0.0729,0.0585,2608877.6320933327
Tue Dec 17 2024 11:00:00 GMT+0000 (Greenwich Mean Time),0.2026,0.0729,0.0585,316.49788072914447
Tue Dec 17 2024 12:00:00 GMT+0000 (Greenwich Mean Time),0.2026,0.0729,0.0585,0
Tue Dec 17 2024 13:00:00 GMT+0000 (Greenwich Mean Time),0.2026,0.0729,0.0585,0
Tue Dec 17 2024 14:00:00 GMT+0000 (Greenwich Mean Time),0.2026,0.0729,0.0585,0
Tue Dec 17 2024 15:00:00 GMT+0000 (Greenwich Mean Time),0.0122,0.0729,0.0585,0
Tue Dec 17 2024 16:00:00 GMT+0000 (Greenwich Mean Time),0.0122,0.0729,0.0585,0
Tue Dec 17 2024 17:00:00 GMT+0000 (Greenwich Mean Time),0.0122,0.0729,0.0585,0
Tue Dec 17 2024 18:00:00 GMT+0000 (Greenwich Mean Time),0.0074,0.0729,0.0585,0
Tue Dec 17 2024 19:00:00 GMT+0000 (Greenwich Mean Time),0.0074,0.0729,0.0585,0
Tue Dec 17 2024 20:00:00 GMT+0000 (Greenwich Mean Time),0.0074,0.0729,0.0585,0
Tue Dec 17 2024 21:00:00 GMT+0000 (Greenwich Mean Time),0.0074,0.0729,0.0585,0
Tue Dec 17 2024 22:00:00 GMT+0000 (Greenwich Mean Time),0.0074,0.0729,0.0585,0
Tue Dec 17 2024 23:00:00 GMT+0000 (Greenwich Mean Time),0.0071,0.0729,0.0585,0
Wed Dec 18 2024 00:00:00 GMT+0000 (Greenwich Mean Time),0.0071,0.0729,0.0585,0
Wed Dec 18 2024 01:00:00 GMT+0000 (Greenwich Mean Time),0.0071,0.0729,0.059,758821.392602491
Wed Dec 18 2024 02:00:00 GMT+0000 (Greenwich Mean Time),0,0.0729,0.059,255.06129690385507
Wed Dec 18 2024 03:00:00 GMT+0000 (Greenwich Mean Time),0,0.0729,0.059,0
Wed Dec 18 2024 04:00:00 GMT+0000 (Greenwich Mean Time),0,0.0729,0.059,529.4409892183711
Wed Dec 18 2024 05:00:00 GMT+0000 (Greenwich Mean Time),0,0.0729,0.059,0
Wed Dec 18 2024 06:00:00 GMT+0000 (Greenwich Mean Time),0,0.0729,0.059,0
Wed Dec 18 2024 07:00:00 GMT+0000 (Greenwich Mean Time),0,0.0729,0.059,0
Wed Dec 18 2024 08:00:00 GMT+0000 (Greenwich Mean Time),0,0.0729,0.059,0
Wed Dec 18 2024 09:00:00 GMT+0000 (Greenwich Mean Time),0,0.0569,0.059,0
Wed Dec 18 2024 10:00:00 GMT+0000 (Greenwich Mean Time),0,0.0566,0.059,0
Wed Dec 18 2024 11:00:00 GMT+0000 (Greenwich Mean Time),0,0.0566,0.059,0
Wed Dec 18 2024 12:00:00 GMT+0000 (Greenwich Mean Time),0,0.0565,0.059,0
Wed Dec 18 2024 13:00:00 GMT+0000 (Greenwich Mean Time),0,0.0565,0.059,0
Wed Dec 18 2024 14:00:00 GMT+0000 (Greenwich Mean Time),0,0.0565,0.059,0
Wed Dec 18 2024 15:00:00 GMT+0000 (Greenwich Mean Time),0,0.0565,0.059,0
Wed Dec 18 2024 16:00:00 GMT+0000 (Greenwich Mean Time),0,0.0565,0.059,0
Wed Dec 18 2024 17:00:00 GMT+0000 (Greenwich Mean Time),0,0.0565,0.059,0
Wed Dec 18 2024 18:00:00 GMT+0000 (Greenwich Mean Time),0,0.0565,0.059,0
Wed Dec 18 2024 19:00:00 GMT+0000 (Greenwich Mean Time),0,0.0565,0.059,7191.667750680184
Wed Dec 18 2024 20:00:00 GMT+0000 (Greenwich Mean Time),0,0.0565,0.059,0
Wed Dec 18 2024 21:00:00 GMT+0000 (Greenwich Mean Time),0,0.0565,0.059,0
Wed Dec 18 2024 22:00:00 GMT+0000 (Greenwich Mean Time),0,0.0565,0.059,0
Wed Dec 18 2024 23:00:00 GMT+0000 (Greenwich Mean Time),0,0.0565,0.059,0
Thu Dec 19 2024 00:00:00 GMT+0000 (Greenwich Mean Time),0,0.0565,0.059,0
Thu Dec 19 2024 01:00:00 GMT+0000 (Greenwich Mean Time),0,0.0551,0.059,0
Thu Dec 19 2024 02:00:00 GMT+0000 (Greenwich Mean Time),0,0.0551,0.0626,3122415.6637745583
Thu Dec 19 2024 03:00:00 GMT+0000 (Greenwich Mean Time),0,0.0551,0.0615,764438.7717597451
Thu Dec 19 2024 04:00:00 GMT+0000 (Greenwich Mean Time),0,0.0551,0.0615,0
Thu Dec 19 2024 05:00:00 GMT+0000 (Greenwich Mean Time),0,0.0551,0.0615,0
Thu Dec 19 2024 06:00:00 GMT+0000 (Greenwich Mean Time),0,0.0551,0.0615,0
Thu Dec 19 2024 07:00:00 GMT+0000 (Greenwich Mean Time),0,0.0551,0.0615,0
Thu Dec 19 2024 08:00:00 GMT+0000 (Greenwich Mean Time),0,0.0551,0.0615,0
Thu Dec 19 2024 09:00:00 GMT+0000 (Greenwich Mean Time),0,0.0551,0.0615,0
Thu Dec 19 2024 10:00:00 GMT+0000 (Greenwich Mean Time),0,0.0551,0.0615,0
Thu Dec 19 2024 11:00:00 GMT+0000 (Greenwich Mean Time),0,0.0551,0.0615,0
Thu Dec 19 2024 12:00:00 GMT+0000 (Greenwich Mean Time),0,0.0551,0.0615,0
Thu Dec 19 2024 13:00:00 GMT+0000 (Greenwich Mean Time),0,0.055,0.0615,0
Thu Dec 19 2024 14:00:00 GMT+0000 (Greenwich Mean Time),0.1011,0.0696,0.0615,0
Thu Dec 19 2024 15:00:00 GMT+0000 (Greenwich Mean Time),0.1095,0.0708,0.0615,0
Thu Dec 19 2024 16:00:00 GMT+0000 (Greenwich Mean Time),0.1095,0.0708,0.0615,0
Thu Dec 19 2024 17:00:00 GMT+0000 (Greenwich Mean Time),0.1095,0.0708,0.0615,0
Thu Dec 19 2024 18:00:00 GMT+0000 (Greenwich Mean Time),0.1095,0.0708,0.0615,0
Thu Dec 19 2024 19:00:00 GMT+0000 (Greenwich Mean Time),0.1096,0.0708,0.0615,0
Thu Dec 19 2024 20:00:00 GMT+0000 (Greenwich Mean Time),0.1096,0.0708,0.0615,0
Thu Dec 19 2024 21:00:00 GMT+0000 (Greenwich Mean Time),0.1096,0.0708,0.0615,0
Thu Dec 19 2024 22:00:00 GMT+0000 (Greenwich Mean Time),0.1096,0.0708,0.0615,0
Thu Dec 19 2024 23:00:00 GMT+0000 (Greenwich Mean Time),0.1096,0.0708,0.0615,0
Fri Dec 20 2024 00:00:00 GMT+0000 (Greenwich Mean Time),0.1096,0.0708,0.0615,0
Fri Dec 20 2024 01:00:00 GMT+0000 (Greenwich Mean Time),0.1096,0.0708,0.0615,1698.4182380617244
Fri Dec 20 2024 02:00:00 GMT+0000 (Greenwich Mean Time),0.1096,0.0708,0.0615,0
Fri Dec 20 2024 03:00:00 GMT+0000 (Greenwich Mean Time),0.1096,0.0708,0.0615,0
Fri Dec 20 2024 04:00:00 GMT+0000 (Greenwich Mean Time),0.1097,0.0708,0.0615,0
Fri Dec 20 2024 05:00:00 GMT+0000 (Greenwich Mean Time),0.1097,0.0708,0.0669,5754027.60202359
Fri Dec 20 2024 06:00:00 GMT+0000 (Greenwich Mean Time),0.1098,0.0708,0.0669,0
Fri Dec 20 2024 07:00:00 GMT+0000 (Greenwich Mean Time),0.1102,0.0709,0.0669,8919.686418176185
Fri Dec 20 2024 08:00:00 GMT+0000 (Greenwich Mean Time),0.1102,0.0709,0.0669,0
Fri Dec 20 2024 09:00:00 GMT+0000 (Greenwich Mean Time),0.1102,0.0709,0.0669,0
Fri Dec 20 2024 10:00:00 GMT+0000 (Greenwich Mean Time),0.1103,0.0678,0.0672,197536.87439488329
Fri Dec 20 2024 11:00:00 GMT+0000 (Greenwich Mean Time),0.1104,0.0678,0.0674,115905.1341907974
Fri Dec 20 2024 12:00:00 GMT+0000 (Greenwich Mean Time),0.1104,0.0678,0.0674,0
Fri Dec 20 2024 13:00:00 GMT+0000 (Greenwich Mean Time),0.1104,0.0678,0.0674,0
Fri Dec 20 2024 14:00:00 GMT+0000 (Greenwich Mean Time),0.0085,0.0678,0.0674,0
Fri Dec 20 2024 15:00:00 GMT+0000 (Greenwich Mean Time),0.0009,0.0678,0.0674,0
Fri Dec 20 2024 16:00:00 GMT+0000 (Greenwich Mean Time),0.0009,0.0678,0.0674,0
Fri Dec 20 2024 17:00:00 GMT+0000 (Greenwich Mean Time),0.0009,0.0678,0.0674,0
Fri Dec 20 2024 18:00:00 GMT+0000 (Greenwich Mean Time),0.0009,0.0678,0.0674,0
Fri Dec 20 2024 19:00:00 GMT+0000 (Greenwich Mean Time),0.0008,0.0678,0.0674,0
Fri Dec 20 2024 20:00:00 GMT+0000 (Greenwich Mean Time),0.0008,0.0678,0.0674,0
Fri Dec 20 2024 21:00:00 GMT+0000 (Greenwich Mean Time),0.0008,0.0677,0.0674,0
Fri Dec 20 2024 22:00:00 GMT+0000 (Greenwich Mean Time),0.0008,0.0677,0.0674,0
Fri Dec 20 2024 23:00:00 GMT+0000 (Greenwich Mean Time),0.0008,0.0677,0.0674,0
Sat Dec 21 2024 00:00:00 GMT+0000 (Greenwich Mean Time),0.0008,0.0677,0.0674,12050.906646511443
Sat Dec 21 2024 01:00:00 GMT+0000 (Greenwich Mean Time),0.0008,0.0677,0.07,1862729.203349534
Sat Dec 21 2024 02:00:00 GMT+0000 (Greenwich Mean Time),0.0009,0.0676,0.07,0
Sat Dec 21 2024 03:00:00 GMT+0000 (Greenwich Mean Time),0.001,0.0675,0.07,0
Sat Dec 21 2024 04:00:00 GMT+0000 (Greenwich Mean Time),0.0009,0.0675,0.07,0
Sat Dec 21 2024 05:00:00 GMT+0000 (Greenwich Mean Time),0.0013,0.0676,0.07,0
Sat Dec 21 2024 06:00:00 GMT+0000 (Greenwich Mean Time),0.0012,0.0676,0.07,567.187068467323
Sat Dec 21 2024 07:00:00 GMT+0000 (Greenwich Mean Time),0.001,0.0676,0.0701,59067.734686175885
Sat Dec 21 2024 08:00:00 GMT+0000 (Greenwich Mean Time),0.001,0.0676,0.0701,0
Sat Dec 21 2024 09:00:00 GMT+0000 (Greenwich Mean Time),0.001,0.0676,0.0701,0
Sat Dec 21 2024 10:00:00 GMT+0000 (Greenwich Mean Time),0.001,0.0676,0.0701,0
Sat Dec 21 2024 11:00:00 GMT+0000 (Greenwich Mean Time),0.0011,0.0676,0.0701,0
Sat Dec 21 2024 12:00:00 GMT+0000 (Greenwich Mean Time),0.0011,0.0676,0.0701,226.5794154237159
Sat Dec 21 2024 13:00:00 GMT+0000 (Greenwich Mean Time),0.001,0.064,0.0701,0
Sat Dec 21 2024 14:00:00 GMT+0000 (Greenwich Mean Time),0.001,0.064,0.0701,0
Sat Dec 21 2024 15:00:00 GMT+0000 (Greenwich Mean Time),0.0011,0.064,0.0701,0
Sat Dec 21 2024 16:00:00 GMT+0000 (Greenwich Mean Time),0.0011,0.064,0.0705,258578.35390363168
Sat Dec 21 2024 17:00:00 GMT+0000 (Greenwich Mean Time),0.0011,0.064,0.0705,0
Sat Dec 21 2024 18:00:00 GMT+0000 (Greenwich Mean Time),0.0011,0.064,0.0705,0
Sat Dec 21 2024 19:00:00 GMT+0000 (Greenwich Mean Time),0.0011,0.0431,0.0705,0
Sat Dec 21 2024 20:00:00 GMT+0000 (Greenwich Mean Time),0.0011,0.0431,0.0705,0
Sat Dec 21 2024 21:00:00 GMT+0000 (Greenwich Mean Time),0.0011,0.0431,0.0705,0
Sat Dec 21 2024 22:00:00 GMT+0000 (Greenwich Mean Time),0.0012,0.0431,0.0705,0
Sat Dec 21 2024 23:00:00 GMT+0000 (Greenwich Mean Time),0.0012,0.0431,0.0705,0
Sun Dec 22 2024 00:00:00 GMT+0000 (Greenwich Mean Time),0.0012,0.0431,0.0705,0
Sun Dec 22 2024 01:00:00 GMT+0000 (Greenwich Mean Time),0.0012,0.0431,0.0705,0
Sun Dec 22 2024 02:00:00 GMT+0000 (Greenwich Mean Time),0.0013,0.0431,0.0705,0
Sun Dec 22 2024 03:00:00 GMT+0000 (Greenwich Mean Time),0.0012,0.0431,0.0705,6351.892135897662
Sun Dec 22 2024 04:00:00 GMT+0000 (Greenwich Mean Time),0.0012,0.0431,0.0705,8072.64747344844
Sun Dec 22 2024 05:00:00 GMT+0000 (Greenwich Mean Time),0.0008,0.0431,0.0679,1776588.6600747448
Sun Dec 22 2024 06:00:00 GMT+0000 (Greenwich Mean Time),0.0008,0.043,0.0684,341961.25013320363
Sun Dec 22 2024 07:00:00 GMT+0000 (Greenwich Mean Time),0.0006,0.0428,0.0684,0
Sun Dec 22 2024 08:00:00 GMT+0000 (Greenwich Mean Time),0.0008,0.0428,0.0684,0
Sun Dec 22 2024 09:00:00 GMT+0000 (Greenwich Mean Time),0.0066,0.0436,0.0684,1131868.4366780405
Sun Dec 22 2024 10:00:00 GMT+0000 (Greenwich Mean Time),0.0066,0.0436,0.07,0
Sun Dec 22 2024 11:00:00 GMT+0000 (Greenwich Mean Time),0.0064,0.0436,0.07,3050.632777562984
Sun Dec 22 2024 12:00:00 GMT+0000 (Greenwich Mean Time),0.0064,0.0435,0.07,0
Sun Dec 22 2024 13:00:00 GMT+0000 (Greenwich Mean Time),0.0067,0.0436,0.07,0
Sun Dec 22 2024 14:00:00 GMT+0000 (Greenwich Mean Time),0.0067,0.0436,0.07,0
Sun Dec 22 2024 15:00:00 GMT+0000 (Greenwich Mean Time),0.0066,0.0436,0.07,0
Sun Dec 22 2024 16:00:00 GMT+0000 (Greenwich Mean Time),0.0066,0.0436,0.07,0
Sun Dec 22 2024 17:00:00 GMT+0000 (Greenwich Mean Time),0.0066,0.0436,0.07,0
Sun Dec 22 2024 18:00:00 GMT+0000 (Greenwich Mean Time),0.0067,0.0435,0.07,0
Sun Dec 22 2024 19:00:00 GMT+0000 (Greenwich Mean Time),0.0067,0.0435,0.07,0
Sun Dec 22 2024 20:00:00 GMT+0000 (Greenwich Mean Time),0.0067,0.0435,0.07,0
Sun Dec 22 2024 21:00:00 GMT+0000 (Greenwich Mean Time),0.0067,0.0435,0.07,2209.514519737094
Sun Dec 22 2024 22:00:00 GMT+0000 (Greenwich Mean Time),0.0066,0.0435,0.07,0
Sun Dec 22 2024 23:00:00 GMT+0000 (Greenwich Mean Time),0.0066,0.0435,0.07,1305165.629911342
Mon Dec 23 2024 00:00:00 GMT+0000 (Greenwich Mean Time),0.0067,0.0435,0.07,0
Mon Dec 23 2024 01:00:00 GMT+0000 (Greenwich Mean Time),0.0067,0.0435,0.07,0
Mon Dec 23 2024 02:00:00 GMT+0000 (Greenwich Mean Time),0.0066,0.0435,0.07,0
Mon Dec 23 2024 03:00:00 GMT+0000 (Greenwich Mean Time),0.0067,0.0435,0.07,0
Mon Dec 23 2024 04:00:00 GMT+0000 (Greenwich Mean Time),0.0067,0.0435,0.0701,18803.087930679703
Mon Dec 23 2024 05:00:00 GMT+0000 (Greenwich Mean Time),0.0073,0.0436,0.0701,0
Mon Dec 23 2024 06:00:00 GMT+0000 (Greenwich Mean Time),0.0073,0.0436,0.0702,75957.94362115292
Mon Dec 23 2024 07:00:00 GMT+0000 (Greenwich Mean Time),0.0073,0.0436,0.0702,48471.253002307916
Mon Dec 23 2024 08:00:00 GMT+0000 (Greenwich Mean Time),0.0071,0.0436,0.0702,1187.7289404332062
Mon Dec 23 2024 09:00:00 GMT+0000 (Greenwich Mean Time),0.0014,0.0435,0.0703,0
Mon Dec 23 2024 10:00:00 GMT+0000 (Greenwich Mean Time),0.0014,0.0435,0.0702,0
Mon Dec 23 2024 11:00:00 GMT+0000 (Greenwich Mean Time),0.0014,0.0435,0.0703,1484549.692078865
Mon Dec 23 2024 12:00:00 GMT+0000 (Greenwich Mean Time),0.0015,0.0435,0.0703,0
Mon Dec 23 2024 13:00:00 GMT+0000 (Greenwich Mean Time),0.0012,0.0435,0.0711,562298.5864476275
Mon Dec 23 2024 14:00:00 GMT+0000 (Greenwich Mean Time),0.0012,0.0435,0.0711,0
Mon Dec 23 2024 15:00:00 GMT+0000 (Greenwich Mean Time),0.0012,0.0181,0.0711,0
Mon Dec 23 2024 16:00:00 GMT+0000 (Greenwich Mean Time),0.0011,0.0181,0.0711,0
Mon Dec 23 2024 17:00:00 GMT+0000 (Greenwich Mean Time),0.0011,0.0181,0.0711,0
Mon Dec 23 2024 18:00:00 GMT+0000 (Greenwich Mean Time),0.0011,0.0175,0.0711,0
Mon Dec 23 2024 19:00:00 GMT+0000 (Greenwich Mean Time),0.0013,0.0175,0.0711,0
Mon Dec 23 2024 20:00:00 GMT+0000 (Greenwich Mean Time),0.0013,0.0175,0.0711,0
Mon Dec 23 2024 21:00:00 GMT+0000 (Greenwich Mean Time),0.0013,0.0175,0.0711,0
Mon Dec 23 2024 22:00:00 GMT+0000 (Greenwich Mean Time),0.0013,0.0175,0.0711,0
Mon Dec 23 2024 23:00:00 GMT+0000 (Greenwich Mean Time),0.0012,0.0174,0.0711,0
Tue Dec 24 2024 00:00:00 GMT+0000 (Greenwich Mean Time),0.0012,0.0174,0.0711,0
Tue Dec 24 2024 01:00:00 GMT+0000 (Greenwich Mean Time),0.0012,0.0174,0.0711,0
Tue Dec 24 2024 02:00:00 GMT+0000 (Greenwich Mean Time),0.0012,0.0164,0.0711,0
Tue Dec 24 2024 03:00:00 GMT+0000 (Greenwich Mean Time),0.0011,0.0164,0.0711,0
Tue Dec 24 2024 04:00:00 GMT+0000 (Greenwich Mean Time),0.0011,0.0164,0.0711,0
Tue Dec 24 2024 05:00:00 GMT+0000 (Greenwich Mean Time),0.0007,0.0164,0.0711,0
Tue Dec 24 2024 06:00:00 GMT+0000 (Greenwich Mean Time),0.0007,0.0164,0.0711,0
Tue Dec 24 2024 07:00:00 GMT+0000 (Greenwich Mean Time),0.0006,0.0164,0.0644,6999126.06935986
Tue Dec 24 2024 08:00:00 GMT+0000 (Greenwich Mean Time),0.0006,0.0164,0.0644,0
Tue Dec 24 2024 09:00:00 GMT+0000 (Greenwich Mean Time),0.0014,0.0166,0.0644,0
Tue Dec 24 2024 10:00:00 GMT+0000 (Greenwich Mean Time),0.0014,0.0166,0.0644,5374.44747252339
Tue Dec 24 2024 11:00:00 GMT+0000 (Greenwich Mean Time),0.0014,0.0166,0.0644,0
Tue Dec 24 2024 12:00:00 GMT+0000 (Greenwich Mean Time),0.0014,0.0166,0.0644,0
Tue Dec 24 2024 13:00:00 GMT+0000 (Greenwich Mean Time),0.0016,0.0166,0.0648,225381.9683352925
Tue Dec 24 2024 14:00:00 GMT+0000 (Greenwich Mean Time),0.0016,0.0166,0.0648,0
Tue Dec 24 2024 15:00:00 GMT+0000 (Greenwich Mean Time),0.0016,0.0166,0.0648,0
Tue Dec 24 2024 16:00:00 GMT+0000 (Greenwich Mean Time),0.0016,0.0166,0.0648,0
Tue Dec 24 2024 17:00:00 GMT+0000 (Greenwich Mean Time),0.0016,0.0166,0.0648,0
Tue Dec 24 2024 18:00:00 GMT+0000 (Greenwich Mean Time),0.0016,0.0166,0.0648,0
Tue Dec 24 2024 19:00:00 GMT+0000 (Greenwich Mean Time),0.0015,0.0166,0.0648,0
Tue Dec 24 2024 20:00:00 GMT+0000 (Greenwich Mean Time),0.0015,0.0166,0.0673,1709452.6570176096
Tue Dec 24 2024 21:00:00 GMT+0000 (Greenwich Mean Time),0.0015,0.0166,0.0673,0
Tue Dec 24 2024 22:00:00 GMT+0000 (Greenwich Mean Time),0.0015,0.0166,0.0673,0
Tue Dec 24 2024 23:00:00 GMT+0000 (Greenwich Mean Time),0.0015,0.0166,0.0676,266640.3760301813
Wed Dec 25 2024 00:00:00 GMT+0000 (Greenwich Mean Time),0.0015,0.0166,0.0676,0
Wed Dec 25 2024 01:00:00 GMT+0000 (Greenwich Mean Time),0.0015,0.0166,0.0676,0
Wed Dec 25 2024 02:00:00 GMT+0000 (Greenwich Mean Time),0.0015,0.0166,0.0689,2069469.1458777161
Wed Dec 25 2024 03:00:00 GMT+0000 (Greenwich Mean Time),0.0016,0.0166,0.0689,0
Wed Dec 25 2024 04:00:00 GMT+0000 (Greenwich Mean Time),0.0015,0.0166,0.069,0
Wed Dec 25 2024 05:00:00 GMT+0000 (Greenwich Mean Time),0.0014,0.0166,0.0689,0
Wed Dec 25 2024 06:00:00 GMT+0000 (Greenwich Mean Time),0.0014,0.0166,0.0689,0
Wed Dec 25 2024 07:00:00 GMT+0000 (Greenwich Mean Time),0.0014,0.0167,0.0689,0
Wed Dec 25 2024 08:00:00 GMT+0000 (Greenwich Mean Time),0.0015,0.0167,0.0689,0
Wed Dec 25 2024 09:00:00 GMT+0000 (Greenwich Mean Time),0.0007,0.0167,0.0696,3046542.3553737015
Wed Dec 25 2024 10:00:00 GMT+0000 (Greenwich Mean Time),0.0007,0.0167,0.0696,671.8520149915508
Wed Dec 25 2024 11:00:00 GMT+0000 (Greenwich Mean Time),0.0007,0.0167,0.07,284808.4384252958
Wed Dec 25 2024 12:00:00 GMT+0000 (Greenwich Mean Time),0.0006,0.0167,0.0746,4214227.875862764
Wed Dec 25 2024 13:00:00 GMT+0000 (Greenwich Mean Time),0.0005,0.0167,0.0746,0
Wed Dec 25 2024 14:00:00 GMT+0000 (Greenwich Mean Time),0.0006,0.0167,0.0746,0
Wed Dec 25 2024 15:00:00 GMT+0000 (Greenwich Mean Time),0.0006,0.0167,0.0799,3691661.8018070445
Wed Dec 25 2024 16:00:00 GMT+0000 (Greenwich Mean Time),0.0006,0.0167,0.0799,0
Wed Dec 25 2024 17:00:00 GMT+0000 (Greenwich Mean Time),0.0007,0.0167,0.0884,5536527.686649771
Wed Dec 25 2024 18:00:00 GMT+0000 (Greenwich Mean Time),0.0008,0.0167,0.0885,80727.2972293365
Wed Dec 25 2024 19:00:00 GMT+0000 (Greenwich Mean Time),0.0008,0.0167,0.1004,6686632.929352197
Wed Dec 25 2024 20:00:00 GMT+0000 (Greenwich Mean Time),0.0008,0.0167,0.1362,12640241.588050833
Wed Dec 25 2024 21:00:00 GMT+0000 (Greenwich Mean Time),0.0008,0.0167,0.1501,579350.7341596346
Wed Dec 25 2024 22:00:00 GMT+0000 (Greenwich Mean Time),0.0008,0.0167,0.1502,0
Wed Dec 25 2024 23:00:00 GMT+0000 (Greenwich Mean Time),0.0008,0.0167,0.151,662.7116671579367