time,underlyingApy1DMA,underlyingApy7DMA,impliedApy,volume
Sun Apr 28 2024 01:00:00 GMT+0100 (British Summer Time),0,0.0294,0.3745,18014.372929629626
Sun Apr 28 2024 02:00:00 GMT+0100 (British Summer Time),0,0.0294,0.3754,28041.779230733217
Sun Apr 28 2024 03:00:00 GMT+0100 (British Summer Time),0,0.0294,0.3764,30632.321490260507
Sun Apr 28 2024 04:00:00 GMT+0100 (British Summer Time),0.0271,0.0289,0.3867,102405.36087007717
Sun Apr 28 2024 05:00:00 GMT+0100 (British Summer Time),0.0271,0.0289,0.3914,101202.75075621615
Sun Apr 28 2024 06:00:00 GMT+0100 (British Summer Time),0.0271,0.0289,0.3895,57643.68383315511
Sun Apr 28 2024 07:00:00 GMT+0100 (British Summer Time),0.0271,0.0289,0.3943,40480.7522435164
Sun Apr 28 2024 08:00:00 GMT+0100 (British Summer Time),0.0271,0.0289,0.3886,59622.01174953428
Sun Apr 28 2024 09:00:00 GMT+0100 (British Summer Time),0.0271,0.0289,0.3829,64741.165263964875
Sun Apr 28 2024 10:00:00 GMT+0100 (British Summer Time),0.0271,0.0289,0.3825,6503.768054204227
Sun Apr 28 2024 11:00:00 GMT+0100 (British Summer Time),0.0271,0.0289,0.3831,124249.5637102171
Sun Apr 28 2024 12:00:00 GMT+0100 (British Summer Time),0.0271,0.0289,0.3791,55688.91118534942
Sun Apr 28 2024 13:00:00 GMT+0100 (British Summer Time),0.0271,0.0289,0.383,67451.28177949414
Sun Apr 28 2024 14:00:00 GMT+0100 (British Summer Time),0.0271,0.0289,0.3886,172757.71272460057
Sun Apr 28 2024 15:00:00 GMT+0100 (British Summer Time),0.0271,0.0289,0.3957,40773.181937551024
Sun Apr 28 2024 16:00:00 GMT+0100 (British Summer Time),0.0271,0.0306,0.3904,256506.087310973
Sun Apr 28 2024 17:00:00 GMT+0100 (British Summer Time),0.0271,0.0306,0.4037,266532.68613152625
Sun Apr 28 2024 18:00:00 GMT+0100 (British Summer Time),0.0271,0.0306,0.3867,146158.0502052484
Sun Apr 28 2024 19:00:00 GMT+0100 (British Summer Time),0.0271,0.0306,0.3541,668323.4214442242
Sun Apr 28 2024 20:00:00 GMT+0100 (British Summer Time),0.0271,0.0306,0.3492,198704.36313859688
Sun Apr 28 2024 21:00:00 GMT+0100 (British Summer Time),0.0271,0.0306,0.3439,149808.1490906283
Sun Apr 28 2024 22:00:00 GMT+0100 (British Summer Time),0.0271,0.0306,0.3535,269944.58210400515
Sun Apr 28 2024 23:00:00 GMT+0100 (British Summer Time),0.0271,0.0306,0.3479,157416.5042519748
Mon Apr 29 2024 00:00:00 GMT+0100 (British Summer Time),0.0271,0.0306,0.3461,117066.18340072408
Mon Apr 29 2024 01:00:00 GMT+0100 (British Summer Time),0.0271,0.0306,0.3589,112450.70624323131
Mon Apr 29 2024 02:00:00 GMT+0100 (British Summer Time),0.0271,0.0306,0.3546,380070.30358142126
Mon Apr 29 2024 03:00:00 GMT+0100 (British Summer Time),0.0271,0.0306,0.3586,25748.443737311634
Mon Apr 29 2024 04:00:00 GMT+0100 (British Summer Time),0,0.0306,0.3588,6093.499056462782
Mon Apr 29 2024 05:00:00 GMT+0100 (British Summer Time),0,0.0306,0.3499,93607.45968246406
Mon Apr 29 2024 06:00:00 GMT+0100 (British Summer Time),0,0.0306,0.3551,120831.89445311025
Mon Apr 29 2024 07:00:00 GMT+0100 (British Summer Time),0,0.0306,0.3577,36795.8481082855
Mon Apr 29 2024 08:00:00 GMT+0100 (British Summer Time),0,0.0306,0.3603,16417.235687783308
Mon Apr 29 2024 09:00:00 GMT+0100 (British Summer Time),0,0.0306,0.3604,12128.041537476744
Mon Apr 29 2024 10:00:00 GMT+0100 (British Summer Time),0,0.0306,0.3543,47693.204709481324
Mon Apr 29 2024 11:00:00 GMT+0100 (British Summer Time),0,0.0306,0.3033,863971.509526242
Mon Apr 29 2024 12:00:00 GMT+0100 (British Summer Time),0,0.0306,0.3351,781908.032881984
Mon Apr 29 2024 13:00:00 GMT+0100 (British Summer Time),0,0.0306,0.3322,225851.0191799917
Mon Apr 29 2024 14:00:00 GMT+0100 (British Summer Time),0,0.0306,0.3312,231077.20358690346
Mon Apr 29 2024 15:00:00 GMT+0100 (British Summer Time),0,0.0306,0.3345,23483.434174954058
Mon Apr 29 2024 16:00:00 GMT+0100 (British Summer Time),0,0.0306,0.3172,445441.13959485665
Mon Apr 29 2024 17:00:00 GMT+0100 (British Summer Time),0,0.0306,0.2936,869088.3009584364
Mon Apr 29 2024 18:00:00 GMT+0100 (British Summer Time),0,0.0306,0.2299,5082557.292773979
Mon Apr 29 2024 19:00:00 GMT+0100 (British Summer Time),0,0.0306,0.2685,1888062.6803428158
Mon Apr 29 2024 20:00:00 GMT+0100 (British Summer Time),0,0.0306,0.2357,1053753.3355984911
Mon Apr 29 2024 21:00:00 GMT+0100 (British Summer Time),0,0.0306,0.2168,1210328.6942599819
Mon Apr 29 2024 22:00:00 GMT+0100 (British Summer Time),0,0.0306,0.2248,1200471.6474886257
Mon Apr 29 2024 23:00:00 GMT+0100 (British Summer Time),0.0268,0.0298,0.2199,560785.1006592605
Tue Apr 30 2024 00:00:00 GMT+0100 (British Summer Time),0.0267,0.0298,0.2184,345489.15028755076
Tue Apr 30 2024 01:00:00 GMT+0100 (British Summer Time),0.0267,0.0298,0.2202,274813.17448349914
Tue Apr 30 2024 02:00:00 GMT+0100 (British Summer Time),0.0268,0.0298,0.2366,687710.4628285405
Tue Apr 30 2024 03:00:00 GMT+0100 (British Summer Time),0.0268,0.0298,0.2208,438612.451528483
Tue Apr 30 2024 04:00:00 GMT+0100 (British Summer Time),0.0268,0.0298,0.2224,363573.85152797925
Tue Apr 30 2024 05:00:00 GMT+0100 (British Summer Time),0.0267,0.0298,0.2181,25745.034788655652
Tue Apr 30 2024 06:00:00 GMT+0100 (British Summer Time),0.0267,0.0297,0.2527,648175.1463293072
Tue Apr 30 2024 07:00:00 GMT+0100 (British Summer Time),0.0268,0.0297,0.2589,334469.2606475897
Tue Apr 30 2024 08:00:00 GMT+0100 (British Summer Time),0.0268,0.0297,0.2636,267251.06438128534
Tue Apr 30 2024 09:00:00 GMT+0100 (British Summer Time),0.0267,0.0297,0.2652,230243.88180543593
Tue Apr 30 2024 10:00:00 GMT+0100 (British Summer Time),0.0267,0.0297,0.2409,191687.49296366112
Tue Apr 30 2024 11:00:00 GMT+0100 (British Summer Time),0.0268,0.0297,0.2436,73387.87280012891
Tue Apr 30 2024 12:00:00 GMT+0100 (British Summer Time),0.0268,0.0297,0.2436,0
Tue Apr 30 2024 13:00:00 GMT+0100 (British Summer Time),0.0268,0.0297,0.2436,37113.39733644358
Tue Apr 30 2024 14:00:00 GMT+0100 (British Summer Time),0.0267,0.0297,0.2397,1636.9803828565036
Tue Apr 30 2024 15:00:00 GMT+0100 (British Summer Time),0.0267,0.0297,0.2588,106627.64404230507
Tue Apr 30 2024 16:00:00 GMT+0100 (British Summer Time),0.0268,0.0297,0.2528,79644.4376065003
Tue Apr 30 2024 17:00:00 GMT+0100 (British Summer Time),0.0268,0.0297,0.2543,20234.56903786557
Tue Apr 30 2024 18:00:00 GMT+0100 (British Summer Time),0.0267,0.0297,0.2372,491534.94800013455
Tue Apr 30 2024 19:00:00 GMT+0100 (British Summer Time),0.0267,0.0297,0.2431,270243.11669251707
Tue Apr 30 2024 20:00:00 GMT+0100 (British Summer Time),0.0268,0.0297,0.2344,14683.867761052465
Tue Apr 30 2024 21:00:00 GMT+0100 (British Summer Time),0.0268,0.0297,0.234,32496.142517719727
Tue Apr 30 2024 22:00:00 GMT+0100 (British Summer Time),0.0268,0.0297,0.2334,95557.299445891
Tue Apr 30 2024 23:00:00 GMT+0100 (British Summer Time),0,0.0297,0.2364,34266.81123285359
Wed May 01 2024 00:00:00 GMT+0100 (British Summer Time),0,0.0297,0.2374,17522.146899924745
Wed May 01 2024 01:00:00 GMT+0100 (British Summer Time),0,0.0297,0.2395,11820.345514440089
Wed May 01 2024 02:00:00 GMT+0100 (British Summer Time),0,0.0297,0.2513,91590.88728671247
Wed May 01 2024 03:00:00 GMT+0100 (British Summer Time),0,0.0297,0.2465,30661.36687048755
Wed May 01 2024 04:00:00 GMT+0100 (British Summer Time),0,0.0297,0.2467,8139.0087608435315
Wed May 01 2024 05:00:00 GMT+0100 (British Summer Time),0,0.0297,0.2451,16786.193149555333
Wed May 01 2024 06:00:00 GMT+0100 (British Summer Time),0,0.0276,0.2407,38210.69151513993
Wed May 01 2024 07:00:00 GMT+0100 (British Summer Time),0,0.0276,0.2402,3119.2654831520513
Wed May 01 2024 08:00:00 GMT+0100 (British Summer Time),0,0.0276,0.2398,79974.91955564801
Wed May 01 2024 09:00:00 GMT+0100 (British Summer Time),0,0.0276,0.2537,150900.9710177165
Wed May 01 2024 10:00:00 GMT+0100 (British Summer Time),0,0.0276,0.245,180667.6811000032
Wed May 01 2024 11:00:00 GMT+0100 (British Summer Time),0,0.0276,0.2545,84489.04014648526
Wed May 01 2024 12:00:00 GMT+0100 (British Summer Time),0,0.0276,0.247,75235.44440554598
Wed May 01 2024 13:00:00 GMT+0100 (British Summer Time),0.0267,0.0274,0.248,13058.040139818697
Wed May 01 2024 14:00:00 GMT+0100 (British Summer Time),0.0267,0.0274,0.2473,245484.55531899087
Wed May 01 2024 15:00:00 GMT+0100 (British Summer Time),0.0267,0.0274,0.2458,89340.64698931666
Wed May 01 2024 16:00:00 GMT+0100 (British Summer Time),0.0267,0.0274,0.2566,29411.278048683696
Wed May 01 2024 17:00:00 GMT+0100 (British Summer Time),0.0267,0.0274,0.2633,351747.5571892021
Wed May 01 2024 18:00:00 GMT+0100 (British Summer Time),0.0267,0.0274,0.2726,168527.3562777846
Wed May 01 2024 19:00:00 GMT+0100 (British Summer Time),0.0267,0.0274,0.2726,0
Wed May 01 2024 20:00:00 GMT+0100 (British Summer Time),0.0267,0.0274,0.2718,13639.752675571755
Wed May 01 2024 21:00:00 GMT+0100 (British Summer Time),0.0267,0.0274,0.2759,27207.361547753797
Wed May 01 2024 22:00:00 GMT+0100 (British Summer Time),0.0267,0.0274,0.2788,92774.04694297194
Wed May 01 2024 23:00:00 GMT+0100 (British Summer Time),0.0267,0.0274,0.2804,63607.728462224164
Thu May 02 2024 00:00:00 GMT+0100 (British Summer Time),0.0267,0.0274,0.2724,80424.73005262822
Thu May 02 2024 01:00:00 GMT+0100 (British Summer Time),0.0267,0.0274,0.2734,23109.315133049884
Thu May 02 2024 02:00:00 GMT+0100 (British Summer Time),0.0267,0.0274,0.2748,49084.39167263275
Thu May 02 2024 03:00:00 GMT+0100 (British Summer Time),0.0267,0.0274,0.2756,21873.701527030727
Thu May 02 2024 04:00:00 GMT+0100 (British Summer Time),0.0267,0.0274,0.2588,165114.35137981933
Thu May 02 2024 05:00:00 GMT+0100 (British Summer Time),0.0267,0.0274,0.2854,299722.7379313715
Thu May 02 2024 06:00:00 GMT+0100 (British Summer Time),0.0267,0.0274,0.2798,41291.6406084327
Thu May 02 2024 07:00:00 GMT+0100 (British Summer Time),0.0267,0.0274,0.2811,579.1525520519567
Thu May 02 2024 08:00:00 GMT+0100 (British Summer Time),0.0267,0.0274,0.2793,25139.09101009563
Thu May 02 2024 09:00:00 GMT+0100 (British Summer Time),0.0267,0.0274,0.2772,13745.602356762052
Thu May 02 2024 10:00:00 GMT+0100 (British Summer Time),0.0267,0.0274,0.2785,22099.385875641965
Thu May 02 2024 11:00:00 GMT+0100 (British Summer Time),0.0267,0.0274,0.283,328307.5978790106
Thu May 02 2024 12:00:00 GMT+0100 (British Summer Time),0.0267,0.0274,0.2846,69284.59356788271
Thu May 02 2024 13:00:00 GMT+0100 (British Summer Time),0,0.0274,0.2846,23552.97807828547
Thu May 02 2024 14:00:00 GMT+0100 (British Summer Time),0,0.0274,0.2722,145649.72391262482
Thu May 02 2024 15:00:00 GMT+0100 (British Summer Time),0,0.0274,0.2562,148387.42802293997
Thu May 02 2024 16:00:00 GMT+0100 (British Summer Time),0,0.0274,0.2646,47416.644906829206
Thu May 02 2024 17:00:00 GMT+0100 (British Summer Time),0,0.0274,0.2646,0
Thu May 02 2024 18:00:00 GMT+0100 (British Summer Time),0,0.0274,0.2654,4741.452645431913
Thu May 02 2024 19:00:00 GMT+0100 (British Summer Time),0,0.0274,0.2709,45464.720447024156
Thu May 02 2024 20:00:00 GMT+0100 (British Summer Time),0,0.0274,0.2711,251947.20857006148
Thu May 02 2024 21:00:00 GMT+0100 (British Summer Time),0,0.0274,0.2706,3868.775767920406
Thu May 02 2024 22:00:00 GMT+0100 (British Summer Time),0,0.0274,0.259,87881.03148375133
Thu May 02 2024 23:00:00 GMT+0100 (British Summer Time),0,0.0274,0.259,0
Fri May 03 2024 00:00:00 GMT+0100 (British Summer Time),0,0.0274,0.257,20855.667704247157
Fri May 03 2024 01:00:00 GMT+0100 (British Summer Time),0,0.0274,0.2574,7349.985558769089
Fri May 03 2024 02:00:00 GMT+0100 (British Summer Time),0,0.0274,0.253,1192429.2896871225
Fri May 03 2024 03:00:00 GMT+0100 (British Summer Time),0,0.0269,0.2644,76752.93494087996
Fri May 03 2024 04:00:00 GMT+0100 (British Summer Time),0,0.0269,0.2594,132461.72111226557
Fri May 03 2024 05:00:00 GMT+0100 (British Summer Time),0.0283,0.0272,0.2467,204626.36103131124
Fri May 03 2024 06:00:00 GMT+0100 (British Summer Time),0.0283,0.0272,0.2493,130305.92748699807
Fri May 03 2024 07:00:00 GMT+0100 (British Summer Time),0.0283,0.0272,0.2471,35209.918038425865
Fri May 03 2024 08:00:00 GMT+0100 (British Summer Time),0.0283,0.0272,0.2398,81059.81205829073
Fri May 03 2024 09:00:00 GMT+0100 (British Summer Time),0.0283,0.0272,0.2474,77335.45006011873
Fri May 03 2024 10:00:00 GMT+0100 (British Summer Time),0.0283,0.0272,0.2473,23482.278641396377
Fri May 03 2024 11:00:00 GMT+0100 (British Summer Time),0.0283,0.0272,0.2444,55895.16661231773
Fri May 03 2024 12:00:00 GMT+0100 (British Summer Time),0.0283,0.0272,0.2464,12097.028924033562
Fri May 03 2024 13:00:00 GMT+0100 (British Summer Time),0.0283,0.0272,0.2477,29653.992888266173
Fri May 03 2024 14:00:00 GMT+0100 (British Summer Time),0.0283,0.0272,0.2533,242937.06810098642
Fri May 03 2024 15:00:00 GMT+0100 (British Summer Time),0.0282,0.0272,0.2625,55863.68416071231
Fri May 03 2024 16:00:00 GMT+0100 (British Summer Time),0.0283,0.0272,0.2625,0
Fri May 03 2024 17:00:00 GMT+0100 (British Summer Time),0.0283,0.0272,0.2637,6679.137750993405
Fri May 03 2024 18:00:00 GMT+0100 (British Summer Time),0.0283,0.0272,0.2628,4739.5240473434305
Fri May 03 2024 19:00:00 GMT+0100 (British Summer Time),0.0283,0.0272,0.2658,41781.605107879615
Fri May 03 2024 20:00:00 GMT+0100 (British Summer Time),0.0283,0.0272,0.2661,7366.979635436041
Fri May 03 2024 21:00:00 GMT+0100 (British Summer Time),0.0283,0.0272,0.2695,30570.19972699622
Fri May 03 2024 22:00:00 GMT+0100 (British Summer Time),0.0283,0.0272,0.2713,4719.246250012739
Fri May 03 2024 23:00:00 GMT+0100 (British Summer Time),0.0283,0.0272,0.2693,11380.860290619135
Sat May 04 2024 00:00:00 GMT+0100 (British Summer Time),0.0282,0.0272,0.2694,2838.7668641736454
Sat May 04 2024 01:00:00 GMT+0100 (British Summer Time),0.0283,0.0272,0.2706,6690.290639980056
Sat May 04 2024 02:00:00 GMT+0100 (British Summer Time),0.0283,0.0272,0.2699,6678.7616796658895
Sat May 04 2024 03:00:00 GMT+0100 (British Summer Time),0.0283,0.0272,0.272,42264.41894526543
Sat May 04 2024 04:00:00 GMT+0100 (British Summer Time),0.0283,0.0272,0.2509,217690.1016012593
Sat May 04 2024 05:00:00 GMT+0100 (British Summer Time),0,0.0272,0.2525,9089.352938415634
Sat May 04 2024 06:00:00 GMT+0100 (British Summer Time),0,0.0272,0.2531,3710.5620063117485
Sat May 04 2024 07:00:00 GMT+0100 (British Summer Time),0,0.0272,0.2616,121077.9383887742
Sat May 04 2024 08:00:00 GMT+0100 (British Summer Time),0,0.0272,0.2611,27639.935177278654
Sat May 04 2024 09:00:00 GMT+0100 (British Summer Time),0,0.0272,0.2605,177607.00677266155
Sat May 04 2024 10:00:00 GMT+0100 (British Summer Time),0,0.0272,0.2676,54032.513927025175
Sat May 04 2024 11:00:00 GMT+0100 (British Summer Time),0,0.0272,0.268,2710.9660677745196
Sat May 04 2024 12:00:00 GMT+0100 (British Summer Time),0,0.0272,0.2678,16475.898969629965
Sat May 04 2024 13:00:00 GMT+0100 (British Summer Time),0,0.0272,0.2685,71727.34382347793
Sat May 04 2024 14:00:00 GMT+0100 (British Summer Time),0,0.0272,0.2712,61766.745165263244
Sat May 04 2024 15:00:00 GMT+0100 (British Summer Time),0,0.0272,0.2799,371173.98857368965
Sat May 04 2024 16:00:00 GMT+0100 (British Summer Time),0,0.0272,0.2772,15303.901660143358
Sat May 04 2024 17:00:00 GMT+0100 (British Summer Time),0.031,0.0278,0.273,122726.03965908308
Sat May 04 2024 18:00:00 GMT+0100 (British Summer Time),0.031,0.0278,0.2822,60278.14490348867
Sat May 04 2024 19:00:00 GMT+0100 (British Summer Time),0.031,0.0278,0.2838,70043.5073579549
Sat May 04 2024 20:00:00 GMT+0100 (British Summer Time),0.0309,0.0278,0.2857,102124.11918325648
Sat May 04 2024 21:00:00 GMT+0100 (British Summer Time),0.0309,0.0278,0.2892,123348.77650965148
Sat May 04 2024 22:00:00 GMT+0100 (British Summer Time),0.031,0.0278,0.2904,28681.526671260024
Sat May 04 2024 23:00:00 GMT+0100 (British Summer Time),0.031,0.0278,0.2926,402962.68609533005
Sun May 05 2024 00:00:00 GMT+0100 (British Summer Time),0.031,0.0278,0.2979,236904.17709380353
Sun May 05 2024 01:00:00 GMT+0100 (British Summer Time),0.0309,0.0278,0.3001,165762.65617503805
Sun May 05 2024 02:00:00 GMT+0100 (British Summer Time),0.031,0.0278,0.2948,111745.74454292761
Sun May 05 2024 03:00:00 GMT+0100 (British Summer Time),0.031,0.0278,0.2902,82440.67863840773
Sun May 05 2024 04:00:00 GMT+0100 (British Summer Time),0.031,0.0281,0.2805,92681.38666171575
Sun May 05 2024 05:00:00 GMT+0100 (British Summer Time),0.0309,0.0281,0.2845,24169.278871857816
Sun May 05 2024 06:00:00 GMT+0100 (British Summer Time),0.0309,0.0281,0.2868,97370.79100192721
Sun May 05 2024 07:00:00 GMT+0100 (British Summer Time),0.031,0.0281,0.2779,112258.86604731323
Sun May 05 2024 08:00:00 GMT+0100 (British Summer Time),0.031,0.0281,0.2775,30356.609616368518
Sun May 05 2024 09:00:00 GMT+0100 (British Summer Time),0.031,0.0281,0.2796,12074.875687456686
Sun May 05 2024 10:00:00 GMT+0100 (British Summer Time),0.0309,0.0281,0.2769,46326.388845734444
Sun May 05 2024 11:00:00 GMT+0100 (British Summer Time),0.031,0.0281,0.2776,682.4556101102678
Sun May 05 2024 12:00:00 GMT+0100 (British Summer Time),0.031,0.0281,0.2778,1980.1513124472092
Sun May 05 2024 13:00:00 GMT+0100 (British Summer Time),0.031,0.0281,0.2749,88506.70244243361
Sun May 05 2024 14:00:00 GMT+0100 (British Summer Time),0.0309,0.0281,0.2714,68704.82168921869
Sun May 05 2024 15:00:00 GMT+0100 (British Summer Time),0.0309,0.0281,0.2808,60593.94152048914
Sun May 05 2024 16:00:00 GMT+0100 (British Summer Time),0.031,0.0281,0.2809,19748.78082913468
Sun May 05 2024 17:00:00 GMT+0100 (British Summer Time),0,0.0281,0.2733,120913.90467033153
Sun May 05 2024 18:00:00 GMT+0100 (British Summer Time),0,0.0281,0.2778,27535.427996723836
Sun May 05 2024 19:00:00 GMT+0100 (British Summer Time),0,0.0281,0.2786,11007.580075510119
Sun May 05 2024 20:00:00 GMT+0100 (British Summer Time),0,0.0281,0.2809,50006.522995044594
Sun May 05 2024 21:00:00 GMT+0100 (British Summer Time),0,0.0281,0.2788,83392.29854780211
Sun May 05 2024 22:00:00 GMT+0100 (British Summer Time),0,0.0281,0.2788,17799.513778081462
Sun May 05 2024 23:00:00 GMT+0100 (British Summer Time),0,0.0281,0.2802,13967.102763880772
Mon May 06 2024 00:00:00 GMT+0100 (British Summer Time),0,0.0281,0.2803,2976.2796231083566
Mon May 06 2024 01:00:00 GMT+0100 (British Summer Time),0,0.0281,0.2817,14145.611936096271
Mon May 06 2024 02:00:00 GMT+0100 (British Summer Time),0,0.0281,0.2818,693.64839500847
Mon May 06 2024 03:00:00 GMT+0100 (British Summer Time),0,0.0281,0.2826,5699.240375319519
Mon May 06 2024 04:00:00 GMT+0100 (British Summer Time),0.0281,0.0281,0.2916,82668.52802634402
Mon May 06 2024 05:00:00 GMT+0100 (British Summer Time),0.0282,0.0281,0.3007,314740.08916693233
Mon May 06 2024 06:00:00 GMT+0100 (British Summer Time),0.0282,0.0281,0.3011,20246.118374081172
Mon May 06 2024 07:00:00 GMT+0100 (British Summer Time),0.0281,0.0281,0.3015,17955.611248462024
Mon May 06 2024 08:00:00 GMT+0100 (British Summer Time),0.0281,0.0281,0.301,84890.42082781144
Mon May 06 2024 09:00:00 GMT+0100 (British Summer Time),0.0281,0.0281,0.3018,4937.510201487122
Mon May 06 2024 10:00:00 GMT+0100 (British Summer Time),0.0282,0.0281,0.3017,16748.758071714696
Mon May 06 2024 11:00:00 GMT+0100 (British Summer Time),0.0281,0.0281,0.3036,42512.861052582695
Mon May 06 2024 12:00:00 GMT+0100 (British Summer Time),0.0281,0.0281,0.3042,5670.718181498193
Mon May 06 2024 13:00:00 GMT+0100 (British Summer Time),0.0281,0.0281,0.3043,57442.89757525803
Mon May 06 2024 14:00:00 GMT+0100 (British Summer Time),0.0282,0.0281,0.2968,80870.89569131075
Mon May 06 2024 15:00:00 GMT+0100 (British Summer Time),0.0282,0.0281,0.2982,30763.63254309785
Mon May 06 2024 16:00:00 GMT+0100 (British Summer Time),0.0281,0.0281,0.3019,34260.97576626973
Mon May 06 2024 17:00:00 GMT+0100 (British Summer Time),0.0281,0.0281,0.2964,60737.8671909874
Mon May 06 2024 18:00:00 GMT+0100 (British Summer Time),0.0281,0.0281,0.2946,27579.649953154614
Mon May 06 2024 19:00:00 GMT+0100 (British Summer Time),0.0282,0.0281,0.2882,90078.57863179318
Mon May 06 2024 20:00:00 GMT+0100 (British Summer Time),0.0281,0.0281,0.2787,157688.20553659252
Mon May 06 2024 21:00:00 GMT+0100 (British Summer Time),0.0281,0.0281,0.2818,14156.605534348459
Mon May 06 2024 22:00:00 GMT+0100 (British Summer Time),0.0281,0.0281,0.2812,24113.06323264863
Mon May 06 2024 23:00:00 GMT+0100 (British Summer Time),0.0282,0.0285,0.2677,118061.59660568135
Tue May 07 2024 00:00:00 GMT+0100 (British Summer Time),0.0282,0.0285,0.2693,9426.265254154205
Tue May 07 2024 01:00:00 GMT+0100 (British Summer Time),0.0281,0.0285,0.2654,71443.66820726618
Tue May 07 2024 02:00:00 GMT+0100 (British Summer Time),0.0281,0.0285,0.2579,296509.72257446335
Tue May 07 2024 03:00:00 GMT+0100 (British Summer Time),0.0281,0.0285,0.2631,20720.122872124513
Tue May 07 2024 04:00:00 GMT+0100 (British Summer Time),0,0.0285,0.2648,10467.963193008767
Tue May 07 2024 05:00:00 GMT+0100 (British Summer Time),0,0.0285,0.2698,35978.88096957051
Tue May 07 2024 06:00:00 GMT+0100 (British Summer Time),0,0.0285,0.2667,33374.63456824472
Tue May 07 2024 07:00:00 GMT+0100 (British Summer Time),0,0.0285,0.276,73489.72275444062
Tue May 07 2024 08:00:00 GMT+0100 (British Summer Time),0,0.0285,0.2775,24052.978192643932
Tue May 07 2024 09:00:00 GMT+0100 (British Summer Time),0,0.0285,0.2746,17261.677809503257
Tue May 07 2024 10:00:00 GMT+0100 (British Summer Time),0,0.0285,0.2813,200355.80912713078
Tue May 07 2024 11:00:00 GMT+0100 (British Summer Time),0,0.0285,0.2773,198041.2729784025
Tue May 07 2024 12:00:00 GMT+0100 (British Summer Time),0,0.0285,0.2772,11749.745265802532
Tue May 07 2024 13:00:00 GMT+0100 (British Summer Time),0,0.0285,0.2791,12769.963019114795
Tue May 07 2024 14:00:00 GMT+0100 (British Summer Time),0,0.0285,0.2603,212684.42540349095
Tue May 07 2024 15:00:00 GMT+0100 (British Summer Time),0,0.0285,0.2598,11775.559957213041
Tue May 07 2024 16:00:00 GMT+0100 (British Summer Time),0,0.0285,0.2603,17087.516668000437
Tue May 07 2024 17:00:00 GMT+0100 (British Summer Time),0,0.0285,0.2626,0
Tue May 07 2024 18:00:00 GMT+0100 (British Summer Time),0,0.0285,0.2754,164600.61889065546
Tue May 07 2024 19:00:00 GMT+0100 (British Summer Time),0,0.0285,0.2869,164789.4472888353
Tue May 07 2024 20:00:00 GMT+0100 (British Summer Time),0,0.0285,0.2899,17753.78289722981
Tue May 07 2024 21:00:00 GMT+0100 (British Summer Time),0,0.0285,0.2861,136199.08961540548
Tue May 07 2024 22:00:00 GMT+0100 (British Summer Time),0,0.0285,0.2819,44604.69790635361
Tue May 07 2024 23:00:00 GMT+0100 (British Summer Time),0,0.0285,0.2817,6131.953459826332
Wed May 08 2024 00:00:00 GMT+0100 (British Summer Time),0,0.0285,0.2814,6863.770015401888
Wed May 08 2024 01:00:00 GMT+0100 (British Summer Time),0.0295,0.0287,0.2787,180132.71278928025
Wed May 08 2024 02:00:00 GMT+0100 (British Summer Time),0.0295,0.0287,0.2781,11261.241409725855
Wed May 08 2024 03:00:00 GMT+0100 (British Summer Time),0.0295,0.0287,0.2778,6691.441706975966
Wed May 08 2024 04:00:00 GMT+0100 (British Summer Time),0.0295,0.0287,0.279,309168.7619586774
Wed May 08 2024 05:00:00 GMT+0100 (British Summer Time),0.0295,0.0287,0.2774,18178.065068787444
Wed May 08 2024 06:00:00 GMT+0100 (British Summer Time),0.0295,0.0287,0.2757,54874.10671027278
Wed May 08 2024 07:00:00 GMT+0100 (British Summer Time),0.0295,0.0287,0.2753,2799.5007195714634
Wed May 08 2024 08:00:00 GMT+0100 (British Summer Time),0.0295,0.0287,0.279,22946.874442610988
Wed May 08 2024 09:00:00 GMT+0100 (British Summer Time),0.0295,0.0287,0.2791,46768.67114734803
Wed May 08 2024 10:00:00 GMT+0100 (British Summer Time),0.0295,0.0287,0.2753,221261.69401095348
Wed May 08 2024 11:00:00 GMT+0100 (British Summer Time),0.0295,0.0287,0.2807,28442.252845418603
Wed May 08 2024 12:00:00 GMT+0100 (British Summer Time),0.0295,0.0287,0.2803,30015.638712230346
Wed May 08 2024 13:00:00 GMT+0100 (British Summer Time),0.0295,0.0292,0.2753,167794.1333885066
Wed May 08 2024 14:00:00 GMT+0100 (British Summer Time),0.0295,0.0292,0.2638,78731.9144405366
Wed May 08 2024 15:00:00 GMT+0100 (British Summer Time),0.0295,0.0292,0.2599,40439.61358435828
Wed May 08 2024 16:00:00 GMT+0100 (British Summer Time),0.0295,0.0292,0.2575,119428.72157873557
Wed May 08 2024 17:00:00 GMT+0100 (British Summer Time),0.0295,0.0292,0.256,25199.579967530968
Wed May 08 2024 18:00:00 GMT+0100 (British Summer Time),0.0295,0.0292,0.2555,870075.8394403096
Wed May 08 2024 19:00:00 GMT+0100 (British Summer Time),0.0295,0.0292,0.253,137878.16474030868
Wed May 08 2024 20:00:00 GMT+0100 (British Summer Time),0.0295,0.0292,0.2515,114769.24907995912
Wed May 08 2024 21:00:00 GMT+0100 (British Summer Time),0.0295,0.0292,0.2516,293.3534860027748
Wed May 08 2024 22:00:00 GMT+0100 (British Summer Time),0.0295,0.0292,0.2577,56716.72107537173
Wed May 08 2024 23:00:00 GMT+0100 (British Summer Time),0.0295,0.0292,0.2576,541.704602444093
Thu May 09 2024 00:00:00 GMT+0100 (British Summer Time),0.0295,0.0292,0.2616,111644.94455811706
Thu May 09 2024 01:00:00 GMT+0100 (British Summer Time),0,0.0292,0.2611,3121.8739562524247
Thu May 09 2024 02:00:00 GMT+0100 (British Summer Time),0,0.0292,0.2606,2997.8820501591813
Thu May 09 2024 03:00:00 GMT+0100 (British Summer Time),0,0.0292,0.2605,12376.891683621649
Thu May 09 2024 04:00:00 GMT+0100 (British Summer Time),0,0.0292,0.2544,34157.72857106774
Thu May 09 2024 05:00:00 GMT+0100 (British Summer Time),0,0.0292,0.2563,198562.6313430556
Thu May 09 2024 06:00:00 GMT+0100 (British Summer Time),0,0.0292,0.2548,4940.397212502148
Thu May 09 2024 07:00:00 GMT+0100 (British Summer Time),0,0.0292,0.2548,0
Thu May 09 2024 08:00:00 GMT+0100 (British Summer Time),0,0.0292,0.2554,10496.892159839885
Thu May 09 2024 09:00:00 GMT+0100 (British Summer Time),0,0.0292,0.259,152831.34055689813
Thu May 09 2024 10:00:00 GMT+0100 (British Summer Time),0,0.0292,0.2562,16706.60905346355
Thu May 09 2024 11:00:00 GMT+0100 (British Summer Time),0,0.0292,0.2538,64684.83339334753
Thu May 09 2024 12:00:00 GMT+0100 (British Summer Time),0,0.0292,0.254,1237.7099362656886
Thu May 09 2024 13:00:00 GMT+0100 (British Summer Time),0,0.0292,0.2543,36169.16527590283
Thu May 09 2024 14:00:00 GMT+0100 (British Summer Time),0,0.0292,0.2519,151051.2529287358
Thu May 09 2024 15:00:00 GMT+0100 (British Summer Time),0,0.0292,0.2518,146430.67841999469
Thu May 09 2024 16:00:00 GMT+0100 (British Summer Time),0,0.0292,0.255,194747.51539248836
Thu May 09 2024 17:00:00 GMT+0100 (British Summer Time),0,0.0292,0.2536,20545.853859787516
Thu May 09 2024 18:00:00 GMT+0100 (British Summer Time),0,0.0292,0.2515,88040.14316209541
Thu May 09 2024 19:00:00 GMT+0100 (British Summer Time),0,0.0292,0.2597,136360.9284528862
Thu May 09 2024 20:00:00 GMT+0100 (British Summer Time),0,0.0292,0.2597,0
Thu May 09 2024 21:00:00 GMT+0100 (British Summer Time),0,0.0292,0.2597,19768.21549585869
Thu May 09 2024 22:00:00 GMT+0100 (British Summer Time),0,0.0292,0.2597,0
Thu May 09 2024 23:00:00 GMT+0100 (British Summer Time),0,0.0292,0.2597,0
Fri May 10 2024 00:00:00 GMT+0100 (British Summer Time),0.0289,0.0291,0.2598,2326.4825837757994
Fri May 10 2024 01:00:00 GMT+0100 (British Summer Time),0.0289,0.0291,0.2601,32134.016454439792
Fri May 10 2024 02:00:00 GMT+0100 (British Summer Time),0.0289,0.0291,0.2602,14357.916128431354
Fri May 10 2024 03:00:00 GMT+0100 (British Summer Time),0.0289,0.0291,0.2602,0
Fri May 10 2024 04:00:00 GMT+0100 (British Summer Time),0.0289,0.0291,0.26,40133.87433337471
Fri May 10 2024 05:00:00 GMT+0100 (British Summer Time),0.0289,0.0294,0.26,0
Fri May 10 2024 06:00:00 GMT+0100 (British Summer Time),0.0289,0.0294,0.2595,8617.263751840144
Fri May 10 2024 07:00:00 GMT+0100 (British Summer Time),0.0289,0.0294,0.2597,26821.646492591633
Fri May 10 2024 08:00:00 GMT+0100 (British Summer Time),0.0289,0.0293,0.2603,3496.5642929496535
Fri May 10 2024 09:00:00 GMT+0100 (British Summer Time),0.0289,0.0293,0.2591,8760.209812353205
Fri May 10 2024 10:00:00 GMT+0100 (British Summer Time),0.0289,0.0293,0.2597,3412.8780711450854
Fri May 10 2024 11:00:00 GMT+0100 (British Summer Time),0.0289,0.0293,0.2554,35977.73161600039
Fri May 10 2024 12:00:00 GMT+0100 (British Summer Time),0.0289,0.0293,0.2552,1350.4056260873122
Fri May 10 2024 13:00:00 GMT+0100 (British Summer Time),0.0289,0.0293,0.2572,39679.906607939614
Fri May 10 2024 14:00:00 GMT+0100 (British Summer Time),0.0289,0.0293,0.2585,31984.65247892035
Fri May 10 2024 15:00:00 GMT+0100 (British Summer Time),0.0289,0.0294,0.259,98374.0311383331
Fri May 10 2024 16:00:00 GMT+0100 (British Summer Time),0.0289,0.0293,0.2564,15427.020141089322
Fri May 10 2024 17:00:00 GMT+0100 (British Summer Time),0.0289,0.0293,0.2564,0
Fri May 10 2024 18:00:00 GMT+0100 (British Summer Time),0.0289,0.0293,0.2585,153850.61372934244
Fri May 10 2024 19:00:00 GMT+0100 (British Summer Time),0.0289,0.0294,0.2593,45163.619436027366
Fri May 10 2024 20:00:00 GMT+0100 (British Summer Time),0.0289,0.0293,0.2596,1853.4495329224517
Fri May 10 2024 21:00:00 GMT+0100 (British Summer Time),0.0289,0.0293,0.2596,81142.36024877122
Fri May 10 2024 22:00:00 GMT+0100 (British Summer Time),0.0289,0.0293,0.2596,0
Fri May 10 2024 23:00:00 GMT+0100 (British Summer Time),0.0289,0.0293,0.2502,561504.9573120369
Sat May 11 2024 00:00:00 GMT+0100 (British Summer Time),0,0.0294,0.2539,61928.50971926063
Sat May 11 2024 01:00:00 GMT+0100 (British Summer Time),0.0406,0.0309,0.2539,938.0431405329064
Sat May 11 2024 02:00:00 GMT+0100 (British Summer Time),0.0406,0.0309,0.2557,9928.175026203591
Sat May 11 2024 03:00:00 GMT+0100 (British Summer Time),0.0406,0.0309,0.2557,0
Sat May 11 2024 04:00:00 GMT+0100 (British Summer Time),0.0406,0.0309,0.2575,56660.479447706886
Sat May 11 2024 05:00:00 GMT+0100 (British Summer Time),0.0407,0.0309,0.2591,9294.82526843344
Sat May 11 2024 06:00:00 GMT+0100 (British Summer Time),0.0406,0.0309,0.2609,10871.829530169403
Sat May 11 2024 07:00:00 GMT+0100 (British Summer Time),0.0406,0.0309,0.2609,0
Sat May 11 2024 08:00:00 GMT+0100 (British Summer Time),0.0406,0.0309,0.261,46979.37917485113
Sat May 11 2024 09:00:00 GMT+0100 (British Summer Time),0.0407,0.0309,0.2551,43921.9549637669
Sat May 11 2024 10:00:00 GMT+0100 (British Summer Time),0.0406,0.0309,0.2583,19054.821339946055
Sat May 11 2024 11:00:00 GMT+0100 (British Summer Time),0.0406,0.0309,0.2513,60673.135633696664
Sat May 11 2024 12:00:00 GMT+0100 (British Summer Time),0.0406,0.0309,0.2497,19802.10635628686
Sat May 11 2024 13:00:00 GMT+0100 (British Summer Time),0.0406,0.0309,0.2544,114503.36403347965
Sat May 11 2024 14:00:00 GMT+0100 (British Summer Time),0.0407,0.0309,0.2587,26143.823729093267
Sat May 11 2024 15:00:00 GMT+0100 (British Summer Time),0.0406,0.0309,0.2598,63012.17701419555
Sat May 11 2024 16:00:00 GMT+0100 (British Summer Time),0.0406,0.0309,0.2603,6238.040487327187
Sat May 11 2024 17:00:00 GMT+0100 (British Summer Time),0.0406,0.0308,0.2586,44035.718220369265
Sat May 11 2024 18:00:00 GMT+0100 (British Summer Time),0.0407,0.0308,0.2595,5679.93483450145
Sat May 11 2024 19:00:00 GMT+0100 (British Summer Time),0.0406,0.0308,0.2588,49570.5342660726
Sat May 11 2024 20:00:00 GMT+0100 (British Summer Time),0.0406,0.0308,0.2628,60338.82961364149
Sat May 11 2024 21:00:00 GMT+0100 (British Summer Time),0.0406,0.0308,0.2542,63276.670404568955
Sat May 11 2024 22:00:00 GMT+0100 (British Summer Time),0.0406,0.0308,0.2568,15792.825703384035
Sat May 11 2024 23:00:00 GMT+0100 (British Summer Time),0.0407,0.0308,0.2588,50492.08634757076
Sun May 12 2024 00:00:00 GMT+0100 (British Summer Time),0.0406,0.0308,0.2533,44385.86153759624
Sun May 12 2024 01:00:00 GMT+0100 (British Summer Time),0,0.0308,0.2533,0
Sun May 12 2024 02:00:00 GMT+0100 (British Summer Time),0,0.0308,0.2533,0
Sun May 12 2024 03:00:00 GMT+0100 (British Summer Time),0,0.0308,0.2555,18453.674974355457
Sun May 12 2024 04:00:00 GMT+0100 (British Summer Time),0,0.0308,0.2538,10000.739768452322
Sun May 12 2024 05:00:00 GMT+0100 (British Summer Time),0,0.0308,0.2538,110.70191300891827
Sun May 12 2024 06:00:00 GMT+0100 (British Summer Time),0,0.0308,0.2541,1782.6456463791028
Sun May 12 2024 07:00:00 GMT+0100 (British Summer Time),0,0.0308,0.2551,15725.342853316364
Sun May 12 2024 08:00:00 GMT+0100 (British Summer Time),0,0.0308,0.2554,294346.44385631586
Sun May 12 2024 09:00:00 GMT+0100 (British Summer Time),0,0.0308,0.2504,100364.24231489017
Sun May 12 2024 10:00:00 GMT+0100 (British Summer Time),0,0.0308,0.2496,5096.665393280658
Sun May 12 2024 11:00:00 GMT+0100 (British Summer Time),0,0.0308,0.2523,24430.925363370974
Sun May 12 2024 12:00:00 GMT+0100 (British Summer Time),0,0.0308,0.253,4102.224276372897
Sun May 12 2024 13:00:00 GMT+0100 (British Summer Time),0,0.0308,0.2516,52418.483949606496
Sun May 12 2024 14:00:00 GMT+0100 (British Summer Time),0,0.0308,0.2531,42448.36138081076
Sun May 12 2024 15:00:00 GMT+0100 (British Summer Time),0,0.0308,0.2506,68213.12779982682
Sun May 12 2024 16:00:00 GMT+0100 (British Summer Time),0.0279,0.0302,0.2593,81455.18310450007
Sun May 12 2024 17:00:00 GMT+0100 (British Summer Time),0.0279,0.0302,0.2573,62225.51343644934
Sun May 12 2024 18:00:00 GMT+0100 (British Summer Time),0.0279,0.0302,0.2573,214.34951182173262
Sun May 12 2024 19:00:00 GMT+0100 (British Summer Time),0.0279,0.0302,0.259,9739.540904552117
Sun May 12 2024 20:00:00 GMT+0100 (British Summer Time),0.0279,0.0302,0.2568,15886.860053613098
Sun May 12 2024 21:00:00 GMT+0100 (British Summer Time),0.0279,0.0302,0.2579,13157.571097686501
Sun May 12 2024 22:00:00 GMT+0100 (British Summer Time),0.0279,0.0302,0.258,0
Sun May 12 2024 23:00:00 GMT+0100 (British Summer Time),0.0279,0.0302,0.2593,7790.722710161024
Mon May 13 2024 00:00:00 GMT+0100 (British Summer Time),0.0279,0.0302,0.2591,11454.689733202515
Mon May 13 2024 01:00:00 GMT+0100 (British Summer Time),0.0279,0.0302,0.2595,18220.29377657603
Mon May 13 2024 02:00:00 GMT+0100 (British Summer Time),0.0279,0.0302,0.2551,11352.273031307694
Mon May 13 2024 03:00:00 GMT+0100 (British Summer Time),0.0279,0.0302,0.2586,236409.54130206408
Mon May 13 2024 04:00:00 GMT+0100 (British Summer Time),0.0279,0.0307,0.2492,66757.41129710371
Mon May 13 2024 05:00:00 GMT+0100 (British Summer Time),0.0279,0.0307,0.2487,19752.99636406707
Mon May 13 2024 06:00:00 GMT+0100 (British Summer Time),0.0279,0.0307,0.2487,0
Mon May 13 2024 07:00:00 GMT+0100 (British Summer Time),0.0279,0.0307,0.2294,228053.34196457991
Mon May 13 2024 08:00:00 GMT+0100 (British Summer Time),0.0279,0.0307,0.2288,3552.8220506704765
Mon May 13 2024 09:00:00 GMT+0100 (British Summer Time),0.0279,0.0307,0.2294,78735.78395363074
Mon May 13 2024 10:00:00 GMT+0100 (British Summer Time),0.0279,0.0307,0.2411,71488.12003272107
Mon May 13 2024 11:00:00 GMT+0100 (British Summer Time),0.0279,0.0307,0.2375,165379.11230466692
Mon May 13 2024 12:00:00 GMT+0100 (British Summer Time),0.0279,0.0307,0.2375,0
Mon May 13 2024 13:00:00 GMT+0100 (British Summer Time),0.0279,0.0307,0.2377,1086.9169107858877
Mon May 13 2024 14:00:00 GMT+0100 (British Summer Time),0.0279,0.0307,0.2377,0
Mon May 13 2024 15:00:00 GMT+0100 (British Summer Time),0.0279,0.0307,0.2556,463564.3112763631
Mon May 13 2024 16:00:00 GMT+0100 (British Summer Time),0,0.0307,0.2545,0
Mon May 13 2024 17:00:00 GMT+0100 (British Summer Time),0,0.0307,0.2545,0
Mon May 13 2024 18:00:00 GMT+0100 (British Summer Time),0,0.0307,0.2585,348595.73006651876
Mon May 13 2024 19:00:00 GMT+0100 (British Summer Time),0,0.0307,0.2586,228.51017837411104
Mon May 13 2024 20:00:00 GMT+0100 (British Summer Time),0,0.0307,0.2502,107285.49721261747
Mon May 13 2024 21:00:00 GMT+0100 (British Summer Time),0,0.0307,0.2502,0
Mon May 13 2024 22:00:00 GMT+0100 (British Summer Time),0,0.0307,0.2502,0
Mon May 13 2024 23:00:00 GMT+0100 (British Summer Time),0,0.0307,0.2496,6087.937830882434
Tue May 14 2024 00:00:00 GMT+0100 (British Summer Time),0,0.0307,0.2497,719.7885371625066
Tue May 14 2024 01:00:00 GMT+0100 (British Summer Time),0,0.0307,0.25,1752.289680999751
Tue May 14 2024 02:00:00 GMT+0100 (British Summer Time),0,0.0307,0.25,0
Tue May 14 2024 03:00:00 GMT+0100 (British Summer Time),0,0.0307,0.2581,53391.06819726861
Tue May 14 2024 04:00:00 GMT+0100 (British Summer Time),0,0.0307,0.2607,102200.59333005737
Tue May 14 2024 05:00:00 GMT+0100 (British Summer Time),0,0.0307,0.2607,0
Tue May 14 2024 06:00:00 GMT+0100 (British Summer Time),0.0284,0.0303,0.2629,13093.302052099827
Tue May 14 2024 07:00:00 GMT+0100 (British Summer Time),0.0284,0.0303,0.2629,0
Tue May 14 2024 08:00:00 GMT+0100 (British Summer Time),0.0283,0.0303,0.2645,9753.24984810571
Tue May 14 2024 09:00:00 GMT+0100 (British Summer Time),0.0283,0.0303,0.2625,12250.044074633985
Tue May 14 2024 10:00:00 GMT+0100 (British Summer Time),0.0283,0.0303,0.2544,48241.29054928508
Tue May 14 2024 11:00:00 GMT+0100 (British Summer Time),0.0284,0.0303,0.2512,19170.094301732584
Tue May 14 2024 12:00:00 GMT+0100 (British Summer Time),0.0284,0.0303,0.2513,916.6343112672075
Tue May 14 2024 13:00:00 GMT+0100 (British Summer Time),0.0283,0.0303,0.2513,0
Tue May 14 2024 14:00:00 GMT+0100 (British Summer Time),0.0283,0.0303,0.2513,0
Tue May 14 2024 15:00:00 GMT+0100 (British Summer Time),0.0284,0.0303,0.2513,0
Tue May 14 2024 16:00:00 GMT+0100 (British Summer Time),0.0284,0.0303,0.2513,11494.123433276178
Tue May 14 2024 17:00:00 GMT+0100 (British Summer Time),0.0283,0.0303,0.2494,0
Tue May 14 2024 18:00:00 GMT+0100 (British Summer Time),0.0283,0.0303,0.2441,370825.9618839915
Tue May 14 2024 19:00:00 GMT+0100 (British Summer Time),0.0283,0.0303,0.2402,29051.578781711545
Tue May 14 2024 20:00:00 GMT+0100 (British Summer Time),0.0284,0.0303,0.24,28508.035363284343
Tue May 14 2024 21:00:00 GMT+0100 (British Summer Time),0.0284,0.0303,0.242,40046.36743901997
Tue May 14 2024 22:00:00 GMT+0100 (British Summer Time),0.0283,0.0303,0.2399,12466.179326101785
Tue May 14 2024 23:00:00 GMT+0100 (British Summer Time),0.0283,0.0303,0.2399,165.44796947834084
Wed May 15 2024 00:00:00 GMT+0100 (British Summer Time),0.0284,0.0303,0.2398,720.7492589695945
Wed May 15 2024 01:00:00 GMT+0100 (British Summer Time),0.0284,0.0305,0.24,1067.4652490902292
Wed May 15 2024 02:00:00 GMT+0100 (British Summer Time),0.0283,0.0305,0.24,14.159406325445957
Wed May 15 2024 03:00:00 GMT+0100 (British Summer Time),0.0283,0.0305,0.24,0
Wed May 15 2024 04:00:00 GMT+0100 (British Summer Time),0.0284,0.0305,0.2406,3554.7420113952485
Wed May 15 2024 05:00:00 GMT+0100 (British Summer Time),0,0.0305,0.241,2503.038448115541
Wed May 15 2024 06:00:00 GMT+0100 (British Summer Time),0,0.0305,0.241,0
Wed May 15 2024 07:00:00 GMT+0100 (British Summer Time),0,0.0305,0.2401,9731.555722726906
Wed May 15 2024 08:00:00 GMT+0100 (British Summer Time),0,0.0305,0.24,42764.88905428056
Wed May 15 2024 09:00:00 GMT+0100 (British Summer Time),0,0.0305,0.24,6.351546873988868
Wed May 15 2024 10:00:00 GMT+0100 (British Summer Time),0,0.0305,0.2282,288410.0440980274
Wed May 15 2024 11:00:00 GMT+0100 (British Summer Time),0,0.0305,0.2282,0
Wed May 15 2024 12:00:00 GMT+0100 (British Summer Time),0,0.0305,0.227,8935.319027601949
Wed May 15 2024 13:00:00 GMT+0100 (British Summer Time),0,0.0305,0.227,0
Wed May 15 2024 14:00:00 GMT+0100 (British Summer Time),0,0.0305,0.24,120609.50355323844
Wed May 15 2024 15:00:00 GMT+0100 (British Summer Time),0,0.0305,0.2422,13658.950105413738
Wed May 15 2024 16:00:00 GMT+0100 (British Summer Time),0,0.0305,0.2429,20685.305795650736
Wed May 15 2024 17:00:00 GMT+0100 (British Summer Time),0,0.0305,0.2429,0
Wed May 15 2024 18:00:00 GMT+0100 (British Summer Time),0,0.0305,0.2348,48853.30707990629
Wed May 15 2024 19:00:00 GMT+0100 (British Summer Time),0,0.0305,0.2348,0
Wed May 15 2024 20:00:00 GMT+0100 (British Summer Time),0,0.0305,0.2395,34901.1530792766
Wed May 15 2024 21:00:00 GMT+0100 (British Summer Time),0,0.0305,0.2395,116629.48120857791
Wed May 15 2024 22:00:00 GMT+0100 (British Summer Time),0,0.0305,0.2392,56828.539838602
Wed May 15 2024 23:00:00 GMT+0100 (British Summer Time),0,0.0305,0.2385,5376.766983707637
Thu May 16 2024 00:00:00 GMT+0100 (British Summer Time),0,0.0305,0.2387,0
Thu May 16 2024 01:00:00 GMT+0100 (British Summer Time),0,0.0305,0.2387,0
Thu May 16 2024 02:00:00 GMT+0100 (British Summer Time),0.0391,0.0325,0.2376,53036.29197630733
Thu May 16 2024 03:00:00 GMT+0100 (British Summer Time),0.0391,0.0325,0.2325,113310.81223393383
Thu May 16 2024 04:00:00 GMT+0100 (British Summer Time),0.0391,0.0325,0.2235,411867.8877934763
Thu May 16 2024 05:00:00 GMT+0100 (British Summer Time),0.0391,0.0325,0.223,385662.60083309526
Thu May 16 2024 06:00:00 GMT+0100 (British Summer Time),0.0391,0.0325,0.223,0
Thu May 16 2024 07:00:00 GMT+0100 (British Summer Time),0.0391,0.0325,0.2243,41335.33839218478
Thu May 16 2024 08:00:00 GMT+0100 (British Summer Time),0.039,0.0325,0.2339,46155.94059232263
Thu May 16 2024 09:00:00 GMT+0100 (British Summer Time),0.0391,0.0325,0.2312,16332.038798669793
Thu May 16 2024 10:00:00 GMT+0100 (British Summer Time),0.0391,0.0325,0.219,154035.59209940076
Thu May 16 2024 11:00:00 GMT+0100 (British Summer Time),0.0391,0.0325,0.2198,72483.74824896424
Thu May 16 2024 12:00:00 GMT+0100 (British Summer Time),0.0391,0.0325,0.2043,637526.9128565222
Thu May 16 2024 13:00:00 GMT+0100 (British Summer Time),0.0391,0.0325,0.2048,5853.943419047714
Thu May 16 2024 14:00:00 GMT+0100 (British Summer Time),0.0391,0.0325,0.1976,104899.3800664485
Thu May 16 2024 15:00:00 GMT+0100 (British Summer Time),0.0391,0.0325,0.2017,24085.59742675491
Thu May 16 2024 16:00:00 GMT+0100 (British Summer Time),0.0391,0.0325,0.2096,92877.2893039514
Thu May 16 2024 17:00:00 GMT+0100 (British Summer Time),0.039,0.0325,0.1931,132403.2923335324
Thu May 16 2024 18:00:00 GMT+0100 (British Summer Time),0.0391,0.0325,0.1929,256876.77830294805
Thu May 16 2024 19:00:00 GMT+0100 (British Summer Time),0.0391,0.0325,0.2113,0
Thu May 16 2024 20:00:00 GMT+0100 (British Summer Time),0.0391,0.0325,0.2061,30439.446311889093
Thu May 16 2024 21:00:00 GMT+0100 (British Summer Time),0.0391,0.0325,0.2061,5152.177531324984
Thu May 16 2024 22:00:00 GMT+0100 (British Summer Time),0.0391,0.0325,0.208,27249.713678845084
Thu May 16 2024 23:00:00 GMT+0100 (British Summer Time),0.0391,0.0325,0.2087,4765.719873231506
Fri May 17 2024 00:00:00 GMT+0100 (British Summer Time),0.0391,0.0336,0.2093,7239.82547226792
Fri May 17 2024 01:00:00 GMT+0100 (British Summer Time),0.0391,0.0336,0.209,4248.916666679241
Fri May 17 2024 02:00:00 GMT+0100 (British Summer Time),0,0.0336,0.2102,66336.53619635962
Fri May 17 2024 03:00:00 GMT+0100 (British Summer Time),0,0.0336,0.2096,8023.922858632958
Fri May 17 2024 04:00:00 GMT+0100 (British Summer Time),0,0.0336,0.2011,111634.75117160726
Fri May 17 2024 05:00:00 GMT+0100 (British Summer Time),0,0.0336,0.2006,60610.224826779224
Fri May 17 2024 06:00:00 GMT+0100 (British Summer Time),0,0.0336,0.2037,46873.491398963044
Fri May 17 2024 07:00:00 GMT+0100 (British Summer Time),0,0.0336,0.2033,15148.16036428399
Fri May 17 2024 08:00:00 GMT+0100 (British Summer Time),0,0.0336,0.2043,20078.88455064062
Fri May 17 2024 09:00:00 GMT+0100 (British Summer Time),0,0.0336,0.2043,0
Fri May 17 2024 10:00:00 GMT+0100 (British Summer Time),0,0.0336,0.2042,46399.779335536114
Fri May 17 2024 11:00:00 GMT+0100 (British Summer Time),0,0.0336,0.211,13332.99798839558
Fri May 17 2024 12:00:00 GMT+0100 (British Summer Time),0,0.0336,0.2121,6652.516963080196
Fri May 17 2024 13:00:00 GMT+0100 (British Summer Time),0,0.0336,0.2116,3087.911070017912
Fri May 17 2024 14:00:00 GMT+0100 (British Summer Time),0,0.0336,0.2097,12686.344386031727
Fri May 17 2024 15:00:00 GMT+0100 (British Summer Time),0,0.0336,0.2056,32867.47799447131
Fri May 17 2024 16:00:00 GMT+0100 (British Summer Time),0,0.0336,0.2074,10321.565795212948
Fri May 17 2024 17:00:00 GMT+0100 (British Summer Time),0,0.0336,0.2074,0
Fri May 17 2024 18:00:00 GMT+0100 (British Summer Time),0,0.0336,0.2027,74367.97770104473
Fri May 17 2024 19:00:00 GMT+0100 (British Summer Time),0,0.0336,0.2,14409.672419759849
Fri May 17 2024 20:00:00 GMT+0100 (British Summer Time),0,0.0336,0.2,0
Fri May 17 2024 21:00:00 GMT+0100 (British Summer Time),0,0.0336,0.2001,61257.05608015321
Fri May 17 2024 22:00:00 GMT+0100 (British Summer Time),0,0.0336,0.1951,807483.9321748277
Fri May 17 2024 23:00:00 GMT+0100 (British Summer Time),0.0303,0.0328,0.2002,154211.5979432555
Sat May 18 2024 00:00:00 GMT+0100 (British Summer Time),0.0303,0.0328,0.2008,210499.7950601916
Sat May 18 2024 01:00:00 GMT+0100 (British Summer Time),0.0304,0.0317,0.2008,0
Sat May 18 2024 02:00:00 GMT+0100 (British Summer Time),0.0303,0.0316,0.2008,0
Sat May 18 2024 03:00:00 GMT+0100 (British Summer Time),0.0303,0.0316,0.2018,412014.37055971695
Sat May 18 2024 04:00:00 GMT+0100 (British Summer Time),0.0303,0.0316,0.2069,269304.9130915281
Sat May 18 2024 05:00:00 GMT+0100 (British Summer Time),0.0304,0.0317,0.2069,0
Sat May 18 2024 06:00:00 GMT+0100 (British Summer Time),0.0303,0.0316,0.2071,1311.5800972490824
Sat May 18 2024 07:00:00 GMT+0100 (British Summer Time),0.0303,0.0316,0.2077,27549.423912481332
Sat May 18 2024 08:00:00 GMT+0100 (British Summer Time),0.0304,0.0317,0.2078,419.5618267157454
Sat May 18 2024 09:00:00 GMT+0100 (British Summer Time),0.0304,0.0316,0.1721,1103022.295032859
Sat May 18 2024 10:00:00 GMT+0100 (British Summer Time),0.0303,0.0316,0.1862,76508.1641990745
Sat May 18 2024 11:00:00 GMT+0100 (British Summer Time),0.0303,0.0316,0.1862,0
Sat May 18 2024 12:00:00 GMT+0100 (British Summer Time),0.0304,0.0317,0.1866,4328.134407465244
Sat May 18 2024 13:00:00 GMT+0100 (British Summer Time),0.0303,0.0316,0.1885,60306.126682385715
Sat May 18 2024 14:00:00 GMT+0100 (British Summer Time),0.0303,0.0316,0.1879,4071.3671603293014
Sat May 18 2024 15:00:00 GMT+0100 (British Summer Time),0.0303,0.0316,0.1882,104.62625529738298
Sat May 18 2024 16:00:00 GMT+0100 (British Summer Time),0.0304,0.0317,0.1875,3683.4827212348523
Sat May 18 2024 17:00:00 GMT+0100 (British Summer Time),0.0304,0.0316,0.1854,12315.657555919372
Sat May 18 2024 18:00:00 GMT+0100 (British Summer Time),0.0303,0.0316,0.1854,0
Sat May 18 2024 19:00:00 GMT+0100 (British Summer Time),0.0303,0.0316,0.1856,810.5940161071424
Sat May 18 2024 20:00:00 GMT+0100 (British Summer Time),0.0303,0.0316,0.1866,7764.235890897446
Sat May 18 2024 21:00:00 GMT+0100 (British Summer Time),0.0304,0.0317,0.1854,6344.000104757262
Sat May 18 2024 22:00:00 GMT+0100 (British Summer Time),0.0303,0.0316,0.1852,17289.405874671873
Sat May 18 2024 23:00:00 GMT+0100 (British Summer Time),0,0.0316,0.1842,5256.371882432136
Sun May 19 2024 00:00:00 GMT+0100 (British Summer Time),0,0.0316,0.1847,9941.873838910806
Sun May 19 2024 01:00:00 GMT+0100 (British Summer Time),0,0.0317,0.1847,806.7579651522701
Sun May 19 2024 02:00:00 GMT+0100 (British Summer Time),0,0.0316,0.1955,58607.660155708436
Sun May 19 2024 03:00:00 GMT+0100 (British Summer Time),0,0.0316,0.1955,0
Sun May 19 2024 04:00:00 GMT+0100 (British Summer Time),0,0.0316,0.1955,0.8236459235580722
Sun May 19 2024 05:00:00 GMT+0100 (British Summer Time),0,0.0316,0.1961,3073.275007765473
Sun May 19 2024 06:00:00 GMT+0100 (British Summer Time),0,0.0317,0.1942,10597.313162702461
Sun May 19 2024 07:00:00 GMT+0100 (British Summer Time),0,0.0316,0.1941,81.79847373588449
Sun May 19 2024 08:00:00 GMT+0100 (British Summer Time),0,0.0316,0.1941,113.37315250293099
Sun May 19 2024 09:00:00 GMT+0100 (British Summer Time),0.03,0.0314,0.1934,4288.794133241158
Sun May 19 2024 10:00:00 GMT+0100 (British Summer Time),0.03,0.0314,0.1934,0
Sun May 19 2024 11:00:00 GMT+0100 (British Summer Time),0.03,0.0314,0.1934,0
Sun May 19 2024 12:00:00 GMT+0100 (British Summer Time),0.03,0.0314,0.1939,3175.5725506413337
Sun May 19 2024 13:00:00 GMT+0100 (British Summer Time),0.03,0.0314,0.1939,0
Sun May 19 2024 14:00:00 GMT+0100 (British Summer Time),0.03,0.0314,0.2071,156640.28825288572
Sun May 19 2024 15:00:00 GMT+0100 (British Summer Time),0.03,0.0314,0.2052,100162.44449665643
Sun May 19 2024 16:00:00 GMT+0100 (British Summer Time),0.03,0.0322,0.1972,43045.406419290455
Sun May 19 2024 17:00:00 GMT+0100 (British Summer Time),0.03,0.0322,0.1962,11646.401116726385
Sun May 19 2024 18:00:00 GMT+0100 (British Summer Time),0.03,0.0322,0.1956,10891.25218008292
Sun May 19 2024 19:00:00 GMT+0100 (British Summer Time),0.03,0.0322,0.1942,39.447673422178475
Sun May 19 2024 20:00:00 GMT+0100 (British Summer Time),0.03,0.0322,0.1933,4823.968649789428
Sun May 19 2024 21:00:00 GMT+0100 (British Summer Time),0.03,0.0322,0.1926,3982.540100236984
Sun May 19 2024 22:00:00 GMT+0100 (British Summer Time),0.03,0.0322,0.1926,1083.320479409674
Sun May 19 2024 23:00:00 GMT+0100 (British Summer Time),0.03,0.0322,0.1926,917.2740716936735
Mon May 20 2024 00:00:00 GMT+0100 (British Summer Time),0.03,0.0322,0.1887,51189.24878706909
Mon May 20 2024 01:00:00 GMT+0100 (British Summer Time),0.03,0.0322,0.1887,0
Mon May 20 2024 02:00:00 GMT+0100 (British Summer Time),0.03,0.0322,0.1887,0
Mon May 20 2024 03:00:00 GMT+0100 (British Summer Time),0.03,0.0322,0.1887,0
Mon May 20 2024 04:00:00 GMT+0100 (British Summer Time),0.03,0.0322,0.1887,0
Mon May 20 2024 05:00:00 GMT+0100 (British Summer Time),0.03,0.0322,0.1887,1628.1645002771363
Mon May 20 2024 06:00:00 GMT+0100 (British Summer Time),0.03,0.0322,0.1868,84594.38851224017
Mon May 20 2024 07:00:00 GMT+0100 (British Summer Time),0.03,0.0322,0.1836,17150.0419041334
Mon May 20 2024 08:00:00 GMT+0100 (British Summer Time),0.03,0.0322,0.1836,17393.360336860027
Mon May 20 2024 09:00:00 GMT+0100 (British Summer Time),0,0.0322,0.1836,16844.76867695348
Mon May 20 2024 10:00:00 GMT+0100 (British Summer Time),0,0.0322,0.1807,15369.125814195279
Mon May 20 2024 11:00:00 GMT+0100 (British Summer Time),0,0.0322,0.1777,20253.818555270005
Mon May 20 2024 12:00:00 GMT+0100 (British Summer Time),0,0.0322,0.177,0
Mon May 20 2024 13:00:00 GMT+0100 (British Summer Time),0,0.0322,0.1939,211241.96996289748
Mon May 20 2024 14:00:00 GMT+0100 (British Summer Time),0,0.0322,0.1947,3761.785906222715
Mon May 20 2024 15:00:00 GMT+0100 (British Summer Time),0,0.0322,0.1947,0
Mon May 20 2024 16:00:00 GMT+0100 (British Summer Time),0,0.0322,0.1902,53356.12809596902
Mon May 20 2024 17:00:00 GMT+0100 (British Summer Time),0,0.0322,0.2035,70693.42764308196
Mon May 20 2024 18:00:00 GMT+0100 (British Summer Time),0,0.0322,0.204,0
Mon May 20 2024 19:00:00 GMT+0100 (British Summer Time),0,0.0322,0.204,0
Mon May 20 2024 20:00:00 GMT+0100 (British Summer Time),0,0.0322,0.204,0
Mon May 20 2024 21:00:00 GMT+0100 (British Summer Time),0,0.0322,0.2078,22556.22166934743
Mon May 20 2024 22:00:00 GMT+0100 (British Summer Time),0,0.0322,0.2084,3500.4761145514485
Mon May 20 2024 23:00:00 GMT+0100 (British Summer Time),0,0.0322,0.2084,0
Tue May 21 2024 00:00:00 GMT+0100 (British Summer Time),0,0.0322,0.2146,107580.14513595951
Tue May 21 2024 01:00:00 GMT+0100 (British Summer Time),0,0.0322,0.2146,0
Tue May 21 2024 02:00:00 GMT+0100 (British Summer Time),0,0.0322,0.2146,0
Tue May 21 2024 03:00:00 GMT+0100 (British Summer Time),0,0.0322,0.2146,0
Tue May 21 2024 04:00:00 GMT+0100 (British Summer Time),0.0288,0.0315,0.2146,0
Tue May 21 2024 05:00:00 GMT+0100 (British Summer Time),0.0288,0.0315,0.2074,70727.49081559801
Tue May 21 2024 06:00:00 GMT+0100 (British Summer Time),0.0288,0.0322,0.2072,1258.492329462522
Tue May 21 2024 07:00:00 GMT+0100 (British Summer Time),0.0288,0.0322,0.2008,75957.93207241801
Tue May 21 2024 08:00:00 GMT+0100 (British Summer Time),0.0288,0.0322,0.1989,37645.367147227684
Tue May 21 2024 09:00:00 GMT+0100 (British Summer Time),0.0288,0.0322,0.199,46778.69141782111
Tue May 21 2024 10:00:00 GMT+0100 (British Summer Time),0.0288,0.0322,0.1935,11796.074790834491
Tue May 21 2024 11:00:00 GMT+0100 (British Summer Time),0.0288,0.0322,0.1847,53293.54011673981
Tue May 21 2024 12:00:00 GMT+0100 (British Summer Time),0.0288,0.0322,0.1847,0
Tue May 21 2024 13:00:00 GMT+0100 (British Summer Time),0.0288,0.0322,0.1851,155426.35956657404
Tue May 21 2024 14:00:00 GMT+0100 (British Summer Time),0.0288,0.0322,0.2004,140182.0033127978
Tue May 21 2024 15:00:00 GMT+0100 (British Summer Time),0.0287,0.0322,0.1943,37862.80587588646
Tue May 21 2024 16:00:00 GMT+0100 (British Summer Time),0.0288,0.0322,0.1956,8234.532240276381
Tue May 21 2024 17:00:00 GMT+0100 (British Summer Time),0.0288,0.0322,0.1956,0
Tue May 21 2024 18:00:00 GMT+0100 (British Summer Time),0.0288,0.0322,0.1956,0
Tue May 21 2024 19:00:00 GMT+0100 (British Summer Time),0.0287,0.0322,0.1956,0
Tue May 21 2024 20:00:00 GMT+0100 (British Summer Time),0.0288,0.0322,0.1956,0
Tue May 21 2024 21:00:00 GMT+0100 (British Summer Time),0.0288,0.0322,0.1956,0
Tue May 21 2024 22:00:00 GMT+0100 (British Summer Time),0.0288,0.0322,0.2017,65422.5221785693
Tue May 21 2024 23:00:00 GMT+0100 (British Summer Time),0.0288,0.0322,0.2076,36798.81577984885
Wed May 22 2024 00:00:00 GMT+0100 (British Summer Time),0.0287,0.0322,0.1929,243424.16866243555
Wed May 22 2024 01:00:00 GMT+0100 (British Summer Time),0.0288,0.0322,0.193,50.115341647335406
Wed May 22 2024 02:00:00 GMT+0100 (British Summer Time),0.0288,0.0322,0.1973,35149.77824782164
Wed May 22 2024 03:00:00 GMT+0100 (British Summer Time),0.0288,0.0322,0.192,33653.29771628318
Wed May 22 2024 04:00:00 GMT+0100 (British Summer Time),0,0.0322,0.2043,114884.4838850431
Wed May 22 2024 05:00:00 GMT+0100 (British Summer Time),0,0.0322,0.2043,0
Wed May 22 2024 06:00:00 GMT+0100 (British Summer Time),0,0.0322,0.2045,9321.11181733922
Wed May 22 2024 07:00:00 GMT+0100 (British Summer Time),0,0.0322,0.2018,34423.77448320983
Wed May 22 2024 08:00:00 GMT+0100 (British Summer Time),0,0.0322,0.2016,64177.4521055264
Wed May 22 2024 09:00:00 GMT+0100 (British Summer Time),0,0.0322,0.1973,134278.78031551247
Wed May 22 2024 10:00:00 GMT+0100 (British Summer Time),0,0.0322,0.191,192996.78601695452
Wed May 22 2024 11:00:00 GMT+0100 (British Summer Time),0,0.0322,0.1895,29953.893002487283
Wed May 22 2024 12:00:00 GMT+0100 (British Summer Time),0,0.0322,0.1895,0
Wed May 22 2024 13:00:00 GMT+0100 (British Summer Time),0,0.0322,0.195,33623.76672326615
Wed May 22 2024 14:00:00 GMT+0100 (British Summer Time),0,0.0322,0.1884,41557.27751310045
Wed May 22 2024 15:00:00 GMT+0100 (British Summer Time),0,0.0322,0.1886,974.0378831397841
Wed May 22 2024 16:00:00 GMT+0100 (British Summer Time),0,0.0322,0.1895,5907.70551513985
Wed May 22 2024 17:00:00 GMT+0100 (British Summer Time),0,0.0322,0.1897,889.3991477740851
Wed May 22 2024 18:00:00 GMT+0100 (British Summer Time),0,0.0322,0.1897,0
Wed May 22 2024 19:00:00 GMT+0100 (British Summer Time),0,0.0322,0.1897,0
Wed May 22 2024 20:00:00 GMT+0100 (British Summer Time),0,0.0322,0.1888,5672.8869530032425
Wed May 22 2024 21:00:00 GMT+0100 (British Summer Time),0,0.0322,0.1888,0
Wed May 22 2024 22:00:00 GMT+0100 (British Summer Time),0,0.0322,0.1888,0
Wed May 22 2024 23:00:00 GMT+0100 (British Summer Time),0,0.0322,0.1888,0
Thu May 23 2024 00:00:00 GMT+0100 (British Summer Time),0,0.0322,0.1888,0
Thu May 23 2024 01:00:00 GMT+0100 (British Summer Time),0,0.0322,0.1897,5603.941767074842
Thu May 23 2024 02:00:00 GMT+0100 (British Summer Time),0.0307,0.03,0.2046,145307.59102747493
Thu May 23 2024 03:00:00 GMT+0100 (British Summer Time),0.0307,0.03,0.2045,0
Thu May 23 2024 04:00:00 GMT+0100 (British Summer Time),0.0307,0.03,0.2015,40641.72162460086
Thu May 23 2024 05:00:00 GMT+0100 (British Summer Time),0.0307,0.03,0.2019,2561.368664514901
Thu May 23 2024 06:00:00 GMT+0100 (British Summer Time),0.0307,0.03,0.2004,9401.06354349816
Thu May 23 2024 07:00:00 GMT+0100 (British Summer Time),0.0307,0.03,0.1966,22336.16162798229
Thu May 23 2024 08:00:00 GMT+0100 (British Summer Time),0.0307,0.03,0.1908,175550.91325962628
Thu May 23 2024 09:00:00 GMT+0100 (British Summer Time),0.0307,0.0299,0.2,280964.9590803682
Thu May 23 2024 10:00:00 GMT+0100 (British Summer Time),0.0307,0.03,0.1965,20423.87729853191
Thu May 23 2024 11:00:00 GMT+0100 (British Summer Time),0.0307,0.03,0.2027,172252.44582784644
Thu May 23 2024 12:00:00 GMT+0100 (British Summer Time),0.0307,0.03,0.214,83850.26215700712
Thu May 23 2024 13:00:00 GMT+0100 (British Summer Time),0.0307,0.03,0.2124,52686.1229978489
Thu May 23 2024 14:00:00 GMT+0100 (British Summer Time),0.0307,0.03,0.214,200198.5027308254
Thu May 23 2024 15:00:00 GMT+0100 (British Summer Time),0.0307,0.03,0.2146,74220.78589848029
Thu May 23 2024 16:00:00 GMT+0100 (British Summer Time),0.0307,0.03,0.2146,0
Thu May 23 2024 17:00:00 GMT+0100 (British Summer Time),0.0307,0.03,0.218,19357.277152556017
Thu May 23 2024 18:00:00 GMT+0100 (British Summer Time),0.0307,0.03,0.218,0
Thu May 23 2024 19:00:00 GMT+0100 (British Summer Time),0.0307,0.03,0.218,514.0327285490582
Thu May 23 2024 20:00:00 GMT+0100 (British Summer Time),0.0307,0.03,0.2226,49631.89726876186
Thu May 23 2024 21:00:00 GMT+0100 (British Summer Time),0.0307,0.03,0.2226,0
Thu May 23 2024 22:00:00 GMT+0100 (British Summer Time),0.0307,0.03,0.2226,0
Thu May 23 2024 23:00:00 GMT+0100 (British Summer Time),0.0307,0.03,0.2236,5771.618332381901
Fri May 24 2024 00:00:00 GMT+0100 (British Summer Time),0.0307,0.03,0.2258,12397.88029798543
Fri May 24 2024 01:00:00 GMT+0100 (British Summer Time),0.0307,0.03,0.2258,446.9298649174594
Fri May 24 2024 02:00:00 GMT+0100 (British Summer Time),0,0.03,0.2273,47085.81530301731
Fri May 24 2024 03:00:00 GMT+0100 (British Summer Time),0,0.03,0.2326,173347.94460536263
Fri May 24 2024 04:00:00 GMT+0100 (British Summer Time),0,0.03,0.2326,0
Fri May 24 2024 05:00:00 GMT+0100 (British Summer Time),0.0403,0.0314,0.2324,21248.685636618335
Fri May 24 2024 06:00:00 GMT+0100 (British Summer Time),0.0403,0.0314,0.229,19619.462416875132
Fri May 24 2024 07:00:00 GMT+0100 (British Summer Time),0.0404,0.0314,0.2325,19552.82357413694
Fri May 24 2024 08:00:00 GMT+0100 (British Summer Time),0.0404,0.0314,0.2294,35659.07437173242
Fri May 24 2024 09:00:00 GMT+0100 (British Summer Time),0.0404,0.0314,0.2281,6817.515787015872
Fri May 24 2024 10:00:00 GMT+0100 (British Summer Time),0.0403,0.0314,0.214,187839.0333706654
Fri May 24 2024 11:00:00 GMT+0100 (British Summer Time),0.0404,0.0314,0.2124,12553.765339357182
Fri May 24 2024 12:00:00 GMT+0100 (British Summer Time),0.0404,0.0314,0.2164,46344.706578913996
Fri May 24 2024 13:00:00 GMT+0100 (British Summer Time),0.0404,0.0314,0.2171,3960.925125219973
Fri May 24 2024 14:00:00 GMT+0100 (British Summer Time),0.0404,0.0314,0.2176,21939.447482377305
Fri May 24 2024 15:00:00 GMT+0100 (British Summer Time),0.0404,0.0314,0.2192,9261.051527704905
Fri May 24 2024 16:00:00 GMT+0100 (British Summer Time),0.0404,0.0314,0.2215,12716.33984227513
Fri May 24 2024 17:00:00 GMT+0100 (British Summer Time),0.0404,0.0314,0.2215,0
Fri May 24 2024 18:00:00 GMT+0100 (British Summer Time),0.0404,0.0314,0.2216,29639.671830050098
Fri May 24 2024 19:00:00 GMT+0100 (British Summer Time),0.0404,0.0314,0.2216,57.04793812927423
Fri May 24 2024 20:00:00 GMT+0100 (British Summer Time),0.0404,0.0314,0.2216,3169.642537125284
Fri May 24 2024 21:00:00 GMT+0100 (British Summer Time),0.0404,0.0314,0.2216,19884.010310264115
Fri May 24 2024 22:00:00 GMT+0100 (British Summer Time),0.0404,0.0314,0.2216,0
Fri May 24 2024 23:00:00 GMT+0100 (British Summer Time),0.0404,0.0317,0.2054,219169.72233610618
Sat May 25 2024 00:00:00 GMT+0100 (British Summer Time),0.0404,0.0317,0.2037,9544.073678594448
Sat May 25 2024 01:00:00 GMT+0100 (British Summer Time),0.0403,0.0317,0.2041,2005.9651774342665
Sat May 25 2024 02:00:00 GMT+0100 (British Summer Time),0.0403,0.0317,0.2041,0
Sat May 25 2024 03:00:00 GMT+0100 (British Summer Time),0.0403,0.0317,0.2044,1410.372899336715
Sat May 25 2024 04:00:00 GMT+0100 (British Summer Time),0.0403,0.0317,0.2073,52923.60715382079
Sat May 25 2024 05:00:00 GMT+0100 (British Summer Time),0,0.0317,0.2073,0
Sat May 25 2024 06:00:00 GMT+0100 (British Summer Time),0,0.0317,0.2063,14686.054130629618
Sat May 25 2024 07:00:00 GMT+0100 (British Summer Time),0,0.0317,0.2128,104180.34398833208
Sat May 25 2024 08:00:00 GMT+0100 (British Summer Time),0,0.0317,0.2084,42649.84100769996
Sat May 25 2024 09:00:00 GMT+0100 (British Summer Time),0,0.0317,0.2146,62359.974615061794
Sat May 25 2024 10:00:00 GMT+0100 (British Summer Time),0,0.0317,0.2175,65657.10265080674
Sat May 25 2024 11:00:00 GMT+0100 (British Summer Time),0,0.0317,0.2176,723.9652894055841
Sat May 25 2024 12:00:00 GMT+0100 (British Summer Time),0,0.0317,0.2184,4343.215498376434
Sat May 25 2024 13:00:00 GMT+0100 (British Summer Time),0,0.0317,0.2188,2299.5201120885313
Sat May 25 2024 14:00:00 GMT+0100 (British Summer Time),0,0.0317,0.2399,438637.6395368325
Sat May 25 2024 15:00:00 GMT+0100 (British Summer Time),0,0.0317,0.2402,2146.9311877758673
Sat May 25 2024 16:00:00 GMT+0100 (British Summer Time),0,0.0317,0.2419,9141.740415970928
Sat May 25 2024 17:00:00 GMT+0100 (British Summer Time),0,0.0317,0.2431,14618.798552047348
Sat May 25 2024 18:00:00 GMT+0100 (British Summer Time),0,0.0317,0.2441,5654.895449187325
Sat May 25 2024 19:00:00 GMT+0100 (British Summer Time),0,0.0317,0.2444,1700.14361101536
Sat May 25 2024 20:00:00 GMT+0100 (British Summer Time),0,0.0317,0.2444,0
Sat May 25 2024 21:00:00 GMT+0100 (British Summer Time),0,0.0317,0.2444,0
Sat May 25 2024 22:00:00 GMT+0100 (British Summer Time),0,0.0317,0.2438,17402.79915072456
Sat May 25 2024 23:00:00 GMT+0100 (British Summer Time),0,0.0317,0.2425,7051.966224684996
Sun May 26 2024 00:00:00 GMT+0100 (British Summer Time),0.0307,0.0315,0.246,52368.77370017691
Sun May 26 2024 01:00:00 GMT+0100 (British Summer Time),0.0307,0.0315,0.2465,2759.1015265723445
Sun May 26 2024 02:00:00 GMT+0100 (British Summer Time),0.0307,0.0315,0.2469,2125.997144245775
Sun May 26 2024 03:00:00 GMT+0100 (British Summer Time),0.0307,0.0315,0.2462,3746.648643614957
Sun May 26 2024 04:00:00 GMT+0100 (British Summer Time),0.0307,0.0315,0.236,55604.61645787772
Sun May 26 2024 05:00:00 GMT+0100 (British Summer Time),0.0307,0.0315,0.2322,32122.623260468416
Sun May 26 2024 06:00:00 GMT+0100 (British Summer Time),0.0307,0.0315,0.2358,19461.23288482218
Sun May 26 2024 07:00:00 GMT+0100 (British Summer Time),0.0307,0.0315,0.2394,19096.87004351919
Sun May 26 2024 08:00:00 GMT+0100 (British Summer Time),0.0307,0.0315,0.2431,20220.015504449264
Sun May 26 2024 09:00:00 GMT+0100 (British Summer Time),0.0307,0.0318,0.2471,21902.284715734007
Sun May 26 2024 10:00:00 GMT+0100 (British Summer Time),0.0307,0.0318,0.2532,214734.5173640969
Sun May 26 2024 11:00:00 GMT+0100 (British Summer Time),0.0307,0.0318,0.2461,64816.758052750294
Sun May 26 2024 12:00:00 GMT+0100 (British Summer Time),0.0307,0.0318,0.2497,18980.229031239898
Sun May 26 2024 13:00:00 GMT+0100 (British Summer Time),0.0307,0.0318,0.2472,12850.664840140927
Sun May 26 2024 14:00:00 GMT+0100 (British Summer Time),0.0307,0.0318,0.2472,0
Sun May 26 2024 15:00:00 GMT+0100 (British Summer Time),0.0307,0.0318,0.2334,106925.07903365084
Sun May 26 2024 16:00:00 GMT+0100 (British Summer Time),0.0307,0.0318,0.2319,8070.3803628460555
Sun May 26 2024 17:00:00 GMT+0100 (British Summer Time),0.0307,0.0318,0.2323,2019.8801499836652
Sun May 26 2024 18:00:00 GMT+0100 (British Summer Time),0.0307,0.0318,0.2319,2434.137716055033
Sun May 26 2024 19:00:00 GMT+0100 (British Summer Time),0.0307,0.0318,0.2314,21009.3270466841
Sun May 26 2024 20:00:00 GMT+0100 (British Summer Time),0.0307,0.0318,0.226,104594.95372149872
Sun May 26 2024 21:00:00 GMT+0100 (British Summer Time),0.0307,0.0318,0.2272,6221.549048678672
Sun May 26 2024 22:00:00 GMT+0100 (British Summer Time),0.0307,0.0318,0.2265,3830.7403351772014
Sun May 26 2024 23:00:00 GMT+0100 (British Summer Time),0.0307,0.0318,0.2216,65777.11676797975
Mon May 27 2024 00:00:00 GMT+0100 (British Summer Time),0,0.0318,0.2197,10108.722270334461
Mon May 27 2024 01:00:00 GMT+0100 (British Summer Time),0,0.0318,0.2203,4424.531240419921
Mon May 27 2024 02:00:00 GMT+0100 (British Summer Time),0,0.0318,0.2227,12940.399096218836
Mon May 27 2024 03:00:00 GMT+0100 (British Summer Time),0,0.0318,0.2178,67987.16217252908
Mon May 27 2024 04:00:00 GMT+0100 (British Summer Time),0,0.0318,0.215,15480.842658080757
Mon May 27 2024 05:00:00 GMT+0100 (British Summer Time),0,0.0318,0.2236,46574.04697528728
Mon May 27 2024 06:00:00 GMT+0100 (British Summer Time),0,0.0318,0.2243,8962.25169069714
Mon May 27 2024 07:00:00 GMT+0100 (British Summer Time),0,0.0318,0.2243,0
Mon May 27 2024 08:00:00 GMT+0100 (British Summer Time),0,0.0318,0.2193,45481.9068632368
Mon May 27 2024 09:00:00 GMT+0100 (British Summer Time),0,0.0318,0.2193,0
Mon May 27 2024 10:00:00 GMT+0100 (British Summer Time),0,0.0318,0.2193,0
Mon May 27 2024 11:00:00 GMT+0100 (British Summer Time),0,0.0318,0.2234,22026.505386936886
Mon May 27 2024 12:00:00 GMT+0100 (British Summer Time),0.0288,0.0313,0.2234,0
Mon May 27 2024 13:00:00 GMT+0100 (British Summer Time),0.0288,0.0313,0.2202,47007.05335001959
Mon May 27 2024 14:00:00 GMT+0100 (British Summer Time),0.0288,0.0313,0.2202,0
Mon May 27 2024 15:00:00 GMT+0100 (British Summer Time),0.0288,0.0313,0.2206,2184.4716894736616
Mon May 27 2024 16:00:00 GMT+0100 (British Summer Time),0.0288,0.0313,0.217,20075.056319802577
Mon May 27 2024 17:00:00 GMT+0100 (British Summer Time),0.0288,0.0313,0.217,0
Mon May 27 2024 18:00:00 GMT+0100 (British Summer Time),0.0288,0.0313,0.217,0
Mon May 27 2024 19:00:00 GMT+0100 (British Summer Time),0.0288,0.0313,0.217,0
Mon May 27 2024 20:00:00 GMT+0100 (British Summer Time),0.0288,0.0313,0.2171,74559.27683226214
Mon May 27 2024 21:00:00 GMT+0100 (British Summer Time),0.0288,0.0313,0.2171,80776.80650635839
Mon May 27 2024 22:00:00 GMT+0100 (British Summer Time),0.0288,0.0313,0.2171,0
Mon May 27 2024 23:00:00 GMT+0100 (British Summer Time),0.0288,0.0313,0.2171,0
Tue May 28 2024 00:00:00 GMT+0100 (British Summer Time),0.0288,0.0313,0.2185,7870.688442217836
Tue May 28 2024 01:00:00 GMT+0100 (British Summer Time),0.0288,0.0312,0.2185,0
Tue May 28 2024 02:00:00 GMT+0100 (British Summer Time),0.0288,0.0312,0.2063,131980.5084993158
Tue May 28 2024 03:00:00 GMT+0100 (British Summer Time),0.0288,0.0312,0.2116,62908.321839575074
Tue May 28 2024 04:00:00 GMT+0100 (British Summer Time),0.0288,0.032,0.2116,0
Tue May 28 2024 05:00:00 GMT+0100 (British Summer Time),0.0288,0.032,0.2116,0
Tue May 28 2024 06:00:00 GMT+0100 (British Summer Time),0.0288,0.032,0.2122,3050.768190389016
Tue May 28 2024 07:00:00 GMT+0100 (British Summer Time),0.0288,0.032,0.2122,0
Tue May 28 2024 08:00:00 GMT+0100 (British Summer Time),0.0288,0.032,0.2122,0
Tue May 28 2024 09:00:00 GMT+0100 (British Summer Time),0.0288,0.032,0.2121,522.0203394535098
Tue May 28 2024 10:00:00 GMT+0100 (British Summer Time),0.0288,0.032,0.21,11460.962984800404
Tue May 28 2024 11:00:00 GMT+0100 (British Summer Time),0.0287,0.032,0.21,0
Tue May 28 2024 12:00:00 GMT+0100 (British Summer Time),0,0.032,0.2001,60899.60374974695
Tue May 28 2024 13:00:00 GMT+0100 (British Summer Time),0,0.032,0.2001,102.197003917249
Tue May 28 2024 14:00:00 GMT+0100 (British Summer Time),0,0.032,0.2001,102.11569351549656
Tue May 28 2024 15:00:00 GMT+0100 (British Summer Time),0,0.032,0.1741,691580.7126626828
Tue May 28 2024 16:00:00 GMT+0100 (British Summer Time),0,0.032,0.1743,1046.9200927624393
Tue May 28 2024 17:00:00 GMT+0100 (British Summer Time),0,0.032,0.1743,0
Tue May 28 2024 18:00:00 GMT+0100 (British Summer Time),0,0.032,0.1742,38472.23795941254
Tue May 28 2024 19:00:00 GMT+0100 (British Summer Time),0,0.032,0.1742,0
Tue May 28 2024 20:00:00 GMT+0100 (British Summer Time),0,0.032,0.1742,111123.62699552084
Tue May 28 2024 21:00:00 GMT+0100 (British Summer Time),0,0.032,0.1742,0
Tue May 28 2024 22:00:00 GMT+0100 (British Summer Time),0,0.032,0.1742,0
Tue May 28 2024 23:00:00 GMT+0100 (British Summer Time),0,0.032,0.1784,135157.73507734938
Wed May 29 2024 00:00:00 GMT+0100 (British Summer Time),0.0305,0.0317,0.1912,67275.82890099434
Wed May 29 2024 01:00:00 GMT+0100 (British Summer Time),0.0305,0.0317,0.1912,187345.98203422196
Wed May 29 2024 02:00:00 GMT+0100 (British Summer Time),0.0305,0.0317,0.1915,1487.8641047866265
Wed May 29 2024 03:00:00 GMT+0100 (British Summer Time),0.0305,0.0317,0.1924,4667.16390632693
Wed May 29 2024 04:00:00 GMT+0100 (British Summer Time),0.0306,0.0317,0.1924,0
Wed May 29 2024 05:00:00 GMT+0100 (British Summer Time),0.0305,0.0317,0.1885,22198.622314009113
Wed May 29 2024 06:00:00 GMT+0100 (British Summer Time),0.0305,0.0317,0.1933,25271.632410542374
Wed May 29 2024 07:00:00 GMT+0100 (British Summer Time),0.0305,0.0317,0.1859,38940.12496278367
Wed May 29 2024 08:00:00 GMT+0100 (British Summer Time),0.0306,0.0317,0.1838,11313.462259683785
Wed May 29 2024 09:00:00 GMT+0100 (British Summer Time),0.0305,0.0317,0.184,1245.3354189601196
Wed May 29 2024 10:00:00 GMT+0100 (British Summer Time),0.0305,0.0317,0.1832,4091.837834911621
Wed May 29 2024 11:00:00 GMT+0100 (British Summer Time),0.0305,0.0317,0.199,137757.72564209768
Wed May 29 2024 12:00:00 GMT+0100 (British Summer Time),0.0305,0.0317,0.2026,101266.20262594502
Wed May 29 2024 13:00:00 GMT+0100 (British Summer Time),0.0305,0.0317,0.2026,0
Wed May 29 2024 14:00:00 GMT+0100 (British Summer Time),0.0305,0.0317,0.2026,37.23676918836389
Wed May 29 2024 15:00:00 GMT+0100 (British Summer Time),0.0305,0.0317,0.2026,0
Wed May 29 2024 16:00:00 GMT+0100 (British Summer Time),0.0305,0.0317,0.2026,0
Wed May 29 2024 17:00:00 GMT+0100 (British Summer Time),0.0305,0.0317,0.2069,22003.861523993357
Wed May 29 2024 18:00:00 GMT+0100 (British Summer Time),0.0305,0.0317,0.2069,0
Wed May 29 2024 19:00:00 GMT+0100 (British Summer Time),0.0305,0.0317,0.2118,25783.8357159988
Wed May 29 2024 20:00:00 GMT+0100 (British Summer Time),0.0305,0.0317,0.2123,2615.8551868955137
Wed May 29 2024 21:00:00 GMT+0100 (British Summer Time),0.0305,0.0317,0.2142,9466.74666367458
Wed May 29 2024 22:00:00 GMT+0100 (British Summer Time),0.0305,0.0317,0.22,30105.624833511778
Wed May 29 2024 23:00:00 GMT+0100 (British Summer Time),0.0305,0.0317,0.22,44.182931013201596
Thu May 30 2024 00:00:00 GMT+0100 (British Summer Time),0,0.0317,0.2206,3008.663812664931
Thu May 30 2024 01:00:00 GMT+0100 (British Summer Time),0,0.0317,0.2206,0
Thu May 30 2024 02:00:00 GMT+0100 (British Summer Time),0,0.032,0.2206,0
Thu May 30 2024 03:00:00 GMT+0100 (British Summer Time),0,0.032,0.2206,2940.014091062666
Thu May 30 2024 04:00:00 GMT+0100 (British Summer Time),0,0.032,0.2192,7015.221096320077
Thu May 30 2024 05:00:00 GMT+0100 (British Summer Time),0,0.032,0.2125,34973.89884916718
Thu May 30 2024 06:00:00 GMT+0100 (British Summer Time),0,0.032,0.2104,11328.004720577303
Thu May 30 2024 07:00:00 GMT+0100 (British Summer Time),0,0.032,0.2104,0
Thu May 30 2024 08:00:00 GMT+0100 (British Summer Time),0,0.032,0.2105,506.5943854666979
Thu May 30 2024 09:00:00 GMT+0100 (British Summer Time),0,0.032,0.2083,13567.691355390802
Thu May 30 2024 10:00:00 GMT+0100 (British Summer Time),0,0.032,0.2085,1088.815826189038
Thu May 30 2024 11:00:00 GMT+0100 (British Summer Time),0,0.032,0.2085,0
Thu May 30 2024 12:00:00 GMT+0100 (British Summer Time),0,0.032,0.2196,60631.41380284771
Thu May 30 2024 13:00:00 GMT+0100 (British Summer Time),0,0.032,0.2197,1028.19925442984
Thu May 30 2024 14:00:00 GMT+0100 (British Summer Time),0,0.032,0.2197,0
Thu May 30 2024 15:00:00 GMT+0100 (British Summer Time),0.0323,0.0321,0.1996,161485.8465782002
Thu May 30 2024 16:00:00 GMT+0100 (British Summer Time),0.0323,0.0321,0.2022,13503.369139838716
Thu May 30 2024 17:00:00 GMT+0100 (British Summer Time),0.0323,0.0321,0.2022,0
Thu May 30 2024 18:00:00 GMT+0100 (British Summer Time),0.0323,0.0321,0.2022,0
Thu May 30 2024 19:00:00 GMT+0100 (British Summer Time),0.0323,0.0321,0.2022,0
Thu May 30 2024 20:00:00 GMT+0100 (British Summer Time),0.0323,0.0321,0.2022,0
Thu May 30 2024 21:00:00 GMT+0100 (British Summer Time),0.0323,0.0321,0.2022,0
Thu May 30 2024 22:00:00 GMT+0100 (British Summer Time),0.0323,0.0321,0.2082,31072.934362096363
Thu May 30 2024 23:00:00 GMT+0100 (British Summer Time),0.0323,0.0321,0.2082,0
Fri May 31 2024 00:00:00 GMT+0100 (British Summer Time),0.0323,0.0321,0.2082,0
Fri May 31 2024 01:00:00 GMT+0100 (British Summer Time),0.0323,0.0321,0.2082,0
Fri May 31 2024 02:00:00 GMT+0100 (British Summer Time),0.0322,0.0321,0.2082,0
Fri May 31 2024 03:00:00 GMT+0100 (British Summer Time),0.0323,0.0321,0.2082,0
Fri May 31 2024 04:00:00 GMT+0100 (British Summer Time),0.0323,0.0321,0.211,14251.992183499544
Fri May 31 2024 05:00:00 GMT+0100 (British Summer Time),0.0323,0.0306,0.2182,61426.12059363854
Fri May 31 2024 06:00:00 GMT+0100 (British Summer Time),0.0323,0.0306,0.2182,4274.668430318165
Fri May 31 2024 07:00:00 GMT+0100 (British Summer Time),0.0323,0.0306,0.215,25677.610002527304
Fri May 31 2024 08:00:00 GMT+0100 (British Summer Time),0.0401,0.0333,0.2194,48473.5995127605
Fri May 31 2024 09:00:00 GMT+0100 (British Summer Time),0.0401,0.0333,0.2194,0
Fri May 31 2024 10:00:00 GMT+0100 (British Summer Time),0.0401,0.0333,0.2147,24538.62075323994
Fri May 31 2024 11:00:00 GMT+0100 (British Summer Time),0.0401,0.0333,0.2147,316.33922837896813
Fri May 31 2024 12:00:00 GMT+0100 (British Summer Time),0.0401,0.0333,0.2147,0
Fri May 31 2024 13:00:00 GMT+0100 (British Summer Time),0.0401,0.0333,0.2203,29847.19570102522
Fri May 31 2024 14:00:00 GMT+0100 (British Summer Time),0.0401,0.0333,0.2204,391.90934869735696
Fri May 31 2024 15:00:00 GMT+0100 (British Summer Time),0.0575,0.0333,0.2203,715.2145137039951
Fri May 31 2024 16:00:00 GMT+0100 (British Summer Time),0.0575,0.0333,0.2203,41783.07132817854
Fri May 31 2024 17:00:00 GMT+0100 (British Summer Time),0.0574,0.0333,0.2266,379466.83758463
Fri May 31 2024 18:00:00 GMT+0100 (British Summer Time),0.0574,0.0333,0.2268,0
Fri May 31 2024 19:00:00 GMT+0100 (British Summer Time),0.0576,0.0333,0.2268,0
Fri May 31 2024 20:00:00 GMT+0100 (British Summer Time),0.0575,0.0333,0.2268,0
Fri May 31 2024 21:00:00 GMT+0100 (British Summer Time),0.0575,0.0333,0.2281,6988.863346603801
Fri May 31 2024 22:00:00 GMT+0100 (British Summer Time),0.0574,0.0333,0.2281,0
Fri May 31 2024 23:00:00 GMT+0100 (British Summer Time),0.0574,0.0333,0.2287,2969.0731282471766
Sat Jun 01 2024 00:00:00 GMT+0100 (British Summer Time),0.0575,0.0333,0.2306,9817.895995992463
Sat Jun 01 2024 01:00:00 GMT+0100 (British Summer Time),0.0576,0.0333,0.2208,50828.73934851551
Sat Jun 01 2024 02:00:00 GMT+0100 (British Summer Time),0.0576,0.0333,0.2151,29396.492221445435
Sat Jun 01 2024 03:00:00 GMT+0100 (British Summer Time),0.0575,0.0333,0.2151,0
Sat Jun 01 2024 04:00:00 GMT+0100 (British Summer Time),0.0577,0.0333,0.2059,47889.6819724192
Sat Jun 01 2024 05:00:00 GMT+0100 (British Summer Time),0.0577,0.0333,0.2059,0
Sat Jun 01 2024 06:00:00 GMT+0100 (British Summer Time),0.0574,0.0333,0.206,811.2719098622217
Sat Jun 01 2024 07:00:00 GMT+0100 (British Summer Time),0.0574,0.0333,0.206,0
Sat Jun 01 2024 08:00:00 GMT+0100 (British Summer Time),0,0.0333,0.206,15.23289207921565
Sat Jun 01 2024 09:00:00 GMT+0100 (British Summer Time),0,0.0333,0.2053,26931.381140647627
Sat Jun 01 2024 10:00:00 GMT+0100 (British Summer Time),0,0.0333,0.2054,297.7509186131309
Sat Jun 01 2024 11:00:00 GMT+0100 (British Summer Time),0,0.0333,0.2054,0
Sat Jun 01 2024 12:00:00 GMT+0100 (British Summer Time),0,0.0333,0.1954,51738.366601670874
Sat Jun 01 2024 13:00:00 GMT+0100 (British Summer Time),0,0.0333,0.2008,28194.38621905002
Sat Jun 01 2024 14:00:00 GMT+0100 (British Summer Time),0.0334,0.0333,0.2037,15084.647543123021
Sat Jun 01 2024 15:00:00 GMT+0100 (British Summer Time),0.0334,0.0333,0.2035,3951.9735905283956
Sat Jun 01 2024 16:00:00 GMT+0100 (British Summer Time),0.0334,0.0333,0.201,25102.432567950822
Sat Jun 01 2024 17:00:00 GMT+0100 (British Summer Time),0.0334,0.0333,0.1805,379847.450830205
Sat Jun 01 2024 18:00:00 GMT+0100 (British Summer Time),0.0334,0.0333,0.1835,15202.425819498903
Sat Jun 01 2024 19:00:00 GMT+0100 (British Summer Time),0.0334,0.0333,0.1835,0
Sat Jun 01 2024 20:00:00 GMT+0100 (British Summer Time),0.0334,0.0333,0.1845,5120.246037831808
Sat Jun 01 2024 21:00:00 GMT+0100 (British Summer Time),0.0334,0.0333,0.1845,0
Sat Jun 01 2024 22:00:00 GMT+0100 (British Summer Time),0.0334,0.0333,0.184,20935.870683207693
Sat Jun 01 2024 23:00:00 GMT+0100 (British Summer Time),0.0334,0.0333,0.1845,2747.076582639509
Sun Jun 02 2024 00:00:00 GMT+0100 (British Summer Time),0.0334,0.0333,0.1845,0
Sun Jun 02 2024 01:00:00 GMT+0100 (British Summer Time),0.0334,0.0341,0.194,49585.563180925674
Sun Jun 02 2024 02:00:00 GMT+0100 (British Summer Time),0.0334,0.0341,0.1985,23484.90240161841
Sun Jun 02 2024 03:00:00 GMT+0100 (British Summer Time),0.0334,0.0341,0.1972,6850.5344382342855
Sun Jun 02 2024 04:00:00 GMT+0100 (British Summer Time),0.0334,0.0341,0.2101,406673.54545413
Sun Jun 02 2024 05:00:00 GMT+0100 (British Summer Time),0.0334,0.0341,0.2226,267257.81529067585
Sun Jun 02 2024 06:00:00 GMT+0100 (British Summer Time),0.0334,0.0341,0.2226,1463.826574366239
Sun Jun 02 2024 07:00:00 GMT+0100 (British Summer Time),0.0334,0.0341,0.2226,0
Sun Jun 02 2024 08:00:00 GMT+0100 (British Summer Time),0.0334,0.0341,0.2345,137160.33271635306
Sun Jun 02 2024 09:00:00 GMT+0100 (British Summer Time),0.0334,0.0341,0.2,284327.2321985768
Sun Jun 02 2024 10:00:00 GMT+0100 (British Summer Time),0.0334,0.0341,0.1925,11255.773018383952
Sun Jun 02 2024 11:00:00 GMT+0100 (British Summer Time),0.0334,0.0341,0.1929,2085.080998439424
Sun Jun 02 2024 12:00:00 GMT+0100 (British Summer Time),0.0334,0.0341,0.1929,0
Sun Jun 02 2024 13:00:00 GMT+0100 (British Summer Time),0.0334,0.0341,0.1925,2101.2856399642556
Sun Jun 02 2024 14:00:00 GMT+0100 (British Summer Time),0,0.0341,0.1925,0
Sun Jun 02 2024 15:00:00 GMT+0100 (British Summer Time),0,0.0341,0.1925,0
Sun Jun 02 2024 16:00:00 GMT+0100 (British Summer Time),0,0.0341,0.1925,0
Sun Jun 02 2024 17:00:00 GMT+0100 (British Summer Time),0,0.0341,0.1925,0
Sun Jun 02 2024 18:00:00 GMT+0100 (British Summer Time),0,0.0341,0.1925,0
Sun Jun 02 2024 19:00:00 GMT+0100 (British Summer Time),0,0.0341,0.1925,0
Sun Jun 02 2024 20:00:00 GMT+0100 (British Summer Time),0,0.0341,0.1931,3617.0441888844653
Sun Jun 02 2024 21:00:00 GMT+0100 (British Summer Time),0,0.0341,0.1931,0
Sun Jun 02 2024 22:00:00 GMT+0100 (British Summer Time),0,0.0341,0.1931,0
Sun Jun 02 2024 23:00:00 GMT+0100 (British Summer Time),0,0.0341,0.1931,0
Mon Jun 03 2024 00:00:00 GMT+0100 (British Summer Time),0,0.0341,0.1939,4052.1190690276426
Mon Jun 03 2024 01:00:00 GMT+0100 (British Summer Time),0,0.0341,0.1939,0
Mon Jun 03 2024 02:00:00 GMT+0100 (British Summer Time),0.0317,0.0336,0.1939,0
Mon Jun 03 2024 03:00:00 GMT+0100 (British Summer Time),0.0317,0.0336,0.1939,0
Mon Jun 03 2024 04:00:00 GMT+0100 (British Summer Time),0.0317,0.0336,0.1949,5098.016779835156
Mon Jun 03 2024 05:00:00 GMT+0100 (British Summer Time),0.0318,0.0336,0.192,14915.51623834029
Mon Jun 03 2024 06:00:00 GMT+0100 (British Summer Time),0.0317,0.0336,0.2004,43954.86773407772
Mon Jun 03 2024 07:00:00 GMT+0100 (British Summer Time),0.0317,0.0336,0.2156,159196.3104017962
Mon Jun 03 2024 08:00:00 GMT+0100 (British Summer Time),0.0317,0.0336,0.2161,2985.2691109358548
Mon Jun 03 2024 09:00:00 GMT+0100 (British Summer Time),0.0317,0.0336,0.2161,0
Mon Jun 03 2024 10:00:00 GMT+0100 (British Summer Time),0.0317,0.0336,0.2162,54394.014232281465
Mon Jun 03 2024 11:00:00 GMT+0100 (British Summer Time),0.0317,0.0336,0.2335,244390.78895787036
Mon Jun 03 2024 12:00:00 GMT+0100 (British Summer Time),0.0317,0.0347,0.2335,0
Mon Jun 03 2024 13:00:00 GMT+0100 (British Summer Time),0.0317,0.0347,0.235,7934.552244310851
Mon Jun 03 2024 14:00:00 GMT+0100 (British Summer Time),0.0318,0.0347,0.235,0
Mon Jun 03 2024 15:00:00 GMT+0100 (British Summer Time),0.0317,0.0347,0.235,0
Mon Jun 03 2024 16:00:00 GMT+0100 (British Summer Time),0.0317,0.0347,0.2102,204026.5844231997
Mon Jun 03 2024 17:00:00 GMT+0100 (British Summer Time),0.0317,0.0347,0.209,23672.50325749272
Mon Jun 03 2024 18:00:00 GMT+0100 (British Summer Time),0.0317,0.0347,0.209,0
Mon Jun 03 2024 19:00:00 GMT+0100 (British Summer Time),0.0317,0.0347,0.209,0
Mon Jun 03 2024 20:00:00 GMT+0100 (British Summer Time),0.0317,0.0347,0.1961,66820.68253811574
Mon Jun 03 2024 21:00:00 GMT+0100 (British Summer Time),0.0317,0.0347,0.1846,59270.8296019649
Mon Jun 03 2024 22:00:00 GMT+0100 (British Summer Time),0.0317,0.0347,0.1846,0
Mon Jun 03 2024 23:00:00 GMT+0100 (British Summer Time),0.0318,0.0347,0.1846,0
Tue Jun 04 2024 00:00:00 GMT+0100 (British Summer Time),0.0317,0.0347,0.1845,29636.915573262802
Tue Jun 04 2024 01:00:00 GMT+0100 (British Summer Time),0.0317,0.0347,0.1852,3518.925523459957
Tue Jun 04 2024 02:00:00 GMT+0100 (British Summer Time),0,0.0347,0.1852,0
Tue Jun 04 2024 03:00:00 GMT+0100 (British Summer Time),0,0.0347,0.1871,9794.06882728356
Tue Jun 04 2024 04:00:00 GMT+0100 (British Summer Time),0,0.0348,0.2052,100165.72395686335
Tue Jun 04 2024 05:00:00 GMT+0100 (British Summer Time),0,0.0347,0.2222,182289.5605580912
Tue Jun 04 2024 06:00:00 GMT+0100 (British Summer Time),0,0.0347,0.2191,19456.258665030124
Tue Jun 04 2024 07:00:00 GMT+0100 (British Summer Time),0,0.0347,0.1998,99688.6778233012
Tue Jun 04 2024 08:00:00 GMT+0100 (British Summer Time),0,0.0348,0.1904,48257.02013371446
Tue Jun 04 2024 09:00:00 GMT+0100 (British Summer Time),0,0.0347,0.1928,125056.214455915
Tue Jun 04 2024 10:00:00 GMT+0100 (British Summer Time),0,0.0347,0.1928,0
Tue Jun 04 2024 11:00:00 GMT+0100 (British Summer Time),0,0.0347,0.1929,307.5539374535792
Tue Jun 04 2024 12:00:00 GMT+0100 (British Summer Time),0,0.0347,0.2116,146506.29280248878
Tue Jun 04 2024 13:00:00 GMT+0100 (British Summer Time),0,0.0347,0.2116,0
Tue Jun 04 2024 14:00:00 GMT+0100 (British Summer Time),0,0.0347,0.2037,46515.93535716961
Tue Jun 04 2024 15:00:00 GMT+0100 (British Summer Time),0,0.0347,0.2215,93475.81136229399
Tue Jun 04 2024 16:00:00 GMT+0100 (British Summer Time),0,0.0347,0.2106,109524.07594590553
Tue Jun 04 2024 17:00:00 GMT+0100 (British Summer Time),0,0.0347,0.2106,0
Tue Jun 04 2024 18:00:00 GMT+0100 (British Summer Time),0,0.0347,0.2094,6036.989001552971
Tue Jun 04 2024 19:00:00 GMT+0100 (British Summer Time),0,0.0347,0.2094,0
Tue Jun 04 2024 20:00:00 GMT+0100 (British Summer Time),0.0302,0.0338,0.2094,0
Tue Jun 04 2024 21:00:00 GMT+0100 (British Summer Time),0.0302,0.0338,0.2094,23.378654841194717
Tue Jun 04 2024 22:00:00 GMT+0100 (British Summer Time),0.0302,0.0338,0.1977,62072.27509746577
Tue Jun 04 2024 23:00:00 GMT+0100 (British Summer Time),0.0301,0.0338,0.2135,94030.24712516404
Wed Jun 05 2024 00:00:00 GMT+0100 (British Summer Time),0.0301,0.0345,0.2064,37912.68641524042
Wed Jun 05 2024 01:00:00 GMT+0100 (British Summer Time),0.0302,0.0345,0.209,51779.020612854736
Wed Jun 05 2024 02:00:00 GMT+0100 (British Summer Time),0.0302,0.0345,0.209,0
Wed Jun 05 2024 03:00:00 GMT+0100 (British Summer Time),0.0302,0.0345,0.2138,25307.542232862095
Wed Jun 05 2024 04:00:00 GMT+0100 (British Summer Time),0.0301,0.0345,0.2146,4589.233465620805
Wed Jun 05 2024 05:00:00 GMT+0100 (British Summer Time),0.0302,0.0345,0.2155,4467.0969762910545
Wed Jun 05 2024 06:00:00 GMT+0100 (British Summer Time),0.0302,0.0345,0.2155,0
Wed Jun 05 2024 07:00:00 GMT+0100 (British Summer Time),0.0302,0.0345,0.2155,47.83192124668027
Wed Jun 05 2024 08:00:00 GMT+0100 (British Summer Time),0.0301,0.0345,0.2168,7278.702333476632
Wed Jun 05 2024 09:00:00 GMT+0100 (British Summer Time),0.0301,0.0345,0.216,4411.33849077295
Wed Jun 05 2024 10:00:00 GMT+0100 (British Summer Time),0.0302,0.0345,0.2259,189838.45466478303
Wed Jun 05 2024 11:00:00 GMT+0100 (British Summer Time),0.0302,0.0345,0.2285,13729.916976298766
Wed Jun 05 2024 12:00:00 GMT+0100 (British Summer Time),0.0302,0.0345,0.2285,0
Wed Jun 05 2024 13:00:00 GMT+0100 (British Summer Time),0.0301,0.0345,0.2285,0
Wed Jun 05 2024 14:00:00 GMT+0100 (British Summer Time),0.0302,0.0345,0.2285,0
Wed Jun 05 2024 15:00:00 GMT+0100 (British Summer Time),0.0302,0.0345,0.2285,0
Wed Jun 05 2024 16:00:00 GMT+0100 (British Summer Time),0.0302,0.0345,0.2288,2536.8344771789293
Wed Jun 05 2024 17:00:00 GMT+0100 (British Summer Time),0.0301,0.0345,0.2288,0
Wed Jun 05 2024 18:00:00 GMT+0100 (British Summer Time),0.0301,0.0345,0.2288,0
Wed Jun 05 2024 19:00:00 GMT+0100 (British Summer Time),0.0302,0.0345,0.2288,0
Wed Jun 05 2024 20:00:00 GMT+0100 (British Summer Time),0,0.0345,0.2288,0
Wed Jun 05 2024 21:00:00 GMT+0100 (British Summer Time),0,0.0345,0.2288,268.28516544660124
Wed Jun 05 2024 22:00:00 GMT+0100 (British Summer Time),0,0.0345,0.2288,0
Wed Jun 05 2024 23:00:00 GMT+0100 (British Summer Time),0,0.0345,0.2288,0
Thu Jun 06 2024 00:00:00 GMT+0100 (British Summer Time),0,0.0345,0.2288,0
Thu Jun 06 2024 01:00:00 GMT+0100 (British Summer Time),0,0.0345,0.2237,28300.40338355826
Thu Jun 06 2024 02:00:00 GMT+0100 (British Summer Time),0,0.0345,0.2144,50685.3664219561
Thu Jun 06 2024 03:00:00 GMT+0100 (British Summer Time),0,0.0345,0.2121,16982.6237233877
Thu Jun 06 2024 04:00:00 GMT+0100 (British Summer Time),0,0.0345,0.209,389850.42414500914
Thu Jun 06 2024 05:00:00 GMT+0100 (British Summer Time),0,0.0345,0.2027,369336.3995419543
Thu Jun 06 2024 06:00:00 GMT+0100 (British Summer Time),0,0.0345,0.1988,21189.893887331025
Thu Jun 06 2024 07:00:00 GMT+0100 (British Summer Time),0,0.0345,0.1928,249975.0414544897
Thu Jun 06 2024 08:00:00 GMT+0100 (British Summer Time),0.0393,0.0353,0.1813,100624.91021871423
Thu Jun 06 2024 09:00:00 GMT+0100 (British Summer Time),0.0393,0.0353,0.1813,0
Thu Jun 06 2024 10:00:00 GMT+0100 (British Summer Time),0.0392,0.0353,0.1788,14099.604410475085
Thu Jun 06 2024 11:00:00 GMT+0100 (British Summer Time),0.0393,0.0353,0.1788,0
Thu Jun 06 2024 12:00:00 GMT+0100 (British Summer Time),0.0393,0.0353,0.1788,0
Thu Jun 06 2024 13:00:00 GMT+0100 (British Summer Time),0.0393,0.0353,0.1954,199280.92670603478
Thu Jun 06 2024 14:00:00 GMT+0100 (British Summer Time),0.0392,0.0353,0.1954,0
Thu Jun 06 2024 15:00:00 GMT+0100 (British Summer Time),0.0392,0.0361,0.1954,0
Thu Jun 06 2024 16:00:00 GMT+0100 (British Summer Time),0.0393,0.0361,0.1954,0
Thu Jun 06 2024 17:00:00 GMT+0100 (British Summer Time),0.0393,0.0361,0.1954,0
Thu Jun 06 2024 18:00:00 GMT+0100 (British Summer Time),0.0393,0.0361,0.1954,0
Thu Jun 06 2024 19:00:00 GMT+0100 (British Summer Time),0.0392,0.0361,0.1954,0
Thu Jun 06 2024 20:00:00 GMT+0100 (British Summer Time),0.0393,0.0361,0.1954,0
Thu Jun 06 2024 21:00:00 GMT+0100 (British Summer Time),0.0393,0.0361,0.1954,0
Thu Jun 06 2024 22:00:00 GMT+0100 (British Summer Time),0.0393,0.0361,0.1954,0
Thu Jun 06 2024 23:00:00 GMT+0100 (British Summer Time),0.0392,0.0361,0.193,12738.302928906516
Fri Jun 07 2024 00:00:00 GMT+0100 (British Summer Time),0.0392,0.0361,0.193,1657.6990907664372
Fri Jun 07 2024 01:00:00 GMT+0100 (British Summer Time),0.0393,0.0361,0.1818,125492.72612720839
Fri Jun 07 2024 02:00:00 GMT+0100 (British Summer Time),0.0393,0.0361,0.1818,93341.13644538494
Fri Jun 07 2024 03:00:00 GMT+0100 (British Summer Time),0.0393,0.0361,0.1818,0
Fri Jun 07 2024 04:00:00 GMT+0100 (British Summer Time),0.0392,0.0361,0.1826,4844.600897542796
Fri Jun 07 2024 05:00:00 GMT+0100 (British Summer Time),0.0393,0.0361,0.1826,0
Fri Jun 07 2024 06:00:00 GMT+0100 (British Summer Time),0.0393,0.0361,0.2097,199294.27496417574
Fri Jun 07 2024 07:00:00 GMT+0100 (British Summer Time),0.0393,0.0361,0.2027,41270.55780682167
Fri Jun 07 2024 08:00:00 GMT+0100 (British Summer Time),0,0.0335,0.2027,0
Fri Jun 07 2024 09:00:00 GMT+0100 (British Summer Time),0,0.0335,0.2027,0
Fri Jun 07 2024 10:00:00 GMT+0100 (British Summer Time),0,0.0335,0.2046,10682.366307606502
Fri Jun 07 2024 11:00:00 GMT+0100 (British Summer Time),0,0.0335,0.2046,7915.094202847815
Fri Jun 07 2024 12:00:00 GMT+0100 (British Summer Time),0,0.0335,0.2098,29792.853513879
Fri Jun 07 2024 13:00:00 GMT+0100 (British Summer Time),0,0.0335,0.2158,34470.48413294749
Fri Jun 07 2024 14:00:00 GMT+0100 (British Summer Time),0,0.0335,0.2193,20348.4908586344
Fri Jun 07 2024 15:00:00 GMT+0100 (British Summer Time),0,0.0335,0.219,1699.576602467186
Fri Jun 07 2024 16:00:00 GMT+0100 (British Summer Time),0,0.0335,0.219,0
Fri Jun 07 2024 17:00:00 GMT+0100 (British Summer Time),0,0.0335,0.2142,27659.625207455825
Fri Jun 07 2024 18:00:00 GMT+0100 (British Summer Time),0,0.0335,0.2142,0
Fri Jun 07 2024 19:00:00 GMT+0100 (British Summer Time),0,0.0335,0.2142,0
Fri Jun 07 2024 20:00:00 GMT+0100 (British Summer Time),0,0.0335,0.2142,0
Fri Jun 07 2024 21:00:00 GMT+0100 (British Summer Time),0,0.0335,0.2142,0
Fri Jun 07 2024 22:00:00 GMT+0100 (British Summer Time),0,0.0335,0.2142,36147.84637064564
Fri Jun 07 2024 23:00:00 GMT+0100 (British Summer Time),0,0.0335,0.1822,140917.8667849489
Sat Jun 08 2024 00:00:00 GMT+0100 (British Summer Time),0,0.0335,0.1822,0
Sat Jun 08 2024 01:00:00 GMT+0100 (British Summer Time),0,0.0335,0.1803,10309.250736150452
Sat Jun 08 2024 02:00:00 GMT+0100 (British Summer Time),0,0.0335,0.1817,7926.049159256153
Sat Jun 08 2024 03:00:00 GMT+0100 (British Summer Time),0,0.0335,0.1817,30.537379125453334
Sat Jun 08 2024 04:00:00 GMT+0100 (British Summer Time),0.0401,0.035,0.1825,8547.866159539019
Sat Jun 08 2024 05:00:00 GMT+0100 (British Summer Time),0.04,0.035,0.1831,20110.063412837193
Sat Jun 08 2024 06:00:00 GMT+0100 (British Summer Time),0.04,0.035,0.1954,68533.704833436
Sat Jun 08 2024 07:00:00 GMT+0100 (British Summer Time),0.0401,0.035,0.1972,10074.639667980942
Sat Jun 08 2024 08:00:00 GMT+0100 (British Summer Time),0.0401,0.035,0.1972,0
Sat Jun 08 2024 09:00:00 GMT+0100 (British Summer Time),0.0401,0.035,0.1974,1003.2814605480302
Sat Jun 08 2024 10:00:00 GMT+0100 (British Summer Time),0.04,0.035,0.1968,143744.0806610288
Sat Jun 08 2024 11:00:00 GMT+0100 (British Summer Time),0.0401,0.035,0.1978,7338.786303408428
Sat Jun 08 2024 12:00:00 GMT+0100 (British Summer Time),0.0401,0.035,0.1978,0
Sat Jun 08 2024 13:00:00 GMT+0100 (British Summer Time),0.0401,0.035,0.2079,401299.8805201305
Sat Jun 08 2024 14:00:00 GMT+0100 (British Summer Time),0.04,0.0353,0.211,17385.995820030417
Sat Jun 08 2024 15:00:00 GMT+0100 (British Summer Time),0.04,0.0353,0.211,0
Sat Jun 08 2024 16:00:00 GMT+0100 (British Summer Time),0.0401,0.0353,0.2093,9396.436378502476
Sat Jun 08 2024 17:00:00 GMT+0100 (British Summer Time),0.0401,0.0353,0.2093,0
Sat Jun 08 2024 18:00:00 GMT+0100 (British Summer Time),0.0401,0.0353,0.2026,38248.76897850084
Sat Jun 08 2024 19:00:00 GMT+0100 (British Summer Time),0.04,0.0353,0.2026,0
Sat Jun 08 2024 20:00:00 GMT+0100 (British Summer Time),0.04,0.0353,0.2026,0
Sat Jun 08 2024 21:00:00 GMT+0100 (British Summer Time),0.04,0.0353,0.2031,2811.192286664874
Sat Jun 08 2024 22:00:00 GMT+0100 (British Summer Time),0.04,0.0353,0.2031,0
Sat Jun 08 2024 23:00:00 GMT+0100 (British Summer Time),0.04,0.0353,0.2039,4945.543481590265
Sun Jun 09 2024 00:00:00 GMT+0100 (British Summer Time),0.04,0.0353,0.2075,132510.48403860105
Sun Jun 09 2024 01:00:00 GMT+0100 (British Summer Time),0.04,0.0353,0.203,25331.298308113863
Sun Jun 09 2024 02:00:00 GMT+0100 (British Summer Time),0.04,0.0353,0.2006,13474.904351002908
Sun Jun 09 2024 03:00:00 GMT+0100 (British Summer Time),0.04,0.0353,0.2058,29447.917767958657
Sun Jun 09 2024 04:00:00 GMT+0100 (British Summer Time),0,0.0353,0.2053,2428.704617037998
Sun Jun 09 2024 05:00:00 GMT+0100 (British Summer Time),0,0.0353,0.2052,883.1239164204358
Sun Jun 09 2024 06:00:00 GMT+0100 (British Summer Time),0,0.0353,0.2052,0
Sun Jun 09 2024 07:00:00 GMT+0100 (British Summer Time),0,0.0353,0.2052,0
Sun Jun 09 2024 08:00:00 GMT+0100 (British Summer Time),0,0.0353,0.2049,181287.34792892967
Sun Jun 09 2024 09:00:00 GMT+0100 (British Summer Time),0,0.0353,0.2056,4321.911981487474
Sun Jun 09 2024 10:00:00 GMT+0100 (British Summer Time),0,0.0353,0.2079,13172.523246328077
Sun Jun 09 2024 11:00:00 GMT+0100 (British Summer Time),0,0.0353,0.2079,0
Sun Jun 09 2024 12:00:00 GMT+0100 (British Summer Time),0,0.0353,0.2089,5417.897956207492
Sun Jun 09 2024 13:00:00 GMT+0100 (British Summer Time),0.0305,0.0345,0.2089,11135.668796643751
Sun Jun 09 2024 14:00:00 GMT+0100 (British Summer Time),0.0305,0.0345,0.2077,0
Sun Jun 09 2024 15:00:00 GMT+0100 (British Summer Time),0.0305,0.0345,0.204,211792.63303107803
Sun Jun 09 2024 16:00:00 GMT+0100 (British Summer Time),0.0305,0.0345,0.1924,232787.58640789753
Sun Jun 09 2024 17:00:00 GMT+0100 (British Summer Time),0.0305,0.0345,0.2034,61795.76510038737
Sun Jun 09 2024 18:00:00 GMT+0100 (British Summer Time),0.0305,0.0345,0.2034,0
Sun Jun 09 2024 19:00:00 GMT+0100 (British Summer Time),0.0305,0.0345,0.2034,3094.200409712106
Sun Jun 09 2024 20:00:00 GMT+0100 (British Summer Time),0.0305,0.0345,0.2034,0
Sun Jun 09 2024 21:00:00 GMT+0100 (British Summer Time),0.0305,0.0345,0.1914,144993.15867433287
Sun Jun 09 2024 22:00:00 GMT+0100 (British Summer Time),0.0305,0.0345,0.1914,0
Sun Jun 09 2024 23:00:00 GMT+0100 (British Summer Time),0.0305,0.0345,0.1914,0
Mon Jun 10 2024 00:00:00 GMT+0100 (British Summer Time),0.0305,0.0345,0.2022,60224.65649096496
Mon Jun 10 2024 01:00:00 GMT+0100 (British Summer Time),0.0305,0.0345,0.2028,22099.927306337595
Mon Jun 10 2024 02:00:00 GMT+0100 (British Summer Time),0.0305,0.0351,0.2028,0
Mon Jun 10 2024 03:00:00 GMT+0100 (British Summer Time),0.0305,0.0351,0.2028,0
Mon Jun 10 2024 04:00:00 GMT+0100 (British Summer Time),0.0305,0.0351,0.2028,0
Mon Jun 10 2024 05:00:00 GMT+0100 (British Summer Time),0.0305,0.0351,0.2028,0
Mon Jun 10 2024 06:00:00 GMT+0100 (British Summer Time),0.0305,0.0351,0.2017,13572.374106301086
Mon Jun 10 2024 07:00:00 GMT+0100 (British Summer Time),0.0305,0.0351,0.2017,0
Mon Jun 10 2024 08:00:00 GMT+0100 (British Summer Time),0.0305,0.0351,0.1965,28785.189670090494
Mon Jun 10 2024 09:00:00 GMT+0100 (British Summer Time),0.0305,0.0351,0.2026,33897.36429407431
Mon Jun 10 2024 10:00:00 GMT+0100 (British Summer Time),0.0305,0.0351,0.2026,0
Mon Jun 10 2024 11:00:00 GMT+0100 (British Summer Time),0.0305,0.0351,0.2107,111654.68619889543
Mon Jun 10 2024 12:00:00 GMT+0100 (British Summer Time),0.0305,0.0351,0.2107,0
Mon Jun 10 2024 13:00:00 GMT+0100 (British Summer Time),0,0.0351,0.2086,11668.255586739971
Mon Jun 10 2024 14:00:00 GMT+0100 (British Summer Time),0,0.0351,0.2086,0
Mon Jun 10 2024 15:00:00 GMT+0100 (British Summer Time),0,0.0351,0.2086,0
Mon Jun 10 2024 16:00:00 GMT+0100 (British Summer Time),0,0.0351,0.2092,3617.2923074649584
Mon Jun 10 2024 17:00:00 GMT+0100 (British Summer Time),0,0.0351,0.2092,0
Mon Jun 10 2024 18:00:00 GMT+0100 (British Summer Time),0,0.0351,0.2092,0
Mon Jun 10 2024 19:00:00 GMT+0100 (British Summer Time),0,0.0351,0.2092,366.0869629198567
Mon Jun 10 2024 20:00:00 GMT+0100 (British Summer Time),0,0.0351,0.2064,15316.45863983235
Mon Jun 10 2024 21:00:00 GMT+0100 (British Summer Time),0,0.0351,0.2064,0
Mon Jun 10 2024 22:00:00 GMT+0100 (British Summer Time),0,0.0351,0.2064,15128.017693993352
Mon Jun 10 2024 23:00:00 GMT+0100 (British Summer Time),0,0.0351,0.2056,4886.56256906112
Tue Jun 11 2024 00:00:00 GMT+0100 (British Summer Time),0,0.0351,0.2056,0
Tue Jun 11 2024 01:00:00 GMT+0100 (British Summer Time),0.0343,0.0349,0.2056,0
Tue Jun 11 2024 02:00:00 GMT+0100 (British Summer Time),0.0343,0.035,0.2023,18029.046418733218
Tue Jun 11 2024 03:00:00 GMT+0100 (British Summer Time),0.0343,0.035,0.2023,0
Tue Jun 11 2024 04:00:00 GMT+0100 (British Summer Time),0.0343,0.0349,0.1839,116051.25746263977
Tue Jun 11 2024 05:00:00 GMT+0100 (British Summer Time),0.0343,0.0349,0.1933,50870.98399289552
Tue Jun 11 2024 06:00:00 GMT+0100 (British Summer Time),0.0343,0.035,0.1917,34010.4758068973
Tue Jun 11 2024 07:00:00 GMT+0100 (British Summer Time),0.0343,0.035,0.1924,3978.1887161612176
Tue Jun 11 2024 08:00:00 GMT+0100 (British Summer Time),0.0343,0.0349,0.1924,0
Tue Jun 11 2024 09:00:00 GMT+0100 (British Summer Time),0.0343,0.0349,0.1924,21685.292005808664
Tue Jun 11 2024 10:00:00 GMT+0100 (British Summer Time),0.0343,0.0349,0.1957,4099.515957926295
Tue Jun 11 2024 11:00:00 GMT+0100 (British Summer Time),0.0343,0.0349,0.1965,4410.909064245409
Tue Jun 11 2024 12:00:00 GMT+0100 (British Summer Time),0.0343,0.0349,0.1965,0
Tue Jun 11 2024 13:00:00 GMT+0100 (British Summer Time),0.0343,0.0349,0.193,18875.946728387313
Tue Jun 11 2024 14:00:00 GMT+0100 (British Summer Time),0.0343,0.0349,0.193,0
Tue Jun 11 2024 15:00:00 GMT+0100 (British Summer Time),0.0343,0.0349,0.1964,18459.07022540806
Tue Jun 11 2024 16:00:00 GMT+0100 (British Summer Time),0.0343,0.0349,0.1964,0
Tue Jun 11 2024 17:00:00 GMT+0100 (British Summer Time),0.0343,0.0349,0.1964,0
Tue Jun 11 2024 18:00:00 GMT+0100 (British Summer Time),0.0343,0.0349,0.2029,33484.445922026585
Tue Jun 11 2024 19:00:00 GMT+0100 (British Summer Time),0.0343,0.0349,0.2035,3377.9489135939107
Tue Jun 11 2024 20:00:00 GMT+0100 (British Summer Time),0.0343,0.0363,0.2035,0
Tue Jun 11 2024 21:00:00 GMT+0100 (British Summer Time),0.0343,0.0363,0.2035,0
Tue Jun 11 2024 22:00:00 GMT+0100 (British Summer Time),0.0343,0.0363,0.2035,0
Tue Jun 11 2024 23:00:00 GMT+0100 (British Summer Time),0.0343,0.0363,0.2034,288.8552776506237
Wed Jun 12 2024 00:00:00 GMT+0100 (British Summer Time),0.0343,0.0363,0.2034,0
Wed Jun 12 2024 01:00:00 GMT+0100 (British Summer Time),0,0.0363,0.2056,11400.582404776374
Wed Jun 12 2024 02:00:00 GMT+0100 (British Summer Time),0,0.0363,0.2065,4696.285238250497
Wed Jun 12 2024 03:00:00 GMT+0100 (British Summer Time),0,0.0363,0.2134,47864.30095337356
Wed Jun 12 2024 04:00:00 GMT+0100 (British Summer Time),0,0.0363,0.2134,0
Wed Jun 12 2024 05:00:00 GMT+0100 (British Summer Time),0,0.0363,0.2134,0
Wed Jun 12 2024 06:00:00 GMT+0100 (British Summer Time),0,0.0363,0.2134,0
Wed Jun 12 2024 07:00:00 GMT+0100 (British Summer Time),0,0.0363,0.2134,0
Wed Jun 12 2024 08:00:00 GMT+0100 (British Summer Time),0,0.0363,0.2142,4209.02434404333
Wed Jun 12 2024 09:00:00 GMT+0100 (British Summer Time),0,0.0363,0.2145,2917.8164096473756
Wed Jun 12 2024 10:00:00 GMT+0100 (British Summer Time),0,0.0363,0.2145,0
Wed Jun 12 2024 11:00:00 GMT+0100 (British Summer Time),0,0.0363,0.2145,70.28150811216418
Wed Jun 12 2024 12:00:00 GMT+0100 (British Summer Time),0.0312,0.0353,0.2145,0
Wed Jun 12 2024 13:00:00 GMT+0100 (British Summer Time),0.0312,0.0353,0.2145,0
Wed Jun 12 2024 14:00:00 GMT+0100 (British Summer Time),0.0312,0.0353,0.2145,0
Wed Jun 12 2024 15:00:00 GMT+0100 (British Summer Time),0.0312,0.0353,0.2145,0
Wed Jun 12 2024 16:00:00 GMT+0100 (British Summer Time),0.0312,0.0353,0.2164,110893.03854363669
Wed Jun 12 2024 17:00:00 GMT+0100 (British Summer Time),0.0312,0.0353,0.2164,0
Wed Jun 12 2024 18:00:00 GMT+0100 (British Summer Time),0.0312,0.0353,0.2168,1953.9986260820342
Wed Jun 12 2024 19:00:00 GMT+0100 (British Summer Time),0.0312,0.0353,0.2168,0
Wed Jun 12 2024 20:00:00 GMT+0100 (British Summer Time),0.0312,0.0353,0.2168,0
Wed Jun 12 2024 21:00:00 GMT+0100 (British Summer Time),0.0312,0.0353,0.2168,0
Wed Jun 12 2024 22:00:00 GMT+0100 (British Summer Time),0.0312,0.0353,0.2168,0
Wed Jun 12 2024 23:00:00 GMT+0100 (British Summer Time),0.0312,0.0353,0.2168,0
Thu Jun 13 2024 00:00:00 GMT+0100 (British Summer Time),0.0312,0.0353,0.2168,0
Thu Jun 13 2024 01:00:00 GMT+0100 (British Summer Time),0.0312,0.0353,0.2168,0
Thu Jun 13 2024 02:00:00 GMT+0100 (British Summer Time),0.0312,0.0353,0.2168,0
Thu Jun 13 2024 03:00:00 GMT+0100 (British Summer Time),0.0312,0.0353,0.2168,0
Thu Jun 13 2024 04:00:00 GMT+0100 (British Summer Time),0.0312,0.0353,0.2168,1711.276745673507
Thu Jun 13 2024 05:00:00 GMT+0100 (British Summer Time),0.0312,0.0353,0.2171,0
Thu Jun 13 2024 06:00:00 GMT+0100 (British Summer Time),0.0507,0.0401,0.2171,0
Thu Jun 13 2024 07:00:00 GMT+0100 (British Summer Time),0.0507,0.0401,0.2172,19234.56358529832
Thu Jun 13 2024 08:00:00 GMT+0100 (British Summer Time),0.0507,0.0403,0.2172,0
Thu Jun 13 2024 09:00:00 GMT+0100 (British Summer Time),0.0507,0.0403,0.2172,0
Thu Jun 13 2024 10:00:00 GMT+0100 (British Summer Time),0.0507,0.0403,0.2173,0
Thu Jun 13 2024 11:00:00 GMT+0100 (British Summer Time),0.0507,0.0403,0.2172,0
Thu Jun 13 2024 12:00:00 GMT+0100 (British Summer Time),0.0915,0.0403,0.2172,0
Thu Jun 13 2024 13:00:00 GMT+0100 (British Summer Time),0.0915,0.0403,0.2172,0
Thu Jun 13 2024 14:00:00 GMT+0100 (British Summer Time),0.0915,0.0403,0.2173,0
Thu Jun 13 2024 15:00:00 GMT+0100 (British Summer Time),0.0915,0.0403,0.2175,1377.3497962862218
Thu Jun 13 2024 16:00:00 GMT+0100 (British Summer Time),0.0917,0.0403,0.2175,0
Thu Jun 13 2024 17:00:00 GMT+0100 (British Summer Time),0.0917,0.0403,0.2175,0
Thu Jun 13 2024 18:00:00 GMT+0100 (British Summer Time),0.0917,0.0403,0.2175,0
Thu Jun 13 2024 19:00:00 GMT+0100 (British Summer Time),0.0917,0.0403,0.2175,0
Thu Jun 13 2024 20:00:00 GMT+0100 (British Summer Time),0.0917,0.0403,0.2217,46122.91313540147
Thu Jun 13 2024 21:00:00 GMT+0100 (British Summer Time),0.0917,0.0403,0.2217,0
Thu Jun 13 2024 22:00:00 GMT+0100 (British Summer Time),0.0917,0.0403,0.2317,775243.7322085607
Thu Jun 13 2024 23:00:00 GMT+0100 (British Summer Time),0.0917,0.0403,0.2285,17635.15356025098
Fri Jun 14 2024 00:00:00 GMT+0100 (British Summer Time),0.0917,0.0403,0.2322,19317.562061664656
Fri Jun 14 2024 01:00:00 GMT+0100 (British Summer Time),0.0915,0.0403,0.2322,0
Fri Jun 14 2024 02:00:00 GMT+0100 (British Summer Time),0.0915,0.0403,0.2338,100407.74276428006
Fri Jun 14 2024 03:00:00 GMT+0100 (British Summer Time),0.0915,0.0403,0.2338,177405.03860185566
Fri Jun 14 2024 04:00:00 GMT+0100 (British Summer Time),0.0915,0.0403,0.2338,494383.87102641014
Fri Jun 14 2024 05:00:00 GMT+0100 (British Summer Time),0.0915,0.0403,0.246,433329.8970542708
Fri Jun 14 2024 06:00:00 GMT+0100 (British Summer Time),0,0.0403,0.254,42879.823971633494
Fri Jun 14 2024 07:00:00 GMT+0100 (British Summer Time),0,0.0403,0.264,69491.2466079851
Fri Jun 14 2024 08:00:00 GMT+0100 (British Summer Time),0,0.0403,0.2364,189484.0208286955
Fri Jun 14 2024 09:00:00 GMT+0100 (British Summer Time),0,0.0403,0.255,250499.2726077231
Fri Jun 14 2024 10:00:00 GMT+0100 (British Summer Time),0,0.0403,0.2658,472492.649327545
Fri Jun 14 2024 11:00:00 GMT+0100 (British Summer Time),0,0.0403,0.2658,204697.79012760185
Fri Jun 14 2024 12:00:00 GMT+0100 (British Summer Time),0,0.0403,0.2658,19835.86243174834
Fri Jun 14 2024 13:00:00 GMT+0100 (British Summer Time),0,0.0403,0.2008,411174.20241205266
Fri Jun 14 2024 14:00:00 GMT+0100 (British Summer Time),0,0.0403,0.2037,13520.521665432234
Fri Jun 14 2024 15:00:00 GMT+0100 (British Summer Time),0,0.0403,0.2037,0
Fri Jun 14 2024 16:00:00 GMT+0100 (British Summer Time),0,0.0403,0.2022,59006.477488268574
Fri Jun 14 2024 17:00:00 GMT+0100 (British Summer Time),0,0.0403,0.2022,0
Fri Jun 14 2024 18:00:00 GMT+0100 (British Summer Time),0,0.0403,0.2071,25206.930000451837
Fri Jun 14 2024 19:00:00 GMT+0100 (British Summer Time),0,0.0403,0.2071,0
Fri Jun 14 2024 20:00:00 GMT+0100 (British Summer Time),0,0.0403,0.2079,4026.1426599830925
Fri Jun 14 2024 21:00:00 GMT+0100 (British Summer Time),0,0.0403,0.2079,175101.3757123136
Fri Jun 14 2024 22:00:00 GMT+0100 (British Summer Time),0,0.0403,0.243,30273.242908223925
Fri Jun 14 2024 23:00:00 GMT+0100 (British Summer Time),0,0.0403,0.2456,13817.93386788132
Sat Jun 15 2024 00:00:00 GMT+0100 (British Summer Time),0,0.0403,0.2456,0
Sat Jun 15 2024 01:00:00 GMT+0100 (British Summer Time),0,0.0403,0.2456,1453.1885936972421
Sat Jun 15 2024 02:00:00 GMT+0100 (British Summer Time),0,0.0403,0.2537,59836.555319775085
Sat Jun 15 2024 03:00:00 GMT+0100 (British Summer Time),0,0.0403,0.2749,114052.54438889961
Sat Jun 15 2024 04:00:00 GMT+0100 (British Summer Time),0,0.0404,0.239,593561.3586738813
Sat Jun 15 2024 05:00:00 GMT+0100 (British Summer Time),0,0.0404,0.2396,3325.515533324522
Sat Jun 15 2024 06:00:00 GMT+0100 (British Summer Time),0,0.0404,0.2396,1959.7080988465655
Sat Jun 15 2024 07:00:00 GMT+0100 (British Summer Time),0.0285,0.037,0.2413,9153.07204311876
Sat Jun 15 2024 08:00:00 GMT+0100 (British Summer Time),0.0285,0.037,0.2413,132.90976966868465
Sat Jun 15 2024 09:00:00 GMT+0100 (British Summer Time),0.0285,0.037,0.2431,9678.067767274904
Sat Jun 15 2024 10:00:00 GMT+0100 (British Summer Time),0.0285,0.037,0.2447,8886.227617593055
Sat Jun 15 2024 11:00:00 GMT+0100 (British Summer Time),0.0285,0.037,0.2449,15259.871091590638
Sat Jun 15 2024 12:00:00 GMT+0100 (British Summer Time),0.0285,0.037,0.245,596.7174906945237
Sat Jun 15 2024 13:00:00 GMT+0100 (British Summer Time),0.0285,0.037,0.2459,4679.473643730199
Sat Jun 15 2024 14:00:00 GMT+0100 (British Summer Time),0.0285,0.037,0.2459,0
Sat Jun 15 2024 15:00:00 GMT+0100 (British Summer Time),0.0285,0.037,0.2459,0
Sat Jun 15 2024 16:00:00 GMT+0100 (British Summer Time),0.0285,0.037,0.2453,25247.042452731494
Sat Jun 15 2024 17:00:00 GMT+0100 (British Summer Time),0.0285,0.037,0.2453,0
Sat Jun 15 2024 18:00:00 GMT+0100 (British Summer Time),0.0285,0.037,0.2453,0
Sat Jun 15 2024 19:00:00 GMT+0100 (British Summer Time),0.0285,0.037,0.2423,18470.122251207722
Sat Jun 15 2024 20:00:00 GMT+0100 (British Summer Time),0.0285,0.037,0.2426,0
Sat Jun 15 2024 21:00:00 GMT+0100 (British Summer Time),0.0285,0.037,0.2426,0
Sat Jun 15 2024 22:00:00 GMT+0100 (British Summer Time),0.0285,0.037,0.2426,32.28875317110612
Sat Jun 15 2024 23:00:00 GMT+0100 (British Summer Time),0.0285,0.037,0.2418,4552.401603780141
Sun Jun 16 2024 00:00:00 GMT+0100 (British Summer Time),0.0285,0.037,0.2536,148403.65705503963
Sun Jun 16 2024 01:00:00 GMT+0100 (British Summer Time),0.0285,0.037,0.2528,15363.389499100826
Sun Jun 16 2024 02:00:00 GMT+0100 (British Summer Time),0.0285,0.037,0.2566,21200.491982798318
Sun Jun 16 2024 03:00:00 GMT+0100 (British Summer Time),0.0285,0.037,0.2648,144623.92366178668
Sun Jun 16 2024 04:00:00 GMT+0100 (British Summer Time),0.0285,0.037,0.2632,8965.911502724797
Sun Jun 16 2024 05:00:00 GMT+0100 (British Summer Time),0.0285,0.037,0.2629,1968.4552488101915
Sun Jun 16 2024 06:00:00 GMT+0100 (British Summer Time),0.0285,0.037,0.2633,2230.374132848858
Sun Jun 16 2024 07:00:00 GMT+0100 (British Summer Time),0,0.037,0.2633,0
Sun Jun 16 2024 08:00:00 GMT+0100 (British Summer Time),0,0.037,0.2663,16841.28337331137
Sun Jun 16 2024 09:00:00 GMT+0100 (British Summer Time),0,0.037,0.2663,0
Sun Jun 16 2024 10:00:00 GMT+0100 (British Summer Time),0,0.037,0.2627,20039.544096376183
Sun Jun 16 2024 11:00:00 GMT+0100 (British Summer Time),0,0.037,0.2489,146467.54026189313
Sun Jun 16 2024 12:00:00 GMT+0100 (British Summer Time),0,0.037,0.2674,170729.45007674972
Sun Jun 16 2024 13:00:00 GMT+0100 (British Summer Time),0,0.0385,0.2674,176066.3439198278
Sun Jun 16 2024 14:00:00 GMT+0100 (British Summer Time),0,0.0385,0.2676,1292.5312547358108
Sun Jun 16 2024 15:00:00 GMT+0100 (British Summer Time),0,0.0385,0.2703,15018.245880116627
Sun Jun 16 2024 16:00:00 GMT+0100 (British Summer Time),0,0.0385,0.2703,0
Sun Jun 16 2024 17:00:00 GMT+0100 (British Summer Time),0,0.0385,0.2799,141230.07258598084
Sun Jun 16 2024 18:00:00 GMT+0100 (British Summer Time),0,0.0385,0.2799,0
Sun Jun 16 2024 19:00:00 GMT+0100 (British Summer Time),0,0.0385,0.2837,21054.5935447949
Sun Jun 16 2024 20:00:00 GMT+0100 (British Summer Time),0,0.0385,0.2732,142721.01254488542
Sun Jun 16 2024 21:00:00 GMT+0100 (British Summer Time),0,0.0385,0.2635,891573.0698506437
Sun Jun 16 2024 22:00:00 GMT+0100 (British Summer Time),0,0.0385,0.2636,276394.0151932204
Sun Jun 16 2024 23:00:00 GMT+0100 (British Summer Time),0,0.0385,0.2636,0
Mon Jun 17 2024 00:00:00 GMT+0100 (British Summer Time),0,0.0385,0.268,38435.61785969727
Mon Jun 17 2024 01:00:00 GMT+0100 (British Summer Time),0,0.0385,0.268,0
Mon Jun 17 2024 02:00:00 GMT+0100 (British Summer Time),0,0.0385,0.2753,40747.223893788316
Mon Jun 17 2024 03:00:00 GMT+0100 (British Summer Time),0,0.0385,0.2753,0
Mon Jun 17 2024 04:00:00 GMT+0100 (British Summer Time),0,0.0385,0.2753,3.782128726016614
Mon Jun 17 2024 05:00:00 GMT+0100 (British Summer Time),0,0.0385,0.2834,45520.149749696706
Mon Jun 17 2024 06:00:00 GMT+0100 (British Summer Time),0,0.0385,0.2659,120375.43729282213
Mon Jun 17 2024 07:00:00 GMT+0100 (British Summer Time),0,0.0385,0.2616,23787.89026099155
Mon Jun 17 2024 08:00:00 GMT+0100 (British Summer Time),0,0.0385,0.2627,5964.373353385876
Mon Jun 17 2024 09:00:00 GMT+0100 (British Summer Time),0,0.0385,0.2633,3341.4444577464965
Mon Jun 17 2024 10:00:00 GMT+0100 (British Summer Time),0,0.0385,0.2633,0
Mon Jun 17 2024 11:00:00 GMT+0100 (British Summer Time),0,0.0385,0.2682,26721.888908436245
Mon Jun 17 2024 12:00:00 GMT+0100 (British Summer Time),0,0.0385,0.2675,4126.10297875427
Mon Jun 17 2024 13:00:00 GMT+0100 (British Summer Time),0.0286,0.0357,0.2666,8352.41159420217
Mon Jun 17 2024 14:00:00 GMT+0100 (British Summer Time),0.0286,0.0357,0.2686,10802.625439755288
Mon Jun 17 2024 15:00:00 GMT+0100 (British Summer Time),0.0286,0.0357,0.2463,158368.40902116764
Mon Jun 17 2024 16:00:00 GMT+0100 (British Summer Time),0.0286,0.0357,0.2405,349242.2093966881
Mon Jun 17 2024 17:00:00 GMT+0100 (British Summer Time),0.0286,0.0357,0.2734,177772.3548073188
Mon Jun 17 2024 18:00:00 GMT+0100 (British Summer Time),0.0286,0.0357,0.2873,433867.1311609255
Mon Jun 17 2024 19:00:00 GMT+0100 (British Summer Time),0.0286,0.0357,0.2892,0
Mon Jun 17 2024 20:00:00 GMT+0100 (British Summer Time),0.0286,0.0357,0.2892,0
Mon Jun 17 2024 21:00:00 GMT+0100 (British Summer Time),0.0286,0.0357,0.2936,80938.67117878058
Mon Jun 17 2024 22:00:00 GMT+0100 (British Summer Time),0.0286,0.0357,0.2942,3632.99817895551
Mon Jun 17 2024 23:00:00 GMT+0100 (British Summer Time),0.0286,0.0357,0.2645,365949.2654734983
Tue Jun 18 2024 00:00:00 GMT+0100 (British Summer Time),0.0286,0.0357,0.2616,15596.212987650502
Tue Jun 18 2024 01:00:00 GMT+0100 (British Summer Time),0.0286,0.036,0.2665,26315.54792458849
Tue Jun 18 2024 02:00:00 GMT+0100 (British Summer Time),0.0286,0.036,0.2665,0
Tue Jun 18 2024 03:00:00 GMT+0100 (British Summer Time),0.0286,0.036,0.2665,0
Tue Jun 18 2024 04:00:00 GMT+0100 (British Summer Time),0.0286,0.036,0.2665,0
Tue Jun 18 2024 05:00:00 GMT+0100 (British Summer Time),0.0286,0.036,0.2665,4254.113065115569
Tue Jun 18 2024 06:00:00 GMT+0100 (British Summer Time),0.0286,0.036,0.2673,0
Tue Jun 18 2024 07:00:00 GMT+0100 (British Summer Time),0.0286,0.036,0.2673,0
Tue Jun 18 2024 08:00:00 GMT+0100 (British Summer Time),0.0286,0.036,0.2548,66613.988814464
Tue Jun 18 2024 09:00:00 GMT+0100 (British Summer Time),0.0286,0.036,0.2447,235945.91154274094
Tue Jun 18 2024 10:00:00 GMT+0100 (British Summer Time),0.0286,0.036,0.2624,118260.98152713978
Tue Jun 18 2024 11:00:00 GMT+0100 (British Summer Time),0.0286,0.036,0.2553,385450.5883613921
Tue Jun 18 2024 12:00:00 GMT+0100 (British Summer Time),0.0286,0.036,0.2577,12494.915748594129
Tue Jun 18 2024 13:00:00 GMT+0100 (British Summer Time),0,0.036,0.2652,173780.85553659836
Tue Jun 18 2024 14:00:00 GMT+0100 (British Summer Time),0,0.036,0.2151,439922.0003432984
Tue Jun 18 2024 15:00:00 GMT+0100 (British Summer Time),0,0.036,0.2151,0
Tue Jun 18 2024 16:00:00 GMT+0100 (British Summer Time),0,0.036,0.2151,0
Tue Jun 18 2024 17:00:00 GMT+0100 (British Summer Time),0,0.036,0.2279,65935.05540072896
Tue Jun 18 2024 18:00:00 GMT+0100 (British Summer Time),0,0.036,0.2279,0
Tue Jun 18 2024 19:00:00 GMT+0100 (British Summer Time),0,0.036,0.2294,7603.285183559713
Tue Jun 18 2024 20:00:00 GMT+0100 (British Summer Time),0,0.036,0.2294,0
Tue Jun 18 2024 21:00:00 GMT+0100 (British Summer Time),0,0.036,0.2294,0
Tue Jun 18 2024 22:00:00 GMT+0100 (British Summer Time),0,0.036,0.2294,0
Tue Jun 18 2024 23:00:00 GMT+0100 (British Summer Time),0,0.036,0.2294,0
Wed Jun 19 2024 00:00:00 GMT+0100 (British Summer Time),0,0.036,0.2362,35263.47342237936
Wed Jun 19 2024 01:00:00 GMT+0100 (British Summer Time),0,0.036,0.2362,0
Wed Jun 19 2024 02:00:00 GMT+0100 (British Summer Time),0,0.036,0.2626,139934.9382413917
Wed Jun 19 2024 03:00:00 GMT+0100 (British Summer Time),0,0.036,0.265,92256.14229907223
Wed Jun 19 2024 04:00:00 GMT+0100 (British Summer Time),0,0.036,0.2709,0
Wed Jun 19 2024 05:00:00 GMT+0100 (British Summer Time),0,0.036,0.2678,51197.51329060421
Wed Jun 19 2024 06:00:00 GMT+0100 (British Summer Time),0,0.036,0.2599,42079.031806573366
Wed Jun 19 2024 07:00:00 GMT+0100 (British Summer Time),0,0.036,0.2235,196979.96568033678
Wed Jun 19 2024 08:00:00 GMT+0100 (British Summer Time),0,0.036,0.2352,69254.90108676169
Wed Jun 19 2024 09:00:00 GMT+0100 (British Summer Time),0,0.036,0.2386,18670.967943631098
Wed Jun 19 2024 10:00:00 GMT+0100 (British Summer Time),0,0.036,0.2343,23722.18776081688
Wed Jun 19 2024 11:00:00 GMT+0100 (British Summer Time),0,0.036,0.2242,109171.29002102376
Wed Jun 19 2024 12:00:00 GMT+0100 (British Summer Time),0,0.036,0.2427,263550.6794805527
Wed Jun 19 2024 13:00:00 GMT+0100 (British Summer Time),0,0.0375,0.2424,0
Wed Jun 19 2024 14:00:00 GMT+0100 (British Summer Time),0,0.0375,0.2424,9026.565052859945
Wed Jun 19 2024 15:00:00 GMT+0100 (British Summer Time),0,0.0375,0.2399,4079.3703200729815
Wed Jun 19 2024 16:00:00 GMT+0100 (British Summer Time),0,0.0375,0.2529,249973.70068488037
Wed Jun 19 2024 17:00:00 GMT+0100 (British Summer Time),0,0.0375,0.2606,5062.731943912943
Wed Jun 19 2024 18:00:00 GMT+0100 (British Summer Time),0,0.0375,0.2619,6846.138554650809
Wed Jun 19 2024 19:00:00 GMT+0100 (British Summer Time),0,0.0375,0.2618,571.0995551313285
Wed Jun 19 2024 20:00:00 GMT+0100 (British Summer Time),0,0.0375,0.2618,0
Wed Jun 19 2024 21:00:00 GMT+0100 (British Summer Time),0,0.0375,0.2551,35425.897636286376
Wed Jun 19 2024 22:00:00 GMT+0100 (British Summer Time),0,0.0375,0.2565,7588.406826725658
Wed Jun 19 2024 23:00:00 GMT+0100 (British Summer Time),0,0.0375,0.2568,158416.7508004507
Thu Jun 20 2024 00:00:00 GMT+0100 (British Summer Time),0.0283,0.0345,0.2568,0
Thu Jun 20 2024 01:00:00 GMT+0100 (British Summer Time),0.0283,0.0345,0.2573,2298.5935348188036
Thu Jun 20 2024 02:00:00 GMT+0100 (British Summer Time),0.0283,0.0345,0.2555,75600.81157048288
Thu Jun 20 2024 03:00:00 GMT+0100 (British Summer Time),0.0283,0.0345,0.2478,98887.59538382175
Thu Jun 20 2024 04:00:00 GMT+0100 (British Summer Time),0.0283,0.0345,0.2437,158142.58598233873
Thu Jun 20 2024 05:00:00 GMT+0100 (British Summer Time),0.0283,0.0345,0.2415,17742.82838482869
Thu Jun 20 2024 06:00:00 GMT+0100 (British Summer Time),0.0283,0.0285,0.2415,0
Thu Jun 20 2024 07:00:00 GMT+0100 (British Summer Time),0.0283,0.0285,0.2433,7975.114900442892
Thu Jun 20 2024 08:00:00 GMT+0100 (British Summer Time),0.0283,0.0285,0.2433,65853.38572543747
Thu Jun 20 2024 09:00:00 GMT+0100 (British Summer Time),0.0283,0.0285,0.2202,104479.27864288469
Thu Jun 20 2024 10:00:00 GMT+0100 (British Summer Time),0.0283,0.0285,0.2202,0
Thu Jun 20 2024 11:00:00 GMT+0100 (British Summer Time),0.0283,0.0285,0.2088,55265.423916570806
Thu Jun 20 2024 12:00:00 GMT+0100 (British Summer Time),0.0283,0.0285,0.2088,0
Thu Jun 20 2024 13:00:00 GMT+0100 (British Summer Time),0.0283,0.0285,0.2136,21397.94514614878
Thu Jun 20 2024 14:00:00 GMT+0100 (British Summer Time),0.0283,0.0285,0.2136,0
Thu Jun 20 2024 15:00:00 GMT+0100 (British Summer Time),0.0283,0.0285,0.2136,0
Thu Jun 20 2024 16:00:00 GMT+0100 (British Summer Time),0.0283,0.0285,0.2136,0
Thu Jun 20 2024 17:00:00 GMT+0100 (British Summer Time),0.0283,0.0285,0.2136,0
Thu Jun 20 2024 18:00:00 GMT+0100 (British Summer Time),0.0283,0.0285,0.2268,57897.002929063856
Thu Jun 20 2024 19:00:00 GMT+0100 (British Summer Time),0.0283,0.0285,0.2311,18630.227968463703
Thu Jun 20 2024 20:00:00 GMT+0100 (British Summer Time),0.0283,0.0285,0.2456,131041.70642819647
Thu Jun 20 2024 21:00:00 GMT+0100 (British Summer Time),0.0283,0.0285,0.2611,10243.675130955802
Thu Jun 20 2024 22:00:00 GMT+0100 (British Summer Time),0.0283,0.0285,0.2607,1796.0073230875864
Thu Jun 20 2024 23:00:00 GMT+0100 (British Summer Time),0.0283,0.0285,0.2607,20.034269792309722
Fri Jun 21 2024 00:00:00 GMT+0100 (British Summer Time),0,0.0285,0.2613,2814.2742948556483
Fri Jun 21 2024 01:00:00 GMT+0100 (British Summer Time),0,0.0285,0.2539,32877.23172740357
Fri Jun 21 2024 02:00:00 GMT+0100 (British Summer Time),0,0.0285,0.2576,16479.453066309743
Fri Jun 21 2024 03:00:00 GMT+0100 (British Summer Time),0,0.0285,0.2072,301666.336430825
Fri Jun 21 2024 04:00:00 GMT+0100 (British Summer Time),0,0.0285,0.2074,0
Fri Jun 21 2024 05:00:00 GMT+0100 (British Summer Time),0,0.0285,0.2106,27332.082284248798
Fri Jun 21 2024 06:00:00 GMT+0100 (British Summer Time),0,0.0285,0.2154,20703.54326531807
Fri Jun 21 2024 07:00:00 GMT+0100 (British Summer Time),0,0.0285,0.2713,791713.4698649441
Fri Jun 21 2024 08:00:00 GMT+0100 (British Summer Time),0,0.0285,0.2748,140809.29944890083
Fri Jun 21 2024 09:00:00 GMT+0100 (British Summer Time),0,0.0285,0.2529,3642.510033425291
Fri Jun 21 2024 10:00:00 GMT+0100 (British Summer Time),0,0.0285,0.2536,0
Fri Jun 21 2024 11:00:00 GMT+0100 (British Summer Time),0,0.0285,0.2291,106319.80100233185
Fri Jun 21 2024 12:00:00 GMT+0100 (British Summer Time),0,0.0285,0.2339,20666.962288907547
Fri Jun 21 2024 13:00:00 GMT+0100 (British Summer Time),0,0.0285,0.2516,75403.53003011344
Fri Jun 21 2024 14:00:00 GMT+0100 (British Summer Time),0,0.0285,0.2778,262731.8887462592
Fri Jun 21 2024 15:00:00 GMT+0100 (British Summer Time),0,0.0285,0.2778,0
Fri Jun 21 2024 16:00:00 GMT+0100 (British Summer Time),0,0.0285,0.2294,777588.1119404437
Fri Jun 21 2024 17:00:00 GMT+0100 (British Summer Time),0,0.0285,0.2294,0
Fri Jun 21 2024 18:00:00 GMT+0100 (British Summer Time),0,0.0285,0.2323,12304.363545863303
Fri Jun 21 2024 19:00:00 GMT+0100 (British Summer Time),0,0.0285,0.2323,210.37199803390703
Fri Jun 21 2024 20:00:00 GMT+0100 (British Summer Time),0,0.0285,0.248,66674.45583403786
Fri Jun 21 2024 21:00:00 GMT+0100 (British Summer Time),0,0.0285,0.2499,42713.90042825078
Fri Jun 21 2024 22:00:00 GMT+0100 (British Summer Time),0,0.0285,0.2631,56069.23756995763
Fri Jun 21 2024 23:00:00 GMT+0100 (British Summer Time),0,0.0285,0.2679,20308.79947580219
Sat Jun 22 2024 00:00:00 GMT+0100 (British Summer Time),0,0.0285,0.2684,2083.3268700121444
Sat Jun 22 2024 01:00:00 GMT+0100 (British Summer Time),0,0.0285,0.2684,105.85141124138697
Sat Jun 22 2024 02:00:00 GMT+0100 (British Summer Time),0,0.0285,0.2708,25341.309152711598
Sat Jun 22 2024 03:00:00 GMT+0100 (British Summer Time),0,0.0285,0.2745,0
Sat Jun 22 2024 04:00:00 GMT+0100 (British Summer Time),0,0.0285,0.248,110647.98384759616
Sat Jun 22 2024 05:00:00 GMT+0100 (British Summer Time),0,0.0285,0.2616,56425.87204968168
Sat Jun 22 2024 06:00:00 GMT+0100 (British Summer Time),0,0.0285,0.2605,14473.41712067038
Sat Jun 22 2024 07:00:00 GMT+0100 (British Summer Time),0,0.0284,0.2609,5564.3655704227285
Sat Jun 22 2024 08:00:00 GMT+0100 (British Summer Time),0,0.0285,0.259,9220.624609187045
Sat Jun 22 2024 09:00:00 GMT+0100 (British Summer Time),0,0.0285,0.2582,6002.578808863811
Sat Jun 22 2024 10:00:00 GMT+0100 (British Summer Time),0,0.0285,0.2439,58885.388561602005
Sat Jun 22 2024 11:00:00 GMT+0100 (British Summer Time),0,0.0284,0.2619,74765.82936687983
Sat Jun 22 2024 12:00:00 GMT+0100 (British Summer Time),0.0262,0.0277,0.2619,0
Sat Jun 22 2024 13:00:00 GMT+0100 (British Summer Time),0.0263,0.0277,0.2694,31156.417671301122
Sat Jun 22 2024 14:00:00 GMT+0100 (British Summer Time),0.0262,0.0277,0.2694,0
Sat Jun 22 2024 15:00:00 GMT+0100 (British Summer Time),0.0262,0.0277,0.2645,20553.139537208557
Sat Jun 22 2024 16:00:00 GMT+0100 (British Summer Time),0.0262,0.0277,0.2668,9612.544699581118
Sat Jun 22 2024 17:00:00 GMT+0100 (British Summer Time),0.0262,0.0277,0.267,1365.76420902051
Sat Jun 22 2024 18:00:00 GMT+0100 (British Summer Time),0.0262,0.0277,0.2762,38482.229559294276
Sat Jun 22 2024 19:00:00 GMT+0100 (British Summer Time),0.0262,0.0277,0.2762,2418.4405058954285
Sat Jun 22 2024 20:00:00 GMT+0100 (British Summer Time),0.0262,0.0277,0.2805,158497.67319752538
Sat Jun 22 2024 21:00:00 GMT+0100 (British Summer Time),0.0262,0.0277,0.2674,82812.88752851072
Sat Jun 22 2024 22:00:00 GMT+0100 (British Summer Time),0.0263,0.0277,0.2674,359.1725743913633
Sat Jun 22 2024 23:00:00 GMT+0100 (British Summer Time),0.0262,0.0277,0.2716,17290.536603960634
Sun Jun 23 2024 00:00:00 GMT+0100 (British Summer Time),0.0262,0.0277,0.2716,0
Sun Jun 23 2024 01:00:00 GMT+0100 (British Summer Time),0.0262,0.0277,0.2595,50150.00751394687
Sun Jun 23 2024 02:00:00 GMT+0100 (British Summer Time),0.0262,0.0277,0.2538,45720.41732739137
Sun Jun 23 2024 03:00:00 GMT+0100 (British Summer Time),0.0262,0.0277,0.263,131464.21207203603
Sun Jun 23 2024 04:00:00 GMT+0100 (British Summer Time),0.0262,0.0277,0.2662,13680.432535689155
Sun Jun 23 2024 05:00:00 GMT+0100 (British Summer Time),0.0262,0.0277,0.269,11420.27922187911
Sun Jun 23 2024 06:00:00 GMT+0100 (British Summer Time),0.0262,0.0277,0.2645,595375.943616003
Sun Jun 23 2024 07:00:00 GMT+0100 (British Summer Time),0.0263,0.0277,0.2658,62262.685872866256
Sun Jun 23 2024 08:00:00 GMT+0100 (British Summer Time),0.0262,0.0277,0.2742,103016.48881511843
Sun Jun 23 2024 09:00:00 GMT+0100 (British Summer Time),0.0262,0.0277,0.2742,0
Sun Jun 23 2024 10:00:00 GMT+0100 (British Summer Time),0.0262,0.0277,0.2585,116902.69860868569
Sun Jun 23 2024 11:00:00 GMT+0100 (British Summer Time),0.0262,0.0277,0.2541,144304.64702126593
Sun Jun 23 2024 12:00:00 GMT+0100 (British Summer Time),0,0.0277,0.2589,19811.843461522047
Sun Jun 23 2024 13:00:00 GMT+0100 (British Summer Time),0,0.0277,0.2574,1388673.5884623185
Sun Jun 23 2024 14:00:00 GMT+0100 (British Summer Time),0,0.0277,0.2692,48203.43030054403
Sun Jun 23 2024 15:00:00 GMT+0100 (British Summer Time),0,0.0277,0.2709,6926.632227329472
Sun Jun 23 2024 16:00:00 GMT+0100 (British Summer Time),0,0.0277,0.2929,231234.81962340538
Sun Jun 23 2024 17:00:00 GMT+0100 (British Summer Time),0,0.0277,0.2607,321121.0127260024
Sun Jun 23 2024 18:00:00 GMT+0100 (British Summer Time),0,0.0277,0.2607,10.48459861772943
Sun Jun 23 2024 19:00:00 GMT+0100 (British Summer Time),0,0.0277,0.2606,269.75205073457704
Sun Jun 23 2024 20:00:00 GMT+0100 (British Summer Time),0,0.0277,0.2595,115171.81467558598
Sun Jun 23 2024 21:00:00 GMT+0100 (British Summer Time),0,0.0277,0.2647,7334.458059693884
Sun Jun 23 2024 22:00:00 GMT+0100 (British Summer Time),0,0.0277,0.2979,126467.13325606094
Sun Jun 23 2024 23:00:00 GMT+0100 (British Summer Time),0,0.0277,0.2591,314654.066547717
Mon Jun 24 2024 00:00:00 GMT+0100 (British Summer Time),0,0.0277,0.2597,2330.6875228922095
Mon Jun 24 2024 01:00:00 GMT+0100 (British Summer Time),0,0.0277,0.2781,414196.3298275845
Mon Jun 24 2024 02:00:00 GMT+0100 (British Summer Time),0,0.0277,0.2835,20313.287029523883
Mon Jun 24 2024 03:00:00 GMT+0100 (British Summer Time),0,0.0277,0.262,235091.36676254985
Mon Jun 24 2024 04:00:00 GMT+0100 (British Summer Time),0,0.0277,0.2621,509.0664524167162
Mon Jun 24 2024 05:00:00 GMT+0100 (British Summer Time),0,0.0277,0.2791,171382.63599003467
Mon Jun 24 2024 06:00:00 GMT+0100 (British Summer Time),0,0.0277,0.2308,247425.84713024553
Mon Jun 24 2024 07:00:00 GMT+0100 (British Summer Time),0,0.0277,0.2363,0
Mon Jun 24 2024 08:00:00 GMT+0100 (British Summer Time),0,0.0277,0.2519,57697.171574296946
Mon Jun 24 2024 09:00:00 GMT+0100 (British Summer Time),0,0.0277,0.2519,0
Mon Jun 24 2024 10:00:00 GMT+0100 (British Summer Time),0,0.0277,0.2519,0
Mon Jun 24 2024 11:00:00 GMT+0100 (British Summer Time),0,0.0277,0.2533,5262.314857918539
Mon Jun 24 2024 12:00:00 GMT+0100 (British Summer Time),0,0.0277,0.2778,412649.6807071076
Mon Jun 24 2024 13:00:00 GMT+0100 (British Summer Time),0,0.0273,0.2702,29080.347964531345
Mon Jun 24 2024 14:00:00 GMT+0100 (British Summer Time),0,0.0273,0.2544,350554.3544217405
Mon Jun 24 2024 15:00:00 GMT+0100 (British Summer Time),0,0.0273,0.2737,234907.69642972213
Mon Jun 24 2024 16:00:00 GMT+0100 (British Summer Time),0.0281,0.0275,0.2737,0
Mon Jun 24 2024 17:00:00 GMT+0100 (British Summer Time),0.0281,0.0275,0.2737,0
Mon Jun 24 2024 18:00:00 GMT+0100 (British Summer Time),0.0281,0.0275,0.2966,233011.70324787783
Mon Jun 24 2024 19:00:00 GMT+0100 (British Summer Time),0.0281,0.0275,0.2966,0
Mon Jun 24 2024 20:00:00 GMT+0100 (British Summer Time),0.0281,0.0275,0.3069,263126.9741625819
Mon Jun 24 2024 21:00:00 GMT+0100 (British Summer Time),0.0281,0.0275,0.3079,3577.7126104587305
Mon Jun 24 2024 22:00:00 GMT+0100 (British Summer Time),0.0281,0.0275,0.3078,327.04406195545096
Mon Jun 24 2024 23:00:00 GMT+0100 (British Summer Time),0.0281,0.0275,0.3241,79221.19317031496
Tue Jun 25 2024 00:00:00 GMT+0100 (British Summer Time),0.0281,0.0275,0.3213,10352.440736571909
Tue Jun 25 2024 01:00:00 GMT+0100 (British Summer Time),0.0281,0.0275,0.322,264908.78797119803
Tue Jun 25 2024 02:00:00 GMT+0100 (British Summer Time),0.0281,0.0275,0.3246,9837.434311743944
Tue Jun 25 2024 03:00:00 GMT+0100 (British Summer Time),0.0281,0.0275,0.311,50572.84332913581
Tue Jun 25 2024 04:00:00 GMT+0100 (British Summer Time),0.0281,0.0275,0.2971,51813.480075774554
Tue Jun 25 2024 05:00:00 GMT+0100 (British Summer Time),0.0282,0.0275,0.2971,333782.3885224452
Tue Jun 25 2024 06:00:00 GMT+0100 (British Summer Time),0.0281,0.0275,0.3007,323909.9476056417
Tue Jun 25 2024 07:00:00 GMT+0100 (British Summer Time),0.0281,0.0275,0.3042,64207.28372687515
Tue Jun 25 2024 08:00:00 GMT+0100 (British Summer Time),0.0281,0.0275,0.3042,0
Tue Jun 25 2024 09:00:00 GMT+0100 (British Summer Time),0.0282,0.0275,0.3036,2431.7591572865967
Tue Jun 25 2024 10:00:00 GMT+0100 (British Summer Time),0.0281,0.0275,0.2713,186454.59657383518
Tue Jun 25 2024 11:00:00 GMT+0100 (British Summer Time),0.0281,0.0275,0.2713,0
Tue Jun 25 2024 12:00:00 GMT+0100 (British Summer Time),0.0281,0.0275,0.2983,285932.34308545716
Tue Jun 25 2024 13:00:00 GMT+0100 (British Summer Time),0.0281,0.0275,0.2893,0
Tue Jun 25 2024 14:00:00 GMT+0100 (British Summer Time),0.0281,0.0275,0.3007,42332.93342220058
Tue Jun 25 2024 15:00:00 GMT+0100 (British Summer Time),0.0281,0.0275,0.3007,0
Tue Jun 25 2024 16:00:00 GMT+0100 (British Summer Time),0,0.0275,0.2456,404964.7051130632
Tue Jun 25 2024 17:00:00 GMT+0100 (British Summer Time),0,0.0275,0.2456,0
Tue Jun 25 2024 18:00:00 GMT+0100 (British Summer Time),0,0.0275,0.2808,129580.7055792477
Tue Jun 25 2024 19:00:00 GMT+0100 (British Summer Time),0,0.0275,0.2808,34212.20532186605
Tue Jun 25 2024 20:00:00 GMT+0100 (British Summer Time),0,0.0275,0.2813,1766.01239367503
Tue Jun 25 2024 21:00:00 GMT+0100 (British Summer Time),0,0.0275,0.3,70107.39188385943
Tue Jun 25 2024 22:00:00 GMT+0100 (British Summer Time),0,0.0275,0.2287,371113.86042281176
Tue Jun 25 2024 23:00:00 GMT+0100 (British Summer Time),0,0.0275,0.2427,51218.537877275616
Wed Jun 26 2024 00:00:00 GMT+0100 (British Summer Time),0,0.0275,0.2789,164781.2532989301
Wed Jun 26 2024 01:00:00 GMT+0100 (British Summer Time),0,0.0275,0.2344,313964.44774128887
Wed Jun 26 2024 02:00:00 GMT+0100 (British Summer Time),0,0.0275,0.2344,0
Wed Jun 26 2024 03:00:00 GMT+0100 (British Summer Time),0,0.0275,0.239,17082.1990204287
Wed Jun 26 2024 04:00:00 GMT+0100 (British Summer Time),0,0.0275,0.2508,77204.53228610446
Wed Jun 26 2024 05:00:00 GMT+0100 (British Summer Time),0,0.0275,0.2947,291549.7716852151
Wed Jun 26 2024 06:00:00 GMT+0100 (British Summer Time),0,0.0275,0.2985,13848.361982383456
Wed Jun 26 2024 07:00:00 GMT+0100 (British Summer Time),0,0.0275,0.3077,304091.2681158182
Wed Jun 26 2024 08:00:00 GMT+0100 (British Summer Time),0,0.0275,0.3227,705259.3120597324
Wed Jun 26 2024 09:00:00 GMT+0100 (British Summer Time),0,0.0275,0.3242,84881.47634014687
Wed Jun 26 2024 10:00:00 GMT+0100 (British Summer Time),0,0.0275,0.3273,2722302.966467335
Wed Jun 26 2024 11:00:00 GMT+0100 (British Summer Time),0,0.0275,0.3317,1061967.8859564622
Wed Jun 26 2024 12:00:00 GMT+0100 (British Summer Time),0,0.0275,0.3425,39880.81721623584
Wed Jun 26 2024 13:00:00 GMT+0100 (British Summer Time),0,0.0275,0.5339,963766.9723002827
Wed Jun 26 2024 14:00:00 GMT+0100 (British Summer Time),0,0.0275,0.534,270.2857874446506
Wed Jun 26 2024 15:00:00 GMT+0100 (British Summer Time),0,0.0275,0.534,34.68599288893724
Wed Jun 26 2024 16:00:00 GMT+0100 (British Summer Time),0,0.0275,0.5347,17411.586741589992
Wed Jun 26 2024 17:00:00 GMT+0100 (British Summer Time),0,0.0275,0.5411,109502.67774426057
Wed Jun 26 2024 18:00:00 GMT+0100 (British Summer Time),0,0.0275,0.5153,1973.3049349550663
Wed Jun 26 2024 19:00:00 GMT+0100 (British Summer Time),0,0.0275,0.5164,4354.7446686612975
Wed Jun 26 2024 20:00:00 GMT+0100 (British Summer Time),0,0.0275,0.5208,24734.07944337607
Wed Jun 26 2024 21:00:00 GMT+0100 (British Summer Time),0,0.0275,0.4554,564597.1695639986
Wed Jun 26 2024 22:00:00 GMT+0100 (British Summer Time),0,0.0275,0.5811,529840.3805996615
Wed Jun 26 2024 23:00:00 GMT+0100 (British Summer Time),0,0.0275,0.7163,787685.3610345284
Thu Jun 27 2024 00:00:00 GMT+0100 (British Summer Time),0,0.0271,0.7212,2807.7692155659824