time,underlyingApy1DMA,underlyingApy7DMA,impliedApy,volume
Sun Apr 28 2024 01:00:00 GMT+0100 (British Summer Time),0.023,0.0273,0.3083,181765.40797574745
Sun Apr 28 2024 02:00:00 GMT+0100 (British Summer Time),0.0265,0.0278,0.3182,8913267.832103407
Sun Apr 28 2024 03:00:00 GMT+0100 (British Summer Time),0.0265,0.0278,0.3199,2098505.2730462397
Sun Apr 28 2024 04:00:00 GMT+0100 (British Summer Time),0.0229,0.0278,0.3202,157866.65572523058
Sun Apr 28 2024 05:00:00 GMT+0100 (British Summer Time),0.0261,0.0282,0.3205,209061.13236491205
Sun Apr 28 2024 06:00:00 GMT+0100 (British Summer Time),0.0227,0.0282,0.3205,13595.423326875116
Sun Apr 28 2024 07:00:00 GMT+0100 (British Summer Time),0.026,0.0287,0.3208,139018.34643630887
Sun Apr 28 2024 08:00:00 GMT+0100 (British Summer Time),0.026,0.0287,0.3192,1777615.933923342
Sun Apr 28 2024 09:00:00 GMT+0100 (British Summer Time),0.026,0.0264,0.3189,521474.5857357717
Sun Apr 28 2024 10:00:00 GMT+0100 (British Summer Time),0.026,0.0264,0.3199,2415826.684751834
Sun Apr 28 2024 11:00:00 GMT+0100 (British Summer Time),0.026,0.0264,0.3202,368846.6838815244
Sun Apr 28 2024 12:00:00 GMT+0100 (British Summer Time),0.026,0.0264,0.3201,38320.76956491283
Sun Apr 28 2024 13:00:00 GMT+0100 (British Summer Time),0.026,0.0264,0.3203,577017.5271395801
Sun Apr 28 2024 14:00:00 GMT+0100 (British Summer Time),0.026,0.0264,0.3199,254511.66905328212
Sun Apr 28 2024 15:00:00 GMT+0100 (British Summer Time),0.026,0.0255,0.3185,999556.5108907211
Sun Apr 28 2024 16:00:00 GMT+0100 (British Summer Time),0.026,0.0255,0.3189,808861.7083783747
Sun Apr 28 2024 17:00:00 GMT+0100 (British Summer Time),0.026,0.0255,0.319,672323.4915295985
Sun Apr 28 2024 18:00:00 GMT+0100 (British Summer Time),0.026,0.0255,0.3123,3083479.716242456
Sun Apr 28 2024 19:00:00 GMT+0100 (British Summer Time),0.013,0.0251,0.3125,1396558.2873079602
Sun Apr 28 2024 20:00:00 GMT+0100 (British Summer Time),0.0262,0.027,0.3113,728230.2994590149
Sun Apr 28 2024 21:00:00 GMT+0100 (British Summer Time),0.0262,0.0265,0.3112,120235.7323164777
Sun Apr 28 2024 22:00:00 GMT+0100 (British Summer Time),0.0229,0.0265,0.3105,541051.1546917877
Sun Apr 28 2024 23:00:00 GMT+0100 (British Summer Time),0.0229,0.0265,0.31,473329.1351099247
Mon Apr 29 2024 00:00:00 GMT+0100 (British Summer Time),0.0229,0.0265,0.3093,413054.36916609225
Mon Apr 29 2024 01:00:00 GMT+0100 (British Summer Time),0.0229,0.026,0.3097,212471.79931178447
Mon Apr 29 2024 02:00:00 GMT+0100 (British Summer Time),0.0194,0.026,0.3094,395932.19631216954
Mon Apr 29 2024 03:00:00 GMT+0100 (British Summer Time),0.0194,0.026,0.2945,8665915.219276715
Mon Apr 29 2024 04:00:00 GMT+0100 (British Summer Time),0.0194,0.0255,0.2947,291980.162449296
Mon Apr 29 2024 05:00:00 GMT+0100 (British Summer Time),0.0163,0.0255,0.2962,881419.2928261809
Mon Apr 29 2024 06:00:00 GMT+0100 (British Summer Time),0.0163,0.0255,0.2963,154851.75227619958
Mon Apr 29 2024 07:00:00 GMT+0100 (British Summer Time),0.013,0.025,0.2961,440494.8102317111
Mon Apr 29 2024 08:00:00 GMT+0100 (British Summer Time),0.0275,0.0271,0.2957,532684.2661189428
Mon Apr 29 2024 09:00:00 GMT+0100 (British Summer Time),0.0275,0.0266,0.2963,690285.45994258
Mon Apr 29 2024 10:00:00 GMT+0100 (British Summer Time),0.0275,0.0266,0.2957,646785.6369878319
Mon Apr 29 2024 11:00:00 GMT+0100 (British Summer Time),0.0275,0.0266,0.2953,195260.38762747438
Mon Apr 29 2024 12:00:00 GMT+0100 (British Summer Time),0.0275,0.0266,0.2953,364697.7387673025
Mon Apr 29 2024 13:00:00 GMT+0100 (British Summer Time),0.0275,0.0266,0.2934,1031441.9197103452
Mon Apr 29 2024 14:00:00 GMT+0100 (British Summer Time),0.0275,0.0266,0.2828,22171196.066387776
Mon Apr 29 2024 15:00:00 GMT+0100 (British Summer Time),0.0275,0.0266,0.2827,1085696.8693321575
Mon Apr 29 2024 16:00:00 GMT+0100 (British Summer Time),0.0275,0.0266,0.2822,498646.93857342587
Mon Apr 29 2024 17:00:00 GMT+0100 (British Summer Time),0.0275,0.0266,0.2829,1788211.763291353
Mon Apr 29 2024 18:00:00 GMT+0100 (British Summer Time),0.0275,0.0266,0.2614,14788354.179572143
Mon Apr 29 2024 19:00:00 GMT+0100 (British Summer Time),0.0275,0.0266,0.2675,11286489.688702986
Mon Apr 29 2024 20:00:00 GMT+0100 (British Summer Time),0.0277,0.0286,0.2725,8367524.2871520305
Mon Apr 29 2024 21:00:00 GMT+0100 (British Summer Time),0.0277,0.0286,0.2402,18532578.966801688
Mon Apr 29 2024 22:00:00 GMT+0100 (British Summer Time),0.0277,0.0264,0.244,2347821.2229398196
Mon Apr 29 2024 23:00:00 GMT+0100 (British Summer Time),0.0277,0.0264,0.2388,3367244.0473530074
Tue Apr 30 2024 00:00:00 GMT+0100 (British Summer Time),0.0277,0.0259,0.2456,3943598.623276115
Tue Apr 30 2024 01:00:00 GMT+0100 (British Summer Time),0.0277,0.0259,0.2548,6636601.878806776
Tue Apr 30 2024 02:00:00 GMT+0100 (British Summer Time),0.0277,0.0259,0.2564,2711369.498428409
Tue Apr 30 2024 03:00:00 GMT+0100 (British Summer Time),0.0277,0.0259,0.2544,1546255.733275711
Tue Apr 30 2024 04:00:00 GMT+0100 (British Summer Time),0.0277,0.0255,0.2545,2000982.4763866118
Tue Apr 30 2024 05:00:00 GMT+0100 (British Summer Time),0.0277,0.0255,0.2709,11358519.371922934
Tue Apr 30 2024 06:00:00 GMT+0100 (British Summer Time),0.0277,0.0255,0.2703,694545.6438533682
Tue Apr 30 2024 07:00:00 GMT+0100 (British Summer Time),0.0277,0.0255,0.27,1941723.0308585693
Tue Apr 30 2024 08:00:00 GMT+0100 (British Summer Time),0.0132,0.0255,0.2694,428156.40060342156
Tue Apr 30 2024 09:00:00 GMT+0100 (British Summer Time),0.0263,0.0274,0.2688,931024.2444721141
Tue Apr 30 2024 10:00:00 GMT+0100 (British Summer Time),0.0263,0.0274,0.2699,627196.3730428175
Tue Apr 30 2024 11:00:00 GMT+0100 (British Summer Time),0.0263,0.0274,0.2697,96806.87730806574
Tue Apr 30 2024 12:00:00 GMT+0100 (British Summer Time),0.0263,0.0274,0.2695,215175.70464684372
Tue Apr 30 2024 13:00:00 GMT+0100 (British Summer Time),0.0263,0.0274,0.2672,2941823.038109886
Tue Apr 30 2024 14:00:00 GMT+0100 (British Summer Time),0.0263,0.0274,0.2672,39422.722457069314
Tue Apr 30 2024 15:00:00 GMT+0100 (British Summer Time),0.0263,0.0274,0.2673,1276816.833090858
Tue Apr 30 2024 16:00:00 GMT+0100 (British Summer Time),0.0263,0.0254,0.2672,371144.8523680114
Tue Apr 30 2024 17:00:00 GMT+0100 (British Summer Time),0.0263,0.0254,0.2656,849140.7155962461
Tue Apr 30 2024 18:00:00 GMT+0100 (British Summer Time),0.0263,0.0254,0.2629,1414543.191975157
Tue Apr 30 2024 19:00:00 GMT+0100 (British Summer Time),0.0263,0.0254,0.2653,1391695.7356274824
Tue Apr 30 2024 20:00:00 GMT+0100 (British Summer Time),0.0129,0.0254,0.2652,140538.43011051806
Tue Apr 30 2024 21:00:00 GMT+0100 (British Summer Time),0.0129,0.0254,0.2664,744581.2748735059
Tue Apr 30 2024 22:00:00 GMT+0100 (British Summer Time),0.027,0.0275,0.2663,69990.8812532956
Tue Apr 30 2024 23:00:00 GMT+0100 (British Summer Time),0.027,0.0275,0.2661,121387.22838839526
Wed May 01 2024 00:00:00 GMT+0100 (British Summer Time),0.027,0.0275,0.2661,13365.863316316107
Wed May 01 2024 01:00:00 GMT+0100 (British Summer Time),0.027,0.0275,0.2656,355858.8285099186
Wed May 01 2024 02:00:00 GMT+0100 (British Summer Time),0.027,0.0275,0.2661,935106.9642782137
Wed May 01 2024 03:00:00 GMT+0100 (British Summer Time),0.027,0.0275,0.2662,97192.30025867069
Wed May 01 2024 04:00:00 GMT+0100 (British Summer Time),0.027,0.0275,0.2652,463053.02048878727
Wed May 01 2024 05:00:00 GMT+0100 (British Summer Time),0.027,0.0275,0.2602,7166736.206291778
Wed May 01 2024 06:00:00 GMT+0100 (British Summer Time),0.027,0.0254,0.2602,83199.92681459052
Wed May 01 2024 07:00:00 GMT+0100 (British Summer Time),0.027,0.0254,0.2611,466990.84899169015
Wed May 01 2024 08:00:00 GMT+0100 (British Summer Time),0.027,0.0254,0.2609,146726.07783491703
Wed May 01 2024 09:00:00 GMT+0100 (British Summer Time),0.0277,0.0274,0.2602,387327.2723972818
Wed May 01 2024 10:00:00 GMT+0100 (British Summer Time),0.0277,0.0274,0.2616,1455644.2896907767
Wed May 01 2024 11:00:00 GMT+0100 (British Summer Time),0.0277,0.0274,0.2602,832661.7837711081
Wed May 01 2024 12:00:00 GMT+0100 (British Summer Time),0.0277,0.0274,0.2603,358287.64994344383
Wed May 01 2024 13:00:00 GMT+0100 (British Summer Time),0.0277,0.0274,0.2529,4737004.538896331
Wed May 01 2024 14:00:00 GMT+0100 (British Summer Time),0.0277,0.0274,0.2546,990654.8716273133
Wed May 01 2024 15:00:00 GMT+0100 (British Summer Time),0.0277,0.0257,0.2526,1135766.1885108296
Wed May 01 2024 16:00:00 GMT+0100 (British Summer Time),0.0277,0.0257,0.2532,1838290.0509982267
Wed May 01 2024 17:00:00 GMT+0100 (British Summer Time),0.0277,0.0257,0.2504,643023.2493045924
Wed May 01 2024 18:00:00 GMT+0100 (British Summer Time),0.0277,0.0257,0.2497,560276.3247459071
Wed May 01 2024 19:00:00 GMT+0100 (British Summer Time),0.0277,0.0257,0.2496,306623.65678963216
Wed May 01 2024 20:00:00 GMT+0100 (British Summer Time),0.0277,0.0257,0.2538,3285372.4377095
Wed May 01 2024 21:00:00 GMT+0100 (British Summer Time),0.0277,0.0257,0.251,1128304.980406012
Wed May 01 2024 22:00:00 GMT+0100 (British Summer Time),0.034,0.0286,0.2486,1135320.815852043
Wed May 01 2024 23:00:00 GMT+0100 (British Summer Time),0.034,0.0271,0.2486,29887.89455831791
Thu May 02 2024 00:00:00 GMT+0100 (British Summer Time),0.034,0.0271,0.2489,242163.28374001913
Thu May 02 2024 01:00:00 GMT+0100 (British Summer Time),0.034,0.0271,0.2502,704993.6378788088
Thu May 02 2024 02:00:00 GMT+0100 (British Summer Time),0.034,0.0267,0.2502,498.2540271995623
Thu May 02 2024 03:00:00 GMT+0100 (British Summer Time),0.034,0.0267,0.2502,116114.57696126564
Thu May 02 2024 04:00:00 GMT+0100 (British Summer Time),0.034,0.0267,0.2408,7086024.769281893
Thu May 02 2024 05:00:00 GMT+0100 (British Summer Time),0.034,0.0262,0.2405,94808.22105535508
Thu May 02 2024 06:00:00 GMT+0100 (British Summer Time),0.034,0.0262,0.2406,550916.7683228748
Thu May 02 2024 07:00:00 GMT+0100 (British Summer Time),0.034,0.0262,0.2407,226731.6937339813
Thu May 02 2024 08:00:00 GMT+0100 (British Summer Time),0.034,0.0257,0.2445,4336216.811289142
Thu May 02 2024 09:00:00 GMT+0100 (British Summer Time),0.02,0.0257,0.2445,404677.3787461859
Thu May 02 2024 10:00:00 GMT+0100 (British Summer Time),0.02,0.0257,0.2413,1569509.0683677408
Thu May 02 2024 11:00:00 GMT+0100 (British Summer Time),0.02,0.0252,0.2414,290735.53356600757
Thu May 02 2024 12:00:00 GMT+0100 (British Summer Time),0.02,0.0252,0.2418,262190.8356540197
Thu May 02 2024 13:00:00 GMT+0100 (British Summer Time),0.02,0.0252,0.2426,496573.2803253024
Thu May 02 2024 14:00:00 GMT+0100 (British Summer Time),0.02,0.0252,0.2409,834675.5066531206
Thu May 02 2024 15:00:00 GMT+0100 (British Summer Time),0.02,0.0252,0.2415,381300.7681938313
Thu May 02 2024 16:00:00 GMT+0100 (British Summer Time),0.02,0.0252,0.2414,2283538.2405941654
Thu May 02 2024 17:00:00 GMT+0100 (British Summer Time),0.02,0.0252,0.2439,1198833.8598719537
Thu May 02 2024 18:00:00 GMT+0100 (British Summer Time),0.02,0.0252,0.244,522835.49731213384
Thu May 02 2024 19:00:00 GMT+0100 (British Summer Time),0.02,0.0252,0.2441,6139.98767620155
Thu May 02 2024 20:00:00 GMT+0100 (British Summer Time),0.02,0.0252,0.2435,278791.007210524
Thu May 02 2024 21:00:00 GMT+0100 (British Summer Time),0.02,0.0252,0.2436,26545.315625975927
Thu May 02 2024 22:00:00 GMT+0100 (British Summer Time),0,0.0252,0.2436,92346.42770670488
Thu May 02 2024 23:00:00 GMT+0100 (British Summer Time),0,0.0252,0.2436,51646.003208815884
Fri May 03 2024 00:00:00 GMT+0100 (British Summer Time),0,0.0228,0.2435,81697.8700137519
Fri May 03 2024 01:00:00 GMT+0100 (British Summer Time),0,0.0228,0.2436,95727.75634948228
Fri May 03 2024 02:00:00 GMT+0100 (British Summer Time),0,0.0228,0.2409,2066047.4848020037
Fri May 03 2024 03:00:00 GMT+0100 (British Summer Time),0,0.0228,0.2416,558264.4211363697
Fri May 03 2024 04:00:00 GMT+0100 (British Summer Time),0,0.0228,0.2418,2235928.9553115396
Fri May 03 2024 05:00:00 GMT+0100 (British Summer Time),0,0.0228,0.2421,1224493.2799259156
Fri May 03 2024 06:00:00 GMT+0100 (British Summer Time),0,0.0228,0.2413,682824.2154507868
Fri May 03 2024 07:00:00 GMT+0100 (British Summer Time),0,0.0228,0.2425,567580.6632914759
Fri May 03 2024 08:00:00 GMT+0100 (British Summer Time),0,0.0228,0.2439,793447.3960069052
Fri May 03 2024 09:00:00 GMT+0100 (British Summer Time),0,0.0228,0.2401,2630025.0048123277
Fri May 03 2024 10:00:00 GMT+0100 (British Summer Time),0,0.0228,0.2407,338498.3961738092
Fri May 03 2024 11:00:00 GMT+0100 (British Summer Time),0,0.0228,0.2405,424496.8800871925
Fri May 03 2024 12:00:00 GMT+0100 (British Summer Time),0,0.0228,0.2404,63475.64718095484
Fri May 03 2024 13:00:00 GMT+0100 (British Summer Time),0,0.021,0.2393,645690.7374673758
Fri May 03 2024 14:00:00 GMT+0100 (British Summer Time),0,0.021,0.2372,1028645.4907453426
Fri May 03 2024 15:00:00 GMT+0100 (British Summer Time),0,0.021,0.2373,238914.77308153902
Fri May 03 2024 16:00:00 GMT+0100 (British Summer Time),0,0.021,0.2367,337741.98467603966
Fri May 03 2024 17:00:00 GMT+0100 (British Summer Time),0,0.021,0.2392,3084476.17540145
Fri May 03 2024 18:00:00 GMT+0100 (British Summer Time),0,0.021,0.2412,938719.0559174416
Fri May 03 2024 19:00:00 GMT+0100 (British Summer Time),0,0.021,0.2467,2788819.6257606354
Fri May 03 2024 20:00:00 GMT+0100 (British Summer Time),0,0.021,0.2317,12804921.168022435
Fri May 03 2024 21:00:00 GMT+0100 (British Summer Time),0,0.021,0.2349,1647103.567408239
Fri May 03 2024 22:00:00 GMT+0100 (British Summer Time),0,0.021,0.238,1700154.3131642106
Fri May 03 2024 23:00:00 GMT+0100 (British Summer Time),0,0.021,0.2391,1105318.8468782054
Sat May 04 2024 00:00:00 GMT+0100 (British Summer Time),0,0.0191,0.2392,128887.01623835435
Sat May 04 2024 01:00:00 GMT+0100 (British Summer Time),0,0.0191,0.2449,2824277.086478174
Sat May 04 2024 02:00:00 GMT+0100 (British Summer Time),0,0.0191,0.2445,404509.1913005867
Sat May 04 2024 03:00:00 GMT+0100 (British Summer Time),0,0.0191,0.2407,1995374.3861858263
Sat May 04 2024 04:00:00 GMT+0100 (British Summer Time),0,0.0186,0.2407,93257.78941252029
Sat May 04 2024 05:00:00 GMT+0100 (British Summer Time),0,0.0186,0.2407,65539.82400875793
Sat May 04 2024 06:00:00 GMT+0100 (British Summer Time),0,0.0182,0.2408,112074.87867324456
Sat May 04 2024 07:00:00 GMT+0100 (British Summer Time),0,0.0182,0.241,105572.683397956
Sat May 04 2024 08:00:00 GMT+0100 (British Summer Time),0,0.0182,0.2385,1273640.4865398973
Sat May 04 2024 09:00:00 GMT+0100 (British Summer Time),0.0667,0.0276,0.2395,515147.1288454643
Sat May 04 2024 10:00:00 GMT+0100 (British Summer Time),0.0667,0.0276,0.2395,15830.420275945133
Sat May 04 2024 11:00:00 GMT+0100 (British Summer Time),0.0667,0.0276,0.2395,461867.387180505
Sat May 04 2024 12:00:00 GMT+0100 (British Summer Time),0.0702,0.0281,0.2336,3929356.242871005
Sat May 04 2024 13:00:00 GMT+0100 (British Summer Time),0.0702,0.0281,0.232,769612.3275727241
Sat May 04 2024 14:00:00 GMT+0100 (British Summer Time),0.0702,0.0281,0.2339,1325067.1510278156
Sat May 04 2024 15:00:00 GMT+0100 (British Summer Time),0.0702,0.0281,0.2338,58584.1279251028
Sat May 04 2024 16:00:00 GMT+0100 (British Summer Time),0.0702,0.0281,0.2341,332042.6296062505
Sat May 04 2024 17:00:00 GMT+0100 (British Summer Time),0.0702,0.0281,0.2343,176128.38664929953
Sat May 04 2024 18:00:00 GMT+0100 (British Summer Time),0.0702,0.0281,0.2341,365832.7287963497
Sat May 04 2024 19:00:00 GMT+0100 (British Summer Time),0.0702,0.0262,0.2341,155279.0262256308
Sat May 04 2024 20:00:00 GMT+0100 (British Summer Time),0.0702,0.0262,0.2345,241835.48210352127
Sat May 04 2024 21:00:00 GMT+0100 (British Summer Time),0.0702,0.0262,0.2345,2276.8578561595723
Sat May 04 2024 22:00:00 GMT+0100 (British Summer Time),0.0702,0.0257,0.2349,243629.94639682694
Sat May 04 2024 23:00:00 GMT+0100 (British Summer Time),0.0702,0.0257,0.2351,178518.67495324725
Sun May 05 2024 00:00:00 GMT+0100 (British Summer Time),0.0702,0.0257,0.238,1615367.5261742705
Sun May 05 2024 01:00:00 GMT+0100 (British Summer Time),0.0702,0.0257,0.2393,630311.2408735369
Sun May 05 2024 02:00:00 GMT+0100 (British Summer Time),0.0702,0.0252,0.2393,3990.9537565334267
Sun May 05 2024 03:00:00 GMT+0100 (British Summer Time),0.0702,0.0252,0.2357,1777165.1398436795
Sun May 05 2024 04:00:00 GMT+0100 (British Summer Time),0.0702,0.0252,0.2357,230467.5977676951
Sun May 05 2024 05:00:00 GMT+0100 (British Summer Time),0.0702,0.0248,0.2362,16883.85126575427
Sun May 05 2024 06:00:00 GMT+0100 (British Summer Time),0.0702,0.0248,0.2363,33719.732170667485
Sun May 05 2024 07:00:00 GMT+0100 (British Summer Time),0.0702,0.0243,0.2363,888.1075461819019
Sun May 05 2024 08:00:00 GMT+0100 (British Summer Time),0.0702,0.0243,0.2362,64894.82349736194
Sun May 05 2024 09:00:00 GMT+0100 (British Summer Time),0.0269,0.0277,0.2364,117746.46736831071
Sun May 05 2024 10:00:00 GMT+0100 (British Summer Time),0.0269,0.0277,0.2358,389665.0573592389
Sun May 05 2024 11:00:00 GMT+0100 (British Summer Time),0.0269,0.0277,0.234,891456.4699507095
Sun May 05 2024 12:00:00 GMT+0100 (British Summer Time),0.0235,0.0277,0.2341,99588.00693687091
Sun May 05 2024 13:00:00 GMT+0100 (British Summer Time),0.0235,0.0277,0.2333,525960.868571772
Sun May 05 2024 14:00:00 GMT+0100 (British Summer Time),0.0235,0.0277,0.238,4303244.267311605
Sun May 05 2024 15:00:00 GMT+0100 (British Summer Time),0.0235,0.0277,0.238,3215.5639222188506
Sun May 05 2024 16:00:00 GMT+0100 (British Summer Time),0.0235,0.0277,0.238,38463.79209024077
Sun May 05 2024 17:00:00 GMT+0100 (British Summer Time),0.0235,0.0277,0.239,530833.6235426146
Sun May 05 2024 18:00:00 GMT+0100 (British Summer Time),0.0235,0.0277,0.2391,25239.48506052317
Sun May 05 2024 19:00:00 GMT+0100 (British Summer Time),0.0235,0.0277,0.2391,787907.7191147428
Sun May 05 2024 20:00:00 GMT+0100 (British Summer Time),0.0235,0.0258,0.2383,633501.6338667911
Sun May 05 2024 21:00:00 GMT+0100 (British Summer Time),0.0235,0.0258,0.2383,122429.07872476935
Sun May 05 2024 22:00:00 GMT+0100 (British Summer Time),0.0235,0.0258,0.2371,958151.4987688193
Sun May 05 2024 23:00:00 GMT+0100 (British Summer Time),0.0365,0.0277,0.237,120712.58733515808
Mon May 06 2024 00:00:00 GMT+0100 (British Summer Time),0.0365,0.0277,0.2369,98069.82491108238
Mon May 06 2024 01:00:00 GMT+0100 (British Summer Time),0.0365,0.0277,0.2368,46332.19165447918
Mon May 06 2024 02:00:00 GMT+0100 (British Summer Time),0.0365,0.0277,0.2368,21114.809660441526
Mon May 06 2024 03:00:00 GMT+0100 (British Summer Time),0.0365,0.0277,0.2367,368899.2139392088
Mon May 06 2024 04:00:00 GMT+0100 (British Summer Time),0.0365,0.0277,0.2378,417491.10510918894
Mon May 06 2024 05:00:00 GMT+0100 (British Summer Time),0.0365,0.0277,0.2378,8712.907615035114
Mon May 06 2024 06:00:00 GMT+0100 (British Summer Time),0.0365,0.0277,0.2378,12609.24420975582
Mon May 06 2024 07:00:00 GMT+0100 (British Summer Time),0.0365,0.0277,0.2379,208591.06631785748
Mon May 06 2024 08:00:00 GMT+0100 (British Summer Time),0.0365,0.0256,0.2395,927400.8861574384
Mon May 06 2024 09:00:00 GMT+0100 (British Summer Time),0.0128,0.0256,0.2394,1323051.0630598713
Mon May 06 2024 10:00:00 GMT+0100 (British Summer Time),0.0255,0.0274,0.2508,6548715.005790068
Mon May 06 2024 11:00:00 GMT+0100 (British Summer Time),0.0255,0.0274,0.2505,498914.47018438106
Mon May 06 2024 12:00:00 GMT+0100 (British Summer Time),0.0255,0.0274,0.2506,118942.48108299871
Mon May 06 2024 13:00:00 GMT+0100 (British Summer Time),0.0255,0.0274,0.2506,10427.62855221059
Mon May 06 2024 14:00:00 GMT+0100 (British Summer Time),0.0255,0.0274,0.2505,22478.52886701488
Mon May 06 2024 15:00:00 GMT+0100 (British Summer Time),0.0255,0.0274,0.2505,1585.5554996336004
Mon May 06 2024 16:00:00 GMT+0100 (British Summer Time),0.0255,0.0274,0.2499,599980.0869316363
Mon May 06 2024 17:00:00 GMT+0100 (British Summer Time),0.0255,0.0274,0.2496,300677.5556208749
Mon May 06 2024 18:00:00 GMT+0100 (British Summer Time),0.0255,0.0274,0.2497,40598.23888624266
Mon May 06 2024 19:00:00 GMT+0100 (British Summer Time),0.0255,0.0274,0.2502,1054169.2901837558
Mon May 06 2024 20:00:00 GMT+0100 (British Summer Time),0.0255,0.0255,0.2521,268638.760220818
Mon May 06 2024 21:00:00 GMT+0100 (British Summer Time),0.0255,0.0255,0.2523,399255.9219942447
Mon May 06 2024 22:00:00 GMT+0100 (British Summer Time),0.0255,0.0255,0.2522,170896.5539211909
Mon May 06 2024 23:00:00 GMT+0100 (British Summer Time),0.0126,0.0255,0.2522,104097.82715734596
Tue May 07 2024 00:00:00 GMT+0100 (British Summer Time),0.0126,0.0255,0.2521,10486.833193202749
Tue May 07 2024 01:00:00 GMT+0100 (British Summer Time),0.0126,0.0255,0.2525,239693.63726393945
Tue May 07 2024 02:00:00 GMT+0100 (British Summer Time),0.0289,0.0278,0.2525,337.6795964046699
Tue May 07 2024 03:00:00 GMT+0100 (British Summer Time),0.0289,0.0278,0.2525,54866.259865926826
Tue May 07 2024 04:00:00 GMT+0100 (British Summer Time),0.0289,0.0278,0.2526,114840.3018895608
Tue May 07 2024 05:00:00 GMT+0100 (British Summer Time),0.0289,0.0278,0.2528,81249.6097871249
Tue May 07 2024 06:00:00 GMT+0100 (British Summer Time),0.0289,0.0278,0.2524,260647.641069005
Tue May 07 2024 07:00:00 GMT+0100 (British Summer Time),0.0289,0.0278,0.2529,389374.1598328072
Tue May 07 2024 08:00:00 GMT+0100 (British Summer Time),0.0289,0.0278,0.247,3167242.5536189782
Tue May 07 2024 09:00:00 GMT+0100 (British Summer Time),0.0356,0.0269,0.248,849339.9208176284
Tue May 07 2024 10:00:00 GMT+0100 (British Summer Time),0.0227,0.0269,0.2473,427581.68244469084
Tue May 07 2024 11:00:00 GMT+0100 (British Summer Time),0.0227,0.0269,0.2476,238164.16305905068
Tue May 07 2024 12:00:00 GMT+0100 (British Summer Time),0.0227,0.0269,0.2477,54149.90639237229
Tue May 07 2024 13:00:00 GMT+0100 (British Summer Time),0.0227,0.0269,0.2343,7800513.403408222
Tue May 07 2024 14:00:00 GMT+0100 (British Summer Time),0.0227,0.0269,0.2362,1610894.3992096833
Tue May 07 2024 15:00:00 GMT+0100 (British Summer Time),0.0227,0.0269,0.2362,83563.27219382492
Tue May 07 2024 16:00:00 GMT+0100 (British Summer Time),0.0227,0.0269,0.2362,1660412.065385055
Tue May 07 2024 17:00:00 GMT+0100 (British Summer Time),0.0322,0.0283,0.2484,4987570.721929645
Tue May 07 2024 18:00:00 GMT+0100 (British Summer Time),0.0322,0.0283,0.2485,63864.638907174565
Tue May 07 2024 19:00:00 GMT+0100 (British Summer Time),0.0322,0.0283,0.2503,1442488.512108597
Tue May 07 2024 20:00:00 GMT+0100 (British Summer Time),0.0322,0.0283,0.2499,1430365.366247103
Tue May 07 2024 21:00:00 GMT+0100 (British Summer Time),0.0322,0.0283,0.251,592352.9325719852
Tue May 07 2024 22:00:00 GMT+0100 (British Summer Time),0.0322,0.0263,0.2511,50437.86531305834
Tue May 07 2024 23:00:00 GMT+0100 (British Summer Time),0.0322,0.0263,0.2501,604704.9335685307
Wed May 08 2024 00:00:00 GMT+0100 (British Summer Time),0.0322,0.0263,0.2499,605183.711207626
Wed May 08 2024 01:00:00 GMT+0100 (British Summer Time),0.0322,0.0263,0.2499,2032.022080846596
Wed May 08 2024 02:00:00 GMT+0100 (British Summer Time),0.0159,0.0263,0.2499,19054.5672024408
Wed May 08 2024 03:00:00 GMT+0100 (British Summer Time),0.0255,0.0276,0.2511,687708.2428993455
Wed May 08 2024 04:00:00 GMT+0100 (British Summer Time),0.0255,0.0276,0.251,245903.3901371272
Wed May 08 2024 05:00:00 GMT+0100 (British Summer Time),0.0255,0.0276,0.2509,81938.33783089774
Wed May 08 2024 06:00:00 GMT+0100 (British Summer Time),0.0286,0.0281,0.248,1514734.23655473
Wed May 08 2024 07:00:00 GMT+0100 (British Summer Time),0.0286,0.0281,0.2481,23441.20268988137
Wed May 08 2024 08:00:00 GMT+0100 (British Summer Time),0.0319,0.0285,0.2425,4125017.744506967
Wed May 08 2024 09:00:00 GMT+0100 (British Summer Time),0.0252,0.0265,0.2419,458695.50602296833
Wed May 08 2024 10:00:00 GMT+0100 (British Summer Time),0.0252,0.0265,0.2419,102889.39379792777
Wed May 08 2024 11:00:00 GMT+0100 (British Summer Time),0.0284,0.027,0.2419,237317.59842114794
Wed May 08 2024 12:00:00 GMT+0100 (British Summer Time),0.0284,0.027,0.2422,323498.30659536395
Wed May 08 2024 13:00:00 GMT+0100 (British Summer Time),0.0284,0.027,0.2423,82515.29842678545
Wed May 08 2024 14:00:00 GMT+0100 (British Summer Time),0.0284,0.027,0.244,931079.8850489552
Wed May 08 2024 15:00:00 GMT+0100 (British Summer Time),0.0284,0.027,0.2435,421804.51754276967
Wed May 08 2024 16:00:00 GMT+0100 (British Summer Time),0.0284,0.027,0.2393,3100868.0676890654
Wed May 08 2024 17:00:00 GMT+0100 (British Summer Time),0.0189,0.027,0.2358,9242073.39698131
Wed May 08 2024 18:00:00 GMT+0100 (British Summer Time),0.0189,0.027,0.2359,89551.03757283415
Wed May 08 2024 19:00:00 GMT+0100 (British Summer Time),0.0189,0.027,0.2359,27762.040142045855
Wed May 08 2024 20:00:00 GMT+0100 (British Summer Time),0.0189,0.027,0.2359,31070.829648486895
Wed May 08 2024 21:00:00 GMT+0100 (British Summer Time),0.0189,0.027,0.2359,14441.650850244681
Wed May 08 2024 22:00:00 GMT+0100 (British Summer Time),0.0189,0.0241,0.2359,368.041800837651
Wed May 08 2024 23:00:00 GMT+0100 (British Summer Time),0.0189,0.0241,0.2359,38023.41322863144
Thu May 09 2024 00:00:00 GMT+0100 (British Summer Time),0.0189,0.0241,0.2361,119822.61820136584
Thu May 09 2024 01:00:00 GMT+0100 (British Summer Time),0.0321,0.026,0.236,86221.53593456766
Thu May 09 2024 02:00:00 GMT+0100 (British Summer Time),0.0354,0.0265,0.2361,709650.5362384323
Thu May 09 2024 03:00:00 GMT+0100 (British Summer Time),0.0258,0.0265,0.2362,782167.7551631451
Thu May 09 2024 04:00:00 GMT+0100 (British Summer Time),0.0258,0.0265,0.2373,648368.847875147
Thu May 09 2024 05:00:00 GMT+0100 (British Summer Time),0.0291,0.0269,0.2371,114870.94646247332
Thu May 09 2024 06:00:00 GMT+0100 (British Summer Time),0.0259,0.0269,0.2369,140786.0991449572
Thu May 09 2024 07:00:00 GMT+0100 (British Summer Time),0.0259,0.0269,0.2377,411979.35074774106
Thu May 09 2024 08:00:00 GMT+0100 (British Summer Time),0.0226,0.0269,0.2294,7766466.950386424
Thu May 09 2024 09:00:00 GMT+0100 (British Summer Time),0.0226,0.0269,0.228,1088020.351051664
Thu May 09 2024 10:00:00 GMT+0100 (British Summer Time),0.0226,0.0269,0.2416,7386954.729976347
Thu May 09 2024 11:00:00 GMT+0100 (British Summer Time),0.0195,0.0269,0.2393,1998124.0598246092
Thu May 09 2024 12:00:00 GMT+0100 (British Summer Time),0.0195,0.0269,0.2392,40589.886014296564
Thu May 09 2024 13:00:00 GMT+0100 (British Summer Time),0.0228,0.0274,0.2391,50627.351426635025
Thu May 09 2024 14:00:00 GMT+0100 (British Summer Time),0.0228,0.0274,0.2391,114114.41426916905
Thu May 09 2024 15:00:00 GMT+0100 (British Summer Time),0.0228,0.0274,0.234,4595802.095483384
Thu May 09 2024 16:00:00 GMT+0100 (British Summer Time),0.0228,0.0274,0.2363,1221413.8372926968
Thu May 09 2024 17:00:00 GMT+0100 (British Summer Time),0.0228,0.0274,0.237,603597.4661933233
Thu May 09 2024 18:00:00 GMT+0100 (British Summer Time),0.0228,0.0274,0.2342,1607220.0698694622
Thu May 09 2024 19:00:00 GMT+0100 (British Summer Time),0.0228,0.0274,0.2341,205220.60856005477
Thu May 09 2024 20:00:00 GMT+0100 (British Summer Time),0.0228,0.0274,0.2349,438238.1115108624
Thu May 09 2024 21:00:00 GMT+0100 (British Summer Time),0.0228,0.0274,0.229,3095845.062205325
Thu May 09 2024 22:00:00 GMT+0100 (British Summer Time),0.0228,0.0274,0.2319,1502852.6144764263
Thu May 09 2024 23:00:00 GMT+0100 (British Summer Time),0.0228,0.0274,0.2329,653137.2241470268
Fri May 10 2024 00:00:00 GMT+0100 (British Summer Time),0.0228,0.0274,0.2329,4902.416495411694
Fri May 10 2024 01:00:00 GMT+0100 (British Summer Time),0.0097,0.0274,0.2329,22909.134142615287
Fri May 10 2024 02:00:00 GMT+0100 (British Summer Time),0.0225,0.0297,0.2329,92875.20032540255
Fri May 10 2024 03:00:00 GMT+0100 (British Summer Time),0.0225,0.0297,0.2329,3491.396603935692
Fri May 10 2024 04:00:00 GMT+0100 (British Summer Time),0.0225,0.0297,0.2332,1683217.9114090172
Fri May 10 2024 05:00:00 GMT+0100 (British Summer Time),0.0192,0.0297,0.2344,2789978.97668163
Fri May 10 2024 06:00:00 GMT+0100 (British Summer Time),0.0192,0.0297,0.2331,286705.2696298882
Fri May 10 2024 07:00:00 GMT+0100 (British Summer Time),0.0192,0.0297,0.2348,1413036.567624215
Fri May 10 2024 08:00:00 GMT+0100 (British Summer Time),0.0192,0.0297,0.2291,4890896.61418835
Fri May 10 2024 09:00:00 GMT+0100 (British Summer Time),0.0192,0.0297,0.2267,4050298.7291205446
Fri May 10 2024 10:00:00 GMT+0100 (British Summer Time),0.0192,0.0297,0.2289,1203258.5502892411
Fri May 10 2024 11:00:00 GMT+0100 (British Summer Time),0.0192,0.0297,0.2299,613445.6029660238
Fri May 10 2024 12:00:00 GMT+0100 (British Summer Time),0.0192,0.0297,0.2299,590.0558569478158
Fri May 10 2024 13:00:00 GMT+0100 (British Summer Time),0.016,0.0297,0.2271,1571329.8680208288
Fri May 10 2024 14:00:00 GMT+0100 (British Summer Time),0.016,0.0297,0.2279,1203059.9543881337
Fri May 10 2024 15:00:00 GMT+0100 (British Summer Time),0.016,0.0297,0.232,2406837.296659507
Fri May 10 2024 16:00:00 GMT+0100 (British Summer Time),0.016,0.0297,0.2323,143316.1398186046
Fri May 10 2024 17:00:00 GMT+0100 (British Summer Time),0.016,0.0297,0.2321,97645.4990321897
Fri May 10 2024 18:00:00 GMT+0100 (British Summer Time),0.016,0.0297,0.2328,324674.52539825946
Fri May 10 2024 19:00:00 GMT+0100 (British Summer Time),0.016,0.0297,0.2326,92730.66022846763
Fri May 10 2024 20:00:00 GMT+0100 (British Summer Time),0.016,0.0297,0.2311,899541.8877149062
Fri May 10 2024 21:00:00 GMT+0100 (British Summer Time),0.016,0.0297,0.2418,5376523.216775782
Fri May 10 2024 22:00:00 GMT+0100 (British Summer Time),0.016,0.0297,0.2425,901474.954964635
Fri May 10 2024 23:00:00 GMT+0100 (British Summer Time),0.016,0.0297,0.238,2524997.075806175
Sat May 11 2024 00:00:00 GMT+0100 (British Summer Time),0.016,0.0297,0.2393,652717.4665334175
Sat May 11 2024 01:00:00 GMT+0100 (British Summer Time),0.016,0.0297,0.2393,0
Sat May 11 2024 02:00:00 GMT+0100 (British Summer Time),0,0.0297,0.2351,2264731.0012232633
Sat May 11 2024 03:00:00 GMT+0100 (British Summer Time),0,0.0297,0.2352,125488.83188902098
Sat May 11 2024 04:00:00 GMT+0100 (British Summer Time),0,0.0297,0.2352,3098.3912631420762
Sat May 11 2024 05:00:00 GMT+0100 (British Summer Time),0,0.0297,0.235,122257.16283152736
Sat May 11 2024 06:00:00 GMT+0100 (British Summer Time),0,0.0297,0.235,7765.218770805849
Sat May 11 2024 07:00:00 GMT+0100 (British Summer Time),0,0.0297,0.2349,33428.570686253865
Sat May 11 2024 08:00:00 GMT+0100 (British Summer Time),0,0.0297,0.2303,3842220.64071206
Sat May 11 2024 09:00:00 GMT+0100 (British Summer Time),0,0.0203,0.2307,243085.27542903495
Sat May 11 2024 10:00:00 GMT+0100 (British Summer Time),0,0.0203,0.2307,22220.31008313745
Sat May 11 2024 11:00:00 GMT+0100 (British Summer Time),0,0.0203,0.2308,64209.73878907397
Sat May 11 2024 12:00:00 GMT+0100 (British Summer Time),0.0351,0.0248,0.2293,751838.1350966247
Sat May 11 2024 13:00:00 GMT+0100 (British Summer Time),0.0383,0.0253,0.2296,198728.1573179849
Sat May 11 2024 14:00:00 GMT+0100 (British Summer Time),0.0383,0.0253,0.2303,394627.3625647011
Sat May 11 2024 15:00:00 GMT+0100 (British Summer Time),0.0383,0.0253,0.2298,254649.76548060367
Sat May 11 2024 16:00:00 GMT+0100 (British Summer Time),0.0383,0.0253,0.2286,591936.4150762992
Sat May 11 2024 17:00:00 GMT+0100 (British Summer Time),0.0383,0.0253,0.2286,10053.710311397175
Sat May 11 2024 18:00:00 GMT+0100 (British Summer Time),0.0383,0.0253,0.2304,1036984.9136007343
Sat May 11 2024 19:00:00 GMT+0100 (British Summer Time),0.0383,0.0253,0.2313,361656.62174827844
Sat May 11 2024 20:00:00 GMT+0100 (British Summer Time),0.0383,0.0253,0.2316,170220.50802546824
Sat May 11 2024 21:00:00 GMT+0100 (British Summer Time),0.0383,0.0253,0.2316,13310.165286584583
Sat May 11 2024 22:00:00 GMT+0100 (British Summer Time),0.0383,0.0253,0.2314,95606.69950147887
Sat May 11 2024 23:00:00 GMT+0100 (British Summer Time),0.0383,0.0253,0.2314,166396.22668357368
Sun May 12 2024 00:00:00 GMT+0100 (British Summer Time),0.048,0.0266,0.2315,31450.462295085556
Sun May 12 2024 01:00:00 GMT+0100 (British Summer Time),0.0513,0.0271,0.2316,90892.61520666828
Sun May 12 2024 02:00:00 GMT+0100 (British Summer Time),0.0513,0.0271,0.2316,23427.23145373579
Sun May 12 2024 03:00:00 GMT+0100 (British Summer Time),0.0513,0.0271,0.2349,2606711.243756395
Sun May 12 2024 04:00:00 GMT+0100 (British Summer Time),0.0513,0.0271,0.2338,637305.2210984837
Sun May 12 2024 05:00:00 GMT+0100 (British Summer Time),0.0513,0.0271,0.2338,14466.891003075136
Sun May 12 2024 06:00:00 GMT+0100 (British Summer Time),0.0513,0.0271,0.2335,166397.55684693783
Sun May 12 2024 07:00:00 GMT+0100 (British Summer Time),0.0513,0.0271,0.2378,2207664.0501004406
Sun May 12 2024 08:00:00 GMT+0100 (British Summer Time),0.0513,0.0271,0.2376,190873.62079822485
Sun May 12 2024 09:00:00 GMT+0100 (British Summer Time),0.0513,0.0237,0.238,308453.4979774983
Sun May 12 2024 10:00:00 GMT+0100 (British Summer Time),0.0513,0.0237,0.2404,1195964.0187431322
Sun May 12 2024 11:00:00 GMT+0100 (British Summer Time),0.0513,0.0237,0.2404,16296.502160984812
Sun May 12 2024 12:00:00 GMT+0100 (British Summer Time),0.0157,0.0237,0.2406,138192.94312319232
Sun May 12 2024 13:00:00 GMT+0100 (British Summer Time),0.0125,0.0237,0.2405,88396.54334749214
Sun May 12 2024 14:00:00 GMT+0100 (British Summer Time),0.0125,0.0237,0.2404,75225.50276294092
Sun May 12 2024 15:00:00 GMT+0100 (British Summer Time),0.0125,0.0237,0.2403,91857.71138313097
Sun May 12 2024 16:00:00 GMT+0100 (British Summer Time),0.0125,0.0237,0.2404,196231.12958375024
Sun May 12 2024 17:00:00 GMT+0100 (British Summer Time),0.0125,0.0237,0.2405,638637.0005477074
Sun May 12 2024 18:00:00 GMT+0100 (British Summer Time),0.0125,0.0237,0.2406,65509.983682805396
Sun May 12 2024 19:00:00 GMT+0100 (British Summer Time),0.0125,0.0237,0.2408,100809.19365325941
Sun May 12 2024 20:00:00 GMT+0100 (British Summer Time),0.0125,0.0237,0.2407,62026.825362176096
Sun May 12 2024 21:00:00 GMT+0100 (British Summer Time),0.0125,0.0237,0.2408,68035.13890209011
Sun May 12 2024 22:00:00 GMT+0100 (British Summer Time),0.0125,0.0237,0.2408,7188.707822531524
Sun May 12 2024 23:00:00 GMT+0100 (British Summer Time),0.0125,0.0218,0.2408,50308.91902375512
Mon May 13 2024 00:00:00 GMT+0100 (British Summer Time),0.0031,0.0218,0.2408,843.0414724739892
Mon May 13 2024 01:00:00 GMT+0100 (British Summer Time),0.0235,0.0253,0.2405,162354.19927413733
Mon May 13 2024 02:00:00 GMT+0100 (British Summer Time),0.0235,0.0253,0.2405,4712.4390201827955
Mon May 13 2024 03:00:00 GMT+0100 (British Summer Time),0.0235,0.0253,0.2403,147669.21315363943
Mon May 13 2024 04:00:00 GMT+0100 (British Summer Time),0.0235,0.0253,0.2396,520113.31856742955
Mon May 13 2024 05:00:00 GMT+0100 (British Summer Time),0.0235,0.0253,0.2387,566002.4757467229
Mon May 13 2024 06:00:00 GMT+0100 (British Summer Time),0.0235,0.0253,0.2378,425676.2006453539
Mon May 13 2024 07:00:00 GMT+0100 (British Summer Time),0.0235,0.0253,0.2347,1866391.3586711267
Mon May 13 2024 08:00:00 GMT+0100 (British Summer Time),0.0235,0.0253,0.2394,2347180.0090810023
Mon May 13 2024 09:00:00 GMT+0100 (British Summer Time),0.0335,0.0267,0.2394,23791.97437232703
Mon May 13 2024 10:00:00 GMT+0100 (British Summer Time),0.0335,0.0248,0.2395,33318.02365157234
Mon May 13 2024 11:00:00 GMT+0100 (British Summer Time),0.0335,0.0248,0.2394,17517.659978148313
Mon May 13 2024 12:00:00 GMT+0100 (British Summer Time),0.0335,0.0248,0.2396,270315.58290188917
Mon May 13 2024 13:00:00 GMT+0100 (British Summer Time),0.0335,0.0248,0.2395,163550.1565713383
Mon May 13 2024 14:00:00 GMT+0100 (British Summer Time),0.0335,0.0248,0.2333,6284482.741980659
Mon May 13 2024 15:00:00 GMT+0100 (British Summer Time),0.0335,0.0248,0.2344,578316.5579380324
Mon May 13 2024 16:00:00 GMT+0100 (British Summer Time),0.0335,0.0248,0.2344,3242.665139607187
Mon May 13 2024 17:00:00 GMT+0100 (British Summer Time),0.0335,0.0248,0.2344,32651.221457472326
Mon May 13 2024 18:00:00 GMT+0100 (British Summer Time),0.0335,0.0248,0.2346,146696.4092358395
Mon May 13 2024 19:00:00 GMT+0100 (British Summer Time),0.0335,0.0248,0.2351,910947.0599402532
Mon May 13 2024 20:00:00 GMT+0100 (British Summer Time),0.0335,0.0248,0.2349,154521.16231317417
Mon May 13 2024 21:00:00 GMT+0100 (British Summer Time),0.0335,0.0248,0.2344,288644.95960208203
Mon May 13 2024 22:00:00 GMT+0100 (British Summer Time),0.0335,0.0248,0.2344,743.4764975825494
Mon May 13 2024 23:00:00 GMT+0100 (British Summer Time),0.0335,0.0248,0.2342,104249.51304141752
Tue May 14 2024 00:00:00 GMT+0100 (British Summer Time),0.0505,0.0272,0.2343,7789.691692440422
Tue May 14 2024 01:00:00 GMT+0100 (British Summer Time),0.0264,0.0272,0.2337,287885.4190224582
Tue May 14 2024 02:00:00 GMT+0100 (British Summer Time),0.0264,0.0249,0.2338,28123.502173759967
Tue May 14 2024 03:00:00 GMT+0100 (British Summer Time),0.0264,0.0249,0.2339,109713.73330236043
Tue May 14 2024 04:00:00 GMT+0100 (British Summer Time),0.0264,0.0249,0.2337,127181.56361628036
Tue May 14 2024 05:00:00 GMT+0100 (British Summer Time),0.0264,0.0249,0.2339,122208.28227928442
Tue May 14 2024 06:00:00 GMT+0100 (British Summer Time),0.0264,0.0249,0.234,108789.97668777671
Tue May 14 2024 07:00:00 GMT+0100 (British Summer Time),0.0264,0.0249,0.2339,56450.90720966799
Tue May 14 2024 08:00:00 GMT+0100 (British Summer Time),0.034,0.026,0.2336,162477.16737787498
Tue May 14 2024 09:00:00 GMT+0100 (British Summer Time),0.024,0.025,0.2336,8.73691790642258
Tue May 14 2024 10:00:00 GMT+0100 (British Summer Time),0.024,0.025,0.2336,17417.560274001466
Tue May 14 2024 11:00:00 GMT+0100 (British Summer Time),0.024,0.025,0.2331,233293.06309525343
Tue May 14 2024 12:00:00 GMT+0100 (British Summer Time),0.024,0.025,0.2322,914826.5706723359
Tue May 14 2024 13:00:00 GMT+0100 (British Summer Time),0.024,0.025,0.2321,79071.22454424683
Tue May 14 2024 14:00:00 GMT+0100 (British Summer Time),0.024,0.025,0.232,46523.330495742775
Tue May 14 2024 15:00:00 GMT+0100 (British Summer Time),0.024,0.025,0.2397,3810584.811720695
Tue May 14 2024 16:00:00 GMT+0100 (British Summer Time),0.024,0.025,0.2374,1168336.733730943
Tue May 14 2024 17:00:00 GMT+0100 (British Summer Time),0.024,0.0237,0.2371,167676.1435273907
Tue May 14 2024 18:00:00 GMT+0100 (British Summer Time),0.024,0.0237,0.2367,210675.7378225369
Tue May 14 2024 19:00:00 GMT+0100 (British Summer Time),0.0393,0.0258,0.2367,73912.7658965553
Tue May 14 2024 20:00:00 GMT+0100 (British Summer Time),0.0393,0.0258,0.2367,14590.008834663648
Tue May 14 2024 21:00:00 GMT+0100 (British Summer Time),0.0393,0.0258,0.2353,677793.6552607968
Tue May 14 2024 22:00:00 GMT+0100 (British Summer Time),0.0433,0.0264,0.2351,120146.92585574632
Tue May 14 2024 23:00:00 GMT+0100 (British Summer Time),0.0433,0.0264,0.2351,2455.2994110474137
Wed May 15 2024 00:00:00 GMT+0100 (British Summer Time),0.0264,0.0264,0.2351,29086.84431980433
Wed May 15 2024 01:00:00 GMT+0100 (British Summer Time),0.0264,0.0264,0.2322,2515745.5438794997
Wed May 15 2024 02:00:00 GMT+0100 (British Summer Time),0.0264,0.0264,0.2322,109390.45941290993
Wed May 15 2024 03:00:00 GMT+0100 (British Summer Time),0.0264,0.025,0.2305,1476013.1892617673
Wed May 15 2024 04:00:00 GMT+0100 (British Summer Time),0.0264,0.025,0.2302,150355.81154381728
Wed May 15 2024 05:00:00 GMT+0100 (British Summer Time),0.0264,0.025,0.23,173237.5998725389
Wed May 15 2024 06:00:00 GMT+0100 (British Summer Time),0.034,0.0257,0.2292,1178642.4405484537
Wed May 15 2024 07:00:00 GMT+0100 (British Summer Time),0.0377,0.0262,0.2288,263410.33554739004
Wed May 15 2024 08:00:00 GMT+0100 (British Summer Time),0.0301,0.0257,0.2288,455258.45234055695
Wed May 15 2024 09:00:00 GMT+0100 (British Summer Time),0.0301,0.0257,0.2284,238019.31070196908
Wed May 15 2024 10:00:00 GMT+0100 (British Summer Time),0.0338,0.0262,0.2288,228061.98296679353
Wed May 15 2024 11:00:00 GMT+0100 (British Summer Time),0.0338,0.0258,0.2288,271.1950098279925
Wed May 15 2024 12:00:00 GMT+0100 (British Summer Time),0.0338,0.0258,0.2287,86087.68046154351
Wed May 15 2024 13:00:00 GMT+0100 (British Summer Time),0.0338,0.0258,0.2279,457121.7238778565
Wed May 15 2024 14:00:00 GMT+0100 (British Summer Time),0.0377,0.0263,0.228,37819.5809272857
Wed May 15 2024 15:00:00 GMT+0100 (British Summer Time),0.0377,0.0263,0.2118,17578759.12759733
Wed May 15 2024 16:00:00 GMT+0100 (British Summer Time),0.0417,0.0269,0.2127,3854224.9233327312
Wed May 15 2024 17:00:00 GMT+0100 (British Summer Time),0.0417,0.0269,0.2136,642662.1620793705
Wed May 15 2024 18:00:00 GMT+0100 (British Summer Time),0.0417,0.0269,0.2153,1549270.7694714705
Wed May 15 2024 19:00:00 GMT+0100 (British Summer Time),0.0264,0.0269,0.2157,272508.85957663576
Wed May 15 2024 20:00:00 GMT+0100 (British Summer Time),0.0303,0.0275,0.2168,575760.2857925955
Wed May 15 2024 21:00:00 GMT+0100 (British Summer Time),0.0303,0.0275,0.2172,1072616.2923334474
Wed May 15 2024 22:00:00 GMT+0100 (British Summer Time),0.0263,0.0275,0.2173,33266.68923220539
Wed May 15 2024 23:00:00 GMT+0100 (British Summer Time),0.0303,0.028,0.2187,1397861.055767815
Thu May 16 2024 00:00:00 GMT+0100 (British Summer Time),0.0303,0.028,0.2182,286380.39270200545
Thu May 16 2024 01:00:00 GMT+0100 (British Summer Time),0.0303,0.0261,0.2182,92745.43343518622
Thu May 16 2024 02:00:00 GMT+0100 (British Summer Time),0.0303,0.0257,0.2183,87486.37636615388
Thu May 16 2024 03:00:00 GMT+0100 (British Summer Time),0.0303,0.0257,0.219,792453.4891088437
Thu May 16 2024 04:00:00 GMT+0100 (British Summer Time),0.0303,0.0257,0.2195,327756.23799977166
Thu May 16 2024 05:00:00 GMT+0100 (British Summer Time),0.0303,0.0252,0.2183,954003.4517329549
Thu May 16 2024 06:00:00 GMT+0100 (British Summer Time),0.0227,0.0252,0.2184,26520.068516968182
Thu May 16 2024 07:00:00 GMT+0100 (British Summer Time),0.019,0.0252,0.218,184606.6040093033
Thu May 16 2024 08:00:00 GMT+0100 (British Summer Time),0.019,0.0252,0.2179,279934.33423193055
Thu May 16 2024 09:00:00 GMT+0100 (British Summer Time),0.019,0.0252,0.2181,154119.7997710889
Thu May 16 2024 10:00:00 GMT+0100 (British Summer Time),0.0153,0.0252,0.2179,110268.34390522097
Thu May 16 2024 11:00:00 GMT+0100 (British Summer Time),0.0153,0.0252,0.2181,178986.2337841028
Thu May 16 2024 12:00:00 GMT+0100 (British Summer Time),0.031,0.0274,0.218,233446.44289893482
Thu May 16 2024 13:00:00 GMT+0100 (British Summer Time),0.031,0.027,0.2202,4546753.547111649
Thu May 16 2024 14:00:00 GMT+0100 (British Summer Time),0.0271,0.027,0.2202,7010.168873678798
Thu May 16 2024 15:00:00 GMT+0100 (British Summer Time),0.0271,0.027,0.2203,186384.85913558086
Thu May 16 2024 16:00:00 GMT+0100 (British Summer Time),0.0232,0.027,0.2199,337443.71064996853
Thu May 16 2024 17:00:00 GMT+0100 (British Summer Time),0.0232,0.027,0.2136,6070524.40444277
Thu May 16 2024 18:00:00 GMT+0100 (British Summer Time),0.0232,0.027,0.2126,848948.2252378018
Thu May 16 2024 19:00:00 GMT+0100 (British Summer Time),0.0232,0.027,0.2125,78567.36800486957
Thu May 16 2024 20:00:00 GMT+0100 (British Summer Time),0.0193,0.027,0.2126,169345.37052053981
Thu May 16 2024 21:00:00 GMT+0100 (British Summer Time),0.0193,0.027,0.2126,16032.894048474245
Thu May 16 2024 22:00:00 GMT+0100 (British Summer Time),0.0193,0.027,0.2126,92934.67156138379
Thu May 16 2024 23:00:00 GMT+0100 (British Summer Time),0.0299,0.0291,0.2125,118589.88453546914
Fri May 17 2024 00:00:00 GMT+0100 (British Summer Time),0.0299,0.0291,0.2125,11253.188379521507
Fri May 17 2024 01:00:00 GMT+0100 (British Summer Time),0.0299,0.0291,0.2119,417232.63906314713
Fri May 17 2024 02:00:00 GMT+0100 (British Summer Time),0.0299,0.0267,0.2114,345373.9539161503
Fri May 17 2024 03:00:00 GMT+0100 (British Summer Time),0.0299,0.0267,0.2113,17659.1292251882
Fri May 17 2024 04:00:00 GMT+0100 (British Summer Time),0.0299,0.0267,0.2109,517425.6562007874
Fri May 17 2024 05:00:00 GMT+0100 (British Summer Time),0.0299,0.0267,0.2109,883006.581760646
Fri May 17 2024 06:00:00 GMT+0100 (British Summer Time),0.0299,0.0267,0.2116,202228.37310314056
Fri May 17 2024 07:00:00 GMT+0100 (British Summer Time),0.0299,0.0267,0.2117,132.67494767620232
Fri May 17 2024 08:00:00 GMT+0100 (British Summer Time),0.0299,0.0267,0.2117,537.5768557603872
Fri May 17 2024 09:00:00 GMT+0100 (British Summer Time),0.0299,0.0267,0.2117,36821.65218823962
Fri May 17 2024 10:00:00 GMT+0100 (British Summer Time),0.0299,0.0267,0.2121,234098.81636958453
Fri May 17 2024 11:00:00 GMT+0100 (British Summer Time),0.0299,0.0267,0.2193,3664373.8326477516
Fri May 17 2024 12:00:00 GMT+0100 (British Summer Time),0.0296,0.0289,0.2192,27274.968012644767
Fri May 17 2024 13:00:00 GMT+0100 (British Summer Time),0.0296,0.0289,0.2213,9565414.976041764
Fri May 17 2024 14:00:00 GMT+0100 (British Summer Time),0.0296,0.0289,0.2165,3997080.1632282343
Fri May 17 2024 15:00:00 GMT+0100 (British Summer Time),0.0296,0.0289,0.2129,1867350.1931880685
Fri May 17 2024 16:00:00 GMT+0100 (British Summer Time),0.0296,0.0289,0.2132,160517.15621798893
Fri May 17 2024 17:00:00 GMT+0100 (British Summer Time),0.0296,0.0289,0.213,109555.56206499737
Fri May 17 2024 18:00:00 GMT+0100 (British Summer Time),0.0375,0.0301,0.213,56441.28230405031
Fri May 17 2024 19:00:00 GMT+0100 (British Summer Time),0.0375,0.0301,0.2105,2986000.2058524177
Fri May 17 2024 20:00:00 GMT+0100 (British Summer Time),0.0375,0.0301,0.2064,4639236.89799581
Fri May 17 2024 21:00:00 GMT+0100 (British Summer Time),0.0375,0.0301,0.2064,15939.781066834377
Fri May 17 2024 22:00:00 GMT+0100 (British Summer Time),0.0375,0.0301,0.2064,651.1056944524133
Fri May 17 2024 23:00:00 GMT+0100 (British Summer Time),0.0229,0.0301,0.2064,1732.0231919907862
Sat May 18 2024 00:00:00 GMT+0100 (British Summer Time),0.0306,0.0312,0.2064,19811.96832962634
Sat May 18 2024 01:00:00 GMT+0100 (British Summer Time),0.0306,0.0312,0.2064,6303.575323951065
Sat May 18 2024 02:00:00 GMT+0100 (British Summer Time),0.0306,0.0312,0.2053,947977.6656003775
Sat May 18 2024 03:00:00 GMT+0100 (British Summer Time),0.0345,0.0317,0.2049,181137.3677015894
Sat May 18 2024 04:00:00 GMT+0100 (British Summer Time),0.0345,0.0317,0.2049,41386.484646514335
Sat May 18 2024 05:00:00 GMT+0100 (British Summer Time),0.0345,0.0317,0.2123,3949290.071575767
Sat May 18 2024 06:00:00 GMT+0100 (British Summer Time),0.0345,0.0317,0.2095,1526141.59500195
Sat May 18 2024 07:00:00 GMT+0100 (British Summer Time),0.0345,0.0317,0.207,1674632.525499141
Sat May 18 2024 08:00:00 GMT+0100 (British Summer Time),0.0345,0.0317,0.2052,1769266.1935404607
Sat May 18 2024 09:00:00 GMT+0100 (British Summer Time),0.0345,0.0317,0.223,11818791.355027791
Sat May 18 2024 10:00:00 GMT+0100 (British Summer Time),0.0345,0.0317,0.2223,456678.6035581129
Sat May 18 2024 11:00:00 GMT+0100 (British Summer Time),0.0345,0.0317,0.2223,1662559.2014229763
Sat May 18 2024 12:00:00 GMT+0100 (British Summer Time),0.0191,0.0267,0.2245,2830557.9584308225
Sat May 18 2024 13:00:00 GMT+0100 (British Summer Time),0.0191,0.0262,0.2249,301475.52065028297
Sat May 18 2024 14:00:00 GMT+0100 (British Summer Time),0.0191,0.0262,0.2245,294640.4219882024
Sat May 18 2024 15:00:00 GMT+0100 (British Summer Time),0.0191,0.0262,0.2245,41799.83343225319
Sat May 18 2024 16:00:00 GMT+0100 (British Summer Time),0.0349,0.0285,0.2241,249182.61917669987
Sat May 18 2024 17:00:00 GMT+0100 (British Summer Time),0.0349,0.0285,0.2237,265749.9382296896
Sat May 18 2024 18:00:00 GMT+0100 (British Summer Time),0.0271,0.0285,0.2235,116823.21670158666
Sat May 18 2024 19:00:00 GMT+0100 (British Summer Time),0.0271,0.0285,0.2206,1563164.0260884415
Sat May 18 2024 20:00:00 GMT+0100 (British Summer Time),0.0271,0.0285,0.2208,145371.95055470255
Sat May 18 2024 21:00:00 GMT+0100 (British Summer Time),0.0271,0.0285,0.2208,18656.939513313126
Sat May 18 2024 22:00:00 GMT+0100 (British Summer Time),0.0271,0.0285,0.2208,0
Sat May 18 2024 23:00:00 GMT+0100 (British Summer Time),0.0271,0.0285,0.2211,143625.66413634396
Sun May 19 2024 00:00:00 GMT+0100 (British Summer Time),0.0194,0.0271,0.2211,2745.469413305375
Sun May 19 2024 01:00:00 GMT+0100 (British Summer Time),0.0194,0.0266,0.221,29385.50124911378
Sun May 19 2024 02:00:00 GMT+0100 (British Summer Time),0.0194,0.0266,0.221,29379.47863671716
Sun May 19 2024 03:00:00 GMT+0100 (British Summer Time),0.0155,0.0266,0.221,451.43014489456
Sun May 19 2024 04:00:00 GMT+0100 (British Summer Time),0.0303,0.0288,0.221,48816.44832225812
Sun May 19 2024 05:00:00 GMT+0100 (British Summer Time),0.0303,0.0288,0.2213,151672.799406821
Sun May 19 2024 06:00:00 GMT+0100 (British Summer Time),0.0303,0.0288,0.2213,2502.413471592915
Sun May 19 2024 07:00:00 GMT+0100 (British Summer Time),0.0303,0.0288,0.2213,6044.3378867457595
Sun May 19 2024 08:00:00 GMT+0100 (British Summer Time),0.0303,0.0288,0.2206,352937.9297350565
Sun May 19 2024 09:00:00 GMT+0100 (British Summer Time),0.0303,0.0288,0.2145,3222410.6147505753
Sun May 19 2024 10:00:00 GMT+0100 (British Summer Time),0.0303,0.0288,0.2143,1271714.9378424957
Sun May 19 2024 11:00:00 GMT+0100 (British Summer Time),0.0303,0.0288,0.2143,540.8499994198528
Sun May 19 2024 12:00:00 GMT+0100 (British Summer Time),0.0303,0.0288,0.2144,93078.06291073366
Sun May 19 2024 13:00:00 GMT+0100 (British Summer Time),0.0303,0.0288,0.2146,187906.35977464562
Sun May 19 2024 14:00:00 GMT+0100 (British Summer Time),0.0303,0.0288,0.2147,35362.35742891091
Sun May 19 2024 15:00:00 GMT+0100 (British Summer Time),0.0303,0.0288,0.2147,3188.6455431620097
Sun May 19 2024 16:00:00 GMT+0100 (British Summer Time),0.0272,0.0306,0.2165,957775.2649482039
Sun May 19 2024 17:00:00 GMT+0100 (British Summer Time),0.0272,0.0306,0.2165,33578.690050596866
Sun May 19 2024 18:00:00 GMT+0100 (British Summer Time),0.0272,0.0306,0.2165,844.8671152538191
Sun May 19 2024 19:00:00 GMT+0100 (British Summer Time),0.0272,0.0306,0.2167,100902.78248333278
Sun May 19 2024 20:00:00 GMT+0100 (British Summer Time),0.0272,0.0306,0.2128,19809700.561802495
Sun May 19 2024 21:00:00 GMT+0100 (British Summer Time),0.0272,0.0306,0.2121,347992.8460497543
Sun May 19 2024 22:00:00 GMT+0100 (British Summer Time),0.0272,0.0306,0.2123,114142.10896572091
Sun May 19 2024 23:00:00 GMT+0100 (British Summer Time),0.0272,0.0306,0.2116,503837.31109611905
Mon May 20 2024 00:00:00 GMT+0100 (British Summer Time),0.0272,0.0306,0.2108,404576.0089855595
Mon May 20 2024 01:00:00 GMT+0100 (British Summer Time),0.0272,0.0272,0.2108,2593.21580053119
Mon May 20 2024 02:00:00 GMT+0100 (British Summer Time),0.0272,0.0272,0.2108,15369.072833800878
Mon May 20 2024 03:00:00 GMT+0100 (British Summer Time),0.0272,0.0272,0.2108,27593.822902654836
Mon May 20 2024 04:00:00 GMT+0100 (British Summer Time),0.0124,0.0272,0.2111,690550.6860578808
Mon May 20 2024 05:00:00 GMT+0100 (British Summer Time),0.0261,0.0291,0.2109,101470.74420574421
Mon May 20 2024 06:00:00 GMT+0100 (British Summer Time),0.0261,0.0291,0.2117,483648.28524369426
Mon May 20 2024 07:00:00 GMT+0100 (British Summer Time),0.0261,0.0291,0.2119,86533.9467871893
Mon May 20 2024 08:00:00 GMT+0100 (British Summer Time),0.0261,0.0291,0.2091,1565462.2498896196
Mon May 20 2024 09:00:00 GMT+0100 (British Summer Time),0.0261,0.0277,0.2088,160174.2407351031
Mon May 20 2024 10:00:00 GMT+0100 (British Summer Time),0.0261,0.0277,0.2092,175069.65249557205
Mon May 20 2024 11:00:00 GMT+0100 (British Summer Time),0.0261,0.0277,0.2092,0
Mon May 20 2024 12:00:00 GMT+0100 (British Summer Time),0.0261,0.0277,0.2091,59019.96679131272
Mon May 20 2024 13:00:00 GMT+0100 (British Summer Time),0.0261,0.0277,0.2079,657672.5354285577
Mon May 20 2024 14:00:00 GMT+0100 (British Summer Time),0.0261,0.0277,0.2044,5761789.184019248
Mon May 20 2024 15:00:00 GMT+0100 (British Summer Time),0.0261,0.0277,0.2039,841377.3992654224
Mon May 20 2024 16:00:00 GMT+0100 (British Summer Time),0.0135,0.0277,0.204,116600.565921828
Mon May 20 2024 17:00:00 GMT+0100 (British Summer Time),0.026,0.0295,0.2045,236398.22074469432
Mon May 20 2024 18:00:00 GMT+0100 (British Summer Time),0.026,0.0295,0.2045,0
Mon May 20 2024 19:00:00 GMT+0100 (British Summer Time),0.026,0.0295,0.2044,54821.00021914024
Mon May 20 2024 20:00:00 GMT+0100 (British Summer Time),0.026,0.0295,0.2044,0
Mon May 20 2024 21:00:00 GMT+0100 (British Summer Time),0.026,0.0295,0.2119,4328605.203194041
Mon May 20 2024 22:00:00 GMT+0100 (British Summer Time),0.026,0.0295,0.214,1624272.1171188822
Mon May 20 2024 23:00:00 GMT+0100 (British Summer Time),0.026,0.0295,0.2204,5852598.7053361405
Tue May 21 2024 00:00:00 GMT+0100 (British Summer Time),0.026,0.0271,0.2204,16004.259425649585
Tue May 21 2024 01:00:00 GMT+0100 (British Summer Time),0.026,0.0271,0.2206,520580.6501887757
Tue May 21 2024 02:00:00 GMT+0100 (British Summer Time),0.026,0.0271,0.22,557682.3291507313
Tue May 21 2024 03:00:00 GMT+0100 (British Summer Time),0.026,0.0271,0.2236,3002777.408186182
Tue May 21 2024 04:00:00 GMT+0100 (British Summer Time),0.026,0.0271,0.2235,91749.09378047893
Tue May 21 2024 05:00:00 GMT+0100 (British Summer Time),0.0123,0.0271,0.233,13309167.939972606
Tue May 21 2024 06:00:00 GMT+0100 (British Summer Time),0.0269,0.0292,0.233,220912.82353352112
Tue May 21 2024 07:00:00 GMT+0100 (British Summer Time),0.0269,0.0292,0.2325,296932.93266790884
Tue May 21 2024 08:00:00 GMT+0100 (British Summer Time),0.0269,0.0281,0.2262,3940376.242083571
Tue May 21 2024 09:00:00 GMT+0100 (British Summer Time),0.0269,0.0281,0.2232,2301753.2469531735
Tue May 21 2024 10:00:00 GMT+0100 (British Summer Time),0.0269,0.0281,0.2232,522693.0306310319
Tue May 21 2024 11:00:00 GMT+0100 (British Summer Time),0.0269,0.0281,0.2188,3062474.4742855905
Tue May 21 2024 12:00:00 GMT+0100 (British Summer Time),0.0269,0.0281,0.219,491338.01924890606
Tue May 21 2024 13:00:00 GMT+0100 (British Summer Time),0.0269,0.0281,0.2192,2025555.3446465174
Tue May 21 2024 14:00:00 GMT+0100 (British Summer Time),0.0269,0.0281,0.2157,1805117.4911628603
Tue May 21 2024 15:00:00 GMT+0100 (British Summer Time),0.0269,0.0281,0.2157,26128.24200978318
Tue May 21 2024 16:00:00 GMT+0100 (British Summer Time),0.0269,0.0281,0.2169,1137764.6061895164
Tue May 21 2024 17:00:00 GMT+0100 (British Summer Time),0.0144,0.0281,0.2162,435398.0598218793
Tue May 21 2024 18:00:00 GMT+0100 (British Summer Time),0.0295,0.0303,0.2162,2807.4624828222777
Tue May 21 2024 19:00:00 GMT+0100 (British Summer Time),0.0295,0.0281,0.2162,22455.019009061187
Tue May 21 2024 20:00:00 GMT+0100 (British Summer Time),0.0295,0.0281,0.2162,34011.23203445013
Tue May 21 2024 21:00:00 GMT+0100 (British Summer Time),0.0295,0.0281,0.2162,0
Tue May 21 2024 22:00:00 GMT+0100 (British Summer Time),0.0295,0.0276,0.2162,0
Tue May 21 2024 23:00:00 GMT+0100 (British Summer Time),0.0295,0.0276,0.2162,7402.631085511083
Wed May 22 2024 00:00:00 GMT+0100 (British Summer Time),0.0295,0.0276,0.2193,2029169.778232715
Wed May 22 2024 01:00:00 GMT+0100 (British Summer Time),0.0295,0.0276,0.2193,9861.790906755286
Wed May 22 2024 02:00:00 GMT+0100 (British Summer Time),0.0295,0.0276,0.2203,2574627.1138650486
Wed May 22 2024 03:00:00 GMT+0100 (British Summer Time),0.0295,0.0276,0.2202,88068.03109044253
Wed May 22 2024 04:00:00 GMT+0100 (British Summer Time),0.0295,0.0276,0.2202,43750.91297509077
Wed May 22 2024 05:00:00 GMT+0100 (British Summer Time),0.0295,0.0276,0.22,103028.25273765846
Wed May 22 2024 06:00:00 GMT+0100 (British Summer Time),0.0304,0.0287,0.2191,664814.9128705484
Wed May 22 2024 07:00:00 GMT+0100 (British Summer Time),0.0304,0.0282,0.2187,208146.02136716334
Wed May 22 2024 08:00:00 GMT+0100 (British Summer Time),0.0304,0.0282,0.2101,9712599.230313394
Wed May 22 2024 09:00:00 GMT+0100 (British Summer Time),0.0304,0.0282,0.2101,552.0282871154238
Wed May 22 2024 10:00:00 GMT+0100 (British Summer Time),0.0304,0.0276,0.2096,636415.792983862
Wed May 22 2024 11:00:00 GMT+0100 (British Summer Time),0.0304,0.0276,0.2101,313176.40303503774
Wed May 22 2024 12:00:00 GMT+0100 (British Summer Time),0.0304,0.0276,0.2103,231899.44712211163
Wed May 22 2024 13:00:00 GMT+0100 (British Summer Time),0.0304,0.0276,0.2098,320112.0447159762
Wed May 22 2024 14:00:00 GMT+0100 (British Summer Time),0.0304,0.0271,0.2095,208981.7030704004
Wed May 22 2024 15:00:00 GMT+0100 (British Summer Time),0.0304,0.0271,0.2095,3485.2200057852533
Wed May 22 2024 16:00:00 GMT+0100 (British Summer Time),0.0304,0.0265,0.2095,1422.7099659950552
Wed May 22 2024 17:00:00 GMT+0100 (British Summer Time),0.0304,0.0265,0.207,1700737.4711439419
Wed May 22 2024 18:00:00 GMT+0100 (British Summer Time),0.0153,0.0265,0.2069,2876931.791128135
Wed May 22 2024 19:00:00 GMT+0100 (British Summer Time),0.0309,0.0288,0.2071,117795.14002011872
Wed May 22 2024 20:00:00 GMT+0100 (British Summer Time),0.0309,0.0282,0.2075,432852.52281547524
Wed May 22 2024 21:00:00 GMT+0100 (British Summer Time),0.0309,0.0282,0.2078,188437.99167510887
Wed May 22 2024 22:00:00 GMT+0100 (British Summer Time),0.0309,0.0282,0.2081,274872.9302305353
Wed May 22 2024 23:00:00 GMT+0100 (British Summer Time),0.0309,0.0276,0.2065,1101450.4807359653
Thu May 23 2024 00:00:00 GMT+0100 (British Summer Time),0.0309,0.0276,0.2069,354469.62873884954
Thu May 23 2024 01:00:00 GMT+0100 (British Summer Time),0.0309,0.0276,0.2068,114729.46855421734
Thu May 23 2024 02:00:00 GMT+0100 (British Summer Time),0.0309,0.0276,0.2084,1026915.9709212397
Thu May 23 2024 03:00:00 GMT+0100 (British Summer Time),0.0309,0.0276,0.2086,145318.75868308454
Thu May 23 2024 04:00:00 GMT+0100 (British Summer Time),0.0309,0.0276,0.2079,419328.17477596394
Thu May 23 2024 05:00:00 GMT+0100 (British Summer Time),0.0309,0.0276,0.2157,5012747.317189535
Thu May 23 2024 06:00:00 GMT+0100 (British Summer Time),0.0153,0.0276,0.2183,1691631.3243486248
Thu May 23 2024 07:00:00 GMT+0100 (British Summer Time),0.0153,0.0276,0.2183,18876.651733613136
Thu May 23 2024 08:00:00 GMT+0100 (British Summer Time),0.0343,0.0304,0.2117,7700071.38875879
Thu May 23 2024 09:00:00 GMT+0100 (British Summer Time),0.0343,0.0304,0.2076,2695995.4768559798
Thu May 23 2024 10:00:00 GMT+0100 (British Summer Time),0.0343,0.0304,0.2076,129432.20669510032
Thu May 23 2024 11:00:00 GMT+0100 (British Summer Time),0.0343,0.0304,0.2076,259608.5839046474
Thu May 23 2024 12:00:00 GMT+0100 (British Summer Time),0.0343,0.0281,0.2076,879.1559972769999
Thu May 23 2024 13:00:00 GMT+0100 (British Summer Time),0.0343,0.0281,0.2348,31326205.822715536
Thu May 23 2024 14:00:00 GMT+0100 (British Summer Time),0.0343,0.0281,0.2164,24741933.585046336
Thu May 23 2024 15:00:00 GMT+0100 (British Summer Time),0.0343,0.0281,0.2169,6175898.016782626
Thu May 23 2024 16:00:00 GMT+0100 (British Summer Time),0.0343,0.0281,0.2165,604972.7062159267
Thu May 23 2024 17:00:00 GMT+0100 (British Summer Time),0.0343,0.0281,0.2167,310595.3454662128
Thu May 23 2024 18:00:00 GMT+0100 (British Summer Time),0.0343,0.0281,0.2169,924523.0627789788
Thu May 23 2024 19:00:00 GMT+0100 (British Summer Time),0.0334,0.0302,0.2228,4091460.932427567
Thu May 23 2024 20:00:00 GMT+0100 (British Summer Time),0.0334,0.0302,0.2213,995533.9563057552
Thu May 23 2024 21:00:00 GMT+0100 (British Summer Time),0.0334,0.0302,0.2213,1970.6247834218198
Thu May 23 2024 22:00:00 GMT+0100 (British Summer Time),0.0334,0.0302,0.2246,2214441.5972070214
Thu May 23 2024 23:00:00 GMT+0100 (British Summer Time),0.0334,0.0281,0.2246,10967.278873439509
Fri May 24 2024 00:00:00 GMT+0100 (British Summer Time),0.0334,0.0281,0.2246,0
Fri May 24 2024 01:00:00 GMT+0100 (British Summer Time),0.0334,0.0281,0.2245,56143.76461901987
Fri May 24 2024 02:00:00 GMT+0100 (British Summer Time),0.0334,0.0281,0.224,461099.5510917731
Fri May 24 2024 03:00:00 GMT+0100 (British Summer Time),0.0334,0.0281,0.224,15562.723973188355
Fri May 24 2024 04:00:00 GMT+0100 (British Summer Time),0.0334,0.0281,0.2237,316588.79342109984
Fri May 24 2024 05:00:00 GMT+0100 (British Summer Time),0.0334,0.0281,0.2235,112102.58913425669
Fri May 24 2024 06:00:00 GMT+0100 (British Summer Time),0.0334,0.0281,0.2241,851899.448736618
Fri May 24 2024 07:00:00 GMT+0100 (British Summer Time),0.0334,0.0281,0.2234,492951.93822430546
Fri May 24 2024 08:00:00 GMT+0100 (British Summer Time),0.0299,0.0304,0.2218,1037620.104822013
Fri May 24 2024 09:00:00 GMT+0100 (British Summer Time),0.0299,0.0304,0.2163,4060152.1289446047
Fri May 24 2024 10:00:00 GMT+0100 (British Summer Time),0.0299,0.0304,0.2176,1681854.7509477772
Fri May 24 2024 11:00:00 GMT+0100 (British Summer Time),0.0299,0.0304,0.2176,12604.910843658457
Fri May 24 2024 12:00:00 GMT+0100 (British Summer Time),0.0299,0.0282,0.218,317783.68848182977
Fri May 24 2024 13:00:00 GMT+0100 (British Summer Time),0.0299,0.0282,0.2165,1465892.7994599757
Fri May 24 2024 14:00:00 GMT+0100 (British Summer Time),0.0299,0.0282,0.2171,1475504.1101798378
Fri May 24 2024 15:00:00 GMT+0100 (British Summer Time),0.0299,0.0282,0.2143,1231036.9091352727
Fri May 24 2024 16:00:00 GMT+0100 (British Summer Time),0.0299,0.0282,0.2197,4506553.975332229
Fri May 24 2024 17:00:00 GMT+0100 (British Summer Time),0.0299,0.0282,0.2206,565880.8759018445
Fri May 24 2024 18:00:00 GMT+0100 (British Summer Time),0.0299,0.027,0.2221,4539971.086184297
Fri May 24 2024 19:00:00 GMT+0100 (British Summer Time),0.0153,0.027,0.2209,793442.0039664737
Fri May 24 2024 20:00:00 GMT+0100 (British Summer Time),0.0287,0.029,0.2184,2384448.1156551717
Fri May 24 2024 21:00:00 GMT+0100 (British Summer Time),0.0287,0.029,0.2184,1668.625810446381
Fri May 24 2024 22:00:00 GMT+0100 (British Summer Time),0.0287,0.029,0.2184,99291.50062311278
Fri May 24 2024 23:00:00 GMT+0100 (British Summer Time),0.0287,0.029,0.2052,12127066.097343715
Sat May 25 2024 00:00:00 GMT+0100 (British Summer Time),0.0287,0.0279,0.2121,4315210.753337051
Sat May 25 2024 01:00:00 GMT+0100 (British Summer Time),0.0287,0.0279,0.2122,22366.136443297117
Sat May 25 2024 02:00:00 GMT+0100 (British Summer Time),0.0287,0.0279,0.2147,1987510.8301132498
Sat May 25 2024 03:00:00 GMT+0100 (British Summer Time),0.0287,0.0273,0.2148,114972.18352833514
Sat May 25 2024 04:00:00 GMT+0100 (British Summer Time),0.0287,0.0273,0.215,131606.92308474472
Sat May 25 2024 05:00:00 GMT+0100 (British Summer Time),0.0287,0.0273,0.2157,454071.11878465454
Sat May 25 2024 06:00:00 GMT+0100 (British Summer Time),0.0287,0.0273,0.2159,271593.02682362974
Sat May 25 2024 07:00:00 GMT+0100 (British Summer Time),0.0287,0.0273,0.2168,883838.8847396721
Sat May 25 2024 08:00:00 GMT+0100 (British Summer Time),0.0132,0.0273,0.2168,4480.582905761641
Sat May 25 2024 09:00:00 GMT+0100 (British Summer Time),0.0255,0.0291,0.2168,19645.376082868865
Sat May 25 2024 10:00:00 GMT+0100 (British Summer Time),0.0255,0.0291,0.2162,407187.00442018075
Sat May 25 2024 11:00:00 GMT+0100 (British Summer Time),0.0255,0.0291,0.2161,108315.81353384095
Sat May 25 2024 12:00:00 GMT+0100 (British Summer Time),0.0255,0.0291,0.2161,1502.5152941395934
Sat May 25 2024 13:00:00 GMT+0100 (British Summer Time),0.0255,0.0291,0.2165,526197.7675719722
Sat May 25 2024 14:00:00 GMT+0100 (British Summer Time),0.0255,0.0291,0.2169,325940.0388447485
Sat May 25 2024 15:00:00 GMT+0100 (British Summer Time),0.0255,0.0291,0.2164,426380.75106997887
Sat May 25 2024 16:00:00 GMT+0100 (British Summer Time),0.0255,0.0268,0.2164,45979.717409353805
Sat May 25 2024 17:00:00 GMT+0100 (British Summer Time),0.0255,0.0268,0.2171,451677.56348344934
Sat May 25 2024 18:00:00 GMT+0100 (British Summer Time),0.0255,0.0268,0.2171,238244.10635690668
Sat May 25 2024 19:00:00 GMT+0100 (British Summer Time),0.0255,0.0268,0.2163,538755.7556958843
Sat May 25 2024 20:00:00 GMT+0100 (British Summer Time),0.0121,0.0268,0.2163,380579.77596970485
Sat May 25 2024 21:00:00 GMT+0100 (British Summer Time),0.026,0.0288,0.2049,11501823.163516026
Sat May 25 2024 22:00:00 GMT+0100 (British Summer Time),0.026,0.0288,0.2053,251748.51869568782
Sat May 25 2024 23:00:00 GMT+0100 (British Summer Time),0.026,0.0288,0.2065,753407.9400107473
Sun May 26 2024 00:00:00 GMT+0100 (British Summer Time),0.026,0.0288,0.207,365093.0482165889
Sun May 26 2024 01:00:00 GMT+0100 (British Summer Time),0.026,0.0288,0.2074,237715.85943516632
Sun May 26 2024 02:00:00 GMT+0100 (British Summer Time),0.026,0.0288,0.2078,240779.25751843638
Sun May 26 2024 03:00:00 GMT+0100 (British Summer Time),0.026,0.0288,0.2081,1107415.526611006
Sun May 26 2024 04:00:00 GMT+0100 (British Summer Time),0.026,0.0267,0.2081,1820.428187893521
Sun May 26 2024 05:00:00 GMT+0100 (British Summer Time),0.026,0.0267,0.2081,60585.06910592097
Sun May 26 2024 06:00:00 GMT+0100 (British Summer Time),0.026,0.0267,0.215,5375271.281514466
Sun May 26 2024 07:00:00 GMT+0100 (British Summer Time),0.026,0.0267,0.2153,223522.50030718182
Sun May 26 2024 08:00:00 GMT+0100 (British Summer Time),0.026,0.0267,0.2171,1381034.8255387817
Sun May 26 2024 09:00:00 GMT+0100 (British Summer Time),0.0255,0.0284,0.217,321324.5395333873
Sun May 26 2024 10:00:00 GMT+0100 (British Summer Time),0.0255,0.0284,0.2167,218677.65424975543
Sun May 26 2024 11:00:00 GMT+0100 (British Summer Time),0.0255,0.0284,0.2165,196615.61690807063
Sun May 26 2024 12:00:00 GMT+0100 (British Summer Time),0.0255,0.0284,0.2159,367503.934327469
Sun May 26 2024 13:00:00 GMT+0100 (British Summer Time),0.0255,0.0284,0.216,92789.4775602642
Sun May 26 2024 14:00:00 GMT+0100 (British Summer Time),0.0255,0.0284,0.2159,3777.8652982855874
Sun May 26 2024 15:00:00 GMT+0100 (British Summer Time),0.0255,0.0284,0.2159,30781.206543021977
Sun May 26 2024 16:00:00 GMT+0100 (British Summer Time),0.0255,0.0266,0.2159,3917.541119015266
Sun May 26 2024 17:00:00 GMT+0100 (British Summer Time),0.0255,0.0266,0.216,69084.6053195619
Sun May 26 2024 18:00:00 GMT+0100 (British Summer Time),0.0255,0.0266,0.2157,911607.3076083639
Sun May 26 2024 19:00:00 GMT+0100 (British Summer Time),0.0255,0.0266,0.2195,2616677.053790591
Sun May 26 2024 20:00:00 GMT+0100 (British Summer Time),0.0255,0.0266,0.2199,264133.207611367
Sun May 26 2024 21:00:00 GMT+0100 (British Summer Time),0.0116,0.0266,0.2198,27691.635003251387
Sun May 26 2024 22:00:00 GMT+0100 (British Summer Time),0.0243,0.0284,0.2249,5494428.60594935
Sun May 26 2024 23:00:00 GMT+0100 (British Summer Time),0.0243,0.0284,0.2241,596041.8035385363
Mon May 27 2024 00:00:00 GMT+0100 (British Summer Time),0.0243,0.0284,0.2251,599742.8842702255
Mon May 27 2024 01:00:00 GMT+0100 (British Summer Time),0.0243,0.0284,0.2251,50512.737318043946
Mon May 27 2024 02:00:00 GMT+0100 (British Summer Time),0.0243,0.0284,0.2277,2050154.190950139
Mon May 27 2024 03:00:00 GMT+0100 (British Summer Time),0.0243,0.0284,0.2279,180436.8678274553
Mon May 27 2024 04:00:00 GMT+0100 (British Summer Time),0.0243,0.0284,0.228,92080.36379771553
Mon May 27 2024 05:00:00 GMT+0100 (British Summer Time),0.0243,0.0264,0.2293,859369.6631842884
Mon May 27 2024 06:00:00 GMT+0100 (British Summer Time),0.0243,0.0264,0.2369,6347267.080888492
Mon May 27 2024 07:00:00 GMT+0100 (British Summer Time),0.0243,0.0264,0.2486,9293157.988658028
Mon May 27 2024 08:00:00 GMT+0100 (British Summer Time),0.0243,0.0264,0.249,1056548.2354053776
Mon May 27 2024 09:00:00 GMT+0100 (British Summer Time),0.0125,0.0264,0.2338,18312595.699755907
Mon May 27 2024 10:00:00 GMT+0100 (British Summer Time),0.0125,0.0264,0.2338,6816777.691690716
Mon May 27 2024 11:00:00 GMT+0100 (British Summer Time),0.0251,0.0282,0.235,7618842.096712334
Mon May 27 2024 12:00:00 GMT+0100 (British Summer Time),0.0251,0.0282,0.2349,5475640.644164097
Mon May 27 2024 13:00:00 GMT+0100 (British Summer Time),0.0251,0.0282,0.2307,10446769.036210956
Mon May 27 2024 14:00:00 GMT+0100 (British Summer Time),0.0251,0.0282,0.2309,141108.1092482832
Mon May 27 2024 15:00:00 GMT+0100 (British Summer Time),0.0251,0.0282,0.2375,8547836.210882463
Mon May 27 2024 16:00:00 GMT+0100 (British Summer Time),0.0251,0.0282,0.239,2748337.8170547644
Mon May 27 2024 17:00:00 GMT+0100 (British Summer Time),0.0251,0.0264,0.2387,217641.44240273535
Mon May 27 2024 18:00:00 GMT+0100 (British Summer Time),0.0251,0.0264,0.2433,3411299.6921811956
Mon May 27 2024 19:00:00 GMT+0100 (British Summer Time),0.0251,0.0264,0.2348,5654903.446236466
Mon May 27 2024 20:00:00 GMT+0100 (British Summer Time),0.0251,0.0264,0.2377,1937013.3103434457
Mon May 27 2024 21:00:00 GMT+0100 (British Summer Time),0.0251,0.0264,0.2377,0
Mon May 27 2024 22:00:00 GMT+0100 (British Summer Time),0.0257,0.0284,0.2377,1703.853537309442
Mon May 27 2024 23:00:00 GMT+0100 (British Summer Time),0.0257,0.0284,0.2377,3809.145834435522
Tue May 28 2024 00:00:00 GMT+0100 (British Summer Time),0.0257,0.0284,0.2377,34333.76153093017
Tue May 28 2024 01:00:00 GMT+0100 (British Summer Time),0.0257,0.0284,0.2377,55983.00414118456
Tue May 28 2024 02:00:00 GMT+0100 (British Summer Time),0.0257,0.0284,0.2409,2099135.6740190587
Tue May 28 2024 03:00:00 GMT+0100 (British Summer Time),0.0257,0.0284,0.24,3134605.061137988
Tue May 28 2024 04:00:00 GMT+0100 (British Summer Time),0.0257,0.0284,0.2402,855955.6564753485
Tue May 28 2024 05:00:00 GMT+0100 (British Summer Time),0.0257,0.0284,0.2401,70519.9705738527
Tue May 28 2024 06:00:00 GMT+0100 (British Summer Time),0.0257,0.0263,0.2391,681239.8989885077
Tue May 28 2024 07:00:00 GMT+0100 (British Summer Time),0.0257,0.0263,0.239,28482.4791297044
Tue May 28 2024 08:00:00 GMT+0100 (British Summer Time),0.0257,0.0263,0.239,6554.940311691379
Tue May 28 2024 09:00:00 GMT+0100 (British Summer Time),0.0257,0.0263,0.2347,4761038.979540415
Tue May 28 2024 10:00:00 GMT+0100 (British Summer Time),0.0257,0.0263,0.2347,98271.87333083665
Tue May 28 2024 11:00:00 GMT+0100 (British Summer Time),0.0264,0.0282,0.2355,586439.3246111941
Tue May 28 2024 12:00:00 GMT+0100 (British Summer Time),0.0264,0.0282,0.2342,887344.5470381731
Tue May 28 2024 13:00:00 GMT+0100 (British Summer Time),0.0264,0.0282,0.2379,2463054.579088518
Tue May 28 2024 14:00:00 GMT+0100 (British Summer Time),0.0264,0.0282,0.2376,3866201.215988077
Tue May 28 2024 15:00:00 GMT+0100 (British Summer Time),0.0264,0.0282,0.2301,8422938.493296467
Tue May 28 2024 16:00:00 GMT+0100 (British Summer Time),0.0264,0.0282,0.229,5304087.343185013
Tue May 28 2024 17:00:00 GMT+0100 (British Summer Time),0.0264,0.0282,0.229,4215.071057060316
Tue May 28 2024 18:00:00 GMT+0100 (British Summer Time),0.0264,0.026,0.2291,10241.993710324732
Tue May 28 2024 19:00:00 GMT+0100 (British Summer Time),0.0264,0.026,0.2282,575588.6658474737
Tue May 28 2024 20:00:00 GMT+0100 (British Summer Time),0.0264,0.026,0.2267,997565.6252641318
Tue May 28 2024 21:00:00 GMT+0100 (British Summer Time),0.0264,0.026,0.2309,2766888.8673046115
Tue May 28 2024 22:00:00 GMT+0100 (British Summer Time),0.0131,0.026,0.2334,1794233.2898959492
Tue May 28 2024 23:00:00 GMT+0100 (British Summer Time),0.0264,0.0279,0.234,734657.6976920087
Wed May 29 2024 00:00:00 GMT+0100 (British Summer Time),0.0264,0.0279,0.2344,426071.9024231634
Wed May 29 2024 01:00:00 GMT+0100 (British Summer Time),0.0264,0.0279,0.2338,426225.1061080574
Wed May 29 2024 02:00:00 GMT+0100 (British Summer Time),0.0264,0.0279,0.2308,2227984.0964301913
Wed May 29 2024 03:00:00 GMT+0100 (British Summer Time),0.0264,0.0279,0.2308,457379.6282854555
Wed May 29 2024 04:00:00 GMT+0100 (British Summer Time),0.0264,0.0279,0.2307,495447.9593891538
Wed May 29 2024 05:00:00 GMT+0100 (British Summer Time),0.0264,0.0279,0.2314,5866221.496266506
Wed May 29 2024 06:00:00 GMT+0100 (British Summer Time),0.0264,0.0257,0.2317,619477.2220765263
Wed May 29 2024 07:00:00 GMT+0100 (British Summer Time),0.0264,0.0257,0.2301,2271584.819362799
Wed May 29 2024 08:00:00 GMT+0100 (British Summer Time),0.0264,0.0257,0.231,1324239.7515996157
Wed May 29 2024 09:00:00 GMT+0100 (British Summer Time),0.0264,0.0257,0.231,28792.162757631908
Wed May 29 2024 10:00:00 GMT+0100 (British Summer Time),0.0264,0.0257,0.2313,180336.25086007768
Wed May 29 2024 11:00:00 GMT+0100 (British Summer Time),0.0132,0.0257,0.229,3458291.754744841
Wed May 29 2024 12:00:00 GMT+0100 (British Summer Time),0.0132,0.0257,0.2215,5151371.286906541
Wed May 29 2024 13:00:00 GMT+0100 (British Summer Time),0.0263,0.0276,0.2244,2705947.926595278
Wed May 29 2024 14:00:00 GMT+0100 (British Summer Time),0.0263,0.0276,0.2253,0
Wed May 29 2024 15:00:00 GMT+0100 (British Summer Time),0.0263,0.0276,0.2254,126421.67590812832
Wed May 29 2024 16:00:00 GMT+0100 (British Summer Time),0.0263,0.0276,0.225,286457.36916436045
Wed May 29 2024 17:00:00 GMT+0100 (British Summer Time),0.0263,0.0276,0.225,0
Wed May 29 2024 18:00:00 GMT+0100 (British Summer Time),0.0263,0.0276,0.2248,868020.7655461517
Wed May 29 2024 19:00:00 GMT+0100 (British Summer Time),0.0329,0.0263,0.2247,191290.37453396525
Wed May 29 2024 20:00:00 GMT+0100 (British Summer Time),0.0329,0.0263,0.2247,86.51411103542604
Wed May 29 2024 21:00:00 GMT+0100 (British Summer Time),0.0329,0.0263,0.2248,59422.42014968394
Wed May 29 2024 22:00:00 GMT+0100 (British Summer Time),0.0329,0.0263,0.2237,750623.3879842293
Wed May 29 2024 23:00:00 GMT+0100 (British Summer Time),0.0194,0.0263,0.2238,96396.6294211505
Thu May 30 2024 00:00:00 GMT+0100 (British Summer Time),0.026,0.0272,0.2237,39580.52247578788
Thu May 30 2024 01:00:00 GMT+0100 (British Summer Time),0.026,0.0272,0.2226,740114.6019064527
Thu May 30 2024 02:00:00 GMT+0100 (British Summer Time),0.026,0.0272,0.2228,128493.59057753575
Thu May 30 2024 03:00:00 GMT+0100 (British Summer Time),0.026,0.0272,0.2228,0
Thu May 30 2024 04:00:00 GMT+0100 (British Summer Time),0.0292,0.0277,0.2216,3055066.4385398347
Thu May 30 2024 05:00:00 GMT+0100 (British Summer Time),0.0292,0.0277,0.2217,166629.44351203943
Thu May 30 2024 06:00:00 GMT+0100 (British Summer Time),0.0292,0.0277,0.2212,693780.8816345088
Thu May 30 2024 07:00:00 GMT+0100 (British Summer Time),0.0325,0.0282,0.2212,0
Thu May 30 2024 08:00:00 GMT+0100 (British Summer Time),0.0325,0.0254,0.221,118746.66132273314
Thu May 30 2024 09:00:00 GMT+0100 (British Summer Time),0.0325,0.0254,0.2215,490615.13939081517
Thu May 30 2024 10:00:00 GMT+0100 (British Summer Time),0.0371,0.0261,0.2215,34707.3391156694
Thu May 30 2024 11:00:00 GMT+0100 (British Summer Time),0.0371,0.0261,0.2213,114254.8613044121
Thu May 30 2024 12:00:00 GMT+0100 (British Summer Time),0.0371,0.0261,0.2216,186665.40969407553
Thu May 30 2024 13:00:00 GMT+0100 (British Summer Time),0.027,0.0265,0.2214,140774.59738359472
Thu May 30 2024 14:00:00 GMT+0100 (British Summer Time),0.027,0.0265,0.2214,113.11330565163624
Thu May 30 2024 15:00:00 GMT+0100 (British Summer Time),0.027,0.0265,0.2213,201818.3621846715
Thu May 30 2024 16:00:00 GMT+0100 (British Summer Time),0.0301,0.027,0.2208,341480.88403425494
Thu May 30 2024 17:00:00 GMT+0100 (British Summer Time),0.0301,0.027,0.2208,6860.043887827151
Thu May 30 2024 18:00:00 GMT+0100 (British Summer Time),0.0301,0.027,0.2206,112000.42977668195
Thu May 30 2024 19:00:00 GMT+0100 (British Summer Time),0.0263,0.0253,0.2207,50735.21107882101
Thu May 30 2024 20:00:00 GMT+0100 (British Summer Time),0.0263,0.0253,0.2207,30215.955099923143
Thu May 30 2024 21:00:00 GMT+0100 (British Summer Time),0.0263,0.0253,0.2207,1583.4996906409244
Thu May 30 2024 22:00:00 GMT+0100 (British Summer Time),0.0263,0.0253,0.2199,747726.9890690133
Thu May 30 2024 23:00:00 GMT+0100 (British Summer Time),0.0263,0.0253,0.2199,736254.1495899984
Fri May 31 2024 00:00:00 GMT+0100 (British Summer Time),0.0197,0.0253,0.2198,36238.209186633634
Fri May 31 2024 01:00:00 GMT+0100 (British Summer Time),0.0261,0.0262,0.2198,445232.88868529705
Fri May 31 2024 02:00:00 GMT+0100 (British Summer Time),0.0261,0.0262,0.2197,40385.30812633749
Fri May 31 2024 03:00:00 GMT+0100 (British Summer Time),0.0261,0.0262,0.2197,6868.402820931536
Fri May 31 2024 04:00:00 GMT+0100 (British Summer Time),0.0261,0.0267,0.2196,29992.144278725977
Fri May 31 2024 05:00:00 GMT+0100 (British Summer Time),0.0261,0.0267,0.2199,225942.26348149733
Fri May 31 2024 06:00:00 GMT+0100 (British Summer Time),0.0261,0.0267,0.2195,742911.7883208344
Fri May 31 2024 07:00:00 GMT+0100 (British Summer Time),0.0229,0.0267,0.2195,531155.8957190792
Fri May 31 2024 08:00:00 GMT+0100 (British Summer Time),0.0255,0.0248,0.2194,1994849.0407630592
Fri May 31 2024 09:00:00 GMT+0100 (British Summer Time),0.0255,0.0248,0.2135,6050467.962778743
Fri May 31 2024 10:00:00 GMT+0100 (British Summer Time),0.021,0.0248,0.2152,9173.023006873136
Fri May 31 2024 11:00:00 GMT+0100 (British Summer Time),0.0241,0.0253,0.2155,679988.7076624171
Fri May 31 2024 12:00:00 GMT+0100 (British Summer Time),0.0241,0.0253,0.2156,137439.73143400313
Fri May 31 2024 13:00:00 GMT+0100 (British Summer Time),0.0209,0.0253,0.2154,114750.3741072102
Fri May 31 2024 14:00:00 GMT+0100 (British Summer Time),0.0238,0.0257,0.2155,88193.30713554472
Fri May 31 2024 15:00:00 GMT+0100 (British Summer Time),0.0238,0.0257,0.2155,0
Fri May 31 2024 16:00:00 GMT+0100 (British Summer Time),0.0208,0.0257,0.2155,21386.276717032997
Fri May 31 2024 17:00:00 GMT+0100 (British Summer Time),0.0242,0.0262,0.2149,409325.50285135605
Fri May 31 2024 18:00:00 GMT+0100 (British Summer Time),0.0242,0.0262,0.215,116718.47571915836
Fri May 31 2024 19:00:00 GMT+0100 (British Summer Time),0.0215,0.0262,0.216,625457.0564357787
Fri May 31 2024 20:00:00 GMT+0100 (British Summer Time),0.0247,0.0247,0.216,22068.18413312227
Fri May 31 2024 21:00:00 GMT+0100 (British Summer Time),0.0247,0.0247,0.2202,2674065.3511076136
Fri May 31 2024 22:00:00 GMT+0100 (British Summer Time),0.0281,0.0252,0.2203,544431.3409261408
Fri May 31 2024 23:00:00 GMT+0100 (British Summer Time),0.0281,0.0252,0.2204,28490.61877003817
Sat Jun 01 2024 00:00:00 GMT+0100 (British Summer Time),0.0281,0.0252,0.2249,3593427.084170881
Sat Jun 01 2024 01:00:00 GMT+0100 (British Summer Time),0.0216,0.0252,0.224,554499.3241731743
Sat Jun 01 2024 02:00:00 GMT+0100 (British Summer Time),0.0249,0.0257,0.224,6640.357358890151
Sat Jun 01 2024 03:00:00 GMT+0100 (British Summer Time),0.0249,0.0257,0.2229,734745.4697004203
Sat Jun 01 2024 04:00:00 GMT+0100 (British Summer Time),0.0217,0.0257,0.2184,4274151.716713712
Sat Jun 01 2024 05:00:00 GMT+0100 (British Summer Time),0.0247,0.0261,0.2186,133687.91627908451
Sat Jun 01 2024 06:00:00 GMT+0100 (British Summer Time),0.0247,0.0261,0.2186,209566.793678762
Sat Jun 01 2024 07:00:00 GMT+0100 (British Summer Time),0.0247,0.0261,0.2188,81412.39017721095
Sat Jun 01 2024 08:00:00 GMT+0100 (British Summer Time),0.0252,0.0265,0.2185,183263.5740296052
Sat Jun 01 2024 09:00:00 GMT+0100 (British Summer Time),0.0252,0.0248,0.2185,17143.06736807736
Sat Jun 01 2024 10:00:00 GMT+0100 (British Summer Time),0.0252,0.0248,0.2131,6525814.012557714
Sat Jun 01 2024 11:00:00 GMT+0100 (British Summer Time),0.025,0.0252,0.2137,487557.30913603026
Sat Jun 01 2024 12:00:00 GMT+0100 (British Summer Time),0.025,0.0252,0.2119,3150400.4088649782
Sat Jun 01 2024 13:00:00 GMT+0100 (British Summer Time),0.025,0.0252,0.2119,8210.449829059742
Sat Jun 01 2024 14:00:00 GMT+0100 (British Summer Time),0.0249,0.0256,0.2162,2929410.0247605
Sat Jun 01 2024 15:00:00 GMT+0100 (British Summer Time),0.0249,0.0256,0.2162,101598.69409687698
Sat Jun 01 2024 16:00:00 GMT+0100 (British Summer Time),0.0249,0.0256,0.2162,38017.302544071164
Sat Jun 01 2024 17:00:00 GMT+0100 (British Summer Time),0.025,0.0261,0.2165,178685.08184024107
Sat Jun 01 2024 18:00:00 GMT+0100 (British Summer Time),0.025,0.0261,0.2165,17762.287574120277
Sat Jun 01 2024 19:00:00 GMT+0100 (British Summer Time),0.025,0.0261,0.2165,26669.20677507155
Sat Jun 01 2024 20:00:00 GMT+0100 (British Summer Time),0.0251,0.0266,0.2124,3667522.842841245
Sat Jun 01 2024 21:00:00 GMT+0100 (British Summer Time),0.0251,0.0246,0.2146,1437684.5712502738
Sat Jun 01 2024 22:00:00 GMT+0100 (British Summer Time),0.0218,0.0246,0.216,911039.7593243271
Sat Jun 01 2024 23:00:00 GMT+0100 (British Summer Time),0.0249,0.025,0.2183,1454992.307180176
Sun Jun 02 2024 00:00:00 GMT+0100 (British Summer Time),0.0249,0.025,0.2183,36986.83659270852
Sun Jun 02 2024 01:00:00 GMT+0100 (British Summer Time),0.0249,0.025,0.2188,324652.73960880935
Sun Jun 02 2024 02:00:00 GMT+0100 (British Summer Time),0.0252,0.0255,0.2188,1611.062327899632
Sun Jun 02 2024 03:00:00 GMT+0100 (British Summer Time),0.0252,0.0255,0.2186,81450.10453299098
Sun Jun 02 2024 04:00:00 GMT+0100 (British Summer Time),0.0252,0.0255,0.2187,7001.56821854197
Sun Jun 02 2024 05:00:00 GMT+0100 (British Summer Time),0.0222,0.0255,0.2186,53851.512393340956
Sun Jun 02 2024 06:00:00 GMT+0100 (British Summer Time),0.0255,0.026,0.2186,9.17699140187458
Sun Jun 02 2024 07:00:00 GMT+0100 (British Summer Time),0.0255,0.026,0.2186,79436.64444868955
Sun Jun 02 2024 08:00:00 GMT+0100 (British Summer Time),0.0223,0.026,0.2193,638623.7209652041
Sun Jun 02 2024 09:00:00 GMT+0100 (British Summer Time),0.0254,0.0248,0.2192,51585.70413229273
Sun Jun 02 2024 10:00:00 GMT+0100 (British Summer Time),0.0254,0.0248,0.2192,811.0132531281174
Sun Jun 02 2024 11:00:00 GMT+0100 (British Summer Time),0.0256,0.0252,0.2223,5179451.563991587
Sun Jun 02 2024 12:00:00 GMT+0100 (British Summer Time),0.0256,0.0252,0.2214,558975.088515769
Sun Jun 02 2024 13:00:00 GMT+0100 (British Summer Time),0.0256,0.0252,0.2214,17122.429062215066
Sun Jun 02 2024 14:00:00 GMT+0100 (British Summer Time),0.0227,0.0252,0.2214,86804.17450893013
Sun Jun 02 2024 15:00:00 GMT+0100 (British Summer Time),0.0257,0.0256,0.2193,1381564.7539691485
Sun Jun 02 2024 16:00:00 GMT+0100 (British Summer Time),0.0257,0.0256,0.2193,33919.12978665149
Sun Jun 02 2024 17:00:00 GMT+0100 (British Summer Time),0.0221,0.0256,0.2277,6651266.344931383
Sun Jun 02 2024 18:00:00 GMT+0100 (British Summer Time),0.0256,0.0261,0.2218,6927457.317124333
Sun Jun 02 2024 19:00:00 GMT+0100 (British Summer Time),0.0256,0.0261,0.2249,1946531.8625870277
Sun Jun 02 2024 20:00:00 GMT+0100 (British Summer Time),0.0223,0.0261,0.2261,757874.7467881072
Sun Jun 02 2024 21:00:00 GMT+0100 (British Summer Time),0.0253,0.0265,0.2259,82982.7250431659
Sun Jun 02 2024 22:00:00 GMT+0100 (British Summer Time),0.0253,0.0247,0.2239,1288896.1966957054
Sun Jun 02 2024 23:00:00 GMT+0100 (British Summer Time),0.0222,0.0247,0.2229,638223.8517079253
Mon Jun 03 2024 00:00:00 GMT+0100 (British Summer Time),0.0222,0.0247,0.2229,40842.680323297594
Mon Jun 03 2024 01:00:00 GMT+0100 (British Summer Time),0.0254,0.0252,0.2187,3543584.2324057855
Mon Jun 03 2024 02:00:00 GMT+0100 (British Summer Time),0.0217,0.0252,0.2193,419010.7287321449
Mon Jun 03 2024 03:00:00 GMT+0100 (British Summer Time),0.0217,0.0252,0.2193,11012.129751032382
Mon Jun 03 2024 04:00:00 GMT+0100 (British Summer Time),0.0251,0.0256,0.2193,12056.8011212201
Mon Jun 03 2024 05:00:00 GMT+0100 (British Summer Time),0.0251,0.0256,0.2192,46155.218237940826
Mon Jun 03 2024 06:00:00 GMT+0100 (British Summer Time),0.0218,0.0256,0.2195,226846.11562000937
Mon Jun 03 2024 07:00:00 GMT+0100 (British Summer Time),0.0249,0.0261,0.2198,239917.1185269639
Mon Jun 03 2024 08:00:00 GMT+0100 (British Summer Time),0.0249,0.0261,0.2177,4200827.928593409
Mon Jun 03 2024 09:00:00 GMT+0100 (British Summer Time),0.0218,0.0261,0.2131,4651478.688778085
Mon Jun 03 2024 10:00:00 GMT+0100 (British Summer Time),0.0218,0.0261,0.2191,4726522.148470609
Mon Jun 03 2024 11:00:00 GMT+0100 (British Summer Time),0.0189,0.0243,0.219,382098.70599288645
Mon Jun 03 2024 12:00:00 GMT+0100 (British Summer Time),0.0189,0.0243,0.2189,88505.04724959368
Mon Jun 03 2024 13:00:00 GMT+0100 (British Summer Time),0.0189,0.0243,0.22,734514.794364182
Mon Jun 03 2024 14:00:00 GMT+0100 (British Summer Time),0.0189,0.0243,0.2199,58991.67842330625
Mon Jun 03 2024 15:00:00 GMT+0100 (British Summer Time),0.0223,0.0252,0.2207,802859.8952276382
Mon Jun 03 2024 16:00:00 GMT+0100 (British Summer Time),0.0223,0.0252,0.2207,3059.8121450078515
Mon Jun 03 2024 17:00:00 GMT+0100 (British Summer Time),0.0223,0.0252,0.2207,632006.273865577
Mon Jun 03 2024 18:00:00 GMT+0100 (British Summer Time),0.0189,0.0252,0.2056,59177263.87292454
Mon Jun 03 2024 19:00:00 GMT+0100 (British Summer Time),0.0189,0.0252,0.2088,2022849.5526713142
Mon Jun 03 2024 20:00:00 GMT+0100 (British Summer Time),0.0189,0.0252,0.1958,23879549.003843535
Mon Jun 03 2024 21:00:00 GMT+0100 (British Summer Time),0.0159,0.0252,0.1971,1395915.0880828437
Mon Jun 03 2024 22:00:00 GMT+0100 (British Summer Time),0.0254,0.0247,0.1988,1133902.6419560744
Mon Jun 03 2024 23:00:00 GMT+0100 (British Summer Time),0.0254,0.0247,0.2071,5468971.450177483
Tue Jun 04 2024 00:00:00 GMT+0100 (British Summer Time),0.0254,0.0247,0.2166,9323549.31217303
Tue Jun 04 2024 01:00:00 GMT+0100 (British Summer Time),0.0255,0.0251,0.2166,28051.002408258486
Tue Jun 04 2024 02:00:00 GMT+0100 (British Summer Time),0.0255,0.0251,0.2166,77677.55735248837
Tue Jun 04 2024 03:00:00 GMT+0100 (British Summer Time),0.0255,0.0251,0.2168,193433.9136376408
Tue Jun 04 2024 04:00:00 GMT+0100 (British Summer Time),0.0252,0.0256,0.2172,636899.2243504494
Tue Jun 04 2024 05:00:00 GMT+0100 (British Summer Time),0.0252,0.0256,0.2162,973728.2733287904
Tue Jun 04 2024 06:00:00 GMT+0100 (British Summer Time),0.0252,0.0256,0.2158,265581.6719040012
Tue Jun 04 2024 07:00:00 GMT+0100 (British Summer Time),0.022,0.0256,0.2154,255087.08418661286
Tue Jun 04 2024 08:00:00 GMT+0100 (British Summer Time),0.0248,0.026,0.2082,14348520.326845486
Tue Jun 04 2024 09:00:00 GMT+0100 (British Summer Time),0.0248,0.026,0.2131,961248.8293286131
Tue Jun 04 2024 10:00:00 GMT+0100 (British Summer Time),0.0248,0.026,0.2093,3432349.3221695046
Tue Jun 04 2024 11:00:00 GMT+0100 (British Summer Time),0.0277,0.0245,0.1999,13396908.280911282
Tue Jun 04 2024 12:00:00 GMT+0100 (British Summer Time),0.0277,0.0245,0.2053,3358209.172741134
Tue Jun 04 2024 13:00:00 GMT+0100 (British Summer Time),0.0277,0.0245,0.2031,3991043.0494402824
Tue Jun 04 2024 14:00:00 GMT+0100 (British Summer Time),0.0277,0.0245,0.2046,10339464.599004764
Tue Jun 04 2024 15:00:00 GMT+0100 (British Summer Time),0.0212,0.0245,0.2059,996631.9269619334
Tue Jun 04 2024 16:00:00 GMT+0100 (British Summer Time),0.0212,0.0245,0.2065,634545.1515598499
Tue Jun 04 2024 17:00:00 GMT+0100 (British Summer Time),0.0212,0.0245,0.2037,1758213.5794824855
Tue Jun 04 2024 18:00:00 GMT+0100 (British Summer Time),0.0212,0.0245,0.1889,66596649.06830691
Tue Jun 04 2024 19:00:00 GMT+0100 (British Summer Time),0.0212,0.0245,0.1912,1565095.7413676209
Tue Jun 04 2024 20:00:00 GMT+0100 (British Summer Time),0.0212,0.0245,0.1908,240889.97022527462
Tue Jun 04 2024 21:00:00 GMT+0100 (British Summer Time),0.0212,0.0245,0.1931,1405889.0377550258
Tue Jun 04 2024 22:00:00 GMT+0100 (British Summer Time),0.0117,0.0245,0.1981,3172888.9633624475
Tue Jun 04 2024 23:00:00 GMT+0100 (British Summer Time),0.0117,0.0226,0.1994,787538.2402360053
Wed Jun 05 2024 00:00:00 GMT+0100 (British Summer Time),0.0117,0.0226,0.1994,0
Wed Jun 05 2024 01:00:00 GMT+0100 (British Summer Time),0.0243,0.0248,0.1995,72382.01063132024
Wed Jun 05 2024 02:00:00 GMT+0100 (British Summer Time),0.0243,0.0248,0.2017,1684268.7027728353
Wed Jun 05 2024 03:00:00 GMT+0100 (British Summer Time),0.0243,0.0248,0.2033,1172726.8008000683
Wed Jun 05 2024 04:00:00 GMT+0100 (British Summer Time),0.0213,0.0248,0.196,10271303.146664249
Wed Jun 05 2024 05:00:00 GMT+0100 (British Summer Time),0.0244,0.0253,0.1954,970306.282659373
Wed Jun 05 2024 06:00:00 GMT+0100 (British Summer Time),0.0244,0.0253,0.1967,914256.5708326957
Wed Jun 05 2024 07:00:00 GMT+0100 (British Summer Time),0.0244,0.0253,0.1966,49164.34738658595
Wed Jun 05 2024 08:00:00 GMT+0100 (British Summer Time),0.0246,0.0257,0.194,3668564.6868089903
Wed Jun 05 2024 09:00:00 GMT+0100 (British Summer Time),0.0246,0.0257,0.1966,3336723.9881970235
Wed Jun 05 2024 10:00:00 GMT+0100 (British Summer Time),0.0246,0.0257,0.1962,314887.3259416595
Wed Jun 05 2024 11:00:00 GMT+0100 (British Summer Time),0.0218,0.0257,0.1961,91325.69850082468
Wed Jun 05 2024 12:00:00 GMT+0100 (British Summer Time),0.025,0.0262,0.1972,6210040.900777409
Wed Jun 05 2024 13:00:00 GMT+0100 (British Summer Time),0.025,0.0243,0.1972,0
Wed Jun 05 2024 14:00:00 GMT+0100 (British Summer Time),0.025,0.0243,0.1967,303581.60256115097
Wed Jun 05 2024 15:00:00 GMT+0100 (British Summer Time),0.0278,0.0247,0.1968,165536.6357037585
Wed Jun 05 2024 16:00:00 GMT+0100 (British Summer Time),0.0278,0.0247,0.1965,406637.33534618054
Wed Jun 05 2024 17:00:00 GMT+0100 (British Summer Time),0.0278,0.0247,0.1952,572351.4535881274
Wed Jun 05 2024 18:00:00 GMT+0100 (British Summer Time),0.0312,0.0242,0.1952,3318.8652215646975
Wed Jun 05 2024 19:00:00 GMT+0100 (British Summer Time),0.0312,0.0242,0.1952,0
Wed Jun 05 2024 20:00:00 GMT+0100 (British Summer Time),0.0312,0.0242,0.1969,1038359.8157239275
Wed Jun 05 2024 21:00:00 GMT+0100 (British Summer Time),0.0342,0.0247,0.1969,20703.094322412508
Wed Jun 05 2024 22:00:00 GMT+0100 (British Summer Time),0.0342,0.0247,0.1969,0
Wed Jun 05 2024 23:00:00 GMT+0100 (British Summer Time),0.0342,0.0247,0.1959,1861358.553715129
Thu Jun 06 2024 00:00:00 GMT+0100 (British Summer Time),0.0376,0.0242,0.1959,41.36584482827132
Thu Jun 06 2024 01:00:00 GMT+0100 (British Summer Time),0.0217,0.0242,0.1959,0
Thu Jun 06 2024 02:00:00 GMT+0100 (British Summer Time),0.0217,0.0242,0.1966,480473.76226453506
Thu Jun 06 2024 03:00:00 GMT+0100 (British Summer Time),0.0217,0.0242,0.1966,482260.709778182
Thu Jun 06 2024 04:00:00 GMT+0100 (British Summer Time),0.0217,0.0237,0.1974,0
Thu Jun 06 2024 05:00:00 GMT+0100 (British Summer Time),0.0185,0.0237,0.1988,1159693.3905624545
Thu Jun 06 2024 06:00:00 GMT+0100 (British Summer Time),0.0185,0.0237,0.1992,219836.8105694663
Thu Jun 06 2024 07:00:00 GMT+0100 (British Summer Time),0.0185,0.0233,0.1836,31840832.39753115
Thu Jun 06 2024 08:00:00 GMT+0100 (British Summer Time),0.0155,0.0233,0.1836,2124471.150389543
Thu Jun 06 2024 09:00:00 GMT+0100 (British Summer Time),0.0155,0.0233,0.1853,5273393.496092441
Thu Jun 06 2024 10:00:00 GMT+0100 (British Summer Time),0.0155,0.0226,0.1852,115594.89316047318
Thu Jun 06 2024 11:00:00 GMT+0100 (British Summer Time),0.0155,0.0226,0.1807,5786707.081215512
Thu Jun 06 2024 12:00:00 GMT+0100 (British Summer Time),0.0143,0.0229,0.1844,2908704.1483778134
Thu Jun 06 2024 13:00:00 GMT+0100 (British Summer Time),0.0143,0.0224,0.1847,175140.61093785331
Thu Jun 06 2024 14:00:00 GMT+0100 (British Summer Time),0.0179,0.023,0.1844,212150.0132154731
Thu Jun 06 2024 15:00:00 GMT+0100 (British Summer Time),0.0151,0.023,0.1907,4633399.909128928
Thu Jun 06 2024 16:00:00 GMT+0100 (British Summer Time),0.0151,0.0225,0.1852,41386991.81080438
Thu Jun 06 2024 17:00:00 GMT+0100 (British Summer Time),0.0151,0.0225,0.187,2016347.0552266734
Thu Jun 06 2024 18:00:00 GMT+0100 (British Summer Time),0.0118,0.0225,0.1841,2047735.4874944196
Thu Jun 06 2024 19:00:00 GMT+0100 (British Summer Time),0.0118,0.0222,0.1841,0
Thu Jun 06 2024 20:00:00 GMT+0100 (British Summer Time),0.0118,0.0222,0.1841,0
Thu Jun 06 2024 21:00:00 GMT+0100 (British Summer Time),0.0089,0.0222,0.1839,132936.21048272462
Thu Jun 06 2024 22:00:00 GMT+0100 (British Summer Time),0.0089,0.0222,0.1848,530832.6845410793
Thu Jun 06 2024 23:00:00 GMT+0100 (British Summer Time),0.0201,0.0238,0.1967,15686987.487160757
Fri Jun 07 2024 00:00:00 GMT+0100 (British Summer Time),0.0167,0.0238,0.1964,157012.73535787282
Fri Jun 07 2024 01:00:00 GMT+0100 (British Summer Time),0.0167,0.0229,0.1998,2614781.8833093117
Fri Jun 07 2024 02:00:00 GMT+0100 (British Summer Time),0.0167,0.0229,0.1997,174883.68923404627
Fri Jun 07 2024 03:00:00 GMT+0100 (British Summer Time),0.0206,0.0234,0.1981,1057994.830192919
Fri Jun 07 2024 04:00:00 GMT+0100 (British Summer Time),0.0218,0.0231,0.1989,606173.7252815266
Fri Jun 07 2024 05:00:00 GMT+0100 (British Summer Time),0.0231,0.0233,0.1999,1013487.5747046204
Fri Jun 07 2024 06:00:00 GMT+0100 (British Summer Time),0.0245,0.0235,0.201,693488.9950350478
Fri Jun 07 2024 07:00:00 GMT+0100 (British Summer Time),0.0245,0.0235,0.2007,184701.771078481
Fri Jun 07 2024 08:00:00 GMT+0100 (British Summer Time),0.0264,0.0234,0.1956,7217057.223635586
Fri Jun 07 2024 09:00:00 GMT+0100 (British Summer Time),0.0264,0.0234,0.1949,501307.3138505081
Fri Jun 07 2024 10:00:00 GMT+0100 (British Summer Time),0.0264,0.0234,0.1951,300053.94691321434
Fri Jun 07 2024 11:00:00 GMT+0100 (British Summer Time),0.0264,0.023,0.1946,307933.9562970672
Fri Jun 07 2024 12:00:00 GMT+0100 (British Summer Time),0.0245,0.023,0.1972,1685077.5054105099
Fri Jun 07 2024 13:00:00 GMT+0100 (British Summer Time),0.0305,0.0238,0.197,106746.54104109539
Fri Jun 07 2024 14:00:00 GMT+0100 (British Summer Time),0.0268,0.0234,0.1885,51704538.21456544
Fri Jun 07 2024 15:00:00 GMT+0100 (British Summer Time),0.0268,0.0234,0.1961,5241782.927555829
Fri Jun 07 2024 16:00:00 GMT+0100 (British Summer Time),0.0309,0.024,0.1961,22683.71509749827
Fri Jun 07 2024 17:00:00 GMT+0100 (British Summer Time),0.0309,0.0235,0.1961,1137.3706631208074
Fri Jun 07 2024 18:00:00 GMT+0100 (British Summer Time),0.0309,0.0235,0.1947,916640.6954339768
Fri Jun 07 2024 23:00:00 GMT+0100 (British Summer Time),0.0291,0.0239,0.1937,1124472.8019188766
Sat Jun 08 2024 00:00:00 GMT+0100 (British Summer Time),0.0291,0.0239,0.1937,15.520754876954276
Sat Jun 08 2024 01:00:00 GMT+0100 (British Summer Time),0.0311,0.0242,0.1943,1943098.9764319113
Sat Jun 08 2024 02:00:00 GMT+0100 (British Summer Time),0.0311,0.0237,0.1943,12088.847335747907
Sat Jun 08 2024 03:00:00 GMT+0100 (British Summer Time),0.0292,0.024,0.1936,487380.7464570947
Sat Jun 08 2024 04:00:00 GMT+0100 (British Summer Time),0.028,0.024,0.1887,20772273.283689685
Sat Jun 08 2024 05:00:00 GMT+0100 (British Summer Time),0.0267,0.0236,0.191,1503215.4534173815
Sat Jun 08 2024 06:00:00 GMT+0100 (British Summer Time),0.0293,0.0242,0.191,29795.056334256868
Sat Jun 08 2024 07:00:00 GMT+0100 (British Summer Time),0.0293,0.0242,0.1912,375699.73924567876
Sat Jun 08 2024 08:00:00 GMT+0100 (British Summer Time),0.0274,0.0237,0.1922,6267529.8736358415
Sat Jun 08 2024 09:00:00 GMT+0100 (British Summer Time),0.0274,0.0237,0.1922,73688.26664286364
Sat Jun 08 2024 10:00:00 GMT+0100 (British Summer Time),0.0274,0.0237,0.1922,63706.59965863986
Sat Jun 08 2024 11:00:00 GMT+0100 (British Summer Time),0.0274,0.0233,0.1899,1473041.77839533
Sat Jun 08 2024 12:00:00 GMT+0100 (British Summer Time),0.0274,0.0233,0.1907,1143957.5943019725
Sat Jun 08 2024 13:00:00 GMT+0100 (British Summer Time),0.0213,0.0233,0.191,209652.6659421406
Sat Jun 08 2024 14:00:00 GMT+0100 (British Summer Time),0.0213,0.0229,0.1908,144381.78183601488
Sat Jun 08 2024 15:00:00 GMT+0100 (British Summer Time),0.0213,0.0229,0.1936,1756192.3995493266
Sat Jun 08 2024 16:00:00 GMT+0100 (British Summer Time),0.0173,0.0229,0.1971,4498919.181376721
Sat Jun 08 2024 17:00:00 GMT+0100 (British Summer Time),0.0173,0.0224,0.203,6180041.059912252
Sat Jun 08 2024 18:00:00 GMT+0100 (British Summer Time),0.0315,0.0244,0.2032,253839.44379704408
Sat Jun 08 2024 19:00:00 GMT+0100 (British Summer Time),0.0315,0.0244,0.2017,1570139.3662226782
Sat Jun 08 2024 20:00:00 GMT+0100 (British Summer Time),0.0315,0.0239,0.196,5146046.282006841
Sat Jun 08 2024 21:00:00 GMT+0100 (British Summer Time),0.0276,0.0239,0.196,1866.478044430993
Sat Jun 08 2024 22:00:00 GMT+0100 (British Summer Time),0.0238,0.0239,0.1964,220894.360730441
Sat Jun 08 2024 23:00:00 GMT+0100 (British Summer Time),0.0218,0.0235,0.1965,114629.52990577466
Sun Jun 09 2024 00:00:00 GMT+0100 (British Summer Time),0.0218,0.0235,0.1965,0
Sun Jun 09 2024 01:00:00 GMT+0100 (British Summer Time),0.0199,0.0235,0.1965,12889.225822128887
Sun Jun 09 2024 02:00:00 GMT+0100 (British Summer Time),0.0199,0.023,0.1969,248100.10171799926
Sun Jun 09 2024 03:00:00 GMT+0100 (British Summer Time),0.0294,0.0246,0.198,724738.2600913943
Sun Jun 09 2024 04:00:00 GMT+0100 (British Summer Time),0.0311,0.0249,0.198,4948.388663933875
Sun Jun 09 2024 05:00:00 GMT+0100 (British Summer Time),0.0311,0.0249,0.1989,561695.7040222923
Sun Jun 09 2024 06:00:00 GMT+0100 (British Summer Time),0.0287,0.0246,0.1989,37485.25392169655
Sun Jun 09 2024 07:00:00 GMT+0100 (British Summer Time),0.0287,0.0246,0.1979,1408262.807004922
Sun Jun 09 2024 08:00:00 GMT+0100 (British Summer Time),0.0302,0.0248,0.198,49857.13866331875
Sun Jun 09 2024 09:00:00 GMT+0100 (British Summer Time),0.0302,0.0244,0.1978,2917626.248329859
Sun Jun 09 2024 10:00:00 GMT+0100 (British Summer Time),0.0302,0.0244,0.1966,3296780.221852687
Sun Jun 09 2024 11:00:00 GMT+0100 (British Summer Time),0.0332,0.0244,0.1967,63664.08460216937
Sun Jun 09 2024 12:00:00 GMT+0100 (British Summer Time),0.0332,0.0244,0.1966,94939.87827685865
Sun Jun 09 2024 13:00:00 GMT+0100 (British Summer Time),0.0348,0.0246,0.1966,0
Sun Jun 09 2024 14:00:00 GMT+0100 (British Summer Time),0.0348,0.0246,0.1952,1029591.3212298668
Sun Jun 09 2024 15:00:00 GMT+0100 (British Summer Time),0.0348,0.0242,0.1949,184259.7770137975
Sun Jun 09 2024 16:00:00 GMT+0100 (British Summer Time),0.0348,0.0242,0.1949,0
Sun Jun 09 2024 17:00:00 GMT+0100 (British Summer Time),0.0348,0.0242,0.195,87981.7173630177
Sun Jun 09 2024 18:00:00 GMT+0100 (British Summer Time),0.0206,0.0237,0.1957,426814.3435755757
Sun Jun 09 2024 19:00:00 GMT+0100 (British Summer Time),0.0276,0.0247,0.1956,200346.8738667193
Sun Jun 09 2024 20:00:00 GMT+0100 (British Summer Time),0.0276,0.0247,0.1948,625075.889872578
Sun Jun 09 2024 21:00:00 GMT+0100 (British Summer Time),0.0291,0.0245,0.1949,235567.71027416992
Sun Jun 09 2024 22:00:00 GMT+0100 (British Summer Time),0.0308,0.0247,0.1949,0
Sun Jun 09 2024 23:00:00 GMT+0100 (British Summer Time),0.0308,0.0247,0.1951,119289.95734169518
Mon Jun 10 2024 00:00:00 GMT+0100 (British Summer Time),0.0308,0.0247,0.195,147835.52998460107
Mon Jun 10 2024 01:00:00 GMT+0100 (British Summer Time),0.0308,0.0243,0.195,2981.270724121657
Mon Jun 10 2024 02:00:00 GMT+0100 (British Summer Time),0.0308,0.0243,0.1972,1377948.383374169
Mon Jun 10 2024 03:00:00 GMT+0100 (British Summer Time),0.0241,0.025,0.1972,30098.48319430219
Mon Jun 10 2024 04:00:00 GMT+0100 (British Summer Time),0.0224,0.0245,0.1971,42012.155417271344
Mon Jun 10 2024 05:00:00 GMT+0100 (British Summer Time),0.0244,0.0248,0.192,4720893.883067042
Mon Jun 10 2024 06:00:00 GMT+0100 (British Summer Time),0.0229,0.0248,0.188,4659527.894272408
Mon Jun 10 2024 07:00:00 GMT+0100 (British Summer Time),0.0229,0.0243,0.163,47054711.55761184
Mon Jun 10 2024 08:00:00 GMT+0100 (British Summer Time),0.0213,0.0243,0.1688,4562267.673679683
Mon Jun 10 2024 09:00:00 GMT+0100 (British Summer Time),0.0267,0.0251,0.1703,885703.8373129504
Mon Jun 10 2024 10:00:00 GMT+0100 (British Summer Time),0.0267,0.0251,0.1703,731.024548383685
Mon Jun 10 2024 11:00:00 GMT+0100 (British Summer Time),0.0252,0.0253,0.1813,6763489.990174314
Mon Jun 10 2024 12:00:00 GMT+0100 (British Summer Time),0.0252,0.0253,0.1815,134702.1773497314
Mon Jun 10 2024 13:00:00 GMT+0100 (British Summer Time),0.0236,0.0253,0.1814,18632.507385628138
Mon Jun 10 2024 14:00:00 GMT+0100 (British Summer Time),0.0236,0.0253,0.1823,709573.8602510006
Mon Jun 10 2024 15:00:00 GMT+0100 (British Summer Time),0.0236,0.0244,0.1823,3334.8701391277054
Mon Jun 10 2024 16:00:00 GMT+0100 (British Summer Time),0.0236,0.0244,0.1792,2521874.44419359
Mon Jun 10 2024 17:00:00 GMT+0100 (British Summer Time),0.0236,0.0244,0.1792,935.5003272959218
Mon Jun 10 2024 18:00:00 GMT+0100 (British Summer Time),0.0236,0.0244,0.1788,2981798.952070987
Mon Jun 10 2024 19:00:00 GMT+0100 (British Summer Time),0.0166,0.0244,0.179,132435.1896142418
Mon Jun 10 2024 20:00:00 GMT+0100 (British Summer Time),0.0166,0.0244,0.179,75017.03955826096
Mon Jun 10 2024 21:00:00 GMT+0100 (British Summer Time),0.0151,0.0244,0.179,0
Mon Jun 10 2024 22:00:00 GMT+0100 (British Summer Time),0.0254,0.0247,0.1789,30260.50025744411
Mon Jun 10 2024 23:00:00 GMT+0100 (British Summer Time),0.0254,0.0247,0.1787,110044.82618392994
Tue Jun 11 2024 00:00:00 GMT+0100 (British Summer Time),0.027,0.0249,0.1787,364282.60139102564
Tue Jun 11 2024 01:00:00 GMT+0100 (British Summer Time),0.0286,0.0247,0.1781,1221658.095753444
Tue Jun 11 2024 02:00:00 GMT+0100 (British Summer Time),0.0286,0.0247,0.1749,2096206.706927123
Tue Jun 11 2024 03:00:00 GMT+0100 (British Summer Time),0.0254,0.0249,0.1759,621448.9690250986
Tue Jun 11 2024 04:00:00 GMT+0100 (British Summer Time),0.0273,0.0248,0.1753,514419.41164109
Tue Jun 11 2024 05:00:00 GMT+0100 (British Summer Time),0.0253,0.0248,0.1678,7995317.747680591
Tue Jun 11 2024 06:00:00 GMT+0100 (British Summer Time),0.0274,0.0251,0.1694,1218664.8684790304
Tue Jun 11 2024 07:00:00 GMT+0100 (British Summer Time),0.0293,0.0254,0.1692,116147.30368043297
Tue Jun 11 2024 08:00:00 GMT+0100 (British Summer Time),0.0293,0.025,0.1696,211675.91131261725
Tue Jun 11 2024 09:00:00 GMT+0100 (British Summer Time),0.0239,0.025,0.1699,352808.220360097
Tue Jun 11 2024 10:00:00 GMT+0100 (British Summer Time),0.0239,0.025,0.1722,1376394.1803634895
Tue Jun 11 2024 11:00:00 GMT+0100 (British Summer Time),0.0262,0.0251,0.1707,908973.7880081764
Tue Jun 11 2024 12:00:00 GMT+0100 (British Summer Time),0.0277,0.0253,0.1707,179.61508919703326
Tue Jun 11 2024 13:00:00 GMT+0100 (British Summer Time),0.0277,0.0253,0.1713,385706.4697744935
Tue Jun 11 2024 14:00:00 GMT+0100 (British Summer Time),0.0292,0.0255,0.1713,0
Tue Jun 11 2024 15:00:00 GMT+0100 (British Summer Time),0.0292,0.0255,0.1719,400990.8727899004
Tue Jun 11 2024 16:00:00 GMT+0100 (British Summer Time),0.0312,0.0258,0.1719,2349.429943538138
Tue Jun 11 2024 17:00:00 GMT+0100 (British Summer Time),0.0332,0.0261,0.1714,797183.5580139696
Tue Jun 11 2024 18:00:00 GMT+0100 (British Summer Time),0.0332,0.0261,0.1714,38046.103181841005
Tue Jun 11 2024 19:00:00 GMT+0100 (British Summer Time),0.0352,0.0264,0.1711,207781.60465944072
Tue Jun 11 2024 20:00:00 GMT+0100 (British Summer Time),0.0372,0.0266,0.1715,257259.42586854112
Tue Jun 11 2024 21:00:00 GMT+0100 (British Summer Time),0.0372,0.0266,0.1725,580613.0369460597
Tue Jun 11 2024 22:00:00 GMT+0100 (British Summer Time),0.0272,0.0269,0.1636,11128862.529663086
Tue Jun 11 2024 23:00:00 GMT+0100 (British Summer Time),0.0292,0.0272,0.1638,631784.0066634251
Wed Jun 12 2024 00:00:00 GMT+0100 (British Summer Time),0.0276,0.0272,0.1676,12990026.244921459
Wed Jun 12 2024 01:00:00 GMT+0100 (British Summer Time),0.026,0.025,0.1682,376452.08696094225
Wed Jun 12 2024 02:00:00 GMT+0100 (British Summer Time),0.026,0.025,0.1673,748259.4239654914
Wed Jun 12 2024 03:00:00 GMT+0100 (British Summer Time),0.028,0.0255,0.1678,274500.1942836177
Wed Jun 12 2024 04:00:00 GMT+0100 (British Summer Time),0.0277,0.0257,0.1691,712280.6933096921
Wed Jun 12 2024 05:00:00 GMT+0100 (British Summer Time),0.0277,0.0252,0.169,39685.23432109361
Wed Jun 12 2024 06:00:00 GMT+0100 (British Summer Time),0.0272,0.0255,0.1691,9152.078689785641
Wed Jun 12 2024 07:00:00 GMT+0100 (British Summer Time),0.0253,0.0255,0.1693,139030.1971919921
Wed Jun 12 2024 08:00:00 GMT+0100 (British Summer Time),0.0269,0.0253,0.1697,640783.8485996408
Wed Jun 12 2024 09:00:00 GMT+0100 (British Summer Time),0.0284,0.0255,0.1698,43494.87008812944
Wed Jun 12 2024 10:00:00 GMT+0100 (British Summer Time),0.0284,0.0255,0.1692,352174.64886737196
Wed Jun 12 2024 11:00:00 GMT+0100 (British Summer Time),0.0247,0.0255,0.1692,0
Wed Jun 12 2024 12:00:00 GMT+0100 (British Summer Time),0.0264,0.0255,0.1695,832721.482570547
Wed Jun 12 2024 13:00:00 GMT+0100 (British Summer Time),0.0264,0.0255,0.1708,112384.0667246071
Wed Jun 12 2024 14:00:00 GMT+0100 (British Summer Time),0.0264,0.0257,0.1757,3032092.16813146
Wed Jun 12 2024 15:00:00 GMT+0100 (British Summer Time),0.0264,0.0253,0.1757,1256.9009170259092
Wed Jun 12 2024 16:00:00 GMT+0100 (British Summer Time),0.0264,0.0256,0.1757,215.08809394070107
Wed Jun 12 2024 17:00:00 GMT+0100 (British Summer Time),0.0262,0.0258,0.1757,0
Wed Jun 12 2024 18:00:00 GMT+0100 (British Summer Time),0.0262,0.0254,0.1791,2053702.709623001
Wed Jun 12 2024 19:00:00 GMT+0100 (British Summer Time),0.0262,0.0256,0.1792,62995.97753302011
Wed Jun 12 2024 20:00:00 GMT+0100 (British Summer Time),0.026,0.0259,0.1792,0
Wed Jun 12 2024 21:00:00 GMT+0100 (British Summer Time),0.026,0.0255,0.1839,7680443.579462634
Wed Jun 12 2024 22:00:00 GMT+0100 (British Summer Time),0.026,0.0258,0.1821,1130281.6732460095
Wed Jun 12 2024 23:00:00 GMT+0100 (British Summer Time),0.0239,0.0258,0.18,1245108.7850237286
Thu Jun 13 2024 00:00:00 GMT+0100 (British Summer Time),0.0259,0.0256,0.1827,1563338.975636996
Thu Jun 13 2024 01:00:00 GMT+0100 (British Summer Time),0.0259,0.0256,0.1819,1092061.8806909553
Thu Jun 13 2024 02:00:00 GMT+0100 (British Summer Time),0.0259,0.0256,0.181,525644.7162615131
Thu Jun 13 2024 03:00:00 GMT+0100 (British Summer Time),0.0259,0.0261,0.181,0
Thu Jun 13 2024 04:00:00 GMT+0100 (British Summer Time),0.026,0.0263,0.181,35018.833986386555
Thu Jun 13 2024 05:00:00 GMT+0100 (British Summer Time),0.026,0.0263,0.1745,4071676.739475373
Thu Jun 13 2024 06:00:00 GMT+0100 (British Summer Time),0.0263,0.0266,0.1754,504904.2635431802
Thu Jun 13 2024 07:00:00 GMT+0100 (British Summer Time),0.0263,0.0266,0.1752,110488.20864090716
Thu Jun 13 2024 08:00:00 GMT+0100 (British Summer Time),0.0267,0.0269,0.1741,720098.4519019211
Thu Jun 13 2024 09:00:00 GMT+0100 (British Summer Time),0.0271,0.0272,0.1737,181366.07572300403
Thu Jun 13 2024 10:00:00 GMT+0100 (British Summer Time),0.0271,0.0272,0.1737,179622.36225533596
Thu Jun 13 2024 11:00:00 GMT+0100 (British Summer Time),0.029,0.0274,0.1734,25348.962461420233
Thu Jun 13 2024 12:00:00 GMT+0100 (British Summer Time),0.0257,0.0272,0.1734,34510.21236468526
Thu Jun 13 2024 13:00:00 GMT+0100 (British Summer Time),0.0257,0.0272,0.1742,449890.8227339393
Thu Jun 13 2024 14:00:00 GMT+0100 (British Summer Time),0.0242,0.0266,0.1754,692623.5402377023
Thu Jun 13 2024 15:00:00 GMT+0100 (British Summer Time),0.0242,0.0266,0.1747,439322.34207672917
Thu Jun 13 2024 16:00:00 GMT+0100 (British Summer Time),0.0223,0.0266,0.1747,1196.4599774731712
Thu Jun 13 2024 17:00:00 GMT+0100 (British Summer Time),0.0205,0.0266,0.1747,0
Thu Jun 13 2024 18:00:00 GMT+0100 (British Summer Time),0.0205,0.0266,0.183,6594358.816642794
Thu Jun 13 2024 19:00:00 GMT+0100 (British Summer Time),0.0277,0.0279,0.1828,846738.8347106487
Thu Jun 13 2024 20:00:00 GMT+0100 (British Summer Time),0.0278,0.0282,0.1831,152066.977287321
Thu Jun 13 2024 21:00:00 GMT+0100 (British Summer Time),0.0278,0.0282,0.183,123372.99203586485
Thu Jun 13 2024 22:00:00 GMT+0100 (British Summer Time),0.0258,0.0282,0.1823,457974.1112997666
Thu Jun 13 2024 23:00:00 GMT+0100 (British Summer Time),0.0258,0.0266,0.1825,311079.2351715394
Fri Jun 14 2024 00:00:00 GMT+0100 (British Summer Time),0.0238,0.0266,0.1826,365.1609376271526
Fri Jun 14 2024 01:00:00 GMT+0100 (British Summer Time),0.0238,0.0266,0.1853,2171008.28350862
Fri Jun 14 2024 02:00:00 GMT+0100 (British Summer Time),0.0238,0.0266,0.1853,0
Fri Jun 14 2024 03:00:00 GMT+0100 (British Summer Time),0.0203,0.026,0.1851,1180247.4610998202
Fri Jun 14 2024 04:00:00 GMT+0100 (British Summer Time),0.0185,0.0259,0.1858,1704564.5878707976
Fri Jun 14 2024 05:00:00 GMT+0100 (British Summer Time),0.0185,0.0257,0.1841,1049057.2745346588
Fri Jun 14 2024 06:00:00 GMT+0100 (British Summer Time),0.0166,0.0255,0.1828,1566065.7262290276
Fri Jun 14 2024 07:00:00 GMT+0100 (British Summer Time),0.0166,0.0255,0.183,120271.97408821317
Fri Jun 14 2024 08:00:00 GMT+0100 (British Summer Time),0.0274,0.027,0.1835,1101475.083617651
Fri Jun 14 2024 09:00:00 GMT+0100 (British Summer Time),0.0254,0.027,0.1819,268088.22166628187
Fri Jun 14 2024 10:00:00 GMT+0100 (British Summer Time),0.0254,0.027,0.1821,169497.2168001861
Fri Jun 14 2024 11:00:00 GMT+0100 (British Summer Time),0.0235,0.027,0.1822,60677.70830436474
Fri Jun 14 2024 12:00:00 GMT+0100 (British Summer Time),0.0235,0.027,0.1821,50059.56137228526
Fri Jun 14 2024 13:00:00 GMT+0100 (British Summer Time),0.0235,0.0261,0.182,98899.82674707782
Fri Jun 14 2024 14:00:00 GMT+0100 (British Summer Time),0.0235,0.0261,0.1816,228869.4489811523
Fri Jun 14 2024 15:00:00 GMT+0100 (British Summer Time),0.0235,0.0261,0.1822,347797.37887937913
Fri Jun 14 2024 16:00:00 GMT+0100 (British Summer Time),0.0235,0.0256,0.1827,305165.0029795252
Fri Jun 14 2024 17:00:00 GMT+0100 (British Summer Time),0.0235,0.0256,0.1827,62317.07506039938
Fri Jun 14 2024 18:00:00 GMT+0100 (British Summer Time),0.0235,0.0256,0.1827,15118.606222293864
Fri Jun 14 2024 19:00:00 GMT+0100 (British Summer Time),0.0267,0.0273,0.1827,0
Fri Jun 14 2024 20:00:00 GMT+0100 (British Summer Time),0.0268,0.0276,0.1827,1380.2780550382558
Fri Jun 14 2024 21:00:00 GMT+0100 (British Summer Time),0.0268,0.0271,0.1828,29051.920924553706
Fri Jun 14 2024 22:00:00 GMT+0100 (British Summer Time),0.0268,0.0265,0.1829,62500.11520377583
Fri Jun 14 2024 23:00:00 GMT+0100 (British Summer Time),0.0287,0.0265,0.1742,5409839.659333171
Sat Jun 15 2024 00:00:00 GMT+0100 (British Summer Time),0.0287,0.0265,0.1743,58439.54913608629
Sat Jun 15 2024 01:00:00 GMT+0100 (British Summer Time),0.0325,0.0268,0.1743,6.22139732751789
Sat Jun 15 2024 02:00:00 GMT+0100 (British Summer Time),0.0325,0.0268,0.1747,205347.81870654633
Sat Jun 15 2024 03:00:00 GMT+0100 (British Summer Time),0.0344,0.0268,0.1747,38394.88595370593
Sat Jun 15 2024 04:00:00 GMT+0100 (British Summer Time),0.0344,0.0268,0.1751,264354.87692095526
Sat Jun 15 2024 05:00:00 GMT+0100 (British Summer Time),0.0344,0.0268,0.1734,2850136.4465647107
Sat Jun 15 2024 06:00:00 GMT+0100 (British Summer Time),0.0344,0.0262,0.171,9880482.237917058
Sat Jun 15 2024 07:00:00 GMT+0100 (British Summer Time),0.0344,0.0262,0.1845,10720845.563578155
Sat Jun 15 2024 08:00:00 GMT+0100 (British Summer Time),0.0217,0.0262,0.1848,273249.03942764946
Sat Jun 15 2024 09:00:00 GMT+0100 (British Summer Time),0.0217,0.0262,0.1844,924555.1178161653
Sat Jun 15 2024 10:00:00 GMT+0100 (British Summer Time),0.0217,0.0262,0.1848,448419.96134205913
Sat Jun 15 2024 11:00:00 GMT+0100 (British Summer Time),0.0217,0.0262,0.1851,152795.88458278845
Sat Jun 15 2024 12:00:00 GMT+0100 (British Summer Time),0.0217,0.0262,0.1851,4263.399299690877
Sat Jun 15 2024 13:00:00 GMT+0100 (British Summer Time),0.0217,0.0262,0.1862,670227.4900397907
Sat Jun 15 2024 14:00:00 GMT+0100 (British Summer Time),0.0332,0.0278,0.1862,66194.66340874715
Sat Jun 15 2024 15:00:00 GMT+0100 (British Summer Time),0.0332,0.0278,0.1861,93673.08787294755
Sat Jun 15 2024 16:00:00 GMT+0100 (British Summer Time),0.0332,0.0278,0.1864,627566.4279557741
Sat Jun 15 2024 17:00:00 GMT+0100 (British Summer Time),0.0332,0.0278,0.1871,459858.5133703637
Sat Jun 15 2024 18:00:00 GMT+0100 (British Summer Time),0.0332,0.0258,0.1871,5295.73244643514
Sat Jun 15 2024 19:00:00 GMT+0100 (British Summer Time),0.0208,0.0258,0.1878,542197.2236732849
Sat Jun 15 2024 20:00:00 GMT+0100 (British Summer Time),0.0188,0.0258,0.1881,42575.3878393868
Sat Jun 15 2024 21:00:00 GMT+0100 (British Summer Time),0.0188,0.0258,0.1881,27546.98417560725
Sat Jun 15 2024 22:00:00 GMT+0100 (British Summer Time),0.0188,0.0258,0.1885,6193115.710212722
Sat Jun 15 2024 23:00:00 GMT+0100 (British Summer Time),0.0169,0.0258,0.1907,1398154.7063188553
Sun Jun 16 2024 00:00:00 GMT+0100 (British Summer Time),0.0169,0.0258,0.1907,0
Sun Jun 16 2024 01:00:00 GMT+0100 (British Summer Time),0.0258,0.0276,0.1908,46447.77518484453
Sun Jun 16 2024 02:00:00 GMT+0100 (British Summer Time),0.0258,0.0276,0.1908,40459.95879612947
Sun Jun 16 2024 03:00:00 GMT+0100 (British Summer Time),0.0239,0.026,0.1904,267583.5019203245
Sun Jun 16 2024 04:00:00 GMT+0100 (British Summer Time),0.0239,0.0257,0.1904,685.2982436787387
Sun Jun 16 2024 05:00:00 GMT+0100 (British Summer Time),0.0239,0.0257,0.1904,20128.65923050755
Sun Jun 16 2024 06:00:00 GMT+0100 (British Summer Time),0.0239,0.0255,0.1914,939710.4410337885
Sun Jun 16 2024 07:00:00 GMT+0100 (British Summer Time),0.0239,0.0255,0.1915,48923.31894942179
Sun Jun 16 2024 08:00:00 GMT+0100 (British Summer Time),0.0239,0.0253,0.1925,1821357.9207150892
Sun Jun 16 2024 09:00:00 GMT+0100 (British Summer Time),0.0239,0.0253,0.1927,359399.72844167514
Sun Jun 16 2024 10:00:00 GMT+0100 (British Summer Time),0.0239,0.0253,0.2015,9316131.965603316
Sun Jun 16 2024 11:00:00 GMT+0100 (British Summer Time),0.0239,0.0249,0.2124,9037426.220347404
Sun Jun 16 2024 12:00:00 GMT+0100 (British Summer Time),0.0239,0.0249,0.2124,31663.262302317686
Sun Jun 16 2024 13:00:00 GMT+0100 (British Summer Time),0.0363,0.0264,0.2131,1505172.2663456318
Sun Jun 16 2024 14:00:00 GMT+0100 (British Summer Time),0.0247,0.0264,0.2132,115066.06312380708
Sun Jun 16 2024 15:00:00 GMT+0100 (British Summer Time),0.0247,0.0264,0.2132,16844.95529560441
Sun Jun 16 2024 16:00:00 GMT+0100 (British Summer Time),0.0247,0.0264,0.2131,31512.120174604945
Sun Jun 16 2024 17:00:00 GMT+0100 (British Summer Time),0.0247,0.0264,0.213,224276.1738475923
Sun Jun 16 2024 18:00:00 GMT+0100 (British Summer Time),0.0247,0.0264,0.2131,35177.57958296915
Sun Jun 16 2024 19:00:00 GMT+0100 (British Summer Time),0.0247,0.0254,0.2131,10165.514962383535
Sun Jun 16 2024 20:00:00 GMT+0100 (British Summer Time),0.0247,0.0254,0.2128,178672.94468630152
Sun Jun 16 2024 21:00:00 GMT+0100 (British Summer Time),0.0247,0.0252,0.2129,71823.40786470375
Sun Jun 16 2024 22:00:00 GMT+0100 (British Summer Time),0.0351,0.0264,0.2116,869381.1598153175
Sun Jun 16 2024 23:00:00 GMT+0100 (British Summer Time),0.0351,0.0264,0.2115,155047.90172454604
Mon Jun 17 2024 00:00:00 GMT+0100 (British Summer Time),0.0371,0.0267,0.2116,44184.79063471049
Mon Jun 17 2024 01:00:00 GMT+0100 (British Summer Time),0.026,0.027,0.2116,1010.1193110556821
Mon Jun 17 2024 02:00:00 GMT+0100 (British Summer Time),0.026,0.027,0.2116,9653.697769244458
Mon Jun 17 2024 03:00:00 GMT+0100 (British Summer Time),0.0279,0.0265,0.2108,15036442.161693767
Mon Jun 17 2024 04:00:00 GMT+0100 (British Summer Time),0.0279,0.0265,0.2108,11184.095589669036
Mon Jun 17 2024 05:00:00 GMT+0100 (British Summer Time),0.0279,0.0262,0.2109,97644.62533451607
Mon Jun 17 2024 06:00:00 GMT+0100 (British Summer Time),0.0316,0.0268,0.2109,509.73097016292166
Mon Jun 17 2024 07:00:00 GMT+0100 (British Summer Time),0.0316,0.0268,0.211,99568.7455639586
Mon Jun 17 2024 08:00:00 GMT+0100 (British Summer Time),0.0316,0.0268,0.2111,157684.05933125952
Mon Jun 17 2024 09:00:00 GMT+0100 (British Summer Time),0.0316,0.026,0.2107,280697.9106429087
Mon Jun 17 2024 10:00:00 GMT+0100 (British Summer Time),0.0316,0.026,0.2107,485.9563264444693
Mon Jun 17 2024 11:00:00 GMT+0100 (British Summer Time),0.0316,0.0258,0.177,46493240.209287755
Mon Jun 17 2024 12:00:00 GMT+0100 (British Summer Time),0.0316,0.0258,0.1712,36095734.606220335
Mon Jun 17 2024 13:00:00 GMT+0100 (British Summer Time),0.0192,0.0258,0.19,12969347.514184082
Mon Jun 17 2024 14:00:00 GMT+0100 (British Summer Time),0.0192,0.0258,0.1885,1039278.2817768882
Mon Jun 17 2024 15:00:00 GMT+0100 (British Summer Time),0.0192,0.0258,0.1874,1186729.6766460661
Mon Jun 17 2024 16:00:00 GMT+0100 (British Summer Time),0.0192,0.0258,0.1866,534.2101858402378
Mon Jun 17 2024 17:00:00 GMT+0100 (British Summer Time),0.0192,0.0258,0.1866,0
Mon Jun 17 2024 18:00:00 GMT+0100 (British Summer Time),0.0192,0.0258,0.1868,90411.46478458347
Mon Jun 17 2024 19:00:00 GMT+0100 (British Summer Time),0.0334,0.0278,0.1907,2504399.3891241397
Mon Jun 17 2024 20:00:00 GMT+0100 (British Summer Time),0.0334,0.0278,0.1933,1798839.6107815015
Mon Jun 17 2024 21:00:00 GMT+0100 (British Summer Time),0.0334,0.0278,0.1937,1259821.6327617418
Mon Jun 17 2024 22:00:00 GMT+0100 (British Summer Time),0.0231,0.0261,0.1986,3054823.4013678427
Mon Jun 17 2024 23:00:00 GMT+0100 (British Summer Time),0.0231,0.0261,0.1984,182375.79451481975
Tue Jun 18 2024 00:00:00 GMT+0100 (British Summer Time),0.0211,0.0259,0.1997,5346602.7008685805
Tue Jun 18 2024 01:00:00 GMT+0100 (British Summer Time),0.0194,0.0256,0.1974,1392615.0823649154
Tue Jun 18 2024 02:00:00 GMT+0100 (British Summer Time),0.0194,0.0256,0.1913,3565597.157946783
Tue Jun 18 2024 03:00:00 GMT+0100 (British Summer Time),0.0175,0.0254,0.1926,716070.8839294912
Tue Jun 18 2024 04:00:00 GMT+0100 (British Summer Time),0.0175,0.0251,0.1836,5331274.205898921
Tue Jun 18 2024 05:00:00 GMT+0100 (British Summer Time),0.0175,0.0251,0.1836,319.46601975773626
Tue Jun 18 2024 06:00:00 GMT+0100 (British Summer Time),0.0273,0.0268,0.1833,177167.7130301596
Tue Jun 18 2024 07:00:00 GMT+0100 (British Summer Time),0.0273,0.0265,0.1751,5844450.278513687
Tue Jun 18 2024 08:00:00 GMT+0100 (British Summer Time),0.0273,0.0265,0.1774,1308172.7934957189
Tue Jun 18 2024 09:00:00 GMT+0100 (British Summer Time),0.0273,0.0265,0.1774,0
Tue Jun 18 2024 10:00:00 GMT+0100 (British Summer Time),0.0273,0.0265,0.1777,180526.51839741907
Tue Jun 18 2024 11:00:00 GMT+0100 (British Summer Time),0.0273,0.026,0.1776,296735.4256785268
Tue Jun 18 2024 12:00:00 GMT+0100 (British Summer Time),0.0273,0.0257,0.1776,13841.57622050324
Tue Jun 18 2024 13:00:00 GMT+0100 (British Summer Time),0.0273,0.0257,0.1782,387800.4365311287
Tue Jun 18 2024 14:00:00 GMT+0100 (British Summer Time),0.0273,0.0255,0.1781,84427.21042277604
Tue Jun 18 2024 15:00:00 GMT+0100 (British Summer Time),0.0273,0.0255,0.1782,57155.16141898656
Tue Jun 18 2024 16:00:00 GMT+0100 (British Summer Time),0.0273,0.0252,0.1791,516095.0757876293
Tue Jun 18 2024 17:00:00 GMT+0100 (British Summer Time),0.0273,0.0249,0.1791,1251.7322566479024
Tue Jun 18 2024 18:00:00 GMT+0100 (British Summer Time),0.0273,0.0249,0.1793,78179.32397504958
Tue Jun 18 2024 19:00:00 GMT+0100 (British Summer Time),0.0285,0.0269,0.1781,638389.7400910598
Tue Jun 18 2024 20:00:00 GMT+0100 (British Summer Time),0.0285,0.0266,0.1756,1411128.8058173175
Tue Jun 18 2024 21:00:00 GMT+0100 (British Summer Time),0.0285,0.0266,0.1757,36898.93812324907
Tue Jun 18 2024 22:00:00 GMT+0100 (British Summer Time),0.0285,0.0263,0.1722,1980744.0410151924
Tue Jun 18 2024 23:00:00 GMT+0100 (British Summer Time),0.0285,0.026,0.1759,2108444.5409651916
Wed Jun 19 2024 00:00:00 GMT+0100 (British Summer Time),0.0285,0.026,0.1769,547324.3131061507
Wed Jun 19 2024 01:00:00 GMT+0100 (British Summer Time),0.0285,0.026,0.1769,9.005406872699481
Wed Jun 19 2024 02:00:00 GMT+0100 (British Summer Time),0.0285,0.026,0.1769,36114.45783358185
Wed Jun 19 2024 03:00:00 GMT+0100 (British Summer Time),0.0285,0.0255,0.1769,542893.728279684
Wed Jun 19 2024 04:00:00 GMT+0100 (British Summer Time),0.0285,0.0252,0.1769,120210.22255264808
Wed Jun 19 2024 05:00:00 GMT+0100 (British Summer Time),0.0285,0.0252,0.177,10379.70531012091
Wed Jun 19 2024 06:00:00 GMT+0100 (British Summer Time),0.015,0.025,0.177,7122.689498205274
Wed Jun 19 2024 07:00:00 GMT+0100 (British Summer Time),0.015,0.025,0.1774,209282.88096110802
Wed Jun 19 2024 08:00:00 GMT+0100 (British Summer Time),0.0309,0.0271,0.1775,847979.1316923465
Wed Jun 19 2024 09:00:00 GMT+0100 (British Summer Time),0.0309,0.0268,0.1857,4783109.091635959
Wed Jun 19 2024 10:00:00 GMT+0100 (British Summer Time),0.0309,0.0268,0.1824,3109179.8157687187
Wed Jun 19 2024 11:00:00 GMT+0100 (British Summer Time),0.0309,0.0268,0.183,333429.35445372923
Wed Jun 19 2024 12:00:00 GMT+0100 (British Summer Time),0.0309,0.0264,0.1925,5684886.512033459
Wed Jun 19 2024 13:00:00 GMT+0100 (British Summer Time),0.0309,0.0264,0.1924,74135.60206741582
Wed Jun 19 2024 14:00:00 GMT+0100 (British Summer Time),0.0309,0.0261,0.1924,12087.266187568488
Wed Jun 19 2024 15:00:00 GMT+0100 (British Summer Time),0.0309,0.0261,0.1944,1173783.2616876287
Wed Jun 19 2024 16:00:00 GMT+0100 (British Summer Time),0.0309,0.0259,0.1934,1213179.2320820158
Wed Jun 19 2024 17:00:00 GMT+0100 (British Summer Time),0.0309,0.0256,0.1944,282.1730412206841
Wed Jun 19 2024 18:00:00 GMT+0100 (British Summer Time),0.0309,0.0256,0.1944,632.3274143220543
Wed Jun 19 2024 19:00:00 GMT+0100 (British Summer Time),0.0156,0.0253,0.1944,22752.136318913294
Wed Jun 19 2024 20:00:00 GMT+0100 (British Summer Time),0.0156,0.0251,0.1944,307687.23296456964
Wed Jun 19 2024 21:00:00 GMT+0100 (British Summer Time),0.0301,0.0272,0.1944,1041.9722216533269
Wed Jun 19 2024 22:00:00 GMT+0100 (British Summer Time),0.0301,0.0269,0.1944,0
Wed Jun 19 2024 23:00:00 GMT+0100 (British Summer Time),0.0301,0.0269,0.1944,5912.053279652086
Thu Jun 20 2024 00:00:00 GMT+0100 (British Summer Time),0.0338,0.0271,0.1888,3368384.7254362353
Thu Jun 20 2024 01:00:00 GMT+0100 (British Summer Time),0.0358,0.0274,0.1886,100000.87663308413
Thu Jun 20 2024 02:00:00 GMT+0100 (British Summer Time),0.0358,0.0274,0.1916,2256664.816945178
Thu Jun 20 2024 03:00:00 GMT+0100 (British Summer Time),0.0378,0.0272,0.1921,265990.08235656505
Thu Jun 20 2024 04:00:00 GMT+0100 (British Summer Time),0.0378,0.0269,0.1926,306755.5617449248
Thu Jun 20 2024 05:00:00 GMT+0100 (British Summer Time),0.0378,0.0269,0.1924,146313.11418074317
Thu Jun 20 2024 06:00:00 GMT+0100 (British Summer Time),0.0413,0.0271,0.1922,116877.84338535173
Thu Jun 20 2024 07:00:00 GMT+0100 (British Summer Time),0.0413,0.0271,0.1906,10119585.458288219
Thu Jun 20 2024 08:00:00 GMT+0100 (British Summer Time),0.0271,0.0271,0.1734,17188051.766370304
Thu Jun 20 2024 09:00:00 GMT+0100 (British Summer Time),0.0271,0.0268,0.1705,3281298.1357832844
Thu Jun 20 2024 10:00:00 GMT+0100 (British Summer Time),0.0271,0.0268,0.1726,1192078.522760716
Thu Jun 20 2024 11:00:00 GMT+0100 (British Summer Time),0.0271,0.0266,0.1742,934279.6076580179
Thu Jun 20 2024 12:00:00 GMT+0100 (British Summer Time),0.0271,0.0266,0.1756,838708.8604079826
Thu Jun 20 2024 13:00:00 GMT+0100 (British Summer Time),0.0271,0.0266,0.1757,37686.59654449109
Thu Jun 20 2024 14:00:00 GMT+0100 (British Summer Time),0.0271,0.0266,0.1897,8201915.212313264
Thu Jun 20 2024 15:00:00 GMT+0100 (British Summer Time),0.0271,0.0266,0.1911,817649.0513532616
Thu Jun 20 2024 16:00:00 GMT+0100 (British Summer Time),0.0271,0.0266,0.1931,1548386.8125450981
Thu Jun 20 2024 17:00:00 GMT+0100 (British Summer Time),0.0271,0.0266,0.1939,380877.0045074333
Thu Jun 20 2024 18:00:00 GMT+0100 (British Summer Time),0.0271,0.0266,0.194,62912.481107224514
Thu Jun 20 2024 19:00:00 GMT+0100 (British Summer Time),0.0391,0.027,0.1944,201776.48589144048
Thu Jun 20 2024 20:00:00 GMT+0100 (British Summer Time),0.0391,0.0267,0.1944,42420.07184820866
Thu Jun 20 2024 21:00:00 GMT+0100 (British Summer Time),0.0244,0.0267,0.1932,716449.0479003221
Thu Jun 20 2024 22:00:00 GMT+0100 (British Summer Time),0.0244,0.0267,0.1933,129855.1925086109
Thu Jun 20 2024 23:00:00 GMT+0100 (British Summer Time),0.0244,0.0267,0.1933,63926.90902097913
Fri Jun 21 2024 00:00:00 GMT+0100 (British Summer Time),0.0208,0.0267,0.1933,69064.17934465368
Fri Jun 21 2024 01:00:00 GMT+0100 (British Summer Time),0.0188,0.0267,0.1939,388671.6491690613
Fri Jun 21 2024 02:00:00 GMT+0100 (British Summer Time),0.0188,0.0267,0.194,1069224.603421315
Fri Jun 21 2024 03:00:00 GMT+0100 (British Summer Time),0.0169,0.0267,0.1945,337496.1076091995
Fri Jun 21 2024 04:00:00 GMT+0100 (British Summer Time),0.0169,0.0267,0.1883,3695402.623036256
Fri Jun 21 2024 05:00:00 GMT+0100 (British Summer Time),0.0169,0.0267,0.1932,4027255.74497651
Fri Jun 21 2024 06:00:00 GMT+0100 (British Summer Time),0.0253,0.0284,0.191,2644213.130800849
Fri Jun 21 2024 07:00:00 GMT+0100 (British Summer Time),0.0253,0.0284,0.1887,3197535.0758088427
Fri Jun 21 2024 08:00:00 GMT+0100 (British Summer Time),0.0236,0.0266,0.1771,10801127.91275857
Fri Jun 21 2024 09:00:00 GMT+0100 (British Summer Time),0.0236,0.0266,0.1841,4373319.233479818
Fri Jun 21 2024 10:00:00 GMT+0100 (British Summer Time),0.0236,0.0266,0.1859,1351087.1255381845
Fri Jun 21 2024 11:00:00 GMT+0100 (British Summer Time),0.0236,0.0266,0.1865,375822.1361148586
Fri Jun 21 2024 12:00:00 GMT+0100 (British Summer Time),0.0236,0.0266,0.188,858122.8929749744
Fri Jun 21 2024 13:00:00 GMT+0100 (British Summer Time),0.0236,0.0266,0.1894,2329090.970665045
Fri Jun 21 2024 14:00:00 GMT+0100 (British Summer Time),0.0236,0.0266,0.1895,75519.4902798738
Fri Jun 21 2024 15:00:00 GMT+0100 (British Summer Time),0.0236,0.0266,0.1822,7205328.365357895
Fri Jun 21 2024 16:00:00 GMT+0100 (British Summer Time),0.0339,0.028,0.1815,690819.729739743
Fri Jun 21 2024 17:00:00 GMT+0100 (British Summer Time),0.0339,0.028,0.1861,2643956.5190133364
Fri Jun 21 2024 18:00:00 GMT+0100 (British Summer Time),0.0339,0.028,0.1879,1115455.996513306
Fri Jun 21 2024 19:00:00 GMT+0100 (British Summer Time),0.0219,0.0263,0.1879,8013.118981286107
Fri Jun 21 2024 20:00:00 GMT+0100 (British Summer Time),0.0219,0.026,0.188,28606.443025307315
Fri Jun 21 2024 21:00:00 GMT+0100 (British Summer Time),0.0219,0.026,0.1886,468265.7543602265
Fri Jun 21 2024 22:00:00 GMT+0100 (British Summer Time),0.0219,0.026,0.1888,63551.984970620506
Fri Jun 21 2024 23:00:00 GMT+0100 (British Summer Time),0.0219,0.0257,0.1888,37594.77496035461
Sat Jun 22 2024 00:00:00 GMT+0100 (British Summer Time),0.0219,0.0257,0.1896,481259.24603258783
Sat Jun 22 2024 01:00:00 GMT+0100 (British Summer Time),0.0219,0.0252,0.1897,52854.26207676918
Sat Jun 22 2024 02:00:00 GMT+0100 (British Summer Time),0.0219,0.0252,0.1893,1057297.2636202355
Sat Jun 22 2024 03:00:00 GMT+0100 (British Summer Time),0.034,0.0266,0.1895,490269.14133867534
Sat Jun 22 2024 04:00:00 GMT+0100 (British Summer Time),0.034,0.0266,0.1902,505556.3116740779
Sat Jun 22 2024 05:00:00 GMT+0100 (British Summer Time),0.0357,0.0269,0.1908,532022.5401161516
Sat Jun 22 2024 06:00:00 GMT+0100 (British Summer Time),0.0237,0.0269,0.1909,162202.88010698714
Sat Jun 22 2024 07:00:00 GMT+0100 (British Summer Time),0.0237,0.0269,0.1917,418172.164427146
Sat Jun 22 2024 08:00:00 GMT+0100 (British Summer Time),0.0237,0.0269,0.1888,2079636.3148390192
Sat Jun 22 2024 09:00:00 GMT+0100 (British Summer Time),0.0237,0.0269,0.192,3173781.169137474
Sat Jun 22 2024 10:00:00 GMT+0100 (British Summer Time),0.0237,0.0269,0.1916,6946514.129296718
Sat Jun 22 2024 11:00:00 GMT+0100 (British Summer Time),0.0237,0.0269,0.1931,3611591.1040567295
Sat Jun 22 2024 12:00:00 GMT+0100 (British Summer Time),0.0318,0.028,0.1931,30674.84388349544
Sat Jun 22 2024 13:00:00 GMT+0100 (British Summer Time),0.0318,0.028,0.1941,1305621.8696153034
Sat Jun 22 2024 14:00:00 GMT+0100 (British Summer Time),0.0334,0.0266,0.1979,1497849.1803016064
Sat Jun 22 2024 15:00:00 GMT+0100 (British Summer Time),0.0334,0.0266,0.1979,24808.575618423958
Sat Jun 22 2024 16:00:00 GMT+0100 (British Summer Time),0.0247,0.0268,0.1978,7799251.482301634
Sat Jun 22 2024 17:00:00 GMT+0100 (British Summer Time),0.0264,0.0271,0.1958,33794955.95635251
Sat Jun 22 2024 18:00:00 GMT+0100 (British Summer Time),0.0264,0.0271,0.1961,849289.9893266193
Sat Jun 22 2024 19:00:00 GMT+0100 (British Summer Time),0.0264,0.0271,0.1961,17928.148566842712
Sat Jun 22 2024 20:00:00 GMT+0100 (British Summer Time),0.0264,0.0271,0.1963,1552183.1564977476
Sat Jun 22 2024 21:00:00 GMT+0100 (British Summer Time),0.0264,0.0271,0.1964,2789914.2615435836
Sat Jun 22 2024 22:00:00 GMT+0100 (British Summer Time),0.0264,0.0271,0.2022,3444711.0318989796
Sat Jun 22 2024 23:00:00 GMT+0100 (British Summer Time),0.0264,0.0271,0.2022,65720.6972012612
Sun Jun 23 2024 00:00:00 GMT+0100 (British Summer Time),0.0264,0.0271,0.2025,221104.80014684214
Sun Jun 23 2024 01:00:00 GMT+0100 (British Summer Time),0.0264,0.0253,0.2007,6466929.796119747
Sun Jun 23 2024 02:00:00 GMT+0100 (British Summer Time),0.0264,0.0253,0.1991,3638197.8084542295
Sun Jun 23 2024 03:00:00 GMT+0100 (British Summer Time),0.0144,0.0253,0.1986,1032690.4330740878
Sun Jun 23 2024 04:00:00 GMT+0100 (British Summer Time),0.0144,0.0253,0.1986,18885.123017575206
Sun Jun 23 2024 05:00:00 GMT+0100 (British Summer Time),0.0127,0.0253,0.1988,142621.0686206658
Sun Jun 23 2024 06:00:00 GMT+0100 (British Summer Time),0.0127,0.0253,0.1987,56840.740212385266
Sun Jun 23 2024 07:00:00 GMT+0100 (British Summer Time),0.0127,0.0253,0.1987,56407.03169766444
Sun Jun 23 2024 08:00:00 GMT+0100 (British Summer Time),0.0127,0.0253,0.1978,766891.7709488439
Sun Jun 23 2024 09:00:00 GMT+0100 (British Summer Time),0.0127,0.0253,0.1978,4408.575415822461
Sun Jun 23 2024 10:00:00 GMT+0100 (British Summer Time),0.0127,0.0253,0.1977,72114.27296171564
Sun Jun 23 2024 11:00:00 GMT+0100 (British Summer Time),0.0127,0.0253,0.1981,574492.2729851191
Sun Jun 23 2024 12:00:00 GMT+0100 (British Summer Time),0.0048,0.0253,0.1979,6707536.302959426
Sun Jun 23 2024 13:00:00 GMT+0100 (British Summer Time),0.0247,0.0264,0.1982,827820.9082513348
Sun Jun 23 2024 14:00:00 GMT+0100 (British Summer Time),0.0249,0.0266,0.1984,107562.79013124871
Sun Jun 23 2024 15:00:00 GMT+0100 (British Summer Time),0.0249,0.0266,0.1984,113652.06453846414
Sun Jun 23 2024 16:00:00 GMT+0100 (British Summer Time),0.0233,0.0266,0.1987,246716.95346122765
Sun Jun 23 2024 17:00:00 GMT+0100 (British Summer Time),0.0216,0.0266,0.1989,683705.7079448451
Sun Jun 23 2024 18:00:00 GMT+0100 (British Summer Time),0.0216,0.0266,0.1978,5415118.81755399
Sun Jun 23 2024 19:00:00 GMT+0100 (British Summer Time),0.0216,0.0266,0.2034,3840235.0010180273
Sun Jun 23 2024 20:00:00 GMT+0100 (British Summer Time),0.0216,0.0266,0.2013,2105588.913809305
Sun Jun 23 2024 21:00:00 GMT+0100 (British Summer Time),0.0216,0.0266,0.2017,239732.8439432089
Sun Jun 23 2024 22:00:00 GMT+0100 (British Summer Time),0.0301,0.0264,0.2026,1206889.8161069169
Sun Jun 23 2024 23:00:00 GMT+0100 (British Summer Time),0.0301,0.0264,0.2011,176151.18151398713
Mon Jun 24 2024 00:00:00 GMT+0100 (British Summer Time),0.0319,0.0263,0.2009,4321421.670728246
Mon Jun 24 2024 01:00:00 GMT+0100 (British Summer Time),0.0338,0.0264,0.1937,93484.964418525
Mon Jun 24 2024 02:00:00 GMT+0100 (British Summer Time),0.0338,0.0264,0.1939,145890.90320335605
Mon Jun 24 2024 03:00:00 GMT+0100 (British Summer Time),0.0357,0.0264,0.1939,3639.8407257204944
Mon Jun 24 2024 04:00:00 GMT+0100 (British Summer Time),0.0376,0.0266,0.1987,2741320.629767874
Mon Jun 24 2024 05:00:00 GMT+0100 (British Summer Time),0.0376,0.0266,0.187,6915333.842942151
Mon Jun 24 2024 06:00:00 GMT+0100 (British Summer Time),0.0395,0.0264,0.1868,255779.297303215
Mon Jun 24 2024 07:00:00 GMT+0100 (British Summer Time),0.0395,0.0264,0.1869,56309.49975005854
Mon Jun 24 2024 08:00:00 GMT+0100 (British Summer Time),0.0395,0.0264,0.1895,1552468.5677723377
Mon Jun 24 2024 09:00:00 GMT+0100 (British Summer Time),0.0395,0.0264,0.1873,1712866.9618687292
Mon Jun 24 2024 10:00:00 GMT+0100 (British Summer Time),0.0395,0.0264,0.2002,7243884.861276338
Mon Jun 24 2024 11:00:00 GMT+0100 (British Summer Time),0.0395,0.0264,0.2006,238922.51241084342
Mon Jun 24 2024 12:00:00 GMT+0100 (British Summer Time),0.0395,0.0264,0.1993,2042914.351638001
Mon Jun 24 2024 13:00:00 GMT+0100 (British Summer Time),0.0193,0.0264,0.1994,36956.15669208755
Mon Jun 24 2024 14:00:00 GMT+0100 (British Summer Time),0.0176,0.0264,0.1921,4558445.543805913
Mon Jun 24 2024 15:00:00 GMT+0100 (British Summer Time),0.0176,0.0264,0.19,1090240.0985730349
Mon Jun 24 2024 16:00:00 GMT+0100 (British Summer Time),0.0176,0.0264,0.1901,29863.341448355517
Mon Jun 24 2024 17:00:00 GMT+0100 (British Summer Time),0.0176,0.0264,0.1905,224243.94038471114
Mon Jun 24 2024 18:00:00 GMT+0100 (British Summer Time),0.0176,0.0264,0.1948,2327214.4559600023
Mon Jun 24 2024 19:00:00 GMT+0100 (British Summer Time),0.0323,0.0265,0.1954,355920.07151433744
Mon Jun 24 2024 20:00:00 GMT+0100 (British Summer Time),0.0323,0.0265,0.1943,848950.386846483
Mon Jun 24 2024 21:00:00 GMT+0100 (British Summer Time),0.0323,0.0265,0.194,1359827.6614996004
Mon Jun 24 2024 22:00:00 GMT+0100 (British Summer Time),0.0238,0.0265,0.1894,2715619.7656966
Mon Jun 24 2024 23:00:00 GMT+0100 (British Summer Time),0.0238,0.0265,0.1878,1287125.4309129834
Tue Jun 25 2024 00:00:00 GMT+0100 (British Summer Time),0.022,0.0265,0.1885,462827.5117073617
Tue Jun 25 2024 01:00:00 GMT+0100 (British Summer Time),0.0201,0.0265,0.1903,1134369.0895063563
Tue Jun 25 2024 02:00:00 GMT+0100 (British Summer Time),0.0201,0.0265,0.1911,306790.7483040718
Tue Jun 25 2024 03:00:00 GMT+0100 (British Summer Time),0.0182,0.0265,0.1911,1112.3209016456374
Tue Jun 25 2024 04:00:00 GMT+0100 (British Summer Time),0.0163,0.0265,0.1911,29887.10015465938
Tue Jun 25 2024 05:00:00 GMT+0100 (British Summer Time),0.0163,0.0265,0.1969,5462353.898497829
Tue Jun 25 2024 06:00:00 GMT+0100 (British Summer Time),0.0145,0.0245,0.1969,40197.95423644193
Tue Jun 25 2024 07:00:00 GMT+0100 (British Summer Time),0.0145,0.0245,0.2002,1897909.56204835
Tue Jun 25 2024 08:00:00 GMT+0100 (British Summer Time),0.0285,0.0266,0.2012,1201532.6240825744
Tue Jun 25 2024 09:00:00 GMT+0100 (British Summer Time),0.0285,0.0266,0.2013,54579.750339352075
Tue Jun 25 2024 10:00:00 GMT+0100 (British Summer Time),0.0285,0.0266,0.202,384976.23015859275
Tue Jun 25 2024 11:00:00 GMT+0100 (British Summer Time),0.0285,0.0266,0.2024,232183.6753699665
Tue Jun 25 2024 12:00:00 GMT+0100 (British Summer Time),0.0285,0.0266,0.2028,406152.18992040254
Tue Jun 25 2024 13:00:00 GMT+0100 (British Summer Time),0.0285,0.0266,0.2034,353821.04454942694
Tue Jun 25 2024 14:00:00 GMT+0100 (British Summer Time),0.0285,0.0266,0.2061,2661281.5862866915
Tue Jun 25 2024 15:00:00 GMT+0100 (British Summer Time),0.0285,0.0266,0.2061,18993.411666858578
Tue Jun 25 2024 16:00:00 GMT+0100 (British Summer Time),0.0285,0.0266,0.1991,6024302.692053312
Tue Jun 25 2024 17:00:00 GMT+0100 (British Summer Time),0.0285,0.0266,0.1986,610791.3619226319
Tue Jun 25 2024 18:00:00 GMT+0100 (British Summer Time),0.0285,0.0266,0.1991,560124.6593908443
Tue Jun 25 2024 19:00:00 GMT+0100 (British Summer Time),0.0139,0.0244,0.1994,173512.8735316369
Tue Jun 25 2024 20:00:00 GMT+0100 (British Summer Time),0.0139,0.0244,0.1996,147780.71951411522
Tue Jun 25 2024 21:00:00 GMT+0100 (British Summer Time),0.0281,0.0264,0.2033,3636038.8243692317
Tue Jun 25 2024 22:00:00 GMT+0100 (British Summer Time),0.0301,0.0267,0.1942,5364892.7586053535
Tue Jun 25 2024 23:00:00 GMT+0100 (British Summer Time),0.0301,0.0267,0.1945,363088.13035598345
Wed Jun 26 2024 00:00:00 GMT+0100 (British Summer Time),0.0319,0.0269,0.1916,2217193.251392067
Wed Jun 26 2024 01:00:00 GMT+0100 (British Summer Time),0.0338,0.0272,0.1918,160646.2641205212
Wed Jun 26 2024 02:00:00 GMT+0100 (British Summer Time),0.0338,0.0272,0.1929,631292.7454308892
Wed Jun 26 2024 03:00:00 GMT+0100 (British Summer Time),0.0355,0.0275,0.1959,1713472.6206005784
Wed Jun 26 2024 04:00:00 GMT+0100 (British Summer Time),0.0372,0.0277,0.1979,1672258.2922863443
Wed Jun 26 2024 05:00:00 GMT+0100 (British Summer Time),0.0372,0.0277,0.194,4483433.551926398
Wed Jun 26 2024 06:00:00 GMT+0100 (British Summer Time),0.0372,0.0277,0.1928,1252134.5086390835
Wed Jun 26 2024 07:00:00 GMT+0100 (British Summer Time),0.0372,0.0277,0.1933,928338.0821165441
Wed Jun 26 2024 08:00:00 GMT+0100 (British Summer Time),0.023,0.0254,0.1984,2210360.115439409
Wed Jun 26 2024 09:00:00 GMT+0100 (British Summer Time),0.023,0.0254,0.1998,773897.8951530848
Wed Jun 26 2024 10:00:00 GMT+0100 (British Summer Time),0.023,0.0254,0.2009,2024119.7996766462
Wed Jun 26 2024 11:00:00 GMT+0100 (British Summer Time),0.023,0.0254,0.1991,9760.605558330852
Wed Jun 26 2024 12:00:00 GMT+0100 (British Summer Time),0.023,0.0254,0.1995,187678.9414463977
Wed Jun 26 2024 13:00:00 GMT+0100 (British Summer Time),0.023,0.0254,0.2009,783884.0727524994
Wed Jun 26 2024 14:00:00 GMT+0100 (British Summer Time),0.023,0.0254,0.2038,1629247.5549848136
Wed Jun 26 2024 15:00:00 GMT+0100 (British Summer Time),0.035,0.0271,0.2516,28994021.55220046
Wed Jun 26 2024 16:00:00 GMT+0100 (British Summer Time),0.035,0.0271,0.2573,9850599.967205292
Wed Jun 26 2024 17:00:00 GMT+0100 (British Summer Time),0.035,0.0271,0.2659,4759086.03540012
Wed Jun 26 2024 18:00:00 GMT+0100 (British Summer Time),0.035,0.0271,0.2668,497834.62917699956
Wed Jun 26 2024 19:00:00 GMT+0100 (British Summer Time),0.035,0.0271,0.2811,7833415.067542302
Wed Jun 26 2024 20:00:00 GMT+0100 (British Summer Time),0.035,0.0271,0.2841,1663300.411295226
Wed Jun 26 2024 21:00:00 GMT+0100 (British Summer Time),0.0206,0.025,0.3019,9454961.214782525
Wed Jun 26 2024 22:00:00 GMT+0100 (British Summer Time),0.0186,0.025,0.3036,905235.0462811036
Wed Jun 26 2024 23:00:00 GMT+0100 (British Summer Time),0.0186,0.025,0.3049,932035.7950563065
Thu Jun 27 2024 00:00:00 GMT+0100 (British Summer Time),0.0169,0.0245,0.3249,9071220.286087904