time,underlyingApy1DMA,underlyingApy7DMA,impliedApy,volume
Sun Jul 28 2024 01:00:00 GMT+0100 (British Summer Time),0.0182,0.0275,0.0708,571.101309988273
Sun Jul 28 2024 02:00:00 GMT+0100 (British Summer Time),0.0182,0.0275,0.0708,0
Sun Jul 28 2024 03:00:00 GMT+0100 (British Summer Time),0.0167,0.0275,0.0708,0
Sun Jul 28 2024 04:00:00 GMT+0100 (British Summer Time),0.0151,0.0275,0.0694,160054.37654629553
Sun Jul 28 2024 05:00:00 GMT+0100 (British Summer Time),0.0151,0.0275,0.0694,1736.1280516667914
Sun Jul 28 2024 06:00:00 GMT+0100 (British Summer Time),0.0258,0.0293,0.0694,0
Sun Jul 28 2024 07:00:00 GMT+0100 (British Summer Time),0.0258,0.0293,0.0694,3902.707205347778
Sun Jul 28 2024 08:00:00 GMT+0100 (British Summer Time),0.0243,0.0293,0.0694,0
Sun Jul 28 2024 09:00:00 GMT+0100 (British Summer Time),0.0243,0.0273,0.0694,654.0062023187777
Sun Jul 28 2024 10:00:00 GMT+0100 (British Summer Time),0.0243,0.0273,0.0694,0
Sun Jul 28 2024 11:00:00 GMT+0100 (British Summer Time),0.0243,0.0273,0.0692,28126.350004073625
Sun Jul 28 2024 12:00:00 GMT+0100 (British Summer Time),0.0243,0.0273,0.0693,0
Sun Jul 28 2024 13:00:00 GMT+0100 (British Summer Time),0.0243,0.0273,0.0693,1205.9454185831073
Sun Jul 28 2024 14:00:00 GMT+0100 (British Summer Time),0.0243,0.0273,0.0693,856.1080115526719
Sun Jul 28 2024 15:00:00 GMT+0100 (British Summer Time),0.0243,0.0273,0.0693,0
Sun Jul 28 2024 16:00:00 GMT+0100 (British Summer Time),0.0243,0.0273,0.0693,3403.4014204821656
Sun Jul 28 2024 17:00:00 GMT+0100 (British Summer Time),0.0364,0.029,0.0694,10950.572358619102
Sun Jul 28 2024 18:00:00 GMT+0100 (British Summer Time),0.0364,0.029,0.0694,0
Sun Jul 28 2024 19:00:00 GMT+0100 (British Summer Time),0.0242,0.029,0.0694,0
Sun Jul 28 2024 20:00:00 GMT+0100 (British Summer Time),0.0242,0.027,0.0694,0
Sun Jul 28 2024 21:00:00 GMT+0100 (British Summer Time),0.0242,0.027,0.0694,0
Sun Jul 28 2024 22:00:00 GMT+0100 (British Summer Time),0.0242,0.027,0.0694,394.76453534851544
Sun Jul 28 2024 23:00:00 GMT+0100 (British Summer Time),0.0242,0.027,0.0691,35106.75676358017
Mon Jul 29 2024 00:00:00 GMT+0100 (British Summer Time),0.0305,0.0279,0.0691,0
Mon Jul 29 2024 01:00:00 GMT+0100 (British Summer Time),0.0305,0.0279,0.0691,0
Mon Jul 29 2024 02:00:00 GMT+0100 (British Summer Time),0.0305,0.0279,0.0691,0
Mon Jul 29 2024 03:00:00 GMT+0100 (British Summer Time),0.0321,0.0281,0.069,9316.011575658042
Mon Jul 29 2024 04:00:00 GMT+0100 (British Summer Time),0.0321,0.0281,0.0691,8492.540082377736
Mon Jul 29 2024 05:00:00 GMT+0100 (British Summer Time),0.0354,0.0286,0.0691,215.16309046642613
Mon Jul 29 2024 06:00:00 GMT+0100 (British Summer Time),0.0228,0.0286,0.0691,0
Mon Jul 29 2024 07:00:00 GMT+0100 (British Summer Time),0.0228,0.0286,0.0691,8.844284976615683
Mon Jul 29 2024 08:00:00 GMT+0100 (British Summer Time),0.0228,0.0267,0.0691,1152.7634771620858
Mon Jul 29 2024 09:00:00 GMT+0100 (British Summer Time),0.0228,0.0267,0.0691,61.953083742111495
Mon Jul 29 2024 10:00:00 GMT+0100 (British Summer Time),0.0228,0.0267,0.0687,34100.64249126054
Mon Jul 29 2024 11:00:00 GMT+0100 (British Summer Time),0.0228,0.0267,0.0641,540211.2631711487
Mon Jul 29 2024 12:00:00 GMT+0100 (British Summer Time),0.0228,0.0267,0.0641,836.8422176134104
Mon Jul 29 2024 13:00:00 GMT+0100 (British Summer Time),0.0228,0.0267,0.0641,0
Mon Jul 29 2024 14:00:00 GMT+0100 (British Summer Time),0.0228,0.0267,0.0641,0
Mon Jul 29 2024 15:00:00 GMT+0100 (British Summer Time),0.0228,0.0267,0.0641,0
Mon Jul 29 2024 16:00:00 GMT+0100 (British Summer Time),0.0346,0.0284,0.0641,0
Mon Jul 29 2024 17:00:00 GMT+0100 (British Summer Time),0.0226,0.0284,0.0643,20719.67483783578
Mon Jul 29 2024 18:00:00 GMT+0100 (British Summer Time),0.0226,0.0284,0.0643,0
Mon Jul 29 2024 19:00:00 GMT+0100 (British Summer Time),0.0226,0.0284,0.0643,0
Mon Jul 29 2024 20:00:00 GMT+0100 (British Summer Time),0.0226,0.0284,0.0643,0
Mon Jul 29 2024 21:00:00 GMT+0100 (British Summer Time),0.0226,0.0263,0.0645,22877.11271832817
Mon Jul 29 2024 22:00:00 GMT+0100 (British Summer Time),0.0226,0.0263,0.0646,2200.0123707193147
Mon Jul 29 2024 23:00:00 GMT+0100 (British Summer Time),0.0226,0.0263,0.0646,560.9034762702559
Tue Jul 30 2024 00:00:00 GMT+0100 (British Summer Time),0.0163,0.0263,0.0646,446.21287158727756
Tue Jul 30 2024 01:00:00 GMT+0100 (British Summer Time),0.0163,0.0263,0.0646,0
Tue Jul 30 2024 02:00:00 GMT+0100 (British Summer Time),0.0163,0.0263,0.0646,0
Tue Jul 30 2024 03:00:00 GMT+0100 (British Summer Time),0.0269,0.028,0.0654,81235.3268467207
Tue Jul 30 2024 04:00:00 GMT+0100 (British Summer Time),0.0269,0.028,0.0654,0
Tue Jul 30 2024 05:00:00 GMT+0100 (British Summer Time),0.0236,0.028,0.0654,0
Tue Jul 30 2024 06:00:00 GMT+0100 (British Summer Time),0.0236,0.028,0.0654,12475.949290574163
Tue Jul 30 2024 07:00:00 GMT+0100 (British Summer Time),0.0236,0.028,0.0655,3652.6344868264855
Tue Jul 30 2024 08:00:00 GMT+0100 (British Summer Time),0.0236,0.0261,0.065,49688.86028190818
Tue Jul 30 2024 09:00:00 GMT+0100 (British Summer Time),0.0236,0.0261,0.065,0
Tue Jul 30 2024 10:00:00 GMT+0100 (British Summer Time),0.0236,0.0261,0.065,0
Tue Jul 30 2024 11:00:00 GMT+0100 (British Summer Time),0.0236,0.0261,0.0678,290591.23660942435
Tue Jul 30 2024 12:00:00 GMT+0100 (British Summer Time),0.0236,0.0261,0.0678,0
Tue Jul 30 2024 13:00:00 GMT+0100 (British Summer Time),0.0236,0.0261,0.0678,0
Tue Jul 30 2024 14:00:00 GMT+0100 (British Summer Time),0.0236,0.0261,0.0678,0
Tue Jul 30 2024 15:00:00 GMT+0100 (British Summer Time),0.0236,0.0261,0.0678,0
Tue Jul 30 2024 16:00:00 GMT+0100 (British Summer Time),0.012,0.0261,0.0678,0
Tue Jul 30 2024 17:00:00 GMT+0100 (British Summer Time),0.0264,0.0282,0.0678,0
Tue Jul 30 2024 18:00:00 GMT+0100 (British Summer Time),0.0264,0.0282,0.0678,2514.0784575415055
Tue Jul 30 2024 19:00:00 GMT+0100 (British Summer Time),0.0264,0.0263,0.0679,10236.39403663377
Tue Jul 30 2024 20:00:00 GMT+0100 (British Summer Time),0.0264,0.0263,0.0679,0
Tue Jul 30 2024 21:00:00 GMT+0100 (British Summer Time),0.0264,0.0263,0.0679,0
Tue Jul 30 2024 22:00:00 GMT+0100 (British Summer Time),0.0336,0.0273,0.0679,0
Tue Jul 30 2024 23:00:00 GMT+0100 (British Summer Time),0.0336,0.0273,0.0679,2217.582844439003
Wed Jul 31 2024 00:00:00 GMT+0100 (British Summer Time),0.0356,0.0276,0.0679,0
Wed Jul 31 2024 01:00:00 GMT+0100 (British Summer Time),0.0376,0.0279,0.0679,1704.9515045120884
Wed Jul 31 2024 02:00:00 GMT+0100 (British Summer Time),0.0376,0.0279,0.0708,285832.0245146453
Wed Jul 31 2024 03:00:00 GMT+0100 (British Summer Time),0.0273,0.0282,0.0708,0
Wed Jul 31 2024 04:00:00 GMT+0100 (British Summer Time),0.0273,0.0282,0.0708,82168.1356355546
Wed Jul 31 2024 05:00:00 GMT+0100 (British Summer Time),0.0291,0.0284,0.07,0
Wed Jul 31 2024 06:00:00 GMT+0100 (British Summer Time),0.0291,0.0284,0.07,0
Wed Jul 31 2024 07:00:00 GMT+0100 (British Summer Time),0.0291,0.0284,0.07,207.22159859804256
Wed Jul 31 2024 08:00:00 GMT+0100 (British Summer Time),0.0291,0.0284,0.07,0
Wed Jul 31 2024 09:00:00 GMT+0100 (British Summer Time),0.0291,0.0284,0.07,0
Wed Jul 31 2024 10:00:00 GMT+0100 (British Summer Time),0.0291,0.0284,0.07,0
Wed Jul 31 2024 11:00:00 GMT+0100 (British Summer Time),0.0291,0.0284,0.07,0
Wed Jul 31 2024 12:00:00 GMT+0100 (British Summer Time),0.0291,0.0284,0.07,0
Wed Jul 31 2024 13:00:00 GMT+0100 (British Summer Time),0.0374,0.0296,0.0651,549359.283980406
Wed Jul 31 2024 14:00:00 GMT+0100 (British Summer Time),0.0392,0.0299,0.0626,337982.6447509818
Wed Jul 31 2024 15:00:00 GMT+0100 (British Summer Time),0.0392,0.0299,0.0626,0
Wed Jul 31 2024 16:00:00 GMT+0100 (British Summer Time),0.0413,0.0301,0.0626,0
Wed Jul 31 2024 17:00:00 GMT+0100 (British Summer Time),0.0266,0.0301,0.0626,0
Wed Jul 31 2024 18:00:00 GMT+0100 (British Summer Time),0.0266,0.0301,0.0626,0
Wed Jul 31 2024 19:00:00 GMT+0100 (British Summer Time),0.0266,0.0301,0.0626,0
Wed Jul 31 2024 20:00:00 GMT+0100 (British Summer Time),0.0266,0.0301,0.0626,5255.942880602843
Wed Jul 31 2024 21:00:00 GMT+0100 (British Summer Time),0.0266,0.0301,0.0626,0
Wed Jul 31 2024 22:00:00 GMT+0100 (British Summer Time),0.0194,0.0301,0.0626,0
Wed Jul 31 2024 23:00:00 GMT+0100 (British Summer Time),0.0194,0.0301,0.0626,0
Thu Aug 01 2024 00:00:00 GMT+0100 (British Summer Time),0.0175,0.0301,0.0626,0
Thu Aug 01 2024 01:00:00 GMT+0100 (British Summer Time),0.0155,0.0247,0.0626,0
Thu Aug 01 2024 02:00:00 GMT+0100 (British Summer Time),0.0155,0.0247,0.0622,37024.80966628889
Thu Aug 01 2024 03:00:00 GMT+0100 (British Summer Time),0.0271,0.0267,0.0622,0
Thu Aug 01 2024 04:00:00 GMT+0100 (British Summer Time),0.0271,0.0267,0.0622,0
Thu Aug 01 2024 05:00:00 GMT+0100 (British Summer Time),0.0254,0.0267,0.0622,0
Thu Aug 01 2024 06:00:00 GMT+0100 (British Summer Time),0.0254,0.0267,0.0622,0
Thu Aug 01 2024 07:00:00 GMT+0100 (British Summer Time),0.0254,0.0267,0.0622,0
Thu Aug 01 2024 08:00:00 GMT+0100 (British Summer Time),0.0254,0.0267,0.0622,0
Thu Aug 01 2024 09:00:00 GMT+0100 (British Summer Time),0.0254,0.0267,0.0622,0
Thu Aug 01 2024 10:00:00 GMT+0100 (British Summer Time),0.0254,0.0267,0.0621,7194.92456603803
Thu Aug 01 2024 11:00:00 GMT+0100 (British Summer Time),0.0254,0.0267,0.0621,803.2124743372244
Thu Aug 01 2024 12:00:00 GMT+0100 (British Summer Time),0.0254,0.0267,0.0621,0
Thu Aug 01 2024 13:00:00 GMT+0100 (British Summer Time),0.0171,0.0247,0.0619,13619.524486166578
Thu Aug 01 2024 14:00:00 GMT+0100 (British Summer Time),0.0285,0.0265,0.0619,3.5980479989590597
Thu Aug 01 2024 15:00:00 GMT+0100 (British Summer Time),0.0285,0.0265,0.0621,13518.144220999986
Thu Aug 01 2024 16:00:00 GMT+0100 (British Summer Time),0.0265,0.0265,0.0621,0
Thu Aug 01 2024 17:00:00 GMT+0100 (British Summer Time),0.0265,0.0265,0.0623,12097.314272396414
Thu Aug 01 2024 18:00:00 GMT+0100 (British Summer Time),0.0265,0.0265,0.0629,26685.48200542523
Thu Aug 01 2024 19:00:00 GMT+0100 (British Summer Time),0.0265,0.0265,0.0629,0
Thu Aug 01 2024 20:00:00 GMT+0100 (British Summer Time),0.0265,0.0265,0.0629,0
Thu Aug 01 2024 21:00:00 GMT+0100 (British Summer Time),0.0342,0.0276,0.0632,16918.8125532218
Thu Aug 01 2024 22:00:00 GMT+0100 (British Summer Time),0.0361,0.0279,0.0668,314199.40786430874
Thu Aug 01 2024 23:00:00 GMT+0100 (British Summer Time),0.0361,0.0279,0.0668,0
Fri Aug 02 2024 00:00:00 GMT+0100 (British Summer Time),0.0382,0.0262,0.0668,206.58964283059322
Fri Aug 02 2024 01:00:00 GMT+0100 (British Summer Time),0.0402,0.0265,0.0644,162244.69410503845
Fri Aug 02 2024 02:00:00 GMT+0100 (British Summer Time),0.0402,0.0265,0.0644,0
Fri Aug 02 2024 03:00:00 GMT+0100 (British Summer Time),0.0284,0.0268,0.0644,0
Fri Aug 02 2024 04:00:00 GMT+0100 (British Summer Time),0.0284,0.0268,0.0644,0
Fri Aug 02 2024 05:00:00 GMT+0100 (British Summer Time),0.0301,0.027,0.0644,63.078359406077126
Fri Aug 02 2024 06:00:00 GMT+0100 (British Summer Time),0.0301,0.027,0.0644,0
Fri Aug 02 2024 07:00:00 GMT+0100 (British Summer Time),0.0301,0.027,0.0645,9547.560462211211
Fri Aug 02 2024 08:00:00 GMT+0100 (British Summer Time),0.0301,0.027,0.0648,13645.732555063312
Fri Aug 02 2024 09:00:00 GMT+0100 (British Summer Time),0.0301,0.027,0.0649,4399.711963380372
Fri Aug 02 2024 10:00:00 GMT+0100 (British Summer Time),0.0301,0.027,0.0649,0
Fri Aug 02 2024 11:00:00 GMT+0100 (British Summer Time),0.0301,0.0253,0.0649,0
Fri Aug 02 2024 12:00:00 GMT+0100 (British Summer Time),0.0301,0.0253,0.0649,0
Fri Aug 02 2024 13:00:00 GMT+0100 (British Summer Time),0.0301,0.0253,0.0647,10963.62597545414
Fri Aug 02 2024 14:00:00 GMT+0100 (British Summer Time),0.017,0.0253,0.0659,63215.959922593116
Fri Aug 02 2024 15:00:00 GMT+0100 (British Summer Time),0.017,0.0253,0.0659,0
Fri Aug 02 2024 16:00:00 GMT+0100 (British Summer Time),0.0294,0.0271,0.0659,371.5743106236748
Fri Aug 02 2024 17:00:00 GMT+0100 (British Summer Time),0.0294,0.0271,0.0659,9090.088608132337
Fri Aug 02 2024 18:00:00 GMT+0100 (British Summer Time),0.0294,0.0271,0.0661,0
Fri Aug 02 2024 19:00:00 GMT+0100 (British Summer Time),0.0294,0.0271,0.0661,0
Fri Aug 02 2024 20:00:00 GMT+0100 (British Summer Time),0.0294,0.0271,0.0661,0
Fri Aug 02 2024 21:00:00 GMT+0100 (British Summer Time),0.0217,0.0271,0.064,314129.4281003071
Fri Aug 02 2024 22:00:00 GMT+0100 (British Summer Time),0.0198,0.0253,0.0651,57072.038359530896
Fri Aug 02 2024 23:00:00 GMT+0100 (British Summer Time),0.0198,0.0253,0.0651,0
Sat Aug 03 2024 00:00:00 GMT+0100 (British Summer Time),0.0179,0.0251,0.0651,390.12138123323837
Sat Aug 03 2024 01:00:00 GMT+0100 (British Summer Time),0.0158,0.0248,0.0651,368.53693493900823
Sat Aug 03 2024 02:00:00 GMT+0100 (British Summer Time),0.0158,0.0248,0.0651,0
Sat Aug 03 2024 03:00:00 GMT+0100 (British Summer Time),0.014,0.0246,0.0651,0
Sat Aug 03 2024 04:00:00 GMT+0100 (British Summer Time),0.0281,0.0264,0.0651,0
Sat Aug 03 2024 05:00:00 GMT+0100 (British Summer Time),0.0263,0.0264,0.066,44246.825817837176
Sat Aug 03 2024 06:00:00 GMT+0100 (British Summer Time),0.0263,0.0262,0.0658,9286.915281538702
Sat Aug 03 2024 07:00:00 GMT+0100 (British Summer Time),0.0263,0.0262,0.0658,0
Sat Aug 03 2024 08:00:00 GMT+0100 (British Summer Time),0.0263,0.0259,0.0658,199.92896610277597
Sat Aug 03 2024 09:00:00 GMT+0100 (British Summer Time),0.0263,0.0259,0.0658,199.6218643823442
Sat Aug 03 2024 10:00:00 GMT+0100 (British Summer Time),0.0263,0.0259,0.0658,0
Sat Aug 03 2024 11:00:00 GMT+0100 (British Summer Time),0.0263,0.0259,0.0658,40.219852058560676
Sat Aug 03 2024 12:00:00 GMT+0100 (British Summer Time),0.0263,0.0259,0.0658,1.8338383931466518
Sat Aug 03 2024 13:00:00 GMT+0100 (British Summer Time),0.0263,0.0259,0.0658,3647.878436330492
Sat Aug 03 2024 14:00:00 GMT+0100 (British Summer Time),0.0382,0.0276,0.0654,20310.6918357976
Sat Aug 03 2024 15:00:00 GMT+0100 (British Summer Time),0.0382,0.0276,0.0637,130753.28191054249
Sat Aug 03 2024 16:00:00 GMT+0100 (British Summer Time),0.0256,0.0276,0.0637,0
Sat Aug 03 2024 17:00:00 GMT+0100 (British Summer Time),0.0256,0.0276,0.0635,11220.678592736473
Sat Aug 03 2024 18:00:00 GMT+0100 (British Summer Time),0.0256,0.0276,0.0637,9262.044123310132
Sat Aug 03 2024 19:00:00 GMT+0100 (British Summer Time),0.0256,0.0259,0.0637,552.8081237349531
Sat Aug 03 2024 20:00:00 GMT+0100 (British Summer Time),0.0256,0.0259,0.0637,0
Sat Aug 03 2024 21:00:00 GMT+0100 (British Summer Time),0.0256,0.0259,0.0677,284301.82535568514
Sat Aug 03 2024 22:00:00 GMT+0100 (British Summer Time),0.0256,0.0259,0.0678,4906.989448662782
Sat Aug 03 2024 23:00:00 GMT+0100 (British Summer Time),0.0256,0.0259,0.0678,0
Sun Aug 04 2024 00:00:00 GMT+0100 (British Summer Time),0.0256,0.0259,0.0678,0
Sun Aug 04 2024 01:00:00 GMT+0100 (British Summer Time),0.0387,0.0278,0.0678,0
Sun Aug 04 2024 02:00:00 GMT+0100 (British Summer Time),0.0387,0.0278,0.0678,0
Sun Aug 04 2024 03:00:00 GMT+0100 (British Summer Time),0.0387,0.0278,0.0678,5.307150535370005
Sun Aug 04 2024 04:00:00 GMT+0100 (British Summer Time),0.0245,0.0278,0.0678,996.5095602792144
Sun Aug 04 2024 05:00:00 GMT+0100 (British Summer Time),0.0245,0.0278,0.0678,392.21209969581713
Sun Aug 04 2024 06:00:00 GMT+0100 (British Summer Time),0.0245,0.026,0.0678,0
Sun Aug 04 2024 07:00:00 GMT+0100 (British Summer Time),0.0245,0.026,0.0678,3558.967941797808
Sun Aug 04 2024 08:00:00 GMT+0100 (British Summer Time),0.0245,0.026,0.0679,4742.412736410597
Sun Aug 04 2024 09:00:00 GMT+0100 (British Summer Time),0.0245,0.026,0.0679,4229.786928514348
Sun Aug 04 2024 10:00:00 GMT+0100 (British Summer Time),0.0245,0.026,0.0679,0
Sun Aug 04 2024 11:00:00 GMT+0100 (British Summer Time),0.0245,0.026,0.0679,0
Sun Aug 04 2024 12:00:00 GMT+0100 (British Summer Time),0.0362,0.0276,0.0679,0
Sun Aug 04 2024 13:00:00 GMT+0100 (British Summer Time),0.0362,0.0276,0.0736,574966.4092037041
Sun Aug 04 2024 14:00:00 GMT+0100 (British Summer Time),0.0244,0.0276,0.0736,408.6272426548771
Sun Aug 04 2024 15:00:00 GMT+0100 (British Summer Time),0.0244,0.0276,0.0736,0
Sun Aug 04 2024 16:00:00 GMT+0100 (British Summer Time),0.0244,0.0276,0.0745,46685.95661862325
Sun Aug 04 2024 17:00:00 GMT+0100 (British Summer Time),0.0244,0.0259,0.0745,0
Sun Aug 04 2024 18:00:00 GMT+0100 (British Summer Time),0.0244,0.0259,0.0745,0
Sun Aug 04 2024 19:00:00 GMT+0100 (British Summer Time),0.0244,0.0259,0.0745,0
Sun Aug 04 2024 20:00:00 GMT+0100 (British Summer Time),0.0244,0.0259,0.0745,210.57850211753248
Sun Aug 04 2024 21:00:00 GMT+0100 (British Summer Time),0.0244,0.0259,0.0748,10696.384358826635
Sun Aug 04 2024 22:00:00 GMT+0100 (British Summer Time),0.0244,0.0259,0.0748,0
Sun Aug 04 2024 23:00:00 GMT+0100 (British Summer Time),0.0244,0.0259,0.0742,26504.07145458339
Mon Aug 05 2024 00:00:00 GMT+0100 (British Summer Time),0.0244,0.025,0.0742,126.07941742236008
Mon Aug 05 2024 01:00:00 GMT+0100 (British Summer Time),0.0114,0.025,0.0742,0
Mon Aug 05 2024 02:00:00 GMT+0100 (British Summer Time),0.0114,0.025,0.0742,0
Mon Aug 05 2024 03:00:00 GMT+0100 (British Summer Time),0.0114,0.0248,0.0742,0
Mon Aug 05 2024 04:00:00 GMT+0100 (British Summer Time),0.0114,0.0248,0.0742,0
Mon Aug 05 2024 05:00:00 GMT+0100 (British Summer Time),0.0303,0.0271,0.0747,19621.108138591917
Mon Aug 05 2024 06:00:00 GMT+0100 (British Summer Time),0.0322,0.0273,0.0747,0
Mon Aug 05 2024 07:00:00 GMT+0100 (British Summer Time),0.0322,0.0273,0.075,11189.15513633675
Mon Aug 05 2024 08:00:00 GMT+0100 (British Summer Time),0.0322,0.0273,0.075,0
Mon Aug 05 2024 09:00:00 GMT+0100 (British Summer Time),0.0322,0.0273,0.075,973.357442103125
Mon Aug 05 2024 10:00:00 GMT+0100 (British Summer Time),0.0322,0.0273,0.075,0
Mon Aug 05 2024 11:00:00 GMT+0100 (British Summer Time),0.0322,0.0273,0.075,0
Mon Aug 05 2024 12:00:00 GMT+0100 (British Summer Time),0.0282,0.0284,0.075,0
Mon Aug 05 2024 13:00:00 GMT+0100 (British Summer Time),0.0282,0.0284,0.075,2319.8755221516476
Mon Aug 05 2024 14:00:00 GMT+0100 (British Summer Time),0.0302,0.0287,0.0751,0
Mon Aug 05 2024 15:00:00 GMT+0100 (British Summer Time),0.0302,0.0287,0.0751,0
Mon Aug 05 2024 16:00:00 GMT+0100 (British Summer Time),0.0302,0.027,0.0751,0
Mon Aug 05 2024 17:00:00 GMT+0100 (British Summer Time),0.0302,0.027,0.0751,0
Mon Aug 05 2024 18:00:00 GMT+0100 (British Summer Time),0.0302,0.027,0.0756,24403.34338535739
Mon Aug 05 2024 19:00:00 GMT+0100 (British Summer Time),0.0302,0.027,0.0756,0
Mon Aug 05 2024 20:00:00 GMT+0100 (British Summer Time),0.0302,0.027,0.0756,0
Mon Aug 05 2024 21:00:00 GMT+0100 (British Summer Time),0.0302,0.027,0.0758,6456.342829796484
Mon Aug 05 2024 22:00:00 GMT+0100 (British Summer Time),0.0302,0.027,0.0758,0
Mon Aug 05 2024 23:00:00 GMT+0100 (British Summer Time),0.0302,0.027,0.0758,0
Tue Aug 06 2024 00:00:00 GMT+0100 (British Summer Time),0.0302,0.027,0.0758,0
Tue Aug 06 2024 01:00:00 GMT+0100 (British Summer Time),0.0435,0.0289,0.0758,0
Tue Aug 06 2024 02:00:00 GMT+0100 (British Summer Time),0.0435,0.0289,0.0758,0
Tue Aug 06 2024 03:00:00 GMT+0100 (British Summer Time),0.0455,0.0274,0.0758,1631.6711780621058
Tue Aug 06 2024 04:00:00 GMT+0100 (British Summer Time),0.0476,0.0277,0.0758,0
Tue Aug 06 2024 05:00:00 GMT+0100 (British Summer Time),0.0284,0.0277,0.0758,0
Tue Aug 06 2024 06:00:00 GMT+0100 (British Summer Time),0.0284,0.028,0.0728,131154.7686657792
Tue Aug 06 2024 07:00:00 GMT+0100 (British Summer Time),0.0284,0.028,0.0728,445.37328087158295
Tue Aug 06 2024 08:00:00 GMT+0100 (British Summer Time),0.0303,0.0283,0.0634,557830.2767911945
Tue Aug 06 2024 09:00:00 GMT+0100 (British Summer Time),0.0303,0.0283,0.0634,0
Tue Aug 06 2024 10:00:00 GMT+0100 (British Summer Time),0.0303,0.0283,0.0625,46848.57044657279
Tue Aug 06 2024 11:00:00 GMT+0100 (British Summer Time),0.0303,0.0283,0.0627,5900.592823750158
Tue Aug 06 2024 12:00:00 GMT+0100 (British Summer Time),0.0227,0.0283,0.0627,0
Tue Aug 06 2024 13:00:00 GMT+0100 (British Summer Time),0.0227,0.0283,0.0627,321.901060374421
Tue Aug 06 2024 14:00:00 GMT+0100 (British Summer Time),0.0207,0.0283,0.0628,3555.0008929478936
Tue Aug 06 2024 15:00:00 GMT+0100 (British Summer Time),0.0207,0.0283,0.0627,2509.0719750359267
Tue Aug 06 2024 16:00:00 GMT+0100 (British Summer Time),0.0314,0.0298,0.0627,0
Tue Aug 06 2024 17:00:00 GMT+0100 (British Summer Time),0.0314,0.0277,0.0627,0
Tue Aug 06 2024 18:00:00 GMT+0100 (British Summer Time),0.0314,0.0277,0.0673,265306.7140743872
Tue Aug 06 2024 19:00:00 GMT+0100 (British Summer Time),0.0314,0.0277,0.0675,6090.544805535144
Tue Aug 06 2024 20:00:00 GMT+0100 (British Summer Time),0.0314,0.0277,0.0675,289163.41371736326
Tue Aug 06 2024 21:00:00 GMT+0100 (British Summer Time),0.0314,0.0277,0.0703,0
Tue Aug 06 2024 22:00:00 GMT+0100 (British Summer Time),0.0314,0.0267,0.0703,0
Tue Aug 06 2024 23:00:00 GMT+0100 (British Summer Time),0.0314,0.0267,0.0703,0
Wed Aug 07 2024 00:00:00 GMT+0100 (British Summer Time),0.0425,0.028,0.0704,7013.165010501849
Wed Aug 07 2024 01:00:00 GMT+0100 (British Summer Time),0.0292,0.0277,0.0707,9823.652114018247
Wed Aug 07 2024 02:00:00 GMT+0100 (British Summer Time),0.0292,0.0277,0.0724,353304.52269827336
Wed Aug 07 2024 03:00:00 GMT+0100 (British Summer Time),0.0272,0.0274,0.0724,73.65920674256006
Wed Aug 07 2024 04:00:00 GMT+0100 (British Summer Time),0.0251,0.0274,0.0724,0
Wed Aug 07 2024 05:00:00 GMT+0100 (British Summer Time),0.0251,0.0272,0.0723,6928.8682246455055
Wed Aug 07 2024 06:00:00 GMT+0100 (British Summer Time),0.0232,0.0272,0.0723,0
Wed Aug 07 2024 07:00:00 GMT+0100 (British Summer Time),0.0232,0.0272,0.0723,0
Wed Aug 07 2024 08:00:00 GMT+0100 (British Summer Time),0.0329,0.0288,0.0723,0
Wed Aug 07 2024 09:00:00 GMT+0100 (British Summer Time),0.0329,0.0288,0.0721,5071.633004739857
Wed Aug 07 2024 10:00:00 GMT+0100 (British Summer Time),0.0329,0.0288,0.0721,0
Wed Aug 07 2024 11:00:00 GMT+0100 (British Summer Time),0.0329,0.0288,0.0721,0
Wed Aug 07 2024 12:00:00 GMT+0100 (British Summer Time),0.0329,0.0288,0.0722,2520.3439694802437
Wed Aug 07 2024 13:00:00 GMT+0100 (British Summer Time),0.0329,0.0276,0.0722,0
Wed Aug 07 2024 14:00:00 GMT+0100 (British Summer Time),0.0329,0.0274,0.0722,0
Wed Aug 07 2024 15:00:00 GMT+0100 (British Summer Time),0.0329,0.0274,0.0722,0
Wed Aug 07 2024 16:00:00 GMT+0100 (British Summer Time),0.0328,0.0286,0.0722,0
Wed Aug 07 2024 17:00:00 GMT+0100 (British Summer Time),0.0328,0.0286,0.0722,0
Wed Aug 07 2024 18:00:00 GMT+0100 (British Summer Time),0.0328,0.0286,0.0722,0
Wed Aug 07 2024 19:00:00 GMT+0100 (British Summer Time),0.0328,0.0286,0.0741,124652.19797748492
Wed Aug 07 2024 20:00:00 GMT+0100 (British Summer Time),0.0328,0.0286,0.0793,289439.101878254
Wed Aug 07 2024 21:00:00 GMT+0100 (British Summer Time),0.0328,0.0286,0.0793,0
Wed Aug 07 2024 22:00:00 GMT+0100 (British Summer Time),0.0328,0.0286,0.0793,0
Wed Aug 07 2024 23:00:00 GMT+0100 (British Summer Time),0.0328,0.0286,0.0793,0
Thu Aug 08 2024 00:00:00 GMT+0100 (British Summer Time),0.0336,0.0303,0.0793,0
Thu Aug 08 2024 01:00:00 GMT+0100 (British Summer Time),0.0336,0.0303,0.0745,197795.97723840378
Thu Aug 08 2024 02:00:00 GMT+0100 (British Summer Time),0.0336,0.0303,0.0745,0
Thu Aug 08 2024 03:00:00 GMT+0100 (British Summer Time),0.0336,0.0283,0.0745,0
Thu Aug 08 2024 04:00:00 GMT+0100 (British Summer Time),0.0336,0.0283,0.0745,0
Thu Aug 08 2024 05:00:00 GMT+0100 (British Summer Time),0.0336,0.0283,0.0745,0
Thu Aug 08 2024 06:00:00 GMT+0100 (British Summer Time),0.0336,0.0283,0.0745,0
Thu Aug 08 2024 07:00:00 GMT+0100 (British Summer Time),0.0336,0.0283,0.0745,241.51379965093588
Thu Aug 08 2024 08:00:00 GMT+0100 (British Summer Time),0.0331,0.0299,0.0745,9156.208604903213
Thu Aug 08 2024 09:00:00 GMT+0100 (British Summer Time),0.0331,0.0299,0.0747,0
Thu Aug 08 2024 10:00:00 GMT+0100 (British Summer Time),0.0331,0.0299,0.0747,0
Thu Aug 08 2024 11:00:00 GMT+0100 (British Summer Time),0.0331,0.0299,0.0747,0
Thu Aug 08 2024 12:00:00 GMT+0100 (British Summer Time),0.0331,0.0299,0.0747,0
Thu Aug 08 2024 13:00:00 GMT+0100 (British Summer Time),0.0331,0.0299,0.0747,0
Thu Aug 08 2024 14:00:00 GMT+0100 (British Summer Time),0.0331,0.028,0.0747,0
Thu Aug 08 2024 15:00:00 GMT+0100 (British Summer Time),0.0331,0.028,0.0747,0
Thu Aug 08 2024 16:00:00 GMT+0100 (British Summer Time),0.0226,0.028,0.0746,1605.5575330440493
Thu Aug 08 2024 17:00:00 GMT+0100 (British Summer Time),0.0397,0.0305,0.0746,0
Thu Aug 08 2024 18:00:00 GMT+0100 (British Summer Time),0.0397,0.0305,0.0702,270500.60909232113
Thu Aug 08 2024 19:00:00 GMT+0100 (British Summer Time),0.0397,0.0305,0.0702,3.9684456893844002
Thu Aug 08 2024 20:00:00 GMT+0100 (British Summer Time),0.0397,0.0305,0.0702,0
Thu Aug 08 2024 21:00:00 GMT+0100 (British Summer Time),0.0397,0.0294,0.0702,24.323963263444654
Thu Aug 08 2024 22:00:00 GMT+0100 (British Summer Time),0.0397,0.0291,0.0702,1.6151589154242558
Thu Aug 08 2024 23:00:00 GMT+0100 (British Summer Time),0.0397,0.0291,0.0702,0
Fri Aug 09 2024 00:00:00 GMT+0100 (British Summer Time),0.0278,0.0288,0.0702,0
Fri Aug 09 2024 01:00:00 GMT+0100 (British Summer Time),0.0413,0.0304,0.0702,0
Fri Aug 09 2024 02:00:00 GMT+0100 (British Summer Time),0.0413,0.0304,0.0702,0
Fri Aug 09 2024 03:00:00 GMT+0100 (British Summer Time),0.0413,0.0302,0.0702,0
Fri Aug 09 2024 04:00:00 GMT+0100 (British Summer Time),0.0413,0.0302,0.0681,102041.50971353934
Fri Aug 09 2024 05:00:00 GMT+0100 (British Summer Time),0.0413,0.0299,0.0681,3484.014515156185
Fri Aug 09 2024 06:00:00 GMT+0100 (British Summer Time),0.0413,0.0299,0.0681,264.99437834203025
Fri Aug 09 2024 07:00:00 GMT+0100 (British Summer Time),0.0413,0.0299,0.0682,1337.4419458580867
Fri Aug 09 2024 08:00:00 GMT+0100 (British Summer Time),0.0301,0.0299,0.0682,5.622141504092545
Fri Aug 09 2024 09:00:00 GMT+0100 (British Summer Time),0.0433,0.0318,0.0682,2509.4448511228316
Fri Aug 09 2024 10:00:00 GMT+0100 (British Summer Time),0.0433,0.0318,0.0691,41148.84811902619
Fri Aug 09 2024 11:00:00 GMT+0100 (British Summer Time),0.0433,0.0318,0.0694,9600.70922049912
Fri Aug 09 2024 12:00:00 GMT+0100 (British Summer Time),0.0433,0.0318,0.0694,0
Fri Aug 09 2024 13:00:00 GMT+0100 (British Summer Time),0.0433,0.0318,0.0708,119237.69205890462
Fri Aug 09 2024 14:00:00 GMT+0100 (British Summer Time),0.0433,0.0318,0.0708,0
Fri Aug 09 2024 15:00:00 GMT+0100 (British Summer Time),0.0433,0.0318,0.0708,0
Fri Aug 09 2024 16:00:00 GMT+0100 (British Summer Time),0.0433,0.03,0.0708,12.140785171522827
Fri Aug 09 2024 17:00:00 GMT+0100 (British Summer Time),0.0392,0.0319,0.0708,0
Fri Aug 09 2024 18:00:00 GMT+0100 (British Summer Time),0.0392,0.0319,0.071,5254.842660724802
Fri Aug 09 2024 19:00:00 GMT+0100 (British Summer Time),0.0392,0.0319,0.071,0
Fri Aug 09 2024 20:00:00 GMT+0100 (British Summer Time),0.0392,0.0319,0.071,0
Fri Aug 09 2024 21:00:00 GMT+0100 (British Summer Time),0.0392,0.0319,0.071,0
Fri Aug 09 2024 22:00:00 GMT+0100 (British Summer Time),0.0471,0.033,0.071,0
Fri Aug 09 2024 23:00:00 GMT+0100 (British Summer Time),0.0471,0.033,0.071,0
Sat Aug 10 2024 00:00:00 GMT+0100 (British Summer Time),0.0498,0.0334,0.071,0
Sat Aug 10 2024 01:00:00 GMT+0100 (British Summer Time),0.0362,0.0334,0.0654,469588.31616333214
Sat Aug 10 2024 02:00:00 GMT+0100 (British Summer Time),0.0362,0.0334,0.0654,0
Sat Aug 10 2024 03:00:00 GMT+0100 (British Summer Time),0.0416,0.0341,0.0654,0
Sat Aug 10 2024 04:00:00 GMT+0100 (British Summer Time),0.0443,0.0325,0.0654,312.7595772847982
Sat Aug 10 2024 05:00:00 GMT+0100 (British Summer Time),0.0443,0.0325,0.0654,0
Sat Aug 10 2024 06:00:00 GMT+0100 (British Summer Time),0.0471,0.0329,0.0654,0
Sat Aug 10 2024 07:00:00 GMT+0100 (British Summer Time),0.0471,0.0329,0.0654,0
Sat Aug 10 2024 08:00:00 GMT+0100 (British Summer Time),0.0497,0.0333,0.0641,60031.8050689409
Sat Aug 10 2024 09:00:00 GMT+0100 (British Summer Time),0.0393,0.0336,0.0641,58.106171928711376
Sat Aug 10 2024 10:00:00 GMT+0100 (British Summer Time),0.0393,0.0336,0.0641,0
Sat Aug 10 2024 11:00:00 GMT+0100 (British Summer Time),0.0419,0.034,0.0641,0
Sat Aug 10 2024 12:00:00 GMT+0100 (British Summer Time),0.0446,0.0344,0.0725,1353090.879457623
Sat Aug 10 2024 13:00:00 GMT+0100 (British Summer Time),0.0446,0.0344,0.0725,0
Sat Aug 10 2024 14:00:00 GMT+0100 (British Summer Time),0.0473,0.0331,0.0725,0
Sat Aug 10 2024 15:00:00 GMT+0100 (British Summer Time),0.0473,0.0331,0.0725,2227.305451250561
Sat Aug 10 2024 16:00:00 GMT+0100 (British Summer Time),0.05,0.0335,0.0725,2276.69435583862
Sat Aug 10 2024 17:00:00 GMT+0100 (British Summer Time),0.0368,0.0335,0.0726,0
Sat Aug 10 2024 18:00:00 GMT+0100 (British Summer Time),0.0368,0.0335,0.0726,0.08043708542044598
Sat Aug 10 2024 19:00:00 GMT+0100 (British Summer Time),0.0368,0.0335,0.0726,0
Sat Aug 10 2024 20:00:00 GMT+0100 (British Summer Time),0.0368,0.0335,0.0726,20.82045720391823
Sat Aug 10 2024 21:00:00 GMT+0100 (British Summer Time),0.0368,0.0335,0.0726,0
Sat Aug 10 2024 22:00:00 GMT+0100 (British Summer Time),0.0289,0.0335,0.0665,377591.2609128898
Sat Aug 10 2024 23:00:00 GMT+0100 (British Summer Time),0.0289,0.0335,0.0665,3.9647718641244425
Sun Aug 11 2024 00:00:00 GMT+0100 (British Summer Time),0.0263,0.0335,0.0665,121.41332156222833
Sun Aug 11 2024 01:00:00 GMT+0100 (British Summer Time),0.0263,0.0316,0.0665,827.4683869132117
Sun Aug 11 2024 02:00:00 GMT+0100 (British Summer Time),0.0263,0.0316,0.0665,132.72007370706592
Sun Aug 11 2024 03:00:00 GMT+0100 (British Summer Time),0.021,0.0316,0.0665,0
Sun Aug 11 2024 04:00:00 GMT+0100 (British Summer Time),0.0183,0.0316,0.0665,0
Sun Aug 11 2024 05:00:00 GMT+0100 (British Summer Time),0.0402,0.0347,0.0665,1090.5071996905326
Sun Aug 11 2024 06:00:00 GMT+0100 (British Summer Time),0.0375,0.0347,0.0665,0
Sun Aug 11 2024 07:00:00 GMT+0100 (British Summer Time),0.0375,0.0347,0.0665,0
Sun Aug 11 2024 08:00:00 GMT+0100 (British Summer Time),0.0348,0.0347,0.0666,2939.76371592153
Sun Aug 11 2024 09:00:00 GMT+0100 (British Summer Time),0.0321,0.0347,0.0668,9715.342883117779
Sun Aug 11 2024 10:00:00 GMT+0100 (British Summer Time),0.0321,0.0347,0.067,6793.404808096316
Sun Aug 11 2024 11:00:00 GMT+0100 (British Summer Time),0.0294,0.0347,0.0672,11796.844915311118
Sun Aug 11 2024 12:00:00 GMT+0100 (British Summer Time),0.0404,0.035,0.0672,0
Sun Aug 11 2024 13:00:00 GMT+0100 (British Summer Time),0.0404,0.035,0.0672,0
Sun Aug 11 2024 14:00:00 GMT+0100 (British Summer Time),0.0378,0.035,0.0699,314847.45901618834
Sun Aug 11 2024 15:00:00 GMT+0100 (British Summer Time),0.0378,0.035,0.0699,597.6971927768762
Sun Aug 11 2024 16:00:00 GMT+0100 (British Summer Time),0.0351,0.035,0.0699,0
Sun Aug 11 2024 17:00:00 GMT+0100 (British Summer Time),0.0351,0.035,0.0699,0
Sun Aug 11 2024 18:00:00 GMT+0100 (British Summer Time),0.0351,0.035,0.0688,50143.39965030864
Sun Aug 11 2024 19:00:00 GMT+0100 (British Summer Time),0.0351,0.035,0.0689,3244.2406912491515
Sun Aug 11 2024 20:00:00 GMT+0100 (British Summer Time),0.0481,0.0369,0.0686,14780.65453134179
Sun Aug 11 2024 21:00:00 GMT+0100 (British Summer Time),0.0481,0.0369,0.0686,0
Sun Aug 11 2024 22:00:00 GMT+0100 (British Summer Time),0.0481,0.0369,0.0686,724.4893391341345
Sun Aug 11 2024 23:00:00 GMT+0100 (British Summer Time),0.0481,0.0369,0.0626,282967.3663172964
Mon Aug 12 2024 00:00:00 GMT+0100 (British Summer Time),0.0481,0.0369,0.0632,23757.485677991663
Mon Aug 12 2024 01:00:00 GMT+0100 (British Summer Time),0.0481,0.0369,0.0632,0
Mon Aug 12 2024 02:00:00 GMT+0100 (British Summer Time),0.0481,0.0369,0.0632,0
Mon Aug 12 2024 03:00:00 GMT+0100 (British Summer Time),0.0481,0.0369,0.0632,0
Mon Aug 12 2024 04:00:00 GMT+0100 (British Summer Time),0.0481,0.0369,0.0632,0
Mon Aug 12 2024 05:00:00 GMT+0100 (British Summer Time),0.0395,0.036,0.0632,0
Mon Aug 12 2024 06:00:00 GMT+0100 (British Summer Time),0.0395,0.0358,0.0632,0
Mon Aug 12 2024 07:00:00 GMT+0100 (British Summer Time),0.0395,0.0358,0.0632,1580.763872485784
Mon Aug 12 2024 08:00:00 GMT+0100 (British Summer Time),0.0395,0.0358,0.0632,34.63400484097624
Mon Aug 12 2024 09:00:00 GMT+0100 (British Summer Time),0.0475,0.0369,0.0632,0
Mon Aug 12 2024 10:00:00 GMT+0100 (British Summer Time),0.0475,0.0369,0.0632,0
Mon Aug 12 2024 11:00:00 GMT+0100 (British Summer Time),0.0502,0.0373,0.0632,0
Mon Aug 12 2024 12:00:00 GMT+0100 (British Summer Time),0.0364,0.0362,0.0632,0
Mon Aug 12 2024 13:00:00 GMT+0100 (British Summer Time),0.0364,0.0362,0.0632,0
Mon Aug 12 2024 14:00:00 GMT+0100 (British Summer Time),0.0419,0.0367,0.0632,0
Mon Aug 12 2024 15:00:00 GMT+0100 (British Summer Time),0.0419,0.0367,0.0632,0
Mon Aug 12 2024 16:00:00 GMT+0100 (British Summer Time),0.0447,0.0371,0.063,9609.703651655016
Mon Aug 12 2024 17:00:00 GMT+0100 (British Summer Time),0.0474,0.0375,0.063,0
Mon Aug 12 2024 18:00:00 GMT+0100 (British Summer Time),0.0474,0.0375,0.063,4.808790815493911
Mon Aug 12 2024 19:00:00 GMT+0100 (British Summer Time),0.0501,0.0378,0.063,0
Mon Aug 12 2024 20:00:00 GMT+0100 (British Summer Time),0.0371,0.0378,0.0579,909438.714717138
Mon Aug 12 2024 21:00:00 GMT+0100 (British Summer Time),0.0398,0.0382,0.0579,0
Mon Aug 12 2024 22:00:00 GMT+0100 (British Summer Time),0.0424,0.0386,0.0579,0
Mon Aug 12 2024 23:00:00 GMT+0100 (British Summer Time),0.0424,0.0386,0.0584,45801.27710068278
Tue Aug 13 2024 00:00:00 GMT+0100 (British Summer Time),0.0451,0.039,0.0584,35334.71502567582
Tue Aug 13 2024 01:00:00 GMT+0100 (British Summer Time),0.0478,0.0375,0.0584,0
Tue Aug 13 2024 02:00:00 GMT+0100 (British Summer Time),0.0478,0.0375,0.0585,682.8886181090253
Tue Aug 13 2024 03:00:00 GMT+0100 (British Summer Time),0.0506,0.0376,0.0585,3116.540833824548
Tue Aug 13 2024 04:00:00 GMT+0100 (British Summer Time),0.0506,0.0373,0.0585,2609.957657872553
Tue Aug 13 2024 05:00:00 GMT+0100 (British Summer Time),0.0396,0.0376,0.0585,0
Tue Aug 13 2024 06:00:00 GMT+0100 (British Summer Time),0.0422,0.0377,0.0585,0
Tue Aug 13 2024 07:00:00 GMT+0100 (British Summer Time),0.0422,0.0377,0.0588,10585.44647935499
Tue Aug 13 2024 08:00:00 GMT+0100 (British Summer Time),0.0422,0.0375,0.0588,0
Tue Aug 13 2024 09:00:00 GMT+0100 (British Summer Time),0.0342,0.0375,0.0588,0
Tue Aug 13 2024 10:00:00 GMT+0100 (British Summer Time),0.0342,0.0375,0.0588,6.273799168890417
Tue Aug 13 2024 11:00:00 GMT+0100 (British Summer Time),0.0397,0.0386,0.0588,0
Tue Aug 13 2024 12:00:00 GMT+0100 (British Summer Time),0.0397,0.0386,0.0598,36566.05265245146
Tue Aug 13 2024 13:00:00 GMT+0100 (British Summer Time),0.0397,0.0386,0.0598,936.0620446130241
Tue Aug 13 2024 14:00:00 GMT+0100 (British Summer Time),0.0342,0.0386,0.0598,0
Tue Aug 13 2024 15:00:00 GMT+0100 (British Summer Time),0.0342,0.0386,0.0598,99.9461141947029
Tue Aug 13 2024 16:00:00 GMT+0100 (British Summer Time),0.0315,0.0371,0.0598,100.97500036336126
Tue Aug 13 2024 17:00:00 GMT+0100 (British Summer Time),0.0288,0.0371,0.0598,0
Tue Aug 13 2024 18:00:00 GMT+0100 (British Summer Time),0.0288,0.0371,0.0598,0
Tue Aug 13 2024 19:00:00 GMT+0100 (British Summer Time),0.0391,0.0389,0.0593,16072.626499263246
Tue Aug 13 2024 20:00:00 GMT+0100 (British Summer Time),0.0391,0.0389,0.0593,0
Tue Aug 13 2024 21:00:00 GMT+0100 (British Summer Time),0.0364,0.0389,0.0593,0
Tue Aug 13 2024 22:00:00 GMT+0100 (British Summer Time),0.0338,0.0389,0.0593,0
Tue Aug 13 2024 23:00:00 GMT+0100 (British Summer Time),0.0338,0.0389,0.0593,0
Wed Aug 14 2024 00:00:00 GMT+0100 (British Summer Time),0.0311,0.0374,0.0593,0
Wed Aug 14 2024 01:00:00 GMT+0100 (British Summer Time),0.0284,0.0374,0.0593,0
Wed Aug 14 2024 02:00:00 GMT+0100 (British Summer Time),0.0284,0.0374,0.0599,21850.268693956004
Wed Aug 14 2024 03:00:00 GMT+0100 (British Summer Time),0.0388,0.0392,0.0599,0
Wed Aug 14 2024 04:00:00 GMT+0100 (British Summer Time),0.0388,0.0392,0.0599,2853.34926287351
Wed Aug 14 2024 05:00:00 GMT+0100 (British Summer Time),0.0362,0.0392,0.0599,0
Wed Aug 14 2024 06:00:00 GMT+0100 (British Summer Time),0.0336,0.0392,0.0599,0
Wed Aug 14 2024 07:00:00 GMT+0100 (British Summer Time),0.0336,0.0392,0.0629,430279.4092588113
Wed Aug 14 2024 08:00:00 GMT+0100 (British Summer Time),0.0336,0.0376,0.0629,0
Wed Aug 14 2024 09:00:00 GMT+0100 (British Summer Time),0.0336,0.0376,0.063,2704.975898761224
Wed Aug 14 2024 10:00:00 GMT+0100 (British Summer Time),0.0336,0.0376,0.0632,22163.27216977346
Wed Aug 14 2024 11:00:00 GMT+0100 (British Summer Time),0.0387,0.0395,0.0632,0
Wed Aug 14 2024 12:00:00 GMT+0100 (British Summer Time),0.0387,0.0395,0.0632,0
Wed Aug 14 2024 13:00:00 GMT+0100 (British Summer Time),0.0387,0.0395,0.0632,263.87748105758703
Wed Aug 14 2024 14:00:00 GMT+0100 (British Summer Time),0.0387,0.0395,0.0632,0
Wed Aug 14 2024 15:00:00 GMT+0100 (British Summer Time),0.0387,0.0395,0.0628,14370.881016013873
Wed Aug 14 2024 16:00:00 GMT+0100 (British Summer Time),0.0387,0.0379,0.0628,344.8466300359954
Wed Aug 14 2024 17:00:00 GMT+0100 (British Summer Time),0.0387,0.0379,0.0628,0
Wed Aug 14 2024 18:00:00 GMT+0100 (British Summer Time),0.0387,0.0379,0.0628,0
Wed Aug 14 2024 19:00:00 GMT+0100 (British Summer Time),0.0357,0.0394,0.0601,170815.71342193612
Wed Aug 14 2024 20:00:00 GMT+0100 (British Summer Time),0.0357,0.0394,0.0601,0
Wed Aug 14 2024 21:00:00 GMT+0100 (British Summer Time),0.0357,0.0394,0.0666,393765.8903214218
Wed Aug 14 2024 22:00:00 GMT+0100 (British Summer Time),0.0357,0.0394,0.0666,1.6476544073744797
Wed Aug 14 2024 23:00:00 GMT+0100 (British Summer Time),0.0357,0.0394,0.0666,0
Thu Aug 15 2024 00:00:00 GMT+0100 (British Summer Time),0.0357,0.0377,0.0664,9765.743906329571
Thu Aug 15 2024 01:00:00 GMT+0100 (British Summer Time),0.0357,0.0377,0.0664,0
Thu Aug 15 2024 02:00:00 GMT+0100 (British Summer Time),0.0357,0.0377,0.0664,0
Thu Aug 15 2024 03:00:00 GMT+0100 (British Summer Time),0.0318,0.039,0.0664,0
Thu Aug 15 2024 04:00:00 GMT+0100 (British Summer Time),0.0318,0.039,0.0664,0
Thu Aug 15 2024 05:00:00 GMT+0100 (British Summer Time),0.0318,0.039,0.0664,0
Thu Aug 15 2024 06:00:00 GMT+0100 (British Summer Time),0.0318,0.039,0.0664,0
Thu Aug 15 2024 07:00:00 GMT+0100 (British Summer Time),0.0318,0.039,0.0664,13070.054078951254
Thu Aug 15 2024 08:00:00 GMT+0100 (British Summer Time),0.0318,0.0374,0.0664,0
Thu Aug 15 2024 09:00:00 GMT+0100 (British Summer Time),0.0318,0.0374,0.0663,175.44419723217777
Thu Aug 15 2024 10:00:00 GMT+0100 (British Summer Time),0.0318,0.0374,0.0663,0
Thu Aug 15 2024 11:00:00 GMT+0100 (British Summer Time),0.0269,0.0386,0.0663,0
Thu Aug 15 2024 12:00:00 GMT+0100 (British Summer Time),0.0269,0.0386,0.0663,0
Thu Aug 15 2024 13:00:00 GMT+0100 (British Summer Time),0.0269,0.0386,0.0663,0
Thu Aug 15 2024 14:00:00 GMT+0100 (British Summer Time),0.0269,0.0386,0.0663,0
Thu Aug 15 2024 15:00:00 GMT+0100 (British Summer Time),0.0269,0.0386,0.0663,0
Thu Aug 15 2024 16:00:00 GMT+0100 (British Summer Time),0.0269,0.0386,0.0663,0
Thu Aug 15 2024 17:00:00 GMT+0100 (British Summer Time),0.0269,0.0361,0.0663,0
Thu Aug 15 2024 18:00:00 GMT+0100 (British Summer Time),0.0269,0.0361,0.0663,0
Thu Aug 15 2024 19:00:00 GMT+0100 (British Summer Time),0.0271,0.0376,0.073,251252.79959221045
Thu Aug 15 2024 20:00:00 GMT+0100 (British Summer Time),0.0271,0.0376,0.073,0
Thu Aug 15 2024 21:00:00 GMT+0100 (British Summer Time),0.0271,0.0376,0.073,0
Thu Aug 15 2024 22:00:00 GMT+0100 (British Summer Time),0.0271,0.0376,0.073,0
Thu Aug 15 2024 23:00:00 GMT+0100 (British Summer Time),0.0271,0.0376,0.0717,51525.642962551814
Fri Aug 16 2024 00:00:00 GMT+0100 (British Summer Time),0.033,0.0384,0.0585,685729.667233652
Fri Aug 16 2024 01:00:00 GMT+0100 (British Summer Time),0.0349,0.0367,0.0585,137.59567318880153
Fri Aug 16 2024 02:00:00 GMT+0100 (British Summer Time),0.0349,0.0367,0.0585,2077.436385667701
Fri Aug 16 2024 03:00:00 GMT+0100 (British Summer Time),0.0274,0.037,0.0585,0
Fri Aug 16 2024 04:00:00 GMT+0100 (British Summer Time),0.0274,0.037,0.0585,924.7836859575227
Fri Aug 16 2024 05:00:00 GMT+0100 (British Summer Time),0.029,0.0372,0.0585,0
Fri Aug 16 2024 06:00:00 GMT+0100 (British Summer Time),0.029,0.0372,0.0585,0
Fri Aug 16 2024 07:00:00 GMT+0100 (British Summer Time),0.029,0.0372,0.0585,102.95713188746481
Fri Aug 16 2024 08:00:00 GMT+0100 (British Summer Time),0.029,0.0372,0.0585,0
Fri Aug 16 2024 09:00:00 GMT+0100 (British Summer Time),0.029,0.0353,0.0585,0
Fri Aug 16 2024 10:00:00 GMT+0100 (British Summer Time),0.029,0.0353,0.0591,19181.603455882218
Fri Aug 16 2024 11:00:00 GMT+0100 (British Summer Time),0.0207,0.0353,0.0596,20159.891842781133
Fri Aug 16 2024 12:00:00 GMT+0100 (British Summer Time),0.0207,0.0353,0.0596,0
Fri Aug 16 2024 13:00:00 GMT+0100 (British Summer Time),0.0291,0.0365,0.0596,36.01444100972843
Fri Aug 16 2024 14:00:00 GMT+0100 (British Summer Time),0.0291,0.0365,0.0596,0
Fri Aug 16 2024 15:00:00 GMT+0100 (British Summer Time),0.0291,0.0365,0.0594,586661.366422162
Fri Aug 16 2024 16:00:00 GMT+0100 (British Summer Time),0.0291,0.0365,0.0594,17.31022816446866
Fri Aug 16 2024 17:00:00 GMT+0100 (British Summer Time),0.0291,0.0347,0.0648,256161.77156541977
Fri Aug 16 2024 18:00:00 GMT+0100 (British Summer Time),0.0291,0.0347,0.0648,0
Fri Aug 16 2024 19:00:00 GMT+0100 (British Summer Time),0.019,0.0347,0.0648,0
Fri Aug 16 2024 20:00:00 GMT+0100 (British Summer Time),0.019,0.0347,0.0651,10948.41434398778
Fri Aug 16 2024 21:00:00 GMT+0100 (British Summer Time),0.0286,0.0361,0.0651,48.71488685312869
Fri Aug 16 2024 22:00:00 GMT+0100 (British Summer Time),0.0286,0.0349,0.0653,7295.830488429968
Fri Aug 16 2024 23:00:00 GMT+0100 (British Summer Time),0.0286,0.0349,0.0653,0
Sat Aug 17 2024 00:00:00 GMT+0100 (British Summer Time),0.0228,0.0346,0.0639,51875.367540705185
Sat Aug 17 2024 01:00:00 GMT+0100 (British Summer Time),0.0209,0.0346,0.0639,0
Sat Aug 17 2024 02:00:00 GMT+0100 (British Summer Time),0.0209,0.0346,0.0639,0
Sat Aug 17 2024 03:00:00 GMT+0100 (British Summer Time),0.0193,0.0338,0.0639,0
Sat Aug 17 2024 04:00:00 GMT+0100 (British Summer Time),0.0193,0.0334,0.064,4013.8086966663127
Sat Aug 17 2024 05:00:00 GMT+0100 (British Summer Time),0.0257,0.0346,0.0643,11626.119594647596
Sat Aug 17 2024 06:00:00 GMT+0100 (British Summer Time),0.0257,0.0342,0.0646,8129.532249481046
Sat Aug 17 2024 07:00:00 GMT+0100 (British Summer Time),0.0257,0.0342,0.0632,51988.58207032658
Sat Aug 17 2024 08:00:00 GMT+0100 (British Summer Time),0.0257,0.0338,0.0632,0
Sat Aug 17 2024 09:00:00 GMT+0100 (British Summer Time),0.0257,0.0334,0.0632,0
Sat Aug 17 2024 10:00:00 GMT+0100 (British Summer Time),0.0257,0.0334,0.0632,1736.1362520312196
Sat Aug 17 2024 11:00:00 GMT+0100 (British Summer Time),0.0257,0.033,0.0632,0
Sat Aug 17 2024 12:00:00 GMT+0100 (British Summer Time),0.0336,0.0338,0.0632,0
Sat Aug 17 2024 13:00:00 GMT+0100 (British Summer Time),0.0253,0.0338,0.0632,0
Sat Aug 17 2024 14:00:00 GMT+0100 (British Summer Time),0.0253,0.0334,0.0703,328969.0840173224
Sat Aug 17 2024 15:00:00 GMT+0100 (British Summer Time),0.0253,0.0334,0.0703,0
Sat Aug 17 2024 16:00:00 GMT+0100 (British Summer Time),0.0253,0.033,0.0703,0
Sat Aug 17 2024 17:00:00 GMT+0100 (British Summer Time),0.0253,0.033,0.0703,0
Sat Aug 17 2024 18:00:00 GMT+0100 (British Summer Time),0.0253,0.033,0.0703,0
Sat Aug 17 2024 19:00:00 GMT+0100 (British Summer Time),0.0253,0.033,0.0684,104638.91261882262
Sat Aug 17 2024 20:00:00 GMT+0100 (British Summer Time),0.0387,0.0349,0.0684,0
Sat Aug 17 2024 21:00:00 GMT+0100 (British Summer Time),0.029,0.0349,0.078,373067.607504021
Sat Aug 17 2024 22:00:00 GMT+0100 (British Summer Time),0.029,0.0349,0.0721,251951.2925157373
Sat Aug 17 2024 23:00:00 GMT+0100 (British Summer Time),0.029,0.0349,0.0721,488.9476553562399
Sun Aug 18 2024 00:00:00 GMT+0100 (British Summer Time),0.029,0.0349,0.0721,0
Sun Aug 18 2024 01:00:00 GMT+0100 (British Summer Time),0.029,0.0349,0.0721,0
Sun Aug 18 2024 02:00:00 GMT+0100 (British Summer Time),0.029,0.0349,0.071,40338.26679892202
Sun Aug 18 2024 03:00:00 GMT+0100 (British Summer Time),0.029,0.0349,0.071,0
Sun Aug 18 2024 04:00:00 GMT+0100 (British Summer Time),0.0393,0.0364,0.071,0
Sun Aug 18 2024 05:00:00 GMT+0100 (British Summer Time),0.0311,0.0333,0.071,0
Sun Aug 18 2024 06:00:00 GMT+0100 (British Summer Time),0.0311,0.0333,0.071,0
Sun Aug 18 2024 07:00:00 GMT+0100 (British Summer Time),0.0311,0.0333,0.071,0
Sun Aug 18 2024 08:00:00 GMT+0100 (British Summer Time),0.0311,0.0333,0.071,0
Sun Aug 18 2024 09:00:00 GMT+0100 (British Summer Time),0.0311,0.0333,0.071,0
Sun Aug 18 2024 10:00:00 GMT+0100 (British Summer Time),0.0311,0.0333,0.071,0
Sun Aug 18 2024 11:00:00 GMT+0100 (British Summer Time),0.0311,0.0333,0.071,0
Sun Aug 18 2024 12:00:00 GMT+0100 (British Summer Time),0.0319,0.0325,0.071,0
Sun Aug 18 2024 13:00:00 GMT+0100 (British Summer Time),0.0319,0.0325,0.071,0
Sun Aug 18 2024 14:00:00 GMT+0100 (British Summer Time),0.0319,0.0325,0.071,0
Sun Aug 18 2024 15:00:00 GMT+0100 (British Summer Time),0.0319,0.0325,0.0763,656770.6273691276
Sun Aug 18 2024 16:00:00 GMT+0100 (British Summer Time),0.0319,0.0325,0.0763,707.1922549458484
Sun Aug 18 2024 17:00:00 GMT+0100 (British Summer Time),0.0319,0.0325,0.0763,0
Sun Aug 18 2024 18:00:00 GMT+0100 (British Summer Time),0.0319,0.0325,0.0764,2714.64170765287
Sun Aug 18 2024 19:00:00 GMT+0100 (British Summer Time),0.0319,0.0325,0.0764,0
Sun Aug 18 2024 20:00:00 GMT+0100 (British Summer Time),0.0281,0.0321,0.0764,0
Sun Aug 18 2024 21:00:00 GMT+0100 (British Summer Time),0.0281,0.0321,0.0764,0
Sun Aug 18 2024 22:00:00 GMT+0100 (British Summer Time),0.0281,0.0321,0.0764,0
Sun Aug 18 2024 23:00:00 GMT+0100 (British Summer Time),0.0281,0.0321,0.0764,0
Mon Aug 19 2024 00:00:00 GMT+0100 (British Summer Time),0.0281,0.0321,0.0764,56.016635575405324
Mon Aug 19 2024 01:00:00 GMT+0100 (British Summer Time),0.0281,0.0321,0.0764,0
Mon Aug 19 2024 02:00:00 GMT+0100 (British Summer Time),0.0281,0.0321,0.0763,2661.720618696023
Mon Aug 19 2024 03:00:00 GMT+0100 (British Summer Time),0.0281,0.0321,0.0763,0
Mon Aug 19 2024 04:00:00 GMT+0100 (British Summer Time),0.0259,0.0332,0.0763,0
Mon Aug 19 2024 05:00:00 GMT+0100 (British Summer Time),0.0259,0.0313,0.0763,0
Mon Aug 19 2024 06:00:00 GMT+0100 (British Summer Time),0.0259,0.0313,0.0763,0
Mon Aug 19 2024 07:00:00 GMT+0100 (British Summer Time),0.0259,0.0313,0.0763,0
Mon Aug 19 2024 08:00:00 GMT+0100 (British Summer Time),0.0259,0.0313,0.0763,74.48379886478217
Mon Aug 19 2024 09:00:00 GMT+0100 (British Summer Time),0.0259,0.0302,0.0763,0
Mon Aug 19 2024 10:00:00 GMT+0100 (British Summer Time),0.0259,0.0302,0.0763,0
Mon Aug 19 2024 11:00:00 GMT+0100 (British Summer Time),0.0259,0.0298,0.0763,0
Mon Aug 19 2024 12:00:00 GMT+0100 (British Summer Time),0.0173,0.0298,0.0763,0
Mon Aug 19 2024 13:00:00 GMT+0100 (British Summer Time),0.0173,0.0298,0.0763,0
Mon Aug 19 2024 14:00:00 GMT+0100 (British Summer Time),0.0268,0.0304,0.0763,0
Mon Aug 19 2024 15:00:00 GMT+0100 (British Summer Time),0.0268,0.0304,0.0763,401.37900856708916
Mon Aug 19 2024 16:00:00 GMT+0100 (British Summer Time),0.0268,0.03,0.0763,497.05594540775564
Mon Aug 19 2024 17:00:00 GMT+0100 (British Summer Time),0.0268,0.0296,0.0762,3827.333663151837
Mon Aug 19 2024 18:00:00 GMT+0100 (British Summer Time),0.0268,0.0296,0.0762,0
Mon Aug 19 2024 19:00:00 GMT+0100 (British Summer Time),0.0331,0.0301,0.0762,0
Mon Aug 19 2024 20:00:00 GMT+0100 (British Summer Time),0.0251,0.0304,0.0762,0
Mon Aug 19 2024 21:00:00 GMT+0100 (British Summer Time),0.0251,0.03,0.0762,0
Mon Aug 19 2024 22:00:00 GMT+0100 (British Summer Time),0.0251,0.0296,0.0828,262889.3657419927
Mon Aug 19 2024 23:00:00 GMT+0100 (British Summer Time),0.0251,0.0296,0.0828,0
Tue Aug 20 2024 00:00:00 GMT+0100 (British Summer Time),0.0251,0.0292,0.0825,10884.470268357574
Tue Aug 20 2024 01:00:00 GMT+0100 (British Summer Time),0.0251,0.0289,0.0862,149418.89314378647
Tue Aug 20 2024 02:00:00 GMT+0100 (British Summer Time),0.0251,0.0289,0.0862,918.7362433202453
Tue Aug 20 2024 03:00:00 GMT+0100 (British Summer Time),0.0251,0.0285,0.0862,0
Tue Aug 20 2024 04:00:00 GMT+0100 (British Summer Time),0.0258,0.0297,0.0862,0
Tue Aug 20 2024 05:00:00 GMT+0100 (British Summer Time),0.0258,0.0294,0.0862,0
Tue Aug 20 2024 06:00:00 GMT+0100 (British Summer Time),0.0258,0.029,0.0862,0
Tue Aug 20 2024 07:00:00 GMT+0100 (British Summer Time),0.0258,0.029,0.0862,0
Tue Aug 20 2024 08:00:00 GMT+0100 (British Summer Time),0.0258,0.029,0.0862,0
Tue Aug 20 2024 09:00:00 GMT+0100 (British Summer Time),0.0258,0.029,0.0864,6260.349154629446
Tue Aug 20 2024 10:00:00 GMT+0100 (British Summer Time),0.0258,0.029,0.0867,12943.947592376433
Tue Aug 20 2024 11:00:00 GMT+0100 (British Summer Time),0.0258,0.0278,0.0869,7035.142698299718
Tue Aug 20 2024 12:00:00 GMT+0100 (British Summer Time),0.0342,0.029,0.0869,1880.0948991543096
Tue Aug 20 2024 13:00:00 GMT+0100 (British Summer Time),0.0342,0.029,0.0866,13662.990434939911
Tue Aug 20 2024 14:00:00 GMT+0100 (British Summer Time),0.0246,0.029,0.0866,0
Tue Aug 20 2024 15:00:00 GMT+0100 (British Summer Time),0.0246,0.029,0.0826,160801.3861677614
Tue Aug 20 2024 16:00:00 GMT+0100 (British Summer Time),0.0246,0.029,0.0826,2.859699090699409
Tue Aug 20 2024 17:00:00 GMT+0100 (British Summer Time),0.0246,0.029,0.0826,0
Tue Aug 20 2024 18:00:00 GMT+0100 (British Summer Time),0.0246,0.029,0.0826,63.82677605644054
Tue Aug 20 2024 19:00:00 GMT+0100 (British Summer Time),0.0183,0.0272,0.0826,0
Tue Aug 20 2024 20:00:00 GMT+0100 (British Summer Time),0.0167,0.0272,0.0826,0
Tue Aug 20 2024 21:00:00 GMT+0100 (British Summer Time),0.0259,0.0285,0.0799,110588.53139248048
Tue Aug 20 2024 22:00:00 GMT+0100 (British Summer Time),0.0259,0.0285,0.0799,0
Tue Aug 20 2024 23:00:00 GMT+0100 (British Summer Time),0.0259,0.0285,0.0799,16.922342002020983
Wed Aug 21 2024 00:00:00 GMT+0100 (British Summer Time),0.0259,0.0285,0.0799,0
Wed Aug 21 2024 01:00:00 GMT+0100 (British Summer Time),0.0259,0.0285,0.0799,0
Wed Aug 21 2024 02:00:00 GMT+0100 (British Summer Time),0.0259,0.0285,0.0799,0
Wed Aug 21 2024 03:00:00 GMT+0100 (British Summer Time),0.0259,0.0266,0.0799,0
Wed Aug 21 2024 04:00:00 GMT+0100 (British Summer Time),0.0254,0.0278,0.0799,0
Wed Aug 21 2024 05:00:00 GMT+0100 (British Summer Time),0.0254,0.0278,0.0851,511156.8588279706
Wed Aug 21 2024 06:00:00 GMT+0100 (British Summer Time),0.0254,0.0278,0.085,4062.5509869784933
Wed Aug 21 2024 07:00:00 GMT+0100 (British Summer Time),0.0254,0.0278,0.085,779.5155740359293
Wed Aug 21 2024 08:00:00 GMT+0100 (British Summer Time),0.0254,0.0278,0.0724,1168646.508707157
Wed Aug 21 2024 09:00:00 GMT+0100 (British Summer Time),0.0254,0.0278,0.0724,0
Wed Aug 21 2024 10:00:00 GMT+0100 (British Summer Time),0.0254,0.0278,0.0723,1678.7726388317537
Wed Aug 21 2024 11:00:00 GMT+0100 (British Summer Time),0.0254,0.0259,0.0724,4958.128664734497
Wed Aug 21 2024 12:00:00 GMT+0100 (British Summer Time),0.025,0.0271,0.0726,5200.612801897152
Wed Aug 21 2024 13:00:00 GMT+0100 (British Summer Time),0.025,0.0271,0.0726,0
Wed Aug 21 2024 14:00:00 GMT+0100 (British Summer Time),0.025,0.0271,0.0727,2437.287653101067
Wed Aug 21 2024 15:00:00 GMT+0100 (British Summer Time),0.025,0.0271,0.0618,1359612.8613683619
Wed Aug 21 2024 16:00:00 GMT+0100 (British Summer Time),0.025,0.0271,0.0618,0
Wed Aug 21 2024 17:00:00 GMT+0100 (British Summer Time),0.025,0.0271,0.0624,22123.81165719506
Wed Aug 21 2024 18:00:00 GMT+0100 (British Summer Time),0.025,0.0271,0.0624,0
Wed Aug 21 2024 19:00:00 GMT+0100 (British Summer Time),0.025,0.0257,0.0624,0
Wed Aug 21 2024 20:00:00 GMT+0100 (British Summer Time),0.025,0.0257,0.0625,3094.1236663592535
Wed Aug 21 2024 21:00:00 GMT+0100 (British Summer Time),0.0258,0.0271,0.0625,21.72073292652488
Wed Aug 21 2024 22:00:00 GMT+0100 (British Summer Time),0.0258,0.0271,0.0629,15816.444263400128
Wed Aug 21 2024 23:00:00 GMT+0100 (British Summer Time),0.0258,0.0271,0.0709,628739.480813989
Thu Aug 22 2024 00:00:00 GMT+0100 (British Summer Time),0.0258,0.0271,0.0709,0
Thu Aug 22 2024 01:00:00 GMT+0100 (British Summer Time),0.0258,0.0271,0.0709,0
Thu Aug 22 2024 02:00:00 GMT+0100 (British Summer Time),0.0258,0.0271,0.0709,35.537297466473696
Thu Aug 22 2024 03:00:00 GMT+0100 (British Summer Time),0.0258,0.0258,0.0738,107594.37686133351
Thu Aug 22 2024 04:00:00 GMT+0100 (British Summer Time),0.0264,0.027,0.0739,8408.74838971085
Thu Aug 22 2024 05:00:00 GMT+0100 (British Summer Time),0.0264,0.027,0.0751,64797.17346212928
Thu Aug 22 2024 06:00:00 GMT+0100 (British Summer Time),0.0264,0.027,0.0752,3631.4299722160968
Thu Aug 22 2024 07:00:00 GMT+0100 (British Summer Time),0.0264,0.027,0.0756,15560.273297290449
Thu Aug 22 2024 08:00:00 GMT+0100 (British Summer Time),0.0264,0.027,0.065,1709404.6569227208
Thu Aug 22 2024 09:00:00 GMT+0100 (British Summer Time),0.0264,0.027,0.0653,11254.58088040909
Thu Aug 22 2024 10:00:00 GMT+0100 (British Summer Time),0.0264,0.027,0.0653,0
Thu Aug 22 2024 11:00:00 GMT+0100 (British Summer Time),0.0264,0.0259,0.0653,0
Thu Aug 22 2024 12:00:00 GMT+0100 (British Summer Time),0.0264,0.027,0.061,203785.93645859702
Thu Aug 22 2024 13:00:00 GMT+0100 (British Summer Time),0.0264,0.027,0.061,0
Thu Aug 22 2024 14:00:00 GMT+0100 (British Summer Time),0.0264,0.027,0.0573,868450.3132990006
Thu Aug 22 2024 15:00:00 GMT+0100 (British Summer Time),0.0264,0.027,0.0573,0
Thu Aug 22 2024 16:00:00 GMT+0100 (British Summer Time),0.0264,0.027,0.0573,264.48480889266835
Thu Aug 22 2024 17:00:00 GMT+0100 (British Summer Time),0.0264,0.027,0.057,9944.417339283078
Thu Aug 22 2024 18:00:00 GMT+0100 (British Summer Time),0.0264,0.027,0.057,0
Thu Aug 22 2024 19:00:00 GMT+0100 (British Summer Time),0.0264,0.0255,0.057,0
Thu Aug 22 2024 20:00:00 GMT+0100 (British Summer Time),0.0264,0.0255,0.057,0
Thu Aug 22 2024 21:00:00 GMT+0100 (British Summer Time),0.0164,0.0255,0.057,0
Thu Aug 22 2024 22:00:00 GMT+0100 (British Summer Time),0.0164,0.0255,0.057,0
Thu Aug 22 2024 23:00:00 GMT+0100 (British Summer Time),0.0164,0.0255,0.057,52.48064260124116
Fri Aug 23 2024 00:00:00 GMT+0100 (British Summer Time),0.0164,0.0247,0.057,0
Fri Aug 23 2024 01:00:00 GMT+0100 (British Summer Time),0.0164,0.0244,0.057,0
Fri Aug 23 2024 02:00:00 GMT+0100 (British Summer Time),0.0309,0.0265,0.057,1371195.1801850565
Fri Aug 23 2024 03:00:00 GMT+0100 (British Summer Time),0.0309,0.0263,0.0569,133191.21683075366
Fri Aug 23 2024 04:00:00 GMT+0100 (British Summer Time),0.0221,0.0263,0.0569,0
Fri Aug 23 2024 05:00:00 GMT+0100 (British Summer Time),0.0221,0.0261,0.0569,0
Fri Aug 23 2024 06:00:00 GMT+0100 (British Summer Time),0.0221,0.0261,0.0538,2556362.1206760667
Fri Aug 23 2024 07:00:00 GMT+0100 (British Summer Time),0.0221,0.0261,0.0532,316847.8661132544
Fri Aug 23 2024 08:00:00 GMT+0100 (British Summer Time),0.0221,0.0261,0.0532,0
Fri Aug 23 2024 09:00:00 GMT+0100 (British Summer Time),0.0221,0.0261,0.0533,4199.306248448997
Fri Aug 23 2024 10:00:00 GMT+0100 (British Summer Time),0.0302,0.0272,0.0529,57795.9921602119
Fri Aug 23 2024 11:00:00 GMT+0100 (British Summer Time),0.0302,0.0272,0.0529,0
Fri Aug 23 2024 12:00:00 GMT+0100 (British Summer Time),0.0223,0.0272,0.0529,0
Fri Aug 23 2024 13:00:00 GMT+0100 (British Summer Time),0.0223,0.026,0.0529,0
Fri Aug 23 2024 14:00:00 GMT+0100 (British Summer Time),0.0223,0.026,0.0544,55416.31719667141
Fri Aug 23 2024 15:00:00 GMT+0100 (British Summer Time),0.0223,0.026,0.0626,3925044.4811749356
Fri Aug 23 2024 16:00:00 GMT+0100 (British Summer Time),0.0223,0.026,0.063,0
Fri Aug 23 2024 17:00:00 GMT+0100 (British Summer Time),0.0223,0.026,0.063,1430.3076125807856
Fri Aug 23 2024 18:00:00 GMT+0100 (British Summer Time),0.0321,0.0274,0.063,0
Fri Aug 23 2024 19:00:00 GMT+0100 (British Summer Time),0.0321,0.0274,0.063,0
Fri Aug 23 2024 20:00:00 GMT+0100 (British Summer Time),0.0321,0.0274,0.063,0
Fri Aug 23 2024 21:00:00 GMT+0100 (British Summer Time),0.0321,0.026,0.063,0
Fri Aug 23 2024 22:00:00 GMT+0100 (British Summer Time),0.0321,0.026,0.063,0
Fri Aug 23 2024 23:00:00 GMT+0100 (British Summer Time),0.0321,0.026,0.063,0
Sat Aug 24 2024 00:00:00 GMT+0100 (British Summer Time),0.0321,0.026,0.063,0
Sat Aug 24 2024 01:00:00 GMT+0100 (British Summer Time),0.0406,0.0272,0.063,145.41882556246344
Sat Aug 24 2024 02:00:00 GMT+0100 (British Summer Time),0.026,0.0272,0.063,6.420179665936397
Sat Aug 24 2024 03:00:00 GMT+0100 (British Summer Time),0.026,0.0272,0.0631,2235.955768916688
Sat Aug 24 2024 04:00:00 GMT+0100 (British Summer Time),0.026,0.0272,0.0631,0
Sat Aug 24 2024 05:00:00 GMT+0100 (British Summer Time),0.026,0.0261,0.0631,0
Sat Aug 24 2024 06:00:00 GMT+0100 (British Summer Time),0.026,0.0261,0.0631,0
Sat Aug 24 2024 07:00:00 GMT+0100 (British Summer Time),0.026,0.0261,0.0631,0
Sat Aug 24 2024 08:00:00 GMT+0100 (British Summer Time),0.026,0.0261,0.063,284022.35919947206
Sat Aug 24 2024 09:00:00 GMT+0100 (British Summer Time),0.026,0.0261,0.0668,664997.1940807069
Sat Aug 24 2024 10:00:00 GMT+0100 (British Summer Time),0.0256,0.0272,0.0668,0
Sat Aug 24 2024 11:00:00 GMT+0100 (British Summer Time),0.0256,0.0272,0.0668,0
Sat Aug 24 2024 12:00:00 GMT+0100 (British Summer Time),0.0256,0.0261,0.0691,1100513.723427526
Sat Aug 24 2024 13:00:00 GMT+0100 (British Summer Time),0.0256,0.0261,0.0691,0
Sat Aug 24 2024 14:00:00 GMT+0100 (British Summer Time),0.0256,0.0261,0.0692,3319.0657042919324
Sat Aug 24 2024 15:00:00 GMT+0100 (British Summer Time),0.0256,0.0261,0.0692,0
Sat Aug 24 2024 16:00:00 GMT+0100 (British Summer Time),0.0337,0.0272,0.0692,0
Sat Aug 24 2024 17:00:00 GMT+0100 (British Summer Time),0.0337,0.0272,0.0692,0
Sat Aug 24 2024 18:00:00 GMT+0100 (British Summer Time),0.0238,0.0272,0.0692,0
Sat Aug 24 2024 19:00:00 GMT+0100 (British Summer Time),0.0238,0.0272,0.0692,451.90802526262496
Sat Aug 24 2024 20:00:00 GMT+0100 (British Summer Time),0.0238,0.0272,0.0692,59.81540217525742
Sat Aug 24 2024 21:00:00 GMT+0100 (British Summer Time),0.0238,0.0253,0.0692,487.1564933820259
Sat Aug 24 2024 22:00:00 GMT+0100 (British Summer Time),0.0238,0.0253,0.0692,0
Sat Aug 24 2024 23:00:00 GMT+0100 (British Summer Time),0.0238,0.0253,0.0692,0
Sun Aug 25 2024 00:00:00 GMT+0100 (British Summer Time),0.0238,0.0253,0.0692,10.496750920192598
Sun Aug 25 2024 01:00:00 GMT+0100 (British Summer Time),0.0237,0.0265,0.0692,0
Sun Aug 25 2024 02:00:00 GMT+0100 (British Summer Time),0.0237,0.0265,0.0692,1060.4983395874915
Sun Aug 25 2024 03:00:00 GMT+0100 (British Summer Time),0.027,0.027,0.0692,2.8067007622206623
Sun Aug 25 2024 04:00:00 GMT+0100 (British Summer Time),0.027,0.0255,0.0692,0
Sun Aug 25 2024 05:00:00 GMT+0100 (British Summer Time),0.027,0.0255,0.0692,0
Sun Aug 25 2024 06:00:00 GMT+0100 (British Summer Time),0.027,0.0255,0.0692,164.45286031712786
Sun Aug 25 2024 07:00:00 GMT+0100 (British Summer Time),0.027,0.0255,0.0692,0
Sun Aug 25 2024 08:00:00 GMT+0100 (British Summer Time),0.027,0.0255,0.0692,353.90474492745517
Sun Aug 25 2024 09:00:00 GMT+0100 (British Summer Time),0.027,0.0255,0.066,299152.37573615287
Sun Aug 25 2024 10:00:00 GMT+0100 (British Summer Time),0.0192,0.0255,0.066,0
Sun Aug 25 2024 11:00:00 GMT+0100 (British Summer Time),0.0192,0.0255,0.0664,13675.722836990375
Sun Aug 25 2024 12:00:00 GMT+0100 (British Summer Time),0.0192,0.0243,0.0664,0
Sun Aug 25 2024 13:00:00 GMT+0100 (British Summer Time),0.0192,0.0243,0.0664,0
Sun Aug 25 2024 14:00:00 GMT+0100 (British Summer Time),0.0192,0.0243,0.0646,198155.1551989878
Sun Aug 25 2024 15:00:00 GMT+0100 (British Summer Time),0.0302,0.0258,0.0646,0
Sun Aug 25 2024 16:00:00 GMT+0100 (British Summer Time),0.0222,0.0258,0.0646,0
Sun Aug 25 2024 17:00:00 GMT+0100 (British Summer Time),0.0222,0.0258,0.0645,6381.311528582025
Sun Aug 25 2024 18:00:00 GMT+0100 (British Summer Time),0.0222,0.0258,0.0641,16364.71055805363
Sun Aug 25 2024 19:00:00 GMT+0100 (British Summer Time),0.0282,0.0267,0.0639,10490.74514735969
Sun Aug 25 2024 20:00:00 GMT+0100 (British Summer Time),0.0282,0.0253,0.0639,0
Sun Aug 25 2024 21:00:00 GMT+0100 (British Summer Time),0.0282,0.0253,0.0639,339.08676574248926
Sun Aug 25 2024 22:00:00 GMT+0100 (British Summer Time),0.0282,0.0253,0.0639,2267.3407788166082
Sun Aug 25 2024 23:00:00 GMT+0100 (British Summer Time),0.0282,0.0253,0.0639,0
Mon Aug 26 2024 00:00:00 GMT+0100 (British Summer Time),0.0282,0.0253,0.064,2613.038156291873
Mon Aug 26 2024 01:00:00 GMT+0100 (British Summer Time),0.0262,0.0262,0.0638,9794.447048353502
Mon Aug 26 2024 02:00:00 GMT+0100 (British Summer Time),0.0262,0.0262,0.0634,31812.350381072174
Mon Aug 26 2024 03:00:00 GMT+0100 (British Summer Time),0.0244,0.0264,0.0634,334.2664757338249
Mon Aug 26 2024 04:00:00 GMT+0100 (British Summer Time),0.0244,0.0253,0.0634,0
Mon Aug 26 2024 05:00:00 GMT+0100 (British Summer Time),0.0244,0.0253,0.0635,2512.0267180689007
Mon Aug 26 2024 06:00:00 GMT+0100 (British Summer Time),0.0244,0.0253,0.0635,0
Mon Aug 26 2024 07:00:00 GMT+0100 (British Summer Time),0.0244,0.0253,0.0635,150.9912262708661
Mon Aug 26 2024 08:00:00 GMT+0100 (British Summer Time),0.0244,0.0253,0.0632,50937.3769323131
Mon Aug 26 2024 09:00:00 GMT+0100 (British Summer Time),0.0244,0.0253,0.0632,0
Mon Aug 26 2024 10:00:00 GMT+0100 (British Summer Time),0.0244,0.0253,0.0632,0
Mon Aug 26 2024 11:00:00 GMT+0100 (British Summer Time),0.0244,0.0253,0.0632,0
Mon Aug 26 2024 12:00:00 GMT+0100 (British Summer Time),0.0322,0.0264,0.0632,0
Mon Aug 26 2024 13:00:00 GMT+0100 (British Summer Time),0.0322,0.0264,0.0632,0
Mon Aug 26 2024 14:00:00 GMT+0100 (British Summer Time),0.0322,0.025,0.0632,57.045710576837635
Mon Aug 26 2024 15:00:00 GMT+0100 (British Summer Time),0.0212,0.025,0.0632,14.602601291762845
Mon Aug 26 2024 16:00:00 GMT+0100 (British Summer Time),0.0212,0.025,0.0632,0
Mon Aug 26 2024 17:00:00 GMT+0100 (British Summer Time),0.0212,0.025,0.0632,0
Mon Aug 26 2024 18:00:00 GMT+0100 (British Summer Time),0.0212,0.025,0.0632,0
Mon Aug 26 2024 19:00:00 GMT+0100 (British Summer Time),0.0245,0.0255,0.0632,0
Mon Aug 26 2024 20:00:00 GMT+0100 (British Summer Time),0.0245,0.0252,0.0632,0
Mon Aug 26 2024 21:00:00 GMT+0100 (British Summer Time),0.0245,0.0252,0.0632,0
Mon Aug 26 2024 22:00:00 GMT+0100 (British Summer Time),0.0278,0.0257,0.0632,21.22036414751367
Mon Aug 26 2024 23:00:00 GMT+0100 (British Summer Time),0.0278,0.0257,0.0632,1218.2363135016453
Tue Aug 27 2024 00:00:00 GMT+0100 (British Summer Time),0.0293,0.0259,0.063,9539.64851377341
Tue Aug 27 2024 01:00:00 GMT+0100 (British Summer Time),0.023,0.0259,0.063,0
Tue Aug 27 2024 02:00:00 GMT+0100 (British Summer Time),0.023,0.0259,0.063,0
Tue Aug 27 2024 03:00:00 GMT+0100 (British Summer Time),0.0246,0.0264,0.063,1369.862492041434
Tue Aug 27 2024 04:00:00 GMT+0100 (British Summer Time),0.0262,0.0254,0.063,0
Tue Aug 27 2024 05:00:00 GMT+0100 (British Summer Time),0.0262,0.0254,0.063,0
Tue Aug 27 2024 06:00:00 GMT+0100 (British Summer Time),0.0277,0.0256,0.063,72815.94031452514
Tue Aug 27 2024 07:00:00 GMT+0100 (British Summer Time),0.0277,0.0256,0.063,0
Tue Aug 27 2024 08:00:00 GMT+0100 (British Summer Time),0.0277,0.0256,0.063,0
Tue Aug 27 2024 09:00:00 GMT+0100 (British Summer Time),0.0277,0.0256,0.0632,7703.938967979448
Tue Aug 27 2024 10:00:00 GMT+0100 (British Summer Time),0.0277,0.0256,0.0632,2.68244656475931
Tue Aug 27 2024 11:00:00 GMT+0100 (British Summer Time),0.0277,0.0256,0.0632,0
Tue Aug 27 2024 12:00:00 GMT+0100 (British Summer Time),0.0199,0.0244,0.0632,20.801031759071268
Tue Aug 27 2024 13:00:00 GMT+0100 (British Summer Time),0.0199,0.0244,0.0632,0
Tue Aug 27 2024 14:00:00 GMT+0100 (British Summer Time),0.0199,0.0244,0.0667,260530.96175957378
Tue Aug 27 2024 15:00:00 GMT+0100 (British Summer Time),0.0279,0.0255,0.0668,2856.146331915585
Tue Aug 27 2024 16:00:00 GMT+0100 (British Summer Time),0.0279,0.0255,0.0665,8373.391178310809
Tue Aug 27 2024 17:00:00 GMT+0100 (British Summer Time),0.0279,0.0255,0.0672,23345.78788105143
Tue Aug 27 2024 18:00:00 GMT+0100 (British Summer Time),0.0279,0.0255,0.0672,81.47430332612586
Tue Aug 27 2024 19:00:00 GMT+0100 (British Summer Time),0.0253,0.0265,0.0672,593.0894274685212
Tue Aug 27 2024 20:00:00 GMT+0100 (British Summer Time),0.0271,0.0267,0.0672,3783.7100063935263
Tue Aug 27 2024 21:00:00 GMT+0100 (British Summer Time),0.0271,0.0254,0.0673,0
Tue Aug 27 2024 22:00:00 GMT+0100 (British Summer Time),0.0255,0.0256,0.0673,0
Tue Aug 27 2024 23:00:00 GMT+0100 (British Summer Time),0.0255,0.0256,0.0671,15539.862915617892
Wed Aug 28 2024 00:00:00 GMT+0100 (British Summer Time),0.0257,0.0259,0.0671,344.8090045846922
Wed Aug 28 2024 01:00:00 GMT+0100 (British Summer Time),0.0257,0.0259,0.0671,0
Wed Aug 28 2024 02:00:00 GMT+0100 (British Summer Time),0.0257,0.0259,0.0664,29569.23934346007
Wed Aug 28 2024 03:00:00 GMT+0100 (British Summer Time),0.0226,0.0259,0.0664,0
Wed Aug 28 2024 04:00:00 GMT+0100 (British Summer Time),0.021,0.0247,0.0647,74178.96027343266
Wed Aug 28 2024 05:00:00 GMT+0100 (British Summer Time),0.021,0.0247,0.0651,11244.682495852656
Wed Aug 28 2024 06:00:00 GMT+0100 (British Summer Time),0.0195,0.0247,0.0651,0
Wed Aug 28 2024 07:00:00 GMT+0100 (British Summer Time),0.0195,0.0247,0.0696,511151.33052209974
Wed Aug 28 2024 08:00:00 GMT+0100 (British Summer Time),0.0285,0.026,0.0696,0
Wed Aug 28 2024 09:00:00 GMT+0100 (British Summer Time),0.0285,0.026,0.0751,488277.06547623413
Wed Aug 28 2024 10:00:00 GMT+0100 (British Summer Time),0.0285,0.026,0.0751,354.40504978086943
Wed Aug 28 2024 11:00:00 GMT+0100 (British Summer Time),0.0285,0.026,0.0751,302.8884163001773
Wed Aug 28 2024 12:00:00 GMT+0100 (British Summer Time),0.0285,0.0249,0.0751,2650.1182515786736
Wed Aug 28 2024 13:00:00 GMT+0100 (British Summer Time),0.0285,0.0249,0.0744,25269.765958265743
Wed Aug 28 2024 14:00:00 GMT+0100 (British Summer Time),0.0285,0.0249,0.0744,1.6393823792164293
Wed Aug 28 2024 15:00:00 GMT+0100 (British Summer Time),0.0205,0.0249,0.0744,0
Wed Aug 28 2024 16:00:00 GMT+0100 (British Summer Time),0.0308,0.0263,0.0744,0
Wed Aug 28 2024 17:00:00 GMT+0100 (British Summer Time),0.0308,0.0263,0.0744,0
Wed Aug 28 2024 18:00:00 GMT+0100 (British Summer Time),0.0308,0.0263,0.0744,93.40997203091784
Wed Aug 28 2024 19:00:00 GMT+0100 (British Summer Time),0.0241,0.0263,0.0744,0
Wed Aug 28 2024 20:00:00 GMT+0100 (British Summer Time),0.0223,0.0263,0.0744,0
Wed Aug 28 2024 21:00:00 GMT+0100 (British Summer Time),0.0223,0.0249,0.0744,0
Wed Aug 28 2024 22:00:00 GMT+0100 (British Summer Time),0.0207,0.0249,0.0744,0
Wed Aug 28 2024 23:00:00 GMT+0100 (British Summer Time),0.0274,0.0259,0.0744,0
Thu Aug 29 2024 00:00:00 GMT+0100 (British Summer Time),0.0257,0.0259,0.0744,0
Thu Aug 29 2024 01:00:00 GMT+0100 (British Summer Time),0.0257,0.0259,0.0744,0
Thu Aug 29 2024 02:00:00 GMT+0100 (British Summer Time),0.029,0.0263,0.0744,0
Thu Aug 29 2024 03:00:00 GMT+0100 (British Summer Time),0.029,0.0263,0.0744,1417.1512448119802
Thu Aug 29 2024 04:00:00 GMT+0100 (British Summer Time),0.029,0.0251,0.0744,0
Thu Aug 29 2024 05:00:00 GMT+0100 (British Summer Time),0.029,0.0251,0.0744,0
Thu Aug 29 2024 06:00:00 GMT+0100 (British Summer Time),0.029,0.0251,0.0744,0
Thu Aug 29 2024 07:00:00 GMT+0100 (British Summer Time),0.029,0.0251,0.0744,0
Thu Aug 29 2024 08:00:00 GMT+0100 (British Summer Time),0.02,0.0251,0.0744,602.1409476817541
Thu Aug 29 2024 09:00:00 GMT+0100 (British Summer Time),0.0279,0.0262,0.0733,38212.19137431834
Thu Aug 29 2024 10:00:00 GMT+0100 (British Summer Time),0.0279,0.0262,0.0733,3207.9404010317357
Thu Aug 29 2024 11:00:00 GMT+0100 (British Summer Time),0.0279,0.0262,0.0724,30531.357829498647
Thu Aug 29 2024 12:00:00 GMT+0100 (British Summer Time),0.0279,0.0251,0.0711,50788.91019194762
Thu Aug 29 2024 13:00:00 GMT+0100 (British Summer Time),0.0279,0.0251,0.0636,1303171.1205638675
Thu Aug 29 2024 14:00:00 GMT+0100 (British Summer Time),0.0279,0.0251,0.0636,0
Thu Aug 29 2024 15:00:00 GMT+0100 (British Summer Time),0.0279,0.0251,0.0636,0
Thu Aug 29 2024 16:00:00 GMT+0100 (British Summer Time),0.0176,0.0251,0.0636,0
Thu Aug 29 2024 17:00:00 GMT+0100 (British Summer Time),0.0176,0.0251,0.0636,0
Thu Aug 29 2024 18:00:00 GMT+0100 (British Summer Time),0.031,0.027,0.0636,0
Thu Aug 29 2024 19:00:00 GMT+0100 (British Summer Time),0.031,0.027,0.0636,0
Thu Aug 29 2024 20:00:00 GMT+0100 (British Summer Time),0.031,0.027,0.0638,5955.862326297089
Thu Aug 29 2024 21:00:00 GMT+0100 (British Summer Time),0.031,0.027,0.0638,0
Thu Aug 29 2024 22:00:00 GMT+0100 (British Summer Time),0.031,0.027,0.0638,0
Thu Aug 29 2024 23:00:00 GMT+0100 (British Summer Time),0.0243,0.027,0.0651,49020.61666891495
Fri Aug 30 2024 00:00:00 GMT+0100 (British Summer Time),0.0243,0.027,0.0613,133995.59688561846
Fri Aug 30 2024 01:00:00 GMT+0100 (British Summer Time),0.0325,0.0282,0.0613,0
Fri Aug 30 2024 02:00:00 GMT+0100 (British Summer Time),0.0293,0.0261,0.0613,0
Fri Aug 30 2024 03:00:00 GMT+0100 (British Summer Time),0.0293,0.0261,0.0613,0
Fri Aug 30 2024 04:00:00 GMT+0100 (British Summer Time),0.0293,0.0261,0.0613,599.9605494486344
Fri Aug 30 2024 05:00:00 GMT+0100 (British Summer Time),0.0293,0.0261,0.0614,3603.0312738661637
Fri Aug 30 2024 06:00:00 GMT+0100 (British Summer Time),0.0293,0.0261,0.0585,253188.55641355028
Fri Aug 30 2024 07:00:00 GMT+0100 (British Summer Time),0.0293,0.0261,0.0599,168224.9151035532
Fri Aug 30 2024 08:00:00 GMT+0100 (British Summer Time),0.0293,0.0261,0.0593,32849.51231331258
Fri Aug 30 2024 09:00:00 GMT+0100 (British Summer Time),0.03,0.0273,0.0595,7516.689532758259
Fri Aug 30 2024 10:00:00 GMT+0100 (British Summer Time),0.03,0.0262,0.0599,13225.871402858445
Fri Aug 30 2024 11:00:00 GMT+0100 (British Summer Time),0.03,0.0262,0.06,1874.43189177686
Fri Aug 30 2024 12:00:00 GMT+0100 (British Summer Time),0.03,0.0262,0.06,15.58126260512131
Fri Aug 30 2024 13:00:00 GMT+0100 (British Summer Time),0.03,0.0262,0.0619,88264.53304958431
Fri Aug 30 2024 14:00:00 GMT+0100 (British Summer Time),0.03,0.0262,0.0575,160074.41946631225
Fri Aug 30 2024 15:00:00 GMT+0100 (British Summer Time),0.03,0.0262,0.0573,1252.698850694917
Fri Aug 30 2024 16:00:00 GMT+0100 (British Summer Time),0.03,0.0262,0.0564,94501.29652855128
Fri Aug 30 2024 17:00:00 GMT+0100 (British Summer Time),0.0401,0.0276,0.0565,2346.2434201278365
Fri Aug 30 2024 18:00:00 GMT+0100 (British Summer Time),0.0266,0.0262,0.0565,3721.349800081132
Fri Aug 30 2024 19:00:00 GMT+0100 (British Summer Time),0.0266,0.0262,0.0565,0
Fri Aug 30 2024 20:00:00 GMT+0100 (British Summer Time),0.0266,0.0262,0.0565,0
Fri Aug 30 2024 21:00:00 GMT+0100 (British Summer Time),0.0266,0.0262,0.0565,0
Fri Aug 30 2024 22:00:00 GMT+0100 (British Summer Time),0.0266,0.0262,0.0565,0
Fri Aug 30 2024 23:00:00 GMT+0100 (British Summer Time),0.0266,0.0262,0.0565,241.56567981475425
Sat Aug 31 2024 00:00:00 GMT+0100 (British Summer Time),0.0266,0.0262,0.0565,29.623078953839247
Sat Aug 31 2024 01:00:00 GMT+0100 (British Summer Time),0.0263,0.0262,0.0565,0
Sat Aug 31 2024 02:00:00 GMT+0100 (British Summer Time),0.0263,0.0262,0.0565,0
Sat Aug 31 2024 03:00:00 GMT+0100 (British Summer Time),0.0263,0.0262,0.0565,62047.40488559141
Sat Aug 31 2024 04:00:00 GMT+0100 (British Summer Time),0.0263,0.0262,0.0565,0
Sat Aug 31 2024 05:00:00 GMT+0100 (British Summer Time),0.0263,0.0262,0.0565,0
Sat Aug 31 2024 06:00:00 GMT+0100 (British Summer Time),0.0263,0.0262,0.0565,212.332634772033
Sat Aug 31 2024 07:00:00 GMT+0100 (British Summer Time),0.0263,0.0262,0.0565,0
Sat Aug 31 2024 08:00:00 GMT+0100 (British Summer Time),0.0263,0.0262,0.0565,0
Sat Aug 31 2024 09:00:00 GMT+0100 (British Summer Time),0.0257,0.0273,0.0565,1757.3795124115543
Sat Aug 31 2024 10:00:00 GMT+0100 (British Summer Time),0.0257,0.0262,0.0566,2708.687977210861
Sat Aug 31 2024 11:00:00 GMT+0100 (British Summer Time),0.0257,0.0262,0.0575,30428.881609090116
Sat Aug 31 2024 12:00:00 GMT+0100 (British Summer Time),0.0257,0.0262,0.0575,263.2722901273058
Sat Aug 31 2024 13:00:00 GMT+0100 (British Summer Time),0.0257,0.0262,0.0576,1030.0372510972907
Sat Aug 31 2024 14:00:00 GMT+0100 (British Summer Time),0.0257,0.0262,0.0576,3073.6071263770873
Sat Aug 31 2024 15:00:00 GMT+0100 (British Summer Time),0.0257,0.0262,0.0576,1600.7624890621992
Sat Aug 31 2024 16:00:00 GMT+0100 (British Summer Time),0.0257,0.0251,0.0552,755842.6282052428
Sat Aug 31 2024 17:00:00 GMT+0100 (British Summer Time),0.0253,0.0264,0.0552,0
Sat Aug 31 2024 18:00:00 GMT+0100 (British Summer Time),0.0253,0.0264,0.0552,0
Sat Aug 31 2024 19:00:00 GMT+0100 (British Summer Time),0.0253,0.0264,0.0552,140.66895440202455
Sat Aug 31 2024 20:00:00 GMT+0100 (British Summer Time),0.0253,0.0264,0.0621,258755.05732198656
Sat Aug 31 2024 21:00:00 GMT+0100 (British Summer Time),0.0253,0.0264,0.0621,16.234091793240506
Sat Aug 31 2024 22:00:00 GMT+0100 (British Summer Time),0.0253,0.0264,0.0621,0
Sat Aug 31 2024 23:00:00 GMT+0100 (British Summer Time),0.0253,0.0264,0.0621,0
Sun Sep 01 2024 00:00:00 GMT+0100 (British Summer Time),0.0253,0.0264,0.0621,0
Sun Sep 01 2024 01:00:00 GMT+0100 (British Summer Time),0.0174,0.0253,0.0621,0
Sun Sep 01 2024 02:00:00 GMT+0100 (British Summer Time),0.0252,0.0264,0.0621,0
Sun Sep 01 2024 03:00:00 GMT+0100 (British Summer Time),0.0252,0.0259,0.0621,0
Sun Sep 01 2024 04:00:00 GMT+0100 (British Summer Time),0.0252,0.0259,0.066,1009784.1416373845
Sun Sep 01 2024 05:00:00 GMT+0100 (British Summer Time),0.0252,0.0259,0.066,371.3828576342131
Sun Sep 01 2024 06:00:00 GMT+0100 (British Summer Time),0.0252,0.0259,0.066,0
Sun Sep 01 2024 07:00:00 GMT+0100 (British Summer Time),0.0252,0.0259,0.0661,1633.3693093900988
Sun Sep 01 2024 08:00:00 GMT+0100 (British Summer Time),0.0252,0.0259,0.0661,290.90744802620617
Sun Sep 01 2024 09:00:00 GMT+0100 (British Summer Time),0.0249,0.027,0.0661,252.32425081330234
Sun Sep 01 2024 10:00:00 GMT+0100 (British Summer Time),0.0249,0.027,0.0661,498.48071439946557
Sun Sep 01 2024 11:00:00 GMT+0100 (British Summer Time),0.0249,0.027,0.0661,0
Sun Sep 01 2024 12:00:00 GMT+0100 (British Summer Time),0.0249,0.027,0.0661,0
Sun Sep 01 2024 13:00:00 GMT+0100 (British Summer Time),0.0249,0.027,0.0738,638259.6669925964
Sun Sep 01 2024 14:00:00 GMT+0100 (British Summer Time),0.0249,0.027,0.0738,853.1592557231564
Sun Sep 01 2024 15:00:00 GMT+0100 (British Summer Time),0.0249,0.0254,0.0738,1487.2191709320107
Sun Sep 01 2024 16:00:00 GMT+0100 (British Summer Time),0.0249,0.0254,0.0751,45028.05161563877
Sun Sep 01 2024 17:00:00 GMT+0100 (British Summer Time),0.0251,0.0268,0.075,2655.498851792972
Sun Sep 01 2024 18:00:00 GMT+0100 (British Summer Time),0.0251,0.0268,0.075,0
Sun Sep 01 2024 19:00:00 GMT+0100 (British Summer Time),0.0251,0.026,0.075,0
Sun Sep 01 2024 20:00:00 GMT+0100 (British Summer Time),0.0251,0.026,0.075,0
Sun Sep 01 2024 21:00:00 GMT+0100 (British Summer Time),0.0251,0.026,0.075,0
Sun Sep 01 2024 22:00:00 GMT+0100 (British Summer Time),0.0251,0.026,0.075,0
Sun Sep 01 2024 23:00:00 GMT+0100 (British Summer Time),0.0251,0.026,0.075,0
Mon Sep 02 2024 00:00:00 GMT+0100 (British Summer Time),0.0251,0.026,0.075,0
Mon Sep 02 2024 01:00:00 GMT+0100 (British Summer Time),0.034,0.0264,0.075,0
Mon Sep 02 2024 02:00:00 GMT+0100 (British Summer Time),0.0261,0.0264,0.075,0
Mon Sep 02 2024 03:00:00 GMT+0100 (British Summer Time),0.0261,0.0261,0.075,0
Mon Sep 02 2024 04:00:00 GMT+0100 (British Summer Time),0.0261,0.0261,0.0718,936967.8186948671
Mon Sep 02 2024 05:00:00 GMT+0100 (British Summer Time),0.0261,0.0261,0.0718,0
Mon Sep 02 2024 06:00:00 GMT+0100 (British Summer Time),0.0261,0.0261,0.0718,0
Mon Sep 02 2024 07:00:00 GMT+0100 (British Summer Time),0.0261,0.0261,0.0718,2.4536666460484353
Mon Sep 02 2024 08:00:00 GMT+0100 (British Summer Time),0.0261,0.0261,0.0712,19573.798964945672
Mon Sep 02 2024 09:00:00 GMT+0100 (British Summer Time),0.0262,0.0273,0.0712,0
Mon Sep 02 2024 10:00:00 GMT+0100 (British Summer Time),0.0262,0.0273,0.0712,0
Mon Sep 02 2024 11:00:00 GMT+0100 (British Summer Time),0.0262,0.0273,0.0712,0
Mon Sep 02 2024 12:00:00 GMT+0100 (British Summer Time),0.0262,0.0262,0.0713,2058.359754820783
Mon Sep 02 2024 13:00:00 GMT+0100 (British Summer Time),0.0262,0.0262,0.0713,3258.106502968579
Mon Sep 02 2024 14:00:00 GMT+0100 (British Summer Time),0.0262,0.0262,0.0713,1343.8883977459382
Mon Sep 02 2024 15:00:00 GMT+0100 (British Summer Time),0.0262,0.0262,0.0634,498768.3549211294
Mon Sep 02 2024 16:00:00 GMT+0100 (British Summer Time),0.0262,0.0262,0.0634,0
Mon Sep 02 2024 17:00:00 GMT+0100 (British Summer Time),0.0261,0.0275,0.0634,0
Mon Sep 02 2024 18:00:00 GMT+0100 (British Summer Time),0.0261,0.0275,0.0634,0
Mon Sep 02 2024 19:00:00 GMT+0100 (British Summer Time),0.0261,0.0262,0.0634,0
Mon Sep 02 2024 20:00:00 GMT+0100 (British Summer Time),0.0261,0.0262,0.0634,0
Mon Sep 02 2024 21:00:00 GMT+0100 (British Summer Time),0.0261,0.0262,0.0634,0
Mon Sep 02 2024 22:00:00 GMT+0100 (British Summer Time),0.0261,0.0257,0.0634,0
Mon Sep 02 2024 23:00:00 GMT+0100 (British Summer Time),0.0261,0.0257,0.0636,6031.568344547456
Tue Sep 03 2024 00:00:00 GMT+0100 (British Summer Time),0.0261,0.0255,0.0636,0
Tue Sep 03 2024 01:00:00 GMT+0100 (British Summer Time),0.0281,0.0271,0.0636,0
Tue Sep 03 2024 02:00:00 GMT+0100 (British Summer Time),0.0281,0.0271,0.0636,464.64419031836576
Tue Sep 03 2024 03:00:00 GMT+0100 (British Summer Time),0.0281,0.0266,0.0636,14.507435628759454
Tue Sep 03 2024 04:00:00 GMT+0100 (British Summer Time),0.0281,0.0264,0.0636,0
Tue Sep 03 2024 05:00:00 GMT+0100 (British Summer Time),0.0281,0.0264,0.0636,0
Tue Sep 03 2024 06:00:00 GMT+0100 (British Summer Time),0.0281,0.0262,0.0644,31250.257147336346
Tue Sep 03 2024 07:00:00 GMT+0100 (British Summer Time),0.0281,0.0262,0.0644,0
Tue Sep 03 2024 08:00:00 GMT+0100 (British Summer Time),0.0281,0.0262,0.0646,5350.402321541313
Tue Sep 03 2024 09:00:00 GMT+0100 (British Summer Time),0.0281,0.0273,0.0647,9741.530915073248
Tue Sep 03 2024 10:00:00 GMT+0100 (British Summer Time),0.0281,0.0273,0.0647,0
Tue Sep 03 2024 11:00:00 GMT+0100 (British Summer Time),0.0281,0.0273,0.0647,3078.256221107549
Tue Sep 03 2024 12:00:00 GMT+0100 (British Summer Time),0.0281,0.0273,0.065,9225.189686003774
Tue Sep 03 2024 13:00:00 GMT+0100 (British Summer Time),0.0281,0.0273,0.0654,13054.661696468864
Tue Sep 03 2024 14:00:00 GMT+0100 (British Summer Time),0.0281,0.0273,0.0654,0
Tue Sep 03 2024 15:00:00 GMT+0100 (British Summer Time),0.0281,0.0262,0.0654,0
Tue Sep 03 2024 16:00:00 GMT+0100 (British Summer Time),0.0281,0.0262,0.0655,2711.7919582501963
Tue Sep 03 2024 17:00:00 GMT+0100 (British Summer Time),0.0286,0.0276,0.0655,187.952762326513
Tue Sep 03 2024 18:00:00 GMT+0100 (British Summer Time),0.0286,0.0276,0.0663,30182.502400999692
Tue Sep 03 2024 19:00:00 GMT+0100 (British Summer Time),0.0286,0.0267,0.0664,1789.548972811568
Tue Sep 03 2024 20:00:00 GMT+0100 (British Summer Time),0.0286,0.0264,0.0665,3126.7667073203424
Tue Sep 03 2024 21:00:00 GMT+0100 (British Summer Time),0.0286,0.0264,0.0665,0
Tue Sep 03 2024 22:00:00 GMT+0100 (British Summer Time),0.0286,0.0262,0.0665,0
Tue Sep 03 2024 23:00:00 GMT+0100 (British Summer Time),0.0286,0.0262,0.0665,0
Wed Sep 04 2024 00:00:00 GMT+0100 (British Summer Time),0.0286,0.026,0.0665,0
Wed Sep 04 2024 01:00:00 GMT+0100 (British Summer Time),0.0259,0.0271,0.0665,0
Wed Sep 04 2024 02:00:00 GMT+0100 (British Summer Time),0.0259,0.0271,0.0665,0
Wed Sep 04 2024 03:00:00 GMT+0100 (British Summer Time),0.0259,0.0271,0.0665,0
Wed Sep 04 2024 04:00:00 GMT+0100 (British Summer Time),0.0259,0.0271,0.0654,35910.12209067147
Wed Sep 04 2024 05:00:00 GMT+0100 (British Summer Time),0.0259,0.0271,0.0654,320.44233271348435
Wed Sep 04 2024 06:00:00 GMT+0100 (British Summer Time),0.0259,0.0271,0.0654,157.11838364516814
Wed Sep 04 2024 07:00:00 GMT+0100 (British Summer Time),0.0259,0.0271,0.0662,25478.256255270688
Wed Sep 04 2024 08:00:00 GMT+0100 (British Summer Time),0.0259,0.0258,0.0662,2203.2607427497724
Wed Sep 04 2024 09:00:00 GMT+0100 (British Summer Time),0.0261,0.027,0.0662,0
Wed Sep 04 2024 10:00:00 GMT+0100 (British Summer Time),0.0261,0.027,0.0662,5658.086284444478
Wed Sep 04 2024 11:00:00 GMT+0100 (British Summer Time),0.0261,0.027,0.0652,46415.61747009332
Wed Sep 04 2024 12:00:00 GMT+0100 (British Summer Time),0.0261,0.027,0.0652,0
Wed Sep 04 2024 13:00:00 GMT+0100 (British Summer Time),0.0261,0.027,0.0652,0
Wed Sep 04 2024 14:00:00 GMT+0100 (British Summer Time),0.0261,0.027,0.0651,1280.9625922918758
Wed Sep 04 2024 15:00:00 GMT+0100 (British Summer Time),0.0261,0.027,0.0651,0
Wed Sep 04 2024 16:00:00 GMT+0100 (British Summer Time),0.0261,0.0255,0.0651,0
Wed Sep 04 2024 17:00:00 GMT+0100 (British Summer Time),0.0262,0.027,0.0651,0
Wed Sep 04 2024 18:00:00 GMT+0100 (British Summer Time),0.0262,0.027,0.0651,2223.3090739862573
Wed Sep 04 2024 19:00:00 GMT+0100 (British Summer Time),0.0262,0.027,0.0652,0
Wed Sep 04 2024 20:00:00 GMT+0100 (British Summer Time),0.0262,0.027,0.0652,0
Wed Sep 04 2024 21:00:00 GMT+0100 (British Summer Time),0.0262,0.027,0.0653,2586.270191333309
Wed Sep 04 2024 22:00:00 GMT+0100 (British Summer Time),0.0262,0.027,0.0576,1223462.6214439278
Wed Sep 04 2024 23:00:00 GMT+0100 (British Summer Time),0.0262,0.026,0.0576,0
Thu Sep 05 2024 00:00:00 GMT+0100 (British Summer Time),0.0262,0.026,0.0576,0
Thu Sep 05 2024 01:00:00 GMT+0100 (British Summer Time),0.0274,0.0274,0.056,53219.965167463735
Thu Sep 05 2024 02:00:00 GMT+0100 (British Summer Time),0.0274,0.0269,0.056,0
Thu Sep 05 2024 03:00:00 GMT+0100 (British Summer Time),0.0274,0.0269,0.056,0
Thu Sep 05 2024 04:00:00 GMT+0100 (British Summer Time),0.0274,0.0269,0.056,0
Thu Sep 05 2024 05:00:00 GMT+0100 (British Summer Time),0.0274,0.0269,0.056,0
Thu Sep 05 2024 06:00:00 GMT+0100 (British Summer Time),0.0274,0.0269,0.0553,22987.285460407973
Thu Sep 05 2024 07:00:00 GMT+0100 (British Summer Time),0.0274,0.0269,0.0553,0
Thu Sep 05 2024 08:00:00 GMT+0100 (British Summer Time),0.0274,0.0269,0.0595,705831.3158282117
Thu Sep 05 2024 09:00:00 GMT+0100 (British Summer Time),0.0194,0.0258,0.0597,5980.794362389117
Thu Sep 05 2024 10:00:00 GMT+0100 (British Summer Time),0.0194,0.0258,0.0596,954.3403004049103
Thu Sep 05 2024 11:00:00 GMT+0100 (British Summer Time),0.0298,0.0273,0.0596,0
Thu Sep 05 2024 12:00:00 GMT+0100 (British Summer Time),0.0298,0.0273,0.0596,0
Thu Sep 05 2024 13:00:00 GMT+0100 (British Summer Time),0.0298,0.0273,0.0605,27731.12025616842
Thu Sep 05 2024 14:00:00 GMT+0100 (British Summer Time),0.0298,0.0273,0.0605,0
Thu Sep 05 2024 15:00:00 GMT+0100 (British Summer Time),0.0298,0.0273,0.0605,674.2315378015871
Thu Sep 05 2024 16:00:00 GMT+0100 (British Summer Time),0.0298,0.0273,0.0552,1183820.6242540663
Thu Sep 05 2024 17:00:00 GMT+0100 (British Summer Time),0.0195,0.0273,0.0563,34432.020347794874
Thu Sep 05 2024 18:00:00 GMT+0100 (British Summer Time),0.0195,0.0253,0.0563,0
Thu Sep 05 2024 19:00:00 GMT+0100 (British Summer Time),0.0301,0.0269,0.0563,0
Thu Sep 05 2024 20:00:00 GMT+0100 (British Summer Time),0.0301,0.0269,0.0563,0
Thu Sep 05 2024 21:00:00 GMT+0100 (British Summer Time),0.0301,0.0269,0.0568,18463.796842752385
Thu Sep 05 2024 22:00:00 GMT+0100 (British Summer Time),0.0301,0.0269,0.0568,0
Thu Sep 05 2024 23:00:00 GMT+0100 (British Summer Time),0.0301,0.0269,0.0568,0
Fri Sep 06 2024 00:00:00 GMT+0100 (British Summer Time),0.0301,0.0269,0.0568,0
Fri Sep 06 2024 01:00:00 GMT+0100 (British Summer Time),0.0207,0.0257,0.0568,0
Fri Sep 06 2024 02:00:00 GMT+0100 (British Summer Time),0.0207,0.0257,0.0568,4.554375712005575
Fri Sep 06 2024 03:00:00 GMT+0100 (British Summer Time),0.0285,0.0268,0.0569,2143.3584284348613
Fri Sep 06 2024 04:00:00 GMT+0100 (British Summer Time),0.0285,0.0268,0.0569,0
Fri Sep 06 2024 05:00:00 GMT+0100 (British Summer Time),0.0285,0.0268,0.0585,143869.09215900692
Fri Sep 06 2024 06:00:00 GMT+0100 (British Summer Time),0.0285,0.0268,0.0585,0
Fri Sep 06 2024 07:00:00 GMT+0100 (British Summer Time),0.0285,0.0268,0.0585,150.7652377137848
Fri Sep 06 2024 08:00:00 GMT+0100 (British Summer Time),0.0285,0.0268,0.0572,729055.8679472152
Fri Sep 06 2024 09:00:00 GMT+0100 (British Summer Time),0.0285,0.0256,0.0572,147.63765533834675
Fri Sep 06 2024 10:00:00 GMT+0100 (British Summer Time),0.0285,0.0256,0.0572,0
Fri Sep 06 2024 11:00:00 GMT+0100 (British Summer Time),0.0256,0.0266,0.0574,5959.744034824404
Fri Sep 06 2024 12:00:00 GMT+0100 (British Summer Time),0.0256,0.0266,0.0574,0
Fri Sep 06 2024 13:00:00 GMT+0100 (British Summer Time),0.0256,0.0266,0.0579,15378.53449067641
Fri Sep 06 2024 14:00:00 GMT+0100 (British Summer Time),0.0256,0.0266,0.0609,98908.95317926804
Fri Sep 06 2024 15:00:00 GMT+0100 (British Summer Time),0.0256,0.0266,0.0609,0
Fri Sep 06 2024 16:00:00 GMT+0100 (British Summer Time),0.0256,0.0266,0.0609,0
Fri Sep 06 2024 17:00:00 GMT+0100 (British Summer Time),0.0256,0.0252,0.0609,0
Fri Sep 06 2024 18:00:00 GMT+0100 (British Summer Time),0.0256,0.0252,0.0609,0
Fri Sep 06 2024 19:00:00 GMT+0100 (British Summer Time),0.0278,0.027,0.0609,0
Fri Sep 06 2024 20:00:00 GMT+0100 (British Summer Time),0.0278,0.027,0.0609,571.5950351640189
Fri Sep 06 2024 21:00:00 GMT+0100 (British Summer Time),0.0278,0.027,0.0609,64.50439265685986
Fri Sep 06 2024 22:00:00 GMT+0100 (British Summer Time),0.0278,0.027,0.0609,0
Fri Sep 06 2024 23:00:00 GMT+0100 (British Summer Time),0.0278,0.027,0.0609,551374.4647834346
Sat Sep 07 2024 00:00:00 GMT+0100 (British Summer Time),0.0278,0.027,0.0541,37929.54652173222
Sat Sep 07 2024 01:00:00 GMT+0100 (British Summer Time),0.0278,0.0259,0.0541,80597.79744710916
Sat Sep 07 2024 02:00:00 GMT+0100 (British Summer Time),0.0278,0.0259,0.0542,61974.4952647803
Sat Sep 07 2024 03:00:00 GMT+0100 (British Summer Time),0.0279,0.027,0.0542,0
Sat Sep 07 2024 04:00:00 GMT+0100 (British Summer Time),0.0279,0.027,0.0542,0
Sat Sep 07 2024 05:00:00 GMT+0100 (British Summer Time),0.0279,0.027,0.0542,0
Sat Sep 07 2024 06:00:00 GMT+0100 (British Summer Time),0.0279,0.027,0.0533,37162.20572556323
Sat Sep 07 2024 07:00:00 GMT+0100 (British Summer Time),0.0279,0.027,0.0533,0
Sat Sep 07 2024 08:00:00 GMT+0100 (British Summer Time),0.0279,0.027,0.0533,77192.39834204513
Sat Sep 07 2024 09:00:00 GMT+0100 (British Summer Time),0.0279,0.0259,0.0533,0
Sat Sep 07 2024 10:00:00 GMT+0100 (British Summer Time),0.0279,0.0259,0.0533,0
Sat Sep 07 2024 11:00:00 GMT+0100 (British Summer Time),0.0283,0.027,0.0465,909227.2204543024
Sat Sep 07 2024 12:00:00 GMT+0100 (British Summer Time),0.0283,0.027,0.0465,0
Sat Sep 07 2024 13:00:00 GMT+0100 (British Summer Time),0.0283,0.027,0.0465,0
Sat Sep 07 2024 14:00:00 GMT+0100 (British Summer Time),0.0283,0.027,0.0465,0
Sat Sep 07 2024 15:00:00 GMT+0100 (British Summer Time),0.0283,0.027,0.0465,81.12484158877592
Sat Sep 07 2024 16:00:00 GMT+0100 (British Summer Time),0.0283,0.027,0.0465,0
Sat Sep 07 2024 17:00:00 GMT+0100 (British Summer Time),0.0283,0.0256,0.0455,27582.378299329313
Sat Sep 07 2024 18:00:00 GMT+0100 (British Summer Time),0.0283,0.0256,0.0455,0
Sat Sep 07 2024 19:00:00 GMT+0100 (British Summer Time),0.027,0.0273,0.0455,0
Sat Sep 07 2024 20:00:00 GMT+0100 (British Summer Time),0.027,0.0273,0.0455,0
Sat Sep 07 2024 21:00:00 GMT+0100 (British Summer Time),0.027,0.0273,0.0455,0
Sat Sep 07 2024 22:00:00 GMT+0100 (British Summer Time),0.027,0.0273,0.0425,906915.4935558271
Sat Sep 07 2024 23:00:00 GMT+0100 (British Summer Time),0.027,0.0273,0.0425,671.2002792405561
Sun Sep 08 2024 00:00:00 GMT+0100 (British Summer Time),0.027,0.0273,0.0425,348.30322283566653
Sun Sep 08 2024 01:00:00 GMT+0100 (British Summer Time),0.027,0.0273,0.0425,0
Sun Sep 08 2024 02:00:00 GMT+0100 (British Summer Time),0.027,0.0261,0.0425,84.5154865453965
Sun Sep 08 2024 03:00:00 GMT+0100 (British Summer Time),0.0269,0.0273,0.0425,0
Sun Sep 08 2024 04:00:00 GMT+0100 (British Summer Time),0.0269,0.0273,0.0426,2086.5982262134416
Sun Sep 08 2024 05:00:00 GMT+0100 (British Summer Time),0.0269,0.0273,0.0426,171.9577803798487
Sun Sep 08 2024 06:00:00 GMT+0100 (British Summer Time),0.0269,0.0273,0.0444,50864.50617058217
Sun Sep 08 2024 07:00:00 GMT+0100 (British Summer Time),0.0269,0.0273,0.0444,0
Sun Sep 08 2024 08:00:00 GMT+0100 (British Summer Time),0.0269,0.0273,0.0443,228.59681083588396
Sun Sep 08 2024 09:00:00 GMT+0100 (British Summer Time),0.0269,0.0262,0.0443,0
Sun Sep 08 2024 10:00:00 GMT+0100 (British Summer Time),0.0269,0.0262,0.0444,1091.8287829866647
Sun Sep 08 2024 11:00:00 GMT+0100 (British Summer Time),0.027,0.0273,0.0444,0
Sun Sep 08 2024 12:00:00 GMT+0100 (British Summer Time),0.027,0.0273,0.0444,0
Sun Sep 08 2024 13:00:00 GMT+0100 (British Summer Time),0.027,0.0273,0.0444,0
Sun Sep 08 2024 14:00:00 GMT+0100 (British Summer Time),0.027,0.0273,0.0444,0
Sun Sep 08 2024 15:00:00 GMT+0100 (British Summer Time),0.027,0.0273,0.0444,0
Sun Sep 08 2024 16:00:00 GMT+0100 (British Summer Time),0.027,0.0273,0.0394,8112108.834351836
Sun Sep 08 2024 17:00:00 GMT+0100 (British Summer Time),0.027,0.0259,0.0394,181.2720678927455
Sun Sep 08 2024 18:00:00 GMT+0100 (British Summer Time),0.027,0.0259,0.0398,45758.9853895641
Sun Sep 08 2024 19:00:00 GMT+0100 (British Summer Time),0.0256,0.0273,0.0398,0
Sun Sep 08 2024 20:00:00 GMT+0100 (British Summer Time),0.0256,0.0273,0.0398,0
Sun Sep 08 2024 21:00:00 GMT+0100 (British Summer Time),0.0256,0.0273,0.0398,0
Sun Sep 08 2024 22:00:00 GMT+0100 (British Summer Time),0.0256,0.0273,0.0398,0
Sun Sep 08 2024 23:00:00 GMT+0100 (British Summer Time),0.0256,0.0273,0.0399,2876.8727669126906
Mon Sep 09 2024 00:00:00 GMT+0100 (British Summer Time),0.0256,0.0273,0.0399,0
Mon Sep 09 2024 01:00:00 GMT+0100 (British Summer Time),0.0256,0.0261,0.0399,0
Mon Sep 09 2024 02:00:00 GMT+0100 (British Summer Time),0.0256,0.0261,0.0406,19672.65972353647
Mon Sep 09 2024 03:00:00 GMT+0100 (British Summer Time),0.0255,0.0272,0.0406,0
Mon Sep 09 2024 04:00:00 GMT+0100 (British Summer Time),0.0255,0.0272,0.0406,0
Mon Sep 09 2024 05:00:00 GMT+0100 (British Summer Time),0.0255,0.0272,0.0406,0
Mon Sep 09 2024 06:00:00 GMT+0100 (British Summer Time),0.0255,0.0272,0.0406,0
Mon Sep 09 2024 07:00:00 GMT+0100 (British Summer Time),0.0255,0.0272,0.0406,0
Mon Sep 09 2024 08:00:00 GMT+0100 (British Summer Time),0.0255,0.0272,0.0406,0
Mon Sep 09 2024 09:00:00 GMT+0100 (British Summer Time),0.0255,0.0261,0.0406,0
Mon Sep 09 2024 10:00:00 GMT+0100 (British Summer Time),0.0255,0.0261,0.0406,0.08848834932314305
Mon Sep 09 2024 11:00:00 GMT+0100 (British Summer Time),0.0267,0.0274,0.0406,0
Mon Sep 09 2024 12:00:00 GMT+0100 (British Summer Time),0.0267,0.0274,0.0406,598.2098550426438
Mon Sep 09 2024 13:00:00 GMT+0100 (British Summer Time),0.0267,0.0274,0.0409,6537.878203113663
Mon Sep 09 2024 14:00:00 GMT+0100 (British Summer Time),0.0267,0.0274,0.0409,0
Mon Sep 09 2024 15:00:00 GMT+0100 (British Summer Time),0.0267,0.0274,0.0409,0
Mon Sep 09 2024 16:00:00 GMT+0100 (British Summer Time),0.0267,0.0274,0.0409,0
Mon Sep 09 2024 17:00:00 GMT+0100 (British Summer Time),0.0267,0.026,0.0409,0
Mon Sep 09 2024 18:00:00 GMT+0100 (British Summer Time),0.0267,0.026,0.0409,0
Mon Sep 09 2024 19:00:00 GMT+0100 (British Summer Time),0.0275,0.0275,0.0409,0
Mon Sep 09 2024 20:00:00 GMT+0100 (British Summer Time),0.0275,0.0275,0.0409,0
Mon Sep 09 2024 21:00:00 GMT+0100 (British Summer Time),0.0275,0.0275,0.0409,0
Mon Sep 09 2024 22:00:00 GMT+0100 (British Summer Time),0.0275,0.0275,0.0411,8063.352283804444
Mon Sep 09 2024 23:00:00 GMT+0100 (British Summer Time),0.0275,0.0275,0.0416,12298.785866116139
Tue Sep 10 2024 00:00:00 GMT+0100 (British Summer Time),0.0275,0.0275,0.0416,0
Tue Sep 10 2024 01:00:00 GMT+0100 (British Summer Time),0.0275,0.026,0.0416,0
Tue Sep 10 2024 02:00:00 GMT+0100 (British Summer Time),0.0275,0.026,0.0516,470714.6567042518
Tue Sep 10 2024 03:00:00 GMT+0100 (British Summer Time),0.028,0.0272,0.0516,330.18776466087775
Tue Sep 10 2024 04:00:00 GMT+0100 (British Summer Time),0.028,0.0272,0.0516,1394.176353102078
Tue Sep 10 2024 05:00:00 GMT+0100 (British Summer Time),0.028,0.0272,0.0518,4652.93012585045
Tue Sep 10 2024 06:00:00 GMT+0100 (British Summer Time),0.028,0.0272,0.0518,0
Tue Sep 10 2024 07:00:00 GMT+0100 (British Summer Time),0.028,0.0272,0.0518,0
Tue Sep 10 2024 08:00:00 GMT+0100 (British Summer Time),0.0333,0.0279,0.0518,0
Tue Sep 10 2024 09:00:00 GMT+0100 (British Summer Time),0.0333,0.0268,0.0526,25339.09180271315
Tue Sep 10 2024 10:00:00 GMT+0100 (British Summer Time),0.0333,0.0268,0.0526,0
Tue Sep 10 2024 11:00:00 GMT+0100 (British Summer Time),0.0274,0.0273,0.0526,0
Tue Sep 10 2024 12:00:00 GMT+0100 (British Summer Time),0.0274,0.0273,0.0526,0
Tue Sep 10 2024 13:00:00 GMT+0100 (British Summer Time),0.0274,0.0273,0.0526,0
Tue Sep 10 2024 14:00:00 GMT+0100 (British Summer Time),0.0311,0.0278,0.0526,0
Tue Sep 10 2024 15:00:00 GMT+0100 (British Summer Time),0.0311,0.0278,0.0526,0
Tue Sep 10 2024 16:00:00 GMT+0100 (British Summer Time),0.0345,0.0283,0.0526,0
Tue Sep 10 2024 17:00:00 GMT+0100 (British Summer Time),0.0366,0.0271,0.0526,0
Tue Sep 10 2024 18:00:00 GMT+0100 (British Summer Time),0.0366,0.0271,0.0526,0
Tue Sep 10 2024 19:00:00 GMT+0100 (British Summer Time),0.0257,0.0271,0.0526,0
Tue Sep 10 2024 20:00:00 GMT+0100 (British Summer Time),0.0257,0.0271,0.0526,0
Tue Sep 10 2024 21:00:00 GMT+0100 (British Summer Time),0.0257,0.0271,0.0526,0
Tue Sep 10 2024 22:00:00 GMT+0100 (British Summer Time),0.0257,0.0271,0.0527,1797.3859779420468
Tue Sep 10 2024 23:00:00 GMT+0100 (British Summer Time),0.0257,0.0271,0.0546,61044.796602683244
Wed Sep 11 2024 00:00:00 GMT+0100 (British Summer Time),0.0257,0.0271,0.0546,64.5947898477052
Wed Sep 11 2024 01:00:00 GMT+0100 (British Summer Time),0.035,0.0273,0.0546,0
Wed Sep 11 2024 02:00:00 GMT+0100 (British Summer Time),0.035,0.0273,0.0546,0
Wed Sep 11 2024 03:00:00 GMT+0100 (British Summer Time),0.0266,0.0273,0.0546,0
Wed Sep 11 2024 04:00:00 GMT+0100 (British Summer Time),0.0266,0.0273,0.0544,7049.584891680517
Wed Sep 11 2024 05:00:00 GMT+0100 (British Summer Time),0.0266,0.0273,0.0544,5.159371685719414
Wed Sep 11 2024 06:00:00 GMT+0100 (British Summer Time),0.0266,0.0273,0.0545,3077.840330814823
Wed Sep 11 2024 07:00:00 GMT+0100 (British Summer Time),0.0266,0.0273,0.0547,44078.251004833786
Wed Sep 11 2024 08:00:00 GMT+0100 (British Summer Time),0.0213,0.0273,0.0547,0
Wed Sep 11 2024 09:00:00 GMT+0100 (British Summer Time),0.0295,0.0273,0.0547,0
Wed Sep 11 2024 10:00:00 GMT+0100 (British Summer Time),0.0295,0.0273,0.0547,0
Wed Sep 11 2024 11:00:00 GMT+0100 (British Summer Time),0.0262,0.0273,0.0547,0
Wed Sep 11 2024 12:00:00 GMT+0100 (British Summer Time),0.0262,0.0273,0.0549,5860.159122902786
Wed Sep 11 2024 13:00:00 GMT+0100 (British Summer Time),0.0262,0.0273,0.0549,1166.575202578087
Wed Sep 11 2024 14:00:00 GMT+0100 (British Summer Time),0.0225,0.0273,0.0549,0
Wed Sep 11 2024 15:00:00 GMT+0100 (British Summer Time),0.0225,0.0273,0.0549,0
Wed Sep 11 2024 16:00:00 GMT+0100 (British Summer Time),0.0191,0.0273,0.0549,0
Wed Sep 11 2024 17:00:00 GMT+0100 (British Summer Time),0.0171,0.0258,0.0549,0
Wed Sep 11 2024 18:00:00 GMT+0100 (British Summer Time),0.0276,0.0273,0.0549,0
Wed Sep 11 2024 19:00:00 GMT+0100 (British Summer Time),0.0276,0.0273,0.0549,338.34986856550455
Wed Sep 11 2024 20:00:00 GMT+0100 (British Summer Time),0.0276,0.0273,0.0549,0
Wed Sep 11 2024 21:00:00 GMT+0100 (British Summer Time),0.0276,0.0273,0.0549,0
Wed Sep 11 2024 22:00:00 GMT+0100 (British Summer Time),0.0276,0.0273,0.0551,5356.858933852715
Wed Sep 11 2024 23:00:00 GMT+0100 (British Summer Time),0.0276,0.0273,0.0551,0
Thu Sep 12 2024 00:00:00 GMT+0100 (British Summer Time),0.0276,0.0273,0.0551,0
Thu Sep 12 2024 01:00:00 GMT+0100 (British Summer Time),0.0267,0.0272,0.0551,0
Thu Sep 12 2024 02:00:00 GMT+0100 (British Summer Time),0.0267,0.0272,0.0551,0
Thu Sep 12 2024 03:00:00 GMT+0100 (British Summer Time),0.0267,0.0272,0.0551,0
Thu Sep 12 2024 04:00:00 GMT+0100 (British Summer Time),0.0267,0.0272,0.0572,135338.3174276289
Thu Sep 12 2024 05:00:00 GMT+0100 (British Summer Time),0.0267,0.0272,0.0577,334738.05228479265
Thu Sep 12 2024 06:00:00 GMT+0100 (British Summer Time),0.0267,0.0272,0.0577,0
Thu Sep 12 2024 07:00:00 GMT+0100 (British Summer Time),0.0267,0.0272,0.0577,0
Thu Sep 12 2024 08:00:00 GMT+0100 (British Summer Time),0.0267,0.0272,0.0577,45253.57798285601
Thu Sep 12 2024 09:00:00 GMT+0100 (British Summer Time),0.0186,0.0272,0.0579,599388.9438474351
Thu Sep 12 2024 10:00:00 GMT+0100 (British Summer Time),0.0265,0.0283,0.0582,9285.17339085303
Thu Sep 12 2024 11:00:00 GMT+0100 (British Summer Time),0.0265,0.0268,0.0582,30788.684156895164
Thu Sep 12 2024 12:00:00 GMT+0100 (British Summer Time),0.0265,0.0268,0.0583,2120.076239347504
Thu Sep 12 2024 13:00:00 GMT+0100 (British Summer Time),0.0265,0.0268,0.0585,6905.499009108547
Thu Sep 12 2024 14:00:00 GMT+0100 (British Summer Time),0.0265,0.0268,0.0584,817.365591485983
Thu Sep 12 2024 15:00:00 GMT+0100 (British Summer Time),0.0265,0.0268,0.0584,0
Thu Sep 12 2024 16:00:00 GMT+0100 (British Summer Time),0.0265,0.0268,0.0584,0
Thu Sep 12 2024 17:00:00 GMT+0100 (British Summer Time),0.0368,0.0283,0.0584,0
Thu Sep 12 2024 18:00:00 GMT+0100 (British Summer Time),0.0262,0.0283,0.0585,57673.66428885819
Thu Sep 12 2024 19:00:00 GMT+0100 (British Summer Time),0.0262,0.0268,0.0585,0
Thu Sep 12 2024 20:00:00 GMT+0100 (British Summer Time),0.0262,0.0268,0.0586,5427.555910894974
Thu Sep 12 2024 21:00:00 GMT+0100 (British Summer Time),0.0262,0.0268,0.0586,0
Thu Sep 12 2024 22:00:00 GMT+0100 (British Summer Time),0.0262,0.0268,0.0588,4358.186545617678
Thu Sep 12 2024 23:00:00 GMT+0100 (British Summer Time),0.0262,0.0268,0.0588,0
Fri Sep 13 2024 00:00:00 GMT+0100 (British Summer Time),0.0262,0.0268,0.0588,0
Fri Sep 13 2024 01:00:00 GMT+0100 (British Summer Time),0.0263,0.028,0.059,81053.88901160372
Fri Sep 13 2024 02:00:00 GMT+0100 (British Summer Time),0.0263,0.028,0.059,0
Fri Sep 13 2024 03:00:00 GMT+0100 (British Summer Time),0.0263,0.0268,0.059,3.179043194870779
Fri Sep 13 2024 04:00:00 GMT+0100 (British Summer Time),0.0263,0.0268,0.059,0
Fri Sep 13 2024 05:00:00 GMT+0100 (British Summer Time),0.0263,0.0268,0.059,0
Fri Sep 13 2024 06:00:00 GMT+0100 (British Summer Time),0.0263,0.0268,0.0591,3114.3565170828697
Fri Sep 13 2024 07:00:00 GMT+0100 (British Summer Time),0.0263,0.0268,0.0591,60469.49915886661
Fri Sep 13 2024 08:00:00 GMT+0100 (British Summer Time),0.0263,0.0268,0.0561,93361.94937109384
Fri Sep 13 2024 09:00:00 GMT+0100 (British Summer Time),0.0263,0.0268,0.0561,5270.475803871927
Fri Sep 13 2024 10:00:00 GMT+0100 (British Summer Time),0.0263,0.028,0.0568,15589.581742820197
Fri Sep 13 2024 11:00:00 GMT+0100 (British Summer Time),0.0263,0.0269,0.0575,46690.35139806542
Fri Sep 13 2024 12:00:00 GMT+0100 (British Summer Time),0.0263,0.0269,0.0579,11757.524012766818
Fri Sep 13 2024 13:00:00 GMT+0100 (British Summer Time),0.0263,0.0269,0.0579,1156.3117876673155
Fri Sep 13 2024 14:00:00 GMT+0100 (British Summer Time),0.0263,0.0269,0.0579,0
Fri Sep 13 2024 15:00:00 GMT+0100 (British Summer Time),0.0263,0.0269,0.0579,0
Fri Sep 13 2024 16:00:00 GMT+0100 (British Summer Time),0.0263,0.0269,0.0579,0
Fri Sep 13 2024 17:00:00 GMT+0100 (British Summer Time),0.0161,0.0269,0.0579,0
Fri Sep 13 2024 18:00:00 GMT+0100 (British Summer Time),0.0263,0.0284,0.0578,2869.402073091839
Fri Sep 13 2024 19:00:00 GMT+0100 (British Summer Time),0.0263,0.0266,0.0578,0
Fri Sep 13 2024 20:00:00 GMT+0100 (British Summer Time),0.0263,0.0266,0.0578,0
Fri Sep 13 2024 21:00:00 GMT+0100 (British Summer Time),0.0263,0.0266,0.0578,0
Fri Sep 13 2024 22:00:00 GMT+0100 (British Summer Time),0.0263,0.0266,0.0578,0
Fri Sep 13 2024 23:00:00 GMT+0100 (British Summer Time),0.0263,0.0266,0.0578,310.86510679278564
Sat Sep 14 2024 00:00:00 GMT+0100 (British Summer Time),0.0263,0.0266,0.0578,0
Sat Sep 14 2024 01:00:00 GMT+0100 (British Summer Time),0.0276,0.0279,0.0578,0
Sat Sep 14 2024 02:00:00 GMT+0100 (British Summer Time),0.0276,0.0279,0.055,99394.89762705157
Sat Sep 14 2024 03:00:00 GMT+0100 (British Summer Time),0.0276,0.0268,0.0533,53236.230539404605
Sat Sep 14 2024 04:00:00 GMT+0100 (British Summer Time),0.0276,0.0268,0.0533,0
Sat Sep 14 2024 05:00:00 GMT+0100 (British Summer Time),0.0276,0.0268,0.0534,1912.096519295351
Sat Sep 14 2024 06:00:00 GMT+0100 (British Summer Time),0.0276,0.0268,0.0456,252678.3284180809
Sat Sep 14 2024 07:00:00 GMT+0100 (British Summer Time),0.0276,0.0268,0.0456,0
Sat Sep 14 2024 08:00:00 GMT+0100 (British Summer Time),0.0276,0.0268,0.0504,190689.1079529457
Sat Sep 14 2024 09:00:00 GMT+0100 (British Summer Time),0.0356,0.0279,0.0504,0
Sat Sep 14 2024 10:00:00 GMT+0100 (British Summer Time),0.0275,0.0279,0.0504,0
Sat Sep 14 2024 11:00:00 GMT+0100 (British Summer Time),0.0275,0.0268,0.0505,1754.6635438756912
Sat Sep 14 2024 12:00:00 GMT+0100 (British Summer Time),0.0275,0.0268,0.0505,2772.6368235997506
Sat Sep 14 2024 13:00:00 GMT+0100 (British Summer Time),0.0275,0.0268,0.0505,39.05533946618408
Sat Sep 14 2024 14:00:00 GMT+0100 (British Summer Time),0.0275,0.0268,0.0505,0
Sat Sep 14 2024 15:00:00 GMT+0100 (British Summer Time),0.0275,0.0268,0.0505,0
Sat Sep 14 2024 16:00:00 GMT+0100 (British Summer Time),0.0275,0.0268,0.0506,2399.0305654945696
Sat Sep 14 2024 17:00:00 GMT+0100 (British Summer Time),0.0375,0.0282,0.0504,5520.883897446063
Sat Sep 14 2024 18:00:00 GMT+0100 (British Summer Time),0.0272,0.0282,0.0513,27371.649657936476
Sat Sep 14 2024 19:00:00 GMT+0100 (British Summer Time),0.0272,0.0266,0.0465,148504.72605577123
Sat Sep 14 2024 20:00:00 GMT+0100 (British Summer Time),0.0272,0.0266,0.0465,0
Sat Sep 14 2024 21:00:00 GMT+0100 (British Summer Time),0.0272,0.0266,0.0465,0
Sat Sep 14 2024 22:00:00 GMT+0100 (British Summer Time),0.0272,0.0266,0.0465,0
Sat Sep 14 2024 23:00:00 GMT+0100 (British Summer Time),0.0272,0.0266,0.0465,0
Sun Sep 15 2024 00:00:00 GMT+0100 (British Summer Time),0.0272,0.0266,0.0465,427.6645183988077
Sun Sep 15 2024 01:00:00 GMT+0100 (British Summer Time),0.0279,0.0281,0.0465,0
Sun Sep 15 2024 02:00:00 GMT+0100 (British Summer Time),0.0279,0.0281,0.0465,0
Sun Sep 15 2024 03:00:00 GMT+0100 (British Summer Time),0.0279,0.0269,0.0465,0
Sun Sep 15 2024 04:00:00 GMT+0100 (British Summer Time),0.0279,0.0269,0.0467,5543.799546322455
Sun Sep 15 2024 05:00:00 GMT+0100 (British Summer Time),0.0279,0.0269,0.0477,31737.327937509624
Sun Sep 15 2024 06:00:00 GMT+0100 (British Summer Time),0.0279,0.0269,0.0479,4915.21729669273
Sun Sep 15 2024 07:00:00 GMT+0100 (British Summer Time),0.0279,0.0269,0.0488,29134.697821078375
Sun Sep 15 2024 08:00:00 GMT+0100 (British Summer Time),0.0279,0.0269,0.0488,0
Sun Sep 15 2024 09:00:00 GMT+0100 (British Summer Time),0.02,0.0269,0.0484,13225.541924346871
Sun Sep 15 2024 10:00:00 GMT+0100 (British Summer Time),0.02,0.0269,0.0484,0
Sun Sep 15 2024 11:00:00 GMT+0100 (British Summer Time),0.0294,0.0272,0.0484,0
Sun Sep 15 2024 12:00:00 GMT+0100 (British Summer Time),0.0294,0.0272,0.0484,0
Sun Sep 15 2024 13:00:00 GMT+0100 (British Summer Time),0.0294,0.0272,0.0472,37650.10399150872
Sun Sep 15 2024 14:00:00 GMT+0100 (British Summer Time),0.0294,0.0272,0.0472,4.238165692812967
Sun Sep 15 2024 15:00:00 GMT+0100 (British Summer Time),0.0294,0.0272,0.0472,0
Sun Sep 15 2024 16:00:00 GMT+0100 (British Summer Time),0.0294,0.0272,0.0472,0
Sun Sep 15 2024 17:00:00 GMT+0100 (British Summer Time),0.0195,0.0272,0.0472,0
Sun Sep 15 2024 18:00:00 GMT+0100 (British Summer Time),0.0195,0.0272,0.0472,0
Sun Sep 15 2024 19:00:00 GMT+0100 (British Summer Time),0.0292,0.0271,0.0471,2996.9790981040173
Sun Sep 15 2024 20:00:00 GMT+0100 (British Summer Time),0.0292,0.0271,0.0477,18081.25307863527
Sun Sep 15 2024 21:00:00 GMT+0100 (British Summer Time),0.0292,0.0271,0.0477,0
Sun Sep 15 2024 22:00:00 GMT+0100 (British Summer Time),0.0292,0.0271,0.0477,0
Sun Sep 15 2024 23:00:00 GMT+0100 (British Summer Time),0.0292,0.0271,0.0477,5.561813746610275
Mon Sep 16 2024 00:00:00 GMT+0100 (British Summer Time),0.0292,0.0271,0.0477,0
Mon Sep 16 2024 01:00:00 GMT+0100 (British Summer Time),0.0188,0.0271,0.0477,0
Mon Sep 16 2024 02:00:00 GMT+0100 (British Summer Time),0.0188,0.0271,0.0477,0
Mon Sep 16 2024 03:00:00 GMT+0100 (British Summer Time),0.0272,0.0272,0.0486,27491.03898766129
Mon Sep 16 2024 04:00:00 GMT+0100 (British Summer Time),0.0272,0.0272,0.0486,0
Mon Sep 16 2024 05:00:00 GMT+0100 (British Summer Time),0.0272,0.0272,0.0486,0
Mon Sep 16 2024 06:00:00 GMT+0100 (British Summer Time),0.0272,0.0272,0.0464,94850.12114700442
Mon Sep 16 2024 07:00:00 GMT+0100 (British Summer Time),0.0272,0.0272,0.0464,0
Mon Sep 16 2024 08:00:00 GMT+0100 (British Summer Time),0.0272,0.0272,0.0446,435216.69835972064
Mon Sep 16 2024 09:00:00 GMT+0100 (British Summer Time),0.0272,0.0272,0.0446,0
Mon Sep 16 2024 10:00:00 GMT+0100 (British Summer Time),0.0272,0.0272,0.0446,0
Mon Sep 16 2024 11:00:00 GMT+0100 (British Summer Time),0.0274,0.0273,0.0446,0
Mon Sep 16 2024 12:00:00 GMT+0100 (British Summer Time),0.0274,0.0273,0.0446,0
Mon Sep 16 2024 13:00:00 GMT+0100 (British Summer Time),0.0274,0.0273,0.0446,0
Mon Sep 16 2024 14:00:00 GMT+0100 (British Summer Time),0.0274,0.0273,0.0446,0
Mon Sep 16 2024 15:00:00 GMT+0100 (British Summer Time),0.0274,0.0273,0.0446,0
Mon Sep 16 2024 16:00:00 GMT+0100 (British Summer Time),0.0274,0.0273,0.0446,0
Mon Sep 16 2024 17:00:00 GMT+0100 (British Summer Time),0.0274,0.0273,0.0446,0
Mon Sep 16 2024 18:00:00 GMT+0100 (British Summer Time),0.0274,0.0273,0.0446,0
Mon Sep 16 2024 19:00:00 GMT+0100 (British Summer Time),0.0294,0.0274,0.0446,0
Mon Sep 16 2024 20:00:00 GMT+0100 (British Summer Time),0.0309,0.0276,0.0446,0
Mon Sep 16 2024 21:00:00 GMT+0100 (British Summer Time),0.0309,0.0276,0.0446,0
Mon Sep 16 2024 22:00:00 GMT+0100 (British Summer Time),0.0325,0.0278,0.0446,0
Mon Sep 16 2024 23:00:00 GMT+0100 (British Summer Time),0.0325,0.0278,0.0446,54.15663350193355
Tue Sep 17 2024 00:00:00 GMT+0100 (British Summer Time),0.0342,0.0281,0.0446,0
Tue Sep 17 2024 01:00:00 GMT+0100 (British Summer Time),0.0342,0.0281,0.0446,0
Tue Sep 17 2024 02:00:00 GMT+0100 (British Summer Time),0.0342,0.0281,0.0446,0
Tue Sep 17 2024 03:00:00 GMT+0100 (British Summer Time),0.0257,0.0269,0.0446,0
Tue Sep 17 2024 04:00:00 GMT+0100 (British Summer Time),0.0306,0.0275,0.0446,0
Tue Sep 17 2024 05:00:00 GMT+0100 (British Summer Time),0.0306,0.0275,0.0446,0
Tue Sep 17 2024 06:00:00 GMT+0100 (British Summer Time),0.0306,0.0275,0.0446,68436.01132666707
Tue Sep 17 2024 07:00:00 GMT+0100 (British Summer Time),0.0323,0.0278,0.047,0
Tue Sep 17 2024 08:00:00 GMT+0100 (British Summer Time),0.0323,0.027,0.047,0
Tue Sep 17 2024 09:00:00 GMT+0100 (British Summer Time),0.0357,0.0275,0.047,0
Tue Sep 17 2024 10:00:00 GMT+0100 (British Summer Time),0.0357,0.0275,0.047,0
Tue Sep 17 2024 11:00:00 GMT+0100 (British Summer Time),0.0276,0.0273,0.0462,21980.252696609023
Tue Sep 17 2024 12:00:00 GMT+0100 (British Summer Time),0.0276,0.0273,0.0462,0
Tue Sep 17 2024 13:00:00 GMT+0100 (British Summer Time),0.0276,0.0273,0.0462,0
Tue Sep 17 2024 14:00:00 GMT+0100 (British Summer Time),0.0276,0.0268,0.0462,0
Tue Sep 17 2024 15:00:00 GMT+0100 (British Summer Time),0.0276,0.0268,0.0462,0
Tue Sep 17 2024 16:00:00 GMT+0100 (British Summer Time),0.0276,0.0263,0.0462,0
Tue Sep 17 2024 17:00:00 GMT+0100 (British Summer Time),0.0276,0.026,0.0462,0
Tue Sep 17 2024 18:00:00 GMT+0100 (British Summer Time),0.0276,0.026,0.0462,0
Tue Sep 17 2024 19:00:00 GMT+0100 (British Summer Time),0.0265,0.0275,0.0462,0
Tue Sep 17 2024 20:00:00 GMT+0100 (British Summer Time),0.025,0.0275,0.0462,0
Tue Sep 17 2024 21:00:00 GMT+0100 (British Summer Time),0.025,0.0275,0.0462,0
Tue Sep 17 2024 22:00:00 GMT+0100 (British Summer Time),0.0234,0.0275,0.0462,0
Tue Sep 17 2024 23:00:00 GMT+0100 (British Summer Time),0.0234,0.0275,0.0462,0
Wed Sep 18 2024 00:00:00 GMT+0100 (British Summer Time),0.0267,0.0282,0.0462,0
Wed Sep 18 2024 01:00:00 GMT+0100 (British Summer Time),0.0267,0.0269,0.0462,0
Wed Sep 18 2024 02:00:00 GMT+0100 (British Summer Time),0.0267,0.0269,0.0462,0
Wed Sep 18 2024 03:00:00 GMT+0100 (British Summer Time),0.0267,0.0269,0.0462,62465.359080849696
Wed Sep 18 2024 04:00:00 GMT+0100 (British Summer Time),0.0219,0.0269,0.0462,0
Wed Sep 18 2024 05:00:00 GMT+0100 (British Summer Time),0.0219,0.0269,0.0462,0
Wed Sep 18 2024 06:00:00 GMT+0100 (British Summer Time),0.0219,0.0269,0.0462,0
Wed Sep 18 2024 07:00:00 GMT+0100 (British Summer Time),0.0202,0.0269,0.0462,0
Wed Sep 18 2024 08:00:00 GMT+0100 (British Summer Time),0.0291,0.0282,0.0451,32492.38867265706
Wed Sep 18 2024 09:00:00 GMT+0100 (British Summer Time),0.0258,0.027,0.0451,0
Wed Sep 18 2024 10:00:00 GMT+0100 (British Summer Time),0.0258,0.027,0.0451,0
Wed Sep 18 2024 11:00:00 GMT+0100 (British Summer Time),0.0242,0.027,0.0451,1167.0152228388692
Wed Sep 18 2024 12:00:00 GMT+0100 (British Summer Time),0.0242,0.027,0.0451,0
Wed Sep 18 2024 13:00:00 GMT+0100 (British Summer Time),0.0242,0.027,0.0451,0
Wed Sep 18 2024 14:00:00 GMT+0100 (British Summer Time),0.0242,0.027,0.0451,0
Wed Sep 18 2024 15:00:00 GMT+0100 (British Summer Time),0.0242,0.027,0.0451,0
Wed Sep 18 2024 16:00:00 GMT+0100 (British Summer Time),0.0349,0.0285,0.0451,0
Wed Sep 18 2024 17:00:00 GMT+0100 (British Summer Time),0.0349,0.0285,0.0451,0
Wed Sep 18 2024 18:00:00 GMT+0100 (British Summer Time),0.0349,0.027,0.0451,0
Wed Sep 18 2024 19:00:00 GMT+0100 (British Summer Time),0.0243,0.027,0.0451,0
Wed Sep 18 2024 20:00:00 GMT+0100 (British Summer Time),0.0243,0.027,0.0451,0
Wed Sep 18 2024 21:00:00 GMT+0100 (British Summer Time),0.0243,0.027,0.0451,0
Wed Sep 18 2024 22:00:00 GMT+0100 (British Summer Time),0.0243,0.027,0.0451,0
Wed Sep 18 2024 23:00:00 GMT+0100 (British Summer Time),0.0243,0.027,0.0451,0
Thu Sep 19 2024 00:00:00 GMT+0100 (British Summer Time),0.028,0.0282,0.0451,235.07367671438644
Thu Sep 19 2024 01:00:00 GMT+0100 (British Summer Time),0.028,0.0271,0.0451,0
Thu Sep 19 2024 02:00:00 GMT+0100 (British Summer Time),0.028,0.0271,0.0451,0
Thu Sep 19 2024 03:00:00 GMT+0100 (British Summer Time),0.028,0.0271,0.0451,0
Thu Sep 19 2024 04:00:00 GMT+0100 (British Summer Time),0.028,0.0271,0.0451,0
Thu Sep 19 2024 05:00:00 GMT+0100 (British Summer Time),0.028,0.0271,0.0451,0
Thu Sep 19 2024 06:00:00 GMT+0100 (British Summer Time),0.028,0.0271,0.0451,0
Thu Sep 19 2024 07:00:00 GMT+0100 (British Summer Time),0.028,0.0271,0.0451,0
Thu Sep 19 2024 08:00:00 GMT+0100 (British Summer Time),0.0281,0.0284,0.0451,0
Thu Sep 19 2024 09:00:00 GMT+0100 (British Summer Time),0.0281,0.0284,0.0451,0
Thu Sep 19 2024 10:00:00 GMT+0100 (British Summer Time),0.0281,0.0272,0.0451,0
Thu Sep 19 2024 11:00:00 GMT+0100 (British Summer Time),0.0281,0.0272,0.0451,0
Thu Sep 19 2024 12:00:00 GMT+0100 (British Summer Time),0.0281,0.0272,0.0451,0
Thu Sep 19 2024 13:00:00 GMT+0100 (British Summer Time),0.0281,0.0272,0.0451,0
Thu Sep 19 2024 14:00:00 GMT+0100 (British Summer Time),0.0281,0.0272,0.0451,0
Thu Sep 19 2024 15:00:00 GMT+0100 (British Summer Time),0.0281,0.0272,0.0451,0
Thu Sep 19 2024 16:00:00 GMT+0100 (British Summer Time),0.0291,0.0289,0.0451,0
Thu Sep 19 2024 17:00:00 GMT+0100 (British Summer Time),0.0291,0.0274,0.0451,0
Thu Sep 19 2024 18:00:00 GMT+0100 (British Summer Time),0.0291,0.0274,0.0451,158.91644917618456
Thu Sep 19 2024 19:00:00 GMT+0100 (British Summer Time),0.0291,0.0274,0.0451,0
Thu Sep 19 2024 20:00:00 GMT+0100 (British Summer Time),0.0291,0.0274,0.0451,0
Thu Sep 19 2024 21:00:00 GMT+0100 (British Summer Time),0.0291,0.0274,0.0451,0
Thu Sep 19 2024 22:00:00 GMT+0100 (British Summer Time),0.0291,0.0274,0.0451,0
Thu Sep 19 2024 23:00:00 GMT+0100 (British Summer Time),0.0291,0.0274,0.0451,0
Fri Sep 20 2024 00:00:00 GMT+0100 (British Summer Time),0.0302,0.0288,0.0451,0
Fri Sep 20 2024 01:00:00 GMT+0100 (British Summer Time),0.0302,0.0276,0.0451,0
Fri Sep 20 2024 02:00:00 GMT+0100 (British Summer Time),0.0302,0.0276,0.0451,43.23588801819139
Fri Sep 20 2024 03:00:00 GMT+0100 (British Summer Time),0.0302,0.0276,0.0451,0
Fri Sep 20 2024 04:00:00 GMT+0100 (British Summer Time),0.0302,0.0276,0.0451,0
Fri Sep 20 2024 05:00:00 GMT+0100 (British Summer Time),0.0302,0.0276,0.0451,0
Fri Sep 20 2024 06:00:00 GMT+0100 (British Summer Time),0.0302,0.0276,0.0451,0
Fri Sep 20 2024 07:00:00 GMT+0100 (British Summer Time),0.0302,0.0276,0.0451,0
Fri Sep 20 2024 08:00:00 GMT+0100 (British Summer Time),0.0301,0.0289,0.0451,0
Fri Sep 20 2024 09:00:00 GMT+0100 (British Summer Time),0.0301,0.0289,0.0451,0
Fri Sep 20 2024 10:00:00 GMT+0100 (British Summer Time),0.0301,0.0278,0.0407,1251117.3068987206
Fri Sep 20 2024 11:00:00 GMT+0100 (British Summer Time),0.0301,0.0278,0.0407,0
Fri Sep 20 2024 12:00:00 GMT+0100 (British Summer Time),0.0301,0.0278,0.0407,0
Fri Sep 20 2024 13:00:00 GMT+0100 (British Summer Time),0.0301,0.0278,0.0426,59571.140850017284
Fri Sep 20 2024 14:00:00 GMT+0100 (British Summer Time),0.0301,0.0278,0.0426,0
Fri Sep 20 2024 15:00:00 GMT+0100 (British Summer Time),0.0301,0.0278,0.0426,0
Fri Sep 20 2024 16:00:00 GMT+0100 (British Summer Time),0.0306,0.0295,0.0426,0
Fri Sep 20 2024 17:00:00 GMT+0100 (British Summer Time),0.0306,0.0295,0.0426,0
Fri Sep 20 2024 18:00:00 GMT+0100 (British Summer Time),0.0306,0.0281,0.0426,0
Fri Sep 20 2024 19:00:00 GMT+0100 (British Summer Time),0.0306,0.0281,0.0426,0
Fri Sep 20 2024 20:00:00 GMT+0100 (British Summer Time),0.0306,0.0281,0.0426,0
Fri Sep 20 2024 21:00:00 GMT+0100 (British Summer Time),0.0306,0.0281,0.0426,0
Fri Sep 20 2024 22:00:00 GMT+0100 (British Summer Time),0.0306,0.0281,0.0426,0
Fri Sep 20 2024 23:00:00 GMT+0100 (British Summer Time),0.0306,0.0281,0.0426,0
Sat Sep 21 2024 00:00:00 GMT+0100 (British Summer Time),0.0305,0.0294,0.0426,0
Sat Sep 21 2024 01:00:00 GMT+0100 (British Summer Time),0.0305,0.028,0.0426,0
Sat Sep 21 2024 02:00:00 GMT+0100 (British Summer Time),0.0305,0.028,0.0426,0
Sat Sep 21 2024 03:00:00 GMT+0100 (British Summer Time),0.0305,0.028,0.0426,0
Sat Sep 21 2024 04:00:00 GMT+0100 (British Summer Time),0.0305,0.028,0.0426,0
Sat Sep 21 2024 05:00:00 GMT+0100 (British Summer Time),0.0305,0.028,0.0426,0
Sat Sep 21 2024 06:00:00 GMT+0100 (British Summer Time),0.0305,0.028,0.0426,0
Sat Sep 21 2024 07:00:00 GMT+0100 (British Summer Time),0.0305,0.028,0.0426,155.0629916317807
Sat Sep 21 2024 08:00:00 GMT+0100 (British Summer Time),0.0215,0.028,0.0427,416.24352440333917
Sat Sep 21 2024 09:00:00 GMT+0100 (British Summer Time),0.0325,0.0285,0.0427,0
Sat Sep 21 2024 10:00:00 GMT+0100 (British Summer Time),0.0325,0.0285,0.0427,0
Sat Sep 21 2024 11:00:00 GMT+0100 (British Summer Time),0.0325,0.0285,0.0427,0
Sat Sep 21 2024 12:00:00 GMT+0100 (British Summer Time),0.0325,0.0285,0.0427,277.14140792607316
Sat Sep 21 2024 13:00:00 GMT+0100 (British Summer Time),0.0325,0.0285,0.0427,0
Sat Sep 21 2024 14:00:00 GMT+0100 (British Summer Time),0.0325,0.0285,0.0427,0
Sat Sep 21 2024 15:00:00 GMT+0100 (British Summer Time),0.0325,0.0285,0.0427,0
Sat Sep 21 2024 16:00:00 GMT+0100 (British Summer Time),0.0202,0.0285,0.0427,0
Sat Sep 21 2024 17:00:00 GMT+0100 (British Summer Time),0.0315,0.0301,0.0435,26719.376240638347
Sat Sep 21 2024 18:00:00 GMT+0100 (British Summer Time),0.0315,0.0287,0.0435,0
Sat Sep 21 2024 19:00:00 GMT+0100 (British Summer Time),0.0315,0.0287,0.0435,0
Sat Sep 21 2024 20:00:00 GMT+0100 (British Summer Time),0.0315,0.0287,0.0435,0
Sat Sep 21 2024 21:00:00 GMT+0100 (British Summer Time),0.0315,0.0287,0.0435,0
Sat Sep 21 2024 22:00:00 GMT+0100 (British Summer Time),0.0315,0.0287,0.0435,296.58605664798984
Sat Sep 21 2024 23:00:00 GMT+0100 (British Summer Time),0.0315,0.0287,0.0436,2538.2705018003603
Sun Sep 22 2024 00:00:00 GMT+0100 (British Summer Time),0.022,0.0287,0.0436,0
Sun Sep 22 2024 01:00:00 GMT+0100 (British Summer Time),0.022,0.0272,0.0436,0
Sun Sep 22 2024 02:00:00 GMT+0100 (British Summer Time),0.0302,0.0284,0.0436,0
Sun Sep 22 2024 03:00:00 GMT+0100 (British Summer Time),0.0302,0.0284,0.0384,165115.89999068592
Sun Sep 22 2024 04:00:00 GMT+0100 (British Summer Time),0.0302,0.0284,0.0464,692794.100531236
Sun Sep 22 2024 05:00:00 GMT+0100 (British Summer Time),0.0302,0.0284,0.0464,342.6972493219353
Sun Sep 22 2024 06:00:00 GMT+0100 (British Summer Time),0.0302,0.0284,0.0464,0
Sun Sep 22 2024 07:00:00 GMT+0100 (British Summer Time),0.0302,0.0284,0.0464,0
Sun Sep 22 2024 08:00:00 GMT+0100 (British Summer Time),0.0302,0.0284,0.0464,0
Sun Sep 22 2024 09:00:00 GMT+0100 (British Summer Time),0.0192,0.0284,0.0464,0
Sun Sep 22 2024 10:00:00 GMT+0100 (British Summer Time),0.0278,0.0296,0.0464,0
Sun Sep 22 2024 11:00:00 GMT+0100 (British Summer Time),0.0278,0.0282,0.0464,2.7051108739728877
Sun Sep 22 2024 12:00:00 GMT+0100 (British Summer Time),0.0278,0.0282,0.0464,2.70464123564626
Sun Sep 22 2024 13:00:00 GMT+0100 (British Summer Time),0.0278,0.0282,0.0464,0
Sun Sep 22 2024 14:00:00 GMT+0100 (British Summer Time),0.0278,0.0282,0.0465,759.5654625859862
Sun Sep 22 2024 15:00:00 GMT+0100 (British Summer Time),0.0278,0.0282,0.0465,0
Sun Sep 22 2024 16:00:00 GMT+0100 (British Summer Time),0.0278,0.0282,0.0465,843.5138072435936
Sun Sep 22 2024 17:00:00 GMT+0100 (British Summer Time),0.0165,0.0282,0.0465,0
Sun Sep 22 2024 18:00:00 GMT+0100 (British Summer Time),0.0289,0.03,0.0465,0
Sun Sep 22 2024 19:00:00 GMT+0100 (British Summer Time),0.0289,0.0286,0.0465,0
Sun Sep 22 2024 20:00:00 GMT+0100 (British Summer Time),0.0289,0.0286,0.0465,0
Sun Sep 22 2024 21:00:00 GMT+0100 (British Summer Time),0.0289,0.0286,0.0465,0
Sun Sep 22 2024 22:00:00 GMT+0100 (British Summer Time),0.0289,0.0286,0.0465,0
Sun Sep 22 2024 23:00:00 GMT+0100 (British Summer Time),0.0289,0.0286,0.0465,0
Mon Sep 23 2024 00:00:00 GMT+0100 (British Summer Time),0.0289,0.0286,0.0465,0
Mon Sep 23 2024 01:00:00 GMT+0100 (British Summer Time),0.0289,0.0286,0.0465,0
Mon Sep 23 2024 02:00:00 GMT+0100 (British Summer Time),0.0295,0.0299,0.0465,0
Mon Sep 23 2024 03:00:00 GMT+0100 (British Summer Time),0.0295,0.0287,0.0465,0
Mon Sep 23 2024 04:00:00 GMT+0100 (British Summer Time),0.0295,0.0287,0.0465,0
Mon Sep 23 2024 05:00:00 GMT+0100 (British Summer Time),0.0295,0.0287,0.0465,0
Mon Sep 23 2024 06:00:00 GMT+0100 (British Summer Time),0.0295,0.0287,0.0465,0
Mon Sep 23 2024 07:00:00 GMT+0100 (British Summer Time),0.0295,0.0287,0.0465,0
Mon Sep 23 2024 08:00:00 GMT+0100 (British Summer Time),0.0295,0.0287,0.0465,0
Mon Sep 23 2024 09:00:00 GMT+0100 (British Summer Time),0.0386,0.03,0.0465,0
Mon Sep 23 2024 10:00:00 GMT+0100 (British Summer Time),0.0299,0.03,0.0465,0
Mon Sep 23 2024 11:00:00 GMT+0100 (British Summer Time),0.0299,0.0286,0.0465,0
Mon Sep 23 2024 12:00:00 GMT+0100 (British Summer Time),0.0299,0.0286,0.0465,0
Mon Sep 23 2024 13:00:00 GMT+0100 (British Summer Time),0.0299,0.0286,0.0465,0
Mon Sep 23 2024 14:00:00 GMT+0100 (British Summer Time),0.0299,0.0286,0.0465,0
Mon Sep 23 2024 15:00:00 GMT+0100 (British Summer Time),0.0299,0.0286,0.0465,0
Mon Sep 23 2024 16:00:00 GMT+0100 (British Summer Time),0.0299,0.0286,0.0465,0
Mon Sep 23 2024 17:00:00 GMT+0100 (British Summer Time),0.0299,0.0286,0.0465,0
Mon Sep 23 2024 18:00:00 GMT+0100 (British Summer Time),0.029,0.0302,0.0465,0
Mon Sep 23 2024 19:00:00 GMT+0100 (British Summer Time),0.029,0.0286,0.0476,36736.425808005624
Mon Sep 23 2024 20:00:00 GMT+0100 (British Summer Time),0.0339,0.0291,0.0476,0
Mon Sep 23 2024 21:00:00 GMT+0100 (British Summer Time),0.0339,0.0291,0.0476,0
Mon Sep 23 2024 22:00:00 GMT+0100 (British Summer Time),0.0339,0.0288,0.0476,0
Mon Sep 23 2024 23:00:00 GMT+0100 (British Summer Time),0.0339,0.0288,0.0476,0
Tue Sep 24 2024 00:00:00 GMT+0100 (British Summer Time),0.0339,0.0286,0.0476,0
Tue Sep 24 2024 01:00:00 GMT+0100 (British Summer Time),0.0339,0.0286,0.0476,0
Tue Sep 24 2024 02:00:00 GMT+0100 (British Summer Time),0.0251,0.0286,0.0476,0
Tue Sep 24 2024 03:00:00 GMT+0100 (British Summer Time),0.0251,0.0286,0.0476,0
Tue Sep 24 2024 04:00:00 GMT+0100 (British Summer Time),0.0251,0.0279,0.0476,1840.8261492196164
Tue Sep 24 2024 05:00:00 GMT+0100 (British Summer Time),0.0347,0.0293,0.0476,0
Tue Sep 24 2024 06:00:00 GMT+0100 (British Summer Time),0.0347,0.0293,0.0476,0
Tue Sep 24 2024 07:00:00 GMT+0100 (British Summer Time),0.0347,0.029,0.0476,0
Tue Sep 24 2024 08:00:00 GMT+0100 (British Summer Time),0.0347,0.029,0.0476,0
Tue Sep 24 2024 09:00:00 GMT+0100 (British Summer Time),0.0257,0.0285,0.0476,0
Tue Sep 24 2024 10:00:00 GMT+0100 (British Summer Time),0.0257,0.0285,0.0476,0
Tue Sep 24 2024 11:00:00 GMT+0100 (British Summer Time),0.0257,0.0283,0.0476,0
Tue Sep 24 2024 12:00:00 GMT+0100 (British Summer Time),0.0257,0.0283,0.0476,0
Tue Sep 24 2024 13:00:00 GMT+0100 (British Summer Time),0.0346,0.0296,0.0476,0
Tue Sep 24 2024 14:00:00 GMT+0100 (British Summer Time),0.0346,0.0296,0.0476,0
Tue Sep 24 2024 15:00:00 GMT+0100 (British Summer Time),0.0346,0.0296,0.0476,0
Tue Sep 24 2024 16:00:00 GMT+0100 (British Summer Time),0.0346,0.0296,0.0476,0
Tue Sep 24 2024 17:00:00 GMT+0100 (British Summer Time),0.0346,0.0296,0.0476,0
Tue Sep 24 2024 18:00:00 GMT+0100 (British Summer Time),0.0231,0.0296,0.0476,0
Tue Sep 24 2024 19:00:00 GMT+0100 (British Summer Time),0.0231,0.0281,0.0476,0
Tue Sep 24 2024 20:00:00 GMT+0100 (British Summer Time),0.0297,0.0297,0.0476,0
Tue Sep 24 2024 21:00:00 GMT+0100 (British Summer Time),0.0297,0.0297,0.0476,0
Tue Sep 24 2024 22:00:00 GMT+0100 (British Summer Time),0.0297,0.0297,0.0476,0
Tue Sep 24 2024 23:00:00 GMT+0100 (British Summer Time),0.0297,0.0297,0.0476,36.09518825358255
Wed Sep 25 2024 00:00:00 GMT+0100 (British Summer Time),0.0297,0.029,0.0476,0
Wed Sep 25 2024 01:00:00 GMT+0100 (British Summer Time),0.0297,0.029,0.0476,0
Wed Sep 25 2024 02:00:00 GMT+0100 (British Summer Time),0.0297,0.029,0.0476,0
Wed Sep 25 2024 03:00:00 GMT+0100 (British Summer Time),0.0297,0.029,0.0477,636.5167981005238
Wed Sep 25 2024 04:00:00 GMT+0100 (British Summer Time),0.0297,0.029,0.0477,0
Wed Sep 25 2024 05:00:00 GMT+0100 (British Summer Time),0.0291,0.0303,0.0477,84.6011144759252
Wed Sep 25 2024 06:00:00 GMT+0100 (British Summer Time),0.0291,0.0303,0.0478,4560.008407254266
Wed Sep 25 2024 07:00:00 GMT+0100 (British Summer Time),0.0291,0.0303,0.0478,0
Wed Sep 25 2024 08:00:00 GMT+0100 (British Summer Time),0.0291,0.029,0.0686,718919.1007073713
Wed Sep 25 2024 09:00:00 GMT+0100 (British Summer Time),0.0291,0.029,0.0686,0
Wed Sep 25 2024 10:00:00 GMT+0100 (British Summer Time),0.0291,0.029,0.0686,0
Wed Sep 25 2024 11:00:00 GMT+0100 (British Summer Time),0.0291,0.029,0.0686,0
Wed Sep 25 2024 12:00:00 GMT+0100 (British Summer Time),0.0291,0.029,0.0686,133.722419520438
Wed Sep 25 2024 13:00:00 GMT+0100 (British Summer Time),0.0285,0.0302,0.0686,0
Wed Sep 25 2024 14:00:00 GMT+0100 (British Summer Time),0.0285,0.0302,0.0686,0
Wed Sep 25 2024 15:00:00 GMT+0100 (British Summer Time),0.0285,0.0302,0.0686,0
Wed Sep 25 2024 16:00:00 GMT+0100 (British Summer Time),0.0285,0.0287,0.0687,2926.702427468409
Wed Sep 25 2024 17:00:00 GMT+0100 (British Summer Time),0.0285,0.0287,0.0733,165343.82262207597
Wed Sep 25 2024 18:00:00 GMT+0100 (British Summer Time),0.0285,0.0287,0.0733,0
Wed Sep 25 2024 19:00:00 GMT+0100 (British Summer Time),0.0285,0.0287,0.0733,55.715346118124494
Wed Sep 25 2024 20:00:00 GMT+0100 (British Summer Time),0.017,0.0287,0.0733,0
Wed Sep 25 2024 21:00:00 GMT+0100 (British Summer Time),0.0283,0.0303,0.0733,0
Wed Sep 25 2024 22:00:00 GMT+0100 (British Summer Time),0.0283,0.0303,0.0733,0
Wed Sep 25 2024 23:00:00 GMT+0100 (British Summer Time),0.0283,0.0303,0.0882,546137.0414264373
Thu Sep 26 2024 00:00:00 GMT+0100 (British Summer Time),0.0283,0.0291,0.0887,0