time,underlyingApy1DMA,underlyingApy7DMA,impliedApy,volume
Sun Oct 27 2024 01:00:00 GMT+0100 (British Summer Time),0.0258,0.0267,0.046,0
Sun Oct 27 2024 01:00:00 GMT+0000 (Greenwich Mean Time),0.0258,0.0267,0.046,0
Sun Oct 27 2024 02:00:00 GMT+0000 (Greenwich Mean Time),0.0258,0.0267,0.046,0
Sun Oct 27 2024 03:00:00 GMT+0000 (Greenwich Mean Time),0.0258,0.0267,0.046,57.6874103404159
Sun Oct 27 2024 04:00:00 GMT+0000 (Greenwich Mean Time),0.0258,0.0256,0.046,0
Sun Oct 27 2024 05:00:00 GMT+0000 (Greenwich Mean Time),0.0255,0.0266,0.046,0
Sun Oct 27 2024 06:00:00 GMT+0000 (Greenwich Mean Time),0.0255,0.0264,0.046,0
Sun Oct 27 2024 07:00:00 GMT+0000 (Greenwich Mean Time),0.0255,0.0264,0.046,0
Sun Oct 27 2024 08:00:00 GMT+0000 (Greenwich Mean Time),0.0255,0.0264,0.046,920.292469302832
Sun Oct 27 2024 09:00:00 GMT+0000 (Greenwich Mean Time),0.0255,0.026,0.046,0
Sun Oct 27 2024 10:00:00 GMT+0000 (Greenwich Mean Time),0.0255,0.026,0.046,0
Sun Oct 27 2024 11:00:00 GMT+0000 (Greenwich Mean Time),0.0255,0.026,0.046,0
Sun Oct 27 2024 12:00:00 GMT+0000 (Greenwich Mean Time),0.0255,0.026,0.046,0
Sun Oct 27 2024 13:00:00 GMT+0000 (Greenwich Mean Time),0.025,0.027,0.046,0
Sun Oct 27 2024 14:00:00 GMT+0000 (Greenwich Mean Time),0.025,0.027,0.046,3.585977760749725
Sun Oct 27 2024 15:00:00 GMT+0000 (Greenwich Mean Time),0.025,0.027,0.0465,43932.09086142319
Sun Oct 27 2024 16:00:00 GMT+0000 (Greenwich Mean Time),0.025,0.027,0.0465,0
Sun Oct 27 2024 17:00:00 GMT+0000 (Greenwich Mean Time),0.025,0.0253,0.0464,2736.348801635453
Sun Oct 27 2024 18:00:00 GMT+0000 (Greenwich Mean Time),0.025,0.0253,0.0464,0
Sun Oct 27 2024 19:00:00 GMT+0000 (Greenwich Mean Time),0.025,0.0253,0.0464,871.7667858401633
Sun Oct 27 2024 20:00:00 GMT+0000 (Greenwich Mean Time),0.025,0.0248,0.0464,0
Sun Oct 27 2024 21:00:00 GMT+0000 (Greenwich Mean Time),0.0361,0.0264,0.0464,0
Sun Oct 27 2024 22:00:00 GMT+0000 (Greenwich Mean Time),0.0246,0.0262,0.0464,0
Sun Oct 27 2024 23:00:00 GMT+0000 (Greenwich Mean Time),0.0246,0.0262,0.0464,0
Mon Oct 28 2024 00:00:00 GMT+0000 (Greenwich Mean Time),0.0246,0.0258,0.0464,0
Mon Oct 28 2024 01:00:00 GMT+0000 (Greenwich Mean Time),0.0246,0.0258,0.0464,0
Mon Oct 28 2024 02:00:00 GMT+0000 (Greenwich Mean Time),0.0246,0.0255,0.0464,0
Mon Oct 28 2024 03:00:00 GMT+0000 (Greenwich Mean Time),0.0246,0.0255,0.0464,0
Mon Oct 28 2024 04:00:00 GMT+0000 (Greenwich Mean Time),0.0246,0.0255,0.0464,0
Mon Oct 28 2024 05:00:00 GMT+0000 (Greenwich Mean Time),0.0248,0.0266,0.0464,0
Mon Oct 28 2024 06:00:00 GMT+0000 (Greenwich Mean Time),0.0248,0.0266,0.0464,0
Mon Oct 28 2024 07:00:00 GMT+0000 (Greenwich Mean Time),0.0248,0.0266,0.0464,0
Mon Oct 28 2024 08:00:00 GMT+0000 (Greenwich Mean Time),0.0248,0.0266,0.0464,0
Mon Oct 28 2024 09:00:00 GMT+0000 (Greenwich Mean Time),0.0248,0.0266,0.0464,0
Mon Oct 28 2024 10:00:00 GMT+0000 (Greenwich Mean Time),0.0248,0.0255,0.0465,1137.5557493429806
Mon Oct 28 2024 11:00:00 GMT+0000 (Greenwich Mean Time),0.0248,0.0255,0.0465,0
Mon Oct 28 2024 12:00:00 GMT+0000 (Greenwich Mean Time),0.0248,0.0255,0.0465,0
Mon Oct 28 2024 13:00:00 GMT+0000 (Greenwich Mean Time),0.025,0.0265,0.0465,0
Mon Oct 28 2024 14:00:00 GMT+0000 (Greenwich Mean Time),0.025,0.0265,0.0465,24938.02723608973
Mon Oct 28 2024 15:00:00 GMT+0000 (Greenwich Mean Time),0.025,0.0265,0.0481,0
Mon Oct 28 2024 16:00:00 GMT+0000 (Greenwich Mean Time),0.025,0.0265,0.0481,0
Mon Oct 28 2024 17:00:00 GMT+0000 (Greenwich Mean Time),0.025,0.0265,0.0481,0
Mon Oct 28 2024 18:00:00 GMT+0000 (Greenwich Mean Time),0.025,0.0249,0.0476,6872.912746937449
Mon Oct 28 2024 19:00:00 GMT+0000 (Greenwich Mean Time),0.025,0.0249,0.0476,0
Mon Oct 28 2024 20:00:00 GMT+0000 (Greenwich Mean Time),0.025,0.0249,0.0476,0
Mon Oct 28 2024 21:00:00 GMT+0000 (Greenwich Mean Time),0.0254,0.0265,0.0476,0
Mon Oct 28 2024 22:00:00 GMT+0000 (Greenwich Mean Time),0.0254,0.0265,0.0476,0
Mon Oct 28 2024 23:00:00 GMT+0000 (Greenwich Mean Time),0.0254,0.0265,0.0476,0
Tue Oct 29 2024 00:00:00 GMT+0000 (Greenwich Mean Time),0.0254,0.0265,0.0476,0
Tue Oct 29 2024 01:00:00 GMT+0000 (Greenwich Mean Time),0.0254,0.0265,0.0476,165.24457585274592
Tue Oct 29 2024 02:00:00 GMT+0000 (Greenwich Mean Time),0.0254,0.0254,0.0476,0
Tue Oct 29 2024 03:00:00 GMT+0000 (Greenwich Mean Time),0.0254,0.0254,0.0476,0
Tue Oct 29 2024 04:00:00 GMT+0000 (Greenwich Mean Time),0.0254,0.0254,0.0476,0
Tue Oct 29 2024 05:00:00 GMT+0000 (Greenwich Mean Time),0.0257,0.0265,0.0476,0
Tue Oct 29 2024 06:00:00 GMT+0000 (Greenwich Mean Time),0.0257,0.0265,0.0476,0
Tue Oct 29 2024 07:00:00 GMT+0000 (Greenwich Mean Time),0.0257,0.0265,0.0476,0
Tue Oct 29 2024 08:00:00 GMT+0000 (Greenwich Mean Time),0.0257,0.0265,0.0472,7140.6513625548105
Tue Oct 29 2024 09:00:00 GMT+0000 (Greenwich Mean Time),0.0257,0.0265,0.0472,0
Tue Oct 29 2024 10:00:00 GMT+0000 (Greenwich Mean Time),0.0257,0.0255,0.0472,0
Tue Oct 29 2024 11:00:00 GMT+0000 (Greenwich Mean Time),0.0257,0.0255,0.0472,0
Tue Oct 29 2024 12:00:00 GMT+0000 (Greenwich Mean Time),0.0257,0.0255,0.0472,0
Tue Oct 29 2024 13:00:00 GMT+0000 (Greenwich Mean Time),0.0187,0.0255,0.0475,4016.4000633617943
Tue Oct 29 2024 14:00:00 GMT+0000 (Greenwich Mean Time),0.0187,0.0255,0.0475,0
Tue Oct 29 2024 15:00:00 GMT+0000 (Greenwich Mean Time),0.0187,0.0255,0.0475,0
Tue Oct 29 2024 16:00:00 GMT+0000 (Greenwich Mean Time),0.0187,0.0255,0.0475,0
Tue Oct 29 2024 17:00:00 GMT+0000 (Greenwich Mean Time),0.0187,0.0255,0.0475,580.8650615348096
Tue Oct 29 2024 18:00:00 GMT+0000 (Greenwich Mean Time),0.0187,0.0255,0.0475,0
Tue Oct 29 2024 19:00:00 GMT+0000 (Greenwich Mean Time),0.0344,0.0261,0.0471,6569.971936555774
Tue Oct 29 2024 20:00:00 GMT+0000 (Greenwich Mean Time),0.0344,0.0261,0.0471,178.0062297177695
Tue Oct 29 2024 21:00:00 GMT+0000 (Greenwich Mean Time),0.026,0.0265,0.0471,0
Tue Oct 29 2024 22:00:00 GMT+0000 (Greenwich Mean Time),0.026,0.0265,0.0471,0
Tue Oct 29 2024 23:00:00 GMT+0000 (Greenwich Mean Time),0.026,0.0265,0.0462,14528.977756610508
Wed Oct 30 2024 00:00:00 GMT+0000 (Greenwich Mean Time),0.0289,0.0269,0.0462,0
Wed Oct 30 2024 01:00:00 GMT+0000 (Greenwich Mean Time),0.0289,0.0269,0.0462,0
Wed Oct 30 2024 02:00:00 GMT+0000 (Greenwich Mean Time),0.0289,0.0269,0.0462,0
Wed Oct 30 2024 03:00:00 GMT+0000 (Greenwich Mean Time),0.0289,0.0258,0.0462,0
Wed Oct 30 2024 04:00:00 GMT+0000 (Greenwich Mean Time),0.032,0.0263,0.0462,0
Wed Oct 30 2024 05:00:00 GMT+0000 (Greenwich Mean Time),0.0246,0.0263,0.0462,0
Wed Oct 30 2024 06:00:00 GMT+0000 (Greenwich Mean Time),0.0246,0.0263,0.0462,0
Wed Oct 30 2024 07:00:00 GMT+0000 (Greenwich Mean Time),0.028,0.0262,0.0462,0
Wed Oct 30 2024 08:00:00 GMT+0000 (Greenwich Mean Time),0.0296,0.0264,0.0462,0
Wed Oct 30 2024 09:00:00 GMT+0000 (Greenwich Mean Time),0.0296,0.0264,0.0462,672.6586134321644
Wed Oct 30 2024 10:00:00 GMT+0000 (Greenwich Mean Time),0.0311,0.0266,0.0462,0
Wed Oct 30 2024 11:00:00 GMT+0000 (Greenwich Mean Time),0.0311,0.0262,0.0462,0
Wed Oct 30 2024 12:00:00 GMT+0000 (Greenwich Mean Time),0.0326,0.0264,0.0462,0
Wed Oct 30 2024 13:00:00 GMT+0000 (Greenwich Mean Time),0.0326,0.0264,0.0462,0
Wed Oct 30 2024 14:00:00 GMT+0000 (Greenwich Mean Time),0.0326,0.0264,0.0462,0
Wed Oct 30 2024 15:00:00 GMT+0000 (Greenwich Mean Time),0.0326,0.0264,0.0462,0
Wed Oct 30 2024 16:00:00 GMT+0000 (Greenwich Mean Time),0.0417,0.0277,0.0462,0
Wed Oct 30 2024 17:00:00 GMT+0000 (Greenwich Mean Time),0.0417,0.0277,0.0462,0
Wed Oct 30 2024 18:00:00 GMT+0000 (Greenwich Mean Time),0.0433,0.0261,0.0463,711.3982108103055
Wed Oct 30 2024 19:00:00 GMT+0000 (Greenwich Mean Time),0.0275,0.0261,0.0463,0
Wed Oct 30 2024 20:00:00 GMT+0000 (Greenwich Mean Time),0.029,0.0264,0.0463,0
Wed Oct 30 2024 21:00:00 GMT+0000 (Greenwich Mean Time),0.0272,0.0261,0.0463,0
Wed Oct 30 2024 22:00:00 GMT+0000 (Greenwich Mean Time),0.0272,0.0261,0.0463,0
Wed Oct 30 2024 23:00:00 GMT+0000 (Greenwich Mean Time),0.0272,0.0261,0.0463,0
Thu Oct 31 2024 00:00:00 GMT+0000 (Greenwich Mean Time),0.0275,0.0266,0.0463,110.4260992349431
Thu Oct 31 2024 01:00:00 GMT+0000 (Greenwich Mean Time),0.0275,0.0262,0.0463,0
Thu Oct 31 2024 02:00:00 GMT+0000 (Greenwich Mean Time),0.0289,0.0264,0.0457,10019.313032393382
Thu Oct 31 2024 03:00:00 GMT+0000 (Greenwich Mean Time),0.0289,0.0264,0.0457,0
Thu Oct 31 2024 04:00:00 GMT+0000 (Greenwich Mean Time),0.0272,0.0262,0.0457,0
Thu Oct 31 2024 05:00:00 GMT+0000 (Greenwich Mean Time),0.0272,0.0262,0.0457,0
Thu Oct 31 2024 06:00:00 GMT+0000 (Greenwich Mean Time),0.0272,0.0262,0.0457,0
Thu Oct 31 2024 07:00:00 GMT+0000 (Greenwich Mean Time),0.0238,0.0257,0.0457,0
Thu Oct 31 2024 08:00:00 GMT+0000 (Greenwich Mean Time),0.0221,0.0257,0.0457,66.86261444309572
Thu Oct 31 2024 09:00:00 GMT+0000 (Greenwich Mean Time),0.0221,0.0257,0.0457,23.724697312668987
Thu Oct 31 2024 10:00:00 GMT+0000 (Greenwich Mean Time),0.0207,0.0257,0.0457,0
Thu Oct 31 2024 11:00:00 GMT+0000 (Greenwich Mean Time),0.0207,0.0253,0.0457,0
Thu Oct 31 2024 12:00:00 GMT+0000 (Greenwich Mean Time),0.0192,0.0253,0.0457,0
Thu Oct 31 2024 13:00:00 GMT+0000 (Greenwich Mean Time),0.0192,0.0253,0.0457,0
Thu Oct 31 2024 14:00:00 GMT+0000 (Greenwich Mean Time),0.0192,0.0249,0.0457,0
Thu Oct 31 2024 15:00:00 GMT+0000 (Greenwich Mean Time),0.0192,0.0249,0.0457,0
Thu Oct 31 2024 16:00:00 GMT+0000 (Greenwich Mean Time),0.0103,0.0249,0.0457,0
Thu Oct 31 2024 17:00:00 GMT+0000 (Greenwich Mean Time),0.0103,0.0249,0.0457,0
Thu Oct 31 2024 18:00:00 GMT+0000 (Greenwich Mean Time),0.0087,0.0249,0.0457,0
Thu Oct 31 2024 19:00:00 GMT+0000 (Greenwich Mean Time),0.0101,0.0251,0.0457,0
Thu Oct 31 2024 20:00:00 GMT+0000 (Greenwich Mean Time),0.0086,0.0251,0.0457,0
Thu Oct 31 2024 21:00:00 GMT+0000 (Greenwich Mean Time),0.0071,0.0251,0.0457,0
Thu Oct 31 2024 22:00:00 GMT+0000 (Greenwich Mean Time),0.0071,0.0233,0.046,5628.403948879963
Thu Oct 31 2024 23:00:00 GMT+0000 (Greenwich Mean Time),0.0071,0.0233,0.046,0
Fri Nov 01 2024 00:00:00 GMT+0000 (Greenwich Mean Time),0.0041,0.0233,0.0444,26279.62901556856
Fri Nov 01 2024 01:00:00 GMT+0000 (Greenwich Mean Time),0.0041,0.0233,0.0444,0
Fri Nov 01 2024 02:00:00 GMT+0000 (Greenwich Mean Time),0.0027,0.0233,0.0444,0
Fri Nov 01 2024 03:00:00 GMT+0000 (Greenwich Mean Time),0.0027,0.0233,0.0444,0
Fri Nov 01 2024 04:00:00 GMT+0000 (Greenwich Mean Time),0.0014,0.0233,0.0444,0
Fri Nov 01 2024 05:00:00 GMT+0000 (Greenwich Mean Time),0.0014,0.0223,0.0444,0
Fri Nov 01 2024 06:00:00 GMT+0000 (Greenwich Mean Time),0.0014,0.0223,0.0444,0
Fri Nov 01 2024 07:00:00 GMT+0000 (Greenwich Mean Time),0.0014,0.0223,0.0444,0
Fri Nov 01 2024 08:00:00 GMT+0000 (Greenwich Mean Time),0.0014,0.0223,0.0444,0
Fri Nov 01 2024 09:00:00 GMT+0000 (Greenwich Mean Time),0.0014,0.0223,0.0444,0
Fri Nov 01 2024 10:00:00 GMT+0000 (Greenwich Mean Time),0.0014,0.0223,0.0444,0
Fri Nov 01 2024 11:00:00 GMT+0000 (Greenwich Mean Time),0.0014,0.0223,0.0444,0
Fri Nov 01 2024 12:00:00 GMT+0000 (Greenwich Mean Time),0.0014,0.0223,0.0444,17570.28235513653
Fri Nov 01 2024 13:00:00 GMT+0000 (Greenwich Mean Time),0.0014,0.0212,0.0444,0
Fri Nov 01 2024 14:00:00 GMT+0000 (Greenwich Mean Time),0.0014,0.0212,0.0449,8575.679291910123
Fri Nov 01 2024 15:00:00 GMT+0000 (Greenwich Mean Time),0.0434,0.0272,0.0449,0
Fri Nov 01 2024 16:00:00 GMT+0000 (Greenwich Mean Time),0.0451,0.0275,0.0449,0
Fri Nov 01 2024 17:00:00 GMT+0000 (Greenwich Mean Time),0.0451,0.0275,0.0449,0
Fri Nov 01 2024 18:00:00 GMT+0000 (Greenwich Mean Time),0.047,0.0277,0.0449,0
Fri Nov 01 2024 19:00:00 GMT+0000 (Greenwich Mean Time),0.0455,0.0277,0.0449,0
Fri Nov 01 2024 20:00:00 GMT+0000 (Greenwich Mean Time),0.0472,0.028,0.0449,0
Fri Nov 01 2024 21:00:00 GMT+0000 (Greenwich Mean Time),0.0472,0.0262,0.0449,0
Fri Nov 01 2024 22:00:00 GMT+0000 (Greenwich Mean Time),0.0472,0.0262,0.0449,0
Fri Nov 01 2024 23:00:00 GMT+0000 (Greenwich Mean Time),0.0472,0.0262,0.0422,41628.618389068564
Sat Nov 02 2024 00:00:00 GMT+0000 (Greenwich Mean Time),0.0472,0.0262,0.0423,548.0171475481421
Sat Nov 02 2024 01:00:00 GMT+0000 (Greenwich Mean Time),0.0472,0.0262,0.0423,0
Sat Nov 02 2024 02:00:00 GMT+0000 (Greenwich Mean Time),0.0538,0.0271,0.0423,0
Sat Nov 02 2024 03:00:00 GMT+0000 (Greenwich Mean Time),0.0538,0.0271,0.0423,143.8449978385339
Sat Nov 02 2024 04:00:00 GMT+0000 (Greenwich Mean Time),0.0553,0.0273,0.0423,0
Sat Nov 02 2024 05:00:00 GMT+0000 (Greenwich Mean Time),0.0569,0.0265,0.0423,0
Sat Nov 02 2024 06:00:00 GMT+0000 (Greenwich Mean Time),0.0569,0.0265,0.0423,0
Sat Nov 02 2024 07:00:00 GMT+0000 (Greenwich Mean Time),0.0584,0.0267,0.0423,0
Sat Nov 02 2024 08:00:00 GMT+0000 (Greenwich Mean Time),0.0584,0.0267,0.0423,0
Sat Nov 02 2024 09:00:00 GMT+0000 (Greenwich Mean Time),0.0584,0.0267,0.0423,0
Sat Nov 02 2024 10:00:00 GMT+0000 (Greenwich Mean Time),0.0584,0.0267,0.0423,0
Sat Nov 02 2024 11:00:00 GMT+0000 (Greenwich Mean Time),0.0584,0.0267,0.0423,0
Sat Nov 02 2024 12:00:00 GMT+0000 (Greenwich Mean Time),0.0584,0.0267,0.0423,0
Sat Nov 02 2024 13:00:00 GMT+0000 (Greenwich Mean Time),0.0584,0.0256,0.0423,0
Sat Nov 02 2024 14:00:00 GMT+0000 (Greenwich Mean Time),0.0584,0.0256,0.0423,0
Sat Nov 02 2024 15:00:00 GMT+0000 (Greenwich Mean Time),0.0277,0.0273,0.0423,0
Sat Nov 02 2024 16:00:00 GMT+0000 (Greenwich Mean Time),0.0261,0.0273,0.0423,0
Sat Nov 02 2024 17:00:00 GMT+0000 (Greenwich Mean Time),0.0261,0.0273,0.0423,0
Sat Nov 02 2024 18:00:00 GMT+0000 (Greenwich Mean Time),0.0242,0.0273,0.042,4392.663064212146
Sat Nov 02 2024 19:00:00 GMT+0000 (Greenwich Mean Time),0.0242,0.0273,0.042,0
Sat Nov 02 2024 20:00:00 GMT+0000 (Greenwich Mean Time),0.0226,0.0273,0.042,0
Sat Nov 02 2024 21:00:00 GMT+0000 (Greenwich Mean Time),0.029,0.0283,0.042,31.557587021528374
Sat Nov 02 2024 22:00:00 GMT+0000 (Greenwich Mean Time),0.029,0.0266,0.042,0
Sat Nov 02 2024 23:00:00 GMT+0000 (Greenwich Mean Time),0.0307,0.0269,0.042,0
Sun Nov 03 2024 00:00:00 GMT+0000 (Greenwich Mean Time),0.0307,0.0269,0.042,0
Sun Nov 03 2024 01:00:00 GMT+0000 (Greenwich Mean Time),0.0307,0.0269,0.042,0
Sun Nov 03 2024 02:00:00 GMT+0000 (Greenwich Mean Time),0.0243,0.0269,0.042,0
Sun Nov 03 2024 03:00:00 GMT+0000 (Greenwich Mean Time),0.0243,0.0269,0.042,0
Sun Nov 03 2024 04:00:00 GMT+0000 (Greenwich Mean Time),0.0229,0.0269,0.042,0
Sun Nov 03 2024 05:00:00 GMT+0000 (Greenwich Mean Time),0.0213,0.0259,0.042,0
Sun Nov 03 2024 06:00:00 GMT+0000 (Greenwich Mean Time),0.0213,0.0259,0.042,0
Sun Nov 03 2024 07:00:00 GMT+0000 (Greenwich Mean Time),0.0273,0.0269,0.0419,944.7788824474404
Sun Nov 03 2024 08:00:00 GMT+0000 (Greenwich Mean Time),0.0273,0.0269,0.0419,0
Sun Nov 03 2024 09:00:00 GMT+0000 (Greenwich Mean Time),0.0273,0.0269,0.0419,0
Sun Nov 03 2024 10:00:00 GMT+0000 (Greenwich Mean Time),0.0273,0.0269,0.0419,0
Sun Nov 03 2024 11:00:00 GMT+0000 (Greenwich Mean Time),0.0273,0.0269,0.0419,0
Sun Nov 03 2024 12:00:00 GMT+0000 (Greenwich Mean Time),0.0273,0.0269,0.0419,125.18095651772116
Sun Nov 03 2024 13:00:00 GMT+0000 (Greenwich Mean Time),0.0273,0.026,0.0419,89.05988402385667
Sun Nov 03 2024 14:00:00 GMT+0000 (Greenwich Mean Time),0.0273,0.026,0.0419,0
Sun Nov 03 2024 15:00:00 GMT+0000 (Greenwich Mean Time),0.0271,0.0276,0.0419,0
Sun Nov 03 2024 16:00:00 GMT+0000 (Greenwich Mean Time),0.0271,0.0276,0.0419,0
Sun Nov 03 2024 17:00:00 GMT+0000 (Greenwich Mean Time),0.0271,0.0276,0.0419,0
Sun Nov 03 2024 18:00:00 GMT+0000 (Greenwich Mean Time),0.0271,0.0276,0.0419,0
Sun Nov 03 2024 19:00:00 GMT+0000 (Greenwich Mean Time),0.0271,0.0276,0.0416,4984.967406062085
Sun Nov 03 2024 20:00:00 GMT+0000 (Greenwich Mean Time),0.0271,0.0276,0.0416,0
Sun Nov 03 2024 21:00:00 GMT+0000 (Greenwich Mean Time),0.0207,0.026,0.0416,0
Sun Nov 03 2024 22:00:00 GMT+0000 (Greenwich Mean Time),0.0207,0.026,0.0416,2.9924123571776473
Sun Nov 03 2024 23:00:00 GMT+0000 (Greenwich Mean Time),0.0264,0.0271,0.0416,27.670900014993556
Mon Nov 04 2024 00:00:00 GMT+0000 (Greenwich Mean Time),0.0264,0.0271,0.0416,0
Mon Nov 04 2024 01:00:00 GMT+0000 (Greenwich Mean Time),0.0264,0.0271,0.0401,23049.066274955967
Mon Nov 04 2024 02:00:00 GMT+0000 (Greenwich Mean Time),0.0264,0.0271,0.0401,0
Mon Nov 04 2024 03:00:00 GMT+0000 (Greenwich Mean Time),0.0264,0.0271,0.0399,2725.2799172214195
Mon Nov 04 2024 04:00:00 GMT+0000 (Greenwich Mean Time),0.0264,0.0271,0.0399,0
Mon Nov 04 2024 05:00:00 GMT+0000 (Greenwich Mean Time),0.0264,0.0261,0.0399,2284.053086286406
Mon Nov 04 2024 06:00:00 GMT+0000 (Greenwich Mean Time),0.0264,0.0261,0.0438,198529.64108365268
Mon Nov 04 2024 07:00:00 GMT+0000 (Greenwich Mean Time),0.027,0.0272,0.0438,0
Mon Nov 04 2024 08:00:00 GMT+0000 (Greenwich Mean Time),0.027,0.0272,0.0437,1346.2192783041091
Mon Nov 04 2024 09:00:00 GMT+0000 (Greenwich Mean Time),0.027,0.0272,0.0437,838.1806771929005
Mon Nov 04 2024 10:00:00 GMT+0000 (Greenwich Mean Time),0.027,0.0272,0.0437,842.5555223128421
Mon Nov 04 2024 11:00:00 GMT+0000 (Greenwich Mean Time),0.027,0.0272,0.0437,0
Mon Nov 04 2024 12:00:00 GMT+0000 (Greenwich Mean Time),0.027,0.0272,0.0437,0
Mon Nov 04 2024 13:00:00 GMT+0000 (Greenwich Mean Time),0.027,0.0262,0.0437,0
Mon Nov 04 2024 14:00:00 GMT+0000 (Greenwich Mean Time),0.027,0.0262,0.0437,0
Mon Nov 04 2024 15:00:00 GMT+0000 (Greenwich Mean Time),0.0269,0.0279,0.0437,134.63421920798447
Mon Nov 04 2024 16:00:00 GMT+0000 (Greenwich Mean Time),0.0269,0.0279,0.0437,668.3753098903271
Mon Nov 04 2024 17:00:00 GMT+0000 (Greenwich Mean Time),0.0269,0.0279,0.0437,0
Mon Nov 04 2024 18:00:00 GMT+0000 (Greenwich Mean Time),0.0269,0.0279,0.0444,10620.106611431336
Mon Nov 04 2024 19:00:00 GMT+0000 (Greenwich Mean Time),0.0269,0.0279,0.0444,0
Mon Nov 04 2024 20:00:00 GMT+0000 (Greenwich Mean Time),0.0269,0.0279,0.0444,0
Mon Nov 04 2024 21:00:00 GMT+0000 (Greenwich Mean Time),0.0269,0.0263,0.0444,0
Mon Nov 04 2024 22:00:00 GMT+0000 (Greenwich Mean Time),0.0269,0.0263,0.0444,0
Mon Nov 04 2024 23:00:00 GMT+0000 (Greenwich Mean Time),0.0284,0.0276,0.0444,593.8225815079951
Tue Nov 05 2024 00:00:00 GMT+0000 (Greenwich Mean Time),0.0284,0.0276,0.0444,22.091256865582398
Tue Nov 05 2024 01:00:00 GMT+0000 (Greenwich Mean Time),0.0284,0.0276,0.0444,0
Tue Nov 05 2024 02:00:00 GMT+0000 (Greenwich Mean Time),0.0284,0.0276,0.0442,3329.8625874124746
Tue Nov 05 2024 03:00:00 GMT+0000 (Greenwich Mean Time),0.0284,0.0276,0.0442,3.0190389355785814
Tue Nov 05 2024 04:00:00 GMT+0000 (Greenwich Mean Time),0.0284,0.0276,0.0442,0
Tue Nov 05 2024 05:00:00 GMT+0000 (Greenwich Mean Time),0.0284,0.0265,0.0442,0
Tue Nov 05 2024 06:00:00 GMT+0000 (Greenwich Mean Time),0.0284,0.0265,0.0442,0
Tue Nov 05 2024 07:00:00 GMT+0000 (Greenwich Mean Time),0.0287,0.0277,0.0442,0
Tue Nov 05 2024 08:00:00 GMT+0000 (Greenwich Mean Time),0.0287,0.0277,0.0436,8279.683771984723
Tue Nov 05 2024 09:00:00 GMT+0000 (Greenwich Mean Time),0.0287,0.0277,0.0436,144.2487971704002
Tue Nov 05 2024 10:00:00 GMT+0000 (Greenwich Mean Time),0.0287,0.0277,0.0436,0
Tue Nov 05 2024 11:00:00 GMT+0000 (Greenwich Mean Time),0.0287,0.0277,0.0436,0
Tue Nov 05 2024 12:00:00 GMT+0000 (Greenwich Mean Time),0.0287,0.0277,0.0436,0
Tue Nov 05 2024 13:00:00 GMT+0000 (Greenwich Mean Time),0.0287,0.0277,0.0436,0
Tue Nov 05 2024 14:00:00 GMT+0000 (Greenwich Mean Time),0.0287,0.0277,0.0436,0
Tue Nov 05 2024 15:00:00 GMT+0000 (Greenwich Mean Time),0.0289,0.0294,0.0436,0
Tue Nov 05 2024 16:00:00 GMT+0000 (Greenwich Mean Time),0.0289,0.0294,0.0436,0
Tue Nov 05 2024 17:00:00 GMT+0000 (Greenwich Mean Time),0.0289,0.0294,0.0436,0
Tue Nov 05 2024 18:00:00 GMT+0000 (Greenwich Mean Time),0.0289,0.0294,0.0436,0
Tue Nov 05 2024 19:00:00 GMT+0000 (Greenwich Mean Time),0.0289,0.0271,0.0436,0
Tue Nov 05 2024 20:00:00 GMT+0000 (Greenwich Mean Time),0.0289,0.0271,0.0436,15.5790734704644
Tue Nov 05 2024 21:00:00 GMT+0000 (Greenwich Mean Time),0.0289,0.0267,0.0436,0
Tue Nov 05 2024 22:00:00 GMT+0000 (Greenwich Mean Time),0.0289,0.0267,0.0436,0
Tue Nov 05 2024 23:00:00 GMT+0000 (Greenwich Mean Time),0.0288,0.0279,0.0458,32740.072728671763
Wed Nov 06 2024 00:00:00 GMT+0000 (Greenwich Mean Time),0.0288,0.0275,0.0458,0
Wed Nov 06 2024 01:00:00 GMT+0000 (Greenwich Mean Time),0.0288,0.0275,0.0467,15211.376864764876
Wed Nov 06 2024 02:00:00 GMT+0000 (Greenwich Mean Time),0.0288,0.0275,0.0467,0
Wed Nov 06 2024 03:00:00 GMT+0000 (Greenwich Mean Time),0.0288,0.0275,0.0467,0
Wed Nov 06 2024 04:00:00 GMT+0000 (Greenwich Mean Time),0.0288,0.0271,0.0467,0
Wed Nov 06 2024 05:00:00 GMT+0000 (Greenwich Mean Time),0.0288,0.0271,0.0467,0
Wed Nov 06 2024 06:00:00 GMT+0000 (Greenwich Mean Time),0.0288,0.0271,0.0476,14402.337937273891
Wed Nov 06 2024 07:00:00 GMT+0000 (Greenwich Mean Time),0.0292,0.0278,0.0476,0
Wed Nov 06 2024 08:00:00 GMT+0000 (Greenwich Mean Time),0.0292,0.0276,0.0476,186.9812144554775
Wed Nov 06 2024 09:00:00 GMT+0000 (Greenwich Mean Time),0.0292,0.0276,0.0476,0
Wed Nov 06 2024 10:00:00 GMT+0000 (Greenwich Mean Time),0.0292,0.0274,0.0476,0
Wed Nov 06 2024 11:00:00 GMT+0000 (Greenwich Mean Time),0.0292,0.0274,0.0476,0
Wed Nov 06 2024 12:00:00 GMT+0000 (Greenwich Mean Time),0.0292,0.0272,0.0476,0
Wed Nov 06 2024 13:00:00 GMT+0000 (Greenwich Mean Time),0.0292,0.0272,0.0476,0
Wed Nov 06 2024 14:00:00 GMT+0000 (Greenwich Mean Time),0.0292,0.0272,0.0476,23291.046096788417
Wed Nov 06 2024 15:00:00 GMT+0000 (Greenwich Mean Time),0.0306,0.0291,0.0476,0
Wed Nov 06 2024 16:00:00 GMT+0000 (Greenwich Mean Time),0.0306,0.0278,0.048,6451.123333498755
Wed Nov 06 2024 17:00:00 GMT+0000 (Greenwich Mean Time),0.0306,0.0278,0.048,0
Wed Nov 06 2024 18:00:00 GMT+0000 (Greenwich Mean Time),0.0306,0.0276,0.048,0
Wed Nov 06 2024 19:00:00 GMT+0000 (Greenwich Mean Time),0.0306,0.0276,0.048,0
Wed Nov 06 2024 20:00:00 GMT+0000 (Greenwich Mean Time),0.0306,0.0274,0.048,0
Wed Nov 06 2024 21:00:00 GMT+0000 (Greenwich Mean Time),0.0306,0.0271,0.048,0
Wed Nov 06 2024 22:00:00 GMT+0000 (Greenwich Mean Time),0.0306,0.0271,0.048,0
Wed Nov 06 2024 23:00:00 GMT+0000 (Greenwich Mean Time),0.03,0.0283,0.048,0
Thu Nov 07 2024 00:00:00 GMT+0000 (Greenwich Mean Time),0.03,0.0279,0.048,0
Thu Nov 07 2024 01:00:00 GMT+0000 (Greenwich Mean Time),0.03,0.0279,0.048,0
Thu Nov 07 2024 02:00:00 GMT+0000 (Greenwich Mean Time),0.03,0.0277,0.048,0
Thu Nov 07 2024 03:00:00 GMT+0000 (Greenwich Mean Time),0.03,0.0277,0.048,0
Thu Nov 07 2024 04:00:00 GMT+0000 (Greenwich Mean Time),0.03,0.0275,0.048,0
Thu Nov 07 2024 05:00:00 GMT+0000 (Greenwich Mean Time),0.03,0.0275,0.048,0
Thu Nov 07 2024 06:00:00 GMT+0000 (Greenwich Mean Time),0.03,0.0275,0.048,0
Thu Nov 07 2024 07:00:00 GMT+0000 (Greenwich Mean Time),0.0301,0.0288,0.048,99.08232407371926
Thu Nov 07 2024 08:00:00 GMT+0000 (Greenwich Mean Time),0.0301,0.0288,0.048,0
Thu Nov 07 2024 09:00:00 GMT+0000 (Greenwich Mean Time),0.0301,0.0288,0.048,0
Thu Nov 07 2024 10:00:00 GMT+0000 (Greenwich Mean Time),0.0301,0.0288,0.0477,6068.939826899512
Thu Nov 07 2024 11:00:00 GMT+0000 (Greenwich Mean Time),0.0301,0.0288,0.0477,0
Thu Nov 07 2024 12:00:00 GMT+0000 (Greenwich Mean Time),0.0301,0.0288,0.0477,0
Thu Nov 07 2024 13:00:00 GMT+0000 (Greenwich Mean Time),0.0301,0.0288,0.0477,0
Thu Nov 07 2024 14:00:00 GMT+0000 (Greenwich Mean Time),0.0301,0.0288,0.0477,0
Thu Nov 07 2024 15:00:00 GMT+0000 (Greenwich Mean Time),0.0293,0.0305,0.0477,0
Thu Nov 07 2024 16:00:00 GMT+0000 (Greenwich Mean Time),0.0293,0.0305,0.0471,9488.850131725849
Thu Nov 07 2024 17:00:00 GMT+0000 (Greenwich Mean Time),0.0293,0.0305,0.0471,0
Thu Nov 07 2024 18:00:00 GMT+0000 (Greenwich Mean Time),0.0293,0.0305,0.0471,0
Thu Nov 07 2024 19:00:00 GMT+0000 (Greenwich Mean Time),0.0293,0.0303,0.0471,0
Thu Nov 07 2024 20:00:00 GMT+0000 (Greenwich Mean Time),0.0293,0.0303,0.0471,0
Thu Nov 07 2024 21:00:00 GMT+0000 (Greenwich Mean Time),0.0293,0.0303,0.0471,0
Thu Nov 07 2024 22:00:00 GMT+0000 (Greenwich Mean Time),0.0293,0.0303,0.0473,3039.745567508075
Thu Nov 07 2024 23:00:00 GMT+0000 (Greenwich Mean Time),0.0294,0.0316,0.0473,644.5970841317838
Fri Nov 08 2024 00:00:00 GMT+0000 (Greenwich Mean Time),0.0294,0.0316,0.0473,0
Fri Nov 08 2024 01:00:00 GMT+0000 (Greenwich Mean Time),0.0294,0.0316,0.0473,0
Fri Nov 08 2024 02:00:00 GMT+0000 (Greenwich Mean Time),0.0294,0.0316,0.0473,0
Fri Nov 08 2024 03:00:00 GMT+0000 (Greenwich Mean Time),0.0294,0.0316,0.0473,308.20016772914516
Fri Nov 08 2024 04:00:00 GMT+0000 (Greenwich Mean Time),0.0294,0.0316,0.0473,14867.154716316933
Fri Nov 08 2024 05:00:00 GMT+0000 (Greenwich Mean Time),0.0294,0.0316,0.0473,0
Fri Nov 08 2024 06:00:00 GMT+0000 (Greenwich Mean Time),0.0294,0.0316,0.0473,0
Fri Nov 08 2024 07:00:00 GMT+0000 (Greenwich Mean Time),0.029,0.0328,0.0473,0
Fri Nov 08 2024 08:00:00 GMT+0000 (Greenwich Mean Time),0.029,0.0328,0.0474,993.6747393479594
Fri Nov 08 2024 09:00:00 GMT+0000 (Greenwich Mean Time),0.029,0.0328,0.0474,0
Fri Nov 08 2024 10:00:00 GMT+0000 (Greenwich Mean Time),0.029,0.0328,0.0474,0
Fri Nov 08 2024 11:00:00 GMT+0000 (Greenwich Mean Time),0.029,0.0328,0.0448,48310.5073492311
Fri Nov 08 2024 12:00:00 GMT+0000 (Greenwich Mean Time),0.029,0.0328,0.0448,0
Fri Nov 08 2024 13:00:00 GMT+0000 (Greenwich Mean Time),0.029,0.0328,0.0448,0
Fri Nov 08 2024 14:00:00 GMT+0000 (Greenwich Mean Time),0.029,0.0328,0.0481,62886.81014169422
Fri Nov 08 2024 15:00:00 GMT+0000 (Greenwich Mean Time),0.029,0.0285,0.0481,0
Fri Nov 08 2024 16:00:00 GMT+0000 (Greenwich Mean Time),0.029,0.0283,0.0481,0
Fri Nov 08 2024 17:00:00 GMT+0000 (Greenwich Mean Time),0.029,0.0283,0.0481,0
Fri Nov 08 2024 18:00:00 GMT+0000 (Greenwich Mean Time),0.029,0.028,0.0481,0
Fri Nov 08 2024 19:00:00 GMT+0000 (Greenwich Mean Time),0.029,0.028,0.0481,0
Fri Nov 08 2024 20:00:00 GMT+0000 (Greenwich Mean Time),0.029,0.0278,0.0481,875.8269170680845
Fri Nov 08 2024 21:00:00 GMT+0000 (Greenwich Mean Time),0.029,0.0278,0.0481,0
Fri Nov 08 2024 22:00:00 GMT+0000 (Greenwich Mean Time),0.029,0.0278,0.0481,0
Fri Nov 08 2024 23:00:00 GMT+0000 (Greenwich Mean Time),0.0298,0.0291,0.047,22290.498908595764
Sat Nov 09 2024 00:00:00 GMT+0000 (Greenwich Mean Time),0.0298,0.0291,0.047,0
Sat Nov 09 2024 01:00:00 GMT+0000 (Greenwich Mean Time),0.0298,0.0291,0.047,0
Sat Nov 09 2024 02:00:00 GMT+0000 (Greenwich Mean Time),0.0298,0.0282,0.047,0
Sat Nov 09 2024 03:00:00 GMT+0000 (Greenwich Mean Time),0.0298,0.0282,0.047,0
Sat Nov 09 2024 04:00:00 GMT+0000 (Greenwich Mean Time),0.0298,0.028,0.047,0
Sat Nov 09 2024 05:00:00 GMT+0000 (Greenwich Mean Time),0.0298,0.0277,0.047,0
Sat Nov 09 2024 06:00:00 GMT+0000 (Greenwich Mean Time),0.0298,0.0277,0.047,0
Sat Nov 09 2024 07:00:00 GMT+0000 (Greenwich Mean Time),0.029,0.0286,0.047,0
Sat Nov 09 2024 08:00:00 GMT+0000 (Greenwich Mean Time),0.029,0.0286,0.047,0
Sat Nov 09 2024 09:00:00 GMT+0000 (Greenwich Mean Time),0.029,0.0286,0.047,0
Sat Nov 09 2024 10:00:00 GMT+0000 (Greenwich Mean Time),0.029,0.0286,0.0472,4335.085374427793
Sat Nov 09 2024 11:00:00 GMT+0000 (Greenwich Mean Time),0.029,0.0286,0.0472,0
Sat Nov 09 2024 12:00:00 GMT+0000 (Greenwich Mean Time),0.029,0.0286,0.0441,60683.60643030779
Sat Nov 09 2024 13:00:00 GMT+0000 (Greenwich Mean Time),0.029,0.0286,0.0441,0
Sat Nov 09 2024 14:00:00 GMT+0000 (Greenwich Mean Time),0.029,0.0286,0.0441,0
Sat Nov 09 2024 15:00:00 GMT+0000 (Greenwich Mean Time),0.0294,0.0288,0.0441,0
Sat Nov 09 2024 16:00:00 GMT+0000 (Greenwich Mean Time),0.0294,0.0288,0.0441,0
Sat Nov 09 2024 17:00:00 GMT+0000 (Greenwich Mean Time),0.0294,0.0288,0.0441,0
Sat Nov 09 2024 18:00:00 GMT+0000 (Greenwich Mean Time),0.0294,0.0288,0.044,1326.9465299000778
Sat Nov 09 2024 19:00:00 GMT+0000 (Greenwich Mean Time),0.0294,0.0288,0.044,0
Sat Nov 09 2024 20:00:00 GMT+0000 (Greenwich Mean Time),0.0294,0.0288,0.044,0
Sat Nov 09 2024 21:00:00 GMT+0000 (Greenwich Mean Time),0.0294,0.0278,0.044,0
Sat Nov 09 2024 22:00:00 GMT+0000 (Greenwich Mean Time),0.0294,0.0278,0.044,0
Sat Nov 09 2024 23:00:00 GMT+0000 (Greenwich Mean Time),0.0282,0.0287,0.044,0
Sun Nov 10 2024 00:00:00 GMT+0000 (Greenwich Mean Time),0.0282,0.0287,0.044,0
Sun Nov 10 2024 01:00:00 GMT+0000 (Greenwich Mean Time),0.0282,0.0287,0.044,0
Sun Nov 10 2024 02:00:00 GMT+0000 (Greenwich Mean Time),0.0282,0.0287,0.044,0
Sun Nov 10 2024 03:00:00 GMT+0000 (Greenwich Mean Time),0.0282,0.0287,0.0443,11690.521969012765
Sun Nov 10 2024 04:00:00 GMT+0000 (Greenwich Mean Time),0.0282,0.0287,0.0438,10114.424600744744
Sun Nov 10 2024 05:00:00 GMT+0000 (Greenwich Mean Time),0.0282,0.0287,0.0438,0
Sun Nov 10 2024 06:00:00 GMT+0000 (Greenwich Mean Time),0.0282,0.0287,0.0438,0
Sun Nov 10 2024 07:00:00 GMT+0000 (Greenwich Mean Time),0.0283,0.0288,0.0438,0
Sun Nov 10 2024 08:00:00 GMT+0000 (Greenwich Mean Time),0.0283,0.0288,0.047,430556.77536542376
Sun Nov 10 2024 09:00:00 GMT+0000 (Greenwich Mean Time),0.0283,0.0288,0.047,330.4225494049356
Sun Nov 10 2024 10:00:00 GMT+0000 (Greenwich Mean Time),0.0283,0.0288,0.047,0
Sun Nov 10 2024 11:00:00 GMT+0000 (Greenwich Mean Time),0.0283,0.0288,0.047,0
Sun Nov 10 2024 12:00:00 GMT+0000 (Greenwich Mean Time),0.0283,0.0288,0.047,0
Sun Nov 10 2024 13:00:00 GMT+0000 (Greenwich Mean Time),0.0283,0.0288,0.047,0
Sun Nov 10 2024 14:00:00 GMT+0000 (Greenwich Mean Time),0.0283,0.0288,0.047,0
Sun Nov 10 2024 15:00:00 GMT+0000 (Greenwich Mean Time),0.0276,0.0288,0.047,0
Sun Nov 10 2024 16:00:00 GMT+0000 (Greenwich Mean Time),0.0276,0.0288,0.047,0
Sun Nov 10 2024 17:00:00 GMT+0000 (Greenwich Mean Time),0.0276,0.0288,0.047,0
Sun Nov 10 2024 18:00:00 GMT+0000 (Greenwich Mean Time),0.0276,0.0288,0.0474,887625.9780454028
Sun Nov 10 2024 19:00:00 GMT+0000 (Greenwich Mean Time),0.0276,0.0288,0.0474,0
Sun Nov 10 2024 20:00:00 GMT+0000 (Greenwich Mean Time),0.0276,0.0288,0.0474,0
Sun Nov 10 2024 21:00:00 GMT+0000 (Greenwich Mean Time),0.0276,0.0288,0.0474,0
Sun Nov 10 2024 22:00:00 GMT+0000 (Greenwich Mean Time),0.0276,0.0288,0.0474,0
Sun Nov 10 2024 23:00:00 GMT+0000 (Greenwich Mean Time),0.028,0.0289,0.0474,0
Mon Nov 11 2024 00:00:00 GMT+0000 (Greenwich Mean Time),0.028,0.0289,0.0474,0
Mon Nov 11 2024 01:00:00 GMT+0000 (Greenwich Mean Time),0.028,0.0289,0.0474,104.83556656131564
Mon Nov 11 2024 02:00:00 GMT+0000 (Greenwich Mean Time),0.028,0.0289,0.0474,0
Mon Nov 11 2024 03:00:00 GMT+0000 (Greenwich Mean Time),0.028,0.0289,0.0474,0
Mon Nov 11 2024 04:00:00 GMT+0000 (Greenwich Mean Time),0.028,0.0289,0.0474,0
Mon Nov 11 2024 05:00:00 GMT+0000 (Greenwich Mean Time),0.028,0.0289,0.0474,0
Mon Nov 11 2024 06:00:00 GMT+0000 (Greenwich Mean Time),0.028,0.0289,0.0474,0
Mon Nov 11 2024 07:00:00 GMT+0000 (Greenwich Mean Time),0.0292,0.0291,0.0474,0
Mon Nov 11 2024 08:00:00 GMT+0000 (Greenwich Mean Time),0.0292,0.0291,0.0475,220.20336205797133
Mon Nov 11 2024 09:00:00 GMT+0000 (Greenwich Mean Time),0.0292,0.0291,0.0475,0
Mon Nov 11 2024 10:00:00 GMT+0000 (Greenwich Mean Time),0.0292,0.0291,0.0475,0
Mon Nov 11 2024 11:00:00 GMT+0000 (Greenwich Mean Time),0.0292,0.0291,0.0475,0
Mon Nov 11 2024 12:00:00 GMT+0000 (Greenwich Mean Time),0.0292,0.0291,0.0475,209.7123285557622
Mon Nov 11 2024 13:00:00 GMT+0000 (Greenwich Mean Time),0.0292,0.0291,0.0475,0
Mon Nov 11 2024 14:00:00 GMT+0000 (Greenwich Mean Time),0.0292,0.0291,0.0475,92501.301075538
Mon Nov 11 2024 15:00:00 GMT+0000 (Greenwich Mean Time),0.0296,0.0292,0.0475,0
Mon Nov 11 2024 16:00:00 GMT+0000 (Greenwich Mean Time),0.0296,0.0292,0.0475,0
Mon Nov 11 2024 17:00:00 GMT+0000 (Greenwich Mean Time),0.0296,0.0292,0.0475,0
Mon Nov 11 2024 18:00:00 GMT+0000 (Greenwich Mean Time),0.0296,0.0292,0.0475,0
Mon Nov 11 2024 19:00:00 GMT+0000 (Greenwich Mean Time),0.0296,0.0292,0.0475,0
Mon Nov 11 2024 20:00:00 GMT+0000 (Greenwich Mean Time),0.0296,0.0292,0.0492,160362.3369785057
Mon Nov 11 2024 21:00:00 GMT+0000 (Greenwich Mean Time),0.0296,0.0292,0.0492,0
Mon Nov 11 2024 22:00:00 GMT+0000 (Greenwich Mean Time),0.0296,0.0292,0.0492,0
Mon Nov 11 2024 23:00:00 GMT+0000 (Greenwich Mean Time),0.0301,0.0292,0.0492,0
Tue Nov 12 2024 00:00:00 GMT+0000 (Greenwich Mean Time),0.0301,0.0292,0.0492,0
Tue Nov 12 2024 01:00:00 GMT+0000 (Greenwich Mean Time),0.0301,0.0292,0.0492,0
Tue Nov 12 2024 02:00:00 GMT+0000 (Greenwich Mean Time),0.0301,0.0292,0.0492,0
Tue Nov 12 2024 03:00:00 GMT+0000 (Greenwich Mean Time),0.0301,0.0292,0.0492,0
Tue Nov 12 2024 04:00:00 GMT+0000 (Greenwich Mean Time),0.0301,0.0292,0.0492,12.65823216244735
Tue Nov 12 2024 05:00:00 GMT+0000 (Greenwich Mean Time),0.0301,0.0292,0.0497,10677.85021696092
Tue Nov 12 2024 06:00:00 GMT+0000 (Greenwich Mean Time),0.0301,0.0292,0.0498,1416.1674937679295
Tue Nov 12 2024 07:00:00 GMT+0000 (Greenwich Mean Time),0.0306,0.0293,0.0497,3058.6667094731733
Tue Nov 12 2024 08:00:00 GMT+0000 (Greenwich Mean Time),0.0306,0.0293,0.0497,205226.5623641121
Tue Nov 12 2024 09:00:00 GMT+0000 (Greenwich Mean Time),0.0306,0.0293,0.0497,1059.8651974489244
Tue Nov 12 2024 10:00:00 GMT+0000 (Greenwich Mean Time),0.0306,0.0293,0.0497,0
Tue Nov 12 2024 11:00:00 GMT+0000 (Greenwich Mean Time),0.0306,0.0293,0.0497,0
Tue Nov 12 2024 12:00:00 GMT+0000 (Greenwich Mean Time),0.0306,0.0293,0.0497,0
Tue Nov 12 2024 13:00:00 GMT+0000 (Greenwich Mean Time),0.0306,0.0293,0.0497,0
Tue Nov 12 2024 14:00:00 GMT+0000 (Greenwich Mean Time),0.0306,0.0293,0.0497,0
Tue Nov 12 2024 15:00:00 GMT+0000 (Greenwich Mean Time),0.0318,0.0296,0.0497,406.9941967813467
Tue Nov 12 2024 16:00:00 GMT+0000 (Greenwich Mean Time),0.0318,0.0296,0.0497,0
Tue Nov 12 2024 17:00:00 GMT+0000 (Greenwich Mean Time),0.0318,0.0296,0.0497,90.41469610729953
Tue Nov 12 2024 18:00:00 GMT+0000 (Greenwich Mean Time),0.0318,0.0296,0.0484,27935.056475044734
Tue Nov 12 2024 19:00:00 GMT+0000 (Greenwich Mean Time),0.0318,0.0296,0.0484,0
Tue Nov 12 2024 20:00:00 GMT+0000 (Greenwich Mean Time),0.0318,0.0296,0.0484,0
Tue Nov 12 2024 21:00:00 GMT+0000 (Greenwich Mean Time),0.0318,0.0296,0.0484,0
Tue Nov 12 2024 22:00:00 GMT+0000 (Greenwich Mean Time),0.0318,0.0296,0.0484,0
Tue Nov 12 2024 23:00:00 GMT+0000 (Greenwich Mean Time),0.0317,0.0296,0.0484,0
Wed Nov 13 2024 00:00:00 GMT+0000 (Greenwich Mean Time),0.0317,0.0296,0.0484,0
Wed Nov 13 2024 01:00:00 GMT+0000 (Greenwich Mean Time),0.0317,0.0296,0.0484,0
Wed Nov 13 2024 02:00:00 GMT+0000 (Greenwich Mean Time),0.0317,0.0296,0.0484,0
Wed Nov 13 2024 03:00:00 GMT+0000 (Greenwich Mean Time),0.0317,0.0296,0.0484,0
Wed Nov 13 2024 04:00:00 GMT+0000 (Greenwich Mean Time),0.0317,0.0296,0.0484,0
Wed Nov 13 2024 05:00:00 GMT+0000 (Greenwich Mean Time),0.0317,0.0296,0.0484,0
Wed Nov 13 2024 06:00:00 GMT+0000 (Greenwich Mean Time),0.0317,0.0296,0.0484,0
Wed Nov 13 2024 07:00:00 GMT+0000 (Greenwich Mean Time),0.0222,0.0283,0.0484,0
Wed Nov 13 2024 08:00:00 GMT+0000 (Greenwich Mean Time),0.0222,0.0283,0.0484,0
Wed Nov 13 2024 09:00:00 GMT+0000 (Greenwich Mean Time),0.0222,0.0283,0.0484,0
Wed Nov 13 2024 10:00:00 GMT+0000 (Greenwich Mean Time),0.0222,0.0283,0.0484,0
Wed Nov 13 2024 11:00:00 GMT+0000 (Greenwich Mean Time),0.0222,0.0283,0.0484,0
Wed Nov 13 2024 12:00:00 GMT+0000 (Greenwich Mean Time),0.0222,0.0283,0.0484,0
Wed Nov 13 2024 13:00:00 GMT+0000 (Greenwich Mean Time),0.0222,0.0283,0.0484,0
Wed Nov 13 2024 14:00:00 GMT+0000 (Greenwich Mean Time),0.0222,0.0283,0.0484,0
Wed Nov 13 2024 15:00:00 GMT+0000 (Greenwich Mean Time),0.0085,0.0264,0.0484,0
Wed Nov 13 2024 16:00:00 GMT+0000 (Greenwich Mean Time),0.0085,0.0264,0.0484,0
Wed Nov 13 2024 17:00:00 GMT+0000 (Greenwich Mean Time),0.0085,0.0264,0.0484,0
Wed Nov 13 2024 18:00:00 GMT+0000 (Greenwich Mean Time),0.0085,0.0264,0.0484,0
Wed Nov 13 2024 19:00:00 GMT+0000 (Greenwich Mean Time),0.0085,0.0264,0.0484,0
Wed Nov 13 2024 20:00:00 GMT+0000 (Greenwich Mean Time),0.0375,0.0306,0.0484,0
Wed Nov 13 2024 21:00:00 GMT+0000 (Greenwich Mean Time),0.0375,0.0306,0.0484,0
Wed Nov 13 2024 22:00:00 GMT+0000 (Greenwich Mean Time),0.0375,0.0306,0.0484,0
Wed Nov 13 2024 23:00:00 GMT+0000 (Greenwich Mean Time),0.0287,0.0294,0.0484,0
Thu Nov 14 2024 00:00:00 GMT+0000 (Greenwich Mean Time),0.0287,0.0294,0.0484,0
Thu Nov 14 2024 01:00:00 GMT+0000 (Greenwich Mean Time),0.0287,0.0294,0.0484,0
Thu Nov 14 2024 02:00:00 GMT+0000 (Greenwich Mean Time),0.0287,0.0294,0.0484,95.98716522814028
Thu Nov 14 2024 03:00:00 GMT+0000 (Greenwich Mean Time),0.0287,0.0294,0.0484,0
Thu Nov 14 2024 04:00:00 GMT+0000 (Greenwich Mean Time),0.0388,0.0308,0.0484,0
Thu Nov 14 2024 05:00:00 GMT+0000 (Greenwich Mean Time),0.0388,0.0308,0.0484,0
Thu Nov 14 2024 06:00:00 GMT+0000 (Greenwich Mean Time),0.0388,0.0308,0.0484,0
Thu Nov 14 2024 07:00:00 GMT+0000 (Greenwich Mean Time),0.0388,0.0296,0.0484,29.55387668605085
Thu Nov 14 2024 08:00:00 GMT+0000 (Greenwich Mean Time),0.0388,0.0296,0.0484,0
Thu Nov 14 2024 09:00:00 GMT+0000 (Greenwich Mean Time),0.0388,0.0296,0.0484,0
Thu Nov 14 2024 10:00:00 GMT+0000 (Greenwich Mean Time),0.0388,0.0296,0.0484,1240.2084806679668
Thu Nov 14 2024 11:00:00 GMT+0000 (Greenwich Mean Time),0.0388,0.0296,0.0483,0
Thu Nov 14 2024 12:00:00 GMT+0000 (Greenwich Mean Time),0.0484,0.0309,0.0483,580.1762766917408
Thu Nov 14 2024 13:00:00 GMT+0000 (Greenwich Mean Time),0.0484,0.0309,0.0484,168523.2174265801
Thu Nov 14 2024 14:00:00 GMT+0000 (Greenwich Mean Time),0.0484,0.0309,0.0484,0
Thu Nov 14 2024 15:00:00 GMT+0000 (Greenwich Mean Time),0.0484,0.0291,0.0484,0
Thu Nov 14 2024 16:00:00 GMT+0000 (Greenwich Mean Time),0.0484,0.0291,0.0484,0
Thu Nov 14 2024 17:00:00 GMT+0000 (Greenwich Mean Time),0.0484,0.0291,0.0484,7.625490102541547
Thu Nov 14 2024 18:00:00 GMT+0000 (Greenwich Mean Time),0.0484,0.0291,0.0484,0
Thu Nov 14 2024 19:00:00 GMT+0000 (Greenwich Mean Time),0.0484,0.0291,0.0484,0
Thu Nov 14 2024 20:00:00 GMT+0000 (Greenwich Mean Time),0.033,0.0311,0.0484,0
Thu Nov 14 2024 21:00:00 GMT+0000 (Greenwich Mean Time),0.033,0.0311,0.0484,0
Thu Nov 14 2024 22:00:00 GMT+0000 (Greenwich Mean Time),0.033,0.0311,0.0484,0.005015967459604401
Thu Nov 14 2024 23:00:00 GMT+0000 (Greenwich Mean Time),0.033,0.0299,0.0484,0
Fri Nov 15 2024 00:00:00 GMT+0000 (Greenwich Mean Time),0.033,0.0299,0.0488,7223.566041740839
Fri Nov 15 2024 01:00:00 GMT+0000 (Greenwich Mean Time),0.033,0.0299,0.0488,0
Fri Nov 15 2024 02:00:00 GMT+0000 (Greenwich Mean Time),0.033,0.0299,0.0488,0
Fri Nov 15 2024 03:00:00 GMT+0000 (Greenwich Mean Time),0.033,0.0299,0.0488,0
Fri Nov 15 2024 04:00:00 GMT+0000 (Greenwich Mean Time),0.0319,0.0312,0.0488,0
Fri Nov 15 2024 05:00:00 GMT+0000 (Greenwich Mean Time),0.0319,0.0312,0.0488,0
Fri Nov 15 2024 06:00:00 GMT+0000 (Greenwich Mean Time),0.0319,0.0312,0.0488,0
Fri Nov 15 2024 07:00:00 GMT+0000 (Greenwich Mean Time),0.0319,0.03,0.0488,0
Fri Nov 15 2024 08:00:00 GMT+0000 (Greenwich Mean Time),0.0319,0.03,0.0477,21414.91644955485
Fri Nov 15 2024 09:00:00 GMT+0000 (Greenwich Mean Time),0.0319,0.03,0.0477,0.08245067009979518
Fri Nov 15 2024 10:00:00 GMT+0000 (Greenwich Mean Time),0.0319,0.03,0.0477,0
Fri Nov 15 2024 11:00:00 GMT+0000 (Greenwich Mean Time),0.0319,0.03,0.0477,0
Fri Nov 15 2024 12:00:00 GMT+0000 (Greenwich Mean Time),0.031,0.0312,0.0477,0
Fri Nov 15 2024 13:00:00 GMT+0000 (Greenwich Mean Time),0.031,0.0312,0.0477,0
Fri Nov 15 2024 14:00:00 GMT+0000 (Greenwich Mean Time),0.031,0.0312,0.0477,0
Fri Nov 15 2024 15:00:00 GMT+0000 (Greenwich Mean Time),0.031,0.0294,0.0477,0
Fri Nov 15 2024 16:00:00 GMT+0000 (Greenwich Mean Time),0.031,0.0294,0.0477,0
Fri Nov 15 2024 17:00:00 GMT+0000 (Greenwich Mean Time),0.031,0.0294,0.0477,0
Fri Nov 15 2024 18:00:00 GMT+0000 (Greenwich Mean Time),0.031,0.0294,0.0477,0
Fri Nov 15 2024 19:00:00 GMT+0000 (Greenwich Mean Time),0.031,0.0294,0.0477,0
Fri Nov 15 2024 20:00:00 GMT+0000 (Greenwich Mean Time),0.0307,0.0314,0.0477,0
Fri Nov 15 2024 21:00:00 GMT+0000 (Greenwich Mean Time),0.0307,0.0314,0.0477,0
Fri Nov 15 2024 22:00:00 GMT+0000 (Greenwich Mean Time),0.0307,0.0314,0.0477,0
Fri Nov 15 2024 23:00:00 GMT+0000 (Greenwich Mean Time),0.0307,0.0301,0.0477,0
Sat Nov 16 2024 00:00:00 GMT+0000 (Greenwich Mean Time),0.0307,0.0301,0.0477,0
Sat Nov 16 2024 01:00:00 GMT+0000 (Greenwich Mean Time),0.0307,0.0301,0.0477,0
Sat Nov 16 2024 02:00:00 GMT+0000 (Greenwich Mean Time),0.0307,0.0301,0.0477,0
Sat Nov 16 2024 03:00:00 GMT+0000 (Greenwich Mean Time),0.0307,0.0301,0.0477,0
Sat Nov 16 2024 04:00:00 GMT+0000 (Greenwich Mean Time),0.0302,0.0313,0.0477,0
Sat Nov 16 2024 05:00:00 GMT+0000 (Greenwich Mean Time),0.0302,0.0313,0.0477,0
Sat Nov 16 2024 06:00:00 GMT+0000 (Greenwich Mean Time),0.0302,0.0313,0.0477,0
Sat Nov 16 2024 07:00:00 GMT+0000 (Greenwich Mean Time),0.0302,0.0302,0.0477,0
Sat Nov 16 2024 08:00:00 GMT+0000 (Greenwich Mean Time),0.0302,0.0302,0.0477,0
Sat Nov 16 2024 09:00:00 GMT+0000 (Greenwich Mean Time),0.0302,0.0302,0.0477,0
Sat Nov 16 2024 10:00:00 GMT+0000 (Greenwich Mean Time),0.0302,0.0302,0.0477,0
Sat Nov 16 2024 11:00:00 GMT+0000 (Greenwich Mean Time),0.0302,0.0302,0.048,6225.58783865646
Sat Nov 16 2024 12:00:00 GMT+0000 (Greenwich Mean Time),0.0301,0.0314,0.048,0
Sat Nov 16 2024 13:00:00 GMT+0000 (Greenwich Mean Time),0.0301,0.0314,0.048,0
Sat Nov 16 2024 14:00:00 GMT+0000 (Greenwich Mean Time),0.0301,0.0314,0.048,0
Sat Nov 16 2024 15:00:00 GMT+0000 (Greenwich Mean Time),0.0301,0.0295,0.048,0
Sat Nov 16 2024 16:00:00 GMT+0000 (Greenwich Mean Time),0.0301,0.0295,0.048,0
Sat Nov 16 2024 17:00:00 GMT+0000 (Greenwich Mean Time),0.0301,0.0295,0.048,0
Sat Nov 16 2024 18:00:00 GMT+0000 (Greenwich Mean Time),0.0301,0.0295,0.048,0
Sat Nov 16 2024 19:00:00 GMT+0000 (Greenwich Mean Time),0.0301,0.0295,0.048,0
Sat Nov 16 2024 20:00:00 GMT+0000 (Greenwich Mean Time),0.0293,0.0313,0.048,0
Sat Nov 16 2024 21:00:00 GMT+0000 (Greenwich Mean Time),0.0293,0.0313,0.048,0
Sat Nov 16 2024 22:00:00 GMT+0000 (Greenwich Mean Time),0.0293,0.0313,0.048,0
Sat Nov 16 2024 23:00:00 GMT+0000 (Greenwich Mean Time),0.0293,0.0302,0.0481,996.3996171342283
Sun Nov 17 2024 00:00:00 GMT+0000 (Greenwich Mean Time),0.0293,0.0302,0.0481,64.36219859499509
Sun Nov 17 2024 01:00:00 GMT+0000 (Greenwich Mean Time),0.0293,0.0302,0.0481,0
Sun Nov 17 2024 02:00:00 GMT+0000 (Greenwich Mean Time),0.0293,0.0302,0.0481,0
Sun Nov 17 2024 03:00:00 GMT+0000 (Greenwich Mean Time),0.0293,0.0302,0.0481,0
Sun Nov 17 2024 04:00:00 GMT+0000 (Greenwich Mean Time),0.0293,0.0314,0.0481,0
Sun Nov 17 2024 05:00:00 GMT+0000 (Greenwich Mean Time),0.0293,0.0314,0.0481,0
Sun Nov 17 2024 06:00:00 GMT+0000 (Greenwich Mean Time),0.0293,0.0314,0.0478,5492.7656683256255
Sun Nov 17 2024 07:00:00 GMT+0000 (Greenwich Mean Time),0.0293,0.0303,0.0478,0
Sun Nov 17 2024 08:00:00 GMT+0000 (Greenwich Mean Time),0.0293,0.0303,0.0479,3197.250283598257
Sun Nov 17 2024 09:00:00 GMT+0000 (Greenwich Mean Time),0.0293,0.0303,0.0479,0
Sun Nov 17 2024 10:00:00 GMT+0000 (Greenwich Mean Time),0.0293,0.0303,0.0479,0
Sun Nov 17 2024 11:00:00 GMT+0000 (Greenwich Mean Time),0.0293,0.0303,0.0479,0
Sun Nov 17 2024 12:00:00 GMT+0000 (Greenwich Mean Time),0.0209,0.0303,0.0479,0
Sun Nov 17 2024 13:00:00 GMT+0000 (Greenwich Mean Time),0.0209,0.0303,0.0477,3421.0572922809
Sun Nov 17 2024 14:00:00 GMT+0000 (Greenwich Mean Time),0.0209,0.0303,0.0479,2221.137577492375
Sun Nov 17 2024 15:00:00 GMT+0000 (Greenwich Mean Time),0.0209,0.0286,0.0481,3739.335578731143
Sun Nov 17 2024 16:00:00 GMT+0000 (Greenwich Mean Time),0.0209,0.0286,0.0481,0
Sun Nov 17 2024 17:00:00 GMT+0000 (Greenwich Mean Time),0.0209,0.0286,0.0481,0
Sun Nov 17 2024 18:00:00 GMT+0000 (Greenwich Mean Time),0.0209,0.0286,0.0481,0
Sun Nov 17 2024 19:00:00 GMT+0000 (Greenwich Mean Time),0.0209,0.0286,0.0479,2693.853468287369
Sun Nov 17 2024 20:00:00 GMT+0000 (Greenwich Mean Time),0.0082,0.0286,0.0479,0
Sun Nov 17 2024 21:00:00 GMT+0000 (Greenwich Mean Time),0.0082,0.0286,0.0479,0
Sun Nov 17 2024 22:00:00 GMT+0000 (Greenwich Mean Time),0.0082,0.0286,0.0479,0
Sun Nov 17 2024 23:00:00 GMT+0000 (Greenwich Mean Time),0.0082,0.0274,0.0479,0
Mon Nov 18 2024 00:00:00 GMT+0000 (Greenwich Mean Time),0.0082,0.0274,0.0479,0
Mon Nov 18 2024 01:00:00 GMT+0000 (Greenwich Mean Time),0.0082,0.0274,0.0479,0
Mon Nov 18 2024 02:00:00 GMT+0000 (Greenwich Mean Time),0.0082,0.0274,0.0479,0
Mon Nov 18 2024 03:00:00 GMT+0000 (Greenwich Mean Time),0.0377,0.0316,0.048,625.912349520774
Mon Nov 18 2024 04:00:00 GMT+0000 (Greenwich Mean Time),0.0292,0.0316,0.0482,3370.766854178037
Mon Nov 18 2024 05:00:00 GMT+0000 (Greenwich Mean Time),0.0292,0.0316,0.0481,0
Mon Nov 18 2024 06:00:00 GMT+0000 (Greenwich Mean Time),0.0292,0.0316,0.0481,0
Mon Nov 18 2024 07:00:00 GMT+0000 (Greenwich Mean Time),0.0292,0.0303,0.0481,0
Mon Nov 18 2024 08:00:00 GMT+0000 (Greenwich Mean Time),0.0292,0.0303,0.0481,0
Mon Nov 18 2024 09:00:00 GMT+0000 (Greenwich Mean Time),0.0292,0.0303,0.0481,0
Mon Nov 18 2024 10:00:00 GMT+0000 (Greenwich Mean Time),0.0292,0.0303,0.0477,7167.727333534252
Mon Nov 18 2024 11:00:00 GMT+0000 (Greenwich Mean Time),0.0292,0.0303,0.0477,0
Mon Nov 18 2024 12:00:00 GMT+0000 (Greenwich Mean Time),0.0292,0.0303,0.0477,0
Mon Nov 18 2024 13:00:00 GMT+0000 (Greenwich Mean Time),0.0292,0.0303,0.0482,7192.338873087465
Mon Nov 18 2024 14:00:00 GMT+0000 (Greenwich Mean Time),0.0292,0.0303,0.0482,0
Mon Nov 18 2024 15:00:00 GMT+0000 (Greenwich Mean Time),0.0292,0.0285,0.0482,0
Mon Nov 18 2024 16:00:00 GMT+0000 (Greenwich Mean Time),0.0466,0.031,0.0482,0
Mon Nov 18 2024 17:00:00 GMT+0000 (Greenwich Mean Time),0.0466,0.031,0.0482,0
Mon Nov 18 2024 18:00:00 GMT+0000 (Greenwich Mean Time),0.0466,0.031,0.0454,143555.211452524
Mon Nov 18 2024 19:00:00 GMT+0000 (Greenwich Mean Time),0.0466,0.031,0.0454,0
Mon Nov 18 2024 20:00:00 GMT+0000 (Greenwich Mean Time),0.0466,0.031,0.0454,0
Mon Nov 18 2024 21:00:00 GMT+0000 (Greenwich Mean Time),0.0466,0.031,0.0454,0
Mon Nov 18 2024 22:00:00 GMT+0000 (Greenwich Mean Time),0.0466,0.031,0.0454,0
Mon Nov 18 2024 23:00:00 GMT+0000 (Greenwich Mean Time),0.0466,0.0297,0.0454,0
Tue Nov 19 2024 00:00:00 GMT+0000 (Greenwich Mean Time),0.0466,0.0297,0.0454,0
Tue Nov 19 2024 01:00:00 GMT+0000 (Greenwich Mean Time),0.0569,0.0311,0.0454,0
Tue Nov 19 2024 02:00:00 GMT+0000 (Greenwich Mean Time),0.0569,0.0311,0.0454,0
Tue Nov 19 2024 03:00:00 GMT+0000 (Greenwich Mean Time),0.0303,0.0316,0.0454,333.26535282469837
Tue Nov 19 2024 04:00:00 GMT+0000 (Greenwich Mean Time),0.0303,0.0316,0.0455,1349.6695101495657
Tue Nov 19 2024 05:00:00 GMT+0000 (Greenwich Mean Time),0.0321,0.0319,0.0455,0
Tue Nov 19 2024 06:00:00 GMT+0000 (Greenwich Mean Time),0.0321,0.0319,0.0455,0
Tue Nov 19 2024 07:00:00 GMT+0000 (Greenwich Mean Time),0.0337,0.0307,0.0455,0
Tue Nov 19 2024 08:00:00 GMT+0000 (Greenwich Mean Time),0.0337,0.0307,0.0455,0
Tue Nov 19 2024 09:00:00 GMT+0000 (Greenwich Mean Time),0.0337,0.0307,0.0455,710.3729345321285
Tue Nov 19 2024 10:00:00 GMT+0000 (Greenwich Mean Time),0.0371,0.0312,0.0478,40424.22374718266
Tue Nov 19 2024 11:00:00 GMT+0000 (Greenwich Mean Time),0.0371,0.0312,0.0478,0
Tue Nov 19 2024 12:00:00 GMT+0000 (Greenwich Mean Time),0.0371,0.0312,0.0478,0
Tue Nov 19 2024 13:00:00 GMT+0000 (Greenwich Mean Time),0.0371,0.0312,0.0478,490.988581090138
Tue Nov 19 2024 14:00:00 GMT+0000 (Greenwich Mean Time),0.0371,0.0312,0.0478,0
Tue Nov 19 2024 15:00:00 GMT+0000 (Greenwich Mean Time),0.0371,0.0292,0.0478,0
Tue Nov 19 2024 16:00:00 GMT+0000 (Greenwich Mean Time),0.0314,0.0309,0.0478,0
Tue Nov 19 2024 17:00:00 GMT+0000 (Greenwich Mean Time),0.0314,0.0309,0.0478,0
Tue Nov 19 2024 18:00:00 GMT+0000 (Greenwich Mean Time),0.0332,0.0312,0.0478,0
Tue Nov 19 2024 19:00:00 GMT+0000 (Greenwich Mean Time),0.0332,0.0312,0.0478,0
Tue Nov 19 2024 20:00:00 GMT+0000 (Greenwich Mean Time),0.0349,0.0314,0.0447,52292.60204470304
Tue Nov 19 2024 21:00:00 GMT+0000 (Greenwich Mean Time),0.0349,0.0314,0.0447,0
Tue Nov 19 2024 22:00:00 GMT+0000 (Greenwich Mean Time),0.0349,0.0314,0.0447,0
Tue Nov 19 2024 23:00:00 GMT+0000 (Greenwich Mean Time),0.0349,0.0302,0.0448,29.060333005292193
Wed Nov 20 2024 00:00:00 GMT+0000 (Greenwich Mean Time),0.0349,0.0302,0.0448,0
Wed Nov 20 2024 01:00:00 GMT+0000 (Greenwich Mean Time),0.0248,0.0302,0.0448,0
Wed Nov 20 2024 02:00:00 GMT+0000 (Greenwich Mean Time),0.0248,0.0302,0.0448,0
Wed Nov 20 2024 03:00:00 GMT+0000 (Greenwich Mean Time),0.034,0.0315,0.0448,0
Wed Nov 20 2024 04:00:00 GMT+0000 (Greenwich Mean Time),0.0306,0.0315,0.0448,0
Wed Nov 20 2024 05:00:00 GMT+0000 (Greenwich Mean Time),0.0288,0.0315,0.0448,0
Wed Nov 20 2024 06:00:00 GMT+0000 (Greenwich Mean Time),0.0288,0.0315,0.0448,0
Wed Nov 20 2024 07:00:00 GMT+0000 (Greenwich Mean Time),0.0273,0.0315,0.0448,687.1348936595405
Wed Nov 20 2024 08:00:00 GMT+0000 (Greenwich Mean Time),0.0273,0.0315,0.0448,0
Wed Nov 20 2024 09:00:00 GMT+0000 (Greenwich Mean Time),0.0273,0.0315,0.0546,171983.7506242699
Wed Nov 20 2024 10:00:00 GMT+0000 (Greenwich Mean Time),0.0309,0.0325,0.0546,351.1917683981345
Wed Nov 20 2024 11:00:00 GMT+0000 (Greenwich Mean Time),0.0309,0.0325,0.0546,0
Wed Nov 20 2024 12:00:00 GMT+0000 (Greenwich Mean Time),0.0325,0.0327,0.0546,0
Wed Nov 20 2024 13:00:00 GMT+0000 (Greenwich Mean Time),0.0325,0.0327,0.0546,0
Wed Nov 20 2024 14:00:00 GMT+0000 (Greenwich Mean Time),0.0325,0.0327,0.0546,0
Wed Nov 20 2024 15:00:00 GMT+0000 (Greenwich Mean Time),0.0325,0.0327,0.0546,0
Wed Nov 20 2024 16:00:00 GMT+0000 (Greenwich Mean Time),0.021,0.0327,0.0546,0
Wed Nov 20 2024 17:00:00 GMT+0000 (Greenwich Mean Time),0.021,0.0327,0.0546,0
Wed Nov 20 2024 18:00:00 GMT+0000 (Greenwich Mean Time),0.0192,0.0327,0.0546,0
Wed Nov 20 2024 19:00:00 GMT+0000 (Greenwich Mean Time),0.0192,0.0327,0.0546,0
Wed Nov 20 2024 20:00:00 GMT+0000 (Greenwich Mean Time),0.0306,0.0304,0.054,785502.3099983269
Wed Nov 20 2024 21:00:00 GMT+0000 (Greenwich Mean Time),0.0306,0.0304,0.0571,53612.74733427087
Wed Nov 20 2024 22:00:00 GMT+0000 (Greenwich Mean Time),0.0306,0.0304,0.0481,154111.5817381794
Wed Nov 20 2024 23:00:00 GMT+0000 (Greenwich Mean Time),0.0306,0.0304,0.0481,0
Thu Nov 21 2024 00:00:00 GMT+0000 (Greenwich Mean Time),0.0306,0.0304,0.0481,0
Thu Nov 21 2024 01:00:00 GMT+0000 (Greenwich Mean Time),0.0306,0.0304,0.0481,0
Thu Nov 21 2024 02:00:00 GMT+0000 (Greenwich Mean Time),0.0306,0.0304,0.0481,0
Thu Nov 21 2024 03:00:00 GMT+0000 (Greenwich Mean Time),0.0214,0.0304,0.0482,1513.8509531731827
Thu Nov 21 2024 04:00:00 GMT+0000 (Greenwich Mean Time),0.0297,0.0302,0.0482,0
Thu Nov 21 2024 05:00:00 GMT+0000 (Greenwich Mean Time),0.0297,0.0302,0.0482,0
Thu Nov 21 2024 06:00:00 GMT+0000 (Greenwich Mean Time),0.0297,0.0302,0.0482,0
Thu Nov 21 2024 07:00:00 GMT+0000 (Greenwich Mean Time),0.0297,0.0302,0.0482,0
Thu Nov 21 2024 08:00:00 GMT+0000 (Greenwich Mean Time),0.0297,0.0302,0.0484,3081.166554151841
Thu Nov 21 2024 09:00:00 GMT+0000 (Greenwich Mean Time),0.0297,0.0302,0.0484,0
Thu Nov 21 2024 10:00:00 GMT+0000 (Greenwich Mean Time),0.0227,0.0302,0.0484,0
Thu Nov 21 2024 11:00:00 GMT+0000 (Greenwich Mean Time),0.0291,0.0311,0.0484,0
Thu Nov 21 2024 12:00:00 GMT+0000 (Greenwich Mean Time),0.0275,0.0297,0.0484,164.70404799254314
Thu Nov 21 2024 13:00:00 GMT+0000 (Greenwich Mean Time),0.0275,0.0297,0.0631,275784.47368956596
Thu Nov 21 2024 14:00:00 GMT+0000 (Greenwich Mean Time),0.0308,0.0302,0.0631,0
Thu Nov 21 2024 15:00:00 GMT+0000 (Greenwich Mean Time),0.0308,0.0302,0.0631,85994.35303499133
Thu Nov 21 2024 16:00:00 GMT+0000 (Greenwich Mean Time),0.0308,0.0302,0.0584,0
Thu Nov 21 2024 17:00:00 GMT+0000 (Greenwich Mean Time),0.0308,0.0302,0.0585,437.4207572385869
Thu Nov 21 2024 18:00:00 GMT+0000 (Greenwich Mean Time),0.0308,0.0302,0.0585,0
Thu Nov 21 2024 19:00:00 GMT+0000 (Greenwich Mean Time),0.0308,0.0302,0.0585,0
Thu Nov 21 2024 20:00:00 GMT+0000 (Greenwich Mean Time),0.0177,0.0282,0.0585,0
Thu Nov 21 2024 21:00:00 GMT+0000 (Greenwich Mean Time),0.0177,0.0282,0.0585,0
Thu Nov 21 2024 22:00:00 GMT+0000 (Greenwich Mean Time),0.0312,0.0302,0.0532,378659.36849604384
Thu Nov 21 2024 23:00:00 GMT+0000 (Greenwich Mean Time),0.0312,0.0302,0.0532,0
Fri Nov 22 2024 00:00:00 GMT+0000 (Greenwich Mean Time),0.0312,0.0302,0.0532,0
Fri Nov 22 2024 01:00:00 GMT+0000 (Greenwich Mean Time),0.0312,0.0302,0.0532,0
Fri Nov 22 2024 02:00:00 GMT+0000 (Greenwich Mean Time),0.0312,0.0302,0.0532,0
Fri Nov 22 2024 03:00:00 GMT+0000 (Greenwich Mean Time),0.0312,0.0302,0.0532,15596.528983758255
Fri Nov 22 2024 04:00:00 GMT+0000 (Greenwich Mean Time),0.0298,0.0299,0.0536,8833.79214096467
Fri Nov 22 2024 05:00:00 GMT+0000 (Greenwich Mean Time),0.0298,0.0299,0.0536,0
Fri Nov 22 2024 06:00:00 GMT+0000 (Greenwich Mean Time),0.0298,0.0299,0.0536,0
Fri Nov 22 2024 07:00:00 GMT+0000 (Greenwich Mean Time),0.0329,0.0303,0.0536,132.74813661210396
Fri Nov 22 2024 08:00:00 GMT+0000 (Greenwich Mean Time),0.0329,0.0303,0.0536,0
Fri Nov 22 2024 09:00:00 GMT+0000 (Greenwich Mean Time),0.0329,0.0303,0.0536,0
Fri Nov 22 2024 10:00:00 GMT+0000 (Greenwich Mean Time),0.0329,0.0303,0.0536,0
Fri Nov 22 2024 11:00:00 GMT+0000 (Greenwich Mean Time),0.0264,0.0303,0.0536,0
Fri Nov 22 2024 12:00:00 GMT+0000 (Greenwich Mean Time),0.0264,0.0291,0.0536,0
Fri Nov 22 2024 13:00:00 GMT+0000 (Greenwich Mean Time),0.0264,0.0291,0.0536,0
Fri Nov 22 2024 14:00:00 GMT+0000 (Greenwich Mean Time),0.0231,0.0291,0.0536,0
Fri Nov 22 2024 15:00:00 GMT+0000 (Greenwich Mean Time),0.0231,0.0291,0.0536,8256.596837237248
Fri Nov 22 2024 16:00:00 GMT+0000 (Greenwich Mean Time),0.0359,0.0309,0.0536,0
Fri Nov 22 2024 17:00:00 GMT+0000 (Greenwich Mean Time),0.0359,0.0309,0.0536,84.95809662097318
Fri Nov 22 2024 18:00:00 GMT+0000 (Greenwich Mean Time),0.0359,0.0309,0.0536,0
Fri Nov 22 2024 19:00:00 GMT+0000 (Greenwich Mean Time),0.0359,0.0309,0.0536,0
Fri Nov 22 2024 20:00:00 GMT+0000 (Greenwich Mean Time),0.0359,0.029,0.0536,66111.14843429739
Fri Nov 22 2024 21:00:00 GMT+0000 (Greenwich Mean Time),0.0409,0.0297,0.0499,0
Fri Nov 22 2024 22:00:00 GMT+0000 (Greenwich Mean Time),0.0272,0.0297,0.0499,0
Fri Nov 22 2024 23:00:00 GMT+0000 (Greenwich Mean Time),0.0272,0.0297,0.0531,56983.01450290475
Sat Nov 23 2024 00:00:00 GMT+0000 (Greenwich Mean Time),0.0272,0.0297,0.0531,0
Sat Nov 23 2024 01:00:00 GMT+0000 (Greenwich Mean Time),0.0326,0.0304,0.0531,0
Sat Nov 23 2024 02:00:00 GMT+0000 (Greenwich Mean Time),0.0326,0.0304,0.0513,36785.31041598952
Sat Nov 23 2024 03:00:00 GMT+0000 (Greenwich Mean Time),0.0326,0.0304,0.0513,0
Sat Nov 23 2024 04:00:00 GMT+0000 (Greenwich Mean Time),0.0291,0.0297,0.0513,0
Sat Nov 23 2024 05:00:00 GMT+0000 (Greenwich Mean Time),0.0291,0.0297,0.0513,0
Sat Nov 23 2024 06:00:00 GMT+0000 (Greenwich Mean Time),0.0308,0.03,0.0513,0
Sat Nov 23 2024 07:00:00 GMT+0000 (Greenwich Mean Time),0.0277,0.03,0.0513,0
Sat Nov 23 2024 08:00:00 GMT+0000 (Greenwich Mean Time),0.0277,0.03,0.0513,0
Sat Nov 23 2024 09:00:00 GMT+0000 (Greenwich Mean Time),0.0309,0.0304,0.0513,171.7824574222807
Sat Nov 23 2024 10:00:00 GMT+0000 (Greenwich Mean Time),0.0309,0.0304,0.0513,0
Sat Nov 23 2024 11:00:00 GMT+0000 (Greenwich Mean Time),0.0309,0.0304,0.0506,11847.576404324003
Sat Nov 23 2024 12:00:00 GMT+0000 (Greenwich Mean Time),0.0343,0.0297,0.0489,31283.795394504094
Sat Nov 23 2024 13:00:00 GMT+0000 (Greenwich Mean Time),0.0343,0.0297,0.0489,0
Sat Nov 23 2024 14:00:00 GMT+0000 (Greenwich Mean Time),0.0358,0.0299,0.0489,1383.273694768848
Sat Nov 23 2024 15:00:00 GMT+0000 (Greenwich Mean Time),0.0358,0.0299,0.0489,0
Sat Nov 23 2024 16:00:00 GMT+0000 (Greenwich Mean Time),0.0231,0.0299,0.0489,0
Sat Nov 23 2024 17:00:00 GMT+0000 (Greenwich Mean Time),0.0231,0.0299,0.0574,157143.40921698738
Sat Nov 23 2024 18:00:00 GMT+0000 (Greenwich Mean Time),0.0231,0.0299,0.0574,0
Sat Nov 23 2024 19:00:00 GMT+0000 (Greenwich Mean Time),0.0331,0.0313,0.0574,0
Sat Nov 23 2024 20:00:00 GMT+0000 (Greenwich Mean Time),0.0331,0.0295,0.0574,0
Sat Nov 23 2024 21:00:00 GMT+0000 (Greenwich Mean Time),0.0282,0.0295,0.0574,0
Sat Nov 23 2024 22:00:00 GMT+0000 (Greenwich Mean Time),0.0318,0.03,0.0574,54.5646154792113
Sat Nov 23 2024 23:00:00 GMT+0000 (Greenwich Mean Time),0.0318,0.03,0.0578,7274.9301481544135
Sun Nov 24 2024 00:00:00 GMT+0000 (Greenwich Mean Time),0.0318,0.03,0.0587,17091.63020817703
Sun Nov 24 2024 01:00:00 GMT+0000 (Greenwich Mean Time),0.0295,0.0305,0.0587,165.82959528448555
Sun Nov 24 2024 02:00:00 GMT+0000 (Greenwich Mean Time),0.0295,0.0305,0.0587,0
Sun Nov 24 2024 03:00:00 GMT+0000 (Greenwich Mean Time),0.0295,0.0305,0.059,6377.548197519403
Sun Nov 24 2024 04:00:00 GMT+0000 (Greenwich Mean Time),0.0261,0.0293,0.059,0
Sun Nov 24 2024 05:00:00 GMT+0000 (Greenwich Mean Time),0.0261,0.0293,0.0554,68396.91493107822
Sun Nov 24 2024 06:00:00 GMT+0000 (Greenwich Mean Time),0.0244,0.0293,0.0554,1109.726230777963
Sun Nov 24 2024 07:00:00 GMT+0000 (Greenwich Mean Time),0.0244,0.0293,0.0554,0
Sun Nov 24 2024 08:00:00 GMT+0000 (Greenwich Mean Time),0.0244,0.0293,0.0554,0
Sun Nov 24 2024 09:00:00 GMT+0000 (Greenwich Mean Time),0.0212,0.0293,0.0554,0
Sun Nov 24 2024 10:00:00 GMT+0000 (Greenwich Mean Time),0.029,0.0304,0.0554,0
Sun Nov 24 2024 11:00:00 GMT+0000 (Greenwich Mean Time),0.029,0.0304,0.0554,0
Sun Nov 24 2024 12:00:00 GMT+0000 (Greenwich Mean Time),0.0257,0.0304,0.0554,0
Sun Nov 24 2024 13:00:00 GMT+0000 (Greenwich Mean Time),0.0257,0.0304,0.0554,0
Sun Nov 24 2024 14:00:00 GMT+0000 (Greenwich Mean Time),0.0241,0.0304,0.0578,44553.1650287529
Sun Nov 24 2024 15:00:00 GMT+0000 (Greenwich Mean Time),0.0241,0.0304,0.0578,0
Sun Nov 24 2024 16:00:00 GMT+0000 (Greenwich Mean Time),0.0241,0.0304,0.0578,0
Sun Nov 24 2024 17:00:00 GMT+0000 (Greenwich Mean Time),0.0361,0.0321,0.0571,12355.44271684722
Sun Nov 24 2024 18:00:00 GMT+0000 (Greenwich Mean Time),0.0361,0.0321,0.0571,0
Sun Nov 24 2024 19:00:00 GMT+0000 (Greenwich Mean Time),0.0261,0.0321,0.0571,0
Sun Nov 24 2024 20:00:00 GMT+0000 (Greenwich Mean Time),0.0292,0.0325,0.0571,0
Sun Nov 24 2024 21:00:00 GMT+0000 (Greenwich Mean Time),0.0292,0.0325,0.0571,0
Sun Nov 24 2024 22:00:00 GMT+0000 (Greenwich Mean Time),0.0256,0.0325,0.0571,0
Sun Nov 24 2024 23:00:00 GMT+0000 (Greenwich Mean Time),0.0289,0.033,0.0571,0
Mon Nov 25 2024 00:00:00 GMT+0000 (Greenwich Mean Time),0.0289,0.033,0.0571,0
Mon Nov 25 2024 01:00:00 GMT+0000 (Greenwich Mean Time),0.0258,0.033,0.0571,0
Mon Nov 25 2024 02:00:00 GMT+0000 (Greenwich Mean Time),0.0258,0.033,0.0571,0
Mon Nov 25 2024 03:00:00 GMT+0000 (Greenwich Mean Time),0.0291,0.0293,0.0571,0
Mon Nov 25 2024 04:00:00 GMT+0000 (Greenwich Mean Time),0.0291,0.0293,0.0571,0
Mon Nov 25 2024 05:00:00 GMT+0000 (Greenwich Mean Time),0.0291,0.0293,0.0571,0
Mon Nov 25 2024 06:00:00 GMT+0000 (Greenwich Mean Time),0.0291,0.0293,0.0571,0
Mon Nov 25 2024 07:00:00 GMT+0000 (Greenwich Mean Time),0.0431,0.0405,0.0572,205.90391017507048
Mon Nov 25 2024 08:00:00 GMT+0000 (Greenwich Mean Time),0.0431,0.0405,0.0572,0
Mon Nov 25 2024 09:00:00 GMT+0000 (Greenwich Mean Time),0.0462,0.0409,0.0572,0
Mon Nov 25 2024 10:00:00 GMT+0000 (Greenwich Mean Time),0.0384,0.0409,0.0573,3452.127860122928
Mon Nov 25 2024 11:00:00 GMT+0000 (Greenwich Mean Time),0.0384,0.0409,0.0573,84.82194068347611
Mon Nov 25 2024 12:00:00 GMT+0000 (Greenwich Mean Time),0.0384,0.0409,0.0537,69789.6981194892
Mon Nov 25 2024 13:00:00 GMT+0000 (Greenwich Mean Time),0.0435,0.0416,0.0537,0
Mon Nov 25 2024 14:00:00 GMT+0000 (Greenwich Mean Time),0.0435,0.0416,0.0537,0
Mon Nov 25 2024 15:00:00 GMT+0000 (Greenwich Mean Time),0.0435,0.0416,0.0537,0
Mon Nov 25 2024 16:00:00 GMT+0000 (Greenwich Mean Time),0.0502,0.0401,0.0538,1939.4628772038106
Mon Nov 25 2024 17:00:00 GMT+0000 (Greenwich Mean Time),0.0381,0.0401,0.0547,33436.585166550925
Mon Nov 25 2024 18:00:00 GMT+0000 (Greenwich Mean Time),0.0397,0.0403,0.0547,0
Mon Nov 25 2024 19:00:00 GMT+0000 (Greenwich Mean Time),0.0397,0.0403,0.0547,0
Mon Nov 25 2024 20:00:00 GMT+0000 (Greenwich Mean Time),0.0381,0.0406,0.0547,0
Mon Nov 25 2024 22:00:00 GMT+0000 (Greenwich Mean Time),0.0273,0.0298,0.0547,0
Mon Nov 25 2024 23:00:00 GMT+0000 (Greenwich Mean Time),0.0241,0.0298,0.0547,0
Tue Nov 26 2024 00:00:00 GMT+0000 (Greenwich Mean Time),0.027,0.0302,0.0547,0
Tue Nov 26 2024 01:00:00 GMT+0000 (Greenwich Mean Time),0.0378,0.0395,0.0547,0
Tue Nov 26 2024 02:00:00 GMT+0000 (Greenwich Mean Time),0.0378,0.0395,0.0547,0
Tue Nov 26 2024 03:00:00 GMT+0000 (Greenwich Mean Time),0.0344,0.0391,0.0547,0
Tue Nov 26 2024 04:00:00 GMT+0000 (Greenwich Mean Time),0.0344,0.0391,0.0547,0
Tue Nov 26 2024 05:00:00 GMT+0000 (Greenwich Mean Time),0.0344,0.0388,0.0547,0
Tue Nov 26 2024 06:00:00 GMT+0000 (Greenwich Mean Time),0.0344,0.0388,0.0547,0
Tue Nov 26 2024 07:00:00 GMT+0000 (Greenwich Mean Time),0.0313,0.0386,0.0547,0
Tue Nov 26 2024 08:00:00 GMT+0000 (Greenwich Mean Time),0.0396,0.0398,0.0547,0
Tue Nov 26 2024 09:00:00 GMT+0000 (Greenwich Mean Time),0.0366,0.0398,0.0547,0
Tue Nov 26 2024 10:00:00 GMT+0000 (Greenwich Mean Time),0.0366,0.0393,0.0547,0
Tue Nov 26 2024 11:00:00 GMT+0000 (Greenwich Mean Time),0.0366,0.0393,0.0547,0
Tue Nov 26 2024 12:00:00 GMT+0000 (Greenwich Mean Time),0.0366,0.0393,0.0547,0
Tue Nov 26 2024 13:00:00 GMT+0000 (Greenwich Mean Time),0.0314,0.0393,0.0547,0
Tue Nov 26 2024 14:00:00 GMT+0000 (Greenwich Mean Time),0.0314,0.0393,0.0553,10588.074690309164
Tue Nov 26 2024 15:00:00 GMT+0000 (Greenwich Mean Time),0.0314,0.0393,0.0553,0
Tue Nov 26 2024 16:00:00 GMT+0000 (Greenwich Mean Time),0.0249,0.0376,0.0552,361.5733660974
Tue Nov 26 2024 17:00:00 GMT+0000 (Greenwich Mean Time),0.0249,0.0376,0.0552,0
Tue Nov 26 2024 18:00:00 GMT+0000 (Greenwich Mean Time),0.0355,0.0391,0.0552,0
Tue Nov 26 2024 19:00:00 GMT+0000 (Greenwich Mean Time),0.0355,0.0389,0.0552,0
Tue Nov 26 2024 20:00:00 GMT+0000 (Greenwich Mean Time),0.034,0.0389,0.0552,117.41571232582548
Tue Nov 26 2024 21:00:00 GMT+0000 (Greenwich Mean Time),0.034,0.0389,0.0552,415.89313787841087
Tue Nov 26 2024 22:00:00 GMT+0000 (Greenwich Mean Time),0.034,0.0389,0.0552,416.3684006687617
Tue Nov 26 2024 23:00:00 GMT+0000 (Greenwich Mean Time),0.034,0.0389,0.0552,0
Wed Nov 27 2024 00:00:00 GMT+0000 (Greenwich Mean Time),0.0374,0.0398,0.0552,0
Wed Nov 27 2024 01:00:00 GMT+0000 (Greenwich Mean Time),0.0374,0.0398,0.0481,1756133.245891504
Wed Nov 27 2024 02:00:00 GMT+0000 (Greenwich Mean Time),0.0374,0.0398,0.0481,0
Wed Nov 27 2024 03:00:00 GMT+0000 (Greenwich Mean Time),0.0374,0.0385,0.0481,0
Wed Nov 27 2024 04:00:00 GMT+0000 (Greenwich Mean Time),0.0374,0.0385,0.0481,0
Wed Nov 27 2024 05:00:00 GMT+0000 (Greenwich Mean Time),0.0374,0.0385,0.0481,0
Wed Nov 27 2024 06:00:00 GMT+0000 (Greenwich Mean Time),0.0431,0.0393,0.0481,0
Wed Nov 27 2024 07:00:00 GMT+0000 (Greenwich Mean Time),0.0431,0.0393,0.0481,0
Wed Nov 27 2024 08:00:00 GMT+0000 (Greenwich Mean Time),0.0347,0.0393,0.0481,0
Wed Nov 27 2024 09:00:00 GMT+0000 (Greenwich Mean Time),0.0347,0.0393,0.0481,0
Wed Nov 27 2024 10:00:00 GMT+0000 (Greenwich Mean Time),0.0347,0.0383,0.0481,0
Wed Nov 27 2024 11:00:00 GMT+0000 (Greenwich Mean Time),0.0347,0.0383,0.0481,0
Wed Nov 27 2024 12:00:00 GMT+0000 (Greenwich Mean Time),0.0347,0.0381,0.0439,527581.0989157592
Wed Nov 27 2024 13:00:00 GMT+0000 (Greenwich Mean Time),0.0347,0.0381,0.0439,0
Wed Nov 27 2024 14:00:00 GMT+0000 (Greenwich Mean Time),0.0347,0.0381,0.0439,0
Wed Nov 27 2024 15:00:00 GMT+0000 (Greenwich Mean Time),0.0347,0.0381,0.0444,10177.307856712221
Wed Nov 27 2024 16:00:00 GMT+0000 (Greenwich Mean Time),0.0467,0.0398,0.0444,0
Wed Nov 27 2024 17:00:00 GMT+0000 (Greenwich Mean Time),0.0467,0.0398,0.0444,0
Wed Nov 27 2024 18:00:00 GMT+0000 (Greenwich Mean Time),0.0344,0.0398,0.0444,0
Wed Nov 27 2024 19:00:00 GMT+0000 (Greenwich Mean Time),0.0377,0.0402,0.0444,0
Wed Nov 27 2024 20:00:00 GMT+0000 (Greenwich Mean Time),0.0377,0.0384,0.0472,52572.54563062604
Wed Nov 27 2024 21:00:00 GMT+0000 (Greenwich Mean Time),0.0377,0.0384,0.0472,0
Wed Nov 27 2024 22:00:00 GMT+0000 (Greenwich Mean Time),0.0406,0.0388,0.0472,0
Wed Nov 27 2024 23:00:00 GMT+0000 (Greenwich Mean Time),0.0406,0.0388,0.0472,0
Thu Nov 28 2024 00:00:00 GMT+0000 (Greenwich Mean Time),0.0342,0.0388,0.0472,0
Thu Nov 28 2024 01:00:00 GMT+0000 (Greenwich Mean Time),0.0382,0.0393,0.0471,740.333186528453
Thu Nov 28 2024 02:00:00 GMT+0000 (Greenwich Mean Time),0.0382,0.0393,0.0471,0
Thu Nov 28 2024 03:00:00 GMT+0000 (Greenwich Mean Time),0.0382,0.0393,0.0471,0
Thu Nov 28 2024 04:00:00 GMT+0000 (Greenwich Mean Time),0.0411,0.0386,0.0478,12692.806344534525
Thu Nov 28 2024 05:00:00 GMT+0000 (Greenwich Mean Time),0.0411,0.0386,0.0478,0
Thu Nov 28 2024 06:00:00 GMT+0000 (Greenwich Mean Time),0.0355,0.0386,0.0478,0
Thu Nov 28 2024 07:00:00 GMT+0000 (Greenwich Mean Time),0.0384,0.039,0.0478,0
Thu Nov 28 2024 08:00:00 GMT+0000 (Greenwich Mean Time),0.0384,0.039,0.0478,1730.4793449769402
Thu Nov 28 2024 09:00:00 GMT+0000 (Greenwich Mean Time),0.0384,0.039,0.0478,0
Thu Nov 28 2024 10:00:00 GMT+0000 (Greenwich Mean Time),0.0384,0.0381,0.0478,0
Thu Nov 28 2024 11:00:00 GMT+0000 (Greenwich Mean Time),0.0412,0.0385,0.0478,0
Thu Nov 28 2024 12:00:00 GMT+0000 (Greenwich Mean Time),0.0412,0.0385,0.0478,0
Thu Nov 28 2024 13:00:00 GMT+0000 (Greenwich Mean Time),0.0412,0.0385,0.0478,0
Thu Nov 28 2024 14:00:00 GMT+0000 (Greenwich Mean Time),0.0454,0.0386,0.0478,0
Thu Nov 28 2024 15:00:00 GMT+0000 (Greenwich Mean Time),0.0454,0.0386,0.0478,0
Thu Nov 28 2024 16:00:00 GMT+0000 (Greenwich Mean Time),0.0334,0.0386,0.0478,0
Thu Nov 28 2024 17:00:00 GMT+0000 (Greenwich Mean Time),0.0334,0.0386,0.0478,0
Thu Nov 28 2024 18:00:00 GMT+0000 (Greenwich Mean Time),0.0334,0.0386,0.0478,0
Thu Nov 28 2024 19:00:00 GMT+0000 (Greenwich Mean Time),0.0385,0.0398,0.0478,0
Thu Nov 28 2024 20:00:00 GMT+0000 (Greenwich Mean Time),0.0385,0.0398,0.0478,0
Thu Nov 28 2024 21:00:00 GMT+0000 (Greenwich Mean Time),0.0385,0.0398,0.0478,0
Thu Nov 28 2024 22:00:00 GMT+0000 (Greenwich Mean Time),0.0391,0.0384,0.0478,0
Thu Nov 28 2024 23:00:00 GMT+0000 (Greenwich Mean Time),0.0392,0.0385,0.0478,0
Fri Nov 29 2024 00:00:00 GMT+0000 (Greenwich Mean Time),0.0422,0.0389,0.0478,6.9448320326016235
Fri Nov 29 2024 01:00:00 GMT+0000 (Greenwich Mean Time),0.0382,0.0389,0.0474,7315.735143013109
Fri Nov 29 2024 02:00:00 GMT+0000 (Greenwich Mean Time),0.0382,0.0389,0.0474,0
Fri Nov 29 2024 03:00:00 GMT+0000 (Greenwich Mean Time),0.0396,0.0391,0.0474,0
Fri Nov 29 2024 04:00:00 GMT+0000 (Greenwich Mean Time),0.0367,0.0381,0.0474,0
Fri Nov 29 2024 05:00:00 GMT+0000 (Greenwich Mean Time),0.0367,0.0381,0.0474,0
Fri Nov 29 2024 06:00:00 GMT+0000 (Greenwich Mean Time),0.0395,0.0385,0.1178,4911595.401680445
Fri Nov 29 2024 07:00:00 GMT+0000 (Greenwich Mean Time),0.0366,0.0381,0.1173,10897.918107780893
Fri Nov 29 2024 08:00:00 GMT+0000 (Greenwich Mean Time),0.0366,0.0381,0.1082,205279.6495701254
Fri Nov 29 2024 09:00:00 GMT+0000 (Greenwich Mean Time),0.0366,0.0381,0.1073,20514.93586854105
Fri Nov 29 2024 10:00:00 GMT+0000 (Greenwich Mean Time),0.0366,0.0381,0.1066,16270.632922391924
Fri Nov 29 2024 11:00:00 GMT+0000 (Greenwich Mean Time),0.0338,0.0381,0.1066,0
Fri Nov 29 2024 12:00:00 GMT+0000 (Greenwich Mean Time),0.0338,0.0381,0.1071,11060.44143268642
Fri Nov 29 2024 13:00:00 GMT+0000 (Greenwich Mean Time),0.0338,0.0381,0.1061,21411.168530138202
Fri Nov 29 2024 14:00:00 GMT+0000 (Greenwich Mean Time),0.0296,0.0381,0.1061,0
Fri Nov 29 2024 15:00:00 GMT+0000 (Greenwich Mean Time),0.0296,0.0381,0.0931,292979.90379847866
Fri Nov 29 2024 16:00:00 GMT+0000 (Greenwich Mean Time),0.042,0.038,0.0931,0
Fri Nov 29 2024 17:00:00 GMT+0000 (Greenwich Mean Time),0.042,0.038,0.0931,0
Fri Nov 29 2024 18:00:00 GMT+0000 (Greenwich Mean Time),0.042,0.038,0.0931,0
Fri Nov 29 2024 19:00:00 GMT+0000 (Greenwich Mean Time),0.0365,0.0384,0.0931,0
Fri Nov 29 2024 20:00:00 GMT+0000 (Greenwich Mean Time),0.0365,0.0377,0.0931,0
Fri Nov 29 2024 21:00:00 GMT+0000 (Greenwich Mean Time),0.0365,0.0377,0.0647,1426976.454745519
Fri Nov 29 2024 22:00:00 GMT+0000 (Greenwich Mean Time),0.0359,0.0381,0.0647,0
Fri Nov 29 2024 23:00:00 GMT+0000 (Greenwich Mean Time),0.0359,0.0381,0.0647,0
Sat Nov 30 2024 00:00:00 GMT+0000 (Greenwich Mean Time),0.0357,0.0386,0.0647,0
Sat Nov 30 2024 01:00:00 GMT+0000 (Greenwich Mean Time),0.0357,0.0378,0.0647,0
Sat Nov 30 2024 02:00:00 GMT+0000 (Greenwich Mean Time),0.0371,0.038,0.0647,0
Sat Nov 30 2024 03:00:00 GMT+0000 (Greenwich Mean Time),0.0358,0.0375,0.0647,0
Sat Nov 30 2024 04:00:00 GMT+0000 (Greenwich Mean Time),0.0372,0.0377,0.065,6510.576281617181
Sat Nov 30 2024 05:00:00 GMT+0000 (Greenwich Mean Time),0.0372,0.0377,0.065,37.022334444440446
Sat Nov 30 2024 06:00:00 GMT+0000 (Greenwich Mean Time),0.0344,0.0375,0.065,3.7384077980322505
Sat Nov 30 2024 07:00:00 GMT+0000 (Greenwich Mean Time),0.0357,0.0377,0.0662,26464.86871379861
Sat Nov 30 2024 08:00:00 GMT+0000 (Greenwich Mean Time),0.0386,0.0381,0.0662,1819.465025176748
Sat Nov 30 2024 09:00:00 GMT+0000 (Greenwich Mean Time),0.0386,0.0376,0.0663,70605.03960837075
Sat Nov 30 2024 10:00:00 GMT+0000 (Greenwich Mean Time),0.04,0.0378,0.0663,0
Sat Nov 30 2024 11:00:00 GMT+0000 (Greenwich Mean Time),0.04,0.0378,0.0663,201.14952221420393
Sat Nov 30 2024 12:00:00 GMT+0000 (Greenwich Mean Time),0.0417,0.0376,0.0663,0
Sat Nov 30 2024 13:00:00 GMT+0000 (Greenwich Mean Time),0.0417,0.0376,0.0663,200.12124031939928
Sat Nov 30 2024 14:00:00 GMT+0000 (Greenwich Mean Time),0.0432,0.0376,0.0669,12985.406031076722
Sat Nov 30 2024 15:00:00 GMT+0000 (Greenwich Mean Time),0.0432,0.0376,0.0669,0
Sat Nov 30 2024 16:00:00 GMT+0000 (Greenwich Mean Time),0.0307,0.0376,0.0669,0
Sat Nov 30 2024 17:00:00 GMT+0000 (Greenwich Mean Time),0.0307,0.0376,0.0669,0
Sat Nov 30 2024 18:00:00 GMT+0000 (Greenwich Mean Time),0.039,0.0388,0.0669,12.674415864716558
Sat Nov 30 2024 19:00:00 GMT+0000 (Greenwich Mean Time),0.0361,0.0373,0.0669,0
Sat Nov 30 2024 20:00:00 GMT+0000 (Greenwich Mean Time),0.0376,0.0375,0.0669,88.98670981867778
Sat Nov 30 2024 21:00:00 GMT+0000 (Greenwich Mean Time),0.0376,0.0375,0.0669,0
Sat Nov 30 2024 22:00:00 GMT+0000 (Greenwich Mean Time),0.0365,0.0373,0.0669,0
Sat Nov 30 2024 23:00:00 GMT+0000 (Greenwich Mean Time),0.0365,0.0373,0.0669,0
Sun Dec 01 2024 00:00:00 GMT+0000 (Greenwich Mean Time),0.0337,0.0373,0.067,2213.5779949919956
Sun Dec 01 2024 01:00:00 GMT+0000 (Greenwich Mean Time),0.0365,0.0372,0.0623,97496.38581471493
Sun Dec 01 2024 02:00:00 GMT+0000 (Greenwich Mean Time),0.0351,0.0372,0.0623,0
Sun Dec 01 2024 03:00:00 GMT+0000 (Greenwich Mean Time),0.0351,0.0372,0.0623,8.723275824595175
Sun Dec 01 2024 04:00:00 GMT+0000 (Greenwich Mean Time),0.0337,0.0372,0.0623,0
Sun Dec 01 2024 05:00:00 GMT+0000 (Greenwich Mean Time),0.0337,0.0372,0.0623,0
Sun Dec 01 2024 06:00:00 GMT+0000 (Greenwich Mean Time),0.0337,0.0372,0.0623,0
Sun Dec 01 2024 07:00:00 GMT+0000 (Greenwich Mean Time),0.0324,0.0372,0.0623,0
Sun Dec 01 2024 08:00:00 GMT+0000 (Greenwich Mean Time),0.0372,0.0383,0.0623,0
Sun Dec 01 2024 09:00:00 GMT+0000 (Greenwich Mean Time),0.0372,0.0383,0.0623,0
Sun Dec 01 2024 10:00:00 GMT+0000 (Greenwich Mean Time),0.0358,0.0372,0.0623,0
Sun Dec 01 2024 11:00:00 GMT+0000 (Greenwich Mean Time),0.0358,0.0372,0.0623,0
Sun Dec 01 2024 12:00:00 GMT+0000 (Greenwich Mean Time),0.034,0.0372,0.0623,0
Sun Dec 01 2024 13:00:00 GMT+0000 (Greenwich Mean Time),0.034,0.0372,0.0623,0
Sun Dec 01 2024 14:00:00 GMT+0000 (Greenwich Mean Time),0.0326,0.0372,0.0623,0
Sun Dec 01 2024 15:00:00 GMT+0000 (Greenwich Mean Time),0.0326,0.0372,0.0623,0
Sun Dec 01 2024 16:00:00 GMT+0000 (Greenwich Mean Time),0.0438,0.0388,0.0642,38666.341019948006
Sun Dec 01 2024 17:00:00 GMT+0000 (Greenwich Mean Time),0.0438,0.0371,0.0645,7584.76577043559
Sun Dec 01 2024 18:00:00 GMT+0000 (Greenwich Mean Time),0.0355,0.0371,0.0645,0
Sun Dec 01 2024 19:00:00 GMT+0000 (Greenwich Mean Time),0.0355,0.0371,0.0645,0
Sun Dec 01 2024 20:00:00 GMT+0000 (Greenwich Mean Time),0.034,0.0367,0.0645,0
Sun Dec 01 2024 21:00:00 GMT+0000 (Greenwich Mean Time),0.034,0.0367,0.0645,0
Sun Dec 01 2024 22:00:00 GMT+0000 (Greenwich Mean Time),0.0322,0.0367,0.0645,0
Sun Dec 01 2024 23:00:00 GMT+0000 (Greenwich Mean Time),0.0322,0.0362,0.0651,11115.431456097585
Mon Dec 02 2024 00:00:00 GMT+0000 (Greenwich Mean Time),0.0322,0.0362,0.0651,0
Mon Dec 02 2024 01:00:00 GMT+0000 (Greenwich Mean Time),0.0293,0.0362,0.0651,0
Mon Dec 02 2024 02:00:00 GMT+0000 (Greenwich Mean Time),0.0386,0.0375,0.0651,0
Mon Dec 02 2024 03:00:00 GMT+0000 (Greenwich Mean Time),0.0386,0.0371,0.0651,0
Mon Dec 02 2024 04:00:00 GMT+0000 (Greenwich Mean Time),0.0401,0.0373,0.0651,96919.44017867833
Mon Dec 02 2024 05:00:00 GMT+0000 (Greenwich Mean Time),0.0415,0.0375,0.0583,141123.18372904416
Mon Dec 02 2024 06:00:00 GMT+0000 (Greenwich Mean Time),0.0415,0.0375,0.0583,0
Mon Dec 02 2024 07:00:00 GMT+0000 (Greenwich Mean Time),0.0431,0.0372,0.0583,0
Mon Dec 02 2024 08:00:00 GMT+0000 (Greenwich Mean Time),0.0354,0.0372,0.0583,0
Mon Dec 02 2024 09:00:00 GMT+0000 (Greenwich Mean Time),0.0354,0.0368,0.0583,0
Mon Dec 02 2024 10:00:00 GMT+0000 (Greenwich Mean Time),0.0354,0.0368,0.0583,0
Mon Dec 02 2024 11:00:00 GMT+0000 (Greenwich Mean Time),0.0384,0.0372,0.0583,0
Mon Dec 02 2024 12:00:00 GMT+0000 (Greenwich Mean Time),0.0384,0.0372,0.0583,0
Mon Dec 02 2024 13:00:00 GMT+0000 (Greenwich Mean Time),0.0415,0.0369,0.0583,0
Mon Dec 02 2024 14:00:00 GMT+0000 (Greenwich Mean Time),0.0415,0.0369,0.0583,0
Mon Dec 02 2024 15:00:00 GMT+0000 (Greenwich Mean Time),0.0415,0.0369,0.0583,0
Mon Dec 02 2024 16:00:00 GMT+0000 (Greenwich Mean Time),0.0304,0.036,0.0583,0
Mon Dec 02 2024 17:00:00 GMT+0000 (Greenwich Mean Time),0.0304,0.036,0.0583,0
Mon Dec 02 2024 18:00:00 GMT+0000 (Greenwich Mean Time),0.0394,0.0371,0.0583,0
Mon Dec 02 2024 19:00:00 GMT+0000 (Greenwich Mean Time),0.0394,0.0371,0.0583,0
Mon Dec 02 2024 20:00:00 GMT+0000 (Greenwich Mean Time),0.0394,0.0368,0.0583,0
Mon Dec 02 2024 21:00:00 GMT+0000 (Greenwich Mean Time),0.0394,0.0368,0.0583,0
Mon Dec 02 2024 22:00:00 GMT+0000 (Greenwich Mean Time),0.0394,0.0368,0.0583,0
Mon Dec 02 2024 23:00:00 GMT+0000 (Greenwich Mean Time),0.0394,0.0368,0.0583,0
Tue Dec 03 2024 00:00:00 GMT+0000 (Greenwich Mean Time),0.0394,0.0364,0.0602,37667.25299907155
Tue Dec 03 2024 01:00:00 GMT+0000 (Greenwich Mean Time),0.0394,0.0364,0.0602,0
Tue Dec 03 2024 02:00:00 GMT+0000 (Greenwich Mean Time),0.0416,0.0381,0.0602,0
Tue Dec 03 2024 03:00:00 GMT+0000 (Greenwich Mean Time),0.0416,0.0381,0.0602,0
Tue Dec 03 2024 04:00:00 GMT+0000 (Greenwich Mean Time),0.0401,0.0381,0.0602,0
Tue Dec 03 2024 05:00:00 GMT+0000 (Greenwich Mean Time),0.0387,0.0381,0.0602,0
Tue Dec 03 2024 06:00:00 GMT+0000 (Greenwich Mean Time),0.0387,0.0381,0.0602,0
Tue Dec 03 2024 07:00:00 GMT+0000 (Greenwich Mean Time),0.0371,0.0381,0.0602,0
Tue Dec 03 2024 08:00:00 GMT+0000 (Greenwich Mean Time),0.0371,0.0369,0.0602,0
Tue Dec 03 2024 09:00:00 GMT+0000 (Greenwich Mean Time),0.0371,0.0369,0.0602,0
Tue Dec 03 2024 10:00:00 GMT+0000 (Greenwich Mean Time),0.0445,0.0379,0.0602,0
Tue Dec 03 2024 11:00:00 GMT+0000 (Greenwich Mean Time),0.0415,0.0379,0.0602,0
Tue Dec 03 2024 12:00:00 GMT+0000 (Greenwich Mean Time),0.0415,0.0379,0.0607,10581.862055006213
Tue Dec 03 2024 13:00:00 GMT+0000 (Greenwich Mean Time),0.0384,0.0379,0.0607,0
Tue Dec 03 2024 14:00:00 GMT+0000 (Greenwich Mean Time),0.0384,0.0379,0.0619,22975.431569343247
Tue Dec 03 2024 15:00:00 GMT+0000 (Greenwich Mean Time),0.0384,0.0379,0.0619,0
Tue Dec 03 2024 16:00:00 GMT+0000 (Greenwich Mean Time),0.0384,0.0379,0.0619,0
Tue Dec 03 2024 17:00:00 GMT+0000 (Greenwich Mean Time),0.0384,0.0379,0.0619,0
Tue Dec 03 2024 18:00:00 GMT+0000 (Greenwich Mean Time),0.0425,0.038,0.0619,0
Tue Dec 03 2024 19:00:00 GMT+0000 (Greenwich Mean Time),0.0425,0.038,0.0619,0
Tue Dec 03 2024 20:00:00 GMT+0000 (Greenwich Mean Time),0.0425,0.038,0.0619,0
Tue Dec 03 2024 21:00:00 GMT+0000 (Greenwich Mean Time),0.0425,0.038,0.0619,0
Tue Dec 03 2024 22:00:00 GMT+0000 (Greenwich Mean Time),0.0425,0.038,0.0619,0
Tue Dec 03 2024 23:00:00 GMT+0000 (Greenwich Mean Time),0.0425,0.038,0.0619,0
Wed Dec 04 2024 00:00:00 GMT+0000 (Greenwich Mean Time),0.0425,0.0371,0.0617,3590.8929262501574
Wed Dec 04 2024 01:00:00 GMT+0000 (Greenwich Mean Time),0.0425,0.0371,0.0584,65903.8775438996
Wed Dec 04 2024 02:00:00 GMT+0000 (Greenwich Mean Time),0.0389,0.0383,0.0584,0
Wed Dec 04 2024 03:00:00 GMT+0000 (Greenwich Mean Time),0.0389,0.0383,0.0584,0
Wed Dec 04 2024 04:00:00 GMT+0000 (Greenwich Mean Time),0.0389,0.0383,0.0584,0
Wed Dec 04 2024 05:00:00 GMT+0000 (Greenwich Mean Time),0.0389,0.0383,0.0584,0
Wed Dec 04 2024 06:00:00 GMT+0000 (Greenwich Mean Time),0.0389,0.0375,0.0584,0
Wed Dec 04 2024 07:00:00 GMT+0000 (Greenwich Mean Time),0.0389,0.0375,0.0584,0
Wed Dec 04 2024 08:00:00 GMT+0000 (Greenwich Mean Time),0.0389,0.0375,0.0589,10284.953103298296
Wed Dec 04 2024 09:00:00 GMT+0000 (Greenwich Mean Time),0.0389,0.0375,0.0589,0
Wed Dec 04 2024 10:00:00 GMT+0000 (Greenwich Mean Time),0.0393,0.0386,0.0558,65846.45316516455
Wed Dec 04 2024 11:00:00 GMT+0000 (Greenwich Mean Time),0.0393,0.0386,0.0558,0
Wed Dec 04 2024 12:00:00 GMT+0000 (Greenwich Mean Time),0.0393,0.0386,0.0558,0
Wed Dec 04 2024 13:00:00 GMT+0000 (Greenwich Mean Time),0.0393,0.0386,0.0558,0
Wed Dec 04 2024 14:00:00 GMT+0000 (Greenwich Mean Time),0.0393,0.0386,0.0558,0
Wed Dec 04 2024 15:00:00 GMT+0000 (Greenwich Mean Time),0.0393,0.0386,0.0558,0
Wed Dec 04 2024 16:00:00 GMT+0000 (Greenwich Mean Time),0.0393,0.0369,0.0558,0
Wed Dec 04 2024 17:00:00 GMT+0000 (Greenwich Mean Time),0.0393,0.0369,0.0558,0
Wed Dec 04 2024 18:00:00 GMT+0000 (Greenwich Mean Time),0.0388,0.0387,0.0558,0
Wed Dec 04 2024 19:00:00 GMT+0000 (Greenwich Mean Time),0.0388,0.0382,0.0558,0
Wed Dec 04 2024 20:00:00 GMT+0000 (Greenwich Mean Time),0.0388,0.0382,0.0558,0
Wed Dec 04 2024 21:00:00 GMT+0000 (Greenwich Mean Time),0.0388,0.0382,0.0558,0
Wed Dec 04 2024 22:00:00 GMT+0000 (Greenwich Mean Time),0.0388,0.0378,0.0558,0
Wed Dec 04 2024 23:00:00 GMT+0000 (Greenwich Mean Time),0.0388,0.0378,0.0607,732678.9971132062
Thu Dec 05 2024 00:00:00 GMT+0000 (Greenwich Mean Time),0.0388,0.0378,0.0607,0
Thu Dec 05 2024 01:00:00 GMT+0000 (Greenwich Mean Time),0.0388,0.0372,0.0607,0
Thu Dec 05 2024 02:00:00 GMT+0000 (Greenwich Mean Time),0.0391,0.0384,0.0607,0
Thu Dec 05 2024 03:00:00 GMT+0000 (Greenwich Mean Time),0.0391,0.0384,0.0607,0
Thu Dec 05 2024 04:00:00 GMT+0000 (Greenwich Mean Time),0.0391,0.038,0.0607,0
Thu Dec 05 2024 05:00:00 GMT+0000 (Greenwich Mean Time),0.0391,0.038,0.0607,0
Thu Dec 05 2024 06:00:00 GMT+0000 (Greenwich Mean Time),0.0391,0.038,0.0607,0
Thu Dec 05 2024 07:00:00 GMT+0000 (Greenwich Mean Time),0.0391,0.0375,0.0607,0
Thu Dec 05 2024 08:00:00 GMT+0000 (Greenwich Mean Time),0.0391,0.0375,0.0607,0
Thu Dec 05 2024 09:00:00 GMT+0000 (Greenwich Mean Time),0.0391,0.0375,0.0607,189.15906662435373
Thu Dec 05 2024 10:00:00 GMT+0000 (Greenwich Mean Time),0.0394,0.0387,0.0607,0
Thu Dec 05 2024 11:00:00 GMT+0000 (Greenwich Mean Time),0.0394,0.0383,0.0607,0
Thu Dec 05 2024 12:00:00 GMT+0000 (Greenwich Mean Time),0.0394,0.0383,0.0607,0
Thu Dec 05 2024 13:00:00 GMT+0000 (Greenwich Mean Time),0.0394,0.0383,0.0607,0
Thu Dec 05 2024 14:00:00 GMT+0000 (Greenwich Mean Time),0.0394,0.0377,0.0607,0
Thu Dec 05 2024 15:00:00 GMT+0000 (Greenwich Mean Time),0.0394,0.0377,0.0607,711.0292788268823
Thu Dec 05 2024 16:00:00 GMT+0000 (Greenwich Mean Time),0.0394,0.0377,0.0607,0
Thu Dec 05 2024 17:00:00 GMT+0000 (Greenwich Mean Time),0.0394,0.0377,0.0607,0
Thu Dec 05 2024 18:00:00 GMT+0000 (Greenwich Mean Time),0.0393,0.0395,0.0607,0
Thu Dec 05 2024 19:00:00 GMT+0000 (Greenwich Mean Time),0.0393,0.0383,0.0607,0
Thu Dec 05 2024 20:00:00 GMT+0000 (Greenwich Mean Time),0.0393,0.0383,0.0607,0
Thu Dec 05 2024 21:00:00 GMT+0000 (Greenwich Mean Time),0.0393,0.0383,0.0607,0
Thu Dec 05 2024 22:00:00 GMT+0000 (Greenwich Mean Time),0.0393,0.0378,0.0607,0
Thu Dec 05 2024 23:00:00 GMT+0000 (Greenwich Mean Time),0.0393,0.0378,0.0607,0
Fri Dec 06 2024 00:00:00 GMT+0000 (Greenwich Mean Time),0.0393,0.0374,0.0607,416.99060811739855
Fri Dec 06 2024 01:00:00 GMT+0000 (Greenwich Mean Time),0.0394,0.0375,0.0607,0
Fri Dec 06 2024 02:00:00 GMT+0000 (Greenwich Mean Time),0.0399,0.0387,0.0607,114.16094571707386
Fri Dec 06 2024 03:00:00 GMT+0000 (Greenwich Mean Time),0.0399,0.0385,0.0607,0
Fri Dec 06 2024 04:00:00 GMT+0000 (Greenwich Mean Time),0.0399,0.0385,0.0607,0
Fri Dec 06 2024 05:00:00 GMT+0000 (Greenwich Mean Time),0.0399,0.0385,0.058,59090.32900693579
Fri Dec 06 2024 06:00:00 GMT+0000 (Greenwich Mean Time),0.0399,0.0381,0.058,0
Fri Dec 06 2024 07:00:00 GMT+0000 (Greenwich Mean Time),0.0399,0.0381,0.058,0
Fri Dec 06 2024 08:00:00 GMT+0000 (Greenwich Mean Time),0.0399,0.0381,0.058,0
Fri Dec 06 2024 09:00:00 GMT+0000 (Greenwich Mean Time),0.0399,0.0381,0.058,0
Fri Dec 06 2024 10:00:00 GMT+0000 (Greenwich Mean Time),0.0318,0.0381,0.058,0
Fri Dec 06 2024 11:00:00 GMT+0000 (Greenwich Mean Time),0.0318,0.0381,0.058,0
Fri Dec 06 2024 12:00:00 GMT+0000 (Greenwich Mean Time),0.0423,0.0396,0.058,0
Fri Dec 06 2024 13:00:00 GMT+0000 (Greenwich Mean Time),0.0423,0.0396,0.058,0
Fri Dec 06 2024 14:00:00 GMT+0000 (Greenwich Mean Time),0.0423,0.0396,0.058,0
Fri Dec 06 2024 15:00:00 GMT+0000 (Greenwich Mean Time),0.0423,0.0396,0.058,0
Fri Dec 06 2024 16:00:00 GMT+0000 (Greenwich Mean Time),0.0423,0.0378,0.058,0
Fri Dec 06 2024 17:00:00 GMT+0000 (Greenwich Mean Time),0.0423,0.0378,0.058,0
Fri Dec 06 2024 18:00:00 GMT+0000 (Greenwich Mean Time),0.0297,0.0378,0.058,0
Fri Dec 06 2024 19:00:00 GMT+0000 (Greenwich Mean Time),0.0297,0.0374,0.058,0
Fri Dec 06 2024 20:00:00 GMT+0000 (Greenwich Mean Time),0.0428,0.0393,0.0582,4176.766294942105
Fri Dec 06 2024 21:00:00 GMT+0000 (Greenwich Mean Time),0.0428,0.0393,0.0582,0
Fri Dec 06 2024 22:00:00 GMT+0000 (Greenwich Mean Time),0.0428,0.0389,0.0582,0
Fri Dec 06 2024 23:00:00 GMT+0000 (Greenwich Mean Time),0.0428,0.0389,0.0582,0
Sat Dec 07 2024 00:00:00 GMT+0000 (Greenwich Mean Time),0.0428,0.0385,0.0582,1287.4669107587463
Sat Dec 07 2024 01:00:00 GMT+0000 (Greenwich Mean Time),0.0428,0.0385,0.0582,741.809765853989
Sat Dec 07 2024 02:00:00 GMT+0000 (Greenwich Mean Time),0.0342,0.0383,0.0582,0
Sat Dec 07 2024 03:00:00 GMT+0000 (Greenwich Mean Time),0.0342,0.0383,0.0582,895.6818192519942
Sat Dec 07 2024 04:00:00 GMT+0000 (Greenwich Mean Time),0.042,0.0392,0.0582,0
Sat Dec 07 2024 05:00:00 GMT+0000 (Greenwich Mean Time),0.042,0.0392,0.0582,0
Sat Dec 07 2024 06:00:00 GMT+0000 (Greenwich Mean Time),0.042,0.0392,0.0575,15284.504057913355
Sat Dec 07 2024 07:00:00 GMT+0000 (Greenwich Mean Time),0.042,0.039,0.058,12355.819376033458
Sat Dec 07 2024 08:00:00 GMT+0000 (Greenwich Mean Time),0.042,0.0386,0.058,1008.7998206163459
Sat Dec 07 2024 09:00:00 GMT+0000 (Greenwich Mean Time),0.042,0.0386,0.0566,32547.346981366514
Sat Dec 07 2024 10:00:00 GMT+0000 (Greenwich Mean Time),0.042,0.0384,0.0561,11409.238577931907
Sat Dec 07 2024 11:00:00 GMT+0000 (Greenwich Mean Time),0.042,0.0384,0.0561,0
Sat Dec 07 2024 12:00:00 GMT+0000 (Greenwich Mean Time),0.0392,0.0392,0.0561,0
Sat Dec 07 2024 13:00:00 GMT+0000 (Greenwich Mean Time),0.0392,0.0392,0.0561,482.0531037851587
Sat Dec 07 2024 14:00:00 GMT+0000 (Greenwich Mean Time),0.0392,0.039,0.0561,890.7376144689176
Sat Dec 07 2024 15:00:00 GMT+0000 (Greenwich Mean Time),0.0392,0.039,0.0561,0
Sat Dec 07 2024 16:00:00 GMT+0000 (Greenwich Mean Time),0.0392,0.039,0.0561,0
Sat Dec 07 2024 17:00:00 GMT+0000 (Greenwich Mean Time),0.0481,0.0403,0.0561,0
Sat Dec 07 2024 18:00:00 GMT+0000 (Greenwich Mean Time),0.0481,0.0391,0.0561,0
Sat Dec 07 2024 19:00:00 GMT+0000 (Greenwich Mean Time),0.0481,0.0391,0.0561,0
Sat Dec 07 2024 20:00:00 GMT+0000 (Greenwich Mean Time),0.0381,0.0393,0.0561,0
Sat Dec 07 2024 21:00:00 GMT+0000 (Greenwich Mean Time),0.0381,0.0393,0.0561,0
Sat Dec 07 2024 22:00:00 GMT+0000 (Greenwich Mean Time),0.0381,0.0391,0.0561,0
Sat Dec 07 2024 23:00:00 GMT+0000 (Greenwich Mean Time),0.0411,0.0395,0.0561,0
Sun Dec 08 2024 00:00:00 GMT+0000 (Greenwich Mean Time),0.0411,0.0395,0.0561,0
Sun Dec 08 2024 01:00:00 GMT+0000 (Greenwich Mean Time),0.0425,0.0393,0.0561,0
Sun Dec 08 2024 02:00:00 GMT+0000 (Greenwich Mean Time),0.0441,0.0395,0.0561,0
Sun Dec 08 2024 03:00:00 GMT+0000 (Greenwich Mean Time),0.0441,0.0395,0.0561,278.39285702216813
Sun Dec 08 2024 04:00:00 GMT+0000 (Greenwich Mean Time),0.0377,0.0397,0.0561,0
Sun Dec 08 2024 05:00:00 GMT+0000 (Greenwich Mean Time),0.0377,0.0397,0.0561,8.418673579430724
Sun Dec 08 2024 06:00:00 GMT+0000 (Greenwich Mean Time),0.0377,0.0397,0.056,1527.188846843056
Sun Dec 08 2024 07:00:00 GMT+0000 (Greenwich Mean Time),0.0377,0.0397,0.056,92.90137958542853
Sun Dec 08 2024 08:00:00 GMT+0000 (Greenwich Mean Time),0.0377,0.0386,0.056,0
Sun Dec 08 2024 09:00:00 GMT+0000 (Greenwich Mean Time),0.0422,0.0393,0.056,0
Sun Dec 08 2024 10:00:00 GMT+0000 (Greenwich Mean Time),0.0422,0.0393,0.056,0
Sun Dec 08 2024 11:00:00 GMT+0000 (Greenwich Mean Time),0.0422,0.0393,0.056,0
Sun Dec 08 2024 12:00:00 GMT+0000 (Greenwich Mean Time),0.0373,0.0397,0.056,112.06429279083653
Sun Dec 08 2024 13:00:00 GMT+0000 (Greenwich Mean Time),0.0389,0.0399,0.056,48.27215619859327
Sun Dec 08 2024 14:00:00 GMT+0000 (Greenwich Mean Time),0.0389,0.0399,0.056,0
Sun Dec 08 2024 15:00:00 GMT+0000 (Greenwich Mean Time),0.0389,0.0399,0.056,0
Sun Dec 08 2024 16:00:00 GMT+0000 (Greenwich Mean Time),0.0389,0.0383,0.0561,811.2191682331845
Sun Dec 08 2024 17:00:00 GMT+0000 (Greenwich Mean Time),0.0301,0.0383,0.0561,0
Sun Dec 08 2024 18:00:00 GMT+0000 (Greenwich Mean Time),0.0388,0.0396,0.0558,7265.51058238675
Sun Dec 08 2024 19:00:00 GMT+0000 (Greenwich Mean Time),0.0406,0.0398,0.0558,0
Sun Dec 08 2024 20:00:00 GMT+0000 (Greenwich Mean Time),0.0375,0.0398,0.0558,6.67256895707688
Sun Dec 08 2024 21:00:00 GMT+0000 (Greenwich Mean Time),0.0389,0.04,0.0558,339.07596436194063
Sun Dec 08 2024 22:00:00 GMT+0000 (Greenwich Mean Time),0.0389,0.04,0.0558,0
Sun Dec 08 2024 23:00:00 GMT+0000 (Greenwich Mean Time),0.0359,0.04,0.0558,0
Mon Dec 09 2024 00:00:00 GMT+0000 (Greenwich Mean Time),0.0374,0.0402,0.0558,0
Mon Dec 09 2024 01:00:00 GMT+0000 (Greenwich Mean Time),0.036,0.0402,0.0612,119200.95679344339
Mon Dec 09 2024 02:00:00 GMT+0000 (Greenwich Mean Time),0.0398,0.0397,0.0612,0
Mon Dec 09 2024 03:00:00 GMT+0000 (Greenwich Mean Time),0.0398,0.0397,0.0612,0
Mon Dec 09 2024 04:00:00 GMT+0000 (Greenwich Mean Time),0.04,0.0397,0.0612,0
Mon Dec 09 2024 05:00:00 GMT+0000 (Greenwich Mean Time),0.0416,0.0397,0.0612,0
Mon Dec 09 2024 06:00:00 GMT+0000 (Greenwich Mean Time),0.0416,0.0397,0.0612,0
Mon Dec 09 2024 07:00:00 GMT+0000 (Greenwich Mean Time),0.043,0.0397,0.0612,93.38977718279484
Mon Dec 09 2024 08:00:00 GMT+0000 (Greenwich Mean Time),0.043,0.0397,0.0607,9885.046729137925
Mon Dec 09 2024 09:00:00 GMT+0000 (Greenwich Mean Time),0.0385,0.0397,0.063,193290.73378233114
Mon Dec 09 2024 10:00:00 GMT+0000 (Greenwich Mean Time),0.0419,0.0402,0.063,0
Mon Dec 09 2024 11:00:00 GMT+0000 (Greenwich Mean Time),0.0419,0.0397,0.063,0
Mon Dec 09 2024 12:00:00 GMT+0000 (Greenwich Mean Time),0.0404,0.04,0.063,0
Mon Dec 09 2024 13:00:00 GMT+0000 (Greenwich Mean Time),0.0388,0.0395,0.063,0
Mon Dec 09 2024 14:00:00 GMT+0000 (Greenwich Mean Time),0.0388,0.0395,0.063,0
Mon Dec 09 2024 15:00:00 GMT+0000 (Greenwich Mean Time),0.0388,0.0395,0.063,0
Mon Dec 09 2024 16:00:00 GMT+0000 (Greenwich Mean Time),0.0388,0.0395,0.063,0
Mon Dec 09 2024 17:00:00 GMT+0000 (Greenwich Mean Time),0.0485,0.0409,0.063,0
Mon Dec 09 2024 18:00:00 GMT+0000 (Greenwich Mean Time),0.0413,0.0398,0.063,0
Mon Dec 09 2024 19:00:00 GMT+0000 (Greenwich Mean Time),0.0395,0.0398,0.063,0
Mon Dec 09 2024 20:00:00 GMT+0000 (Greenwich Mean Time),0.0419,0.0402,0.063,0
Mon Dec 09 2024 21:00:00 GMT+0000 (Greenwich Mean Time),0.0419,0.0404,0.063,0
Mon Dec 09 2024 22:00:00 GMT+0000 (Greenwich Mean Time),0.0419,0.0404,0.063,0
Mon Dec 09 2024 23:00:00 GMT+0000 (Greenwich Mean Time),0.0443,0.0407,0.063,0
Tue Dec 10 2024 00:00:00 GMT+0000 (Greenwich Mean Time),0.0427,0.0407,0.063,0
Tue Dec 10 2024 01:00:00 GMT+0000 (Greenwich Mean Time),0.0427,0.0407,0.063,0
Tue Dec 10 2024 02:00:00 GMT+0000 (Greenwich Mean Time),0.0374,0.0391,0.063,0
Tue Dec 10 2024 03:00:00 GMT+0000 (Greenwich Mean Time),0.0374,0.0391,0.063,0
Tue Dec 10 2024 04:00:00 GMT+0000 (Greenwich Mean Time),0.0411,0.0398,0.063,0
Tue Dec 10 2024 05:00:00 GMT+0000 (Greenwich Mean Time),0.0395,0.0398,0.063,0
Tue Dec 10 2024 06:00:00 GMT+0000 (Greenwich Mean Time),0.0395,0.0398,0.063,703.608177025439
Tue Dec 10 2024 07:00:00 GMT+0000 (Greenwich Mean Time),0.0418,0.0404,0.063,0
Tue Dec 10 2024 08:00:00 GMT+0000 (Greenwich Mean Time),0.0418,0.0404,0.063,0
Tue Dec 10 2024 09:00:00 GMT+0000 (Greenwich Mean Time),0.0418,0.0404,0.063,0
Tue Dec 10 2024 10:00:00 GMT+0000 (Greenwich Mean Time),0.0415,0.0397,0.063,0
Tue Dec 10 2024 11:00:00 GMT+0000 (Greenwich Mean Time),0.0415,0.0397,0.0631,3315.34966198899
Tue Dec 10 2024 12:00:00 GMT+0000 (Greenwich Mean Time),0.0401,0.0397,0.0631,0
Tue Dec 10 2024 13:00:00 GMT+0000 (Greenwich Mean Time),0.0401,0.0397,0.0565,137677.2670922932
Tue Dec 10 2024 14:00:00 GMT+0000 (Greenwich Mean Time),0.0401,0.0397,0.0565,0
Tue Dec 10 2024 15:00:00 GMT+0000 (Greenwich Mean Time),0.0401,0.0397,0.0653,183573.67421249082
Tue Dec 10 2024 16:00:00 GMT+0000 (Greenwich Mean Time),0.0401,0.0397,0.0653,0
Tue Dec 10 2024 17:00:00 GMT+0000 (Greenwich Mean Time),0.0304,0.0397,0.0653,0
Tue Dec 10 2024 18:00:00 GMT+0000 (Greenwich Mean Time),0.0424,0.0398,0.0653,0
Tue Dec 10 2024 19:00:00 GMT+0000 (Greenwich Mean Time),0.0424,0.0398,0.0653,0
Tue Dec 10 2024 20:00:00 GMT+0000 (Greenwich Mean Time),0.04,0.0398,0.0653,0
Tue Dec 10 2024 21:00:00 GMT+0000 (Greenwich Mean Time),0.0385,0.0398,0.0653,0
Tue Dec 10 2024 22:00:00 GMT+0000 (Greenwich Mean Time),0.0385,0.0398,0.0653,0
Tue Dec 10 2024 23:00:00 GMT+0000 (Greenwich Mean Time),0.0362,0.0398,0.0653,0
Wed Dec 11 2024 00:00:00 GMT+0000 (Greenwich Mean Time),0.0362,0.0398,0.0653,0
Wed Dec 11 2024 01:00:00 GMT+0000 (Greenwich Mean Time),0.0362,0.0398,0.0657,111783.80183676342
Wed Dec 11 2024 02:00:00 GMT+0000 (Greenwich Mean Time),0.0445,0.0398,0.0595,125336.28787969158
Wed Dec 11 2024 03:00:00 GMT+0000 (Greenwich Mean Time),0.0445,0.0398,0.0595,0
Wed Dec 11 2024 04:00:00 GMT+0000 (Greenwich Mean Time),0.0392,0.0398,0.0595,0
Wed Dec 11 2024 05:00:00 GMT+0000 (Greenwich Mean Time),0.0392,0.0398,0.0595,0
Wed Dec 11 2024 06:00:00 GMT+0000 (Greenwich Mean Time),0.0392,0.0398,0.0595,0
Wed Dec 11 2024 07:00:00 GMT+0000 (Greenwich Mean Time),0.0355,0.0398,0.0595,470.6315368022527
Wed Dec 11 2024 08:00:00 GMT+0000 (Greenwich Mean Time),0.0355,0.0398,0.0595,0
Wed Dec 11 2024 09:00:00 GMT+0000 (Greenwich Mean Time),0.0355,0.0398,0.0595,0
Wed Dec 11 2024 10:00:00 GMT+0000 (Greenwich Mean Time),0.04,0.0398,0.0595,0
Wed Dec 11 2024 11:00:00 GMT+0000 (Greenwich Mean Time),0.04,0.0398,0.0595,0
Wed Dec 11 2024 12:00:00 GMT+0000 (Greenwich Mean Time),0.04,0.0398,0.0596,2446.1978371250875
Wed Dec 11 2024 13:00:00 GMT+0000 (Greenwich Mean Time),0.04,0.0398,0.0596,0
Wed Dec 11 2024 14:00:00 GMT+0000 (Greenwich Mean Time),0.04,0.0398,0.0596,0
Wed Dec 11 2024 15:00:00 GMT+0000 (Greenwich Mean Time),0.04,0.0398,0.0601,758978.9714214214
Wed Dec 11 2024 16:00:00 GMT+0000 (Greenwich Mean Time),0.04,0.0398,0.0601,0
Wed Dec 11 2024 17:00:00 GMT+0000 (Greenwich Mean Time),0.04,0.0398,0.0601,0
Wed Dec 11 2024 18:00:00 GMT+0000 (Greenwich Mean Time),0.0387,0.0398,0.0601,0
Wed Dec 11 2024 19:00:00 GMT+0000 (Greenwich Mean Time),0.0387,0.0398,0.0601,0
Wed Dec 11 2024 20:00:00 GMT+0000 (Greenwich Mean Time),0.0387,0.0398,0.0601,0
Wed Dec 11 2024 21:00:00 GMT+0000 (Greenwich Mean Time),0.0387,0.0398,0.0601,0
Wed Dec 11 2024 22:00:00 GMT+0000 (Greenwich Mean Time),0.0387,0.0398,0.061,18727.16202860198
Wed Dec 11 2024 23:00:00 GMT+0000 (Greenwich Mean Time),0.0387,0.0398,0.0608,96616.29881456867
Thu Dec 12 2024 00:00:00 GMT+0000 (Greenwich Mean Time),0.0387,0.0398,0.0608,0
Thu Dec 12 2024 01:00:00 GMT+0000 (Greenwich Mean Time),0.0387,0.0398,0.0608,0
Thu Dec 12 2024 02:00:00 GMT+0000 (Greenwich Mean Time),0.0316,0.0398,0.0608,0
Thu Dec 12 2024 03:00:00 GMT+0000 (Greenwich Mean Time),0.0397,0.0409,0.0608,0
Thu Dec 12 2024 04:00:00 GMT+0000 (Greenwich Mean Time),0.0397,0.0409,0.0608,0
Thu Dec 12 2024 05:00:00 GMT+0000 (Greenwich Mean Time),0.0397,0.0409,0.0608,0
Thu Dec 12 2024 06:00:00 GMT+0000 (Greenwich Mean Time),0.0397,0.0409,0.0608,0
Thu Dec 12 2024 07:00:00 GMT+0000 (Greenwich Mean Time),0.0397,0.0409,0.0608,0
Thu Dec 12 2024 08:00:00 GMT+0000 (Greenwich Mean Time),0.0397,0.0409,0.0608,0
Thu Dec 12 2024 09:00:00 GMT+0000 (Greenwich Mean Time),0.0397,0.0409,0.0608,0
Thu Dec 12 2024 10:00:00 GMT+0000 (Greenwich Mean Time),0.0398,0.0409,0.0608,0
Thu Dec 12 2024 11:00:00 GMT+0000 (Greenwich Mean Time),0.0398,0.0409,0.0608,0
Thu Dec 12 2024 12:00:00 GMT+0000 (Greenwich Mean Time),0.0398,0.0409,0.0608,0
Thu Dec 12 2024 13:00:00 GMT+0000 (Greenwich Mean Time),0.0398,0.0409,0.0608,0
Thu Dec 12 2024 14:00:00 GMT+0000 (Greenwich Mean Time),0.0398,0.0409,0.0608,3.9411202766638924
Thu Dec 12 2024 15:00:00 GMT+0000 (Greenwich Mean Time),0.0398,0.0409,0.0608,0
Thu Dec 12 2024 16:00:00 GMT+0000 (Greenwich Mean Time),0.0398,0.0409,0.0608,0
Thu Dec 12 2024 17:00:00 GMT+0000 (Greenwich Mean Time),0.0398,0.0409,0.0608,0
Thu Dec 12 2024 18:00:00 GMT+0000 (Greenwich Mean Time),0.0276,0.0391,0.0608,0
Thu Dec 12 2024 19:00:00 GMT+0000 (Greenwich Mean Time),0.0405,0.0409,0.0608,0
Thu Dec 12 2024 20:00:00 GMT+0000 (Greenwich Mean Time),0.0405,0.0409,0.0608,0
Thu Dec 12 2024 21:00:00 GMT+0000 (Greenwich Mean Time),0.0405,0.0409,0.0606,4569.182244498738
Thu Dec 12 2024 22:00:00 GMT+0000 (Greenwich Mean Time),0.0405,0.0409,0.0606,0
Thu Dec 12 2024 23:00:00 GMT+0000 (Greenwich Mean Time),0.0405,0.0409,0.0606,0
Fri Dec 13 2024 00:00:00 GMT+0000 (Greenwich Mean Time),0.0405,0.0409,0.0606,0
Fri Dec 13 2024 01:00:00 GMT+0000 (Greenwich Mean Time),0.0405,0.0409,0.0606,0
Fri Dec 13 2024 02:00:00 GMT+0000 (Greenwich Mean Time),0.0405,0.0397,0.0606,0
Fri Dec 13 2024 03:00:00 GMT+0000 (Greenwich Mean Time),0.0401,0.0408,0.0606,0
Fri Dec 13 2024 04:00:00 GMT+0000 (Greenwich Mean Time),0.0401,0.0408,0.0606,0
Fri Dec 13 2024 05:00:00 GMT+0000 (Greenwich Mean Time),0.0401,0.0408,0.0502,323174.6295837539
Fri Dec 13 2024 06:00:00 GMT+0000 (Greenwich Mean Time),0.0401,0.0408,0.0502,0
Fri Dec 13 2024 07:00:00 GMT+0000 (Greenwich Mean Time),0.0401,0.0408,0.0502,0
Fri Dec 13 2024 08:00:00 GMT+0000 (Greenwich Mean Time),0.0401,0.0408,0.0502,0
Fri Dec 13 2024 09:00:00 GMT+0000 (Greenwich Mean Time),0.0401,0.0408,0.0503,1089.5043999543354
Fri Dec 13 2024 10:00:00 GMT+0000 (Greenwich Mean Time),0.04,0.0419,0.0503,0
Fri Dec 13 2024 11:00:00 GMT+0000 (Greenwich Mean Time),0.04,0.0419,0.0503,0
Fri Dec 13 2024 12:00:00 GMT+0000 (Greenwich Mean Time),0.04,0.0404,0.0457,96871.60583369854
Fri Dec 13 2024 13:00:00 GMT+0000 (Greenwich Mean Time),0.04,0.0404,0.0457,0
Fri Dec 13 2024 14:00:00 GMT+0000 (Greenwich Mean Time),0.04,0.0404,0.0457,0
Fri Dec 13 2024 15:00:00 GMT+0000 (Greenwich Mean Time),0.04,0.0404,0.0457,0
Fri Dec 13 2024 16:00:00 GMT+0000 (Greenwich Mean Time),0.04,0.0404,0.0457,0
Fri Dec 13 2024 17:00:00 GMT+0000 (Greenwich Mean Time),0.04,0.0404,0.0457,0
Fri Dec 13 2024 18:00:00 GMT+0000 (Greenwich Mean Time),0.0527,0.0422,0.0457,0
Fri Dec 13 2024 19:00:00 GMT+0000 (Greenwich Mean Time),0.0397,0.0422,0.0457,0
Fri Dec 13 2024 20:00:00 GMT+0000 (Greenwich Mean Time),0.0397,0.0403,0.0457,0
Fri Dec 13 2024 21:00:00 GMT+0000 (Greenwich Mean Time),0.0397,0.0403,0.0457,0
Fri Dec 13 2024 22:00:00 GMT+0000 (Greenwich Mean Time),0.0397,0.0403,0.0454,5619.683507562833
Fri Dec 13 2024 23:00:00 GMT+0000 (Greenwich Mean Time),0.0397,0.0403,0.0454,0
Sat Dec 14 2024 00:00:00 GMT+0000 (Greenwich Mean Time),0.0397,0.0403,0.0454,0
Sat Dec 14 2024 01:00:00 GMT+0000 (Greenwich Mean Time),0.0397,0.0403,0.0454,136.45254357690138
Sat Dec 14 2024 02:00:00 GMT+0000 (Greenwich Mean Time),0.0472,0.0414,0.0454,0
Sat Dec 14 2024 03:00:00 GMT+0000 (Greenwich Mean Time),0.0394,0.0414,0.0454,0
Sat Dec 14 2024 04:00:00 GMT+0000 (Greenwich Mean Time),0.0394,0.0403,0.0454,0
Sat Dec 14 2024 05:00:00 GMT+0000 (Greenwich Mean Time),0.0394,0.0403,0.0454,0
Sat Dec 14 2024 06:00:00 GMT+0000 (Greenwich Mean Time),0.0394,0.0403,0.0454,0
Sat Dec 14 2024 07:00:00 GMT+0000 (Greenwich Mean Time),0.0394,0.0403,0.0467,26283.45282961739
Sat Dec 14 2024 08:00:00 GMT+0000 (Greenwich Mean Time),0.0394,0.0403,0.0467,0
Sat Dec 14 2024 09:00:00 GMT+0000 (Greenwich Mean Time),0.0394,0.0403,0.0483,34947.27767508742
Sat Dec 14 2024 10:00:00 GMT+0000 (Greenwich Mean Time),0.039,0.0413,0.0483,0
Sat Dec 14 2024 11:00:00 GMT+0000 (Greenwich Mean Time),0.039,0.0413,0.0483,0
Sat Dec 14 2024 12:00:00 GMT+0000 (Greenwich Mean Time),0.039,0.0402,0.0483,0
Sat Dec 14 2024 13:00:00 GMT+0000 (Greenwich Mean Time),0.039,0.0402,0.0483,0
Sat Dec 14 2024 14:00:00 GMT+0000 (Greenwich Mean Time),0.039,0.0402,0.0485,4303.2574290552075
Sat Dec 14 2024 15:00:00 GMT+0000 (Greenwich Mean Time),0.039,0.0402,0.0485,1.1711796263583003
Sat Dec 14 2024 16:00:00 GMT+0000 (Greenwich Mean Time),0.039,0.0402,0.0485,0
Sat Dec 14 2024 17:00:00 GMT+0000 (Greenwich Mean Time),0.039,0.0389,0.0485,0
Sat Dec 14 2024 18:00:00 GMT+0000 (Greenwich Mean Time),0.038,0.0406,0.0485,0
Sat Dec 14 2024 19:00:00 GMT+0000 (Greenwich Mean Time),0.038,0.0406,0.0495,19893.857414457645
Sat Dec 14 2024 20:00:00 GMT+0000 (Greenwich Mean Time),0.038,0.0401,0.0495,325.36696652120855
Sat Dec 14 2024 21:00:00 GMT+0000 (Greenwich Mean Time),0.038,0.0401,0.0495,0
Sat Dec 14 2024 22:00:00 GMT+0000 (Greenwich Mean Time),0.038,0.0401,0.0495,0
Sat Dec 14 2024 23:00:00 GMT+0000 (Greenwich Mean Time),0.038,0.0397,0.0491,9268.732902679852
Sun Dec 15 2024 00:00:00 GMT+0000 (Greenwich Mean Time),0.038,0.0397,0.0491,0
Sun Dec 15 2024 01:00:00 GMT+0000 (Greenwich Mean Time),0.038,0.0395,0.0491,0
Sun Dec 15 2024 02:00:00 GMT+0000 (Greenwich Mean Time),0.0377,0.0403,0.0491,0
Sun Dec 15 2024 03:00:00 GMT+0000 (Greenwich Mean Time),0.0377,0.0403,0.0491,0
Sun Dec 15 2024 04:00:00 GMT+0000 (Greenwich Mean Time),0.0377,0.0401,0.0491,0
Sun Dec 15 2024 05:00:00 GMT+0000 (Greenwich Mean Time),0.0377,0.0401,0.0491,0
Sun Dec 15 2024 06:00:00 GMT+0000 (Greenwich Mean Time),0.0377,0.0401,0.0491,0
Sun Dec 15 2024 07:00:00 GMT+0000 (Greenwich Mean Time),0.0377,0.0401,0.0491,215.49739051947455
Sun Dec 15 2024 08:00:00 GMT+0000 (Greenwich Mean Time),0.0377,0.0401,0.0491,0
Sun Dec 15 2024 09:00:00 GMT+0000 (Greenwich Mean Time),0.0377,0.0395,0.0491,0
Sun Dec 15 2024 10:00:00 GMT+0000 (Greenwich Mean Time),0.0384,0.0406,0.0491,34712.80945618523
Sun Dec 15 2024 11:00:00 GMT+0000 (Greenwich Mean Time),0.0384,0.0406,0.0491,0
Sun Dec 15 2024 12:00:00 GMT+0000 (Greenwich Mean Time),0.0384,0.0402,0.0491,0
Sun Dec 15 2024 13:00:00 GMT+0000 (Greenwich Mean Time),0.0384,0.04,0.0491,0
Sun Dec 15 2024 14:00:00 GMT+0000 (Greenwich Mean Time),0.0384,0.04,0.0491,0
Sun Dec 15 2024 15:00:00 GMT+0000 (Greenwich Mean Time),0.0384,0.04,0.0491,0
Sun Dec 15 2024 16:00:00 GMT+0000 (Greenwich Mean Time),0.0384,0.04,0.0491,0
Sun Dec 15 2024 17:00:00 GMT+0000 (Greenwich Mean Time),0.0384,0.04,0.0496,10900.921238767645
Sun Dec 15 2024 18:00:00 GMT+0000 (Greenwich Mean Time),0.0417,0.0408,0.0496,0
Sun Dec 15 2024 19:00:00 GMT+0000 (Greenwich Mean Time),0.0417,0.0408,0.0496,0
Sun Dec 15 2024 20:00:00 GMT+0000 (Greenwich Mean Time),0.0417,0.0406,0.0496,0
Sun Dec 15 2024 21:00:00 GMT+0000 (Greenwich Mean Time),0.0417,0.0404,0.0496,0
Sun Dec 15 2024 22:00:00 GMT+0000 (Greenwich Mean Time),0.0417,0.0404,0.0496,0
Sun Dec 15 2024 23:00:00 GMT+0000 (Greenwich Mean Time),0.0417,0.0404,0.0496,0
Mon Dec 16 2024 00:00:00 GMT+0000 (Greenwich Mean Time),0.0417,0.0401,0.0515,41395.661582102155
Mon Dec 16 2024 01:00:00 GMT+0000 (Greenwich Mean Time),0.0417,0.0401,0.0515,0
Mon Dec 16 2024 02:00:00 GMT+0000 (Greenwich Mean Time),0.0346,0.0394,0.0515,0
Mon Dec 16 2024 03:00:00 GMT+0000 (Greenwich Mean Time),0.0346,0.0394,0.0515,0
Mon Dec 16 2024 04:00:00 GMT+0000 (Greenwich Mean Time),0.0416,0.0402,0.0515,0
Mon Dec 16 2024 05:00:00 GMT+0000 (Greenwich Mean Time),0.0416,0.0399,0.0515,0
Mon Dec 16 2024 06:00:00 GMT+0000 (Greenwich Mean Time),0.0416,0.0399,0.0515,0
Mon Dec 16 2024 07:00:00 GMT+0000 (Greenwich Mean Time),0.0416,0.0397,0.0515,0
Mon Dec 16 2024 08:00:00 GMT+0000 (Greenwich Mean Time),0.0416,0.0397,0.0515,0
Mon Dec 16 2024 09:00:00 GMT+0000 (Greenwich Mean Time),0.0416,0.0397,0.0515,0
Mon Dec 16 2024 10:00:00 GMT+0000 (Greenwich Mean Time),0.0415,0.0404,0.0515,0
Mon Dec 16 2024 11:00:00 GMT+0000 (Greenwich Mean Time),0.0415,0.0404,0.0515,0
Mon Dec 16 2024 12:00:00 GMT+0000 (Greenwich Mean Time),0.0415,0.0402,0.0515,36.99094332951307
Mon Dec 16 2024 13:00:00 GMT+0000 (Greenwich Mean Time),0.0415,0.0402,0.0515,0
Mon Dec 16 2024 14:00:00 GMT+0000 (Greenwich Mean Time),0.0415,0.0402,0.0515,0
Mon Dec 16 2024 15:00:00 GMT+0000 (Greenwich Mean Time),0.0415,0.0402,0.0515,0
Mon Dec 16 2024 16:00:00 GMT+0000 (Greenwich Mean Time),0.0415,0.0402,0.0515,0
Mon Dec 16 2024 17:00:00 GMT+0000 (Greenwich Mean Time),0.0415,0.0388,0.0515,0
Mon Dec 16 2024 18:00:00 GMT+0000 (Greenwich Mean Time),0.0397,0.0404,0.059,162737.3482993718
Mon Dec 16 2024 19:00:00 GMT+0000 (Greenwich Mean Time),0.0397,0.0404,0.059,0
Mon Dec 16 2024 20:00:00 GMT+0000 (Greenwich Mean Time),0.0397,0.0401,0.0591,3372.4818324163466
Mon Dec 16 2024 21:00:00 GMT+0000 (Greenwich Mean Time),0.0397,0.0399,0.0591,0
Mon Dec 16 2024 22:00:00 GMT+0000 (Greenwich Mean Time),0.0397,0.0399,0.0591,0
Mon Dec 16 2024 23:00:00 GMT+0000 (Greenwich Mean Time),0.0397,0.0395,0.0591,65.98257905684078
Tue Dec 17 2024 00:00:00 GMT+0000 (Greenwich Mean Time),0.0397,0.0395,0.0591,0
Tue Dec 17 2024 01:00:00 GMT+0000 (Greenwich Mean Time),0.0397,0.0395,0.0591,0
Tue Dec 17 2024 02:00:00 GMT+0000 (Greenwich Mean Time),0.0397,0.0395,0.0591,0
Tue Dec 17 2024 03:00:00 GMT+0000 (Greenwich Mean Time),0.0397,0.0395,0.0591,0
Tue Dec 17 2024 04:00:00 GMT+0000 (Greenwich Mean Time),0.0327,0.0388,0.0591,0
Tue Dec 17 2024 05:00:00 GMT+0000 (Greenwich Mean Time),0.0327,0.0388,0.0591,0
Tue Dec 17 2024 06:00:00 GMT+0000 (Greenwich Mean Time),0.0327,0.0388,0.0591,0
Tue Dec 17 2024 07:00:00 GMT+0000 (Greenwich Mean Time),0.0438,0.0398,0.0591,0
Tue Dec 17 2024 08:00:00 GMT+0000 (Greenwich Mean Time),0.0438,0.0398,0.0591,0
Tue Dec 17 2024 09:00:00 GMT+0000 (Greenwich Mean Time),0.0438,0.0398,0.0591,0
Tue Dec 17 2024 10:00:00 GMT+0000 (Greenwich Mean Time),0.0401,0.04,0.0591,0
Tue Dec 17 2024 11:00:00 GMT+0000 (Greenwich Mean Time),0.0401,0.04,0.0593,3001.862019057812
Tue Dec 17 2024 12:00:00 GMT+0000 (Greenwich Mean Time),0.0415,0.0402,0.0593,0
Tue Dec 17 2024 13:00:00 GMT+0000 (Greenwich Mean Time),0.0415,0.0402,0.0593,0
Tue Dec 17 2024 14:00:00 GMT+0000 (Greenwich Mean Time),0.043,0.0404,0.0593,0
Tue Dec 17 2024 15:00:00 GMT+0000 (Greenwich Mean Time),0.043,0.0404,0.0593,0
Tue Dec 17 2024 16:00:00 GMT+0000 (Greenwich Mean Time),0.043,0.0404,0.0593,0
Tue Dec 17 2024 17:00:00 GMT+0000 (Greenwich Mean Time),0.043,0.0404,0.0593,0
Tue Dec 17 2024 18:00:00 GMT+0000 (Greenwich Mean Time),0.0398,0.0399,0.0593,0
Tue Dec 17 2024 19:00:00 GMT+0000 (Greenwich Mean Time),0.0398,0.0399,0.0592,461.94130197646354
Tue Dec 17 2024 20:00:00 GMT+0000 (Greenwich Mean Time),0.0414,0.0401,0.0592,0
Tue Dec 17 2024 21:00:00 GMT+0000 (Greenwich Mean Time),0.0414,0.0401,0.059,5859.755774395449
Tue Dec 17 2024 22:00:00 GMT+0000 (Greenwich Mean Time),0.0414,0.0401,0.059,0
Tue Dec 17 2024 23:00:00 GMT+0000 (Greenwich Mean Time),0.0442,0.0405,0.059,0
Wed Dec 18 2024 00:00:00 GMT+0000 (Greenwich Mean Time),0.0458,0.0408,0.059,598.1343805779237
Wed Dec 18 2024 01:00:00 GMT+0000 (Greenwich Mean Time),0.0458,0.0408,0.059,0
Wed Dec 18 2024 02:00:00 GMT+0000 (Greenwich Mean Time),0.0475,0.0398,0.059,0
Wed Dec 18 2024 03:00:00 GMT+0000 (Greenwich Mean Time),0.0475,0.0398,0.059,0
Wed Dec 18 2024 04:00:00 GMT+0000 (Greenwich Mean Time),0.0493,0.0401,0.059,0
Wed Dec 18 2024 05:00:00 GMT+0000 (Greenwich Mean Time),0.0493,0.0401,0.059,0
Wed Dec 18 2024 06:00:00 GMT+0000 (Greenwich Mean Time),0.0493,0.0401,0.0592,4977.881914960433
Wed Dec 18 2024 07:00:00 GMT+0000 (Greenwich Mean Time),0.0413,0.0405,0.0592,0
Wed Dec 18 2024 08:00:00 GMT+0000 (Greenwich Mean Time),0.0428,0.0407,0.0592,0
Wed Dec 18 2024 09:00:00 GMT+0000 (Greenwich Mean Time),0.0428,0.0407,0.0592,0
Wed Dec 18 2024 10:00:00 GMT+0000 (Greenwich Mean Time),0.0401,0.0399,0.0592,0
Wed Dec 18 2024 11:00:00 GMT+0000 (Greenwich Mean Time),0.0401,0.0399,0.0592,0
Wed Dec 18 2024 12:00:00 GMT+0000 (Greenwich Mean Time),0.0403,0.0401,0.0592,0
Wed Dec 18 2024 13:00:00 GMT+0000 (Greenwich Mean Time),0.0403,0.0401,0.0592,0
Wed Dec 18 2024 14:00:00 GMT+0000 (Greenwich Mean Time),0.0388,0.0401,0.0592,0
Wed Dec 18 2024 15:00:00 GMT+0000 (Greenwich Mean Time),0.0388,0.0401,0.0592,0
Wed Dec 18 2024 16:00:00 GMT+0000 (Greenwich Mean Time),0.0388,0.0401,0.0592,941.8103436791816
Wed Dec 18 2024 17:00:00 GMT+0000 (Greenwich Mean Time),0.0388,0.0401,0.0592,0
Wed Dec 18 2024 18:00:00 GMT+0000 (Greenwich Mean Time),0.029,0.0383,0.0592,0
Wed Dec 18 2024 19:00:00 GMT+0000 (Greenwich Mean Time),0.029,0.0383,0.0592,0
Wed Dec 18 2024 20:00:00 GMT+0000 (Greenwich Mean Time),0.0274,0.0383,0.0592,0
Wed Dec 18 2024 21:00:00 GMT+0000 (Greenwich Mean Time),0.0388,0.04,0.0592,0
Wed Dec 18 2024 22:00:00 GMT+0000 (Greenwich Mean Time),0.0388,0.04,0.0593,1020.1307610586838
Wed Dec 18 2024 23:00:00 GMT+0000 (Greenwich Mean Time),0.0361,0.04,0.0593,0
Thu Dec 19 2024 00:00:00 GMT+0000 (Greenwich Mean Time),0.0345,0.04,0.0593,0
Thu Dec 19 2024 01:00:00 GMT+0000 (Greenwich Mean Time),0.0345,0.04,0.0593,0
Thu Dec 19 2024 02:00:00 GMT+0000 (Greenwich Mean Time),0.0345,0.0417,0.0593,0
Thu Dec 19 2024 03:00:00 GMT+0000 (Greenwich Mean Time),0.0345,0.0405,0.0593,0
Thu Dec 19 2024 04:00:00 GMT+0000 (Greenwich Mean Time),0.0405,0.0416,0.0593,0
Thu Dec 19 2024 05:00:00 GMT+0000 (Greenwich Mean Time),0.0405,0.0416,0.0593,0
Thu Dec 19 2024 06:00:00 GMT+0000 (Greenwich Mean Time),0.0405,0.0416,0.0593,0
Thu Dec 19 2024 07:00:00 GMT+0000 (Greenwich Mean Time),0.0373,0.0416,0.0593,0
Thu Dec 19 2024 08:00:00 GMT+0000 (Greenwich Mean Time),0.0359,0.0416,0.0593,3.0055763682809715
Thu Dec 19 2024 09:00:00 GMT+0000 (Greenwich Mean Time),0.0359,0.0416,0.061,33407.96557324989
Thu Dec 19 2024 10:00:00 GMT+0000 (Greenwich Mean Time),0.0344,0.0406,0.061,0
Thu Dec 19 2024 11:00:00 GMT+0000 (Greenwich Mean Time),0.0344,0.0406,0.061,0
Thu Dec 19 2024 12:00:00 GMT+0000 (Greenwich Mean Time),0.04,0.0416,0.061,0
Thu Dec 19 2024 13:00:00 GMT+0000 (Greenwich Mean Time),0.04,0.0416,0.061,3665.984703174774
Thu Dec 19 2024 14:00:00 GMT+0000 (Greenwich Mean Time),0.04,0.0416,0.0611,0
Thu Dec 19 2024 15:00:00 GMT+0000 (Greenwich Mean Time),0.04,0.0416,0.0611,0
Thu Dec 19 2024 16:00:00 GMT+0000 (Greenwich Mean Time),0.04,0.0416,0.0611,0
Thu Dec 19 2024 17:00:00 GMT+0000 (Greenwich Mean Time),0.04,0.0416,0.0611,0
Thu Dec 19 2024 18:00:00 GMT+0000 (Greenwich Mean Time),0.04,0.0416,0.0611,0
Thu Dec 19 2024 19:00:00 GMT+0000 (Greenwich Mean Time),0.04,0.0397,0.0611,0
Thu Dec 19 2024 20:00:00 GMT+0000 (Greenwich Mean Time),0.0531,0.0416,0.0611,0
Thu Dec 19 2024 21:00:00 GMT+0000 (Greenwich Mean Time),0.0415,0.0416,0.0611,0
Thu Dec 19 2024 22:00:00 GMT+0000 (Greenwich Mean Time),0.0415,0.0416,0.0611,0
Thu Dec 19 2024 23:00:00 GMT+0000 (Greenwich Mean Time),0.0415,0.0416,0.0628,31008.356887084035
Fri Dec 20 2024 00:00:00 GMT+0000 (Greenwich Mean Time),0.0415,0.0416,0.0628,0
Fri Dec 20 2024 01:00:00 GMT+0000 (Greenwich Mean Time),0.0415,0.0416,0.0628,0
Fri Dec 20 2024 02:00:00 GMT+0000 (Greenwich Mean Time),0.0415,0.0416,0.063,3036.419354451506
Fri Dec 20 2024 03:00:00 GMT+0000 (Greenwich Mean Time),0.0415,0.0405,0.1097,919405.5760144553
Fri Dec 20 2024 04:00:00 GMT+0000 (Greenwich Mean Time),0.0417,0.0416,0.1097,54.608637244278235
Fri Dec 20 2024 05:00:00 GMT+0000 (Greenwich Mean Time),0.0417,0.0416,0.071,1522148.1239285867
Fri Dec 20 2024 06:00:00 GMT+0000 (Greenwich Mean Time),0.0417,0.0416,0.071,0
Fri Dec 20 2024 07:00:00 GMT+0000 (Greenwich Mean Time),0.0417,0.0416,0.0711,2798.045550171786
Fri Dec 20 2024 08:00:00 GMT+0000 (Greenwich Mean Time),0.0417,0.0416,0.0711,0
Fri Dec 20 2024 09:00:00 GMT+0000 (Greenwich Mean Time),0.0417,0.0416,0.0711,0
Fri Dec 20 2024 10:00:00 GMT+0000 (Greenwich Mean Time),0.0417,0.0406,0.0711,0
Fri Dec 20 2024 11:00:00 GMT+0000 (Greenwich Mean Time),0.0417,0.0406,0.0711,0
Fri Dec 20 2024 12:00:00 GMT+0000 (Greenwich Mean Time),0.0455,0.0421,0.0711,0
Fri Dec 20 2024 13:00:00 GMT+0000 (Greenwich Mean Time),0.0455,0.0421,0.0711,0
Fri Dec 20 2024 14:00:00 GMT+0000 (Greenwich Mean Time),0.0455,0.0421,0.0711,0
Fri Dec 20 2024 15:00:00 GMT+0000 (Greenwich Mean Time),0.0455,0.0421,0.0736,45232.50518462546
Fri Dec 20 2024 16:00:00 GMT+0000 (Greenwich Mean Time),0.0455,0.0421,0.0736,0
Fri Dec 20 2024 17:00:00 GMT+0000 (Greenwich Mean Time),0.0455,0.0421,0.0736,0
Fri Dec 20 2024 18:00:00 GMT+0000 (Greenwich Mean Time),0.0455,0.0403,0.0736,0
Fri Dec 20 2024 19:00:00 GMT+0000 (Greenwich Mean Time),0.0455,0.0403,0.0736,0
Fri Dec 20 2024 20:00:00 GMT+0000 (Greenwich Mean Time),0.0457,0.0422,0.0736,6.261902392871788
Fri Dec 20 2024 21:00:00 GMT+0000 (Greenwich Mean Time),0.0457,0.0422,0.0736,0
Fri Dec 20 2024 22:00:00 GMT+0000 (Greenwich Mean Time),0.0457,0.0422,0.0738,5548.322883202296
Fri Dec 20 2024 23:00:00 GMT+0000 (Greenwich Mean Time),0.0457,0.0422,0.0738,0
Sat Dec 21 2024 00:00:00 GMT+0000 (Greenwich Mean Time),0.0457,0.0422,0.0738,0
Sat Dec 21 2024 01:00:00 GMT+0000 (Greenwich Mean Time),0.0457,0.0422,0.0738,0
Sat Dec 21 2024 02:00:00 GMT+0000 (Greenwich Mean Time),0.0457,0.0411,0.0738,0
Sat Dec 21 2024 03:00:00 GMT+0000 (Greenwich Mean Time),0.0457,0.0411,0.0738,0
Sat Dec 21 2024 04:00:00 GMT+0000 (Greenwich Mean Time),0.0452,0.0422,0.0739,0
Sat Dec 21 2024 05:00:00 GMT+0000 (Greenwich Mean Time),0.0452,0.0422,0.0738,0
Sat Dec 21 2024 06:00:00 GMT+0000 (Greenwich Mean Time),0.0452,0.0422,0.0738,0
Sat Dec 21 2024 07:00:00 GMT+0000 (Greenwich Mean Time),0.0452,0.0422,0.0748,19502.86090018272
Sat Dec 21 2024 08:00:00 GMT+0000 (Greenwich Mean Time),0.0496,0.0428,0.0749,0
Sat Dec 21 2024 09:00:00 GMT+0000 (Greenwich Mean Time),0.0496,0.0428,0.0748,0
Sat Dec 21 2024 10:00:00 GMT+0000 (Greenwich Mean Time),0.0511,0.042,0.078,61183.17034347309
Sat Dec 21 2024 11:00:00 GMT+0000 (Greenwich Mean Time),0.0511,0.042,0.078,0
Sat Dec 21 2024 12:00:00 GMT+0000 (Greenwich Mean Time),0.0415,0.0422,0.078,0
Sat Dec 21 2024 13:00:00 GMT+0000 (Greenwich Mean Time),0.0415,0.0422,0.078,0
Sat Dec 21 2024 14:00:00 GMT+0000 (Greenwich Mean Time),0.0415,0.0422,0.0789,15767.039433693744
Sat Dec 21 2024 15:00:00 GMT+0000 (Greenwich Mean Time),0.0415,0.0422,0.0789,0
Sat Dec 21 2024 16:00:00 GMT+0000 (Greenwich Mean Time),0.0504,0.0435,0.0789,0
Sat Dec 21 2024 17:00:00 GMT+0000 (Greenwich Mean Time),0.0504,0.0435,0.0789,0
Sat Dec 21 2024 18:00:00 GMT+0000 (Greenwich Mean Time),0.0519,0.0421,0.0789,0
Sat Dec 21 2024 19:00:00 GMT+0000 (Greenwich Mean Time),0.0519,0.0421,0.0801,22001.27255511867
Sat Dec 21 2024 20:00:00 GMT+0000 (Greenwich Mean Time),0.0387,0.0421,0.0801,1361.2721315902907
Sat Dec 21 2024 21:00:00 GMT+0000 (Greenwich Mean Time),0.0415,0.0425,0.0801,0
Sat Dec 21 2024 22:00:00 GMT+0000 (Greenwich Mean Time),0.0415,0.0425,0.0801,0
Sat Dec 21 2024 23:00:00 GMT+0000 (Greenwich Mean Time),0.0415,0.0425,0.0802,1284.5425869768335
Sun Dec 22 2024 00:00:00 GMT+0000 (Greenwich Mean Time),0.0415,0.0425,0.0802,0
Sun Dec 22 2024 01:00:00 GMT+0000 (Greenwich Mean Time),0.0415,0.0425,0.0802,0
Sun Dec 22 2024 02:00:00 GMT+0000 (Greenwich Mean Time),0.0415,0.0414,0.0802,0
Sun Dec 22 2024 03:00:00 GMT+0000 (Greenwich Mean Time),0.0415,0.0414,0.0802,0
Sun Dec 22 2024 04:00:00 GMT+0000 (Greenwich Mean Time),0.0339,0.0414,0.08,4716.506761989307
Sun Dec 22 2024 05:00:00 GMT+0000 (Greenwich Mean Time),0.0416,0.0425,0.0799,0
Sun Dec 22 2024 06:00:00 GMT+0000 (Greenwich Mean Time),0.0416,0.0425,0.08,0
Sun Dec 22 2024 07:00:00 GMT+0000 (Greenwich Mean Time),0.0416,0.0425,0.0799,0
Sun Dec 22 2024 08:00:00 GMT+0000 (Greenwich Mean Time),0.0373,0.0425,0.0801,3305.9443684774783
Sun Dec 22 2024 09:00:00 GMT+0000 (Greenwich Mean Time),0.0373,0.0425,0.0801,0
Sun Dec 22 2024 10:00:00 GMT+0000 (Greenwich Mean Time),0.0358,0.0414,0.0801,14.116747124525439
Sun Dec 22 2024 11:00:00 GMT+0000 (Greenwich Mean Time),0.0358,0.0414,0.0801,0
Sun Dec 22 2024 12:00:00 GMT+0000 (Greenwich Mean Time),0.0344,0.0414,0.0802,124665.855226328
Sun Dec 22 2024 13:00:00 GMT+0000 (Greenwich Mean Time),0.0415,0.0424,0.0804,37819.65331349522
Sun Dec 22 2024 14:00:00 GMT+0000 (Greenwich Mean Time),0.0415,0.0424,0.0804,0
Sun Dec 22 2024 15:00:00 GMT+0000 (Greenwich Mean Time),0.0415,0.0424,0.0804,0
Sun Dec 22 2024 16:00:00 GMT+0000 (Greenwich Mean Time),0.0327,0.0424,0.0804,0
Sun Dec 22 2024 17:00:00 GMT+0000 (Greenwich Mean Time),0.0327,0.0424,0.0804,0
Sun Dec 22 2024 18:00:00 GMT+0000 (Greenwich Mean Time),0.0312,0.0403,0.0804,0
Sun Dec 22 2024 19:00:00 GMT+0000 (Greenwich Mean Time),0.0312,0.0403,0.0804,0
Sun Dec 22 2024 20:00:00 GMT+0000 (Greenwich Mean Time),0.0312,0.0403,0.0804,0
Sun Dec 22 2024 21:00:00 GMT+0000 (Greenwich Mean Time),0.0399,0.0419,0.0804,0
Sun Dec 22 2024 22:00:00 GMT+0000 (Greenwich Mean Time),0.0399,0.0419,0.0804,0
Sun Dec 22 2024 23:00:00 GMT+0000 (Greenwich Mean Time),0.0399,0.0419,0.0804,0
Mon Dec 23 2024 00:00:00 GMT+0000 (Greenwich Mean Time),0.0399,0.0419,0.0805,4792.403597924215
Mon Dec 23 2024 01:00:00 GMT+0000 (Greenwich Mean Time),0.0399,0.0419,0.0807,0
Mon Dec 23 2024 02:00:00 GMT+0000 (Greenwich Mean Time),0.0399,0.0419,0.0807,0
Mon Dec 23 2024 03:00:00 GMT+0000 (Greenwich Mean Time),0.0399,0.0419,0.0807,0
Mon Dec 23 2024 04:00:00 GMT+0000 (Greenwich Mean Time),0.0399,0.0409,0.0807,0
Mon Dec 23 2024 05:00:00 GMT+0000 (Greenwich Mean Time),0.0397,0.042,0.0807,0
Mon Dec 23 2024 06:00:00 GMT+0000 (Greenwich Mean Time),0.0397,0.042,0.0807,0
Mon Dec 23 2024 07:00:00 GMT+0000 (Greenwich Mean Time),0.0397,0.042,0.0807,696.6603731891005
Mon Dec 23 2024 08:00:00 GMT+0000 (Greenwich Mean Time),0.0397,0.042,0.0574,415711.83507624106
Mon Dec 23 2024 09:00:00 GMT+0000 (Greenwich Mean Time),0.0397,0.042,0.0574,0
Mon Dec 23 2024 10:00:00 GMT+0000 (Greenwich Mean Time),0.0397,0.0409,0.0574,0
Mon Dec 23 2024 11:00:00 GMT+0000 (Greenwich Mean Time),0.0397,0.0409,0.0574,0
Mon Dec 23 2024 12:00:00 GMT+0000 (Greenwich Mean Time),0.0397,0.0409,0.0574,0
Mon Dec 23 2024 13:00:00 GMT+0000 (Greenwich Mean Time),0.0398,0.0419,0.0574,0
Mon Dec 23 2024 14:00:00 GMT+0000 (Greenwich Mean Time),0.0398,0.0419,0.0574,0
Mon Dec 23 2024 15:00:00 GMT+0000 (Greenwich Mean Time),0.0398,0.0419,0.0574,0
Mon Dec 23 2024 16:00:00 GMT+0000 (Greenwich Mean Time),0.0398,0.0419,0.0574,0
Mon Dec 23 2024 17:00:00 GMT+0000 (Greenwich Mean Time),0.0398,0.0419,0.0574,0
Mon Dec 23 2024 18:00:00 GMT+0000 (Greenwich Mean Time),0.0398,0.0401,0.0574,0
Mon Dec 23 2024 19:00:00 GMT+0000 (Greenwich Mean Time),0.0398,0.0401,0.0574,0
Mon Dec 23 2024 20:00:00 GMT+0000 (Greenwich Mean Time),0.0398,0.0401,0.0574,0
Mon Dec 23 2024 21:00:00 GMT+0000 (Greenwich Mean Time),0.0283,0.0401,0.0574,0
Mon Dec 23 2024 22:00:00 GMT+0000 (Greenwich Mean Time),0.04,0.0417,0.0574,0
Mon Dec 23 2024 23:00:00 GMT+0000 (Greenwich Mean Time),0.04,0.0417,0.0574,0
Tue Dec 24 2024 00:00:00 GMT+0000 (Greenwich Mean Time),0.04,0.0417,0.0574,0
Tue Dec 24 2024 01:00:00 GMT+0000 (Greenwich Mean Time),0.04,0.0417,0.0574,0
Tue Dec 24 2024 02:00:00 GMT+0000 (Greenwich Mean Time),0.04,0.0417,0.0574,0
Tue Dec 24 2024 03:00:00 GMT+0000 (Greenwich Mean Time),0.0445,0.0424,0.0574,0
Tue Dec 24 2024 04:00:00 GMT+0000 (Greenwich Mean Time),0.0445,0.0424,0.0574,0
Tue Dec 24 2024 05:00:00 GMT+0000 (Greenwich Mean Time),0.037,0.0424,0.0574,0
Tue Dec 24 2024 06:00:00 GMT+0000 (Greenwich Mean Time),0.0398,0.0428,0.0574,0
Tue Dec 24 2024 07:00:00 GMT+0000 (Greenwich Mean Time),0.0398,0.0412,0.0574,0
Tue Dec 24 2024 08:00:00 GMT+0000 (Greenwich Mean Time),0.0398,0.0412,0.0574,0
Tue Dec 24 2024 09:00:00 GMT+0000 (Greenwich Mean Time),0.0426,0.0416,0.0578,6986.658369883064
Tue Dec 24 2024 10:00:00 GMT+0000 (Greenwich Mean Time),0.0426,0.041,0.0578,0
Tue Dec 24 2024 11:00:00 GMT+0000 (Greenwich Mean Time),0.0426,0.041,0.045,225047.6819204963
Tue Dec 24 2024 12:00:00 GMT+0000 (Greenwich Mean Time),0.0426,0.0408,0.045,0
Tue Dec 24 2024 13:00:00 GMT+0000 (Greenwich Mean Time),0.0354,0.0408,0.045,0
Tue Dec 24 2024 14:00:00 GMT+0000 (Greenwich Mean Time),0.0354,0.0406,0.045,0
Tue Dec 24 2024 15:00:00 GMT+0000 (Greenwich Mean Time),0.0354,0.0406,0.045,0
Tue Dec 24 2024 16:00:00 GMT+0000 (Greenwich Mean Time),0.0354,0.0406,0.045,0
Tue Dec 24 2024 17:00:00 GMT+0000 (Greenwich Mean Time),0.0354,0.0406,0.045,0
Tue Dec 24 2024 18:00:00 GMT+0000 (Greenwich Mean Time),0.0354,0.0392,0.045,0
Tue Dec 24 2024 19:00:00 GMT+0000 (Greenwich Mean Time),0.0354,0.0392,0.045,0
Tue Dec 24 2024 20:00:00 GMT+0000 (Greenwich Mean Time),0.0354,0.039,0.0442,12745.86381824025
Tue Dec 24 2024 21:00:00 GMT+0000 (Greenwich Mean Time),0.0519,0.0413,0.0442,0
Tue Dec 24 2024 22:00:00 GMT+0000 (Greenwich Mean Time),0.04,0.0413,0.0442,75.1429944149669
Tue Dec 24 2024 23:00:00 GMT+0000 (Greenwich Mean Time),0.0416,0.0411,0.0541,175354.74813145056
Wed Dec 25 2024 00:00:00 GMT+0000 (Greenwich Mean Time),0.0416,0.0409,0.0543,4511.279389749989
Wed Dec 25 2024 01:00:00 GMT+0000 (Greenwich Mean Time),0.043,0.0411,0.0545,4100.727680234637
Wed Dec 25 2024 02:00:00 GMT+0000 (Greenwich Mean Time),0.043,0.0409,0.0545,318.0026492155674
Wed Dec 25 2024 03:00:00 GMT+0000 (Greenwich Mean Time),0.0401,0.0411,0.0591,80467.69187875242
Wed Dec 25 2024 04:00:00 GMT+0000 (Greenwich Mean Time),0.0401,0.0408,0.0591,0
Wed Dec 25 2024 05:00:00 GMT+0000 (Greenwich Mean Time),0.0431,0.0413,0.0591,0
Wed Dec 25 2024 06:00:00 GMT+0000 (Greenwich Mean Time),0.0403,0.0413,0.0598,13360.800885236304
Wed Dec 25 2024 07:00:00 GMT+0000 (Greenwich Mean Time),0.0417,0.041,0.0598,0
Wed Dec 25 2024 08:00:00 GMT+0000 (Greenwich Mean Time),0.0417,0.0408,0.0598,0
Wed Dec 25 2024 09:00:00 GMT+0000 (Greenwich Mean Time),0.0403,0.041,0.0598,8.763321677389781
Wed Dec 25 2024 10:00:00 GMT+0000 (Greenwich Mean Time),0.0403,0.0408,0.0598,0
Wed Dec 25 2024 11:00:00 GMT+0000 (Greenwich Mean Time),0.0417,0.041,0.0598,0
Wed Dec 25 2024 12:00:00 GMT+0000 (Greenwich Mean Time),0.0417,0.0408,0.0608,18044.95219087605
Wed Dec 25 2024 13:00:00 GMT+0000 (Greenwich Mean Time),0.0446,0.0412,0.0608,0
Wed Dec 25 2024 14:00:00 GMT+0000 (Greenwich Mean Time),0.0446,0.0412,0.0611,5664.444590441237
Wed Dec 25 2024 15:00:00 GMT+0000 (Greenwich Mean Time),0.0446,0.0412,0.0733,220976.58906089753
Wed Dec 25 2024 16:00:00 GMT+0000 (Greenwich Mean Time),0.0446,0.0412,0.0733,143.25892891683765
Wed Dec 25 2024 17:00:00 GMT+0000 (Greenwich Mean Time),0.0446,0.0412,0.0733,0
Wed Dec 25 2024 18:00:00 GMT+0000 (Greenwich Mean Time),0.0446,0.0412,0.0739,10794.904844355706
Wed Dec 25 2024 19:00:00 GMT+0000 (Greenwich Mean Time),0.0531,0.0424,0.0739,0
Wed Dec 25 2024 20:00:00 GMT+0000 (Greenwich Mean Time),0.0531,0.0424,0.0747,14443.325634481296
Wed Dec 25 2024 21:00:00 GMT+0000 (Greenwich Mean Time),0.0395,0.0412,0.1433,1371289.3319952297
Wed Dec 25 2024 22:00:00 GMT+0000 (Greenwich Mean Time),0.0395,0.0412,0.1275,333762.99073706573
Wed Dec 25 2024 23:00:00 GMT+0000 (Greenwich Mean Time),0.0399,0.0414,0.1284,3930.6084965897003