time,underlyingApy1DMA,underlyingApy7DMA,impliedApy,volume
Sun Oct 27 2024 01:00:00 GMT+0100 (British Summer Time),0,0,0.0507,0
Sun Oct 27 2024 01:00:00 GMT+0000 (Greenwich Mean Time),0,0,0.0507,0
Sun Oct 27 2024 02:00:00 GMT+0000 (Greenwich Mean Time),0,0,0.0507,0
Sun Oct 27 2024 03:00:00 GMT+0000 (Greenwich Mean Time),0,0,0.0507,0
Sun Oct 27 2024 04:00:00 GMT+0000 (Greenwich Mean Time),0,0,0.0507,0
Sun Oct 27 2024 05:00:00 GMT+0000 (Greenwich Mean Time),0,0,0.0509,24134.047075882216
Sun Oct 27 2024 06:00:00 GMT+0000 (Greenwich Mean Time),0,0,0.0521,140848.98969721442
Sun Oct 27 2024 07:00:00 GMT+0000 (Greenwich Mean Time),0,0,0.0521,1244.0230770963901
Sun Oct 27 2024 08:00:00 GMT+0000 (Greenwich Mean Time),0,0,0.0521,0
Sun Oct 27 2024 09:00:00 GMT+0000 (Greenwich Mean Time),0,0,0.0521,0
Sun Oct 27 2024 10:00:00 GMT+0000 (Greenwich Mean Time),0,0,0.0521,0
Sun Oct 27 2024 11:00:00 GMT+0000 (Greenwich Mean Time),0,0,0.0521,0
Sun Oct 27 2024 12:00:00 GMT+0000 (Greenwich Mean Time),0,0,0.0521,0
Sun Oct 27 2024 13:00:00 GMT+0000 (Greenwich Mean Time),0,0,0.0521,0
Sun Oct 27 2024 14:00:00 GMT+0000 (Greenwich Mean Time),0,0,0.0521,0
Sun Oct 27 2024 15:00:00 GMT+0000 (Greenwich Mean Time),0,0,0.0521,0
Sun Oct 27 2024 16:00:00 GMT+0000 (Greenwich Mean Time),0,0,0.0521,0
Sun Oct 27 2024 17:00:00 GMT+0000 (Greenwich Mean Time),0,0,0.0521,0
Sun Oct 27 2024 18:00:00 GMT+0000 (Greenwich Mean Time),0,0,0.0521,0
Sun Oct 27 2024 19:00:00 GMT+0000 (Greenwich Mean Time),0,0,0.0521,0
Sun Oct 27 2024 20:00:00 GMT+0000 (Greenwich Mean Time),0,0,0.0522,7503.07910110081
Sun Oct 27 2024 21:00:00 GMT+0000 (Greenwich Mean Time),0,0,0.0522,0
Sun Oct 27 2024 22:00:00 GMT+0000 (Greenwich Mean Time),0,0,0.0522,0
Sun Oct 27 2024 23:00:00 GMT+0000 (Greenwich Mean Time),0,0,0.0522,0
Mon Oct 28 2024 00:00:00 GMT+0000 (Greenwich Mean Time),0,0,0.0542,225696.12205822027
Mon Oct 28 2024 01:00:00 GMT+0000 (Greenwich Mean Time),0,0,0.0542,85.25970168442504
Mon Oct 28 2024 02:00:00 GMT+0000 (Greenwich Mean Time),0,0,0.0542,0
Mon Oct 28 2024 03:00:00 GMT+0000 (Greenwich Mean Time),0,0,0.0542,0
Mon Oct 28 2024 04:00:00 GMT+0000 (Greenwich Mean Time),0,0,0.0542,0
Mon Oct 28 2024 05:00:00 GMT+0000 (Greenwich Mean Time),0,0,0.0541,35201.500840314126
Mon Oct 28 2024 06:00:00 GMT+0000 (Greenwich Mean Time),0,0,0.0541,798.235314746891
Mon Oct 28 2024 07:00:00 GMT+0000 (Greenwich Mean Time),0,0,0.0541,0
Mon Oct 28 2024 08:00:00 GMT+0000 (Greenwich Mean Time),0,0,0.0541,0
Mon Oct 28 2024 09:00:00 GMT+0000 (Greenwich Mean Time),0,0,0.0541,0
Mon Oct 28 2024 10:00:00 GMT+0000 (Greenwich Mean Time),0,0,0.0541,0
Mon Oct 28 2024 11:00:00 GMT+0000 (Greenwich Mean Time),0,0,0.0541,0
Mon Oct 28 2024 12:00:00 GMT+0000 (Greenwich Mean Time),0,0,0.0541,0
Mon Oct 28 2024 13:00:00 GMT+0000 (Greenwich Mean Time),0,0,0.0541,0
Mon Oct 28 2024 14:00:00 GMT+0000 (Greenwich Mean Time),0,0,0.0541,0
Mon Oct 28 2024 15:00:00 GMT+0000 (Greenwich Mean Time),0,0,0.0541,0
Mon Oct 28 2024 16:00:00 GMT+0000 (Greenwich Mean Time),0,0,0.0541,0
Mon Oct 28 2024 17:00:00 GMT+0000 (Greenwich Mean Time),0,0,0.0541,0
Mon Oct 28 2024 18:00:00 GMT+0000 (Greenwich Mean Time),0,0,0.0541,0
Mon Oct 28 2024 19:00:00 GMT+0000 (Greenwich Mean Time),0,0,0.0541,0
Mon Oct 28 2024 20:00:00 GMT+0000 (Greenwich Mean Time),0,0,0.0541,0
Mon Oct 28 2024 21:00:00 GMT+0000 (Greenwich Mean Time),0,0,0.0541,0
Mon Oct 28 2024 22:00:00 GMT+0000 (Greenwich Mean Time),0,0,0.0541,0
Mon Oct 28 2024 23:00:00 GMT+0000 (Greenwich Mean Time),0,0,0.0541,0
Tue Oct 29 2024 00:00:00 GMT+0000 (Greenwich Mean Time),0,0,0.0541,0
Tue Oct 29 2024 01:00:00 GMT+0000 (Greenwich Mean Time),0,0,0.0541,0
Tue Oct 29 2024 02:00:00 GMT+0000 (Greenwich Mean Time),0,0,0.0541,0
Tue Oct 29 2024 03:00:00 GMT+0000 (Greenwich Mean Time),0,0,0.0541,0
Tue Oct 29 2024 04:00:00 GMT+0000 (Greenwich Mean Time),0,0,0.0541,0
Tue Oct 29 2024 05:00:00 GMT+0000 (Greenwich Mean Time),0,0,0.0541,0
Tue Oct 29 2024 06:00:00 GMT+0000 (Greenwich Mean Time),0,0,0.0541,0
Tue Oct 29 2024 07:00:00 GMT+0000 (Greenwich Mean Time),0,0,0.0541,0
Tue Oct 29 2024 08:00:00 GMT+0000 (Greenwich Mean Time),0,0,0.0541,0
Tue Oct 29 2024 09:00:00 GMT+0000 (Greenwich Mean Time),0,0,0.0541,0
Tue Oct 29 2024 10:00:00 GMT+0000 (Greenwich Mean Time),0,0,0.0541,0
Tue Oct 29 2024 11:00:00 GMT+0000 (Greenwich Mean Time),0,0,0.0541,0
Tue Oct 29 2024 12:00:00 GMT+0000 (Greenwich Mean Time),0,0,0.0541,0
Tue Oct 29 2024 13:00:00 GMT+0000 (Greenwich Mean Time),0,0,0.0541,0
Tue Oct 29 2024 14:00:00 GMT+0000 (Greenwich Mean Time),0,0,0.0587,749109.2592099181
Tue Oct 29 2024 15:00:00 GMT+0000 (Greenwich Mean Time),0,0,0.0587,2746.508554618179
Tue Oct 29 2024 16:00:00 GMT+0000 (Greenwich Mean Time),0,0,0.0587,0
Tue Oct 29 2024 17:00:00 GMT+0000 (Greenwich Mean Time),0,0,0.0587,0
Tue Oct 29 2024 18:00:00 GMT+0000 (Greenwich Mean Time),0,0,0.0587,0
Tue Oct 29 2024 19:00:00 GMT+0000 (Greenwich Mean Time),0,0,0.0587,0
Tue Oct 29 2024 20:00:00 GMT+0000 (Greenwich Mean Time),0,0,0.0587,0
Tue Oct 29 2024 21:00:00 GMT+0000 (Greenwich Mean Time),0,0,0.0587,0
Tue Oct 29 2024 22:00:00 GMT+0000 (Greenwich Mean Time),0,0,0.0587,0
Tue Oct 29 2024 23:00:00 GMT+0000 (Greenwich Mean Time),0,0,0.0587,0
Wed Oct 30 2024 00:00:00 GMT+0000 (Greenwich Mean Time),0,0,0.0593,71820.74477426392
Wed Oct 30 2024 01:00:00 GMT+0000 (Greenwich Mean Time),0,0,0.0593,0
Wed Oct 30 2024 02:00:00 GMT+0000 (Greenwich Mean Time),0,0,0.0593,0
Wed Oct 30 2024 03:00:00 GMT+0000 (Greenwich Mean Time),0,0,0.0593,0
Wed Oct 30 2024 04:00:00 GMT+0000 (Greenwich Mean Time),0,0,0.0593,0
Wed Oct 30 2024 05:00:00 GMT+0000 (Greenwich Mean Time),0,0,0.0593,0
Wed Oct 30 2024 06:00:00 GMT+0000 (Greenwich Mean Time),0,0,0.0593,0
Wed Oct 30 2024 07:00:00 GMT+0000 (Greenwich Mean Time),0,0,0.0593,0
Wed Oct 30 2024 08:00:00 GMT+0000 (Greenwich Mean Time),0,0,0.0593,0
Wed Oct 30 2024 09:00:00 GMT+0000 (Greenwich Mean Time),0,0,0.0593,2768.853239840795
Wed Oct 30 2024 10:00:00 GMT+0000 (Greenwich Mean Time),0,0,0.0606,173043.3631098846
Wed Oct 30 2024 11:00:00 GMT+0000 (Greenwich Mean Time),0,0,0.0606,0
Wed Oct 30 2024 12:00:00 GMT+0000 (Greenwich Mean Time),0,0,0.0606,0
Wed Oct 30 2024 13:00:00 GMT+0000 (Greenwich Mean Time),0,0,0.0606,0
Wed Oct 30 2024 14:00:00 GMT+0000 (Greenwich Mean Time),0,0,0.0606,0
Wed Oct 30 2024 15:00:00 GMT+0000 (Greenwich Mean Time),0,0,0.0606,0
Wed Oct 30 2024 16:00:00 GMT+0000 (Greenwich Mean Time),0,0,0.0606,0
Wed Oct 30 2024 17:00:00 GMT+0000 (Greenwich Mean Time),0,0,0.0606,0
Wed Oct 30 2024 18:00:00 GMT+0000 (Greenwich Mean Time),0,0,0.0606,0
Wed Oct 30 2024 19:00:00 GMT+0000 (Greenwich Mean Time),0,0,0.0606,0
Wed Oct 30 2024 20:00:00 GMT+0000 (Greenwich Mean Time),0,0,0.0606,0
Wed Oct 30 2024 21:00:00 GMT+0000 (Greenwich Mean Time),0,0,0.0606,0
Wed Oct 30 2024 22:00:00 GMT+0000 (Greenwich Mean Time),0,0,0.0607,9027.114989976708
Wed Oct 30 2024 23:00:00 GMT+0000 (Greenwich Mean Time),0,0,0.0607,0
Thu Oct 31 2024 00:00:00 GMT+0000 (Greenwich Mean Time),0,0,0.061,50798.6597585814
Thu Oct 31 2024 01:00:00 GMT+0000 (Greenwich Mean Time),0,0,0.061,45036.98386158046
Thu Oct 31 2024 02:00:00 GMT+0000 (Greenwich Mean Time),0,0,0.0617,82691.57525227178
Thu Oct 31 2024 03:00:00 GMT+0000 (Greenwich Mean Time),0,0,0.0617,0
Thu Oct 31 2024 04:00:00 GMT+0000 (Greenwich Mean Time),0,0,0.0617,0
Thu Oct 31 2024 05:00:00 GMT+0000 (Greenwich Mean Time),0,0,0.0617,53404.49396641312
Thu Oct 31 2024 06:00:00 GMT+0000 (Greenwich Mean Time),0,0,0.0624,41984.47285630145
Thu Oct 31 2024 07:00:00 GMT+0000 (Greenwich Mean Time),0,0,0.0624,0
Thu Oct 31 2024 08:00:00 GMT+0000 (Greenwich Mean Time),0,0,0.0624,1675.9423448030548
Thu Oct 31 2024 09:00:00 GMT+0000 (Greenwich Mean Time),0,0,0.0624,0
Thu Oct 31 2024 10:00:00 GMT+0000 (Greenwich Mean Time),0,0,0.0624,0
Thu Oct 31 2024 11:00:00 GMT+0000 (Greenwich Mean Time),0,0,0.0624,0
Thu Oct 31 2024 12:00:00 GMT+0000 (Greenwich Mean Time),0,0,0.0624,0
Thu Oct 31 2024 13:00:00 GMT+0000 (Greenwich Mean Time),0,0,0.0624,0
Thu Oct 31 2024 14:00:00 GMT+0000 (Greenwich Mean Time),0,0,0.0624,0
Thu Oct 31 2024 15:00:00 GMT+0000 (Greenwich Mean Time),0,0,0.0624,0
Thu Oct 31 2024 16:00:00 GMT+0000 (Greenwich Mean Time),0,0,0.0624,0
Thu Oct 31 2024 17:00:00 GMT+0000 (Greenwich Mean Time),0,0,0.0624,0
Thu Oct 31 2024 18:00:00 GMT+0000 (Greenwich Mean Time),0,0,0.0624,0
Thu Oct 31 2024 19:00:00 GMT+0000 (Greenwich Mean Time),0,0,0.0624,0
Thu Oct 31 2024 20:00:00 GMT+0000 (Greenwich Mean Time),0,0,0.0624,0
Thu Oct 31 2024 21:00:00 GMT+0000 (Greenwich Mean Time),0,0,0.0624,0
Thu Oct 31 2024 22:00:00 GMT+0000 (Greenwich Mean Time),0,0,0.0624,0
Thu Oct 31 2024 23:00:00 GMT+0000 (Greenwich Mean Time),0,0,0.0624,0
Fri Nov 01 2024 00:00:00 GMT+0000 (Greenwich Mean Time),0,0,0.0624,0
Fri Nov 01 2024 01:00:00 GMT+0000 (Greenwich Mean Time),0,0,0.0624,0
Fri Nov 01 2024 02:00:00 GMT+0000 (Greenwich Mean Time),0,0,0.0624,0
Fri Nov 01 2024 03:00:00 GMT+0000 (Greenwich Mean Time),0,0,0.0624,0
Fri Nov 01 2024 04:00:00 GMT+0000 (Greenwich Mean Time),0,0,0.0624,4.117535658990099
Fri Nov 01 2024 05:00:00 GMT+0000 (Greenwich Mean Time),0,0,0.0624,0
Fri Nov 01 2024 06:00:00 GMT+0000 (Greenwich Mean Time),0,0,0.0624,0
Fri Nov 01 2024 07:00:00 GMT+0000 (Greenwich Mean Time),0,0,0.0626,22093.52127388317
Fri Nov 01 2024 08:00:00 GMT+0000 (Greenwich Mean Time),0,0,0.0626,0
Fri Nov 01 2024 09:00:00 GMT+0000 (Greenwich Mean Time),0,0,0.0626,0
Fri Nov 01 2024 10:00:00 GMT+0000 (Greenwich Mean Time),0,0,0.0626,0
Fri Nov 01 2024 11:00:00 GMT+0000 (Greenwich Mean Time),0,0,0.0625,11348.912471099466
Fri Nov 01 2024 12:00:00 GMT+0000 (Greenwich Mean Time),0,0,0.0625,3637.3890880403965
Fri Nov 01 2024 13:00:00 GMT+0000 (Greenwich Mean Time),0,0,0.0625,0
Fri Nov 01 2024 14:00:00 GMT+0000 (Greenwich Mean Time),0,0,0.0625,0
Fri Nov 01 2024 15:00:00 GMT+0000 (Greenwich Mean Time),0,0,0.0625,0
Fri Nov 01 2024 16:00:00 GMT+0000 (Greenwich Mean Time),0,0,0.0625,0
Fri Nov 01 2024 17:00:00 GMT+0000 (Greenwich Mean Time),0,0,0.0625,0
Fri Nov 01 2024 18:00:00 GMT+0000 (Greenwich Mean Time),0,0,0.0625,0
Fri Nov 01 2024 19:00:00 GMT+0000 (Greenwich Mean Time),0,0,0.0625,0
Fri Nov 01 2024 20:00:00 GMT+0000 (Greenwich Mean Time),0,0,0.0624,9881.61192610933
Fri Nov 01 2024 21:00:00 GMT+0000 (Greenwich Mean Time),0,0,0.0626,24114.17143785858
Fri Nov 01 2024 22:00:00 GMT+0000 (Greenwich Mean Time),0,0,0.0626,0
Fri Nov 01 2024 23:00:00 GMT+0000 (Greenwich Mean Time),0,0,0.0626,0
Sat Nov 02 2024 00:00:00 GMT+0000 (Greenwich Mean Time),0,0,0.0626,0
Sat Nov 02 2024 01:00:00 GMT+0000 (Greenwich Mean Time),0,0,0.0626,0
Sat Nov 02 2024 02:00:00 GMT+0000 (Greenwich Mean Time),0,0,0.0626,0
Sat Nov 02 2024 03:00:00 GMT+0000 (Greenwich Mean Time),0,0,0.0626,0
Sat Nov 02 2024 04:00:00 GMT+0000 (Greenwich Mean Time),0,0,0.0626,0
Sat Nov 02 2024 05:00:00 GMT+0000 (Greenwich Mean Time),0,0,0.0626,5812.041499731673
Sat Nov 02 2024 06:00:00 GMT+0000 (Greenwich Mean Time),0,0,0.0626,0
Sat Nov 02 2024 07:00:00 GMT+0000 (Greenwich Mean Time),0,0,0.0626,0
Sat Nov 02 2024 08:00:00 GMT+0000 (Greenwich Mean Time),0,0,0.0626,0
Sat Nov 02 2024 09:00:00 GMT+0000 (Greenwich Mean Time),0,0,0.0626,0
Sat Nov 02 2024 10:00:00 GMT+0000 (Greenwich Mean Time),0,0,0.0626,0
Sat Nov 02 2024 11:00:00 GMT+0000 (Greenwich Mean Time),0,0,0.0626,0
Sat Nov 02 2024 12:00:00 GMT+0000 (Greenwich Mean Time),0,0,0.0626,0
Sat Nov 02 2024 13:00:00 GMT+0000 (Greenwich Mean Time),0,0,0.0626,0
Sat Nov 02 2024 14:00:00 GMT+0000 (Greenwich Mean Time),0,0,0.0626,248.5092634127373
Sat Nov 02 2024 15:00:00 GMT+0000 (Greenwich Mean Time),0,0,0.0626,0
Sat Nov 02 2024 16:00:00 GMT+0000 (Greenwich Mean Time),0,0,0.0626,0
Sat Nov 02 2024 17:00:00 GMT+0000 (Greenwich Mean Time),0,0,0.0626,0
Sat Nov 02 2024 18:00:00 GMT+0000 (Greenwich Mean Time),0,0,0.0626,0
Sat Nov 02 2024 19:00:00 GMT+0000 (Greenwich Mean Time),0,0,0.0627,1926.9121181426685
Sat Nov 02 2024 20:00:00 GMT+0000 (Greenwich Mean Time),0,0,0.0627,0
Sat Nov 02 2024 21:00:00 GMT+0000 (Greenwich Mean Time),0,0,0.0627,0
Sat Nov 02 2024 22:00:00 GMT+0000 (Greenwich Mean Time),0,0,0.0627,4972.3701918055585
Sat Nov 02 2024 23:00:00 GMT+0000 (Greenwich Mean Time),0,0,0.0627,0
Sun Nov 03 2024 00:00:00 GMT+0000 (Greenwich Mean Time),0,0,0.0627,0
Sun Nov 03 2024 01:00:00 GMT+0000 (Greenwich Mean Time),0,0,0.0627,0
Sun Nov 03 2024 02:00:00 GMT+0000 (Greenwich Mean Time),0,0,0.0627,0
Sun Nov 03 2024 03:00:00 GMT+0000 (Greenwich Mean Time),0,0,0.0627,955.7925665215856
Sun Nov 03 2024 04:00:00 GMT+0000 (Greenwich Mean Time),0,0,0.0627,2.0066591495335055
Sun Nov 03 2024 05:00:00 GMT+0000 (Greenwich Mean Time),0,0,0.0627,170.9859899051829
Sun Nov 03 2024 06:00:00 GMT+0000 (Greenwich Mean Time),0,0,0.0627,0
Sun Nov 03 2024 07:00:00 GMT+0000 (Greenwich Mean Time),0,0,0.0627,0
Sun Nov 03 2024 08:00:00 GMT+0000 (Greenwich Mean Time),0,0,0.0627,0
Sun Nov 03 2024 09:00:00 GMT+0000 (Greenwich Mean Time),0,0,0.0627,0
Sun Nov 03 2024 10:00:00 GMT+0000 (Greenwich Mean Time),0,0,0.0627,0
Sun Nov 03 2024 11:00:00 GMT+0000 (Greenwich Mean Time),0,0,0.0627,825.6372933123057
Sun Nov 03 2024 12:00:00 GMT+0000 (Greenwich Mean Time),0,0,0.0627,193.4573896554094
Sun Nov 03 2024 13:00:00 GMT+0000 (Greenwich Mean Time),0,0,0.0628,11107.070422625036
Sun Nov 03 2024 14:00:00 GMT+0000 (Greenwich Mean Time),0,0,0.0628,0
Sun Nov 03 2024 15:00:00 GMT+0000 (Greenwich Mean Time),0,0,0.0628,0
Sun Nov 03 2024 16:00:00 GMT+0000 (Greenwich Mean Time),0,0,0.0628,0
Sun Nov 03 2024 17:00:00 GMT+0000 (Greenwich Mean Time),0,0,0.0628,0
Sun Nov 03 2024 18:00:00 GMT+0000 (Greenwich Mean Time),0,0,0.0632,51377.57087946094
Sun Nov 03 2024 19:00:00 GMT+0000 (Greenwich Mean Time),0,0,0.0632,0
Sun Nov 03 2024 20:00:00 GMT+0000 (Greenwich Mean Time),0,0,0.0632,0
Sun Nov 03 2024 21:00:00 GMT+0000 (Greenwich Mean Time),0,0,0.0632,0
Sun Nov 03 2024 22:00:00 GMT+0000 (Greenwich Mean Time),0,0,0.0632,0
Sun Nov 03 2024 23:00:00 GMT+0000 (Greenwich Mean Time),0,0,0.0632,0
Mon Nov 04 2024 00:00:00 GMT+0000 (Greenwich Mean Time),0,0,0.0632,0
Mon Nov 04 2024 01:00:00 GMT+0000 (Greenwich Mean Time),0,0,0.0632,0
Mon Nov 04 2024 02:00:00 GMT+0000 (Greenwich Mean Time),0,0,0.0632,0
Mon Nov 04 2024 03:00:00 GMT+0000 (Greenwich Mean Time),0,0,0.0632,0
Mon Nov 04 2024 04:00:00 GMT+0000 (Greenwich Mean Time),0,0,0.0632,0
Mon Nov 04 2024 05:00:00 GMT+0000 (Greenwich Mean Time),0,0,0.0632,0
Mon Nov 04 2024 06:00:00 GMT+0000 (Greenwich Mean Time),0,0,0.0632,0
Mon Nov 04 2024 07:00:00 GMT+0000 (Greenwich Mean Time),0,0,0.0632,0
Mon Nov 04 2024 08:00:00 GMT+0000 (Greenwich Mean Time),0,0,0.0632,0
Mon Nov 04 2024 09:00:00 GMT+0000 (Greenwich Mean Time),0,0,0.0632,0
Mon Nov 04 2024 10:00:00 GMT+0000 (Greenwich Mean Time),0,0,0.0632,0
Mon Nov 04 2024 11:00:00 GMT+0000 (Greenwich Mean Time),0,0,0.0632,0
Mon Nov 04 2024 12:00:00 GMT+0000 (Greenwich Mean Time),0,0,0.0632,0
Mon Nov 04 2024 13:00:00 GMT+0000 (Greenwich Mean Time),0,0,0.0632,0
Mon Nov 04 2024 14:00:00 GMT+0000 (Greenwich Mean Time),0,0,0.0632,0
Mon Nov 04 2024 15:00:00 GMT+0000 (Greenwich Mean Time),0,0,0.0632,0
Mon Nov 04 2024 16:00:00 GMT+0000 (Greenwich Mean Time),0,0,0.0632,0
Mon Nov 04 2024 17:00:00 GMT+0000 (Greenwich Mean Time),0,0,0.0632,0
Mon Nov 04 2024 18:00:00 GMT+0000 (Greenwich Mean Time),0,0,0.0632,0
Mon Nov 04 2024 19:00:00 GMT+0000 (Greenwich Mean Time),0,0,0.0632,0
Mon Nov 04 2024 20:00:00 GMT+0000 (Greenwich Mean Time),0,0,0.0632,0
Mon Nov 04 2024 21:00:00 GMT+0000 (Greenwich Mean Time),0,0,0.0632,0
Mon Nov 04 2024 22:00:00 GMT+0000 (Greenwich Mean Time),0,0,0.0632,0
Mon Nov 04 2024 23:00:00 GMT+0000 (Greenwich Mean Time),0,0,0.0632,0
Tue Nov 05 2024 00:00:00 GMT+0000 (Greenwich Mean Time),0,0,0.0632,0
Tue Nov 05 2024 01:00:00 GMT+0000 (Greenwich Mean Time),0,0,0.0631,7262.5658471409315
Tue Nov 05 2024 02:00:00 GMT+0000 (Greenwich Mean Time),0,0,0.0631,0
Tue Nov 05 2024 03:00:00 GMT+0000 (Greenwich Mean Time),0,0,0.0631,0
Tue Nov 05 2024 04:00:00 GMT+0000 (Greenwich Mean Time),0,0,0.0631,69.87910882747724
Tue Nov 05 2024 05:00:00 GMT+0000 (Greenwich Mean Time),0,0,0.0618,159055.49345770798
Tue Nov 05 2024 06:00:00 GMT+0000 (Greenwich Mean Time),0,0,0.0618,0
Tue Nov 05 2024 07:00:00 GMT+0000 (Greenwich Mean Time),0,0,0.0618,0
Tue Nov 05 2024 08:00:00 GMT+0000 (Greenwich Mean Time),0,0,0.0618,0
Tue Nov 05 2024 09:00:00 GMT+0000 (Greenwich Mean Time),0,0,0.0618,0
Tue Nov 05 2024 10:00:00 GMT+0000 (Greenwich Mean Time),0,0,0.0618,0
Tue Nov 05 2024 11:00:00 GMT+0000 (Greenwich Mean Time),0,0,0.0618,0
Tue Nov 05 2024 12:00:00 GMT+0000 (Greenwich Mean Time),0,0,0.0618,0
Tue Nov 05 2024 13:00:00 GMT+0000 (Greenwich Mean Time),0,0,0.0618,0
Tue Nov 05 2024 14:00:00 GMT+0000 (Greenwich Mean Time),0,0,0.0618,0
Tue Nov 05 2024 15:00:00 GMT+0000 (Greenwich Mean Time),0,0,0.0618,0
Tue Nov 05 2024 16:00:00 GMT+0000 (Greenwich Mean Time),0,0,0.0618,0
Tue Nov 05 2024 17:00:00 GMT+0000 (Greenwich Mean Time),0,0,0.0618,0
Tue Nov 05 2024 18:00:00 GMT+0000 (Greenwich Mean Time),0,0,0.0618,0
Tue Nov 05 2024 19:00:00 GMT+0000 (Greenwich Mean Time),0,0,0.0618,0
Tue Nov 05 2024 20:00:00 GMT+0000 (Greenwich Mean Time),0,0,0.0618,0
Tue Nov 05 2024 21:00:00 GMT+0000 (Greenwich Mean Time),0,0,0.0618,0
Tue Nov 05 2024 22:00:00 GMT+0000 (Greenwich Mean Time),0,0,0.0618,0
Tue Nov 05 2024 23:00:00 GMT+0000 (Greenwich Mean Time),0,0,0.0618,0
Wed Nov 06 2024 00:00:00 GMT+0000 (Greenwich Mean Time),0,0,0.0618,0
Wed Nov 06 2024 01:00:00 GMT+0000 (Greenwich Mean Time),0,0,0.0618,0
Wed Nov 06 2024 02:00:00 GMT+0000 (Greenwich Mean Time),0,0,0.0618,0
Wed Nov 06 2024 03:00:00 GMT+0000 (Greenwich Mean Time),0,0,0.0618,0
Wed Nov 06 2024 04:00:00 GMT+0000 (Greenwich Mean Time),0,0,0.0618,0
Wed Nov 06 2024 05:00:00 GMT+0000 (Greenwich Mean Time),0,0,0.0618,0
Wed Nov 06 2024 06:00:00 GMT+0000 (Greenwich Mean Time),0,0,0.0618,0
Wed Nov 06 2024 07:00:00 GMT+0000 (Greenwich Mean Time),0,0,0.0618,0
Wed Nov 06 2024 08:00:00 GMT+0000 (Greenwich Mean Time),0,0,0.0618,0
Wed Nov 06 2024 09:00:00 GMT+0000 (Greenwich Mean Time),0,0,0.0614,57842.67352746647
Wed Nov 06 2024 10:00:00 GMT+0000 (Greenwich Mean Time),0,0,0.0614,0
Wed Nov 06 2024 11:00:00 GMT+0000 (Greenwich Mean Time),0,0,0.0614,0
Wed Nov 06 2024 12:00:00 GMT+0000 (Greenwich Mean Time),0,0,0.0614,0
Wed Nov 06 2024 13:00:00 GMT+0000 (Greenwich Mean Time),0,0,0.0614,26.17745724306306
Wed Nov 06 2024 14:00:00 GMT+0000 (Greenwich Mean Time),0,0,0.0614,0
Wed Nov 06 2024 15:00:00 GMT+0000 (Greenwich Mean Time),0,0,0.0614,0
Wed Nov 06 2024 16:00:00 GMT+0000 (Greenwich Mean Time),0,0,0.0614,399.57002805494045
Wed Nov 06 2024 17:00:00 GMT+0000 (Greenwich Mean Time),0,0,0.0614,0
Wed Nov 06 2024 18:00:00 GMT+0000 (Greenwich Mean Time),0,0,0.0614,0
Wed Nov 06 2024 19:00:00 GMT+0000 (Greenwich Mean Time),0,0,0.0614,0
Wed Nov 06 2024 20:00:00 GMT+0000 (Greenwich Mean Time),0,0,0.0614,3563.4331974147494
Wed Nov 06 2024 21:00:00 GMT+0000 (Greenwich Mean Time),0,0,0.0614,0
Wed Nov 06 2024 22:00:00 GMT+0000 (Greenwich Mean Time),0,0,0.0614,0
Wed Nov 06 2024 23:00:00 GMT+0000 (Greenwich Mean Time),0,0,0.0614,0
Thu Nov 07 2024 00:00:00 GMT+0000 (Greenwich Mean Time),0,0,0.0614,0
Thu Nov 07 2024 01:00:00 GMT+0000 (Greenwich Mean Time),0,0,0.0614,0
Thu Nov 07 2024 02:00:00 GMT+0000 (Greenwich Mean Time),0,0,0.0614,0
Thu Nov 07 2024 03:00:00 GMT+0000 (Greenwich Mean Time),0,0,0.0614,0
Thu Nov 07 2024 04:00:00 GMT+0000 (Greenwich Mean Time),0,0,0.0614,0
Thu Nov 07 2024 05:00:00 GMT+0000 (Greenwich Mean Time),0,0,0.0614,0
Thu Nov 07 2024 06:00:00 GMT+0000 (Greenwich Mean Time),0,0,0.0614,0
Thu Nov 07 2024 07:00:00 GMT+0000 (Greenwich Mean Time),0,0,0.0614,0
Thu Nov 07 2024 08:00:00 GMT+0000 (Greenwich Mean Time),0,0,0.0614,0
Thu Nov 07 2024 09:00:00 GMT+0000 (Greenwich Mean Time),0,0,0.0614,0
Thu Nov 07 2024 10:00:00 GMT+0000 (Greenwich Mean Time),0,0,0.0614,0
Thu Nov 07 2024 11:00:00 GMT+0000 (Greenwich Mean Time),0,0,0.0614,0
Thu Nov 07 2024 12:00:00 GMT+0000 (Greenwich Mean Time),0,0,0.0614,0
Thu Nov 07 2024 13:00:00 GMT+0000 (Greenwich Mean Time),0,0,0.0614,0
Thu Nov 07 2024 14:00:00 GMT+0000 (Greenwich Mean Time),0,0,0.0608,83216.38904956494
Thu Nov 07 2024 15:00:00 GMT+0000 (Greenwich Mean Time),0,0,0.0608,0
Thu Nov 07 2024 16:00:00 GMT+0000 (Greenwich Mean Time),0,0,0.0603,71345.27989262046
Thu Nov 07 2024 17:00:00 GMT+0000 (Greenwich Mean Time),0,0,0.0603,0
Thu Nov 07 2024 18:00:00 GMT+0000 (Greenwich Mean Time),0,0,0.0603,0
Thu Nov 07 2024 19:00:00 GMT+0000 (Greenwich Mean Time),0,0,0.0603,0
Thu Nov 07 2024 20:00:00 GMT+0000 (Greenwich Mean Time),0,0,0.0603,0
Thu Nov 07 2024 21:00:00 GMT+0000 (Greenwich Mean Time),0,0,0.0603,0
Thu Nov 07 2024 22:00:00 GMT+0000 (Greenwich Mean Time),0,0,0.0603,0
Thu Nov 07 2024 23:00:00 GMT+0000 (Greenwich Mean Time),0,0,0.0603,0
Fri Nov 08 2024 00:00:00 GMT+0000 (Greenwich Mean Time),0,0,0.0603,0
Fri Nov 08 2024 01:00:00 GMT+0000 (Greenwich Mean Time),0,0,0.0603,0
Fri Nov 08 2024 02:00:00 GMT+0000 (Greenwich Mean Time),0,0,0.0603,0
Fri Nov 08 2024 03:00:00 GMT+0000 (Greenwich Mean Time),0,0,0.0603,0
Fri Nov 08 2024 04:00:00 GMT+0000 (Greenwich Mean Time),0,0,0.0603,0
Fri Nov 08 2024 05:00:00 GMT+0000 (Greenwich Mean Time),0,0,0.0603,0
Fri Nov 08 2024 06:00:00 GMT+0000 (Greenwich Mean Time),0,0,0.0603,0
Fri Nov 08 2024 07:00:00 GMT+0000 (Greenwich Mean Time),0,0,0.0603,0
Fri Nov 08 2024 08:00:00 GMT+0000 (Greenwich Mean Time),0,0,0.0603,0
Fri Nov 08 2024 09:00:00 GMT+0000 (Greenwich Mean Time),0,0,0.0603,0
Fri Nov 08 2024 10:00:00 GMT+0000 (Greenwich Mean Time),0,0,0.0603,0
Fri Nov 08 2024 11:00:00 GMT+0000 (Greenwich Mean Time),0,0,0.0603,0
Fri Nov 08 2024 12:00:00 GMT+0000 (Greenwich Mean Time),0,0,0.0603,0
Fri Nov 08 2024 13:00:00 GMT+0000 (Greenwich Mean Time),0,0,0.0603,0
Fri Nov 08 2024 14:00:00 GMT+0000 (Greenwich Mean Time),0,0,0.0603,0
Fri Nov 08 2024 15:00:00 GMT+0000 (Greenwich Mean Time),0,0,0.0603,0
Fri Nov 08 2024 16:00:00 GMT+0000 (Greenwich Mean Time),0,0,0.0603,0
Fri Nov 08 2024 17:00:00 GMT+0000 (Greenwich Mean Time),0,0,0.0603,0
Fri Nov 08 2024 18:00:00 GMT+0000 (Greenwich Mean Time),0,0,0.0603,0
Fri Nov 08 2024 19:00:00 GMT+0000 (Greenwich Mean Time),0,0,0.0603,0
Fri Nov 08 2024 20:00:00 GMT+0000 (Greenwich Mean Time),0,0,0.0603,0
Fri Nov 08 2024 21:00:00 GMT+0000 (Greenwich Mean Time),0,0,0.0603,0
Fri Nov 08 2024 22:00:00 GMT+0000 (Greenwich Mean Time),0,0,0.0603,0
Fri Nov 08 2024 23:00:00 GMT+0000 (Greenwich Mean Time),0,0,0.0603,5555.5273076805715
Sat Nov 09 2024 00:00:00 GMT+0000 (Greenwich Mean Time),0,0,0.0603,0
Sat Nov 09 2024 01:00:00 GMT+0000 (Greenwich Mean Time),0,0,0.0603,0
Sat Nov 09 2024 02:00:00 GMT+0000 (Greenwich Mean Time),0,0,0.0603,0
Sat Nov 09 2024 03:00:00 GMT+0000 (Greenwich Mean Time),0,0,0.0603,1396.8410680920535
Sat Nov 09 2024 04:00:00 GMT+0000 (Greenwich Mean Time),0,0,0.0603,0
Sat Nov 09 2024 05:00:00 GMT+0000 (Greenwich Mean Time),0,0,0.0603,0
Sat Nov 09 2024 06:00:00 GMT+0000 (Greenwich Mean Time),0,0,0.0603,0
Sat Nov 09 2024 07:00:00 GMT+0000 (Greenwich Mean Time),0,0,0.0603,0
Sat Nov 09 2024 08:00:00 GMT+0000 (Greenwich Mean Time),0,0,0.0603,0
Sat Nov 09 2024 09:00:00 GMT+0000 (Greenwich Mean Time),0,0,0.0603,0
Sat Nov 09 2024 10:00:00 GMT+0000 (Greenwich Mean Time),0,0,0.0603,0
Sat Nov 09 2024 11:00:00 GMT+0000 (Greenwich Mean Time),0,0,0.0603,0
Sat Nov 09 2024 12:00:00 GMT+0000 (Greenwich Mean Time),0,0,0.0603,0
Sat Nov 09 2024 13:00:00 GMT+0000 (Greenwich Mean Time),0,0,0.0603,0
Sat Nov 09 2024 14:00:00 GMT+0000 (Greenwich Mean Time),0,0,0.0603,0
Sat Nov 09 2024 15:00:00 GMT+0000 (Greenwich Mean Time),0,0,0.0603,0
Sat Nov 09 2024 16:00:00 GMT+0000 (Greenwich Mean Time),0,0,0.0603,0
Sat Nov 09 2024 17:00:00 GMT+0000 (Greenwich Mean Time),0,0,0.0603,0
Sat Nov 09 2024 18:00:00 GMT+0000 (Greenwich Mean Time),0,0,0.0603,0
Sat Nov 09 2024 19:00:00 GMT+0000 (Greenwich Mean Time),0,0,0.0603,0
Sat Nov 09 2024 20:00:00 GMT+0000 (Greenwich Mean Time),0,0,0.0603,4162.756454052728
Sat Nov 09 2024 21:00:00 GMT+0000 (Greenwich Mean Time),0,0,0.0603,0
Sat Nov 09 2024 22:00:00 GMT+0000 (Greenwich Mean Time),0,0,0.0603,0
Sat Nov 09 2024 23:00:00 GMT+0000 (Greenwich Mean Time),0,0,0.0603,0
Sun Nov 10 2024 00:00:00 GMT+0000 (Greenwich Mean Time),0,0,0.0603,0
Sun Nov 10 2024 01:00:00 GMT+0000 (Greenwich Mean Time),0,0,0.0603,0
Sun Nov 10 2024 02:00:00 GMT+0000 (Greenwich Mean Time),0,0,0.0603,0
Sun Nov 10 2024 03:00:00 GMT+0000 (Greenwich Mean Time),0,0,0.0603,0
Sun Nov 10 2024 04:00:00 GMT+0000 (Greenwich Mean Time),0,0,0.0603,0
Sun Nov 10 2024 05:00:00 GMT+0000 (Greenwich Mean Time),0,0,0.0603,0
Sun Nov 10 2024 06:00:00 GMT+0000 (Greenwich Mean Time),0,0,0.0603,0
Sun Nov 10 2024 07:00:00 GMT+0000 (Greenwich Mean Time),0,0,0.0603,0
Sun Nov 10 2024 08:00:00 GMT+0000 (Greenwich Mean Time),0,0,0.0603,0
Sun Nov 10 2024 09:00:00 GMT+0000 (Greenwich Mean Time),0,0,0.0604,17036.91020577064
Sun Nov 10 2024 10:00:00 GMT+0000 (Greenwich Mean Time),0,0,0.0604,0
Sun Nov 10 2024 11:00:00 GMT+0000 (Greenwich Mean Time),0,0,0.0601,55317.20684592003
Sun Nov 10 2024 12:00:00 GMT+0000 (Greenwich Mean Time),0,0,0.0601,0
Sun Nov 10 2024 13:00:00 GMT+0000 (Greenwich Mean Time),0,0,0.0601,0
Sun Nov 10 2024 14:00:00 GMT+0000 (Greenwich Mean Time),0,0,0.0601,0
Sun Nov 10 2024 15:00:00 GMT+0000 (Greenwich Mean Time),0,0,0.0601,0
Sun Nov 10 2024 16:00:00 GMT+0000 (Greenwich Mean Time),0,0,0.0601,0
Sun Nov 10 2024 17:00:00 GMT+0000 (Greenwich Mean Time),0,0,0.0601,0
Sun Nov 10 2024 18:00:00 GMT+0000 (Greenwich Mean Time),0,0,0.0601,0
Sun Nov 10 2024 19:00:00 GMT+0000 (Greenwich Mean Time),0,0,0.0601,0
Sun Nov 10 2024 20:00:00 GMT+0000 (Greenwich Mean Time),0,0,0.0601,0
Sun Nov 10 2024 21:00:00 GMT+0000 (Greenwich Mean Time),0,0,0.0601,0
Sun Nov 10 2024 22:00:00 GMT+0000 (Greenwich Mean Time),0,0,0.0601,0
Sun Nov 10 2024 23:00:00 GMT+0000 (Greenwich Mean Time),0,0,0.0601,0
Mon Nov 11 2024 00:00:00 GMT+0000 (Greenwich Mean Time),0,0,0.0601,0
Mon Nov 11 2024 01:00:00 GMT+0000 (Greenwich Mean Time),0,0,0.0601,0
Mon Nov 11 2024 02:00:00 GMT+0000 (Greenwich Mean Time),0,0,0.0601,0
Mon Nov 11 2024 03:00:00 GMT+0000 (Greenwich Mean Time),0,0,0.0601,0
Mon Nov 11 2024 04:00:00 GMT+0000 (Greenwich Mean Time),0,0,0.0601,0
Mon Nov 11 2024 05:00:00 GMT+0000 (Greenwich Mean Time),0,0,0.0601,0
Mon Nov 11 2024 06:00:00 GMT+0000 (Greenwich Mean Time),0,0,0.0601,0
Mon Nov 11 2024 07:00:00 GMT+0000 (Greenwich Mean Time),0,0,0.0601,0
Mon Nov 11 2024 08:00:00 GMT+0000 (Greenwich Mean Time),0,0,0.0601,0
Mon Nov 11 2024 09:00:00 GMT+0000 (Greenwich Mean Time),0,0,0.0601,0
Mon Nov 11 2024 10:00:00 GMT+0000 (Greenwich Mean Time),0,0,0.0601,0
Mon Nov 11 2024 11:00:00 GMT+0000 (Greenwich Mean Time),0,0,0.0601,0
Mon Nov 11 2024 12:00:00 GMT+0000 (Greenwich Mean Time),0,0,0.0601,0
Mon Nov 11 2024 13:00:00 GMT+0000 (Greenwich Mean Time),0,0,0.0601,0
Mon Nov 11 2024 14:00:00 GMT+0000 (Greenwich Mean Time),0,0,0.0601,0
Mon Nov 11 2024 15:00:00 GMT+0000 (Greenwich Mean Time),0,0,0.0601,0
Mon Nov 11 2024 16:00:00 GMT+0000 (Greenwich Mean Time),0,0,0.0601,0
Mon Nov 11 2024 17:00:00 GMT+0000 (Greenwich Mean Time),0,0,0.0601,0
Mon Nov 11 2024 18:00:00 GMT+0000 (Greenwich Mean Time),0,0,0.0601,0
Mon Nov 11 2024 19:00:00 GMT+0000 (Greenwich Mean Time),0,0,0.0601,0
Mon Nov 11 2024 20:00:00 GMT+0000 (Greenwich Mean Time),0,0,0.0601,0
Mon Nov 11 2024 21:00:00 GMT+0000 (Greenwich Mean Time),0,0,0.0601,0
Mon Nov 11 2024 22:00:00 GMT+0000 (Greenwich Mean Time),0,0,0.0601,0
Mon Nov 11 2024 23:00:00 GMT+0000 (Greenwich Mean Time),0,0,0.0601,0
Tue Nov 12 2024 00:00:00 GMT+0000 (Greenwich Mean Time),0,0,0.0601,0
Tue Nov 12 2024 01:00:00 GMT+0000 (Greenwich Mean Time),0,0,0.0668,1135718.7838848927
Tue Nov 12 2024 02:00:00 GMT+0000 (Greenwich Mean Time),0,0,0.0668,0
Tue Nov 12 2024 03:00:00 GMT+0000 (Greenwich Mean Time),0,0,0.0669,25997.796627389856
Tue Nov 12 2024 04:00:00 GMT+0000 (Greenwich Mean Time),0,0,0.0668,17417.793260134415
Tue Nov 12 2024 05:00:00 GMT+0000 (Greenwich Mean Time),0,0,0.0668,0
Tue Nov 12 2024 06:00:00 GMT+0000 (Greenwich Mean Time),0,0,0.0668,0
Tue Nov 12 2024 07:00:00 GMT+0000 (Greenwich Mean Time),0,0,0.0668,0
Tue Nov 12 2024 08:00:00 GMT+0000 (Greenwich Mean Time),0,0,0.0668,0
Tue Nov 12 2024 09:00:00 GMT+0000 (Greenwich Mean Time),0,0,0.0668,0
Tue Nov 12 2024 10:00:00 GMT+0000 (Greenwich Mean Time),0,0,0.0668,0
Tue Nov 12 2024 11:00:00 GMT+0000 (Greenwich Mean Time),0,0,0.0668,0
Tue Nov 12 2024 12:00:00 GMT+0000 (Greenwich Mean Time),0,0,0.0668,0
Tue Nov 12 2024 13:00:00 GMT+0000 (Greenwich Mean Time),0,0,0.0668,0
Tue Nov 12 2024 14:00:00 GMT+0000 (Greenwich Mean Time),0,0,0.0658,167876.1258134979
Tue Nov 12 2024 15:00:00 GMT+0000 (Greenwich Mean Time),0,0,0.0658,0
Tue Nov 12 2024 16:00:00 GMT+0000 (Greenwich Mean Time),0,0,0.0658,0
Tue Nov 12 2024 17:00:00 GMT+0000 (Greenwich Mean Time),0,0,0.0658,0
Tue Nov 12 2024 18:00:00 GMT+0000 (Greenwich Mean Time),0,0,0.0658,0
Tue Nov 12 2024 19:00:00 GMT+0000 (Greenwich Mean Time),0,0,0.0658,0
Tue Nov 12 2024 20:00:00 GMT+0000 (Greenwich Mean Time),0,0,0.0658,0
Tue Nov 12 2024 21:00:00 GMT+0000 (Greenwich Mean Time),0,0,0.0658,0
Tue Nov 12 2024 22:00:00 GMT+0000 (Greenwich Mean Time),0,0,0.0658,0
Tue Nov 12 2024 23:00:00 GMT+0000 (Greenwich Mean Time),0,0,0.0665,108354.13311406235
Wed Nov 13 2024 00:00:00 GMT+0000 (Greenwich Mean Time),0,0,0.0665,0
Wed Nov 13 2024 01:00:00 GMT+0000 (Greenwich Mean Time),0,0,0.0665,0
Wed Nov 13 2024 02:00:00 GMT+0000 (Greenwich Mean Time),0,0,0.0665,0
Wed Nov 13 2024 03:00:00 GMT+0000 (Greenwich Mean Time),0,0,0.0665,2820.962624639382
Wed Nov 13 2024 04:00:00 GMT+0000 (Greenwich Mean Time),0,0,0.0665,0
Wed Nov 13 2024 05:00:00 GMT+0000 (Greenwich Mean Time),0,0,0.0665,0
Wed Nov 13 2024 06:00:00 GMT+0000 (Greenwich Mean Time),0,0,0.0665,0
Wed Nov 13 2024 07:00:00 GMT+0000 (Greenwich Mean Time),0,0,0.0665,0
Wed Nov 13 2024 08:00:00 GMT+0000 (Greenwich Mean Time),0,0,0.0665,0
Wed Nov 13 2024 09:00:00 GMT+0000 (Greenwich Mean Time),0,0,0.0616,791253.4420368663
Wed Nov 13 2024 10:00:00 GMT+0000 (Greenwich Mean Time),0,0,0.0616,0
Wed Nov 13 2024 11:00:00 GMT+0000 (Greenwich Mean Time),0,0,0.0616,0
Wed Nov 13 2024 12:00:00 GMT+0000 (Greenwich Mean Time),0,0,0.0616,0
Wed Nov 13 2024 13:00:00 GMT+0000 (Greenwich Mean Time),0,0,0.0616,0
Wed Nov 13 2024 14:00:00 GMT+0000 (Greenwich Mean Time),0,0,0.0616,0
Wed Nov 13 2024 15:00:00 GMT+0000 (Greenwich Mean Time),0,0,0.0616,0
Wed Nov 13 2024 16:00:00 GMT+0000 (Greenwich Mean Time),0,0,0.0616,0
Wed Nov 13 2024 17:00:00 GMT+0000 (Greenwich Mean Time),0,0,0.0616,0
Wed Nov 13 2024 18:00:00 GMT+0000 (Greenwich Mean Time),0,0,0.0616,0
Wed Nov 13 2024 19:00:00 GMT+0000 (Greenwich Mean Time),0,0,0.0616,0
Wed Nov 13 2024 20:00:00 GMT+0000 (Greenwich Mean Time),0,0,0.0616,0
Wed Nov 13 2024 21:00:00 GMT+0000 (Greenwich Mean Time),0,0,0.0616,0
Wed Nov 13 2024 22:00:00 GMT+0000 (Greenwich Mean Time),0,0,0.0616,0
Wed Nov 13 2024 23:00:00 GMT+0000 (Greenwich Mean Time),0,0,0.0616,0
Thu Nov 14 2024 00:00:00 GMT+0000 (Greenwich Mean Time),0,0,0.0616,0
Thu Nov 14 2024 01:00:00 GMT+0000 (Greenwich Mean Time),0,0,0.0616,0
Thu Nov 14 2024 02:00:00 GMT+0000 (Greenwich Mean Time),0,0,0.0616,0
Thu Nov 14 2024 03:00:00 GMT+0000 (Greenwich Mean Time),0,0,0.0616,0
Thu Nov 14 2024 04:00:00 GMT+0000 (Greenwich Mean Time),0,0,0.0616,0
Thu Nov 14 2024 05:00:00 GMT+0000 (Greenwich Mean Time),0,0,0.0616,0
Thu Nov 14 2024 06:00:00 GMT+0000 (Greenwich Mean Time),0,0,0.0616,0
Thu Nov 14 2024 07:00:00 GMT+0000 (Greenwich Mean Time),0,0,0.0616,0
Thu Nov 14 2024 08:00:00 GMT+0000 (Greenwich Mean Time),0,0,0.0616,0
Thu Nov 14 2024 09:00:00 GMT+0000 (Greenwich Mean Time),0,0,0.0616,0
Thu Nov 14 2024 10:00:00 GMT+0000 (Greenwich Mean Time),0,0,0.0616,0
Thu Nov 14 2024 11:00:00 GMT+0000 (Greenwich Mean Time),0,0,0.0616,0
Thu Nov 14 2024 12:00:00 GMT+0000 (Greenwich Mean Time),0,0,0.0616,0
Thu Nov 14 2024 13:00:00 GMT+0000 (Greenwich Mean Time),0,0,0.0616,0
Thu Nov 14 2024 14:00:00 GMT+0000 (Greenwich Mean Time),0,0,0.0616,0
Thu Nov 14 2024 15:00:00 GMT+0000 (Greenwich Mean Time),0,0,0.0616,0
Thu Nov 14 2024 16:00:00 GMT+0000 (Greenwich Mean Time),0,0,0.0616,0
Thu Nov 14 2024 17:00:00 GMT+0000 (Greenwich Mean Time),0,0,0.0616,244.23491545944495
Thu Nov 14 2024 18:00:00 GMT+0000 (Greenwich Mean Time),0,0,0.0616,0
Thu Nov 14 2024 19:00:00 GMT+0000 (Greenwich Mean Time),0,0,0.0616,0
Thu Nov 14 2024 20:00:00 GMT+0000 (Greenwich Mean Time),0,0,0.0616,0
Thu Nov 14 2024 21:00:00 GMT+0000 (Greenwich Mean Time),0,0,0.0616,0
Thu Nov 14 2024 22:00:00 GMT+0000 (Greenwich Mean Time),0,0,0.0616,0
Thu Nov 14 2024 23:00:00 GMT+0000 (Greenwich Mean Time),0,0,0.0616,1264.168056303073
Fri Nov 15 2024 00:00:00 GMT+0000 (Greenwich Mean Time),0,0,0.0616,0
Fri Nov 15 2024 01:00:00 GMT+0000 (Greenwich Mean Time),0,0,0.0616,0
Fri Nov 15 2024 02:00:00 GMT+0000 (Greenwich Mean Time),0,0,0.0616,0
Fri Nov 15 2024 03:00:00 GMT+0000 (Greenwich Mean Time),0,0,0.0616,0
Fri Nov 15 2024 04:00:00 GMT+0000 (Greenwich Mean Time),0,0,0.0616,0
Fri Nov 15 2024 05:00:00 GMT+0000 (Greenwich Mean Time),0,0,0.0616,0
Fri Nov 15 2024 06:00:00 GMT+0000 (Greenwich Mean Time),0,0,0.0616,0
Fri Nov 15 2024 07:00:00 GMT+0000 (Greenwich Mean Time),0,0,0.0616,0
Fri Nov 15 2024 08:00:00 GMT+0000 (Greenwich Mean Time),0,0,0.0616,0
Fri Nov 15 2024 09:00:00 GMT+0000 (Greenwich Mean Time),0,0,0.0616,0
Fri Nov 15 2024 10:00:00 GMT+0000 (Greenwich Mean Time),0,0,0.0616,0
Fri Nov 15 2024 11:00:00 GMT+0000 (Greenwich Mean Time),0,0,0.0616,0
Fri Nov 15 2024 12:00:00 GMT+0000 (Greenwich Mean Time),0,0,0.0616,0
Fri Nov 15 2024 13:00:00 GMT+0000 (Greenwich Mean Time),0,0,0.0616,0
Fri Nov 15 2024 14:00:00 GMT+0000 (Greenwich Mean Time),0,0,0.0616,0
Fri Nov 15 2024 15:00:00 GMT+0000 (Greenwich Mean Time),0,0,0.0616,0
Fri Nov 15 2024 16:00:00 GMT+0000 (Greenwich Mean Time),0,0,0.0616,0
Fri Nov 15 2024 17:00:00 GMT+0000 (Greenwich Mean Time),0,0,0.0616,0
Fri Nov 15 2024 18:00:00 GMT+0000 (Greenwich Mean Time),0,0,0.0616,0
Fri Nov 15 2024 19:00:00 GMT+0000 (Greenwich Mean Time),0,0,0.0616,0
Fri Nov 15 2024 20:00:00 GMT+0000 (Greenwich Mean Time),0,0,0.0616,0
Fri Nov 15 2024 21:00:00 GMT+0000 (Greenwich Mean Time),0,0,0.0616,0
Fri Nov 15 2024 22:00:00 GMT+0000 (Greenwich Mean Time),0,0,0.0616,0
Fri Nov 15 2024 23:00:00 GMT+0000 (Greenwich Mean Time),0,0,0.0616,0
Sat Nov 16 2024 00:00:00 GMT+0000 (Greenwich Mean Time),0,0,0.0616,0
Sat Nov 16 2024 01:00:00 GMT+0000 (Greenwich Mean Time),0,0,0.0616,0
Sat Nov 16 2024 02:00:00 GMT+0000 (Greenwich Mean Time),0,0,0.0616,0
Sat Nov 16 2024 03:00:00 GMT+0000 (Greenwich Mean Time),0,0,0.0616,3133.7503232907793
Sat Nov 16 2024 04:00:00 GMT+0000 (Greenwich Mean Time),0,0,0.0616,0
Sat Nov 16 2024 05:00:00 GMT+0000 (Greenwich Mean Time),0,0,0.0616,0
Sat Nov 16 2024 06:00:00 GMT+0000 (Greenwich Mean Time),0,0,0.0616,0
Sat Nov 16 2024 07:00:00 GMT+0000 (Greenwich Mean Time),0,0,0.0616,10.468643203002436
Sat Nov 16 2024 08:00:00 GMT+0000 (Greenwich Mean Time),0,0,0.0616,0
Sat Nov 16 2024 09:00:00 GMT+0000 (Greenwich Mean Time),0,0,0.0616,0
Sat Nov 16 2024 10:00:00 GMT+0000 (Greenwich Mean Time),0,0,0.0616,3593.6914511909504
Sat Nov 16 2024 11:00:00 GMT+0000 (Greenwich Mean Time),0,0,0.0616,0
Sat Nov 16 2024 12:00:00 GMT+0000 (Greenwich Mean Time),0,0,0.0616,0
Sat Nov 16 2024 13:00:00 GMT+0000 (Greenwich Mean Time),0,0,0.0616,0
Sat Nov 16 2024 14:00:00 GMT+0000 (Greenwich Mean Time),0,0,0.0616,0
Sat Nov 16 2024 15:00:00 GMT+0000 (Greenwich Mean Time),0,0,0.0616,0
Sat Nov 16 2024 16:00:00 GMT+0000 (Greenwich Mean Time),0,0,0.0616,633.2096027710363
Sat Nov 16 2024 17:00:00 GMT+0000 (Greenwich Mean Time),0,0,0.0616,0
Sat Nov 16 2024 18:00:00 GMT+0000 (Greenwich Mean Time),0,0,0.0616,0
Sat Nov 16 2024 19:00:00 GMT+0000 (Greenwich Mean Time),0,0,0.0616,0
Sat Nov 16 2024 20:00:00 GMT+0000 (Greenwich Mean Time),0,0,0.0616,0
Sat Nov 16 2024 21:00:00 GMT+0000 (Greenwich Mean Time),0,0,0.0616,0
Sat Nov 16 2024 22:00:00 GMT+0000 (Greenwich Mean Time),0,0,0.0616,0
Sat Nov 16 2024 23:00:00 GMT+0000 (Greenwich Mean Time),0,0,0.0616,0
Sun Nov 17 2024 00:00:00 GMT+0000 (Greenwich Mean Time),0,0,0.0616,0
Sun Nov 17 2024 01:00:00 GMT+0000 (Greenwich Mean Time),0,0,0.0616,0
Sun Nov 17 2024 02:00:00 GMT+0000 (Greenwich Mean Time),0,0,0.0616,0
Sun Nov 17 2024 03:00:00 GMT+0000 (Greenwich Mean Time),0,0,0.0616,0
Sun Nov 17 2024 04:00:00 GMT+0000 (Greenwich Mean Time),0,0,0.0616,0
Sun Nov 17 2024 05:00:00 GMT+0000 (Greenwich Mean Time),0,0,0.0616,0
Sun Nov 17 2024 06:00:00 GMT+0000 (Greenwich Mean Time),0,0,0.0614,14931.786360486532
Sun Nov 17 2024 07:00:00 GMT+0000 (Greenwich Mean Time),0,0,0.0614,0
Sun Nov 17 2024 08:00:00 GMT+0000 (Greenwich Mean Time),0,0,0.0614,0
Sun Nov 17 2024 09:00:00 GMT+0000 (Greenwich Mean Time),0,0,0.0614,0
Sun Nov 17 2024 10:00:00 GMT+0000 (Greenwich Mean Time),0,0,0.0614,0
Sun Nov 17 2024 11:00:00 GMT+0000 (Greenwich Mean Time),0,0,0.0614,0
Sun Nov 17 2024 12:00:00 GMT+0000 (Greenwich Mean Time),0,0,0.0614,0
Sun Nov 17 2024 13:00:00 GMT+0000 (Greenwich Mean Time),0,0,0.0614,0
Sun Nov 17 2024 14:00:00 GMT+0000 (Greenwich Mean Time),0,0,0.0614,0
Sun Nov 17 2024 15:00:00 GMT+0000 (Greenwich Mean Time),0,0,0.0614,0
Sun Nov 17 2024 16:00:00 GMT+0000 (Greenwich Mean Time),0,0,0.0614,0
Sun Nov 17 2024 17:00:00 GMT+0000 (Greenwich Mean Time),0,0,0.0614,0
Sun Nov 17 2024 18:00:00 GMT+0000 (Greenwich Mean Time),0,0,0.0614,0
Sun Nov 17 2024 19:00:00 GMT+0000 (Greenwich Mean Time),0,0,0.0614,0
Sun Nov 17 2024 20:00:00 GMT+0000 (Greenwich Mean Time),0,0,0.0614,0
Sun Nov 17 2024 21:00:00 GMT+0000 (Greenwich Mean Time),0,0,0.0614,0
Sun Nov 17 2024 22:00:00 GMT+0000 (Greenwich Mean Time),0,0,0.0614,0
Sun Nov 17 2024 23:00:00 GMT+0000 (Greenwich Mean Time),0,0,0.0614,0
Mon Nov 18 2024 00:00:00 GMT+0000 (Greenwich Mean Time),0,0,0.0614,0
Mon Nov 18 2024 01:00:00 GMT+0000 (Greenwich Mean Time),0,0,0.0614,0
Mon Nov 18 2024 02:00:00 GMT+0000 (Greenwich Mean Time),0,0,0.0614,0
Mon Nov 18 2024 03:00:00 GMT+0000 (Greenwich Mean Time),0,0,0.0614,0
Mon Nov 18 2024 04:00:00 GMT+0000 (Greenwich Mean Time),0,0,0.0614,0
Mon Nov 18 2024 05:00:00 GMT+0000 (Greenwich Mean Time),0,0,0.0614,0
Mon Nov 18 2024 06:00:00 GMT+0000 (Greenwich Mean Time),0,0,0.0614,0
Mon Nov 18 2024 07:00:00 GMT+0000 (Greenwich Mean Time),0,0,0.0614,0
Mon Nov 18 2024 08:00:00 GMT+0000 (Greenwich Mean Time),0,0,0.0614,0
Mon Nov 18 2024 09:00:00 GMT+0000 (Greenwich Mean Time),0,0,0.0614,0
Mon Nov 18 2024 10:00:00 GMT+0000 (Greenwich Mean Time),0,0,0.0614,0
Mon Nov 18 2024 11:00:00 GMT+0000 (Greenwich Mean Time),0,0,0.0614,0
Mon Nov 18 2024 12:00:00 GMT+0000 (Greenwich Mean Time),0,0,0.0614,0
Mon Nov 18 2024 13:00:00 GMT+0000 (Greenwich Mean Time),0,0,0.0614,0
Mon Nov 18 2024 14:00:00 GMT+0000 (Greenwich Mean Time),0,0,0.0614,0
Mon Nov 18 2024 15:00:00 GMT+0000 (Greenwich Mean Time),0,0,0.0614,0
Mon Nov 18 2024 16:00:00 GMT+0000 (Greenwich Mean Time),0,0,0.0614,0
Mon Nov 18 2024 17:00:00 GMT+0000 (Greenwich Mean Time),0,0,0.0614,0
Mon Nov 18 2024 18:00:00 GMT+0000 (Greenwich Mean Time),0,0,0.0614,0
Mon Nov 18 2024 19:00:00 GMT+0000 (Greenwich Mean Time),0,0,0.0614,0
Mon Nov 18 2024 20:00:00 GMT+0000 (Greenwich Mean Time),0,0,0.0614,0
Mon Nov 18 2024 21:00:00 GMT+0000 (Greenwich Mean Time),0,0,0.0614,0
Mon Nov 18 2024 22:00:00 GMT+0000 (Greenwich Mean Time),0,0,0.0614,0
Mon Nov 18 2024 23:00:00 GMT+0000 (Greenwich Mean Time),0,0,0.0614,0
Tue Nov 19 2024 00:00:00 GMT+0000 (Greenwich Mean Time),0,0,0.0614,0
Tue Nov 19 2024 01:00:00 GMT+0000 (Greenwich Mean Time),0,0,0.0614,0
Tue Nov 19 2024 02:00:00 GMT+0000 (Greenwich Mean Time),0,0,0.0614,0
Tue Nov 19 2024 03:00:00 GMT+0000 (Greenwich Mean Time),0,0,0.0614,0
Tue Nov 19 2024 04:00:00 GMT+0000 (Greenwich Mean Time),0,0,0.056,319809.7285060584
Tue Nov 19 2024 05:00:00 GMT+0000 (Greenwich Mean Time),0,0,0.056,0
Tue Nov 19 2024 06:00:00 GMT+0000 (Greenwich Mean Time),0,0,0.056,0
Tue Nov 19 2024 07:00:00 GMT+0000 (Greenwich Mean Time),0,0,0.056,0
Tue Nov 19 2024 08:00:00 GMT+0000 (Greenwich Mean Time),0,0,0.056,0
Tue Nov 19 2024 09:00:00 GMT+0000 (Greenwich Mean Time),0,0,0.0534,222607.83401174273
Tue Nov 19 2024 10:00:00 GMT+0000 (Greenwich Mean Time),0,0,0.0476,295758.7307618335
Tue Nov 19 2024 11:00:00 GMT+0000 (Greenwich Mean Time),0,0,0.0449,128284.64863674712
Tue Nov 19 2024 12:00:00 GMT+0000 (Greenwich Mean Time),0,0,0.0449,0
Tue Nov 19 2024 13:00:00 GMT+0000 (Greenwich Mean Time),0,0,0.0449,0
Tue Nov 19 2024 14:00:00 GMT+0000 (Greenwich Mean Time),0,0,0.0449,0
Tue Nov 19 2024 15:00:00 GMT+0000 (Greenwich Mean Time),0,0,0.0449,0
Tue Nov 19 2024 16:00:00 GMT+0000 (Greenwich Mean Time),0,0,0.0444,19695.047412354244
Tue Nov 19 2024 17:00:00 GMT+0000 (Greenwich Mean Time),0,0,0.0444,0
Tue Nov 19 2024 18:00:00 GMT+0000 (Greenwich Mean Time),0,0,0.0444,0
Tue Nov 19 2024 19:00:00 GMT+0000 (Greenwich Mean Time),0,0,0.0444,0
Tue Nov 19 2024 20:00:00 GMT+0000 (Greenwich Mean Time),0,0,0.0444,0
Tue Nov 19 2024 21:00:00 GMT+0000 (Greenwich Mean Time),0,0,0.0444,0
Tue Nov 19 2024 22:00:00 GMT+0000 (Greenwich Mean Time),0,0,0.0444,0
Tue Nov 19 2024 23:00:00 GMT+0000 (Greenwich Mean Time),0,0,0.0444,0
Wed Nov 20 2024 00:00:00 GMT+0000 (Greenwich Mean Time),0,0,0.0445,369.7162643143656
Wed Nov 20 2024 01:00:00 GMT+0000 (Greenwich Mean Time),0,0,0.0445,0
Wed Nov 20 2024 02:00:00 GMT+0000 (Greenwich Mean Time),0,0,0.0653,1220215.1383399328
Wed Nov 20 2024 03:00:00 GMT+0000 (Greenwich Mean Time),0,0,0.0653,0
Wed Nov 20 2024 04:00:00 GMT+0000 (Greenwich Mean Time),0,0,0.0653,0
Wed Nov 20 2024 05:00:00 GMT+0000 (Greenwich Mean Time),0,0,0.0653,0
Wed Nov 20 2024 06:00:00 GMT+0000 (Greenwich Mean Time),0,0,0.0653,0
Wed Nov 20 2024 07:00:00 GMT+0000 (Greenwich Mean Time),0,0,0.0653,0
Wed Nov 20 2024 08:00:00 GMT+0000 (Greenwich Mean Time),0,0,0.0653,0
Wed Nov 20 2024 09:00:00 GMT+0000 (Greenwich Mean Time),0,0,0.0653,0
Wed Nov 20 2024 10:00:00 GMT+0000 (Greenwich Mean Time),0,0,0.0653,0
Wed Nov 20 2024 11:00:00 GMT+0000 (Greenwich Mean Time),0,0,0.0653,0
Wed Nov 20 2024 12:00:00 GMT+0000 (Greenwich Mean Time),0,0,0.0653,0
Wed Nov 20 2024 13:00:00 GMT+0000 (Greenwich Mean Time),0,0,0.0653,0
Wed Nov 20 2024 14:00:00 GMT+0000 (Greenwich Mean Time),0,0,0.0653,0
Wed Nov 20 2024 15:00:00 GMT+0000 (Greenwich Mean Time),0,0,0.0653,0
Wed Nov 20 2024 16:00:00 GMT+0000 (Greenwich Mean Time),0,0,0.0653,0
Wed Nov 20 2024 17:00:00 GMT+0000 (Greenwich Mean Time),0,0,0.0653,0
Wed Nov 20 2024 18:00:00 GMT+0000 (Greenwich Mean Time),0,0,0.0653,0
Wed Nov 20 2024 19:00:00 GMT+0000 (Greenwich Mean Time),0,0,0.0653,0
Wed Nov 20 2024 20:00:00 GMT+0000 (Greenwich Mean Time),0,0,0.0653,0
Wed Nov 20 2024 21:00:00 GMT+0000 (Greenwich Mean Time),0,0,0.0653,0
Wed Nov 20 2024 22:00:00 GMT+0000 (Greenwich Mean Time),0,0,0.0653,0
Wed Nov 20 2024 23:00:00 GMT+0000 (Greenwich Mean Time),0,0,0.0653,0
Thu Nov 21 2024 00:00:00 GMT+0000 (Greenwich Mean Time),0,0,0.0653,0
Thu Nov 21 2024 01:00:00 GMT+0000 (Greenwich Mean Time),0,0,0.0653,0
Thu Nov 21 2024 02:00:00 GMT+0000 (Greenwich Mean Time),0,0,0.0653,0
Thu Nov 21 2024 03:00:00 GMT+0000 (Greenwich Mean Time),0,0,0.0653,0
Thu Nov 21 2024 04:00:00 GMT+0000 (Greenwich Mean Time),0,0,0.0653,0
Thu Nov 21 2024 05:00:00 GMT+0000 (Greenwich Mean Time),0,0,0.0653,0
Thu Nov 21 2024 06:00:00 GMT+0000 (Greenwich Mean Time),0,0,0.0653,0
Thu Nov 21 2024 07:00:00 GMT+0000 (Greenwich Mean Time),0,0,0.0653,0
Thu Nov 21 2024 08:00:00 GMT+0000 (Greenwich Mean Time),0,0,0.0653,0
Thu Nov 21 2024 09:00:00 GMT+0000 (Greenwich Mean Time),0,0,0.0653,0
Thu Nov 21 2024 10:00:00 GMT+0000 (Greenwich Mean Time),0,0,0.0653,0
Thu Nov 21 2024 11:00:00 GMT+0000 (Greenwich Mean Time),0,0,0.0653,0
Thu Nov 21 2024 12:00:00 GMT+0000 (Greenwich Mean Time),0,0,0.0653,0
Thu Nov 21 2024 13:00:00 GMT+0000 (Greenwich Mean Time),0,0,0.0653,0
Thu Nov 21 2024 14:00:00 GMT+0000 (Greenwich Mean Time),0,0,0.0653,0
Thu Nov 21 2024 15:00:00 GMT+0000 (Greenwich Mean Time),0,0,0.0653,0
Thu Nov 21 2024 16:00:00 GMT+0000 (Greenwich Mean Time),0,0,0.0653,0
Thu Nov 21 2024 17:00:00 GMT+0000 (Greenwich Mean Time),0,0,0.0653,0
Thu Nov 21 2024 18:00:00 GMT+0000 (Greenwich Mean Time),0,0,0.0653,0
Thu Nov 21 2024 19:00:00 GMT+0000 (Greenwich Mean Time),0,0,0.0653,0
Thu Nov 21 2024 20:00:00 GMT+0000 (Greenwich Mean Time),0,0,0.0653,0
Thu Nov 21 2024 21:00:00 GMT+0000 (Greenwich Mean Time),0,0,0.0653,0
Thu Nov 21 2024 22:00:00 GMT+0000 (Greenwich Mean Time),0,0,0.0653,0
Thu Nov 21 2024 23:00:00 GMT+0000 (Greenwich Mean Time),0,0,0.0653,0
Fri Nov 22 2024 00:00:00 GMT+0000 (Greenwich Mean Time),0,0,0.0653,0
Fri Nov 22 2024 01:00:00 GMT+0000 (Greenwich Mean Time),0,0,0.0653,0
Fri Nov 22 2024 02:00:00 GMT+0000 (Greenwich Mean Time),0,0,0.0653,0
Fri Nov 22 2024 03:00:00 GMT+0000 (Greenwich Mean Time),0,0,0.0653,0
Fri Nov 22 2024 04:00:00 GMT+0000 (Greenwich Mean Time),0,0,0.0653,0
Fri Nov 22 2024 05:00:00 GMT+0000 (Greenwich Mean Time),0,0,0.0653,0
Fri Nov 22 2024 06:00:00 GMT+0000 (Greenwich Mean Time),0,0,0.0653,0
Fri Nov 22 2024 07:00:00 GMT+0000 (Greenwich Mean Time),0,0,0.0653,0
Fri Nov 22 2024 08:00:00 GMT+0000 (Greenwich Mean Time),0,0,0.0653,0
Fri Nov 22 2024 09:00:00 GMT+0000 (Greenwich Mean Time),0,0,0.0653,0
Fri Nov 22 2024 10:00:00 GMT+0000 (Greenwich Mean Time),0,0,0.0653,0
Fri Nov 22 2024 11:00:00 GMT+0000 (Greenwich Mean Time),0,0,0.0653,0
Fri Nov 22 2024 12:00:00 GMT+0000 (Greenwich Mean Time),0,0,0.0653,0
Fri Nov 22 2024 13:00:00 GMT+0000 (Greenwich Mean Time),0,0,0.0653,0
Fri Nov 22 2024 14:00:00 GMT+0000 (Greenwich Mean Time),0,0,0.0653,0
Fri Nov 22 2024 15:00:00 GMT+0000 (Greenwich Mean Time),0,0,0.0653,0
Fri Nov 22 2024 16:00:00 GMT+0000 (Greenwich Mean Time),0,0,0.0653,0
Fri Nov 22 2024 17:00:00 GMT+0000 (Greenwich Mean Time),0,0,0.0653,0
Fri Nov 22 2024 18:00:00 GMT+0000 (Greenwich Mean Time),0,0,0.0653,0
Fri Nov 22 2024 19:00:00 GMT+0000 (Greenwich Mean Time),0,0,0.0653,0
Fri Nov 22 2024 20:00:00 GMT+0000 (Greenwich Mean Time),0,0,0.0653,0
Fri Nov 22 2024 21:00:00 GMT+0000 (Greenwich Mean Time),0,0,0.0653,0
Fri Nov 22 2024 22:00:00 GMT+0000 (Greenwich Mean Time),0,0,0.0653,0
Fri Nov 22 2024 23:00:00 GMT+0000 (Greenwich Mean Time),0,0,0.0653,0
Sat Nov 23 2024 00:00:00 GMT+0000 (Greenwich Mean Time),0,0,0.0653,0
Sat Nov 23 2024 01:00:00 GMT+0000 (Greenwich Mean Time),0,0,0.0653,0
Sat Nov 23 2024 02:00:00 GMT+0000 (Greenwich Mean Time),0,0,0.0653,0
Sat Nov 23 2024 03:00:00 GMT+0000 (Greenwich Mean Time),0,0,0.0653,0
Sat Nov 23 2024 04:00:00 GMT+0000 (Greenwich Mean Time),0,0,0.0653,0
Sat Nov 23 2024 05:00:00 GMT+0000 (Greenwich Mean Time),0,0,0.0653,0
Sat Nov 23 2024 06:00:00 GMT+0000 (Greenwich Mean Time),0,0,0.0653,0
Sat Nov 23 2024 07:00:00 GMT+0000 (Greenwich Mean Time),0,0,0.0653,0
Sat Nov 23 2024 08:00:00 GMT+0000 (Greenwich Mean Time),0,0,0.0653,0
Sat Nov 23 2024 09:00:00 GMT+0000 (Greenwich Mean Time),0,0,0.0653,0
Sat Nov 23 2024 10:00:00 GMT+0000 (Greenwich Mean Time),0,0,0.0653,0
Sat Nov 23 2024 11:00:00 GMT+0000 (Greenwich Mean Time),0,0,0.0653,0
Sat Nov 23 2024 12:00:00 GMT+0000 (Greenwich Mean Time),0,0,0.0653,0
Sat Nov 23 2024 13:00:00 GMT+0000 (Greenwich Mean Time),0,0,0.0653,0
Sat Nov 23 2024 14:00:00 GMT+0000 (Greenwich Mean Time),0,0,0.0653,0
Sat Nov 23 2024 15:00:00 GMT+0000 (Greenwich Mean Time),0,0,0.0653,0
Sat Nov 23 2024 16:00:00 GMT+0000 (Greenwich Mean Time),0,0,0.0653,0
Sat Nov 23 2024 17:00:00 GMT+0000 (Greenwich Mean Time),0,0,0.0653,0
Sat Nov 23 2024 18:00:00 GMT+0000 (Greenwich Mean Time),0,0,0.0653,0
Sat Nov 23 2024 19:00:00 GMT+0000 (Greenwich Mean Time),0,0,0.0653,0
Sat Nov 23 2024 20:00:00 GMT+0000 (Greenwich Mean Time),0,0,0.0653,0
Sat Nov 23 2024 21:00:00 GMT+0000 (Greenwich Mean Time),0,0,0.0653,0
Sat Nov 23 2024 22:00:00 GMT+0000 (Greenwich Mean Time),0,0,0.0653,0
Sat Nov 23 2024 23:00:00 GMT+0000 (Greenwich Mean Time),0,0,0.0653,0
Sun Nov 24 2024 00:00:00 GMT+0000 (Greenwich Mean Time),0,0,0.0653,0
Sun Nov 24 2024 01:00:00 GMT+0000 (Greenwich Mean Time),0,0,0.0653,0
Sun Nov 24 2024 02:00:00 GMT+0000 (Greenwich Mean Time),0,0,0.0653,3472.057791699379
Sun Nov 24 2024 03:00:00 GMT+0000 (Greenwich Mean Time),0,0,0.0653,0
Sun Nov 24 2024 04:00:00 GMT+0000 (Greenwich Mean Time),0,0,0.0653,0
Sun Nov 24 2024 05:00:00 GMT+0000 (Greenwich Mean Time),0,0,0.0653,0
Sun Nov 24 2024 06:00:00 GMT+0000 (Greenwich Mean Time),0,0,0.0653,0
Sun Nov 24 2024 07:00:00 GMT+0000 (Greenwich Mean Time),0,0,0.0653,0
Sun Nov 24 2024 08:00:00 GMT+0000 (Greenwich Mean Time),0,0,0.0653,0
Sun Nov 24 2024 09:00:00 GMT+0000 (Greenwich Mean Time),0,0,0.0653,0
Sun Nov 24 2024 10:00:00 GMT+0000 (Greenwich Mean Time),0,0,0.0653,0
Sun Nov 24 2024 11:00:00 GMT+0000 (Greenwich Mean Time),0,0,0.0653,0
Sun Nov 24 2024 12:00:00 GMT+0000 (Greenwich Mean Time),0,0,0.0653,0
Sun Nov 24 2024 13:00:00 GMT+0000 (Greenwich Mean Time),0,0,0.0653,0
Sun Nov 24 2024 14:00:00 GMT+0000 (Greenwich Mean Time),0,0,0.0653,0
Sun Nov 24 2024 15:00:00 GMT+0000 (Greenwich Mean Time),0,0,0.0653,0
Sun Nov 24 2024 16:00:00 GMT+0000 (Greenwich Mean Time),0,0,0.0653,0
Sun Nov 24 2024 17:00:00 GMT+0000 (Greenwich Mean Time),0,0,0.0653,0
Sun Nov 24 2024 18:00:00 GMT+0000 (Greenwich Mean Time),0,0,0.0653,0
Sun Nov 24 2024 19:00:00 GMT+0000 (Greenwich Mean Time),0,0,0.0653,0
Sun Nov 24 2024 20:00:00 GMT+0000 (Greenwich Mean Time),0,0,0.0645,54993.84341483992
Sun Nov 24 2024 21:00:00 GMT+0000 (Greenwich Mean Time),0,0,0.0645,0
Sun Nov 24 2024 22:00:00 GMT+0000 (Greenwich Mean Time),0,0,0.0645,0
Sun Nov 24 2024 23:00:00 GMT+0000 (Greenwich Mean Time),0,0,0.0645,0
Mon Nov 25 2024 00:00:00 GMT+0000 (Greenwich Mean Time),0,0,0.0645,0
Mon Nov 25 2024 01:00:00 GMT+0000 (Greenwich Mean Time),0,0,0.0645,0
Mon Nov 25 2024 02:00:00 GMT+0000 (Greenwich Mean Time),0,0,0.0645,0
Mon Nov 25 2024 03:00:00 GMT+0000 (Greenwich Mean Time),0,0,0.0645,0
Mon Nov 25 2024 04:00:00 GMT+0000 (Greenwich Mean Time),0,0,0.0645,0
Mon Nov 25 2024 05:00:00 GMT+0000 (Greenwich Mean Time),0,0,0.0645,0
Mon Nov 25 2024 06:00:00 GMT+0000 (Greenwich Mean Time),0,0,0.0645,0
Mon Nov 25 2024 07:00:00 GMT+0000 (Greenwich Mean Time),0,0,0.0645,0
Mon Nov 25 2024 08:00:00 GMT+0000 (Greenwich Mean Time),0,0,0.0645,0
Mon Nov 25 2024 09:00:00 GMT+0000 (Greenwich Mean Time),0,0,0.0645,0
Mon Nov 25 2024 10:00:00 GMT+0000 (Greenwich Mean Time),0,0,0.0645,0
Mon Nov 25 2024 11:00:00 GMT+0000 (Greenwich Mean Time),0,0,0.0645,0
Mon Nov 25 2024 12:00:00 GMT+0000 (Greenwich Mean Time),0,0,0.0645,0
Mon Nov 25 2024 13:00:00 GMT+0000 (Greenwich Mean Time),0,0,0.0645,0
Mon Nov 25 2024 14:00:00 GMT+0000 (Greenwich Mean Time),0,0,0.0645,0
Mon Nov 25 2024 15:00:00 GMT+0000 (Greenwich Mean Time),0,0,0.0645,0
Mon Nov 25 2024 16:00:00 GMT+0000 (Greenwich Mean Time),0,0,0.0645,0
Mon Nov 25 2024 17:00:00 GMT+0000 (Greenwich Mean Time),0,0,0.0645,0
Mon Nov 25 2024 18:00:00 GMT+0000 (Greenwich Mean Time),0,0,0.0645,0
Mon Nov 25 2024 19:00:00 GMT+0000 (Greenwich Mean Time),0,0,0.0645,0
Mon Nov 25 2024 20:00:00 GMT+0000 (Greenwich Mean Time),0,0,0.0645,0
Mon Nov 25 2024 21:00:00 GMT+0000 (Greenwich Mean Time),0,0,0.0646,8160.578684741901
Mon Nov 25 2024 22:00:00 GMT+0000 (Greenwich Mean Time),0,0,0.0646,0
Mon Nov 25 2024 23:00:00 GMT+0000 (Greenwich Mean Time),0,0,0.0646,0
Tue Nov 26 2024 00:00:00 GMT+0000 (Greenwich Mean Time),0,0,0.0646,0
Tue Nov 26 2024 01:00:00 GMT+0000 (Greenwich Mean Time),0,0,0.0646,0
Tue Nov 26 2024 02:00:00 GMT+0000 (Greenwich Mean Time),0,0,0.0646,0
Tue Nov 26 2024 03:00:00 GMT+0000 (Greenwich Mean Time),0,0,0.0646,0
Tue Nov 26 2024 04:00:00 GMT+0000 (Greenwich Mean Time),0,0,0.0646,0
Tue Nov 26 2024 05:00:00 GMT+0000 (Greenwich Mean Time),0,0,0.0646,0
Tue Nov 26 2024 06:00:00 GMT+0000 (Greenwich Mean Time),0,0,0.0646,0
Tue Nov 26 2024 07:00:00 GMT+0000 (Greenwich Mean Time),0,0,0.0646,0
Tue Nov 26 2024 08:00:00 GMT+0000 (Greenwich Mean Time),0,0,0.0646,0
Tue Nov 26 2024 09:00:00 GMT+0000 (Greenwich Mean Time),0,0,0.0646,0
Tue Nov 26 2024 10:00:00 GMT+0000 (Greenwich Mean Time),0,0,0.0646,0
Tue Nov 26 2024 11:00:00 GMT+0000 (Greenwich Mean Time),0,0,0.0646,0
Tue Nov 26 2024 12:00:00 GMT+0000 (Greenwich Mean Time),0,0,0.0646,0
Tue Nov 26 2024 13:00:00 GMT+0000 (Greenwich Mean Time),0,0,0.0646,0
Tue Nov 26 2024 14:00:00 GMT+0000 (Greenwich Mean Time),0,0,0.0646,0
Tue Nov 26 2024 15:00:00 GMT+0000 (Greenwich Mean Time),0,0,0.0646,0
Tue Nov 26 2024 16:00:00 GMT+0000 (Greenwich Mean Time),0,0,0.0646,0
Tue Nov 26 2024 17:00:00 GMT+0000 (Greenwich Mean Time),0,0,0.0646,0
Tue Nov 26 2024 18:00:00 GMT+0000 (Greenwich Mean Time),0,0,0.0646,0
Tue Nov 26 2024 19:00:00 GMT+0000 (Greenwich Mean Time),0,0,0.0646,0
Tue Nov 26 2024 20:00:00 GMT+0000 (Greenwich Mean Time),0,0,0.0646,0
Tue Nov 26 2024 21:00:00 GMT+0000 (Greenwich Mean Time),0,0,0.0646,0
Tue Nov 26 2024 22:00:00 GMT+0000 (Greenwich Mean Time),0,0,0.0646,0
Tue Nov 26 2024 23:00:00 GMT+0000 (Greenwich Mean Time),0,0,0.0646,0
Wed Nov 27 2024 00:00:00 GMT+0000 (Greenwich Mean Time),0,0,0.0646,0
Wed Nov 27 2024 01:00:00 GMT+0000 (Greenwich Mean Time),0,0,0.0646,0
Wed Nov 27 2024 02:00:00 GMT+0000 (Greenwich Mean Time),0,0,0.0646,0
Wed Nov 27 2024 03:00:00 GMT+0000 (Greenwich Mean Time),0,0,0.0646,0
Wed Nov 27 2024 04:00:00 GMT+0000 (Greenwich Mean Time),0,0,0.0646,0
Wed Nov 27 2024 05:00:00 GMT+0000 (Greenwich Mean Time),0,0,0.0646,0
Wed Nov 27 2024 06:00:00 GMT+0000 (Greenwich Mean Time),0,0,0.0646,16890.07597243047
Wed Nov 27 2024 07:00:00 GMT+0000 (Greenwich Mean Time),0,0,0.0644,0
Wed Nov 27 2024 08:00:00 GMT+0000 (Greenwich Mean Time),0,0,0.0644,0
Wed Nov 27 2024 09:00:00 GMT+0000 (Greenwich Mean Time),0,0,0.0644,0
Wed Nov 27 2024 10:00:00 GMT+0000 (Greenwich Mean Time),0,0,0.0644,0
Wed Nov 27 2024 11:00:00 GMT+0000 (Greenwich Mean Time),0,0,0.0644,0
Wed Nov 27 2024 12:00:00 GMT+0000 (Greenwich Mean Time),0,0,0.0644,0
Wed Nov 27 2024 13:00:00 GMT+0000 (Greenwich Mean Time),0,0,0.0644,0
Wed Nov 27 2024 14:00:00 GMT+0000 (Greenwich Mean Time),0,0,0.0644,0
Wed Nov 27 2024 15:00:00 GMT+0000 (Greenwich Mean Time),0,0,0.0644,0
Wed Nov 27 2024 16:00:00 GMT+0000 (Greenwich Mean Time),0,0,0.0644,0
Wed Nov 27 2024 17:00:00 GMT+0000 (Greenwich Mean Time),0,0,0.0644,0
Wed Nov 27 2024 18:00:00 GMT+0000 (Greenwich Mean Time),0,0,0.0644,0
Wed Nov 27 2024 19:00:00 GMT+0000 (Greenwich Mean Time),0,0,0.0644,0
Wed Nov 27 2024 20:00:00 GMT+0000 (Greenwich Mean Time),0,0,0.0644,0
Wed Nov 27 2024 21:00:00 GMT+0000 (Greenwich Mean Time),0,0,0.0644,0
Wed Nov 27 2024 22:00:00 GMT+0000 (Greenwich Mean Time),0,0,0.0644,0
Wed Nov 27 2024 23:00:00 GMT+0000 (Greenwich Mean Time),0,0,0.0644,0
Thu Nov 28 2024 00:00:00 GMT+0000 (Greenwich Mean Time),0,0,0.0644,0
Thu Nov 28 2024 01:00:00 GMT+0000 (Greenwich Mean Time),0,0,0.0644,0
Thu Nov 28 2024 02:00:00 GMT+0000 (Greenwich Mean Time),0,0,0.0644,0
Thu Nov 28 2024 03:00:00 GMT+0000 (Greenwich Mean Time),0,0,0.0644,0
Thu Nov 28 2024 04:00:00 GMT+0000 (Greenwich Mean Time),0,0,0.0644,0
Thu Nov 28 2024 05:00:00 GMT+0000 (Greenwich Mean Time),0,0,0.0644,0
Thu Nov 28 2024 06:00:00 GMT+0000 (Greenwich Mean Time),0,0,0.0644,0
Thu Nov 28 2024 07:00:00 GMT+0000 (Greenwich Mean Time),0,0,0.0644,0
Thu Nov 28 2024 08:00:00 GMT+0000 (Greenwich Mean Time),0,0,0.0644,0
Thu Nov 28 2024 09:00:00 GMT+0000 (Greenwich Mean Time),0,0,0.0644,0
Thu Nov 28 2024 10:00:00 GMT+0000 (Greenwich Mean Time),0,0,0.0644,0
Thu Nov 28 2024 11:00:00 GMT+0000 (Greenwich Mean Time),0,0,0.0642,12381.914438184514
Thu Nov 28 2024 12:00:00 GMT+0000 (Greenwich Mean Time),0,0,0.0642,0
Thu Nov 28 2024 13:00:00 GMT+0000 (Greenwich Mean Time),0,0,0.0642,0
Thu Nov 28 2024 14:00:00 GMT+0000 (Greenwich Mean Time),0,0,0.0642,0
Thu Nov 28 2024 15:00:00 GMT+0000 (Greenwich Mean Time),0,0,0.0642,0
Thu Nov 28 2024 16:00:00 GMT+0000 (Greenwich Mean Time),0,0,0.0642,0
Thu Nov 28 2024 17:00:00 GMT+0000 (Greenwich Mean Time),0,0,0.0642,0
Thu Nov 28 2024 18:00:00 GMT+0000 (Greenwich Mean Time),0,0,0.0642,0
Thu Nov 28 2024 19:00:00 GMT+0000 (Greenwich Mean Time),0,0,0.0642,0
Thu Nov 28 2024 20:00:00 GMT+0000 (Greenwich Mean Time),0,0,0.0642,0
Thu Nov 28 2024 21:00:00 GMT+0000 (Greenwich Mean Time),0,0,0.0642,0
Thu Nov 28 2024 22:00:00 GMT+0000 (Greenwich Mean Time),0,0,0.0642,361.1050079166705
Thu Nov 28 2024 23:00:00 GMT+0000 (Greenwich Mean Time),0,0,0.064,17002.320264033082
Fri Nov 29 2024 00:00:00 GMT+0000 (Greenwich Mean Time),0,0,0.064,0
Fri Nov 29 2024 01:00:00 GMT+0000 (Greenwich Mean Time),0,0,0.064,0
Fri Nov 29 2024 02:00:00 GMT+0000 (Greenwich Mean Time),0,0,0.064,0
Fri Nov 29 2024 03:00:00 GMT+0000 (Greenwich Mean Time),0,0,0.064,0
Fri Nov 29 2024 04:00:00 GMT+0000 (Greenwich Mean Time),0,0,0.064,0
Fri Nov 29 2024 05:00:00 GMT+0000 (Greenwich Mean Time),0,0,0.064,0
Fri Nov 29 2024 06:00:00 GMT+0000 (Greenwich Mean Time),0,0,0.064,0
Fri Nov 29 2024 07:00:00 GMT+0000 (Greenwich Mean Time),0,0,0.064,0
Fri Nov 29 2024 08:00:00 GMT+0000 (Greenwich Mean Time),0,0,0.064,0
Fri Nov 29 2024 09:00:00 GMT+0000 (Greenwich Mean Time),0,0,0.064,0
Fri Nov 29 2024 10:00:00 GMT+0000 (Greenwich Mean Time),0,0,0.064,0
Fri Nov 29 2024 11:00:00 GMT+0000 (Greenwich Mean Time),0,0,0.064,0
Fri Nov 29 2024 12:00:00 GMT+0000 (Greenwich Mean Time),0,0,0.064,0
Fri Nov 29 2024 13:00:00 GMT+0000 (Greenwich Mean Time),0,0,0.064,0
Fri Nov 29 2024 14:00:00 GMT+0000 (Greenwich Mean Time),0,0,0.064,0
Fri Nov 29 2024 15:00:00 GMT+0000 (Greenwich Mean Time),0,0,0.064,0
Fri Nov 29 2024 16:00:00 GMT+0000 (Greenwich Mean Time),0,0,0.064,0
Fri Nov 29 2024 17:00:00 GMT+0000 (Greenwich Mean Time),0,0,0.064,0
Fri Nov 29 2024 18:00:00 GMT+0000 (Greenwich Mean Time),0,0,0.064,0
Fri Nov 29 2024 19:00:00 GMT+0000 (Greenwich Mean Time),0,0,0.064,0
Fri Nov 29 2024 20:00:00 GMT+0000 (Greenwich Mean Time),0,0,0.064,0
Fri Nov 29 2024 21:00:00 GMT+0000 (Greenwich Mean Time),0,0,0.064,0
Fri Nov 29 2024 22:00:00 GMT+0000 (Greenwich Mean Time),0,0,0.064,0
Fri Nov 29 2024 23:00:00 GMT+0000 (Greenwich Mean Time),0,0,0.064,0
Sat Nov 30 2024 00:00:00 GMT+0000 (Greenwich Mean Time),0,0,0.064,0
Sat Nov 30 2024 01:00:00 GMT+0000 (Greenwich Mean Time),0,0,0.064,0
Sat Nov 30 2024 02:00:00 GMT+0000 (Greenwich Mean Time),0,0,0.064,0
Sat Nov 30 2024 03:00:00 GMT+0000 (Greenwich Mean Time),0,0,0.064,0
Sat Nov 30 2024 04:00:00 GMT+0000 (Greenwich Mean Time),0,0,0.064,0
Sat Nov 30 2024 05:00:00 GMT+0000 (Greenwich Mean Time),0,0,0.064,0
Sat Nov 30 2024 06:00:00 GMT+0000 (Greenwich Mean Time),0,0,0.064,0
Sat Nov 30 2024 07:00:00 GMT+0000 (Greenwich Mean Time),0,0,0.064,0
Sat Nov 30 2024 08:00:00 GMT+0000 (Greenwich Mean Time),0,0,0.064,0
Sat Nov 30 2024 09:00:00 GMT+0000 (Greenwich Mean Time),0,0,0.064,0
Sat Nov 30 2024 10:00:00 GMT+0000 (Greenwich Mean Time),0,0,0.064,0
Sat Nov 30 2024 11:00:00 GMT+0000 (Greenwich Mean Time),0,0,0.064,0
Sat Nov 30 2024 12:00:00 GMT+0000 (Greenwich Mean Time),0,0,0.064,0
Sat Nov 30 2024 13:00:00 GMT+0000 (Greenwich Mean Time),0,0,0.064,0
Sat Nov 30 2024 14:00:00 GMT+0000 (Greenwich Mean Time),0,0,0.064,0
Sat Nov 30 2024 15:00:00 GMT+0000 (Greenwich Mean Time),0,0,0.064,0
Sat Nov 30 2024 16:00:00 GMT+0000 (Greenwich Mean Time),0,0,0.064,0
Sat Nov 30 2024 17:00:00 GMT+0000 (Greenwich Mean Time),0,0,0.064,0
Sat Nov 30 2024 18:00:00 GMT+0000 (Greenwich Mean Time),0,0,0.064,0
Sat Nov 30 2024 19:00:00 GMT+0000 (Greenwich Mean Time),0,0,0.064,0
Sat Nov 30 2024 20:00:00 GMT+0000 (Greenwich Mean Time),0,0,0.064,0
Sat Nov 30 2024 21:00:00 GMT+0000 (Greenwich Mean Time),0,0,0.064,0
Sat Nov 30 2024 22:00:00 GMT+0000 (Greenwich Mean Time),0,0,0.064,0
Sat Nov 30 2024 23:00:00 GMT+0000 (Greenwich Mean Time),0,0,0.064,0
Sun Dec 01 2024 00:00:00 GMT+0000 (Greenwich Mean Time),0,0,0.064,0
Sun Dec 01 2024 01:00:00 GMT+0000 (Greenwich Mean Time),0,0,0.064,0
Sun Dec 01 2024 02:00:00 GMT+0000 (Greenwich Mean Time),0,0,0.064,0
Sun Dec 01 2024 03:00:00 GMT+0000 (Greenwich Mean Time),0,0,0.064,0
Sun Dec 01 2024 04:00:00 GMT+0000 (Greenwich Mean Time),0,0,0.0635,39644.3026103592
Sun Dec 01 2024 05:00:00 GMT+0000 (Greenwich Mean Time),0,0,0.0635,0
Sun Dec 01 2024 06:00:00 GMT+0000 (Greenwich Mean Time),0,0,0.0734,1184149.615290604
Sun Dec 01 2024 07:00:00 GMT+0000 (Greenwich Mean Time),0,0,0.0734,0
Sun Dec 01 2024 08:00:00 GMT+0000 (Greenwich Mean Time),0,0,0.0734,0
Sun Dec 01 2024 09:00:00 GMT+0000 (Greenwich Mean Time),0,0,0.0734,0
Sun Dec 01 2024 10:00:00 GMT+0000 (Greenwich Mean Time),0,0,0.0734,0
Sun Dec 01 2024 11:00:00 GMT+0000 (Greenwich Mean Time),0,0,0.0734,0
Sun Dec 01 2024 12:00:00 GMT+0000 (Greenwich Mean Time),0,0,0.0734,0
Sun Dec 01 2024 13:00:00 GMT+0000 (Greenwich Mean Time),0,0,0.0734,0
Sun Dec 01 2024 14:00:00 GMT+0000 (Greenwich Mean Time),0,0,0.0734,0
Sun Dec 01 2024 15:00:00 GMT+0000 (Greenwich Mean Time),0,0,0.0731,19922.60525387688
Sun Dec 01 2024 16:00:00 GMT+0000 (Greenwich Mean Time),0,0,0.0731,0
Sun Dec 01 2024 17:00:00 GMT+0000 (Greenwich Mean Time),0,0,0.0731,0
Sun Dec 01 2024 18:00:00 GMT+0000 (Greenwich Mean Time),0,0,0.0731,0
Sun Dec 01 2024 19:00:00 GMT+0000 (Greenwich Mean Time),0,0,0.0731,0
Sun Dec 01 2024 20:00:00 GMT+0000 (Greenwich Mean Time),0,0,0.0731,0
Sun Dec 01 2024 21:00:00 GMT+0000 (Greenwich Mean Time),0,0,0.0731,0
Sun Dec 01 2024 22:00:00 GMT+0000 (Greenwich Mean Time),0,0,0.0731,0
Sun Dec 01 2024 23:00:00 GMT+0000 (Greenwich Mean Time),0,0,0.0731,0
Mon Dec 02 2024 00:00:00 GMT+0000 (Greenwich Mean Time),0,0,0.0731,0
Mon Dec 02 2024 01:00:00 GMT+0000 (Greenwich Mean Time),0,0,0.0731,0
Mon Dec 02 2024 02:00:00 GMT+0000 (Greenwich Mean Time),0,0,0.0731,0
Mon Dec 02 2024 03:00:00 GMT+0000 (Greenwich Mean Time),0,0,0.0731,0
Mon Dec 02 2024 04:00:00 GMT+0000 (Greenwich Mean Time),0,0,0.0731,0
Mon Dec 02 2024 05:00:00 GMT+0000 (Greenwich Mean Time),0,0,0.0731,0
Mon Dec 02 2024 06:00:00 GMT+0000 (Greenwich Mean Time),0,0,0.0731,0
Mon Dec 02 2024 07:00:00 GMT+0000 (Greenwich Mean Time),0,0,0.0731,0
Mon Dec 02 2024 08:00:00 GMT+0000 (Greenwich Mean Time),0,0,0.0731,0
Mon Dec 02 2024 09:00:00 GMT+0000 (Greenwich Mean Time),0,0,0.0731,0
Mon Dec 02 2024 10:00:00 GMT+0000 (Greenwich Mean Time),0,0,0.0731,0
Mon Dec 02 2024 11:00:00 GMT+0000 (Greenwich Mean Time),0,0,0.0731,0
Mon Dec 02 2024 12:00:00 GMT+0000 (Greenwich Mean Time),0,0,0.0731,0
Mon Dec 02 2024 13:00:00 GMT+0000 (Greenwich Mean Time),0,0,0.0731,0
Mon Dec 02 2024 14:00:00 GMT+0000 (Greenwich Mean Time),0,0,0.0731,0
Mon Dec 02 2024 15:00:00 GMT+0000 (Greenwich Mean Time),0,0,0.0731,0
Mon Dec 02 2024 16:00:00 GMT+0000 (Greenwich Mean Time),0,0,0.0731,0
Mon Dec 02 2024 17:00:00 GMT+0000 (Greenwich Mean Time),0,0,0.0731,0
Mon Dec 02 2024 18:00:00 GMT+0000 (Greenwich Mean Time),0,0,0.0731,0
Mon Dec 02 2024 19:00:00 GMT+0000 (Greenwich Mean Time),0,0,0.0731,0
Mon Dec 02 2024 20:00:00 GMT+0000 (Greenwich Mean Time),0,0,0.0731,0
Mon Dec 02 2024 21:00:00 GMT+0000 (Greenwich Mean Time),0,0,0.0731,0
Mon Dec 02 2024 22:00:00 GMT+0000 (Greenwich Mean Time),0,0,0.0731,0
Mon Dec 02 2024 23:00:00 GMT+0000 (Greenwich Mean Time),0,0,0.0731,0
Tue Dec 03 2024 00:00:00 GMT+0000 (Greenwich Mean Time),0,0,0.0731,0
Tue Dec 03 2024 01:00:00 GMT+0000 (Greenwich Mean Time),0,0,0.0731,0
Tue Dec 03 2024 02:00:00 GMT+0000 (Greenwich Mean Time),0,0,0.0731,0
Tue Dec 03 2024 03:00:00 GMT+0000 (Greenwich Mean Time),0,0,0.0731,0
Tue Dec 03 2024 04:00:00 GMT+0000 (Greenwich Mean Time),0,0,0.0731,0
Tue Dec 03 2024 05:00:00 GMT+0000 (Greenwich Mean Time),0,0,0.0731,0
Tue Dec 03 2024 06:00:00 GMT+0000 (Greenwich Mean Time),0,0,0.0731,0
Tue Dec 03 2024 07:00:00 GMT+0000 (Greenwich Mean Time),0,0,0.0731,0
Tue Dec 03 2024 08:00:00 GMT+0000 (Greenwich Mean Time),0,0,0.0731,0
Tue Dec 03 2024 09:00:00 GMT+0000 (Greenwich Mean Time),0,0,0.0731,0
Tue Dec 03 2024 10:00:00 GMT+0000 (Greenwich Mean Time),0,0,0.0731,0
Tue Dec 03 2024 11:00:00 GMT+0000 (Greenwich Mean Time),0,0,0.0731,0
Tue Dec 03 2024 12:00:00 GMT+0000 (Greenwich Mean Time),0,0,0.0693,292979.47106014105
Tue Dec 03 2024 13:00:00 GMT+0000 (Greenwich Mean Time),0,0,0.0693,0
Tue Dec 03 2024 14:00:00 GMT+0000 (Greenwich Mean Time),0,0,0.0693,0
Tue Dec 03 2024 15:00:00 GMT+0000 (Greenwich Mean Time),0,0,0.0693,0
Tue Dec 03 2024 16:00:00 GMT+0000 (Greenwich Mean Time),0,0,0.0693,0
Tue Dec 03 2024 17:00:00 GMT+0000 (Greenwich Mean Time),0,0,0.0693,0
Tue Dec 03 2024 18:00:00 GMT+0000 (Greenwich Mean Time),0,0,0.0693,0
Tue Dec 03 2024 19:00:00 GMT+0000 (Greenwich Mean Time),0,0,0.0693,0
Tue Dec 03 2024 20:00:00 GMT+0000 (Greenwich Mean Time),0,0,0.0693,0
Tue Dec 03 2024 21:00:00 GMT+0000 (Greenwich Mean Time),0,0,0.0693,0
Tue Dec 03 2024 22:00:00 GMT+0000 (Greenwich Mean Time),0,0,0.0693,0
Tue Dec 03 2024 23:00:00 GMT+0000 (Greenwich Mean Time),0,0,0.0693,0
Wed Dec 04 2024 00:00:00 GMT+0000 (Greenwich Mean Time),0,0,0.0693,0
Wed Dec 04 2024 01:00:00 GMT+0000 (Greenwich Mean Time),0,0,0.0693,0
Wed Dec 04 2024 02:00:00 GMT+0000 (Greenwich Mean Time),0,0,0.0693,0
Wed Dec 04 2024 03:00:00 GMT+0000 (Greenwich Mean Time),0,0,0.0693,0
Wed Dec 04 2024 04:00:00 GMT+0000 (Greenwich Mean Time),0,0,0.0693,0
Wed Dec 04 2024 05:00:00 GMT+0000 (Greenwich Mean Time),0,0,0.0693,0
Wed Dec 04 2024 06:00:00 GMT+0000 (Greenwich Mean Time),0,0,0.0693,0
Wed Dec 04 2024 07:00:00 GMT+0000 (Greenwich Mean Time),0,0,0.0695,34322.37639995679
Wed Dec 04 2024 08:00:00 GMT+0000 (Greenwich Mean Time),0,0,0.0695,0
Wed Dec 04 2024 09:00:00 GMT+0000 (Greenwich Mean Time),0,0,0.0695,0
Wed Dec 04 2024 10:00:00 GMT+0000 (Greenwich Mean Time),0,0,0.0695,0
Wed Dec 04 2024 11:00:00 GMT+0000 (Greenwich Mean Time),0,0,0.0695,0
Wed Dec 04 2024 12:00:00 GMT+0000 (Greenwich Mean Time),0,0,0.0695,0
Wed Dec 04 2024 13:00:00 GMT+0000 (Greenwich Mean Time),0,0,0.0695,0
Wed Dec 04 2024 14:00:00 GMT+0000 (Greenwich Mean Time),0,0,0.0695,0
Wed Dec 04 2024 15:00:00 GMT+0000 (Greenwich Mean Time),0,0,0.0695,0
Wed Dec 04 2024 16:00:00 GMT+0000 (Greenwich Mean Time),0,0,0.0695,0
Wed Dec 04 2024 17:00:00 GMT+0000 (Greenwich Mean Time),0,0,0.0695,0
Wed Dec 04 2024 18:00:00 GMT+0000 (Greenwich Mean Time),0,0,0.0695,0
Wed Dec 04 2024 19:00:00 GMT+0000 (Greenwich Mean Time),0,0,0.0695,0
Wed Dec 04 2024 20:00:00 GMT+0000 (Greenwich Mean Time),0,0,0.0695,0
Wed Dec 04 2024 21:00:00 GMT+0000 (Greenwich Mean Time),0,0,0.0695,0
Wed Dec 04 2024 22:00:00 GMT+0000 (Greenwich Mean Time),0,0,0.0695,0
Wed Dec 04 2024 23:00:00 GMT+0000 (Greenwich Mean Time),0,0,0.0695,0
Thu Dec 05 2024 00:00:00 GMT+0000 (Greenwich Mean Time),0,0,0.0695,0
Thu Dec 05 2024 01:00:00 GMT+0000 (Greenwich Mean Time),0,0,0.0695,0
Thu Dec 05 2024 02:00:00 GMT+0000 (Greenwich Mean Time),0,0,0.0695,0
Thu Dec 05 2024 03:00:00 GMT+0000 (Greenwich Mean Time),0,0,0.0695,0
Thu Dec 05 2024 04:00:00 GMT+0000 (Greenwich Mean Time),0,0,0.0695,0
Thu Dec 05 2024 05:00:00 GMT+0000 (Greenwich Mean Time),0,0,0.0695,0
Thu Dec 05 2024 06:00:00 GMT+0000 (Greenwich Mean Time),0,0,0.0695,0
Thu Dec 05 2024 07:00:00 GMT+0000 (Greenwich Mean Time),0,0,0.0695,0
Thu Dec 05 2024 08:00:00 GMT+0000 (Greenwich Mean Time),0,0,0.0695,0
Thu Dec 05 2024 09:00:00 GMT+0000 (Greenwich Mean Time),0,0,0.0695,0
Thu Dec 05 2024 10:00:00 GMT+0000 (Greenwich Mean Time),0,0,0.0695,0
Thu Dec 05 2024 11:00:00 GMT+0000 (Greenwich Mean Time),0,0,0.0695,0
Thu Dec 05 2024 12:00:00 GMT+0000 (Greenwich Mean Time),0,0,0.0695,0
Thu Dec 05 2024 13:00:00 GMT+0000 (Greenwich Mean Time),0,0,0.0695,0
Thu Dec 05 2024 14:00:00 GMT+0000 (Greenwich Mean Time),0,0,0.0695,5982.059052563472
Thu Dec 05 2024 15:00:00 GMT+0000 (Greenwich Mean Time),0,0,0.0695,0
Thu Dec 05 2024 16:00:00 GMT+0000 (Greenwich Mean Time),0,0,0.0695,0
Thu Dec 05 2024 17:00:00 GMT+0000 (Greenwich Mean Time),0,0,0.0695,0
Thu Dec 05 2024 18:00:00 GMT+0000 (Greenwich Mean Time),0,0,0.0695,0
Thu Dec 05 2024 19:00:00 GMT+0000 (Greenwich Mean Time),0,0,0.0695,0
Thu Dec 05 2024 20:00:00 GMT+0000 (Greenwich Mean Time),0,0,0.0696,1974.3815445213188
Thu Dec 05 2024 21:00:00 GMT+0000 (Greenwich Mean Time),0,0,0.0696,0
Thu Dec 05 2024 22:00:00 GMT+0000 (Greenwich Mean Time),0,0,0.0696,0
Thu Dec 05 2024 23:00:00 GMT+0000 (Greenwich Mean Time),0,0,0.0696,0
Fri Dec 06 2024 00:00:00 GMT+0000 (Greenwich Mean Time),0,0,0.0696,0
Fri Dec 06 2024 01:00:00 GMT+0000 (Greenwich Mean Time),0,0,0.0736,326063.03805932804
Fri Dec 06 2024 02:00:00 GMT+0000 (Greenwich Mean Time),0,0,0.0736,0
Fri Dec 06 2024 03:00:00 GMT+0000 (Greenwich Mean Time),0,0,0.0736,0
Fri Dec 06 2024 04:00:00 GMT+0000 (Greenwich Mean Time),0,0,0.0736,0
Fri Dec 06 2024 05:00:00 GMT+0000 (Greenwich Mean Time),0,0,0.0736,0
Fri Dec 06 2024 06:00:00 GMT+0000 (Greenwich Mean Time),0,0,0.0736,0
Fri Dec 06 2024 07:00:00 GMT+0000 (Greenwich Mean Time),0,0,0.0736,0
Fri Dec 06 2024 08:00:00 GMT+0000 (Greenwich Mean Time),0,0,0.0736,0
Fri Dec 06 2024 09:00:00 GMT+0000 (Greenwich Mean Time),0,0,0.0736,0
Fri Dec 06 2024 10:00:00 GMT+0000 (Greenwich Mean Time),0,0,0.0736,0
Fri Dec 06 2024 11:00:00 GMT+0000 (Greenwich Mean Time),0,0,0.0736,0
Fri Dec 06 2024 12:00:00 GMT+0000 (Greenwich Mean Time),0,0,0.0736,0
Fri Dec 06 2024 13:00:00 GMT+0000 (Greenwich Mean Time),0,0,0.0736,0
Fri Dec 06 2024 14:00:00 GMT+0000 (Greenwich Mean Time),0,0,0.0736,0
Fri Dec 06 2024 15:00:00 GMT+0000 (Greenwich Mean Time),0,0,0.0736,0
Fri Dec 06 2024 16:00:00 GMT+0000 (Greenwich Mean Time),0,0,0.0736,0
Fri Dec 06 2024 17:00:00 GMT+0000 (Greenwich Mean Time),0,0,0.0736,0
Fri Dec 06 2024 18:00:00 GMT+0000 (Greenwich Mean Time),0,0,0.0736,0
Fri Dec 06 2024 19:00:00 GMT+0000 (Greenwich Mean Time),0,0,0.0736,0
Fri Dec 06 2024 20:00:00 GMT+0000 (Greenwich Mean Time),0,0,0.0736,0
Fri Dec 06 2024 21:00:00 GMT+0000 (Greenwich Mean Time),0,0,0.0736,0
Fri Dec 06 2024 22:00:00 GMT+0000 (Greenwich Mean Time),0,0,0.0736,0
Fri Dec 06 2024 23:00:00 GMT+0000 (Greenwich Mean Time),0,0,0.0736,0
Sat Dec 07 2024 00:00:00 GMT+0000 (Greenwich Mean Time),0,0,0.0736,0
Sat Dec 07 2024 01:00:00 GMT+0000 (Greenwich Mean Time),0,0,0.0736,0
Sat Dec 07 2024 02:00:00 GMT+0000 (Greenwich Mean Time),0,0,0.0736,0
Sat Dec 07 2024 03:00:00 GMT+0000 (Greenwich Mean Time),0,0,0.0736,0
Sat Dec 07 2024 04:00:00 GMT+0000 (Greenwich Mean Time),0,0,0.0736,0
Sat Dec 07 2024 05:00:00 GMT+0000 (Greenwich Mean Time),0,0,0.0736,0
Sat Dec 07 2024 06:00:00 GMT+0000 (Greenwich Mean Time),0,0,0.0736,0
Sat Dec 07 2024 07:00:00 GMT+0000 (Greenwich Mean Time),0,0,0.0736,0
Sat Dec 07 2024 08:00:00 GMT+0000 (Greenwich Mean Time),0,0,0.0736,0
Sat Dec 07 2024 09:00:00 GMT+0000 (Greenwich Mean Time),0,0,0.0736,0
Sat Dec 07 2024 10:00:00 GMT+0000 (Greenwich Mean Time),0,0,0.0736,0
Sat Dec 07 2024 11:00:00 GMT+0000 (Greenwich Mean Time),0,0,0.0736,0
Sat Dec 07 2024 12:00:00 GMT+0000 (Greenwich Mean Time),0,0,0.0732,33573.18144164445
Sat Dec 07 2024 13:00:00 GMT+0000 (Greenwich Mean Time),0,0,0.0732,0
Sat Dec 07 2024 14:00:00 GMT+0000 (Greenwich Mean Time),0,0,0.0732,0
Sat Dec 07 2024 15:00:00 GMT+0000 (Greenwich Mean Time),0,0,0.0732,0
Sat Dec 07 2024 16:00:00 GMT+0000 (Greenwich Mean Time),0,0,0.0732,0
Sat Dec 07 2024 17:00:00 GMT+0000 (Greenwich Mean Time),0,0,0.0732,0
Sat Dec 07 2024 18:00:00 GMT+0000 (Greenwich Mean Time),0,0,0.0732,0
Sat Dec 07 2024 19:00:00 GMT+0000 (Greenwich Mean Time),0,0,0.0732,0
Sat Dec 07 2024 20:00:00 GMT+0000 (Greenwich Mean Time),0,0,0.0732,0
Sat Dec 07 2024 21:00:00 GMT+0000 (Greenwich Mean Time),0,0,0.0732,0
Sat Dec 07 2024 22:00:00 GMT+0000 (Greenwich Mean Time),0,0,0.0732,0
Sat Dec 07 2024 23:00:00 GMT+0000 (Greenwich Mean Time),0,0,0.0732,0
Sun Dec 08 2024 00:00:00 GMT+0000 (Greenwich Mean Time),0,0,0.0732,0
Sun Dec 08 2024 01:00:00 GMT+0000 (Greenwich Mean Time),0,0,0.0732,0
Sun Dec 08 2024 02:00:00 GMT+0000 (Greenwich Mean Time),0,0,0.0732,2468.4818688312685
Sun Dec 08 2024 03:00:00 GMT+0000 (Greenwich Mean Time),0,0,0.0732,0
Sun Dec 08 2024 04:00:00 GMT+0000 (Greenwich Mean Time),0,0,0.0732,0
Sun Dec 08 2024 05:00:00 GMT+0000 (Greenwich Mean Time),0,0,0.0732,0
Sun Dec 08 2024 06:00:00 GMT+0000 (Greenwich Mean Time),0,0,0.0732,0
Sun Dec 08 2024 07:00:00 GMT+0000 (Greenwich Mean Time),0,0,0.0733,11423.128971410495
Sun Dec 08 2024 08:00:00 GMT+0000 (Greenwich Mean Time),0,0,0.0733,0
Sun Dec 08 2024 09:00:00 GMT+0000 (Greenwich Mean Time),0,0,0.0733,0
Sun Dec 08 2024 10:00:00 GMT+0000 (Greenwich Mean Time),0,0,0.0734,6060.325041179323
Sun Dec 08 2024 11:00:00 GMT+0000 (Greenwich Mean Time),0,0,0.0734,0
Sun Dec 08 2024 12:00:00 GMT+0000 (Greenwich Mean Time),0,0,0.0734,0
Sun Dec 08 2024 13:00:00 GMT+0000 (Greenwich Mean Time),0,0,0.0734,0
Sun Dec 08 2024 14:00:00 GMT+0000 (Greenwich Mean Time),0,0,0.0734,0
Sun Dec 08 2024 15:00:00 GMT+0000 (Greenwich Mean Time),0,0,0.0734,0
Sun Dec 08 2024 16:00:00 GMT+0000 (Greenwich Mean Time),0,0,0.0734,0
Sun Dec 08 2024 17:00:00 GMT+0000 (Greenwich Mean Time),0,0,0.0734,0
Sun Dec 08 2024 18:00:00 GMT+0000 (Greenwich Mean Time),0,0,0.0734,0
Sun Dec 08 2024 19:00:00 GMT+0000 (Greenwich Mean Time),0,0,0.0734,0
Sun Dec 08 2024 20:00:00 GMT+0000 (Greenwich Mean Time),0,0,0.0734,0
Sun Dec 08 2024 21:00:00 GMT+0000 (Greenwich Mean Time),0,0,0.0718,133719.85046955975
Sun Dec 08 2024 22:00:00 GMT+0000 (Greenwich Mean Time),0,0,0.0718,0
Sun Dec 08 2024 23:00:00 GMT+0000 (Greenwich Mean Time),0,0,0.0718,0
Mon Dec 09 2024 00:00:00 GMT+0000 (Greenwich Mean Time),0,0,0.0718,0
Mon Dec 09 2024 01:00:00 GMT+0000 (Greenwich Mean Time),0,0,0.0718,0
Mon Dec 09 2024 02:00:00 GMT+0000 (Greenwich Mean Time),0,0,0.0718,0
Mon Dec 09 2024 03:00:00 GMT+0000 (Greenwich Mean Time),0,0,0.0718,0
Mon Dec 09 2024 04:00:00 GMT+0000 (Greenwich Mean Time),0,0,0.0718,0
Mon Dec 09 2024 05:00:00 GMT+0000 (Greenwich Mean Time),0,0,0.0718,0
Mon Dec 09 2024 06:00:00 GMT+0000 (Greenwich Mean Time),0,0,0.0718,0
Mon Dec 09 2024 07:00:00 GMT+0000 (Greenwich Mean Time),0,0,0.0729,86636.2668967159
Mon Dec 09 2024 08:00:00 GMT+0000 (Greenwich Mean Time),0,0,0.0729,0
Mon Dec 09 2024 09:00:00 GMT+0000 (Greenwich Mean Time),0,0,0.0729,0
Mon Dec 09 2024 10:00:00 GMT+0000 (Greenwich Mean Time),0,0,0.0729,0
Mon Dec 09 2024 11:00:00 GMT+0000 (Greenwich Mean Time),0,0,0.0733,35703.01339716824
Mon Dec 09 2024 12:00:00 GMT+0000 (Greenwich Mean Time),0,0,0.0733,0
Mon Dec 09 2024 13:00:00 GMT+0000 (Greenwich Mean Time),0,0,0.0733,0
Mon Dec 09 2024 14:00:00 GMT+0000 (Greenwich Mean Time),0,0,0.0733,0
Mon Dec 09 2024 15:00:00 GMT+0000 (Greenwich Mean Time),0,0,0.0733,0
Mon Dec 09 2024 16:00:00 GMT+0000 (Greenwich Mean Time),0,0,0.0733,0
Mon Dec 09 2024 17:00:00 GMT+0000 (Greenwich Mean Time),0,0,0.0733,0
Mon Dec 09 2024 18:00:00 GMT+0000 (Greenwich Mean Time),0,0,0.0733,0
Mon Dec 09 2024 19:00:00 GMT+0000 (Greenwich Mean Time),0,0,0.0733,0
Mon Dec 09 2024 20:00:00 GMT+0000 (Greenwich Mean Time),0,0,0.0733,0
Mon Dec 09 2024 21:00:00 GMT+0000 (Greenwich Mean Time),0,0,0.0733,0
Mon Dec 09 2024 22:00:00 GMT+0000 (Greenwich Mean Time),0,0,0.0733,0
Mon Dec 09 2024 23:00:00 GMT+0000 (Greenwich Mean Time),0,0,0.0733,0
Tue Dec 10 2024 00:00:00 GMT+0000 (Greenwich Mean Time),0,0,0.0733,0
Tue Dec 10 2024 01:00:00 GMT+0000 (Greenwich Mean Time),0,0,0.0733,0
Tue Dec 10 2024 02:00:00 GMT+0000 (Greenwich Mean Time),0,0,0.0733,0
Tue Dec 10 2024 03:00:00 GMT+0000 (Greenwich Mean Time),0,0,0.0733,0
Tue Dec 10 2024 04:00:00 GMT+0000 (Greenwich Mean Time),0,0,0.0735,16423.499535627936
Tue Dec 10 2024 05:00:00 GMT+0000 (Greenwich Mean Time),0,0,0.0735,0
Tue Dec 10 2024 06:00:00 GMT+0000 (Greenwich Mean Time),0,0,0.0735,0
Tue Dec 10 2024 07:00:00 GMT+0000 (Greenwich Mean Time),0,0,0.0735,0
Tue Dec 10 2024 08:00:00 GMT+0000 (Greenwich Mean Time),0,0,0.0735,0
Tue Dec 10 2024 09:00:00 GMT+0000 (Greenwich Mean Time),0,0,0.0735,0
Tue Dec 10 2024 10:00:00 GMT+0000 (Greenwich Mean Time),0,0,0.0735,0
Tue Dec 10 2024 11:00:00 GMT+0000 (Greenwich Mean Time),0,0,0.0735,0
Tue Dec 10 2024 12:00:00 GMT+0000 (Greenwich Mean Time),0,0,0.0735,0
Tue Dec 10 2024 13:00:00 GMT+0000 (Greenwich Mean Time),0,0,0.0735,0
Tue Dec 10 2024 14:00:00 GMT+0000 (Greenwich Mean Time),0,0,0.0735,0
Tue Dec 10 2024 15:00:00 GMT+0000 (Greenwich Mean Time),0,0,0.0735,0
Tue Dec 10 2024 16:00:00 GMT+0000 (Greenwich Mean Time),0,0,0.0735,0
Tue Dec 10 2024 17:00:00 GMT+0000 (Greenwich Mean Time),0,0,0.0735,0
Tue Dec 10 2024 18:00:00 GMT+0000 (Greenwich Mean Time),0,0,0.0735,0
Tue Dec 10 2024 19:00:00 GMT+0000 (Greenwich Mean Time),0,0,0.0735,0
Tue Dec 10 2024 20:00:00 GMT+0000 (Greenwich Mean Time),0,0,0.0735,0
Tue Dec 10 2024 21:00:00 GMT+0000 (Greenwich Mean Time),0,0,0.0735,0
Tue Dec 10 2024 22:00:00 GMT+0000 (Greenwich Mean Time),0,0,0.074,36650.89699819508
Tue Dec 10 2024 23:00:00 GMT+0000 (Greenwich Mean Time),0,0,0.074,0
Wed Dec 11 2024 00:00:00 GMT+0000 (Greenwich Mean Time),0,0,0.074,0
Wed Dec 11 2024 01:00:00 GMT+0000 (Greenwich Mean Time),0,0,0.074,0
Wed Dec 11 2024 02:00:00 GMT+0000 (Greenwich Mean Time),0,0,0.074,1060.313226231987
Wed Dec 11 2024 03:00:00 GMT+0000 (Greenwich Mean Time),0,0,0.074,0
Wed Dec 11 2024 04:00:00 GMT+0000 (Greenwich Mean Time),0,0,0.074,0
Wed Dec 11 2024 05:00:00 GMT+0000 (Greenwich Mean Time),0,0,0.074,0
Wed Dec 11 2024 06:00:00 GMT+0000 (Greenwich Mean Time),0,0,0.0739,9210.994788067404
Wed Dec 11 2024 07:00:00 GMT+0000 (Greenwich Mean Time),0,0,0.0739,0
Wed Dec 11 2024 08:00:00 GMT+0000 (Greenwich Mean Time),0,0,0.0739,0
Wed Dec 11 2024 09:00:00 GMT+0000 (Greenwich Mean Time),0,0,0.074,11738.185648668159
Wed Dec 11 2024 10:00:00 GMT+0000 (Greenwich Mean Time),0,0,0.074,0
Wed Dec 11 2024 11:00:00 GMT+0000 (Greenwich Mean Time),0,0,0.074,0
Wed Dec 11 2024 12:00:00 GMT+0000 (Greenwich Mean Time),0,0,0.074,0
Wed Dec 11 2024 13:00:00 GMT+0000 (Greenwich Mean Time),0,0,0.074,0
Wed Dec 11 2024 14:00:00 GMT+0000 (Greenwich Mean Time),0,0,0.074,0
Wed Dec 11 2024 15:00:00 GMT+0000 (Greenwich Mean Time),0,0,0.074,0
Wed Dec 11 2024 16:00:00 GMT+0000 (Greenwich Mean Time),0,0,0.074,0
Wed Dec 11 2024 17:00:00 GMT+0000 (Greenwich Mean Time),0,0,0.074,0
Wed Dec 11 2024 18:00:00 GMT+0000 (Greenwich Mean Time),0,0,0.074,0
Wed Dec 11 2024 19:00:00 GMT+0000 (Greenwich Mean Time),0,0,0.074,0
Wed Dec 11 2024 20:00:00 GMT+0000 (Greenwich Mean Time),0,0,0.074,0
Wed Dec 11 2024 21:00:00 GMT+0000 (Greenwich Mean Time),0,0,0.074,0
Wed Dec 11 2024 22:00:00 GMT+0000 (Greenwich Mean Time),0,0,0.074,0
Wed Dec 11 2024 23:00:00 GMT+0000 (Greenwich Mean Time),0,0,0.0757,136898.3804971811
Thu Dec 12 2024 00:00:00 GMT+0000 (Greenwich Mean Time),0,0,0.0757,0
Thu Dec 12 2024 01:00:00 GMT+0000 (Greenwich Mean Time),0,0,0.0757,0
Thu Dec 12 2024 02:00:00 GMT+0000 (Greenwich Mean Time),0,0,0.0757,0
Thu Dec 12 2024 03:00:00 GMT+0000 (Greenwich Mean Time),0,0,0.0757,0
Thu Dec 12 2024 04:00:00 GMT+0000 (Greenwich Mean Time),0,0,0.0757,0
Thu Dec 12 2024 05:00:00 GMT+0000 (Greenwich Mean Time),0,0,0.0757,0
Thu Dec 12 2024 06:00:00 GMT+0000 (Greenwich Mean Time),0,0,0.0757,0
Thu Dec 12 2024 07:00:00 GMT+0000 (Greenwich Mean Time),0,0,0.0757,0
Thu Dec 12 2024 08:00:00 GMT+0000 (Greenwich Mean Time),0,0,0.0757,0
Thu Dec 12 2024 09:00:00 GMT+0000 (Greenwich Mean Time),0,0,0.0757,0
Thu Dec 12 2024 10:00:00 GMT+0000 (Greenwich Mean Time),0,0,0.0757,0
Thu Dec 12 2024 11:00:00 GMT+0000 (Greenwich Mean Time),0,0,0.0757,0
Thu Dec 12 2024 12:00:00 GMT+0000 (Greenwich Mean Time),0,0,0.0757,0
Thu Dec 12 2024 13:00:00 GMT+0000 (Greenwich Mean Time),0,0,0.0757,0
Thu Dec 12 2024 14:00:00 GMT+0000 (Greenwich Mean Time),0,0,0.0757,0
Thu Dec 12 2024 15:00:00 GMT+0000 (Greenwich Mean Time),0,0,0.0757,0
Thu Dec 12 2024 16:00:00 GMT+0000 (Greenwich Mean Time),0,0,0.0757,0
Thu Dec 12 2024 17:00:00 GMT+0000 (Greenwich Mean Time),0,0,0.0757,0
Thu Dec 12 2024 18:00:00 GMT+0000 (Greenwich Mean Time),0,0,0.0757,0
Thu Dec 12 2024 19:00:00 GMT+0000 (Greenwich Mean Time),0,0,0.0757,0
Thu Dec 12 2024 20:00:00 GMT+0000 (Greenwich Mean Time),0,0,0.0757,0
Thu Dec 12 2024 21:00:00 GMT+0000 (Greenwich Mean Time),0,0,0.0757,0
Thu Dec 12 2024 22:00:00 GMT+0000 (Greenwich Mean Time),0,0,0.0757,0
Thu Dec 12 2024 23:00:00 GMT+0000 (Greenwich Mean Time),0,0,0.0757,0
Fri Dec 13 2024 00:00:00 GMT+0000 (Greenwich Mean Time),0,0,0.0757,0
Fri Dec 13 2024 01:00:00 GMT+0000 (Greenwich Mean Time),0,0,0.0757,0
Fri Dec 13 2024 02:00:00 GMT+0000 (Greenwich Mean Time),0,0,0.0757,310.3893405297243
Fri Dec 13 2024 03:00:00 GMT+0000 (Greenwich Mean Time),0,0,0.0757,0
Fri Dec 13 2024 04:00:00 GMT+0000 (Greenwich Mean Time),0,0,0.0757,0
Fri Dec 13 2024 05:00:00 GMT+0000 (Greenwich Mean Time),0,0,0.0757,0
Fri Dec 13 2024 06:00:00 GMT+0000 (Greenwich Mean Time),0,0,0.0757,0
Fri Dec 13 2024 07:00:00 GMT+0000 (Greenwich Mean Time),0,0,0.0757,0
Fri Dec 13 2024 08:00:00 GMT+0000 (Greenwich Mean Time),0,0,0.0757,0
Fri Dec 13 2024 09:00:00 GMT+0000 (Greenwich Mean Time),0,0,0.0757,0
Fri Dec 13 2024 10:00:00 GMT+0000 (Greenwich Mean Time),0,0,0.0757,0
Fri Dec 13 2024 11:00:00 GMT+0000 (Greenwich Mean Time),0,0,0.0757,0
Fri Dec 13 2024 12:00:00 GMT+0000 (Greenwich Mean Time),0,0,0.0757,0
Fri Dec 13 2024 13:00:00 GMT+0000 (Greenwich Mean Time),0,0,0.0757,0
Fri Dec 13 2024 14:00:00 GMT+0000 (Greenwich Mean Time),0,0,0.0757,0
Fri Dec 13 2024 15:00:00 GMT+0000 (Greenwich Mean Time),0,0,0.0757,0
Fri Dec 13 2024 16:00:00 GMT+0000 (Greenwich Mean Time),0,0,0.0757,0
Fri Dec 13 2024 17:00:00 GMT+0000 (Greenwich Mean Time),0,0,0.0757,0
Fri Dec 13 2024 18:00:00 GMT+0000 (Greenwich Mean Time),0,0,0.0757,0
Fri Dec 13 2024 19:00:00 GMT+0000 (Greenwich Mean Time),0,0,0.0757,0
Fri Dec 13 2024 20:00:00 GMT+0000 (Greenwich Mean Time),0,0,0.0757,0
Fri Dec 13 2024 21:00:00 GMT+0000 (Greenwich Mean Time),0,0,0.0757,0
Fri Dec 13 2024 22:00:00 GMT+0000 (Greenwich Mean Time),0,0,0.0757,0
Fri Dec 13 2024 23:00:00 GMT+0000 (Greenwich Mean Time),0,0,0.0757,0
Sat Dec 14 2024 00:00:00 GMT+0000 (Greenwich Mean Time),0,0,0.0757,0
Sat Dec 14 2024 01:00:00 GMT+0000 (Greenwich Mean Time),0,0,0.0757,0
Sat Dec 14 2024 02:00:00 GMT+0000 (Greenwich Mean Time),0,0,0.0757,0
Sat Dec 14 2024 03:00:00 GMT+0000 (Greenwich Mean Time),0,0,0.0757,0
Sat Dec 14 2024 04:00:00 GMT+0000 (Greenwich Mean Time),0,0,0.0757,0
Sat Dec 14 2024 05:00:00 GMT+0000 (Greenwich Mean Time),0,0,0.0757,0
Sat Dec 14 2024 06:00:00 GMT+0000 (Greenwich Mean Time),0,0,0.0757,0
Sat Dec 14 2024 07:00:00 GMT+0000 (Greenwich Mean Time),0,0,0.0757,0
Sat Dec 14 2024 08:00:00 GMT+0000 (Greenwich Mean Time),0,0,0.0757,0
Sat Dec 14 2024 09:00:00 GMT+0000 (Greenwich Mean Time),0,0,0.0757,0
Sat Dec 14 2024 10:00:00 GMT+0000 (Greenwich Mean Time),0,0,0.0757,0
Sat Dec 14 2024 11:00:00 GMT+0000 (Greenwich Mean Time),0,0,0.0757,0
Sat Dec 14 2024 12:00:00 GMT+0000 (Greenwich Mean Time),0,0,0.0757,0
Sat Dec 14 2024 13:00:00 GMT+0000 (Greenwich Mean Time),0,0,0.0757,0
Sat Dec 14 2024 14:00:00 GMT+0000 (Greenwich Mean Time),0,0,0.0757,0
Sat Dec 14 2024 15:00:00 GMT+0000 (Greenwich Mean Time),0,0,0.0757,0
Sat Dec 14 2024 16:00:00 GMT+0000 (Greenwich Mean Time),0,0,0.0757,0
Sat Dec 14 2024 17:00:00 GMT+0000 (Greenwich Mean Time),0,0,0.0757,0
Sat Dec 14 2024 18:00:00 GMT+0000 (Greenwich Mean Time),0,0,0.0757,0
Sat Dec 14 2024 19:00:00 GMT+0000 (Greenwich Mean Time),0,0,0.0757,0
Sat Dec 14 2024 20:00:00 GMT+0000 (Greenwich Mean Time),0,0,0.0757,0
Sat Dec 14 2024 21:00:00 GMT+0000 (Greenwich Mean Time),0,0,0.0757,0
Sat Dec 14 2024 22:00:00 GMT+0000 (Greenwich Mean Time),0,0,0.0757,0
Sat Dec 14 2024 23:00:00 GMT+0000 (Greenwich Mean Time),0,0,0.0757,0
Sun Dec 15 2024 00:00:00 GMT+0000 (Greenwich Mean Time),0,0,0.0757,306.51969478801084
Sun Dec 15 2024 01:00:00 GMT+0000 (Greenwich Mean Time),0,0,0.0757,0
Sun Dec 15 2024 02:00:00 GMT+0000 (Greenwich Mean Time),0,0,0.0757,0
Sun Dec 15 2024 03:00:00 GMT+0000 (Greenwich Mean Time),0,0,0.0755,18470.518782731622
Sun Dec 15 2024 04:00:00 GMT+0000 (Greenwich Mean Time),0,0,0.0755,0
Sun Dec 15 2024 05:00:00 GMT+0000 (Greenwich Mean Time),0,0,0.0747,90962.03683307397
Sun Dec 15 2024 06:00:00 GMT+0000 (Greenwich Mean Time),0,0,0.0747,0
Sun Dec 15 2024 07:00:00 GMT+0000 (Greenwich Mean Time),0,0,0.0747,242.46424235883734
Sun Dec 15 2024 08:00:00 GMT+0000 (Greenwich Mean Time),0,0,0.0747,0
Sun Dec 15 2024 09:00:00 GMT+0000 (Greenwich Mean Time),0,0,0.0747,0
Sun Dec 15 2024 10:00:00 GMT+0000 (Greenwich Mean Time),0,0,0.0747,0
Sun Dec 15 2024 11:00:00 GMT+0000 (Greenwich Mean Time),0,0,0.0747,0
Sun Dec 15 2024 12:00:00 GMT+0000 (Greenwich Mean Time),0,0,0.0747,0
Sun Dec 15 2024 13:00:00 GMT+0000 (Greenwich Mean Time),0,0,0.0747,0
Sun Dec 15 2024 14:00:00 GMT+0000 (Greenwich Mean Time),0,0,0.0747,0
Sun Dec 15 2024 15:00:00 GMT+0000 (Greenwich Mean Time),0,0,0.0747,0
Sun Dec 15 2024 16:00:00 GMT+0000 (Greenwich Mean Time),0,0,0.0747,0
Sun Dec 15 2024 17:00:00 GMT+0000 (Greenwich Mean Time),0,0,0.0747,0
Sun Dec 15 2024 18:00:00 GMT+0000 (Greenwich Mean Time),0,0,0.0747,0
Sun Dec 15 2024 19:00:00 GMT+0000 (Greenwich Mean Time),0,0,0.0747,0
Sun Dec 15 2024 20:00:00 GMT+0000 (Greenwich Mean Time),0,0,0.0747,0
Sun Dec 15 2024 21:00:00 GMT+0000 (Greenwich Mean Time),0,0,0.0747,0
Sun Dec 15 2024 22:00:00 GMT+0000 (Greenwich Mean Time),0,0,0.0747,0
Sun Dec 15 2024 23:00:00 GMT+0000 (Greenwich Mean Time),0,0,0.0747,0
Mon Dec 16 2024 00:00:00 GMT+0000 (Greenwich Mean Time),0,0,0.0747,0
Mon Dec 16 2024 01:00:00 GMT+0000 (Greenwich Mean Time),0,0,0.0747,0
Mon Dec 16 2024 02:00:00 GMT+0000 (Greenwich Mean Time),0,0,0.0747,0
Mon Dec 16 2024 03:00:00 GMT+0000 (Greenwich Mean Time),0,0,0.0747,0
Mon Dec 16 2024 04:00:00 GMT+0000 (Greenwich Mean Time),0,0,0.0747,0
Mon Dec 16 2024 05:00:00 GMT+0000 (Greenwich Mean Time),0,0,0.0747,0
Mon Dec 16 2024 06:00:00 GMT+0000 (Greenwich Mean Time),0,0,0.0747,0
Mon Dec 16 2024 07:00:00 GMT+0000 (Greenwich Mean Time),0,0,0.0747,0
Mon Dec 16 2024 08:00:00 GMT+0000 (Greenwich Mean Time),0,0,0.0747,0
Mon Dec 16 2024 09:00:00 GMT+0000 (Greenwich Mean Time),0,0,0.0747,0
Mon Dec 16 2024 10:00:00 GMT+0000 (Greenwich Mean Time),0,0,0.0747,0
Mon Dec 16 2024 11:00:00 GMT+0000 (Greenwich Mean Time),0,0,0.0747,0
Mon Dec 16 2024 12:00:00 GMT+0000 (Greenwich Mean Time),0,0,0.0747,0
Mon Dec 16 2024 13:00:00 GMT+0000 (Greenwich Mean Time),0,0,0.0747,0
Mon Dec 16 2024 14:00:00 GMT+0000 (Greenwich Mean Time),0,0,0.0747,0
Mon Dec 16 2024 15:00:00 GMT+0000 (Greenwich Mean Time),0,0,0.0747,0
Mon Dec 16 2024 16:00:00 GMT+0000 (Greenwich Mean Time),0,0,0.0747,0
Mon Dec 16 2024 17:00:00 GMT+0000 (Greenwich Mean Time),0,0,0.0747,0
Mon Dec 16 2024 18:00:00 GMT+0000 (Greenwich Mean Time),0,0,0.0747,0
Mon Dec 16 2024 19:00:00 GMT+0000 (Greenwich Mean Time),0,0,0.0747,0
Mon Dec 16 2024 20:00:00 GMT+0000 (Greenwich Mean Time),0,0,0.0747,0
Mon Dec 16 2024 21:00:00 GMT+0000 (Greenwich Mean Time),0,0,0.0747,0
Mon Dec 16 2024 22:00:00 GMT+0000 (Greenwich Mean Time),0,0,0.0747,0
Mon Dec 16 2024 23:00:00 GMT+0000 (Greenwich Mean Time),0,0,0.0747,0
Tue Dec 17 2024 00:00:00 GMT+0000 (Greenwich Mean Time),0,0,0.0747,0
Tue Dec 17 2024 01:00:00 GMT+0000 (Greenwich Mean Time),0,0,0.0747,0
Tue Dec 17 2024 02:00:00 GMT+0000 (Greenwich Mean Time),0,0,0.0747,0
Tue Dec 17 2024 03:00:00 GMT+0000 (Greenwich Mean Time),0,0,0.0747,0
Tue Dec 17 2024 04:00:00 GMT+0000 (Greenwich Mean Time),0,0,0.0747,0
Tue Dec 17 2024 05:00:00 GMT+0000 (Greenwich Mean Time),0,0,0.0747,0
Tue Dec 17 2024 06:00:00 GMT+0000 (Greenwich Mean Time),0,0,0.0747,0
Tue Dec 17 2024 07:00:00 GMT+0000 (Greenwich Mean Time),0,0,0.0747,0
Tue Dec 17 2024 08:00:00 GMT+0000 (Greenwich Mean Time),0,0,0.0747,0
Tue Dec 17 2024 09:00:00 GMT+0000 (Greenwich Mean Time),0,0,0.0747,0
Tue Dec 17 2024 10:00:00 GMT+0000 (Greenwich Mean Time),0,0,0.0747,0
Tue Dec 17 2024 11:00:00 GMT+0000 (Greenwich Mean Time),0,0,0.0747,0
Tue Dec 17 2024 12:00:00 GMT+0000 (Greenwich Mean Time),0,0,0.0747,0
Tue Dec 17 2024 13:00:00 GMT+0000 (Greenwich Mean Time),0,0,0.0747,0
Tue Dec 17 2024 14:00:00 GMT+0000 (Greenwich Mean Time),0,0,0.0747,0
Tue Dec 17 2024 15:00:00 GMT+0000 (Greenwich Mean Time),0,0,0.0747,0
Tue Dec 17 2024 16:00:00 GMT+0000 (Greenwich Mean Time),0,0,0.0747,0
Tue Dec 17 2024 17:00:00 GMT+0000 (Greenwich Mean Time),0,0,0.0747,0
Tue Dec 17 2024 18:00:00 GMT+0000 (Greenwich Mean Time),0,0,0.0747,0
Tue Dec 17 2024 19:00:00 GMT+0000 (Greenwich Mean Time),0,0,0.0747,632.4948510715349
Tue Dec 17 2024 20:00:00 GMT+0000 (Greenwich Mean Time),0,0,0.0747,0
Tue Dec 17 2024 21:00:00 GMT+0000 (Greenwich Mean Time),0,0,0.0747,0
Tue Dec 17 2024 22:00:00 GMT+0000 (Greenwich Mean Time),0,0,0.0747,0
Tue Dec 17 2024 23:00:00 GMT+0000 (Greenwich Mean Time),0,0,0.0747,0
Wed Dec 18 2024 00:00:00 GMT+0000 (Greenwich Mean Time),0,0,0.0747,0
Wed Dec 18 2024 01:00:00 GMT+0000 (Greenwich Mean Time),0,0,0.0747,0
Wed Dec 18 2024 02:00:00 GMT+0000 (Greenwich Mean Time),0,0,0.0747,0
Wed Dec 18 2024 03:00:00 GMT+0000 (Greenwich Mean Time),0,0,0.0747,0
Wed Dec 18 2024 04:00:00 GMT+0000 (Greenwich Mean Time),0,0,0.0747,0
Wed Dec 18 2024 05:00:00 GMT+0000 (Greenwich Mean Time),0,0,0.0747,0
Wed Dec 18 2024 06:00:00 GMT+0000 (Greenwich Mean Time),0,0,0.0747,0
Wed Dec 18 2024 07:00:00 GMT+0000 (Greenwich Mean Time),0,0,0.0747,0
Wed Dec 18 2024 08:00:00 GMT+0000 (Greenwich Mean Time),0,0,0.0747,0
Wed Dec 18 2024 09:00:00 GMT+0000 (Greenwich Mean Time),0,0,0.0747,0
Wed Dec 18 2024 10:00:00 GMT+0000 (Greenwich Mean Time),0,0,0.0747,0
Wed Dec 18 2024 11:00:00 GMT+0000 (Greenwich Mean Time),0,0,0.0747,0
Wed Dec 18 2024 12:00:00 GMT+0000 (Greenwich Mean Time),0,0,0.0747,0
Wed Dec 18 2024 13:00:00 GMT+0000 (Greenwich Mean Time),0,0,0.0747,0
Wed Dec 18 2024 14:00:00 GMT+0000 (Greenwich Mean Time),0,0,0.0747,0
Wed Dec 18 2024 15:00:00 GMT+0000 (Greenwich Mean Time),0,0,0.0747,0
Wed Dec 18 2024 16:00:00 GMT+0000 (Greenwich Mean Time),0,0,0.0747,0
Wed Dec 18 2024 17:00:00 GMT+0000 (Greenwich Mean Time),0,0,0.0747,0
Wed Dec 18 2024 18:00:00 GMT+0000 (Greenwich Mean Time),0,0,0.0747,0
Wed Dec 18 2024 19:00:00 GMT+0000 (Greenwich Mean Time),0,0,0.0747,0
Wed Dec 18 2024 20:00:00 GMT+0000 (Greenwich Mean Time),0,0,0.0747,0
Wed Dec 18 2024 21:00:00 GMT+0000 (Greenwich Mean Time),0,0,0.0747,0
Wed Dec 18 2024 22:00:00 GMT+0000 (Greenwich Mean Time),0,0,0.0747,0
Wed Dec 18 2024 23:00:00 GMT+0000 (Greenwich Mean Time),0,0,0.0747,0
Thu Dec 19 2024 00:00:00 GMT+0000 (Greenwich Mean Time),0,0,0.0747,0
Thu Dec 19 2024 01:00:00 GMT+0000 (Greenwich Mean Time),0,0,0.0747,0
Thu Dec 19 2024 02:00:00 GMT+0000 (Greenwich Mean Time),0,0,0.0747,0
Thu Dec 19 2024 03:00:00 GMT+0000 (Greenwich Mean Time),0,0,0.0747,0
Thu Dec 19 2024 04:00:00 GMT+0000 (Greenwich Mean Time),0,0,0.0747,0
Thu Dec 19 2024 05:00:00 GMT+0000 (Greenwich Mean Time),0,0,0.0747,0
Thu Dec 19 2024 06:00:00 GMT+0000 (Greenwich Mean Time),0,0,0.0747,0
Thu Dec 19 2024 07:00:00 GMT+0000 (Greenwich Mean Time),0,0,0.0747,0
Thu Dec 19 2024 08:00:00 GMT+0000 (Greenwich Mean Time),0,0,0.0747,0
Thu Dec 19 2024 09:00:00 GMT+0000 (Greenwich Mean Time),0,0,0.0761,108846.28382515947
Thu Dec 19 2024 10:00:00 GMT+0000 (Greenwich Mean Time),0,0,0.0761,0
Thu Dec 19 2024 11:00:00 GMT+0000 (Greenwich Mean Time),0,0,0.0761,0
Thu Dec 19 2024 12:00:00 GMT+0000 (Greenwich Mean Time),0,0,0.0761,0
Thu Dec 19 2024 13:00:00 GMT+0000 (Greenwich Mean Time),0,0,0.0761,0
Thu Dec 19 2024 14:00:00 GMT+0000 (Greenwich Mean Time),0,0,0.0761,0
Thu Dec 19 2024 15:00:00 GMT+0000 (Greenwich Mean Time),0,0,0.0761,0
Thu Dec 19 2024 16:00:00 GMT+0000 (Greenwich Mean Time),0,0,0.0761,0
Thu Dec 19 2024 17:00:00 GMT+0000 (Greenwich Mean Time),0,0,0.0761,0
Thu Dec 19 2024 18:00:00 GMT+0000 (Greenwich Mean Time),0,0,0.0761,0
Thu Dec 19 2024 19:00:00 GMT+0000 (Greenwich Mean Time),0,0,0.0761,0
Thu Dec 19 2024 20:00:00 GMT+0000 (Greenwich Mean Time),0,0,0.0761,0
Thu Dec 19 2024 21:00:00 GMT+0000 (Greenwich Mean Time),0,0,0.0761,0
Thu Dec 19 2024 22:00:00 GMT+0000 (Greenwich Mean Time),0,0,0.0761,0
Thu Dec 19 2024 23:00:00 GMT+0000 (Greenwich Mean Time),0,0,0.0762,4670.713303449962
Fri Dec 20 2024 00:00:00 GMT+0000 (Greenwich Mean Time),0,0,0.0762,0
Fri Dec 20 2024 01:00:00 GMT+0000 (Greenwich Mean Time),0,0,0.0762,0
Fri Dec 20 2024 02:00:00 GMT+0000 (Greenwich Mean Time),0,0,0.0762,0
Fri Dec 20 2024 03:00:00 GMT+0000 (Greenwich Mean Time),0,0,0.0762,0
Fri Dec 20 2024 04:00:00 GMT+0000 (Greenwich Mean Time),0,0,0.0762,0
Fri Dec 20 2024 05:00:00 GMT+0000 (Greenwich Mean Time),0,0,0.0762,0
Fri Dec 20 2024 06:00:00 GMT+0000 (Greenwich Mean Time),0,0,0.0762,0
Fri Dec 20 2024 07:00:00 GMT+0000 (Greenwich Mean Time),0,0,0.0762,0
Fri Dec 20 2024 08:00:00 GMT+0000 (Greenwich Mean Time),0,0,0.0762,0
Fri Dec 20 2024 09:00:00 GMT+0000 (Greenwich Mean Time),0,0,0.0762,0
Fri Dec 20 2024 10:00:00 GMT+0000 (Greenwich Mean Time),0,0,0.0762,0
Fri Dec 20 2024 11:00:00 GMT+0000 (Greenwich Mean Time),0,0,0.0762,0
Fri Dec 20 2024 12:00:00 GMT+0000 (Greenwich Mean Time),0,0,0.0762,0
Fri Dec 20 2024 13:00:00 GMT+0000 (Greenwich Mean Time),0,0,0.0762,0
Fri Dec 20 2024 14:00:00 GMT+0000 (Greenwich Mean Time),0,0,0.0762,0
Fri Dec 20 2024 15:00:00 GMT+0000 (Greenwich Mean Time),0,0,0.0762,0
Fri Dec 20 2024 16:00:00 GMT+0000 (Greenwich Mean Time),0,0,0.0762,0
Fri Dec 20 2024 17:00:00 GMT+0000 (Greenwich Mean Time),0,0,0.0762,0
Fri Dec 20 2024 18:00:00 GMT+0000 (Greenwich Mean Time),0,0,0.0762,0
Fri Dec 20 2024 19:00:00 GMT+0000 (Greenwich Mean Time),0,0,0.0762,0
Fri Dec 20 2024 20:00:00 GMT+0000 (Greenwich Mean Time),0,0,0.0762,0
Fri Dec 20 2024 21:00:00 GMT+0000 (Greenwich Mean Time),0,0,0.0762,0
Fri Dec 20 2024 22:00:00 GMT+0000 (Greenwich Mean Time),0,0,0.0762,0
Fri Dec 20 2024 23:00:00 GMT+0000 (Greenwich Mean Time),0,0,0.0762,0
Sat Dec 21 2024 00:00:00 GMT+0000 (Greenwich Mean Time),0,0,0.0762,0
Sat Dec 21 2024 01:00:00 GMT+0000 (Greenwich Mean Time),0,0,0.0762,0
Sat Dec 21 2024 02:00:00 GMT+0000 (Greenwich Mean Time),0,0,0.0762,0
Sat Dec 21 2024 03:00:00 GMT+0000 (Greenwich Mean Time),0,0,0.0762,0
Sat Dec 21 2024 04:00:00 GMT+0000 (Greenwich Mean Time),0,0,0.0762,0
Sat Dec 21 2024 05:00:00 GMT+0000 (Greenwich Mean Time),0,0,0.0762,2563.6046809873637
Sat Dec 21 2024 06:00:00 GMT+0000 (Greenwich Mean Time),0,0,0.0762,0
Sat Dec 21 2024 07:00:00 GMT+0000 (Greenwich Mean Time),0,0,0.0762,0
Sat Dec 21 2024 08:00:00 GMT+0000 (Greenwich Mean Time),0,0,0.0762,0
Sat Dec 21 2024 09:00:00 GMT+0000 (Greenwich Mean Time),0,0,0.0762,0
Sat Dec 21 2024 10:00:00 GMT+0000 (Greenwich Mean Time),0,0,0.0762,0
Sat Dec 21 2024 11:00:00 GMT+0000 (Greenwich Mean Time),0,0,0.0762,0
Sat Dec 21 2024 12:00:00 GMT+0000 (Greenwich Mean Time),0,0,0.0762,0
Sat Dec 21 2024 13:00:00 GMT+0000 (Greenwich Mean Time),0,0,0.0762,0
Sat Dec 21 2024 14:00:00 GMT+0000 (Greenwich Mean Time),0,0,0.0762,0
Sat Dec 21 2024 15:00:00 GMT+0000 (Greenwich Mean Time),0,0,0.0762,0
Sat Dec 21 2024 16:00:00 GMT+0000 (Greenwich Mean Time),0,0,0.0757,34482.42411716409
Sat Dec 21 2024 17:00:00 GMT+0000 (Greenwich Mean Time),0,0,0.0757,1473.2432479935887
Sat Dec 21 2024 18:00:00 GMT+0000 (Greenwich Mean Time),0,0,0.0757,0
Sat Dec 21 2024 19:00:00 GMT+0000 (Greenwich Mean Time),0,0,0.0757,0
Sat Dec 21 2024 20:00:00 GMT+0000 (Greenwich Mean Time),0,0,0.0757,0
Sat Dec 21 2024 21:00:00 GMT+0000 (Greenwich Mean Time),0,0,0.0757,0
Sat Dec 21 2024 22:00:00 GMT+0000 (Greenwich Mean Time),0,0,0.0757,0
Sat Dec 21 2024 23:00:00 GMT+0000 (Greenwich Mean Time),0,0,0.0757,0
Sun Dec 22 2024 00:00:00 GMT+0000 (Greenwich Mean Time),0,0,0.0764,44395.206642340796
Sun Dec 22 2024 01:00:00 GMT+0000 (Greenwich Mean Time),0,0,0.0764,0
Sun Dec 22 2024 02:00:00 GMT+0000 (Greenwich Mean Time),0,0,0.0764,0
Sun Dec 22 2024 03:00:00 GMT+0000 (Greenwich Mean Time),0,0,0.0764,0
Sun Dec 22 2024 04:00:00 GMT+0000 (Greenwich Mean Time),0,0,0.0764,0
Sun Dec 22 2024 05:00:00 GMT+0000 (Greenwich Mean Time),0,0,0.0767,21556.270969074485
Sun Dec 22 2024 06:00:00 GMT+0000 (Greenwich Mean Time),0,0,0.0767,0
Sun Dec 22 2024 07:00:00 GMT+0000 (Greenwich Mean Time),0,0,0.0767,0
Sun Dec 22 2024 08:00:00 GMT+0000 (Greenwich Mean Time),0,0,0.0795,193150.51599467965
Sun Dec 22 2024 09:00:00 GMT+0000 (Greenwich Mean Time),0,0,0.0795,0
Sun Dec 22 2024 10:00:00 GMT+0000 (Greenwich Mean Time),0,0,0.0795,0
Sun Dec 22 2024 11:00:00 GMT+0000 (Greenwich Mean Time),0,0,0.0795,0
Sun Dec 22 2024 12:00:00 GMT+0000 (Greenwich Mean Time),0,0,0.0795,0
Sun Dec 22 2024 13:00:00 GMT+0000 (Greenwich Mean Time),0,0,0.0795,0
Sun Dec 22 2024 14:00:00 GMT+0000 (Greenwich Mean Time),0,0,0.0795,0
Sun Dec 22 2024 15:00:00 GMT+0000 (Greenwich Mean Time),0,0,0.0795,0
Sun Dec 22 2024 16:00:00 GMT+0000 (Greenwich Mean Time),0,0,0.0795,0
Sun Dec 22 2024 17:00:00 GMT+0000 (Greenwich Mean Time),0,0,0.0795,0
Sun Dec 22 2024 18:00:00 GMT+0000 (Greenwich Mean Time),0,0,0.0795,0
Sun Dec 22 2024 19:00:00 GMT+0000 (Greenwich Mean Time),0,0,0.0795,0
Sun Dec 22 2024 20:00:00 GMT+0000 (Greenwich Mean Time),0,0,0.0795,0
Sun Dec 22 2024 21:00:00 GMT+0000 (Greenwich Mean Time),0,0,0.0796,2309.7211647450094
Sun Dec 22 2024 22:00:00 GMT+0000 (Greenwich Mean Time),0,0,0.0796,0
Sun Dec 22 2024 23:00:00 GMT+0000 (Greenwich Mean Time),0,0,0.0796,193.71293651691957
Mon Dec 23 2024 00:00:00 GMT+0000 (Greenwich Mean Time),0,0,0.0798,15377.928340725435
Mon Dec 23 2024 01:00:00 GMT+0000 (Greenwich Mean Time),0,0,0.0798,0
Mon Dec 23 2024 02:00:00 GMT+0000 (Greenwich Mean Time),0,0,0.0798,0
Mon Dec 23 2024 03:00:00 GMT+0000 (Greenwich Mean Time),0,0,0.0798,16177.497812861973
Mon Dec 23 2024 04:00:00 GMT+0000 (Greenwich Mean Time),0,0,0.0801,0
Mon Dec 23 2024 05:00:00 GMT+0000 (Greenwich Mean Time),0,0,0.0801,0
Mon Dec 23 2024 06:00:00 GMT+0000 (Greenwich Mean Time),0,0,0.0801,0
Mon Dec 23 2024 07:00:00 GMT+0000 (Greenwich Mean Time),0,0,0.0803,15534.505203869205
Mon Dec 23 2024 08:00:00 GMT+0000 (Greenwich Mean Time),0,0,0.0828,163677.72056412842
Mon Dec 23 2024 09:00:00 GMT+0000 (Greenwich Mean Time),0,0,0.0828,0
Mon Dec 23 2024 10:00:00 GMT+0000 (Greenwich Mean Time),0,0,0.0828,0
Mon Dec 23 2024 11:00:00 GMT+0000 (Greenwich Mean Time),0,0,0.0828,0
Mon Dec 23 2024 12:00:00 GMT+0000 (Greenwich Mean Time),0,0,0.0828,0
Mon Dec 23 2024 13:00:00 GMT+0000 (Greenwich Mean Time),0,0,0.0828,0
Mon Dec 23 2024 14:00:00 GMT+0000 (Greenwich Mean Time),0,0,0.0828,0
Mon Dec 23 2024 15:00:00 GMT+0000 (Greenwich Mean Time),0,0,0.0828,0
Mon Dec 23 2024 16:00:00 GMT+0000 (Greenwich Mean Time),0,0,0.0828,0
Mon Dec 23 2024 17:00:00 GMT+0000 (Greenwich Mean Time),0,0,0.0828,0
Mon Dec 23 2024 18:00:00 GMT+0000 (Greenwich Mean Time),0,0,0.0828,0
Mon Dec 23 2024 19:00:00 GMT+0000 (Greenwich Mean Time),0,0,0.0828,0
Mon Dec 23 2024 20:00:00 GMT+0000 (Greenwich Mean Time),0,0,0.0828,0
Mon Dec 23 2024 21:00:00 GMT+0000 (Greenwich Mean Time),0,0,0.0828,0
Mon Dec 23 2024 22:00:00 GMT+0000 (Greenwich Mean Time),0,0,0.0828,0
Mon Dec 23 2024 23:00:00 GMT+0000 (Greenwich Mean Time),0,0,0.0828,0
Tue Dec 24 2024 00:00:00 GMT+0000 (Greenwich Mean Time),0,0,0.0828,0
Tue Dec 24 2024 01:00:00 GMT+0000 (Greenwich Mean Time),0,0,0.0832,23734.676982287743
Tue Dec 24 2024 02:00:00 GMT+0000 (Greenwich Mean Time),0,0,0.0832,0
Tue Dec 24 2024 03:00:00 GMT+0000 (Greenwich Mean Time),0,0,0.0832,0
Tue Dec 24 2024 04:00:00 GMT+0000 (Greenwich Mean Time),0,0,0.0832,0
Tue Dec 24 2024 05:00:00 GMT+0000 (Greenwich Mean Time),0,0,0.0832,0
Tue Dec 24 2024 06:00:00 GMT+0000 (Greenwich Mean Time),0,0,0.0832,0
Tue Dec 24 2024 07:00:00 GMT+0000 (Greenwich Mean Time),0,0,0.0832,0
Tue Dec 24 2024 08:00:00 GMT+0000 (Greenwich Mean Time),0,0,0.0832,0
Tue Dec 24 2024 09:00:00 GMT+0000 (Greenwich Mean Time),0,0,0.0832,0
Tue Dec 24 2024 10:00:00 GMT+0000 (Greenwich Mean Time),0,0,0.0832,0
Tue Dec 24 2024 11:00:00 GMT+0000 (Greenwich Mean Time),0,0,0.0832,2364.7704443445655
Tue Dec 24 2024 12:00:00 GMT+0000 (Greenwich Mean Time),0,0,0.0832,0
Tue Dec 24 2024 13:00:00 GMT+0000 (Greenwich Mean Time),0,0,0.0832,1036.1750972908264
Tue Dec 24 2024 14:00:00 GMT+0000 (Greenwich Mean Time),0,0,0.0832,0
Tue Dec 24 2024 15:00:00 GMT+0000 (Greenwich Mean Time),0,0,0.0832,172.4837750880529
Tue Dec 24 2024 16:00:00 GMT+0000 (Greenwich Mean Time),0,0,0.0832,0
Tue Dec 24 2024 17:00:00 GMT+0000 (Greenwich Mean Time),0,0,0.0832,0
Tue Dec 24 2024 18:00:00 GMT+0000 (Greenwich Mean Time),0,0,0.0832,0
Tue Dec 24 2024 19:00:00 GMT+0000 (Greenwich Mean Time),0,0,0.0832,0
Tue Dec 24 2024 20:00:00 GMT+0000 (Greenwich Mean Time),0,0,0.0832,214.28919569464134
Tue Dec 24 2024 21:00:00 GMT+0000 (Greenwich Mean Time),0,0,0.0833,0
Tue Dec 24 2024 22:00:00 GMT+0000 (Greenwich Mean Time),0,0,0.0833,0
Tue Dec 24 2024 23:00:00 GMT+0000 (Greenwich Mean Time),0,0,0.0864,208067.55176184225
Wed Dec 25 2024 00:00:00 GMT+0000 (Greenwich Mean Time),0,0,0.0864,0
Wed Dec 25 2024 01:00:00 GMT+0000 (Greenwich Mean Time),0,0,0.0868,25848.88965840327
Wed Dec 25 2024 02:00:00 GMT+0000 (Greenwich Mean Time),0,0,0.0887,113842.60975304466
Wed Dec 25 2024 03:00:00 GMT+0000 (Greenwich Mean Time),0,0,0.0887,0
Wed Dec 25 2024 04:00:00 GMT+0000 (Greenwich Mean Time),0,0,0.0887,0
Wed Dec 25 2024 05:00:00 GMT+0000 (Greenwich Mean Time),0,0,0.0887,0
Wed Dec 25 2024 06:00:00 GMT+0000 (Greenwich Mean Time),0,0,0.0887,0
Wed Dec 25 2024 07:00:00 GMT+0000 (Greenwich Mean Time),0,0,0.0887,1204.0983283638284
Wed Dec 25 2024 08:00:00 GMT+0000 (Greenwich Mean Time),0,0,0.0887,0
Wed Dec 25 2024 09:00:00 GMT+0000 (Greenwich Mean Time),0,0,0.089,17504.80846444048
Wed Dec 25 2024 10:00:00 GMT+0000 (Greenwich Mean Time),0,0,0.089,0
Wed Dec 25 2024 11:00:00 GMT+0000 (Greenwich Mean Time),0,0,0.089,0
Wed Dec 25 2024 12:00:00 GMT+0000 (Greenwich Mean Time),0,0,0.089,0
Wed Dec 25 2024 13:00:00 GMT+0000 (Greenwich Mean Time),0,0,0.089,0
Wed Dec 25 2024 14:00:00 GMT+0000 (Greenwich Mean Time),0,0,0.089,0
Wed Dec 25 2024 15:00:00 GMT+0000 (Greenwich Mean Time),0,0,0.089,0
Wed Dec 25 2024 16:00:00 GMT+0000 (Greenwich Mean Time),0,0,0.089,0
Wed Dec 25 2024 17:00:00 GMT+0000 (Greenwich Mean Time),0,0,0.089,0
Wed Dec 25 2024 18:00:00 GMT+0000 (Greenwich Mean Time),0,0,0.089,0
Wed Dec 25 2024 19:00:00 GMT+0000 (Greenwich Mean Time),0,0,0.089,0
Wed Dec 25 2024 20:00:00 GMT+0000 (Greenwich Mean Time),0,0,0.089,0
Wed Dec 25 2024 21:00:00 GMT+0000 (Greenwich Mean Time),0,0,0.1493,1866617.616243903
Wed Dec 25 2024 22:00:00 GMT+0000 (Greenwich Mean Time),0,0,0.1493,0
Wed Dec 25 2024 23:00:00 GMT+0000 (Greenwich Mean Time),0,0,0.1501,0