time,underlyingApy1DMA,underlyingApy7DMA,impliedApy,volume
Sun Oct 27 2024 01:00:00 GMT+0100 (British Summer Time),0.0144,0.0265,0.0428,0
Sun Oct 27 2024 01:00:00 GMT+0000 (Greenwich Mean Time),0.0144,0.0265,0.0428,1.7794545186636956
Sun Oct 27 2024 02:00:00 GMT+0000 (Greenwich Mean Time),0.0144,0.0265,0.0428,0
Sun Oct 27 2024 03:00:00 GMT+0000 (Greenwich Mean Time),0.0144,0.0265,0.0428,0
Sun Oct 27 2024 04:00:00 GMT+0000 (Greenwich Mean Time),0.0144,0.0265,0.0428,0
Sun Oct 27 2024 05:00:00 GMT+0000 (Greenwich Mean Time),0.0144,0.0265,0.0428,0
Sun Oct 27 2024 06:00:00 GMT+0000 (Greenwich Mean Time),0.0144,0.0265,0.0428,0
Sun Oct 27 2024 07:00:00 GMT+0000 (Greenwich Mean Time),0,0.025,0.0428,0
Sun Oct 27 2024 08:00:00 GMT+0000 (Greenwich Mean Time),0.0145,0.0235,0.0428,0
Sun Oct 27 2024 09:00:00 GMT+0000 (Greenwich Mean Time),0.0145,0.0235,0.0428,115.65925324509801
Sun Oct 27 2024 10:00:00 GMT+0000 (Greenwich Mean Time),0.0145,0.0235,0.0428,0
Sun Oct 27 2024 11:00:00 GMT+0000 (Greenwich Mean Time),0.0145,0.0235,0.0428,0
Sun Oct 27 2024 12:00:00 GMT+0000 (Greenwich Mean Time),0.0145,0.0235,0.0428,0
Sun Oct 27 2024 13:00:00 GMT+0000 (Greenwich Mean Time),0.0145,0.0235,0.0428,0
Sun Oct 27 2024 14:00:00 GMT+0000 (Greenwich Mean Time),0.0145,0.0235,0.0428,0
Sun Oct 27 2024 15:00:00 GMT+0000 (Greenwich Mean Time),0.0145,0.0235,0.0428,0
Sun Oct 27 2024 16:00:00 GMT+0000 (Greenwich Mean Time),0.0145,0.0235,0.0428,0
Sun Oct 27 2024 17:00:00 GMT+0000 (Greenwich Mean Time),0.0145,0.0235,0.0428,0
Sun Oct 27 2024 18:00:00 GMT+0000 (Greenwich Mean Time),0.0145,0.0235,0.0428,0
Sun Oct 27 2024 19:00:00 GMT+0000 (Greenwich Mean Time),0.0145,0.0235,0.0428,0
Sun Oct 27 2024 20:00:00 GMT+0000 (Greenwich Mean Time),0.0145,0.0235,0.0428,0
Sun Oct 27 2024 21:00:00 GMT+0000 (Greenwich Mean Time),0.0145,0.0235,0.0428,0
Sun Oct 27 2024 22:00:00 GMT+0000 (Greenwich Mean Time),0.0145,0.0235,0.0428,0
Sun Oct 27 2024 23:00:00 GMT+0000 (Greenwich Mean Time),0.0145,0.0235,0.0427,4799.90454416703
Mon Oct 28 2024 00:00:00 GMT+0000 (Greenwich Mean Time),0.0145,0.0235,0.0427,0
Mon Oct 28 2024 01:00:00 GMT+0000 (Greenwich Mean Time),0.0145,0.0235,0.0427,0
Mon Oct 28 2024 02:00:00 GMT+0000 (Greenwich Mean Time),0.0145,0.0235,0.0427,0
Mon Oct 28 2024 03:00:00 GMT+0000 (Greenwich Mean Time),0.0145,0.0235,0.0427,0
Mon Oct 28 2024 04:00:00 GMT+0000 (Greenwich Mean Time),0.0145,0.0235,0.0427,442.76545225355216
Mon Oct 28 2024 05:00:00 GMT+0000 (Greenwich Mean Time),0.0145,0.0235,0.0427,0
Mon Oct 28 2024 06:00:00 GMT+0000 (Greenwich Mean Time),0.0145,0.0235,0.0427,0
Mon Oct 28 2024 07:00:00 GMT+0000 (Greenwich Mean Time),0.0145,0.0212,0.0427,0
Mon Oct 28 2024 08:00:00 GMT+0000 (Greenwich Mean Time),0.0203,0.0211,0.0427,0
Mon Oct 28 2024 09:00:00 GMT+0000 (Greenwich Mean Time),0.0203,0.0211,0.0427,0
Mon Oct 28 2024 10:00:00 GMT+0000 (Greenwich Mean Time),0.0203,0.0211,0.0427,0
Mon Oct 28 2024 11:00:00 GMT+0000 (Greenwich Mean Time),0.0203,0.0211,0.0427,0
Mon Oct 28 2024 12:00:00 GMT+0000 (Greenwich Mean Time),0.0203,0.0211,0.0427,0
Mon Oct 28 2024 13:00:00 GMT+0000 (Greenwich Mean Time),0.0203,0.0211,0.0427,0
Mon Oct 28 2024 14:00:00 GMT+0000 (Greenwich Mean Time),0.0203,0.0211,0.0427,0
Mon Oct 28 2024 15:00:00 GMT+0000 (Greenwich Mean Time),0.0203,0.0211,0.0427,0
Mon Oct 28 2024 16:00:00 GMT+0000 (Greenwich Mean Time),0.0203,0.0211,0.0427,0
Mon Oct 28 2024 17:00:00 GMT+0000 (Greenwich Mean Time),0.0203,0.0211,0.0427,0
Mon Oct 28 2024 18:00:00 GMT+0000 (Greenwich Mean Time),0.0203,0.0211,0.0427,0
Mon Oct 28 2024 19:00:00 GMT+0000 (Greenwich Mean Time),0.0203,0.0211,0.0427,0
Mon Oct 28 2024 20:00:00 GMT+0000 (Greenwich Mean Time),0.0203,0.0211,0.0427,0
Mon Oct 28 2024 21:00:00 GMT+0000 (Greenwich Mean Time),0.0203,0.0211,0.0427,190.64337881460708
Mon Oct 28 2024 22:00:00 GMT+0000 (Greenwich Mean Time),0.0203,0.0211,0.0427,0
Mon Oct 28 2024 23:00:00 GMT+0000 (Greenwich Mean Time),0.0203,0.0211,0.0427,0
Tue Oct 29 2024 00:00:00 GMT+0000 (Greenwich Mean Time),0.0203,0.0211,0.0427,0
Tue Oct 29 2024 01:00:00 GMT+0000 (Greenwich Mean Time),0.0203,0.0211,0.0427,0
Tue Oct 29 2024 02:00:00 GMT+0000 (Greenwich Mean Time),0.0203,0.0211,0.0427,0
Tue Oct 29 2024 03:00:00 GMT+0000 (Greenwich Mean Time),0.0203,0.0211,0.0427,0
Tue Oct 29 2024 04:00:00 GMT+0000 (Greenwich Mean Time),0.0203,0.0211,0.0427,0
Tue Oct 29 2024 05:00:00 GMT+0000 (Greenwich Mean Time),0.0203,0.0211,0.0427,0
Tue Oct 29 2024 06:00:00 GMT+0000 (Greenwich Mean Time),0.0203,0.0211,0.0427,0
Tue Oct 29 2024 07:00:00 GMT+0000 (Greenwich Mean Time),0.0203,0.0182,0.0427,0
Tue Oct 29 2024 08:00:00 GMT+0000 (Greenwich Mean Time),0.1226,0.0326,0.0427,0
Tue Oct 29 2024 09:00:00 GMT+0000 (Greenwich Mean Time),0.1226,0.0326,0.0427,0
Tue Oct 29 2024 10:00:00 GMT+0000 (Greenwich Mean Time),0.1226,0.0326,0.0427,0
Tue Oct 29 2024 11:00:00 GMT+0000 (Greenwich Mean Time),0.1226,0.0326,0.0427,0
Tue Oct 29 2024 12:00:00 GMT+0000 (Greenwich Mean Time),0.1226,0.0326,0.0427,0
Tue Oct 29 2024 13:00:00 GMT+0000 (Greenwich Mean Time),0.1226,0.0326,0.0427,0
Tue Oct 29 2024 14:00:00 GMT+0000 (Greenwich Mean Time),0.1226,0.0326,0.0427,69.53040425912381
Tue Oct 29 2024 15:00:00 GMT+0000 (Greenwich Mean Time),0.1226,0.0326,0.0427,0
Tue Oct 29 2024 16:00:00 GMT+0000 (Greenwich Mean Time),0.1226,0.0326,0.0427,0
Tue Oct 29 2024 17:00:00 GMT+0000 (Greenwich Mean Time),0.1226,0.0326,0.0427,0
Tue Oct 29 2024 18:00:00 GMT+0000 (Greenwich Mean Time),0.1226,0.0326,0.0427,0
Tue Oct 29 2024 19:00:00 GMT+0000 (Greenwich Mean Time),0.1226,0.0326,0.0427,0
Tue Oct 29 2024 20:00:00 GMT+0000 (Greenwich Mean Time),0.1226,0.0326,0.0427,0
Tue Oct 29 2024 21:00:00 GMT+0000 (Greenwich Mean Time),0.1226,0.0326,0.0427,0
Tue Oct 29 2024 22:00:00 GMT+0000 (Greenwich Mean Time),0.1226,0.0326,0.0427,0
Tue Oct 29 2024 23:00:00 GMT+0000 (Greenwich Mean Time),0.1226,0.0326,0.0419,31284.55865577027
Wed Oct 30 2024 00:00:00 GMT+0000 (Greenwich Mean Time),0.1226,0.0326,0.0419,0
Wed Oct 30 2024 01:00:00 GMT+0000 (Greenwich Mean Time),0.1226,0.0326,0.0419,0
Wed Oct 30 2024 02:00:00 GMT+0000 (Greenwich Mean Time),0.1226,0.0326,0.0419,0
Wed Oct 30 2024 03:00:00 GMT+0000 (Greenwich Mean Time),0.1226,0.0326,0.0419,0
Wed Oct 30 2024 04:00:00 GMT+0000 (Greenwich Mean Time),0.1226,0.0326,0.0419,0
Wed Oct 30 2024 05:00:00 GMT+0000 (Greenwich Mean Time),0.1226,0.0326,0.0419,0
Wed Oct 30 2024 06:00:00 GMT+0000 (Greenwich Mean Time),0.1226,0.0326,0.0419,0
Wed Oct 30 2024 07:00:00 GMT+0000 (Greenwich Mean Time),0.1226,0.0325,0.0419,0
Wed Oct 30 2024 08:00:00 GMT+0000 (Greenwich Mean Time),0.0807,0.0392,0.0419,0
Wed Oct 30 2024 09:00:00 GMT+0000 (Greenwich Mean Time),0.0807,0.0392,0.0419,0
Wed Oct 30 2024 10:00:00 GMT+0000 (Greenwich Mean Time),0.0807,0.0392,0.0419,0
Wed Oct 30 2024 11:00:00 GMT+0000 (Greenwich Mean Time),0.0807,0.0392,0.0419,0
Wed Oct 30 2024 12:00:00 GMT+0000 (Greenwich Mean Time),0.0807,0.0392,0.0419,0
Wed Oct 30 2024 13:00:00 GMT+0000 (Greenwich Mean Time),0.0807,0.0392,0.0419,0
Wed Oct 30 2024 14:00:00 GMT+0000 (Greenwich Mean Time),0.0807,0.0392,0.0419,0
Wed Oct 30 2024 15:00:00 GMT+0000 (Greenwich Mean Time),0.0807,0.0392,0.0419,0
Wed Oct 30 2024 16:00:00 GMT+0000 (Greenwich Mean Time),0.0807,0.0392,0.0419,0
Wed Oct 30 2024 17:00:00 GMT+0000 (Greenwich Mean Time),0.0807,0.0392,0.0419,0
Wed Oct 30 2024 18:00:00 GMT+0000 (Greenwich Mean Time),0.0807,0.0392,0.0419,0
Wed Oct 30 2024 19:00:00 GMT+0000 (Greenwich Mean Time),0.0807,0.0392,0.0419,0
Wed Oct 30 2024 20:00:00 GMT+0000 (Greenwich Mean Time),0.0807,0.0392,0.0419,0
Wed Oct 30 2024 21:00:00 GMT+0000 (Greenwich Mean Time),0.0807,0.0392,0.0419,0
Wed Oct 30 2024 22:00:00 GMT+0000 (Greenwich Mean Time),0.0807,0.0392,0.0419,0
Wed Oct 30 2024 23:00:00 GMT+0000 (Greenwich Mean Time),0.0807,0.0392,0.0419,0
Thu Oct 31 2024 00:00:00 GMT+0000 (Greenwich Mean Time),0.0807,0.0392,0.0419,0
Thu Oct 31 2024 01:00:00 GMT+0000 (Greenwich Mean Time),0.0807,0.0392,0.0419,0
Thu Oct 31 2024 02:00:00 GMT+0000 (Greenwich Mean Time),0.0807,0.0392,0.0419,0
Thu Oct 31 2024 03:00:00 GMT+0000 (Greenwich Mean Time),0.0807,0.0392,0.0419,0
Thu Oct 31 2024 04:00:00 GMT+0000 (Greenwich Mean Time),0.0807,0.0392,0.0419,0
Thu Oct 31 2024 05:00:00 GMT+0000 (Greenwich Mean Time),0.0807,0.0392,0.0419,0
Thu Oct 31 2024 06:00:00 GMT+0000 (Greenwich Mean Time),0.0807,0.0392,0.0419,0
Thu Oct 31 2024 07:00:00 GMT+0000 (Greenwich Mean Time),0.0807,0.0436,0.0419,0
Thu Oct 31 2024 08:00:00 GMT+0000 (Greenwich Mean Time),0.0629,0.0463,0.0419,0
Thu Oct 31 2024 09:00:00 GMT+0000 (Greenwich Mean Time),0.0629,0.0463,0.0419,0
Thu Oct 31 2024 10:00:00 GMT+0000 (Greenwich Mean Time),0.0629,0.0463,0.0419,0
Thu Oct 31 2024 11:00:00 GMT+0000 (Greenwich Mean Time),0.0629,0.0463,0.0419,0
Thu Oct 31 2024 12:00:00 GMT+0000 (Greenwich Mean Time),0.0629,0.0463,0.0419,0
Thu Oct 31 2024 13:00:00 GMT+0000 (Greenwich Mean Time),0.0629,0.0463,0.0419,0
Thu Oct 31 2024 14:00:00 GMT+0000 (Greenwich Mean Time),0.0629,0.0463,0.0419,0
Thu Oct 31 2024 15:00:00 GMT+0000 (Greenwich Mean Time),0.0629,0.0463,0.0419,0
Thu Oct 31 2024 16:00:00 GMT+0000 (Greenwich Mean Time),0.0629,0.0463,0.0419,0
Thu Oct 31 2024 17:00:00 GMT+0000 (Greenwich Mean Time),0.0629,0.0463,0.0419,0
Thu Oct 31 2024 18:00:00 GMT+0000 (Greenwich Mean Time),0.0629,0.0463,0.0419,0
Thu Oct 31 2024 19:00:00 GMT+0000 (Greenwich Mean Time),0.0629,0.0463,0.0419,0
Thu Oct 31 2024 20:00:00 GMT+0000 (Greenwich Mean Time),0.0629,0.0463,0.0419,0
Thu Oct 31 2024 21:00:00 GMT+0000 (Greenwich Mean Time),0.0629,0.0463,0.0419,0
Thu Oct 31 2024 22:00:00 GMT+0000 (Greenwich Mean Time),0.0629,0.0463,0.0419,0
Thu Oct 31 2024 23:00:00 GMT+0000 (Greenwich Mean Time),0.0629,0.0463,0.0419,0
Fri Nov 01 2024 00:00:00 GMT+0000 (Greenwich Mean Time),0.0629,0.0463,0.0419,0
Fri Nov 01 2024 01:00:00 GMT+0000 (Greenwich Mean Time),0.0629,0.0463,0.0419,0
Fri Nov 01 2024 02:00:00 GMT+0000 (Greenwich Mean Time),0.0629,0.0463,0.0419,0
Fri Nov 01 2024 03:00:00 GMT+0000 (Greenwich Mean Time),0.0629,0.0463,0.0419,0
Fri Nov 01 2024 04:00:00 GMT+0000 (Greenwich Mean Time),0.0629,0.0463,0.0419,0
Fri Nov 01 2024 05:00:00 GMT+0000 (Greenwich Mean Time),0.0629,0.0463,0.0419,0
Fri Nov 01 2024 06:00:00 GMT+0000 (Greenwich Mean Time),0.0629,0.0463,0.0419,0
Fri Nov 01 2024 07:00:00 GMT+0000 (Greenwich Mean Time),0.0629,0.0519,0.0419,0
Fri Nov 01 2024 08:00:00 GMT+0000 (Greenwich Mean Time),0,0.0519,0.0419,0
Fri Nov 01 2024 09:00:00 GMT+0000 (Greenwich Mean Time),0.008,0.0455,0.0419,0
Fri Nov 01 2024 10:00:00 GMT+0000 (Greenwich Mean Time),0.008,0.0455,0.0419,0
Fri Nov 01 2024 11:00:00 GMT+0000 (Greenwich Mean Time),0.008,0.0455,0.0419,17.54126037095013
Fri Nov 01 2024 12:00:00 GMT+0000 (Greenwich Mean Time),0.008,0.0455,0.0419,0
Fri Nov 01 2024 13:00:00 GMT+0000 (Greenwich Mean Time),0.008,0.0455,0.0419,0
Fri Nov 01 2024 14:00:00 GMT+0000 (Greenwich Mean Time),0.008,0.0455,0.0419,0
Fri Nov 01 2024 15:00:00 GMT+0000 (Greenwich Mean Time),0.008,0.0455,0.0419,0
Fri Nov 01 2024 16:00:00 GMT+0000 (Greenwich Mean Time),0.008,0.0455,0.0419,0
Fri Nov 01 2024 17:00:00 GMT+0000 (Greenwich Mean Time),0.008,0.0455,0.0419,0
Fri Nov 01 2024 18:00:00 GMT+0000 (Greenwich Mean Time),0.008,0.0455,0.0419,0
Fri Nov 01 2024 19:00:00 GMT+0000 (Greenwich Mean Time),0.008,0.0455,0.0419,0
Fri Nov 01 2024 20:00:00 GMT+0000 (Greenwich Mean Time),0.008,0.0455,0.0419,0
Fri Nov 01 2024 21:00:00 GMT+0000 (Greenwich Mean Time),0.008,0.0455,0.0419,0
Fri Nov 01 2024 22:00:00 GMT+0000 (Greenwich Mean Time),0.008,0.0455,0.0419,0
Fri Nov 01 2024 23:00:00 GMT+0000 (Greenwich Mean Time),0.008,0.0455,0.0419,0
Sat Nov 02 2024 00:00:00 GMT+0000 (Greenwich Mean Time),0.008,0.0455,0.0419,0
Sat Nov 02 2024 01:00:00 GMT+0000 (Greenwich Mean Time),0.008,0.0455,0.0419,196.87981191602336
Sat Nov 02 2024 02:00:00 GMT+0000 (Greenwich Mean Time),0.008,0.0455,0.0419,0
Sat Nov 02 2024 03:00:00 GMT+0000 (Greenwich Mean Time),0.008,0.0455,0.0419,0
Sat Nov 02 2024 04:00:00 GMT+0000 (Greenwich Mean Time),0.008,0.0455,0.0419,0
Sat Nov 02 2024 05:00:00 GMT+0000 (Greenwich Mean Time),0.008,0.0455,0.0419,0
Sat Nov 02 2024 06:00:00 GMT+0000 (Greenwich Mean Time),0.008,0.0455,0.0419,0
Sat Nov 02 2024 07:00:00 GMT+0000 (Greenwich Mean Time),0.008,0.0508,0.0419,0
Sat Nov 02 2024 08:00:00 GMT+0000 (Greenwich Mean Time),0,0.0508,0.0419,0
Sat Nov 02 2024 09:00:00 GMT+0000 (Greenwich Mean Time),0.0115,0.0451,0.0419,0
Sat Nov 02 2024 10:00:00 GMT+0000 (Greenwich Mean Time),0.0115,0.0451,0.0419,0
Sat Nov 02 2024 11:00:00 GMT+0000 (Greenwich Mean Time),0.0115,0.0451,0.0419,0
Sat Nov 02 2024 12:00:00 GMT+0000 (Greenwich Mean Time),0.0115,0.0451,0.0419,0
Sat Nov 02 2024 13:00:00 GMT+0000 (Greenwich Mean Time),0.0115,0.0451,0.0419,0
Sat Nov 02 2024 14:00:00 GMT+0000 (Greenwich Mean Time),0.0115,0.0451,0.0419,0
Sat Nov 02 2024 15:00:00 GMT+0000 (Greenwich Mean Time),0.0115,0.0451,0.0419,0
Sat Nov 02 2024 16:00:00 GMT+0000 (Greenwich Mean Time),0.0115,0.0451,0.0419,0
Sat Nov 02 2024 17:00:00 GMT+0000 (Greenwich Mean Time),0.0115,0.0451,0.0419,0
Sat Nov 02 2024 18:00:00 GMT+0000 (Greenwich Mean Time),0.0115,0.0451,0.0419,0
Sat Nov 02 2024 19:00:00 GMT+0000 (Greenwich Mean Time),0.0115,0.0451,0.0419,0
Sat Nov 02 2024 20:00:00 GMT+0000 (Greenwich Mean Time),0.0115,0.0451,0.0464,188624.7570450914
Sat Nov 02 2024 21:00:00 GMT+0000 (Greenwich Mean Time),0.0115,0.0451,0.0464,0
Sat Nov 02 2024 22:00:00 GMT+0000 (Greenwich Mean Time),0.0115,0.0451,0.0464,0
Sat Nov 02 2024 23:00:00 GMT+0000 (Greenwich Mean Time),0.0115,0.0451,0.0464,0
Sun Nov 03 2024 00:00:00 GMT+0000 (Greenwich Mean Time),0.0115,0.0451,0.0464,0
Sun Nov 03 2024 01:00:00 GMT+0000 (Greenwich Mean Time),0.0115,0.0451,0.0464,0
Sun Nov 03 2024 02:00:00 GMT+0000 (Greenwich Mean Time),0.0115,0.0451,0.0464,0
Sun Nov 03 2024 03:00:00 GMT+0000 (Greenwich Mean Time),0.0115,0.0451,0.0464,0
Sun Nov 03 2024 04:00:00 GMT+0000 (Greenwich Mean Time),0.0115,0.0451,0.0464,0
Sun Nov 03 2024 05:00:00 GMT+0000 (Greenwich Mean Time),0.0115,0.0451,0.0464,0
Sun Nov 03 2024 06:00:00 GMT+0000 (Greenwich Mean Time),0.0115,0.0451,0.0464,0
Sun Nov 03 2024 07:00:00 GMT+0000 (Greenwich Mean Time),0.0115,0.0451,0.0464,0
Sun Nov 03 2024 08:00:00 GMT+0000 (Greenwich Mean Time),0.0115,0.0503,0.0464,0
Sun Nov 03 2024 09:00:00 GMT+0000 (Greenwich Mean Time),0.0144,0.0451,0.0464,0
Sun Nov 03 2024 10:00:00 GMT+0000 (Greenwich Mean Time),0.0144,0.0451,0.0464,0
Sun Nov 03 2024 11:00:00 GMT+0000 (Greenwich Mean Time),0.0144,0.0451,0.0464,0
Sun Nov 03 2024 12:00:00 GMT+0000 (Greenwich Mean Time),0.0144,0.0451,0.0464,0
Sun Nov 03 2024 13:00:00 GMT+0000 (Greenwich Mean Time),0.0144,0.0451,0.0464,0
Sun Nov 03 2024 14:00:00 GMT+0000 (Greenwich Mean Time),0.0144,0.0451,0.0464,0
Sun Nov 03 2024 15:00:00 GMT+0000 (Greenwich Mean Time),0.0144,0.0451,0.0464,0
Sun Nov 03 2024 16:00:00 GMT+0000 (Greenwich Mean Time),0.0144,0.0451,0.0464,0
Sun Nov 03 2024 17:00:00 GMT+0000 (Greenwich Mean Time),0.0144,0.0451,0.0464,0
Sun Nov 03 2024 18:00:00 GMT+0000 (Greenwich Mean Time),0.0144,0.0451,0.0464,0
Sun Nov 03 2024 19:00:00 GMT+0000 (Greenwich Mean Time),0.0144,0.0451,0.0464,0
Sun Nov 03 2024 20:00:00 GMT+0000 (Greenwich Mean Time),0.0144,0.0451,0.0464,0
Sun Nov 03 2024 21:00:00 GMT+0000 (Greenwich Mean Time),0.0144,0.0451,0.0464,0
Sun Nov 03 2024 22:00:00 GMT+0000 (Greenwich Mean Time),0.0144,0.0451,0.0464,0
Sun Nov 03 2024 23:00:00 GMT+0000 (Greenwich Mean Time),0.0144,0.0451,0.0464,0
Mon Nov 04 2024 00:00:00 GMT+0000 (Greenwich Mean Time),0.0144,0.0451,0.0464,0
Mon Nov 04 2024 01:00:00 GMT+0000 (Greenwich Mean Time),0.0144,0.0451,0.0464,0
Mon Nov 04 2024 02:00:00 GMT+0000 (Greenwich Mean Time),0.0144,0.0451,0.0464,0
Mon Nov 04 2024 03:00:00 GMT+0000 (Greenwich Mean Time),0.0144,0.0451,0.0458,26319.49941147081
Mon Nov 04 2024 04:00:00 GMT+0000 (Greenwich Mean Time),0.0144,0.0451,0.0458,0
Mon Nov 04 2024 05:00:00 GMT+0000 (Greenwich Mean Time),0.0144,0.0451,0.046,5565.232893483497
Mon Nov 04 2024 06:00:00 GMT+0000 (Greenwich Mean Time),0.0144,0.0451,0.046,0
Mon Nov 04 2024 07:00:00 GMT+0000 (Greenwich Mean Time),0.0144,0.0451,0.046,0
Mon Nov 04 2024 08:00:00 GMT+0000 (Greenwich Mean Time),0.0144,0.0493,0.046,178.98351938180608
Mon Nov 04 2024 09:00:00 GMT+0000 (Greenwich Mean Time),0.0173,0.0446,0.0459,384.8641278889694
Mon Nov 04 2024 10:00:00 GMT+0000 (Greenwich Mean Time),0.0173,0.0446,0.0459,0
Mon Nov 04 2024 11:00:00 GMT+0000 (Greenwich Mean Time),0.0173,0.0446,0.0459,0
Mon Nov 04 2024 12:00:00 GMT+0000 (Greenwich Mean Time),0.0173,0.0446,0.0459,0
Mon Nov 04 2024 13:00:00 GMT+0000 (Greenwich Mean Time),0.0173,0.0446,0.0459,0
Mon Nov 04 2024 14:00:00 GMT+0000 (Greenwich Mean Time),0.0173,0.0446,0.0459,0
Mon Nov 04 2024 15:00:00 GMT+0000 (Greenwich Mean Time),0.0173,0.0446,0.0459,0
Mon Nov 04 2024 16:00:00 GMT+0000 (Greenwich Mean Time),0.0173,0.0446,0.0459,0
Mon Nov 04 2024 17:00:00 GMT+0000 (Greenwich Mean Time),0.0173,0.0446,0.0459,0
Mon Nov 04 2024 18:00:00 GMT+0000 (Greenwich Mean Time),0.0173,0.0446,0.0459,0
Mon Nov 04 2024 19:00:00 GMT+0000 (Greenwich Mean Time),0.0173,0.0446,0.0459,0
Mon Nov 04 2024 20:00:00 GMT+0000 (Greenwich Mean Time),0.0173,0.0446,0.0459,0
Mon Nov 04 2024 21:00:00 GMT+0000 (Greenwich Mean Time),0.0173,0.0446,0.0459,0
Mon Nov 04 2024 22:00:00 GMT+0000 (Greenwich Mean Time),0.0173,0.0446,0.0459,0
Mon Nov 04 2024 23:00:00 GMT+0000 (Greenwich Mean Time),0.0173,0.0446,0.0459,0
Tue Nov 05 2024 00:00:00 GMT+0000 (Greenwich Mean Time),0.0173,0.0446,0.0459,0
Tue Nov 05 2024 01:00:00 GMT+0000 (Greenwich Mean Time),0.0173,0.0446,0.0459,0
Tue Nov 05 2024 02:00:00 GMT+0000 (Greenwich Mean Time),0.0173,0.0446,0.0459,0
Tue Nov 05 2024 03:00:00 GMT+0000 (Greenwich Mean Time),0.0173,0.0446,0.0459,0
Tue Nov 05 2024 04:00:00 GMT+0000 (Greenwich Mean Time),0.0173,0.0446,0.0459,0
Tue Nov 05 2024 05:00:00 GMT+0000 (Greenwich Mean Time),0.0173,0.0446,0.0459,1.9241001174633219
Tue Nov 05 2024 06:00:00 GMT+0000 (Greenwich Mean Time),0.0173,0.0446,0.0459,0
Tue Nov 05 2024 07:00:00 GMT+0000 (Greenwich Mean Time),0.0173,0.0446,0.0459,0
Tue Nov 05 2024 08:00:00 GMT+0000 (Greenwich Mean Time),0.0173,0.0321,0.0459,0
Tue Nov 05 2024 09:00:00 GMT+0000 (Greenwich Mean Time),0.0226,0.0307,0.0459,0
Tue Nov 05 2024 10:00:00 GMT+0000 (Greenwich Mean Time),0.0226,0.0307,0.0459,0
Tue Nov 05 2024 11:00:00 GMT+0000 (Greenwich Mean Time),0.0226,0.0307,0.0459,0
Tue Nov 05 2024 12:00:00 GMT+0000 (Greenwich Mean Time),0.0226,0.0307,0.0458,7791.145442308111
Tue Nov 05 2024 13:00:00 GMT+0000 (Greenwich Mean Time),0.0226,0.0307,0.0458,0
Tue Nov 05 2024 14:00:00 GMT+0000 (Greenwich Mean Time),0.0226,0.0307,0.0458,0
Tue Nov 05 2024 15:00:00 GMT+0000 (Greenwich Mean Time),0.0226,0.0307,0.0458,0
Tue Nov 05 2024 16:00:00 GMT+0000 (Greenwich Mean Time),0.0226,0.0307,0.0458,0
Tue Nov 05 2024 17:00:00 GMT+0000 (Greenwich Mean Time),0.0226,0.0307,0.0458,0
Tue Nov 05 2024 18:00:00 GMT+0000 (Greenwich Mean Time),0.0226,0.0307,0.0458,0
Tue Nov 05 2024 19:00:00 GMT+0000 (Greenwich Mean Time),0.0226,0.0307,0.0458,0
Tue Nov 05 2024 20:00:00 GMT+0000 (Greenwich Mean Time),0.0226,0.0307,0.0458,0
Tue Nov 05 2024 21:00:00 GMT+0000 (Greenwich Mean Time),0.0226,0.0307,0.0458,0
Tue Nov 05 2024 22:00:00 GMT+0000 (Greenwich Mean Time),0.0226,0.0307,0.0458,0
Tue Nov 05 2024 23:00:00 GMT+0000 (Greenwich Mean Time),0.0226,0.0307,0.0458,0
Wed Nov 06 2024 00:00:00 GMT+0000 (Greenwich Mean Time),0.0226,0.0307,0.0458,0
Wed Nov 06 2024 01:00:00 GMT+0000 (Greenwich Mean Time),0.0226,0.0307,0.0458,0
Wed Nov 06 2024 02:00:00 GMT+0000 (Greenwich Mean Time),0.0226,0.0307,0.0458,0
Wed Nov 06 2024 03:00:00 GMT+0000 (Greenwich Mean Time),0.0226,0.0307,0.0458,0
Wed Nov 06 2024 04:00:00 GMT+0000 (Greenwich Mean Time),0.0226,0.0307,0.0458,0
Wed Nov 06 2024 05:00:00 GMT+0000 (Greenwich Mean Time),0.0226,0.0307,0.0458,0
Wed Nov 06 2024 06:00:00 GMT+0000 (Greenwich Mean Time),0.0226,0.0307,0.0458,0
Wed Nov 06 2024 07:00:00 GMT+0000 (Greenwich Mean Time),0.0226,0.0307,0.0458,0
Wed Nov 06 2024 08:00:00 GMT+0000 (Greenwich Mean Time),0.0226,0.0226,0.0458,0
Wed Nov 06 2024 09:00:00 GMT+0000 (Greenwich Mean Time),0.0572,0.0275,0.0458,0
Wed Nov 06 2024 10:00:00 GMT+0000 (Greenwich Mean Time),0.0572,0.0275,0.0458,0
Wed Nov 06 2024 11:00:00 GMT+0000 (Greenwich Mean Time),0.0572,0.0275,0.0458,0
Wed Nov 06 2024 12:00:00 GMT+0000 (Greenwich Mean Time),0.0572,0.0275,0.0458,0
Wed Nov 06 2024 13:00:00 GMT+0000 (Greenwich Mean Time),0.0572,0.0275,0.0458,0
Wed Nov 06 2024 14:00:00 GMT+0000 (Greenwich Mean Time),0.0572,0.0275,0.0458,0
Wed Nov 06 2024 15:00:00 GMT+0000 (Greenwich Mean Time),0.0572,0.0275,0.0458,0
Wed Nov 06 2024 16:00:00 GMT+0000 (Greenwich Mean Time),0.0572,0.0275,0.0455,11331.529622768938
Wed Nov 06 2024 17:00:00 GMT+0000 (Greenwich Mean Time),0.0572,0.0275,0.0458,15044.274858444789
Wed Nov 06 2024 18:00:00 GMT+0000 (Greenwich Mean Time),0.0572,0.0275,0.0458,0
Wed Nov 06 2024 19:00:00 GMT+0000 (Greenwich Mean Time),0.0572,0.0275,0.0458,0
Wed Nov 06 2024 20:00:00 GMT+0000 (Greenwich Mean Time),0.0572,0.0275,0.0458,0
Wed Nov 06 2024 21:00:00 GMT+0000 (Greenwich Mean Time),0.0572,0.0275,0.0458,0
Wed Nov 06 2024 22:00:00 GMT+0000 (Greenwich Mean Time),0.0572,0.0275,0.0458,0
Wed Nov 06 2024 23:00:00 GMT+0000 (Greenwich Mean Time),0.0572,0.0275,0.0458,0
Thu Nov 07 2024 00:00:00 GMT+0000 (Greenwich Mean Time),0.0572,0.0275,0.0458,0
Thu Nov 07 2024 01:00:00 GMT+0000 (Greenwich Mean Time),0.0572,0.0275,0.0458,0
Thu Nov 07 2024 02:00:00 GMT+0000 (Greenwich Mean Time),0.0572,0.0275,0.0458,0
Thu Nov 07 2024 03:00:00 GMT+0000 (Greenwich Mean Time),0.0572,0.0275,0.0458,0
Thu Nov 07 2024 04:00:00 GMT+0000 (Greenwich Mean Time),0.0572,0.0275,0.0458,0
Thu Nov 07 2024 05:00:00 GMT+0000 (Greenwich Mean Time),0.0572,0.0275,0.0458,0
Thu Nov 07 2024 06:00:00 GMT+0000 (Greenwich Mean Time),0.0572,0.0275,0.0458,0
Thu Nov 07 2024 07:00:00 GMT+0000 (Greenwich Mean Time),0.0572,0.0275,0.0458,0
Thu Nov 07 2024 08:00:00 GMT+0000 (Greenwich Mean Time),0.0572,0.0217,0.0458,0
Thu Nov 07 2024 09:00:00 GMT+0000 (Greenwich Mean Time),0.0565,0.0266,0.0458,0
Thu Nov 07 2024 10:00:00 GMT+0000 (Greenwich Mean Time),0.0565,0.0266,0.0458,0
Thu Nov 07 2024 11:00:00 GMT+0000 (Greenwich Mean Time),0.0565,0.0266,0.0458,0
Thu Nov 07 2024 12:00:00 GMT+0000 (Greenwich Mean Time),0.0565,0.0266,0.0458,271.4441226856993
Thu Nov 07 2024 13:00:00 GMT+0000 (Greenwich Mean Time),0.0565,0.0266,0.0458,0
Thu Nov 07 2024 14:00:00 GMT+0000 (Greenwich Mean Time),0.0565,0.0266,0.0458,0
Thu Nov 07 2024 15:00:00 GMT+0000 (Greenwich Mean Time),0.0565,0.0266,0.0458,0
Thu Nov 07 2024 16:00:00 GMT+0000 (Greenwich Mean Time),0.0565,0.0266,0.0458,0
Thu Nov 07 2024 17:00:00 GMT+0000 (Greenwich Mean Time),0.0565,0.0266,0.0458,0
Thu Nov 07 2024 18:00:00 GMT+0000 (Greenwich Mean Time),0.0565,0.0266,0.0458,0
Thu Nov 07 2024 19:00:00 GMT+0000 (Greenwich Mean Time),0.0565,0.0266,0.0458,0
Thu Nov 07 2024 20:00:00 GMT+0000 (Greenwich Mean Time),0.0565,0.0266,0.0458,0
Thu Nov 07 2024 21:00:00 GMT+0000 (Greenwich Mean Time),0.0565,0.0266,0.0458,0
Thu Nov 07 2024 22:00:00 GMT+0000 (Greenwich Mean Time),0.0565,0.0266,0.0458,0
Thu Nov 07 2024 23:00:00 GMT+0000 (Greenwich Mean Time),0.0565,0.0266,0.0458,0
Fri Nov 08 2024 00:00:00 GMT+0000 (Greenwich Mean Time),0.0565,0.0266,0.0458,0
Fri Nov 08 2024 01:00:00 GMT+0000 (Greenwich Mean Time),0.0565,0.0266,0.0458,0
Fri Nov 08 2024 02:00:00 GMT+0000 (Greenwich Mean Time),0.0565,0.0266,0.0458,0
Fri Nov 08 2024 03:00:00 GMT+0000 (Greenwich Mean Time),0.0565,0.0266,0.0458,0
Fri Nov 08 2024 04:00:00 GMT+0000 (Greenwich Mean Time),0.0565,0.0266,0.0458,0
Fri Nov 08 2024 05:00:00 GMT+0000 (Greenwich Mean Time),0.0565,0.0266,0.0458,0
Fri Nov 08 2024 06:00:00 GMT+0000 (Greenwich Mean Time),0.0565,0.0266,0.0458,0
Fri Nov 08 2024 07:00:00 GMT+0000 (Greenwich Mean Time),0.0565,0.0266,0.0458,0
Fri Nov 08 2024 08:00:00 GMT+0000 (Greenwich Mean Time),0.0565,0.0297,0.0458,0
Fri Nov 08 2024 09:00:00 GMT+0000 (Greenwich Mean Time),0.0461,0.0321,0.0458,0
Fri Nov 08 2024 10:00:00 GMT+0000 (Greenwich Mean Time),0.0461,0.0321,0.0458,0
Fri Nov 08 2024 11:00:00 GMT+0000 (Greenwich Mean Time),0.0461,0.0321,0.0458,0
Fri Nov 08 2024 12:00:00 GMT+0000 (Greenwich Mean Time),0.0461,0.0321,0.0458,0
Fri Nov 08 2024 13:00:00 GMT+0000 (Greenwich Mean Time),0.0461,0.0321,0.0458,0
Fri Nov 08 2024 14:00:00 GMT+0000 (Greenwich Mean Time),0.0461,0.0321,0.0458,0
Fri Nov 08 2024 15:00:00 GMT+0000 (Greenwich Mean Time),0.0461,0.0321,0.0458,0
Fri Nov 08 2024 16:00:00 GMT+0000 (Greenwich Mean Time),0.0461,0.0321,0.0458,0
Fri Nov 08 2024 17:00:00 GMT+0000 (Greenwich Mean Time),0.0461,0.0321,0.0458,0
Fri Nov 08 2024 18:00:00 GMT+0000 (Greenwich Mean Time),0.0461,0.0321,0.0459,610.530290987521
Fri Nov 08 2024 19:00:00 GMT+0000 (Greenwich Mean Time),0.0461,0.0321,0.0459,0
Fri Nov 08 2024 20:00:00 GMT+0000 (Greenwich Mean Time),0.0461,0.0321,0.0459,0
Fri Nov 08 2024 21:00:00 GMT+0000 (Greenwich Mean Time),0.0461,0.0321,0.0459,0
Fri Nov 08 2024 22:00:00 GMT+0000 (Greenwich Mean Time),0.0461,0.0321,0.0459,0
Fri Nov 08 2024 23:00:00 GMT+0000 (Greenwich Mean Time),0.0461,0.0321,0.0459,0
Sat Nov 09 2024 00:00:00 GMT+0000 (Greenwich Mean Time),0.0461,0.0321,0.0459,0
Sat Nov 09 2024 01:00:00 GMT+0000 (Greenwich Mean Time),0.0461,0.0321,0.0459,0
Sat Nov 09 2024 02:00:00 GMT+0000 (Greenwich Mean Time),0.0461,0.0321,0.0459,0
Sat Nov 09 2024 03:00:00 GMT+0000 (Greenwich Mean Time),0.0461,0.0321,0.0459,0
Sat Nov 09 2024 04:00:00 GMT+0000 (Greenwich Mean Time),0.0461,0.0321,0.0459,0
Sat Nov 09 2024 05:00:00 GMT+0000 (Greenwich Mean Time),0.0461,0.0321,0.046,9221.423282984459
Sat Nov 09 2024 06:00:00 GMT+0000 (Greenwich Mean Time),0.0461,0.0321,0.046,0
Sat Nov 09 2024 07:00:00 GMT+0000 (Greenwich Mean Time),0.0461,0.0321,0.046,0
Sat Nov 09 2024 08:00:00 GMT+0000 (Greenwich Mean Time),0.0461,0.0321,0.046,0
Sat Nov 09 2024 09:00:00 GMT+0000 (Greenwich Mean Time),0.0133,0.0323,0.046,0
Sat Nov 09 2024 10:00:00 GMT+0000 (Greenwich Mean Time),0.0133,0.0323,0.046,0
Sat Nov 09 2024 11:00:00 GMT+0000 (Greenwich Mean Time),0.0133,0.0323,0.046,0
Sat Nov 09 2024 12:00:00 GMT+0000 (Greenwich Mean Time),0.0133,0.0323,0.046,0
Sat Nov 09 2024 13:00:00 GMT+0000 (Greenwich Mean Time),0.0133,0.0323,0.046,0
Sat Nov 09 2024 14:00:00 GMT+0000 (Greenwich Mean Time),0.0133,0.0323,0.046,0
Sat Nov 09 2024 15:00:00 GMT+0000 (Greenwich Mean Time),0.0133,0.0323,0.046,0
Sat Nov 09 2024 16:00:00 GMT+0000 (Greenwich Mean Time),0.0133,0.0323,0.046,1223.8189519021942
Sat Nov 09 2024 17:00:00 GMT+0000 (Greenwich Mean Time),0.0133,0.0323,0.046,0
Sat Nov 09 2024 18:00:00 GMT+0000 (Greenwich Mean Time),0.0133,0.0323,0.046,0
Sat Nov 09 2024 19:00:00 GMT+0000 (Greenwich Mean Time),0.0133,0.0323,0.046,0
Sat Nov 09 2024 20:00:00 GMT+0000 (Greenwich Mean Time),0.0133,0.0323,0.046,0
Sat Nov 09 2024 21:00:00 GMT+0000 (Greenwich Mean Time),0.0133,0.0323,0.046,0
Sat Nov 09 2024 22:00:00 GMT+0000 (Greenwich Mean Time),0.0133,0.0323,0.046,0
Sat Nov 09 2024 23:00:00 GMT+0000 (Greenwich Mean Time),0.0133,0.0323,0.046,0
Sun Nov 10 2024 00:00:00 GMT+0000 (Greenwich Mean Time),0.0133,0.0323,0.046,0
Sun Nov 10 2024 01:00:00 GMT+0000 (Greenwich Mean Time),0.0133,0.0323,0.046,0
Sun Nov 10 2024 02:00:00 GMT+0000 (Greenwich Mean Time),0.0133,0.0323,0.046,0
Sun Nov 10 2024 03:00:00 GMT+0000 (Greenwich Mean Time),0.0133,0.0323,0.046,0
Sun Nov 10 2024 04:00:00 GMT+0000 (Greenwich Mean Time),0.0133,0.0323,0.046,0
Sun Nov 10 2024 05:00:00 GMT+0000 (Greenwich Mean Time),0.0133,0.0323,0.046,0
Sun Nov 10 2024 06:00:00 GMT+0000 (Greenwich Mean Time),0.0133,0.0323,0.046,0
Sun Nov 10 2024 07:00:00 GMT+0000 (Greenwich Mean Time),0.0133,0.0323,0.046,0
Sun Nov 10 2024 08:00:00 GMT+0000 (Greenwich Mean Time),0.0133,0.0323,0.046,0
Sun Nov 10 2024 09:00:00 GMT+0000 (Greenwich Mean Time),0,0.0353,0.046,0
Sun Nov 10 2024 10:00:00 GMT+0000 (Greenwich Mean Time),0.014,0.0323,0.046,0
Sun Nov 10 2024 11:00:00 GMT+0000 (Greenwich Mean Time),0.014,0.0323,0.046,0
Sun Nov 10 2024 12:00:00 GMT+0000 (Greenwich Mean Time),0.014,0.0323,0.046,0
Sun Nov 10 2024 13:00:00 GMT+0000 (Greenwich Mean Time),0.014,0.0323,0.046,0
Sun Nov 10 2024 14:00:00 GMT+0000 (Greenwich Mean Time),0.014,0.0323,0.046,48.81209166266383
Sun Nov 10 2024 15:00:00 GMT+0000 (Greenwich Mean Time),0.014,0.0323,0.046,0
Sun Nov 10 2024 16:00:00 GMT+0000 (Greenwich Mean Time),0.014,0.0323,0.046,0
Sun Nov 10 2024 17:00:00 GMT+0000 (Greenwich Mean Time),0.014,0.0323,0.046,0
Sun Nov 10 2024 18:00:00 GMT+0000 (Greenwich Mean Time),0.014,0.0323,0.046,0
Sun Nov 10 2024 19:00:00 GMT+0000 (Greenwich Mean Time),0.014,0.0323,0.046,0
Sun Nov 10 2024 20:00:00 GMT+0000 (Greenwich Mean Time),0.014,0.0323,0.046,0
Sun Nov 10 2024 21:00:00 GMT+0000 (Greenwich Mean Time),0.014,0.0323,0.046,0
Sun Nov 10 2024 22:00:00 GMT+0000 (Greenwich Mean Time),0.014,0.0323,0.046,0
Sun Nov 10 2024 23:00:00 GMT+0000 (Greenwich Mean Time),0.014,0.0323,0.046,683.0458748935265
Mon Nov 11 2024 00:00:00 GMT+0000 (Greenwich Mean Time),0.014,0.0323,0.046,0
Mon Nov 11 2024 01:00:00 GMT+0000 (Greenwich Mean Time),0.014,0.0323,0.046,0
Mon Nov 11 2024 02:00:00 GMT+0000 (Greenwich Mean Time),0.014,0.0323,0.0461,562.1751616782735
Mon Nov 11 2024 03:00:00 GMT+0000 (Greenwich Mean Time),0.014,0.0323,0.0461,0
Mon Nov 11 2024 04:00:00 GMT+0000 (Greenwich Mean Time),0.014,0.0323,0.0461,0
Mon Nov 11 2024 05:00:00 GMT+0000 (Greenwich Mean Time),0.014,0.0323,0.0461,0
Mon Nov 11 2024 06:00:00 GMT+0000 (Greenwich Mean Time),0.014,0.0323,0.0461,0
Mon Nov 11 2024 07:00:00 GMT+0000 (Greenwich Mean Time),0.014,0.0323,0.0461,0
Mon Nov 11 2024 08:00:00 GMT+0000 (Greenwich Mean Time),0.014,0.0323,0.0461,0
Mon Nov 11 2024 09:00:00 GMT+0000 (Greenwich Mean Time),0,0.0348,0.0461,0
Mon Nov 11 2024 10:00:00 GMT+0000 (Greenwich Mean Time),0.0147,0.0319,0.0461,0
Mon Nov 11 2024 11:00:00 GMT+0000 (Greenwich Mean Time),0.0147,0.0319,0.0461,0
Mon Nov 11 2024 12:00:00 GMT+0000 (Greenwich Mean Time),0.0147,0.0319,0.0461,0
Mon Nov 11 2024 13:00:00 GMT+0000 (Greenwich Mean Time),0.0147,0.0319,0.0461,0
Mon Nov 11 2024 14:00:00 GMT+0000 (Greenwich Mean Time),0.0147,0.0319,0.0461,0
Mon Nov 11 2024 15:00:00 GMT+0000 (Greenwich Mean Time),0.0147,0.0319,0.0461,0
Mon Nov 11 2024 16:00:00 GMT+0000 (Greenwich Mean Time),0.0147,0.0319,0.0461,0
Mon Nov 11 2024 17:00:00 GMT+0000 (Greenwich Mean Time),0.0147,0.0319,0.0461,0
Mon Nov 11 2024 18:00:00 GMT+0000 (Greenwich Mean Time),0.0147,0.0319,0.0461,0
Mon Nov 11 2024 19:00:00 GMT+0000 (Greenwich Mean Time),0.0147,0.0319,0.0461,0
Mon Nov 11 2024 20:00:00 GMT+0000 (Greenwich Mean Time),0.0147,0.0319,0.0461,0
Mon Nov 11 2024 21:00:00 GMT+0000 (Greenwich Mean Time),0.0147,0.0319,0.0461,0
Mon Nov 11 2024 22:00:00 GMT+0000 (Greenwich Mean Time),0.0147,0.0319,0.0461,0
Mon Nov 11 2024 23:00:00 GMT+0000 (Greenwich Mean Time),0.0147,0.0319,0.0461,0
Tue Nov 12 2024 00:00:00 GMT+0000 (Greenwich Mean Time),0.0147,0.0319,0.0461,0
Tue Nov 12 2024 01:00:00 GMT+0000 (Greenwich Mean Time),0.0147,0.0319,0.0461,0
Tue Nov 12 2024 02:00:00 GMT+0000 (Greenwich Mean Time),0.0147,0.0319,0.0461,0
Tue Nov 12 2024 03:00:00 GMT+0000 (Greenwich Mean Time),0.0147,0.0319,0.0461,0
Tue Nov 12 2024 04:00:00 GMT+0000 (Greenwich Mean Time),0.0147,0.0319,0.0461,0
Tue Nov 12 2024 05:00:00 GMT+0000 (Greenwich Mean Time),0.0147,0.0319,0.0461,0
Tue Nov 12 2024 06:00:00 GMT+0000 (Greenwich Mean Time),0.0147,0.0319,0.0461,2419.639125519414
Tue Nov 12 2024 07:00:00 GMT+0000 (Greenwich Mean Time),0.0147,0.0319,0.0461,0
Tue Nov 12 2024 08:00:00 GMT+0000 (Greenwich Mean Time),0.0147,0.0319,0.0461,0
Tue Nov 12 2024 09:00:00 GMT+0000 (Greenwich Mean Time),0.0147,0.0334,0.0461,0
Tue Nov 12 2024 10:00:00 GMT+0000 (Greenwich Mean Time),0.0151,0.0308,0.0461,0
Tue Nov 12 2024 11:00:00 GMT+0000 (Greenwich Mean Time),0.0151,0.0308,0.0461,0
Tue Nov 12 2024 12:00:00 GMT+0000 (Greenwich Mean Time),0.0151,0.0308,0.0461,0
Tue Nov 12 2024 13:00:00 GMT+0000 (Greenwich Mean Time),0.0151,0.0308,0.0461,0
Tue Nov 12 2024 14:00:00 GMT+0000 (Greenwich Mean Time),0.0151,0.0308,0.0461,0
Tue Nov 12 2024 15:00:00 GMT+0000 (Greenwich Mean Time),0.0151,0.0308,0.0461,0
Tue Nov 12 2024 16:00:00 GMT+0000 (Greenwich Mean Time),0.0151,0.0308,0.0461,0
Tue Nov 12 2024 17:00:00 GMT+0000 (Greenwich Mean Time),0.0151,0.0308,0.0461,25.44935752300211
Tue Nov 12 2024 18:00:00 GMT+0000 (Greenwich Mean Time),0.0151,0.0308,0.0461,0
Tue Nov 12 2024 19:00:00 GMT+0000 (Greenwich Mean Time),0.0151,0.0308,0.0461,0
Tue Nov 12 2024 20:00:00 GMT+0000 (Greenwich Mean Time),0.0151,0.0308,0.0461,0
Tue Nov 12 2024 21:00:00 GMT+0000 (Greenwich Mean Time),0.0151,0.0308,0.0461,0
Tue Nov 12 2024 22:00:00 GMT+0000 (Greenwich Mean Time),0.0151,0.0308,0.0461,0
Tue Nov 12 2024 23:00:00 GMT+0000 (Greenwich Mean Time),0.0151,0.0308,0.0461,0
Wed Nov 13 2024 00:00:00 GMT+0000 (Greenwich Mean Time),0.0151,0.0308,0.0461,0
Wed Nov 13 2024 01:00:00 GMT+0000 (Greenwich Mean Time),0.0151,0.0308,0.0461,0
Wed Nov 13 2024 02:00:00 GMT+0000 (Greenwich Mean Time),0.0151,0.0308,0.0461,0
Wed Nov 13 2024 03:00:00 GMT+0000 (Greenwich Mean Time),0.0151,0.0308,0.0461,0
Wed Nov 13 2024 04:00:00 GMT+0000 (Greenwich Mean Time),0.0151,0.0308,0.0461,0
Wed Nov 13 2024 05:00:00 GMT+0000 (Greenwich Mean Time),0.0151,0.0308,0.0461,0
Wed Nov 13 2024 06:00:00 GMT+0000 (Greenwich Mean Time),0.0151,0.0308,0.0461,0
Wed Nov 13 2024 07:00:00 GMT+0000 (Greenwich Mean Time),0.0151,0.0308,0.0461,0
Wed Nov 13 2024 08:00:00 GMT+0000 (Greenwich Mean Time),0.0151,0.0308,0.0461,0
Wed Nov 13 2024 09:00:00 GMT+0000 (Greenwich Mean Time),0.0151,0.0265,0.0461,0
Wed Nov 13 2024 10:00:00 GMT+0000 (Greenwich Mean Time),0.029,0.0268,0.0461,0
Wed Nov 13 2024 11:00:00 GMT+0000 (Greenwich Mean Time),0.029,0.0268,0.0461,0
Wed Nov 13 2024 12:00:00 GMT+0000 (Greenwich Mean Time),0.029,0.0268,0.0461,0
Wed Nov 13 2024 13:00:00 GMT+0000 (Greenwich Mean Time),0.029,0.0268,0.0461,0
Wed Nov 13 2024 14:00:00 GMT+0000 (Greenwich Mean Time),0.029,0.0268,0.0461,0
Wed Nov 13 2024 15:00:00 GMT+0000 (Greenwich Mean Time),0.029,0.0268,0.0461,0
Wed Nov 13 2024 16:00:00 GMT+0000 (Greenwich Mean Time),0.029,0.0268,0.0461,0
Wed Nov 13 2024 17:00:00 GMT+0000 (Greenwich Mean Time),0.029,0.0268,0.0461,0
Wed Nov 13 2024 18:00:00 GMT+0000 (Greenwich Mean Time),0.029,0.0268,0.0461,0
Wed Nov 13 2024 19:00:00 GMT+0000 (Greenwich Mean Time),0.029,0.0268,0.0461,0
Wed Nov 13 2024 20:00:00 GMT+0000 (Greenwich Mean Time),0.029,0.0268,0.0461,0
Wed Nov 13 2024 21:00:00 GMT+0000 (Greenwich Mean Time),0.029,0.0268,0.0461,0
Wed Nov 13 2024 22:00:00 GMT+0000 (Greenwich Mean Time),0.029,0.0268,0.0461,0
Wed Nov 13 2024 23:00:00 GMT+0000 (Greenwich Mean Time),0.029,0.0268,0.0461,0
Thu Nov 14 2024 00:00:00 GMT+0000 (Greenwich Mean Time),0.029,0.0268,0.0461,0
Thu Nov 14 2024 01:00:00 GMT+0000 (Greenwich Mean Time),0.029,0.0268,0.0461,0
Thu Nov 14 2024 02:00:00 GMT+0000 (Greenwich Mean Time),0.029,0.0268,0.0461,0
Thu Nov 14 2024 03:00:00 GMT+0000 (Greenwich Mean Time),0.029,0.0268,0.0461,0
Thu Nov 14 2024 04:00:00 GMT+0000 (Greenwich Mean Time),0.029,0.0268,0.0461,0
Thu Nov 14 2024 05:00:00 GMT+0000 (Greenwich Mean Time),0.029,0.0268,0.0461,0
Thu Nov 14 2024 06:00:00 GMT+0000 (Greenwich Mean Time),0.029,0.0268,0.0461,1254.0167025021337
Thu Nov 14 2024 07:00:00 GMT+0000 (Greenwich Mean Time),0.029,0.0268,0.0461,0
Thu Nov 14 2024 08:00:00 GMT+0000 (Greenwich Mean Time),0.029,0.0268,0.0461,0
Thu Nov 14 2024 09:00:00 GMT+0000 (Greenwich Mean Time),0.029,0.022,0.0461,0
Thu Nov 14 2024 10:00:00 GMT+0000 (Greenwich Mean Time),0.0312,0.0233,0.0461,0
Thu Nov 14 2024 11:00:00 GMT+0000 (Greenwich Mean Time),0.0312,0.0233,0.0461,0
Thu Nov 14 2024 12:00:00 GMT+0000 (Greenwich Mean Time),0.0312,0.0233,0.0461,0
Thu Nov 14 2024 13:00:00 GMT+0000 (Greenwich Mean Time),0.0312,0.0233,0.0461,0
Thu Nov 14 2024 14:00:00 GMT+0000 (Greenwich Mean Time),0.0312,0.0233,0.0461,0
Thu Nov 14 2024 15:00:00 GMT+0000 (Greenwich Mean Time),0.0312,0.0233,0.0461,0
Thu Nov 14 2024 16:00:00 GMT+0000 (Greenwich Mean Time),0.0312,0.0233,0.0461,0
Thu Nov 14 2024 17:00:00 GMT+0000 (Greenwich Mean Time),0.0312,0.0233,0.0461,0
Thu Nov 14 2024 18:00:00 GMT+0000 (Greenwich Mean Time),0.0312,0.0233,0.0461,0
Thu Nov 14 2024 19:00:00 GMT+0000 (Greenwich Mean Time),0.0312,0.0233,0.0461,0
Thu Nov 14 2024 20:00:00 GMT+0000 (Greenwich Mean Time),0.0312,0.0233,0.0461,0
Thu Nov 14 2024 21:00:00 GMT+0000 (Greenwich Mean Time),0.0312,0.0233,0.0461,0
Thu Nov 14 2024 22:00:00 GMT+0000 (Greenwich Mean Time),0.0312,0.0233,0.0461,0
Thu Nov 14 2024 23:00:00 GMT+0000 (Greenwich Mean Time),0.0312,0.0233,0.0461,0
Fri Nov 15 2024 00:00:00 GMT+0000 (Greenwich Mean Time),0.0312,0.0233,0.0461,0
Fri Nov 15 2024 01:00:00 GMT+0000 (Greenwich Mean Time),0.0312,0.0233,0.0461,0
Fri Nov 15 2024 02:00:00 GMT+0000 (Greenwich Mean Time),0.0312,0.0233,0.0461,0
Fri Nov 15 2024 03:00:00 GMT+0000 (Greenwich Mean Time),0.0312,0.0233,0.0461,0
Fri Nov 15 2024 04:00:00 GMT+0000 (Greenwich Mean Time),0.0312,0.0233,0.0473,63807.07548736369
Fri Nov 15 2024 05:00:00 GMT+0000 (Greenwich Mean Time),0.0312,0.0233,0.0473,0
Fri Nov 15 2024 06:00:00 GMT+0000 (Greenwich Mean Time),0.0312,0.0233,0.0473,0
Fri Nov 15 2024 07:00:00 GMT+0000 (Greenwich Mean Time),0.0312,0.0233,0.0473,0
Fri Nov 15 2024 08:00:00 GMT+0000 (Greenwich Mean Time),0.0312,0.0233,0.0473,0
Fri Nov 15 2024 09:00:00 GMT+0000 (Greenwich Mean Time),0.0312,0.0195,0.0473,0
Fri Nov 15 2024 10:00:00 GMT+0000 (Greenwich Mean Time),0.0313,0.0212,0.0473,0
Fri Nov 15 2024 11:00:00 GMT+0000 (Greenwich Mean Time),0.0313,0.0212,0.0473,0
Fri Nov 15 2024 12:00:00 GMT+0000 (Greenwich Mean Time),0.0313,0.0212,0.0473,129.29651951750125
Fri Nov 15 2024 13:00:00 GMT+0000 (Greenwich Mean Time),0.0313,0.0212,0.0473,0
Fri Nov 15 2024 14:00:00 GMT+0000 (Greenwich Mean Time),0.0313,0.0212,0.0473,0
Fri Nov 15 2024 15:00:00 GMT+0000 (Greenwich Mean Time),0.0313,0.0212,0.0473,0
Fri Nov 15 2024 16:00:00 GMT+0000 (Greenwich Mean Time),0.0313,0.0212,0.0473,0
Fri Nov 15 2024 17:00:00 GMT+0000 (Greenwich Mean Time),0.0313,0.0212,0.0473,0
Fri Nov 15 2024 18:00:00 GMT+0000 (Greenwich Mean Time),0.0313,0.0212,0.0473,0
Fri Nov 15 2024 19:00:00 GMT+0000 (Greenwich Mean Time),0.0313,0.0212,0.0473,0
Fri Nov 15 2024 20:00:00 GMT+0000 (Greenwich Mean Time),0.0313,0.0212,0.0473,0
Fri Nov 15 2024 21:00:00 GMT+0000 (Greenwich Mean Time),0.0313,0.0212,0.0473,0
Fri Nov 15 2024 22:00:00 GMT+0000 (Greenwich Mean Time),0.0313,0.0212,0.0473,0
Fri Nov 15 2024 23:00:00 GMT+0000 (Greenwich Mean Time),0.0313,0.0212,0.0473,0
Sat Nov 16 2024 00:00:00 GMT+0000 (Greenwich Mean Time),0.0313,0.0212,0.0473,0
Sat Nov 16 2024 01:00:00 GMT+0000 (Greenwich Mean Time),0.0313,0.0212,0.0473,0
Sat Nov 16 2024 02:00:00 GMT+0000 (Greenwich Mean Time),0.0313,0.0212,0.0473,0
Sat Nov 16 2024 03:00:00 GMT+0000 (Greenwich Mean Time),0.0313,0.0212,0.0473,0
Sat Nov 16 2024 04:00:00 GMT+0000 (Greenwich Mean Time),0.0313,0.0212,0.0473,0
Sat Nov 16 2024 05:00:00 GMT+0000 (Greenwich Mean Time),0.0313,0.0212,0.0473,0
Sat Nov 16 2024 06:00:00 GMT+0000 (Greenwich Mean Time),0.0313,0.0212,0.0473,0
Sat Nov 16 2024 07:00:00 GMT+0000 (Greenwich Mean Time),0.0313,0.0212,0.0473,0
Sat Nov 16 2024 08:00:00 GMT+0000 (Greenwich Mean Time),0.0313,0.0212,0.0473,0
Sat Nov 16 2024 09:00:00 GMT+0000 (Greenwich Mean Time),0.0313,0.0225,0.0473,0
Sat Nov 16 2024 10:00:00 GMT+0000 (Greenwich Mean Time),0.0186,0.022,0.0473,0
Sat Nov 16 2024 11:00:00 GMT+0000 (Greenwich Mean Time),0.0186,0.022,0.0473,6253.857374809079
Sat Nov 16 2024 12:00:00 GMT+0000 (Greenwich Mean Time),0.0186,0.022,0.0473,0
Sat Nov 16 2024 13:00:00 GMT+0000 (Greenwich Mean Time),0.0186,0.022,0.0473,0
Sat Nov 16 2024 14:00:00 GMT+0000 (Greenwich Mean Time),0.0186,0.022,0.0473,0
Sat Nov 16 2024 15:00:00 GMT+0000 (Greenwich Mean Time),0.0186,0.022,0.0473,0
Sat Nov 16 2024 16:00:00 GMT+0000 (Greenwich Mean Time),0.0186,0.022,0.0473,0
Sat Nov 16 2024 17:00:00 GMT+0000 (Greenwich Mean Time),0.0186,0.022,0.0473,0
Sat Nov 16 2024 18:00:00 GMT+0000 (Greenwich Mean Time),0.0186,0.022,0.0473,0
Sat Nov 16 2024 19:00:00 GMT+0000 (Greenwich Mean Time),0.0186,0.022,0.0473,0
Sat Nov 16 2024 20:00:00 GMT+0000 (Greenwich Mean Time),0.0186,0.022,0.0473,0
Sat Nov 16 2024 21:00:00 GMT+0000 (Greenwich Mean Time),0.0186,0.022,0.0473,0
Sat Nov 16 2024 22:00:00 GMT+0000 (Greenwich Mean Time),0.0186,0.022,0.0473,0
Sat Nov 16 2024 23:00:00 GMT+0000 (Greenwich Mean Time),0.0186,0.022,0.0473,0
Sun Nov 17 2024 00:00:00 GMT+0000 (Greenwich Mean Time),0.0186,0.022,0.0473,0
Sun Nov 17 2024 01:00:00 GMT+0000 (Greenwich Mean Time),0.0186,0.022,0.0473,0
Sun Nov 17 2024 02:00:00 GMT+0000 (Greenwich Mean Time),0.0186,0.022,0.0473,0
Sun Nov 17 2024 03:00:00 GMT+0000 (Greenwich Mean Time),0.0186,0.022,0.0473,0
Sun Nov 17 2024 04:00:00 GMT+0000 (Greenwich Mean Time),0.0186,0.022,0.0473,0
Sun Nov 17 2024 05:00:00 GMT+0000 (Greenwich Mean Time),0.0186,0.022,0.0473,0
Sun Nov 17 2024 06:00:00 GMT+0000 (Greenwich Mean Time),0.0186,0.022,0.0473,0
Sun Nov 17 2024 07:00:00 GMT+0000 (Greenwich Mean Time),0.0186,0.022,0.0473,0
Sun Nov 17 2024 08:00:00 GMT+0000 (Greenwich Mean Time),0.0186,0.022,0.0473,127.49344538870703
Sun Nov 17 2024 09:00:00 GMT+0000 (Greenwich Mean Time),0.0186,0.0233,0.0473,1.2634879561416694
Sun Nov 17 2024 10:00:00 GMT+0000 (Greenwich Mean Time),0.0162,0.0223,0.0473,0
Sun Nov 17 2024 11:00:00 GMT+0000 (Greenwich Mean Time),0.0162,0.0223,0.0473,0
Sun Nov 17 2024 12:00:00 GMT+0000 (Greenwich Mean Time),0.0162,0.0223,0.0473,0
Sun Nov 17 2024 13:00:00 GMT+0000 (Greenwich Mean Time),0.0162,0.0223,0.0473,0
Sun Nov 17 2024 14:00:00 GMT+0000 (Greenwich Mean Time),0.0162,0.0223,0.0473,0
Sun Nov 17 2024 15:00:00 GMT+0000 (Greenwich Mean Time),0.0162,0.0223,0.0473,1265.600288085535
Sun Nov 17 2024 16:00:00 GMT+0000 (Greenwich Mean Time),0.0162,0.0223,0.0473,0
Sun Nov 17 2024 17:00:00 GMT+0000 (Greenwich Mean Time),0.0162,0.0223,0.0473,0
Sun Nov 17 2024 18:00:00 GMT+0000 (Greenwich Mean Time),0.0162,0.0223,0.0473,0
Sun Nov 17 2024 19:00:00 GMT+0000 (Greenwich Mean Time),0.0162,0.0223,0.0473,0
Sun Nov 17 2024 20:00:00 GMT+0000 (Greenwich Mean Time),0.0162,0.0223,0.0473,0
Sun Nov 17 2024 21:00:00 GMT+0000 (Greenwich Mean Time),0.0162,0.0223,0.0473,0
Sun Nov 17 2024 22:00:00 GMT+0000 (Greenwich Mean Time),0.0162,0.0223,0.0473,0
Sun Nov 17 2024 23:00:00 GMT+0000 (Greenwich Mean Time),0.0162,0.0223,0.0473,0
Mon Nov 18 2024 00:00:00 GMT+0000 (Greenwich Mean Time),0.0162,0.0223,0.0473,0
Mon Nov 18 2024 01:00:00 GMT+0000 (Greenwich Mean Time),0.0162,0.0223,0.0473,0
Mon Nov 18 2024 02:00:00 GMT+0000 (Greenwich Mean Time),0.0162,0.0223,0.0473,0
Mon Nov 18 2024 03:00:00 GMT+0000 (Greenwich Mean Time),0.0162,0.0223,0.0473,0
Mon Nov 18 2024 04:00:00 GMT+0000 (Greenwich Mean Time),0.0162,0.0223,0.0473,0
Mon Nov 18 2024 05:00:00 GMT+0000 (Greenwich Mean Time),0.0162,0.0223,0.0473,0
Mon Nov 18 2024 06:00:00 GMT+0000 (Greenwich Mean Time),0.0162,0.0223,0.0473,0
Mon Nov 18 2024 07:00:00 GMT+0000 (Greenwich Mean Time),0.0162,0.0223,0.0473,0
Mon Nov 18 2024 08:00:00 GMT+0000 (Greenwich Mean Time),0.0162,0.0223,0.0473,0
Mon Nov 18 2024 09:00:00 GMT+0000 (Greenwich Mean Time),0.0162,0.0223,0.0473,0
Mon Nov 18 2024 10:00:00 GMT+0000 (Greenwich Mean Time),0.0131,0.022,0.0473,0
Mon Nov 18 2024 11:00:00 GMT+0000 (Greenwich Mean Time),0.0131,0.022,0.0473,0
Mon Nov 18 2024 12:00:00 GMT+0000 (Greenwich Mean Time),0.0131,0.022,0.0473,0
Mon Nov 18 2024 13:00:00 GMT+0000 (Greenwich Mean Time),0.0131,0.022,0.0473,0
Mon Nov 18 2024 14:00:00 GMT+0000 (Greenwich Mean Time),0.0131,0.022,0.0473,0
Mon Nov 18 2024 15:00:00 GMT+0000 (Greenwich Mean Time),0.0131,0.022,0.0473,0
Mon Nov 18 2024 16:00:00 GMT+0000 (Greenwich Mean Time),0.0131,0.022,0.0473,0
Mon Nov 18 2024 17:00:00 GMT+0000 (Greenwich Mean Time),0.0131,0.022,0.0473,0
Mon Nov 18 2024 18:00:00 GMT+0000 (Greenwich Mean Time),0.0131,0.022,0.0473,0
Mon Nov 18 2024 19:00:00 GMT+0000 (Greenwich Mean Time),0.0131,0.022,0.0473,0
Mon Nov 18 2024 20:00:00 GMT+0000 (Greenwich Mean Time),0.0131,0.022,0.0473,0
Mon Nov 18 2024 21:00:00 GMT+0000 (Greenwich Mean Time),0.0131,0.022,0.0473,0
Mon Nov 18 2024 22:00:00 GMT+0000 (Greenwich Mean Time),0.0131,0.022,0.0473,0
Mon Nov 18 2024 23:00:00 GMT+0000 (Greenwich Mean Time),0.0131,0.022,0.0473,0
Tue Nov 19 2024 00:00:00 GMT+0000 (Greenwich Mean Time),0.0131,0.022,0.0473,0
Tue Nov 19 2024 01:00:00 GMT+0000 (Greenwich Mean Time),0.0131,0.022,0.0473,0
Tue Nov 19 2024 02:00:00 GMT+0000 (Greenwich Mean Time),0.0131,0.022,0.0473,0
Tue Nov 19 2024 03:00:00 GMT+0000 (Greenwich Mean Time),0.0131,0.022,0.0473,2035.349526016572
Tue Nov 19 2024 04:00:00 GMT+0000 (Greenwich Mean Time),0.0131,0.022,0.0474,5136.396321757638
Tue Nov 19 2024 05:00:00 GMT+0000 (Greenwich Mean Time),0.0131,0.022,0.0474,0
Tue Nov 19 2024 06:00:00 GMT+0000 (Greenwich Mean Time),0.0131,0.022,0.0474,0
Tue Nov 19 2024 07:00:00 GMT+0000 (Greenwich Mean Time),0.0131,0.022,0.0474,0
Tue Nov 19 2024 08:00:00 GMT+0000 (Greenwich Mean Time),0.0131,0.022,0.0474,0
Tue Nov 19 2024 09:00:00 GMT+0000 (Greenwich Mean Time),0.0131,0.022,0.0474,0
Tue Nov 19 2024 10:00:00 GMT+0000 (Greenwich Mean Time),0,0.0232,0.0507,166181.15102886068
Tue Nov 19 2024 11:00:00 GMT+0000 (Greenwich Mean Time),0.0261,0.0236,0.0507,0
Tue Nov 19 2024 12:00:00 GMT+0000 (Greenwich Mean Time),0.0261,0.0236,0.049,89456.55972619788
Tue Nov 19 2024 13:00:00 GMT+0000 (Greenwich Mean Time),0.0261,0.0236,0.049,0
Tue Nov 19 2024 14:00:00 GMT+0000 (Greenwich Mean Time),0.0261,0.0236,0.049,0
Tue Nov 19 2024 15:00:00 GMT+0000 (Greenwich Mean Time),0.0261,0.0236,0.049,0
Tue Nov 19 2024 16:00:00 GMT+0000 (Greenwich Mean Time),0.0261,0.0236,0.0505,76128.15189846065
Tue Nov 19 2024 17:00:00 GMT+0000 (Greenwich Mean Time),0.0261,0.0236,0.0505,0
Tue Nov 19 2024 18:00:00 GMT+0000 (Greenwich Mean Time),0.0261,0.0236,0.0505,0
Tue Nov 19 2024 19:00:00 GMT+0000 (Greenwich Mean Time),0.0261,0.0236,0.0505,0
Tue Nov 19 2024 20:00:00 GMT+0000 (Greenwich Mean Time),0.0261,0.0236,0.0505,0
Tue Nov 19 2024 21:00:00 GMT+0000 (Greenwich Mean Time),0.0261,0.0236,0.0505,0
Tue Nov 19 2024 22:00:00 GMT+0000 (Greenwich Mean Time),0.0261,0.0236,0.0505,3674.597273934885
Tue Nov 19 2024 23:00:00 GMT+0000 (Greenwich Mean Time),0.0261,0.0236,0.0506,0
Wed Nov 20 2024 00:00:00 GMT+0000 (Greenwich Mean Time),0.0261,0.0236,0.0506,0
Wed Nov 20 2024 01:00:00 GMT+0000 (Greenwich Mean Time),0.0261,0.0236,0.0506,0
Wed Nov 20 2024 02:00:00 GMT+0000 (Greenwich Mean Time),0.0261,0.0236,0.0506,0
Wed Nov 20 2024 03:00:00 GMT+0000 (Greenwich Mean Time),0.0261,0.0236,0.0506,0
Wed Nov 20 2024 04:00:00 GMT+0000 (Greenwich Mean Time),0.0261,0.0236,0.0506,0
Wed Nov 20 2024 05:00:00 GMT+0000 (Greenwich Mean Time),0.0261,0.0236,0.0506,0
Wed Nov 20 2024 06:00:00 GMT+0000 (Greenwich Mean Time),0.0261,0.0236,0.0506,0
Wed Nov 20 2024 07:00:00 GMT+0000 (Greenwich Mean Time),0.0261,0.0236,0.0506,0
Wed Nov 20 2024 08:00:00 GMT+0000 (Greenwich Mean Time),0.0261,0.0236,0.0506,0
Wed Nov 20 2024 09:00:00 GMT+0000 (Greenwich Mean Time),0.0261,0.0236,0.0506,0
Wed Nov 20 2024 10:00:00 GMT+0000 (Greenwich Mean Time),0.0261,0.0227,0.0506,0
Wed Nov 20 2024 11:00:00 GMT+0000 (Greenwich Mean Time),0.0567,0.0275,0.0506,0
Wed Nov 20 2024 12:00:00 GMT+0000 (Greenwich Mean Time),0.0567,0.0275,0.0506,0
Wed Nov 20 2024 13:00:00 GMT+0000 (Greenwich Mean Time),0.0567,0.0275,0.0506,0
Wed Nov 20 2024 14:00:00 GMT+0000 (Greenwich Mean Time),0.0567,0.0275,0.0506,0
Wed Nov 20 2024 15:00:00 GMT+0000 (Greenwich Mean Time),0.0567,0.0275,0.0506,0
Wed Nov 20 2024 16:00:00 GMT+0000 (Greenwich Mean Time),0.0567,0.0275,0.0506,0
Wed Nov 20 2024 17:00:00 GMT+0000 (Greenwich Mean Time),0.0567,0.0275,0.0506,0
Wed Nov 20 2024 18:00:00 GMT+0000 (Greenwich Mean Time),0.0567,0.0275,0.0506,0
Wed Nov 20 2024 19:00:00 GMT+0000 (Greenwich Mean Time),0.0567,0.0275,0.0506,0
Wed Nov 20 2024 20:00:00 GMT+0000 (Greenwich Mean Time),0.0567,0.0275,0.0506,0
Wed Nov 20 2024 21:00:00 GMT+0000 (Greenwich Mean Time),0.0567,0.0275,0.0506,0
Wed Nov 20 2024 22:00:00 GMT+0000 (Greenwich Mean Time),0.0567,0.0275,0.0506,0
Wed Nov 20 2024 23:00:00 GMT+0000 (Greenwich Mean Time),0.0567,0.0275,0.0506,0
Thu Nov 21 2024 00:00:00 GMT+0000 (Greenwich Mean Time),0.0567,0.0275,0.0506,0
Thu Nov 21 2024 01:00:00 GMT+0000 (Greenwich Mean Time),0.0567,0.0275,0.0506,852.1149133598315
Thu Nov 21 2024 02:00:00 GMT+0000 (Greenwich Mean Time),0.0567,0.0275,0.0506,0
Thu Nov 21 2024 03:00:00 GMT+0000 (Greenwich Mean Time),0.0567,0.0275,0.0506,0
Thu Nov 21 2024 04:00:00 GMT+0000 (Greenwich Mean Time),0.0567,0.0275,0.0506,0
Thu Nov 21 2024 05:00:00 GMT+0000 (Greenwich Mean Time),0.0567,0.0275,0.0506,0
Thu Nov 21 2024 06:00:00 GMT+0000 (Greenwich Mean Time),0.0567,0.0275,0.0506,0
Thu Nov 21 2024 07:00:00 GMT+0000 (Greenwich Mean Time),0.0567,0.0275,0.0506,0
Thu Nov 21 2024 08:00:00 GMT+0000 (Greenwich Mean Time),0.0567,0.0275,0.0506,0
Thu Nov 21 2024 09:00:00 GMT+0000 (Greenwich Mean Time),0.0567,0.0275,0.0506,0
Thu Nov 21 2024 10:00:00 GMT+0000 (Greenwich Mean Time),0.0567,0.0269,0.0506,0
Thu Nov 21 2024 11:00:00 GMT+0000 (Greenwich Mean Time),0.0568,0.0311,0.0506,0
Thu Nov 21 2024 12:00:00 GMT+0000 (Greenwich Mean Time),0.0568,0.0311,0.0506,0
Thu Nov 21 2024 13:00:00 GMT+0000 (Greenwich Mean Time),0.0568,0.0311,0.0506,0
Thu Nov 21 2024 14:00:00 GMT+0000 (Greenwich Mean Time),0.0568,0.0311,0.0506,0
Thu Nov 21 2024 15:00:00 GMT+0000 (Greenwich Mean Time),0.0568,0.0311,0.0506,0
Thu Nov 21 2024 16:00:00 GMT+0000 (Greenwich Mean Time),0.0568,0.0311,0.0506,0
Thu Nov 21 2024 17:00:00 GMT+0000 (Greenwich Mean Time),0.0568,0.0311,0.0506,0
Thu Nov 21 2024 18:00:00 GMT+0000 (Greenwich Mean Time),0.0568,0.0311,0.0506,0
Thu Nov 21 2024 19:00:00 GMT+0000 (Greenwich Mean Time),0.0568,0.0311,0.0506,0
Thu Nov 21 2024 20:00:00 GMT+0000 (Greenwich Mean Time),0.0568,0.0311,0.0506,0
Thu Nov 21 2024 21:00:00 GMT+0000 (Greenwich Mean Time),0.0568,0.0311,0.0506,0
Thu Nov 21 2024 22:00:00 GMT+0000 (Greenwich Mean Time),0.0568,0.0311,0.0506,0
Thu Nov 21 2024 23:00:00 GMT+0000 (Greenwich Mean Time),0.0568,0.0311,0.0506,0
Fri Nov 22 2024 00:00:00 GMT+0000 (Greenwich Mean Time),0.0568,0.0311,0.0506,0
Fri Nov 22 2024 01:00:00 GMT+0000 (Greenwich Mean Time),0.0568,0.0311,0.0506,0
Fri Nov 22 2024 02:00:00 GMT+0000 (Greenwich Mean Time),0.0568,0.0311,0.0506,0
Fri Nov 22 2024 03:00:00 GMT+0000 (Greenwich Mean Time),0.0568,0.0311,0.0509,17241.603407174778
Fri Nov 22 2024 04:00:00 GMT+0000 (Greenwich Mean Time),0.0568,0.0311,0.0509,0
Fri Nov 22 2024 05:00:00 GMT+0000 (Greenwich Mean Time),0.0568,0.0311,0.0509,0
Fri Nov 22 2024 06:00:00 GMT+0000 (Greenwich Mean Time),0.0568,0.0311,0.0506,18262.252840588288
Fri Nov 22 2024 07:00:00 GMT+0000 (Greenwich Mean Time),0.0568,0.0311,0.0506,0
Fri Nov 22 2024 08:00:00 GMT+0000 (Greenwich Mean Time),0.0568,0.0311,0.0506,0
Fri Nov 22 2024 09:00:00 GMT+0000 (Greenwich Mean Time),0.0568,0.0311,0.0506,0
Fri Nov 22 2024 10:00:00 GMT+0000 (Greenwich Mean Time),0.0568,0.0311,0.0506,0
Fri Nov 22 2024 11:00:00 GMT+0000 (Greenwich Mean Time),0.043,0.0328,0.0506,0
Fri Nov 22 2024 12:00:00 GMT+0000 (Greenwich Mean Time),0.043,0.0328,0.0506,0
Fri Nov 22 2024 13:00:00 GMT+0000 (Greenwich Mean Time),0.043,0.0328,0.0506,0
Fri Nov 22 2024 14:00:00 GMT+0000 (Greenwich Mean Time),0.043,0.0328,0.0506,0
Fri Nov 22 2024 15:00:00 GMT+0000 (Greenwich Mean Time),0.043,0.0328,0.0506,0
Fri Nov 22 2024 16:00:00 GMT+0000 (Greenwich Mean Time),0.043,0.0328,0.0506,0
Fri Nov 22 2024 17:00:00 GMT+0000 (Greenwich Mean Time),0.043,0.0328,0.0506,0
Fri Nov 22 2024 18:00:00 GMT+0000 (Greenwich Mean Time),0.043,0.0328,0.0506,0
Fri Nov 22 2024 19:00:00 GMT+0000 (Greenwich Mean Time),0.043,0.0328,0.0506,0
Fri Nov 22 2024 20:00:00 GMT+0000 (Greenwich Mean Time),0.043,0.0328,0.0506,0
Fri Nov 22 2024 21:00:00 GMT+0000 (Greenwich Mean Time),0.043,0.0328,0.0506,0
Fri Nov 22 2024 22:00:00 GMT+0000 (Greenwich Mean Time),0.043,0.0328,0.0506,0
Fri Nov 22 2024 23:00:00 GMT+0000 (Greenwich Mean Time),0.043,0.0328,0.0506,0
Sat Nov 23 2024 00:00:00 GMT+0000 (Greenwich Mean Time),0.043,0.0328,0.0506,0
Sat Nov 23 2024 01:00:00 GMT+0000 (Greenwich Mean Time),0.043,0.0328,0.0506,0
Sat Nov 23 2024 02:00:00 GMT+0000 (Greenwich Mean Time),0.043,0.0328,0.0506,0
Sat Nov 23 2024 03:00:00 GMT+0000 (Greenwich Mean Time),0.043,0.0328,0.0506,0
Sat Nov 23 2024 04:00:00 GMT+0000 (Greenwich Mean Time),0.043,0.0328,0.0506,0
Sat Nov 23 2024 05:00:00 GMT+0000 (Greenwich Mean Time),0.043,0.0328,0.0506,0
Sat Nov 23 2024 06:00:00 GMT+0000 (Greenwich Mean Time),0.043,0.0328,0.0506,0
Sat Nov 23 2024 07:00:00 GMT+0000 (Greenwich Mean Time),0.043,0.0328,0.0506,0
Sat Nov 23 2024 08:00:00 GMT+0000 (Greenwich Mean Time),0.043,0.0328,0.0506,0
Sat Nov 23 2024 09:00:00 GMT+0000 (Greenwich Mean Time),0.043,0.0328,0.0506,2602.04138481146
Sat Nov 23 2024 10:00:00 GMT+0000 (Greenwich Mean Time),0.043,0.0352,0.0506,0
Sat Nov 23 2024 11:00:00 GMT+0000 (Greenwich Mean Time),0.0144,0.0322,0.0506,0
Sat Nov 23 2024 12:00:00 GMT+0000 (Greenwich Mean Time),0.0144,0.0322,0.0506,0
Sat Nov 23 2024 13:00:00 GMT+0000 (Greenwich Mean Time),0.0144,0.0322,0.0506,0
Sat Nov 23 2024 14:00:00 GMT+0000 (Greenwich Mean Time),0.0144,0.0322,0.0506,0
Sat Nov 23 2024 15:00:00 GMT+0000 (Greenwich Mean Time),0.0144,0.0322,0.0506,0
Sat Nov 23 2024 16:00:00 GMT+0000 (Greenwich Mean Time),0.0144,0.0322,0.0506,0
Sat Nov 23 2024 17:00:00 GMT+0000 (Greenwich Mean Time),0.0144,0.0322,0.0506,0
Sat Nov 23 2024 18:00:00 GMT+0000 (Greenwich Mean Time),0.0144,0.0322,0.0506,0
Sat Nov 23 2024 19:00:00 GMT+0000 (Greenwich Mean Time),0.0144,0.0322,0.0506,0
Sat Nov 23 2024 20:00:00 GMT+0000 (Greenwich Mean Time),0.0144,0.0322,0.0506,0
Sat Nov 23 2024 21:00:00 GMT+0000 (Greenwich Mean Time),0.0144,0.0322,0.0506,0
Sat Nov 23 2024 22:00:00 GMT+0000 (Greenwich Mean Time),0.0144,0.0322,0.0506,0
Sat Nov 23 2024 23:00:00 GMT+0000 (Greenwich Mean Time),0.0144,0.0322,0.0506,0
Sun Nov 24 2024 00:00:00 GMT+0000 (Greenwich Mean Time),0.0144,0.0322,0.0506,0
Sun Nov 24 2024 01:00:00 GMT+0000 (Greenwich Mean Time),0.0144,0.0322,0.0506,0
Sun Nov 24 2024 02:00:00 GMT+0000 (Greenwich Mean Time),0.0144,0.0322,0.0506,387.7980485822582
Sun Nov 24 2024 03:00:00 GMT+0000 (Greenwich Mean Time),0.0144,0.0322,0.0506,0
Sun Nov 24 2024 04:00:00 GMT+0000 (Greenwich Mean Time),0.0144,0.0322,0.0506,386.2097748740378
Sun Nov 24 2024 05:00:00 GMT+0000 (Greenwich Mean Time),0.0144,0.0322,0.0506,0
Sun Nov 24 2024 06:00:00 GMT+0000 (Greenwich Mean Time),0.0144,0.0322,0.0506,0
Sun Nov 24 2024 07:00:00 GMT+0000 (Greenwich Mean Time),0.0144,0.0322,0.0506,0
Sun Nov 24 2024 08:00:00 GMT+0000 (Greenwich Mean Time),0.0144,0.0322,0.0506,0
Sun Nov 24 2024 09:00:00 GMT+0000 (Greenwich Mean Time),0.0144,0.0322,0.0506,0
Sun Nov 24 2024 10:00:00 GMT+0000 (Greenwich Mean Time),0.0144,0.0349,0.0506,0
Sun Nov 24 2024 11:00:00 GMT+0000 (Greenwich Mean Time),0.0154,0.0321,0.0506,0
Sun Nov 24 2024 12:00:00 GMT+0000 (Greenwich Mean Time),0.0154,0.0321,0.0506,0
Sun Nov 24 2024 13:00:00 GMT+0000 (Greenwich Mean Time),0.0154,0.0321,0.0506,0
Sun Nov 24 2024 14:00:00 GMT+0000 (Greenwich Mean Time),0.0154,0.0321,0.0506,0
Sun Nov 24 2024 15:00:00 GMT+0000 (Greenwich Mean Time),0.0154,0.0321,0.0506,0
Sun Nov 24 2024 16:00:00 GMT+0000 (Greenwich Mean Time),0.0154,0.0321,0.0506,0
Sun Nov 24 2024 17:00:00 GMT+0000 (Greenwich Mean Time),0.0154,0.0321,0.0506,0
Sun Nov 24 2024 18:00:00 GMT+0000 (Greenwich Mean Time),0.0154,0.0321,0.0506,0
Sun Nov 24 2024 19:00:00 GMT+0000 (Greenwich Mean Time),0.0154,0.0321,0.0506,0
Sun Nov 24 2024 20:00:00 GMT+0000 (Greenwich Mean Time),0.0154,0.0321,0.0506,0
Sun Nov 24 2024 21:00:00 GMT+0000 (Greenwich Mean Time),0.0154,0.0321,0.0506,0
Sun Nov 24 2024 22:00:00 GMT+0000 (Greenwich Mean Time),0.0154,0.0321,0.0506,0
Sun Nov 24 2024 23:00:00 GMT+0000 (Greenwich Mean Time),0.0154,0.0321,0.0506,0
Mon Nov 25 2024 00:00:00 GMT+0000 (Greenwich Mean Time),0.0154,0.0321,0.0506,0
Mon Nov 25 2024 01:00:00 GMT+0000 (Greenwich Mean Time),0.0154,0.0321,0.0506,0
Mon Nov 25 2024 02:00:00 GMT+0000 (Greenwich Mean Time),0.0154,0.0321,0.0506,0
Mon Nov 25 2024 03:00:00 GMT+0000 (Greenwich Mean Time),0.0154,0.0321,0.0506,0
Mon Nov 25 2024 04:00:00 GMT+0000 (Greenwich Mean Time),0.0154,0.0321,0.0506,6.81120713348219
Mon Nov 25 2024 05:00:00 GMT+0000 (Greenwich Mean Time),0.0154,0.0321,0.0506,0
Mon Nov 25 2024 06:00:00 GMT+0000 (Greenwich Mean Time),0.0154,0.0321,0.0506,0
Mon Nov 25 2024 07:00:00 GMT+0000 (Greenwich Mean Time),0.0154,0.0321,0.0506,0
Mon Nov 25 2024 08:00:00 GMT+0000 (Greenwich Mean Time),0.0154,0.0321,0.0506,0
Mon Nov 25 2024 09:00:00 GMT+0000 (Greenwich Mean Time),0.0154,0.0321,0.0506,0
Mon Nov 25 2024 10:00:00 GMT+0000 (Greenwich Mean Time),0.0154,0.0352,0.0506,0
Mon Nov 25 2024 11:00:00 GMT+0000 (Greenwich Mean Time),0.0308,0.0346,0.0508,12389.505372607817
Mon Nov 25 2024 12:00:00 GMT+0000 (Greenwich Mean Time),0.0308,0.0346,0.0508,0
Mon Nov 25 2024 13:00:00 GMT+0000 (Greenwich Mean Time),0.0308,0.0346,0.0508,0
Mon Nov 25 2024 14:00:00 GMT+0000 (Greenwich Mean Time),0.0308,0.0346,0.0508,0
Mon Nov 25 2024 15:00:00 GMT+0000 (Greenwich Mean Time),0.0308,0.0346,0.0508,0
Mon Nov 25 2024 16:00:00 GMT+0000 (Greenwich Mean Time),0.0308,0.0346,0.0508,0
Mon Nov 25 2024 17:00:00 GMT+0000 (Greenwich Mean Time),0.0308,0.0346,0.0508,5205.2750527003645
Mon Nov 25 2024 18:00:00 GMT+0000 (Greenwich Mean Time),0.0308,0.0346,0.0508,0
Mon Nov 25 2024 19:00:00 GMT+0000 (Greenwich Mean Time),0.0308,0.0346,0.0508,0
Mon Nov 25 2024 20:00:00 GMT+0000 (Greenwich Mean Time),0.0308,0.0346,0.0508,0
Mon Nov 25 2024 21:00:00 GMT+0000 (Greenwich Mean Time),0.0308,0.0346,0.0508,0
Mon Nov 25 2024 22:00:00 GMT+0000 (Greenwich Mean Time),0.0308,0.0346,0.0508,0
Mon Nov 25 2024 23:00:00 GMT+0000 (Greenwich Mean Time),0.0308,0.0346,0.0508,0
Tue Nov 26 2024 00:00:00 GMT+0000 (Greenwich Mean Time),0.0308,0.0346,0.0508,0
Tue Nov 26 2024 01:00:00 GMT+0000 (Greenwich Mean Time),0.0308,0.0346,0.0508,0
Tue Nov 26 2024 02:00:00 GMT+0000 (Greenwich Mean Time),0.0308,0.0346,0.0508,0
Tue Nov 26 2024 03:00:00 GMT+0000 (Greenwich Mean Time),0.0308,0.0346,0.0508,0
Tue Nov 26 2024 04:00:00 GMT+0000 (Greenwich Mean Time),0.0308,0.0346,0.0508,0
Tue Nov 26 2024 05:00:00 GMT+0000 (Greenwich Mean Time),0.0308,0.0346,0.0508,0
Tue Nov 26 2024 06:00:00 GMT+0000 (Greenwich Mean Time),0.0308,0.0346,0.0508,0
Tue Nov 26 2024 07:00:00 GMT+0000 (Greenwich Mean Time),0.0308,0.0346,0.0508,0
Tue Nov 26 2024 08:00:00 GMT+0000 (Greenwich Mean Time),0.0308,0.0346,0.0508,0
Tue Nov 26 2024 09:00:00 GMT+0000 (Greenwich Mean Time),0.0308,0.0346,0.0508,0
Tue Nov 26 2024 10:00:00 GMT+0000 (Greenwich Mean Time),0.0308,0.0346,0.0508,0
Tue Nov 26 2024 11:00:00 GMT+0000 (Greenwich Mean Time),0.0628,0.0398,0.0508,0
Tue Nov 26 2024 12:00:00 GMT+0000 (Greenwich Mean Time),0.0628,0.0398,0.0508,0
Tue Nov 26 2024 13:00:00 GMT+0000 (Greenwich Mean Time),0.0628,0.0398,0.0508,0
Tue Nov 26 2024 14:00:00 GMT+0000 (Greenwich Mean Time),0.0628,0.0398,0.0508,0
Tue Nov 26 2024 15:00:00 GMT+0000 (Greenwich Mean Time),0.0628,0.0398,0.0508,0
Tue Nov 26 2024 16:00:00 GMT+0000 (Greenwich Mean Time),0.0628,0.0398,0.0508,0
Tue Nov 26 2024 17:00:00 GMT+0000 (Greenwich Mean Time),0.0628,0.0398,0.0508,0
Tue Nov 26 2024 18:00:00 GMT+0000 (Greenwich Mean Time),0.0628,0.0398,0.0508,0
Tue Nov 26 2024 19:00:00 GMT+0000 (Greenwich Mean Time),0.0628,0.0398,0.0508,0
Tue Nov 26 2024 20:00:00 GMT+0000 (Greenwich Mean Time),0.0628,0.0398,0.0508,0
Tue Nov 26 2024 21:00:00 GMT+0000 (Greenwich Mean Time),0.0628,0.0398,0.0508,0
Tue Nov 26 2024 22:00:00 GMT+0000 (Greenwich Mean Time),0.0628,0.0398,0.0508,0
Tue Nov 26 2024 23:00:00 GMT+0000 (Greenwich Mean Time),0.0628,0.0398,0.0508,0
Wed Nov 27 2024 00:00:00 GMT+0000 (Greenwich Mean Time),0.0628,0.0398,0.0508,0
Wed Nov 27 2024 01:00:00 GMT+0000 (Greenwich Mean Time),0.0628,0.0398,0.0508,0
Wed Nov 27 2024 02:00:00 GMT+0000 (Greenwich Mean Time),0.0628,0.0398,0.0508,0
Wed Nov 27 2024 03:00:00 GMT+0000 (Greenwich Mean Time),0.0628,0.0398,0.0508,0
Wed Nov 27 2024 04:00:00 GMT+0000 (Greenwich Mean Time),0.0628,0.0398,0.0508,0
Wed Nov 27 2024 05:00:00 GMT+0000 (Greenwich Mean Time),0.0628,0.0398,0.0508,0
Wed Nov 27 2024 06:00:00 GMT+0000 (Greenwich Mean Time),0.0628,0.0398,0.0508,0
Wed Nov 27 2024 07:00:00 GMT+0000 (Greenwich Mean Time),0.0628,0.0398,0.0508,0
Wed Nov 27 2024 08:00:00 GMT+0000 (Greenwich Mean Time),0.0628,0.0398,0.0509,3112.9630999400265
Wed Nov 27 2024 09:00:00 GMT+0000 (Greenwich Mean Time),0.0628,0.0398,0.0509,0
Wed Nov 27 2024 10:00:00 GMT+0000 (Greenwich Mean Time),0.0628,0.0398,0.0509,0
Wed Nov 27 2024 11:00:00 GMT+0000 (Greenwich Mean Time),0,0.037,0.0512,18423.243694904595
Wed Nov 27 2024 12:00:00 GMT+0000 (Greenwich Mean Time),0.0626,0.0406,0.0512,0
Wed Nov 27 2024 13:00:00 GMT+0000 (Greenwich Mean Time),0.0626,0.0406,0.0512,0
Wed Nov 27 2024 14:00:00 GMT+0000 (Greenwich Mean Time),0.0626,0.0406,0.0512,0
Wed Nov 27 2024 15:00:00 GMT+0000 (Greenwich Mean Time),0.0626,0.0406,0.0512,0
Wed Nov 27 2024 16:00:00 GMT+0000 (Greenwich Mean Time),0.0626,0.0406,0.0512,0
Wed Nov 27 2024 17:00:00 GMT+0000 (Greenwich Mean Time),0.0626,0.0406,0.0512,0
Wed Nov 27 2024 18:00:00 GMT+0000 (Greenwich Mean Time),0.0626,0.0406,0.0512,0
Wed Nov 27 2024 19:00:00 GMT+0000 (Greenwich Mean Time),0.0626,0.0406,0.0512,0
Wed Nov 27 2024 20:00:00 GMT+0000 (Greenwich Mean Time),0.0626,0.0406,0.0512,0
Wed Nov 27 2024 21:00:00 GMT+0000 (Greenwich Mean Time),0.0626,0.0406,0.0512,0
Wed Nov 27 2024 22:00:00 GMT+0000 (Greenwich Mean Time),0.0626,0.0406,0.0512,0
Wed Nov 27 2024 23:00:00 GMT+0000 (Greenwich Mean Time),0.0626,0.0406,0.0512,0
Thu Nov 28 2024 00:00:00 GMT+0000 (Greenwich Mean Time),0.0626,0.0406,0.0512,0
Thu Nov 28 2024 01:00:00 GMT+0000 (Greenwich Mean Time),0.0626,0.0406,0.0512,0
Thu Nov 28 2024 02:00:00 GMT+0000 (Greenwich Mean Time),0.0626,0.0406,0.0512,0
Thu Nov 28 2024 03:00:00 GMT+0000 (Greenwich Mean Time),0.0626,0.0406,0.0512,0
Thu Nov 28 2024 04:00:00 GMT+0000 (Greenwich Mean Time),0.0626,0.0406,0.0512,0
Thu Nov 28 2024 05:00:00 GMT+0000 (Greenwich Mean Time),0.0626,0.0406,0.0512,0
Thu Nov 28 2024 06:00:00 GMT+0000 (Greenwich Mean Time),0.0626,0.0406,0.0512,0
Thu Nov 28 2024 07:00:00 GMT+0000 (Greenwich Mean Time),0.0626,0.0406,0.0512,0
Thu Nov 28 2024 08:00:00 GMT+0000 (Greenwich Mean Time),0.0626,0.0406,0.0512,0
Thu Nov 28 2024 09:00:00 GMT+0000 (Greenwich Mean Time),0.0626,0.0406,0.0512,0
Thu Nov 28 2024 10:00:00 GMT+0000 (Greenwich Mean Time),0.0626,0.0406,0.0512,0
Thu Nov 28 2024 11:00:00 GMT+0000 (Greenwich Mean Time),0.0626,0.038,0.0512,0
Thu Nov 28 2024 12:00:00 GMT+0000 (Greenwich Mean Time),0.0463,0.0392,0.0512,0
Thu Nov 28 2024 13:00:00 GMT+0000 (Greenwich Mean Time),0.0463,0.0392,0.0512,0
Thu Nov 28 2024 14:00:00 GMT+0000 (Greenwich Mean Time),0.0463,0.0392,0.0512,0
Thu Nov 28 2024 15:00:00 GMT+0000 (Greenwich Mean Time),0.0463,0.0392,0.0512,0
Thu Nov 28 2024 16:00:00 GMT+0000 (Greenwich Mean Time),0.0463,0.0392,0.0512,0
Thu Nov 28 2024 17:00:00 GMT+0000 (Greenwich Mean Time),0.0463,0.0392,0.0512,0
Thu Nov 28 2024 18:00:00 GMT+0000 (Greenwich Mean Time),0.0463,0.0392,0.0512,0
Thu Nov 28 2024 19:00:00 GMT+0000 (Greenwich Mean Time),0.0463,0.0392,0.0512,0
Thu Nov 28 2024 20:00:00 GMT+0000 (Greenwich Mean Time),0.0463,0.0392,0.0512,0
Thu Nov 28 2024 21:00:00 GMT+0000 (Greenwich Mean Time),0.0463,0.0392,0.0512,0
Thu Nov 28 2024 22:00:00 GMT+0000 (Greenwich Mean Time),0.0463,0.0392,0.0512,0
Thu Nov 28 2024 23:00:00 GMT+0000 (Greenwich Mean Time),0.0463,0.0392,0.0512,0
Fri Nov 29 2024 00:00:00 GMT+0000 (Greenwich Mean Time),0.0463,0.0392,0.0512,0
Fri Nov 29 2024 01:00:00 GMT+0000 (Greenwich Mean Time),0.0463,0.0392,0.0512,881.8619424507978
Fri Nov 29 2024 02:00:00 GMT+0000 (Greenwich Mean Time),0.0463,0.0392,0.0512,0
Fri Nov 29 2024 03:00:00 GMT+0000 (Greenwich Mean Time),0.0463,0.0392,0.0512,0
Fri Nov 29 2024 04:00:00 GMT+0000 (Greenwich Mean Time),0.0463,0.0392,0.0512,0
Fri Nov 29 2024 05:00:00 GMT+0000 (Greenwich Mean Time),0.0463,0.0392,0.0512,0
Fri Nov 29 2024 06:00:00 GMT+0000 (Greenwich Mean Time),0.0463,0.0392,0.0512,0
Fri Nov 29 2024 07:00:00 GMT+0000 (Greenwich Mean Time),0.0463,0.0392,0.0512,0
Fri Nov 29 2024 08:00:00 GMT+0000 (Greenwich Mean Time),0.0463,0.0392,0.0512,0
Fri Nov 29 2024 09:00:00 GMT+0000 (Greenwich Mean Time),0.0463,0.0392,0.0512,0
Fri Nov 29 2024 10:00:00 GMT+0000 (Greenwich Mean Time),0.0463,0.0392,0.0512,0
Fri Nov 29 2024 11:00:00 GMT+0000 (Greenwich Mean Time),0.0463,0.0385,0.0512,0
Fri Nov 29 2024 12:00:00 GMT+0000 (Greenwich Mean Time),0.0161,0.0353,0.0512,0
Fri Nov 29 2024 13:00:00 GMT+0000 (Greenwich Mean Time),0.0161,0.0353,0.0512,0
Fri Nov 29 2024 14:00:00 GMT+0000 (Greenwich Mean Time),0.0161,0.0353,0.0512,0
Fri Nov 29 2024 15:00:00 GMT+0000 (Greenwich Mean Time),0.0161,0.0353,0.0512,0
Fri Nov 29 2024 16:00:00 GMT+0000 (Greenwich Mean Time),0.0161,0.0353,0.0512,0
Fri Nov 29 2024 17:00:00 GMT+0000 (Greenwich Mean Time),0.0161,0.0353,0.0512,0
Fri Nov 29 2024 18:00:00 GMT+0000 (Greenwich Mean Time),0.0161,0.0353,0.0512,0
Fri Nov 29 2024 19:00:00 GMT+0000 (Greenwich Mean Time),0.0161,0.0353,0.0512,0
Fri Nov 29 2024 20:00:00 GMT+0000 (Greenwich Mean Time),0.0161,0.0353,0.0512,0
Fri Nov 29 2024 21:00:00 GMT+0000 (Greenwich Mean Time),0.0161,0.0353,0.0512,0
Fri Nov 29 2024 22:00:00 GMT+0000 (Greenwich Mean Time),0.0161,0.0353,0.0512,0
Fri Nov 29 2024 23:00:00 GMT+0000 (Greenwich Mean Time),0.0161,0.0353,0.0512,0
Sat Nov 30 2024 00:00:00 GMT+0000 (Greenwich Mean Time),0.0161,0.0353,0.0512,44.19028166738187
Sat Nov 30 2024 01:00:00 GMT+0000 (Greenwich Mean Time),0.0161,0.0353,0.0512,0
Sat Nov 30 2024 02:00:00 GMT+0000 (Greenwich Mean Time),0.0161,0.0353,0.0512,0
Sat Nov 30 2024 03:00:00 GMT+0000 (Greenwich Mean Time),0.0161,0.0353,0.0512,0
Sat Nov 30 2024 04:00:00 GMT+0000 (Greenwich Mean Time),0.0161,0.0353,0.0512,0
Sat Nov 30 2024 05:00:00 GMT+0000 (Greenwich Mean Time),0.0161,0.0353,0.0512,0
Sat Nov 30 2024 06:00:00 GMT+0000 (Greenwich Mean Time),0.0161,0.0353,0.0512,0
Sat Nov 30 2024 07:00:00 GMT+0000 (Greenwich Mean Time),0.0161,0.0353,0.0512,0
Sat Nov 30 2024 08:00:00 GMT+0000 (Greenwich Mean Time),0.0161,0.0353,0.0512,0
Sat Nov 30 2024 09:00:00 GMT+0000 (Greenwich Mean Time),0.0161,0.0353,0.0512,0
Sat Nov 30 2024 10:00:00 GMT+0000 (Greenwich Mean Time),0.0161,0.0353,0.0512,0
Sat Nov 30 2024 11:00:00 GMT+0000 (Greenwich Mean Time),0.0161,0.0388,0.0512,1157.413881311275
Sat Nov 30 2024 12:00:00 GMT+0000 (Greenwich Mean Time),0.0152,0.0354,0.0512,0
Sat Nov 30 2024 13:00:00 GMT+0000 (Greenwich Mean Time),0.0152,0.0354,0.0512,0
Sat Nov 30 2024 14:00:00 GMT+0000 (Greenwich Mean Time),0.0152,0.0354,0.0512,0
Sat Nov 30 2024 15:00:00 GMT+0000 (Greenwich Mean Time),0.0152,0.0354,0.0512,0
Sat Nov 30 2024 16:00:00 GMT+0000 (Greenwich Mean Time),0.0152,0.0354,0.0512,0
Sat Nov 30 2024 17:00:00 GMT+0000 (Greenwich Mean Time),0.0152,0.0354,0.0512,0
Sat Nov 30 2024 18:00:00 GMT+0000 (Greenwich Mean Time),0.0152,0.0354,0.0512,0
Sat Nov 30 2024 19:00:00 GMT+0000 (Greenwich Mean Time),0.0152,0.0354,0.0512,0
Sat Nov 30 2024 20:00:00 GMT+0000 (Greenwich Mean Time),0.0152,0.0354,0.0512,0
Sat Nov 30 2024 21:00:00 GMT+0000 (Greenwich Mean Time),0.0152,0.0354,0.0512,0
Sat Nov 30 2024 22:00:00 GMT+0000 (Greenwich Mean Time),0.0152,0.0354,0.0512,0
Sat Nov 30 2024 23:00:00 GMT+0000 (Greenwich Mean Time),0.0152,0.0354,0.0512,0
Sun Dec 01 2024 00:00:00 GMT+0000 (Greenwich Mean Time),0.0152,0.0354,0.0512,0
Sun Dec 01 2024 01:00:00 GMT+0000 (Greenwich Mean Time),0.0152,0.0354,0.0512,151.45643362058604
Sun Dec 01 2024 02:00:00 GMT+0000 (Greenwich Mean Time),0.0152,0.0354,0.0512,0
Sun Dec 01 2024 03:00:00 GMT+0000 (Greenwich Mean Time),0.0152,0.0354,0.0512,0
Sun Dec 01 2024 04:00:00 GMT+0000 (Greenwich Mean Time),0.0152,0.0354,0.0512,0
Sun Dec 01 2024 05:00:00 GMT+0000 (Greenwich Mean Time),0.0152,0.0354,0.0512,0
Sun Dec 01 2024 06:00:00 GMT+0000 (Greenwich Mean Time),0.0152,0.0354,0.0512,0
Sun Dec 01 2024 07:00:00 GMT+0000 (Greenwich Mean Time),0.0152,0.0354,0.0512,0
Sun Dec 01 2024 08:00:00 GMT+0000 (Greenwich Mean Time),0.0152,0.0354,0.0512,0
Sun Dec 01 2024 09:00:00 GMT+0000 (Greenwich Mean Time),0.0152,0.0354,0.0512,0
Sun Dec 01 2024 10:00:00 GMT+0000 (Greenwich Mean Time),0.0152,0.0354,0.0512,0
Sun Dec 01 2024 11:00:00 GMT+0000 (Greenwich Mean Time),0.0152,0.0388,0.0512,0
Sun Dec 01 2024 12:00:00 GMT+0000 (Greenwich Mean Time),0.0159,0.0355,0.0512,0
Sun Dec 01 2024 13:00:00 GMT+0000 (Greenwich Mean Time),0.0159,0.0355,0.0512,0
Sun Dec 01 2024 14:00:00 GMT+0000 (Greenwich Mean Time),0.0159,0.0355,0.0512,0
Sun Dec 01 2024 15:00:00 GMT+0000 (Greenwich Mean Time),0.0159,0.0355,0.0512,0
Sun Dec 01 2024 16:00:00 GMT+0000 (Greenwich Mean Time),0.0159,0.0355,0.0512,0
Sun Dec 01 2024 17:00:00 GMT+0000 (Greenwich Mean Time),0.0159,0.0355,0.0512,0
Sun Dec 01 2024 18:00:00 GMT+0000 (Greenwich Mean Time),0.0159,0.0355,0.0512,0
Sun Dec 01 2024 19:00:00 GMT+0000 (Greenwich Mean Time),0.0159,0.0355,0.0512,0
Sun Dec 01 2024 20:00:00 GMT+0000 (Greenwich Mean Time),0.0159,0.0355,0.0512,0
Sun Dec 01 2024 21:00:00 GMT+0000 (Greenwich Mean Time),0.0159,0.0355,0.0512,0
Sun Dec 01 2024 22:00:00 GMT+0000 (Greenwich Mean Time),0.0159,0.0355,0.0512,0
Sun Dec 01 2024 23:00:00 GMT+0000 (Greenwich Mean Time),0.0159,0.0355,0.0512,0
Mon Dec 02 2024 00:00:00 GMT+0000 (Greenwich Mean Time),0.0159,0.0355,0.0512,0
Mon Dec 02 2024 01:00:00 GMT+0000 (Greenwich Mean Time),0.0159,0.0355,0.0512,0
Mon Dec 02 2024 02:00:00 GMT+0000 (Greenwich Mean Time),0.0159,0.0355,0.0512,0
Mon Dec 02 2024 03:00:00 GMT+0000 (Greenwich Mean Time),0.0159,0.0355,0.0512,0
Mon Dec 02 2024 04:00:00 GMT+0000 (Greenwich Mean Time),0.0159,0.0355,0.0512,0
Mon Dec 02 2024 05:00:00 GMT+0000 (Greenwich Mean Time),0.0159,0.0355,0.0512,0
Mon Dec 02 2024 06:00:00 GMT+0000 (Greenwich Mean Time),0.0159,0.0355,0.0512,0
Mon Dec 02 2024 07:00:00 GMT+0000 (Greenwich Mean Time),0.0159,0.0355,0.0512,0
Mon Dec 02 2024 08:00:00 GMT+0000 (Greenwich Mean Time),0.0159,0.0355,0.0512,0
Mon Dec 02 2024 09:00:00 GMT+0000 (Greenwich Mean Time),0.0159,0.0355,0.0512,0
Mon Dec 02 2024 10:00:00 GMT+0000 (Greenwich Mean Time),0.0159,0.0355,0.0512,0
Mon Dec 02 2024 11:00:00 GMT+0000 (Greenwich Mean Time),0.0159,0.0363,0.0512,0
Mon Dec 02 2024 12:00:00 GMT+0000 (Greenwich Mean Time),0.0166,0.0334,0.0512,125.51029284814686
Mon Dec 02 2024 13:00:00 GMT+0000 (Greenwich Mean Time),0.0166,0.0334,0.0512,0
Mon Dec 02 2024 14:00:00 GMT+0000 (Greenwich Mean Time),0.0166,0.0334,0.0512,0
Mon Dec 02 2024 15:00:00 GMT+0000 (Greenwich Mean Time),0.0166,0.0334,0.0512,0
Mon Dec 02 2024 16:00:00 GMT+0000 (Greenwich Mean Time),0.0166,0.0334,0.0512,0
Mon Dec 02 2024 17:00:00 GMT+0000 (Greenwich Mean Time),0.0166,0.0334,0.0512,0
Mon Dec 02 2024 18:00:00 GMT+0000 (Greenwich Mean Time),0.0166,0.0334,0.0512,0
Mon Dec 02 2024 19:00:00 GMT+0000 (Greenwich Mean Time),0.0166,0.0334,0.0512,0
Mon Dec 02 2024 20:00:00 GMT+0000 (Greenwich Mean Time),0.0166,0.0334,0.0512,0
Mon Dec 02 2024 21:00:00 GMT+0000 (Greenwich Mean Time),0.0166,0.0334,0.0512,0
Mon Dec 02 2024 22:00:00 GMT+0000 (Greenwich Mean Time),0.0166,0.0334,0.0512,0
Mon Dec 02 2024 23:00:00 GMT+0000 (Greenwich Mean Time),0.0166,0.0334,0.0512,0
Tue Dec 03 2024 00:00:00 GMT+0000 (Greenwich Mean Time),0.0166,0.0334,0.0512,0
Tue Dec 03 2024 01:00:00 GMT+0000 (Greenwich Mean Time),0.0166,0.0334,0.0512,0
Tue Dec 03 2024 02:00:00 GMT+0000 (Greenwich Mean Time),0.0166,0.0334,0.0512,0
Tue Dec 03 2024 03:00:00 GMT+0000 (Greenwich Mean Time),0.0166,0.0334,0.0512,0
Tue Dec 03 2024 04:00:00 GMT+0000 (Greenwich Mean Time),0.0166,0.0334,0.0512,0
Tue Dec 03 2024 05:00:00 GMT+0000 (Greenwich Mean Time),0.0166,0.0334,0.0512,0
Tue Dec 03 2024 06:00:00 GMT+0000 (Greenwich Mean Time),0.0166,0.0334,0.0512,0
Tue Dec 03 2024 07:00:00 GMT+0000 (Greenwich Mean Time),0.0166,0.0334,0.0512,0
Tue Dec 03 2024 08:00:00 GMT+0000 (Greenwich Mean Time),0.0166,0.0334,0.0512,0
Tue Dec 03 2024 09:00:00 GMT+0000 (Greenwich Mean Time),0.0166,0.0334,0.0512,0
Tue Dec 03 2024 10:00:00 GMT+0000 (Greenwich Mean Time),0.0166,0.0334,0.0512,0
Tue Dec 03 2024 11:00:00 GMT+0000 (Greenwich Mean Time),0.0166,0.0286,0.0512,0
Tue Dec 03 2024 12:00:00 GMT+0000 (Greenwich Mean Time),0.0187,0.0272,0.0512,0
Tue Dec 03 2024 13:00:00 GMT+0000 (Greenwich Mean Time),0.0187,0.0272,0.0512,0
Tue Dec 03 2024 14:00:00 GMT+0000 (Greenwich Mean Time),0.0187,0.0272,0.0512,0
Tue Dec 03 2024 15:00:00 GMT+0000 (Greenwich Mean Time),0.0187,0.0272,0.0512,0
Tue Dec 03 2024 16:00:00 GMT+0000 (Greenwich Mean Time),0.0187,0.0272,0.0512,0
Tue Dec 03 2024 17:00:00 GMT+0000 (Greenwich Mean Time),0.0187,0.0272,0.0512,0
Tue Dec 03 2024 18:00:00 GMT+0000 (Greenwich Mean Time),0.0187,0.0272,0.0512,0
Tue Dec 03 2024 19:00:00 GMT+0000 (Greenwich Mean Time),0.0187,0.0272,0.0512,0
Tue Dec 03 2024 20:00:00 GMT+0000 (Greenwich Mean Time),0.0187,0.0272,0.0512,0
Tue Dec 03 2024 21:00:00 GMT+0000 (Greenwich Mean Time),0.0187,0.0272,0.0512,0
Tue Dec 03 2024 22:00:00 GMT+0000 (Greenwich Mean Time),0.0187,0.0272,0.0512,0
Tue Dec 03 2024 23:00:00 GMT+0000 (Greenwich Mean Time),0.0187,0.0272,0.0512,0
Wed Dec 04 2024 00:00:00 GMT+0000 (Greenwich Mean Time),0.0187,0.0272,0.0512,0
Wed Dec 04 2024 01:00:00 GMT+0000 (Greenwich Mean Time),0.0187,0.0272,0.0512,0
Wed Dec 04 2024 02:00:00 GMT+0000 (Greenwich Mean Time),0.0187,0.0272,0.0512,0
Wed Dec 04 2024 03:00:00 GMT+0000 (Greenwich Mean Time),0.0187,0.0272,0.0512,0
Wed Dec 04 2024 04:00:00 GMT+0000 (Greenwich Mean Time),0.0187,0.0272,0.0512,0
Wed Dec 04 2024 05:00:00 GMT+0000 (Greenwich Mean Time),0.0187,0.0272,0.0512,0
Wed Dec 04 2024 06:00:00 GMT+0000 (Greenwich Mean Time),0.0187,0.0272,0.0512,0
Wed Dec 04 2024 07:00:00 GMT+0000 (Greenwich Mean Time),0.0187,0.0272,0.0512,0
Wed Dec 04 2024 08:00:00 GMT+0000 (Greenwich Mean Time),0.0187,0.0272,0.0512,0
Wed Dec 04 2024 09:00:00 GMT+0000 (Greenwich Mean Time),0.0187,0.0272,0.0512,0
Wed Dec 04 2024 10:00:00 GMT+0000 (Greenwich Mean Time),0.0187,0.0272,0.0512,0
Wed Dec 04 2024 11:00:00 GMT+0000 (Greenwich Mean Time),0.0187,0.0214,0.0512,0
Wed Dec 04 2024 12:00:00 GMT+0000 (Greenwich Mean Time),0.0186,0.021,0.0512,0
Wed Dec 04 2024 13:00:00 GMT+0000 (Greenwich Mean Time),0.0186,0.021,0.0512,0
Wed Dec 04 2024 14:00:00 GMT+0000 (Greenwich Mean Time),0.0186,0.021,0.0512,0
Wed Dec 04 2024 15:00:00 GMT+0000 (Greenwich Mean Time),0.0186,0.021,0.0512,0
Wed Dec 04 2024 16:00:00 GMT+0000 (Greenwich Mean Time),0.0186,0.021,0.0512,0
Wed Dec 04 2024 17:00:00 GMT+0000 (Greenwich Mean Time),0.0186,0.021,0.0512,0
Wed Dec 04 2024 18:00:00 GMT+0000 (Greenwich Mean Time),0.0186,0.021,0.0512,0
Wed Dec 04 2024 19:00:00 GMT+0000 (Greenwich Mean Time),0.0186,0.021,0.0512,0
Wed Dec 04 2024 20:00:00 GMT+0000 (Greenwich Mean Time),0.0186,0.021,0.0512,0
Wed Dec 04 2024 21:00:00 GMT+0000 (Greenwich Mean Time),0.0186,0.021,0.0512,0
Wed Dec 04 2024 22:00:00 GMT+0000 (Greenwich Mean Time),0.0186,0.021,0.0512,0
Wed Dec 04 2024 23:00:00 GMT+0000 (Greenwich Mean Time),0.0186,0.021,0.0562,305071.5508416013
Thu Dec 05 2024 00:00:00 GMT+0000 (Greenwich Mean Time),0.0186,0.021,0.0562,0
Thu Dec 05 2024 01:00:00 GMT+0000 (Greenwich Mean Time),0.0186,0.021,0.0562,0
Thu Dec 05 2024 02:00:00 GMT+0000 (Greenwich Mean Time),0.0186,0.021,0.0562,0
Thu Dec 05 2024 03:00:00 GMT+0000 (Greenwich Mean Time),0.0186,0.021,0.0562,0
Thu Dec 05 2024 04:00:00 GMT+0000 (Greenwich Mean Time),0.0186,0.021,0.0562,0
Thu Dec 05 2024 05:00:00 GMT+0000 (Greenwich Mean Time),0.0186,0.021,0.0562,0
Thu Dec 05 2024 06:00:00 GMT+0000 (Greenwich Mean Time),0.0186,0.021,0.0562,0
Thu Dec 05 2024 07:00:00 GMT+0000 (Greenwich Mean Time),0.0186,0.021,0.0562,0
Thu Dec 05 2024 08:00:00 GMT+0000 (Greenwich Mean Time),0.0186,0.021,0.0562,0
Thu Dec 05 2024 09:00:00 GMT+0000 (Greenwich Mean Time),0.0186,0.021,0.0562,0
Thu Dec 05 2024 10:00:00 GMT+0000 (Greenwich Mean Time),0.0186,0.021,0.0562,0
Thu Dec 05 2024 11:00:00 GMT+0000 (Greenwich Mean Time),0.0186,0.021,0.0562,0
Thu Dec 05 2024 12:00:00 GMT+0000 (Greenwich Mean Time),0.0197,0.0172,0.0562,0
Thu Dec 05 2024 13:00:00 GMT+0000 (Greenwich Mean Time),0.0197,0.0172,0.0562,0
Thu Dec 05 2024 14:00:00 GMT+0000 (Greenwich Mean Time),0.0197,0.0172,0.0562,0
Thu Dec 05 2024 15:00:00 GMT+0000 (Greenwich Mean Time),0.0197,0.0172,0.0562,0
Thu Dec 05 2024 16:00:00 GMT+0000 (Greenwich Mean Time),0.0197,0.0172,0.0562,0
Thu Dec 05 2024 17:00:00 GMT+0000 (Greenwich Mean Time),0.0197,0.0172,0.0562,0
Thu Dec 05 2024 18:00:00 GMT+0000 (Greenwich Mean Time),0.0197,0.0172,0.0562,0
Thu Dec 05 2024 19:00:00 GMT+0000 (Greenwich Mean Time),0.0197,0.0172,0.0562,0
Thu Dec 05 2024 20:00:00 GMT+0000 (Greenwich Mean Time),0.0197,0.0172,0.0562,0
Thu Dec 05 2024 21:00:00 GMT+0000 (Greenwich Mean Time),0.0197,0.0172,0.0562,0
Thu Dec 05 2024 22:00:00 GMT+0000 (Greenwich Mean Time),0.0197,0.0172,0.0562,0
Thu Dec 05 2024 23:00:00 GMT+0000 (Greenwich Mean Time),0.0197,0.0172,0.0562,0
Fri Dec 06 2024 00:00:00 GMT+0000 (Greenwich Mean Time),0.0197,0.0172,0.0562,0
Fri Dec 06 2024 01:00:00 GMT+0000 (Greenwich Mean Time),0.0197,0.0172,0.0562,0
Fri Dec 06 2024 02:00:00 GMT+0000 (Greenwich Mean Time),0.0197,0.0172,0.0562,0
Fri Dec 06 2024 03:00:00 GMT+0000 (Greenwich Mean Time),0.0197,0.0172,0.0562,0
Fri Dec 06 2024 04:00:00 GMT+0000 (Greenwich Mean Time),0.0197,0.0172,0.0562,0
Fri Dec 06 2024 05:00:00 GMT+0000 (Greenwich Mean Time),0.0197,0.0172,0.0562,0
Fri Dec 06 2024 06:00:00 GMT+0000 (Greenwich Mean Time),0.0197,0.0172,0.0562,0
Fri Dec 06 2024 07:00:00 GMT+0000 (Greenwich Mean Time),0.0197,0.0172,0.0562,0
Fri Dec 06 2024 08:00:00 GMT+0000 (Greenwich Mean Time),0.0197,0.0172,0.0562,0
Fri Dec 06 2024 09:00:00 GMT+0000 (Greenwich Mean Time),0.0197,0.0172,0.0562,0
Fri Dec 06 2024 10:00:00 GMT+0000 (Greenwich Mean Time),0.0197,0.0172,0.0562,0
Fri Dec 06 2024 11:00:00 GMT+0000 (Greenwich Mean Time),0.0197,0.0172,0.0562,0
Fri Dec 06 2024 12:00:00 GMT+0000 (Greenwich Mean Time),0,0.0174,0.0562,0
Fri Dec 06 2024 13:00:00 GMT+0000 (Greenwich Mean Time),0.0208,0.0179,0.0562,0
Fri Dec 06 2024 14:00:00 GMT+0000 (Greenwich Mean Time),0.0208,0.0179,0.0562,0
Fri Dec 06 2024 15:00:00 GMT+0000 (Greenwich Mean Time),0.0208,0.0179,0.0562,0
Fri Dec 06 2024 16:00:00 GMT+0000 (Greenwich Mean Time),0.0208,0.0179,0.0562,0
Fri Dec 06 2024 17:00:00 GMT+0000 (Greenwich Mean Time),0.0208,0.0179,0.0562,0
Fri Dec 06 2024 18:00:00 GMT+0000 (Greenwich Mean Time),0.0208,0.0179,0.0562,0
Fri Dec 06 2024 19:00:00 GMT+0000 (Greenwich Mean Time),0.0208,0.0179,0.0562,0
Fri Dec 06 2024 20:00:00 GMT+0000 (Greenwich Mean Time),0.0208,0.0179,0.0562,0
Fri Dec 06 2024 21:00:00 GMT+0000 (Greenwich Mean Time),0.0208,0.0179,0.0562,0
Fri Dec 06 2024 22:00:00 GMT+0000 (Greenwich Mean Time),0.0208,0.0179,0.0562,0
Fri Dec 06 2024 23:00:00 GMT+0000 (Greenwich Mean Time),0.0208,0.0179,0.0562,0
Sat Dec 07 2024 00:00:00 GMT+0000 (Greenwich Mean Time),0.0208,0.0179,0.0562,0
Sat Dec 07 2024 01:00:00 GMT+0000 (Greenwich Mean Time),0.0208,0.0179,0.0562,0
Sat Dec 07 2024 02:00:00 GMT+0000 (Greenwich Mean Time),0.0208,0.0179,0.0562,0
Sat Dec 07 2024 03:00:00 GMT+0000 (Greenwich Mean Time),0.0208,0.0179,0.0562,0
Sat Dec 07 2024 04:00:00 GMT+0000 (Greenwich Mean Time),0.0208,0.0179,0.0562,0
Sat Dec 07 2024 05:00:00 GMT+0000 (Greenwich Mean Time),0.0208,0.0179,0.0562,0
Sat Dec 07 2024 06:00:00 GMT+0000 (Greenwich Mean Time),0.0208,0.0179,0.0562,0
Sat Dec 07 2024 07:00:00 GMT+0000 (Greenwich Mean Time),0.0208,0.0179,0.0562,0
Sat Dec 07 2024 08:00:00 GMT+0000 (Greenwich Mean Time),0.0208,0.0179,0.0562,0
Sat Dec 07 2024 09:00:00 GMT+0000 (Greenwich Mean Time),0.0208,0.0179,0.0562,0
Sat Dec 07 2024 10:00:00 GMT+0000 (Greenwich Mean Time),0.0208,0.0179,0.0562,0
Sat Dec 07 2024 11:00:00 GMT+0000 (Greenwich Mean Time),0.0208,0.0179,0.0562,0
Sat Dec 07 2024 12:00:00 GMT+0000 (Greenwich Mean Time),0,0.0184,0.0562,0
Sat Dec 07 2024 13:00:00 GMT+0000 (Greenwich Mean Time),0.0222,0.0189,0.0562,0
Sat Dec 07 2024 14:00:00 GMT+0000 (Greenwich Mean Time),0.0222,0.0189,0.0562,0
Sat Dec 07 2024 15:00:00 GMT+0000 (Greenwich Mean Time),0.0222,0.0189,0.0562,0
Sat Dec 07 2024 16:00:00 GMT+0000 (Greenwich Mean Time),0.0222,0.0189,0.0562,0
Sat Dec 07 2024 17:00:00 GMT+0000 (Greenwich Mean Time),0.0222,0.0189,0.0562,0
Sat Dec 07 2024 18:00:00 GMT+0000 (Greenwich Mean Time),0.0222,0.0189,0.0562,0
Sat Dec 07 2024 19:00:00 GMT+0000 (Greenwich Mean Time),0.0222,0.0189,0.0562,0
Sat Dec 07 2024 20:00:00 GMT+0000 (Greenwich Mean Time),0.0222,0.0189,0.0562,0
Sat Dec 07 2024 21:00:00 GMT+0000 (Greenwich Mean Time),0.0222,0.0189,0.0562,0
Sat Dec 07 2024 22:00:00 GMT+0000 (Greenwich Mean Time),0.0222,0.0189,0.0562,0
Sat Dec 07 2024 23:00:00 GMT+0000 (Greenwich Mean Time),0.0222,0.0189,0.0562,0
Sun Dec 08 2024 00:00:00 GMT+0000 (Greenwich Mean Time),0.0222,0.0189,0.0562,0
Sun Dec 08 2024 01:00:00 GMT+0000 (Greenwich Mean Time),0.0222,0.0189,0.0562,0
Sun Dec 08 2024 02:00:00 GMT+0000 (Greenwich Mean Time),0.0222,0.0189,0.0562,0
Sun Dec 08 2024 03:00:00 GMT+0000 (Greenwich Mean Time),0.0222,0.0189,0.0563,7694.66204563087
Sun Dec 08 2024 04:00:00 GMT+0000 (Greenwich Mean Time),0.0222,0.0189,0.0563,0
Sun Dec 08 2024 05:00:00 GMT+0000 (Greenwich Mean Time),0.0222,0.0189,0.0566,20509.69719392056
Sun Dec 08 2024 06:00:00 GMT+0000 (Greenwich Mean Time),0.0222,0.0189,0.0566,0
Sun Dec 08 2024 07:00:00 GMT+0000 (Greenwich Mean Time),0.0222,0.0189,0.0566,0
Sun Dec 08 2024 08:00:00 GMT+0000 (Greenwich Mean Time),0.0222,0.0189,0.0566,0
Sun Dec 08 2024 09:00:00 GMT+0000 (Greenwich Mean Time),0.0222,0.0189,0.0566,0
Sun Dec 08 2024 10:00:00 GMT+0000 (Greenwich Mean Time),0.0222,0.0189,0.0566,0
Sun Dec 08 2024 11:00:00 GMT+0000 (Greenwich Mean Time),0.0222,0.0189,0.0566,2198.519825905004
Sun Dec 08 2024 12:00:00 GMT+0000 (Greenwich Mean Time),0.0222,0.0194,0.0566,0
Sun Dec 08 2024 13:00:00 GMT+0000 (Greenwich Mean Time),0.0279,0.0206,0.0566,0
Sun Dec 08 2024 14:00:00 GMT+0000 (Greenwich Mean Time),0.0279,0.0206,0.0566,0
Sun Dec 08 2024 15:00:00 GMT+0000 (Greenwich Mean Time),0.0279,0.0206,0.0566,2080.56198203997
Sun Dec 08 2024 16:00:00 GMT+0000 (Greenwich Mean Time),0.0279,0.0206,0.0566,0
Sun Dec 08 2024 17:00:00 GMT+0000 (Greenwich Mean Time),0.0279,0.0206,0.0566,0
Sun Dec 08 2024 18:00:00 GMT+0000 (Greenwich Mean Time),0.0279,0.0206,0.0566,0
Sun Dec 08 2024 19:00:00 GMT+0000 (Greenwich Mean Time),0.0279,0.0206,0.0566,0
Sun Dec 08 2024 20:00:00 GMT+0000 (Greenwich Mean Time),0.0279,0.0206,0.0566,0
Sun Dec 08 2024 21:00:00 GMT+0000 (Greenwich Mean Time),0.0279,0.0206,0.0566,0
Sun Dec 08 2024 22:00:00 GMT+0000 (Greenwich Mean Time),0.0279,0.0206,0.0566,0
Sun Dec 08 2024 23:00:00 GMT+0000 (Greenwich Mean Time),0.0279,0.0206,0.0566,0
Mon Dec 09 2024 00:00:00 GMT+0000 (Greenwich Mean Time),0.0279,0.0206,0.0566,0
Mon Dec 09 2024 01:00:00 GMT+0000 (Greenwich Mean Time),0.0279,0.0206,0.0566,0
Mon Dec 09 2024 02:00:00 GMT+0000 (Greenwich Mean Time),0.0279,0.0206,0.0566,0
Mon Dec 09 2024 03:00:00 GMT+0000 (Greenwich Mean Time),0.0279,0.0206,0.0566,0
Mon Dec 09 2024 04:00:00 GMT+0000 (Greenwich Mean Time),0.0279,0.0206,0.0567,3873.7637598492583
Mon Dec 09 2024 05:00:00 GMT+0000 (Greenwich Mean Time),0.0279,0.0206,0.0567,0
Mon Dec 09 2024 06:00:00 GMT+0000 (Greenwich Mean Time),0.0279,0.0206,0.0567,0
Mon Dec 09 2024 07:00:00 GMT+0000 (Greenwich Mean Time),0.0279,0.0206,0.0567,0
Mon Dec 09 2024 08:00:00 GMT+0000 (Greenwich Mean Time),0.0279,0.0206,0.0567,0
Mon Dec 09 2024 09:00:00 GMT+0000 (Greenwich Mean Time),0.0279,0.0206,0.0567,0
Mon Dec 09 2024 10:00:00 GMT+0000 (Greenwich Mean Time),0.0279,0.0206,0.0567,0
Mon Dec 09 2024 11:00:00 GMT+0000 (Greenwich Mean Time),0.0279,0.0206,0.0567,0
Mon Dec 09 2024 12:00:00 GMT+0000 (Greenwich Mean Time),0.0279,0.0213,0.0567,0
Mon Dec 09 2024 13:00:00 GMT+0000 (Greenwich Mean Time),0.0443,0.0246,0.0567,1315.0478149876437
Mon Dec 09 2024 14:00:00 GMT+0000 (Greenwich Mean Time),0.0443,0.0246,0.0567,0
Mon Dec 09 2024 15:00:00 GMT+0000 (Greenwich Mean Time),0.0443,0.0246,0.0567,0
Mon Dec 09 2024 16:00:00 GMT+0000 (Greenwich Mean Time),0.0443,0.0246,0.0567,0
Mon Dec 09 2024 17:00:00 GMT+0000 (Greenwich Mean Time),0.0443,0.0246,0.0567,0
Mon Dec 09 2024 18:00:00 GMT+0000 (Greenwich Mean Time),0.0443,0.0246,0.0567,0
Mon Dec 09 2024 19:00:00 GMT+0000 (Greenwich Mean Time),0.0443,0.0246,0.0567,0
Mon Dec 09 2024 20:00:00 GMT+0000 (Greenwich Mean Time),0.0443,0.0246,0.0567,0
Mon Dec 09 2024 21:00:00 GMT+0000 (Greenwich Mean Time),0.0443,0.0246,0.0567,0
Mon Dec 09 2024 22:00:00 GMT+0000 (Greenwich Mean Time),0.0443,0.0246,0.0567,0
Mon Dec 09 2024 23:00:00 GMT+0000 (Greenwich Mean Time),0.0443,0.0246,0.0567,0
Tue Dec 10 2024 00:00:00 GMT+0000 (Greenwich Mean Time),0.0443,0.0246,0.0567,0
Tue Dec 10 2024 01:00:00 GMT+0000 (Greenwich Mean Time),0.0443,0.0246,0.0567,0
Tue Dec 10 2024 02:00:00 GMT+0000 (Greenwich Mean Time),0.0443,0.0246,0.0567,0
Tue Dec 10 2024 03:00:00 GMT+0000 (Greenwich Mean Time),0.0443,0.0246,0.0567,0
Tue Dec 10 2024 04:00:00 GMT+0000 (Greenwich Mean Time),0.0443,0.0246,0.0567,0
Tue Dec 10 2024 05:00:00 GMT+0000 (Greenwich Mean Time),0.0443,0.0246,0.0567,0
Tue Dec 10 2024 06:00:00 GMT+0000 (Greenwich Mean Time),0.0443,0.0246,0.0567,0
Tue Dec 10 2024 07:00:00 GMT+0000 (Greenwich Mean Time),0.0443,0.0246,0.0567,0
Tue Dec 10 2024 08:00:00 GMT+0000 (Greenwich Mean Time),0.0443,0.0246,0.0567,0
Tue Dec 10 2024 09:00:00 GMT+0000 (Greenwich Mean Time),0.0443,0.0246,0.0567,0
Tue Dec 10 2024 10:00:00 GMT+0000 (Greenwich Mean Time),0.0443,0.0246,0.0567,0
Tue Dec 10 2024 11:00:00 GMT+0000 (Greenwich Mean Time),0.0443,0.0246,0.0567,0
Tue Dec 10 2024 12:00:00 GMT+0000 (Greenwich Mean Time),0.0443,0.0255,0.0567,0
Tue Dec 10 2024 13:00:00 GMT+0000 (Greenwich Mean Time),0.0608,0.0305,0.0567,0
Tue Dec 10 2024 14:00:00 GMT+0000 (Greenwich Mean Time),0.0608,0.0305,0.0567,0
Tue Dec 10 2024 15:00:00 GMT+0000 (Greenwich Mean Time),0.0608,0.0305,0.0567,0
Tue Dec 10 2024 16:00:00 GMT+0000 (Greenwich Mean Time),0.0608,0.0305,0.0567,0
Tue Dec 10 2024 17:00:00 GMT+0000 (Greenwich Mean Time),0.0608,0.0305,0.0567,0
Tue Dec 10 2024 18:00:00 GMT+0000 (Greenwich Mean Time),0.0608,0.0305,0.0567,0
Tue Dec 10 2024 19:00:00 GMT+0000 (Greenwich Mean Time),0.0608,0.0305,0.0567,0
Tue Dec 10 2024 20:00:00 GMT+0000 (Greenwich Mean Time),0.0608,0.0305,0.0567,0
Tue Dec 10 2024 21:00:00 GMT+0000 (Greenwich Mean Time),0.0608,0.0305,0.0567,0
Tue Dec 10 2024 22:00:00 GMT+0000 (Greenwich Mean Time),0.0608,0.0305,0.0567,0
Tue Dec 10 2024 23:00:00 GMT+0000 (Greenwich Mean Time),0.0608,0.0305,0.0567,0
Wed Dec 11 2024 00:00:00 GMT+0000 (Greenwich Mean Time),0.0608,0.0305,0.0567,0
Wed Dec 11 2024 01:00:00 GMT+0000 (Greenwich Mean Time),0.0608,0.0305,0.0567,0
Wed Dec 11 2024 02:00:00 GMT+0000 (Greenwich Mean Time),0.0608,0.0305,0.0567,0
Wed Dec 11 2024 03:00:00 GMT+0000 (Greenwich Mean Time),0.0608,0.0305,0.0567,0
Wed Dec 11 2024 04:00:00 GMT+0000 (Greenwich Mean Time),0.0608,0.0305,0.0567,0
Wed Dec 11 2024 05:00:00 GMT+0000 (Greenwich Mean Time),0.0608,0.0305,0.0567,0
Wed Dec 11 2024 06:00:00 GMT+0000 (Greenwich Mean Time),0.0608,0.0305,0.0567,0
Wed Dec 11 2024 07:00:00 GMT+0000 (Greenwich Mean Time),0.0608,0.0305,0.0567,0
Wed Dec 11 2024 08:00:00 GMT+0000 (Greenwich Mean Time),0.0608,0.0305,0.0567,0
Wed Dec 11 2024 09:00:00 GMT+0000 (Greenwich Mean Time),0.0608,0.0305,0.0567,0
Wed Dec 11 2024 10:00:00 GMT+0000 (Greenwich Mean Time),0.0608,0.0305,0.0567,0
Wed Dec 11 2024 11:00:00 GMT+0000 (Greenwich Mean Time),0.0608,0.0305,0.0567,0
Wed Dec 11 2024 12:00:00 GMT+0000 (Greenwich Mean Time),0.0608,0.0325,0.0567,0
Wed Dec 11 2024 13:00:00 GMT+0000 (Greenwich Mean Time),0.0575,0.036,0.0567,0
Wed Dec 11 2024 14:00:00 GMT+0000 (Greenwich Mean Time),0.0575,0.036,0.0567,0
Wed Dec 11 2024 15:00:00 GMT+0000 (Greenwich Mean Time),0.0575,0.036,0.0567,0
Wed Dec 11 2024 16:00:00 GMT+0000 (Greenwich Mean Time),0.0575,0.036,0.0567,0
Wed Dec 11 2024 17:00:00 GMT+0000 (Greenwich Mean Time),0.0575,0.036,0.0567,0
Wed Dec 11 2024 18:00:00 GMT+0000 (Greenwich Mean Time),0.0575,0.036,0.0567,0
Wed Dec 11 2024 19:00:00 GMT+0000 (Greenwich Mean Time),0.0575,0.036,0.0567,0
Wed Dec 11 2024 20:00:00 GMT+0000 (Greenwich Mean Time),0.0575,0.036,0.0567,0
Wed Dec 11 2024 21:00:00 GMT+0000 (Greenwich Mean Time),0.0575,0.036,0.0567,0
Wed Dec 11 2024 22:00:00 GMT+0000 (Greenwich Mean Time),0.0575,0.036,0.0567,0
Wed Dec 11 2024 23:00:00 GMT+0000 (Greenwich Mean Time),0.0575,0.036,0.0567,0
Thu Dec 12 2024 00:00:00 GMT+0000 (Greenwich Mean Time),0.0575,0.036,0.0567,0
Thu Dec 12 2024 01:00:00 GMT+0000 (Greenwich Mean Time),0.0575,0.036,0.0567,0
Thu Dec 12 2024 02:00:00 GMT+0000 (Greenwich Mean Time),0.0575,0.036,0.0567,0
Thu Dec 12 2024 03:00:00 GMT+0000 (Greenwich Mean Time),0.0575,0.036,0.0567,0
Thu Dec 12 2024 04:00:00 GMT+0000 (Greenwich Mean Time),0.0575,0.036,0.0567,0
Thu Dec 12 2024 05:00:00 GMT+0000 (Greenwich Mean Time),0.0575,0.036,0.0567,0
Thu Dec 12 2024 06:00:00 GMT+0000 (Greenwich Mean Time),0.0575,0.036,0.0567,0
Thu Dec 12 2024 07:00:00 GMT+0000 (Greenwich Mean Time),0.0575,0.036,0.0567,0
Thu Dec 12 2024 08:00:00 GMT+0000 (Greenwich Mean Time),0.0575,0.036,0.0567,0
Thu Dec 12 2024 09:00:00 GMT+0000 (Greenwich Mean Time),0.0575,0.036,0.0567,0
Thu Dec 12 2024 10:00:00 GMT+0000 (Greenwich Mean Time),0.0575,0.036,0.0567,0
Thu Dec 12 2024 11:00:00 GMT+0000 (Greenwich Mean Time),0.0575,0.036,0.0567,0
Thu Dec 12 2024 12:00:00 GMT+0000 (Greenwich Mean Time),0.0575,0.0388,0.0568,8608.437582875478
Thu Dec 12 2024 13:00:00 GMT+0000 (Greenwich Mean Time),0.0425,0.0393,0.0568,0
Thu Dec 12 2024 14:00:00 GMT+0000 (Greenwich Mean Time),0.0425,0.0393,0.0568,0
Thu Dec 12 2024 15:00:00 GMT+0000 (Greenwich Mean Time),0.0425,0.0393,0.0568,0
Thu Dec 12 2024 16:00:00 GMT+0000 (Greenwich Mean Time),0.0425,0.0393,0.0568,0
Thu Dec 12 2024 17:00:00 GMT+0000 (Greenwich Mean Time),0.0425,0.0393,0.0568,0
Thu Dec 12 2024 18:00:00 GMT+0000 (Greenwich Mean Time),0.0425,0.0393,0.0568,0
Thu Dec 12 2024 19:00:00 GMT+0000 (Greenwich Mean Time),0.0425,0.0393,0.0568,0
Thu Dec 12 2024 20:00:00 GMT+0000 (Greenwich Mean Time),0.0425,0.0393,0.0568,0
Thu Dec 12 2024 21:00:00 GMT+0000 (Greenwich Mean Time),0.0425,0.0393,0.0568,0
Thu Dec 12 2024 22:00:00 GMT+0000 (Greenwich Mean Time),0.0425,0.0393,0.0568,0
Thu Dec 12 2024 23:00:00 GMT+0000 (Greenwich Mean Time),0.0425,0.0393,0.0568,0
Fri Dec 13 2024 00:00:00 GMT+0000 (Greenwich Mean Time),0.0425,0.0393,0.0568,0
Fri Dec 13 2024 01:00:00 GMT+0000 (Greenwich Mean Time),0.0425,0.0393,0.0568,0
Fri Dec 13 2024 02:00:00 GMT+0000 (Greenwich Mean Time),0.0425,0.0393,0.0568,0
Fri Dec 13 2024 03:00:00 GMT+0000 (Greenwich Mean Time),0.0425,0.0393,0.0568,0
Fri Dec 13 2024 04:00:00 GMT+0000 (Greenwich Mean Time),0.0425,0.0393,0.0568,0
Fri Dec 13 2024 05:00:00 GMT+0000 (Greenwich Mean Time),0.0425,0.0393,0.057,10221.370486826063
Fri Dec 13 2024 06:00:00 GMT+0000 (Greenwich Mean Time),0.0425,0.0393,0.057,0
Fri Dec 13 2024 07:00:00 GMT+0000 (Greenwich Mean Time),0.0425,0.0393,0.057,0
Fri Dec 13 2024 08:00:00 GMT+0000 (Greenwich Mean Time),0.0425,0.0393,0.057,0
Fri Dec 13 2024 09:00:00 GMT+0000 (Greenwich Mean Time),0.0425,0.0393,0.057,0
Fri Dec 13 2024 10:00:00 GMT+0000 (Greenwich Mean Time),0.0425,0.0393,0.057,0
Fri Dec 13 2024 11:00:00 GMT+0000 (Greenwich Mean Time),0.0425,0.0393,0.057,0
Fri Dec 13 2024 12:00:00 GMT+0000 (Greenwich Mean Time),0.0425,0.0424,0.0567,20015.80022297771
Fri Dec 13 2024 13:00:00 GMT+0000 (Greenwich Mean Time),0.0266,0.0402,0.0567,0
Fri Dec 13 2024 14:00:00 GMT+0000 (Greenwich Mean Time),0.0266,0.0402,0.0567,0
Fri Dec 13 2024 15:00:00 GMT+0000 (Greenwich Mean Time),0.0266,0.0402,0.0567,0
Fri Dec 13 2024 16:00:00 GMT+0000 (Greenwich Mean Time),0.0266,0.0402,0.0567,0
Fri Dec 13 2024 17:00:00 GMT+0000 (Greenwich Mean Time),0.0266,0.0402,0.0567,0
Fri Dec 13 2024 18:00:00 GMT+0000 (Greenwich Mean Time),0.0266,0.0402,0.0567,0
Fri Dec 13 2024 19:00:00 GMT+0000 (Greenwich Mean Time),0.0266,0.0402,0.0567,0
Fri Dec 13 2024 20:00:00 GMT+0000 (Greenwich Mean Time),0.0266,0.0402,0.0567,0
Fri Dec 13 2024 21:00:00 GMT+0000 (Greenwich Mean Time),0.0266,0.0402,0.0567,0
Fri Dec 13 2024 22:00:00 GMT+0000 (Greenwich Mean Time),0.0266,0.0402,0.0567,0
Fri Dec 13 2024 23:00:00 GMT+0000 (Greenwich Mean Time),0.0266,0.0402,0.0567,0
Sat Dec 14 2024 00:00:00 GMT+0000 (Greenwich Mean Time),0.0266,0.0402,0.0567,0
Sat Dec 14 2024 01:00:00 GMT+0000 (Greenwich Mean Time),0.0266,0.0402,0.0567,0
Sat Dec 14 2024 02:00:00 GMT+0000 (Greenwich Mean Time),0.0266,0.0402,0.0567,0
Sat Dec 14 2024 03:00:00 GMT+0000 (Greenwich Mean Time),0.0266,0.0402,0.0567,0
Sat Dec 14 2024 04:00:00 GMT+0000 (Greenwich Mean Time),0.0266,0.0402,0.0567,0
Sat Dec 14 2024 05:00:00 GMT+0000 (Greenwich Mean Time),0.0266,0.0402,0.0567,0
Sat Dec 14 2024 06:00:00 GMT+0000 (Greenwich Mean Time),0.0266,0.0402,0.0567,0
Sat Dec 14 2024 07:00:00 GMT+0000 (Greenwich Mean Time),0.0266,0.0402,0.0567,155.39170900756903
Sat Dec 14 2024 08:00:00 GMT+0000 (Greenwich Mean Time),0.0266,0.0402,0.0567,0
Sat Dec 14 2024 09:00:00 GMT+0000 (Greenwich Mean Time),0.0266,0.0402,0.0567,0
Sat Dec 14 2024 10:00:00 GMT+0000 (Greenwich Mean Time),0.0266,0.0402,0.0567,0
Sat Dec 14 2024 11:00:00 GMT+0000 (Greenwich Mean Time),0.0266,0.0402,0.0567,0
Sat Dec 14 2024 12:00:00 GMT+0000 (Greenwich Mean Time),0.0266,0.0402,0.0567,0
Sat Dec 14 2024 13:00:00 GMT+0000 (Greenwich Mean Time),0.024,0.0404,0.0567,0
Sat Dec 14 2024 14:00:00 GMT+0000 (Greenwich Mean Time),0.024,0.0404,0.0567,0
Sat Dec 14 2024 15:00:00 GMT+0000 (Greenwich Mean Time),0.024,0.0404,0.0567,0
Sat Dec 14 2024 16:00:00 GMT+0000 (Greenwich Mean Time),0.024,0.0404,0.0567,0
Sat Dec 14 2024 17:00:00 GMT+0000 (Greenwich Mean Time),0.024,0.0404,0.0567,0
Sat Dec 14 2024 18:00:00 GMT+0000 (Greenwich Mean Time),0.024,0.0404,0.0567,0
Sat Dec 14 2024 19:00:00 GMT+0000 (Greenwich Mean Time),0.024,0.0404,0.0567,0
Sat Dec 14 2024 20:00:00 GMT+0000 (Greenwich Mean Time),0.024,0.0404,0.0567,0
Sat Dec 14 2024 21:00:00 GMT+0000 (Greenwich Mean Time),0.024,0.0404,0.0567,0
Sat Dec 14 2024 22:00:00 GMT+0000 (Greenwich Mean Time),0.024,0.0404,0.0567,0
Sat Dec 14 2024 23:00:00 GMT+0000 (Greenwich Mean Time),0.024,0.0404,0.0567,0
Sun Dec 15 2024 00:00:00 GMT+0000 (Greenwich Mean Time),0.024,0.0404,0.0567,0
Sun Dec 15 2024 01:00:00 GMT+0000 (Greenwich Mean Time),0.024,0.0404,0.0567,0
Sun Dec 15 2024 02:00:00 GMT+0000 (Greenwich Mean Time),0.024,0.0404,0.0567,0
Sun Dec 15 2024 03:00:00 GMT+0000 (Greenwich Mean Time),0.024,0.0404,0.0567,0
Sun Dec 15 2024 04:00:00 GMT+0000 (Greenwich Mean Time),0.024,0.0404,0.0567,0
Sun Dec 15 2024 05:00:00 GMT+0000 (Greenwich Mean Time),0.024,0.0404,0.0567,0
Sun Dec 15 2024 06:00:00 GMT+0000 (Greenwich Mean Time),0.024,0.0404,0.0567,0
Sun Dec 15 2024 07:00:00 GMT+0000 (Greenwich Mean Time),0.024,0.0404,0.0567,0
Sun Dec 15 2024 08:00:00 GMT+0000 (Greenwich Mean Time),0.024,0.0404,0.0567,0
Sun Dec 15 2024 09:00:00 GMT+0000 (Greenwich Mean Time),0.024,0.0404,0.0567,0
Sun Dec 15 2024 10:00:00 GMT+0000 (Greenwich Mean Time),0.024,0.0404,0.0567,155.69853765983473
Sun Dec 15 2024 11:00:00 GMT+0000 (Greenwich Mean Time),0.024,0.0404,0.0567,0
Sun Dec 15 2024 12:00:00 GMT+0000 (Greenwich Mean Time),0.024,0.0404,0.0567,0
Sun Dec 15 2024 13:00:00 GMT+0000 (Greenwich Mean Time),0,0.0425,0.0567,0
Sun Dec 15 2024 14:00:00 GMT+0000 (Greenwich Mean Time),0.0221,0.0396,0.0567,0
Sun Dec 15 2024 15:00:00 GMT+0000 (Greenwich Mean Time),0.0221,0.0396,0.0567,0
Sun Dec 15 2024 16:00:00 GMT+0000 (Greenwich Mean Time),0.0221,0.0396,0.0567,0
Sun Dec 15 2024 17:00:00 GMT+0000 (Greenwich Mean Time),0.0221,0.0396,0.0567,0
Sun Dec 15 2024 18:00:00 GMT+0000 (Greenwich Mean Time),0.0221,0.0396,0.0567,0
Sun Dec 15 2024 19:00:00 GMT+0000 (Greenwich Mean Time),0.0221,0.0396,0.0567,0
Sun Dec 15 2024 20:00:00 GMT+0000 (Greenwich Mean Time),0.0221,0.0396,0.0567,0
Sun Dec 15 2024 21:00:00 GMT+0000 (Greenwich Mean Time),0.0221,0.0396,0.0567,0
Sun Dec 15 2024 22:00:00 GMT+0000 (Greenwich Mean Time),0.0221,0.0396,0.0567,0
Sun Dec 15 2024 23:00:00 GMT+0000 (Greenwich Mean Time),0.0221,0.0396,0.0567,0
Mon Dec 16 2024 00:00:00 GMT+0000 (Greenwich Mean Time),0.0221,0.0396,0.0567,0
Mon Dec 16 2024 01:00:00 GMT+0000 (Greenwich Mean Time),0.0221,0.0396,0.0567,0
Mon Dec 16 2024 02:00:00 GMT+0000 (Greenwich Mean Time),0.0221,0.0396,0.0567,0
Mon Dec 16 2024 03:00:00 GMT+0000 (Greenwich Mean Time),0.0221,0.0396,0.0567,0
Mon Dec 16 2024 04:00:00 GMT+0000 (Greenwich Mean Time),0.0221,0.0396,0.0568,8136.6772603987465
Mon Dec 16 2024 05:00:00 GMT+0000 (Greenwich Mean Time),0.0221,0.0396,0.0568,0
Mon Dec 16 2024 06:00:00 GMT+0000 (Greenwich Mean Time),0.0221,0.0396,0.0568,0
Mon Dec 16 2024 07:00:00 GMT+0000 (Greenwich Mean Time),0.0221,0.0396,0.0568,0
Mon Dec 16 2024 08:00:00 GMT+0000 (Greenwich Mean Time),0.0221,0.0396,0.0568,0
Mon Dec 16 2024 09:00:00 GMT+0000 (Greenwich Mean Time),0.0221,0.0396,0.0568,0
Mon Dec 16 2024 10:00:00 GMT+0000 (Greenwich Mean Time),0.0221,0.0396,0.0568,0
Mon Dec 16 2024 11:00:00 GMT+0000 (Greenwich Mean Time),0.0221,0.0396,0.0568,0
Mon Dec 16 2024 12:00:00 GMT+0000 (Greenwich Mean Time),0.0221,0.0396,0.0568,0
Mon Dec 16 2024 13:00:00 GMT+0000 (Greenwich Mean Time),0.0221,0.0388,0.0568,0
Mon Dec 16 2024 14:00:00 GMT+0000 (Greenwich Mean Time),0.0235,0.0366,0.0568,0
Mon Dec 16 2024 15:00:00 GMT+0000 (Greenwich Mean Time),0.0235,0.0366,0.0568,0
Mon Dec 16 2024 16:00:00 GMT+0000 (Greenwich Mean Time),0.0235,0.0366,0.0568,0
Mon Dec 16 2024 17:00:00 GMT+0000 (Greenwich Mean Time),0.0235,0.0366,0.0568,0
Mon Dec 16 2024 18:00:00 GMT+0000 (Greenwich Mean Time),0.0235,0.0366,0.061,260856.57796682738
Mon Dec 16 2024 19:00:00 GMT+0000 (Greenwich Mean Time),0.0235,0.0366,0.061,0
Mon Dec 16 2024 20:00:00 GMT+0000 (Greenwich Mean Time),0.0235,0.0366,0.061,0
Mon Dec 16 2024 21:00:00 GMT+0000 (Greenwich Mean Time),0.0235,0.0366,0.061,0
Mon Dec 16 2024 22:00:00 GMT+0000 (Greenwich Mean Time),0.0235,0.0366,0.061,0
Mon Dec 16 2024 23:00:00 GMT+0000 (Greenwich Mean Time),0.0235,0.0366,0.061,0
Tue Dec 17 2024 00:00:00 GMT+0000 (Greenwich Mean Time),0.0235,0.0366,0.061,0
Tue Dec 17 2024 01:00:00 GMT+0000 (Greenwich Mean Time),0.0235,0.0366,0.061,0
Tue Dec 17 2024 02:00:00 GMT+0000 (Greenwich Mean Time),0.0235,0.0366,0.061,0
Tue Dec 17 2024 03:00:00 GMT+0000 (Greenwich Mean Time),0.0235,0.0366,0.061,0
Tue Dec 17 2024 04:00:00 GMT+0000 (Greenwich Mean Time),0.0235,0.0366,0.061,0
Tue Dec 17 2024 05:00:00 GMT+0000 (Greenwich Mean Time),0.0235,0.0366,0.061,0
Tue Dec 17 2024 06:00:00 GMT+0000 (Greenwich Mean Time),0.0235,0.0366,0.061,0
Tue Dec 17 2024 07:00:00 GMT+0000 (Greenwich Mean Time),0.0235,0.0366,0.061,0
Tue Dec 17 2024 08:00:00 GMT+0000 (Greenwich Mean Time),0.0235,0.0366,0.061,0
Tue Dec 17 2024 09:00:00 GMT+0000 (Greenwich Mean Time),0.0235,0.0366,0.061,2086.066367887069
Tue Dec 17 2024 10:00:00 GMT+0000 (Greenwich Mean Time),0.0235,0.0366,0.061,0
Tue Dec 17 2024 11:00:00 GMT+0000 (Greenwich Mean Time),0.0235,0.0366,0.061,0
Tue Dec 17 2024 12:00:00 GMT+0000 (Greenwich Mean Time),0.0235,0.0366,0.061,0
Tue Dec 17 2024 13:00:00 GMT+0000 (Greenwich Mean Time),0.0235,0.0326,0.061,0
Tue Dec 17 2024 14:00:00 GMT+0000 (Greenwich Mean Time),0.0277,0.0319,0.061,0
Tue Dec 17 2024 15:00:00 GMT+0000 (Greenwich Mean Time),0.0277,0.0319,0.061,0
Tue Dec 17 2024 16:00:00 GMT+0000 (Greenwich Mean Time),0.0277,0.0319,0.061,0
Tue Dec 17 2024 17:00:00 GMT+0000 (Greenwich Mean Time),0.0277,0.0319,0.061,0
Tue Dec 17 2024 18:00:00 GMT+0000 (Greenwich Mean Time),0.0277,0.0319,0.061,0
Tue Dec 17 2024 19:00:00 GMT+0000 (Greenwich Mean Time),0.0277,0.0319,0.061,0
Tue Dec 17 2024 20:00:00 GMT+0000 (Greenwich Mean Time),0.0277,0.0319,0.061,0
Tue Dec 17 2024 21:00:00 GMT+0000 (Greenwich Mean Time),0.0277,0.0319,0.061,0
Tue Dec 17 2024 22:00:00 GMT+0000 (Greenwich Mean Time),0.0277,0.0319,0.061,0
Tue Dec 17 2024 23:00:00 GMT+0000 (Greenwich Mean Time),0.0277,0.0319,0.061,0
Wed Dec 18 2024 00:00:00 GMT+0000 (Greenwich Mean Time),0.0277,0.0319,0.061,0
Wed Dec 18 2024 01:00:00 GMT+0000 (Greenwich Mean Time),0.0277,0.0319,0.061,0
Wed Dec 18 2024 02:00:00 GMT+0000 (Greenwich Mean Time),0.0277,0.0319,0.0624,87137.56044822923
Wed Dec 18 2024 03:00:00 GMT+0000 (Greenwich Mean Time),0.0277,0.0319,0.0624,0
Wed Dec 18 2024 04:00:00 GMT+0000 (Greenwich Mean Time),0.0277,0.0319,0.0624,0
Wed Dec 18 2024 05:00:00 GMT+0000 (Greenwich Mean Time),0.0277,0.0319,0.0624,0
Wed Dec 18 2024 06:00:00 GMT+0000 (Greenwich Mean Time),0.0277,0.0319,0.0624,0
Wed Dec 18 2024 07:00:00 GMT+0000 (Greenwich Mean Time),0.0277,0.0319,0.0624,0
Wed Dec 18 2024 08:00:00 GMT+0000 (Greenwich Mean Time),0.0277,0.0319,0.0624,0
Wed Dec 18 2024 09:00:00 GMT+0000 (Greenwich Mean Time),0.0277,0.0319,0.0624,0
Wed Dec 18 2024 10:00:00 GMT+0000 (Greenwich Mean Time),0.0277,0.0319,0.0624,0
Wed Dec 18 2024 11:00:00 GMT+0000 (Greenwich Mean Time),0.0277,0.0319,0.0624,0
Wed Dec 18 2024 12:00:00 GMT+0000 (Greenwich Mean Time),0.0277,0.0319,0.0624,0
Wed Dec 18 2024 13:00:00 GMT+0000 (Greenwich Mean Time),0.0277,0.0277,0.0624,0
Wed Dec 18 2024 14:00:00 GMT+0000 (Greenwich Mean Time),0.0283,0.0278,0.0624,0
Wed Dec 18 2024 15:00:00 GMT+0000 (Greenwich Mean Time),0.0283,0.0278,0.0624,0
Wed Dec 18 2024 16:00:00 GMT+0000 (Greenwich Mean Time),0.0283,0.0278,0.0624,0
Wed Dec 18 2024 17:00:00 GMT+0000 (Greenwich Mean Time),0.0283,0.0278,0.1163,3761961.1777256564
Wed Dec 18 2024 18:00:00 GMT+0000 (Greenwich Mean Time),0.0283,0.0278,0.1163,0
Wed Dec 18 2024 19:00:00 GMT+0000 (Greenwich Mean Time),0.0283,0.0278,0.1163,0
Wed Dec 18 2024 20:00:00 GMT+0000 (Greenwich Mean Time),0.0283,0.0278,0.1163,0
Wed Dec 18 2024 21:00:00 GMT+0000 (Greenwich Mean Time),0.0283,0.0278,0.1163,0
Wed Dec 18 2024 22:00:00 GMT+0000 (Greenwich Mean Time),0.0283,0.0278,0.1163,0
Wed Dec 18 2024 23:00:00 GMT+0000 (Greenwich Mean Time),0.0283,0.0278,0.1163,0
Thu Dec 19 2024 00:00:00 GMT+0000 (Greenwich Mean Time),0.0283,0.0278,0.1163,0
Thu Dec 19 2024 01:00:00 GMT+0000 (Greenwich Mean Time),0.0283,0.0278,0.1096,389654.4220608195
Thu Dec 19 2024 02:00:00 GMT+0000 (Greenwich Mean Time),0.0283,0.0278,0.1096,0
Thu Dec 19 2024 03:00:00 GMT+0000 (Greenwich Mean Time),0.0283,0.0278,0.1082,82140.59333018059
Thu Dec 19 2024 04:00:00 GMT+0000 (Greenwich Mean Time),0.0283,0.0278,0.1043,799760.7135696127
Thu Dec 19 2024 05:00:00 GMT+0000 (Greenwich Mean Time),0.0283,0.0278,0.1043,0
Thu Dec 19 2024 06:00:00 GMT+0000 (Greenwich Mean Time),0.0283,0.0278,0.1043,0
Thu Dec 19 2024 07:00:00 GMT+0000 (Greenwich Mean Time),0.0283,0.0278,0.1043,0
Thu Dec 19 2024 08:00:00 GMT+0000 (Greenwich Mean Time),0.0283,0.0278,0.1137,574425.3002961315
Thu Dec 19 2024 09:00:00 GMT+0000 (Greenwich Mean Time),0.0283,0.0278,0.1137,0
Thu Dec 19 2024 10:00:00 GMT+0000 (Greenwich Mean Time),0.0283,0.0278,0.1137,0
Thu Dec 19 2024 11:00:00 GMT+0000 (Greenwich Mean Time),0.0283,0.0278,0.1137,0
Thu Dec 19 2024 12:00:00 GMT+0000 (Greenwich Mean Time),0.0283,0.0278,0.1137,0
Thu Dec 19 2024 13:00:00 GMT+0000 (Greenwich Mean Time),0.0283,0.0254,0.1137,0
Thu Dec 19 2024 14:00:00 GMT+0000 (Greenwich Mean Time),0.0261,0.0255,0.1137,2694.1807714182714
Thu Dec 19 2024 15:00:00 GMT+0000 (Greenwich Mean Time),0.0261,0.0255,0.1137,0
Thu Dec 19 2024 16:00:00 GMT+0000 (Greenwich Mean Time),0.0261,0.0255,0.1137,0
Thu Dec 19 2024 17:00:00 GMT+0000 (Greenwich Mean Time),0.0261,0.0255,0.1137,0
Thu Dec 19 2024 18:00:00 GMT+0000 (Greenwich Mean Time),0.0261,0.0255,0.1137,0
Thu Dec 19 2024 19:00:00 GMT+0000 (Greenwich Mean Time),0.0261,0.0255,0.1137,0
Thu Dec 19 2024 20:00:00 GMT+0000 (Greenwich Mean Time),0.0261,0.0255,0.1137,0
Thu Dec 19 2024 21:00:00 GMT+0000 (Greenwich Mean Time),0.0261,0.0255,0.1137,0
Thu Dec 19 2024 22:00:00 GMT+0000 (Greenwich Mean Time),0.0261,0.0255,0.1137,0
Thu Dec 19 2024 23:00:00 GMT+0000 (Greenwich Mean Time),0.0261,0.0255,0.1137,0
Fri Dec 20 2024 00:00:00 GMT+0000 (Greenwich Mean Time),0.0261,0.0255,0.1137,0
Fri Dec 20 2024 01:00:00 GMT+0000 (Greenwich Mean Time),0.0261,0.0255,0.1137,0
Fri Dec 20 2024 02:00:00 GMT+0000 (Greenwich Mean Time),0.0261,0.0255,0.1137,0
Fri Dec 20 2024 03:00:00 GMT+0000 (Greenwich Mean Time),0.0261,0.0255,0.1137,0
Fri Dec 20 2024 04:00:00 GMT+0000 (Greenwich Mean Time),0.0261,0.0255,0.1137,0
Fri Dec 20 2024 05:00:00 GMT+0000 (Greenwich Mean Time),0.0261,0.0255,0.1137,0
Fri Dec 20 2024 06:00:00 GMT+0000 (Greenwich Mean Time),0.0261,0.0255,0.1137,0
Fri Dec 20 2024 07:00:00 GMT+0000 (Greenwich Mean Time),0.0261,0.0255,0.1137,0
Fri Dec 20 2024 08:00:00 GMT+0000 (Greenwich Mean Time),0.0261,0.0255,0.1137,0
Fri Dec 20 2024 09:00:00 GMT+0000 (Greenwich Mean Time),0.0261,0.0255,0.1137,0
Fri Dec 20 2024 10:00:00 GMT+0000 (Greenwich Mean Time),0.0261,0.0255,0.1137,0
Fri Dec 20 2024 11:00:00 GMT+0000 (Greenwich Mean Time),0.0261,0.0255,0.1137,0
Fri Dec 20 2024 12:00:00 GMT+0000 (Greenwich Mean Time),0.0261,0.0255,0.1137,0
Fri Dec 20 2024 13:00:00 GMT+0000 (Greenwich Mean Time),0.0261,0.0253,0.1137,0
Fri Dec 20 2024 14:00:00 GMT+0000 (Greenwich Mean Time),0.0225,0.0249,0.1137,0
Fri Dec 20 2024 15:00:00 GMT+0000 (Greenwich Mean Time),0.0225,0.0249,0.1137,0
Fri Dec 20 2024 16:00:00 GMT+0000 (Greenwich Mean Time),0.0225,0.0249,0.1137,0
Fri Dec 20 2024 17:00:00 GMT+0000 (Greenwich Mean Time),0.0225,0.0249,0.1137,0
Fri Dec 20 2024 18:00:00 GMT+0000 (Greenwich Mean Time),0.0225,0.0249,0.1137,0
Fri Dec 20 2024 19:00:00 GMT+0000 (Greenwich Mean Time),0.0225,0.0249,0.1137,0
Fri Dec 20 2024 20:00:00 GMT+0000 (Greenwich Mean Time),0.0225,0.0249,0.1138,2876.488791826443
Fri Dec 20 2024 21:00:00 GMT+0000 (Greenwich Mean Time),0.0225,0.0249,0.1138,0
Fri Dec 20 2024 22:00:00 GMT+0000 (Greenwich Mean Time),0.0225,0.0249,0.1138,0
Fri Dec 20 2024 23:00:00 GMT+0000 (Greenwich Mean Time),0.0225,0.0249,0.1138,0
Sat Dec 21 2024 00:00:00 GMT+0000 (Greenwich Mean Time),0.0225,0.0249,0.1138,0
Sat Dec 21 2024 01:00:00 GMT+0000 (Greenwich Mean Time),0.0225,0.0249,0.1138,0
Sat Dec 21 2024 02:00:00 GMT+0000 (Greenwich Mean Time),0.0225,0.0249,0.1138,0
Sat Dec 21 2024 03:00:00 GMT+0000 (Greenwich Mean Time),0.0225,0.0249,0.1138,0
Sat Dec 21 2024 04:00:00 GMT+0000 (Greenwich Mean Time),0.0225,0.0249,0.1138,0
Sat Dec 21 2024 05:00:00 GMT+0000 (Greenwich Mean Time),0.0225,0.0249,0.1138,0
Sat Dec 21 2024 06:00:00 GMT+0000 (Greenwich Mean Time),0.0225,0.0249,0.1138,0
Sat Dec 21 2024 07:00:00 GMT+0000 (Greenwich Mean Time),0.0225,0.0249,0.1138,0
Sat Dec 21 2024 08:00:00 GMT+0000 (Greenwich Mean Time),0.0225,0.0249,0.1138,0
Sat Dec 21 2024 09:00:00 GMT+0000 (Greenwich Mean Time),0.0225,0.0249,0.1138,0
Sat Dec 21 2024 10:00:00 GMT+0000 (Greenwich Mean Time),0.0225,0.0249,0.1138,0
Sat Dec 21 2024 11:00:00 GMT+0000 (Greenwich Mean Time),0.0225,0.0249,0.1138,0
Sat Dec 21 2024 12:00:00 GMT+0000 (Greenwich Mean Time),0.0225,0.0249,0.1138,0
Sat Dec 21 2024 13:00:00 GMT+0000 (Greenwich Mean Time),0.0225,0.025,0.1138,0
Sat Dec 21 2024 14:00:00 GMT+0000 (Greenwich Mean Time),0.0235,0.0248,0.1138,0
Sat Dec 21 2024 15:00:00 GMT+0000 (Greenwich Mean Time),0.0235,0.0248,0.1138,0
Sat Dec 21 2024 16:00:00 GMT+0000 (Greenwich Mean Time),0.0235,0.0248,0.1138,0
Sat Dec 21 2024 17:00:00 GMT+0000 (Greenwich Mean Time),0.0235,0.0248,0.1138,0
Sat Dec 21 2024 18:00:00 GMT+0000 (Greenwich Mean Time),0.0235,0.0248,0.1138,0
Sat Dec 21 2024 19:00:00 GMT+0000 (Greenwich Mean Time),0.0235,0.0248,0.1138,0
Sat Dec 21 2024 20:00:00 GMT+0000 (Greenwich Mean Time),0.0235,0.0248,0.1138,0
Sat Dec 21 2024 21:00:00 GMT+0000 (Greenwich Mean Time),0.0235,0.0248,0.1138,0
Sat Dec 21 2024 22:00:00 GMT+0000 (Greenwich Mean Time),0.0235,0.0248,0.1138,0
Sat Dec 21 2024 23:00:00 GMT+0000 (Greenwich Mean Time),0.0235,0.0248,0.1138,0
Sun Dec 22 2024 00:00:00 GMT+0000 (Greenwich Mean Time),0.0235,0.0248,0.1138,0
Sun Dec 22 2024 01:00:00 GMT+0000 (Greenwich Mean Time),0.0235,0.0248,0.1138,0
Sun Dec 22 2024 02:00:00 GMT+0000 (Greenwich Mean Time),0.0235,0.0248,0.1138,0
Sun Dec 22 2024 03:00:00 GMT+0000 (Greenwich Mean Time),0.0235,0.0248,0.1139,6490.218365361079
Sun Dec 22 2024 04:00:00 GMT+0000 (Greenwich Mean Time),0.0235,0.0248,0.1139,2005.4570714117074
Sun Dec 22 2024 05:00:00 GMT+0000 (Greenwich Mean Time),0.0235,0.0248,0.1139,0
Sun Dec 22 2024 06:00:00 GMT+0000 (Greenwich Mean Time),0.0235,0.0248,0.1139,0
Sun Dec 22 2024 07:00:00 GMT+0000 (Greenwich Mean Time),0.0235,0.0248,0.1139,0
Sun Dec 22 2024 08:00:00 GMT+0000 (Greenwich Mean Time),0.0235,0.0248,0.1139,0
Sun Dec 22 2024 09:00:00 GMT+0000 (Greenwich Mean Time),0.0235,0.0248,0.1139,0
Sun Dec 22 2024 10:00:00 GMT+0000 (Greenwich Mean Time),0.0235,0.0248,0.1139,3587.01397429788
Sun Dec 22 2024 11:00:00 GMT+0000 (Greenwich Mean Time),0.0235,0.0248,0.1139,0
Sun Dec 22 2024 12:00:00 GMT+0000 (Greenwich Mean Time),0.0235,0.0248,0.1139,0
Sun Dec 22 2024 13:00:00 GMT+0000 (Greenwich Mean Time),0.0235,0.0248,0.1139,0
Sun Dec 22 2024 14:00:00 GMT+0000 (Greenwich Mean Time),0.0243,0.0251,0.1139,0
Sun Dec 22 2024 15:00:00 GMT+0000 (Greenwich Mean Time),0.0243,0.0251,0.1139,0
Sun Dec 22 2024 16:00:00 GMT+0000 (Greenwich Mean Time),0.0243,0.0251,0.1139,0
Sun Dec 22 2024 17:00:00 GMT+0000 (Greenwich Mean Time),0.0243,0.0251,0.1139,0
Sun Dec 22 2024 18:00:00 GMT+0000 (Greenwich Mean Time),0.0243,0.0251,0.1139,0
Sun Dec 22 2024 19:00:00 GMT+0000 (Greenwich Mean Time),0.0243,0.0251,0.1139,0
Sun Dec 22 2024 20:00:00 GMT+0000 (Greenwich Mean Time),0.0243,0.0251,0.1139,0
Sun Dec 22 2024 21:00:00 GMT+0000 (Greenwich Mean Time),0.0243,0.0251,0.1139,0
Sun Dec 22 2024 22:00:00 GMT+0000 (Greenwich Mean Time),0.0243,0.0251,0.1139,0
Sun Dec 22 2024 23:00:00 GMT+0000 (Greenwich Mean Time),0.0243,0.0251,0.1139,0
Mon Dec 23 2024 00:00:00 GMT+0000 (Greenwich Mean Time),0.0243,0.0251,0.1139,0
Mon Dec 23 2024 01:00:00 GMT+0000 (Greenwich Mean Time),0.0243,0.0251,0.1139,0
Mon Dec 23 2024 02:00:00 GMT+0000 (Greenwich Mean Time),0.0243,0.0251,0.1139,0
Mon Dec 23 2024 03:00:00 GMT+0000 (Greenwich Mean Time),0.0243,0.0251,0.1151,60026.70342884606
Mon Dec 23 2024 04:00:00 GMT+0000 (Greenwich Mean Time),0.0243,0.0251,0.1151,0
Mon Dec 23 2024 05:00:00 GMT+0000 (Greenwich Mean Time),0.0243,0.0251,0.1151,0
Mon Dec 23 2024 06:00:00 GMT+0000 (Greenwich Mean Time),0.0243,0.0251,0.1151,0
Mon Dec 23 2024 07:00:00 GMT+0000 (Greenwich Mean Time),0.0243,0.0251,0.1151,0
Mon Dec 23 2024 08:00:00 GMT+0000 (Greenwich Mean Time),0.0243,0.0251,0.1151,0
Mon Dec 23 2024 09:00:00 GMT+0000 (Greenwich Mean Time),0.0243,0.0251,0.1151,0
Mon Dec 23 2024 10:00:00 GMT+0000 (Greenwich Mean Time),0.0243,0.0251,0.1151,0
Mon Dec 23 2024 11:00:00 GMT+0000 (Greenwich Mean Time),0.0243,0.0251,0.1152,2664.794597900972
Mon Dec 23 2024 12:00:00 GMT+0000 (Greenwich Mean Time),0.0243,0.0251,0.1152,0
Mon Dec 23 2024 13:00:00 GMT+0000 (Greenwich Mean Time),0.0243,0.0251,0.1152,0
Mon Dec 23 2024 14:00:00 GMT+0000 (Greenwich Mean Time),0,0.0254,0.1152,0
Mon Dec 23 2024 15:00:00 GMT+0000 (Greenwich Mean Time),0.0349,0.0268,0.1152,0
Mon Dec 23 2024 16:00:00 GMT+0000 (Greenwich Mean Time),0.0349,0.0268,0.1152,0
Mon Dec 23 2024 17:00:00 GMT+0000 (Greenwich Mean Time),0.0349,0.0268,0.1152,0
Mon Dec 23 2024 18:00:00 GMT+0000 (Greenwich Mean Time),0.0349,0.0268,0.1152,0
Mon Dec 23 2024 19:00:00 GMT+0000 (Greenwich Mean Time),0.0349,0.0268,0.1152,0
Mon Dec 23 2024 20:00:00 GMT+0000 (Greenwich Mean Time),0.0349,0.0268,0.1152,0
Mon Dec 23 2024 21:00:00 GMT+0000 (Greenwich Mean Time),0.0349,0.0268,0.1152,0
Mon Dec 23 2024 22:00:00 GMT+0000 (Greenwich Mean Time),0.0349,0.0268,0.1152,0
Mon Dec 23 2024 23:00:00 GMT+0000 (Greenwich Mean Time),0.0349,0.0268,0.1152,0
Tue Dec 24 2024 00:00:00 GMT+0000 (Greenwich Mean Time),0.0349,0.0268,0.1152,0
Tue Dec 24 2024 01:00:00 GMT+0000 (Greenwich Mean Time),0.0349,0.0268,0.1152,0
Tue Dec 24 2024 02:00:00 GMT+0000 (Greenwich Mean Time),0.0349,0.0268,0.1152,0
Tue Dec 24 2024 03:00:00 GMT+0000 (Greenwich Mean Time),0.0349,0.0268,0.1152,0
Tue Dec 24 2024 04:00:00 GMT+0000 (Greenwich Mean Time),0.0349,0.0268,0.1152,0
Tue Dec 24 2024 05:00:00 GMT+0000 (Greenwich Mean Time),0.0349,0.0268,0.1153,7596.637382284024
Tue Dec 24 2024 06:00:00 GMT+0000 (Greenwich Mean Time),0.0349,0.0268,0.1153,0
Tue Dec 24 2024 07:00:00 GMT+0000 (Greenwich Mean Time),0.0349,0.0268,0.0879,1606578.8531215643
Tue Dec 24 2024 08:00:00 GMT+0000 (Greenwich Mean Time),0.0349,0.0268,0.0879,0
Tue Dec 24 2024 09:00:00 GMT+0000 (Greenwich Mean Time),0.0349,0.0268,0.0879,0
Tue Dec 24 2024 10:00:00 GMT+0000 (Greenwich Mean Time),0.0349,0.0268,0.088,11105.481792047121
Tue Dec 24 2024 11:00:00 GMT+0000 (Greenwich Mean Time),0.0349,0.0268,0.0882,9774.346837707868
Tue Dec 24 2024 12:00:00 GMT+0000 (Greenwich Mean Time),0.0349,0.0268,0.0882,0
Tue Dec 24 2024 13:00:00 GMT+0000 (Greenwich Mean Time),0.0349,0.0268,0.0902,124966.5210078354
Tue Dec 24 2024 14:00:00 GMT+0000 (Greenwich Mean Time),0,0.0266,0.0902,0
Tue Dec 24 2024 15:00:00 GMT+0000 (Greenwich Mean Time),0.0461,0.0294,0.0924,128594.4912177668
Tue Dec 24 2024 16:00:00 GMT+0000 (Greenwich Mean Time),0.0461,0.0294,0.0924,0
Tue Dec 24 2024 17:00:00 GMT+0000 (Greenwich Mean Time),0.0461,0.0294,0.0924,0
Tue Dec 24 2024 18:00:00 GMT+0000 (Greenwich Mean Time),0.0461,0.0294,0.0924,0
Tue Dec 24 2024 19:00:00 GMT+0000 (Greenwich Mean Time),0.0461,0.0294,0.0924,0
Tue Dec 24 2024 20:00:00 GMT+0000 (Greenwich Mean Time),0.0461,0.0294,0.0924,0
Tue Dec 24 2024 21:00:00 GMT+0000 (Greenwich Mean Time),0.0461,0.0294,0.0924,0
Tue Dec 24 2024 22:00:00 GMT+0000 (Greenwich Mean Time),0.0461,0.0294,0.0924,0
Tue Dec 24 2024 23:00:00 GMT+0000 (Greenwich Mean Time),0.0461,0.0294,0.0984,357032.96509655827
Wed Dec 25 2024 00:00:00 GMT+0000 (Greenwich Mean Time),0.0461,0.0294,0.1038,306033.8602249151
Wed Dec 25 2024 01:00:00 GMT+0000 (Greenwich Mean Time),0.0461,0.0294,0.1038,0
Wed Dec 25 2024 02:00:00 GMT+0000 (Greenwich Mean Time),0.0461,0.0294,0.1038,0
Wed Dec 25 2024 03:00:00 GMT+0000 (Greenwich Mean Time),0.0461,0.0294,0.1038,0
Wed Dec 25 2024 04:00:00 GMT+0000 (Greenwich Mean Time),0.0461,0.0294,0.1038,0
Wed Dec 25 2024 05:00:00 GMT+0000 (Greenwich Mean Time),0.0461,0.0294,0.1038,0
Wed Dec 25 2024 06:00:00 GMT+0000 (Greenwich Mean Time),0.0461,0.0294,0.1038,2642.4274389425673
Wed Dec 25 2024 07:00:00 GMT+0000 (Greenwich Mean Time),0.0461,0.0294,0.1038,0
Wed Dec 25 2024 08:00:00 GMT+0000 (Greenwich Mean Time),0.0461,0.0294,0.1038,0
Wed Dec 25 2024 09:00:00 GMT+0000 (Greenwich Mean Time),0.0461,0.0294,0.1038,0
Wed Dec 25 2024 10:00:00 GMT+0000 (Greenwich Mean Time),0.0461,0.0294,0.1039,4846.848544990626
Wed Dec 25 2024 11:00:00 GMT+0000 (Greenwich Mean Time),0.0461,0.0294,0.1039,0
Wed Dec 25 2024 12:00:00 GMT+0000 (Greenwich Mean Time),0.0461,0.0294,0.1057,96031.01308027619
Wed Dec 25 2024 13:00:00 GMT+0000 (Greenwich Mean Time),0.0461,0.0294,0.108,119551.59740460126
Wed Dec 25 2024 14:00:00 GMT+0000 (Greenwich Mean Time),0.0461,0.0295,0.108,0
Wed Dec 25 2024 15:00:00 GMT+0000 (Greenwich Mean Time),0.0451,0.0318,0.108,0
Wed Dec 25 2024 16:00:00 GMT+0000 (Greenwich Mean Time),0.0451,0.0318,0.1083,18080.462396893232
Wed Dec 25 2024 17:00:00 GMT+0000 (Greenwich Mean Time),0.0451,0.0318,0.1083,0
Wed Dec 25 2024 18:00:00 GMT+0000 (Greenwich Mean Time),0.0451,0.0318,0.1084,2946.0298167893384
Wed Dec 25 2024 19:00:00 GMT+0000 (Greenwich Mean Time),0.0451,0.0318,0.1084,0
Wed Dec 25 2024 20:00:00 GMT+0000 (Greenwich Mean Time),0.0451,0.0318,0.1084,698.1611027629195
Wed Dec 25 2024 21:00:00 GMT+0000 (Greenwich Mean Time),0.0451,0.0318,0.1872,2088616.8665565932
Wed Dec 25 2024 22:00:00 GMT+0000 (Greenwich Mean Time),0.0451,0.0318,0.1872,0
Wed Dec 25 2024 23:00:00 GMT+0000 (Greenwich Mean Time),0.0451,0.0318,0.1885,1706.5923079572904