time,underlyingApy1DMA,underlyingApy7DMA,impliedApy,volume
Sun Oct 27 2024 01:00:00 GMT+0100 (British Summer Time),0.062,0.1313,0.0619,951.2427840154916
Sun Oct 27 2024 01:00:00 GMT+0000 (Greenwich Mean Time),0.062,0.1313,0.0619,0
Sun Oct 27 2024 02:00:00 GMT+0000 (Greenwich Mean Time),0.062,0.1313,0.057,94082.98444226361
Sun Oct 27 2024 03:00:00 GMT+0000 (Greenwich Mean Time),0.062,0.1313,0.057,0
Sun Oct 27 2024 04:00:00 GMT+0000 (Greenwich Mean Time),0.062,0.1313,0.0715,389120.91211071087
Sun Oct 27 2024 05:00:00 GMT+0000 (Greenwich Mean Time),0.062,0.1313,0.0612,504424.22016926436
Sun Oct 27 2024 06:00:00 GMT+0000 (Greenwich Mean Time),0.062,0.1313,0.061,2401.5985865176976
Sun Oct 27 2024 07:00:00 GMT+0000 (Greenwich Mean Time),0.062,0.1263,0.057,108919.66813852008
Sun Oct 27 2024 08:00:00 GMT+0000 (Greenwich Mean Time),0.0554,0.1159,0.057,0
Sun Oct 27 2024 09:00:00 GMT+0000 (Greenwich Mean Time),0.0554,0.1159,0.057,0
Sun Oct 27 2024 10:00:00 GMT+0000 (Greenwich Mean Time),0.0554,0.1159,0.0566,5472.631314288808
Sun Oct 27 2024 11:00:00 GMT+0000 (Greenwich Mean Time),0.0554,0.1159,0.0565,1610.585061649068
Sun Oct 27 2024 12:00:00 GMT+0000 (Greenwich Mean Time),0.0554,0.1159,0.0565,0
Sun Oct 27 2024 13:00:00 GMT+0000 (Greenwich Mean Time),0.0554,0.1159,0.0565,0
Sun Oct 27 2024 14:00:00 GMT+0000 (Greenwich Mean Time),0.0554,0.1159,0.0565,0
Sun Oct 27 2024 15:00:00 GMT+0000 (Greenwich Mean Time),0.0554,0.1159,0.0565,0
Sun Oct 27 2024 16:00:00 GMT+0000 (Greenwich Mean Time),0.0554,0.1159,0.0565,0
Sun Oct 27 2024 17:00:00 GMT+0000 (Greenwich Mean Time),0.0554,0.1159,0.0565,0
Sun Oct 27 2024 18:00:00 GMT+0000 (Greenwich Mean Time),0.0554,0.1159,0.0568,4720.496010517755
Sun Oct 27 2024 19:00:00 GMT+0000 (Greenwich Mean Time),0.0554,0.1159,0.0568,0
Sun Oct 27 2024 20:00:00 GMT+0000 (Greenwich Mean Time),0.0554,0.1159,0.057,3509.684130992344
Sun Oct 27 2024 21:00:00 GMT+0000 (Greenwich Mean Time),0.0554,0.1159,0.057,0
Sun Oct 27 2024 22:00:00 GMT+0000 (Greenwich Mean Time),0.0554,0.1159,0.057,0
Sun Oct 27 2024 23:00:00 GMT+0000 (Greenwich Mean Time),0.0554,0.1159,0.057,0
Mon Oct 28 2024 00:00:00 GMT+0000 (Greenwich Mean Time),0.0554,0.1159,0.0569,2779.9828628528085
Mon Oct 28 2024 01:00:00 GMT+0000 (Greenwich Mean Time),0.0554,0.1159,0.0566,115176.36536453088
Mon Oct 28 2024 02:00:00 GMT+0000 (Greenwich Mean Time),0.0554,0.1159,0.0718,1121881.3219036052
Mon Oct 28 2024 03:00:00 GMT+0000 (Greenwich Mean Time),0.0554,0.1159,0.0718,0
Mon Oct 28 2024 04:00:00 GMT+0000 (Greenwich Mean Time),0.0554,0.1159,0.0637,130453.4126042313
Mon Oct 28 2024 05:00:00 GMT+0000 (Greenwich Mean Time),0.0554,0.1159,0.0633,5632.024556717393
Mon Oct 28 2024 06:00:00 GMT+0000 (Greenwich Mean Time),0.0554,0.1159,0.0633,0
Mon Oct 28 2024 07:00:00 GMT+0000 (Greenwich Mean Time),0.0554,0.1066,0.0612,33303.52112686049
Mon Oct 28 2024 08:00:00 GMT+0000 (Greenwich Mean Time),0.0455,0.0977,0.0612,0
Mon Oct 28 2024 09:00:00 GMT+0000 (Greenwich Mean Time),0.0455,0.0977,0.0612,0
Mon Oct 28 2024 10:00:00 GMT+0000 (Greenwich Mean Time),0.0455,0.0977,0.0612,0
Mon Oct 28 2024 11:00:00 GMT+0000 (Greenwich Mean Time),0.0455,0.0977,0.0612,0
Mon Oct 28 2024 12:00:00 GMT+0000 (Greenwich Mean Time),0.0455,0.0977,0.0612,0
Mon Oct 28 2024 13:00:00 GMT+0000 (Greenwich Mean Time),0.0455,0.0977,0.0612,0
Mon Oct 28 2024 14:00:00 GMT+0000 (Greenwich Mean Time),0.0455,0.0977,0.0612,0
Mon Oct 28 2024 15:00:00 GMT+0000 (Greenwich Mean Time),0.0455,0.0977,0.0612,0
Mon Oct 28 2024 16:00:00 GMT+0000 (Greenwich Mean Time),0.0455,0.0977,0.0612,0
Mon Oct 28 2024 17:00:00 GMT+0000 (Greenwich Mean Time),0.0455,0.0977,0.0612,0
Mon Oct 28 2024 18:00:00 GMT+0000 (Greenwich Mean Time),0.0455,0.0977,0.0612,0
Mon Oct 28 2024 19:00:00 GMT+0000 (Greenwich Mean Time),0.0455,0.0977,0.0612,0
Mon Oct 28 2024 20:00:00 GMT+0000 (Greenwich Mean Time),0.0455,0.0977,0.0612,0
Mon Oct 28 2024 21:00:00 GMT+0000 (Greenwich Mean Time),0.0455,0.0977,0.0612,0
Mon Oct 28 2024 22:00:00 GMT+0000 (Greenwich Mean Time),0.0455,0.0977,0.0612,0
Mon Oct 28 2024 23:00:00 GMT+0000 (Greenwich Mean Time),0.0455,0.0977,0.0612,1520.7048532160975
Tue Oct 29 2024 00:00:00 GMT+0000 (Greenwich Mean Time),0.0455,0.0977,0.0612,0
Tue Oct 29 2024 01:00:00 GMT+0000 (Greenwich Mean Time),0.0455,0.0977,0.0612,0
Tue Oct 29 2024 02:00:00 GMT+0000 (Greenwich Mean Time),0.0455,0.0977,0.061,3155.8936516718954
Tue Oct 29 2024 03:00:00 GMT+0000 (Greenwich Mean Time),0.0455,0.0977,0.061,0
Tue Oct 29 2024 04:00:00 GMT+0000 (Greenwich Mean Time),0.0455,0.0977,0.061,1205.3707387164447
Tue Oct 29 2024 05:00:00 GMT+0000 (Greenwich Mean Time),0.0455,0.0977,0.061,0
Tue Oct 29 2024 06:00:00 GMT+0000 (Greenwich Mean Time),0.0455,0.0977,0.0634,44979.276976679634
Tue Oct 29 2024 07:00:00 GMT+0000 (Greenwich Mean Time),0.0455,0.0873,0.0634,5.39942596262807
Tue Oct 29 2024 08:00:00 GMT+0000 (Greenwich Mean Time),0.0888,0.0875,0.0634,0
Tue Oct 29 2024 09:00:00 GMT+0000 (Greenwich Mean Time),0.0888,0.0875,0.0634,0
Tue Oct 29 2024 10:00:00 GMT+0000 (Greenwich Mean Time),0.0888,0.0875,0.0634,0
Tue Oct 29 2024 11:00:00 GMT+0000 (Greenwich Mean Time),0.0888,0.0875,0.0634,0
Tue Oct 29 2024 12:00:00 GMT+0000 (Greenwich Mean Time),0.0888,0.0875,0.0636,198391.87807880426
Tue Oct 29 2024 13:00:00 GMT+0000 (Greenwich Mean Time),0.0888,0.0875,0.0594,74438.08902125318
Tue Oct 29 2024 14:00:00 GMT+0000 (Greenwich Mean Time),0.0888,0.0875,0.0594,0
Tue Oct 29 2024 15:00:00 GMT+0000 (Greenwich Mean Time),0.0888,0.0875,0.0594,0
Tue Oct 29 2024 16:00:00 GMT+0000 (Greenwich Mean Time),0.0888,0.0875,0.0594,0
Tue Oct 29 2024 17:00:00 GMT+0000 (Greenwich Mean Time),0.0888,0.0875,0.0609,27032.348198722553
Tue Oct 29 2024 18:00:00 GMT+0000 (Greenwich Mean Time),0.0888,0.0875,0.0609,0
Tue Oct 29 2024 19:00:00 GMT+0000 (Greenwich Mean Time),0.0888,0.0875,0.0609,0
Tue Oct 29 2024 20:00:00 GMT+0000 (Greenwich Mean Time),0.0888,0.0875,0.0609,0
Tue Oct 29 2024 21:00:00 GMT+0000 (Greenwich Mean Time),0.0888,0.0875,0.0631,38943.49767460523
Tue Oct 29 2024 22:00:00 GMT+0000 (Greenwich Mean Time),0.0888,0.0875,0.0631,0
Tue Oct 29 2024 23:00:00 GMT+0000 (Greenwich Mean Time),0.0888,0.0875,0.0617,25238.62899322852
Wed Oct 30 2024 00:00:00 GMT+0000 (Greenwich Mean Time),0.0888,0.0875,0.0617,0
Wed Oct 30 2024 01:00:00 GMT+0000 (Greenwich Mean Time),0.0888,0.0875,0.0617,0
Wed Oct 30 2024 02:00:00 GMT+0000 (Greenwich Mean Time),0.0888,0.0875,0.0617,0
Wed Oct 30 2024 03:00:00 GMT+0000 (Greenwich Mean Time),0.0888,0.0875,0.0617,0
Wed Oct 30 2024 04:00:00 GMT+0000 (Greenwich Mean Time),0.0888,0.0875,0.0617,0
Wed Oct 30 2024 05:00:00 GMT+0000 (Greenwich Mean Time),0.0888,0.0875,0.0617,0
Wed Oct 30 2024 06:00:00 GMT+0000 (Greenwich Mean Time),0.0888,0.0875,0.0617,0
Wed Oct 30 2024 07:00:00 GMT+0000 (Greenwich Mean Time),0.0888,0.0749,0.0617,0
Wed Oct 30 2024 08:00:00 GMT+0000 (Greenwich Mean Time),0.015,0.0662,0.0617,0
Wed Oct 30 2024 09:00:00 GMT+0000 (Greenwich Mean Time),0.015,0.0662,0.0588,69289.00027719446
Wed Oct 30 2024 10:00:00 GMT+0000 (Greenwich Mean Time),0.015,0.0662,0.0588,0
Wed Oct 30 2024 11:00:00 GMT+0000 (Greenwich Mean Time),0.015,0.0662,0.0588,0
Wed Oct 30 2024 12:00:00 GMT+0000 (Greenwich Mean Time),0.015,0.0662,0.0588,0
Wed Oct 30 2024 13:00:00 GMT+0000 (Greenwich Mean Time),0.015,0.0662,0.0588,0
Wed Oct 30 2024 14:00:00 GMT+0000 (Greenwich Mean Time),0.015,0.0662,0.0588,0
Wed Oct 30 2024 15:00:00 GMT+0000 (Greenwich Mean Time),0.015,0.0662,0.0588,0
Wed Oct 30 2024 16:00:00 GMT+0000 (Greenwich Mean Time),0.015,0.0662,0.0588,0
Wed Oct 30 2024 17:00:00 GMT+0000 (Greenwich Mean Time),0.015,0.0662,0.0616,49284.55941205871
Wed Oct 30 2024 18:00:00 GMT+0000 (Greenwich Mean Time),0.015,0.0662,0.0616,0
Wed Oct 30 2024 19:00:00 GMT+0000 (Greenwich Mean Time),0.015,0.0662,0.0616,0
Wed Oct 30 2024 20:00:00 GMT+0000 (Greenwich Mean Time),0.015,0.0662,0.0616,0
Wed Oct 30 2024 21:00:00 GMT+0000 (Greenwich Mean Time),0.015,0.0662,0.0616,0
Wed Oct 30 2024 22:00:00 GMT+0000 (Greenwich Mean Time),0.015,0.0662,0.0616,0
Wed Oct 30 2024 23:00:00 GMT+0000 (Greenwich Mean Time),0.015,0.0662,0.0616,0
Thu Oct 31 2024 00:00:00 GMT+0000 (Greenwich Mean Time),0.015,0.0662,0.0616,0
Thu Oct 31 2024 01:00:00 GMT+0000 (Greenwich Mean Time),0.015,0.0662,0.0607,16360.765825791615
Thu Oct 31 2024 02:00:00 GMT+0000 (Greenwich Mean Time),0.015,0.0662,0.0609,3188.4676556222757
Thu Oct 31 2024 03:00:00 GMT+0000 (Greenwich Mean Time),0.015,0.0662,0.0575,117473.79607664482
Thu Oct 31 2024 04:00:00 GMT+0000 (Greenwich Mean Time),0.015,0.0662,0.0568,11796.409964398123
Thu Oct 31 2024 05:00:00 GMT+0000 (Greenwich Mean Time),0.015,0.0662,0.0568,0
Thu Oct 31 2024 06:00:00 GMT+0000 (Greenwich Mean Time),0.015,0.0662,0.0568,0
Thu Oct 31 2024 07:00:00 GMT+0000 (Greenwich Mean Time),0.015,0.056,0.0568,0
Thu Oct 31 2024 08:00:00 GMT+0000 (Greenwich Mean Time),0.0295,0.0522,0.0568,0
Thu Oct 31 2024 09:00:00 GMT+0000 (Greenwich Mean Time),0.0295,0.0522,0.0568,0
Thu Oct 31 2024 10:00:00 GMT+0000 (Greenwich Mean Time),0.0295,0.0522,0.0568,0
Thu Oct 31 2024 11:00:00 GMT+0000 (Greenwich Mean Time),0.0295,0.0522,0.0568,0
Thu Oct 31 2024 12:00:00 GMT+0000 (Greenwich Mean Time),0.0295,0.0522,0.0568,0
Thu Oct 31 2024 13:00:00 GMT+0000 (Greenwich Mean Time),0.0295,0.0522,0.0568,0
Thu Oct 31 2024 14:00:00 GMT+0000 (Greenwich Mean Time),0.0295,0.0522,0.0568,0
Thu Oct 31 2024 15:00:00 GMT+0000 (Greenwich Mean Time),0.0295,0.0522,0.0568,0
Thu Oct 31 2024 16:00:00 GMT+0000 (Greenwich Mean Time),0.0295,0.0522,0.0568,0
Thu Oct 31 2024 17:00:00 GMT+0000 (Greenwich Mean Time),0.0295,0.0522,0.0568,0
Thu Oct 31 2024 18:00:00 GMT+0000 (Greenwich Mean Time),0.0295,0.0522,0.0568,0
Thu Oct 31 2024 19:00:00 GMT+0000 (Greenwich Mean Time),0.0295,0.0522,0.0568,0
Thu Oct 31 2024 20:00:00 GMT+0000 (Greenwich Mean Time),0.0295,0.0522,0.0568,94.56299573484051
Thu Oct 31 2024 21:00:00 GMT+0000 (Greenwich Mean Time),0.0295,0.0522,0.0568,0
Thu Oct 31 2024 22:00:00 GMT+0000 (Greenwich Mean Time),0.0295,0.0522,0.0568,590.7608468415119
Thu Oct 31 2024 23:00:00 GMT+0000 (Greenwich Mean Time),0.0295,0.0522,0.0568,0
Fri Nov 01 2024 00:00:00 GMT+0000 (Greenwich Mean Time),0.0295,0.0522,0.0568,0
Fri Nov 01 2024 01:00:00 GMT+0000 (Greenwich Mean Time),0.0295,0.0522,0.0568,0
Fri Nov 01 2024 02:00:00 GMT+0000 (Greenwich Mean Time),0.0295,0.0522,0.0568,0
Fri Nov 01 2024 03:00:00 GMT+0000 (Greenwich Mean Time),0.0295,0.0522,0.0568,0
Fri Nov 01 2024 04:00:00 GMT+0000 (Greenwich Mean Time),0.0295,0.0522,0.0568,0
Fri Nov 01 2024 05:00:00 GMT+0000 (Greenwich Mean Time),0.0295,0.0522,0.0573,8785.615557612096
Fri Nov 01 2024 06:00:00 GMT+0000 (Greenwich Mean Time),0.0295,0.0522,0.0573,0
Fri Nov 01 2024 07:00:00 GMT+0000 (Greenwich Mean Time),0.0295,0.0492,0.057,4868.618975191874
Fri Nov 01 2024 08:00:00 GMT+0000 (Greenwich Mean Time),0,0.0492,0.057,62.08886381826592
Fri Nov 01 2024 09:00:00 GMT+0000 (Greenwich Mean Time),0.0323,0.0467,0.057,0
Fri Nov 01 2024 10:00:00 GMT+0000 (Greenwich Mean Time),0.0323,0.0467,0.057,0
Fri Nov 01 2024 11:00:00 GMT+0000 (Greenwich Mean Time),0.0323,0.0467,0.057,0
Fri Nov 01 2024 12:00:00 GMT+0000 (Greenwich Mean Time),0.0323,0.0467,0.0572,2620.106047036343
Fri Nov 01 2024 13:00:00 GMT+0000 (Greenwich Mean Time),0.0323,0.0467,0.0572,0
Fri Nov 01 2024 14:00:00 GMT+0000 (Greenwich Mean Time),0.0323,0.0467,0.0572,0
Fri Nov 01 2024 15:00:00 GMT+0000 (Greenwich Mean Time),0.0323,0.0467,0.0572,0
Fri Nov 01 2024 16:00:00 GMT+0000 (Greenwich Mean Time),0.0323,0.0467,0.0572,0
Fri Nov 01 2024 17:00:00 GMT+0000 (Greenwich Mean Time),0.0323,0.0467,0.0572,0
Fri Nov 01 2024 18:00:00 GMT+0000 (Greenwich Mean Time),0.0323,0.0467,0.0572,0
Fri Nov 01 2024 19:00:00 GMT+0000 (Greenwich Mean Time),0.0323,0.0467,0.0572,561.2375307721597
Fri Nov 01 2024 20:00:00 GMT+0000 (Greenwich Mean Time),0.0323,0.0467,0.057,2509.8478115382463
Fri Nov 01 2024 21:00:00 GMT+0000 (Greenwich Mean Time),0.0323,0.0467,0.057,0
Fri Nov 01 2024 22:00:00 GMT+0000 (Greenwich Mean Time),0.0323,0.0467,0.057,0
Fri Nov 01 2024 23:00:00 GMT+0000 (Greenwich Mean Time),0.0323,0.0467,0.057,0
Sat Nov 02 2024 00:00:00 GMT+0000 (Greenwich Mean Time),0.0323,0.0467,0.057,0
Sat Nov 02 2024 01:00:00 GMT+0000 (Greenwich Mean Time),0.0323,0.0467,0.057,0
Sat Nov 02 2024 02:00:00 GMT+0000 (Greenwich Mean Time),0.0323,0.0467,0.057,1016.6922876825922
Sat Nov 02 2024 03:00:00 GMT+0000 (Greenwich Mean Time),0.0323,0.0467,0.057,0
Sat Nov 02 2024 04:00:00 GMT+0000 (Greenwich Mean Time),0.0323,0.0467,0.0549,229664.18684579292
Sat Nov 02 2024 05:00:00 GMT+0000 (Greenwich Mean Time),0.0323,0.0467,0.0549,0
Sat Nov 02 2024 06:00:00 GMT+0000 (Greenwich Mean Time),0.0323,0.0467,0.0549,0
Sat Nov 02 2024 07:00:00 GMT+0000 (Greenwich Mean Time),0.0323,0.0467,0.0549,0
Sat Nov 02 2024 08:00:00 GMT+0000 (Greenwich Mean Time),0,0.0442,0.0559,113318.48917788884
Sat Nov 02 2024 09:00:00 GMT+0000 (Greenwich Mean Time),0.03,0.0422,0.0559,11.288874717105882
Sat Nov 02 2024 10:00:00 GMT+0000 (Greenwich Mean Time),0.03,0.0422,0.0559,0
Sat Nov 02 2024 11:00:00 GMT+0000 (Greenwich Mean Time),0.03,0.0422,0.0559,0
Sat Nov 02 2024 12:00:00 GMT+0000 (Greenwich Mean Time),0.03,0.0422,0.0559,0
Sat Nov 02 2024 13:00:00 GMT+0000 (Greenwich Mean Time),0.03,0.0422,0.0559,0
Sat Nov 02 2024 14:00:00 GMT+0000 (Greenwich Mean Time),0.03,0.0422,0.0559,0
Sat Nov 02 2024 15:00:00 GMT+0000 (Greenwich Mean Time),0.03,0.0422,0.0559,10.377222128616507
Sat Nov 02 2024 16:00:00 GMT+0000 (Greenwich Mean Time),0.03,0.0422,0.0559,0
Sat Nov 02 2024 17:00:00 GMT+0000 (Greenwich Mean Time),0.03,0.0422,0.0559,0
Sat Nov 02 2024 18:00:00 GMT+0000 (Greenwich Mean Time),0.03,0.0422,0.0559,0
Sat Nov 02 2024 19:00:00 GMT+0000 (Greenwich Mean Time),0.03,0.0422,0.0559,0
Sat Nov 02 2024 20:00:00 GMT+0000 (Greenwich Mean Time),0.03,0.0422,0.0537,1266861.140026715
Sat Nov 02 2024 21:00:00 GMT+0000 (Greenwich Mean Time),0.03,0.0422,0.0537,0
Sat Nov 02 2024 22:00:00 GMT+0000 (Greenwich Mean Time),0.03,0.0422,0.0537,315.05677869832584
Sat Nov 02 2024 23:00:00 GMT+0000 (Greenwich Mean Time),0.03,0.0422,0.0537,0
Sun Nov 03 2024 00:00:00 GMT+0000 (Greenwich Mean Time),0.03,0.0422,0.0533,97269.89850633882
Sun Nov 03 2024 01:00:00 GMT+0000 (Greenwich Mean Time),0.03,0.0422,0.0533,0
Sun Nov 03 2024 02:00:00 GMT+0000 (Greenwich Mean Time),0.03,0.0422,0.053,186891.12672865595
Sun Nov 03 2024 03:00:00 GMT+0000 (Greenwich Mean Time),0.03,0.0422,0.053,0
Sun Nov 03 2024 04:00:00 GMT+0000 (Greenwich Mean Time),0.03,0.0422,0.053,0
Sun Nov 03 2024 05:00:00 GMT+0000 (Greenwich Mean Time),0.03,0.0422,0.053,0
Sun Nov 03 2024 06:00:00 GMT+0000 (Greenwich Mean Time),0.03,0.0422,0.053,0
Sun Nov 03 2024 07:00:00 GMT+0000 (Greenwich Mean Time),0.03,0.0422,0.053,0
Sun Nov 03 2024 08:00:00 GMT+0000 (Greenwich Mean Time),0.03,0.04,0.0539,13503.522249015703
Sun Nov 03 2024 09:00:00 GMT+0000 (Greenwich Mean Time),0.0379,0.0397,0.0539,0
Sun Nov 03 2024 10:00:00 GMT+0000 (Greenwich Mean Time),0.0379,0.0397,0.054,1471.1407985722492
Sun Nov 03 2024 11:00:00 GMT+0000 (Greenwich Mean Time),0.0379,0.0397,0.054,0
Sun Nov 03 2024 12:00:00 GMT+0000 (Greenwich Mean Time),0.0379,0.0397,0.0529,16556.342395082414
Sun Nov 03 2024 13:00:00 GMT+0000 (Greenwich Mean Time),0.0379,0.0397,0.0529,0
Sun Nov 03 2024 14:00:00 GMT+0000 (Greenwich Mean Time),0.0379,0.0397,0.0529,0
Sun Nov 03 2024 15:00:00 GMT+0000 (Greenwich Mean Time),0.0379,0.0397,0.0529,0
Sun Nov 03 2024 16:00:00 GMT+0000 (Greenwich Mean Time),0.0379,0.0397,0.0529,0
Sun Nov 03 2024 17:00:00 GMT+0000 (Greenwich Mean Time),0.0379,0.0397,0.0529,0
Sun Nov 03 2024 18:00:00 GMT+0000 (Greenwich Mean Time),0.0379,0.0397,0.0529,0
Sun Nov 03 2024 19:00:00 GMT+0000 (Greenwich Mean Time),0.0379,0.0397,0.0529,1110.218396752165
Sun Nov 03 2024 20:00:00 GMT+0000 (Greenwich Mean Time),0.0379,0.0397,0.0529,0
Sun Nov 03 2024 21:00:00 GMT+0000 (Greenwich Mean Time),0.0379,0.0397,0.0528,12.98350683113806
Sun Nov 03 2024 22:00:00 GMT+0000 (Greenwich Mean Time),0.0379,0.0397,0.0528,0
Sun Nov 03 2024 23:00:00 GMT+0000 (Greenwich Mean Time),0.0379,0.0397,0.0528,0
Mon Nov 04 2024 00:00:00 GMT+0000 (Greenwich Mean Time),0.0379,0.0397,0.0528,2.38527029024126
Mon Nov 04 2024 01:00:00 GMT+0000 (Greenwich Mean Time),0.0379,0.0397,0.0521,10960.428710203865
Mon Nov 04 2024 02:00:00 GMT+0000 (Greenwich Mean Time),0.0379,0.0397,0.0521,0
Mon Nov 04 2024 03:00:00 GMT+0000 (Greenwich Mean Time),0.0379,0.0397,0.0542,248720.631013331
Mon Nov 04 2024 04:00:00 GMT+0000 (Greenwich Mean Time),0.0379,0.0397,0.0542,0
Mon Nov 04 2024 05:00:00 GMT+0000 (Greenwich Mean Time),0.0379,0.0397,0.0542,0
Mon Nov 04 2024 06:00:00 GMT+0000 (Greenwich Mean Time),0.0379,0.0397,0.0553,247558.87561351864
Mon Nov 04 2024 07:00:00 GMT+0000 (Greenwich Mean Time),0.0379,0.0397,0.0553,0
Mon Nov 04 2024 08:00:00 GMT+0000 (Greenwich Mean Time),0.0379,0.0387,0.0553,0
Mon Nov 04 2024 09:00:00 GMT+0000 (Greenwich Mean Time),0.0431,0.0394,0.0553,1159.6216464815484
Mon Nov 04 2024 10:00:00 GMT+0000 (Greenwich Mean Time),0.0431,0.0394,0.0553,312.17783072208266
Mon Nov 04 2024 11:00:00 GMT+0000 (Greenwich Mean Time),0.0431,0.0394,0.0553,0
Mon Nov 04 2024 12:00:00 GMT+0000 (Greenwich Mean Time),0.0431,0.0394,0.0553,0
Mon Nov 04 2024 13:00:00 GMT+0000 (Greenwich Mean Time),0.0431,0.0394,0.0553,0
Mon Nov 04 2024 14:00:00 GMT+0000 (Greenwich Mean Time),0.0431,0.0394,0.0553,0
Mon Nov 04 2024 15:00:00 GMT+0000 (Greenwich Mean Time),0.0431,0.0394,0.0554,614.8244593864207
Mon Nov 04 2024 16:00:00 GMT+0000 (Greenwich Mean Time),0.0431,0.0394,0.0554,0
Mon Nov 04 2024 17:00:00 GMT+0000 (Greenwich Mean Time),0.0431,0.0394,0.0537,84591.89678694116
Mon Nov 04 2024 18:00:00 GMT+0000 (Greenwich Mean Time),0.0431,0.0394,0.0537,0
Mon Nov 04 2024 19:00:00 GMT+0000 (Greenwich Mean Time),0.0431,0.0394,0.0537,0
Mon Nov 04 2024 20:00:00 GMT+0000 (Greenwich Mean Time),0.0431,0.0394,0.0537,0
Mon Nov 04 2024 21:00:00 GMT+0000 (Greenwich Mean Time),0.0431,0.0394,0.0531,313569.95668582397
Mon Nov 04 2024 22:00:00 GMT+0000 (Greenwich Mean Time),0.0431,0.0394,0.0531,0
Mon Nov 04 2024 23:00:00 GMT+0000 (Greenwich Mean Time),0.0431,0.0394,0.0532,593.2334071032662
Tue Nov 05 2024 00:00:00 GMT+0000 (Greenwich Mean Time),0.0431,0.0394,0.0532,0
Tue Nov 05 2024 01:00:00 GMT+0000 (Greenwich Mean Time),0.0431,0.0394,0.0532,0
Tue Nov 05 2024 02:00:00 GMT+0000 (Greenwich Mean Time),0.0431,0.0394,0.0532,0
Tue Nov 05 2024 03:00:00 GMT+0000 (Greenwich Mean Time),0.0431,0.0394,0.0532,0
Tue Nov 05 2024 04:00:00 GMT+0000 (Greenwich Mean Time),0.0431,0.0394,0.053,2906.279876045659
Tue Nov 05 2024 05:00:00 GMT+0000 (Greenwich Mean Time),0.0431,0.0394,0.053,14895.155536018086
Tue Nov 05 2024 06:00:00 GMT+0000 (Greenwich Mean Time),0.0431,0.0394,0.0536,9829.69903473142
Tue Nov 05 2024 07:00:00 GMT+0000 (Greenwich Mean Time),0.0431,0.0394,0.0536,0
Tue Nov 05 2024 08:00:00 GMT+0000 (Greenwich Mean Time),0.0431,0.0313,0.0536,0
Tue Nov 05 2024 09:00:00 GMT+0000 (Greenwich Mean Time),0.0369,0.0321,0.055,295960.9597850895
Tue Nov 05 2024 10:00:00 GMT+0000 (Greenwich Mean Time),0.0369,0.0321,0.055,0
Tue Nov 05 2024 11:00:00 GMT+0000 (Greenwich Mean Time),0.0369,0.0321,0.055,0
Tue Nov 05 2024 12:00:00 GMT+0000 (Greenwich Mean Time),0.0369,0.0321,0.055,0
Tue Nov 05 2024 13:00:00 GMT+0000 (Greenwich Mean Time),0.0369,0.0321,0.055,0
Tue Nov 05 2024 14:00:00 GMT+0000 (Greenwich Mean Time),0.0369,0.0321,0.055,0
Tue Nov 05 2024 15:00:00 GMT+0000 (Greenwich Mean Time),0.0369,0.0321,0.055,0
Tue Nov 05 2024 16:00:00 GMT+0000 (Greenwich Mean Time),0.0369,0.0321,0.0549,1841.1390269441613
Tue Nov 05 2024 17:00:00 GMT+0000 (Greenwich Mean Time),0.0369,0.0321,0.0549,0
Tue Nov 05 2024 18:00:00 GMT+0000 (Greenwich Mean Time),0.0369,0.0321,0.0549,0
Tue Nov 05 2024 19:00:00 GMT+0000 (Greenwich Mean Time),0.0369,0.0321,0.0549,0
Tue Nov 05 2024 20:00:00 GMT+0000 (Greenwich Mean Time),0.0369,0.0321,0.0549,0
Tue Nov 05 2024 21:00:00 GMT+0000 (Greenwich Mean Time),0.0369,0.0321,0.0549,0
Tue Nov 05 2024 22:00:00 GMT+0000 (Greenwich Mean Time),0.0369,0.0321,0.0549,0
Tue Nov 05 2024 23:00:00 GMT+0000 (Greenwich Mean Time),0.0369,0.0321,0.0549,0
Wed Nov 06 2024 00:00:00 GMT+0000 (Greenwich Mean Time),0.0369,0.0321,0.0549,0
Wed Nov 06 2024 01:00:00 GMT+0000 (Greenwich Mean Time),0.0369,0.0321,0.0549,0
Wed Nov 06 2024 02:00:00 GMT+0000 (Greenwich Mean Time),0.0369,0.0321,0.0549,0
Wed Nov 06 2024 03:00:00 GMT+0000 (Greenwich Mean Time),0.0369,0.0321,0.0549,0
Wed Nov 06 2024 04:00:00 GMT+0000 (Greenwich Mean Time),0.0369,0.0321,0.0549,0
Wed Nov 06 2024 05:00:00 GMT+0000 (Greenwich Mean Time),0.0369,0.0321,0.0549,0
Wed Nov 06 2024 06:00:00 GMT+0000 (Greenwich Mean Time),0.0369,0.0321,0.0549,0
Wed Nov 06 2024 07:00:00 GMT+0000 (Greenwich Mean Time),0.0369,0.0321,0.0549,0
Wed Nov 06 2024 08:00:00 GMT+0000 (Greenwich Mean Time),0.0369,0.0349,0.0549,0
Wed Nov 06 2024 09:00:00 GMT+0000 (Greenwich Mean Time),0.0389,0.0355,0.0549,0
Wed Nov 06 2024 10:00:00 GMT+0000 (Greenwich Mean Time),0.0389,0.0355,0.0549,0
Wed Nov 06 2024 11:00:00 GMT+0000 (Greenwich Mean Time),0.0389,0.0355,0.0549,0
Wed Nov 06 2024 12:00:00 GMT+0000 (Greenwich Mean Time),0.0389,0.0355,0.0549,0
Wed Nov 06 2024 13:00:00 GMT+0000 (Greenwich Mean Time),0.0389,0.0355,0.0549,0
Wed Nov 06 2024 14:00:00 GMT+0000 (Greenwich Mean Time),0.0389,0.0355,0.0549,0
Wed Nov 06 2024 15:00:00 GMT+0000 (Greenwich Mean Time),0.0389,0.0355,0.0549,0
Wed Nov 06 2024 16:00:00 GMT+0000 (Greenwich Mean Time),0.0389,0.0355,0.0549,0
Wed Nov 06 2024 17:00:00 GMT+0000 (Greenwich Mean Time),0.0389,0.0355,0.0549,0
Wed Nov 06 2024 18:00:00 GMT+0000 (Greenwich Mean Time),0.0389,0.0355,0.0549,0
Wed Nov 06 2024 19:00:00 GMT+0000 (Greenwich Mean Time),0.0389,0.0355,0.0549,0
Wed Nov 06 2024 20:00:00 GMT+0000 (Greenwich Mean Time),0.0389,0.0355,0.0549,0
Wed Nov 06 2024 21:00:00 GMT+0000 (Greenwich Mean Time),0.0389,0.0355,0.0549,0
Wed Nov 06 2024 22:00:00 GMT+0000 (Greenwich Mean Time),0.0389,0.0355,0.0549,0
Wed Nov 06 2024 23:00:00 GMT+0000 (Greenwich Mean Time),0.0389,0.0355,0.0549,0
Thu Nov 07 2024 00:00:00 GMT+0000 (Greenwich Mean Time),0.0389,0.0355,0.0549,0
Thu Nov 07 2024 01:00:00 GMT+0000 (Greenwich Mean Time),0.0389,0.0355,0.0549,0
Thu Nov 07 2024 02:00:00 GMT+0000 (Greenwich Mean Time),0.0389,0.0355,0.0549,0
Thu Nov 07 2024 03:00:00 GMT+0000 (Greenwich Mean Time),0.0389,0.0355,0.0549,0
Thu Nov 07 2024 04:00:00 GMT+0000 (Greenwich Mean Time),0.0389,0.0355,0.0559,17666.569601951076
Thu Nov 07 2024 05:00:00 GMT+0000 (Greenwich Mean Time),0.0389,0.0355,0.0559,0
Thu Nov 07 2024 06:00:00 GMT+0000 (Greenwich Mean Time),0.0389,0.0355,0.0559,0
Thu Nov 07 2024 07:00:00 GMT+0000 (Greenwich Mean Time),0.0389,0.0355,0.0559,0
Thu Nov 07 2024 08:00:00 GMT+0000 (Greenwich Mean Time),0.0389,0.0365,0.0559,0
Thu Nov 07 2024 09:00:00 GMT+0000 (Greenwich Mean Time),0.0468,0.038,0.0559,8.547571133774325
Thu Nov 07 2024 10:00:00 GMT+0000 (Greenwich Mean Time),0.0468,0.038,0.0559,0
Thu Nov 07 2024 11:00:00 GMT+0000 (Greenwich Mean Time),0.0468,0.038,0.0559,167.96674035583348
Thu Nov 07 2024 12:00:00 GMT+0000 (Greenwich Mean Time),0.0468,0.038,0.0559,0
Thu Nov 07 2024 13:00:00 GMT+0000 (Greenwich Mean Time),0.0468,0.038,0.0551,267012.9479307818
Thu Nov 07 2024 14:00:00 GMT+0000 (Greenwich Mean Time),0.0468,0.038,0.0551,0
Thu Nov 07 2024 15:00:00 GMT+0000 (Greenwich Mean Time),0.0468,0.038,0.0551,0
Thu Nov 07 2024 16:00:00 GMT+0000 (Greenwich Mean Time),0.0468,0.038,0.0551,0
Thu Nov 07 2024 17:00:00 GMT+0000 (Greenwich Mean Time),0.0468,0.038,0.0551,0
Thu Nov 07 2024 18:00:00 GMT+0000 (Greenwich Mean Time),0.0468,0.038,0.0544,12143.853019993747
Thu Nov 07 2024 19:00:00 GMT+0000 (Greenwich Mean Time),0.0468,0.038,0.0544,0
Thu Nov 07 2024 20:00:00 GMT+0000 (Greenwich Mean Time),0.0468,0.038,0.0544,0
Thu Nov 07 2024 21:00:00 GMT+0000 (Greenwich Mean Time),0.0468,0.038,0.0544,0
Thu Nov 07 2024 22:00:00 GMT+0000 (Greenwich Mean Time),0.0468,0.038,0.0544,0
Thu Nov 07 2024 23:00:00 GMT+0000 (Greenwich Mean Time),0.0468,0.038,0.0544,0
Fri Nov 08 2024 00:00:00 GMT+0000 (Greenwich Mean Time),0.0468,0.038,0.0544,0
Fri Nov 08 2024 01:00:00 GMT+0000 (Greenwich Mean Time),0.0468,0.038,0.0544,0
Fri Nov 08 2024 02:00:00 GMT+0000 (Greenwich Mean Time),0.0468,0.038,0.0546,3481.253750372723
Fri Nov 08 2024 03:00:00 GMT+0000 (Greenwich Mean Time),0.0468,0.038,0.0546,0
Fri Nov 08 2024 04:00:00 GMT+0000 (Greenwich Mean Time),0.0468,0.038,0.0546,0
Fri Nov 08 2024 05:00:00 GMT+0000 (Greenwich Mean Time),0.0468,0.038,0.0546,0
Fri Nov 08 2024 06:00:00 GMT+0000 (Greenwich Mean Time),0.0468,0.038,0.0546,0
Fri Nov 08 2024 07:00:00 GMT+0000 (Greenwich Mean Time),0.0468,0.038,0.0546,0
Fri Nov 08 2024 08:00:00 GMT+0000 (Greenwich Mean Time),0.0468,0.0389,0.052,916817.0115374863
Fri Nov 08 2024 09:00:00 GMT+0000 (Greenwich Mean Time),0.0419,0.0393,0.052,0
Fri Nov 08 2024 10:00:00 GMT+0000 (Greenwich Mean Time),0.0419,0.0393,0.0452,123035.00639904538
Fri Nov 08 2024 11:00:00 GMT+0000 (Greenwich Mean Time),0.0419,0.0393,0.0454,3162.854365461587
Fri Nov 08 2024 12:00:00 GMT+0000 (Greenwich Mean Time),0.0419,0.0393,0.0504,89737.68654899788
Fri Nov 08 2024 13:00:00 GMT+0000 (Greenwich Mean Time),0.0419,0.0393,0.0504,0
Fri Nov 08 2024 14:00:00 GMT+0000 (Greenwich Mean Time),0.0419,0.0393,0.0537,292610.0580477964
Fri Nov 08 2024 15:00:00 GMT+0000 (Greenwich Mean Time),0.0419,0.0393,0.057,487794.93174437364
Fri Nov 08 2024 16:00:00 GMT+0000 (Greenwich Mean Time),0.0419,0.0393,0.057,0
Fri Nov 08 2024 17:00:00 GMT+0000 (Greenwich Mean Time),0.0419,0.0393,0.057,0
Fri Nov 08 2024 18:00:00 GMT+0000 (Greenwich Mean Time),0.0419,0.0393,0.057,0
Fri Nov 08 2024 19:00:00 GMT+0000 (Greenwich Mean Time),0.0419,0.0393,0.057,0
Fri Nov 08 2024 20:00:00 GMT+0000 (Greenwich Mean Time),0.0419,0.0393,0.057,875.1174719100759
Fri Nov 08 2024 21:00:00 GMT+0000 (Greenwich Mean Time),0.0419,0.0393,0.057,0
Fri Nov 08 2024 22:00:00 GMT+0000 (Greenwich Mean Time),0.0419,0.0393,0.057,0
Fri Nov 08 2024 23:00:00 GMT+0000 (Greenwich Mean Time),0.0419,0.0393,0.057,0
Sat Nov 09 2024 00:00:00 GMT+0000 (Greenwich Mean Time),0.0419,0.0393,0.057,0
Sat Nov 09 2024 01:00:00 GMT+0000 (Greenwich Mean Time),0.0419,0.0393,0.057,0
Sat Nov 09 2024 02:00:00 GMT+0000 (Greenwich Mean Time),0.0419,0.0393,0.057,0
Sat Nov 09 2024 03:00:00 GMT+0000 (Greenwich Mean Time),0.0419,0.0393,0.057,0
Sat Nov 09 2024 04:00:00 GMT+0000 (Greenwich Mean Time),0.0419,0.0393,0.057,291.1267801636812
Sat Nov 09 2024 05:00:00 GMT+0000 (Greenwich Mean Time),0.0419,0.0393,0.057,0
Sat Nov 09 2024 06:00:00 GMT+0000 (Greenwich Mean Time),0.0419,0.0393,0.057,0
Sat Nov 09 2024 07:00:00 GMT+0000 (Greenwich Mean Time),0.0419,0.0393,0.058,20194.210867194066
Sat Nov 09 2024 08:00:00 GMT+0000 (Greenwich Mean Time),0.0419,0.0393,0.058,0
Sat Nov 09 2024 09:00:00 GMT+0000 (Greenwich Mean Time),0.0197,0.0378,0.058,0
Sat Nov 09 2024 10:00:00 GMT+0000 (Greenwich Mean Time),0.0197,0.0378,0.058,0
Sat Nov 09 2024 11:00:00 GMT+0000 (Greenwich Mean Time),0.0197,0.0378,0.056,375968.76293382293
Sat Nov 09 2024 12:00:00 GMT+0000 (Greenwich Mean Time),0.0197,0.0378,0.056,0
Sat Nov 09 2024 13:00:00 GMT+0000 (Greenwich Mean Time),0.0197,0.0378,0.0563,5636.7637346288175
Sat Nov 09 2024 14:00:00 GMT+0000 (Greenwich Mean Time),0.0197,0.0378,0.0563,0
Sat Nov 09 2024 15:00:00 GMT+0000 (Greenwich Mean Time),0.0197,0.0378,0.0573,18291.641444068813
Sat Nov 09 2024 16:00:00 GMT+0000 (Greenwich Mean Time),0.0197,0.0378,0.0573,0
Sat Nov 09 2024 17:00:00 GMT+0000 (Greenwich Mean Time),0.0197,0.0378,0.0573,0
Sat Nov 09 2024 18:00:00 GMT+0000 (Greenwich Mean Time),0.0197,0.0378,0.0573,0
Sat Nov 09 2024 19:00:00 GMT+0000 (Greenwich Mean Time),0.0197,0.0378,0.0573,0
Sat Nov 09 2024 20:00:00 GMT+0000 (Greenwich Mean Time),0.0197,0.0378,0.0573,0
Sat Nov 09 2024 21:00:00 GMT+0000 (Greenwich Mean Time),0.0197,0.0378,0.0573,0
Sat Nov 09 2024 22:00:00 GMT+0000 (Greenwich Mean Time),0.0197,0.0378,0.0573,0
Sat Nov 09 2024 23:00:00 GMT+0000 (Greenwich Mean Time),0.0197,0.0378,0.0573,0
Sun Nov 10 2024 00:00:00 GMT+0000 (Greenwich Mean Time),0.0197,0.0378,0.0573,0
Sun Nov 10 2024 01:00:00 GMT+0000 (Greenwich Mean Time),0.0197,0.0378,0.0573,0
Sun Nov 10 2024 02:00:00 GMT+0000 (Greenwich Mean Time),0.0197,0.0378,0.0573,0
Sun Nov 10 2024 03:00:00 GMT+0000 (Greenwich Mean Time),0.0197,0.0378,0.0573,0
Sun Nov 10 2024 04:00:00 GMT+0000 (Greenwich Mean Time),0.0197,0.0378,0.0573,101456.50244078983
Sun Nov 10 2024 05:00:00 GMT+0000 (Greenwich Mean Time),0.0197,0.0378,0.0546,0
Sun Nov 10 2024 06:00:00 GMT+0000 (Greenwich Mean Time),0.0197,0.0378,0.0546,0
Sun Nov 10 2024 07:00:00 GMT+0000 (Greenwich Mean Time),0.0197,0.0378,0.0558,59944.67015139348
Sun Nov 10 2024 08:00:00 GMT+0000 (Greenwich Mean Time),0.0197,0.0378,0.0558,0
Sun Nov 10 2024 09:00:00 GMT+0000 (Greenwich Mean Time),0,0.0378,0.0558,0
Sun Nov 10 2024 10:00:00 GMT+0000 (Greenwich Mean Time),0.0135,0.0343,0.0558,0
Sun Nov 10 2024 11:00:00 GMT+0000 (Greenwich Mean Time),0.0135,0.0343,0.0558,485.91083609521
Sun Nov 10 2024 12:00:00 GMT+0000 (Greenwich Mean Time),0.0135,0.0343,0.0567,17941.430732009067
Sun Nov 10 2024 13:00:00 GMT+0000 (Greenwich Mean Time),0.0135,0.0343,0.0567,0
Sun Nov 10 2024 14:00:00 GMT+0000 (Greenwich Mean Time),0.0135,0.0343,0.0567,0
Sun Nov 10 2024 15:00:00 GMT+0000 (Greenwich Mean Time),0.0135,0.0343,0.0567,0
Sun Nov 10 2024 16:00:00 GMT+0000 (Greenwich Mean Time),0.0135,0.0343,0.0567,0
Sun Nov 10 2024 17:00:00 GMT+0000 (Greenwich Mean Time),0.0135,0.0343,0.0567,0
Sun Nov 10 2024 18:00:00 GMT+0000 (Greenwich Mean Time),0.0135,0.0343,0.0567,0
Sun Nov 10 2024 19:00:00 GMT+0000 (Greenwich Mean Time),0.0135,0.0343,0.0567,0
Sun Nov 10 2024 20:00:00 GMT+0000 (Greenwich Mean Time),0.0135,0.0343,0.0567,0
Sun Nov 10 2024 21:00:00 GMT+0000 (Greenwich Mean Time),0.0135,0.0343,0.0567,0
Sun Nov 10 2024 22:00:00 GMT+0000 (Greenwich Mean Time),0.0135,0.0343,0.0567,0
Sun Nov 10 2024 23:00:00 GMT+0000 (Greenwich Mean Time),0.0135,0.0343,0.058,25445.652353718724
Mon Nov 11 2024 00:00:00 GMT+0000 (Greenwich Mean Time),0.0135,0.0343,0.0582,4735.38422303631
Mon Nov 11 2024 01:00:00 GMT+0000 (Greenwich Mean Time),0.0135,0.0343,0.0569,25512.941471005695
Mon Nov 11 2024 02:00:00 GMT+0000 (Greenwich Mean Time),0.0135,0.0343,0.0475,183188.42144212907
Mon Nov 11 2024 03:00:00 GMT+0000 (Greenwich Mean Time),0.0135,0.0343,0.0475,31.897159926813522
Mon Nov 11 2024 04:00:00 GMT+0000 (Greenwich Mean Time),0.0135,0.0343,0.0475,0
Mon Nov 11 2024 05:00:00 GMT+0000 (Greenwich Mean Time),0.0135,0.0343,0.0475,0
Mon Nov 11 2024 06:00:00 GMT+0000 (Greenwich Mean Time),0.0135,0.0343,0.0475,0
Mon Nov 11 2024 07:00:00 GMT+0000 (Greenwich Mean Time),0.0135,0.0343,0.0475,83864.81589852339
Mon Nov 11 2024 08:00:00 GMT+0000 (Greenwich Mean Time),0.0135,0.0343,0.052,0
Mon Nov 11 2024 09:00:00 GMT+0000 (Greenwich Mean Time),0,0.0329,0.052,0
Mon Nov 11 2024 10:00:00 GMT+0000 (Greenwich Mean Time),0.0225,0.0314,0.052,0
Mon Nov 11 2024 11:00:00 GMT+0000 (Greenwich Mean Time),0.0225,0.0314,0.052,0
Mon Nov 11 2024 12:00:00 GMT+0000 (Greenwich Mean Time),0.0225,0.0314,0.052,0
Mon Nov 11 2024 13:00:00 GMT+0000 (Greenwich Mean Time),0.0225,0.0314,0.052,0
Mon Nov 11 2024 14:00:00 GMT+0000 (Greenwich Mean Time),0.0225,0.0314,0.052,0
Mon Nov 11 2024 15:00:00 GMT+0000 (Greenwich Mean Time),0.0225,0.0314,0.052,0
Mon Nov 11 2024 16:00:00 GMT+0000 (Greenwich Mean Time),0.0225,0.0314,0.052,0
Mon Nov 11 2024 17:00:00 GMT+0000 (Greenwich Mean Time),0.0225,0.0314,0.052,0
Mon Nov 11 2024 18:00:00 GMT+0000 (Greenwich Mean Time),0.0225,0.0314,0.052,0
Mon Nov 11 2024 19:00:00 GMT+0000 (Greenwich Mean Time),0.0225,0.0314,0.052,0
Mon Nov 11 2024 20:00:00 GMT+0000 (Greenwich Mean Time),0.0225,0.0314,0.052,0
Mon Nov 11 2024 21:00:00 GMT+0000 (Greenwich Mean Time),0.0225,0.0314,0.052,0
Mon Nov 11 2024 22:00:00 GMT+0000 (Greenwich Mean Time),0.0225,0.0314,0.0525,9857.811505639494
Mon Nov 11 2024 23:00:00 GMT+0000 (Greenwich Mean Time),0.0225,0.0314,0.0525,0
Tue Nov 12 2024 00:00:00 GMT+0000 (Greenwich Mean Time),0.0225,0.0314,0.0525,0
Tue Nov 12 2024 01:00:00 GMT+0000 (Greenwich Mean Time),0.0225,0.0314,0.0533,174726.0123975913
Tue Nov 12 2024 02:00:00 GMT+0000 (Greenwich Mean Time),0.0225,0.0314,0.0533,0
Tue Nov 12 2024 03:00:00 GMT+0000 (Greenwich Mean Time),0.0225,0.0314,0.0533,0
Tue Nov 12 2024 04:00:00 GMT+0000 (Greenwich Mean Time),0.0225,0.0314,0.0533,0
Tue Nov 12 2024 05:00:00 GMT+0000 (Greenwich Mean Time),0.0225,0.0314,0.0539,10668.301208789686
Tue Nov 12 2024 06:00:00 GMT+0000 (Greenwich Mean Time),0.0225,0.0314,0.0539,1414.900519710039
Tue Nov 12 2024 07:00:00 GMT+0000 (Greenwich Mean Time),0.0225,0.0314,0.0539,0
Tue Nov 12 2024 08:00:00 GMT+0000 (Greenwich Mean Time),0.0225,0.0314,0.0539,0
Tue Nov 12 2024 09:00:00 GMT+0000 (Greenwich Mean Time),0.0225,0.0305,0.0539,0
Tue Nov 12 2024 10:00:00 GMT+0000 (Greenwich Mean Time),0.045,0.0325,0.0539,0
Tue Nov 12 2024 11:00:00 GMT+0000 (Greenwich Mean Time),0.045,0.0325,0.0539,0
Tue Nov 12 2024 12:00:00 GMT+0000 (Greenwich Mean Time),0.045,0.0325,0.0539,0
Tue Nov 12 2024 13:00:00 GMT+0000 (Greenwich Mean Time),0.045,0.0325,0.0539,0
Tue Nov 12 2024 14:00:00 GMT+0000 (Greenwich Mean Time),0.045,0.0325,0.0539,0
Tue Nov 12 2024 15:00:00 GMT+0000 (Greenwich Mean Time),0.045,0.0325,0.0539,0
Tue Nov 12 2024 16:00:00 GMT+0000 (Greenwich Mean Time),0.045,0.0325,0.0539,0
Tue Nov 12 2024 17:00:00 GMT+0000 (Greenwich Mean Time),0.045,0.0325,0.0539,0
Tue Nov 12 2024 18:00:00 GMT+0000 (Greenwich Mean Time),0.045,0.0325,0.0477,527524.4506103781
Tue Nov 12 2024 19:00:00 GMT+0000 (Greenwich Mean Time),0.045,0.0325,0.0477,0
Tue Nov 12 2024 20:00:00 GMT+0000 (Greenwich Mean Time),0.045,0.0325,0.0477,0
Tue Nov 12 2024 21:00:00 GMT+0000 (Greenwich Mean Time),0.045,0.0325,0.0477,0
Tue Nov 12 2024 22:00:00 GMT+0000 (Greenwich Mean Time),0.045,0.0325,0.0477,0
Tue Nov 12 2024 23:00:00 GMT+0000 (Greenwich Mean Time),0.045,0.0325,0.0477,0
Wed Nov 13 2024 00:00:00 GMT+0000 (Greenwich Mean Time),0.045,0.0325,0.0477,0
Wed Nov 13 2024 01:00:00 GMT+0000 (Greenwich Mean Time),0.045,0.0325,0.0477,0
Wed Nov 13 2024 02:00:00 GMT+0000 (Greenwich Mean Time),0.045,0.0325,0.0477,0
Wed Nov 13 2024 03:00:00 GMT+0000 (Greenwich Mean Time),0.045,0.0325,0.0477,0
Wed Nov 13 2024 04:00:00 GMT+0000 (Greenwich Mean Time),0.045,0.0325,0.0477,0
Wed Nov 13 2024 05:00:00 GMT+0000 (Greenwich Mean Time),0.045,0.0325,0.0477,0
Wed Nov 13 2024 06:00:00 GMT+0000 (Greenwich Mean Time),0.045,0.0325,0.0477,0
Wed Nov 13 2024 07:00:00 GMT+0000 (Greenwich Mean Time),0.045,0.0325,0.0477,0
Wed Nov 13 2024 08:00:00 GMT+0000 (Greenwich Mean Time),0.045,0.0325,0.0477,0
Wed Nov 13 2024 09:00:00 GMT+0000 (Greenwich Mean Time),0.045,0.0315,0.0477,0
Wed Nov 13 2024 10:00:00 GMT+0000 (Greenwich Mean Time),0.0269,0.0308,0.0477,0
Wed Nov 13 2024 11:00:00 GMT+0000 (Greenwich Mean Time),0.0269,0.0308,0.0477,0
Wed Nov 13 2024 12:00:00 GMT+0000 (Greenwich Mean Time),0.0269,0.0308,0.0477,0
Wed Nov 13 2024 13:00:00 GMT+0000 (Greenwich Mean Time),0.0269,0.0308,0.0477,0
Wed Nov 13 2024 14:00:00 GMT+0000 (Greenwich Mean Time),0.0269,0.0308,0.0477,0
Wed Nov 13 2024 15:00:00 GMT+0000 (Greenwich Mean Time),0.0269,0.0308,0.0477,0
Wed Nov 13 2024 16:00:00 GMT+0000 (Greenwich Mean Time),0.0269,0.0308,0.0477,0
Wed Nov 13 2024 17:00:00 GMT+0000 (Greenwich Mean Time),0.0269,0.0308,0.0477,0
Wed Nov 13 2024 18:00:00 GMT+0000 (Greenwich Mean Time),0.0269,0.0308,0.0477,0
Wed Nov 13 2024 19:00:00 GMT+0000 (Greenwich Mean Time),0.0269,0.0308,0.0477,0
Wed Nov 13 2024 20:00:00 GMT+0000 (Greenwich Mean Time),0.0269,0.0308,0.0477,0
Wed Nov 13 2024 21:00:00 GMT+0000 (Greenwich Mean Time),0.0269,0.0308,0.0477,0
Wed Nov 13 2024 22:00:00 GMT+0000 (Greenwich Mean Time),0.0269,0.0308,0.0477,0
Wed Nov 13 2024 23:00:00 GMT+0000 (Greenwich Mean Time),0.0269,0.0308,0.0477,0
Thu Nov 14 2024 00:00:00 GMT+0000 (Greenwich Mean Time),0.0269,0.0308,0.0477,0
Thu Nov 14 2024 01:00:00 GMT+0000 (Greenwich Mean Time),0.0269,0.0308,0.0477,0
Thu Nov 14 2024 02:00:00 GMT+0000 (Greenwich Mean Time),0.0269,0.0308,0.0503,47579.08794916098
Thu Nov 14 2024 03:00:00 GMT+0000 (Greenwich Mean Time),0.0269,0.0308,0.0503,0
Thu Nov 14 2024 04:00:00 GMT+0000 (Greenwich Mean Time),0.0269,0.0308,0.0503,0
Thu Nov 14 2024 05:00:00 GMT+0000 (Greenwich Mean Time),0.0269,0.0308,0.0496,12254.677158412947
Thu Nov 14 2024 06:00:00 GMT+0000 (Greenwich Mean Time),0.0269,0.0308,0.0496,0
Thu Nov 14 2024 07:00:00 GMT+0000 (Greenwich Mean Time),0.0269,0.0308,0.0496,0
Thu Nov 14 2024 08:00:00 GMT+0000 (Greenwich Mean Time),0.0269,0.0308,0.0496,0
Thu Nov 14 2024 09:00:00 GMT+0000 (Greenwich Mean Time),0.0269,0.0282,0.0496,0
Thu Nov 14 2024 10:00:00 GMT+0000 (Greenwich Mean Time),0.0199,0.027,0.0496,0
Thu Nov 14 2024 11:00:00 GMT+0000 (Greenwich Mean Time),0.0199,0.027,0.0496,0
Thu Nov 14 2024 12:00:00 GMT+0000 (Greenwich Mean Time),0.0199,0.027,0.0496,0
Thu Nov 14 2024 13:00:00 GMT+0000 (Greenwich Mean Time),0.0199,0.027,0.05,6494.241128987222
Thu Nov 14 2024 14:00:00 GMT+0000 (Greenwich Mean Time),0.0199,0.027,0.05,0
Thu Nov 14 2024 15:00:00 GMT+0000 (Greenwich Mean Time),0.0199,0.027,0.05,0
Thu Nov 14 2024 16:00:00 GMT+0000 (Greenwich Mean Time),0.0199,0.027,0.05,0
Thu Nov 14 2024 17:00:00 GMT+0000 (Greenwich Mean Time),0.0199,0.027,0.05,0
Thu Nov 14 2024 18:00:00 GMT+0000 (Greenwich Mean Time),0.0199,0.027,0.05,0
Thu Nov 14 2024 19:00:00 GMT+0000 (Greenwich Mean Time),0.0199,0.027,0.05,0
Thu Nov 14 2024 20:00:00 GMT+0000 (Greenwich Mean Time),0.0199,0.027,0.05,0
Thu Nov 14 2024 21:00:00 GMT+0000 (Greenwich Mean Time),0.0199,0.027,0.05,0
Thu Nov 14 2024 22:00:00 GMT+0000 (Greenwich Mean Time),0.0199,0.027,0.05,0
Thu Nov 14 2024 23:00:00 GMT+0000 (Greenwich Mean Time),0.0199,0.027,0.05,0
Fri Nov 15 2024 00:00:00 GMT+0000 (Greenwich Mean Time),0.0199,0.027,0.0504,7212.731203506833
Fri Nov 15 2024 01:00:00 GMT+0000 (Greenwich Mean Time),0.0199,0.027,0.0417,152915.6125589355
Fri Nov 15 2024 02:00:00 GMT+0000 (Greenwich Mean Time),0.0199,0.027,0.0417,0
Fri Nov 15 2024 03:00:00 GMT+0000 (Greenwich Mean Time),0.0199,0.027,0.0417,0
Fri Nov 15 2024 04:00:00 GMT+0000 (Greenwich Mean Time),0.0199,0.027,0.0417,0
Fri Nov 15 2024 05:00:00 GMT+0000 (Greenwich Mean Time),0.0199,0.027,0.0417,0
Fri Nov 15 2024 06:00:00 GMT+0000 (Greenwich Mean Time),0.0199,0.027,0.0458,71892.12856674693
Fri Nov 15 2024 07:00:00 GMT+0000 (Greenwich Mean Time),0.0199,0.027,0.0458,0
Fri Nov 15 2024 08:00:00 GMT+0000 (Greenwich Mean Time),0.0199,0.027,0.0458,0
Fri Nov 15 2024 09:00:00 GMT+0000 (Greenwich Mean Time),0.0199,0.0245,0.0556,178113.2033013539
Fri Nov 15 2024 10:00:00 GMT+0000 (Greenwich Mean Time),0,0.0245,0.0556,0
Fri Nov 15 2024 11:00:00 GMT+0000 (Greenwich Mean Time),0,0.0245,0.0562,230156.4511146446
Fri Nov 15 2024 12:00:00 GMT+0000 (Greenwich Mean Time),0,0.0245,0.0562,0
Fri Nov 15 2024 13:00:00 GMT+0000 (Greenwich Mean Time),0,0.0245,0.0562,0
Fri Nov 15 2024 14:00:00 GMT+0000 (Greenwich Mean Time),0,0.0245,0.0562,0
Fri Nov 15 2024 15:00:00 GMT+0000 (Greenwich Mean Time),0,0.0245,0.0562,0
Fri Nov 15 2024 16:00:00 GMT+0000 (Greenwich Mean Time),0,0.0245,0.0562,0
Fri Nov 15 2024 17:00:00 GMT+0000 (Greenwich Mean Time),0,0.0245,0.0562,0
Fri Nov 15 2024 18:00:00 GMT+0000 (Greenwich Mean Time),0,0.0245,0.0562,0
Fri Nov 15 2024 19:00:00 GMT+0000 (Greenwich Mean Time),0,0.0245,0.0562,1136.6891657527347
Fri Nov 15 2024 20:00:00 GMT+0000 (Greenwich Mean Time),0,0.0245,0.0562,0
Fri Nov 15 2024 21:00:00 GMT+0000 (Greenwich Mean Time),0,0.0245,0.0562,0
Fri Nov 15 2024 22:00:00 GMT+0000 (Greenwich Mean Time),0,0.0245,0.051,94491.22038530643
Fri Nov 15 2024 23:00:00 GMT+0000 (Greenwich Mean Time),0.0002,0.0195,0.051,0
Sat Nov 16 2024 00:00:00 GMT+0000 (Greenwich Mean Time),0.0002,0.0195,0.051,13.609312569424835
Sat Nov 16 2024 01:00:00 GMT+0000 (Greenwich Mean Time),0.0002,0.0195,0.051,0
Sat Nov 16 2024 02:00:00 GMT+0000 (Greenwich Mean Time),0.0002,0.0195,0.0446,127806.43556042032
Sat Nov 16 2024 03:00:00 GMT+0000 (Greenwich Mean Time),0.0002,0.0195,0.0446,0
Sat Nov 16 2024 04:00:00 GMT+0000 (Greenwich Mean Time),0.0002,0.0195,0.0446,0
Sat Nov 16 2024 05:00:00 GMT+0000 (Greenwich Mean Time),0.0002,0.0195,0.0446,0
Sat Nov 16 2024 06:00:00 GMT+0000 (Greenwich Mean Time),0.0002,0.0195,0.0446,0
Sat Nov 16 2024 07:00:00 GMT+0000 (Greenwich Mean Time),0.0002,0.0195,0.0446,0
Sat Nov 16 2024 08:00:00 GMT+0000 (Greenwich Mean Time),0.0002,0.0195,0.0456,16198.613037537714
Sat Nov 16 2024 09:00:00 GMT+0000 (Greenwich Mean Time),0.0002,0.0195,0.0456,0
Sat Nov 16 2024 10:00:00 GMT+0000 (Greenwich Mean Time),0.0002,0.0195,0.0456,0
Sat Nov 16 2024 11:00:00 GMT+0000 (Greenwich Mean Time),0.0002,0.0195,0.0456,0
Sat Nov 16 2024 12:00:00 GMT+0000 (Greenwich Mean Time),0.0002,0.0195,0.0456,0
Sat Nov 16 2024 13:00:00 GMT+0000 (Greenwich Mean Time),0.0002,0.0195,0.0456,0
Sat Nov 16 2024 14:00:00 GMT+0000 (Greenwich Mean Time),0.0002,0.0195,0.0456,0
Sat Nov 16 2024 15:00:00 GMT+0000 (Greenwich Mean Time),0.0002,0.0195,0.0456,0
Sat Nov 16 2024 16:00:00 GMT+0000 (Greenwich Mean Time),0.0002,0.0195,0.0456,0
Sat Nov 16 2024 17:00:00 GMT+0000 (Greenwich Mean Time),0.0002,0.0195,0.0456,0
Sat Nov 16 2024 18:00:00 GMT+0000 (Greenwich Mean Time),0.0002,0.0195,0.0457,1623.0290212088028
Sat Nov 16 2024 19:00:00 GMT+0000 (Greenwich Mean Time),0.0002,0.0195,0.0457,0
Sat Nov 16 2024 20:00:00 GMT+0000 (Greenwich Mean Time),0.0002,0.0195,0.0457,0
Sat Nov 16 2024 21:00:00 GMT+0000 (Greenwich Mean Time),0.0002,0.0195,0.0457,0
Sat Nov 16 2024 22:00:00 GMT+0000 (Greenwich Mean Time),0.0002,0.0195,0.0457,0
Sat Nov 16 2024 23:00:00 GMT+0000 (Greenwich Mean Time),0.0132,0.0186,0.0457,0
Sun Nov 17 2024 00:00:00 GMT+0000 (Greenwich Mean Time),0.0132,0.0186,0.0457,0
Sun Nov 17 2024 01:00:00 GMT+0000 (Greenwich Mean Time),0.0132,0.0186,0.0457,0
Sun Nov 17 2024 02:00:00 GMT+0000 (Greenwich Mean Time),0.0132,0.0186,0.0457,0
Sun Nov 17 2024 03:00:00 GMT+0000 (Greenwich Mean Time),0.0132,0.0186,0.0457,0
Sun Nov 17 2024 04:00:00 GMT+0000 (Greenwich Mean Time),0.0132,0.0186,0.0457,0
Sun Nov 17 2024 05:00:00 GMT+0000 (Greenwich Mean Time),0.0132,0.0186,0.0457,0
Sun Nov 17 2024 06:00:00 GMT+0000 (Greenwich Mean Time),0.0132,0.0186,0.0498,166004.4486196175
Sun Nov 17 2024 07:00:00 GMT+0000 (Greenwich Mean Time),0.0132,0.0186,0.0448,165753.4415175371
Sun Nov 17 2024 08:00:00 GMT+0000 (Greenwich Mean Time),0.0132,0.0186,0.0448,0
Sun Nov 17 2024 09:00:00 GMT+0000 (Greenwich Mean Time),0.0132,0.0194,0.0448,0
Sun Nov 17 2024 10:00:00 GMT+0000 (Greenwich Mean Time),0.0132,0.0194,0.0448,0
Sun Nov 17 2024 11:00:00 GMT+0000 (Greenwich Mean Time),0.0132,0.0194,0.0459,18540.101135334557
Sun Nov 17 2024 12:00:00 GMT+0000 (Greenwich Mean Time),0.0132,0.0194,0.0459,0
Sun Nov 17 2024 13:00:00 GMT+0000 (Greenwich Mean Time),0.0132,0.0194,0.0459,0
Sun Nov 17 2024 14:00:00 GMT+0000 (Greenwich Mean Time),0.0132,0.0194,0.0459,0
Sun Nov 17 2024 15:00:00 GMT+0000 (Greenwich Mean Time),0.0132,0.0194,0.0461,3506.8594142212173
Sun Nov 17 2024 16:00:00 GMT+0000 (Greenwich Mean Time),0.0132,0.0194,0.0461,0
Sun Nov 17 2024 17:00:00 GMT+0000 (Greenwich Mean Time),0.0132,0.0194,0.0461,0
Sun Nov 17 2024 18:00:00 GMT+0000 (Greenwich Mean Time),0.0132,0.0194,0.0461,0
Sun Nov 17 2024 19:00:00 GMT+0000 (Greenwich Mean Time),0.0132,0.0194,0.0466,9027.11862547871
Sun Nov 17 2024 20:00:00 GMT+0000 (Greenwich Mean Time),0.0132,0.0194,0.0466,0
Sun Nov 17 2024 21:00:00 GMT+0000 (Greenwich Mean Time),0.0132,0.0194,0.0466,0
Sun Nov 17 2024 22:00:00 GMT+0000 (Greenwich Mean Time),0.0132,0.0194,0.0466,0
Sun Nov 17 2024 23:00:00 GMT+0000 (Greenwich Mean Time),0.0334,0.0213,0.0466,0
Mon Nov 18 2024 00:00:00 GMT+0000 (Greenwich Mean Time),0.0334,0.0213,0.0466,0
Mon Nov 18 2024 01:00:00 GMT+0000 (Greenwich Mean Time),0.0334,0.0213,0.0466,0
Mon Nov 18 2024 02:00:00 GMT+0000 (Greenwich Mean Time),0.0334,0.0213,0.0466,0
Mon Nov 18 2024 03:00:00 GMT+0000 (Greenwich Mean Time),0.0334,0.0213,0.0467,624.5348811637517
Mon Nov 18 2024 04:00:00 GMT+0000 (Greenwich Mean Time),0.0334,0.0213,0.0441,44142.534808157834
Mon Nov 18 2024 05:00:00 GMT+0000 (Greenwich Mean Time),0.0334,0.0213,0.0467,45001.15443366021
Mon Nov 18 2024 06:00:00 GMT+0000 (Greenwich Mean Time),0.0334,0.0213,0.0468,751.5368114037796
Mon Nov 18 2024 07:00:00 GMT+0000 (Greenwich Mean Time),0.0334,0.0213,0.0503,332992.18168785097
Mon Nov 18 2024 08:00:00 GMT+0000 (Greenwich Mean Time),0.0334,0.0213,0.0503,0
Mon Nov 18 2024 09:00:00 GMT+0000 (Greenwich Mean Time),0.0334,0.0213,0.0503,0
Mon Nov 18 2024 10:00:00 GMT+0000 (Greenwich Mean Time),0.0334,0.0211,0.0503,0
Mon Nov 18 2024 11:00:00 GMT+0000 (Greenwich Mean Time),0.0334,0.0211,0.0503,0
Mon Nov 18 2024 12:00:00 GMT+0000 (Greenwich Mean Time),0.0334,0.0211,0.0503,0
Mon Nov 18 2024 13:00:00 GMT+0000 (Greenwich Mean Time),0.0334,0.0211,0.0503,0
Mon Nov 18 2024 14:00:00 GMT+0000 (Greenwich Mean Time),0.0334,0.0211,0.0503,0
Mon Nov 18 2024 15:00:00 GMT+0000 (Greenwich Mean Time),0.0334,0.0211,0.0503,0
Mon Nov 18 2024 16:00:00 GMT+0000 (Greenwich Mean Time),0.0334,0.0211,0.0503,0
Mon Nov 18 2024 17:00:00 GMT+0000 (Greenwich Mean Time),0.0334,0.0211,0.0503,0
Mon Nov 18 2024 18:00:00 GMT+0000 (Greenwich Mean Time),0.0334,0.0211,0.0503,0
Mon Nov 18 2024 19:00:00 GMT+0000 (Greenwich Mean Time),0.0334,0.0211,0.0503,0
Mon Nov 18 2024 20:00:00 GMT+0000 (Greenwich Mean Time),0.0334,0.0211,0.0503,0
Mon Nov 18 2024 21:00:00 GMT+0000 (Greenwich Mean Time),0.0334,0.0211,0.0503,0
Mon Nov 18 2024 22:00:00 GMT+0000 (Greenwich Mean Time),0.0334,0.0211,0.0503,0
Mon Nov 18 2024 23:00:00 GMT+0000 (Greenwich Mean Time),0,0.0211,0.051,12580.512724793674
Tue Nov 19 2024 00:00:00 GMT+0000 (Greenwich Mean Time),0.0322,0.0226,0.051,0
Tue Nov 19 2024 01:00:00 GMT+0000 (Greenwich Mean Time),0.0322,0.0226,0.051,0
Tue Nov 19 2024 02:00:00 GMT+0000 (Greenwich Mean Time),0.0322,0.0226,0.051,0
Tue Nov 19 2024 03:00:00 GMT+0000 (Greenwich Mean Time),0.0322,0.0226,0.051,0
Tue Nov 19 2024 04:00:00 GMT+0000 (Greenwich Mean Time),0.0322,0.0226,0.051,0
Tue Nov 19 2024 05:00:00 GMT+0000 (Greenwich Mean Time),0.0322,0.0226,0.051,0
Tue Nov 19 2024 06:00:00 GMT+0000 (Greenwich Mean Time),0.0322,0.0226,0.051,0
Tue Nov 19 2024 07:00:00 GMT+0000 (Greenwich Mean Time),0.0322,0.0226,0.0513,4201.770671476972
Tue Nov 19 2024 08:00:00 GMT+0000 (Greenwich Mean Time),0.0322,0.0226,0.0513,0
Tue Nov 19 2024 09:00:00 GMT+0000 (Greenwich Mean Time),0.0322,0.0226,0.0513,0
Tue Nov 19 2024 10:00:00 GMT+0000 (Greenwich Mean Time),0.0322,0.0192,0.0495,30977.691531065968
Tue Nov 19 2024 11:00:00 GMT+0000 (Greenwich Mean Time),0.0322,0.0192,0.0495,0
Tue Nov 19 2024 12:00:00 GMT+0000 (Greenwich Mean Time),0.0322,0.0192,0.0495,0
Tue Nov 19 2024 13:00:00 GMT+0000 (Greenwich Mean Time),0.0322,0.0192,0.0495,0
Tue Nov 19 2024 14:00:00 GMT+0000 (Greenwich Mean Time),0.0322,0.0192,0.0495,0
Tue Nov 19 2024 15:00:00 GMT+0000 (Greenwich Mean Time),0.0322,0.0192,0.0495,0
Tue Nov 19 2024 16:00:00 GMT+0000 (Greenwich Mean Time),0.0322,0.0192,0.0495,0
Tue Nov 19 2024 17:00:00 GMT+0000 (Greenwich Mean Time),0.0322,0.0192,0.0452,73418.32450625583
Tue Nov 19 2024 18:00:00 GMT+0000 (Greenwich Mean Time),0.0322,0.0192,0.0452,0
Tue Nov 19 2024 19:00:00 GMT+0000 (Greenwich Mean Time),0.0322,0.0192,0.0452,0
Tue Nov 19 2024 20:00:00 GMT+0000 (Greenwich Mean Time),0.0322,0.0192,0.0497,501774.0083802936
Tue Nov 19 2024 21:00:00 GMT+0000 (Greenwich Mean Time),0.0322,0.0192,0.0497,0
Tue Nov 19 2024 22:00:00 GMT+0000 (Greenwich Mean Time),0.0322,0.0192,0.0497,0
Tue Nov 19 2024 23:00:00 GMT+0000 (Greenwich Mean Time),0.0322,0.0192,0.0497,0
Wed Nov 20 2024 00:00:00 GMT+0000 (Greenwich Mean Time),0.0448,0.0225,0.0497,0
Wed Nov 20 2024 01:00:00 GMT+0000 (Greenwich Mean Time),0.0448,0.0225,0.0517,81660.35536102869
Wed Nov 20 2024 02:00:00 GMT+0000 (Greenwich Mean Time),0.0448,0.0225,0.0517,0
Wed Nov 20 2024 03:00:00 GMT+0000 (Greenwich Mean Time),0.0448,0.0225,0.0517,0
Wed Nov 20 2024 04:00:00 GMT+0000 (Greenwich Mean Time),0.0448,0.0225,0.0517,0
Wed Nov 20 2024 05:00:00 GMT+0000 (Greenwich Mean Time),0.0448,0.0225,0.0517,0
Wed Nov 20 2024 06:00:00 GMT+0000 (Greenwich Mean Time),0.0448,0.0225,0.0517,0
Wed Nov 20 2024 07:00:00 GMT+0000 (Greenwich Mean Time),0.0448,0.0225,0.0517,0
Wed Nov 20 2024 08:00:00 GMT+0000 (Greenwich Mean Time),0.0448,0.0225,0.0517,0
Wed Nov 20 2024 09:00:00 GMT+0000 (Greenwich Mean Time),0.0448,0.0225,0.0616,171649.32629840658
Wed Nov 20 2024 10:00:00 GMT+0000 (Greenwich Mean Time),0.0448,0.0219,0.0616,0
Wed Nov 20 2024 11:00:00 GMT+0000 (Greenwich Mean Time),0.0448,0.0219,0.0616,0
Wed Nov 20 2024 12:00:00 GMT+0000 (Greenwich Mean Time),0.0448,0.0219,0.0616,61259.168403438
Wed Nov 20 2024 13:00:00 GMT+0000 (Greenwich Mean Time),0.0448,0.0219,0.058,0
Wed Nov 20 2024 14:00:00 GMT+0000 (Greenwich Mean Time),0.0448,0.0219,0.058,0
Wed Nov 20 2024 15:00:00 GMT+0000 (Greenwich Mean Time),0.0448,0.0219,0.058,0
Wed Nov 20 2024 16:00:00 GMT+0000 (Greenwich Mean Time),0.0448,0.0219,0.058,0
Wed Nov 20 2024 17:00:00 GMT+0000 (Greenwich Mean Time),0.0448,0.0219,0.058,0
Wed Nov 20 2024 18:00:00 GMT+0000 (Greenwich Mean Time),0.0448,0.0219,0.058,0
Wed Nov 20 2024 19:00:00 GMT+0000 (Greenwich Mean Time),0.0448,0.0219,0.058,0
Wed Nov 20 2024 20:00:00 GMT+0000 (Greenwich Mean Time),0.0448,0.0219,0.0588,731842.5728836751
Wed Nov 20 2024 21:00:00 GMT+0000 (Greenwich Mean Time),0.0448,0.0219,0.0588,0
Wed Nov 20 2024 22:00:00 GMT+0000 (Greenwich Mean Time),0.0448,0.0219,0.0588,31070.225251354022
Wed Nov 20 2024 23:00:00 GMT+0000 (Greenwich Mean Time),0.0448,0.0219,0.0588,0
Thu Nov 21 2024 00:00:00 GMT+0000 (Greenwich Mean Time),0.0361,0.0237,0.0588,0
Thu Nov 21 2024 01:00:00 GMT+0000 (Greenwich Mean Time),0.0361,0.0237,0.0588,8.834769034052183
Thu Nov 21 2024 02:00:00 GMT+0000 (Greenwich Mean Time),0.0361,0.0237,0.0588,0
Thu Nov 21 2024 03:00:00 GMT+0000 (Greenwich Mean Time),0.0361,0.0237,0.0588,0
Thu Nov 21 2024 04:00:00 GMT+0000 (Greenwich Mean Time),0.0361,0.0237,0.0588,0
Thu Nov 21 2024 05:00:00 GMT+0000 (Greenwich Mean Time),0.0361,0.0237,0.0588,0
Thu Nov 21 2024 06:00:00 GMT+0000 (Greenwich Mean Time),0.0361,0.0237,0.0588,27.2353272402517
Thu Nov 21 2024 07:00:00 GMT+0000 (Greenwich Mean Time),0.0361,0.0237,0.0588,0
Thu Nov 21 2024 08:00:00 GMT+0000 (Greenwich Mean Time),0.0361,0.0237,0.0588,0
Thu Nov 21 2024 09:00:00 GMT+0000 (Greenwich Mean Time),0.0361,0.0237,0.0588,0
Thu Nov 21 2024 10:00:00 GMT+0000 (Greenwich Mean Time),0.0361,0.0243,0.059,2171.3032986264893
Thu Nov 21 2024 11:00:00 GMT+0000 (Greenwich Mean Time),0.0361,0.0243,0.059,0
Thu Nov 21 2024 12:00:00 GMT+0000 (Greenwich Mean Time),0.0361,0.0243,0.059,164.4931039160495
Thu Nov 21 2024 13:00:00 GMT+0000 (Greenwich Mean Time),0.0361,0.0243,0.06,788412.8626205336
Thu Nov 21 2024 14:00:00 GMT+0000 (Greenwich Mean Time),0.0361,0.0243,0.06,0
Thu Nov 21 2024 15:00:00 GMT+0000 (Greenwich Mean Time),0.0361,0.0243,0.06,0
Thu Nov 21 2024 16:00:00 GMT+0000 (Greenwich Mean Time),0.0361,0.0243,0.06,0
Thu Nov 21 2024 17:00:00 GMT+0000 (Greenwich Mean Time),0.0361,0.0243,0.06,0
Thu Nov 21 2024 18:00:00 GMT+0000 (Greenwich Mean Time),0.0361,0.0243,0.06,0
Thu Nov 21 2024 19:00:00 GMT+0000 (Greenwich Mean Time),0.0361,0.0243,0.06,0
Thu Nov 21 2024 20:00:00 GMT+0000 (Greenwich Mean Time),0.0361,0.0243,0.06,0
Thu Nov 21 2024 21:00:00 GMT+0000 (Greenwich Mean Time),0.0361,0.0243,0.06,0
Thu Nov 21 2024 22:00:00 GMT+0000 (Greenwich Mean Time),0.0361,0.0243,0.06,0
Thu Nov 21 2024 23:00:00 GMT+0000 (Greenwich Mean Time),0.0361,0.0243,0.06,0
Fri Nov 22 2024 00:00:00 GMT+0000 (Greenwich Mean Time),0.0346,0.0257,0.06,0
Fri Nov 22 2024 01:00:00 GMT+0000 (Greenwich Mean Time),0.0346,0.0257,0.06,0
Fri Nov 22 2024 02:00:00 GMT+0000 (Greenwich Mean Time),0.0346,0.0257,0.06,0
Fri Nov 22 2024 03:00:00 GMT+0000 (Greenwich Mean Time),0.0346,0.0257,0.06,0
Fri Nov 22 2024 04:00:00 GMT+0000 (Greenwich Mean Time),0.0346,0.0257,0.06,0
Fri Nov 22 2024 05:00:00 GMT+0000 (Greenwich Mean Time),0.0346,0.0257,0.06,0
Fri Nov 22 2024 06:00:00 GMT+0000 (Greenwich Mean Time),0.0346,0.0257,0.06,0
Fri Nov 22 2024 07:00:00 GMT+0000 (Greenwich Mean Time),0.0346,0.0257,0.06,0
Fri Nov 22 2024 08:00:00 GMT+0000 (Greenwich Mean Time),0.0346,0.0257,0.06,0
Fri Nov 22 2024 09:00:00 GMT+0000 (Greenwich Mean Time),0.0346,0.0257,0.06,811.9141470248755
Fri Nov 22 2024 10:00:00 GMT+0000 (Greenwich Mean Time),0.0346,0.0257,0.06,0
Fri Nov 22 2024 11:00:00 GMT+0000 (Greenwich Mean Time),0.0346,0.0257,0.06,181740.2910231122
Fri Nov 22 2024 12:00:00 GMT+0000 (Greenwich Mean Time),0.0346,0.0257,0.0502,0
Fri Nov 22 2024 13:00:00 GMT+0000 (Greenwich Mean Time),0.0346,0.0257,0.0502,0
Fri Nov 22 2024 14:00:00 GMT+0000 (Greenwich Mean Time),0.0346,0.0257,0.0502,0
Fri Nov 22 2024 15:00:00 GMT+0000 (Greenwich Mean Time),0.0346,0.0257,0.0504,3417.9777405590676
Fri Nov 22 2024 16:00:00 GMT+0000 (Greenwich Mean Time),0.0346,0.0257,0.0504,0
Fri Nov 22 2024 17:00:00 GMT+0000 (Greenwich Mean Time),0.0346,0.0257,0.0504,0
Fri Nov 22 2024 18:00:00 GMT+0000 (Greenwich Mean Time),0.0346,0.0257,0.0504,0
Fri Nov 22 2024 19:00:00 GMT+0000 (Greenwich Mean Time),0.0346,0.0257,0.0504,0
Fri Nov 22 2024 20:00:00 GMT+0000 (Greenwich Mean Time),0.0346,0.0257,0.0504,0
Fri Nov 22 2024 21:00:00 GMT+0000 (Greenwich Mean Time),0.0346,0.0257,0.0504,0
Fri Nov 22 2024 22:00:00 GMT+0000 (Greenwich Mean Time),0.0346,0.0257,0.0504,0
Fri Nov 22 2024 23:00:00 GMT+0000 (Greenwich Mean Time),0.0346,0.0323,0.0504,0
Sat Nov 23 2024 00:00:00 GMT+0000 (Greenwich Mean Time),0.0399,0.0334,0.0504,0
Sat Nov 23 2024 01:00:00 GMT+0000 (Greenwich Mean Time),0.0399,0.0334,0.0504,0
Sat Nov 23 2024 02:00:00 GMT+0000 (Greenwich Mean Time),0.0399,0.0334,0.0504,0
Sat Nov 23 2024 03:00:00 GMT+0000 (Greenwich Mean Time),0.0399,0.0334,0.0504,0
Sat Nov 23 2024 04:00:00 GMT+0000 (Greenwich Mean Time),0.0399,0.0334,0.0504,0
Sat Nov 23 2024 05:00:00 GMT+0000 (Greenwich Mean Time),0.0399,0.0334,0.0504,0
Sat Nov 23 2024 06:00:00 GMT+0000 (Greenwich Mean Time),0.0399,0.0334,0.0504,0
Sat Nov 23 2024 07:00:00 GMT+0000 (Greenwich Mean Time),0.0399,0.0334,0.0504,0
Sat Nov 23 2024 08:00:00 GMT+0000 (Greenwich Mean Time),0.0399,0.0334,0.0504,0
Sat Nov 23 2024 09:00:00 GMT+0000 (Greenwich Mean Time),0.0399,0.0334,0.0504,0
Sat Nov 23 2024 10:00:00 GMT+0000 (Greenwich Mean Time),0.0399,0.0334,0.0504,0
Sat Nov 23 2024 11:00:00 GMT+0000 (Greenwich Mean Time),0.0399,0.0334,0.0504,0
Sat Nov 23 2024 12:00:00 GMT+0000 (Greenwich Mean Time),0.0399,0.0334,0.0504,0
Sat Nov 23 2024 13:00:00 GMT+0000 (Greenwich Mean Time),0.0399,0.0334,0.0504,0
Sat Nov 23 2024 14:00:00 GMT+0000 (Greenwich Mean Time),0.0399,0.0334,0.0504,0
Sat Nov 23 2024 15:00:00 GMT+0000 (Greenwich Mean Time),0.0399,0.0334,0.0504,0
Sat Nov 23 2024 16:00:00 GMT+0000 (Greenwich Mean Time),0.0399,0.0334,0.0504,0
Sat Nov 23 2024 17:00:00 GMT+0000 (Greenwich Mean Time),0.0399,0.0334,0.0504,0
Sat Nov 23 2024 18:00:00 GMT+0000 (Greenwich Mean Time),0.0399,0.0334,0.0504,0
Sat Nov 23 2024 19:00:00 GMT+0000 (Greenwich Mean Time),0.0399,0.0334,0.0504,0
Sat Nov 23 2024 20:00:00 GMT+0000 (Greenwich Mean Time),0.0399,0.0334,0.0506,4033.554519320542
Sat Nov 23 2024 21:00:00 GMT+0000 (Greenwich Mean Time),0.0399,0.0334,0.0506,0
Sat Nov 23 2024 22:00:00 GMT+0000 (Greenwich Mean Time),0.0399,0.0334,0.0506,0
Sat Nov 23 2024 23:00:00 GMT+0000 (Greenwich Mean Time),0.0399,0.0368,0.051,7268.582509876496
Sun Nov 24 2024 00:00:00 GMT+0000 (Greenwich Mean Time),0.0317,0.0361,0.051,0
Sun Nov 24 2024 01:00:00 GMT+0000 (Greenwich Mean Time),0.0317,0.0361,0.051,0
Sun Nov 24 2024 02:00:00 GMT+0000 (Greenwich Mean Time),0.0317,0.0361,0.051,0
Sun Nov 24 2024 03:00:00 GMT+0000 (Greenwich Mean Time),0.0317,0.0361,0.051,0
Sun Nov 24 2024 04:00:00 GMT+0000 (Greenwich Mean Time),0.0317,0.0361,0.051,0
Sun Nov 24 2024 05:00:00 GMT+0000 (Greenwich Mean Time),0.0317,0.0361,0.05,19950.199922413012
Sun Nov 24 2024 06:00:00 GMT+0000 (Greenwich Mean Time),0.0317,0.0361,0.05,0
Sun Nov 24 2024 07:00:00 GMT+0000 (Greenwich Mean Time),0.0317,0.0361,0.05,0
Sun Nov 24 2024 08:00:00 GMT+0000 (Greenwich Mean Time),0.0317,0.0361,0.05,0
Sun Nov 24 2024 09:00:00 GMT+0000 (Greenwich Mean Time),0.0317,0.0361,0.05,0
Sun Nov 24 2024 10:00:00 GMT+0000 (Greenwich Mean Time),0.0317,0.0361,0.05,0
Sun Nov 24 2024 11:00:00 GMT+0000 (Greenwich Mean Time),0.0317,0.0361,0.05,0
Sun Nov 24 2024 12:00:00 GMT+0000 (Greenwich Mean Time),0.0317,0.0361,0.05,0
Sun Nov 24 2024 13:00:00 GMT+0000 (Greenwich Mean Time),0.0317,0.0361,0.05,0
Sun Nov 24 2024 14:00:00 GMT+0000 (Greenwich Mean Time),0.0317,0.0361,0.05,0
Sun Nov 24 2024 15:00:00 GMT+0000 (Greenwich Mean Time),0.0317,0.0361,0.05,0
Sun Nov 24 2024 16:00:00 GMT+0000 (Greenwich Mean Time),0.0317,0.0361,0.05,0
Sun Nov 24 2024 17:00:00 GMT+0000 (Greenwich Mean Time),0.0317,0.0361,0.05,0
Sun Nov 24 2024 18:00:00 GMT+0000 (Greenwich Mean Time),0.0317,0.0361,0.05,0
Sun Nov 24 2024 19:00:00 GMT+0000 (Greenwich Mean Time),0.0317,0.0361,0.05,0
Sun Nov 24 2024 20:00:00 GMT+0000 (Greenwich Mean Time),0.0317,0.0361,0.05,0
Sun Nov 24 2024 21:00:00 GMT+0000 (Greenwich Mean Time),0.0317,0.0361,0.05,0
Sun Nov 24 2024 22:00:00 GMT+0000 (Greenwich Mean Time),0.0317,0.0361,0.05,0
Sun Nov 24 2024 23:00:00 GMT+0000 (Greenwich Mean Time),0.0317,0.0365,0.05,0
Mon Nov 25 2024 00:00:00 GMT+0000 (Greenwich Mean Time),0.0337,0.0361,0.05,0
Mon Nov 25 2024 01:00:00 GMT+0000 (Greenwich Mean Time),0.0337,0.0361,0.05,0
Mon Nov 25 2024 02:00:00 GMT+0000 (Greenwich Mean Time),0.0337,0.0361,0.05,0
Mon Nov 25 2024 03:00:00 GMT+0000 (Greenwich Mean Time),0.0337,0.0361,0.05,0
Mon Nov 25 2024 04:00:00 GMT+0000 (Greenwich Mean Time),0.0337,0.0361,0.05,0
Mon Nov 25 2024 05:00:00 GMT+0000 (Greenwich Mean Time),0.0337,0.0361,0.05,0
Mon Nov 25 2024 06:00:00 GMT+0000 (Greenwich Mean Time),0.0337,0.0361,0.05,0
Mon Nov 25 2024 07:00:00 GMT+0000 (Greenwich Mean Time),0.0337,0.0361,0.05,0
Mon Nov 25 2024 08:00:00 GMT+0000 (Greenwich Mean Time),0.0337,0.0361,0.05,0
Mon Nov 25 2024 09:00:00 GMT+0000 (Greenwich Mean Time),0.0337,0.0361,0.05,0
Mon Nov 25 2024 10:00:00 GMT+0000 (Greenwich Mean Time),0.0337,0.0361,0.0501,1541.6814311946825
Mon Nov 25 2024 11:00:00 GMT+0000 (Greenwich Mean Time),0.0337,0.0361,0.0501,0
Mon Nov 25 2024 12:00:00 GMT+0000 (Greenwich Mean Time),0.0337,0.0361,0.0501,0
Mon Nov 25 2024 13:00:00 GMT+0000 (Greenwich Mean Time),0.0337,0.0361,0.0501,0
Mon Nov 25 2024 14:00:00 GMT+0000 (Greenwich Mean Time),0.0337,0.0361,0.0501,0
Mon Nov 25 2024 15:00:00 GMT+0000 (Greenwich Mean Time),0.0337,0.0361,0.0501,0
Mon Nov 25 2024 16:00:00 GMT+0000 (Greenwich Mean Time),0.0337,0.0361,0.0501,0
Mon Nov 25 2024 17:00:00 GMT+0000 (Greenwich Mean Time),0.0337,0.0361,0.0501,0
Mon Nov 25 2024 18:00:00 GMT+0000 (Greenwich Mean Time),0.0337,0.0361,0.0501,0
Mon Nov 25 2024 19:00:00 GMT+0000 (Greenwich Mean Time),0.0337,0.0361,0.0501,0
Mon Nov 25 2024 20:00:00 GMT+0000 (Greenwich Mean Time),0.0337,0.0361,0.0501,0
Mon Nov 25 2024 21:00:00 GMT+0000 (Greenwich Mean Time),0.0337,0.0361,0.0501,0
Mon Nov 25 2024 22:00:00 GMT+0000 (Greenwich Mean Time),0.0337,0.0361,0.0501,0
Mon Nov 25 2024 23:00:00 GMT+0000 (Greenwich Mean Time),0.0337,0.0361,0.0501,0
Tue Nov 26 2024 00:00:00 GMT+0000 (Greenwich Mean Time),0.0277,0.0355,0.0501,0
Tue Nov 26 2024 01:00:00 GMT+0000 (Greenwich Mean Time),0.0277,0.0355,0.0501,0
Tue Nov 26 2024 02:00:00 GMT+0000 (Greenwich Mean Time),0.0277,0.0355,0.0501,0
Tue Nov 26 2024 03:00:00 GMT+0000 (Greenwich Mean Time),0.0277,0.0355,0.0501,0
Tue Nov 26 2024 04:00:00 GMT+0000 (Greenwich Mean Time),0.0277,0.0355,0.0501,0
Tue Nov 26 2024 05:00:00 GMT+0000 (Greenwich Mean Time),0.0277,0.0355,0.0501,0
Tue Nov 26 2024 06:00:00 GMT+0000 (Greenwich Mean Time),0.0277,0.0355,0.0501,0
Tue Nov 26 2024 07:00:00 GMT+0000 (Greenwich Mean Time),0.0277,0.0355,0.0501,0
Tue Nov 26 2024 08:00:00 GMT+0000 (Greenwich Mean Time),0.0277,0.0355,0.0493,464797.27379134006
Tue Nov 26 2024 09:00:00 GMT+0000 (Greenwich Mean Time),0.0277,0.0355,0.0492,878.5512834185399
Tue Nov 26 2024 10:00:00 GMT+0000 (Greenwich Mean Time),0.0277,0.0355,0.0492,0
Tue Nov 26 2024 11:00:00 GMT+0000 (Greenwich Mean Time),0.0277,0.0355,0.0492,0
Tue Nov 26 2024 12:00:00 GMT+0000 (Greenwich Mean Time),0.0277,0.0355,0.0492,0
Tue Nov 26 2024 13:00:00 GMT+0000 (Greenwich Mean Time),0.0277,0.0355,0.0492,0
Tue Nov 26 2024 14:00:00 GMT+0000 (Greenwich Mean Time),0.0277,0.0355,0.0492,0
Tue Nov 26 2024 15:00:00 GMT+0000 (Greenwich Mean Time),0.0277,0.0355,0.0492,0
Tue Nov 26 2024 16:00:00 GMT+0000 (Greenwich Mean Time),0.0277,0.0355,0.0492,0
Tue Nov 26 2024 17:00:00 GMT+0000 (Greenwich Mean Time),0.0277,0.0355,0.0484,118665.41135576364
Tue Nov 26 2024 18:00:00 GMT+0000 (Greenwich Mean Time),0.0277,0.0355,0.0484,0
Tue Nov 26 2024 19:00:00 GMT+0000 (Greenwich Mean Time),0.0277,0.0355,0.0484,0
Tue Nov 26 2024 20:00:00 GMT+0000 (Greenwich Mean Time),0.0277,0.0355,0.0484,0
Tue Nov 26 2024 21:00:00 GMT+0000 (Greenwich Mean Time),0.0277,0.0355,0.0484,0
Tue Nov 26 2024 22:00:00 GMT+0000 (Greenwich Mean Time),0.0277,0.0355,0.0484,0
Tue Nov 26 2024 23:00:00 GMT+0000 (Greenwich Mean Time),0.0277,0.0355,0.0484,0
Wed Nov 27 2024 00:00:00 GMT+0000 (Greenwich Mean Time),0.0348,0.0341,0.0484,0
Wed Nov 27 2024 01:00:00 GMT+0000 (Greenwich Mean Time),0.0348,0.0341,0.0484,0
Wed Nov 27 2024 02:00:00 GMT+0000 (Greenwich Mean Time),0.0348,0.0341,0.0484,0
Wed Nov 27 2024 03:00:00 GMT+0000 (Greenwich Mean Time),0.0348,0.0341,0.0484,0
Wed Nov 27 2024 04:00:00 GMT+0000 (Greenwich Mean Time),0.0348,0.0341,0.0484,0
Wed Nov 27 2024 05:00:00 GMT+0000 (Greenwich Mean Time),0.0348,0.0341,0.0484,0
Wed Nov 27 2024 06:00:00 GMT+0000 (Greenwich Mean Time),0.0348,0.0341,0.0484,0
Wed Nov 27 2024 07:00:00 GMT+0000 (Greenwich Mean Time),0.0348,0.0341,0.0484,0
Wed Nov 27 2024 08:00:00 GMT+0000 (Greenwich Mean Time),0.0348,0.0341,0.0484,0
Wed Nov 27 2024 09:00:00 GMT+0000 (Greenwich Mean Time),0.0348,0.0341,0.0484,0
Wed Nov 27 2024 10:00:00 GMT+0000 (Greenwich Mean Time),0.0348,0.0341,0.0484,1338.5335984498627
Wed Nov 27 2024 11:00:00 GMT+0000 (Greenwich Mean Time),0.0348,0.0341,0.0484,0
Wed Nov 27 2024 12:00:00 GMT+0000 (Greenwich Mean Time),0.0348,0.0341,0.0484,0
Wed Nov 27 2024 13:00:00 GMT+0000 (Greenwich Mean Time),0.0348,0.0341,0.0484,0
Wed Nov 27 2024 14:00:00 GMT+0000 (Greenwich Mean Time),0.0348,0.0341,0.0484,0
Wed Nov 27 2024 15:00:00 GMT+0000 (Greenwich Mean Time),0.0348,0.0341,0.0484,0
Wed Nov 27 2024 16:00:00 GMT+0000 (Greenwich Mean Time),0.0348,0.0341,0.0484,0
Wed Nov 27 2024 17:00:00 GMT+0000 (Greenwich Mean Time),0.0348,0.0341,0.0484,0
Wed Nov 27 2024 18:00:00 GMT+0000 (Greenwich Mean Time),0.0348,0.0341,0.0484,0
Wed Nov 27 2024 19:00:00 GMT+0000 (Greenwich Mean Time),0.0348,0.0341,0.0484,0
Wed Nov 27 2024 20:00:00 GMT+0000 (Greenwich Mean Time),0.0348,0.0341,0.0484,0
Wed Nov 27 2024 21:00:00 GMT+0000 (Greenwich Mean Time),0.0348,0.0341,0.0484,0
Wed Nov 27 2024 22:00:00 GMT+0000 (Greenwich Mean Time),0.0348,0.0341,0.0484,0
Wed Nov 27 2024 23:00:00 GMT+0000 (Greenwich Mean Time),0.0348,0.0341,0.0477,291383.43053918687
Thu Nov 28 2024 00:00:00 GMT+0000 (Greenwich Mean Time),0,0.0337,0.0477,0
Thu Nov 28 2024 01:00:00 GMT+0000 (Greenwich Mean Time),0.0721,0.0391,0.0477,0
Thu Nov 28 2024 02:00:00 GMT+0000 (Greenwich Mean Time),0.0721,0.0391,0.0477,0
Thu Nov 28 2024 03:00:00 GMT+0000 (Greenwich Mean Time),0.0721,0.0391,0.0477,503.7040560738075
Thu Nov 28 2024 04:00:00 GMT+0000 (Greenwich Mean Time),0.0721,0.0391,0.0477,0
Thu Nov 28 2024 05:00:00 GMT+0000 (Greenwich Mean Time),0.0721,0.0391,0.0488,363642.53084098804
Thu Nov 28 2024 06:00:00 GMT+0000 (Greenwich Mean Time),0.0721,0.0391,0.0488,0
Thu Nov 28 2024 07:00:00 GMT+0000 (Greenwich Mean Time),0.0721,0.0391,0.0488,0
Thu Nov 28 2024 08:00:00 GMT+0000 (Greenwich Mean Time),0.0721,0.0391,0.0488,0
Thu Nov 28 2024 09:00:00 GMT+0000 (Greenwich Mean Time),0.0721,0.0391,0.0488,0
Thu Nov 28 2024 10:00:00 GMT+0000 (Greenwich Mean Time),0.0721,0.0391,0.0488,0
Thu Nov 28 2024 11:00:00 GMT+0000 (Greenwich Mean Time),0.0721,0.0391,0.0488,0
Thu Nov 28 2024 12:00:00 GMT+0000 (Greenwich Mean Time),0.0721,0.0391,0.0488,0
Thu Nov 28 2024 13:00:00 GMT+0000 (Greenwich Mean Time),0.0721,0.0391,0.0488,0
Thu Nov 28 2024 14:00:00 GMT+0000 (Greenwich Mean Time),0.0721,0.0391,0.0488,0
Thu Nov 28 2024 15:00:00 GMT+0000 (Greenwich Mean Time),0.0721,0.0391,0.0489,1849.7720530178638
Thu Nov 28 2024 16:00:00 GMT+0000 (Greenwich Mean Time),0.0721,0.0391,0.0489,0
Thu Nov 28 2024 17:00:00 GMT+0000 (Greenwich Mean Time),0.0721,0.0391,0.0489,0
Thu Nov 28 2024 18:00:00 GMT+0000 (Greenwich Mean Time),0.0721,0.0391,0.0489,0
Thu Nov 28 2024 19:00:00 GMT+0000 (Greenwich Mean Time),0.0721,0.0391,0.0489,0
Thu Nov 28 2024 20:00:00 GMT+0000 (Greenwich Mean Time),0.0721,0.0391,0.0489,0
Thu Nov 28 2024 21:00:00 GMT+0000 (Greenwich Mean Time),0.0721,0.0391,0.0489,0
Thu Nov 28 2024 22:00:00 GMT+0000 (Greenwich Mean Time),0.0721,0.0391,0.0489,0
Thu Nov 28 2024 23:00:00 GMT+0000 (Greenwich Mean Time),0.0721,0.0391,0.0489,0
Fri Nov 29 2024 00:00:00 GMT+0000 (Greenwich Mean Time),0.0721,0.0399,0.0489,0
Fri Nov 29 2024 01:00:00 GMT+0000 (Greenwich Mean Time),0.0664,0.0436,0.0489,0
Fri Nov 29 2024 02:00:00 GMT+0000 (Greenwich Mean Time),0.0664,0.0436,0.0489,0
Fri Nov 29 2024 03:00:00 GMT+0000 (Greenwich Mean Time),0.0664,0.0436,0.0489,0
Fri Nov 29 2024 04:00:00 GMT+0000 (Greenwich Mean Time),0.0664,0.0436,0.0489,0
Fri Nov 29 2024 05:00:00 GMT+0000 (Greenwich Mean Time),0.0664,0.0436,0.0489,0
Fri Nov 29 2024 06:00:00 GMT+0000 (Greenwich Mean Time),0.0664,0.0436,0.0489,25.539313106023933
Fri Nov 29 2024 07:00:00 GMT+0000 (Greenwich Mean Time),0.0664,0.0436,0.0489,0
Fri Nov 29 2024 08:00:00 GMT+0000 (Greenwich Mean Time),0.0664,0.0436,0.0489,0
Fri Nov 29 2024 09:00:00 GMT+0000 (Greenwich Mean Time),0.0664,0.0436,0.0489,0
Fri Nov 29 2024 10:00:00 GMT+0000 (Greenwich Mean Time),0.0664,0.0436,0.0489,0
Fri Nov 29 2024 11:00:00 GMT+0000 (Greenwich Mean Time),0.0664,0.0436,0.0488,1841.082704999629
Fri Nov 29 2024 12:00:00 GMT+0000 (Greenwich Mean Time),0.0664,0.0436,0.0488,0
Fri Nov 29 2024 13:00:00 GMT+0000 (Greenwich Mean Time),0.0664,0.0436,0.0494,10495.047514046608
Fri Nov 29 2024 14:00:00 GMT+0000 (Greenwich Mean Time),0.0664,0.0436,0.0494,0
Fri Nov 29 2024 15:00:00 GMT+0000 (Greenwich Mean Time),0.0664,0.0436,0.0494,0
Fri Nov 29 2024 16:00:00 GMT+0000 (Greenwich Mean Time),0.0664,0.0436,0.0471,39441.267567699484
Fri Nov 29 2024 17:00:00 GMT+0000 (Greenwich Mean Time),0.0664,0.0436,0.0488,882072.9424475278
Fri Nov 29 2024 18:00:00 GMT+0000 (Greenwich Mean Time),0.0664,0.0436,0.0488,0
Fri Nov 29 2024 19:00:00 GMT+0000 (Greenwich Mean Time),0.0664,0.0436,0.0488,0
Fri Nov 29 2024 20:00:00 GMT+0000 (Greenwich Mean Time),0.0664,0.0436,0.0488,0
Fri Nov 29 2024 21:00:00 GMT+0000 (Greenwich Mean Time),0.0664,0.0436,0.0488,0
Fri Nov 29 2024 22:00:00 GMT+0000 (Greenwich Mean Time),0.0664,0.0436,0.0488,0
Fri Nov 29 2024 23:00:00 GMT+0000 (Greenwich Mean Time),0.0664,0.0436,0.0488,0
Sat Nov 30 2024 00:00:00 GMT+0000 (Greenwich Mean Time),0.0664,0.0443,0.0488,0
Sat Nov 30 2024 01:00:00 GMT+0000 (Greenwich Mean Time),0.0576,0.0461,0.0488,0
Sat Nov 30 2024 02:00:00 GMT+0000 (Greenwich Mean Time),0.0576,0.0461,0.0488,0
Sat Nov 30 2024 03:00:00 GMT+0000 (Greenwich Mean Time),0.0576,0.0461,0.0488,0
Sat Nov 30 2024 04:00:00 GMT+0000 (Greenwich Mean Time),0.0576,0.0461,0.0488,0
Sat Nov 30 2024 05:00:00 GMT+0000 (Greenwich Mean Time),0.0576,0.0461,0.0488,0
Sat Nov 30 2024 06:00:00 GMT+0000 (Greenwich Mean Time),0.0576,0.0461,0.0488,0
Sat Nov 30 2024 07:00:00 GMT+0000 (Greenwich Mean Time),0.0576,0.0461,0.0488,0
Sat Nov 30 2024 08:00:00 GMT+0000 (Greenwich Mean Time),0.0576,0.0461,0.0488,0
Sat Nov 30 2024 09:00:00 GMT+0000 (Greenwich Mean Time),0.0576,0.0461,0.0488,0
Sat Nov 30 2024 10:00:00 GMT+0000 (Greenwich Mean Time),0.0576,0.0461,0.0488,0
Sat Nov 30 2024 11:00:00 GMT+0000 (Greenwich Mean Time),0.0576,0.0461,0.0488,0
Sat Nov 30 2024 12:00:00 GMT+0000 (Greenwich Mean Time),0.0576,0.0461,0.0489,1672.9739810886372
Sat Nov 30 2024 13:00:00 GMT+0000 (Greenwich Mean Time),0.0576,0.0461,0.0489,0
Sat Nov 30 2024 14:00:00 GMT+0000 (Greenwich Mean Time),0.0576,0.0461,0.0489,0
Sat Nov 30 2024 15:00:00 GMT+0000 (Greenwich Mean Time),0.0576,0.0461,0.0489,0
Sat Nov 30 2024 16:00:00 GMT+0000 (Greenwich Mean Time),0.0576,0.0461,0.0489,0
Sat Nov 30 2024 17:00:00 GMT+0000 (Greenwich Mean Time),0.0576,0.0461,0.0489,0
Sat Nov 30 2024 18:00:00 GMT+0000 (Greenwich Mean Time),0.0576,0.0461,0.0489,0
Sat Nov 30 2024 19:00:00 GMT+0000 (Greenwich Mean Time),0.0576,0.0461,0.0489,0
Sat Nov 30 2024 20:00:00 GMT+0000 (Greenwich Mean Time),0.0576,0.0461,0.0489,0
Sat Nov 30 2024 21:00:00 GMT+0000 (Greenwich Mean Time),0.0576,0.0461,0.0489,0
Sat Nov 30 2024 22:00:00 GMT+0000 (Greenwich Mean Time),0.0576,0.0461,0.0489,0
Sat Nov 30 2024 23:00:00 GMT+0000 (Greenwich Mean Time),0.0576,0.0461,0.0489,0
Sun Dec 01 2024 00:00:00 GMT+0000 (Greenwich Mean Time),0.0576,0.0486,0.0489,0
Sun Dec 01 2024 01:00:00 GMT+0000 (Greenwich Mean Time),0.013,0.0434,0.0489,0
Sun Dec 01 2024 02:00:00 GMT+0000 (Greenwich Mean Time),0.013,0.0434,0.0489,0
Sun Dec 01 2024 03:00:00 GMT+0000 (Greenwich Mean Time),0.013,0.0434,0.0493,177425.69283334925
Sun Dec 01 2024 04:00:00 GMT+0000 (Greenwich Mean Time),0.013,0.0434,0.05,12081.87965418223
Sun Dec 01 2024 05:00:00 GMT+0000 (Greenwich Mean Time),0.013,0.0434,0.05,0
Sun Dec 01 2024 06:00:00 GMT+0000 (Greenwich Mean Time),0.013,0.0434,0.05,0
Sun Dec 01 2024 07:00:00 GMT+0000 (Greenwich Mean Time),0.013,0.0434,0.05,0
Sun Dec 01 2024 08:00:00 GMT+0000 (Greenwich Mean Time),0.013,0.0434,0.05,0
Sun Dec 01 2024 09:00:00 GMT+0000 (Greenwich Mean Time),0.013,0.0434,0.05,0
Sun Dec 01 2024 10:00:00 GMT+0000 (Greenwich Mean Time),0.013,0.0434,0.05,0
Sun Dec 01 2024 11:00:00 GMT+0000 (Greenwich Mean Time),0.013,0.0434,0.05,0
Sun Dec 01 2024 12:00:00 GMT+0000 (Greenwich Mean Time),0.013,0.0434,0.05,0
Sun Dec 01 2024 13:00:00 GMT+0000 (Greenwich Mean Time),0.013,0.0434,0.0479,36821.824753435794
Sun Dec 01 2024 14:00:00 GMT+0000 (Greenwich Mean Time),0.013,0.0434,0.0479,0
Sun Dec 01 2024 15:00:00 GMT+0000 (Greenwich Mean Time),0.013,0.0434,0.0535,100902.58938837744
Sun Dec 01 2024 16:00:00 GMT+0000 (Greenwich Mean Time),0.013,0.0434,0.0535,0
Sun Dec 01 2024 17:00:00 GMT+0000 (Greenwich Mean Time),0.013,0.0434,0.0535,0
Sun Dec 01 2024 18:00:00 GMT+0000 (Greenwich Mean Time),0.013,0.0434,0.0535,0
Sun Dec 01 2024 19:00:00 GMT+0000 (Greenwich Mean Time),0.013,0.0434,0.0535,0
Sun Dec 01 2024 20:00:00 GMT+0000 (Greenwich Mean Time),0.013,0.0434,0.0535,0
Sun Dec 01 2024 21:00:00 GMT+0000 (Greenwich Mean Time),0.013,0.0434,0.0535,0
Sun Dec 01 2024 22:00:00 GMT+0000 (Greenwich Mean Time),0.013,0.0434,0.0535,0
Sun Dec 01 2024 23:00:00 GMT+0000 (Greenwich Mean Time),0.013,0.0434,0.0535,0
Mon Dec 02 2024 00:00:00 GMT+0000 (Greenwich Mean Time),0.013,0.045,0.0535,0
Mon Dec 02 2024 01:00:00 GMT+0000 (Greenwich Mean Time),0.0668,0.0481,0.0535,0
Mon Dec 02 2024 02:00:00 GMT+0000 (Greenwich Mean Time),0.0668,0.0481,0.0535,0
Mon Dec 02 2024 03:00:00 GMT+0000 (Greenwich Mean Time),0.0668,0.0481,0.0535,0
Mon Dec 02 2024 04:00:00 GMT+0000 (Greenwich Mean Time),0.0668,0.0481,0.0535,0
Mon Dec 02 2024 05:00:00 GMT+0000 (Greenwich Mean Time),0.0668,0.0481,0.0535,0
Mon Dec 02 2024 06:00:00 GMT+0000 (Greenwich Mean Time),0.0668,0.0481,0.0535,0
Mon Dec 02 2024 07:00:00 GMT+0000 (Greenwich Mean Time),0.0668,0.0481,0.0535,0
Mon Dec 02 2024 08:00:00 GMT+0000 (Greenwich Mean Time),0.0668,0.0481,0.0535,0
Mon Dec 02 2024 09:00:00 GMT+0000 (Greenwich Mean Time),0.0668,0.0481,0.0537,360667.7550078108
Mon Dec 02 2024 10:00:00 GMT+0000 (Greenwich Mean Time),0.0668,0.0481,0.0537,0
Mon Dec 02 2024 11:00:00 GMT+0000 (Greenwich Mean Time),0.0668,0.0481,0.0537,0
Mon Dec 02 2024 12:00:00 GMT+0000 (Greenwich Mean Time),0.0668,0.0481,0.0537,0
Mon Dec 02 2024 13:00:00 GMT+0000 (Greenwich Mean Time),0.0668,0.0481,0.0537,0
Mon Dec 02 2024 14:00:00 GMT+0000 (Greenwich Mean Time),0.0668,0.0481,0.0537,0
Mon Dec 02 2024 15:00:00 GMT+0000 (Greenwich Mean Time),0.0668,0.0481,0.0537,0
Mon Dec 02 2024 16:00:00 GMT+0000 (Greenwich Mean Time),0.0668,0.0481,0.0537,0
Mon Dec 02 2024 17:00:00 GMT+0000 (Greenwich Mean Time),0.0668,0.0481,0.0537,53479.20137515468
Mon Dec 02 2024 18:00:00 GMT+0000 (Greenwich Mean Time),0.0668,0.0481,0.0567,0
Mon Dec 02 2024 19:00:00 GMT+0000 (Greenwich Mean Time),0.0668,0.0481,0.0567,0
Mon Dec 02 2024 20:00:00 GMT+0000 (Greenwich Mean Time),0.0668,0.0481,0.0567,0
Mon Dec 02 2024 21:00:00 GMT+0000 (Greenwich Mean Time),0.0668,0.0481,0.0567,0
Mon Dec 02 2024 22:00:00 GMT+0000 (Greenwich Mean Time),0.0668,0.0481,0.0567,0
Mon Dec 02 2024 23:00:00 GMT+0000 (Greenwich Mean Time),0.0668,0.0481,0.0567,0
Tue Dec 03 2024 00:00:00 GMT+0000 (Greenwich Mean Time),0.0668,0.0515,0.0567,0
Tue Dec 03 2024 01:00:00 GMT+0000 (Greenwich Mean Time),0.0979,0.058,0.0567,0
Tue Dec 03 2024 02:00:00 GMT+0000 (Greenwich Mean Time),0.0979,0.058,0.0567,0
Tue Dec 03 2024 03:00:00 GMT+0000 (Greenwich Mean Time),0.0979,0.058,0.0567,0
Tue Dec 03 2024 04:00:00 GMT+0000 (Greenwich Mean Time),0.0979,0.058,0.0567,0
Tue Dec 03 2024 05:00:00 GMT+0000 (Greenwich Mean Time),0.0979,0.058,0.0567,0
Tue Dec 03 2024 06:00:00 GMT+0000 (Greenwich Mean Time),0.0979,0.058,0.0567,0
Tue Dec 03 2024 07:00:00 GMT+0000 (Greenwich Mean Time),0.0979,0.058,0.0567,0
Tue Dec 03 2024 08:00:00 GMT+0000 (Greenwich Mean Time),0.0979,0.058,0.0567,0
Tue Dec 03 2024 09:00:00 GMT+0000 (Greenwich Mean Time),0.0979,0.058,0.0567,0
Tue Dec 03 2024 10:00:00 GMT+0000 (Greenwich Mean Time),0.0979,0.058,0.0572,1114484.3775981017
Tue Dec 03 2024 11:00:00 GMT+0000 (Greenwich Mean Time),0.0979,0.058,0.0572,0
Tue Dec 03 2024 12:00:00 GMT+0000 (Greenwich Mean Time),0.0979,0.058,0.0572,0
Tue Dec 03 2024 13:00:00 GMT+0000 (Greenwich Mean Time),0.0979,0.058,0.0575,501289.64114959707
Tue Dec 03 2024 14:00:00 GMT+0000 (Greenwich Mean Time),0.0979,0.058,0.0575,0
Tue Dec 03 2024 15:00:00 GMT+0000 (Greenwich Mean Time),0.0979,0.058,0.0575,0
Tue Dec 03 2024 16:00:00 GMT+0000 (Greenwich Mean Time),0.0979,0.058,0.0575,0
Tue Dec 03 2024 17:00:00 GMT+0000 (Greenwich Mean Time),0.0979,0.058,0.0575,0
Tue Dec 03 2024 18:00:00 GMT+0000 (Greenwich Mean Time),0.0979,0.058,0.0575,0
Tue Dec 03 2024 19:00:00 GMT+0000 (Greenwich Mean Time),0.0979,0.058,0.0575,0
Tue Dec 03 2024 20:00:00 GMT+0000 (Greenwich Mean Time),0.0979,0.058,0.0575,0
Tue Dec 03 2024 21:00:00 GMT+0000 (Greenwich Mean Time),0.0979,0.058,0.0575,0
Tue Dec 03 2024 22:00:00 GMT+0000 (Greenwich Mean Time),0.0979,0.058,0.0575,0
Tue Dec 03 2024 23:00:00 GMT+0000 (Greenwich Mean Time),0.0979,0.058,0.0575,0
Wed Dec 04 2024 00:00:00 GMT+0000 (Greenwich Mean Time),0.0979,0.062,0.0575,0
Wed Dec 04 2024 01:00:00 GMT+0000 (Greenwich Mean Time),0.0848,0.0652,0.0575,0
Wed Dec 04 2024 02:00:00 GMT+0000 (Greenwich Mean Time),0.0848,0.0652,0.0595,4125455.452474019
Wed Dec 04 2024 03:00:00 GMT+0000 (Greenwich Mean Time),0.0848,0.0652,0.0595,0
Wed Dec 04 2024 04:00:00 GMT+0000 (Greenwich Mean Time),0.0848,0.0652,0.0595,0
Wed Dec 04 2024 05:00:00 GMT+0000 (Greenwich Mean Time),0.0848,0.0652,0.0595,0
Wed Dec 04 2024 06:00:00 GMT+0000 (Greenwich Mean Time),0.0848,0.0652,0.0595,0
Wed Dec 04 2024 07:00:00 GMT+0000 (Greenwich Mean Time),0.0848,0.0652,0.0595,0
Wed Dec 04 2024 08:00:00 GMT+0000 (Greenwich Mean Time),0.0848,0.0652,0.0595,0
Wed Dec 04 2024 09:00:00 GMT+0000 (Greenwich Mean Time),0.0848,0.0652,0.0595,0
Wed Dec 04 2024 10:00:00 GMT+0000 (Greenwich Mean Time),0.0848,0.0652,0.0595,0
Wed Dec 04 2024 11:00:00 GMT+0000 (Greenwich Mean Time),0.0848,0.0652,0.0595,0
Wed Dec 04 2024 12:00:00 GMT+0000 (Greenwich Mean Time),0.0848,0.0652,0.0595,0
Wed Dec 04 2024 13:00:00 GMT+0000 (Greenwich Mean Time),0.0848,0.0652,0.0595,0
Wed Dec 04 2024 14:00:00 GMT+0000 (Greenwich Mean Time),0.0848,0.0652,0.0595,142007.1497609254
Wed Dec 04 2024 15:00:00 GMT+0000 (Greenwich Mean Time),0.0848,0.0652,0.0595,0
Wed Dec 04 2024 16:00:00 GMT+0000 (Greenwich Mean Time),0.0848,0.0652,0.0595,0
Wed Dec 04 2024 17:00:00 GMT+0000 (Greenwich Mean Time),0.0848,0.0652,0.0595,0
Wed Dec 04 2024 18:00:00 GMT+0000 (Greenwich Mean Time),0.0848,0.0652,0.0595,0
Wed Dec 04 2024 19:00:00 GMT+0000 (Greenwich Mean Time),0.0848,0.0652,0.0595,0
Wed Dec 04 2024 20:00:00 GMT+0000 (Greenwich Mean Time),0.0848,0.0652,0.0595,0
Wed Dec 04 2024 21:00:00 GMT+0000 (Greenwich Mean Time),0.0848,0.0652,0.0595,0
Wed Dec 04 2024 22:00:00 GMT+0000 (Greenwich Mean Time),0.0848,0.0652,0.0593,3844.407737619381
Wed Dec 04 2024 23:00:00 GMT+0000 (Greenwich Mean Time),0.0848,0.0652,0.0593,0
Thu Dec 05 2024 00:00:00 GMT+0000 (Greenwich Mean Time),0.0848,0.0641,0.0593,0
Thu Dec 05 2024 01:00:00 GMT+0000 (Greenwich Mean Time),0.0595,0.0634,0.0593,0
Thu Dec 05 2024 02:00:00 GMT+0000 (Greenwich Mean Time),0.0595,0.0634,0.0593,0
Thu Dec 05 2024 03:00:00 GMT+0000 (Greenwich Mean Time),0.0595,0.0634,0.0593,0
Thu Dec 05 2024 04:00:00 GMT+0000 (Greenwich Mean Time),0.0595,0.0634,0.0593,0
Thu Dec 05 2024 05:00:00 GMT+0000 (Greenwich Mean Time),0.0595,0.0634,0.0593,0
Thu Dec 05 2024 06:00:00 GMT+0000 (Greenwich Mean Time),0.0595,0.0634,0.0593,0
Thu Dec 05 2024 07:00:00 GMT+0000 (Greenwich Mean Time),0.0595,0.0634,0.0593,0
Thu Dec 05 2024 08:00:00 GMT+0000 (Greenwich Mean Time),0.0595,0.0634,0.0593,0
Thu Dec 05 2024 09:00:00 GMT+0000 (Greenwich Mean Time),0.0595,0.0634,0.0593,0
Thu Dec 05 2024 10:00:00 GMT+0000 (Greenwich Mean Time),0.0595,0.0634,0.0593,0
Thu Dec 05 2024 11:00:00 GMT+0000 (Greenwich Mean Time),0.0595,0.0634,0.0593,0
Thu Dec 05 2024 12:00:00 GMT+0000 (Greenwich Mean Time),0.0595,0.0634,0.0593,0
Thu Dec 05 2024 13:00:00 GMT+0000 (Greenwich Mean Time),0.0595,0.0634,0.0593,0
Thu Dec 05 2024 14:00:00 GMT+0000 (Greenwich Mean Time),0.0595,0.0634,0.0593,0
Thu Dec 05 2024 15:00:00 GMT+0000 (Greenwich Mean Time),0.0595,0.0634,0.0593,0
Thu Dec 05 2024 16:00:00 GMT+0000 (Greenwich Mean Time),0.0595,0.0634,0.0593,0
Thu Dec 05 2024 17:00:00 GMT+0000 (Greenwich Mean Time),0.0595,0.0634,0.0593,0
Thu Dec 05 2024 18:00:00 GMT+0000 (Greenwich Mean Time),0.0595,0.0634,0.0593,0
Thu Dec 05 2024 19:00:00 GMT+0000 (Greenwich Mean Time),0.0595,0.0634,0.0593,0
Thu Dec 05 2024 20:00:00 GMT+0000 (Greenwich Mean Time),0.0595,0.0634,0.0593,0
Thu Dec 05 2024 21:00:00 GMT+0000 (Greenwich Mean Time),0.0595,0.0634,0.0593,0
Thu Dec 05 2024 22:00:00 GMT+0000 (Greenwich Mean Time),0.0595,0.0634,0.0593,0
Thu Dec 05 2024 23:00:00 GMT+0000 (Greenwich Mean Time),0.0595,0.0634,0.0593,0
Fri Dec 06 2024 00:00:00 GMT+0000 (Greenwich Mean Time),0.0595,0.0634,0.0593,0
Fri Dec 06 2024 01:00:00 GMT+0000 (Greenwich Mean Time),0.0287,0.058,0.0593,0
Fri Dec 06 2024 02:00:00 GMT+0000 (Greenwich Mean Time),0.0287,0.058,0.0593,0
Fri Dec 06 2024 03:00:00 GMT+0000 (Greenwich Mean Time),0.0287,0.058,0.0593,0
Fri Dec 06 2024 04:00:00 GMT+0000 (Greenwich Mean Time),0.0287,0.058,0.0593,0
Fri Dec 06 2024 05:00:00 GMT+0000 (Greenwich Mean Time),0.0287,0.058,0.0593,0
Fri Dec 06 2024 06:00:00 GMT+0000 (Greenwich Mean Time),0.0287,0.058,0.0593,0
Fri Dec 06 2024 07:00:00 GMT+0000 (Greenwich Mean Time),0.0287,0.058,0.0593,0
Fri Dec 06 2024 08:00:00 GMT+0000 (Greenwich Mean Time),0.0287,0.058,0.0593,0
Fri Dec 06 2024 09:00:00 GMT+0000 (Greenwich Mean Time),0.0287,0.058,0.0593,0
Fri Dec 06 2024 10:00:00 GMT+0000 (Greenwich Mean Time),0.0287,0.058,0.0593,0
Fri Dec 06 2024 11:00:00 GMT+0000 (Greenwich Mean Time),0.0287,0.058,0.0593,0
Fri Dec 06 2024 12:00:00 GMT+0000 (Greenwich Mean Time),0.0287,0.058,0.0593,0
Fri Dec 06 2024 13:00:00 GMT+0000 (Greenwich Mean Time),0.0287,0.058,0.0593,0
Fri Dec 06 2024 14:00:00 GMT+0000 (Greenwich Mean Time),0.0287,0.058,0.0593,0
Fri Dec 06 2024 15:00:00 GMT+0000 (Greenwich Mean Time),0.0287,0.058,0.0593,0
Fri Dec 06 2024 16:00:00 GMT+0000 (Greenwich Mean Time),0.0287,0.058,0.0593,0
Fri Dec 06 2024 17:00:00 GMT+0000 (Greenwich Mean Time),0.0287,0.058,0.0593,0
Fri Dec 06 2024 18:00:00 GMT+0000 (Greenwich Mean Time),0.0287,0.058,0.0593,0
Fri Dec 06 2024 19:00:00 GMT+0000 (Greenwich Mean Time),0.0287,0.058,0.0593,0
Fri Dec 06 2024 20:00:00 GMT+0000 (Greenwich Mean Time),0.0287,0.058,0.0593,0
Fri Dec 06 2024 21:00:00 GMT+0000 (Greenwich Mean Time),0.0287,0.058,0.0593,0
Fri Dec 06 2024 22:00:00 GMT+0000 (Greenwich Mean Time),0.0287,0.058,0.0593,0
Fri Dec 06 2024 23:00:00 GMT+0000 (Greenwich Mean Time),0.0287,0.058,0.0593,0
Sat Dec 07 2024 00:00:00 GMT+0000 (Greenwich Mean Time),0.0287,0.058,0.0593,0
Sat Dec 07 2024 01:00:00 GMT+0000 (Greenwich Mean Time),0,0.058,0.0593,0
Sat Dec 07 2024 02:00:00 GMT+0000 (Greenwich Mean Time),0.0451,0.0562,0.0593,0
Sat Dec 07 2024 03:00:00 GMT+0000 (Greenwich Mean Time),0.0451,0.0562,0.0595,237585.85523744565
Sat Dec 07 2024 04:00:00 GMT+0000 (Greenwich Mean Time),0.0451,0.0562,0.0595,0
Sat Dec 07 2024 05:00:00 GMT+0000 (Greenwich Mean Time),0.0451,0.0562,0.0595,0
Sat Dec 07 2024 06:00:00 GMT+0000 (Greenwich Mean Time),0.0451,0.0562,0.0595,0
Sat Dec 07 2024 07:00:00 GMT+0000 (Greenwich Mean Time),0.0451,0.0562,0.0595,0
Sat Dec 07 2024 08:00:00 GMT+0000 (Greenwich Mean Time),0.0451,0.0562,0.0595,0
Sat Dec 07 2024 09:00:00 GMT+0000 (Greenwich Mean Time),0.0451,0.0562,0.0595,0
Sat Dec 07 2024 10:00:00 GMT+0000 (Greenwich Mean Time),0.0451,0.0562,0.0595,0
Sat Dec 07 2024 11:00:00 GMT+0000 (Greenwich Mean Time),0.0451,0.0562,0.0595,0
Sat Dec 07 2024 12:00:00 GMT+0000 (Greenwich Mean Time),0.0451,0.0562,0.0595,0
Sat Dec 07 2024 13:00:00 GMT+0000 (Greenwich Mean Time),0.0451,0.0562,0.0595,20557.11017635514
Sat Dec 07 2024 14:00:00 GMT+0000 (Greenwich Mean Time),0.0451,0.0562,0.0596,95766.13014136716
Sat Dec 07 2024 15:00:00 GMT+0000 (Greenwich Mean Time),0.0451,0.0562,0.0596,0
Sat Dec 07 2024 16:00:00 GMT+0000 (Greenwich Mean Time),0.0451,0.0562,0.0596,0
Sat Dec 07 2024 17:00:00 GMT+0000 (Greenwich Mean Time),0.0451,0.0562,0.0596,0
Sat Dec 07 2024 18:00:00 GMT+0000 (Greenwich Mean Time),0.0451,0.0562,0.0596,0
Sat Dec 07 2024 19:00:00 GMT+0000 (Greenwich Mean Time),0.0451,0.0562,0.0596,0
Sat Dec 07 2024 20:00:00 GMT+0000 (Greenwich Mean Time),0.0451,0.0562,0.0596,0
Sat Dec 07 2024 21:00:00 GMT+0000 (Greenwich Mean Time),0.0451,0.0562,0.0596,0
Sat Dec 07 2024 22:00:00 GMT+0000 (Greenwich Mean Time),0.0451,0.0562,0.0596,0
Sat Dec 07 2024 23:00:00 GMT+0000 (Greenwich Mean Time),0.0451,0.0562,0.0598,3886.206727415178
Sun Dec 08 2024 00:00:00 GMT+0000 (Greenwich Mean Time),0.0451,0.0562,0.0598,0
Sun Dec 08 2024 01:00:00 GMT+0000 (Greenwich Mean Time),0.0451,0.0635,0.0604,1104882.6091720243
Sun Dec 08 2024 02:00:00 GMT+0000 (Greenwich Mean Time),0.0167,0.0567,0.0605,315655.0469512424
Sun Dec 08 2024 03:00:00 GMT+0000 (Greenwich Mean Time),0.0167,0.0567,0.0605,0
Sun Dec 08 2024 04:00:00 GMT+0000 (Greenwich Mean Time),0.0167,0.0567,0.0605,0
Sun Dec 08 2024 05:00:00 GMT+0000 (Greenwich Mean Time),0.0167,0.0567,0.054,344380.986072337
Sun Dec 08 2024 06:00:00 GMT+0000 (Greenwich Mean Time),0.0167,0.0567,0.054,0
Sun Dec 08 2024 07:00:00 GMT+0000 (Greenwich Mean Time),0.0167,0.0567,0.054,0
Sun Dec 08 2024 08:00:00 GMT+0000 (Greenwich Mean Time),0.0167,0.0567,0.054,0
Sun Dec 08 2024 09:00:00 GMT+0000 (Greenwich Mean Time),0.0167,0.0567,0.054,12736.815226170853
Sun Dec 08 2024 10:00:00 GMT+0000 (Greenwich Mean Time),0.0167,0.0567,0.0539,2357.1830684282677
Sun Dec 08 2024 11:00:00 GMT+0000 (Greenwich Mean Time),0.0167,0.0567,0.0539,0
Sun Dec 08 2024 12:00:00 GMT+0000 (Greenwich Mean Time),0.0167,0.0567,0.0539,0
Sun Dec 08 2024 13:00:00 GMT+0000 (Greenwich Mean Time),0.0167,0.0567,0.0539,0
Sun Dec 08 2024 14:00:00 GMT+0000 (Greenwich Mean Time),0.0167,0.0567,0.0539,0
Sun Dec 08 2024 15:00:00 GMT+0000 (Greenwich Mean Time),0.0167,0.0567,0.0539,0
Sun Dec 08 2024 16:00:00 GMT+0000 (Greenwich Mean Time),0.0167,0.0567,0.0539,810.7062364766027
Sun Dec 08 2024 17:00:00 GMT+0000 (Greenwich Mean Time),0.0167,0.0567,0.0539,0
Sun Dec 08 2024 18:00:00 GMT+0000 (Greenwich Mean Time),0.0167,0.0567,0.0539,0
Sun Dec 08 2024 19:00:00 GMT+0000 (Greenwich Mean Time),0.0167,0.0567,0.0539,0
Sun Dec 08 2024 20:00:00 GMT+0000 (Greenwich Mean Time),0.0167,0.0567,0.0539,0
Sun Dec 08 2024 21:00:00 GMT+0000 (Greenwich Mean Time),0.0167,0.0567,0.0539,0
Sun Dec 08 2024 22:00:00 GMT+0000 (Greenwich Mean Time),0.0167,0.0567,0.0539,0
Sun Dec 08 2024 23:00:00 GMT+0000 (Greenwich Mean Time),0.0167,0.0567,0.0539,0
Mon Dec 09 2024 00:00:00 GMT+0000 (Greenwich Mean Time),0.0167,0.0567,0.0539,0
Mon Dec 09 2024 01:00:00 GMT+0000 (Greenwich Mean Time),0.0167,0.0551,0.0539,0
Mon Dec 09 2024 02:00:00 GMT+0000 (Greenwich Mean Time),0.004,0.0476,0.0539,0
Mon Dec 09 2024 03:00:00 GMT+0000 (Greenwich Mean Time),0.004,0.0476,0.0539,0
Mon Dec 09 2024 04:00:00 GMT+0000 (Greenwich Mean Time),0.004,0.0476,0.0539,0
Mon Dec 09 2024 05:00:00 GMT+0000 (Greenwich Mean Time),0.004,0.0476,0.0539,0
Mon Dec 09 2024 06:00:00 GMT+0000 (Greenwich Mean Time),0.004,0.0476,0.0539,0
Mon Dec 09 2024 07:00:00 GMT+0000 (Greenwich Mean Time),0.004,0.0476,0.054,1107.9372631826752
Mon Dec 09 2024 08:00:00 GMT+0000 (Greenwich Mean Time),0.004,0.0476,0.054,0
Mon Dec 09 2024 09:00:00 GMT+0000 (Greenwich Mean Time),0.004,0.0476,0.054,0
Mon Dec 09 2024 10:00:00 GMT+0000 (Greenwich Mean Time),0.004,0.0476,0.054,0
Mon Dec 09 2024 11:00:00 GMT+0000 (Greenwich Mean Time),0.004,0.0476,0.054,0
Mon Dec 09 2024 12:00:00 GMT+0000 (Greenwich Mean Time),0.004,0.0476,0.054,0
Mon Dec 09 2024 13:00:00 GMT+0000 (Greenwich Mean Time),0.004,0.0476,0.054,0
Mon Dec 09 2024 14:00:00 GMT+0000 (Greenwich Mean Time),0.004,0.0476,0.054,0
Mon Dec 09 2024 15:00:00 GMT+0000 (Greenwich Mean Time),0.004,0.0476,0.054,0
Mon Dec 09 2024 16:00:00 GMT+0000 (Greenwich Mean Time),0.004,0.0476,0.054,0
Mon Dec 09 2024 17:00:00 GMT+0000 (Greenwich Mean Time),0.004,0.0476,0.054,0
Mon Dec 09 2024 18:00:00 GMT+0000 (Greenwich Mean Time),0.004,0.0476,0.058,76605.21257230669
Mon Dec 09 2024 19:00:00 GMT+0000 (Greenwich Mean Time),0.004,0.0476,0.058,0
Mon Dec 09 2024 20:00:00 GMT+0000 (Greenwich Mean Time),0.004,0.0476,0.058,0
Mon Dec 09 2024 21:00:00 GMT+0000 (Greenwich Mean Time),0.004,0.0476,0.058,0
Mon Dec 09 2024 22:00:00 GMT+0000 (Greenwich Mean Time),0.004,0.0476,0.058,0
Mon Dec 09 2024 23:00:00 GMT+0000 (Greenwich Mean Time),0.004,0.0476,0.058,0
Tue Dec 10 2024 00:00:00 GMT+0000 (Greenwich Mean Time),0.004,0.0476,0.058,0
Tue Dec 10 2024 01:00:00 GMT+0000 (Greenwich Mean Time),0.004,0.0395,0.058,0
Tue Dec 10 2024 02:00:00 GMT+0000 (Greenwich Mean Time),0.038,0.0392,0.058,0
Tue Dec 10 2024 03:00:00 GMT+0000 (Greenwich Mean Time),0.038,0.0392,0.058,0
Tue Dec 10 2024 04:00:00 GMT+0000 (Greenwich Mean Time),0.038,0.0392,0.058,0
Tue Dec 10 2024 05:00:00 GMT+0000 (Greenwich Mean Time),0.038,0.0392,0.058,0
Tue Dec 10 2024 06:00:00 GMT+0000 (Greenwich Mean Time),0.038,0.0392,0.058,0
Tue Dec 10 2024 07:00:00 GMT+0000 (Greenwich Mean Time),0.038,0.0392,0.058,31302.20415853789
Tue Dec 10 2024 08:00:00 GMT+0000 (Greenwich Mean Time),0.038,0.0392,0.0597,0
Tue Dec 10 2024 09:00:00 GMT+0000 (Greenwich Mean Time),0.038,0.0392,0.0597,0
Tue Dec 10 2024 10:00:00 GMT+0000 (Greenwich Mean Time),0.038,0.0392,0.0597,0
Tue Dec 10 2024 11:00:00 GMT+0000 (Greenwich Mean Time),0.038,0.0392,0.0597,117.85466746329439
Tue Dec 10 2024 12:00:00 GMT+0000 (Greenwich Mean Time),0.038,0.0392,0.0597,0
Tue Dec 10 2024 13:00:00 GMT+0000 (Greenwich Mean Time),0.038,0.0392,0.0597,0
Tue Dec 10 2024 14:00:00 GMT+0000 (Greenwich Mean Time),0.038,0.0392,0.0597,0
Tue Dec 10 2024 15:00:00 GMT+0000 (Greenwich Mean Time),0.038,0.0392,0.0597,0
Tue Dec 10 2024 16:00:00 GMT+0000 (Greenwich Mean Time),0.038,0.0392,0.0597,0
Tue Dec 10 2024 17:00:00 GMT+0000 (Greenwich Mean Time),0.038,0.0392,0.0597,0
Tue Dec 10 2024 18:00:00 GMT+0000 (Greenwich Mean Time),0.038,0.0392,0.0597,0
Tue Dec 10 2024 19:00:00 GMT+0000 (Greenwich Mean Time),0.038,0.0392,0.0597,0
Tue Dec 10 2024 20:00:00 GMT+0000 (Greenwich Mean Time),0.038,0.0392,0.0597,0
Tue Dec 10 2024 21:00:00 GMT+0000 (Greenwich Mean Time),0.038,0.0392,0.0597,0
Tue Dec 10 2024 22:00:00 GMT+0000 (Greenwich Mean Time),0.038,0.0392,0.0597,0
Tue Dec 10 2024 23:00:00 GMT+0000 (Greenwich Mean Time),0.038,0.0392,0.0597,0
Wed Dec 11 2024 00:00:00 GMT+0000 (Greenwich Mean Time),0.038,0.0392,0.0597,0
Wed Dec 11 2024 01:00:00 GMT+0000 (Greenwich Mean Time),0.038,0.0318,0.0597,0
Wed Dec 11 2024 02:00:00 GMT+0000 (Greenwich Mean Time),0,0.0318,0.0597,0
Wed Dec 11 2024 03:00:00 GMT+0000 (Greenwich Mean Time),0,0.0318,0.0597,0
Wed Dec 11 2024 04:00:00 GMT+0000 (Greenwich Mean Time),0,0.0318,0.0597,0
Wed Dec 11 2024 05:00:00 GMT+0000 (Greenwich Mean Time),0,0.0318,0.0597,0
Wed Dec 11 2024 06:00:00 GMT+0000 (Greenwich Mean Time),0,0.0318,0.0597,0
Wed Dec 11 2024 07:00:00 GMT+0000 (Greenwich Mean Time),0,0.0318,0.0597,0
Wed Dec 11 2024 08:00:00 GMT+0000 (Greenwich Mean Time),0,0.0318,0.0597,0
Wed Dec 11 2024 09:00:00 GMT+0000 (Greenwich Mean Time),0,0.0318,0.0597,0
Wed Dec 11 2024 10:00:00 GMT+0000 (Greenwich Mean Time),0,0.0318,0.0597,0
Wed Dec 11 2024 11:00:00 GMT+0000 (Greenwich Mean Time),0,0.0318,0.0597,0
Wed Dec 11 2024 12:00:00 GMT+0000 (Greenwich Mean Time),0,0.0318,0.0597,0
Wed Dec 11 2024 13:00:00 GMT+0000 (Greenwich Mean Time),0,0.0318,0.0597,0
Wed Dec 11 2024 14:00:00 GMT+0000 (Greenwich Mean Time),0,0.0318,0.0597,0
Wed Dec 11 2024 15:00:00 GMT+0000 (Greenwich Mean Time),0,0.0318,0.0597,0
Wed Dec 11 2024 16:00:00 GMT+0000 (Greenwich Mean Time),0,0.0318,0.0597,0
Wed Dec 11 2024 17:00:00 GMT+0000 (Greenwich Mean Time),0,0.0318,0.0597,0
Wed Dec 11 2024 18:00:00 GMT+0000 (Greenwich Mean Time),0,0.0318,0.0597,0
Wed Dec 11 2024 19:00:00 GMT+0000 (Greenwich Mean Time),0,0.0318,0.0597,0
Wed Dec 11 2024 20:00:00 GMT+0000 (Greenwich Mean Time),0,0.0318,0.0597,0
Wed Dec 11 2024 21:00:00 GMT+0000 (Greenwich Mean Time),0,0.0318,0.0597,0
Wed Dec 11 2024 22:00:00 GMT+0000 (Greenwich Mean Time),0,0.0318,0.0607,18715.9195986577
Wed Dec 11 2024 23:00:00 GMT+0000 (Greenwich Mean Time),0,0.0318,0.0607,0
Thu Dec 12 2024 00:00:00 GMT+0000 (Greenwich Mean Time),0,0.0318,0.0607,0
Thu Dec 12 2024 01:00:00 GMT+0000 (Greenwich Mean Time),0,0.0264,0.0607,0
Thu Dec 12 2024 02:00:00 GMT+0000 (Greenwich Mean Time),0,0.0264,0.0607,0
Thu Dec 12 2024 03:00:00 GMT+0000 (Greenwich Mean Time),0,0.0264,0.0607,0
Thu Dec 12 2024 04:00:00 GMT+0000 (Greenwich Mean Time),0,0.0264,0.0607,0
Thu Dec 12 2024 05:00:00 GMT+0000 (Greenwich Mean Time),0,0.0264,0.0607,0
Thu Dec 12 2024 06:00:00 GMT+0000 (Greenwich Mean Time),0,0.0264,0.0607,0
Thu Dec 12 2024 07:00:00 GMT+0000 (Greenwich Mean Time),0,0.0264,0.0607,0
Thu Dec 12 2024 08:00:00 GMT+0000 (Greenwich Mean Time),0,0.0264,0.0607,0
Thu Dec 12 2024 09:00:00 GMT+0000 (Greenwich Mean Time),0,0.0264,0.0607,0
Thu Dec 12 2024 10:00:00 GMT+0000 (Greenwich Mean Time),0,0.0264,0.0607,29.826538272254687
Thu Dec 12 2024 11:00:00 GMT+0000 (Greenwich Mean Time),0,0.0264,0.0607,0
Thu Dec 12 2024 12:00:00 GMT+0000 (Greenwich Mean Time),0,0.0264,0.0607,0
Thu Dec 12 2024 13:00:00 GMT+0000 (Greenwich Mean Time),0,0.0264,0.0607,0
Thu Dec 12 2024 14:00:00 GMT+0000 (Greenwich Mean Time),0,0.0264,0.0607,0
Thu Dec 12 2024 15:00:00 GMT+0000 (Greenwich Mean Time),0,0.0264,0.0608,202433.14466168842
Thu Dec 12 2024 16:00:00 GMT+0000 (Greenwich Mean Time),0,0.0264,0.0608,0
Thu Dec 12 2024 17:00:00 GMT+0000 (Greenwich Mean Time),0,0.0264,0.0608,0
Thu Dec 12 2024 18:00:00 GMT+0000 (Greenwich Mean Time),0,0.0264,0.0608,0
Thu Dec 12 2024 19:00:00 GMT+0000 (Greenwich Mean Time),0,0.0264,0.0608,0
Thu Dec 12 2024 20:00:00 GMT+0000 (Greenwich Mean Time),0,0.0264,0.0608,0
Thu Dec 12 2024 21:00:00 GMT+0000 (Greenwich Mean Time),0,0.0264,0.0608,0
Thu Dec 12 2024 22:00:00 GMT+0000 (Greenwich Mean Time),0,0.0264,0.0608,0
Thu Dec 12 2024 23:00:00 GMT+0000 (Greenwich Mean Time),0,0.0264,0.0608,0
Fri Dec 13 2024 00:00:00 GMT+0000 (Greenwich Mean Time),0,0.0264,0.0608,0
Fri Dec 13 2024 01:00:00 GMT+0000 (Greenwich Mean Time),0,0.0258,0.0608,0
Fri Dec 13 2024 02:00:00 GMT+0000 (Greenwich Mean Time),0,0.0258,0.0608,0
Fri Dec 13 2024 03:00:00 GMT+0000 (Greenwich Mean Time),0,0.0258,0.0609,2701.070541660496
Fri Dec 13 2024 04:00:00 GMT+0000 (Greenwich Mean Time),0,0.0258,0.0609,0
Fri Dec 13 2024 05:00:00 GMT+0000 (Greenwich Mean Time),0,0.0258,0.0609,0
Fri Dec 13 2024 06:00:00 GMT+0000 (Greenwich Mean Time),0,0.0258,0.0609,0
Fri Dec 13 2024 07:00:00 GMT+0000 (Greenwich Mean Time),0,0.0258,0.0609,0
Fri Dec 13 2024 08:00:00 GMT+0000 (Greenwich Mean Time),0,0.0258,0.0609,0
Fri Dec 13 2024 09:00:00 GMT+0000 (Greenwich Mean Time),0,0.0258,0.0609,0
Fri Dec 13 2024 10:00:00 GMT+0000 (Greenwich Mean Time),0,0.0258,0.0609,0
Fri Dec 13 2024 11:00:00 GMT+0000 (Greenwich Mean Time),0,0.0258,0.0609,0
Fri Dec 13 2024 12:00:00 GMT+0000 (Greenwich Mean Time),0,0.0258,0.0609,0
Fri Dec 13 2024 13:00:00 GMT+0000 (Greenwich Mean Time),0,0.0258,0.0609,0
Fri Dec 13 2024 14:00:00 GMT+0000 (Greenwich Mean Time),0,0.0258,0.0609,0
Fri Dec 13 2024 15:00:00 GMT+0000 (Greenwich Mean Time),0,0.0258,0.0609,0
Fri Dec 13 2024 16:00:00 GMT+0000 (Greenwich Mean Time),0,0.0258,0.0609,0
Fri Dec 13 2024 17:00:00 GMT+0000 (Greenwich Mean Time),0,0.0258,0.0609,0
Fri Dec 13 2024 18:00:00 GMT+0000 (Greenwich Mean Time),0,0.0258,0.0609,0
Fri Dec 13 2024 19:00:00 GMT+0000 (Greenwich Mean Time),0,0.0258,0.0609,0
Fri Dec 13 2024 20:00:00 GMT+0000 (Greenwich Mean Time),0,0.0258,0.0609,0
Fri Dec 13 2024 21:00:00 GMT+0000 (Greenwich Mean Time),0,0.0258,0.0609,0
Fri Dec 13 2024 22:00:00 GMT+0000 (Greenwich Mean Time),0,0.0258,0.0609,0
Fri Dec 13 2024 23:00:00 GMT+0000 (Greenwich Mean Time),0,0.0258,0.0609,0
Sat Dec 14 2024 00:00:00 GMT+0000 (Greenwich Mean Time),0,0.0258,0.0609,0
Sat Dec 14 2024 01:00:00 GMT+0000 (Greenwich Mean Time),0.0008,0.0133,0.061,136.28883660915727
Sat Dec 14 2024 02:00:00 GMT+0000 (Greenwich Mean Time),0.0008,0.0088,0.061,0
Sat Dec 14 2024 03:00:00 GMT+0000 (Greenwich Mean Time),0.0008,0.0088,0.061,0
Sat Dec 14 2024 04:00:00 GMT+0000 (Greenwich Mean Time),0.0008,0.0088,0.061,0
Sat Dec 14 2024 05:00:00 GMT+0000 (Greenwich Mean Time),0.0008,0.0088,0.061,0
Sat Dec 14 2024 06:00:00 GMT+0000 (Greenwich Mean Time),0.0008,0.0088,0.061,0
Sat Dec 14 2024 07:00:00 GMT+0000 (Greenwich Mean Time),0.0008,0.0088,0.061,0
Sat Dec 14 2024 08:00:00 GMT+0000 (Greenwich Mean Time),0.0008,0.0088,0.061,63131.206030726484
Sat Dec 14 2024 09:00:00 GMT+0000 (Greenwich Mean Time),0.0008,0.0088,0.061,0
Sat Dec 14 2024 10:00:00 GMT+0000 (Greenwich Mean Time),0.0008,0.0088,0.061,106947.83950494217
Sat Dec 14 2024 11:00:00 GMT+0000 (Greenwich Mean Time),0.0008,0.0088,0.061,0
Sat Dec 14 2024 12:00:00 GMT+0000 (Greenwich Mean Time),0.0008,0.0088,0.061,0
Sat Dec 14 2024 13:00:00 GMT+0000 (Greenwich Mean Time),0.0008,0.0088,0.061,0
Sat Dec 14 2024 14:00:00 GMT+0000 (Greenwich Mean Time),0.0008,0.0088,0.061,0
Sat Dec 14 2024 15:00:00 GMT+0000 (Greenwich Mean Time),0.0008,0.0088,0.061,0
Sat Dec 14 2024 16:00:00 GMT+0000 (Greenwich Mean Time),0.0008,0.0088,0.061,0
Sat Dec 14 2024 17:00:00 GMT+0000 (Greenwich Mean Time),0.0008,0.0088,0.061,21114.47059375538
Sat Dec 14 2024 18:00:00 GMT+0000 (Greenwich Mean Time),0.0008,0.0088,0.0621,0
Sat Dec 14 2024 19:00:00 GMT+0000 (Greenwich Mean Time),0.0008,0.0088,0.0621,0
Sat Dec 14 2024 20:00:00 GMT+0000 (Greenwich Mean Time),0.0008,0.0088,0.0621,7.0564847344412325
Sat Dec 14 2024 21:00:00 GMT+0000 (Greenwich Mean Time),0.0008,0.0088,0.0621,0
Sat Dec 14 2024 22:00:00 GMT+0000 (Greenwich Mean Time),0.0008,0.0088,0.0621,15.013068210865384
Sat Dec 14 2024 23:00:00 GMT+0000 (Greenwich Mean Time),0.0008,0.0088,0.0621,0
Sun Dec 15 2024 00:00:00 GMT+0000 (Greenwich Mean Time),0.0008,0.0088,0.0621,0
Sun Dec 15 2024 01:00:00 GMT+0000 (Greenwich Mean Time),0,0.0088,0.0621,0
Sun Dec 15 2024 02:00:00 GMT+0000 (Greenwich Mean Time),0.0131,0.0083,0.0621,0
Sun Dec 15 2024 03:00:00 GMT+0000 (Greenwich Mean Time),0.0131,0.0083,0.0621,0
Sun Dec 15 2024 04:00:00 GMT+0000 (Greenwich Mean Time),0.0131,0.0083,0.0621,0
Sun Dec 15 2024 05:00:00 GMT+0000 (Greenwich Mean Time),0.0131,0.0083,0.0621,0
Sun Dec 15 2024 06:00:00 GMT+0000 (Greenwich Mean Time),0.0131,0.0083,0.0611,20213.560691691855
Sun Dec 15 2024 07:00:00 GMT+0000 (Greenwich Mean Time),0.0131,0.0083,0.0611,0
Sun Dec 15 2024 08:00:00 GMT+0000 (Greenwich Mean Time),0.0131,0.0083,0.0611,0
Sun Dec 15 2024 09:00:00 GMT+0000 (Greenwich Mean Time),0.0131,0.0083,0.0612,1367.1253676779163
Sun Dec 15 2024 10:00:00 GMT+0000 (Greenwich Mean Time),0.0131,0.0083,0.0612,0
Sun Dec 15 2024 11:00:00 GMT+0000 (Greenwich Mean Time),0.0131,0.0083,0.0605,12148.433249920947
Sun Dec 15 2024 12:00:00 GMT+0000 (Greenwich Mean Time),0.0131,0.0083,0.0605,0
Sun Dec 15 2024 13:00:00 GMT+0000 (Greenwich Mean Time),0.0131,0.0083,0.0605,0
Sun Dec 15 2024 14:00:00 GMT+0000 (Greenwich Mean Time),0.0131,0.0083,0.0605,0
Sun Dec 15 2024 15:00:00 GMT+0000 (Greenwich Mean Time),0.0131,0.0083,0.0605,0
Sun Dec 15 2024 16:00:00 GMT+0000 (Greenwich Mean Time),0.0131,0.0083,0.0605,0
Sun Dec 15 2024 17:00:00 GMT+0000 (Greenwich Mean Time),0.0131,0.0083,0.0605,0
Sun Dec 15 2024 18:00:00 GMT+0000 (Greenwich Mean Time),0.0131,0.0083,0.0605,0
Sun Dec 15 2024 19:00:00 GMT+0000 (Greenwich Mean Time),0.0131,0.0083,0.0605,0
Sun Dec 15 2024 20:00:00 GMT+0000 (Greenwich Mean Time),0.0131,0.0083,0.0605,0
Sun Dec 15 2024 21:00:00 GMT+0000 (Greenwich Mean Time),0.0131,0.0083,0.0605,0
Sun Dec 15 2024 22:00:00 GMT+0000 (Greenwich Mean Time),0.0131,0.0083,0.0605,0
Sun Dec 15 2024 23:00:00 GMT+0000 (Greenwich Mean Time),0.0131,0.0083,0.0605,0
Mon Dec 16 2024 00:00:00 GMT+0000 (Greenwich Mean Time),0.0131,0.0083,0.0605,0
Mon Dec 16 2024 01:00:00 GMT+0000 (Greenwich Mean Time),0,0.0083,0.0605,0
Mon Dec 16 2024 02:00:00 GMT+0000 (Greenwich Mean Time),0.0623,0.0165,0.0605,0
Mon Dec 16 2024 03:00:00 GMT+0000 (Greenwich Mean Time),0.0623,0.0165,0.0604,1670.1345276387622
Mon Dec 16 2024 04:00:00 GMT+0000 (Greenwich Mean Time),0.0623,0.0165,0.0604,0
Mon Dec 16 2024 05:00:00 GMT+0000 (Greenwich Mean Time),0.0623,0.0165,0.0622,32158.602340007637
Mon Dec 16 2024 06:00:00 GMT+0000 (Greenwich Mean Time),0.0623,0.0165,0.0622,0
Mon Dec 16 2024 07:00:00 GMT+0000 (Greenwich Mean Time),0.0623,0.0165,0.0622,0
Mon Dec 16 2024 08:00:00 GMT+0000 (Greenwich Mean Time),0.0623,0.0165,0.0622,1446.6347080222347
Mon Dec 16 2024 09:00:00 GMT+0000 (Greenwich Mean Time),0.0623,0.0165,0.0622,0
Mon Dec 16 2024 10:00:00 GMT+0000 (Greenwich Mean Time),0.0623,0.0165,0.0622,0
Mon Dec 16 2024 11:00:00 GMT+0000 (Greenwich Mean Time),0.0623,0.0165,0.0622,0
Mon Dec 16 2024 12:00:00 GMT+0000 (Greenwich Mean Time),0.0623,0.0165,0.0622,0
Mon Dec 16 2024 13:00:00 GMT+0000 (Greenwich Mean Time),0.0623,0.0165,0.0622,0
Mon Dec 16 2024 14:00:00 GMT+0000 (Greenwich Mean Time),0.0623,0.0165,0.0622,0
Mon Dec 16 2024 15:00:00 GMT+0000 (Greenwich Mean Time),0.0623,0.0165,0.0622,0
Mon Dec 16 2024 16:00:00 GMT+0000 (Greenwich Mean Time),0.0623,0.0165,0.0622,0
Mon Dec 16 2024 17:00:00 GMT+0000 (Greenwich Mean Time),0.0623,0.0165,0.0622,0
Mon Dec 16 2024 18:00:00 GMT+0000 (Greenwich Mean Time),0.0623,0.0165,0.0625,4743.19303911624
Mon Dec 16 2024 19:00:00 GMT+0000 (Greenwich Mean Time),0.0623,0.0165,0.0625,0
Mon Dec 16 2024 20:00:00 GMT+0000 (Greenwich Mean Time),0.0623,0.0165,0.0627,474960.90724033455
Mon Dec 16 2024 21:00:00 GMT+0000 (Greenwich Mean Time),0.0623,0.0165,0.0627,0
Mon Dec 16 2024 22:00:00 GMT+0000 (Greenwich Mean Time),0.0623,0.0165,0.0627,0
Mon Dec 16 2024 23:00:00 GMT+0000 (Greenwich Mean Time),0.0623,0.0165,0.0627,0
Tue Dec 17 2024 00:00:00 GMT+0000 (Greenwich Mean Time),0.0623,0.0165,0.0627,0
Tue Dec 17 2024 01:00:00 GMT+0000 (Greenwich Mean Time),0.0623,0.0165,0.0627,0
Tue Dec 17 2024 02:00:00 GMT+0000 (Greenwich Mean Time),0.0606,0.0197,0.0627,0
Tue Dec 17 2024 03:00:00 GMT+0000 (Greenwich Mean Time),0.0606,0.0197,0.0627,0
Tue Dec 17 2024 04:00:00 GMT+0000 (Greenwich Mean Time),0.0606,0.0197,0.0627,0
Tue Dec 17 2024 05:00:00 GMT+0000 (Greenwich Mean Time),0.0606,0.0197,0.0627,0
Tue Dec 17 2024 06:00:00 GMT+0000 (Greenwich Mean Time),0.0606,0.0197,0.0627,0
Tue Dec 17 2024 07:00:00 GMT+0000 (Greenwich Mean Time),0.0606,0.0197,0.0627,0
Tue Dec 17 2024 08:00:00 GMT+0000 (Greenwich Mean Time),0.0606,0.0197,0.0627,0
Tue Dec 17 2024 09:00:00 GMT+0000 (Greenwich Mean Time),0.0606,0.0197,0.0627,0
Tue Dec 17 2024 10:00:00 GMT+0000 (Greenwich Mean Time),0.0606,0.0197,0.0627,0
Tue Dec 17 2024 11:00:00 GMT+0000 (Greenwich Mean Time),0.0606,0.0197,0.0629,2999.9051710159856
Tue Dec 17 2024 12:00:00 GMT+0000 (Greenwich Mean Time),0.0606,0.0197,0.0629,0
Tue Dec 17 2024 13:00:00 GMT+0000 (Greenwich Mean Time),0.0606,0.0197,0.063,222798.2379830626
Tue Dec 17 2024 14:00:00 GMT+0000 (Greenwich Mean Time),0.0606,0.0197,0.063,0
Tue Dec 17 2024 15:00:00 GMT+0000 (Greenwich Mean Time),0.0606,0.0197,0.063,0
Tue Dec 17 2024 16:00:00 GMT+0000 (Greenwich Mean Time),0.0606,0.0197,0.063,0
Tue Dec 17 2024 17:00:00 GMT+0000 (Greenwich Mean Time),0.0606,0.0197,0.063,0
Tue Dec 17 2024 18:00:00 GMT+0000 (Greenwich Mean Time),0.0606,0.0197,0.063,0
Tue Dec 17 2024 19:00:00 GMT+0000 (Greenwich Mean Time),0.0606,0.0197,0.063,97.41917447895841
Tue Dec 17 2024 20:00:00 GMT+0000 (Greenwich Mean Time),0.0606,0.0197,0.063,0
Tue Dec 17 2024 21:00:00 GMT+0000 (Greenwich Mean Time),0.0606,0.0197,0.063,0
Tue Dec 17 2024 22:00:00 GMT+0000 (Greenwich Mean Time),0.0606,0.0197,0.063,0
Tue Dec 17 2024 23:00:00 GMT+0000 (Greenwich Mean Time),0.0606,0.0197,0.063,0
Wed Dec 18 2024 00:00:00 GMT+0000 (Greenwich Mean Time),0.0606,0.0197,0.063,287.18321689171523
Wed Dec 18 2024 01:00:00 GMT+0000 (Greenwich Mean Time),0.0606,0.0197,0.063,0
Wed Dec 18 2024 02:00:00 GMT+0000 (Greenwich Mean Time),0.0269,0.0206,0.063,0
Wed Dec 18 2024 03:00:00 GMT+0000 (Greenwich Mean Time),0.0269,0.0206,0.063,0
Wed Dec 18 2024 04:00:00 GMT+0000 (Greenwich Mean Time),0.0269,0.0206,0.063,0
Wed Dec 18 2024 05:00:00 GMT+0000 (Greenwich Mean Time),0.0269,0.0206,0.063,0
Wed Dec 18 2024 06:00:00 GMT+0000 (Greenwich Mean Time),0.0269,0.0206,0.0629,2688.1411881238296
Wed Dec 18 2024 07:00:00 GMT+0000 (Greenwich Mean Time),0.0269,0.0206,0.0629,0
Wed Dec 18 2024 08:00:00 GMT+0000 (Greenwich Mean Time),0.0269,0.0206,0.0629,0
Wed Dec 18 2024 09:00:00 GMT+0000 (Greenwich Mean Time),0.0269,0.0206,0.063,124456.77459564625
Wed Dec 18 2024 10:00:00 GMT+0000 (Greenwich Mean Time),0.0269,0.0206,0.063,0
Wed Dec 18 2024 11:00:00 GMT+0000 (Greenwich Mean Time),0.0269,0.0206,0.063,0
Wed Dec 18 2024 12:00:00 GMT+0000 (Greenwich Mean Time),0.0269,0.0206,0.063,0
Wed Dec 18 2024 13:00:00 GMT+0000 (Greenwich Mean Time),0.0269,0.0206,0.063,0
Wed Dec 18 2024 14:00:00 GMT+0000 (Greenwich Mean Time),0.0269,0.0206,0.063,0
Wed Dec 18 2024 15:00:00 GMT+0000 (Greenwich Mean Time),0.0269,0.0206,0.063,0
Wed Dec 18 2024 16:00:00 GMT+0000 (Greenwich Mean Time),0.0269,0.0206,0.063,0
Wed Dec 18 2024 17:00:00 GMT+0000 (Greenwich Mean Time),0.0269,0.0206,0.063,0
Wed Dec 18 2024 18:00:00 GMT+0000 (Greenwich Mean Time),0.0269,0.0206,0.063,0
Wed Dec 18 2024 19:00:00 GMT+0000 (Greenwich Mean Time),0.0269,0.0206,0.063,0
Wed Dec 18 2024 20:00:00 GMT+0000 (Greenwich Mean Time),0.0269,0.0206,0.063,0
Wed Dec 18 2024 21:00:00 GMT+0000 (Greenwich Mean Time),0.0269,0.0206,0.063,0
Wed Dec 18 2024 22:00:00 GMT+0000 (Greenwich Mean Time),0.0269,0.0206,0.063,0
Wed Dec 18 2024 23:00:00 GMT+0000 (Greenwich Mean Time),0.0269,0.0206,0.063,0
Thu Dec 19 2024 00:00:00 GMT+0000 (Greenwich Mean Time),0.0269,0.0206,0.063,0
Thu Dec 19 2024 01:00:00 GMT+0000 (Greenwich Mean Time),0.0269,0.0206,0.063,0
Thu Dec 19 2024 02:00:00 GMT+0000 (Greenwich Mean Time),0.0034,0.0186,0.063,0
Thu Dec 19 2024 03:00:00 GMT+0000 (Greenwich Mean Time),0.0034,0.0186,0.0597,56472.12587787318
Thu Dec 19 2024 04:00:00 GMT+0000 (Greenwich Mean Time),0.0034,0.0186,0.0597,0
Thu Dec 19 2024 05:00:00 GMT+0000 (Greenwich Mean Time),0.0034,0.0186,0.0597,0
Thu Dec 19 2024 06:00:00 GMT+0000 (Greenwich Mean Time),0.0034,0.0186,0.0597,0
Thu Dec 19 2024 07:00:00 GMT+0000 (Greenwich Mean Time),0.0034,0.0186,0.0597,0
Thu Dec 19 2024 08:00:00 GMT+0000 (Greenwich Mean Time),0.0034,0.0186,0.0597,0
Thu Dec 19 2024 09:00:00 GMT+0000 (Greenwich Mean Time),0.0034,0.0186,0.0598,167194.4953239913
Thu Dec 19 2024 10:00:00 GMT+0000 (Greenwich Mean Time),0.0034,0.0186,0.0598,0
Thu Dec 19 2024 11:00:00 GMT+0000 (Greenwich Mean Time),0.0034,0.0186,0.0598,0
Thu Dec 19 2024 12:00:00 GMT+0000 (Greenwich Mean Time),0.0034,0.0186,0.0598,0
Thu Dec 19 2024 13:00:00 GMT+0000 (Greenwich Mean Time),0.0034,0.0186,0.06,3663.2424924008697
Thu Dec 19 2024 14:00:00 GMT+0000 (Greenwich Mean Time),0.0034,0.0186,0.06,0
Thu Dec 19 2024 15:00:00 GMT+0000 (Greenwich Mean Time),0.0034,0.0186,0.06,0
Thu Dec 19 2024 16:00:00 GMT+0000 (Greenwich Mean Time),0.0034,0.0186,0.06,0
Thu Dec 19 2024 17:00:00 GMT+0000 (Greenwich Mean Time),0.0034,0.0186,0.06,0
Thu Dec 19 2024 18:00:00 GMT+0000 (Greenwich Mean Time),0.0034,0.0186,0.06,0
Thu Dec 19 2024 19:00:00 GMT+0000 (Greenwich Mean Time),0.0034,0.0186,0.06,0
Thu Dec 19 2024 20:00:00 GMT+0000 (Greenwich Mean Time),0.0034,0.0186,0.06,0
Thu Dec 19 2024 21:00:00 GMT+0000 (Greenwich Mean Time),0.0034,0.0186,0.06,0
Thu Dec 19 2024 22:00:00 GMT+0000 (Greenwich Mean Time),0.0034,0.0186,0.06,0
Thu Dec 19 2024 23:00:00 GMT+0000 (Greenwich Mean Time),0.0034,0.0186,0.06,0
Fri Dec 20 2024 00:00:00 GMT+0000 (Greenwich Mean Time),0.0034,0.0186,0.06,0
Fri Dec 20 2024 01:00:00 GMT+0000 (Greenwich Mean Time),0.0034,0.0186,0.06,0
Fri Dec 20 2024 02:00:00 GMT+0000 (Greenwich Mean Time),0,0.0186,0.06,0
Fri Dec 20 2024 03:00:00 GMT+0000 (Greenwich Mean Time),0,0.0186,0.1149,916506.9851715993
Fri Dec 20 2024 04:00:00 GMT+0000 (Greenwich Mean Time),0,0.0186,0.1149,5.312762835013703
Fri Dec 20 2024 05:00:00 GMT+0000 (Greenwich Mean Time),0,0.0186,0.1149,0
Fri Dec 20 2024 06:00:00 GMT+0000 (Greenwich Mean Time),0,0.0186,0.1155,11419.386339765657
Fri Dec 20 2024 07:00:00 GMT+0000 (Greenwich Mean Time),0.0018,0.0166,0.0826,564718.3656297327
Fri Dec 20 2024 08:00:00 GMT+0000 (Greenwich Mean Time),0.0018,0.0166,0.0826,0
Fri Dec 20 2024 09:00:00 GMT+0000 (Greenwich Mean Time),0.0018,0.0166,0.0826,0
Fri Dec 20 2024 10:00:00 GMT+0000 (Greenwich Mean Time),0.0018,0.0166,0.0826,0
Fri Dec 20 2024 11:00:00 GMT+0000 (Greenwich Mean Time),0.0018,0.0166,0.0826,0
Fri Dec 20 2024 12:00:00 GMT+0000 (Greenwich Mean Time),0.0018,0.0166,0.0826,0
Fri Dec 20 2024 13:00:00 GMT+0000 (Greenwich Mean Time),0.0018,0.0166,0.0826,0
Fri Dec 20 2024 14:00:00 GMT+0000 (Greenwich Mean Time),0.0018,0.0166,0.0826,0
Fri Dec 20 2024 15:00:00 GMT+0000 (Greenwich Mean Time),0.0018,0.0166,0.0826,0
Fri Dec 20 2024 16:00:00 GMT+0000 (Greenwich Mean Time),0.0018,0.0166,0.0826,0
Fri Dec 20 2024 17:00:00 GMT+0000 (Greenwich Mean Time),0.0018,0.0166,0.0826,0
Fri Dec 20 2024 18:00:00 GMT+0000 (Greenwich Mean Time),0.0018,0.0166,0.0826,0
Fri Dec 20 2024 19:00:00 GMT+0000 (Greenwich Mean Time),0.0018,0.0166,0.0826,0
Fri Dec 20 2024 20:00:00 GMT+0000 (Greenwich Mean Time),0.0018,0.0166,0.0826,0
Fri Dec 20 2024 21:00:00 GMT+0000 (Greenwich Mean Time),0.0018,0.0166,0.0826,0
Fri Dec 20 2024 22:00:00 GMT+0000 (Greenwich Mean Time),0.0018,0.0166,0.0826,0
Fri Dec 20 2024 23:00:00 GMT+0000 (Greenwich Mean Time),0.0018,0.0166,0.0826,0
Sat Dec 21 2024 00:00:00 GMT+0000 (Greenwich Mean Time),0.0018,0.0166,0.0826,0
Sat Dec 21 2024 01:00:00 GMT+0000 (Greenwich Mean Time),0.0018,0.0268,0.0826,0
Sat Dec 21 2024 02:00:00 GMT+0000 (Greenwich Mean Time),0.0018,0.0268,0.0622,385670.1114791106
Sat Dec 21 2024 03:00:00 GMT+0000 (Greenwich Mean Time),0.0018,0.0268,0.0622,0
Sat Dec 21 2024 04:00:00 GMT+0000 (Greenwich Mean Time),0.0018,0.0268,0.0622,0
Sat Dec 21 2024 05:00:00 GMT+0000 (Greenwich Mean Time),0.0018,0.0268,0.0622,0
Sat Dec 21 2024 06:00:00 GMT+0000 (Greenwich Mean Time),0.0018,0.0268,0.0622,0
Sat Dec 21 2024 07:00:00 GMT+0000 (Greenwich Mean Time),0.0555,0.0308,0.0622,0
Sat Dec 21 2024 08:00:00 GMT+0000 (Greenwich Mean Time),0.0555,0.0308,0.0622,0
Sat Dec 21 2024 09:00:00 GMT+0000 (Greenwich Mean Time),0.0555,0.0308,0.0621,1297.8224052090504
Sat Dec 21 2024 10:00:00 GMT+0000 (Greenwich Mean Time),0.0555,0.0308,0.0621,0
Sat Dec 21 2024 11:00:00 GMT+0000 (Greenwich Mean Time),0.0555,0.0308,0.0621,0
Sat Dec 21 2024 12:00:00 GMT+0000 (Greenwich Mean Time),0.0555,0.0308,0.0621,0
Sat Dec 21 2024 13:00:00 GMT+0000 (Greenwich Mean Time),0.0555,0.0308,0.0621,0
Sat Dec 21 2024 14:00:00 GMT+0000 (Greenwich Mean Time),0.0555,0.0308,0.0621,0
Sat Dec 21 2024 15:00:00 GMT+0000 (Greenwich Mean Time),0.0555,0.0308,0.0684,95067.96096818935
Sat Dec 21 2024 16:00:00 GMT+0000 (Greenwich Mean Time),0.0555,0.0308,0.0684,0
Sat Dec 21 2024 17:00:00 GMT+0000 (Greenwich Mean Time),0.0555,0.0308,0.0684,0
Sat Dec 21 2024 18:00:00 GMT+0000 (Greenwich Mean Time),0.0555,0.0308,0.0684,0
Sat Dec 21 2024 19:00:00 GMT+0000 (Greenwich Mean Time),0.0555,0.0308,0.0684,0
Sat Dec 21 2024 20:00:00 GMT+0000 (Greenwich Mean Time),0.0555,0.0308,0.0751,102613.37014724954
Sat Dec 21 2024 21:00:00 GMT+0000 (Greenwich Mean Time),0.0555,0.0308,0.0751,0
Sat Dec 21 2024 22:00:00 GMT+0000 (Greenwich Mean Time),0.0555,0.0308,0.0751,0
Sat Dec 21 2024 23:00:00 GMT+0000 (Greenwich Mean Time),0.0555,0.0308,0.0751,0
Sun Dec 22 2024 00:00:00 GMT+0000 (Greenwich Mean Time),0.0555,0.0308,0.0751,0
Sun Dec 22 2024 01:00:00 GMT+0000 (Greenwich Mean Time),0.0555,0.0336,0.0751,0
Sun Dec 22 2024 02:00:00 GMT+0000 (Greenwich Mean Time),0.0555,0.0336,0.0751,0
Sun Dec 22 2024 03:00:00 GMT+0000 (Greenwich Mean Time),0.0555,0.0336,0.0752,1462.9529015451624
Sun Dec 22 2024 04:00:00 GMT+0000 (Greenwich Mean Time),0.0555,0.0336,0.0752,0
Sun Dec 22 2024 05:00:00 GMT+0000 (Greenwich Mean Time),0.0555,0.0336,0.0752,0
Sun Dec 22 2024 06:00:00 GMT+0000 (Greenwich Mean Time),0.0555,0.0336,0.0752,0
Sun Dec 22 2024 07:00:00 GMT+0000 (Greenwich Mean Time),0.0326,0.0335,0.0752,0
Sun Dec 22 2024 08:00:00 GMT+0000 (Greenwich Mean Time),0.0326,0.0335,0.0866,178291.0141323008
Sun Dec 22 2024 09:00:00 GMT+0000 (Greenwich Mean Time),0.0326,0.0335,0.0866,0
Sun Dec 22 2024 10:00:00 GMT+0000 (Greenwich Mean Time),0.0326,0.0335,0.0866,0
Sun Dec 22 2024 11:00:00 GMT+0000 (Greenwich Mean Time),0.0326,0.0335,0.0866,0
Sun Dec 22 2024 12:00:00 GMT+0000 (Greenwich Mean Time),0.0326,0.0335,0.0866,0
Sun Dec 22 2024 13:00:00 GMT+0000 (Greenwich Mean Time),0.0326,0.0335,0.0866,0
Sun Dec 22 2024 14:00:00 GMT+0000 (Greenwich Mean Time),0.0326,0.0335,0.0866,0
Sun Dec 22 2024 15:00:00 GMT+0000 (Greenwich Mean Time),0.0326,0.0335,0.0866,0
Sun Dec 22 2024 16:00:00 GMT+0000 (Greenwich Mean Time),0.0326,0.0335,0.0866,0
Sun Dec 22 2024 17:00:00 GMT+0000 (Greenwich Mean Time),0.0326,0.0335,0.0866,0
Sun Dec 22 2024 18:00:00 GMT+0000 (Greenwich Mean Time),0.0326,0.0335,0.0867,1237.8480172757247
Sun Dec 22 2024 19:00:00 GMT+0000 (Greenwich Mean Time),0.0326,0.0335,0.0867,0
Sun Dec 22 2024 20:00:00 GMT+0000 (Greenwich Mean Time),0.0326,0.0335,0.0867,0
Sun Dec 22 2024 21:00:00 GMT+0000 (Greenwich Mean Time),0.0326,0.0335,0.0867,0
Sun Dec 22 2024 22:00:00 GMT+0000 (Greenwich Mean Time),0.0326,0.0335,0.0867,0
Sun Dec 22 2024 23:00:00 GMT+0000 (Greenwich Mean Time),0.0326,0.0335,0.0867,0
Mon Dec 23 2024 00:00:00 GMT+0000 (Greenwich Mean Time),0.0326,0.0335,0.0867,0
Mon Dec 23 2024 01:00:00 GMT+0000 (Greenwich Mean Time),0.0326,0.0335,0.0867,0
Mon Dec 23 2024 02:00:00 GMT+0000 (Greenwich Mean Time),0.0326,0.0289,0.0867,0
Mon Dec 23 2024 03:00:00 GMT+0000 (Greenwich Mean Time),0.0326,0.0289,0.0867,0
Mon Dec 23 2024 04:00:00 GMT+0000 (Greenwich Mean Time),0.0326,0.0289,0.0867,116.74555441270586
Mon Dec 23 2024 05:00:00 GMT+0000 (Greenwich Mean Time),0.0326,0.0289,0.0867,116.28223959897502
Mon Dec 23 2024 06:00:00 GMT+0000 (Greenwich Mean Time),0.0326,0.0289,0.0867,0
Mon Dec 23 2024 07:00:00 GMT+0000 (Greenwich Mean Time),0,0.0289,0.0867,0
Mon Dec 23 2024 08:00:00 GMT+0000 (Greenwich Mean Time),0.0289,0.0289,0.0867,0
Mon Dec 23 2024 09:00:00 GMT+0000 (Greenwich Mean Time),0.0289,0.0289,0.0867,0
Mon Dec 23 2024 10:00:00 GMT+0000 (Greenwich Mean Time),0.0289,0.0289,0.0867,0
Mon Dec 23 2024 11:00:00 GMT+0000 (Greenwich Mean Time),0.0289,0.0289,0.0867,0
Mon Dec 23 2024 12:00:00 GMT+0000 (Greenwich Mean Time),0.0289,0.0289,0.0867,0
Mon Dec 23 2024 13:00:00 GMT+0000 (Greenwich Mean Time),0.0289,0.0289,0.0867,0
Mon Dec 23 2024 14:00:00 GMT+0000 (Greenwich Mean Time),0.0289,0.0289,0.0867,0
Mon Dec 23 2024 15:00:00 GMT+0000 (Greenwich Mean Time),0.0289,0.0289,0.0867,0
Mon Dec 23 2024 16:00:00 GMT+0000 (Greenwich Mean Time),0.0289,0.0289,0.0867,0
Mon Dec 23 2024 17:00:00 GMT+0000 (Greenwich Mean Time),0.0289,0.0289,0.0867,0
Mon Dec 23 2024 18:00:00 GMT+0000 (Greenwich Mean Time),0.0289,0.0289,0.0867,0
Mon Dec 23 2024 19:00:00 GMT+0000 (Greenwich Mean Time),0.0289,0.0289,0.0867,0
Mon Dec 23 2024 20:00:00 GMT+0000 (Greenwich Mean Time),0.0289,0.0289,0.0867,0
Mon Dec 23 2024 21:00:00 GMT+0000 (Greenwich Mean Time),0.0289,0.0289,0.0867,0
Mon Dec 23 2024 22:00:00 GMT+0000 (Greenwich Mean Time),0.0289,0.0289,0.0867,0
Mon Dec 23 2024 23:00:00 GMT+0000 (Greenwich Mean Time),0.0289,0.0289,0.0867,0
Tue Dec 24 2024 00:00:00 GMT+0000 (Greenwich Mean Time),0.0289,0.0289,0.087,5072.027798768517
Tue Dec 24 2024 01:00:00 GMT+0000 (Greenwich Mean Time),0.0289,0.0289,0.087,0
Tue Dec 24 2024 02:00:00 GMT+0000 (Greenwich Mean Time),0.0289,0.0239,0.087,0
Tue Dec 24 2024 03:00:00 GMT+0000 (Greenwich Mean Time),0.0289,0.0239,0.087,0
Tue Dec 24 2024 04:00:00 GMT+0000 (Greenwich Mean Time),0.0289,0.0239,0.087,0
Tue Dec 24 2024 05:00:00 GMT+0000 (Greenwich Mean Time),0.0289,0.0239,0.087,0
Tue Dec 24 2024 06:00:00 GMT+0000 (Greenwich Mean Time),0.0289,0.0239,0.087,0
Tue Dec 24 2024 07:00:00 GMT+0000 (Greenwich Mean Time),0,0.0239,0.087,0
Tue Dec 24 2024 08:00:00 GMT+0000 (Greenwich Mean Time),0.004,0.0211,0.087,0
Tue Dec 24 2024 09:00:00 GMT+0000 (Greenwich Mean Time),0.004,0.0211,0.087,0
Tue Dec 24 2024 10:00:00 GMT+0000 (Greenwich Mean Time),0.004,0.0211,0.087,0
Tue Dec 24 2024 11:00:00 GMT+0000 (Greenwich Mean Time),0.004,0.0211,0.087,0
Tue Dec 24 2024 12:00:00 GMT+0000 (Greenwich Mean Time),0.004,0.0211,0.087,0
Tue Dec 24 2024 13:00:00 GMT+0000 (Greenwich Mean Time),0.004,0.0211,0.087,29.14252161641175
Tue Dec 24 2024 14:00:00 GMT+0000 (Greenwich Mean Time),0.004,0.0211,0.087,0
Tue Dec 24 2024 15:00:00 GMT+0000 (Greenwich Mean Time),0.004,0.0211,0.087,0
Tue Dec 24 2024 16:00:00 GMT+0000 (Greenwich Mean Time),0.004,0.0211,0.087,0
Tue Dec 24 2024 17:00:00 GMT+0000 (Greenwich Mean Time),0.004,0.0211,0.087,0
Tue Dec 24 2024 18:00:00 GMT+0000 (Greenwich Mean Time),0.004,0.0211,0.087,0
Tue Dec 24 2024 19:00:00 GMT+0000 (Greenwich Mean Time),0.004,0.0211,0.0875,8243.056459045742
Tue Dec 24 2024 20:00:00 GMT+0000 (Greenwich Mean Time),0.004,0.0211,0.0875,0
Tue Dec 24 2024 21:00:00 GMT+0000 (Greenwich Mean Time),0.004,0.0211,0.0875,0
Tue Dec 24 2024 22:00:00 GMT+0000 (Greenwich Mean Time),0.004,0.0211,0.0875,0
Tue Dec 24 2024 23:00:00 GMT+0000 (Greenwich Mean Time),0.004,0.0211,0.0875,48.38806658275997
Wed Dec 25 2024 00:00:00 GMT+0000 (Greenwich Mean Time),0.004,0.0211,0.0902,45057.060028326836
Wed Dec 25 2024 01:00:00 GMT+0000 (Greenwich Mean Time),0.004,0.0211,0.0902,0
Wed Dec 25 2024 02:00:00 GMT+0000 (Greenwich Mean Time),0.004,0.0202,0.0902,0
Wed Dec 25 2024 03:00:00 GMT+0000 (Greenwich Mean Time),0.004,0.0202,0.0902,0
Wed Dec 25 2024 04:00:00 GMT+0000 (Greenwich Mean Time),0.004,0.0202,0.0902,0
Wed Dec 25 2024 05:00:00 GMT+0000 (Greenwich Mean Time),0.004,0.0202,0.0902,37.000686621982695
Wed Dec 25 2024 06:00:00 GMT+0000 (Greenwich Mean Time),0.004,0.0202,0.0902,92.83044661322131
Wed Dec 25 2024 07:00:00 GMT+0000 (Greenwich Mean Time),0.004,0.0202,0.0917,24853.083597695353
Wed Dec 25 2024 08:00:00 GMT+0000 (Greenwich Mean Time),0.0031,0.0178,0.0917,0
Wed Dec 25 2024 09:00:00 GMT+0000 (Greenwich Mean Time),0.0031,0.0178,0.0917,0
Wed Dec 25 2024 10:00:00 GMT+0000 (Greenwich Mean Time),0.0031,0.0178,0.0917,0
Wed Dec 25 2024 11:00:00 GMT+0000 (Greenwich Mean Time),0.0031,0.0178,0.0917,0
Wed Dec 25 2024 12:00:00 GMT+0000 (Greenwich Mean Time),0.0031,0.0178,0.0917,0
Wed Dec 25 2024 13:00:00 GMT+0000 (Greenwich Mean Time),0.0031,0.0178,0.0917,0
Wed Dec 25 2024 14:00:00 GMT+0000 (Greenwich Mean Time),0.0031,0.0178,0.0917,0
Wed Dec 25 2024 15:00:00 GMT+0000 (Greenwich Mean Time),0.0031,0.0178,0.0917,0
Wed Dec 25 2024 16:00:00 GMT+0000 (Greenwich Mean Time),0.0031,0.0178,0.0917,0
Wed Dec 25 2024 17:00:00 GMT+0000 (Greenwich Mean Time),0.0031,0.0178,0.0917,0
Wed Dec 25 2024 18:00:00 GMT+0000 (Greenwich Mean Time),0.0031,0.0178,0.0917,0
Wed Dec 25 2024 19:00:00 GMT+0000 (Greenwich Mean Time),0.0031,0.0178,0.0917,0
Wed Dec 25 2024 20:00:00 GMT+0000 (Greenwich Mean Time),0.0031,0.0178,0.0918,512.5947870278769
Wed Dec 25 2024 21:00:00 GMT+0000 (Greenwich Mean Time),0.0031,0.0178,0.0924,9877.658940003264
Wed Dec 25 2024 22:00:00 GMT+0000 (Greenwich Mean Time),0.0031,0.0178,0.0924,0
Wed Dec 25 2024 23:00:00 GMT+0000 (Greenwich Mean Time),0.0031,0.0178,0.0929,665.0622673929014