time,underlyingApy1DMA,underlyingApy7DMA,impliedApy,volume
Sun Feb 25 2024 00:00:00 GMT+0000 (Greenwich Mean Time),0.0067,0.0301,0.4323,684170.8521469086
Sun Feb 25 2024 01:00:00 GMT+0000 (Greenwich Mean Time),0.0067,0.0301,0.4402,1098917.9542536205
Sun Feb 25 2024 02:00:00 GMT+0000 (Greenwich Mean Time),0.0067,0.0301,0.4327,1980084.2097978126
Sun Feb 25 2024 03:00:00 GMT+0000 (Greenwich Mean Time),0.0067,0.0301,0.4291,1667864.9236207951
Sun Feb 25 2024 04:00:00 GMT+0000 (Greenwich Mean Time),0.0067,0.0301,0.4354,1408523.1264255303
Sun Feb 25 2024 05:00:00 GMT+0000 (Greenwich Mean Time),0.0067,0.0301,0.4473,1642514.61079181
Sun Feb 25 2024 06:00:00 GMT+0000 (Greenwich Mean Time),0.0067,0.0301,0.4479,684344.4665517146
Sun Feb 25 2024 07:00:00 GMT+0000 (Greenwich Mean Time),0.0067,0.0301,0.4339,3019013.4418052775
Sun Feb 25 2024 08:00:00 GMT+0000 (Greenwich Mean Time),0.0067,0.0301,0.446,1620011.5372562439
Sun Feb 25 2024 09:00:00 GMT+0000 (Greenwich Mean Time),0.0149,0.0269,0.4363,2680492.5898265783
Sun Feb 25 2024 10:00:00 GMT+0000 (Greenwich Mean Time),0.0149,0.0269,0.4427,777315.1089979432
Sun Feb 25 2024 11:00:00 GMT+0000 (Greenwich Mean Time),0.0149,0.0269,0.4464,693417.1875970488
Sun Feb 25 2024 12:00:00 GMT+0000 (Greenwich Mean Time),0.0149,0.0269,0.4549,1076216.4333476983
Sun Feb 25 2024 13:00:00 GMT+0000 (Greenwich Mean Time),0.0149,0.0269,0.4521,1867537.4890284995
Sun Feb 25 2024 14:00:00 GMT+0000 (Greenwich Mean Time),0.0149,0.0269,0.4617,4770122.546866373
Sun Feb 25 2024 15:00:00 GMT+0000 (Greenwich Mean Time),0.0149,0.0269,0.4442,2196642.6189540625
Sun Feb 25 2024 16:00:00 GMT+0000 (Greenwich Mean Time),0.0149,0.0269,0.4295,2094185.7030732618
Sun Feb 25 2024 17:00:00 GMT+0000 (Greenwich Mean Time),0.0149,0.0269,0.4485,4218801.897251145
Sun Feb 25 2024 18:00:00 GMT+0000 (Greenwich Mean Time),0.0149,0.0269,0.4427,1317548.4129774738
Sun Feb 25 2024 19:00:00 GMT+0000 (Greenwich Mean Time),0.0149,0.0269,0.4398,151182.51555464702
Sun Feb 25 2024 20:00:00 GMT+0000 (Greenwich Mean Time),0.0149,0.0269,0.4399,106093.6258573083
Sun Feb 25 2024 21:00:00 GMT+0000 (Greenwich Mean Time),0.0149,0.0269,0.4414,198506.98863662372
Sun Feb 25 2024 22:00:00 GMT+0000 (Greenwich Mean Time),0.0149,0.0269,0.4404,116345.69594015871
Sun Feb 25 2024 23:00:00 GMT+0000 (Greenwich Mean Time),0.0149,0.0269,0.4341,775716.5786212728
Mon Feb 26 2024 00:00:00 GMT+0000 (Greenwich Mean Time),0.0149,0.0269,0.4326,574203.1683318402
Mon Feb 26 2024 01:00:00 GMT+0000 (Greenwich Mean Time),0.0149,0.0269,0.4325,40334.69737530388
Mon Feb 26 2024 02:00:00 GMT+0000 (Greenwich Mean Time),0.0149,0.0269,0.4405,1788846.920493687
Mon Feb 26 2024 03:00:00 GMT+0000 (Greenwich Mean Time),0.0149,0.0269,0.4283,1542420.7678512512
Mon Feb 26 2024 04:00:00 GMT+0000 (Greenwich Mean Time),0.0149,0.0269,0.4228,783729.5050826443
Mon Feb 26 2024 05:00:00 GMT+0000 (Greenwich Mean Time),0.0149,0.0269,0.4219,171432.03579424915
Mon Feb 26 2024 06:00:00 GMT+0000 (Greenwich Mean Time),0.0149,0.0269,0.4267,1510305.6767695379
Mon Feb 26 2024 07:00:00 GMT+0000 (Greenwich Mean Time),0.0149,0.0269,0.4155,2202191.317816411
Mon Feb 26 2024 08:00:00 GMT+0000 (Greenwich Mean Time),0.0149,0.0269,0.4305,3013986.2562265517
Mon Feb 26 2024 09:00:00 GMT+0000 (Greenwich Mean Time),0.0265,0.0254,0.4431,1513487.3520244295
Mon Feb 26 2024 10:00:00 GMT+0000 (Greenwich Mean Time),0.0265,0.0254,0.446,555305.7905406576
Mon Feb 26 2024 11:00:00 GMT+0000 (Greenwich Mean Time),0.0265,0.0254,0.4742,3874803.4689141153
Mon Feb 26 2024 12:00:00 GMT+0000 (Greenwich Mean Time),0.0265,0.0254,0.4513,2817973.4120542505
Mon Feb 26 2024 13:00:00 GMT+0000 (Greenwich Mean Time),0.0265,0.0254,0.4694,2076929.9243405936
Mon Feb 26 2024 14:00:00 GMT+0000 (Greenwich Mean Time),0.0265,0.0254,0.4661,994071.5321317241
Mon Feb 26 2024 15:00:00 GMT+0000 (Greenwich Mean Time),0.0265,0.0254,0.4712,2317145.005412899
Mon Feb 26 2024 16:00:00 GMT+0000 (Greenwich Mean Time),0.0265,0.0254,0.4756,1099443.717893454
Mon Feb 26 2024 17:00:00 GMT+0000 (Greenwich Mean Time),0.0265,0.0254,0.4487,2777188.875944358
Mon Feb 26 2024 18:00:00 GMT+0000 (Greenwich Mean Time),0.0265,0.0254,0.443,7151266.487306964
Mon Feb 26 2024 19:00:00 GMT+0000 (Greenwich Mean Time),0.0265,0.0254,0.4403,429636.99059834855
Mon Feb 26 2024 20:00:00 GMT+0000 (Greenwich Mean Time),0.0265,0.0254,0.4449,2262615.7566664787
Mon Feb 26 2024 21:00:00 GMT+0000 (Greenwich Mean Time),0.0265,0.0254,0.4541,1361322.3816885492
Mon Feb 26 2024 22:00:00 GMT+0000 (Greenwich Mean Time),0.0265,0.0254,0.4611,746547.5068827642
Mon Feb 26 2024 23:00:00 GMT+0000 (Greenwich Mean Time),0.0265,0.0254,0.4646,828534.8824971018
Tue Feb 27 2024 00:00:00 GMT+0000 (Greenwich Mean Time),0.0265,0.0254,0.4686,223271.48074592848
Tue Feb 27 2024 01:00:00 GMT+0000 (Greenwich Mean Time),0.0265,0.0254,0.4788,1042556.6417707743
Tue Feb 27 2024 02:00:00 GMT+0000 (Greenwich Mean Time),0.0265,0.0254,0.4398,5297426.433266822
Tue Feb 27 2024 03:00:00 GMT+0000 (Greenwich Mean Time),0.0265,0.0254,0.4414,1493127.7568323808
Tue Feb 27 2024 04:00:00 GMT+0000 (Greenwich Mean Time),0.0265,0.0254,0.4414,0
Tue Feb 27 2024 05:00:00 GMT+0000 (Greenwich Mean Time),0.0265,0.0254,0.4425,546169.7876752171
Tue Feb 27 2024 06:00:00 GMT+0000 (Greenwich Mean Time),0.0265,0.0254,0.4432,68532.72919212616
Tue Feb 27 2024 07:00:00 GMT+0000 (Greenwich Mean Time),0.0265,0.0254,0.4421,523020.8188766218
Tue Feb 27 2024 08:00:00 GMT+0000 (Greenwich Mean Time),0.0265,0.0254,0.4389,376408.77593057905
Tue Feb 27 2024 09:00:00 GMT+0000 (Greenwich Mean Time),0,0.0201,0.4369,273134.4019765864
Tue Feb 27 2024 10:00:00 GMT+0000 (Greenwich Mean Time),0.0259,0.0239,0.435,469262.8107718058
Tue Feb 27 2024 11:00:00 GMT+0000 (Greenwich Mean Time),0.0259,0.0239,0.4356,309076.05305653904
Tue Feb 27 2024 12:00:00 GMT+0000 (Greenwich Mean Time),0.0259,0.0239,0.4356,3269.9968238001748
Tue Feb 27 2024 13:00:00 GMT+0000 (Greenwich Mean Time),0.0259,0.0239,0.4308,1201541.6339455242
Tue Feb 27 2024 14:00:00 GMT+0000 (Greenwich Mean Time),0.0259,0.0239,0.4245,1349628.3141214899
Tue Feb 27 2024 15:00:00 GMT+0000 (Greenwich Mean Time),0.0259,0.0239,0.4229,615360.9126337073
Tue Feb 27 2024 16:00:00 GMT+0000 (Greenwich Mean Time),0.0259,0.0239,0.4002,3326304.5954812197
Tue Feb 27 2024 17:00:00 GMT+0000 (Greenwich Mean Time),0.0259,0.0239,0.4002,6480.149755250502
Tue Feb 27 2024 18:00:00 GMT+0000 (Greenwich Mean Time),0.0259,0.0239,0.3988,971878.3465409861
Tue Feb 27 2024 19:00:00 GMT+0000 (Greenwich Mean Time),0.0259,0.0239,0.3958,498177.1021392847
Tue Feb 27 2024 20:00:00 GMT+0000 (Greenwich Mean Time),0.0259,0.0239,0.3926,697915.4060257408
Tue Feb 27 2024 21:00:00 GMT+0000 (Greenwich Mean Time),0.0259,0.0239,0.397,734864.8726495402
Tue Feb 27 2024 22:00:00 GMT+0000 (Greenwich Mean Time),0.0259,0.0239,0.3974,449185.7237159636
Tue Feb 27 2024 23:00:00 GMT+0000 (Greenwich Mean Time),0.0259,0.0239,0.3958,373100.3495503025
Wed Feb 28 2024 00:00:00 GMT+0000 (Greenwich Mean Time),0.0259,0.0239,0.4025,1144555.187484768
Wed Feb 28 2024 01:00:00 GMT+0000 (Greenwich Mean Time),0.0259,0.0239,0.4017,225491.71295808576
Wed Feb 28 2024 02:00:00 GMT+0000 (Greenwich Mean Time),0.0259,0.0239,0.4054,519868.9603447575
Wed Feb 28 2024 03:00:00 GMT+0000 (Greenwich Mean Time),0.0259,0.0239,0.3995,1338631.9510534212
Wed Feb 28 2024 04:00:00 GMT+0000 (Greenwich Mean Time),0.0259,0.0239,0.4036,668772.5985606773
Wed Feb 28 2024 05:00:00 GMT+0000 (Greenwich Mean Time),0.0259,0.0239,0.4027,158893.8864571004
Wed Feb 28 2024 06:00:00 GMT+0000 (Greenwich Mean Time),0.0259,0.0239,0.3964,1061621.0611720115
Wed Feb 28 2024 07:00:00 GMT+0000 (Greenwich Mean Time),0.0259,0.0239,0.3925,972306.0298226061
Wed Feb 28 2024 08:00:00 GMT+0000 (Greenwich Mean Time),0.0259,0.0239,0.3965,1136030.4357935179
Wed Feb 28 2024 09:00:00 GMT+0000 (Greenwich Mean Time),0.0259,0.0192,0.3943,370993.290033245
Wed Feb 28 2024 10:00:00 GMT+0000 (Greenwich Mean Time),0.0303,0.0236,0.3943,542184.843023299
Wed Feb 28 2024 11:00:00 GMT+0000 (Greenwich Mean Time),0.0303,0.0236,0.4341,6419200.059419248
Wed Feb 28 2024 12:00:00 GMT+0000 (Greenwich Mean Time),0.0303,0.0236,0.4366,337621.1628464684
Wed Feb 28 2024 13:00:00 GMT+0000 (Greenwich Mean Time),0.0303,0.0236,0.439,361247.28572647827
Wed Feb 28 2024 14:00:00 GMT+0000 (Greenwich Mean Time),0.0303,0.0236,0.4331,3287153.606877139
Wed Feb 28 2024 15:00:00 GMT+0000 (Greenwich Mean Time),0.0303,0.0236,0.4328,59971.27755424306
Wed Feb 28 2024 16:00:00 GMT+0000 (Greenwich Mean Time),0.0303,0.0236,0.4336,146721.50974326968
Wed Feb 28 2024 17:00:00 GMT+0000 (Greenwich Mean Time),0.0303,0.0236,0.4326,131278.85433143438
Wed Feb 28 2024 18:00:00 GMT+0000 (Greenwich Mean Time),0.0303,0.0236,0.4326,691.5074120048024
Wed Feb 28 2024 19:00:00 GMT+0000 (Greenwich Mean Time),0.0303,0.0236,0.4326,0
Wed Feb 28 2024 20:00:00 GMT+0000 (Greenwich Mean Time),0.0303,0.0236,0.4348,285486.7526136428
Wed Feb 28 2024 21:00:00 GMT+0000 (Greenwich Mean Time),0.0303,0.0236,0.4326,298163.8164286311
Wed Feb 28 2024 22:00:00 GMT+0000 (Greenwich Mean Time),0.0303,0.0236,0.4229,1363948.2274482034
Wed Feb 28 2024 23:00:00 GMT+0000 (Greenwich Mean Time),0.0303,0.0236,0.4155,1286666.9665220212
Thu Feb 29 2024 00:00:00 GMT+0000 (Greenwich Mean Time),0.0303,0.0236,0.4078,1389151.6524096297
Thu Feb 29 2024 01:00:00 GMT+0000 (Greenwich Mean Time),0.0303,0.0236,0.4113,695166.1537682945
Thu Feb 29 2024 02:00:00 GMT+0000 (Greenwich Mean Time),0.0303,0.0236,0.4649,7795168.6021994995
Thu Feb 29 2024 03:00:00 GMT+0000 (Greenwich Mean Time),0.0303,0.0236,0.4592,534697.0117336212
Thu Feb 29 2024 04:00:00 GMT+0000 (Greenwich Mean Time),0.0303,0.0236,0.4506,1177794.8174152228
Thu Feb 29 2024 05:00:00 GMT+0000 (Greenwich Mean Time),0.0303,0.0236,0.444,1207830.2824862022
Thu Feb 29 2024 06:00:00 GMT+0000 (Greenwich Mean Time),0.0303,0.0236,0.4456,619226.9587198966
Thu Feb 29 2024 07:00:00 GMT+0000 (Greenwich Mean Time),0.0303,0.0236,0.4405,987994.9054586438
Thu Feb 29 2024 08:00:00 GMT+0000 (Greenwich Mean Time),0.0303,0.0236,0.3956,7249543.83534721
Thu Feb 29 2024 09:00:00 GMT+0000 (Greenwich Mean Time),0.0303,0.0191,0.3987,543941.8320220802
Thu Feb 29 2024 10:00:00 GMT+0000 (Greenwich Mean Time),0.031,0.0236,0.399,266845.5122981209
Thu Feb 29 2024 11:00:00 GMT+0000 (Greenwich Mean Time),0.031,0.0236,0.4,167050.6639397953
Thu Feb 29 2024 12:00:00 GMT+0000 (Greenwich Mean Time),0.031,0.0236,0.3998,34750.39215031212
Thu Feb 29 2024 13:00:00 GMT+0000 (Greenwich Mean Time),0.031,0.0236,0.4116,6672748.758277861
Thu Feb 29 2024 14:00:00 GMT+0000 (Greenwich Mean Time),0.031,0.0236,0.4037,1322990.7705638902
Thu Feb 29 2024 15:00:00 GMT+0000 (Greenwich Mean Time),0.031,0.0236,0.4134,1779418.250407857
Thu Feb 29 2024 16:00:00 GMT+0000 (Greenwich Mean Time),0.031,0.0236,0.4122,179840.6053249253
Thu Feb 29 2024 17:00:00 GMT+0000 (Greenwich Mean Time),0.031,0.0236,0.4122,0
Thu Feb 29 2024 18:00:00 GMT+0000 (Greenwich Mean Time),0.031,0.0236,0.4122,0
Thu Feb 29 2024 19:00:00 GMT+0000 (Greenwich Mean Time),0.031,0.0236,0.4211,1360290.980713124
Thu Feb 29 2024 20:00:00 GMT+0000 (Greenwich Mean Time),0.031,0.0236,0.4208,42590.539902911776
Thu Feb 29 2024 21:00:00 GMT+0000 (Greenwich Mean Time),0.031,0.0236,0.4232,350069.23834667297
Thu Feb 29 2024 22:00:00 GMT+0000 (Greenwich Mean Time),0.031,0.0236,0.4221,163924.1160024741
Thu Feb 29 2024 23:00:00 GMT+0000 (Greenwich Mean Time),0.031,0.0236,0.4202,270240.4084787761
Fri Mar 01 2024 00:00:00 GMT+0000 (Greenwich Mean Time),0.031,0.0236,0.4183,297762.8618663662
Fri Mar 01 2024 01:00:00 GMT+0000 (Greenwich Mean Time),0.031,0.0236,0.4182,15836.314323343717
Fri Mar 01 2024 02:00:00 GMT+0000 (Greenwich Mean Time),0.031,0.0236,0.4181,18902.19325055875
Fri Mar 01 2024 03:00:00 GMT+0000 (Greenwich Mean Time),0.031,0.0236,0.4181,0
Fri Mar 01 2024 04:00:00 GMT+0000 (Greenwich Mean Time),0.031,0.0236,0.4107,1539688.9166920015
Fri Mar 01 2024 05:00:00 GMT+0000 (Greenwich Mean Time),0.031,0.0236,0.41,135837.7827081143
Fri Mar 01 2024 06:00:00 GMT+0000 (Greenwich Mean Time),0.031,0.0236,0.4121,828524.9565316106
Fri Mar 01 2024 07:00:00 GMT+0000 (Greenwich Mean Time),0.031,0.0236,0.38,7082114.485012705
Fri Mar 01 2024 08:00:00 GMT+0000 (Greenwich Mean Time),0.031,0.0236,0.3789,85127.18951039127
Fri Mar 01 2024 09:00:00 GMT+0000 (Greenwich Mean Time),0.031,0.0193,0.3764,672778.0257612051
Fri Mar 01 2024 10:00:00 GMT+0000 (Greenwich Mean Time),0.0307,0.0237,0.3772,499101.84225477383
Fri Mar 01 2024 11:00:00 GMT+0000 (Greenwich Mean Time),0.0307,0.0237,0.3844,1580019.1155399312
Fri Mar 01 2024 12:00:00 GMT+0000 (Greenwich Mean Time),0.0307,0.0237,0.3885,2723828.461648499
Fri Mar 01 2024 13:00:00 GMT+0000 (Greenwich Mean Time),0.0307,0.0237,0.4351,5771468.323450714
Fri Mar 01 2024 14:00:00 GMT+0000 (Greenwich Mean Time),0.0307,0.0237,0.4261,1208350.5734266029
Fri Mar 01 2024 15:00:00 GMT+0000 (Greenwich Mean Time),0.0307,0.0237,0.4238,341152.1884628827
Fri Mar 01 2024 16:00:00 GMT+0000 (Greenwich Mean Time),0.0307,0.0237,0.4226,245298.82166776835
Fri Mar 01 2024 17:00:00 GMT+0000 (Greenwich Mean Time),0.0307,0.0237,0.4217,240829.2723951633
Fri Mar 01 2024 18:00:00 GMT+0000 (Greenwich Mean Time),0.0307,0.0237,0.4224,107933.63703690685
Fri Mar 01 2024 19:00:00 GMT+0000 (Greenwich Mean Time),0.0307,0.0237,0.422,257867.05079552653
Fri Mar 01 2024 20:00:00 GMT+0000 (Greenwich Mean Time),0.0307,0.0237,0.422,0
Fri Mar 01 2024 21:00:00 GMT+0000 (Greenwich Mean Time),0.0307,0.0237,0.4222,81075.56898472545
Fri Mar 01 2024 22:00:00 GMT+0000 (Greenwich Mean Time),0.0307,0.0237,0.4233,333792.14918928174
Fri Mar 01 2024 23:00:00 GMT+0000 (Greenwich Mean Time),0.0307,0.0237,0.4227,3538821.5910429414
Sat Mar 02 2024 00:00:00 GMT+0000 (Greenwich Mean Time),0.0307,0.0237,0.4017,98271.59513319857
Sat Mar 02 2024 01:00:00 GMT+0000 (Greenwich Mean Time),0.0307,0.0237,0.3882,2411148.26149893
Sat Mar 02 2024 02:00:00 GMT+0000 (Greenwich Mean Time),0.0307,0.0237,0.3886,69218.13479713914
Sat Mar 02 2024 03:00:00 GMT+0000 (Greenwich Mean Time),0.0307,0.0237,0.4041,3310523.568567967
Sat Mar 02 2024 04:00:00 GMT+0000 (Greenwich Mean Time),0.0307,0.0237,0.4021,594633.954947538
Sat Mar 02 2024 05:00:00 GMT+0000 (Greenwich Mean Time),0.0307,0.0237,0.4018,1152201.6572192332
Sat Mar 02 2024 06:00:00 GMT+0000 (Greenwich Mean Time),0.0307,0.0237,0.4026,536258.3618646152
Sat Mar 02 2024 07:00:00 GMT+0000 (Greenwich Mean Time),0.0307,0.0237,0.3999,499744.75142993586
Sat Mar 02 2024 08:00:00 GMT+0000 (Greenwich Mean Time),0.0307,0.0237,0.4008,1026305.4037947754
Sat Mar 02 2024 09:00:00 GMT+0000 (Greenwich Mean Time),0.0307,0.0227,0.4006,144235.70825120882
Sat Mar 02 2024 10:00:00 GMT+0000 (Greenwich Mean Time),0.0302,0.0271,0.4012,35659.09001524958
Sat Mar 02 2024 11:00:00 GMT+0000 (Greenwich Mean Time),0.0302,0.0271,0.4012,0
Sat Mar 02 2024 12:00:00 GMT+0000 (Greenwich Mean Time),0.0302,0.0271,0.4011,12645.842061389181
Sat Mar 02 2024 13:00:00 GMT+0000 (Greenwich Mean Time),0.0302,0.0271,0.4012,423204.9856688724
Sat Mar 02 2024 14:00:00 GMT+0000 (Greenwich Mean Time),0.0302,0.0271,0.4014,1609031.353106595
Sat Mar 02 2024 15:00:00 GMT+0000 (Greenwich Mean Time),0.0302,0.0271,0.3985,1740727.26927676
Sat Mar 02 2024 16:00:00 GMT+0000 (Greenwich Mean Time),0.0302,0.0271,0.398,988561.1003522197
Sat Mar 02 2024 17:00:00 GMT+0000 (Greenwich Mean Time),0.0302,0.0271,0.3982,39076.68419733385
Sat Mar 02 2024 18:00:00 GMT+0000 (Greenwich Mean Time),0.0302,0.0271,0.3999,284894.39450585557
Sat Mar 02 2024 19:00:00 GMT+0000 (Greenwich Mean Time),0.0302,0.0271,0.4063,1205674.9911605765
Sat Mar 02 2024 20:00:00 GMT+0000 (Greenwich Mean Time),0.0302,0.0271,0.4009,887185.1431165573
Sat Mar 02 2024 21:00:00 GMT+0000 (Greenwich Mean Time),0.0302,0.0271,0.386,2624947.3692320934
Sat Mar 02 2024 22:00:00 GMT+0000 (Greenwich Mean Time),0.0302,0.0271,0.3818,769821.3835404563
Sat Mar 02 2024 23:00:00 GMT+0000 (Greenwich Mean Time),0.0302,0.0271,0.3811,129332.08669430317
Sun Mar 03 2024 00:00:00 GMT+0000 (Greenwich Mean Time),0.0302,0.0271,0.3813,37025.59517090031
Sun Mar 03 2024 01:00:00 GMT+0000 (Greenwich Mean Time),0.0302,0.0271,0.3828,301119.21805757884
Sun Mar 03 2024 02:00:00 GMT+0000 (Greenwich Mean Time),0.0302,0.0271,0.3829,32765.866073876114
Sun Mar 03 2024 03:00:00 GMT+0000 (Greenwich Mean Time),0.0302,0.0271,0.3832,50026.901248985414
Sun Mar 03 2024 04:00:00 GMT+0000 (Greenwich Mean Time),0.0302,0.0271,0.3828,107115.4982902901
Sun Mar 03 2024 05:00:00 GMT+0000 (Greenwich Mean Time),0.0302,0.0271,0.3763,1299803.1429544773
Sun Mar 03 2024 06:00:00 GMT+0000 (Greenwich Mean Time),0.0302,0.0271,0.3709,1110788.291521751
Sun Mar 03 2024 07:00:00 GMT+0000 (Greenwich Mean Time),0.0302,0.0271,0.371,143811.95273722004
Sun Mar 03 2024 08:00:00 GMT+0000 (Greenwich Mean Time),0.0302,0.0271,0.3741,757351.0505714519
Sun Mar 03 2024 09:00:00 GMT+0000 (Greenwich Mean Time),0.0302,0.0249,0.377,563318.3963730305
Sun Mar 03 2024 10:00:00 GMT+0000 (Greenwich Mean Time),0.0153,0.0271,0.3774,137928.3794161906
Sun Mar 03 2024 11:00:00 GMT+0000 (Greenwich Mean Time),0.0153,0.0271,0.3719,1569856.2234688746
Sun Mar 03 2024 12:00:00 GMT+0000 (Greenwich Mean Time),0.0153,0.0271,0.3721,1322.7225598451332
Sun Mar 03 2024 13:00:00 GMT+0000 (Greenwich Mean Time),0.0153,0.0271,0.3727,102724.79094135501
Sun Mar 03 2024 14:00:00 GMT+0000 (Greenwich Mean Time),0.0153,0.0271,0.3727,18418.875645579767
Sun Mar 03 2024 15:00:00 GMT+0000 (Greenwich Mean Time),0.0153,0.0271,0.3722,65426.23266601402
Sun Mar 03 2024 16:00:00 GMT+0000 (Greenwich Mean Time),0.0153,0.0271,0.3716,123314.49912701722
Sun Mar 03 2024 17:00:00 GMT+0000 (Greenwich Mean Time),0.0153,0.0271,0.3731,299331.1510621364
Sun Mar 03 2024 18:00:00 GMT+0000 (Greenwich Mean Time),0.0153,0.0271,0.3731,0
Sun Mar 03 2024 19:00:00 GMT+0000 (Greenwich Mean Time),0.0153,0.0271,0.3731,0
Sun Mar 03 2024 20:00:00 GMT+0000 (Greenwich Mean Time),0.0153,0.0271,0.3731,18660.874234236937
Sun Mar 03 2024 21:00:00 GMT+0000 (Greenwich Mean Time),0.0153,0.0271,0.3734,37968.87051777579
Sun Mar 03 2024 22:00:00 GMT+0000 (Greenwich Mean Time),0.0153,0.0271,0.3734,137866.44338901847
Sun Mar 03 2024 23:00:00 GMT+0000 (Greenwich Mean Time),0.0153,0.0271,0.3733,294727.68268642935
Mon Mar 04 2024 00:00:00 GMT+0000 (Greenwich Mean Time),0.0153,0.0271,0.371,446465.40105737484
Mon Mar 04 2024 01:00:00 GMT+0000 (Greenwich Mean Time),0.0153,0.0271,0.371,446364.5050660241
Mon Mar 04 2024 02:00:00 GMT+0000 (Greenwich Mean Time),0.0153,0.0271,0.3655,680847.8367362838
Mon Mar 04 2024 03:00:00 GMT+0000 (Greenwich Mean Time),0.0153,0.0271,0.3671,342310.111881451
Mon Mar 04 2024 04:00:00 GMT+0000 (Greenwich Mean Time),0.0153,0.0271,0.3668,1067284.726394236
Mon Mar 04 2024 05:00:00 GMT+0000 (Greenwich Mean Time),0.0153,0.0271,0.3678,397191.0839285027
Mon Mar 04 2024 06:00:00 GMT+0000 (Greenwich Mean Time),0.0153,0.0271,0.3706,597069.8231210203
Mon Mar 04 2024 07:00:00 GMT+0000 (Greenwich Mean Time),0.0153,0.0271,0.3726,416421.9966674642
Mon Mar 04 2024 08:00:00 GMT+0000 (Greenwich Mean Time),0.0153,0.0271,0.3662,2068429.7113338588
Mon Mar 04 2024 09:00:00 GMT+0000 (Greenwich Mean Time),0.0153,0.0233,0.3303,8736714.39584763
Mon Mar 04 2024 10:00:00 GMT+0000 (Greenwich Mean Time),0.0093,0.0247,0.3291,481918.86945219844
Mon Mar 04 2024 11:00:00 GMT+0000 (Greenwich Mean Time),0.0093,0.0247,0.3297,167594.36488477964
Mon Mar 04 2024 12:00:00 GMT+0000 (Greenwich Mean Time),0.0093,0.0247,0.3431,3194222.977789075
Mon Mar 04 2024 13:00:00 GMT+0000 (Greenwich Mean Time),0.0093,0.0247,0.3519,2256508.3367777746
Mon Mar 04 2024 14:00:00 GMT+0000 (Greenwich Mean Time),0.0093,0.0247,0.3537,402118.3299969674
Mon Mar 04 2024 15:00:00 GMT+0000 (Greenwich Mean Time),0.0093,0.0247,0.3537,0
Mon Mar 04 2024 16:00:00 GMT+0000 (Greenwich Mean Time),0.0093,0.0247,0.3537,0
Mon Mar 04 2024 17:00:00 GMT+0000 (Greenwich Mean Time),0.0093,0.0247,0.3571,1677463.4205170707
Mon Mar 04 2024 18:00:00 GMT+0000 (Greenwich Mean Time),0.0093,0.0247,0.3571,12891.478096082863
Mon Mar 04 2024 19:00:00 GMT+0000 (Greenwich Mean Time),0.0093,0.0247,0.3571,0
Mon Mar 04 2024 20:00:00 GMT+0000 (Greenwich Mean Time),0.0093,0.0247,0.3566,130737.0852731949
Mon Mar 04 2024 21:00:00 GMT+0000 (Greenwich Mean Time),0.0093,0.0247,0.3566,0
Mon Mar 04 2024 22:00:00 GMT+0000 (Greenwich Mean Time),0.0093,0.0247,0.3503,1427134.5164602674
Mon Mar 04 2024 23:00:00 GMT+0000 (Greenwich Mean Time),0.0093,0.0247,0.3507,84611.45485248131
Tue Mar 05 2024 00:00:00 GMT+0000 (Greenwich Mean Time),0.0093,0.0247,0.3511,103843.68169914337
Tue Mar 05 2024 01:00:00 GMT+0000 (Greenwich Mean Time),0.0093,0.0247,0.3491,643988.7325680782
Tue Mar 05 2024 02:00:00 GMT+0000 (Greenwich Mean Time),0.0093,0.0247,0.3498,685575.5104385081
Tue Mar 05 2024 03:00:00 GMT+0000 (Greenwich Mean Time),0.0093,0.0247,0.3516,758302.1143625666
Tue Mar 05 2024 04:00:00 GMT+0000 (Greenwich Mean Time),0.0093,0.0247,0.3516,0
Tue Mar 05 2024 05:00:00 GMT+0000 (Greenwich Mean Time),0.0093,0.0247,0.351,128124.59146722149
Tue Mar 05 2024 06:00:00 GMT+0000 (Greenwich Mean Time),0.0093,0.0247,0.3501,222256.15132495953
Tue Mar 05 2024 07:00:00 GMT+0000 (Greenwich Mean Time),0.0093,0.0247,0.3492,300698.71311196714
Tue Mar 05 2024 08:00:00 GMT+0000 (Greenwich Mean Time),0.0093,0.0247,0.3484,297810.26404077286
Tue Mar 05 2024 09:00:00 GMT+0000 (Greenwich Mean Time),0.0093,0.0247,0.354,1224680.0935821286
Tue Mar 05 2024 10:00:00 GMT+0000 (Greenwich Mean Time),0.028,0.0249,0.3643,2294445.907758624
Tue Mar 05 2024 11:00:00 GMT+0000 (Greenwich Mean Time),0.028,0.0249,0.3532,3819143.9508094992
Tue Mar 05 2024 12:00:00 GMT+0000 (Greenwich Mean Time),0.028,0.0249,0.3517,435130.43667351943
Tue Mar 05 2024 13:00:00 GMT+0000 (Greenwich Mean Time),0.028,0.0249,0.3489,648140.5405795635
Tue Mar 05 2024 14:00:00 GMT+0000 (Greenwich Mean Time),0.028,0.0249,0.3479,237130.08516918932
Tue Mar 05 2024 15:00:00 GMT+0000 (Greenwich Mean Time),0.028,0.0249,0.3479,3847.4385683543237
Tue Mar 05 2024 16:00:00 GMT+0000 (Greenwich Mean Time),0.028,0.0249,0.3501,1255143.4077754659
Tue Mar 05 2024 17:00:00 GMT+0000 (Greenwich Mean Time),0.028,0.0249,0.3613,2522023.890667467
Tue Mar 05 2024 18:00:00 GMT+0000 (Greenwich Mean Time),0.028,0.0249,0.3613,0
Tue Mar 05 2024 19:00:00 GMT+0000 (Greenwich Mean Time),0.028,0.0249,0.3613,0
Tue Mar 05 2024 20:00:00 GMT+0000 (Greenwich Mean Time),0.028,0.0249,0.3613,0
Tue Mar 05 2024 21:00:00 GMT+0000 (Greenwich Mean Time),0.028,0.0249,0.3656,869777.8862059406
Tue Mar 05 2024 22:00:00 GMT+0000 (Greenwich Mean Time),0.028,0.0249,0.3656,0
Tue Mar 05 2024 23:00:00 GMT+0000 (Greenwich Mean Time),0.028,0.0249,0.3656,183.0092759116772
Wed Mar 06 2024 00:00:00 GMT+0000 (Greenwich Mean Time),0.028,0.0249,0.3647,188648.1848881623
Wed Mar 06 2024 01:00:00 GMT+0000 (Greenwich Mean Time),0.028,0.0249,0.3647,0
Wed Mar 06 2024 02:00:00 GMT+0000 (Greenwich Mean Time),0.028,0.0249,0.3649,44966.60953589559
Wed Mar 06 2024 03:00:00 GMT+0000 (Greenwich Mean Time),0.028,0.0249,0.365,0
Wed Mar 06 2024 04:00:00 GMT+0000 (Greenwich Mean Time),0.028,0.0249,0.365,193847.21060312662
Wed Mar 06 2024 05:00:00 GMT+0000 (Greenwich Mean Time),0.028,0.0249,0.3649,9154.868673668168
Wed Mar 06 2024 06:00:00 GMT+0000 (Greenwich Mean Time),0.028,0.0249,0.3625,594573.3168814487
Wed Mar 06 2024 07:00:00 GMT+0000 (Greenwich Mean Time),0.028,0.0249,0.3634,931962.8952601278
Wed Mar 06 2024 08:00:00 GMT+0000 (Greenwich Mean Time),0.028,0.0249,0.3634,2422399.6330550467
Wed Mar 06 2024 09:00:00 GMT+0000 (Greenwich Mean Time),0.028,0.0249,0.3901,5664910.506637014
Wed Mar 06 2024 10:00:00 GMT+0000 (Greenwich Mean Time),0.0353,0.0256,0.4447,9919689.52658263
Wed Mar 06 2024 11:00:00 GMT+0000 (Greenwich Mean Time),0.0353,0.0256,0.4139,5111432.230009675
Wed Mar 06 2024 12:00:00 GMT+0000 (Greenwich Mean Time),0.0353,0.0256,0.4156,483809.16625627293
Wed Mar 06 2024 13:00:00 GMT+0000 (Greenwich Mean Time),0.0353,0.0256,0.3985,6179635.684491054
Wed Mar 06 2024 14:00:00 GMT+0000 (Greenwich Mean Time),0.0353,0.0256,0.3984,3099.7571602990815
Wed Mar 06 2024 15:00:00 GMT+0000 (Greenwich Mean Time),0.0353,0.0256,0.3944,1266988.8992931969
Wed Mar 06 2024 16:00:00 GMT+0000 (Greenwich Mean Time),0.0353,0.0256,0.3973,1140758.8383394633
Wed Mar 06 2024 17:00:00 GMT+0000 (Greenwich Mean Time),0.0353,0.0256,0.3847,2955823.857040145
Wed Mar 06 2024 18:00:00 GMT+0000 (Greenwich Mean Time),0.0353,0.0256,0.3841,154817.8321368706
Wed Mar 06 2024 19:00:00 GMT+0000 (Greenwich Mean Time),0.0353,0.0256,0.3841,231.1924474923673
Wed Mar 06 2024 20:00:00 GMT+0000 (Greenwich Mean Time),0.0353,0.0256,0.3841,0
Wed Mar 06 2024 21:00:00 GMT+0000 (Greenwich Mean Time),0.0353,0.0256,0.3841,0
Wed Mar 06 2024 22:00:00 GMT+0000 (Greenwich Mean Time),0.0353,0.0256,0.3993,3131764.245256257
Wed Mar 06 2024 23:00:00 GMT+0000 (Greenwich Mean Time),0.0353,0.0256,0.3993,608.7787392252272
Thu Mar 07 2024 00:00:00 GMT+0000 (Greenwich Mean Time),0.0353,0.0256,0.3993,0
Thu Mar 07 2024 01:00:00 GMT+0000 (Greenwich Mean Time),0.0353,0.0256,0.3993,0
Thu Mar 07 2024 02:00:00 GMT+0000 (Greenwich Mean Time),0.0353,0.0256,0.3984,2316066.721760557
Thu Mar 07 2024 03:00:00 GMT+0000 (Greenwich Mean Time),0.0353,0.0256,0.4016,1038139.1111421963
Thu Mar 07 2024 04:00:00 GMT+0000 (Greenwich Mean Time),0.0353,0.0256,0.4015,99430.9390401368
Thu Mar 07 2024 05:00:00 GMT+0000 (Greenwich Mean Time),0.0353,0.0256,0.4015,10236.280706918853
Thu Mar 07 2024 06:00:00 GMT+0000 (Greenwich Mean Time),0.0353,0.0256,0.4015,3159.4357579681014
Thu Mar 07 2024 07:00:00 GMT+0000 (Greenwich Mean Time),0.0353,0.0256,0.3943,3479597.0000748117
Thu Mar 07 2024 08:00:00 GMT+0000 (Greenwich Mean Time),0.0353,0.0256,0.3938,100526.47535605059
Thu Mar 07 2024 09:00:00 GMT+0000 (Greenwich Mean Time),0.0353,0.0256,0.3942,491408.9700356566
Thu Mar 07 2024 10:00:00 GMT+0000 (Greenwich Mean Time),0,0.0212,0.3962,20314.891698613294
Thu Mar 07 2024 11:00:00 GMT+0000 (Greenwich Mean Time),0.0369,0.0265,0.4,937966.5181927502
Thu Mar 07 2024 12:00:00 GMT+0000 (Greenwich Mean Time),0.0369,0.0265,0.3987,564867.5619644305
Thu Mar 07 2024 13:00:00 GMT+0000 (Greenwich Mean Time),0.0369,0.0265,0.3987,0
Thu Mar 07 2024 14:00:00 GMT+0000 (Greenwich Mean Time),0.0369,0.0265,0.4077,1640102.5353083876
Thu Mar 07 2024 15:00:00 GMT+0000 (Greenwich Mean Time),0.0369,0.0265,0.407,631900.9249212504
Thu Mar 07 2024 16:00:00 GMT+0000 (Greenwich Mean Time),0.0369,0.0265,0.3881,3593806.5217275564
Thu Mar 07 2024 17:00:00 GMT+0000 (Greenwich Mean Time),0.0369,0.0265,0.4191,5735435.649915684
Thu Mar 07 2024 18:00:00 GMT+0000 (Greenwich Mean Time),0.0369,0.0265,0.4191,0
Thu Mar 07 2024 19:00:00 GMT+0000 (Greenwich Mean Time),0.0369,0.0265,0.4186,97019.46698265994
Thu Mar 07 2024 20:00:00 GMT+0000 (Greenwich Mean Time),0.0369,0.0265,0.4186,0
Thu Mar 07 2024 21:00:00 GMT+0000 (Greenwich Mean Time),0.0369,0.0265,0.405,2413951.5959404726
Thu Mar 07 2024 22:00:00 GMT+0000 (Greenwich Mean Time),0.0369,0.0265,0.4052,40697.04735281807
Thu Mar 07 2024 23:00:00 GMT+0000 (Greenwich Mean Time),0.0369,0.0265,0.4215,2937599.34875275
Fri Mar 08 2024 00:00:00 GMT+0000 (Greenwich Mean Time),0.0369,0.0265,0.4197,247036.59604712733
Fri Mar 08 2024 01:00:00 GMT+0000 (Greenwich Mean Time),0.0369,0.0265,0.411,1578555.5095095548
Fri Mar 08 2024 02:00:00 GMT+0000 (Greenwich Mean Time),0.0369,0.0265,0.409,571555.741060464
Fri Mar 08 2024 03:00:00 GMT+0000 (Greenwich Mean Time),0.0369,0.0265,0.4094,76097.38665383273
Fri Mar 08 2024 04:00:00 GMT+0000 (Greenwich Mean Time),0.0369,0.0265,0.4091,61147.814150507074
Fri Mar 08 2024 05:00:00 GMT+0000 (Greenwich Mean Time),0.0369,0.0265,0.4065,479097.74790033366
Fri Mar 08 2024 06:00:00 GMT+0000 (Greenwich Mean Time),0.0369,0.0265,0.4061,90260.69864512236
Fri Mar 08 2024 07:00:00 GMT+0000 (Greenwich Mean Time),0.0369,0.0265,0.4064,591941.2946366033
Fri Mar 08 2024 08:00:00 GMT+0000 (Greenwich Mean Time),0.0369,0.0265,0.4069,239995.94400593988
Fri Mar 08 2024 09:00:00 GMT+0000 (Greenwich Mean Time),0.0369,0.0265,0.3965,2007748.1421307025
Fri Mar 08 2024 10:00:00 GMT+0000 (Greenwich Mean Time),0.0369,0.0221,0.3939,526683.4022412638
Fri Mar 08 2024 11:00:00 GMT+0000 (Greenwich Mean Time),0.0369,0.0274,0.3939,21679.543790513086
Fri Mar 08 2024 12:00:00 GMT+0000 (Greenwich Mean Time),0.0369,0.0274,0.3991,2455520.3099885597
Fri Mar 08 2024 13:00:00 GMT+0000 (Greenwich Mean Time),0.0369,0.0274,0.4045,1292458.3820649441
Fri Mar 08 2024 14:00:00 GMT+0000 (Greenwich Mean Time),0.0369,0.0274,0.4049,295118.2875495885
Fri Mar 08 2024 15:00:00 GMT+0000 (Greenwich Mean Time),0.0369,0.0274,0.4049,0
Fri Mar 08 2024 16:00:00 GMT+0000 (Greenwich Mean Time),0.0369,0.0274,0.4049,0
Fri Mar 08 2024 17:00:00 GMT+0000 (Greenwich Mean Time),0.0369,0.0274,0.4007,801983.6576509918
Fri Mar 08 2024 18:00:00 GMT+0000 (Greenwich Mean Time),0.0369,0.0274,0.4007,27073.093013125603
Fri Mar 08 2024 19:00:00 GMT+0000 (Greenwich Mean Time),0.0369,0.0274,0.4101,2356464.1430076156
Fri Mar 08 2024 20:00:00 GMT+0000 (Greenwich Mean Time),0.0369,0.0274,0.4101,0
Fri Mar 08 2024 21:00:00 GMT+0000 (Greenwich Mean Time),0.0369,0.0274,0.4048,978185.0119233476
Fri Mar 08 2024 22:00:00 GMT+0000 (Greenwich Mean Time),0.0369,0.0274,0.4048,413671.56166850217
Fri Mar 08 2024 23:00:00 GMT+0000 (Greenwich Mean Time),0.0369,0.0274,0.4057,249649.67406429147
Sat Mar 09 2024 00:00:00 GMT+0000 (Greenwich Mean Time),0.0369,0.0274,0.3997,1307691.4624005717
Sat Mar 09 2024 01:00:00 GMT+0000 (Greenwich Mean Time),0.0369,0.0274,0.3994,64754.35850147744
Sat Mar 09 2024 02:00:00 GMT+0000 (Greenwich Mean Time),0.0369,0.0274,0.3845,2999604.791543338
Sat Mar 09 2024 03:00:00 GMT+0000 (Greenwich Mean Time),0.0369,0.0274,0.3895,1417506.98057771
Sat Mar 09 2024 04:00:00 GMT+0000 (Greenwich Mean Time),0.0369,0.0274,0.3894,7148.326888297634
Sat Mar 09 2024 05:00:00 GMT+0000 (Greenwich Mean Time),0.0369,0.0274,0.3892,34743.555081433915
Sat Mar 09 2024 06:00:00 GMT+0000 (Greenwich Mean Time),0.0369,0.0274,0.389,50712.69152697827
Sat Mar 09 2024 07:00:00 GMT+0000 (Greenwich Mean Time),0.0369,0.0274,0.3887,383762.063312016
Sat Mar 09 2024 08:00:00 GMT+0000 (Greenwich Mean Time),0.0369,0.0274,0.3946,1382132.9318381816
Sat Mar 09 2024 09:00:00 GMT+0000 (Greenwich Mean Time),0.0369,0.0274,0.3946,0
Sat Mar 09 2024 10:00:00 GMT+0000 (Greenwich Mean Time),0.0369,0.023,0.394,132943.2205572129
Sat Mar 09 2024 11:00:00 GMT+0000 (Greenwich Mean Time),0.0364,0.0282,0.394,44811.036300661115
Sat Mar 09 2024 12:00:00 GMT+0000 (Greenwich Mean Time),0.0364,0.0282,0.3856,1989938.0323707762
Sat Mar 09 2024 13:00:00 GMT+0000 (Greenwich Mean Time),0.0364,0.0282,0.3856,0
Sat Mar 09 2024 14:00:00 GMT+0000 (Greenwich Mean Time),0.0364,0.0282,0.3857,15584.244301970744
Sat Mar 09 2024 15:00:00 GMT+0000 (Greenwich Mean Time),0.0364,0.0282,0.3856,45056.58681426328
Sat Mar 09 2024 16:00:00 GMT+0000 (Greenwich Mean Time),0.0364,0.0282,0.3883,747513.0170385974
Sat Mar 09 2024 17:00:00 GMT+0000 (Greenwich Mean Time),0.0364,0.0282,0.3884,14423.655932679909
Sat Mar 09 2024 18:00:00 GMT+0000 (Greenwich Mean Time),0.0364,0.0282,0.3894,208640.66733998066
Sat Mar 09 2024 19:00:00 GMT+0000 (Greenwich Mean Time),0.0364,0.0282,0.3894,894.6953233588291
Sat Mar 09 2024 20:00:00 GMT+0000 (Greenwich Mean Time),0.0364,0.0282,0.3894,0
Sat Mar 09 2024 21:00:00 GMT+0000 (Greenwich Mean Time),0.0364,0.0282,0.3894,0
Sat Mar 09 2024 22:00:00 GMT+0000 (Greenwich Mean Time),0.0364,0.0282,0.3898,104970.93448716743
Sat Mar 09 2024 23:00:00 GMT+0000 (Greenwich Mean Time),0.0364,0.0282,0.3898,9910.387409807487
Sun Mar 10 2024 00:00:00 GMT+0000 (Greenwich Mean Time),0.0364,0.0282,0.3894,65230.96853317966
Sun Mar 10 2024 01:00:00 GMT+0000 (Greenwich Mean Time),0.0364,0.0282,0.3894,0
Sun Mar 10 2024 02:00:00 GMT+0000 (Greenwich Mean Time),0.0364,0.0282,0.3894,0
Sun Mar 10 2024 03:00:00 GMT+0000 (Greenwich Mean Time),0.0364,0.0282,0.3893,31631.704352461213
Sun Mar 10 2024 04:00:00 GMT+0000 (Greenwich Mean Time),0.0364,0.0282,0.3901,741945.0020008634
Sun Mar 10 2024 05:00:00 GMT+0000 (Greenwich Mean Time),0.0364,0.0282,0.3906,308661.1448630486
Sun Mar 10 2024 06:00:00 GMT+0000 (Greenwich Mean Time),0.0364,0.0282,0.3905,7698.561680740434
Sun Mar 10 2024 07:00:00 GMT+0000 (Greenwich Mean Time),0.0364,0.0282,0.3853,1115984.0871054274
Sun Mar 10 2024 08:00:00 GMT+0000 (Greenwich Mean Time),0.0364,0.0282,0.3852,22874.221045556547
Sun Mar 10 2024 09:00:00 GMT+0000 (Greenwich Mean Time),0.0364,0.0282,0.384,245165.02919397145
Sun Mar 10 2024 10:00:00 GMT+0000 (Greenwich Mean Time),0.0364,0.026,0.3834,140773.85190077173
Sun Mar 10 2024 11:00:00 GMT+0000 (Greenwich Mean Time),0.0369,0.0313,0.3746,1925813.5424584828
Sun Mar 10 2024 12:00:00 GMT+0000 (Greenwich Mean Time),0.0369,0.0313,0.3736,266435.07534487685
Sun Mar 10 2024 13:00:00 GMT+0000 (Greenwich Mean Time),0.0369,0.0313,0.3718,401475.3461243125
Sun Mar 10 2024 14:00:00 GMT+0000 (Greenwich Mean Time),0.0369,0.0313,0.3703,316871.9598225541
Sun Mar 10 2024 15:00:00 GMT+0000 (Greenwich Mean Time),0.0369,0.0313,0.3665,845833.6055850801
Sun Mar 10 2024 16:00:00 GMT+0000 (Greenwich Mean Time),0.0369,0.0313,0.3664,27085.468537102264
Sun Mar 10 2024 17:00:00 GMT+0000 (Greenwich Mean Time),0.0369,0.0313,0.3664,0
Sun Mar 10 2024 18:00:00 GMT+0000 (Greenwich Mean Time),0.0369,0.0313,0.3608,3649081.7169959783
Sun Mar 10 2024 19:00:00 GMT+0000 (Greenwich Mean Time),0.0369,0.0313,0.3608,0
Sun Mar 10 2024 20:00:00 GMT+0000 (Greenwich Mean Time),0.0369,0.0313,0.3609,19038.18575089044
Sun Mar 10 2024 21:00:00 GMT+0000 (Greenwich Mean Time),0.0369,0.0313,0.3571,881740.3894617152
Sun Mar 10 2024 22:00:00 GMT+0000 (Greenwich Mean Time),0.0369,0.0313,0.3568,54489.600131606836
Sun Mar 10 2024 23:00:00 GMT+0000 (Greenwich Mean Time),0.0369,0.0313,0.3568,140.21920409286656
Mon Mar 11 2024 00:00:00 GMT+0000 (Greenwich Mean Time),0.0369,0.0313,0.3568,387.4688318312696
Mon Mar 11 2024 01:00:00 GMT+0000 (Greenwich Mean Time),0.0369,0.0313,0.3488,1969646.9265409003
Mon Mar 11 2024 02:00:00 GMT+0000 (Greenwich Mean Time),0.0369,0.0313,0.35,347843.6151046638
Mon Mar 11 2024 03:00:00 GMT+0000 (Greenwich Mean Time),0.0369,0.0313,0.3492,339583.2765644917
Mon Mar 11 2024 04:00:00 GMT+0000 (Greenwich Mean Time),0.0369,0.0313,0.3489,70748.70902186783
Mon Mar 11 2024 05:00:00 GMT+0000 (Greenwich Mean Time),0.0369,0.0313,0.3481,190022.15568622935
Mon Mar 11 2024 06:00:00 GMT+0000 (Greenwich Mean Time),0.0369,0.0313,0.3484,134973.56114795717
Mon Mar 11 2024 07:00:00 GMT+0000 (Greenwich Mean Time),0.0369,0.0313,0.3484,8876.800313481634
Mon Mar 11 2024 08:00:00 GMT+0000 (Greenwich Mean Time),0.0369,0.0313,0.3563,1923413.494524777
Mon Mar 11 2024 09:00:00 GMT+0000 (Greenwich Mean Time),0.0369,0.0313,0.3563,0
Mon Mar 11 2024 10:00:00 GMT+0000 (Greenwich Mean Time),0.0369,0.03,0.3564,89311.31411478514
Mon Mar 11 2024 11:00:00 GMT+0000 (Greenwich Mean Time),0.0313,0.0345,0.3599,829113.1424117588
Mon Mar 11 2024 12:00:00 GMT+0000 (Greenwich Mean Time),0.0313,0.0345,0.3599,15518.355494187643
Mon Mar 11 2024 13:00:00 GMT+0000 (Greenwich Mean Time),0.0313,0.0345,0.36,29290.26837574349
Mon Mar 11 2024 14:00:00 GMT+0000 (Greenwich Mean Time),0.0313,0.0345,0.36,0
Mon Mar 11 2024 15:00:00 GMT+0000 (Greenwich Mean Time),0.0313,0.0345,0.36,15433.515574139625
Mon Mar 11 2024 16:00:00 GMT+0000 (Greenwich Mean Time),0.0313,0.0345,0.36,0
Mon Mar 11 2024 17:00:00 GMT+0000 (Greenwich Mean Time),0.0313,0.0345,0.36,0
Mon Mar 11 2024 18:00:00 GMT+0000 (Greenwich Mean Time),0.0313,0.0345,0.3597,62811.98035453793
Mon Mar 11 2024 19:00:00 GMT+0000 (Greenwich Mean Time),0.0313,0.0345,0.36,137907.46192720515
Mon Mar 11 2024 20:00:00 GMT+0000 (Greenwich Mean Time),0.0313,0.0345,0.3595,116427.3990093241
Mon Mar 11 2024 21:00:00 GMT+0000 (Greenwich Mean Time),0.0313,0.0345,0.3597,43621.201088253954
Mon Mar 11 2024 22:00:00 GMT+0000 (Greenwich Mean Time),0.0313,0.0345,0.3555,1011237.4428131228
Mon Mar 11 2024 23:00:00 GMT+0000 (Greenwich Mean Time),0.0313,0.0345,0.3565,246258.07699243052
Tue Mar 12 2024 00:00:00 GMT+0000 (Greenwich Mean Time),0.0313,0.0345,0.3562,209764.53820235067
Tue Mar 12 2024 01:00:00 GMT+0000 (Greenwich Mean Time),0.0313,0.0345,0.3559,58939.39535317657
Tue Mar 12 2024 02:00:00 GMT+0000 (Greenwich Mean Time),0.0313,0.0345,0.3572,524359.4947776779
Tue Mar 12 2024 03:00:00 GMT+0000 (Greenwich Mean Time),0.0313,0.0345,0.3573,29682.994295353885
Tue Mar 12 2024 04:00:00 GMT+0000 (Greenwich Mean Time),0.0313,0.0345,0.3584,405933.9675779283
Tue Mar 12 2024 05:00:00 GMT+0000 (Greenwich Mean Time),0.0313,0.0345,0.3582,46560.67617212057
Tue Mar 12 2024 06:00:00 GMT+0000 (Greenwich Mean Time),0.0313,0.0345,0.3581,34613.85900624755
Tue Mar 12 2024 07:00:00 GMT+0000 (Greenwich Mean Time),0.0313,0.0345,0.342,4068228.839892919
Tue Mar 12 2024 08:00:00 GMT+0000 (Greenwich Mean Time),0.0313,0.0345,0.3422,168710.4799525965
Tue Mar 12 2024 09:00:00 GMT+0000 (Greenwich Mean Time),0.0313,0.0345,0.3417,444222.6045954849
Tue Mar 12 2024 10:00:00 GMT+0000 (Greenwich Mean Time),0.0313,0.0304,0.3418,32113.09239037347
Tue Mar 12 2024 11:00:00 GMT+0000 (Greenwich Mean Time),0.018,0.0331,0.3418,0
Tue Mar 12 2024 12:00:00 GMT+0000 (Greenwich Mean Time),0.018,0.0331,0.3413,126319.60269148188
Tue Mar 12 2024 13:00:00 GMT+0000 (Greenwich Mean Time),0.018,0.0331,0.3413,0
Tue Mar 12 2024 14:00:00 GMT+0000 (Greenwich Mean Time),0.018,0.0331,0.3434,1037246.5057774336
Tue Mar 12 2024 15:00:00 GMT+0000 (Greenwich Mean Time),0.018,0.0331,0.3706,6606887.126061704
Tue Mar 12 2024 16:00:00 GMT+0000 (Greenwich Mean Time),0.018,0.0331,0.3657,1169031.9185388163
Tue Mar 12 2024 17:00:00 GMT+0000 (Greenwich Mean Time),0.018,0.0331,0.3714,1718548.9797158428
Tue Mar 12 2024 18:00:00 GMT+0000 (Greenwich Mean Time),0.018,0.0331,0.3729,354876.8051356433
Tue Mar 12 2024 19:00:00 GMT+0000 (Greenwich Mean Time),0.018,0.0331,0.3736,251873.81205462042
Tue Mar 12 2024 20:00:00 GMT+0000 (Greenwich Mean Time),0.018,0.0331,0.3723,198426.9534910928
Tue Mar 12 2024 21:00:00 GMT+0000 (Greenwich Mean Time),0.018,0.0331,0.3719,79111.45171023828
Tue Mar 12 2024 22:00:00 GMT+0000 (Greenwich Mean Time),0.018,0.0331,0.3716,85650.1547215313
Tue Mar 12 2024 23:00:00 GMT+0000 (Greenwich Mean Time),0.018,0.0331,0.3718,42343.42688399489
Wed Mar 13 2024 00:00:00 GMT+0000 (Greenwich Mean Time),0.018,0.0331,0.3718,0
Wed Mar 13 2024 01:00:00 GMT+0000 (Greenwich Mean Time),0.018,0.0331,0.3712,203493.31977234478
Wed Mar 13 2024 02:00:00 GMT+0000 (Greenwich Mean Time),0.018,0.0331,0.372,339059.2961537302
Wed Mar 13 2024 03:00:00 GMT+0000 (Greenwich Mean Time),0.018,0.0331,0.371,238901.5994197133
Wed Mar 13 2024 04:00:00 GMT+0000 (Greenwich Mean Time),0.018,0.0331,0.371,0
Wed Mar 13 2024 05:00:00 GMT+0000 (Greenwich Mean Time),0.018,0.0331,0.3683,696599.9490853155
Wed Mar 13 2024 06:00:00 GMT+0000 (Greenwich Mean Time),0.018,0.0331,0.3682,977632.7417625986
Wed Mar 13 2024 07:00:00 GMT+0000 (Greenwich Mean Time),0.018,0.0331,0.3587,1344994.9775629397
Wed Mar 13 2024 08:00:00 GMT+0000 (Greenwich Mean Time),0.018,0.0331,0.3729,3375128.8177906643
Wed Mar 13 2024 09:00:00 GMT+0000 (Greenwich Mean Time),0.018,0.0331,0.3729,0
Wed Mar 13 2024 10:00:00 GMT+0000 (Greenwich Mean Time),0.018,0.028,0.373,11354.226067234395
Wed Mar 13 2024 11:00:00 GMT+0000 (Greenwich Mean Time),0.0261,0.0318,0.373,0
Wed Mar 13 2024 12:00:00 GMT+0000 (Greenwich Mean Time),0.0261,0.0318,0.3709,10054353.4039729
Wed Mar 13 2024 13:00:00 GMT+0000 (Greenwich Mean Time),0.0261,0.0318,0.3718,1742358.1574234948
Wed Mar 13 2024 14:00:00 GMT+0000 (Greenwich Mean Time),0.0261,0.0318,0.3714,153447.98049510142
Wed Mar 13 2024 15:00:00 GMT+0000 (Greenwich Mean Time),0.0261,0.0318,0.3714,0
Wed Mar 13 2024 16:00:00 GMT+0000 (Greenwich Mean Time),0.0261,0.0318,0.3623,2074771.8642724645
Wed Mar 13 2024 17:00:00 GMT+0000 (Greenwich Mean Time),0.0261,0.0318,0.3623,0
Wed Mar 13 2024 18:00:00 GMT+0000 (Greenwich Mean Time),0.0261,0.0318,0.3623,0
Wed Mar 13 2024 19:00:00 GMT+0000 (Greenwich Mean Time),0.0261,0.0318,0.3636,311124.5575904016
Wed Mar 13 2024 20:00:00 GMT+0000 (Greenwich Mean Time),0.0261,0.0318,0.3636,0
Wed Mar 13 2024 21:00:00 GMT+0000 (Greenwich Mean Time),0.0261,0.0318,0.3636,13513.760618165503
Wed Mar 13 2024 22:00:00 GMT+0000 (Greenwich Mean Time),0.0261,0.0318,0.3636,0
Wed Mar 13 2024 23:00:00 GMT+0000 (Greenwich Mean Time),0.0261,0.0318,0.3636,5253.339980750448
Thu Mar 14 2024 00:00:00 GMT+0000 (Greenwich Mean Time),0.0261,0.0318,0.3624,291186.5809645607
Thu Mar 14 2024 01:00:00 GMT+0000 (Greenwich Mean Time),0.0261,0.0318,0.3638,2446469.486687167
Thu Mar 14 2024 02:00:00 GMT+0000 (Greenwich Mean Time),0.0261,0.0318,0.3723,4896050.258881778
Thu Mar 14 2024 03:00:00 GMT+0000 (Greenwich Mean Time),0.0261,0.0318,0.3702,488022.09284514067
Thu Mar 14 2024 04:00:00 GMT+0000 (Greenwich Mean Time),0.0261,0.0318,0.3707,204359.09784939568
Thu Mar 14 2024 05:00:00 GMT+0000 (Greenwich Mean Time),0.0261,0.0318,0.3706,372893.82810358563
Thu Mar 14 2024 06:00:00 GMT+0000 (Greenwich Mean Time),0.0261,0.0318,0.3711,95872.99007611036
Thu Mar 14 2024 07:00:00 GMT+0000 (Greenwich Mean Time),0.0261,0.0318,0.3709,38544.07917663078
Thu Mar 14 2024 08:00:00 GMT+0000 (Greenwich Mean Time),0.0261,0.0318,0.3706,252450.51461391867
Thu Mar 14 2024 09:00:00 GMT+0000 (Greenwich Mean Time),0.0261,0.0318,0.3714,85162.19575856763
Thu Mar 14 2024 10:00:00 GMT+0000 (Greenwich Mean Time),0.0261,0.0318,0.3716,135413.38668179882
Thu Mar 14 2024 11:00:00 GMT+0000 (Greenwich Mean Time),0.0415,0.0324,0.3722,206844.1741707176
Thu Mar 14 2024 12:00:00 GMT+0000 (Greenwich Mean Time),0.0415,0.0324,0.3716,283906.44822554145
Thu Mar 14 2024 13:00:00 GMT+0000 (Greenwich Mean Time),0.0415,0.0324,0.3716,0
Thu Mar 14 2024 14:00:00 GMT+0000 (Greenwich Mean Time),0.0415,0.0324,0.3718,344614.37553076097
Thu Mar 14 2024 15:00:00 GMT+0000 (Greenwich Mean Time),0.0415,0.0324,0.3748,659442.3817617598
Thu Mar 14 2024 16:00:00 GMT+0000 (Greenwich Mean Time),0.0415,0.0324,0.3747,21802.636001120172
Thu Mar 14 2024 17:00:00 GMT+0000 (Greenwich Mean Time),0.0415,0.0324,0.375,2607320.7132648397
Thu Mar 14 2024 18:00:00 GMT+0000 (Greenwich Mean Time),0.0415,0.0324,0.3754,97505.72519324417
Thu Mar 14 2024 19:00:00 GMT+0000 (Greenwich Mean Time),0.0415,0.0324,0.3754,0
Thu Mar 14 2024 20:00:00 GMT+0000 (Greenwich Mean Time),0.0415,0.0324,0.3733,501388.5796238891
Thu Mar 14 2024 21:00:00 GMT+0000 (Greenwich Mean Time),0.0415,0.0324,0.3732,26173.32363601835
Thu Mar 14 2024 22:00:00 GMT+0000 (Greenwich Mean Time),0.0415,0.0324,0.3734,56095.39893413568
Thu Mar 14 2024 23:00:00 GMT+0000 (Greenwich Mean Time),0.0415,0.0324,0.3734,12431.64038072018
Fri Mar 15 2024 00:00:00 GMT+0000 (Greenwich Mean Time),0.0415,0.0324,0.373,88105.1032371376
Fri Mar 15 2024 01:00:00 GMT+0000 (Greenwich Mean Time),0.0415,0.0324,0.3726,70430.37945205628
Fri Mar 15 2024 02:00:00 GMT+0000 (Greenwich Mean Time),0.0415,0.0324,0.3714,287178.3042580257
Fri Mar 15 2024 03:00:00 GMT+0000 (Greenwich Mean Time),0.0415,0.0324,0.3791,1573397.493808578
Fri Mar 15 2024 04:00:00 GMT+0000 (Greenwich Mean Time),0.0415,0.0324,0.3806,329825.7090403258
Fri Mar 15 2024 05:00:00 GMT+0000 (Greenwich Mean Time),0.0415,0.0324,0.3807,99244.62600619555
Fri Mar 15 2024 06:00:00 GMT+0000 (Greenwich Mean Time),0.0415,0.0324,0.3803,741040.9233714058
Fri Mar 15 2024 07:00:00 GMT+0000 (Greenwich Mean Time),0.0415,0.0324,0.3797,127943.40624664618
Fri Mar 15 2024 08:00:00 GMT+0000 (Greenwich Mean Time),0.0415,0.0324,0.3812,449534.1411486129
Fri Mar 15 2024 09:00:00 GMT+0000 (Greenwich Mean Time),0.0415,0.0324,0.3646,3589372.870321693
Fri Mar 15 2024 10:00:00 GMT+0000 (Greenwich Mean Time),0.0415,0.0324,0.3644,168456.52159638505
Fri Mar 15 2024 11:00:00 GMT+0000 (Greenwich Mean Time),0.0419,0.0331,0.3731,1933874.2040353676
Fri Mar 15 2024 12:00:00 GMT+0000 (Greenwich Mean Time),0.0419,0.0331,0.3967,4717723.487183865
Fri Mar 15 2024 13:00:00 GMT+0000 (Greenwich Mean Time),0.0419,0.0331,0.4004,698747.079569763
Fri Mar 15 2024 14:00:00 GMT+0000 (Greenwich Mean Time),0.0419,0.0331,0.3971,1388666.2509340616
Fri Mar 15 2024 15:00:00 GMT+0000 (Greenwich Mean Time),0.0419,0.0331,0.3973,9860059.071919829
Fri Mar 15 2024 16:00:00 GMT+0000 (Greenwich Mean Time),0.0419,0.0331,0.3723,1448297.1170750144
Fri Mar 15 2024 17:00:00 GMT+0000 (Greenwich Mean Time),0.0419,0.0331,0.3725,29969.782749084257
Fri Mar 15 2024 18:00:00 GMT+0000 (Greenwich Mean Time),0.0419,0.0331,0.3912,3637728.0968871373
Fri Mar 15 2024 19:00:00 GMT+0000 (Greenwich Mean Time),0.0419,0.0331,0.3906,335577.78911314864
Fri Mar 15 2024 20:00:00 GMT+0000 (Greenwich Mean Time),0.0419,0.0331,0.3971,1519554.210507919
Fri Mar 15 2024 21:00:00 GMT+0000 (Greenwich Mean Time),0.0419,0.0331,0.4101,2703119.8549004723
Fri Mar 15 2024 22:00:00 GMT+0000 (Greenwich Mean Time),0.0419,0.0331,0.4101,0
Fri Mar 15 2024 23:00:00 GMT+0000 (Greenwich Mean Time),0.0419,0.0331,0.4101,3718.924269661547
Sat Mar 16 2024 00:00:00 GMT+0000 (Greenwich Mean Time),0.0419,0.0331,0.4099,593989.0484448506
Sat Mar 16 2024 01:00:00 GMT+0000 (Greenwich Mean Time),0.0419,0.0331,0.4104,272856.223543768
Sat Mar 16 2024 02:00:00 GMT+0000 (Greenwich Mean Time),0.0419,0.0331,0.4098,93059.14569369226
Sat Mar 16 2024 03:00:00 GMT+0000 (Greenwich Mean Time),0.0419,0.0331,0.409,135282.76890982248
Sat Mar 16 2024 04:00:00 GMT+0000 (Greenwich Mean Time),0.0419,0.0331,0.4082,159145.01834270978
Sat Mar 16 2024 05:00:00 GMT+0000 (Greenwich Mean Time),0.0419,0.0331,0.4066,325924.7106489718
Sat Mar 16 2024 06:00:00 GMT+0000 (Greenwich Mean Time),0.0419,0.0331,0.4081,706609.102463821
Sat Mar 16 2024 07:00:00 GMT+0000 (Greenwich Mean Time),0.0419,0.0331,0.4073,132230.15372407762
Sat Mar 16 2024 08:00:00 GMT+0000 (Greenwich Mean Time),0.0419,0.0331,0.407,78240.89572119067
Sat Mar 16 2024 09:00:00 GMT+0000 (Greenwich Mean Time),0.0419,0.0331,0.4083,232927.62446729178
Sat Mar 16 2024 10:00:00 GMT+0000 (Greenwich Mean Time),0.0419,0.0331,0.3978,1922178.343716231
Sat Mar 16 2024 11:00:00 GMT+0000 (Greenwich Mean Time),0,0.0279,0.3987,229776.33230946332
Sat Mar 16 2024 12:00:00 GMT+0000 (Greenwich Mean Time),0.0418,0.0339,0.3997,309785.1525266509
Sat Mar 16 2024 13:00:00 GMT+0000 (Greenwich Mean Time),0.0418,0.0339,0.3999,63977.01141867045
Sat Mar 16 2024 14:00:00 GMT+0000 (Greenwich Mean Time),0.0418,0.0339,0.4027,466002.0538439511
Sat Mar 16 2024 15:00:00 GMT+0000 (Greenwich Mean Time),0.0418,0.0339,0.4065,788746.7136170048
Sat Mar 16 2024 16:00:00 GMT+0000 (Greenwich Mean Time),0.0418,0.0339,0.3962,2516314.5718801813
Sat Mar 16 2024 17:00:00 GMT+0000 (Greenwich Mean Time),0.0418,0.0339,0.4061,1938260.751559594
Sat Mar 16 2024 18:00:00 GMT+0000 (Greenwich Mean Time),0.0418,0.0339,0.4076,365642.56630760303
Sat Mar 16 2024 19:00:00 GMT+0000 (Greenwich Mean Time),0.0418,0.0339,0.4082,815924.1379035367
Sat Mar 16 2024 20:00:00 GMT+0000 (Greenwich Mean Time),0.0418,0.0339,0.4107,661566.9119329634
Sat Mar 16 2024 21:00:00 GMT+0000 (Greenwich Mean Time),0.0418,0.0339,0.4125,297857.70876900555
Sat Mar 16 2024 22:00:00 GMT+0000 (Greenwich Mean Time),0.0418,0.0339,0.4125,693.5138532567826
Sat Mar 16 2024 23:00:00 GMT+0000 (Greenwich Mean Time),0.0418,0.0339,0.4204,3365738.6287890757
Sun Mar 17 2024 00:00:00 GMT+0000 (Greenwich Mean Time),0.0418,0.0339,0.4299,1765039.3432792267
Sun Mar 17 2024 01:00:00 GMT+0000 (Greenwich Mean Time),0.0418,0.0339,0.4167,3755366.9732638113
Sun Mar 17 2024 02:00:00 GMT+0000 (Greenwich Mean Time),0.0418,0.0339,0.417,2111572.0979344975
Sun Mar 17 2024 03:00:00 GMT+0000 (Greenwich Mean Time),0.0418,0.0339,0.4365,2944984.0654435665
Sun Mar 17 2024 04:00:00 GMT+0000 (Greenwich Mean Time),0.0418,0.0339,0.4329,661559.3818969338
Sun Mar 17 2024 05:00:00 GMT+0000 (Greenwich Mean Time),0.0418,0.0339,0.4552,3644515.7765874867
Sun Mar 17 2024 06:00:00 GMT+0000 (Greenwich Mean Time),0.0418,0.0339,0.4406,8295125.458392761
Sun Mar 17 2024 07:00:00 GMT+0000 (Greenwich Mean Time),0.0418,0.0339,0.4413,222287.91672622264
Sun Mar 17 2024 08:00:00 GMT+0000 (Greenwich Mean Time),0.0418,0.0339,0.4431,1213631.3974085236
Sun Mar 17 2024 09:00:00 GMT+0000 (Greenwich Mean Time),0.0418,0.0339,0.4515,1127393.974157431
Sun Mar 17 2024 10:00:00 GMT+0000 (Greenwich Mean Time),0.0418,0.0339,0.4437,4896129.630145969
Sun Mar 17 2024 11:00:00 GMT+0000 (Greenwich Mean Time),0.0418,0.0286,0.4447,192630.9893083992
Sun Mar 17 2024 12:00:00 GMT+0000 (Greenwich Mean Time),0.0419,0.0346,0.4454,997967.407769416
Sun Mar 17 2024 13:00:00 GMT+0000 (Greenwich Mean Time),0.0419,0.0346,0.4458,137746.6726190042
Sun Mar 17 2024 14:00:00 GMT+0000 (Greenwich Mean Time),0.0419,0.0346,0.4481,1050532.4447669417
Sun Mar 17 2024 15:00:00 GMT+0000 (Greenwich Mean Time),0.0419,0.0346,0.4508,1026636.4296620522
Sun Mar 17 2024 16:00:00 GMT+0000 (Greenwich Mean Time),0.0419,0.0346,0.4396,3063826.2667321274
Sun Mar 17 2024 17:00:00 GMT+0000 (Greenwich Mean Time),0.0419,0.0346,0.4481,1437907.8668719688
Sun Mar 17 2024 18:00:00 GMT+0000 (Greenwich Mean Time),0.0419,0.0346,0.4501,318994.95840304566
Sun Mar 17 2024 19:00:00 GMT+0000 (Greenwich Mean Time),0.0419,0.0346,0.4547,449715.21759769775
Sun Mar 17 2024 20:00:00 GMT+0000 (Greenwich Mean Time),0.0419,0.0346,0.4563,493526.5150195131
Sun Mar 17 2024 21:00:00 GMT+0000 (Greenwich Mean Time),0.0419,0.0346,0.4583,274763.9015378769
Sun Mar 17 2024 22:00:00 GMT+0000 (Greenwich Mean Time),0.0419,0.0346,0.4588,74191.79878069524
Sun Mar 17 2024 23:00:00 GMT+0000 (Greenwich Mean Time),0.0419,0.0346,0.4614,300235.8242988352
Mon Mar 18 2024 00:00:00 GMT+0000 (Greenwich Mean Time),0.0419,0.0346,0.4531,2168701.812735577
Mon Mar 18 2024 01:00:00 GMT+0000 (Greenwich Mean Time),0.0419,0.0346,0.4531,144734.45241197513
Mon Mar 18 2024 02:00:00 GMT+0000 (Greenwich Mean Time),0.0419,0.0346,0.4411,1732696.4680277393
Mon Mar 18 2024 03:00:00 GMT+0000 (Greenwich Mean Time),0.0419,0.0346,0.452,5893932.606470782
Mon Mar 18 2024 04:00:00 GMT+0000 (Greenwich Mean Time),0.0419,0.0346,0.4595,940892.768791715
Mon Mar 18 2024 05:00:00 GMT+0000 (Greenwich Mean Time),0.0419,0.0346,0.4651,2226210.2556910096
Mon Mar 18 2024 06:00:00 GMT+0000 (Greenwich Mean Time),0.0419,0.0346,0.4573,1525084.0352759573
Mon Mar 18 2024 07:00:00 GMT+0000 (Greenwich Mean Time),0.0419,0.0346,0.4535,7211421.173316856
Mon Mar 18 2024 08:00:00 GMT+0000 (Greenwich Mean Time),0.0419,0.0346,0.4567,397713.7517112763
Mon Mar 18 2024 09:00:00 GMT+0000 (Greenwich Mean Time),0.0419,0.0346,0.4579,407990.33852166246
Mon Mar 18 2024 10:00:00 GMT+0000 (Greenwich Mean Time),0.0419,0.0346,0.4636,1026915.862250395
Mon Mar 18 2024 11:00:00 GMT+0000 (Greenwich Mean Time),0.0419,0.0301,0.4636,596726.5229716771
Mon Mar 18 2024 12:00:00 GMT+0000 (Greenwich Mean Time),0.0425,0.0362,0.4885,6496008.681187009
Mon Mar 18 2024 13:00:00 GMT+0000 (Greenwich Mean Time),0.0425,0.0362,0.488,3220163.432247496
Mon Mar 18 2024 14:00:00 GMT+0000 (Greenwich Mean Time),0.0425,0.0362,0.4944,2956007.590472047
Mon Mar 18 2024 15:00:00 GMT+0000 (Greenwich Mean Time),0.0425,0.0362,0.5003,3979280.1676614136
Mon Mar 18 2024 16:00:00 GMT+0000 (Greenwich Mean Time),0.0425,0.0362,0.508,5827284.129771093
Mon Mar 18 2024 17:00:00 GMT+0000 (Greenwich Mean Time),0.0425,0.0362,0.4919,1033291.7240598447
Mon Mar 18 2024 18:00:00 GMT+0000 (Greenwich Mean Time),0.0425,0.0362,0.4872,793134.7431960448
Mon Mar 18 2024 19:00:00 GMT+0000 (Greenwich Mean Time),0.0425,0.0362,0.4965,730650.306894086
Mon Mar 18 2024 20:00:00 GMT+0000 (Greenwich Mean Time),0.0425,0.0362,0.5035,633487.6816869884
Mon Mar 18 2024 21:00:00 GMT+0000 (Greenwich Mean Time),0.0425,0.0362,0.5048,1142696.349966425
Mon Mar 18 2024 22:00:00 GMT+0000 (Greenwich Mean Time),0.0425,0.0362,0.4956,539922.1912554431
Mon Mar 18 2024 23:00:00 GMT+0000 (Greenwich Mean Time),0.0425,0.0362,0.4922,662914.2868252537
Tue Mar 19 2024 00:00:00 GMT+0000 (Greenwich Mean Time),0.0425,0.0362,0.4952,1612014.8870296115
Tue Mar 19 2024 01:00:00 GMT+0000 (Greenwich Mean Time),0.0425,0.0362,0.524,2410788.613776319
Tue Mar 19 2024 02:00:00 GMT+0000 (Greenwich Mean Time),0.0425,0.0362,0.5038,1699608.544956143
Tue Mar 19 2024 03:00:00 GMT+0000 (Greenwich Mean Time),0.0425,0.0362,0.5072,282706.0123923283
Tue Mar 19 2024 04:00:00 GMT+0000 (Greenwich Mean Time),0.0425,0.0362,0.4765,3417195.389701214
Tue Mar 19 2024 05:00:00 GMT+0000 (Greenwich Mean Time),0.0425,0.0362,0.4776,108446.98003208486
Tue Mar 19 2024 06:00:00 GMT+0000 (Greenwich Mean Time),0.0425,0.0362,0.4844,783440.4512220474
Tue Mar 19 2024 07:00:00 GMT+0000 (Greenwich Mean Time),0.0425,0.0362,0.4813,673631.5924534607
Tue Mar 19 2024 08:00:00 GMT+0000 (Greenwich Mean Time),0.0425,0.0362,0.4854,327153.25585416827
Tue Mar 19 2024 09:00:00 GMT+0000 (Greenwich Mean Time),0.0425,0.0362,0.4786,685333.3164226203
Tue Mar 19 2024 10:00:00 GMT+0000 (Greenwich Mean Time),0.0425,0.0362,0.4789,714371.7095683442
Tue Mar 19 2024 11:00:00 GMT+0000 (Greenwich Mean Time),0.0425,0.0336,0.4574,2350576.5702473675
Tue Mar 19 2024 12:00:00 GMT+0000 (Greenwich Mean Time),0.0369,0.0389,0.4803,2391698.798326671
Tue Mar 19 2024 13:00:00 GMT+0000 (Greenwich Mean Time),0.0369,0.0389,0.4898,2950691.074455876
Tue Mar 19 2024 14:00:00 GMT+0000 (Greenwich Mean Time),0.0369,0.0389,0.5509,5314578.56268845
Tue Mar 19 2024 15:00:00 GMT+0000 (Greenwich Mean Time),0.0369,0.0389,0.5893,8512584.933830889
Tue Mar 19 2024 16:00:00 GMT+0000 (Greenwich Mean Time),0.0369,0.0389,0.5757,4457128.708401427
Tue Mar 19 2024 17:00:00 GMT+0000 (Greenwich Mean Time),0.0369,0.0389,0.5821,3363524.3174761906
Tue Mar 19 2024 18:00:00 GMT+0000 (Greenwich Mean Time),0.0369,0.0389,0.6279,2501733.181780778
Tue Mar 19 2024 19:00:00 GMT+0000 (Greenwich Mean Time),0.0369,0.0389,0.6302,1032404.1307168195
Tue Mar 19 2024 20:00:00 GMT+0000 (Greenwich Mean Time),0.0369,0.0389,0.613,975351.1125377786
Tue Mar 19 2024 21:00:00 GMT+0000 (Greenwich Mean Time),0.0369,0.0389,0.6129,1178073.2737812328
Tue Mar 19 2024 22:00:00 GMT+0000 (Greenwich Mean Time),0.0369,0.0389,0.602,686929.7451881191
Tue Mar 19 2024 23:00:00 GMT+0000 (Greenwich Mean Time),0.0369,0.0389,0.6027,110189.97328938807
Wed Mar 20 2024 00:00:00 GMT+0000 (Greenwich Mean Time),0.0369,0.0389,0.6041,995.8331777956735
Wed Mar 20 2024 01:00:00 GMT+0000 (Greenwich Mean Time),0.0369,0.0389,0.557,3336675.5088038603
Wed Mar 20 2024 02:00:00 GMT+0000 (Greenwich Mean Time),0.0369,0.0389,0.5267,6208418.70934532
Wed Mar 20 2024 03:00:00 GMT+0000 (Greenwich Mean Time),0.0369,0.0389,0.5386,3006685.95307428
Wed Mar 20 2024 04:00:00 GMT+0000 (Greenwich Mean Time),0.0369,0.0389,0.5154,2454276.144141117
Wed Mar 20 2024 05:00:00 GMT+0000 (Greenwich Mean Time),0.0369,0.0389,0.5177,927932.4230935719
Wed Mar 20 2024 06:00:00 GMT+0000 (Greenwich Mean Time),0.0369,0.0389,0.4819,7981984.031953447
Wed Mar 20 2024 07:00:00 GMT+0000 (Greenwich Mean Time),0.0369,0.0389,0.4515,6480961.158433523
Wed Mar 20 2024 08:00:00 GMT+0000 (Greenwich Mean Time),0.0369,0.0389,0.5249,7244806.134516447
Wed Mar 20 2024 09:00:00 GMT+0000 (Greenwich Mean Time),0.0369,0.0389,0.5109,6335826.287311227
Wed Mar 20 2024 10:00:00 GMT+0000 (Greenwich Mean Time),0.0369,0.0389,0.5885,5818968.883394612
Wed Mar 20 2024 11:00:00 GMT+0000 (Greenwich Mean Time),0.0369,0.0351,0.5949,1706414.4973391634
Wed Mar 20 2024 12:00:00 GMT+0000 (Greenwich Mean Time),0.0369,0.0405,0.5728,1980662.305548754
Wed Mar 20 2024 13:00:00 GMT+0000 (Greenwich Mean Time),0.0369,0.0405,0.5663,3773699.3245814275
Wed Mar 20 2024 14:00:00 GMT+0000 (Greenwich Mean Time),0.0369,0.0405,0.5377,4542667.69293373
Wed Mar 20 2024 15:00:00 GMT+0000 (Greenwich Mean Time),0.0369,0.0405,0.5305,4114945.520229061
Wed Mar 20 2024 16:00:00 GMT+0000 (Greenwich Mean Time),0.0369,0.0405,0.5281,2664189.6276664613
Wed Mar 20 2024 17:00:00 GMT+0000 (Greenwich Mean Time),0.0369,0.0405,0.5195,1321574.1126614234
Wed Mar 20 2024 18:00:00 GMT+0000 (Greenwich Mean Time),0.0369,0.0405,0.5277,606071.2398167439
Wed Mar 20 2024 19:00:00 GMT+0000 (Greenwich Mean Time),0.0369,0.0405,0.5183,1735519.2127646762
Wed Mar 20 2024 20:00:00 GMT+0000 (Greenwich Mean Time),0.0369,0.0405,0.5574,3739160.090451101
Wed Mar 20 2024 21:00:00 GMT+0000 (Greenwich Mean Time),0.0369,0.0405,0.5852,3095187.155284361
Wed Mar 20 2024 22:00:00 GMT+0000 (Greenwich Mean Time),0.0369,0.0405,0.5885,940603.7927328048
Wed Mar 20 2024 23:00:00 GMT+0000 (Greenwich Mean Time),0.0369,0.0405,0.6199,2683386.033552279
Thu Mar 21 2024 00:00:00 GMT+0000 (Greenwich Mean Time),0.0369,0.0405,0.5922,1739000.202758324
Thu Mar 21 2024 01:00:00 GMT+0000 (Greenwich Mean Time),0.0369,0.0405,0.5789,3964072.3364067897
Thu Mar 21 2024 02:00:00 GMT+0000 (Greenwich Mean Time),0.0369,0.0405,0.5707,2785369.2995042456
Thu Mar 21 2024 03:00:00 GMT+0000 (Greenwich Mean Time),0.0369,0.0405,0.5746,3853219.800431135
Thu Mar 21 2024 04:00:00 GMT+0000 (Greenwich Mean Time),0.0369,0.0405,0.6013,1172706.3019897086
Thu Mar 21 2024 05:00:00 GMT+0000 (Greenwich Mean Time),0.0369,0.0405,0.6151,669561.5322933681
Thu Mar 21 2024 06:00:00 GMT+0000 (Greenwich Mean Time),0.0369,0.0405,0.5973,2891872.7483710656
Thu Mar 21 2024 07:00:00 GMT+0000 (Greenwich Mean Time),0.0369,0.0405,0.6009,654500.1520394211
Thu Mar 21 2024 08:00:00 GMT+0000 (Greenwich Mean Time),0.0369,0.0405,0.6328,2103497.063633548
Thu Mar 21 2024 09:00:00 GMT+0000 (Greenwich Mean Time),0.0369,0.0405,0.5954,4445457.04599967
Thu Mar 21 2024 10:00:00 GMT+0000 (Greenwich Mean Time),0.0369,0.0405,0.538,5046688.066765717
Thu Mar 21 2024 11:00:00 GMT+0000 (Greenwich Mean Time),0.0369,0.0345,0.5662,4503283.7473201165
Thu Mar 21 2024 12:00:00 GMT+0000 (Greenwich Mean Time),0.0099,0.0359,0.5726,1482927.5712945652
Thu Mar 21 2024 13:00:00 GMT+0000 (Greenwich Mean Time),0.0099,0.0359,0.5381,7524674.658898585
Thu Mar 21 2024 14:00:00 GMT+0000 (Greenwich Mean Time),0.0099,0.0359,0.5774,5181557.936615925
Thu Mar 21 2024 15:00:00 GMT+0000 (Greenwich Mean Time),0.0099,0.0359,0.5455,8673146.979771372
Thu Mar 21 2024 16:00:00 GMT+0000 (Greenwich Mean Time),0.0099,0.0359,0.52,2962281.283030315
Thu Mar 21 2024 17:00:00 GMT+0000 (Greenwich Mean Time),0.0099,0.0359,0.5345,3856425.1749547347
Thu Mar 21 2024 18:00:00 GMT+0000 (Greenwich Mean Time),0.0099,0.0359,0.5068,2153871.0095556965
Thu Mar 21 2024 19:00:00 GMT+0000 (Greenwich Mean Time),0.0099,0.0359,0.5272,1668122.2957634646
Thu Mar 21 2024 20:00:00 GMT+0000 (Greenwich Mean Time),0.0099,0.0359,0.5458,1335771.117363271
Thu Mar 21 2024 21:00:00 GMT+0000 (Greenwich Mean Time),0.0099,0.0359,0.5599,893813.1329231432
Thu Mar 21 2024 22:00:00 GMT+0000 (Greenwich Mean Time),0.0099,0.0359,0.5642,1956902.593857991
Thu Mar 21 2024 23:00:00 GMT+0000 (Greenwich Mean Time),0.0099,0.0359,0.571,435395.79913080385
Fri Mar 22 2024 00:00:00 GMT+0000 (Greenwich Mean Time),0.0099,0.0359,0.543,2582783.855053238
Fri Mar 22 2024 01:00:00 GMT+0000 (Greenwich Mean Time),0.0099,0.0359,0.5461,192419.16007882621
Fri Mar 22 2024 02:00:00 GMT+0000 (Greenwich Mean Time),0.0099,0.0359,0.551,860274.3179044116
Fri Mar 22 2024 03:00:00 GMT+0000 (Greenwich Mean Time),0.0099,0.0359,0.5793,2995706.999926649
Fri Mar 22 2024 04:00:00 GMT+0000 (Greenwich Mean Time),0.0099,0.0359,0.5675,925154.7524226145
Fri Mar 22 2024 05:00:00 GMT+0000 (Greenwich Mean Time),0.0099,0.0359,0.5823,815030.0394260986
Fri Mar 22 2024 06:00:00 GMT+0000 (Greenwich Mean Time),0.0099,0.0359,0.6023,1131544.2581215152
Fri Mar 22 2024 07:00:00 GMT+0000 (Greenwich Mean Time),0.0099,0.0359,0.5953,1587335.3497931007
Fri Mar 22 2024 08:00:00 GMT+0000 (Greenwich Mean Time),0.0099,0.0359,0.5615,4233656.341947124
Fri Mar 22 2024 09:00:00 GMT+0000 (Greenwich Mean Time),0.0099,0.0359,0.5741,1410827.860226197
Fri Mar 22 2024 10:00:00 GMT+0000 (Greenwich Mean Time),0.0099,0.0359,0.5991,6004000.6265937295
Fri Mar 22 2024 11:00:00 GMT+0000 (Greenwich Mean Time),0.0099,0.0359,0.6144,2492630.9029824827
Fri Mar 22 2024 12:00:00 GMT+0000 (Greenwich Mean Time),0.0224,0.0331,0.5827,3923949.127383434
Fri Mar 22 2024 13:00:00 GMT+0000 (Greenwich Mean Time),0.0224,0.0331,0.5864,1620608.5635932183
Fri Mar 22 2024 14:00:00 GMT+0000 (Greenwich Mean Time),0.0224,0.0331,0.5992,2461146.504979375
Fri Mar 22 2024 15:00:00 GMT+0000 (Greenwich Mean Time),0.0224,0.0331,0.6037,645458.3651590573
Fri Mar 22 2024 16:00:00 GMT+0000 (Greenwich Mean Time),0.0224,0.0331,0.6325,2008968.865407343
Fri Mar 22 2024 17:00:00 GMT+0000 (Greenwich Mean Time),0.0224,0.0331,0.6035,2847675.0611649295
Fri Mar 22 2024 18:00:00 GMT+0000 (Greenwich Mean Time),0.0224,0.0331,0.6066,3233749.672231726
Fri Mar 22 2024 19:00:00 GMT+0000 (Greenwich Mean Time),0.0224,0.0331,0.5958,2911751.481545344
Fri Mar 22 2024 20:00:00 GMT+0000 (Greenwich Mean Time),0.0224,0.0331,0.6056,692425.82644617
Fri Mar 22 2024 21:00:00 GMT+0000 (Greenwich Mean Time),0.0224,0.0331,0.6296,1047256.8835258662
Fri Mar 22 2024 22:00:00 GMT+0000 (Greenwich Mean Time),0.0224,0.0331,0.6331,139653.45324755355
Fri Mar 22 2024 23:00:00 GMT+0000 (Greenwich Mean Time),0.0224,0.0331,0.632,63417.321767114336
Sat Mar 23 2024 00:00:00 GMT+0000 (Greenwich Mean Time),0.0224,0.0331,0.6326,1575013.4775046078
Sat Mar 23 2024 01:00:00 GMT+0000 (Greenwich Mean Time),0.0224,0.0331,0.6273,742937.2210205472
Sat Mar 23 2024 02:00:00 GMT+0000 (Greenwich Mean Time),0.0224,0.0331,0.6219,814597.3418633546
Sat Mar 23 2024 03:00:00 GMT+0000 (Greenwich Mean Time),0.0224,0.0331,0.5994,2044171.262068184
Sat Mar 23 2024 04:00:00 GMT+0000 (Greenwich Mean Time),0.0224,0.0331,0.6331,1358574.4699014362
Sat Mar 23 2024 05:00:00 GMT+0000 (Greenwich Mean Time),0.0224,0.0331,0.626,522499.4460724329
Sat Mar 23 2024 06:00:00 GMT+0000 (Greenwich Mean Time),0.0224,0.0331,0.6289,310487.45254872227
Sat Mar 23 2024 07:00:00 GMT+0000 (Greenwich Mean Time),0.0224,0.0331,0.6225,1245082.5500705207
Sat Mar 23 2024 08:00:00 GMT+0000 (Greenwich Mean Time),0.0224,0.0331,0.6206,818859.5772602585
Sat Mar 23 2024 09:00:00 GMT+0000 (Greenwich Mean Time),0.0224,0.0331,0.6152,1113326.669571803
Sat Mar 23 2024 10:00:00 GMT+0000 (Greenwich Mean Time),0.0224,0.0331,0.6076,906235.7219263387
Sat Mar 23 2024 11:00:00 GMT+0000 (Greenwich Mean Time),0.0224,0.0331,0.6238,725555.52906084
Sat Mar 23 2024 12:00:00 GMT+0000 (Greenwich Mean Time),0.0302,0.0315,0.6331,1716787.9380993787
Sat Mar 23 2024 13:00:00 GMT+0000 (Greenwich Mean Time),0.0302,0.0315,0.6332,335730.4783614343
Sat Mar 23 2024 14:00:00 GMT+0000 (Greenwich Mean Time),0.0302,0.0315,0.6325,1861375.965070003
Sat Mar 23 2024 15:00:00 GMT+0000 (Greenwich Mean Time),0.0302,0.0315,0.6332,256570.03272271546
Sat Mar 23 2024 16:00:00 GMT+0000 (Greenwich Mean Time),0.0302,0.0315,0.6327,1436192.274036563
Sat Mar 23 2024 17:00:00 GMT+0000 (Greenwich Mean Time),0.0302,0.0315,0.6332,20354.180883353823
Sat Mar 23 2024 18:00:00 GMT+0000 (Greenwich Mean Time),0.0302,0.0315,0.6331,311422.3460381984
Sat Mar 23 2024 19:00:00 GMT+0000 (Greenwich Mean Time),0.0302,0.0315,0.6332,55235.51898706975
Sat Mar 23 2024 20:00:00 GMT+0000 (Greenwich Mean Time),0.0302,0.0315,0.6332,2654.955949593269
Sat Mar 23 2024 21:00:00 GMT+0000 (Greenwich Mean Time),0.0302,0.0315,0.6332,18903.749334305186
Sat Mar 23 2024 22:00:00 GMT+0000 (Greenwich Mean Time),0.0302,0.0315,0.6332,112096.61718569964
Sat Mar 23 2024 23:00:00 GMT+0000 (Greenwich Mean Time),0.0302,0.0315,0.6332,70.17557254233421
Sun Mar 24 2024 00:00:00 GMT+0000 (Greenwich Mean Time),0.0302,0.0315,0.6332,74240.6103602906
Sun Mar 24 2024 01:00:00 GMT+0000 (Greenwich Mean Time),0.0302,0.0315,0.6294,334671.68766597577
Sun Mar 24 2024 02:00:00 GMT+0000 (Greenwich Mean Time),0.0302,0.0315,0.6332,151484.48681875961
Sun Mar 24 2024 03:00:00 GMT+0000 (Greenwich Mean Time),0.0302,0.0315,0.6316,323445.7823813597
Sun Mar 24 2024 04:00:00 GMT+0000 (Greenwich Mean Time),0.0302,0.0315,0.6332,61521.374014267865
Sun Mar 24 2024 05:00:00 GMT+0000 (Greenwich Mean Time),0.0302,0.0315,0.6332,777851.0839858316
Sun Mar 24 2024 06:00:00 GMT+0000 (Greenwich Mean Time),0.0302,0.0315,0.6332,981698.3975914933
Sun Mar 24 2024 07:00:00 GMT+0000 (Greenwich Mean Time),0.0302,0.0315,0.6332,445478.54898727394
Sun Mar 24 2024 08:00:00 GMT+0000 (Greenwich Mean Time),0.0302,0.0315,0.6309,292581.952244519
Sun Mar 24 2024 09:00:00 GMT+0000 (Greenwich Mean Time),0.0302,0.0315,0.6329,246610.93503042584
Sun Mar 24 2024 10:00:00 GMT+0000 (Greenwich Mean Time),0.0302,0.0315,0.6332,55843.76882627461
Sun Mar 24 2024 11:00:00 GMT+0000 (Greenwich Mean Time),0.0302,0.0315,0.6332,390672.8531471016
Sun Mar 24 2024 12:00:00 GMT+0000 (Greenwich Mean Time),0,0.0254,0.6332,305908.12954230513
Sun Mar 24 2024 13:00:00 GMT+0000 (Greenwich Mean Time),0.0295,0.0297,0.6329,367905.5249396185
Sun Mar 24 2024 14:00:00 GMT+0000 (Greenwich Mean Time),0.0295,0.0297,0.6313,293823.2633223635
Sun Mar 24 2024 15:00:00 GMT+0000 (Greenwich Mean Time),0.0295,0.0297,0.633,1180500.1538482453
Sun Mar 24 2024 16:00:00 GMT+0000 (Greenwich Mean Time),0.0295,0.0297,0.6135,1467226.4474856637
Sun Mar 24 2024 17:00:00 GMT+0000 (Greenwich Mean Time),0.0295,0.0297,0.6332,741758.1088805074
Sun Mar 24 2024 18:00:00 GMT+0000 (Greenwich Mean Time),0.0295,0.0297,0.6326,480268.31522631063
Sun Mar 24 2024 19:00:00 GMT+0000 (Greenwich Mean Time),0.0295,0.0297,0.6332,47849.44783628867
Sun Mar 24 2024 20:00:00 GMT+0000 (Greenwich Mean Time),0.0295,0.0297,0.633,276546.1200045492
Sun Mar 24 2024 21:00:00 GMT+0000 (Greenwich Mean Time),0.0295,0.0297,0.6331,698193.4223756639
Sun Mar 24 2024 22:00:00 GMT+0000 (Greenwich Mean Time),0.0295,0.0297,0.6332,962530.7272024583
Sun Mar 24 2024 23:00:00 GMT+0000 (Greenwich Mean Time),0.0295,0.0297,0.4881,11586699.625273973
Mon Mar 25 2024 00:00:00 GMT+0000 (Greenwich Mean Time),0.0295,0.0297,0.5818,6989837.922805243
Mon Mar 25 2024 01:00:00 GMT+0000 (Greenwich Mean Time),0.0295,0.0297,0.5827,3329350.613119182
Mon Mar 25 2024 02:00:00 GMT+0000 (Greenwich Mean Time),0.0295,0.0297,0.5852,1143151.4247294911
Mon Mar 25 2024 03:00:00 GMT+0000 (Greenwich Mean Time),0.0295,0.0297,0.5891,663668.0554553261
Mon Mar 25 2024 04:00:00 GMT+0000 (Greenwich Mean Time),0.0295,0.0297,0.5969,3800135.0259557497
Mon Mar 25 2024 05:00:00 GMT+0000 (Greenwich Mean Time),0.0295,0.0297,0.6239,6551294.021482037
Mon Mar 25 2024 06:00:00 GMT+0000 (Greenwich Mean Time),0.0295,0.0297,0.6317,1027284.8684075096
Mon Mar 25 2024 07:00:00 GMT+0000 (Greenwich Mean Time),0.0295,0.0297,0.6259,494601.05022063747
Mon Mar 25 2024 08:00:00 GMT+0000 (Greenwich Mean Time),0.0295,0.0297,0.6138,2394590.856355518
Mon Mar 25 2024 09:00:00 GMT+0000 (Greenwich Mean Time),0.0295,0.0297,0.6109,2905223.221572429
Mon Mar 25 2024 10:00:00 GMT+0000 (Greenwich Mean Time),0.0295,0.0297,0.6052,738005.1569615442
Mon Mar 25 2024 11:00:00 GMT+0000 (Greenwich Mean Time),0.0295,0.0297,0.6035,1147061.7685010463
Mon Mar 25 2024 12:00:00 GMT+0000 (Greenwich Mean Time),0.0295,0.0236,0.6116,2135467.023414898
Mon Mar 25 2024 13:00:00 GMT+0000 (Greenwich Mean Time),0.0288,0.0278,0.6143,3133416.788937566
Mon Mar 25 2024 14:00:00 GMT+0000 (Greenwich Mean Time),0.0288,0.0278,0.5899,4173310.6633827155
Mon Mar 25 2024 15:00:00 GMT+0000 (Greenwich Mean Time),0.0288,0.0278,0.5829,4867610.729421381
Mon Mar 25 2024 16:00:00 GMT+0000 (Greenwich Mean Time),0.0288,0.0278,0.6105,3270958.466018648
Mon Mar 25 2024 17:00:00 GMT+0000 (Greenwich Mean Time),0.0288,0.0278,0.6101,2107821.7446627747
Mon Mar 25 2024 18:00:00 GMT+0000 (Greenwich Mean Time),0.0288,0.0278,0.6296,2870332.549753693
Mon Mar 25 2024 19:00:00 GMT+0000 (Greenwich Mean Time),0.0288,0.0278,0.6311,5384471.884164829
Mon Mar 25 2024 20:00:00 GMT+0000 (Greenwich Mean Time),0.0288,0.0278,0.6262,5017809.792564457
Mon Mar 25 2024 21:00:00 GMT+0000 (Greenwich Mean Time),0.0288,0.0278,0.6331,254923.7467433648
Mon Mar 25 2024 22:00:00 GMT+0000 (Greenwich Mean Time),0.0288,0.0278,0.6331,1374875.129049085
Mon Mar 25 2024 23:00:00 GMT+0000 (Greenwich Mean Time),0.0288,0.0278,0.6332,688904.3862063675
Tue Mar 26 2024 00:00:00 GMT+0000 (Greenwich Mean Time),0.0288,0.0278,0.5718,6079426.701010088
Tue Mar 26 2024 01:00:00 GMT+0000 (Greenwich Mean Time),0.0288,0.0278,0.6015,3254554.3332967265
Tue Mar 26 2024 02:00:00 GMT+0000 (Greenwich Mean Time),0.0288,0.0278,0.6132,3133218.6143129957
Tue Mar 26 2024 03:00:00 GMT+0000 (Greenwich Mean Time),0.0288,0.0278,0.5696,3107913.9418687504
Tue Mar 26 2024 04:00:00 GMT+0000 (Greenwich Mean Time),0.0288,0.0278,0.5644,4067773.9485407695
Tue Mar 26 2024 05:00:00 GMT+0000 (Greenwich Mean Time),0.0288,0.0278,0.5757,4935432.091083974
Tue Mar 26 2024 06:00:00 GMT+0000 (Greenwich Mean Time),0.0288,0.0278,0.6301,2591072.7904328816
Tue Mar 26 2024 07:00:00 GMT+0000 (Greenwich Mean Time),0.0288,0.0278,0.6293,4189463.754959155
Tue Mar 26 2024 08:00:00 GMT+0000 (Greenwich Mean Time),0.0288,0.0278,0.6219,5566080.425479369
Tue Mar 26 2024 09:00:00 GMT+0000 (Greenwich Mean Time),0.0288,0.0278,0.6323,1702268.3679895476
Tue Mar 26 2024 10:00:00 GMT+0000 (Greenwich Mean Time),0.0288,0.0278,0.6332,2812052.0335199465
Tue Mar 26 2024 11:00:00 GMT+0000 (Greenwich Mean Time),0.0288,0.0278,0.633,404855.63406829076
Tue Mar 26 2024 12:00:00 GMT+0000 (Greenwich Mean Time),0.0288,0.0225,0.6308,422085.6142460899
Tue Mar 26 2024 13:00:00 GMT+0000 (Greenwich Mean Time),0.0288,0.0266,0.6271,3319653.166257196
Tue Mar 26 2024 14:00:00 GMT+0000 (Greenwich Mean Time),0.0288,0.0266,0.6112,9519499.639215779
Tue Mar 26 2024 15:00:00 GMT+0000 (Greenwich Mean Time),0.0288,0.0266,0.5457,15167383.52692194
Tue Mar 26 2024 16:00:00 GMT+0000 (Greenwich Mean Time),0.0288,0.0266,0.6329,11061139.098255977
Tue Mar 26 2024 17:00:00 GMT+0000 (Greenwich Mean Time),0.0288,0.0266,0.5899,6173608.5408416875
Tue Mar 26 2024 18:00:00 GMT+0000 (Greenwich Mean Time),0.0288,0.0266,0.6302,6536687.765683774
Tue Mar 26 2024 19:00:00 GMT+0000 (Greenwich Mean Time),0.0288,0.0266,0.6062,3421189.393276534
Tue Mar 26 2024 20:00:00 GMT+0000 (Greenwich Mean Time),0.0288,0.0266,0.6171,958498.3482626515
Tue Mar 26 2024 21:00:00 GMT+0000 (Greenwich Mean Time),0.0288,0.0266,0.6315,606771.0378333221
Tue Mar 26 2024 22:00:00 GMT+0000 (Greenwich Mean Time),0.0288,0.0266,0.6331,1144345.3110791533
Tue Mar 26 2024 23:00:00 GMT+0000 (Greenwich Mean Time),0.0288,0.0266,0.6333,8537.134475782517
Wed Mar 27 2024 00:00:00 GMT+0000 (Greenwich Mean Time),0.0288,0.0266,0.633,5626511.382708474
Wed Mar 27 2024 01:00:00 GMT+0000 (Greenwich Mean Time),0.0288,0.0266,0.6227,4906001.681598424
Wed Mar 27 2024 02:00:00 GMT+0000 (Greenwich Mean Time),0.0288,0.0266,0.6307,3505131.5592475412
Wed Mar 27 2024 03:00:00 GMT+0000 (Greenwich Mean Time),0.0288,0.0266,0.6333,584112.7041021743
Wed Mar 27 2024 04:00:00 GMT+0000 (Greenwich Mean Time),0.0288,0.0266,0.6332,11122827.642751755
Wed Mar 27 2024 05:00:00 GMT+0000 (Greenwich Mean Time),0.0288,0.0266,0.6333,963371.0534001549
Wed Mar 27 2024 06:00:00 GMT+0000 (Greenwich Mean Time),0.0288,0.0266,0.6328,5818384.039894175
Wed Mar 27 2024 07:00:00 GMT+0000 (Greenwich Mean Time),0.0288,0.0266,0.6331,6927738.791389777
Wed Mar 27 2024 08:00:00 GMT+0000 (Greenwich Mean Time),0.0288,0.0266,0.6236,2196479.616295046
Wed Mar 27 2024 09:00:00 GMT+0000 (Greenwich Mean Time),0.0288,0.0266,0.6225,3360907.5532933227
Wed Mar 27 2024 10:00:00 GMT+0000 (Greenwich Mean Time),0.0288,0.0266,0.6169,977863.5067270735
Wed Mar 27 2024 11:00:00 GMT+0000 (Greenwich Mean Time),0.0288,0.0266,0.5743,5041124.165394406
Wed Mar 27 2024 12:00:00 GMT+0000 (Greenwich Mean Time),0.0288,0.0213,0.5854,6486712.054609021
Wed Mar 27 2024 13:00:00 GMT+0000 (Greenwich Mean Time),0.014,0.0233,0.6289,6556015.469124483
Wed Mar 27 2024 14:00:00 GMT+0000 (Greenwich Mean Time),0.014,0.0233,0.631,4034658.77954188
Wed Mar 27 2024 15:00:00 GMT+0000 (Greenwich Mean Time),0.014,0.0233,0.6313,3990853.6345488313
Wed Mar 27 2024 16:00:00 GMT+0000 (Greenwich Mean Time),0.014,0.0233,0.6331,472787.6074544627
Wed Mar 27 2024 17:00:00 GMT+0000 (Greenwich Mean Time),0.014,0.0233,0.6285,839134.0611625945
Wed Mar 27 2024 18:00:00 GMT+0000 (Greenwich Mean Time),0.014,0.0233,0.6171,1862450.7476800038
Wed Mar 27 2024 19:00:00 GMT+0000 (Greenwich Mean Time),0.014,0.0233,0.6208,2146227.400283981
Wed Mar 27 2024 20:00:00 GMT+0000 (Greenwich Mean Time),0.014,0.0233,0.6333,3021265.9322228637
Wed Mar 27 2024 21:00:00 GMT+0000 (Greenwich Mean Time),0.014,0.0233,0.6324,185374.35693537348
Wed Mar 27 2024 22:00:00 GMT+0000 (Greenwich Mean Time),0.014,0.0233,0.6326,130643.3178749776
Wed Mar 27 2024 23:00:00 GMT+0000 (Greenwich Mean Time),0.014,0.0233,0.6332,549994.058919457
Thu Mar 28 2024 00:00:00 GMT+0000 (Greenwich Mean Time),0.014,0.0233,0.6323,5230087.064155567
Thu Mar 28 2024 01:00:00 GMT+0000 (Greenwich Mean Time),0.014,0.0233,0.6175,7021351.830760815
Thu Mar 28 2024 02:00:00 GMT+0000 (Greenwich Mean Time),0.014,0.0233,0.6325,6536853.361470228
Thu Mar 28 2024 03:00:00 GMT+0000 (Greenwich Mean Time),0.014,0.0233,0.6316,1835675.6338551266
Thu Mar 28 2024 04:00:00 GMT+0000 (Greenwich Mean Time),0.014,0.0233,0.6332,3155788.395594063
Thu Mar 28 2024 05:00:00 GMT+0000 (Greenwich Mean Time),0.014,0.0233,0.6333,553231.7396565715
Thu Mar 28 2024 06:00:00 GMT+0000 (Greenwich Mean Time),0.014,0.0233,0.6329,1144004.854649676
Thu Mar 28 2024 07:00:00 GMT+0000 (Greenwich Mean Time),0.014,0.0233,0.6333,1689459.0856205535
Thu Mar 28 2024 08:00:00 GMT+0000 (Greenwich Mean Time),0.014,0.0233,0.6333,0
Thu Mar 28 2024 09:00:00 GMT+0000 (Greenwich Mean Time),0.014,0.0233,0.6329,1525298.3691198532
Thu Mar 28 2024 10:00:00 GMT+0000 (Greenwich Mean Time),0.014,0.0233,0.6333,317978.3607858812
Thu Mar 28 2024 11:00:00 GMT+0000 (Greenwich Mean Time),0.014,0.0233,0.6333,263728.4976227464
Thu Mar 28 2024 12:00:00 GMT+0000 (Greenwich Mean Time),0.014,0.0219,0.6334,87643.7439412182
Thu Mar 28 2024 13:00:00 GMT+0000 (Greenwich Mean Time),0.0241,0.0254,0.6334,791214.1309983036
Thu Mar 28 2024 14:00:00 GMT+0000 (Greenwich Mean Time),0.0241,0.0254,0.633,1419174.51799761
Thu Mar 28 2024 15:00:00 GMT+0000 (Greenwich Mean Time),0.0241,0.0254,0.6333,5380170.149691817
Thu Mar 28 2024 16:00:00 GMT+0000 (Greenwich Mean Time),0.0241,0.0254,0.6333,3092126.639150896
Thu Mar 28 2024 17:00:00 GMT+0000 (Greenwich Mean Time),0.0241,0.0254,0.6333,120585.41986140358
Thu Mar 28 2024 18:00:00 GMT+0000 (Greenwich Mean Time),0.0241,0.0254,0.6331,21883.257360817566
Thu Mar 28 2024 19:00:00 GMT+0000 (Greenwich Mean Time),0.0241,0.0254,0.6333,508037.74006169353
Thu Mar 28 2024 20:00:00 GMT+0000 (Greenwich Mean Time),0.0241,0.0254,0.6235,840998.2776794091
Thu Mar 28 2024 21:00:00 GMT+0000 (Greenwich Mean Time),0.0241,0.0254,0.6333,459469.000761845
Thu Mar 28 2024 22:00:00 GMT+0000 (Greenwich Mean Time),0.0241,0.0254,0.6333,682.2968889772715
Thu Mar 28 2024 23:00:00 GMT+0000 (Greenwich Mean Time),0.0241,0.0254,0.6333,0
Fri Mar 29 2024 00:00:00 GMT+0000 (Greenwich Mean Time),0.0241,0.0254,0.6332,214600.8488105805
Fri Mar 29 2024 01:00:00 GMT+0000 (Greenwich Mean Time),0.0241,0.0254,0.6333,492994.6814819713
Fri Mar 29 2024 02:00:00 GMT+0000 (Greenwich Mean Time),0.0241,0.0254,0.6333,236957.1807262429
Fri Mar 29 2024 03:00:00 GMT+0000 (Greenwich Mean Time),0.0241,0.0254,0.6333,721398.4639749387
Fri Mar 29 2024 04:00:00 GMT+0000 (Greenwich Mean Time),0.0241,0.0254,0.6334,1680386.7924642852
Fri Mar 29 2024 05:00:00 GMT+0000 (Greenwich Mean Time),0.0241,0.0254,0.6332,649492.0323392944
Fri Mar 29 2024 06:00:00 GMT+0000 (Greenwich Mean Time),0.0241,0.0254,0.6334,871940.1769662767
Fri Mar 29 2024 07:00:00 GMT+0000 (Greenwich Mean Time),0.0241,0.0254,0.6333,346143.1657132327
Fri Mar 29 2024 08:00:00 GMT+0000 (Greenwich Mean Time),0.0241,0.0254,0.6333,201284.2569405926
Fri Mar 29 2024 09:00:00 GMT+0000 (Greenwich Mean Time),0.0241,0.0254,0.6333,206084.75691156538
Fri Mar 29 2024 10:00:00 GMT+0000 (Greenwich Mean Time),0.0241,0.0254,0.633,2547326.6136556887
Fri Mar 29 2024 11:00:00 GMT+0000 (Greenwich Mean Time),0.0241,0.0254,0.6334,122525.11686617884
Fri Mar 29 2024 12:00:00 GMT+0000 (Greenwich Mean Time),0.0241,0.0222,0.6332,563884.2721266206
Fri Mar 29 2024 13:00:00 GMT+0000 (Greenwich Mean Time),0.0117,0.0238,0.6328,1504978.979336698
Fri Mar 29 2024 14:00:00 GMT+0000 (Greenwich Mean Time),0.0117,0.0238,0.6333,127720.44996864532
Fri Mar 29 2024 15:00:00 GMT+0000 (Greenwich Mean Time),0.0117,0.0238,0.6333,159101.752997247
Fri Mar 29 2024 16:00:00 GMT+0000 (Greenwich Mean Time),0.0117,0.0238,0.6333,133568.26461849
Fri Mar 29 2024 17:00:00 GMT+0000 (Greenwich Mean Time),0.0117,0.0238,0.6329,175318.23326962028
Fri Mar 29 2024 18:00:00 GMT+0000 (Greenwich Mean Time),0.0117,0.0238,0.6333,47629.44647421867
Fri Mar 29 2024 19:00:00 GMT+0000 (Greenwich Mean Time),0.0117,0.0238,0.6334,347601.38778499246
Fri Mar 29 2024 20:00:00 GMT+0000 (Greenwich Mean Time),0.0117,0.0238,0.6332,137714.4690606083
Fri Mar 29 2024 21:00:00 GMT+0000 (Greenwich Mean Time),0.0117,0.0238,0.6333,26448.642766429242
Fri Mar 29 2024 22:00:00 GMT+0000 (Greenwich Mean Time),0.0117,0.0238,0.6334,12638.365260476918
Fri Mar 29 2024 23:00:00 GMT+0000 (Greenwich Mean Time),0.0117,0.0238,0.6334,3612668.963838363
Sat Mar 30 2024 00:00:00 GMT+0000 (Greenwich Mean Time),0.0117,0.0238,0.6333,177373.6847874118
Sat Mar 30 2024 01:00:00 GMT+0000 (Greenwich Mean Time),0.0117,0.0238,0.6334,92553.95169748091
Sat Mar 30 2024 02:00:00 GMT+0000 (Greenwich Mean Time),0.0117,0.0238,0.6333,146461.41200847813
Sat Mar 30 2024 03:00:00 GMT+0000 (Greenwich Mean Time),0.0117,0.0238,0.6333,1752.5259810301945
Sat Mar 30 2024 04:00:00 GMT+0000 (Greenwich Mean Time),0.0117,0.0238,0.6333,180234.43151885673
Sat Mar 30 2024 05:00:00 GMT+0000 (Greenwich Mean Time),0.0117,0.0238,0.6333,12730.99354714285
Sat Mar 30 2024 06:00:00 GMT+0000 (Greenwich Mean Time),0.0117,0.0238,0.6333,47466.337962183614
Sat Mar 30 2024 07:00:00 GMT+0000 (Greenwich Mean Time),0.0117,0.0238,0.6333,602259.003278365
Sat Mar 30 2024 08:00:00 GMT+0000 (Greenwich Mean Time),0.0117,0.0238,0.6333,177425.99522366142
Sat Mar 30 2024 09:00:00 GMT+0000 (Greenwich Mean Time),0.0117,0.0238,0.6329,352149.5800874119
Sat Mar 30 2024 10:00:00 GMT+0000 (Greenwich Mean Time),0.0117,0.0238,0.6332,968328.3479007864
Sat Mar 30 2024 11:00:00 GMT+0000 (Greenwich Mean Time),0.0117,0.0238,0.6333,3505786.381348627
Sat Mar 30 2024 12:00:00 GMT+0000 (Greenwich Mean Time),0.0117,0.0195,0.6333,432012.50010101724
Sat Mar 30 2024 13:00:00 GMT+0000 (Greenwich Mean Time),0.0094,0.0209,0.6334,2856987.5739672463
Sat Mar 30 2024 14:00:00 GMT+0000 (Greenwich Mean Time),0.0094,0.0209,0.6334,28502.004625705315
Sat Mar 30 2024 15:00:00 GMT+0000 (Greenwich Mean Time),0.0094,0.0209,0.6333,7839272.0192285385
Sat Mar 30 2024 16:00:00 GMT+0000 (Greenwich Mean Time),0.0094,0.0209,0.6328,333223.6530770683
Sat Mar 30 2024 17:00:00 GMT+0000 (Greenwich Mean Time),0.0094,0.0209,0.6327,1255701.968794729
Sat Mar 30 2024 18:00:00 GMT+0000 (Greenwich Mean Time),0.0094,0.0209,0.6334,370956.10356219776
Sat Mar 30 2024 19:00:00 GMT+0000 (Greenwich Mean Time),0.0094,0.0209,0.6334,41255.10730351685
Sat Mar 30 2024 20:00:00 GMT+0000 (Greenwich Mean Time),0.0094,0.0209,0.6334,11723.728908607709
Sat Mar 30 2024 21:00:00 GMT+0000 (Greenwich Mean Time),0.0094,0.0209,0.6333,72783.17405403312
Sat Mar 30 2024 22:00:00 GMT+0000 (Greenwich Mean Time),0.0094,0.0209,0.6333,1143106.7574328417
Sat Mar 30 2024 23:00:00 GMT+0000 (Greenwich Mean Time),0.0094,0.0209,0.6333,21527.393572965266
Sun Mar 31 2024 00:00:00 GMT+0000 (Greenwich Mean Time),0.0094,0.0209,0.6332,65766.76771031605
Sun Mar 31 2024 02:00:00 GMT+0100 (British Summer Time),0.0094,0.0209,0.6333,16162256.056922654
Sun Mar 31 2024 03:00:00 GMT+0100 (British Summer Time),0.0094,0.0209,0.6333,1021435.0687290519
Sun Mar 31 2024 04:00:00 GMT+0100 (British Summer Time),0.0094,0.0209,0.6333,197654.7483322006
Sun Mar 31 2024 05:00:00 GMT+0100 (British Summer Time),0.0094,0.0209,0.6334,143823.6200757409
Sun Mar 31 2024 06:00:00 GMT+0100 (British Summer Time),0.0094,0.0209,0.6334,2307581.5409585168
Sun Mar 31 2024 07:00:00 GMT+0100 (British Summer Time),0.0094,0.0209,0.6333,259382.29806373132
Sun Mar 31 2024 08:00:00 GMT+0100 (British Summer Time),0.0094,0.0209,0.6331,17658.328026135212
Sun Mar 31 2024 09:00:00 GMT+0100 (British Summer Time),0.0094,0.0209,0.6333,315851.298812862
Sun Mar 31 2024 10:00:00 GMT+0100 (British Summer Time),0.0094,0.0209,0.6333,549521.3410161899
Sun Mar 31 2024 11:00:00 GMT+0100 (British Summer Time),0.0094,0.0209,0.6333,139694.0891049215
Sun Mar 31 2024 12:00:00 GMT+0100 (British Summer Time),0.0094,0.0209,0.6334,327833.32161740505
Sun Mar 31 2024 13:00:00 GMT+0100 (British Summer Time),0.0094,0.0209,0.6332,3932352.1965461276
Sun Mar 31 2024 14:00:00 GMT+0100 (British Summer Time),0.0209,0.0197,0.6333,2697949.137818576
Sun Mar 31 2024 15:00:00 GMT+0100 (British Summer Time),0.0209,0.0197,0.6333,5490007.996870117
Sun Mar 31 2024 16:00:00 GMT+0100 (British Summer Time),0.0209,0.0197,0.6327,6041407.072535498
Sun Mar 31 2024 17:00:00 GMT+0100 (British Summer Time),0.0209,0.0197,0.6117,17177794.72391264
Sun Mar 31 2024 18:00:00 GMT+0100 (British Summer Time),0.0209,0.0197,0.6282,3441247.9293142036
Sun Mar 31 2024 19:00:00 GMT+0100 (British Summer Time),0.0209,0.0197,0.6334,5549896.691936761
Sun Mar 31 2024 20:00:00 GMT+0100 (British Summer Time),0.0209,0.0197,0.6333,532841.9391691431
Sun Mar 31 2024 21:00:00 GMT+0100 (British Summer Time),0.0209,0.0197,0.6332,102175.51892667726
Sun Mar 31 2024 22:00:00 GMT+0100 (British Summer Time),0.0209,0.0197,0.6331,1204015.5900543474
Sun Mar 31 2024 23:00:00 GMT+0100 (British Summer Time),0.0209,0.0197,0.6334,60438.76956810165
Mon Apr 01 2024 00:00:00 GMT+0100 (British Summer Time),0.0209,0.0197,0.6332,39660.712133907306
Mon Apr 01 2024 01:00:00 GMT+0100 (British Summer Time),0.0209,0.0197,0.6332,48025.78605851613
Mon Apr 01 2024 02:00:00 GMT+0100 (British Summer Time),0.0209,0.0197,0.6333,112333.14624562259
Mon Apr 01 2024 03:00:00 GMT+0100 (British Summer Time),0.0209,0.0197,0.6333,232332.40263204975
Mon Apr 01 2024 04:00:00 GMT+0100 (British Summer Time),0.0209,0.0197,0.6334,104979.00604796114
Mon Apr 01 2024 05:00:00 GMT+0100 (British Summer Time),0.0209,0.0197,0.6332,794115.3796549265
Mon Apr 01 2024 06:00:00 GMT+0100 (British Summer Time),0.0209,0.0197,0.6333,563410.781070977
Mon Apr 01 2024 07:00:00 GMT+0100 (British Summer Time),0.0209,0.0197,0.6325,2732344.1131318994
Mon Apr 01 2024 08:00:00 GMT+0100 (British Summer Time),0.0209,0.0197,0.6333,4850422.532221926
Mon Apr 01 2024 09:00:00 GMT+0100 (British Summer Time),0.0209,0.0197,0.6334,7871184.812313557
Mon Apr 01 2024 10:00:00 GMT+0100 (British Summer Time),0.0209,0.0197,0.6323,3162669.6576207574
Mon Apr 01 2024 11:00:00 GMT+0100 (British Summer Time),0.0209,0.0197,0.5925,16519213.306132989
Mon Apr 01 2024 12:00:00 GMT+0100 (British Summer Time),0.0209,0.0197,0.6325,3969570.5277580842
Mon Apr 01 2024 13:00:00 GMT+0100 (British Summer Time),0.0209,0.0197,0.6334,2307491.245349263
Mon Apr 01 2024 14:00:00 GMT+0100 (British Summer Time),0.0239,0.019,0.6333,1704119.7933236342
Mon Apr 01 2024 15:00:00 GMT+0100 (British Summer Time),0.0239,0.019,0.6331,1389749.2021676362
Mon Apr 01 2024 16:00:00 GMT+0100 (British Summer Time),0.0239,0.019,0.6333,5759427.064936696
Mon Apr 01 2024 17:00:00 GMT+0100 (British Summer Time),0.0239,0.019,0.6333,548819.4102112218
Mon Apr 01 2024 18:00:00 GMT+0100 (British Summer Time),0.0239,0.019,0.6334,2119078.4176643966
Mon Apr 01 2024 19:00:00 GMT+0100 (British Summer Time),0.0239,0.019,0.6333,511755.4474580049
Mon Apr 01 2024 20:00:00 GMT+0100 (British Summer Time),0.0239,0.019,0.6328,1302389.3010362245
Mon Apr 01 2024 21:00:00 GMT+0100 (British Summer Time),0.0239,0.019,0.6334,776003.8185801897
Mon Apr 01 2024 22:00:00 GMT+0100 (British Summer Time),0.0239,0.019,0.6334,373906.2746521824
Mon Apr 01 2024 23:00:00 GMT+0100 (British Summer Time),0.0239,0.019,0.6333,328434.7115157044
Tue Apr 02 2024 00:00:00 GMT+0100 (British Summer Time),0.0239,0.019,0.6334,123156.65708900389
Tue Apr 02 2024 01:00:00 GMT+0100 (British Summer Time),0.0239,0.019,0.6333,346210.9239622726
Tue Apr 02 2024 02:00:00 GMT+0100 (British Summer Time),0.0239,0.019,0.6333,19629.160451126972
Tue Apr 02 2024 03:00:00 GMT+0100 (British Summer Time),0.0239,0.019,0.633,980796.807947237
Tue Apr 02 2024 04:00:00 GMT+0100 (British Summer Time),0.0239,0.019,0.6334,184431.60869608534
Tue Apr 02 2024 05:00:00 GMT+0100 (British Summer Time),0.0239,0.019,0.6334,258709.307520884
Tue Apr 02 2024 06:00:00 GMT+0100 (British Summer Time),0.0239,0.019,0.6332,1396046.2249374785
Tue Apr 02 2024 07:00:00 GMT+0100 (British Summer Time),0.0239,0.019,0.6332,2060558.9922600219
Tue Apr 02 2024 08:00:00 GMT+0100 (British Summer Time),0.0239,0.019,0.6334,13010.500740303725
Tue Apr 02 2024 09:00:00 GMT+0100 (British Summer Time),0.0239,0.019,0.6333,1364837.3868119963
Tue Apr 02 2024 10:00:00 GMT+0100 (British Summer Time),0.0239,0.019,0.6333,187359.36835571963
Tue Apr 02 2024 11:00:00 GMT+0100 (British Summer Time),0.0239,0.019,0.6334,596849.3821816543
Tue Apr 02 2024 12:00:00 GMT+0100 (British Summer Time),0.0239,0.019,0.6332,924150.5490252742
Tue Apr 02 2024 13:00:00 GMT+0100 (British Summer Time),0.0239,0.019,0.6332,5407376.84626716
Tue Apr 02 2024 14:00:00 GMT+0100 (British Summer Time),0,0.0148,0.6313,937849.2685940843
Tue Apr 02 2024 15:00:00 GMT+0100 (British Summer Time),0.0238,0.0182,0.6333,1133259.2145884559
Tue Apr 02 2024 16:00:00 GMT+0100 (British Summer Time),0.0238,0.0182,0.6325,1299527.6713441883
Tue Apr 02 2024 17:00:00 GMT+0100 (British Summer Time),0.0238,0.0182,0.6328,1227808.7870070299
Tue Apr 02 2024 18:00:00 GMT+0100 (British Summer Time),0.0238,0.0182,0.6332,1553866.8453138894
Tue Apr 02 2024 19:00:00 GMT+0100 (British Summer Time),0.0238,0.0182,0.6326,4026516.8575129556
Tue Apr 02 2024 20:00:00 GMT+0100 (British Summer Time),0.0238,0.0182,0.6319,1453736.2742502762
Tue Apr 02 2024 21:00:00 GMT+0100 (British Summer Time),0.0238,0.0182,0.6333,1171958.5556228668
Tue Apr 02 2024 22:00:00 GMT+0100 (British Summer Time),0.0238,0.0182,0.6334,472824.80444514035
Tue Apr 02 2024 23:00:00 GMT+0100 (British Summer Time),0.0238,0.0182,0.6334,511784.8337509194
Wed Apr 03 2024 00:00:00 GMT+0100 (British Summer Time),0.0238,0.0182,0.6334,3021061.7696994725
Wed Apr 03 2024 01:00:00 GMT+0100 (British Summer Time),0.0238,0.0182,0.6333,421636.88558829774
Wed Apr 03 2024 02:00:00 GMT+0100 (British Summer Time),0.0238,0.0182,0.6334,2190000.9910797267
Wed Apr 03 2024 03:00:00 GMT+0100 (British Summer Time),0.0238,0.0182,0.6334,2418108.321908146
Wed Apr 03 2024 04:00:00 GMT+0100 (British Summer Time),0.0238,0.0182,0.6324,1362667.9623653553
Wed Apr 03 2024 05:00:00 GMT+0100 (British Summer Time),0.0238,0.0182,0.6332,2367378.7015242623
Wed Apr 03 2024 06:00:00 GMT+0100 (British Summer Time),0.0238,0.0182,0.6334,198440.96524137535
Wed Apr 03 2024 07:00:00 GMT+0100 (British Summer Time),0.0238,0.0182,0.6333,1263512.683815403
Wed Apr 03 2024 08:00:00 GMT+0100 (British Summer Time),0.0238,0.0182,0.6326,3441150.8871946326
Wed Apr 03 2024 09:00:00 GMT+0100 (British Summer Time),0.0238,0.0182,0.6334,607032.1605272049
Wed Apr 03 2024 10:00:00 GMT+0100 (British Summer Time),0.0238,0.0182,0.6334,21868.961678161875
Wed Apr 03 2024 11:00:00 GMT+0100 (British Summer Time),0.0238,0.0182,0.6334,2579952.6954621687
Wed Apr 03 2024 12:00:00 GMT+0100 (British Summer Time),0.0238,0.0182,0.6333,124172.45004865626
Wed Apr 03 2024 13:00:00 GMT+0100 (British Summer Time),0.0238,0.0182,0.6334,150362.66231605844
Wed Apr 03 2024 14:00:00 GMT+0100 (British Summer Time),0.0238,0.0162,0.6333,3876961.370654952
Wed Apr 03 2024 15:00:00 GMT+0100 (British Summer Time),0.0235,0.0196,0.6328,6488953.053694742
Wed Apr 03 2024 16:00:00 GMT+0100 (British Summer Time),0.0235,0.0196,0.6334,3166613.275412542
Wed Apr 03 2024 17:00:00 GMT+0100 (British Summer Time),0.0235,0.0196,0.6333,765248.1471029902
Wed Apr 03 2024 18:00:00 GMT+0100 (British Summer Time),0.0235,0.0196,0.6333,0
Wed Apr 03 2024 19:00:00 GMT+0100 (British Summer Time),0.0235,0.0196,0.6333,378473.6576700466
Wed Apr 03 2024 20:00:00 GMT+0100 (British Summer Time),0.0235,0.0196,0.6333,924959.4217586586
Wed Apr 03 2024 21:00:00 GMT+0100 (British Summer Time),0.0235,0.0196,0.6332,13395256.672922863
Wed Apr 03 2024 22:00:00 GMT+0100 (British Summer Time),0.0235,0.0196,0.6331,15049284.275825456
Wed Apr 03 2024 23:00:00 GMT+0100 (British Summer Time),0.0235,0.0196,0.6332,483050.2801090388
Thu Apr 04 2024 00:00:00 GMT+0100 (British Summer Time),0.0235,0.0196,0.6334,142147.52457827504
Thu Apr 04 2024 01:00:00 GMT+0100 (British Summer Time),0.0235,0.0196,0.6333,1027136.1760429359
Thu Apr 04 2024 02:00:00 GMT+0100 (British Summer Time),0.0235,0.0196,0.6332,406830.9445135748
Thu Apr 04 2024 03:00:00 GMT+0100 (British Summer Time),0.0235,0.0196,0.6328,799974.2485831527
Thu Apr 04 2024 04:00:00 GMT+0100 (British Summer Time),0.0235,0.0196,0.6333,403369.40780069
Thu Apr 04 2024 05:00:00 GMT+0100 (British Summer Time),0.0235,0.0196,0.6334,120849.04229252075
Thu Apr 04 2024 06:00:00 GMT+0100 (British Summer Time),0.0235,0.0196,0.6334,645679.7888763394
Thu Apr 04 2024 07:00:00 GMT+0100 (British Summer Time),0.0235,0.0196,0.6334,744995.9843818995
Thu Apr 04 2024 08:00:00 GMT+0100 (British Summer Time),0.0235,0.0196,0.6334,2746215.778451557
Thu Apr 04 2024 09:00:00 GMT+0100 (British Summer Time),0.0235,0.0196,0.6269,1508021.7454822524
Thu Apr 04 2024 10:00:00 GMT+0100 (British Summer Time),0.0235,0.0196,0.6334,460369.0670169131
Thu Apr 04 2024 11:00:00 GMT+0100 (British Summer Time),0.0235,0.0196,0.6334,298128.17133840884
Thu Apr 04 2024 12:00:00 GMT+0100 (British Summer Time),0.0235,0.0196,0.6334,599934.1986332461
Thu Apr 04 2024 13:00:00 GMT+0100 (British Summer Time),0.0235,0.0196,0.6334,352372.3732768245
Thu Apr 04 2024 14:00:00 GMT+0100 (British Summer Time),0.0235,0.0161,0.6334,51602.02965969411
Thu Apr 04 2024 15:00:00 GMT+0100 (British Summer Time),0.0251,0.0197,0.6332,514070.6401461844
Thu Apr 04 2024 16:00:00 GMT+0100 (British Summer Time),0.0251,0.0197,0.6334,5313484.998302452
Thu Apr 04 2024 17:00:00 GMT+0100 (British Summer Time),0.0251,0.0197,0.6334,419125.69159958727
Thu Apr 04 2024 18:00:00 GMT+0100 (British Summer Time),0.0251,0.0197,0.6334,1098543.3955390959
Thu Apr 04 2024 19:00:00 GMT+0100 (British Summer Time),0.0251,0.0197,0.6333,576760.6501232464
Thu Apr 04 2024 20:00:00 GMT+0100 (British Summer Time),0.0251,0.0197,0.6333,131782.5688393718
Thu Apr 04 2024 21:00:00 GMT+0100 (British Summer Time),0.0251,0.0197,0.6334,694070.1195338708
Thu Apr 04 2024 22:00:00 GMT+0100 (British Summer Time),0.0251,0.0197,0.6334,129544.51784405173
Thu Apr 04 2024 23:00:00 GMT+0100 (British Summer Time),0.0251,0.0197,0.6333,2081755.2541945877
Fri Apr 05 2024 00:00:00 GMT+0100 (British Summer Time),0.0251,0.0197,0.6333,1070325.7658904353
Fri Apr 05 2024 01:00:00 GMT+0100 (British Summer Time),0.0251,0.0197,0.6334,233336.63401137773
Fri Apr 05 2024 02:00:00 GMT+0100 (British Summer Time),0.0251,0.0197,0.6334,832534.6538438639
Fri Apr 05 2024 03:00:00 GMT+0100 (British Summer Time),0.0251,0.0197,0.6334,53536.081413592576
Fri Apr 05 2024 04:00:00 GMT+0100 (British Summer Time),0.0251,0.0197,0.6332,979751.2069869853
Fri Apr 05 2024 05:00:00 GMT+0100 (British Summer Time),0.0251,0.0197,0.6334,1091718.6399401901
Fri Apr 05 2024 06:00:00 GMT+0100 (British Summer Time),0.0251,0.0197,0.6334,352280.89394618844
Fri Apr 05 2024 07:00:00 GMT+0100 (British Summer Time),0.0251,0.0197,0.6334,895724.9131154589
Fri Apr 05 2024 08:00:00 GMT+0100 (British Summer Time),0.0251,0.0197,0.6334,1492692.7671048113
Fri Apr 05 2024 09:00:00 GMT+0100 (British Summer Time),0.0251,0.0197,0.6334,413798.6549947431
Fri Apr 05 2024 10:00:00 GMT+0100 (British Summer Time),0.0251,0.0197,0.6334,805770.9571313349
Fri Apr 05 2024 11:00:00 GMT+0100 (British Summer Time),0.0251,0.0197,0.6334,982658.8882006465
Fri Apr 05 2024 12:00:00 GMT+0100 (British Summer Time),0.0251,0.0197,0.6334,2341242.2167906486
Fri Apr 05 2024 13:00:00 GMT+0100 (British Summer Time),0.0251,0.0197,0.6334,49340.730049317135
Fri Apr 05 2024 14:00:00 GMT+0100 (British Summer Time),0.0251,0.0181,0.6334,752702.7013809984
Fri Apr 05 2024 15:00:00 GMT+0100 (British Summer Time),0.0245,0.0216,0.6334,1937073.325229071
Fri Apr 05 2024 16:00:00 GMT+0100 (British Summer Time),0.0245,0.0216,0.6334,1920204.207341739
Fri Apr 05 2024 17:00:00 GMT+0100 (British Summer Time),0.0245,0.0216,0.6334,690226.8966392206
Fri Apr 05 2024 18:00:00 GMT+0100 (British Summer Time),0.0245,0.0216,0.6333,4619196.005268706
Fri Apr 05 2024 19:00:00 GMT+0100 (British Summer Time),0.0245,0.0216,0.6334,2955590.29154198
Fri Apr 05 2024 20:00:00 GMT+0100 (British Summer Time),0.0245,0.0216,0.6334,624056.6640358397
Fri Apr 05 2024 21:00:00 GMT+0100 (British Summer Time),0.0245,0.0216,0.6334,155896.5696267366
Fri Apr 05 2024 22:00:00 GMT+0100 (British Summer Time),0.0245,0.0216,0.6334,32040.97325990501
Fri Apr 05 2024 23:00:00 GMT+0100 (British Summer Time),0.0245,0.0216,0.6334,72267.24777419382
Sat Apr 06 2024 00:00:00 GMT+0100 (British Summer Time),0.0245,0.0216,0.6334,3021384.305280467
Sat Apr 06 2024 01:00:00 GMT+0100 (British Summer Time),0.0245,0.0216,0.6334,897538.1496343837
Sat Apr 06 2024 02:00:00 GMT+0100 (British Summer Time),0.0245,0.0216,0.6319,823717.9084166242
Sat Apr 06 2024 03:00:00 GMT+0100 (British Summer Time),0.0245,0.0216,0.6334,161452.19566525775
Sat Apr 06 2024 04:00:00 GMT+0100 (British Summer Time),0.0245,0.0216,0.6333,1541970.1598713626
Sat Apr 06 2024 05:00:00 GMT+0100 (British Summer Time),0.0245,0.0216,0.6334,563289.6148377431
Sat Apr 06 2024 06:00:00 GMT+0100 (British Summer Time),0.0245,0.0216,0.6334,3535243.252768717
Sat Apr 06 2024 07:00:00 GMT+0100 (British Summer Time),0.0245,0.0216,0.6334,819391.8717260705
Sat Apr 06 2024 08:00:00 GMT+0100 (British Summer Time),0.0245,0.0216,0.6334,589737.4081266625
Sat Apr 06 2024 09:00:00 GMT+0100 (British Summer Time),0.0245,0.0216,0.6334,161433.593060696
Sat Apr 06 2024 10:00:00 GMT+0100 (British Summer Time),0.0245,0.0216,0.6334,567046.9330571956
Sat Apr 06 2024 11:00:00 GMT+0100 (British Summer Time),0.0245,0.0216,0.6334,444677.36235971167
Sat Apr 06 2024 12:00:00 GMT+0100 (British Summer Time),0.0245,0.0216,0.6334,714752.3416949132
Sat Apr 06 2024 13:00:00 GMT+0100 (British Summer Time),0.0245,0.0216,0.6334,50228.986077811
Sat Apr 06 2024 14:00:00 GMT+0100 (British Summer Time),0.0245,0.0202,0.6334,782875.3666738227
Sat Apr 06 2024 15:00:00 GMT+0100 (British Summer Time),0.0193,0.023,0.6333,763432.3531092397
Sat Apr 06 2024 16:00:00 GMT+0100 (British Summer Time),0.0193,0.023,0.6333,1293504.0330934692
Sat Apr 06 2024 17:00:00 GMT+0100 (British Summer Time),0.0193,0.023,0.6334,770679.9349142031
Sat Apr 06 2024 18:00:00 GMT+0100 (British Summer Time),0.0193,0.023,0.6334,838976.6336842115
Sat Apr 06 2024 19:00:00 GMT+0100 (British Summer Time),0.0193,0.023,0.6334,250897.74529237405
Sat Apr 06 2024 20:00:00 GMT+0100 (British Summer Time),0.0193,0.023,0.6334,463558.8949414594
Sat Apr 06 2024 21:00:00 GMT+0100 (British Summer Time),0.0193,0.023,0.6334,411624.03568404826
Sat Apr 06 2024 22:00:00 GMT+0100 (British Summer Time),0.0193,0.023,0.6334,188871.57102533846
Sat Apr 06 2024 23:00:00 GMT+0100 (British Summer Time),0.0193,0.023,0.6334,106094.01570782105
Sun Apr 07 2024 00:00:00 GMT+0100 (British Summer Time),0.0193,0.023,0.6334,82477.27408998934
Sun Apr 07 2024 01:00:00 GMT+0100 (British Summer Time),0.0193,0.023,0.6334,93395.7065439476
Sun Apr 07 2024 02:00:00 GMT+0100 (British Summer Time),0.0193,0.023,0.6334,424797.8424288226
Sun Apr 07 2024 03:00:00 GMT+0100 (British Summer Time),0.0193,0.023,0.6334,854831.3861131677
Sun Apr 07 2024 04:00:00 GMT+0100 (British Summer Time),0.0193,0.023,0.6334,3442919.5759593532
Sun Apr 07 2024 05:00:00 GMT+0100 (British Summer Time),0.0193,0.023,0.6323,1922627.6235247934
Sun Apr 07 2024 06:00:00 GMT+0100 (British Summer Time),0.0193,0.023,0.6334,7102272.444260388
Sun Apr 07 2024 07:00:00 GMT+0100 (British Summer Time),0.0193,0.023,0.6334,1378513.6833923215
Sun Apr 07 2024 08:00:00 GMT+0100 (British Summer Time),0.0193,0.023,0.6334,1320465.3261033448
Sun Apr 07 2024 09:00:00 GMT+0100 (British Summer Time),0.0193,0.023,0.6334,971662.8939057273
Sun Apr 07 2024 10:00:00 GMT+0100 (British Summer Time),0.0193,0.023,0.6334,491667.1256619614
Sun Apr 07 2024 11:00:00 GMT+0100 (British Summer Time),0.0193,0.023,0.6334,2691554.0449452884
Sun Apr 07 2024 12:00:00 GMT+0100 (British Summer Time),0.0193,0.023,0.6334,152870.50291016753
Sun Apr 07 2024 13:00:00 GMT+0100 (British Summer Time),0.0193,0.023,0.6334,2283111.4177837074
Sun Apr 07 2024 14:00:00 GMT+0100 (British Summer Time),0.0193,0.02,0.6334,65456.52749907442
Sun Apr 07 2024 15:00:00 GMT+0100 (British Summer Time),0.0093,0.0213,0.6334,1428885.3117342568
Sun Apr 07 2024 16:00:00 GMT+0100 (British Summer Time),0.0093,0.0213,0.6334,579929.5960500665
Sun Apr 07 2024 17:00:00 GMT+0100 (British Summer Time),0.0093,0.0213,0.6334,2138238.1526672374
Sun Apr 07 2024 18:00:00 GMT+0100 (British Summer Time),0.0093,0.0213,0.6324,585285.9926519913
Sun Apr 07 2024 19:00:00 GMT+0100 (British Summer Time),0.0093,0.0213,0.6334,206529.48434339912
Sun Apr 07 2024 20:00:00 GMT+0100 (British Summer Time),0.0093,0.0213,0.6334,562270.6830384121
Sun Apr 07 2024 21:00:00 GMT+0100 (British Summer Time),0.0093,0.0213,0.6334,2783357.3984993645
Sun Apr 07 2024 22:00:00 GMT+0100 (British Summer Time),0.0093,0.0213,0.6334,1528069.1874690633
Sun Apr 07 2024 23:00:00 GMT+0100 (British Summer Time),0.0093,0.0213,0.6334,240635.08711454476
Mon Apr 08 2024 00:00:00 GMT+0100 (British Summer Time),0.0093,0.0213,0.6334,170691.86819543064
Mon Apr 08 2024 01:00:00 GMT+0100 (British Summer Time),0.0093,0.0213,0.6334,70653.83802084891
Mon Apr 08 2024 02:00:00 GMT+0100 (British Summer Time),0.0093,0.0213,0.6334,680141.0644720893
Mon Apr 08 2024 03:00:00 GMT+0100 (British Summer Time),0.0093,0.0213,0.6334,6613794.308068205
Mon Apr 08 2024 04:00:00 GMT+0100 (British Summer Time),0.0093,0.0213,0.6334,4882675.225233637
Mon Apr 08 2024 05:00:00 GMT+0100 (British Summer Time),0.0093,0.0213,0.6334,3363847.7192232413
Mon Apr 08 2024 06:00:00 GMT+0100 (British Summer Time),0.0093,0.0213,0.6334,4145001.766695883
Mon Apr 08 2024 07:00:00 GMT+0100 (British Summer Time),0.0093,0.0213,0.6333,581993.8470887414
Mon Apr 08 2024 08:00:00 GMT+0100 (British Summer Time),0.0093,0.0213,0.6334,5752918.128870664
Mon Apr 08 2024 09:00:00 GMT+0100 (British Summer Time),0.0093,0.0213,0.6334,332902.6217435329
Mon Apr 08 2024 10:00:00 GMT+0100 (British Summer Time),0.0093,0.0213,0.6334,282054.8877799421
Mon Apr 08 2024 11:00:00 GMT+0100 (British Summer Time),0.0093,0.0213,0.6334,171023.10827660357
Mon Apr 08 2024 12:00:00 GMT+0100 (British Summer Time),0.0093,0.0213,0.6334,522429.2812734403
Mon Apr 08 2024 13:00:00 GMT+0100 (British Summer Time),0.0093,0.0213,0.6333,3496783.805498812
Mon Apr 08 2024 14:00:00 GMT+0100 (British Summer Time),0.0093,0.0179,0.6334,2968256.2609973773
Mon Apr 08 2024 15:00:00 GMT+0100 (British Summer Time),0.0133,0.0198,0.6333,1837785.0242820233
Mon Apr 08 2024 16:00:00 GMT+0100 (British Summer Time),0.0133,0.0198,0.6334,306060.00217220647
Mon Apr 08 2024 17:00:00 GMT+0100 (British Summer Time),0.0133,0.0198,0.6334,145306.9833582302
Mon Apr 08 2024 18:00:00 GMT+0100 (British Summer Time),0.0133,0.0198,0.6334,145320.2699330084
Mon Apr 08 2024 19:00:00 GMT+0100 (British Summer Time),0.0133,0.0198,0.6331,1805020.8329023744
Mon Apr 08 2024 20:00:00 GMT+0100 (British Summer Time),0.0133,0.0198,0.6334,68794.01272314398
Mon Apr 08 2024 21:00:00 GMT+0100 (British Summer Time),0.0133,0.0198,0.6334,1821935.169603441
Mon Apr 08 2024 22:00:00 GMT+0100 (British Summer Time),0.0133,0.0198,0.6334,132691.3896349693
Mon Apr 08 2024 23:00:00 GMT+0100 (British Summer Time),0.0133,0.0198,0.6334,3714748.8042689064
Tue Apr 09 2024 00:00:00 GMT+0100 (British Summer Time),0.0133,0.0198,0.6334,2504722.6984449513
Tue Apr 09 2024 01:00:00 GMT+0100 (British Summer Time),0.0133,0.0198,0.6334,667256.4449961993
Tue Apr 09 2024 02:00:00 GMT+0100 (British Summer Time),0.0133,0.0198,0.6334,928624.2216239633
Tue Apr 09 2024 03:00:00 GMT+0100 (British Summer Time),0.0133,0.0198,0.6334,1832062.4695642584
Tue Apr 09 2024 04:00:00 GMT+0100 (British Summer Time),0.0133,0.0198,0.6334,1501388.9167269175
Tue Apr 09 2024 05:00:00 GMT+0100 (British Summer Time),0.0133,0.0198,0.6334,182280.56106606036
Tue Apr 09 2024 06:00:00 GMT+0100 (British Summer Time),0.0133,0.0198,0.6334,835619.3216389727
Tue Apr 09 2024 07:00:00 GMT+0100 (British Summer Time),0.0133,0.0198,0.6334,1678083.277342515
Tue Apr 09 2024 08:00:00 GMT+0100 (British Summer Time),0.0133,0.0198,0.6334,2259073.66660412
Tue Apr 09 2024 09:00:00 GMT+0100 (British Summer Time),0.0133,0.0198,0.6334,247601.35732094746
Tue Apr 09 2024 10:00:00 GMT+0100 (British Summer Time),0.0133,0.0198,0.6334,1588408.363455846
Tue Apr 09 2024 11:00:00 GMT+0100 (British Summer Time),0.0133,0.0198,0.6334,478387.35586110456
Tue Apr 09 2024 12:00:00 GMT+0100 (British Summer Time),0.0133,0.0198,0.6334,1407237.1130447816
Tue Apr 09 2024 13:00:00 GMT+0100 (British Summer Time),0.0133,0.0198,0.6334,26371.481321134
Tue Apr 09 2024 14:00:00 GMT+0100 (British Summer Time),0.0133,0.0198,0.6334,2180493.212427878
Tue Apr 09 2024 15:00:00 GMT+0100 (British Summer Time),0.0265,0.0202,0.6334,456145.70798811683
Tue Apr 09 2024 16:00:00 GMT+0100 (British Summer Time),0.0265,0.0202,0.6332,900751.5954291646
Tue Apr 09 2024 17:00:00 GMT+0100 (British Summer Time),0.0265,0.0202,0.6334,52794.04922324129
Tue Apr 09 2024 18:00:00 GMT+0100 (British Summer Time),0.0265,0.0202,0.6334,711164.2418854535
Tue Apr 09 2024 19:00:00 GMT+0100 (British Summer Time),0.0265,0.0202,0.6334,66371649.55127994
Tue Apr 09 2024 20:00:00 GMT+0100 (British Summer Time),0.0265,0.0202,0.6335,2414342.9943357566
Tue Apr 09 2024 21:00:00 GMT+0100 (British Summer Time),0.0265,0.0202,0.6335,2945031.958281013
Tue Apr 09 2024 22:00:00 GMT+0100 (British Summer Time),0.0265,0.0202,0.6334,259218.77375530594
Tue Apr 09 2024 23:00:00 GMT+0100 (British Summer Time),0.0265,0.0202,0.6331,304569.8201129696
Wed Apr 10 2024 00:00:00 GMT+0100 (British Summer Time),0.0265,0.0202,0.6335,199647.1871687638
Wed Apr 10 2024 01:00:00 GMT+0100 (British Summer Time),0.0265,0.0202,0.6334,219595.48563929176
Wed Apr 10 2024 02:00:00 GMT+0100 (British Summer Time),0.0265,0.0202,0.6335,1011382.6919247375
Wed Apr 10 2024 03:00:00 GMT+0100 (British Summer Time),0.0265,0.0202,0.6335,1976307.0328003913
Wed Apr 10 2024 04:00:00 GMT+0100 (British Summer Time),0.0265,0.0202,0.6335,1141327.6226151143
Wed Apr 10 2024 05:00:00 GMT+0100 (British Summer Time),0.0265,0.0202,0.6335,1640675.6600176138
Wed Apr 10 2024 06:00:00 GMT+0100 (British Summer Time),0.0265,0.0202,0.6334,2098979.9520256547
Wed Apr 10 2024 07:00:00 GMT+0100 (British Summer Time),0.0265,0.0202,0.6335,1169271.7150575765
Wed Apr 10 2024 08:00:00 GMT+0100 (British Summer Time),0.0265,0.0202,0.6334,682215.5763871401
Wed Apr 10 2024 09:00:00 GMT+0100 (British Summer Time),0.0265,0.0202,0.6335,3460187.166360314
Wed Apr 10 2024 10:00:00 GMT+0100 (British Summer Time),0.0265,0.0202,0.6334,1140460.127711206
Wed Apr 10 2024 11:00:00 GMT+0100 (British Summer Time),0.0265,0.0202,0.6334,5925299.716960578
Wed Apr 10 2024 12:00:00 GMT+0100 (British Summer Time),0.0265,0.0202,0.6335,5462078.689854715
Wed Apr 10 2024 13:00:00 GMT+0100 (British Summer Time),0.0265,0.0202,0.6335,426141.9911571025
Wed Apr 10 2024 14:00:00 GMT+0100 (British Summer Time),0.0265,0.0202,0.6334,1147892.8620683143
Wed Apr 10 2024 15:00:00 GMT+0100 (British Summer Time),0,0.0168,0.6334,1255145.8636644096
Wed Apr 10 2024 16:00:00 GMT+0100 (British Summer Time),0.0271,0.0207,0.6335,4054301.643059201
Wed Apr 10 2024 17:00:00 GMT+0100 (British Summer Time),0.0271,0.0207,0.6335,2421980.2453605616
Wed Apr 10 2024 18:00:00 GMT+0100 (British Summer Time),0.0271,0.0207,0.6334,2454284.4150695256
Wed Apr 10 2024 19:00:00 GMT+0100 (British Summer Time),0.0271,0.0207,0.6332,1356959.5589974883
Wed Apr 10 2024 20:00:00 GMT+0100 (British Summer Time),0.0271,0.0207,0.6335,7450992.032459473
Wed Apr 10 2024 21:00:00 GMT+0100 (British Summer Time),0.0271,0.0207,0.6335,1656632.653504705
Wed Apr 10 2024 22:00:00 GMT+0100 (British Summer Time),0.0271,0.0207,0.6335,1544852.5484170746
Wed Apr 10 2024 23:00:00 GMT+0100 (British Summer Time),0.0271,0.0207,0.6335,172926.8095179893
Thu Apr 11 2024 00:00:00 GMT+0100 (British Summer Time),0.0271,0.0207,0.6335,928772.0810681165
Thu Apr 11 2024 01:00:00 GMT+0100 (British Summer Time),0.0271,0.0207,0.6335,404178.2731771305
Thu Apr 11 2024 02:00:00 GMT+0100 (British Summer Time),0.0271,0.0207,0.6335,174625.28368726408
Thu Apr 11 2024 03:00:00 GMT+0100 (British Summer Time),0.0271,0.0207,0.6335,20879.05283040127
Thu Apr 11 2024 04:00:00 GMT+0100 (British Summer Time),0.0271,0.0207,0.6335,857146.4030089978
Thu Apr 11 2024 05:00:00 GMT+0100 (British Summer Time),0.0271,0.0207,0.6335,218257.6257343412
Thu Apr 11 2024 06:00:00 GMT+0100 (British Summer Time),0.0271,0.0207,0.6335,1490760.6011015382
Thu Apr 11 2024 07:00:00 GMT+0100 (British Summer Time),0.0271,0.0207,0.6335,2229804.472143643
Thu Apr 11 2024 08:00:00 GMT+0100 (British Summer Time),0.0271,0.0207,0.6335,321088.23575280013
Thu Apr 11 2024 09:00:00 GMT+0100 (British Summer Time),0.0271,0.0207,0.6335,845578.770830791
Thu Apr 11 2024 10:00:00 GMT+0100 (British Summer Time),0.0271,0.0207,0.6335,872392.0777263597
Thu Apr 11 2024 11:00:00 GMT+0100 (British Summer Time),0.0271,0.0207,0.6335,4626781.547060206
Thu Apr 11 2024 12:00:00 GMT+0100 (British Summer Time),0.0271,0.0207,0.6334,1156269.3529285905
Thu Apr 11 2024 13:00:00 GMT+0100 (British Summer Time),0.0271,0.0207,0.6335,3658386.930112549
Thu Apr 11 2024 14:00:00 GMT+0100 (British Summer Time),0.0271,0.0207,0.6329,17040736.472490843
Thu Apr 11 2024 15:00:00 GMT+0100 (British Summer Time),0.0271,0.0171,0.6334,73453787.57152796
Thu Apr 11 2024 16:00:00 GMT+0100 (British Summer Time),0.0249,0.0207,0.6335,5343283.382546969
Thu Apr 11 2024 17:00:00 GMT+0100 (British Summer Time),0.0249,0.0207,0.6335,7181642.845419168
Thu Apr 11 2024 18:00:00 GMT+0100 (British Summer Time),0.0249,0.0207,0.6335,1058966.6507007957
Thu Apr 11 2024 19:00:00 GMT+0100 (British Summer Time),0.0249,0.0207,0.6334,3562986.847471593
Thu Apr 11 2024 20:00:00 GMT+0100 (British Summer Time),0.0249,0.0207,0.6334,155715.06471180505
Thu Apr 11 2024 21:00:00 GMT+0100 (British Summer Time),0.0249,0.0207,0.6335,332674.90984438895
Thu Apr 11 2024 22:00:00 GMT+0100 (British Summer Time),0.0249,0.0207,0.6335,721832.0140188334
Thu Apr 11 2024 23:00:00 GMT+0100 (British Summer Time),0.0249,0.0207,0.6335,571928.7793748502
Fri Apr 12 2024 00:00:00 GMT+0100 (British Summer Time),0.0249,0.0207,0.6335,413209.20011291036
Fri Apr 12 2024 01:00:00 GMT+0100 (British Summer Time),0.0249,0.0207,0.6335,8252881.493514513
Fri Apr 12 2024 02:00:00 GMT+0100 (British Summer Time),0.0249,0.0207,0.6335,463444.65323489835
Fri Apr 12 2024 03:00:00 GMT+0100 (British Summer Time),0.0249,0.0207,0.6334,106350.39850833551
Fri Apr 12 2024 04:00:00 GMT+0100 (British Summer Time),0.0249,0.0207,0.6334,4238434.299473799
Fri Apr 12 2024 05:00:00 GMT+0100 (British Summer Time),0.0249,0.0207,0.6333,5181678.509282676
Fri Apr 12 2024 06:00:00 GMT+0100 (British Summer Time),0.0249,0.0207,0.6334,1626185.452056621
Fri Apr 12 2024 07:00:00 GMT+0100 (British Summer Time),0.0249,0.0207,0.6334,3595421.148910213
Fri Apr 12 2024 08:00:00 GMT+0100 (British Summer Time),0.0249,0.0207,0.6334,1419139.5729443287
Fri Apr 12 2024 09:00:00 GMT+0100 (British Summer Time),0.0249,0.0207,0.6335,1910903.5166859366
Fri Apr 12 2024 10:00:00 GMT+0100 (British Summer Time),0.0249,0.0207,0.6335,4172387.3299583592
Fri Apr 12 2024 11:00:00 GMT+0100 (British Summer Time),0.0249,0.0207,0.6334,2022185.4627004892
Fri Apr 12 2024 12:00:00 GMT+0100 (British Summer Time),0.0249,0.0207,0.6333,2675843.815602355
Fri Apr 12 2024 13:00:00 GMT+0100 (British Summer Time),0.0249,0.0207,0.6335,1203704.6019305883
Fri Apr 12 2024 14:00:00 GMT+0100 (British Summer Time),0.0249,0.0207,0.6334,2464416.326041789
Fri Apr 12 2024 15:00:00 GMT+0100 (British Summer Time),0.0249,0.0172,0.6335,17569706.497576214
Fri Apr 12 2024 16:00:00 GMT+0100 (British Summer Time),0.0247,0.0207,0.6334,2047039.0134810975
Fri Apr 12 2024 17:00:00 GMT+0100 (British Summer Time),0.0247,0.0207,0.6335,1652276.7828430438
Fri Apr 12 2024 18:00:00 GMT+0100 (British Summer Time),0.0247,0.0207,0.6335,0
Fri Apr 12 2024 19:00:00 GMT+0100 (British Summer Time),0.0247,0.0207,0.6335,567538.3954984092
Fri Apr 12 2024 20:00:00 GMT+0100 (British Summer Time),0.0247,0.0207,0.6335,58328.59054010363
Fri Apr 12 2024 21:00:00 GMT+0100 (British Summer Time),0.0247,0.0207,0.6334,284222.40136753954
Fri Apr 12 2024 22:00:00 GMT+0100 (British Summer Time),0.0247,0.0207,0.6334,2311.3770629231226
Fri Apr 12 2024 23:00:00 GMT+0100 (British Summer Time),0.0247,0.0207,0.6335,218696.15369006043
Sat Apr 13 2024 00:00:00 GMT+0100 (British Summer Time),0.0247,0.0207,0.6335,294756.2462396552
Sat Apr 13 2024 01:00:00 GMT+0100 (British Summer Time),0.0247,0.0207,0.6335,317416.13296426734
Sat Apr 13 2024 02:00:00 GMT+0100 (British Summer Time),0.0247,0.0207,0.6335,74241.80511590542
Sat Apr 13 2024 03:00:00 GMT+0100 (British Summer Time),0.0247,0.0207,0.6334,292381.731621788
Sat Apr 13 2024 04:00:00 GMT+0100 (British Summer Time),0.0247,0.0207,0.6335,212470.88676902108
Sat Apr 13 2024 05:00:00 GMT+0100 (British Summer Time),0.0247,0.0207,0.6335,113684.28793688635
Sat Apr 13 2024 06:00:00 GMT+0100 (British Summer Time),0.0247,0.0207,0.6335,850877.9315367691
Sat Apr 13 2024 07:00:00 GMT+0100 (British Summer Time),0.0247,0.0207,0.6335,1357478.9518935801
Sat Apr 13 2024 08:00:00 GMT+0100 (British Summer Time),0.0247,0.0207,0.6335,230071.01131523924
Sat Apr 13 2024 09:00:00 GMT+0100 (British Summer Time),0.0247,0.0207,0.6335,1227520.9756115857
Sat Apr 13 2024 10:00:00 GMT+0100 (British Summer Time),0.0247,0.0207,0.6335,1047102.6223973532
Sat Apr 13 2024 11:00:00 GMT+0100 (British Summer Time),0.0247,0.0207,0.6334,2483791.878357521
Sat Apr 13 2024 12:00:00 GMT+0100 (British Summer Time),0.0247,0.0207,0.6335,6064633.968173699
Sat Apr 13 2024 13:00:00 GMT+0100 (British Summer Time),0.0247,0.0207,0.6335,678733.3940540671
Sat Apr 13 2024 14:00:00 GMT+0100 (British Summer Time),0.0247,0.0207,0.6333,2353555.952392458
Sat Apr 13 2024 15:00:00 GMT+0100 (British Summer Time),0.0247,0.0179,0.6317,29533346.95819063
Sat Apr 13 2024 16:00:00 GMT+0100 (British Summer Time),0.0247,0.0215,0.6315,558402.7397631853
Sat Apr 13 2024 17:00:00 GMT+0100 (British Summer Time),0.0247,0.0215,0.6335,1411259.4964812426
Sat Apr 13 2024 18:00:00 GMT+0100 (British Summer Time),0.0247,0.0215,0.6327,177137.33651149645
Sat Apr 13 2024 19:00:00 GMT+0100 (British Summer Time),0.0247,0.0215,0.6259,5057364.4627233045
Sat Apr 13 2024 20:00:00 GMT+0100 (British Summer Time),0.0247,0.0215,0.6335,762292.5161083626
Sat Apr 13 2024 21:00:00 GMT+0100 (British Summer Time),0.0247,0.0215,0.6335,224538.54947403524
Sat Apr 13 2024 22:00:00 GMT+0100 (British Summer Time),0.0247,0.0215,0.6335,225876.91746270377
Sat Apr 13 2024 23:00:00 GMT+0100 (British Summer Time),0.0247,0.0215,0.6335,16919.17720407409
Sun Apr 14 2024 00:00:00 GMT+0100 (British Summer Time),0.0247,0.0215,0.6335,7104242.416153317
Sun Apr 14 2024 01:00:00 GMT+0100 (British Summer Time),0.0247,0.0215,0.6335,2609415.584902306
Sun Apr 14 2024 02:00:00 GMT+0100 (British Summer Time),0.0247,0.0215,0.6335,1753211.6139158448
Sun Apr 14 2024 03:00:00 GMT+0100 (British Summer Time),0.0247,0.0215,0.6332,397731.45797720266
Sun Apr 14 2024 04:00:00 GMT+0100 (British Summer Time),0.0247,0.0215,0.626,816532.0753786208
Sun Apr 14 2024 05:00:00 GMT+0100 (British Summer Time),0.0247,0.0215,0.6325,1689256.4187083691
Sun Apr 14 2024 06:00:00 GMT+0100 (British Summer Time),0.0247,0.0215,0.6333,946051.9053935781
Sun Apr 14 2024 07:00:00 GMT+0100 (British Summer Time),0.0247,0.0215,0.6334,521206.3544532354
Sun Apr 14 2024 08:00:00 GMT+0100 (British Summer Time),0.0247,0.0215,0.6335,63078.58561625313
Sun Apr 14 2024 09:00:00 GMT+0100 (British Summer Time),0.0247,0.0215,0.6335,1342205.134655878
Sun Apr 14 2024 10:00:00 GMT+0100 (British Summer Time),0.0247,0.0215,0.6207,1079229.0163863294
Sun Apr 14 2024 11:00:00 GMT+0100 (British Summer Time),0.0247,0.0215,0.6294,1059130.9105910799
Sun Apr 14 2024 12:00:00 GMT+0100 (British Summer Time),0.0247,0.0215,0.6141,3081856.3512841524
Sun Apr 14 2024 13:00:00 GMT+0100 (British Summer Time),0.0247,0.0215,0.6335,2203380.65549386
Sun Apr 14 2024 14:00:00 GMT+0100 (British Summer Time),0.0247,0.0215,0.633,1689969.7693202035
Sun Apr 14 2024 15:00:00 GMT+0100 (British Summer Time),0.0247,0.0201,0.6135,3255119.5969186826
Sun Apr 14 2024 16:00:00 GMT+0100 (British Summer Time),0,0.0201,0.6144,4064053.9174432387
Sun Apr 14 2024 17:00:00 GMT+0100 (British Summer Time),0.0072,0.0212,0.6128,4186261.2648286745
Sun Apr 14 2024 18:00:00 GMT+0100 (British Summer Time),0.0072,0.0212,0.6278,249913.9217285672
Sun Apr 14 2024 19:00:00 GMT+0100 (British Summer Time),0.0072,0.0212,0.6244,2243869.435248836
Sun Apr 14 2024 20:00:00 GMT+0100 (British Summer Time),0.0072,0.0212,0.6335,959334.9657066027
Sun Apr 14 2024 21:00:00 GMT+0100 (British Summer Time),0.0072,0.0212,0.6318,1103754.5320314697
Sun Apr 14 2024 22:00:00 GMT+0100 (British Summer Time),0.0072,0.0212,0.6052,12043122.920931615
Sun Apr 14 2024 23:00:00 GMT+0100 (British Summer Time),0.0072,0.0212,0.6292,1517034.8510683305
Mon Apr 15 2024 00:00:00 GMT+0100 (British Summer Time),0.0072,0.0212,0.6335,1721404.515136836
Mon Apr 15 2024 01:00:00 GMT+0100 (British Summer Time),0.0072,0.0212,0.6331,21416728.441588998
Mon Apr 15 2024 02:00:00 GMT+0100 (British Summer Time),0.0072,0.0212,0.6305,4859886.309776958
Mon Apr 15 2024 03:00:00 GMT+0100 (British Summer Time),0.0072,0.0212,0.6335,196000.9342874168
Mon Apr 15 2024 04:00:00 GMT+0100 (British Summer Time),0.0072,0.0212,0.6335,3881232.815325617
Mon Apr 15 2024 05:00:00 GMT+0100 (British Summer Time),0.0072,0.0212,0.6335,527507.7482887872
Mon Apr 15 2024 06:00:00 GMT+0100 (British Summer Time),0.0072,0.0212,0.6335,405225.52156192984
Mon Apr 15 2024 07:00:00 GMT+0100 (British Summer Time),0.0072,0.0212,0.6334,60383.23873492106
Mon Apr 15 2024 08:00:00 GMT+0100 (British Summer Time),0.0072,0.0212,0.6261,5258737.961474141
Mon Apr 15 2024 09:00:00 GMT+0100 (British Summer Time),0.0072,0.0212,0.6334,3465286.5907827187
Mon Apr 15 2024 10:00:00 GMT+0100 (British Summer Time),0.0072,0.0212,0.6334,1491290.6065039795
Mon Apr 15 2024 11:00:00 GMT+0100 (British Summer Time),0.0072,0.0212,0.6333,1200209.3735346287
Mon Apr 15 2024 12:00:00 GMT+0100 (British Summer Time),0.0072,0.0212,0.6332,16868844.01829986
Mon Apr 15 2024 13:00:00 GMT+0100 (British Summer Time),0.0072,0.0212,0.6316,8995115.563485272
Mon Apr 15 2024 14:00:00 GMT+0100 (British Summer Time),0.0072,0.0212,0.6328,586186.5374262936
Mon Apr 15 2024 15:00:00 GMT+0100 (British Summer Time),0.0072,0.0192,0.6335,2446566.346902836
Mon Apr 15 2024 16:00:00 GMT+0100 (British Summer Time),0.0072,0.0192,0.6094,1363258.0507699877
Mon Apr 15 2024 17:00:00 GMT+0100 (British Summer Time),0.0007,0.0194,0.6075,2756551.809005263
Mon Apr 15 2024 18:00:00 GMT+0100 (British Summer Time),0.0007,0.0194,0.6068,2016565.1436430372
Mon Apr 15 2024 19:00:00 GMT+0100 (British Summer Time),0.0007,0.0194,0.6335,3706314.1495545073
Mon Apr 15 2024 20:00:00 GMT+0100 (British Summer Time),0.0007,0.0194,0.6335,335338.8015657886
Mon Apr 15 2024 21:00:00 GMT+0100 (British Summer Time),0.0007,0.0194,0.6297,268190.6666636147
Mon Apr 15 2024 22:00:00 GMT+0100 (British Summer Time),0.0007,0.0194,0.6334,2394810.5595165
Mon Apr 15 2024 23:00:00 GMT+0100 (British Summer Time),0.0007,0.0194,0.6329,5033761.230356764
Tue Apr 16 2024 00:00:00 GMT+0100 (British Summer Time),0.0007,0.0194,0.6335,25621234.192483235
Tue Apr 16 2024 01:00:00 GMT+0100 (British Summer Time),0.0007,0.0194,0.6335,312160.2857590444
Tue Apr 16 2024 02:00:00 GMT+0100 (British Summer Time),0.0007,0.0194,0.6334,4500077.95039832
Tue Apr 16 2024 03:00:00 GMT+0100 (British Summer Time),0.0007,0.0194,0.6335,2801029.854463038
Tue Apr 16 2024 04:00:00 GMT+0100 (British Summer Time),0.0007,0.0194,0.6298,3457658.2747040507
Tue Apr 16 2024 05:00:00 GMT+0100 (British Summer Time),0.0007,0.0194,0.6028,4510598.68476941
Tue Apr 16 2024 06:00:00 GMT+0100 (British Summer Time),0.0007,0.0194,0.6335,2713595.883812651
Tue Apr 16 2024 07:00:00 GMT+0100 (British Summer Time),0.0007,0.0194,0.621,1860638.7741156272
Tue Apr 16 2024 08:00:00 GMT+0100 (British Summer Time),0.0007,0.0194,0.6238,2205970.4384077825
Tue Apr 16 2024 09:00:00 GMT+0100 (British Summer Time),0.0007,0.0194,0.6294,1790548.8090660647
Tue Apr 16 2024 10:00:00 GMT+0100 (British Summer Time),0.0007,0.0194,0.632,8361186.446228198
Tue Apr 16 2024 11:00:00 GMT+0100 (British Summer Time),0.0007,0.0194,0.6335,878101.9574267163
Tue Apr 16 2024 12:00:00 GMT+0100 (British Summer Time),0.0007,0.0194,0.6322,4724535.838256564
Tue Apr 16 2024 13:00:00 GMT+0100 (British Summer Time),0.0007,0.0194,0.6335,3293776.184897987
Tue Apr 16 2024 14:00:00 GMT+0100 (British Summer Time),0.0007,0.0194,0.6335,3978401.858628049
Tue Apr 16 2024 15:00:00 GMT+0100 (British Summer Time),0.0007,0.0155,0.6001,14980785.775998197
Tue Apr 16 2024 16:00:00 GMT+0100 (British Summer Time),0.0007,0.0155,0.5801,12063621.584099235
Tue Apr 16 2024 17:00:00 GMT+0100 (British Summer Time),0,0.0155,0.6335,5353328.857009122
Tue Apr 16 2024 18:00:00 GMT+0100 (British Summer Time),0,0.0155,0.6335,426054.2080173605
Tue Apr 16 2024 19:00:00 GMT+0100 (British Summer Time),0,0.0155,0.6335,759061.9846209667
Tue Apr 16 2024 20:00:00 GMT+0100 (British Summer Time),0,0.0155,0.6335,2559043.8197315573
Tue Apr 16 2024 21:00:00 GMT+0100 (British Summer Time),0,0.0155,0.6335,959321.8458967031
Tue Apr 16 2024 22:00:00 GMT+0100 (British Summer Time),0,0.0155,0.6335,197751.8883567259
Tue Apr 16 2024 23:00:00 GMT+0100 (British Summer Time),0,0.0155,0.6335,209238.93510390166
Wed Apr 17 2024 00:00:00 GMT+0100 (British Summer Time),0,0.0155,0.6335,78144.90634490663
Wed Apr 17 2024 01:00:00 GMT+0100 (British Summer Time),0,0.0155,0.6335,945044.7750804608
Wed Apr 17 2024 02:00:00 GMT+0100 (British Summer Time),0,0.0155,0.6335,3566829.395654923
Wed Apr 17 2024 03:00:00 GMT+0100 (British Summer Time),0.0001,0.0156,0.6335,180946.47757248487
Wed Apr 17 2024 04:00:00 GMT+0100 (British Summer Time),0.0001,0.0156,0.6335,1119152.6189689373
Wed Apr 17 2024 05:00:00 GMT+0100 (British Summer Time),0.0001,0.0156,0.6335,1261200.2959015924
Wed Apr 17 2024 06:00:00 GMT+0100 (British Summer Time),0.0001,0.0156,0.6335,630881.4267978691
Wed Apr 17 2024 07:00:00 GMT+0100 (British Summer Time),0.0001,0.0156,0.6249,7385200.130099769
Wed Apr 17 2024 08:00:00 GMT+0100 (British Summer Time),0.0001,0.0156,0.6335,2509734.781117304
Wed Apr 17 2024 09:00:00 GMT+0100 (British Summer Time),0.0001,0.0156,0.632,14541345.848030694
Wed Apr 17 2024 10:00:00 GMT+0100 (British Summer Time),0.0001,0.0156,0.6335,4729960.312709077
Wed Apr 17 2024 11:00:00 GMT+0100 (British Summer Time),0.0001,0.0156,0.6333,2328388.297222321
Wed Apr 17 2024 12:00:00 GMT+0100 (British Summer Time),0.0001,0.0156,0.6335,218060.54255476937
Wed Apr 17 2024 13:00:00 GMT+0100 (British Summer Time),0.0001,0.0156,0.6025,5036555.687093567
Wed Apr 17 2024 14:00:00 GMT+0100 (British Summer Time),0.0001,0.0156,0.5996,3414918.9596021473
Wed Apr 17 2024 15:00:00 GMT+0100 (British Summer Time),0.0001,0.0156,0.6268,1707176.5677474986
Wed Apr 17 2024 16:00:00 GMT+0100 (British Summer Time),0.0001,0.0117,0.599,5255422.950281645
Wed Apr 17 2024 17:00:00 GMT+0100 (British Summer Time),0.0001,0.0117,0.6321,6281051.442309007
Wed Apr 17 2024 18:00:00 GMT+0100 (British Summer Time),0.0001,0.0117,0.6335,711194.6777345001
Wed Apr 17 2024 19:00:00 GMT+0100 (British Summer Time),0.0001,0.0117,0.6334,275824.0288841593
Wed Apr 17 2024 20:00:00 GMT+0100 (British Summer Time),0.0001,0.0117,0.6134,13184126.752149923
Wed Apr 17 2024 21:00:00 GMT+0100 (British Summer Time),0.0001,0.0117,0.6335,6083847.702084643
Wed Apr 17 2024 22:00:00 GMT+0100 (British Summer Time),0.0001,0.0117,0.6332,463038.384430034
Wed Apr 17 2024 23:00:00 GMT+0100 (British Summer Time),0.0001,0.0117,0.6099,1477716.5138909991
Thu Apr 18 2024 00:00:00 GMT+0100 (British Summer Time),0.0001,0.0117,0.5897,6810602.0737123955
Thu Apr 18 2024 01:00:00 GMT+0100 (British Summer Time),0.0001,0.0117,0.6335,2344578.959754014
Thu Apr 18 2024 02:00:00 GMT+0100 (British Summer Time),0.0001,0.0117,0.6269,2689435.138554767
Thu Apr 18 2024 03:00:00 GMT+0100 (British Summer Time),0.0022,0.012,0.6277,1024548.7250515076
Thu Apr 18 2024 04:00:00 GMT+0100 (British Summer Time),0.0022,0.012,0.6333,1049435.5854111048
Thu Apr 18 2024 05:00:00 GMT+0100 (British Summer Time),0.0022,0.012,0.6219,1077303.6429842238
Thu Apr 18 2024 06:00:00 GMT+0100 (British Summer Time),0.0022,0.012,0.6247,693571.124128574
Thu Apr 18 2024 07:00:00 GMT+0100 (British Summer Time),0.0022,0.012,0.6291,331245.2501336138
Thu Apr 18 2024 08:00:00 GMT+0100 (British Summer Time),0.0022,0.012,0.6335,1749039.2000292533
Thu Apr 18 2024 09:00:00 GMT+0100 (British Summer Time),0.0022,0.012,0.6334,947984.7570599073
Thu Apr 18 2024 10:00:00 GMT+0100 (British Summer Time),0.0022,0.012,0.6335,1499132.9652442443
Thu Apr 18 2024 11:00:00 GMT+0100 (British Summer Time),0.0022,0.012,0.6332,1818953.177845494
Thu Apr 18 2024 12:00:00 GMT+0100 (British Summer Time),0.0022,0.012,0.6221,5452873.4830199
Thu Apr 18 2024 13:00:00 GMT+0100 (British Summer Time),0.0022,0.012,0.633,1259837.163179319
Thu Apr 18 2024 14:00:00 GMT+0100 (British Summer Time),0.0022,0.012,0.632,686993.0792543025
Thu Apr 18 2024 15:00:00 GMT+0100 (British Summer Time),0.0022,0.012,0.626,2910365.521102328
Thu Apr 18 2024 16:00:00 GMT+0100 (British Summer Time),0.0022,0.0084,0.6136,2267180.9817933072
Thu Apr 18 2024 17:00:00 GMT+0100 (British Summer Time),0.0022,0.0084,0.6167,950025.6693433619
Thu Apr 18 2024 18:00:00 GMT+0100 (British Summer Time),0.0022,0.0084,0.6254,1491256.311748228
Thu Apr 18 2024 19:00:00 GMT+0100 (British Summer Time),0.0022,0.0084,0.6335,659504.9056238254
Thu Apr 18 2024 20:00:00 GMT+0100 (British Summer Time),0.0022,0.0084,0.6335,170381.57009863036
Thu Apr 18 2024 21:00:00 GMT+0100 (British Summer Time),0.0022,0.0084,0.6332,856975.3447704284
Thu Apr 18 2024 22:00:00 GMT+0100 (British Summer Time),0.0022,0.0084,0.6335,629496.9119720001
Thu Apr 18 2024 23:00:00 GMT+0100 (British Summer Time),0.0022,0.0084,0.633,459077.7797609849
Fri Apr 19 2024 00:00:00 GMT+0100 (British Summer Time),0.0022,0.0084,0.6333,1237562.5497778312
Fri Apr 19 2024 01:00:00 GMT+0100 (British Summer Time),0.0022,0.0084,0.6335,2668585.5948992106
Fri Apr 19 2024 02:00:00 GMT+0100 (British Summer Time),0.0022,0.0084,0.6335,502681.69115052035
Fri Apr 19 2024 03:00:00 GMT+0100 (British Summer Time),0,0.0084,0.6334,1395210.9493132131
Fri Apr 19 2024 04:00:00 GMT+0100 (British Summer Time),0.0023,0.0088,0.6293,1352483.323195027
Fri Apr 19 2024 05:00:00 GMT+0100 (British Summer Time),0.0023,0.0088,0.6334,484560.84157874767
Fri Apr 19 2024 06:00:00 GMT+0100 (British Summer Time),0.0023,0.0088,0.6327,286534.36232786754
Fri Apr 19 2024 07:00:00 GMT+0100 (British Summer Time),0.0023,0.0088,0.6335,1476815.354789185
Fri Apr 19 2024 08:00:00 GMT+0100 (British Summer Time),0.0023,0.0088,0.6309,1222638.7313438898
Fri Apr 19 2024 09:00:00 GMT+0100 (British Summer Time),0.0023,0.0088,0.6328,2039986.4799350179
Fri Apr 19 2024 10:00:00 GMT+0100 (British Summer Time),0.0023,0.0088,0.6335,705858.7639117858
Fri Apr 19 2024 11:00:00 GMT+0100 (British Summer Time),0.0023,0.0088,0.6335,1694115.3516934435
Fri Apr 19 2024 12:00:00 GMT+0100 (British Summer Time),0.0023,0.0088,0.6321,932441.0253984667
Fri Apr 19 2024 13:00:00 GMT+0100 (British Summer Time),0.0023,0.0088,0.6305,144041.66350184038
Fri Apr 19 2024 14:00:00 GMT+0100 (British Summer Time),0.0023,0.0088,0.6261,3273911.128759535
Fri Apr 19 2024 15:00:00 GMT+0100 (British Summer Time),0.0023,0.0088,0.6335,1168377.3746772201
Fri Apr 19 2024 16:00:00 GMT+0100 (British Summer Time),0.0023,0.0053,0.6323,380175.7280888482
Fri Apr 19 2024 17:00:00 GMT+0100 (British Summer Time),0.0023,0.0053,0.6335,637219.4742616294
Fri Apr 19 2024 18:00:00 GMT+0100 (British Summer Time),0.0023,0.0053,0.6335,1250922.6788881787
Fri Apr 19 2024 19:00:00 GMT+0100 (British Summer Time),0.0023,0.0053,0.6335,425967.6692980097
Fri Apr 19 2024 20:00:00 GMT+0100 (British Summer Time),0.0023,0.0053,0.6329,926111.8029853485
Fri Apr 19 2024 21:00:00 GMT+0100 (British Summer Time),0.0023,0.0053,0.6326,1667417.4857537246
Fri Apr 19 2024 22:00:00 GMT+0100 (British Summer Time),0.0023,0.0053,0.6304,7556321.310739566
Fri Apr 19 2024 23:00:00 GMT+0100 (British Summer Time),0.0023,0.0053,0.6121,10081712.905762011
Sat Apr 20 2024 00:00:00 GMT+0100 (British Summer Time),0.0023,0.0053,0.6151,152875.37003448044
Sat Apr 20 2024 01:00:00 GMT+0100 (British Summer Time),0.0023,0.0053,0.6335,3495234.654482749
Sat Apr 20 2024 02:00:00 GMT+0100 (British Summer Time),0.0023,0.0053,0.6335,195143.7169827617
Sat Apr 20 2024 03:00:00 GMT+0100 (British Summer Time),0.0023,0.0053,0.6335,307955.27585225314
Sat Apr 20 2024 04:00:00 GMT+0100 (British Summer Time),0.0027,0.0056,0.6232,1189650.8079453793
Sat Apr 20 2024 05:00:00 GMT+0100 (British Summer Time),0.0027,0.0056,0.6088,2779000.92854527
Sat Apr 20 2024 06:00:00 GMT+0100 (British Summer Time),0.0027,0.0056,0.6009,1085382.7112076504
Sat Apr 20 2024 07:00:00 GMT+0100 (British Summer Time),0.0027,0.0056,0.541,7720093.924173793
Sat Apr 20 2024 08:00:00 GMT+0100 (British Summer Time),0.0027,0.0056,0.5436,4907264.684443589
Sat Apr 20 2024 09:00:00 GMT+0100 (British Summer Time),0.0027,0.0056,0.5628,2382087.046461166
Sat Apr 20 2024 10:00:00 GMT+0100 (British Summer Time),0.0027,0.0056,0.5403,4907983.261870811
Sat Apr 20 2024 11:00:00 GMT+0100 (British Summer Time),0.0027,0.0056,0.5905,4887947.857505605
Sat Apr 20 2024 12:00:00 GMT+0100 (British Summer Time),0.0027,0.0056,0.5842,3455357.0073130075
Sat Apr 20 2024 13:00:00 GMT+0100 (British Summer Time),0.0027,0.0056,0.5914,1996555.630808744
Sat Apr 20 2024 14:00:00 GMT+0100 (British Summer Time),0.0027,0.0056,0.5889,468745.5434638028
Sat Apr 20 2024 15:00:00 GMT+0100 (British Summer Time),0.0027,0.0056,0.5935,1714036.5733154817
Sat Apr 20 2024 16:00:00 GMT+0100 (British Summer Time),0.0027,0.0022,0.6184,1969651.672395376
Sat Apr 20 2024 17:00:00 GMT+0100 (British Summer Time),0.0027,0.0022,0.5903,2003733.07119026
Sat Apr 20 2024 18:00:00 GMT+0100 (British Summer Time),0.0027,0.0022,0.5637,5383539.837944339
Sat Apr 20 2024 19:00:00 GMT+0100 (British Summer Time),0.0027,0.0022,0.5628,1168619.6100600632
Sat Apr 20 2024 20:00:00 GMT+0100 (British Summer Time),0.0027,0.0022,0.5776,1811001.880238239
Sat Apr 20 2024 21:00:00 GMT+0100 (British Summer Time),0.0027,0.0022,0.5902,1745197.796142254
Sat Apr 20 2024 22:00:00 GMT+0100 (British Summer Time),0.0027,0.0022,0.5826,6910066.059884695
Sat Apr 20 2024 23:00:00 GMT+0100 (British Summer Time),0.0027,0.0022,0.5796,795317.3879805072
Sun Apr 21 2024 00:00:00 GMT+0100 (British Summer Time),0.0027,0.0022,0.5675,2946782.604011727
Sun Apr 21 2024 01:00:00 GMT+0100 (British Summer Time),0.0027,0.0022,0.5714,1893773.166189259
Sun Apr 21 2024 02:00:00 GMT+0100 (British Summer Time),0.0027,0.0022,0.5838,2173531.6768075028
Sun Apr 21 2024 03:00:00 GMT+0100 (British Summer Time),0.0027,0.0022,0.569,3660258.359169627
Sun Apr 21 2024 04:00:00 GMT+0100 (British Summer Time),0.009,0.0034,0.6322,5550707.288059675
Sun Apr 21 2024 05:00:00 GMT+0100 (British Summer Time),0.009,0.0034,0.6183,1789341.2180094984
Sun Apr 21 2024 06:00:00 GMT+0100 (British Summer Time),0.009,0.0034,0.633,715110.7797821837
Sun Apr 21 2024 07:00:00 GMT+0100 (British Summer Time),0.009,0.0034,0.6336,785419.5570797046
Sun Apr 21 2024 08:00:00 GMT+0100 (British Summer Time),0.009,0.0034,0.6336,3896005.759392974
Sun Apr 21 2024 09:00:00 GMT+0100 (British Summer Time),0.009,0.0034,0.6336,966960.7347423563
Sun Apr 21 2024 10:00:00 GMT+0100 (British Summer Time),0.009,0.0034,0.6336,2243024.7422990887
Sun Apr 21 2024 11:00:00 GMT+0100 (British Summer Time),0.009,0.0034,0.6335,2823062.2507690648
Sun Apr 21 2024 12:00:00 GMT+0100 (British Summer Time),0.009,0.0034,0.6336,305637.1756746098
Sun Apr 21 2024 13:00:00 GMT+0100 (British Summer Time),0.009,0.0034,0.6294,2170780.626513382
Sun Apr 21 2024 14:00:00 GMT+0100 (British Summer Time),0.009,0.0034,0.6335,1126948.9434716748
Sun Apr 21 2024 15:00:00 GMT+0100 (British Summer Time),0.009,0.0034,0.6329,2094009.2442274957
Sun Apr 21 2024 16:00:00 GMT+0100 (British Summer Time),0.009,0.0034,0.6336,2806048.9480831316
Sun Apr 21 2024 17:00:00 GMT+0100 (British Summer Time),0.009,0.0024,0.6336,741935.015972913
Sun Apr 21 2024 18:00:00 GMT+0100 (British Summer Time),0.009,0.0024,0.633,1224676.3611320257
Sun Apr 21 2024 19:00:00 GMT+0100 (British Summer Time),0.009,0.0024,0.6336,1143782.0903021279
Sun Apr 21 2024 20:00:00 GMT+0100 (British Summer Time),0.009,0.0024,0.6336,360933.92540001316
Sun Apr 21 2024 21:00:00 GMT+0100 (British Summer Time),0.009,0.0024,0.6336,149997.7293724364
Sun Apr 21 2024 22:00:00 GMT+0100 (British Summer Time),0.009,0.0024,0.6336,719988.3032929422
Sun Apr 21 2024 23:00:00 GMT+0100 (British Summer Time),0.009,0.0024,0.6336,204363.9687861998
Mon Apr 22 2024 00:00:00 GMT+0100 (British Summer Time),0.009,0.0024,0.6328,194172.6968271659
Mon Apr 22 2024 01:00:00 GMT+0100 (British Summer Time),0.009,0.0024,0.6333,1756351.05362841
Mon Apr 22 2024 02:00:00 GMT+0100 (British Summer Time),0.009,0.0024,0.6323,1297888.4872312576
Mon Apr 22 2024 03:00:00 GMT+0100 (British Summer Time),0.009,0.0024,0.6016,7353534.7635598965
Mon Apr 22 2024 04:00:00 GMT+0100 (British Summer Time),0.0197,0.0052,0.6218,2842253.725786177
Mon Apr 22 2024 05:00:00 GMT+0100 (British Summer Time),0.0197,0.0052,0.6336,1888580.4096719706
Mon Apr 22 2024 06:00:00 GMT+0100 (British Summer Time),0.0197,0.0052,0.604,2643494.090987223
Mon Apr 22 2024 07:00:00 GMT+0100 (British Summer Time),0.0197,0.0052,0.615,3439364.686456995
Mon Apr 22 2024 08:00:00 GMT+0100 (British Summer Time),0.0197,0.0052,0.6336,7266993.187990089
Mon Apr 22 2024 09:00:00 GMT+0100 (British Summer Time),0.0197,0.0052,0.6337,2007394.68488187
Mon Apr 22 2024 10:00:00 GMT+0100 (British Summer Time),0.0197,0.0052,0.6329,2658807.026913509
Mon Apr 22 2024 11:00:00 GMT+0100 (British Summer Time),0.0197,0.0052,0.6336,1314259.7028657708
Mon Apr 22 2024 12:00:00 GMT+0100 (British Summer Time),0.0197,0.0052,0.6336,1476324.4095807918
Mon Apr 22 2024 13:00:00 GMT+0100 (British Summer Time),0.0197,0.0052,0.6336,984898.6456117707
Mon Apr 22 2024 14:00:00 GMT+0100 (British Summer Time),0.0197,0.0052,0.6336,9140491.003810218
Mon Apr 22 2024 15:00:00 GMT+0100 (British Summer Time),0.0197,0.0052,0.6336,2857608.9886723785
Mon Apr 22 2024 16:00:00 GMT+0100 (British Summer Time),0.0197,0.0052,0.6336,129539.09462542672
Mon Apr 22 2024 17:00:00 GMT+0100 (British Summer Time),0.0197,0.0051,0.6331,666936.4709719628
Mon Apr 22 2024 18:00:00 GMT+0100 (British Summer Time),0.0197,0.0051,0.6336,4639763.017921734
Mon Apr 22 2024 19:00:00 GMT+0100 (British Summer Time),0.0197,0.0051,0.633,7229800.710301947
Mon Apr 22 2024 20:00:00 GMT+0100 (British Summer Time),0.0197,0.0051,0.6336,2601304.467748132
Mon Apr 22 2024 21:00:00 GMT+0100 (British Summer Time),0.0197,0.0051,0.6336,3902207.3553980305
Mon Apr 22 2024 22:00:00 GMT+0100 (British Summer Time),0.0197,0.0051,0.6337,2083908.4682739822
Mon Apr 22 2024 23:00:00 GMT+0100 (British Summer Time),0.0197,0.0051,0.6336,1529991.0586326737
Tue Apr 23 2024 00:00:00 GMT+0100 (British Summer Time),0.0197,0.0051,0.6336,55858.923576749185
Tue Apr 23 2024 01:00:00 GMT+0100 (British Summer Time),0.0197,0.0051,0.6336,1385749.1496078921
Tue Apr 23 2024 02:00:00 GMT+0100 (British Summer Time),0.0197,0.0051,0.6336,548859.4216953925
Tue Apr 23 2024 03:00:00 GMT+0100 (British Summer Time),0.0197,0.0051,0.6331,232143.26155296128
Tue Apr 23 2024 04:00:00 GMT+0100 (British Summer Time),0.0139,0.0071,0.6336,420914.2696152738
Tue Apr 23 2024 05:00:00 GMT+0100 (British Summer Time),0.0139,0.0071,0.632,769407.1951381937
Tue Apr 23 2024 06:00:00 GMT+0100 (British Summer Time),0.0139,0.0071,0.6336,2177933.96828372
Tue Apr 23 2024 07:00:00 GMT+0100 (British Summer Time),0.0139,0.0071,0.6265,4222984.414077313
Tue Apr 23 2024 08:00:00 GMT+0100 (British Summer Time),0.0139,0.0071,0.6224,1049589.2713312816
Tue Apr 23 2024 09:00:00 GMT+0100 (British Summer Time),0.0139,0.0071,0.6336,3184089.5608748686
Tue Apr 23 2024 10:00:00 GMT+0100 (British Summer Time),0.0139,0.0071,0.6337,2997003.295671124
Tue Apr 23 2024 11:00:00 GMT+0100 (British Summer Time),0.0139,0.0071,0.6336,11540213.97943331
Tue Apr 23 2024 12:00:00 GMT+0100 (British Summer Time),0.0139,0.0071,0.6336,21039902.35944225
Tue Apr 23 2024 13:00:00 GMT+0100 (British Summer Time),0.0139,0.0071,0.6335,8461801.76238143
Tue Apr 23 2024 14:00:00 GMT+0100 (British Summer Time),0.0139,0.0071,0.6337,6078645.2853285195
Tue Apr 23 2024 15:00:00 GMT+0100 (British Summer Time),0.0139,0.0071,0.6336,10584649.759535648
Tue Apr 23 2024 16:00:00 GMT+0100 (British Summer Time),0.0139,0.0071,0.6336,777565.8110453155
Tue Apr 23 2024 17:00:00 GMT+0100 (British Summer Time),0.0139,0.0071,0.6336,6933209.240442024
Tue Apr 23 2024 18:00:00 GMT+0100 (British Summer Time),0.0139,0.0071,0.6336,6771416.162479261
Tue Apr 23 2024 19:00:00 GMT+0100 (British Summer Time),0.0139,0.0071,0.6336,560715.1123122168
Tue Apr 23 2024 20:00:00 GMT+0100 (British Summer Time),0.0139,0.0071,0.6336,3181495.769427048
Tue Apr 23 2024 21:00:00 GMT+0100 (British Summer Time),0.0139,0.0071,0.6336,4183415.8400539607
Tue Apr 23 2024 22:00:00 GMT+0100 (British Summer Time),0.0139,0.0071,0.6336,517894.1546134688
Tue Apr 23 2024 23:00:00 GMT+0100 (British Summer Time),0.0139,0.0071,0.6336,1743037.2500048615
Wed Apr 24 2024 00:00:00 GMT+0100 (British Summer Time),0.0139,0.0071,0.6336,1356313.1572806956
Wed Apr 24 2024 01:00:00 GMT+0100 (British Summer Time),0.0139,0.0071,0.6336,1574390.3950815045
Wed Apr 24 2024 02:00:00 GMT+0100 (British Summer Time),0.0139,0.0071,0.6333,2278615.2917999066
Wed Apr 24 2024 03:00:00 GMT+0100 (British Summer Time),0.0139,0.0071,0.6323,2021395.9501218782
Wed Apr 24 2024 04:00:00 GMT+0100 (British Summer Time),0.0055,0.0079,0.6332,30433173.413435377
Wed Apr 24 2024 05:00:00 GMT+0100 (British Summer Time),0.0055,0.0079,0.6338,6674659.430141178
Wed Apr 24 2024 06:00:00 GMT+0100 (British Summer Time),0.0055,0.0079,0.6336,4163352.8954955367
Wed Apr 24 2024 07:00:00 GMT+0100 (British Summer Time),0.0055,0.0079,0.6336,1439009.5972122166
Wed Apr 24 2024 08:00:00 GMT+0100 (British Summer Time),0.0055,0.0079,0.6335,2104959.695906921
Wed Apr 24 2024 09:00:00 GMT+0100 (British Summer Time),0.0055,0.0079,0.6336,32624508.22911466
Wed Apr 24 2024 10:00:00 GMT+0100 (British Summer Time),0.0055,0.0079,0.6337,8906945.933725845
Wed Apr 24 2024 11:00:00 GMT+0100 (British Summer Time),0.0055,0.0079,0.6336,677867.2257548142
Wed Apr 24 2024 12:00:00 GMT+0100 (British Summer Time),0.0055,0.0079,0.6339,2954197.2927340753
Wed Apr 24 2024 13:00:00 GMT+0100 (British Summer Time),0.0055,0.0079,0.6339,3298614.9272814556
Wed Apr 24 2024 14:00:00 GMT+0100 (British Summer Time),0.0055,0.0079,0.6336,9818053.336923003
Wed Apr 24 2024 15:00:00 GMT+0100 (British Summer Time),0.0055,0.0079,0.6328,4239132.41047879
Wed Apr 24 2024 16:00:00 GMT+0100 (British Summer Time),0.0055,0.0079,0.6312,2125407.5081055127
Wed Apr 24 2024 17:00:00 GMT+0100 (British Summer Time),0.0055,0.0079,0.6337,1103012.8270788996
Wed Apr 24 2024 18:00:00 GMT+0100 (British Summer Time),0.0055,0.0079,0.6337,2538527.5762311798
Wed Apr 24 2024 19:00:00 GMT+0100 (British Summer Time),0.0055,0.0079,0.6337,1107659.8178432684
Wed Apr 24 2024 20:00:00 GMT+0100 (British Summer Time),0.0055,0.0079,0.6319,1938562.9199832703
Wed Apr 24 2024 21:00:00 GMT+0100 (British Summer Time),0.0055,0.0079,0.6337,1187424.0938465802
Wed Apr 24 2024 22:00:00 GMT+0100 (British Summer Time),0.0055,0.0079,0.6337,422218.64473791805
Wed Apr 24 2024 23:00:00 GMT+0100 (British Summer Time),0.0055,0.0079,0.6338,3538881.566892863
Thu Apr 25 2024 00:00:00 GMT+0100 (British Summer Time),0.0055,0.0079,0.6471,2316029.172382274