time,underlyingApy1DMA,underlyingApy7DMA,impliedApy,volume
Thu Apr 24 2025 22:00:00 GMT+0100 (British Summer Time),0.0296,0.0285,0.0301,0
Thu Apr 24 2025 23:00:00 GMT+0100 (British Summer Time),0.0296,0.0285,0.0301,1.462240866870646
Fri Apr 25 2025 00:00:00 GMT+0100 (British Summer Time),0.0295,0.0285,0.0301,0
Fri Apr 25 2025 01:00:00 GMT+0100 (British Summer Time),0.0296,0.0286,0.0301,0
Fri Apr 25 2025 02:00:00 GMT+0100 (British Summer Time),0.0296,0.0286,0.0301,0
Fri Apr 25 2025 03:00:00 GMT+0100 (British Summer Time),0.0296,0.0285,0.0301,0
Fri Apr 25 2025 04:00:00 GMT+0100 (British Summer Time),0.0296,0.0285,0.0301,5.094383944271579
Fri Apr 25 2025 05:00:00 GMT+0100 (British Summer Time),0.0296,0.0286,0.0301,0
Fri Apr 25 2025 06:00:00 GMT+0100 (British Summer Time),0.0296,0.0286,0.0301,0
Fri Apr 25 2025 07:00:00 GMT+0100 (British Summer Time),0.0296,0.0285,0.0301,0
Fri Apr 25 2025 08:00:00 GMT+0100 (British Summer Time),0.0296,0.0285,0.0301,9.21928338904009
Fri Apr 25 2025 09:00:00 GMT+0100 (British Summer Time),0.0295,0.0285,0.0301,0.2826340292857476
Fri Apr 25 2025 10:00:00 GMT+0100 (British Summer Time),0.0296,0.0286,0.0301,12.313113200405427
Fri Apr 25 2025 11:00:00 GMT+0100 (British Summer Time),0.0296,0.0286,0.0301,0
Fri Apr 25 2025 12:00:00 GMT+0100 (British Summer Time),0.0296,0.0285,0.0301,11.887129012189881
Fri Apr 25 2025 13:00:00 GMT+0100 (British Summer Time),0.0283,0.0286,0.0301,1.2937527069713877
Fri Apr 25 2025 14:00:00 GMT+0100 (British Summer Time),0.0284,0.0287,0.0301,6.870933255674709
Fri Apr 25 2025 15:00:00 GMT+0100 (British Summer Time),0.0284,0.0287,0.0301,0
Fri Apr 25 2025 16:00:00 GMT+0100 (British Summer Time),0.0283,0.0286,0.0301,0.6472923430420824
Fri Apr 25 2025 17:00:00 GMT+0100 (British Summer Time),0.0283,0.0286,0.0301,0
Fri Apr 25 2025 18:00:00 GMT+0100 (British Summer Time),0.0283,0.0286,0.0301,1.7469681641429744
Fri Apr 25 2025 19:00:00 GMT+0100 (British Summer Time),0.0284,0.0287,0.0301,0
Fri Apr 25 2025 20:00:00 GMT+0100 (British Summer Time),0.0283,0.0286,0.0301,2.109162993483713
Fri Apr 25 2025 21:00:00 GMT+0100 (British Summer Time),0.0283,0.0286,0.0301,25.33778649327565
Fri Apr 25 2025 22:00:00 GMT+0100 (British Summer Time),0.0283,0.0286,0.0301,0
Fri Apr 25 2025 23:00:00 GMT+0100 (British Summer Time),0.0284,0.0287,0.0301,0
Sat Apr 26 2025 00:00:00 GMT+0100 (British Summer Time),0.0284,0.0287,0.0301,0
Sat Apr 26 2025 01:00:00 GMT+0100 (British Summer Time),0.0283,0.0286,0.0301,0
Sat Apr 26 2025 02:00:00 GMT+0100 (British Summer Time),0.0283,0.0286,0.0301,0
Sat Apr 26 2025 03:00:00 GMT+0100 (British Summer Time),0.0283,0.0286,0.0301,0
Sat Apr 26 2025 04:00:00 GMT+0100 (British Summer Time),0.0284,0.0287,0.0301,5.538264064601769
Sat Apr 26 2025 05:00:00 GMT+0100 (British Summer Time),0.0283,0.0286,0.0301,0
Sat Apr 26 2025 06:00:00 GMT+0100 (British Summer Time),0.0283,0.0286,0.0301,0
Sat Apr 26 2025 07:00:00 GMT+0100 (British Summer Time),0.0283,0.0286,0.0301,2.3448687168326163
Sat Apr 26 2025 08:00:00 GMT+0100 (British Summer Time),0.0284,0.0287,0.0301,0.14058551219972862
Sat Apr 26 2025 09:00:00 GMT+0100 (British Summer Time),0.0284,0.0287,0.0301,0.2974842656337862
Sat Apr 26 2025 10:00:00 GMT+0100 (British Summer Time),0.0283,0.0286,0.0301,0
Sat Apr 26 2025 11:00:00 GMT+0100 (British Summer Time),0.0283,0.0286,0.0301,0
Sat Apr 26 2025 12:00:00 GMT+0100 (British Summer Time),0.0283,0.0286,0.0301,11.64063850113849
Sat Apr 26 2025 13:00:00 GMT+0100 (British Summer Time),0.0281,0.0288,0.0301,0
Sat Apr 26 2025 14:00:00 GMT+0100 (British Summer Time),0.028,0.0288,0.0301,0
Sat Apr 26 2025 15:00:00 GMT+0100 (British Summer Time),0.028,0.0288,0.0301,0
Sat Apr 26 2025 16:00:00 GMT+0100 (British Summer Time),0.028,0.0288,0.0301,0
Sat Apr 26 2025 17:00:00 GMT+0100 (British Summer Time),0.0281,0.0288,0.0301,0
Sat Apr 26 2025 18:00:00 GMT+0100 (British Summer Time),0.0281,0.0288,0.0301,0.4204054291901436
Sat Apr 26 2025 19:00:00 GMT+0100 (British Summer Time),0.028,0.0288,0.0301,0
Sat Apr 26 2025 20:00:00 GMT+0100 (British Summer Time),0.028,0.0288,0.0301,1.8517426104278216
Sat Apr 26 2025 21:00:00 GMT+0100 (British Summer Time),0.028,0.0288,0.0301,0
Sat Apr 26 2025 22:00:00 GMT+0100 (British Summer Time),0.0281,0.0288,0.0301,0
Sat Apr 26 2025 23:00:00 GMT+0100 (British Summer Time),0.028,0.0288,0.0301,0
Sun Apr 27 2025 00:00:00 GMT+0100 (British Summer Time),0.028,0.0288,0.0301,0
Sun Apr 27 2025 01:00:00 GMT+0100 (British Summer Time),0.028,0.0288,0.0301,0
Sun Apr 27 2025 02:00:00 GMT+0100 (British Summer Time),0.0281,0.0288,0.0301,0
Sun Apr 27 2025 03:00:00 GMT+0100 (British Summer Time),0.0281,0.0288,0.0301,0
Sun Apr 27 2025 04:00:00 GMT+0100 (British Summer Time),0.028,0.0288,0.0301,5.216836924871817
Sun Apr 27 2025 05:00:00 GMT+0100 (British Summer Time),0.028,0.0288,0.0301,0
Sun Apr 27 2025 06:00:00 GMT+0100 (British Summer Time),0.028,0.0288,0.0301,20.527749560816304
Sun Apr 27 2025 07:00:00 GMT+0100 (British Summer Time),0.0281,0.0288,0.0301,0
Sun Apr 27 2025 08:00:00 GMT+0100 (British Summer Time),0.028,0.0288,0.0301,0.27475816651140855
Sun Apr 27 2025 09:00:00 GMT+0100 (British Summer Time),0.028,0.0288,0.0301,1.295660550116446
Sun Apr 27 2025 10:00:00 GMT+0100 (British Summer Time),0.028,0.0288,0.0301,0
Sun Apr 27 2025 11:00:00 GMT+0100 (British Summer Time),0.0281,0.0288,0.0301,2.7616732011391396
Sun Apr 27 2025 12:00:00 GMT+0100 (British Summer Time),0.0281,0.0288,0.0301,7.995075320275657
Sun Apr 27 2025 13:00:00 GMT+0100 (British Summer Time),0.0273,0.0288,0.0301,0
Sun Apr 27 2025 14:00:00 GMT+0100 (British Summer Time),0.0273,0.0288,0.0301,0
Sun Apr 27 2025 15:00:00 GMT+0100 (British Summer Time),0.0273,0.0288,0.0301,0
Sun Apr 27 2025 16:00:00 GMT+0100 (British Summer Time),0.0274,0.0288,0.0301,223.98982829040673
Sun Apr 27 2025 17:00:00 GMT+0100 (British Summer Time),0.0273,0.0288,0.0301,0
Sun Apr 27 2025 18:00:00 GMT+0100 (British Summer Time),0.0273,0.0288,0.0301,0
Sun Apr 27 2025 19:00:00 GMT+0100 (British Summer Time),0.0273,0.0288,0.0301,0
Sun Apr 27 2025 20:00:00 GMT+0100 (British Summer Time),0.0274,0.0288,0.0301,2.1128604477065256
Sun Apr 27 2025 21:00:00 GMT+0100 (British Summer Time),0.0274,0.0288,0.0301,0
Sun Apr 27 2025 22:00:00 GMT+0100 (British Summer Time),0.0273,0.0288,0.0301,0
Sun Apr 27 2025 23:00:00 GMT+0100 (British Summer Time),0.0273,0.0288,0.0301,4.650088497631693
Mon Apr 28 2025 00:00:00 GMT+0100 (British Summer Time),0.0273,0.0288,0.0301,0
Mon Apr 28 2025 01:00:00 GMT+0100 (British Summer Time),0.0274,0.0288,0.0301,0
Mon Apr 28 2025 02:00:00 GMT+0100 (British Summer Time),0.0273,0.0288,0.0301,0
Mon Apr 28 2025 03:00:00 GMT+0100 (British Summer Time),0.0273,0.0288,0.0301,0
Mon Apr 28 2025 04:00:00 GMT+0100 (British Summer Time),0.0273,0.0288,0.0301,5.01017702121103
Mon Apr 28 2025 05:00:00 GMT+0100 (British Summer Time),0.0274,0.0288,0.0301,0
Mon Apr 28 2025 06:00:00 GMT+0100 (British Summer Time),0.0274,0.0288,0.0301,0
Mon Apr 28 2025 07:00:00 GMT+0100 (British Summer Time),0.0273,0.0288,0.0301,0.2701610052631418
Mon Apr 28 2025 08:00:00 GMT+0100 (British Summer Time),0.0273,0.0288,0.0301,0.7388184602890968
Mon Apr 28 2025 09:00:00 GMT+0100 (British Summer Time),0.0273,0.0288,0.0301,0
Mon Apr 28 2025 10:00:00 GMT+0100 (British Summer Time),0.0274,0.0288,0.0301,0
Mon Apr 28 2025 11:00:00 GMT+0100 (British Summer Time),0.0273,0.0288,0.0301,2.813425665301925
Mon Apr 28 2025 12:00:00 GMT+0100 (British Summer Time),0.0273,0.0288,0.0301,7.563776458591547
Mon Apr 28 2025 13:00:00 GMT+0100 (British Summer Time),0.0274,0.0287,0.0301,0.7769880703493378
Mon Apr 28 2025 14:00:00 GMT+0100 (British Summer Time),0.0274,0.0287,0.0301,0
Mon Apr 28 2025 15:00:00 GMT+0100 (British Summer Time),0.0274,0.0287,0.0301,0
Mon Apr 28 2025 16:00:00 GMT+0100 (British Summer Time),0.0274,0.0288,0.0301,0
Mon Apr 28 2025 17:00:00 GMT+0100 (British Summer Time),0.0274,0.0287,0.0301,0
Mon Apr 28 2025 18:00:00 GMT+0100 (British Summer Time),0.0274,0.0287,0.0301,0
Mon Apr 28 2025 19:00:00 GMT+0100 (British Summer Time),0.0274,0.0287,0.0301,0
Mon Apr 28 2025 20:00:00 GMT+0100 (British Summer Time),0.0274,0.0288,0.0301,2.7630534632853267
Mon Apr 28 2025 21:00:00 GMT+0100 (British Summer Time),0.0274,0.0288,0.0301,0
Mon Apr 28 2025 22:00:00 GMT+0100 (British Summer Time),0.0274,0.0287,0.0301,0
Mon Apr 28 2025 23:00:00 GMT+0100 (British Summer Time),0.0274,0.0287,0.0301,0
Tue Apr 29 2025 00:00:00 GMT+0100 (British Summer Time),0.0274,0.0287,0.0301,0
Tue Apr 29 2025 01:00:00 GMT+0100 (British Summer Time),0.0274,0.0288,0.0301,0
Tue Apr 29 2025 02:00:00 GMT+0100 (British Summer Time),0.0274,0.0287,0.0301,0
Tue Apr 29 2025 03:00:00 GMT+0100 (British Summer Time),0.0274,0.0287,0.0301,0
Tue Apr 29 2025 04:00:00 GMT+0100 (British Summer Time),0.0274,0.0287,0.0301,5.089979826399277
Tue Apr 29 2025 05:00:00 GMT+0100 (British Summer Time),0.0274,0.0288,0.0301,13.398542598532394
Tue Apr 29 2025 06:00:00 GMT+0100 (British Summer Time),0.0274,0.0288,0.0301,167.87550968375047
Tue Apr 29 2025 07:00:00 GMT+0100 (British Summer Time),0.0274,0.0287,0.0301,0.2763169776107795
Tue Apr 29 2025 08:00:00 GMT+0100 (British Summer Time),0.0274,0.0287,0.0301,0
Tue Apr 29 2025 09:00:00 GMT+0100 (British Summer Time),0.0274,0.0287,0.0301,0
Tue Apr 29 2025 10:00:00 GMT+0100 (British Summer Time),0.0274,0.0288,0.0301,2.7811156332685156
Tue Apr 29 2025 11:00:00 GMT+0100 (British Summer Time),0.0274,0.0287,0.0301,0
Tue Apr 29 2025 12:00:00 GMT+0100 (British Summer Time),0.0274,0.0287,0.0301,9.183253795220937
Tue Apr 29 2025 13:00:00 GMT+0100 (British Summer Time),0.0286,0.0288,0.0301,0
Tue Apr 29 2025 14:00:00 GMT+0100 (British Summer Time),0.0286,0.0288,0.0301,0
Tue Apr 29 2025 15:00:00 GMT+0100 (British Summer Time),0.0286,0.0288,0.0301,0
Tue Apr 29 2025 16:00:00 GMT+0100 (British Summer Time),0.0286,0.0288,0.0301,0
Tue Apr 29 2025 17:00:00 GMT+0100 (British Summer Time),0.0286,0.0288,0.0301,0
Tue Apr 29 2025 18:00:00 GMT+0100 (British Summer Time),0.0286,0.0288,0.0301,0
Tue Apr 29 2025 19:00:00 GMT+0100 (British Summer Time),0.0286,0.0288,0.0301,0
Tue Apr 29 2025 20:00:00 GMT+0100 (British Summer Time),0.0286,0.0288,0.0301,3.0832356114357014
Tue Apr 29 2025 21:00:00 GMT+0100 (British Summer Time),0.0286,0.0288,0.0301,0
Tue Apr 29 2025 22:00:00 GMT+0100 (British Summer Time),0.0286,0.0288,0.0301,0
Tue Apr 29 2025 23:00:00 GMT+0100 (British Summer Time),0.0286,0.0288,0.0301,0
Wed Apr 30 2025 00:00:00 GMT+0100 (British Summer Time),0.0286,0.0288,0.0301,0
Wed Apr 30 2025 01:00:00 GMT+0100 (British Summer Time),0.0286,0.0288,0.0301,0
Wed Apr 30 2025 02:00:00 GMT+0100 (British Summer Time),0.0286,0.0288,0.0301,0
Wed Apr 30 2025 03:00:00 GMT+0100 (British Summer Time),0.0286,0.0288,0.0301,0
Wed Apr 30 2025 04:00:00 GMT+0100 (British Summer Time),0.0286,0.0288,0.0301,8.257977272175792
Wed Apr 30 2025 05:00:00 GMT+0100 (British Summer Time),0.0286,0.0288,0.0301,0
Wed Apr 30 2025 06:00:00 GMT+0100 (British Summer Time),0.0286,0.0288,0.0301,0.2763618569423305
Wed Apr 30 2025 07:00:00 GMT+0100 (British Summer Time),0.0286,0.0288,0.0301,0
Wed Apr 30 2025 08:00:00 GMT+0100 (British Summer Time),0.0286,0.0288,0.0301,0.5041206410416491
Wed Apr 30 2025 09:00:00 GMT+0100 (British Summer Time),0.0286,0.0288,0.0301,2.8429859890266407
Wed Apr 30 2025 10:00:00 GMT+0100 (British Summer Time),0.0286,0.0288,0.0301,0
Wed Apr 30 2025 11:00:00 GMT+0100 (British Summer Time),0.0286,0.0288,0.0301,0
Wed Apr 30 2025 12:00:00 GMT+0100 (British Summer Time),0.0286,0.0288,0.0301,6.940169538917555
Wed Apr 30 2025 13:00:00 GMT+0100 (British Summer Time),0.0272,0.0281,0.0301,0
Wed Apr 30 2025 14:00:00 GMT+0100 (British Summer Time),0.0272,0.0281,0.0301,0.10682272222605571
Wed Apr 30 2025 15:00:00 GMT+0100 (British Summer Time),0.0272,0.0281,0.0301,0
Wed Apr 30 2025 16:00:00 GMT+0100 (British Summer Time),0.0273,0.0281,0.0301,0
Wed Apr 30 2025 17:00:00 GMT+0100 (British Summer Time),0.0272,0.0281,0.0297,7148.461588303354
Wed Apr 30 2025 18:00:00 GMT+0100 (British Summer Time),0.0272,0.0281,0.0297,66.29495389727877
Wed Apr 30 2025 19:00:00 GMT+0100 (British Summer Time),0.0272,0.0281,0.0297,0
Wed Apr 30 2025 20:00:00 GMT+0100 (British Summer Time),0.0273,0.0281,0.0296,202.79326999221826
Wed Apr 30 2025 21:00:00 GMT+0100 (British Summer Time),0.0273,0.0281,0.0296,3.7775967057195388
Wed Apr 30 2025 22:00:00 GMT+0100 (British Summer Time),0.0272,0.0281,0.0296,0
Wed Apr 30 2025 23:00:00 GMT+0100 (British Summer Time),0.0272,0.0281,0.0296,0
Thu May 01 2025 00:00:00 GMT+0100 (British Summer Time),0.0272,0.0281,0.0296,0
Thu May 01 2025 01:00:00 GMT+0100 (British Summer Time),0.0273,0.0281,0.0296,0
Thu May 01 2025 02:00:00 GMT+0100 (British Summer Time),0.0272,0.0281,0.0296,0
Thu May 01 2025 03:00:00 GMT+0100 (British Summer Time),0.0272,0.0281,0.0296,0
Thu May 01 2025 04:00:00 GMT+0100 (British Summer Time),0.0273,0.0281,0.0296,0
Thu May 01 2025 05:00:00 GMT+0100 (British Summer Time),0.0273,0.0281,0.0296,5.556721517951786
Thu May 01 2025 06:00:00 GMT+0100 (British Summer Time),0.0272,0.0281,0.0296,0.2400108396453945
Thu May 01 2025 07:00:00 GMT+0100 (British Summer Time),0.0272,0.0281,0.0296,0
Thu May 01 2025 08:00:00 GMT+0100 (British Summer Time),0.0272,0.0281,0.0295,2916.414509186332
Thu May 01 2025 09:00:00 GMT+0100 (British Summer Time),0.0273,0.0281,0.0295,108.01648937139093
Thu May 01 2025 10:00:00 GMT+0100 (British Summer Time),0.0272,0.0281,0.0295,0
Thu May 01 2025 11:00:00 GMT+0100 (British Summer Time),0.0272,0.0281,0.0295,0
Thu May 01 2025 12:00:00 GMT+0100 (British Summer Time),0.0272,0.0281,0.0295,0
Thu May 01 2025 13:00:00 GMT+0100 (British Summer Time),0.0282,0.0279,0.0295,4.272793625761407
Thu May 01 2025 14:00:00 GMT+0100 (British Summer Time),0.0282,0.0279,0.0295,0
Thu May 01 2025 15:00:00 GMT+0100 (British Summer Time),0.0282,0.0279,0.0295,0
Thu May 01 2025 16:00:00 GMT+0100 (British Summer Time),0.0282,0.0279,0.0295,0
Thu May 01 2025 17:00:00 GMT+0100 (British Summer Time),0.0282,0.0279,0.0295,0
Thu May 01 2025 18:00:00 GMT+0100 (British Summer Time),0.0282,0.0279,0.0295,0
Thu May 01 2025 19:00:00 GMT+0100 (British Summer Time),0.0282,0.0279,0.0295,0
Thu May 01 2025 20:00:00 GMT+0100 (British Summer Time),0.0282,0.0279,0.0295,0
Thu May 01 2025 21:00:00 GMT+0100 (British Summer Time),0.0282,0.0279,0.0295,2.0196662162796555
Thu May 01 2025 22:00:00 GMT+0100 (British Summer Time),0.0282,0.0279,0.0295,0
Thu May 01 2025 23:00:00 GMT+0100 (British Summer Time),0.0282,0.0279,0.0295,0
Fri May 02 2025 00:00:00 GMT+0100 (British Summer Time),0.0282,0.0279,0.0295,0
Fri May 02 2025 01:00:00 GMT+0100 (British Summer Time),0.0282,0.0279,0.0295,0
Fri May 02 2025 02:00:00 GMT+0100 (British Summer Time),0.0282,0.0279,0.0295,0
Fri May 02 2025 03:00:00 GMT+0100 (British Summer Time),0.0282,0.0279,0.0295,0
Fri May 02 2025 04:00:00 GMT+0100 (British Summer Time),0.0282,0.0279,0.0295,0
Fri May 02 2025 05:00:00 GMT+0100 (British Summer Time),0.0282,0.0279,0.0295,771.0033560594463
Fri May 02 2025 06:00:00 GMT+0100 (British Summer Time),0.0282,0.0279,0.0295,0
Fri May 02 2025 07:00:00 GMT+0100 (British Summer Time),0.0282,0.0279,0.0295,0
Fri May 02 2025 08:00:00 GMT+0100 (British Summer Time),0.0282,0.0279,0.0295,2.6651928672776894
Fri May 02 2025 09:00:00 GMT+0100 (British Summer Time),0.0282,0.0279,0.0295,0
Fri May 02 2025 10:00:00 GMT+0100 (British Summer Time),0.0282,0.0279,0.0295,0
Fri May 02 2025 11:00:00 GMT+0100 (British Summer Time),0.0282,0.0279,0.0295,0
Fri May 02 2025 12:00:00 GMT+0100 (British Summer Time),0.0282,0.0279,0.0295,54.70853985563587
Fri May 02 2025 13:00:00 GMT+0100 (British Summer Time),0.0277,0.0278,0.0295,2.6087789134046773
Fri May 02 2025 14:00:00 GMT+0100 (British Summer Time),0.0277,0.0278,0.0295,0
Fri May 02 2025 15:00:00 GMT+0100 (British Summer Time),0.0277,0.0278,0.0295,2.5607117124230707
Fri May 02 2025 16:00:00 GMT+0100 (British Summer Time),0.0277,0.0278,0.0295,0
Fri May 02 2025 17:00:00 GMT+0100 (British Summer Time),0.0277,0.0278,0.0295,0
Fri May 02 2025 18:00:00 GMT+0100 (British Summer Time),0.0277,0.0278,0.0295,0
Fri May 02 2025 19:00:00 GMT+0100 (British Summer Time),0.0277,0.0278,0.0295,0
Fri May 02 2025 20:00:00 GMT+0100 (British Summer Time),0.0277,0.0278,0.0295,0
Fri May 02 2025 21:00:00 GMT+0100 (British Summer Time),0.0277,0.0278,0.0295,2.197833043210472
Fri May 02 2025 22:00:00 GMT+0100 (British Summer Time),0.0277,0.0278,0.0295,0
Fri May 02 2025 23:00:00 GMT+0100 (British Summer Time),0.0277,0.0278,0.0295,0
Sat May 03 2025 00:00:00 GMT+0100 (British Summer Time),0.0277,0.0278,0.0295,0
Sat May 03 2025 01:00:00 GMT+0100 (British Summer Time),0.0277,0.0278,0.0295,0
Sat May 03 2025 02:00:00 GMT+0100 (British Summer Time),0.0277,0.0278,0.0295,0
Sat May 03 2025 03:00:00 GMT+0100 (British Summer Time),0.0277,0.0278,0.0295,98.87171733706933
Sat May 03 2025 04:00:00 GMT+0100 (British Summer Time),0.0277,0.0278,0.0295,98.98526499364166
Sat May 03 2025 05:00:00 GMT+0100 (British Summer Time),0.0277,0.0278,0.0295,2.4723003367092082
Sat May 03 2025 06:00:00 GMT+0100 (British Summer Time),0.0277,0.0278,0.0295,0
Sat May 03 2025 07:00:00 GMT+0100 (British Summer Time),0.0277,0.0278,0.0295,2.4571659114940485
Sat May 03 2025 08:00:00 GMT+0100 (British Summer Time),0.0277,0.0278,0.0295,0
Sat May 03 2025 09:00:00 GMT+0100 (British Summer Time),0.0277,0.0278,0.0295,1.8264385875283664
Sat May 03 2025 10:00:00 GMT+0100 (British Summer Time),0.0277,0.0278,0.0295,0
Sat May 03 2025 11:00:00 GMT+0100 (British Summer Time),0.0277,0.0278,0.0295,0
Sat May 03 2025 12:00:00 GMT+0100 (British Summer Time),0.0277,0.0278,0.0295,0
Sat May 03 2025 13:00:00 GMT+0100 (British Summer Time),0.0272,0.0276,0.0295,2.3485308717157007
Sat May 03 2025 14:00:00 GMT+0100 (British Summer Time),0.0272,0.0276,0.0295,0
Sat May 03 2025 15:00:00 GMT+0100 (British Summer Time),0.0271,0.0276,0.0295,0
Sat May 03 2025 16:00:00 GMT+0100 (British Summer Time),0.0271,0.0276,0.0295,0
Sat May 03 2025 17:00:00 GMT+0100 (British Summer Time),0.0272,0.0276,0.0295,0
Sat May 03 2025 18:00:00 GMT+0100 (British Summer Time),0.0272,0.0276,0.0295,0
Sat May 03 2025 19:00:00 GMT+0100 (British Summer Time),0.0271,0.0276,0.0295,0
Sat May 03 2025 20:00:00 GMT+0100 (British Summer Time),0.0271,0.0276,0.0295,0
Sat May 03 2025 21:00:00 GMT+0100 (British Summer Time),0.0271,0.0276,0.0295,2.245369152985553
Sat May 03 2025 22:00:00 GMT+0100 (British Summer Time),0.0272,0.0276,0.0295,0
Sat May 03 2025 23:00:00 GMT+0100 (British Summer Time),0.0272,0.0276,0.0295,0
Sun May 04 2025 00:00:00 GMT+0100 (British Summer Time),0.0271,0.0276,0.0295,0
Sun May 04 2025 01:00:00 GMT+0100 (British Summer Time),0.0271,0.0276,0.0295,0
Sun May 04 2025 02:00:00 GMT+0100 (British Summer Time),0.0272,0.0276,0.0295,0
Sun May 04 2025 03:00:00 GMT+0100 (British Summer Time),0.0272,0.0276,0.0295,0
Sun May 04 2025 04:00:00 GMT+0100 (British Summer Time),0.0271,0.0276,0.0295,0.11353163573181145
Sun May 04 2025 05:00:00 GMT+0100 (British Summer Time),0.0271,0.0276,0.0295,4.343119497594282
Sun May 04 2025 06:00:00 GMT+0100 (British Summer Time),0.0271,0.0276,0.0295,2.7772590531419743
Sun May 04 2025 07:00:00 GMT+0100 (British Summer Time),0.0272,0.0276,0.0295,223.37399953390357
Sun May 04 2025 08:00:00 GMT+0100 (British Summer Time),0.0272,0.0276,0.0295,0
Sun May 04 2025 09:00:00 GMT+0100 (British Summer Time),0.0271,0.0276,0.0295,0
Sun May 04 2025 10:00:00 GMT+0100 (British Summer Time),0.0271,0.0276,0.0295,0.3873304704104483
Sun May 04 2025 11:00:00 GMT+0100 (British Summer Time),0.0272,0.0276,0.0294,1828.593603260047
Sun May 04 2025 12:00:00 GMT+0100 (British Summer Time),0.0272,0.0276,0.0294,0
Sun May 04 2025 13:00:00 GMT+0100 (British Summer Time),0.0268,0.0276,0.0294,1.2417301850753784
Sun May 04 2025 14:00:00 GMT+0100 (British Summer Time),0.0268,0.0276,0.0294,0
Sun May 04 2025 15:00:00 GMT+0100 (British Summer Time),0.0269,0.0276,0.0294,0
Sun May 04 2025 16:00:00 GMT+0100 (British Summer Time),0.0269,0.0276,0.0294,0
Sun May 04 2025 17:00:00 GMT+0100 (British Summer Time),0.0268,0.0276,0.0294,0
Sun May 04 2025 18:00:00 GMT+0100 (British Summer Time),0.0268,0.0276,0.0294,0
Sun May 04 2025 19:00:00 GMT+0100 (British Summer Time),0.0268,0.0276,0.0294,398.3497192639645
Sun May 04 2025 20:00:00 GMT+0100 (British Summer Time),0.0269,0.0276,0.0294,0
Sun May 04 2025 21:00:00 GMT+0100 (British Summer Time),0.0269,0.0276,0.0294,2.117424060412637
Sun May 04 2025 22:00:00 GMT+0100 (British Summer Time),0.0268,0.0276,0.0294,0
Sun May 04 2025 23:00:00 GMT+0100 (British Summer Time),0.0268,0.0276,0.0294,0
Mon May 05 2025 00:00:00 GMT+0100 (British Summer Time),0.0269,0.0276,0.0294,0
Mon May 05 2025 01:00:00 GMT+0100 (British Summer Time),0.0269,0.0276,0.0294,0
Mon May 05 2025 02:00:00 GMT+0100 (British Summer Time),0.0268,0.0276,0.0294,0
Mon May 05 2025 03:00:00 GMT+0100 (British Summer Time),0.0268,0.0276,0.0294,0
Mon May 05 2025 04:00:00 GMT+0100 (British Summer Time),0.0268,0.0276,0.0294,0.10831373099911398
Mon May 05 2025 05:00:00 GMT+0100 (British Summer Time),0.0269,0.0276,0.0294,4.479385448189873
Mon May 05 2025 06:00:00 GMT+0100 (British Summer Time),0.0269,0.0276,0.0294,1.9399424150544256
Mon May 05 2025 07:00:00 GMT+0100 (British Summer Time),0.0268,0.0276,0.0294,0
Mon May 05 2025 08:00:00 GMT+0100 (British Summer Time),0.0268,0.0276,0.0294,0
Mon May 05 2025 09:00:00 GMT+0100 (British Summer Time),0.0269,0.0276,0.0294,0
Mon May 05 2025 10:00:00 GMT+0100 (British Summer Time),0.0269,0.0276,0.0294,0
Mon May 05 2025 11:00:00 GMT+0100 (British Summer Time),0.0268,0.0276,0.0294,0
Mon May 05 2025 12:00:00 GMT+0100 (British Summer Time),0.0268,0.0276,0.0294,0
Mon May 05 2025 13:00:00 GMT+0100 (British Summer Time),0.0273,0.0276,0.0294,0.22281598889228305
Mon May 05 2025 14:00:00 GMT+0100 (British Summer Time),0.0272,0.0276,0.0294,0
Mon May 05 2025 15:00:00 GMT+0100 (British Summer Time),0.0272,0.0276,0.0294,7.558920297273011
Mon May 05 2025 16:00:00 GMT+0100 (British Summer Time),0.0273,0.0276,0.0294,0
Mon May 05 2025 17:00:00 GMT+0100 (British Summer Time),0.0273,0.0276,0.0294,0
Mon May 05 2025 18:00:00 GMT+0100 (British Summer Time),0.0273,0.0276,0.0294,0
Mon May 05 2025 19:00:00 GMT+0100 (British Summer Time),0.0272,0.0276,0.0294,0
Mon May 05 2025 20:00:00 GMT+0100 (British Summer Time),0.0272,0.0276,0.0294,0
Mon May 05 2025 21:00:00 GMT+0100 (British Summer Time),0.0273,0.0276,0.0294,2.1515475228573395
Mon May 05 2025 22:00:00 GMT+0100 (British Summer Time),0.0273,0.0276,0.0294,0
Mon May 05 2025 23:00:00 GMT+0100 (British Summer Time),0.0272,0.0276,0.0294,0
Tue May 06 2025 00:00:00 GMT+0100 (British Summer Time),0.0272,0.0276,0.0294,0
Tue May 06 2025 01:00:00 GMT+0100 (British Summer Time),0.0273,0.0276,0.0294,0
Tue May 06 2025 02:00:00 GMT+0100 (British Summer Time),0.0273,0.0276,0.0294,0
Tue May 06 2025 03:00:00 GMT+0100 (British Summer Time),0.0273,0.0276,0.0294,0.10607431434870981
Tue May 06 2025 04:00:00 GMT+0100 (British Summer Time),0.0272,0.0276,0.0294,0
Tue May 06 2025 05:00:00 GMT+0100 (British Summer Time),0.0272,0.0276,0.0294,5.775375588001202
Tue May 06 2025 06:00:00 GMT+0100 (British Summer Time),0.0273,0.0276,0.0294,0
Tue May 06 2025 07:00:00 GMT+0100 (British Summer Time),0.0273,0.0276,0.0294,1.9022774646422653
Tue May 06 2025 08:00:00 GMT+0100 (British Summer Time),0.0272,0.0276,0.0294,0
Tue May 06 2025 09:00:00 GMT+0100 (British Summer Time),0.0272,0.0276,0.0294,0
Tue May 06 2025 10:00:00 GMT+0100 (British Summer Time),0.0273,0.0276,0.0294,0
Tue May 06 2025 11:00:00 GMT+0100 (British Summer Time),0.0273,0.0276,0.0294,0
Tue May 06 2025 12:00:00 GMT+0100 (British Summer Time),0.0273,0.0276,0.0294,2.7713320816526896
Tue May 06 2025 13:00:00 GMT+0100 (British Summer Time),0.0275,0.0274,0.0294,0.3463949973423268
Tue May 06 2025 14:00:00 GMT+0100 (British Summer Time),0.0275,0.0274,0.0294,0
Tue May 06 2025 15:00:00 GMT+0100 (British Summer Time),0.0276,0.0274,0.0294,0
Tue May 06 2025 16:00:00 GMT+0100 (British Summer Time),0.0275,0.0274,0.0294,0
Tue May 06 2025 17:00:00 GMT+0100 (British Summer Time),0.0275,0.0274,0.0294,0
Tue May 06 2025 18:00:00 GMT+0100 (British Summer Time),0.0275,0.0274,0.0294,0
Tue May 06 2025 19:00:00 GMT+0100 (British Summer Time),0.0276,0.0274,0.0294,0
Tue May 06 2025 20:00:00 GMT+0100 (British Summer Time),0.0276,0.0274,0.0294,0
Tue May 06 2025 21:00:00 GMT+0100 (British Summer Time),0.0275,0.0274,0.0294,2.0966051333117925
Tue May 06 2025 22:00:00 GMT+0100 (British Summer Time),0.0275,0.0274,0.0294,0
Tue May 06 2025 23:00:00 GMT+0100 (British Summer Time),0.0275,0.0274,0.0294,0
Wed May 07 2025 00:00:00 GMT+0100 (British Summer Time),0.0276,0.0274,0.0294,0
Wed May 07 2025 01:00:00 GMT+0100 (British Summer Time),0.0275,0.0274,0.0294,0
Wed May 07 2025 02:00:00 GMT+0100 (British Summer Time),0.0275,0.0274,0.0294,0.10660787929738871
Wed May 07 2025 03:00:00 GMT+0100 (British Summer Time),0.0275,0.0274,0.0294,0
Wed May 07 2025 04:00:00 GMT+0100 (British Summer Time),0.0276,0.0274,0.0294,1.7443917120485741
Wed May 07 2025 05:00:00 GMT+0100 (British Summer Time),0.0276,0.0274,0.0294,3.6787968268787044
Wed May 07 2025 06:00:00 GMT+0100 (British Summer Time),0.0275,0.0274,0.0294,0
Wed May 07 2025 07:00:00 GMT+0100 (British Summer Time),0.0275,0.0274,0.0294,0
Wed May 07 2025 08:00:00 GMT+0100 (British Summer Time),0.0275,0.0274,0.0294,0
Wed May 07 2025 09:00:00 GMT+0100 (British Summer Time),0.0276,0.0274,0.0294,7.788941878523949
Wed May 07 2025 10:00:00 GMT+0100 (British Summer Time),0.0275,0.0274,0.0294,0
Wed May 07 2025 11:00:00 GMT+0100 (British Summer Time),0.0275,0.0274,0.0294,0
Wed May 07 2025 12:00:00 GMT+0100 (British Summer Time),0.0276,0.0274,0.0294,0
Wed May 07 2025 13:00:00 GMT+0100 (British Summer Time),0,0.0275,0.0294,225.37642204661546
Wed May 07 2025 14:00:00 GMT+0100 (British Summer Time),0,0.0275,0.0294,0
Wed May 07 2025 15:00:00 GMT+0100 (British Summer Time),0.0249,0.0271,0.0294,0.999410886932027
Wed May 07 2025 16:00:00 GMT+0100 (British Summer Time),0.025,0.0271,0.0294,0
Wed May 07 2025 17:00:00 GMT+0100 (British Summer Time),0.025,0.0271,0.0294,0
Wed May 07 2025 18:00:00 GMT+0100 (British Summer Time),0.0249,0.0271,0.0294,0.6304956767566644
Wed May 07 2025 19:00:00 GMT+0100 (British Summer Time),0.0249,0.0271,0.0294,0
Wed May 07 2025 20:00:00 GMT+0100 (British Summer Time),0.025,0.0271,0.0294,0
Wed May 07 2025 21:00:00 GMT+0100 (British Summer Time),0.025,0.0271,0.0298,5789.054684180117
Wed May 07 2025 22:00:00 GMT+0100 (British Summer Time),0.0249,0.0271,0.0298,2.1422353177795688
Wed May 07 2025 23:00:00 GMT+0100 (British Summer Time),0.0249,0.0271,0.0298,0
Thu May 08 2025 00:00:00 GMT+0100 (British Summer Time),0.0249,0.0271,0.0298,0
Thu May 08 2025 01:00:00 GMT+0100 (British Summer Time),0.025,0.0271,0.0298,0
Thu May 08 2025 02:00:00 GMT+0100 (British Summer Time),0.025,0.0271,0.0298,0.1131311655908174
Thu May 08 2025 03:00:00 GMT+0100 (British Summer Time),0.0249,0.0271,0.0297,205.2518151126193
Thu May 08 2025 04:00:00 GMT+0100 (British Summer Time),0.0249,0.0271,0.0297,1.7917247022391025
Thu May 08 2025 05:00:00 GMT+0100 (British Summer Time),0.025,0.0271,0.0297,0
Thu May 08 2025 06:00:00 GMT+0100 (British Summer Time),0.0249,0.0271,0.0297,3.5790197355403874
Thu May 08 2025 07:00:00 GMT+0100 (British Summer Time),0.0249,0.0271,0.0297,0
Thu May 08 2025 08:00:00 GMT+0100 (British Summer Time),0.025,0.0271,0.0297,1.1667075350273262
Thu May 08 2025 09:00:00 GMT+0100 (British Summer Time),0.025,0.0271,0.0297,0
Thu May 08 2025 10:00:00 GMT+0100 (British Summer Time),0.025,0.0271,0.0297,0
Thu May 08 2025 11:00:00 GMT+0100 (British Summer Time),0.0249,0.0271,0.0297,0
Thu May 08 2025 12:00:00 GMT+0100 (British Summer Time),0.0249,0.0271,0.0297,0
Thu May 08 2025 13:00:00 GMT+0100 (British Summer Time),0.0271,0.0272,0.0297,0
Thu May 08 2025 14:00:00 GMT+0100 (British Summer Time),0.0271,0.0272,0.0297,1.1806823440115952
Thu May 08 2025 15:00:00 GMT+0100 (British Summer Time),0.0295,0.0272,0.0297,0
Thu May 08 2025 16:00:00 GMT+0100 (British Summer Time),0.0295,0.0272,0.0303,9603.723923841937
Thu May 08 2025 17:00:00 GMT+0100 (British Summer Time),0.0296,0.0272,0.0304,1171.2110146302134
Thu May 08 2025 18:00:00 GMT+0100 (British Summer Time),0.0296,0.0272,0.0304,0
Thu May 08 2025 19:00:00 GMT+0100 (British Summer Time),0.0295,0.0272,0.0304,0
Thu May 08 2025 20:00:00 GMT+0100 (British Summer Time),0.0295,0.0272,0.0304,0
Thu May 08 2025 21:00:00 GMT+0100 (British Summer Time),0.0296,0.0272,0.0304,0
Thu May 08 2025 22:00:00 GMT+0100 (British Summer Time),0.0296,0.0272,0.0304,2.9541523599644472
Thu May 08 2025 23:00:00 GMT+0100 (British Summer Time),0.0295,0.0272,0.0304,0
Fri May 09 2025 00:00:00 GMT+0100 (British Summer Time),0.0295,0.0272,0.0304,0
Fri May 09 2025 01:00:00 GMT+0100 (British Summer Time),0.0295,0.0272,0.0303,1326.5163484928264
Fri May 09 2025 02:00:00 GMT+0100 (British Summer Time),0.0296,0.0272,0.0303,0
Fri May 09 2025 03:00:00 GMT+0100 (British Summer Time),0.0296,0.0272,0.0303,539.2559476846099
Fri May 09 2025 04:00:00 GMT+0100 (British Summer Time),0.0295,0.0272,0.0281,40502.52143708176
Fri May 09 2025 05:00:00 GMT+0100 (British Summer Time),0.0295,0.0272,0.0281,0
Fri May 09 2025 06:00:00 GMT+0100 (British Summer Time),0.0296,0.0272,0.0281,3.6162445856479692
Fri May 09 2025 07:00:00 GMT+0100 (British Summer Time),0.0296,0.0272,0.0281,0
Fri May 09 2025 08:00:00 GMT+0100 (British Summer Time),0.0295,0.0272,0.0279,3858.9097591182735
Fri May 09 2025 09:00:00 GMT+0100 (British Summer Time),0.0295,0.0272,0.0279,0
Fri May 09 2025 10:00:00 GMT+0100 (British Summer Time),0.0295,0.0272,0.0279,0
Fri May 09 2025 11:00:00 GMT+0100 (British Summer Time),0.0296,0.0272,0.0279,0
Fri May 09 2025 12:00:00 GMT+0100 (British Summer Time),0.0296,0.0272,0.0279,2.4641876734164976
Fri May 09 2025 13:00:00 GMT+0100 (British Summer Time),0.0358,0.0284,0.0279,0
Fri May 09 2025 14:00:00 GMT+0100 (British Summer Time),0.0358,0.0284,0.0279,1.5929396981862491
Fri May 09 2025 15:00:00 GMT+0100 (British Summer Time),0.0358,0.0284,0.0279,0
Fri May 09 2025 16:00:00 GMT+0100 (British Summer Time),0.0358,0.0284,0.0278,709.0869875737039
Fri May 09 2025 17:00:00 GMT+0100 (British Summer Time),0.0357,0.0284,0.0278,0
Fri May 09 2025 18:00:00 GMT+0100 (British Summer Time),0.0358,0.0284,0.0278,2.490605040672857
Fri May 09 2025 19:00:00 GMT+0100 (British Summer Time),0.0358,0.0284,0.0278,0
Fri May 09 2025 20:00:00 GMT+0100 (British Summer Time),0.0358,0.0284,0.0278,0
Fri May 09 2025 21:00:00 GMT+0100 (British Summer Time),0.0357,0.0284,0.0278,1746.6656743829717
Fri May 09 2025 22:00:00 GMT+0100 (British Summer Time),0.0358,0.0284,0.0277,95.30078398419
Fri May 09 2025 23:00:00 GMT+0100 (British Summer Time),0.0358,0.0284,0.0277,0
Sat May 10 2025 00:00:00 GMT+0100 (British Summer Time),0.0358,0.0284,0.0277,0
Sat May 10 2025 01:00:00 GMT+0100 (British Summer Time),0.0358,0.0284,0.0277,3.71535064455658
Sat May 10 2025 02:00:00 GMT+0100 (British Summer Time),0.0357,0.0284,0.0277,0
Sat May 10 2025 03:00:00 GMT+0100 (British Summer Time),0.0358,0.0284,0.0277,0
Sat May 10 2025 04:00:00 GMT+0100 (British Summer Time),0.0358,0.0284,0.0277,0
Sat May 10 2025 05:00:00 GMT+0100 (British Summer Time),0.0358,0.0284,0.0277,0
Sat May 10 2025 06:00:00 GMT+0100 (British Summer Time),0.0357,0.0284,0.0277,3.021019925137816
Sat May 10 2025 07:00:00 GMT+0100 (British Summer Time),0.0358,0.0284,0.0277,0
Sat May 10 2025 08:00:00 GMT+0100 (British Summer Time),0.0358,0.0284,0.028,5347.191764882583
Sat May 10 2025 09:00:00 GMT+0100 (British Summer Time),0.0358,0.0284,0.0278,3665.3626266579986
Sat May 10 2025 10:00:00 GMT+0100 (British Summer Time),0.0358,0.0284,0.0278,0
Sat May 10 2025 11:00:00 GMT+0100 (British Summer Time),0.0357,0.0284,0.0278,0
Sat May 10 2025 12:00:00 GMT+0100 (British Summer Time),0.0358,0.0284,0.0278,0
Sat May 10 2025 13:00:00 GMT+0100 (British Summer Time),0,0.0286,0.0278,0
Sat May 10 2025 14:00:00 GMT+0100 (British Summer Time),0,0.0286,0.0278,1.74653253237337
Sat May 10 2025 15:00:00 GMT+0100 (British Summer Time),0.0285,0.0286,0.0278,0
Sat May 10 2025 16:00:00 GMT+0100 (British Summer Time),0.0285,0.0286,0.0278,0
Sat May 10 2025 17:00:00 GMT+0100 (British Summer Time),0.0285,0.0286,0.0278,3.5848490037677325
Sat May 10 2025 18:00:00 GMT+0100 (British Summer Time),0.0284,0.0286,0.0278,0
Sat May 10 2025 19:00:00 GMT+0100 (British Summer Time),0.0285,0.0286,0.0278,0
Sat May 10 2025 20:00:00 GMT+0100 (British Summer Time),0.0285,0.0286,0.0278,0
Sat May 10 2025 21:00:00 GMT+0100 (British Summer Time),0.0285,0.0286,0.0289,18396.459034827145
Sat May 10 2025 22:00:00 GMT+0100 (British Summer Time),0.0284,0.0286,0.0289,2.9242567024282544
Sat May 10 2025 23:00:00 GMT+0100 (British Summer Time),0.0285,0.0286,0.0289,0
Sun May 11 2025 00:00:00 GMT+0100 (British Summer Time),0.0285,0.0286,0.0289,1.6323239942213896
Sun May 11 2025 01:00:00 GMT+0100 (British Summer Time),0.0285,0.0286,0.0289,0
Sun May 11 2025 02:00:00 GMT+0100 (British Summer Time),0.0285,0.0286,0.0289,0
Sun May 11 2025 03:00:00 GMT+0100 (British Summer Time),0.0284,0.0286,0.0289,0
Sun May 11 2025 04:00:00 GMT+0100 (British Summer Time),0.0285,0.0286,0.0289,0
Sun May 11 2025 05:00:00 GMT+0100 (British Summer Time),0.0285,0.0286,0.0289,0
Sun May 11 2025 06:00:00 GMT+0100 (British Summer Time),0.0285,0.0286,0.0289,4.013227956169514
Sun May 11 2025 07:00:00 GMT+0100 (British Summer Time),0.0284,0.0286,0.0289,0
Sun May 11 2025 08:00:00 GMT+0100 (British Summer Time),0.0285,0.0286,0.0274,24791.292641251242
Sun May 11 2025 09:00:00 GMT+0100 (British Summer Time),0.0285,0.0286,0.0274,57.204168459552854
Sun May 11 2025 10:00:00 GMT+0100 (British Summer Time),0.0285,0.0286,0.0274,0.9020401108821903
Sun May 11 2025 11:00:00 GMT+0100 (British Summer Time),0.0285,0.0286,0.0274,0
Sun May 11 2025 12:00:00 GMT+0100 (British Summer Time),0.0284,0.0286,0.0274,0
Sun May 11 2025 13:00:00 GMT+0100 (British Summer Time),0.0312,0.0296,0.0274,0
Sun May 11 2025 14:00:00 GMT+0100 (British Summer Time),0.0312,0.0296,0.0274,2.148624983226117
Sun May 11 2025 15:00:00 GMT+0100 (British Summer Time),0.0343,0.0296,0.0274,0
Sun May 11 2025 16:00:00 GMT+0100 (British Summer Time),0.0343,0.0296,0.0274,2.661522929203644
Sun May 11 2025 17:00:00 GMT+0100 (British Summer Time),0.0344,0.0296,0.0274,0
Sun May 11 2025 18:00:00 GMT+0100 (British Summer Time),0.0344,0.0296,0.0274,23.606929012920325
Sun May 11 2025 19:00:00 GMT+0100 (British Summer Time),0.0343,0.0296,0.0274,4.980459221615252
Sun May 11 2025 20:00:00 GMT+0100 (British Summer Time),0.0343,0.0296,0.0274,6.391558284914723
Sun May 11 2025 21:00:00 GMT+0100 (British Summer Time),0.0343,0.0296,0.0274,0
Sun May 11 2025 22:00:00 GMT+0100 (British Summer Time),0.0344,0.0296,0.0274,3.245320708810091
Sun May 11 2025 23:00:00 GMT+0100 (British Summer Time),0.0343,0.0296,0.0274,0.266802502134877
Mon May 12 2025 00:00:00 GMT+0100 (British Summer Time),0.0343,0.0296,0.0274,0.13303198115624104
Mon May 12 2025 01:00:00 GMT+0100 (British Summer Time),0.0343,0.0296,0.0274,0
Mon May 12 2025 02:00:00 GMT+0100 (British Summer Time),0.0344,0.0296,0.0274,0
Mon May 12 2025 03:00:00 GMT+0100 (British Summer Time),0.0344,0.0296,0.0274,0
Mon May 12 2025 04:00:00 GMT+0100 (British Summer Time),0.0343,0.0296,0.0274,0
Mon May 12 2025 05:00:00 GMT+0100 (British Summer Time),0.0343,0.0296,0.0274,0
Mon May 12 2025 06:00:00 GMT+0100 (British Summer Time),0.0343,0.0296,0.0274,4.165838481122158
Mon May 12 2025 07:00:00 GMT+0100 (British Summer Time),0.0344,0.0296,0.0274,0
Mon May 12 2025 08:00:00 GMT+0100 (British Summer Time),0.0343,0.0296,0.0274,0
Mon May 12 2025 09:00:00 GMT+0100 (British Summer Time),0.0343,0.0296,0.0274,0
Mon May 12 2025 10:00:00 GMT+0100 (British Summer Time),0.0343,0.0296,0.0274,0
Mon May 12 2025 11:00:00 GMT+0100 (British Summer Time),0.0344,0.0296,0.0274,0.0022954137789368743
Mon May 12 2025 12:00:00 GMT+0100 (British Summer Time),0.0344,0.0296,0.0274,0
Mon May 12 2025 13:00:00 GMT+0100 (British Summer Time),0,0.03,0.027,6255.097905175085
Mon May 12 2025 14:00:00 GMT+0100 (British Summer Time),0,0.03,0.027,2.4177485004762937
Mon May 12 2025 15:00:00 GMT+0100 (British Summer Time),0.0271,0.0295,0.027,125.3487222624425
Mon May 12 2025 16:00:00 GMT+0100 (British Summer Time),0.0271,0.0295,0.027,0
Mon May 12 2025 17:00:00 GMT+0100 (British Summer Time),0.027,0.0295,0.027,0.5516257763129339
Mon May 12 2025 18:00:00 GMT+0100 (British Summer Time),0.027,0.0295,0.027,0
Mon May 12 2025 19:00:00 GMT+0100 (British Summer Time),0.0271,0.0295,0.027,0
Mon May 12 2025 20:00:00 GMT+0100 (British Summer Time),0.0271,0.0295,0.027,1.169400989354565
Mon May 12 2025 21:00:00 GMT+0100 (British Summer Time),0.0271,0.0295,0.027,0
Mon May 12 2025 22:00:00 GMT+0100 (British Summer Time),0.027,0.0295,0.027,11.288659756522891
Mon May 12 2025 23:00:00 GMT+0100 (British Summer Time),0.0271,0.0295,0.027,0.12476184784854376
Tue May 13 2025 00:00:00 GMT+0100 (British Summer Time),0.0271,0.0295,0.027,0
Tue May 13 2025 01:00:00 GMT+0100 (British Summer Time),0.0271,0.0295,0.027,0
Tue May 13 2025 02:00:00 GMT+0100 (British Summer Time),0.027,0.0295,0.027,0
Tue May 13 2025 03:00:00 GMT+0100 (British Summer Time),0.027,0.0295,0.027,0
Tue May 13 2025 04:00:00 GMT+0100 (British Summer Time),0.0271,0.0295,0.027,0
Tue May 13 2025 05:00:00 GMT+0100 (British Summer Time),0.0271,0.0295,0.027,0.4365538554600696
Tue May 13 2025 06:00:00 GMT+0100 (British Summer Time),0.027,0.0295,0.027,84.1327674676654
Tue May 13 2025 07:00:00 GMT+0100 (British Summer Time),0.0271,0.0295,0.027,0
Tue May 13 2025 08:00:00 GMT+0100 (British Summer Time),0.0271,0.0295,0.027,0
Tue May 13 2025 09:00:00 GMT+0100 (British Summer Time),0.0271,0.0295,0.027,0
Tue May 13 2025 10:00:00 GMT+0100 (British Summer Time),0.027,0.0295,0.027,0
Tue May 13 2025 11:00:00 GMT+0100 (British Summer Time),0.0271,0.0295,0.027,31.15249272248197
Tue May 13 2025 12:00:00 GMT+0100 (British Summer Time),0.0271,0.0295,0.027,0
Tue May 13 2025 13:00:00 GMT+0100 (British Summer Time),0.0297,0.0302,0.027,40.03683112640707
Tue May 13 2025 14:00:00 GMT+0100 (British Summer Time),0.0297,0.0302,0.027,0
Tue May 13 2025 15:00:00 GMT+0100 (British Summer Time),0.033,0.0303,0.027,0.5203752777528382
Tue May 13 2025 16:00:00 GMT+0100 (British Summer Time),0.033,0.0303,0.027,0
Tue May 13 2025 17:00:00 GMT+0100 (British Summer Time),0.0329,0.0303,0.027,0
Tue May 13 2025 18:00:00 GMT+0100 (British Summer Time),0.0329,0.0302,0.027,0
Tue May 13 2025 19:00:00 GMT+0100 (British Summer Time),0.033,0.0303,0.027,0
Tue May 13 2025 20:00:00 GMT+0100 (British Summer Time),0.033,0.0303,0.0272,2804.881576687858
Tue May 13 2025 21:00:00 GMT+0100 (British Summer Time),0.033,0.0303,0.0272,0
Tue May 13 2025 22:00:00 GMT+0100 (British Summer Time),0.0329,0.0302,0.0272,1.9615572068204088
Tue May 13 2025 23:00:00 GMT+0100 (British Summer Time),0.033,0.0303,0.0272,3.7220989311130985
Wed May 14 2025 00:00:00 GMT+0100 (British Summer Time),0.033,0.0302,0.0272,0
Wed May 14 2025 01:00:00 GMT+0100 (British Summer Time),0.0329,0.0302,0.0272,0
Wed May 14 2025 02:00:00 GMT+0100 (British Summer Time),0.0329,0.0302,0.0272,0
Wed May 14 2025 03:00:00 GMT+0100 (British Summer Time),0.033,0.0303,0.0272,0
Wed May 14 2025 04:00:00 GMT+0100 (British Summer Time),0.033,0.0302,0.0272,1.229018190526744
Wed May 14 2025 05:00:00 GMT+0100 (British Summer Time),0.033,0.0302,0.0272,294.32730779768957
Wed May 14 2025 06:00:00 GMT+0100 (British Summer Time),0.0329,0.0302,0.0272,0.977583182577131
Wed May 14 2025 07:00:00 GMT+0100 (British Summer Time),0.033,0.0303,0.0272,14.120453130401978
Wed May 14 2025 08:00:00 GMT+0100 (British Summer Time),0.033,0.0303,0.0272,0
Wed May 14 2025 09:00:00 GMT+0100 (British Summer Time),0.033,0.0302,0.0272,0
Wed May 14 2025 10:00:00 GMT+0100 (British Summer Time),0.0329,0.0302,0.0272,0
Wed May 14 2025 11:00:00 GMT+0100 (British Summer Time),0.0329,0.0302,0.0272,0.5637789846987384
Wed May 14 2025 12:00:00 GMT+0100 (British Summer Time),0.033,0.0302,0.0272,0
Wed May 14 2025 13:00:00 GMT+0100 (British Summer Time),0.0293,0.0301,0.0272,0
Wed May 14 2025 14:00:00 GMT+0100 (British Summer Time),0.0293,0.0301,0.0272,0
Wed May 14 2025 15:00:00 GMT+0100 (British Summer Time),0.0294,0.031,0.0272,3.4750708523599534
Wed May 14 2025 16:00:00 GMT+0100 (British Summer Time),0.0294,0.031,0.0272,0
Wed May 14 2025 17:00:00 GMT+0100 (British Summer Time),0.0294,0.031,0.0272,0
Wed May 14 2025 18:00:00 GMT+0100 (British Summer Time),0.0293,0.031,0.0272,0
Wed May 14 2025 19:00:00 GMT+0100 (British Summer Time),0.0294,0.031,0.0272,0
Wed May 14 2025 20:00:00 GMT+0100 (British Summer Time),0.0294,0.031,0.0272,0
Wed May 14 2025 21:00:00 GMT+0100 (British Summer Time),0.0294,0.031,0.0272,20.97388863711307
Wed May 14 2025 22:00:00 GMT+0100 (British Summer Time),0.0293,0.031,0.0272,0.0188820733079898
Wed May 14 2025 23:00:00 GMT+0100 (British Summer Time),0.0293,0.031,0.0272,6.907605501140046
Thu May 15 2025 00:00:00 GMT+0100 (British Summer Time),0.0294,0.031,0.0272,0
Thu May 15 2025 01:00:00 GMT+0100 (British Summer Time),0.0294,0.031,0.0272,0
Thu May 15 2025 02:00:00 GMT+0100 (British Summer Time),0.0294,0.031,0.0272,0
Thu May 15 2025 03:00:00 GMT+0100 (British Summer Time),0.0293,0.031,0.0272,0
Thu May 15 2025 04:00:00 GMT+0100 (British Summer Time),0.0294,0.031,0.0272,5.450158043285058
Thu May 15 2025 05:00:00 GMT+0100 (British Summer Time),0.0294,0.031,0.0272,0
Thu May 15 2025 06:00:00 GMT+0100 (British Summer Time),0.0294,0.031,0.0272,0
Thu May 15 2025 07:00:00 GMT+0100 (British Summer Time),0.0293,0.031,0.0272,0.13698287409791987
Thu May 15 2025 08:00:00 GMT+0100 (British Summer Time),0.0293,0.031,0.0272,0
Thu May 15 2025 09:00:00 GMT+0100 (British Summer Time),0.0294,0.031,0.0272,0
Thu May 15 2025 10:00:00 GMT+0100 (British Summer Time),0.0294,0.031,0.0272,1.0804378339956109
Thu May 15 2025 11:00:00 GMT+0100 (British Summer Time),0.0294,0.031,0.0272,0
Thu May 15 2025 12:00:00 GMT+0100 (British Summer Time),0.0293,0.031,0.0272,0
Thu May 15 2025 13:00:00 GMT+0100 (British Summer Time),0.0286,0.0308,0.0272,636.5856874188829
Thu May 15 2025 14:00:00 GMT+0100 (British Summer Time),0.0286,0.0308,0.0272,0
Thu May 15 2025 15:00:00 GMT+0100 (British Summer Time),0.0285,0.0308,0.0272,3.1462714002151744
Thu May 15 2025 16:00:00 GMT+0100 (British Summer Time),0.0285,0.0308,0.0274,2988.047629096918
Thu May 15 2025 17:00:00 GMT+0100 (British Summer Time),0.0285,0.0308,0.0274,0
Thu May 15 2025 18:00:00 GMT+0100 (British Summer Time),0.0286,0.0308,0.0274,0
Thu May 15 2025 19:00:00 GMT+0100 (British Summer Time),0.0285,0.0308,0.0274,0
Thu May 15 2025 20:00:00 GMT+0100 (British Summer Time),0.0285,0.0308,0.0274,0
Thu May 15 2025 21:00:00 GMT+0100 (British Summer Time),0.0285,0.0308,0.0274,0.01728976074342959
Thu May 15 2025 22:00:00 GMT+0100 (British Summer Time),0.0286,0.0308,0.0274,10.313825047938485
Thu May 15 2025 23:00:00 GMT+0100 (British Summer Time),0.0286,0.0308,0.0274,9.466598179947212
Fri May 16 2025 00:00:00 GMT+0100 (British Summer Time),0.0285,0.0308,0.0274,0
Fri May 16 2025 01:00:00 GMT+0100 (British Summer Time),0.0285,0.0308,0.0274,0
Fri May 16 2025 02:00:00 GMT+0100 (British Summer Time),0.0285,0.0308,0.0274,0
Fri May 16 2025 03:00:00 GMT+0100 (British Summer Time),0.0286,0.0308,0.0274,0
Fri May 16 2025 04:00:00 GMT+0100 (British Summer Time),0.0285,0.0308,0.0274,0
Fri May 16 2025 05:00:00 GMT+0100 (British Summer Time),0.0285,0.0308,0.0274,0
Fri May 16 2025 06:00:00 GMT+0100 (British Summer Time),0.0285,0.0308,0.0274,0
Fri May 16 2025 07:00:00 GMT+0100 (British Summer Time),0.0286,0.0308,0.0274,0.5736071524103976
Fri May 16 2025 08:00:00 GMT+0100 (British Summer Time),0.0286,0.0308,0.0274,0
Fri May 16 2025 09:00:00 GMT+0100 (British Summer Time),0.0285,0.0308,0.0274,0
Fri May 16 2025 10:00:00 GMT+0100 (British Summer Time),0.0285,0.0308,0.0274,1.1944832606511966
Fri May 16 2025 11:00:00 GMT+0100 (British Summer Time),0.0285,0.0308,0.0274,0
Fri May 16 2025 12:00:00 GMT+0100 (British Summer Time),0.0286,0.0308,0.0274,0.49758364244051934
Fri May 16 2025 13:00:00 GMT+0100 (British Summer Time),0.0291,0.0298,0.0274,0
Fri May 16 2025 14:00:00 GMT+0100 (British Summer Time),0.0291,0.0298,0.0274,0.2020408133040829
Fri May 16 2025 15:00:00 GMT+0100 (British Summer Time),0.0291,0.0298,0.0274,3.31685880581386
Fri May 16 2025 16:00:00 GMT+0100 (British Summer Time),0.0291,0.0298,0.0274,10.323890361519453
Fri May 16 2025 17:00:00 GMT+0100 (British Summer Time),0.0291,0.0298,0.0274,0
Fri May 16 2025 18:00:00 GMT+0100 (British Summer Time),0.0291,0.0298,0.0274,614.3825941700202
Fri May 16 2025 19:00:00 GMT+0100 (British Summer Time),0.0291,0.0298,0.0273,0
Fri May 16 2025 20:00:00 GMT+0100 (British Summer Time),0.0291,0.0298,0.0273,8.6906711650969
Fri May 16 2025 21:00:00 GMT+0100 (British Summer Time),0.0291,0.0298,0.0273,0.017899864335730258
Fri May 16 2025 22:00:00 GMT+0100 (British Summer Time),0.0291,0.0298,0.0273,0
Fri May 16 2025 23:00:00 GMT+0100 (British Summer Time),0.0291,0.0298,0.0273,5.705360177338833
Sat May 17 2025 00:00:00 GMT+0100 (British Summer Time),0.0291,0.0298,0.0273,0
Sat May 17 2025 01:00:00 GMT+0100 (British Summer Time),0.0291,0.0298,0.0273,0
Sat May 17 2025 02:00:00 GMT+0100 (British Summer Time),0.0291,0.0298,0.0273,0
Sat May 17 2025 03:00:00 GMT+0100 (British Summer Time),0.0291,0.0298,0.0273,0
Sat May 17 2025 04:00:00 GMT+0100 (British Summer Time),0.0291,0.0298,0.0273,0
Sat May 17 2025 05:00:00 GMT+0100 (British Summer Time),0.0291,0.0298,0.0273,0
Sat May 17 2025 06:00:00 GMT+0100 (British Summer Time),0.0291,0.0298,0.0273,0
Sat May 17 2025 07:00:00 GMT+0100 (British Summer Time),0.0291,0.0298,0.0273,0.7182251635880421
Sat May 17 2025 08:00:00 GMT+0100 (British Summer Time),0.0291,0.0298,0.0273,0
Sat May 17 2025 09:00:00 GMT+0100 (British Summer Time),0.0291,0.0298,0.0273,15.010092440660216
Sat May 17 2025 10:00:00 GMT+0100 (British Summer Time),0.0291,0.0298,0.0273,0
Sat May 17 2025 11:00:00 GMT+0100 (British Summer Time),0.0291,0.0298,0.0273,0
Sat May 17 2025 12:00:00 GMT+0100 (British Summer Time),0.0291,0.0298,0.0273,0
Sat May 17 2025 13:00:00 GMT+0100 (British Summer Time),0.0279,0.0296,0.0273,0
Sat May 17 2025 14:00:00 GMT+0100 (British Summer Time),0.0279,0.0296,0.0273,0
Sat May 17 2025 15:00:00 GMT+0100 (British Summer Time),0.0279,0.0298,0.0273,3.1769040660315424
Sat May 17 2025 16:00:00 GMT+0100 (British Summer Time),0.0279,0.0298,0.0273,0
Sat May 17 2025 17:00:00 GMT+0100 (British Summer Time),0.0279,0.0298,0.0273,0
Sat May 17 2025 18:00:00 GMT+0100 (British Summer Time),0.0279,0.0298,0.0273,0
Sat May 17 2025 19:00:00 GMT+0100 (British Summer Time),0.0279,0.0298,0.0273,0
Sat May 17 2025 20:00:00 GMT+0100 (British Summer Time),0.0279,0.0298,0.0143,145113.48997950697
Sat May 17 2025 21:00:00 GMT+0100 (British Summer Time),0.0279,0.0298,0.0238,99372.09605789199
Sat May 17 2025 22:00:00 GMT+0100 (British Summer Time),0.0279,0.0298,0.025,13652.030158367623
Sat May 17 2025 23:00:00 GMT+0100 (British Summer Time),0.0279,0.0298,0.025,5.409609274432272
Sun May 18 2025 00:00:00 GMT+0100 (British Summer Time),0.0279,0.0298,0.025,0
Sun May 18 2025 01:00:00 GMT+0100 (British Summer Time),0.0279,0.0298,0.025,0
Sun May 18 2025 02:00:00 GMT+0100 (British Summer Time),0.0279,0.0298,0.025,0
Sun May 18 2025 03:00:00 GMT+0100 (British Summer Time),0.0279,0.0298,0.025,0
Sun May 18 2025 04:00:00 GMT+0100 (British Summer Time),0.0279,0.0298,0.025,0
Sun May 18 2025 05:00:00 GMT+0100 (British Summer Time),0.0279,0.0298,0.025,0
Sun May 18 2025 06:00:00 GMT+0100 (British Summer Time),0.0279,0.0298,0.025,0
Sun May 18 2025 07:00:00 GMT+0100 (British Summer Time),0.0279,0.0298,0.025,0.7290101356786705
Sun May 18 2025 08:00:00 GMT+0100 (British Summer Time),0.0279,0.0298,0.025,0
Sun May 18 2025 09:00:00 GMT+0100 (British Summer Time),0.0279,0.0298,0.025,0.8198499625934602
Sun May 18 2025 10:00:00 GMT+0100 (British Summer Time),0.0279,0.0298,0.025,0
Sun May 18 2025 11:00:00 GMT+0100 (British Summer Time),0.0279,0.0298,0.025,0
Sun May 18 2025 12:00:00 GMT+0100 (British Summer Time),0.0279,0.0298,0.025,0
Sun May 18 2025 13:00:00 GMT+0100 (British Summer Time),0.0266,0.0287,0.025,52.87134785341266
Sun May 18 2025 14:00:00 GMT+0100 (British Summer Time),0.0266,0.0287,0.025,0
Sun May 18 2025 15:00:00 GMT+0100 (British Summer Time),0.0266,0.0287,0.025,2.4658550403957955
Sun May 18 2025 16:00:00 GMT+0100 (British Summer Time),0.0266,0.0287,0.025,0
Sun May 18 2025 17:00:00 GMT+0100 (British Summer Time),0.0266,0.0287,0.025,0
Sun May 18 2025 18:00:00 GMT+0100 (British Summer Time),0.0266,0.0287,0.025,0
Sun May 18 2025 19:00:00 GMT+0100 (British Summer Time),0.0266,0.0287,0.025,2.6074266866115634
Sun May 18 2025 20:00:00 GMT+0100 (British Summer Time),0.0266,0.0287,0.025,0.010387121200157752
Sun May 18 2025 21:00:00 GMT+0100 (British Summer Time),0.0266,0.0287,0.025,0
Sun May 18 2025 22:00:00 GMT+0100 (British Summer Time),0.0266,0.0287,0.025,0
Sun May 18 2025 23:00:00 GMT+0100 (British Summer Time),0.0266,0.0287,0.025,3.9608312534553116
Mon May 19 2025 00:00:00 GMT+0100 (British Summer Time),0.0266,0.0287,0.025,1.0273046252536404
Mon May 19 2025 01:00:00 GMT+0100 (British Summer Time),0.0266,0.0287,0.025,0
Mon May 19 2025 02:00:00 GMT+0100 (British Summer Time),0.0266,0.0287,0.025,0
Mon May 19 2025 03:00:00 GMT+0100 (British Summer Time),0.0266,0.0287,0.025,0
Mon May 19 2025 04:00:00 GMT+0100 (British Summer Time),0.0266,0.0287,0.025,0
Mon May 19 2025 05:00:00 GMT+0100 (British Summer Time),0.0266,0.0287,0.025,0
Mon May 19 2025 06:00:00 GMT+0100 (British Summer Time),0.0266,0.0287,0.025,0
Mon May 19 2025 07:00:00 GMT+0100 (British Summer Time),0.0266,0.0287,0.025,0
Mon May 19 2025 08:00:00 GMT+0100 (British Summer Time),0.0266,0.0287,0.025,0.9132167764795447
Mon May 19 2025 09:00:00 GMT+0100 (British Summer Time),0.0266,0.0287,0.025,0
Mon May 19 2025 10:00:00 GMT+0100 (British Summer Time),0.0266,0.0287,0.025,0
Mon May 19 2025 11:00:00 GMT+0100 (British Summer Time),0.0266,0.0287,0.025,0
Mon May 19 2025 12:00:00 GMT+0100 (British Summer Time),0.0266,0.0287,0.025,0
Mon May 19 2025 13:00:00 GMT+0100 (British Summer Time),0.0311,0.029,0.025,9.820534790624563
Mon May 19 2025 14:00:00 GMT+0100 (British Summer Time),0.0311,0.029,0.025,1.613753704780593
Mon May 19 2025 15:00:00 GMT+0100 (British Summer Time),0.031,0.0293,0.025,0
Mon May 19 2025 16:00:00 GMT+0100 (British Summer Time),0.0311,0.0293,0.025,2.4296048095350464
Mon May 19 2025 17:00:00 GMT+0100 (British Summer Time),0.0311,0.0293,0.0251,615.7795960967986
Mon May 19 2025 18:00:00 GMT+0100 (British Summer Time),0.0311,0.0293,0.0251,1896.1693752614342
Mon May 19 2025 19:00:00 GMT+0100 (British Summer Time),0.0311,0.0293,0.0251,0.010602454791720626
Mon May 19 2025 20:00:00 GMT+0100 (British Summer Time),0.031,0.0293,0.0251,0
Mon May 19 2025 21:00:00 GMT+0100 (British Summer Time),0.0311,0.0293,0.0251,0
Mon May 19 2025 22:00:00 GMT+0100 (British Summer Time),0.0311,0.0293,0.0251,0
Mon May 19 2025 23:00:00 GMT+0100 (British Summer Time),0.0311,0.0293,0.0251,0
Tue May 20 2025 00:00:00 GMT+0100 (British Summer Time),0.031,0.0293,0.0251,3.5644728391461866
Tue May 20 2025 01:00:00 GMT+0100 (British Summer Time),0.0311,0.0293,0.0251,0
Tue May 20 2025 02:00:00 GMT+0100 (British Summer Time),0.0311,0.0293,0.0251,39.940187634378326
Tue May 20 2025 03:00:00 GMT+0100 (British Summer Time),0.0311,0.0293,0.0251,0
Tue May 20 2025 04:00:00 GMT+0100 (British Summer Time),0.0311,0.0293,0.0251,0
Tue May 20 2025 05:00:00 GMT+0100 (British Summer Time),0.031,0.0293,0.0251,0
Tue May 20 2025 06:00:00 GMT+0100 (British Summer Time),0.0311,0.0293,0.0251,0
Tue May 20 2025 07:00:00 GMT+0100 (British Summer Time),0.0311,0.0293,0.0251,0
Tue May 20 2025 08:00:00 GMT+0100 (British Summer Time),0.0311,0.0293,0.0251,2.2535939417624946
Tue May 20 2025 09:00:00 GMT+0100 (British Summer Time),0.031,0.0293,0.0251,0
Tue May 20 2025 10:00:00 GMT+0100 (British Summer Time),0.0311,0.0293,0.0251,0
Tue May 20 2025 11:00:00 GMT+0100 (British Summer Time),0.0311,0.0293,0.0251,0
Tue May 20 2025 12:00:00 GMT+0100 (British Summer Time),0.0311,0.0293,0.0251,0.26597479157603554
Tue May 20 2025 13:00:00 GMT+0100 (British Summer Time),0.0297,0.0289,0.0251,0
Tue May 20 2025 14:00:00 GMT+0100 (British Summer Time),0.0297,0.0289,0.0251,0.15203282317316708
Tue May 20 2025 15:00:00 GMT+0100 (British Summer Time),0.0297,0.0289,0.0251,0
Tue May 20 2025 16:00:00 GMT+0100 (British Summer Time),0.0297,0.0289,0.0251,2.619259917005797
Tue May 20 2025 17:00:00 GMT+0100 (British Summer Time),0.0297,0.0289,0.0251,0
Tue May 20 2025 18:00:00 GMT+0100 (British Summer Time),0.0298,0.0289,0.0251,0
Tue May 20 2025 19:00:00 GMT+0100 (British Summer Time),0.0298,0.0289,0.0251,0.011581889993340363
Tue May 20 2025 20:00:00 GMT+0100 (British Summer Time),0.0297,0.0289,0.0251,10.347859148938088
Tue May 20 2025 21:00:00 GMT+0100 (British Summer Time),0.0297,0.0289,0.0251,0
Tue May 20 2025 22:00:00 GMT+0100 (British Summer Time),0.0298,0.0289,0.0251,0
Tue May 20 2025 23:00:00 GMT+0100 (British Summer Time),0.0298,0.0289,0.0251,0
Wed May 21 2025 00:00:00 GMT+0100 (British Summer Time),0.0297,0.0289,0.0251,3.996974082429512
Wed May 21 2025 01:00:00 GMT+0100 (British Summer Time),0.0297,0.0289,0.0251,0
Wed May 21 2025 02:00:00 GMT+0100 (British Summer Time),0.0297,0.0289,0.0251,0
Wed May 21 2025 03:00:00 GMT+0100 (British Summer Time),0.0298,0.0289,0.0251,0
Wed May 21 2025 04:00:00 GMT+0100 (British Summer Time),0.0298,0.0289,0.0251,0
Wed May 21 2025 05:00:00 GMT+0100 (British Summer Time),0.0297,0.0289,0.0251,0
Wed May 21 2025 06:00:00 GMT+0100 (British Summer Time),0.0297,0.0289,0.0251,0
Wed May 21 2025 07:00:00 GMT+0100 (British Summer Time),0.0298,0.0289,0.0251,0.7857146607520823
Wed May 21 2025 08:00:00 GMT+0100 (British Summer Time),0.0298,0.0289,0.0251,7842.278346021694
Wed May 21 2025 09:00:00 GMT+0100 (British Summer Time),0.0297,0.0289,0.0251,0
Wed May 21 2025 10:00:00 GMT+0100 (British Summer Time),0.0297,0.0289,0.0251,0
Wed May 21 2025 11:00:00 GMT+0100 (British Summer Time),0.0297,0.0289,0.0254,4970.764743283651
Wed May 21 2025 12:00:00 GMT+0100 (British Summer Time),0.0298,0.0289,0.0254,75.83258287101359
Wed May 21 2025 13:00:00 GMT+0100 (British Summer Time),0.0282,0.0287,0.0255,2623.7624030658226
Wed May 21 2025 14:00:00 GMT+0100 (British Summer Time),0.0282,0.0287,0.0255,0
Wed May 21 2025 15:00:00 GMT+0100 (British Summer Time),0.0282,0.0287,0.0255,0
Wed May 21 2025 16:00:00 GMT+0100 (British Summer Time),0.0283,0.0287,0.0255,93.32605304707772
Wed May 21 2025 17:00:00 GMT+0100 (British Summer Time),0.0283,0.0287,0.0255,0
Wed May 21 2025 18:00:00 GMT+0100 (British Summer Time),0.0282,0.0287,0.0255,1.3722986454272281
Wed May 21 2025 19:00:00 GMT+0100 (British Summer Time),0.0282,0.0287,0.0255,0
Wed May 21 2025 20:00:00 GMT+0100 (British Summer Time),0.0283,0.0287,0.0255,0
Wed May 21 2025 21:00:00 GMT+0100 (British Summer Time),0.0283,0.0287,0.0255,0
Wed May 21 2025 22:00:00 GMT+0100 (British Summer Time),0.0282,0.0287,0.0255,0
Wed May 21 2025 23:00:00 GMT+0100 (British Summer Time),0.0282,0.0287,0.0255,20.929610187745926
Thu May 22 2025 00:00:00 GMT+0100 (British Summer Time),0.0282,0.0287,0.0255,5.143669386570457
Thu May 22 2025 01:00:00 GMT+0100 (British Summer Time),0.0283,0.0287,0.0255,1.6335518932185435
Thu May 22 2025 02:00:00 GMT+0100 (British Summer Time),0.0283,0.0287,0.0256,1709.8654611702725
Thu May 22 2025 03:00:00 GMT+0100 (British Summer Time),0.0282,0.0287,0.0256,10.569980603600833
Thu May 22 2025 04:00:00 GMT+0100 (British Summer Time),0.0282,0.0287,0.0256,0.3314308973848116
Thu May 22 2025 05:00:00 GMT+0100 (British Summer Time),0.0283,0.0287,0.0256,0
Thu May 22 2025 06:00:00 GMT+0100 (British Summer Time),0.0283,0.0287,0.0256,0.8339971477429935
Thu May 22 2025 07:00:00 GMT+0100 (British Summer Time),0.0282,0.0287,0.0256,0
Thu May 22 2025 08:00:00 GMT+0100 (British Summer Time),0.0282,0.0287,0.0256,0.21067320685714258
Thu May 22 2025 09:00:00 GMT+0100 (British Summer Time),0.0282,0.0287,0.0256,0
Thu May 22 2025 10:00:00 GMT+0100 (British Summer Time),0.0283,0.0287,0.0256,0
Thu May 22 2025 11:00:00 GMT+0100 (British Summer Time),0.0283,0.0287,0.0256,0
Thu May 22 2025 12:00:00 GMT+0100 (British Summer Time),0.0282,0.0287,0.0256,0
Thu May 22 2025 13:00:00 GMT+0100 (British Summer Time),0.0298,0.0289,0.0256,1.2844546600621953
Thu May 22 2025 14:00:00 GMT+0100 (British Summer Time),0.0298,0.0289,0.0256,0.2798985410006363
Thu May 22 2025 15:00:00 GMT+0100 (British Summer Time),0.0298,0.0289,0.0256,0
Thu May 22 2025 16:00:00 GMT+0100 (British Summer Time),0.0297,0.0289,0.0256,2.6290704505258295
Thu May 22 2025 17:00:00 GMT+0100 (British Summer Time),0.0298,0.0289,0.0256,0
Thu May 22 2025 18:00:00 GMT+0100 (British Summer Time),0.0298,0.0289,0.0256,0.011950103356907047
Thu May 22 2025 19:00:00 GMT+0100 (British Summer Time),0.0298,0.0289,0.0256,0
Thu May 22 2025 20:00:00 GMT+0100 (British Summer Time),0.0297,0.0289,0.0256,0
Thu May 22 2025 21:00:00 GMT+0100 (British Summer Time),0.0298,0.0289,0.0256,0
Thu May 22 2025 22:00:00 GMT+0100 (British Summer Time),0.0298,0.0289,0.0256,0
Thu May 22 2025 23:00:00 GMT+0100 (British Summer Time),0.0298,0.0289,0.0256,0
Fri May 23 2025 00:00:00 GMT+0100 (British Summer Time),0.0298,0.0289,0.0256,3.166229653242315
Fri May 23 2025 01:00:00 GMT+0100 (British Summer Time),0.0297,0.0289,0.0256,0
Fri May 23 2025 02:00:00 GMT+0100 (British Summer Time),0.0298,0.0289,0.0256,0
Fri May 23 2025 03:00:00 GMT+0100 (British Summer Time),0.0298,0.0289,0.0256,0
Fri May 23 2025 04:00:00 GMT+0100 (British Summer Time),0.0297,0.0289,0.0256,5.172687529019755
Fri May 23 2025 05:00:00 GMT+0100 (British Summer Time),0.0298,0.0289,0.0256,0
Fri May 23 2025 06:00:00 GMT+0100 (British Summer Time),0.0298,0.0289,0.0256,0.8558236552921666
Fri May 23 2025 07:00:00 GMT+0100 (British Summer Time),0.0298,0.0289,0.0256,0
Fri May 23 2025 08:00:00 GMT+0100 (British Summer Time),0.0298,0.0289,0.0256,2.05331663898318
Fri May 23 2025 09:00:00 GMT+0100 (British Summer Time),0.0297,0.0289,0.0256,10275.991749896319
Fri May 23 2025 10:00:00 GMT+0100 (British Summer Time),0.0298,0.0289,0.026,0
Fri May 23 2025 11:00:00 GMT+0100 (British Summer Time),0.0298,0.0289,0.026,0
Fri May 23 2025 12:00:00 GMT+0100 (British Summer Time),0.0298,0.0289,0.026,0
Fri May 23 2025 13:00:00 GMT+0100 (British Summer Time),0.0298,0.029,0.026,0
Fri May 23 2025 14:00:00 GMT+0100 (British Summer Time),0.0298,0.029,0.026,11.053289586976826
Fri May 23 2025 15:00:00 GMT+0100 (British Summer Time),0.0298,0.029,0.026,837.6821875504029
Fri May 23 2025 16:00:00 GMT+0100 (British Summer Time),0.0298,0.029,0.026,2.544454207117368
Fri May 23 2025 17:00:00 GMT+0100 (British Summer Time),0.0298,0.029,0.0257,8217.069494982155
Fri May 23 2025 18:00:00 GMT+0100 (British Summer Time),0.0298,0.029,0.0273,46863.79641520291
Fri May 23 2025 19:00:00 GMT+0100 (British Summer Time),0.0298,0.029,0.0276,160.1488428136466
Fri May 23 2025 20:00:00 GMT+0100 (British Summer Time),0.0298,0.029,0.0276,0
Fri May 23 2025 21:00:00 GMT+0100 (British Summer Time),0.0298,0.029,0.0276,0
Fri May 23 2025 22:00:00 GMT+0100 (British Summer Time),0.0298,0.029,0.0276,0
Fri May 23 2025 23:00:00 GMT+0100 (British Summer Time),0.0298,0.029,0.0276,0
Sat May 24 2025 00:00:00 GMT+0100 (British Summer Time),0.0298,0.029,0.0276,2.7779892537638915
Sat May 24 2025 01:00:00 GMT+0100 (British Summer Time),0.0298,0.029,0.0276,0
Sat May 24 2025 02:00:00 GMT+0100 (British Summer Time),0.0298,0.029,0.0276,0
Sat May 24 2025 03:00:00 GMT+0100 (British Summer Time),0.0298,0.029,0.0276,0
Sat May 24 2025 04:00:00 GMT+0100 (British Summer Time),0.0298,0.029,0.0276,0
Sat May 24 2025 05:00:00 GMT+0100 (British Summer Time),0.0298,0.029,0.0276,0.9323501144442549
Sat May 24 2025 06:00:00 GMT+0100 (British Summer Time),0.0298,0.029,0.0276,0
Sat May 24 2025 07:00:00 GMT+0100 (British Summer Time),0.0298,0.029,0.0276,0
Sat May 24 2025 08:00:00 GMT+0100 (British Summer Time),0.0298,0.029,0.0276,2.109158628880671
Sat May 24 2025 09:00:00 GMT+0100 (British Summer Time),0.0298,0.029,0.0276,0
Sat May 24 2025 10:00:00 GMT+0100 (British Summer Time),0.0298,0.029,0.0276,0
Sat May 24 2025 11:00:00 GMT+0100 (British Summer Time),0.0298,0.029,0.0276,0
Sat May 24 2025 12:00:00 GMT+0100 (British Summer Time),0.0298,0.029,0.0276,0
Sat May 24 2025 13:00:00 GMT+0100 (British Summer Time),0.0284,0.0291,0.0277,2524.902935366756
Sat May 24 2025 14:00:00 GMT+0100 (British Summer Time),0.0284,0.0291,0.0277,0
Sat May 24 2025 15:00:00 GMT+0100 (British Summer Time),0.0284,0.0291,0.0277,0
Sat May 24 2025 16:00:00 GMT+0100 (British Summer Time),0.0284,0.0291,0.0277,4.459287294010427
Sat May 24 2025 17:00:00 GMT+0100 (British Summer Time),0.0284,0.0291,0.0277,0.014335328663341841
Sat May 24 2025 18:00:00 GMT+0100 (British Summer Time),0.0284,0.0291,0.0277,0
Sat May 24 2025 19:00:00 GMT+0100 (British Summer Time),0.0284,0.0291,0.0277,1130.7469007448321
Sat May 24 2025 20:00:00 GMT+0100 (British Summer Time),0.0284,0.0291,0.0277,0
Sat May 24 2025 21:00:00 GMT+0100 (British Summer Time),0.0284,0.0291,0.0277,555.7215279312087
Sat May 24 2025 22:00:00 GMT+0100 (British Summer Time),0.0284,0.0291,0.0277,0
Sat May 24 2025 23:00:00 GMT+0100 (British Summer Time),0.0284,0.0291,0.0277,0
Sun May 25 2025 00:00:00 GMT+0100 (British Summer Time),0.0284,0.0291,0.0289,46231.96930381704
Sun May 25 2025 01:00:00 GMT+0100 (British Summer Time),0.0284,0.0291,0.0289,0
Sun May 25 2025 02:00:00 GMT+0100 (British Summer Time),0.0284,0.0291,0.0289,0
Sun May 25 2025 03:00:00 GMT+0100 (British Summer Time),0.0284,0.0291,0.0288,2956.4194764532167
Sun May 25 2025 04:00:00 GMT+0100 (British Summer Time),0.0284,0.0291,0.0288,0
Sun May 25 2025 05:00:00 GMT+0100 (British Summer Time),0.0284,0.0291,0.0288,1.0140531403672133
Sun May 25 2025 06:00:00 GMT+0100 (British Summer Time),0.0284,0.0291,0.0288,0
Sun May 25 2025 07:00:00 GMT+0100 (British Summer Time),0.0284,0.0291,0.0288,0
Sun May 25 2025 08:00:00 GMT+0100 (British Summer Time),0.0284,0.0291,0.0288,2.269482865523843
Sun May 25 2025 09:00:00 GMT+0100 (British Summer Time),0.0284,0.0291,0.0288,0
Sun May 25 2025 10:00:00 GMT+0100 (British Summer Time),0.0284,0.0291,0.0288,0
Sun May 25 2025 11:00:00 GMT+0100 (British Summer Time),0.0284,0.0291,0.0288,0
Sun May 25 2025 12:00:00 GMT+0100 (British Summer Time),0.0284,0.0291,0.0288,0
Sun May 25 2025 13:00:00 GMT+0100 (British Summer Time),0.0271,0.0292,0.0288,0
Sun May 25 2025 14:00:00 GMT+0100 (British Summer Time),0.0271,0.0292,0.0288,0
Sun May 25 2025 15:00:00 GMT+0100 (British Summer Time),0.0271,0.0292,0.0288,0
Sun May 25 2025 16:00:00 GMT+0100 (British Summer Time),0.0271,0.0292,0.0288,2.468751996100223
Sun May 25 2025 17:00:00 GMT+0100 (British Summer Time),0.0271,0.0292,0.0288,2.6568093756923687
Sun May 25 2025 18:00:00 GMT+0100 (British Summer Time),0.0271,0.0292,0.0288,0
Sun May 25 2025 19:00:00 GMT+0100 (British Summer Time),0.0271,0.0292,0.0288,250.33662918741166
Sun May 25 2025 20:00:00 GMT+0100 (British Summer Time),0.0271,0.0292,0.0288,0
Sun May 25 2025 21:00:00 GMT+0100 (British Summer Time),0.0271,0.0292,0.0288,0
Sun May 25 2025 22:00:00 GMT+0100 (British Summer Time),0.0271,0.0292,0.0288,0
Sun May 25 2025 23:00:00 GMT+0100 (British Summer Time),0.0271,0.0292,0.0288,0
Mon May 26 2025 00:00:00 GMT+0100 (British Summer Time),0.0271,0.0292,0.0288,2.5741152185939598
Mon May 26 2025 01:00:00 GMT+0100 (British Summer Time),0.0271,0.0292,0.0288,0
Mon May 26 2025 02:00:00 GMT+0100 (British Summer Time),0.0271,0.0292,0.0288,0
Mon May 26 2025 03:00:00 GMT+0100 (British Summer Time),0.0271,0.0292,0.0288,0
Mon May 26 2025 04:00:00 GMT+0100 (British Summer Time),0.0271,0.0292,0.0288,0
Mon May 26 2025 05:00:00 GMT+0100 (British Summer Time),0.0271,0.0292,0.0288,0
Mon May 26 2025 06:00:00 GMT+0100 (British Summer Time),0.0271,0.0292,0.0288,0
Mon May 26 2025 07:00:00 GMT+0100 (British Summer Time),0.0271,0.0292,0.0288,0
Mon May 26 2025 08:00:00 GMT+0100 (British Summer Time),0.0271,0.0292,0.0288,2.4904819028592087
Mon May 26 2025 09:00:00 GMT+0100 (British Summer Time),0.0271,0.0292,0.0288,0
Mon May 26 2025 10:00:00 GMT+0100 (British Summer Time),0.0271,0.0292,0.0288,0
Mon May 26 2025 11:00:00 GMT+0100 (British Summer Time),0.0271,0.0292,0.0288,0
Mon May 26 2025 12:00:00 GMT+0100 (British Summer Time),0.0271,0.0292,0.0288,0
Mon May 26 2025 13:00:00 GMT+0100 (British Summer Time),0.0276,0.0287,0.0288,0
Mon May 26 2025 14:00:00 GMT+0100 (British Summer Time),0.0276,0.0287,0.0288,2.710951838960013
Mon May 26 2025 15:00:00 GMT+0100 (British Summer Time),0.0276,0.0287,0.0288,0
Mon May 26 2025 16:00:00 GMT+0100 (British Summer Time),0.0275,0.0287,0.0287,2656.0772927555527
Mon May 26 2025 17:00:00 GMT+0100 (British Summer Time),0.0276,0.0287,0.0287,0
Mon May 26 2025 18:00:00 GMT+0100 (British Summer Time),0.0276,0.0287,0.0287,0.9306051412597763
Mon May 26 2025 19:00:00 GMT+0100 (British Summer Time),0.0276,0.0287,0.0287,5.176688828309625
Mon May 26 2025 20:00:00 GMT+0100 (British Summer Time),0.0276,0.0287,0.0287,0
Mon May 26 2025 21:00:00 GMT+0100 (British Summer Time),0.0275,0.0287,0.0287,0
Mon May 26 2025 22:00:00 GMT+0100 (British Summer Time),0.0276,0.0287,0.0287,0
Mon May 26 2025 23:00:00 GMT+0100 (British Summer Time),0.0276,0.0287,0.0287,0
Tue May 27 2025 00:00:00 GMT+0100 (British Summer Time),0.0276,0.0287,0.0287,0.10018252981805009
Tue May 27 2025 01:00:00 GMT+0100 (British Summer Time),0.0275,0.0287,0.0287,0
Tue May 27 2025 02:00:00 GMT+0100 (British Summer Time),0.0276,0.0287,0.0287,0
Tue May 27 2025 03:00:00 GMT+0100 (British Summer Time),0.0276,0.0287,0.0287,0
Tue May 27 2025 04:00:00 GMT+0100 (British Summer Time),0.0276,0.0287,0.0287,482.1356642380863
Tue May 27 2025 05:00:00 GMT+0100 (British Summer Time),0.0276,0.0287,0.0287,0
Tue May 27 2025 06:00:00 GMT+0100 (British Summer Time),0.0275,0.0287,0.0287,0.026303713871432884
Tue May 27 2025 07:00:00 GMT+0100 (British Summer Time),0.0276,0.0287,0.0287,0
Tue May 27 2025 08:00:00 GMT+0100 (British Summer Time),0.0276,0.0287,0.0287,2.5329448218238912
Tue May 27 2025 09:00:00 GMT+0100 (British Summer Time),0.0276,0.0287,0.0287,0
Tue May 27 2025 10:00:00 GMT+0100 (British Summer Time),0.0275,0.0287,0.0287,0
Tue May 27 2025 11:00:00 GMT+0100 (British Summer Time),0.0276,0.0287,0.0287,0
Tue May 27 2025 12:00:00 GMT+0100 (British Summer Time),0.0276,0.0287,0.0279,21755.343643565117
Tue May 27 2025 13:00:00 GMT+0100 (British Summer Time),0.0278,0.0284,0.0279,0
Tue May 27 2025 14:00:00 GMT+0100 (British Summer Time),0.0278,0.0284,0.0287,21621.720487643328
Tue May 27 2025 15:00:00 GMT+0100 (British Summer Time),0.0278,0.0284,0.0289,6876.7985007720845
Tue May 27 2025 16:00:00 GMT+0100 (British Summer Time),0.0279,0.0284,0.0289,904.6786501396265
Tue May 27 2025 17:00:00 GMT+0100 (British Summer Time),0.0278,0.0284,0.0289,0
Tue May 27 2025 18:00:00 GMT+0100 (British Summer Time),0.0278,0.0284,0.0289,0.9914854099020325
Tue May 27 2025 19:00:00 GMT+0100 (British Summer Time),0.0278,0.0284,0.0289,0
Tue May 27 2025 20:00:00 GMT+0100 (British Summer Time),0.0279,0.0284,0.0289,0
Tue May 27 2025 21:00:00 GMT+0100 (British Summer Time),0.0279,0.0284,0.0289,0
Tue May 27 2025 22:00:00 GMT+0100 (British Summer Time),0.0278,0.0284,0.0289,0
Tue May 27 2025 23:00:00 GMT+0100 (British Summer Time),0.0278,0.0284,0.0289,0
Wed May 28 2025 00:00:00 GMT+0100 (British Summer Time),0.0278,0.0284,0.0289,370.571169390822
Wed May 28 2025 01:00:00 GMT+0100 (British Summer Time),0.0279,0.0284,0.0289,0
Wed May 28 2025 02:00:00 GMT+0100 (British Summer Time),0.0278,0.0284,0.0289,0
Wed May 28 2025 03:00:00 GMT+0100 (British Summer Time),0.0278,0.0284,0.0289,0
Wed May 28 2025 04:00:00 GMT+0100 (British Summer Time),0.0278,0.0284,0.0289,0
Wed May 28 2025 05:00:00 GMT+0100 (British Summer Time),0.0279,0.0284,0.0289,0
Wed May 28 2025 06:00:00 GMT+0100 (British Summer Time),0.0279,0.0284,0.0289,0
Wed May 28 2025 07:00:00 GMT+0100 (British Summer Time),0.0278,0.0284,0.0289,0
Wed May 28 2025 08:00:00 GMT+0100 (British Summer Time),0.0278,0.0284,0.0289,2.5434389613541235
Wed May 28 2025 09:00:00 GMT+0100 (British Summer Time),0.0278,0.0284,0.0289,366.6233145356908
Wed May 28 2025 10:00:00 GMT+0100 (British Summer Time),0.0279,0.0284,0.0289,0
Wed May 28 2025 11:00:00 GMT+0100 (British Summer Time),0.0278,0.0284,0.0289,0
Wed May 28 2025 12:00:00 GMT+0100 (British Summer Time),0.0278,0.0284,0.0289,0
Wed May 28 2025 13:00:00 GMT+0100 (British Summer Time),0.0287,0.0285,0.0289,553.2895738218014
Wed May 28 2025 14:00:00 GMT+0100 (British Summer Time),0.0287,0.0285,0.0289,0
Wed May 28 2025 15:00:00 GMT+0100 (British Summer Time),0.0287,0.0285,0.0289,0.01482542332945877
Wed May 28 2025 16:00:00 GMT+0100 (British Summer Time),0.0287,0.0285,0.0289,0
Wed May 28 2025 17:00:00 GMT+0100 (British Summer Time),0.0287,0.0285,0.0289,310.97578011530453
Wed May 28 2025 18:00:00 GMT+0100 (British Summer Time),0.0287,0.0285,0.0289,0
Wed May 28 2025 19:00:00 GMT+0100 (British Summer Time),0.0287,0.0285,0.0289,2.8105262381619305
Wed May 28 2025 20:00:00 GMT+0100 (British Summer Time),0.0287,0.0285,0.0289,0
Wed May 28 2025 21:00:00 GMT+0100 (British Summer Time),0.0287,0.0285,0.0289,0
Wed May 28 2025 22:00:00 GMT+0100 (British Summer Time),0.0287,0.0285,0.0289,1.4701020556611004
Wed May 28 2025 23:00:00 GMT+0100 (British Summer Time),0.0287,0.0285,0.0289,1.4741364592028672
Thu May 29 2025 00:00:00 GMT+0100 (British Summer Time),0.0287,0.0285,0.0289,0
Thu May 29 2025 01:00:00 GMT+0100 (British Summer Time),0.0287,0.0285,0.0289,2.5410701742604944
Thu May 29 2025 02:00:00 GMT+0100 (British Summer Time),0.0287,0.0285,0.0289,0
Thu May 29 2025 03:00:00 GMT+0100 (British Summer Time),0.0287,0.0285,0.0289,0
Thu May 29 2025 04:00:00 GMT+0100 (British Summer Time),0.0287,0.0285,0.0289,0
Thu May 29 2025 05:00:00 GMT+0100 (British Summer Time),0.0287,0.0285,0.0289,0
Thu May 29 2025 06:00:00 GMT+0100 (British Summer Time),0.0287,0.0285,0.0289,0
Thu May 29 2025 07:00:00 GMT+0100 (British Summer Time),0.0287,0.0285,0.0289,0
Thu May 29 2025 08:00:00 GMT+0100 (British Summer Time),0.0287,0.0285,0.0289,0
Thu May 29 2025 09:00:00 GMT+0100 (British Summer Time),0.0287,0.0285,0.0289,2.617762842093554
Thu May 29 2025 10:00:00 GMT+0100 (British Summer Time),0.0287,0.0285,0.0289,0
Thu May 29 2025 11:00:00 GMT+0100 (British Summer Time),0.0287,0.0285,0.0289,0
Thu May 29 2025 12:00:00 GMT+0100 (British Summer Time),0.0287,0.0285,0.0289,0
Thu May 29 2025 13:00:00 GMT+0100 (British Summer Time),0.0291,0.0284,0.0283,17215.73089611518
Thu May 29 2025 14:00:00 GMT+0100 (British Summer Time),0.0291,0.0284,0.0283,29.094777835342043
Thu May 29 2025 15:00:00 GMT+0100 (British Summer Time),0.029,0.0284,0.0283,485.8369829808581
Thu May 29 2025 16:00:00 GMT+0100 (British Summer Time),0.0291,0.0284,0.0283,0
Thu May 29 2025 17:00:00 GMT+0100 (British Summer Time),0.0291,0.0284,0.0283,4.681670234044911
Thu May 29 2025 18:00:00 GMT+0100 (British Summer Time),0.0291,0.0284,0.0283,0.7875964018649911
Thu May 29 2025 19:00:00 GMT+0100 (British Summer Time),0.029,0.0284,0.0283,0
Thu May 29 2025 20:00:00 GMT+0100 (British Summer Time),0.029,0.0283,0.0283,0
Thu May 29 2025 21:00:00 GMT+0100 (British Summer Time),0.0291,0.0284,0.0283,0
Thu May 29 2025 22:00:00 GMT+0100 (British Summer Time),0.0291,0.0284,0.0283,0
Thu May 29 2025 23:00:00 GMT+0100 (British Summer Time),0.0291,0.0284,0.0283,25.191138714630455
Fri May 30 2025 00:00:00 GMT+0100 (British Summer Time),0.029,0.0284,0.0283,0
Fri May 30 2025 01:00:00 GMT+0100 (British Summer Time),0.0291,0.0284,0.0283,0.9503650566846287
Fri May 30 2025 02:00:00 GMT+0100 (British Summer Time),0.0291,0.0284,0.0283,0.627172054184
Fri May 30 2025 03:00:00 GMT+0100 (British Summer Time),0.0291,0.0284,0.0283,117.80960868517542
Fri May 30 2025 04:00:00 GMT+0100 (British Summer Time),0.029,0.0284,0.0283,0
Fri May 30 2025 05:00:00 GMT+0100 (British Summer Time),0.029,0.0284,0.0283,0
Fri May 30 2025 06:00:00 GMT+0100 (British Summer Time),0.0291,0.0284,0.0283,0
Fri May 30 2025 07:00:00 GMT+0100 (British Summer Time),0.0291,0.0284,0.0283,0
Fri May 30 2025 08:00:00 GMT+0100 (British Summer Time),0.0291,0.0284,0.0283,0
Fri May 30 2025 09:00:00 GMT+0100 (British Summer Time),0.029,0.0284,0.0283,2.174613565609295
Fri May 30 2025 10:00:00 GMT+0100 (British Summer Time),0.029,0.0284,0.0283,0
Fri May 30 2025 11:00:00 GMT+0100 (British Summer Time),0.0291,0.0284,0.0283,0
Fri May 30 2025 12:00:00 GMT+0100 (British Summer Time),0.029,0.0284,0.0283,0.394298255797061
Fri May 30 2025 13:00:00 GMT+0100 (British Summer Time),0.0295,0.0283,0.0273,27924.85066748373
Fri May 30 2025 14:00:00 GMT+0100 (British Summer Time),0.0295,0.0283,0.0273,0
Fri May 30 2025 15:00:00 GMT+0100 (British Summer Time),0.0295,0.0283,0.0273,0
Fri May 30 2025 16:00:00 GMT+0100 (British Summer Time),0.0295,0.0283,0.0274,2636.76962679285
Fri May 30 2025 17:00:00 GMT+0100 (British Summer Time),0.0295,0.0283,0.0274,2.97551439746706
Fri May 30 2025 18:00:00 GMT+0100 (British Summer Time),0.0295,0.0283,0.0274,12.616140761462571
Fri May 30 2025 19:00:00 GMT+0100 (British Summer Time),0.0295,0.0283,0.0275,1692.4847325044614
Fri May 30 2025 20:00:00 GMT+0100 (British Summer Time),0.0295,0.0283,0.0275,0
Fri May 30 2025 21:00:00 GMT+0100 (British Summer Time),0.0295,0.0283,0.0275,0
Fri May 30 2025 22:00:00 GMT+0100 (British Summer Time),0.0295,0.0283,0.0275,0
Fri May 30 2025 23:00:00 GMT+0100 (British Summer Time),0.0295,0.0283,0.0275,0
Sat May 31 2025 00:00:00 GMT+0100 (British Summer Time),0.0295,0.0283,0.0275,0
Sat May 31 2025 01:00:00 GMT+0100 (British Summer Time),0.0295,0.0283,0.0275,3.2690461029512115
Sat May 31 2025 02:00:00 GMT+0100 (British Summer Time),0.0295,0.0283,0.0275,0
Sat May 31 2025 03:00:00 GMT+0100 (British Summer Time),0.0295,0.0283,0.0275,0
Sat May 31 2025 04:00:00 GMT+0100 (British Summer Time),0.0295,0.0283,0.0274,1622.6508716115231
Sat May 31 2025 05:00:00 GMT+0100 (British Summer Time),0.0295,0.0283,0.0274,0
Sat May 31 2025 06:00:00 GMT+0100 (British Summer Time),0.0295,0.0283,0.0274,0
Sat May 31 2025 07:00:00 GMT+0100 (British Summer Time),0.0295,0.0283,0.0274,0
Sat May 31 2025 08:00:00 GMT+0100 (British Summer Time),0.0295,0.0283,0.0274,0
Sat May 31 2025 09:00:00 GMT+0100 (British Summer Time),0.0295,0.0283,0.0274,1.3852908671953998
Sat May 31 2025 10:00:00 GMT+0100 (British Summer Time),0.0295,0.0283,0.0274,0.14501882826480575
Sat May 31 2025 11:00:00 GMT+0100 (British Summer Time),0.0295,0.0283,0.0274,0
Sat May 31 2025 12:00:00 GMT+0100 (British Summer Time),0.0295,0.0283,0.0274,0.35701711549519005
Sat May 31 2025 13:00:00 GMT+0100 (British Summer Time),0.0293,0.0284,0.0274,0
Sat May 31 2025 14:00:00 GMT+0100 (British Summer Time),0.0293,0.0284,0.0274,0
Sat May 31 2025 15:00:00 GMT+0100 (British Summer Time),0.0293,0.0284,0.0274,260.74483736051934
Sat May 31 2025 16:00:00 GMT+0100 (British Summer Time),0.0292,0.0284,0.0274,0.6977632134946092
Sat May 31 2025 17:00:00 GMT+0100 (British Summer Time),0.0292,0.0284,0.0274,5.787676133423187
Sat May 31 2025 18:00:00 GMT+0100 (British Summer Time),0.0293,0.0284,0.0274,2.4718251423889868
Sat May 31 2025 19:00:00 GMT+0100 (British Summer Time),0.0293,0.0284,0.0274,46.1334217302336
Sat May 31 2025 20:00:00 GMT+0100 (British Summer Time),0.0292,0.0284,0.0274,0
Sat May 31 2025 21:00:00 GMT+0100 (British Summer Time),0.0292,0.0284,0.0274,0
Sat May 31 2025 22:00:00 GMT+0100 (British Summer Time),0.0293,0.0284,0.0274,0
Sat May 31 2025 23:00:00 GMT+0100 (British Summer Time),0.0293,0.0284,0.0274,0
Sun Jun 01 2025 00:00:00 GMT+0100 (British Summer Time),0.0293,0.0284,0.0274,0
Sun Jun 01 2025 01:00:00 GMT+0100 (British Summer Time),0.0292,0.0284,0.0274,0
Sun Jun 01 2025 02:00:00 GMT+0100 (British Summer Time),0.0292,0.0284,0.0274,1.3926680193220897
Sun Jun 01 2025 03:00:00 GMT+0100 (British Summer Time),0.0293,0.0284,0.0274,0
Sun Jun 01 2025 04:00:00 GMT+0100 (British Summer Time),0.0293,0.0284,0.0274,0
Sun Jun 01 2025 05:00:00 GMT+0100 (British Summer Time),0.0292,0.0284,0.0274,0
Sun Jun 01 2025 06:00:00 GMT+0100 (British Summer Time),0.0292,0.0284,0.0274,0
Sun Jun 01 2025 07:00:00 GMT+0100 (British Summer Time),0.0293,0.0284,0.0274,108.97735193087335
Sun Jun 01 2025 08:00:00 GMT+0100 (British Summer Time),0.0293,0.0284,0.0274,0
Sun Jun 01 2025 09:00:00 GMT+0100 (British Summer Time),0.0293,0.0284,0.0274,0.2714139745186079
Sun Jun 01 2025 10:00:00 GMT+0100 (British Summer Time),0.0292,0.0284,0.0274,1.8274161689779511
Sun Jun 01 2025 11:00:00 GMT+0100 (British Summer Time),0.0292,0.0284,0.0274,0.3566827431623577
Sun Jun 01 2025 12:00:00 GMT+0100 (British Summer Time),0.0293,0.0284,0.0274,0
Sun Jun 01 2025 13:00:00 GMT+0100 (British Summer Time),0.0274,0.0285,0.0274,0
Sun Jun 01 2025 14:00:00 GMT+0100 (British Summer Time),0.0274,0.0285,0.0274,0
Sun Jun 01 2025 15:00:00 GMT+0100 (British Summer Time),0.0274,0.0285,0.0274,0.6309925503630245
Sun Jun 01 2025 16:00:00 GMT+0100 (British Summer Time),0.0274,0.0285,0.0274,0
Sun Jun 01 2025 17:00:00 GMT+0100 (British Summer Time),0.0274,0.0285,0.0274,0
Sun Jun 01 2025 18:00:00 GMT+0100 (British Summer Time),0.0274,0.0285,0.0274,2.2672081864824927
Sun Jun 01 2025 19:00:00 GMT+0100 (British Summer Time),0.0274,0.0285,0.0274,0
Sun Jun 01 2025 20:00:00 GMT+0100 (British Summer Time),0.0274,0.0285,0.0274,5.3451711484588085
Sun Jun 01 2025 21:00:00 GMT+0100 (British Summer Time),0.0274,0.0285,0.0274,0
Sun Jun 01 2025 22:00:00 GMT+0100 (British Summer Time),0.0274,0.0285,0.0274,0
Sun Jun 01 2025 23:00:00 GMT+0100 (British Summer Time),0.0274,0.0285,0.0274,0
Mon Jun 02 2025 00:00:00 GMT+0100 (British Summer Time),0.0274,0.0285,0.0274,0
Mon Jun 02 2025 01:00:00 GMT+0100 (British Summer Time),0.0274,0.0285,0.0274,0
Mon Jun 02 2025 02:00:00 GMT+0100 (British Summer Time),0.0274,0.0285,0.0274,1.4780277011663627
Mon Jun 02 2025 03:00:00 GMT+0100 (British Summer Time),0.0274,0.0285,0.0274,0
Mon Jun 02 2025 04:00:00 GMT+0100 (British Summer Time),0.0274,0.0285,0.0274,0
Mon Jun 02 2025 05:00:00 GMT+0100 (British Summer Time),0.0274,0.0285,0.0274,0
Mon Jun 02 2025 06:00:00 GMT+0100 (British Summer Time),0.0274,0.0285,0.0274,0
Mon Jun 02 2025 07:00:00 GMT+0100 (British Summer Time),0.0274,0.0285,0.0274,0
Mon Jun 02 2025 08:00:00 GMT+0100 (British Summer Time),0.0274,0.0285,0.0274,0
Mon Jun 02 2025 09:00:00 GMT+0100 (British Summer Time),0.0274,0.0285,0.0274,0
Mon Jun 02 2025 10:00:00 GMT+0100 (British Summer Time),0.0274,0.0285,0.0274,1.8286858428400494
Mon Jun 02 2025 11:00:00 GMT+0100 (British Summer Time),0.0274,0.0285,0.0274,0.36042300609607547
Mon Jun 02 2025 12:00:00 GMT+0100 (British Summer Time),0.0274,0.0285,0.0274,0
Mon Jun 02 2025 13:00:00 GMT+0100 (British Summer Time),0.0275,0.0285,0.0274,0
Mon Jun 02 2025 14:00:00 GMT+0100 (British Summer Time),0.0276,0.0285,0.0274,0
Mon Jun 02 2025 15:00:00 GMT+0100 (British Summer Time),0.0276,0.0285,0.0274,631.2214783546548
Mon Jun 02 2025 16:00:00 GMT+0100 (British Summer Time),0.0276,0.0285,0.0274,0
Mon Jun 02 2025 17:00:00 GMT+0100 (British Summer Time),0.0275,0.0285,0.0274,0
Mon Jun 02 2025 18:00:00 GMT+0100 (British Summer Time),0.0275,0.0285,0.0274,2.170567767717256
Mon Jun 02 2025 19:00:00 GMT+0100 (British Summer Time),0.0276,0.0285,0.0274,0
Mon Jun 02 2025 20:00:00 GMT+0100 (British Summer Time),0.0276,0.0285,0.0274,0
Mon Jun 02 2025 21:00:00 GMT+0100 (British Summer Time),0.0275,0.0285,0.0274,0
Mon Jun 02 2025 22:00:00 GMT+0100 (British Summer Time),0.0275,0.0285,0.0274,0
Mon Jun 02 2025 23:00:00 GMT+0100 (British Summer Time),0.0276,0.0285,0.0274,0
Tue Jun 03 2025 00:00:00 GMT+0100 (British Summer Time),0.0276,0.0285,0.0274,0
Tue Jun 03 2025 01:00:00 GMT+0100 (British Summer Time),0.0276,0.0285,0.0274,0
Tue Jun 03 2025 02:00:00 GMT+0100 (British Summer Time),0.0275,0.0285,0.0274,0
Tue Jun 03 2025 03:00:00 GMT+0100 (British Summer Time),0.0275,0.0285,0.0274,1.819708537148645
Tue Jun 03 2025 04:00:00 GMT+0100 (British Summer Time),0.0276,0.0285,0.0274,0
Tue Jun 03 2025 05:00:00 GMT+0100 (British Summer Time),0.0276,0.0285,0.028,15101.290134423934
Tue Jun 03 2025 06:00:00 GMT+0100 (British Summer Time),0.0275,0.0285,0.028,0
Tue Jun 03 2025 07:00:00 GMT+0100 (British Summer Time),0.0275,0.0285,0.028,0
Tue Jun 03 2025 08:00:00 GMT+0100 (British Summer Time),0.0276,0.0285,0.028,0
Tue Jun 03 2025 09:00:00 GMT+0100 (British Summer Time),0.0276,0.0285,0.028,0
Tue Jun 03 2025 10:00:00 GMT+0100 (British Summer Time),0.0276,0.0285,0.028,0.3079143377087344
Tue Jun 03 2025 11:00:00 GMT+0100 (British Summer Time),0.0275,0.0285,0.028,4.121153185346925
Tue Jun 03 2025 12:00:00 GMT+0100 (British Summer Time),0.0275,0.0285,0.028,0
Tue Jun 03 2025 13:00:00 GMT+0100 (British Summer Time),0.0284,0.0286,0.028,0
Tue Jun 03 2025 14:00:00 GMT+0100 (British Summer Time),0.0283,0.0286,0.028,0.6846820326623794
Tue Jun 03 2025 15:00:00 GMT+0100 (British Summer Time),0.0283,0.0286,0.028,0
Tue Jun 03 2025 16:00:00 GMT+0100 (British Summer Time),0.0283,0.0286,0.028,0
Tue Jun 03 2025 17:00:00 GMT+0100 (British Summer Time),0.0284,0.0286,0.028,0
Tue Jun 03 2025 18:00:00 GMT+0100 (British Summer Time),0.0284,0.0286,0.028,0
Tue Jun 03 2025 19:00:00 GMT+0100 (British Summer Time),0.0283,0.0286,0.028,0.08485636251268468
Tue Jun 03 2025 20:00:00 GMT+0100 (British Summer Time),0.0283,0.0286,0.028,0
Tue Jun 03 2025 21:00:00 GMT+0100 (British Summer Time),0.0284,0.0286,0.028,0
Tue Jun 03 2025 22:00:00 GMT+0100 (British Summer Time),0.0284,0.0286,0.028,0
Tue Jun 03 2025 23:00:00 GMT+0100 (British Summer Time),0.0283,0.0286,0.028,0
Wed Jun 04 2025 00:00:00 GMT+0100 (British Summer Time),0.0283,0.0286,0.028,0
Wed Jun 04 2025 01:00:00 GMT+0100 (British Summer Time),0.0283,0.0286,0.028,0
Wed Jun 04 2025 02:00:00 GMT+0100 (British Summer Time),0.0284,0.0286,0.028,0
Wed Jun 04 2025 03:00:00 GMT+0100 (British Summer Time),0.0284,0.0286,0.028,2.143457182386407
Wed Jun 04 2025 04:00:00 GMT+0100 (British Summer Time),0.0283,0.0286,0.028,0
Wed Jun 04 2025 05:00:00 GMT+0100 (British Summer Time),0.0283,0.0286,0.028,0
Wed Jun 04 2025 06:00:00 GMT+0100 (British Summer Time),0.0284,0.0286,0.0278,4840.832864853976
Wed Jun 04 2025 07:00:00 GMT+0100 (British Summer Time),0.0284,0.0286,0.0278,0
Wed Jun 04 2025 08:00:00 GMT+0100 (British Summer Time),0.0283,0.0286,0.0278,0
Wed Jun 04 2025 09:00:00 GMT+0100 (British Summer Time),0.0283,0.0286,0.0278,0
Wed Jun 04 2025 10:00:00 GMT+0100 (British Summer Time),0.0283,0.0285,0.0278,0.00048160058867374197
Wed Jun 04 2025 11:00:00 GMT+0100 (British Summer Time),0.0284,0.0286,0.0278,105.10601993038354
Wed Jun 04 2025 12:00:00 GMT+0100 (British Summer Time),0.0284,0.0286,0.0278,52.31717213159034
Wed Jun 04 2025 13:00:00 GMT+0100 (British Summer Time),0.0284,0.0285,0.0278,0
Wed Jun 04 2025 14:00:00 GMT+0100 (British Summer Time),0.0284,0.0285,0.0278,0.6498279796536509
Wed Jun 04 2025 15:00:00 GMT+0100 (British Summer Time),0.0284,0.0285,0.0278,0.03277594069607726
Wed Jun 04 2025 16:00:00 GMT+0100 (British Summer Time),0.0284,0.0285,0.0278,0
Wed Jun 04 2025 17:00:00 GMT+0100 (British Summer Time),0.0284,0.0285,0.0278,0
Wed Jun 04 2025 18:00:00 GMT+0100 (British Summer Time),0.0284,0.0285,0.0278,0
Wed Jun 04 2025 19:00:00 GMT+0100 (British Summer Time),0.0284,0.0285,0.0278,0.21629050809583647
Wed Jun 04 2025 20:00:00 GMT+0100 (British Summer Time),0.0284,0.0285,0.0278,1.0851724392631732
Wed Jun 04 2025 21:00:00 GMT+0100 (British Summer Time),0.0284,0.0285,0.0278,0
Wed Jun 04 2025 22:00:00 GMT+0100 (British Summer Time),0.0284,0.0285,0.0278,0
Wed Jun 04 2025 23:00:00 GMT+0100 (British Summer Time),0.0284,0.0285,0.0278,0
Thu Jun 05 2025 00:00:00 GMT+0100 (British Summer Time),0.0284,0.0285,0.0278,0
Thu Jun 05 2025 01:00:00 GMT+0100 (British Summer Time),0.0284,0.0285,0.0278,0
Thu Jun 05 2025 02:00:00 GMT+0100 (British Summer Time),0.0284,0.0285,0.0278,0
Thu Jun 05 2025 03:00:00 GMT+0100 (British Summer Time),0.0284,0.0285,0.0278,2.093718157648924
Thu Jun 05 2025 04:00:00 GMT+0100 (British Summer Time),0.0284,0.0285,0.0278,0
Thu Jun 05 2025 05:00:00 GMT+0100 (British Summer Time),0.0284,0.0285,0.0278,0
Thu Jun 05 2025 06:00:00 GMT+0100 (British Summer Time),0.0284,0.0285,0.0278,0
Thu Jun 05 2025 07:00:00 GMT+0100 (British Summer Time),0.0284,0.0285,0.0278,0
Thu Jun 05 2025 08:00:00 GMT+0100 (British Summer Time),0.0284,0.0285,0.0278,0
Thu Jun 05 2025 09:00:00 GMT+0100 (British Summer Time),0.0284,0.0285,0.0278,0.00044616070044362397
Thu Jun 05 2025 10:00:00 GMT+0100 (British Summer Time),0.0284,0.0285,0.0289,28618.587487803874
Thu Jun 05 2025 11:00:00 GMT+0100 (British Summer Time),0.0284,0.0285,0.0289,3.6730569686293677
Thu Jun 05 2025 12:00:00 GMT+0100 (British Summer Time),0.0284,0.0285,0.0289,0.3112280111361658
Thu Jun 05 2025 13:00:00 GMT+0100 (British Summer Time),0.028,0.0284,0.0289,0.6940691969140017
Thu Jun 05 2025 14:00:00 GMT+0100 (British Summer Time),0.028,0.0284,0.0289,0
Thu Jun 05 2025 15:00:00 GMT+0100 (British Summer Time),0.028,0.0284,0.0289,0
Thu Jun 05 2025 16:00:00 GMT+0100 (British Summer Time),0.028,0.0284,0.0289,0
Thu Jun 05 2025 17:00:00 GMT+0100 (British Summer Time),0.0279,0.0284,0.0289,0
Thu Jun 05 2025 18:00:00 GMT+0100 (British Summer Time),0.028,0.0284,0.0289,0
Thu Jun 05 2025 19:00:00 GMT+0100 (British Summer Time),0.028,0.0284,0.0289,0.4364049839633164
Thu Jun 05 2025 20:00:00 GMT+0100 (British Summer Time),0.028,0.0284,0.0289,0
Thu Jun 05 2025 21:00:00 GMT+0100 (British Summer Time),0.0279,0.0284,0.0289,0
Thu Jun 05 2025 22:00:00 GMT+0100 (British Summer Time),0.028,0.0284,0.0289,0
Thu Jun 05 2025 23:00:00 GMT+0100 (British Summer Time),0.028,0.0284,0.0288,123.52834676285902
Fri Jun 06 2025 00:00:00 GMT+0100 (British Summer Time),0.028,0.0284,0.0288,0
Fri Jun 06 2025 01:00:00 GMT+0100 (British Summer Time),0.028,0.0284,0.0288,0
Fri Jun 06 2025 02:00:00 GMT+0100 (British Summer Time),0.0279,0.0284,0.0288,0
Fri Jun 06 2025 03:00:00 GMT+0100 (British Summer Time),0.028,0.0284,0.0288,1.939690497702998
Fri Jun 06 2025 04:00:00 GMT+0100 (British Summer Time),0.028,0.0284,0.0288,0
Fri Jun 06 2025 05:00:00 GMT+0100 (British Summer Time),0.028,0.0284,0.0288,0
Fri Jun 06 2025 06:00:00 GMT+0100 (British Summer Time),0.0279,0.0284,0.0288,0
Fri Jun 06 2025 07:00:00 GMT+0100 (British Summer Time),0.028,0.0284,0.0288,0
Fri Jun 06 2025 08:00:00 GMT+0100 (British Summer Time),0.028,0.0284,0.0289,2337.359127245579
Fri Jun 06 2025 09:00:00 GMT+0100 (British Summer Time),0.028,0.0284,0.0289,0.00048421879538308667
Fri Jun 06 2025 10:00:00 GMT+0100 (British Summer Time),0.028,0.0284,0.0289,0
Fri Jun 06 2025 11:00:00 GMT+0100 (British Summer Time),0.0279,0.0284,0.0289,9.045055475897302
Fri Jun 06 2025 12:00:00 GMT+0100 (British Summer Time),0.028,0.0284,0.0289,0
Fri Jun 06 2025 13:00:00 GMT+0100 (British Summer Time),0.0292,0.0283,0.0289,3.9911905335881936
Fri Jun 06 2025 14:00:00 GMT+0100 (British Summer Time),0.0292,0.0283,0.0295,24170.236525347118
Fri Jun 06 2025 15:00:00 GMT+0100 (British Summer Time),0.0292,0.0283,0.0295,0
Fri Jun 06 2025 16:00:00 GMT+0100 (British Summer Time),0.0292,0.0283,0.0295,0.11007814275248465
Fri Jun 06 2025 17:00:00 GMT+0100 (British Summer Time),0.0293,0.0283,0.0295,0
Fri Jun 06 2025 18:00:00 GMT+0100 (British Summer Time),0.0292,0.0283,0.0295,0
Fri Jun 06 2025 19:00:00 GMT+0100 (British Summer Time),0.0292,0.0283,0.0295,159.5448816814061
Fri Jun 06 2025 20:00:00 GMT+0100 (British Summer Time),0.0292,0.0283,0.0295,0
Fri Jun 06 2025 21:00:00 GMT+0100 (British Summer Time),0.0293,0.0283,0.0295,0.8879564278789323
Fri Jun 06 2025 22:00:00 GMT+0100 (British Summer Time),0.0292,0.0283,0.0295,0
Fri Jun 06 2025 23:00:00 GMT+0100 (British Summer Time),0.0292,0.0283,0.0295,0
Sat Jun 07 2025 00:00:00 GMT+0100 (British Summer Time),0.0292,0.0283,0.0295,0
Sat Jun 07 2025 01:00:00 GMT+0100 (British Summer Time),0.0292,0.0283,0.0295,0
Sat Jun 07 2025 02:00:00 GMT+0100 (British Summer Time),0.0293,0.0283,0.0295,0
Sat Jun 07 2025 03:00:00 GMT+0100 (British Summer Time),0.0292,0.0283,0.0295,0
Sat Jun 07 2025 04:00:00 GMT+0100 (British Summer Time),0.0292,0.0283,0.0295,0
Sat Jun 07 2025 05:00:00 GMT+0100 (British Summer Time),0.0292,0.0283,0.0295,1.6646967133431103
Sat Jun 07 2025 06:00:00 GMT+0100 (British Summer Time),0.0293,0.0283,0.0295,0
Sat Jun 07 2025 07:00:00 GMT+0100 (British Summer Time),0.0292,0.0283,0.0295,0
Sat Jun 07 2025 08:00:00 GMT+0100 (British Summer Time),0.0292,0.0283,0.0295,20.13747017208108
Sat Jun 07 2025 09:00:00 GMT+0100 (British Summer Time),0.0292,0.0283,0.0295,244.54824626948815
Sat Jun 07 2025 10:00:00 GMT+0100 (British Summer Time),0.0292,0.0283,0.0295,0
Sat Jun 07 2025 11:00:00 GMT+0100 (British Summer Time),0.0293,0.0283,0.0295,0
Sat Jun 07 2025 12:00:00 GMT+0100 (British Summer Time),0.0292,0.0283,0.0295,125.0345632402068
Sat Jun 07 2025 13:00:00 GMT+0100 (British Summer Time),0.0278,0.0281,0.0295,10.4829647545279
Sat Jun 07 2025 14:00:00 GMT+0100 (British Summer Time),0.0278,0.0281,0.0295,0
Sat Jun 07 2025 15:00:00 GMT+0100 (British Summer Time),0.0278,0.0281,0.0295,0
Sat Jun 07 2025 16:00:00 GMT+0100 (British Summer Time),0.0278,0.0281,0.0295,0
Sat Jun 07 2025 17:00:00 GMT+0100 (British Summer Time),0.0277,0.0281,0.0295,0
Sat Jun 07 2025 18:00:00 GMT+0100 (British Summer Time),0.0278,0.0281,0.0295,0
Sat Jun 07 2025 19:00:00 GMT+0100 (British Summer Time),0.0278,0.0281,0.0295,0
Sat Jun 07 2025 20:00:00 GMT+0100 (British Summer Time),0.0278,0.0281,0.0295,0
Sat Jun 07 2025 21:00:00 GMT+0100 (British Summer Time),0.0277,0.0281,0.0295,0.224976128503944
Sat Jun 07 2025 22:00:00 GMT+0100 (British Summer Time),0.0278,0.0281,0.0295,0
Sat Jun 07 2025 23:00:00 GMT+0100 (British Summer Time),0.0278,0.0281,0.0295,0
Sun Jun 08 2025 00:00:00 GMT+0100 (British Summer Time),0.0278,0.0281,0.0295,0
Sun Jun 08 2025 01:00:00 GMT+0100 (British Summer Time),0.0278,0.0281,0.0295,0
Sun Jun 08 2025 02:00:00 GMT+0100 (British Summer Time),0.0277,0.0281,0.0295,0
Sun Jun 08 2025 03:00:00 GMT+0100 (British Summer Time),0.0278,0.0281,0.0295,0
Sun Jun 08 2025 04:00:00 GMT+0100 (British Summer Time),0.0278,0.0281,0.0295,0
Sun Jun 08 2025 05:00:00 GMT+0100 (British Summer Time),0.0278,0.0281,0.0295,1.6733909142701346
Sun Jun 08 2025 06:00:00 GMT+0100 (British Summer Time),0.0277,0.0281,0.0295,0
Sun Jun 08 2025 07:00:00 GMT+0100 (British Summer Time),0.0278,0.0281,0.0295,0
Sun Jun 08 2025 08:00:00 GMT+0100 (British Summer Time),0.0278,0.0281,0.0295,0.0005135542208665498
Sun Jun 08 2025 09:00:00 GMT+0100 (British Summer Time),0.0278,0.0281,0.0295,0
Sun Jun 08 2025 10:00:00 GMT+0100 (British Summer Time),0.0278,0.0281,0.0295,232.5268721555989
Sun Jun 08 2025 11:00:00 GMT+0100 (British Summer Time),0.0277,0.0281,0.0295,0
Sun Jun 08 2025 12:00:00 GMT+0100 (British Summer Time),0.0278,0.0281,0.0295,0.6916283534446463
Sun Jun 08 2025 13:00:00 GMT+0100 (British Summer Time),0.0272,0.0281,0.0288,18935.759373011366
Sun Jun 08 2025 14:00:00 GMT+0100 (British Summer Time),0.0272,0.0281,0.0288,0
Sun Jun 08 2025 15:00:00 GMT+0100 (British Summer Time),0.0272,0.0281,0.0288,0
Sun Jun 08 2025 16:00:00 GMT+0100 (British Summer Time),0.0272,0.0281,0.0288,0
Sun Jun 08 2025 17:00:00 GMT+0100 (British Summer Time),0.0272,0.0281,0.0288,0
Sun Jun 08 2025 18:00:00 GMT+0100 (British Summer Time),0.0272,0.0281,0.0288,0
Sun Jun 08 2025 19:00:00 GMT+0100 (British Summer Time),0.0272,0.0281,0.0288,0
Sun Jun 08 2025 20:00:00 GMT+0100 (British Summer Time),0.0272,0.0281,0.0288,0
Sun Jun 08 2025 21:00:00 GMT+0100 (British Summer Time),0.0272,0.0281,0.0288,1.130578525934994
Sun Jun 08 2025 22:00:00 GMT+0100 (British Summer Time),0.0272,0.0281,0.0288,0
Sun Jun 08 2025 23:00:00 GMT+0100 (British Summer Time),0.0272,0.0281,0.0288,0
Mon Jun 09 2025 00:00:00 GMT+0100 (British Summer Time),0.0272,0.0281,0.0288,0
Mon Jun 09 2025 01:00:00 GMT+0100 (British Summer Time),0.0272,0.0281,0.0288,0
Mon Jun 09 2025 02:00:00 GMT+0100 (British Summer Time),0.0272,0.0281,0.0288,0
Mon Jun 09 2025 03:00:00 GMT+0100 (British Summer Time),0.0272,0.0281,0.0288,0
Mon Jun 09 2025 04:00:00 GMT+0100 (British Summer Time),0.0272,0.0281,0.0288,0
Mon Jun 09 2025 05:00:00 GMT+0100 (British Summer Time),0.0272,0.0281,0.0288,1.6437339025505524
Mon Jun 09 2025 06:00:00 GMT+0100 (British Summer Time),0.0272,0.0281,0.0288,0
Mon Jun 09 2025 07:00:00 GMT+0100 (British Summer Time),0.0272,0.0281,0.0288,0.00046730370123305277
Mon Jun 09 2025 08:00:00 GMT+0100 (British Summer Time),0.0272,0.0281,0.0288,0
Mon Jun 09 2025 09:00:00 GMT+0100 (British Summer Time),0.0272,0.0281,0.0288,0
Mon Jun 09 2025 10:00:00 GMT+0100 (British Summer Time),0.0272,0.0281,0.0288,88.36685001971063
Mon Jun 09 2025 11:00:00 GMT+0100 (British Summer Time),0.0272,0.0281,0.0288,0.6442866890030724
Mon Jun 09 2025 12:00:00 GMT+0100 (British Summer Time),0.0272,0.0281,0.0288,0
Mon Jun 09 2025 13:00:00 GMT+0100 (British Summer Time),0.0271,0.028,0.0288,0
Mon Jun 09 2025 14:00:00 GMT+0100 (British Summer Time),0.0271,0.028,0.0288,2.1885031380169835
Mon Jun 09 2025 15:00:00 GMT+0100 (British Summer Time),0.0271,0.028,0.0288,0
Mon Jun 09 2025 16:00:00 GMT+0100 (British Summer Time),0.0272,0.028,0.0288,0
Mon Jun 09 2025 17:00:00 GMT+0100 (British Summer Time),0.0272,0.028,0.0288,0
Mon Jun 09 2025 18:00:00 GMT+0100 (British Summer Time),0.0271,0.028,0.0288,0
Mon Jun 09 2025 19:00:00 GMT+0100 (British Summer Time),0.0271,0.028,0.0288,0
Mon Jun 09 2025 20:00:00 GMT+0100 (British Summer Time),0.0271,0.028,0.0288,0
Mon Jun 09 2025 21:00:00 GMT+0100 (British Summer Time),0.0272,0.028,0.0288,0
Mon Jun 09 2025 22:00:00 GMT+0100 (British Summer Time),0.0271,0.028,0.0288,1.3823404970552486
Mon Jun 09 2025 23:00:00 GMT+0100 (British Summer Time),0.0271,0.028,0.0288,0
Tue Jun 10 2025 00:00:00 GMT+0100 (British Summer Time),0.0271,0.028,0.0288,0
Tue Jun 10 2025 01:00:00 GMT+0100 (British Summer Time),0.0272,0.028,0.0288,0
Tue Jun 10 2025 02:00:00 GMT+0100 (British Summer Time),0.0272,0.028,0.0288,0
Tue Jun 10 2025 03:00:00 GMT+0100 (British Summer Time),0.0271,0.028,0.0288,0
Tue Jun 10 2025 04:00:00 GMT+0100 (British Summer Time),0.0271,0.028,0.0288,0
Tue Jun 10 2025 05:00:00 GMT+0100 (British Summer Time),0.0271,0.028,0.0288,0
Tue Jun 10 2025 06:00:00 GMT+0100 (British Summer Time),0.0272,0.028,0.0288,32.52903839837103
Tue Jun 10 2025 07:00:00 GMT+0100 (British Summer Time),0.0271,0.028,0.0288,0
Tue Jun 10 2025 08:00:00 GMT+0100 (British Summer Time),0.0271,0.028,0.0288,0
Tue Jun 10 2025 09:00:00 GMT+0100 (British Summer Time),0.0271,0.028,0.0288,0
Tue Jun 10 2025 10:00:00 GMT+0100 (British Summer Time),0.0272,0.028,0.0288,0
Tue Jun 10 2025 11:00:00 GMT+0100 (British Summer Time),0.0272,0.028,0.0288,0
Tue Jun 10 2025 12:00:00 GMT+0100 (British Summer Time),0.0271,0.028,0.0288,0
Tue Jun 10 2025 13:00:00 GMT+0100 (British Summer Time),0.0284,0.028,0.0288,0
Tue Jun 10 2025 14:00:00 GMT+0100 (British Summer Time),0.0284,0.028,0.0288,378.1572794767379
Tue Jun 10 2025 15:00:00 GMT+0100 (British Summer Time),0.0284,0.028,0.0288,0.1830908944373123
Tue Jun 10 2025 16:00:00 GMT+0100 (British Summer Time),0.0283,0.028,0.0238,119980.02326909892
Tue Jun 10 2025 17:00:00 GMT+0100 (British Summer Time),0.0284,0.028,0.0248,18628.75194993642
Tue Jun 10 2025 18:00:00 GMT+0100 (British Summer Time),0.0284,0.028,0.0248,0
Tue Jun 10 2025 19:00:00 GMT+0100 (British Summer Time),0.0284,0.028,0.0248,0
Tue Jun 10 2025 20:00:00 GMT+0100 (British Summer Time),0.0284,0.028,0.0248,0
Tue Jun 10 2025 21:00:00 GMT+0100 (British Summer Time),0.0284,0.028,0.0248,0
Tue Jun 10 2025 22:00:00 GMT+0100 (British Summer Time),0.0284,0.028,0.0248,2.755997376145606
Tue Jun 10 2025 23:00:00 GMT+0100 (British Summer Time),0.0284,0.028,0.0248,1.1495000410263383
Wed Jun 11 2025 00:00:00 GMT+0100 (British Summer Time),0.0284,0.028,0.0248,10.873856373226833
Wed Jun 11 2025 01:00:00 GMT+0100 (British Summer Time),0.0283,0.028,0.0248,0
Wed Jun 11 2025 02:00:00 GMT+0100 (British Summer Time),0.0284,0.028,0.0248,0
Wed Jun 11 2025 03:00:00 GMT+0100 (British Summer Time),0.0284,0.028,0.0248,0
Wed Jun 11 2025 04:00:00 GMT+0100 (British Summer Time),0.0284,0.028,0.0247,1025.0739002539106
Wed Jun 11 2025 05:00:00 GMT+0100 (British Summer Time),0.0284,0.028,0.0247,0
Wed Jun 11 2025 06:00:00 GMT+0100 (British Summer Time),0.0284,0.028,0.0265,39783.80911182402
Wed Jun 11 2025 07:00:00 GMT+0100 (British Summer Time),0.0284,0.028,0.0265,0
Wed Jun 11 2025 08:00:00 GMT+0100 (British Summer Time),0.0284,0.028,0.0265,0
Wed Jun 11 2025 09:00:00 GMT+0100 (British Summer Time),0.0284,0.028,0.0265,0
Wed Jun 11 2025 10:00:00 GMT+0100 (British Summer Time),0.0283,0.028,0.0265,0
Wed Jun 11 2025 11:00:00 GMT+0100 (British Summer Time),0.0284,0.028,0.0265,0
Wed Jun 11 2025 12:00:00 GMT+0100 (British Summer Time),0.0284,0.028,0.0265,0
Wed Jun 11 2025 13:00:00 GMT+0100 (British Summer Time),0.0284,0.028,0.0265,0
Wed Jun 11 2025 14:00:00 GMT+0100 (British Summer Time),0.0284,0.028,0.0265,1.8037894468471976
Wed Jun 11 2025 15:00:00 GMT+0100 (British Summer Time),0.0284,0.028,0.0265,0
Wed Jun 11 2025 16:00:00 GMT+0100 (British Summer Time),0.0284,0.028,0.0265,0
Wed Jun 11 2025 17:00:00 GMT+0100 (British Summer Time),0.0284,0.028,0.0265,0
Wed Jun 11 2025 18:00:00 GMT+0100 (British Summer Time),0.0284,0.028,0.0266,2836.44399500559
Wed Jun 11 2025 19:00:00 GMT+0100 (British Summer Time),0.0284,0.028,0.0266,0
Wed Jun 11 2025 20:00:00 GMT+0100 (British Summer Time),0.0284,0.028,0.0266,0
Wed Jun 11 2025 21:00:00 GMT+0100 (British Summer Time),0.0284,0.028,0.0266,0.5173031584115677
Wed Jun 11 2025 22:00:00 GMT+0100 (British Summer Time),0.0284,0.028,0.0266,3.405703764307253
Wed Jun 11 2025 23:00:00 GMT+0100 (British Summer Time),0.0284,0.028,0.0266,0
Thu Jun 12 2025 00:00:00 GMT+0100 (British Summer Time),0.0284,0.028,0.0266,0
Thu Jun 12 2025 01:00:00 GMT+0100 (British Summer Time),0.0284,0.028,0.0266,0
Thu Jun 12 2025 02:00:00 GMT+0100 (British Summer Time),0.0284,0.028,0.0266,81.46387060536772
Thu Jun 12 2025 03:00:00 GMT+0100 (British Summer Time),0.0284,0.028,0.0266,0
Thu Jun 12 2025 04:00:00 GMT+0100 (British Summer Time),0.0284,0.028,0.0266,0
Thu Jun 12 2025 05:00:00 GMT+0100 (British Summer Time),0.0284,0.028,0.0266,0
Thu Jun 12 2025 06:00:00 GMT+0100 (British Summer Time),0.0284,0.028,0.0266,0.037738953024528864
Thu Jun 12 2025 07:00:00 GMT+0100 (British Summer Time),0.0284,0.028,0.0266,0
Thu Jun 12 2025 08:00:00 GMT+0100 (British Summer Time),0.0284,0.028,0.0266,73.90387559110049
Thu Jun 12 2025 09:00:00 GMT+0100 (British Summer Time),0.0284,0.028,0.0266,0
Thu Jun 12 2025 10:00:00 GMT+0100 (British Summer Time),0.0284,0.028,0.0266,0
Thu Jun 12 2025 11:00:00 GMT+0100 (British Summer Time),0.0284,0.028,0.0266,0
Thu Jun 12 2025 12:00:00 GMT+0100 (British Summer Time),0.0284,0.028,0.0266,0
Thu Jun 12 2025 13:00:00 GMT+0100 (British Summer Time),0.0287,0.0281,0.0266,0
Thu Jun 12 2025 14:00:00 GMT+0100 (British Summer Time),0.0287,0.0281,0.0266,1.8556684057080122
Thu Jun 12 2025 15:00:00 GMT+0100 (British Summer Time),0.0287,0.0281,0.0267,3156.443098383682
Thu Jun 12 2025 16:00:00 GMT+0100 (British Summer Time),0.0287,0.0281,0.0267,0
Thu Jun 12 2025 17:00:00 GMT+0100 (British Summer Time),0.0287,0.0281,0.0267,0
Thu Jun 12 2025 18:00:00 GMT+0100 (British Summer Time),0.0287,0.0281,0.0267,0
Thu Jun 12 2025 19:00:00 GMT+0100 (British Summer Time),0.0287,0.0281,0.0267,0
Thu Jun 12 2025 20:00:00 GMT+0100 (British Summer Time),0.0287,0.0281,0.0267,0
Thu Jun 12 2025 21:00:00 GMT+0100 (British Summer Time),0.0286,0.0281,0.0267,1200.8316490229577
Thu Jun 12 2025 22:00:00 GMT+0100 (British Summer Time),0.0287,0.0281,0.0267,321.3345716655818
Thu Jun 12 2025 23:00:00 GMT+0100 (British Summer Time),0.0287,0.0281,0.0267,0
Fri Jun 13 2025 00:00:00 GMT+0100 (British Summer Time),0.0287,0.0281,0.0267,0
Fri Jun 13 2025 01:00:00 GMT+0100 (British Summer Time),0.0287,0.0281,0.0267,0
Fri Jun 13 2025 02:00:00 GMT+0100 (British Summer Time),0.0287,0.0281,0.0267,0
Fri Jun 13 2025 03:00:00 GMT+0100 (British Summer Time),0.0287,0.0281,0.0267,0
Fri Jun 13 2025 04:00:00 GMT+0100 (British Summer Time),0.0287,0.0281,0.0267,0
Fri Jun 13 2025 05:00:00 GMT+0100 (British Summer Time),0.0287,0.0281,0.0267,0
Fri Jun 13 2025 06:00:00 GMT+0100 (British Summer Time),0.0286,0.0281,0.0267,0.1188779368888947
Fri Jun 13 2025 07:00:00 GMT+0100 (British Summer Time),0.0287,0.0281,0.0267,0
Fri Jun 13 2025 08:00:00 GMT+0100 (British Summer Time),0.0287,0.0281,0.0267,6013.848373701924
Fri Jun 13 2025 09:00:00 GMT+0100 (British Summer Time),0.0287,0.0281,0.0264,0
Fri Jun 13 2025 10:00:00 GMT+0100 (British Summer Time),0.0287,0.0281,0.0264,0
Fri Jun 13 2025 11:00:00 GMT+0100 (British Summer Time),0.0287,0.0281,0.0264,0
Fri Jun 13 2025 12:00:00 GMT+0100 (British Summer Time),0.0287,0.0281,0.0264,0
Fri Jun 13 2025 13:00:00 GMT+0100 (British Summer Time),0.0293,0.0281,0.0264,0
Fri Jun 13 2025 14:00:00 GMT+0100 (British Summer Time),0.0294,0.0282,0.0264,1.486344776652036
Fri Jun 13 2025 15:00:00 GMT+0100 (British Summer Time),0.0294,0.0282,0.0264,0
Fri Jun 13 2025 16:00:00 GMT+0100 (British Summer Time),0.0294,0.0282,0.0264,9.272629890377916
Fri Jun 13 2025 17:00:00 GMT+0100 (British Summer Time),0.0293,0.0281,0.0264,0
Fri Jun 13 2025 18:00:00 GMT+0100 (British Summer Time),0.0294,0.0282,0.0264,0
Fri Jun 13 2025 19:00:00 GMT+0100 (British Summer Time),0.0294,0.0282,0.0264,0
Fri Jun 13 2025 20:00:00 GMT+0100 (British Summer Time),0.0294,0.0282,0.0264,0.47942116970130344
Fri Jun 13 2025 21:00:00 GMT+0100 (British Summer Time),0.0294,0.0281,0.0264,0
Fri Jun 13 2025 22:00:00 GMT+0100 (British Summer Time),0.0293,0.0281,0.0264,2.8821033310157826
Fri Jun 13 2025 23:00:00 GMT+0100 (British Summer Time),0.0294,0.0282,0.0264,0
Sat Jun 14 2025 00:00:00 GMT+0100 (British Summer Time),0.0294,0.0282,0.0264,0
Sat Jun 14 2025 01:00:00 GMT+0100 (British Summer Time),0.0294,0.0282,0.0264,0
Sat Jun 14 2025 02:00:00 GMT+0100 (British Summer Time),0.0293,0.0281,0.0264,0
Sat Jun 14 2025 03:00:00 GMT+0100 (British Summer Time),0.0294,0.0282,0.0264,35.46555937121136
Sat Jun 14 2025 04:00:00 GMT+0100 (British Summer Time),0.0294,0.0282,0.0264,0
Sat Jun 14 2025 05:00:00 GMT+0100 (British Summer Time),0.0294,0.0282,0.0264,0
Sat Jun 14 2025 06:00:00 GMT+0100 (British Summer Time),0.0294,0.0281,0.0264,0.2451119704980451
Sat Jun 14 2025 07:00:00 GMT+0100 (British Summer Time),0.0293,0.0281,0.0264,0
Sat Jun 14 2025 08:00:00 GMT+0100 (British Summer Time),0.0294,0.0282,0.0264,0
Sat Jun 14 2025 09:00:00 GMT+0100 (British Summer Time),0.0294,0.0282,0.0264,0
Sat Jun 14 2025 10:00:00 GMT+0100 (British Summer Time),0.0294,0.0282,0.0264,27.690656455807897
Sat Jun 14 2025 11:00:00 GMT+0100 (British Summer Time),0.0293,0.0281,0.0264,0
Sat Jun 14 2025 12:00:00 GMT+0100 (British Summer Time),0.0294,0.0282,0.0264,0
Sat Jun 14 2025 13:00:00 GMT+0100 (British Summer Time),0.0268,0.028,0.0264,0
Sat Jun 14 2025 14:00:00 GMT+0100 (British Summer Time),0.0267,0.028,0.0264,2.527526393966994
Sat Jun 14 2025 15:00:00 GMT+0100 (British Summer Time),0.0267,0.028,0.0263,2620.0406891003463
Sat Jun 14 2025 16:00:00 GMT+0100 (British Summer Time),0.0267,0.028,0.0263,0
Sat Jun 14 2025 17:00:00 GMT+0100 (British Summer Time),0.0267,0.028,0.0263,0
Sat Jun 14 2025 18:00:00 GMT+0100 (British Summer Time),0.0267,0.028,0.0263,0
Sat Jun 14 2025 19:00:00 GMT+0100 (British Summer Time),0.0267,0.028,0.0263,0
Sat Jun 14 2025 20:00:00 GMT+0100 (British Summer Time),0.0267,0.028,0.0263,0.46544186882388455
Sat Jun 14 2025 21:00:00 GMT+0100 (British Summer Time),0.0267,0.028,0.0263,0
Sat Jun 14 2025 22:00:00 GMT+0100 (British Summer Time),0.0268,0.028,0.0263,0.6004444963971722
Sat Jun 14 2025 23:00:00 GMT+0100 (British Summer Time),0.0267,0.028,0.0263,0
Sun Jun 15 2025 00:00:00 GMT+0100 (British Summer Time),0.0267,0.028,0.0263,0
Sun Jun 15 2025 01:00:00 GMT+0100 (British Summer Time),0.0267,0.028,0.0263,0
Sun Jun 15 2025 02:00:00 GMT+0100 (British Summer Time),0.0267,0.028,0.0263,0.9078315657410889
Sun Jun 15 2025 03:00:00 GMT+0100 (British Summer Time),0.0267,0.028,0.0263,0
Sun Jun 15 2025 04:00:00 GMT+0100 (British Summer Time),0.0267,0.028,0.0263,0
Sun Jun 15 2025 05:00:00 GMT+0100 (British Summer Time),0.0267,0.028,0.0263,0
Sun Jun 15 2025 06:00:00 GMT+0100 (British Summer Time),0.0267,0.028,0.0263,1.5604147144616571
Sun Jun 15 2025 07:00:00 GMT+0100 (British Summer Time),0.0268,0.028,0.0263,0
Sun Jun 15 2025 08:00:00 GMT+0100 (British Summer Time),0.0267,0.028,0.0263,0
Sun Jun 15 2025 09:00:00 GMT+0100 (British Summer Time),0.0267,0.028,0.0263,0
Sun Jun 15 2025 10:00:00 GMT+0100 (British Summer Time),0.0267,0.028,0.0263,0.0009940047850269895
Sun Jun 15 2025 11:00:00 GMT+0100 (British Summer Time),0.0267,0.028,0.0263,0
Sun Jun 15 2025 12:00:00 GMT+0100 (British Summer Time),0.0267,0.028,0.0263,744.1305435545474
Sun Jun 15 2025 13:00:00 GMT+0100 (British Summer Time),0.026,0.0278,0.0263,0
Sun Jun 15 2025 14:00:00 GMT+0100 (British Summer Time),0.026,0.0278,0.0263,11.27364020756941
Sun Jun 15 2025 15:00:00 GMT+0100 (British Summer Time),0.026,0.0278,0.0263,0
Sun Jun 15 2025 16:00:00 GMT+0100 (British Summer Time),0.026,0.0278,0.0263,0
Sun Jun 15 2025 17:00:00 GMT+0100 (British Summer Time),0.0261,0.0278,0.0263,0
Sun Jun 15 2025 18:00:00 GMT+0100 (British Summer Time),0.026,0.0278,0.0263,0
Sun Jun 15 2025 19:00:00 GMT+0100 (British Summer Time),0.026,0.0278,0.0263,0.45693841990676376
Sun Jun 15 2025 20:00:00 GMT+0100 (British Summer Time),0.026,0.0278,0.0263,0
Sun Jun 15 2025 21:00:00 GMT+0100 (British Summer Time),0.0261,0.0278,0.0263,0
Sun Jun 15 2025 22:00:00 GMT+0100 (British Summer Time),0.026,0.0278,0.0263,0.7254069203331863
Sun Jun 15 2025 23:00:00 GMT+0100 (British Summer Time),0.026,0.0278,0.0263,0
Mon Jun 16 2025 00:00:00 GMT+0100 (British Summer Time),0.026,0.0278,0.0263,0
Mon Jun 16 2025 01:00:00 GMT+0100 (British Summer Time),0.026,0.0278,0.0263,0
Mon Jun 16 2025 02:00:00 GMT+0100 (British Summer Time),0.0261,0.0278,0.0263,0
Mon Jun 16 2025 03:00:00 GMT+0100 (British Summer Time),0.026,0.0278,0.0263,0
Mon Jun 16 2025 04:00:00 GMT+0100 (British Summer Time),0.026,0.0278,0.0263,0
Mon Jun 16 2025 05:00:00 GMT+0100 (British Summer Time),0.026,0.0278,0.0263,0
Mon Jun 16 2025 06:00:00 GMT+0100 (British Summer Time),0.0261,0.0278,0.0263,1.5883991122911965
Mon Jun 16 2025 07:00:00 GMT+0100 (British Summer Time),0.026,0.0278,0.0263,0
Mon Jun 16 2025 08:00:00 GMT+0100 (British Summer Time),0.026,0.0278,0.0263,0
Mon Jun 16 2025 09:00:00 GMT+0100 (British Summer Time),0.026,0.0278,0.0263,0.0010386439071646705
Mon Jun 16 2025 10:00:00 GMT+0100 (British Summer Time),0.026,0.0278,0.0263,0
Mon Jun 16 2025 11:00:00 GMT+0100 (British Summer Time),0.0261,0.0278,0.0263,0
Mon Jun 16 2025 12:00:00 GMT+0100 (British Summer Time),0.026,0.0278,0.0263,0
Mon Jun 16 2025 13:00:00 GMT+0100 (British Summer Time),0.0269,0.0278,0.0263,0
Mon Jun 16 2025 14:00:00 GMT+0100 (British Summer Time),0.0269,0.0278,0.0263,2.367552823427806
Mon Jun 16 2025 15:00:00 GMT+0100 (British Summer Time),0.0269,0.0278,0.0263,0
Mon Jun 16 2025 16:00:00 GMT+0100 (British Summer Time),0.0269,0.0278,0.0263,0
Mon Jun 16 2025 17:00:00 GMT+0100 (British Summer Time),0.0268,0.0278,0.0263,0
Mon Jun 16 2025 18:00:00 GMT+0100 (British Summer Time),0.0269,0.0278,0.0263,0
Mon Jun 16 2025 19:00:00 GMT+0100 (British Summer Time),0.0269,0.0278,0.0263,0.49878123855470086
Mon Jun 16 2025 20:00:00 GMT+0100 (British Summer Time),0.0269,0.0278,0.0263,0
Mon Jun 16 2025 21:00:00 GMT+0100 (British Summer Time),0.0268,0.0278,0.0263,2.0010888821360924
Mon Jun 16 2025 22:00:00 GMT+0100 (British Summer Time),0.0269,0.0278,0.0263,0.9284825584931491
Mon Jun 16 2025 23:00:00 GMT+0100 (British Summer Time),0.0269,0.0278,0.0263,0
Tue Jun 17 2025 00:00:00 GMT+0100 (British Summer Time),0.0269,0.0278,0.0263,0
Tue Jun 17 2025 01:00:00 GMT+0100 (British Summer Time),0.0269,0.0278,0.0263,0
Tue Jun 17 2025 02:00:00 GMT+0100 (British Summer Time),0.0268,0.0278,0.0263,620.5379434657118
Tue Jun 17 2025 03:00:00 GMT+0100 (British Summer Time),0.0269,0.0278,0.0263,0
Tue Jun 17 2025 04:00:00 GMT+0100 (British Summer Time),0.0269,0.0278,0.0263,0
Tue Jun 17 2025 05:00:00 GMT+0100 (British Summer Time),0.0268,0.0278,0.0263,0
Tue Jun 17 2025 06:00:00 GMT+0100 (British Summer Time),0.0269,0.0278,0.0263,1.6853158683374694
Tue Jun 17 2025 07:00:00 GMT+0100 (British Summer Time),0.0269,0.0278,0.0263,0
Tue Jun 17 2025 08:00:00 GMT+0100 (British Summer Time),0.0269,0.0278,0.0263,0
Tue Jun 17 2025 09:00:00 GMT+0100 (British Summer Time),0.0269,0.0278,0.0263,0.0010823893076430382
Tue Jun 17 2025 10:00:00 GMT+0100 (British Summer Time),0.0268,0.0278,0.0263,0
Tue Jun 17 2025 11:00:00 GMT+0100 (British Summer Time),0.0269,0.0278,0.0263,0
Tue Jun 17 2025 12:00:00 GMT+0100 (British Summer Time),0.0269,0.0278,0.0263,0
Tue Jun 17 2025 13:00:00 GMT+0100 (British Summer Time),0.028,0.0277,0.0263,2.706219113522446
Tue Jun 17 2025 14:00:00 GMT+0100 (British Summer Time),0.028,0.0277,0.0263,2.2639008271329724
Tue Jun 17 2025 15:00:00 GMT+0100 (British Summer Time),0.028,0.0277,0.0263,0
Tue Jun 17 2025 16:00:00 GMT+0100 (British Summer Time),0.028,0.0277,0.0263,0
Tue Jun 17 2025 17:00:00 GMT+0100 (British Summer Time),0.0279,0.0277,0.0263,0
Tue Jun 17 2025 18:00:00 GMT+0100 (British Summer Time),0.028,0.0277,0.0263,0.4690228496505687
Tue Jun 17 2025 19:00:00 GMT+0100 (British Summer Time),0.028,0.0277,0.0263,0
Tue Jun 17 2025 20:00:00 GMT+0100 (British Summer Time),0.028,0.0277,0.0263,0
Tue Jun 17 2025 21:00:00 GMT+0100 (British Summer Time),0.0279,0.0277,0.0263,0
Tue Jun 17 2025 22:00:00 GMT+0100 (British Summer Time),0.028,0.0277,0.0263,1.0025096646116687
Tue Jun 17 2025 23:00:00 GMT+0100 (British Summer Time),0.028,0.0277,0.0263,0
Wed Jun 18 2025 00:00:00 GMT+0100 (British Summer Time),0.028,0.0277,0.0263,0
Wed Jun 18 2025 01:00:00 GMT+0100 (British Summer Time),0.028,0.0277,0.0263,0
Wed Jun 18 2025 02:00:00 GMT+0100 (British Summer Time),0.0279,0.0277,0.0263,0
Wed Jun 18 2025 03:00:00 GMT+0100 (British Summer Time),0.028,0.0277,0.0263,0
Wed Jun 18 2025 04:00:00 GMT+0100 (British Summer Time),0.028,0.0277,0.0263,0
Wed Jun 18 2025 05:00:00 GMT+0100 (British Summer Time),0.028,0.0277,0.0263,0
Wed Jun 18 2025 06:00:00 GMT+0100 (British Summer Time),0.0279,0.0277,0.0263,58.4982787729912
Wed Jun 18 2025 07:00:00 GMT+0100 (British Summer Time),0.028,0.0277,0.0263,2.6847446945262057
Wed Jun 18 2025 08:00:00 GMT+0100 (British Summer Time),0.028,0.0277,0.0263,0.0010264100677398586
Wed Jun 18 2025 09:00:00 GMT+0100 (British Summer Time),0.028,0.0277,0.0263,0
Wed Jun 18 2025 10:00:00 GMT+0100 (British Summer Time),0.028,0.0277,0.0263,27.123020713360333
Wed Jun 18 2025 11:00:00 GMT+0100 (British Summer Time),0.0279,0.0277,0.0263,0
Wed Jun 18 2025 12:00:00 GMT+0100 (British Summer Time),0.028,0.0277,0.0263,6.566107471212793
Wed Jun 18 2025 13:00:00 GMT+0100 (British Summer Time),0.0269,0.0275,0.0263,0
Wed Jun 18 2025 14:00:00 GMT+0100 (British Summer Time),0.0269,0.0275,0.0263,2.0696314475514694
Wed Jun 18 2025 15:00:00 GMT+0100 (British Summer Time),0.0269,0.0275,0.0263,0
Wed Jun 18 2025 16:00:00 GMT+0100 (British Summer Time),0.027,0.0275,0.0263,0
Wed Jun 18 2025 17:00:00 GMT+0100 (British Summer Time),0.027,0.0275,0.0263,249.55066046941386
Wed Jun 18 2025 18:00:00 GMT+0100 (British Summer Time),0.0269,0.0275,0.0263,0.44775317506667345
Wed Jun 18 2025 19:00:00 GMT+0100 (British Summer Time),0.0269,0.0275,0.0263,0
Wed Jun 18 2025 20:00:00 GMT+0100 (British Summer Time),0.027,0.0275,0.0263,0
Wed Jun 18 2025 21:00:00 GMT+0100 (British Summer Time),0.027,0.0275,0.0263,0
Wed Jun 18 2025 22:00:00 GMT+0100 (British Summer Time),0.0269,0.0275,0.0263,1.0607057097756327
Wed Jun 18 2025 23:00:00 GMT+0100 (British Summer Time),0.0269,0.0275,0.0263,0
Thu Jun 19 2025 00:00:00 GMT+0100 (British Summer Time),0.0269,0.0275,0.0263,0
Thu Jun 19 2025 01:00:00 GMT+0100 (British Summer Time),0.027,0.0275,0.0263,0.05953089537658076
Thu Jun 19 2025 02:00:00 GMT+0100 (British Summer Time),0.027,0.0275,0.0263,0
Thu Jun 19 2025 03:00:00 GMT+0100 (British Summer Time),0.0269,0.0275,0.0263,0
Thu Jun 19 2025 04:00:00 GMT+0100 (British Summer Time),0.0269,0.0275,0.0263,0
Thu Jun 19 2025 05:00:00 GMT+0100 (British Summer Time),0.027,0.0275,0.0263,0
Thu Jun 19 2025 06:00:00 GMT+0100 (British Summer Time),0.027,0.0275,0.0263,1.5853718542992667
Thu Jun 19 2025 07:00:00 GMT+0100 (British Summer Time),0.0269,0.0275,0.0263,1.5341045323498774
Thu Jun 19 2025 08:00:00 GMT+0100 (British Summer Time),0.0269,0.0275,0.0263,0.0010227217196649239
Thu Jun 19 2025 09:00:00 GMT+0100 (British Summer Time),0.0269,0.0275,0.0263,0
Thu Jun 19 2025 10:00:00 GMT+0100 (British Summer Time),0.027,0.0275,0.0263,0
Thu Jun 19 2025 11:00:00 GMT+0100 (British Summer Time),0.027,0.0275,0.0263,10.925604491165728
Thu Jun 19 2025 12:00:00 GMT+0100 (British Summer Time),0.0269,0.0275,0.0263,0
Thu Jun 19 2025 13:00:00 GMT+0100 (British Summer Time),0.0278,0.0274,0.0263,0
Thu Jun 19 2025 14:00:00 GMT+0100 (British Summer Time),0.0278,0.0274,0.0263,1.9602724143859422
Thu Jun 19 2025 15:00:00 GMT+0100 (British Summer Time),0.0278,0.0274,0.0263,1.7165856033775952
Thu Jun 19 2025 16:00:00 GMT+0100 (British Summer Time),0.0278,0.0274,0.0263,0
Thu Jun 19 2025 17:00:00 GMT+0100 (British Summer Time),0.0278,0.0274,0.0263,0.4530446870910785
Thu Jun 19 2025 18:00:00 GMT+0100 (British Summer Time),0.0278,0.0274,0.0263,1.3223095200301456
Thu Jun 19 2025 19:00:00 GMT+0100 (British Summer Time),0.0278,0.0274,0.0263,0
Thu Jun 19 2025 20:00:00 GMT+0100 (British Summer Time),0.0278,0.0274,0.0263,0
Thu Jun 19 2025 21:00:00 GMT+0100 (British Summer Time),0.0278,0.0274,0.0263,0
Thu Jun 19 2025 22:00:00 GMT+0100 (British Summer Time),0.0278,0.0274,0.0263,1.1598277131280255
Thu Jun 19 2025 23:00:00 GMT+0100 (British Summer Time),0.0278,0.0274,0.0263,0
Fri Jun 20 2025 00:00:00 GMT+0100 (British Summer Time),0.0278,0.0274,0.0263,0
Fri Jun 20 2025 01:00:00 GMT+0100 (British Summer Time),0.0278,0.0274,0.0263,0
Fri Jun 20 2025 02:00:00 GMT+0100 (British Summer Time),0.0278,0.0274,0.0263,0
Fri Jun 20 2025 03:00:00 GMT+0100 (British Summer Time),0.0278,0.0274,0.0263,0
Fri Jun 20 2025 04:00:00 GMT+0100 (British Summer Time),0.0278,0.0274,0.0263,0
Fri Jun 20 2025 05:00:00 GMT+0100 (British Summer Time),0.0278,0.0274,0.0263,0
Fri Jun 20 2025 06:00:00 GMT+0100 (British Summer Time),0.0278,0.0274,0.0263,1.5524992877079282
Fri Jun 20 2025 07:00:00 GMT+0100 (British Summer Time),0.0278,0.0274,0.0263,0.0010166170454216144
Fri Jun 20 2025 08:00:00 GMT+0100 (British Summer Time),0.0278,0.0274,0.0263,0
Fri Jun 20 2025 09:00:00 GMT+0100 (British Summer Time),0.0278,0.0274,0.0263,43.76898481030294
Fri Jun 20 2025 10:00:00 GMT+0100 (British Summer Time),0.0278,0.0274,0.0263,0
Fri Jun 20 2025 11:00:00 GMT+0100 (British Summer Time),0.0278,0.0274,0.0263,0
Fri Jun 20 2025 12:00:00 GMT+0100 (British Summer Time),0.0278,0.0274,0.0263,0
Fri Jun 20 2025 13:00:00 GMT+0100 (British Summer Time),0.0271,0.0271,0.0263,230.81059559688987
Fri Jun 20 2025 14:00:00 GMT+0100 (British Summer Time),0.0271,0.0271,0.0263,2.711240133072547
Fri Jun 20 2025 15:00:00 GMT+0100 (British Summer Time),0.0271,0.0271,0.0263,0
Fri Jun 20 2025 16:00:00 GMT+0100 (British Summer Time),0.0271,0.0271,0.0263,0
Fri Jun 20 2025 17:00:00 GMT+0100 (British Summer Time),0.0271,0.0271,0.0263,0.44793259946261016
Fri Jun 20 2025 18:00:00 GMT+0100 (British Summer Time),0.0271,0.0271,0.0241,39662.36493979161
Fri Jun 20 2025 19:00:00 GMT+0100 (British Summer Time),0.0271,0.0271,0.0241,0
Fri Jun 20 2025 20:00:00 GMT+0100 (British Summer Time),0.0271,0.0271,0.0241,111.56840986961343
Fri Jun 20 2025 21:00:00 GMT+0100 (British Summer Time),0.0271,0.0271,0.0241,0
Fri Jun 20 2025 22:00:00 GMT+0100 (British Summer Time),0.0271,0.0271,0.0241,1.6644172675973832
Fri Jun 20 2025 23:00:00 GMT+0100 (British Summer Time),0.0271,0.0271,0.0241,0
Sat Jun 21 2025 00:00:00 GMT+0100 (British Summer Time),0.0271,0.0271,0.0241,0
Sat Jun 21 2025 01:00:00 GMT+0100 (British Summer Time),0.0271,0.0271,0.0241,0
Sat Jun 21 2025 02:00:00 GMT+0100 (British Summer Time),0.0271,0.0271,0.0241,0
Sat Jun 21 2025 03:00:00 GMT+0100 (British Summer Time),0.0271,0.0271,0.0241,0
Sat Jun 21 2025 04:00:00 GMT+0100 (British Summer Time),0.0271,0.0271,0.0241,0
Sat Jun 21 2025 05:00:00 GMT+0100 (British Summer Time),0.0271,0.0271,0.0241,0
Sat Jun 21 2025 06:00:00 GMT+0100 (British Summer Time),0.0271,0.0271,0.0241,1.5185327420193848
Sat Jun 21 2025 07:00:00 GMT+0100 (British Summer Time),0.0271,0.0271,0.0241,291.0290446654351
Sat Jun 21 2025 08:00:00 GMT+0100 (British Summer Time),0.0271,0.0271,0.0241,0
Sat Jun 21 2025 09:00:00 GMT+0100 (British Summer Time),0.0271,0.0271,0.0241,0
Sat Jun 21 2025 10:00:00 GMT+0100 (British Summer Time),0.0271,0.0271,0.0241,562.0398964693067
Sat Jun 21 2025 11:00:00 GMT+0100 (British Summer Time),0.0271,0.0271,0.0242,0
Sat Jun 21 2025 12:00:00 GMT+0100 (British Summer Time),0.0271,0.0271,0.0242,0
Sat Jun 21 2025 13:00:00 GMT+0100 (British Summer Time),0.0273,0.0271,0.0242,0
Sat Jun 21 2025 14:00:00 GMT+0100 (British Summer Time),0.0273,0.0271,0.0242,1.7159957590575916
Sat Jun 21 2025 15:00:00 GMT+0100 (British Summer Time),0.0273,0.0271,0.0242,0
Sat Jun 21 2025 16:00:00 GMT+0100 (British Summer Time),0.0273,0.0272,0.0242,0.3425215312169944
Sat Jun 21 2025 17:00:00 GMT+0100 (British Summer Time),0.0273,0.0271,0.0242,0
Sat Jun 21 2025 18:00:00 GMT+0100 (British Summer Time),0.0273,0.0271,0.0242,0
Sat Jun 21 2025 19:00:00 GMT+0100 (British Summer Time),0.0273,0.0271,0.0242,0
Sat Jun 21 2025 20:00:00 GMT+0100 (British Summer Time),0.0272,0.0271,0.0242,0
Sat Jun 21 2025 21:00:00 GMT+0100 (British Summer Time),0.0273,0.0271,0.0242,0
Sat Jun 21 2025 22:00:00 GMT+0100 (British Summer Time),0.0273,0.0271,0.0242,1.249787880257081
Sat Jun 21 2025 23:00:00 GMT+0100 (British Summer Time),0.0273,0.0271,0.0242,0
Sun Jun 22 2025 00:00:00 GMT+0100 (British Summer Time),0.0273,0.0271,0.0242,0
Sun Jun 22 2025 01:00:00 GMT+0100 (British Summer Time),0.0273,0.0272,0.0242,0
Sun Jun 22 2025 02:00:00 GMT+0100 (British Summer Time),0.0273,0.0271,0.0241,361.34052281245926
Sun Jun 22 2025 03:00:00 GMT+0100 (British Summer Time),0.0273,0.0271,0.0241,1.4381807255419454
Sun Jun 22 2025 04:00:00 GMT+0100 (British Summer Time),0.0273,0.0271,0.0241,4.807068520911612
Sun Jun 22 2025 05:00:00 GMT+0100 (British Summer Time),0.0272,0.0271,0.0241,0
Sun Jun 22 2025 06:00:00 GMT+0100 (British Summer Time),0.0273,0.0271,0.0241,1.4517733591618833
Sun Jun 22 2025 07:00:00 GMT+0100 (British Summer Time),0.0273,0.0271,0.0241,0
Sun Jun 22 2025 08:00:00 GMT+0100 (British Summer Time),0.0273,0.0271,0.0241,0
Sun Jun 22 2025 09:00:00 GMT+0100 (British Summer Time),0.0273,0.0271,0.0241,0
Sun Jun 22 2025 10:00:00 GMT+0100 (British Summer Time),0.0273,0.0272,0.0241,0
Sun Jun 22 2025 11:00:00 GMT+0100 (British Summer Time),0.0273,0.0271,0.0241,0
Sun Jun 22 2025 12:00:00 GMT+0100 (British Summer Time),0.0273,0.0271,0.0241,0
Sun Jun 22 2025 13:00:00 GMT+0100 (British Summer Time),0.0301,0.0277,0.0241,0
Sun Jun 22 2025 14:00:00 GMT+0100 (British Summer Time),0.0301,0.0277,0.0241,1.5290740493977149
Sun Jun 22 2025 15:00:00 GMT+0100 (British Summer Time),0.0301,0.0277,0.0241,0
Sun Jun 22 2025 16:00:00 GMT+0100 (British Summer Time),0.03,0.0277,0.0241,0.3138148121292386
Sun Jun 22 2025 17:00:00 GMT+0100 (British Summer Time),0.0301,0.0277,0.0241,0
Sun Jun 22 2025 18:00:00 GMT+0100 (British Summer Time),0.0301,0.0277,0.0241,105.82762516714183
Sun Jun 22 2025 19:00:00 GMT+0100 (British Summer Time),0.0301,0.0277,0.0241,0
Sun Jun 22 2025 20:00:00 GMT+0100 (British Summer Time),0.0301,0.0277,0.0241,0
Sun Jun 22 2025 21:00:00 GMT+0100 (British Summer Time),0.0301,0.0277,0.0241,0
Sun Jun 22 2025 22:00:00 GMT+0100 (British Summer Time),0.0301,0.0277,0.0241,1.2176602548889874
Sun Jun 22 2025 23:00:00 GMT+0100 (British Summer Time),0.0301,0.0277,0.0241,0
Mon Jun 23 2025 00:00:00 GMT+0100 (British Summer Time),0.0301,0.0277,0.0241,0
Mon Jun 23 2025 01:00:00 GMT+0100 (British Summer Time),0.03,0.0277,0.0241,0
Mon Jun 23 2025 02:00:00 GMT+0100 (British Summer Time),0.0301,0.0277,0.0241,0
Mon Jun 23 2025 03:00:00 GMT+0100 (British Summer Time),0.0301,0.0277,0.0241,0
Mon Jun 23 2025 04:00:00 GMT+0100 (British Summer Time),0.0301,0.0277,0.0241,51.465330696308094
Mon Jun 23 2025 05:00:00 GMT+0100 (British Summer Time),0.0301,0.0277,0.0241,0.0006907935045314395
Mon Jun 23 2025 06:00:00 GMT+0100 (British Summer Time),0.0301,0.0277,0.0241,2.642308666691145
Mon Jun 23 2025 07:00:00 GMT+0100 (British Summer Time),0.0301,0.0277,0.0241,6.765713412876238
Mon Jun 23 2025 08:00:00 GMT+0100 (British Summer Time),0.0301,0.0277,0.0241,0
Mon Jun 23 2025 09:00:00 GMT+0100 (British Summer Time),0.0301,0.0277,0.0241,0
Mon Jun 23 2025 10:00:00 GMT+0100 (British Summer Time),0.03,0.0277,0.0241,116.95744598391396
Mon Jun 23 2025 11:00:00 GMT+0100 (British Summer Time),0.0301,0.0277,0.0241,0
Mon Jun 23 2025 12:00:00 GMT+0100 (British Summer Time),0.0301,0.0277,0.0241,0
Mon Jun 23 2025 13:00:00 GMT+0100 (British Summer Time),0.0303,0.0282,0.0205,46565.937358867406
Mon Jun 23 2025 14:00:00 GMT+0100 (British Summer Time),0.0303,0.0282,0.0205,0.05761118049542675
Mon Jun 23 2025 15:00:00 GMT+0100 (British Summer Time),0.0303,0.0282,0.0205,0.22016849745925307
Mon Jun 23 2025 16:00:00 GMT+0100 (British Summer Time),0.0304,0.0282,0.0205,0
Mon Jun 23 2025 17:00:00 GMT+0100 (British Summer Time),0.0303,0.0282,0.0205,0
Mon Jun 23 2025 18:00:00 GMT+0100 (British Summer Time),0.0303,0.0282,0.0209,4184.4357555386905
Mon Jun 23 2025 19:00:00 GMT+0100 (British Summer Time),0.0303,0.0282,0.0209,0
Mon Jun 23 2025 20:00:00 GMT+0100 (British Summer Time),0.0304,0.0282,0.0209,0
Mon Jun 23 2025 21:00:00 GMT+0100 (British Summer Time),0.0303,0.0282,0.0209,0