time,underlyingApy1DMA,underlyingApy7DMA,impliedApy,volume
Sun Apr 28 2024 01:00:00 GMT+0100 (British Summer Time),0.002,0.0348,0.4267,788.8860895360589
Sun Apr 28 2024 02:00:00 GMT+0100 (British Summer Time),0.002,0.0348,0.427,0
Sun Apr 28 2024 03:00:00 GMT+0100 (British Summer Time),0.002,0.0348,0.427,0
Sun Apr 28 2024 04:00:00 GMT+0100 (British Summer Time),0.002,0.0348,0.427,0
Sun Apr 28 2024 05:00:00 GMT+0100 (British Summer Time),0.002,0.0348,0.4273,827.0947268981605
Sun Apr 28 2024 06:00:00 GMT+0100 (British Summer Time),0.002,0.0348,0.4273,0
Sun Apr 28 2024 07:00:00 GMT+0100 (British Summer Time),0.0047,0.0351,0.4404,31568.81942826733
Sun Apr 28 2024 08:00:00 GMT+0100 (British Summer Time),0.0047,0.0351,0.4404,0
Sun Apr 28 2024 09:00:00 GMT+0100 (British Summer Time),0.0047,0.0351,0.4404,5391.091859607773
Sun Apr 28 2024 10:00:00 GMT+0100 (British Summer Time),0.0047,0.0351,0.437,13793.73001961728
Sun Apr 28 2024 11:00:00 GMT+0100 (British Summer Time),0.0047,0.0351,0.4393,5587.224797868158
Sun Apr 28 2024 12:00:00 GMT+0100 (British Summer Time),0.0047,0.0351,0.4404,2607.7906167137216
Sun Apr 28 2024 13:00:00 GMT+0100 (British Summer Time),0.0047,0.0351,0.4405,17364.86507987902
Sun Apr 28 2024 14:00:00 GMT+0100 (British Summer Time),0.0047,0.0351,0.4404,30.685820417389106
Sun Apr 28 2024 15:00:00 GMT+0100 (British Summer Time),0.0046,0.0351,0.4404,0
Sun Apr 28 2024 16:00:00 GMT+0100 (British Summer Time),0.0047,0.0351,0.4424,10667.325007399486
Sun Apr 28 2024 17:00:00 GMT+0100 (British Summer Time),0.0047,0.0351,0.4412,159916.95242987672
Sun Apr 28 2024 18:00:00 GMT+0100 (British Summer Time),0.0047,0.0351,0.4412,0
Sun Apr 28 2024 19:00:00 GMT+0100 (British Summer Time),0.0047,0.0351,0.4407,1321.3988496073423
Sun Apr 28 2024 20:00:00 GMT+0100 (British Summer Time),0.0047,0.0351,0.438,500879.93297769746
Sun Apr 28 2024 21:00:00 GMT+0100 (British Summer Time),0.0047,0.0351,0.4389,2128.293183029827
Sun Apr 28 2024 22:00:00 GMT+0100 (British Summer Time),0.0047,0.0351,0.4386,43470.37982794063
Sun Apr 28 2024 23:00:00 GMT+0100 (British Summer Time),0.0047,0.0351,0.4387,4860.048666421549
Mon Apr 29 2024 00:00:00 GMT+0100 (British Summer Time),0.0046,0.0351,0.4387,0
Mon Apr 29 2024 01:00:00 GMT+0100 (British Summer Time),0.0047,0.0351,0.4384,490.9888576194531
Mon Apr 29 2024 02:00:00 GMT+0100 (British Summer Time),0.0047,0.0351,0.4383,30922.24772759583
Mon Apr 29 2024 03:00:00 GMT+0100 (British Summer Time),0.0047,0.0351,0.4383,0
Mon Apr 29 2024 04:00:00 GMT+0100 (British Summer Time),0.0047,0.0351,0.4383,48899.197454379304
Mon Apr 29 2024 05:00:00 GMT+0100 (British Summer Time),0.0047,0.0351,0.4382,28613.81311039635
Mon Apr 29 2024 06:00:00 GMT+0100 (British Summer Time),0.0047,0.0351,0.4412,63788.631101375555
Mon Apr 29 2024 07:00:00 GMT+0100 (British Summer Time),0.0023,0.0346,0.4412,0
Mon Apr 29 2024 08:00:00 GMT+0100 (British Summer Time),0.0023,0.0346,0.4412,0
Mon Apr 29 2024 09:00:00 GMT+0100 (British Summer Time),0.0023,0.0346,0.4512,23141.16060352295
Mon Apr 29 2024 10:00:00 GMT+0100 (British Summer Time),0.0023,0.0346,0.4734,51496.209957741776
Mon Apr 29 2024 11:00:00 GMT+0100 (British Summer Time),0.0023,0.0346,0.4734,0
Mon Apr 29 2024 12:00:00 GMT+0100 (British Summer Time),0.0023,0.0346,0.4792,13661.296627763282
Mon Apr 29 2024 13:00:00 GMT+0100 (British Summer Time),0.0023,0.0346,0.453,60833.89701214997
Mon Apr 29 2024 14:00:00 GMT+0100 (British Summer Time),0.0023,0.0346,0.453,0
Mon Apr 29 2024 15:00:00 GMT+0100 (British Summer Time),0.0023,0.0346,0.4446,97522.72685623981
Mon Apr 29 2024 16:00:00 GMT+0100 (British Summer Time),0.0023,0.0346,0.4366,18493.301549753283
Mon Apr 29 2024 17:00:00 GMT+0100 (British Summer Time),0.0023,0.0346,0.4185,41786.729861814725
Mon Apr 29 2024 18:00:00 GMT+0100 (British Summer Time),0.0023,0.0346,0.3824,154575.43929003496
Mon Apr 29 2024 19:00:00 GMT+0100 (British Summer Time),0.0023,0.0346,0.3147,180796.1812370022
Mon Apr 29 2024 20:00:00 GMT+0100 (British Summer Time),0.0023,0.0346,0.3094,122794.4208228205
Mon Apr 29 2024 21:00:00 GMT+0100 (British Summer Time),0.0023,0.0346,0.3087,4940.051642337974
Mon Apr 29 2024 22:00:00 GMT+0100 (British Summer Time),0.0023,0.0346,0.3027,9921.327566744389
Mon Apr 29 2024 23:00:00 GMT+0100 (British Summer Time),0.0023,0.0346,0.2813,51926.88844633307
Tue Apr 30 2024 00:00:00 GMT+0100 (British Summer Time),0.0023,0.0346,0.2738,52152.74480436273
Tue Apr 30 2024 01:00:00 GMT+0100 (British Summer Time),0.0023,0.0346,0.2807,15416.11645863746
Tue Apr 30 2024 02:00:00 GMT+0100 (British Summer Time),0.0023,0.0346,0.2807,0
Tue Apr 30 2024 03:00:00 GMT+0100 (British Summer Time),0.0023,0.0346,0.2807,0
Tue Apr 30 2024 04:00:00 GMT+0100 (British Summer Time),0.0023,0.0346,0.2807,0
Tue Apr 30 2024 05:00:00 GMT+0100 (British Summer Time),0.0023,0.0346,0.2807,0
Tue Apr 30 2024 06:00:00 GMT+0100 (British Summer Time),0.0023,0.0346,0.2758,53739.95599787402
Tue Apr 30 2024 07:00:00 GMT+0100 (British Summer Time),0.0024,0.0339,0.278,40883.395357419104
Tue Apr 30 2024 08:00:00 GMT+0100 (British Summer Time),0.0024,0.0339,0.3449,202915.6041900251
Tue Apr 30 2024 09:00:00 GMT+0100 (British Summer Time),0.0024,0.0339,0.3618,0
Tue Apr 30 2024 10:00:00 GMT+0100 (British Summer Time),0.0024,0.0339,0.3557,24544.989959463317
Tue Apr 30 2024 11:00:00 GMT+0100 (British Summer Time),0.0024,0.0339,0.3557,0
Tue Apr 30 2024 12:00:00 GMT+0100 (British Summer Time),0.0024,0.0339,0.3557,0
Tue Apr 30 2024 13:00:00 GMT+0100 (British Summer Time),0.0024,0.0339,0.3568,2367.3906035463806
Tue Apr 30 2024 14:00:00 GMT+0100 (British Summer Time),0.0024,0.0339,0.3568,0
Tue Apr 30 2024 15:00:00 GMT+0100 (British Summer Time),0.0024,0.0339,0.3568,0
Tue Apr 30 2024 16:00:00 GMT+0100 (British Summer Time),0.0024,0.0339,0.3065,135892.02989839096
Tue Apr 30 2024 17:00:00 GMT+0100 (British Summer Time),0.0024,0.0339,0.3126,12793.020724131791
Tue Apr 30 2024 18:00:00 GMT+0100 (British Summer Time),0.0024,0.0339,0.3137,2232.0322410078575
Tue Apr 30 2024 19:00:00 GMT+0100 (British Summer Time),0.0024,0.0339,0.3121,3282.451660922926
Tue Apr 30 2024 20:00:00 GMT+0100 (British Summer Time),0.0024,0.0339,0.3121,0
Tue Apr 30 2024 21:00:00 GMT+0100 (British Summer Time),0.0024,0.0339,0.3401,104966.82853717092
Tue Apr 30 2024 22:00:00 GMT+0100 (British Summer Time),0.0024,0.0339,0.3396,971.6537567799079
Tue Apr 30 2024 23:00:00 GMT+0100 (British Summer Time),0.0024,0.0339,0.3397,142.36887784297298
Wed May 01 2024 00:00:00 GMT+0100 (British Summer Time),0.0024,0.0339,0.3406,1865.3322912978117
Wed May 01 2024 01:00:00 GMT+0100 (British Summer Time),0.0024,0.0339,0.3377,6208.208468360513
Wed May 01 2024 02:00:00 GMT+0100 (British Summer Time),0.0024,0.0339,0.3363,2988.7086296854977
Wed May 01 2024 03:00:00 GMT+0100 (British Summer Time),0.0024,0.0339,0.3363,0
Wed May 01 2024 04:00:00 GMT+0100 (British Summer Time),0.0024,0.0339,0.3415,11087.068408305699
Wed May 01 2024 05:00:00 GMT+0100 (British Summer Time),0.0024,0.0339,0.3415,0
Wed May 01 2024 06:00:00 GMT+0100 (British Summer Time),0.0024,0.0339,0.2633,192111.3034211286
Wed May 01 2024 07:00:00 GMT+0100 (British Summer Time),0.0027,0.0333,0.268,20795.34457361357
Wed May 01 2024 08:00:00 GMT+0100 (British Summer Time),0.0027,0.0333,0.2645,6971.52545358068
Wed May 01 2024 09:00:00 GMT+0100 (British Summer Time),0.0027,0.0333,0.2309,65893.12675429447
Wed May 01 2024 10:00:00 GMT+0100 (British Summer Time),0.0027,0.0333,0.2487,34888.897338291565
Wed May 01 2024 11:00:00 GMT+0100 (British Summer Time),0.0027,0.0333,0.2487,0
Wed May 01 2024 12:00:00 GMT+0100 (British Summer Time),0.0027,0.0333,0.2487,0
Wed May 01 2024 13:00:00 GMT+0100 (British Summer Time),0.0027,0.0333,0.2487,0
Wed May 01 2024 14:00:00 GMT+0100 (British Summer Time),0.0027,0.0333,0.2487,0
Wed May 01 2024 15:00:00 GMT+0100 (British Summer Time),0.0027,0.0333,0.2487,0
Wed May 01 2024 16:00:00 GMT+0100 (British Summer Time),0.0027,0.0333,0.254,10569.430200074876
Wed May 01 2024 17:00:00 GMT+0100 (British Summer Time),0.0027,0.0333,0.254,43.18606630284674
Wed May 01 2024 18:00:00 GMT+0100 (British Summer Time),0.0027,0.0333,0.2721,35811.31286213913
Wed May 01 2024 19:00:00 GMT+0100 (British Summer Time),0.0027,0.0333,0.2721,0
Wed May 01 2024 20:00:00 GMT+0100 (British Summer Time),0.0027,0.0333,0.2721,0
Wed May 01 2024 21:00:00 GMT+0100 (British Summer Time),0.0027,0.0333,0.2798,15725.123698524494
Wed May 01 2024 22:00:00 GMT+0100 (British Summer Time),0.0027,0.0333,0.2798,0
Wed May 01 2024 23:00:00 GMT+0100 (British Summer Time),0.0027,0.0333,0.2791,1424.9802115134232
Thu May 02 2024 00:00:00 GMT+0100 (British Summer Time),0.0027,0.0333,0.2791,0
Thu May 02 2024 01:00:00 GMT+0100 (British Summer Time),0.0027,0.0333,0.2791,0
Thu May 02 2024 02:00:00 GMT+0100 (British Summer Time),0.0027,0.0333,0.2791,0
Thu May 02 2024 03:00:00 GMT+0100 (British Summer Time),0.0027,0.0333,0.2791,0
Thu May 02 2024 04:00:00 GMT+0100 (British Summer Time),0.0027,0.0333,0.2791,26104.64794922396
Thu May 02 2024 05:00:00 GMT+0100 (British Summer Time),0.0027,0.0333,0.3061,33377.80382249825
Thu May 02 2024 06:00:00 GMT+0100 (British Summer Time),0.0027,0.0333,0.3061,0
Thu May 02 2024 07:00:00 GMT+0100 (British Summer Time),0.0048,0.0105,0.3397,68561.63381404965
Thu May 02 2024 08:00:00 GMT+0100 (British Summer Time),0.0048,0.0105,0.3384,2630.980797615215
Thu May 02 2024 09:00:00 GMT+0100 (British Summer Time),0.0048,0.0105,0.3274,130475.64129999024
Thu May 02 2024 10:00:00 GMT+0100 (British Summer Time),0.0048,0.0105,0.3308,3324.176184183705
Thu May 02 2024 11:00:00 GMT+0100 (British Summer Time),0.0048,0.0105,0.3014,73657.8939797025
Thu May 02 2024 12:00:00 GMT+0100 (British Summer Time),0.0048,0.0105,0.3014,0
Thu May 02 2024 13:00:00 GMT+0100 (British Summer Time),0.0048,0.0105,0.3014,0
Thu May 02 2024 14:00:00 GMT+0100 (British Summer Time),0.0048,0.0105,0.308,13850.7170431703
Thu May 02 2024 15:00:00 GMT+0100 (British Summer Time),0.0048,0.0105,0.308,0
Thu May 02 2024 16:00:00 GMT+0100 (British Summer Time),0.0048,0.0105,0.308,0
Thu May 02 2024 17:00:00 GMT+0100 (British Summer Time),0.0048,0.0105,0.3309,47841.82018647663
Thu May 02 2024 18:00:00 GMT+0100 (British Summer Time),0.0048,0.0105,0.3322,2903.8599570475217
Thu May 02 2024 19:00:00 GMT+0100 (British Summer Time),0.0048,0.0105,0.3322,0
Thu May 02 2024 20:00:00 GMT+0100 (British Summer Time),0.0048,0.0105,0.3371,10302.915190583373
Thu May 02 2024 21:00:00 GMT+0100 (British Summer Time),0.0048,0.0105,0.3389,3684.7749807766286
Thu May 02 2024 22:00:00 GMT+0100 (British Summer Time),0.0048,0.0105,0.3389,0
Thu May 02 2024 23:00:00 GMT+0100 (British Summer Time),0.0048,0.0105,0.3382,15792.94776097569
Fri May 03 2024 00:00:00 GMT+0100 (British Summer Time),0.0048,0.0105,0.3413,3532.8399038401626
Fri May 03 2024 01:00:00 GMT+0100 (British Summer Time),0.0048,0.0105,0.3413,0
Fri May 03 2024 02:00:00 GMT+0100 (British Summer Time),0.0048,0.0105,0.3413,0
Fri May 03 2024 03:00:00 GMT+0100 (British Summer Time),0.0048,0.0105,0.3428,3213.560430048692
Fri May 03 2024 04:00:00 GMT+0100 (British Summer Time),0.0048,0.0105,0.3438,2118.598948865933
Fri May 03 2024 05:00:00 GMT+0100 (British Summer Time),0.0048,0.0105,0.3294,40159.37549350034
Fri May 03 2024 06:00:00 GMT+0100 (British Summer Time),0.0048,0.0105,0.3308,0
Fri May 03 2024 07:00:00 GMT+0100 (British Summer Time),0.1272,0.02,0.318,42810.06613928438
Fri May 03 2024 08:00:00 GMT+0100 (British Summer Time),0.1272,0.02,0.318,0
Fri May 03 2024 09:00:00 GMT+0100 (British Summer Time),0.1272,0.02,0.318,0
Fri May 03 2024 10:00:00 GMT+0100 (British Summer Time),0.1272,0.02,0.318,0
Fri May 03 2024 11:00:00 GMT+0100 (British Summer Time),0.1272,0.02,0.3178,44446.48796545404
Fri May 03 2024 12:00:00 GMT+0100 (British Summer Time),0.1272,0.02,0.3178,3093.337498486759
Fri May 03 2024 13:00:00 GMT+0100 (British Summer Time),0.1272,0.02,0.3178,0
Fri May 03 2024 14:00:00 GMT+0100 (British Summer Time),0.1272,0.02,0.3333,33084.0944676875
Fri May 03 2024 15:00:00 GMT+0100 (British Summer Time),0.1272,0.02,0.3394,13284.821928092262
Fri May 03 2024 16:00:00 GMT+0100 (British Summer Time),0.1272,0.02,0.3394,0
Fri May 03 2024 17:00:00 GMT+0100 (British Summer Time),0.1272,0.02,0.3394,0
Fri May 03 2024 18:00:00 GMT+0100 (British Summer Time),0.1272,0.02,0.3005,170398.9880372968
Fri May 03 2024 19:00:00 GMT+0100 (British Summer Time),0.1272,0.02,0.3089,24556.797220652865
Fri May 03 2024 20:00:00 GMT+0100 (British Summer Time),0.1272,0.02,0.311,4368.885955511962
Fri May 03 2024 21:00:00 GMT+0100 (British Summer Time),0.1272,0.02,0.3131,9368.754480857948
Fri May 03 2024 22:00:00 GMT+0100 (British Summer Time),0.1272,0.02,0.3131,0
Fri May 03 2024 23:00:00 GMT+0100 (British Summer Time),0.1272,0.02,0.3131,0
Sat May 04 2024 00:00:00 GMT+0100 (British Summer Time),0.1272,0.02,0.3131,0
Sat May 04 2024 01:00:00 GMT+0100 (British Summer Time),0.1272,0.02,0.3131,0
Sat May 04 2024 02:00:00 GMT+0100 (British Summer Time),0.1272,0.02,0.3131,0
Sat May 04 2024 03:00:00 GMT+0100 (British Summer Time),0.1272,0.02,0.3131,0
Sat May 04 2024 04:00:00 GMT+0100 (British Summer Time),0.1272,0.02,0.3131,0
Sat May 04 2024 05:00:00 GMT+0100 (British Summer Time),0.1272,0.02,0.3131,17.733335806712383
Sat May 04 2024 06:00:00 GMT+0100 (British Summer Time),0.1272,0.02,0.313,280.1714711999137
Sat May 04 2024 07:00:00 GMT+0100 (British Summer Time),0.0576,0.0279,0.3136,36411.03707982272
Sat May 04 2024 08:00:00 GMT+0100 (British Summer Time),0.0578,0.0279,0.3181,9790.82150978297
Sat May 04 2024 09:00:00 GMT+0100 (British Summer Time),0.0576,0.0279,0.3287,23208.5259225313
Sat May 04 2024 10:00:00 GMT+0100 (British Summer Time),0.0576,0.0279,0.3328,8785.354496230939
Sat May 04 2024 11:00:00 GMT+0100 (British Summer Time),0.0576,0.0279,0.3331,766.3105414363982
Sat May 04 2024 12:00:00 GMT+0100 (British Summer Time),0.0576,0.0279,0.3338,1557.2757789002226
Sat May 04 2024 13:00:00 GMT+0100 (British Summer Time),0.0578,0.0279,0.3338,0
Sat May 04 2024 14:00:00 GMT+0100 (British Summer Time),0.0576,0.0279,0.3338,0
Sat May 04 2024 15:00:00 GMT+0100 (British Summer Time),0.0576,0.0279,0.3338,0
Sat May 04 2024 16:00:00 GMT+0100 (British Summer Time),0.0576,0.0279,0.3338,0
Sat May 04 2024 17:00:00 GMT+0100 (British Summer Time),0.0578,0.0279,0.3338,0
Sat May 04 2024 18:00:00 GMT+0100 (British Summer Time),0.0576,0.0279,0.3338,0
Sat May 04 2024 19:00:00 GMT+0100 (British Summer Time),0.0576,0.0279,0.3371,7228.483885761823
Sat May 04 2024 20:00:00 GMT+0100 (British Summer Time),0.0576,0.0279,0.3371,0
Sat May 04 2024 21:00:00 GMT+0100 (British Summer Time),0.0576,0.0279,0.3381,6585.089232379081
Sat May 04 2024 22:00:00 GMT+0100 (British Summer Time),0.0578,0.0279,0.3381,0
Sat May 04 2024 23:00:00 GMT+0100 (British Summer Time),0.0576,0.0279,0.3381,0
Sun May 05 2024 00:00:00 GMT+0100 (British Summer Time),0.0576,0.0279,0.3543,37910.822100642574
Sun May 05 2024 01:00:00 GMT+0100 (British Summer Time),0.0576,0.0279,0.3554,0
Sun May 05 2024 02:00:00 GMT+0100 (British Summer Time),0.0578,0.0279,0.3554,0
Sun May 05 2024 03:00:00 GMT+0100 (British Summer Time),0.0576,0.0279,0.3572,18893.54451837755
Sun May 05 2024 04:00:00 GMT+0100 (British Summer Time),0.0576,0.0279,0.3791,63901.768109374054
Sun May 05 2024 05:00:00 GMT+0100 (British Summer Time),0.0576,0.0279,0.3797,0
Sun May 05 2024 06:00:00 GMT+0100 (British Summer Time),0.0576,0.0279,0.3815,4057.8523415886375
Sun May 05 2024 07:00:00 GMT+0100 (British Summer Time),0.0423,0.0333,0.3815,4095.7697784452757
Sun May 05 2024 08:00:00 GMT+0100 (British Summer Time),0.0423,0.0333,0.3503,129890.53256639605
Sun May 05 2024 09:00:00 GMT+0100 (British Summer Time),0.0423,0.0333,0.3503,0
Sun May 05 2024 10:00:00 GMT+0100 (British Summer Time),0.0423,0.0333,0.3559,12431.256903465459
Sun May 05 2024 11:00:00 GMT+0100 (British Summer Time),0.0423,0.0333,0.3555,782.0627352685121
Sun May 05 2024 12:00:00 GMT+0100 (British Summer Time),0.0423,0.0333,0.3586,7039.595307023142
Sun May 05 2024 13:00:00 GMT+0100 (British Summer Time),0.0423,0.0333,0.3586,0
Sun May 05 2024 14:00:00 GMT+0100 (British Summer Time),0.0423,0.0333,0.3586,0
Sun May 05 2024 15:00:00 GMT+0100 (British Summer Time),0.0423,0.0333,0.3348,333053.1204640868
Sun May 05 2024 16:00:00 GMT+0100 (British Summer Time),0.0423,0.0333,0.3348,0
Sun May 05 2024 17:00:00 GMT+0100 (British Summer Time),0.0423,0.0333,0.3349,310.60030507555786
Sun May 05 2024 18:00:00 GMT+0100 (British Summer Time),0.0423,0.0333,0.3354,1004.1830192089074
Sun May 05 2024 19:00:00 GMT+0100 (British Summer Time),0.0423,0.0333,0.3358,941.8989567283325
Sun May 05 2024 20:00:00 GMT+0100 (British Summer Time),0.0423,0.0333,0.3347,4367.157188278654
Sun May 05 2024 21:00:00 GMT+0100 (British Summer Time),0.0423,0.0333,0.3314,11389.869933399415
Sun May 05 2024 22:00:00 GMT+0100 (British Summer Time),0.0423,0.0333,0.333,2691.2422876100272
Sun May 05 2024 23:00:00 GMT+0100 (British Summer Time),0.0423,0.0333,0.3334,1435.2038166365496
Mon May 06 2024 00:00:00 GMT+0100 (British Summer Time),0.0423,0.0333,0.3356,4363.664157033977
Mon May 06 2024 01:00:00 GMT+0100 (British Summer Time),0.0423,0.0333,0.3356,0
Mon May 06 2024 02:00:00 GMT+0100 (British Summer Time),0.0423,0.0333,0.3357,178.7897762539393
Mon May 06 2024 03:00:00 GMT+0100 (British Summer Time),0.0423,0.0333,0.3357,0
Mon May 06 2024 04:00:00 GMT+0100 (British Summer Time),0.0423,0.0333,0.3226,33089.669757190255
Mon May 06 2024 05:00:00 GMT+0100 (British Summer Time),0.0423,0.0333,0.3226,0
Mon May 06 2024 06:00:00 GMT+0100 (British Summer Time),0.0423,0.0333,0.3226,0
Mon May 06 2024 07:00:00 GMT+0100 (British Summer Time),0.0027,0.0334,0.3237,2454.20406452536
Mon May 06 2024 08:00:00 GMT+0100 (British Summer Time),0.0027,0.0334,0.324,12466.113292942982
Mon May 06 2024 09:00:00 GMT+0100 (British Summer Time),0.0027,0.0334,0.3243,5551.927063235193
Mon May 06 2024 10:00:00 GMT+0100 (British Summer Time),0.0027,0.0334,0.3261,11855.607380967094
Mon May 06 2024 11:00:00 GMT+0100 (British Summer Time),0.0027,0.0334,0.3261,0
Mon May 06 2024 12:00:00 GMT+0100 (British Summer Time),0.0027,0.0334,0.3332,15772.115187573498
Mon May 06 2024 13:00:00 GMT+0100 (British Summer Time),0.0027,0.0334,0.3332,0
Mon May 06 2024 14:00:00 GMT+0100 (British Summer Time),0.0027,0.0334,0.3344,2638.273221765985
Mon May 06 2024 15:00:00 GMT+0100 (British Summer Time),0.0027,0.0334,0.3344,18322.54254025756
Mon May 06 2024 16:00:00 GMT+0100 (British Summer Time),0.0027,0.0334,0.3343,123.30613465460476
Mon May 06 2024 17:00:00 GMT+0100 (British Summer Time),0.0027,0.0334,0.3344,96807.5704840516
Mon May 06 2024 18:00:00 GMT+0100 (British Summer Time),0.0027,0.0334,0.3344,0
Mon May 06 2024 19:00:00 GMT+0100 (British Summer Time),0.0027,0.0334,0.3344,12270.809087351861
Mon May 06 2024 20:00:00 GMT+0100 (British Summer Time),0.0027,0.0334,0.3344,0
Mon May 06 2024 21:00:00 GMT+0100 (British Summer Time),0.0027,0.0334,0.3344,0
Mon May 06 2024 22:00:00 GMT+0100 (British Summer Time),0.0027,0.0334,0.3344,0
Mon May 06 2024 23:00:00 GMT+0100 (British Summer Time),0.0027,0.0334,0.3348,1010.4401596139859
Tue May 07 2024 00:00:00 GMT+0100 (British Summer Time),0.0027,0.0334,0.3348,0
Tue May 07 2024 01:00:00 GMT+0100 (British Summer Time),0.0027,0.0334,0.3347,28125.857983774273
Tue May 07 2024 02:00:00 GMT+0100 (British Summer Time),0.0027,0.0334,0.3344,59729.300313793836
Tue May 07 2024 03:00:00 GMT+0100 (British Summer Time),0.0027,0.0334,0.3344,0
Tue May 07 2024 04:00:00 GMT+0100 (British Summer Time),0.0027,0.0334,0.3344,0
Tue May 07 2024 05:00:00 GMT+0100 (British Summer Time),0.0027,0.0334,0.3344,0
Tue May 07 2024 06:00:00 GMT+0100 (British Summer Time),0.0027,0.0334,0.336,17662.401777918945
Tue May 07 2024 07:00:00 GMT+0100 (British Summer Time),0.0038,0.0336,0.336,0
Tue May 07 2024 08:00:00 GMT+0100 (British Summer Time),0.0038,0.0336,0.3343,4769.001302555731
Tue May 07 2024 09:00:00 GMT+0100 (British Summer Time),0.0038,0.0336,0.3329,2990.9878142162584
Tue May 07 2024 10:00:00 GMT+0100 (British Summer Time),0.0038,0.0336,0.3329,0
Tue May 07 2024 11:00:00 GMT+0100 (British Summer Time),0.0038,0.0336,0.3329,3477.6821868943707
Tue May 07 2024 12:00:00 GMT+0100 (British Summer Time),0.0038,0.0336,0.3346,3666.9384555586707
Tue May 07 2024 13:00:00 GMT+0100 (British Summer Time),0.0038,0.0336,0.3346,6560.7653906542355
Tue May 07 2024 14:00:00 GMT+0100 (British Summer Time),0.0038,0.0336,0.3446,21716.057054909175
Tue May 07 2024 15:00:00 GMT+0100 (British Summer Time),0.0038,0.0336,0.3446,0
Tue May 07 2024 16:00:00 GMT+0100 (British Summer Time),0.0038,0.0336,0.3407,20331.31875865396
Tue May 07 2024 17:00:00 GMT+0100 (British Summer Time),0.0038,0.0336,0.358,171417.59070584687
Tue May 07 2024 18:00:00 GMT+0100 (British Summer Time),0.0038,0.0336,0.3583,659.7692896090398
Tue May 07 2024 19:00:00 GMT+0100 (British Summer Time),0.0038,0.0336,0.3695,24484.451428144916
Tue May 07 2024 20:00:00 GMT+0100 (British Summer Time),0.0038,0.0336,0.3695,0
Tue May 07 2024 21:00:00 GMT+0100 (British Summer Time),0.0038,0.0336,0.3695,0
Tue May 07 2024 22:00:00 GMT+0100 (British Summer Time),0.0038,0.0336,0.3786,39019.92868784208
Tue May 07 2024 23:00:00 GMT+0100 (British Summer Time),0.0038,0.0336,0.3786,0
Wed May 08 2024 00:00:00 GMT+0100 (British Summer Time),0.0038,0.0336,0.315,141065.24263667615
Wed May 08 2024 01:00:00 GMT+0100 (British Summer Time),0.0038,0.0336,0.3337,39699.61982985336
Wed May 08 2024 02:00:00 GMT+0100 (British Summer Time),0.0038,0.0336,0.333,1602.2288039786577
Wed May 08 2024 03:00:00 GMT+0100 (British Summer Time),0.0038,0.0336,0.3609,82649.0145765222
Wed May 08 2024 04:00:00 GMT+0100 (British Summer Time),0.0038,0.0336,0.3426,39535.52989318655
Wed May 08 2024 05:00:00 GMT+0100 (British Summer Time),0.0038,0.0336,0.3426,0
Wed May 08 2024 06:00:00 GMT+0100 (British Summer Time),0.0038,0.0336,0.3426,0
Wed May 08 2024 07:00:00 GMT+0100 (British Summer Time),0.0035,0.0337,0.3426,0
Wed May 08 2024 08:00:00 GMT+0100 (British Summer Time),0.0035,0.0337,0.3426,0
Wed May 08 2024 09:00:00 GMT+0100 (British Summer Time),0.0035,0.0337,0.3426,0
Wed May 08 2024 10:00:00 GMT+0100 (British Summer Time),0.0035,0.0337,0.3393,7063.9789219519635
Wed May 08 2024 11:00:00 GMT+0100 (British Summer Time),0.0035,0.0337,0.3393,0
Wed May 08 2024 12:00:00 GMT+0100 (British Summer Time),0.0035,0.0337,0.3393,0
Wed May 08 2024 13:00:00 GMT+0100 (British Summer Time),0.0035,0.0337,0.3386,1415.9795704820601
Wed May 08 2024 14:00:00 GMT+0100 (British Summer Time),0.0035,0.0337,0.3485,22058.611613566234
Wed May 08 2024 15:00:00 GMT+0100 (British Summer Time),0.0035,0.0337,0.3485,0
Wed May 08 2024 16:00:00 GMT+0100 (British Summer Time),0.0035,0.0337,0.3446,604470.1835976678
Wed May 08 2024 17:00:00 GMT+0100 (British Summer Time),0.0035,0.0337,0.3446,2910.2816555035706
Wed May 08 2024 18:00:00 GMT+0100 (British Summer Time),0.0035,0.0337,0.3459,0
Wed May 08 2024 19:00:00 GMT+0100 (British Summer Time),0.0035,0.0337,0.3426,7150.31570473422
Wed May 08 2024 20:00:00 GMT+0100 (British Summer Time),0.0035,0.0337,0.3389,18907.700167517505
Wed May 08 2024 21:00:00 GMT+0100 (British Summer Time),0.0035,0.0337,0.3361,74.88574632329083
Wed May 08 2024 22:00:00 GMT+0100 (British Summer Time),0.0035,0.0337,0.3341,84033.12222670224
Wed May 08 2024 23:00:00 GMT+0100 (British Summer Time),0.0035,0.0337,0.3341,2828.262817286929
Thu May 09 2024 00:00:00 GMT+0100 (British Summer Time),0.0035,0.0337,0.3341,0
Thu May 09 2024 01:00:00 GMT+0100 (British Summer Time),0.0035,0.0337,0.3341,0
Thu May 09 2024 02:00:00 GMT+0100 (British Summer Time),0.0035,0.0337,0.3195,31314.01755875438
Thu May 09 2024 03:00:00 GMT+0100 (British Summer Time),0.0035,0.0337,0.3353,34405.99245685757
Thu May 09 2024 04:00:00 GMT+0100 (British Summer Time),0.0035,0.0337,0.3353,0
Thu May 09 2024 05:00:00 GMT+0100 (British Summer Time),0.0035,0.0337,0.3353,0
Thu May 09 2024 06:00:00 GMT+0100 (British Summer Time),0.0035,0.0337,0.3357,817.977503376382
Thu May 09 2024 07:00:00 GMT+0100 (British Summer Time),0.0039,0.0336,0.3357,3.0026150026076244
Thu May 09 2024 08:00:00 GMT+0100 (British Summer Time),0.0039,0.0336,0.334,3676.3031771470087
Thu May 09 2024 09:00:00 GMT+0100 (British Summer Time),0.0039,0.0335,0.338,78988.73566616187
Thu May 09 2024 10:00:00 GMT+0100 (British Summer Time),0.0039,0.0336,0.3408,6013.761029916836
Thu May 09 2024 11:00:00 GMT+0100 (British Summer Time),0.0039,0.0336,0.3406,3025.8692693902844
Thu May 09 2024 12:00:00 GMT+0100 (British Summer Time),0.0039,0.0336,0.3406,2819.0795428646047
Thu May 09 2024 13:00:00 GMT+0100 (British Summer Time),0.0039,0.0336,0.336,51078.29851178054
Thu May 09 2024 14:00:00 GMT+0100 (British Summer Time),0.0039,0.0335,0.3324,7801.108181605594
Thu May 09 2024 15:00:00 GMT+0100 (British Summer Time),0.0039,0.0336,0.3324,0
Thu May 09 2024 16:00:00 GMT+0100 (British Summer Time),0.0039,0.0336,0.3324,0
Thu May 09 2024 17:00:00 GMT+0100 (British Summer Time),0.0039,0.0336,0.3324,0
Thu May 09 2024 18:00:00 GMT+0100 (British Summer Time),0.0039,0.0335,0.3324,0
Thu May 09 2024 19:00:00 GMT+0100 (British Summer Time),0.0039,0.0336,0.3324,0
Thu May 09 2024 20:00:00 GMT+0100 (British Summer Time),0.0039,0.0336,0.344,37182.59427486348
Thu May 09 2024 21:00:00 GMT+0100 (British Summer Time),0.0039,0.0336,0.3438,317.9567303377566
Thu May 09 2024 22:00:00 GMT+0100 (British Summer Time),0.0039,0.0336,0.3484,10188.311345250238
Thu May 09 2024 23:00:00 GMT+0100 (British Summer Time),0.0039,0.0335,0.3488,726.4316526077993
Fri May 10 2024 00:00:00 GMT+0100 (British Summer Time),0.0039,0.0336,0.3488,0
Fri May 10 2024 01:00:00 GMT+0100 (British Summer Time),0.0039,0.0336,0.3488,0
Fri May 10 2024 02:00:00 GMT+0100 (British Summer Time),0.0039,0.0336,0.3629,69752.37079146113
Fri May 10 2024 03:00:00 GMT+0100 (British Summer Time),0.0039,0.0335,0.3629,0
Fri May 10 2024 04:00:00 GMT+0100 (British Summer Time),0.0039,0.0336,0.3636,1557.554631179532
Fri May 10 2024 05:00:00 GMT+0100 (British Summer Time),0.0039,0.0336,0.3636,0
Fri May 10 2024 06:00:00 GMT+0100 (British Summer Time),0.0039,0.0336,0.3564,48307.04094539777
Fri May 10 2024 07:00:00 GMT+0100 (British Summer Time),0.002,0.0163,0.3369,70641.08885825095
Fri May 10 2024 08:00:00 GMT+0100 (British Summer Time),0.002,0.0163,0.3373,3785.46453215688
Fri May 10 2024 09:00:00 GMT+0100 (British Summer Time),0.002,0.0163,0.3239,97262.13309133999
Fri May 10 2024 10:00:00 GMT+0100 (British Summer Time),0.002,0.0163,0.3247,3309.304086647072
Fri May 10 2024 11:00:00 GMT+0100 (British Summer Time),0.002,0.0163,0.3282,7813.179543698435
Fri May 10 2024 12:00:00 GMT+0100 (British Summer Time),0.002,0.0163,0.3286,894.0165627244759
Fri May 10 2024 13:00:00 GMT+0100 (British Summer Time),0.002,0.0163,0.3285,26285.589165255165
Fri May 10 2024 14:00:00 GMT+0100 (British Summer Time),0.002,0.0163,0.3285,0
Fri May 10 2024 15:00:00 GMT+0100 (British Summer Time),0.002,0.0163,0.3369,56129.65480485941
Fri May 10 2024 16:00:00 GMT+0100 (British Summer Time),0.002,0.0163,0.3369,0
Fri May 10 2024 17:00:00 GMT+0100 (British Summer Time),0.002,0.0163,0.3548,67731.98770487131
Fri May 10 2024 18:00:00 GMT+0100 (British Summer Time),0.002,0.0163,0.3548,0
Fri May 10 2024 19:00:00 GMT+0100 (British Summer Time),0.002,0.0163,0.3548,0
Fri May 10 2024 20:00:00 GMT+0100 (British Summer Time),0.002,0.0163,0.3548,0
Fri May 10 2024 21:00:00 GMT+0100 (British Summer Time),0.002,0.0163,0.3612,13825.101158063244
Fri May 10 2024 22:00:00 GMT+0100 (British Summer Time),0.002,0.0163,0.3612,0
Fri May 10 2024 23:00:00 GMT+0100 (British Summer Time),0.002,0.0163,0.3612,0
Sat May 11 2024 00:00:00 GMT+0100 (British Summer Time),0.002,0.0163,0.3612,0
Sat May 11 2024 01:00:00 GMT+0100 (British Summer Time),0.002,0.0163,0.336,89288.54915411634
Sat May 11 2024 02:00:00 GMT+0100 (British Summer Time),0.002,0.0163,0.3375,3248.937229200069
Sat May 11 2024 03:00:00 GMT+0100 (British Summer Time),0.002,0.0163,0.3227,33754.64311156168
Sat May 11 2024 04:00:00 GMT+0100 (British Summer Time),0.002,0.0163,0.3263,7640.12696823624
Sat May 11 2024 05:00:00 GMT+0100 (British Summer Time),0.002,0.0163,0.3282,108790.49359826921
Sat May 11 2024 06:00:00 GMT+0100 (British Summer Time),0.002,0.0163,0.3282,0
Sat May 11 2024 07:00:00 GMT+0100 (British Summer Time),0.006,0.0091,0.3286,824.2724949017943
Sat May 11 2024 08:00:00 GMT+0100 (British Summer Time),0.006,0.0091,0.3296,4818.2472217503455
Sat May 11 2024 09:00:00 GMT+0100 (British Summer Time),0.006,0.0091,0.3296,0
Sat May 11 2024 10:00:00 GMT+0100 (British Summer Time),0.006,0.0091,0.3094,45575.41882253303
Sat May 11 2024 11:00:00 GMT+0100 (British Summer Time),0.006,0.0091,0.3094,0
Sat May 11 2024 12:00:00 GMT+0100 (British Summer Time),0.006,0.0091,0.3107,2880.4951089090428
Sat May 11 2024 13:00:00 GMT+0100 (British Summer Time),0.006,0.0091,0.3107,0
Sat May 11 2024 14:00:00 GMT+0100 (British Summer Time),0.006,0.0091,0.3094,5775.695162461494
Sat May 11 2024 15:00:00 GMT+0100 (British Summer Time),0.006,0.0091,0.3094,0
Sat May 11 2024 16:00:00 GMT+0100 (British Summer Time),0.006,0.0091,0.3099,1641.2244841732381
Sat May 11 2024 17:00:00 GMT+0100 (British Summer Time),0.006,0.0091,0.3137,8221.172745598356
Sat May 11 2024 18:00:00 GMT+0100 (British Summer Time),0.006,0.0091,0.3141,967.570918226301
Sat May 11 2024 19:00:00 GMT+0100 (British Summer Time),0.006,0.0091,0.3141,0
Sat May 11 2024 20:00:00 GMT+0100 (British Summer Time),0.006,0.0091,0.3148,1603.66115050519
Sat May 11 2024 21:00:00 GMT+0100 (British Summer Time),0.006,0.0091,0.3095,16974.858672135982
Sat May 11 2024 22:00:00 GMT+0100 (British Summer Time),0.006,0.0091,0.2846,149232.3616624784
Sat May 11 2024 23:00:00 GMT+0100 (British Summer Time),0.006,0.0091,0.2866,4290.366220844594
Sun May 12 2024 00:00:00 GMT+0100 (British Summer Time),0.006,0.0091,0.3003,29295.75247877567
Sun May 12 2024 01:00:00 GMT+0100 (British Summer Time),0.006,0.0091,0.2895,28898.172722926745
Sun May 12 2024 02:00:00 GMT+0100 (British Summer Time),0.006,0.0091,0.2908,2836.3621500135964
Sun May 12 2024 03:00:00 GMT+0100 (British Summer Time),0.006,0.0091,0.2908,0
Sun May 12 2024 04:00:00 GMT+0100 (British Summer Time),0.006,0.0091,0.292,2661.683211207713
Sun May 12 2024 05:00:00 GMT+0100 (British Summer Time),0.006,0.0091,0.2915,2862.988020158584
Sun May 12 2024 06:00:00 GMT+0100 (British Summer Time),0.006,0.0091,0.2915,0
Sun May 12 2024 07:00:00 GMT+0100 (British Summer Time),0.1562,0.0241,0.2761,78125.99654349328
Sun May 12 2024 08:00:00 GMT+0100 (British Summer Time),0.1562,0.0241,0.2776,3234.2319074340153
Sun May 12 2024 09:00:00 GMT+0100 (British Summer Time),0.1562,0.0241,0.2139,560028.9668624464
Sun May 12 2024 10:00:00 GMT+0100 (British Summer Time),0.1562,0.0241,0.2139,0
Sun May 12 2024 11:00:00 GMT+0100 (British Summer Time),0.1562,0.0241,0.2137,8035.514030227307
Sun May 12 2024 12:00:00 GMT+0100 (British Summer Time),0.1562,0.0241,0.2227,51580.372859595576
Sun May 12 2024 13:00:00 GMT+0100 (British Summer Time),0.1562,0.0241,0.2293,11659.185917830755
Sun May 12 2024 14:00:00 GMT+0100 (British Summer Time),0.1562,0.0241,0.2321,6188.13666828339
Sun May 12 2024 15:00:00 GMT+0100 (British Summer Time),0.1562,0.0241,0.2321,0
Sun May 12 2024 16:00:00 GMT+0100 (British Summer Time),0.1562,0.0241,0.2374,11063.969681020113
Sun May 12 2024 17:00:00 GMT+0100 (British Summer Time),0.1562,0.0241,0.2374,27.624420459029245
Sun May 12 2024 18:00:00 GMT+0100 (British Summer Time),0.1562,0.0241,0.2373,56.90385055618742
Sun May 12 2024 19:00:00 GMT+0100 (British Summer Time),0.1562,0.0241,0.2588,55630.83347462125
Sun May 12 2024 20:00:00 GMT+0100 (British Summer Time),0.1562,0.0241,0.2588,0
Sun May 12 2024 21:00:00 GMT+0100 (British Summer Time),0.1562,0.0241,0.2597,1939.942541955057
Sun May 12 2024 22:00:00 GMT+0100 (British Summer Time),0.1562,0.0241,0.2605,1556.1565695769787
Sun May 12 2024 23:00:00 GMT+0100 (British Summer Time),0.1562,0.0241,0.2623,3877.0119358546253
Mon May 13 2024 00:00:00 GMT+0100 (British Summer Time),0.1562,0.0241,0.2623,2848.1297964467917
Mon May 13 2024 01:00:00 GMT+0100 (British Summer Time),0.1562,0.0241,0.2636,46.349924085989606
Mon May 13 2024 02:00:00 GMT+0100 (British Summer Time),0.1562,0.0241,0.2636,0
Mon May 13 2024 03:00:00 GMT+0100 (British Summer Time),0.1562,0.0241,0.2636,0
Mon May 13 2024 04:00:00 GMT+0100 (British Summer Time),0.1562,0.0241,0.2635,260.1107740211595
Mon May 13 2024 05:00:00 GMT+0100 (British Summer Time),0.1562,0.0241,0.2635,0
Mon May 13 2024 06:00:00 GMT+0100 (British Summer Time),0.1562,0.0241,0.2646,2362.3301731697666
Mon May 13 2024 07:00:00 GMT+0100 (British Summer Time),0.0596,0.0322,0.2646,0
Mon May 13 2024 08:00:00 GMT+0100 (British Summer Time),0.0597,0.0323,0.265,97917.89314795412
Mon May 13 2024 09:00:00 GMT+0100 (British Summer Time),0.0596,0.0322,0.265,0
Mon May 13 2024 10:00:00 GMT+0100 (British Summer Time),0.0596,0.0322,0.265,0
Mon May 13 2024 11:00:00 GMT+0100 (British Summer Time),0.0596,0.0322,0.265,0
Mon May 13 2024 12:00:00 GMT+0100 (British Summer Time),0.0596,0.0322,0.2579,16389.991288982263
Mon May 13 2024 13:00:00 GMT+0100 (British Summer Time),0.0596,0.0322,0.2583,97.92882380185202
Mon May 13 2024 14:00:00 GMT+0100 (British Summer Time),0.0596,0.0322,0.2583,0
Mon May 13 2024 15:00:00 GMT+0100 (British Summer Time),0.0596,0.0322,0.2583,0
Mon May 13 2024 16:00:00 GMT+0100 (British Summer Time),0.0596,0.0322,0.2583,0
Mon May 13 2024 17:00:00 GMT+0100 (British Summer Time),0.0597,0.0323,0.2583,0
Mon May 13 2024 18:00:00 GMT+0100 (British Summer Time),0.0596,0.0322,0.2583,0
Mon May 13 2024 19:00:00 GMT+0100 (British Summer Time),0.0596,0.0322,0.2583,0
Mon May 13 2024 20:00:00 GMT+0100 (British Summer Time),0.0596,0.0322,0.2583,0
Mon May 13 2024 21:00:00 GMT+0100 (British Summer Time),0.0596,0.0322,0.2583,0
Mon May 13 2024 22:00:00 GMT+0100 (British Summer Time),0.0596,0.0322,0.2583,0
Mon May 13 2024 23:00:00 GMT+0100 (British Summer Time),0.0596,0.0322,0.2583,0
Tue May 14 2024 00:00:00 GMT+0100 (British Summer Time),0.0596,0.0322,0.2597,2866.0655688656952
Tue May 14 2024 01:00:00 GMT+0100 (British Summer Time),0.0596,0.0322,0.2597,0
Tue May 14 2024 02:00:00 GMT+0100 (British Summer Time),0.0597,0.0323,0.2597,0
Tue May 14 2024 03:00:00 GMT+0100 (British Summer Time),0.0596,0.0322,0.2597,0
Tue May 14 2024 04:00:00 GMT+0100 (British Summer Time),0.0596,0.0322,0.2596,44.790609829674125
Tue May 14 2024 05:00:00 GMT+0100 (British Summer Time),0.0596,0.0322,0.2591,1156.0407484084901
Tue May 14 2024 06:00:00 GMT+0100 (British Summer Time),0.0596,0.0322,0.2606,3185.194994995281
Tue May 14 2024 07:00:00 GMT+0100 (British Summer Time),0.0249,0.0353,0.2602,777.392805766963
Tue May 14 2024 08:00:00 GMT+0100 (British Summer Time),0.0249,0.0353,0.2616,3047.2803242893406
Tue May 14 2024 09:00:00 GMT+0100 (British Summer Time),0.0249,0.0353,0.2632,3256.4926794694475
Tue May 14 2024 10:00:00 GMT+0100 (British Summer Time),0.0249,0.0353,0.2628,1254.354607748289
Tue May 14 2024 11:00:00 GMT+0100 (British Summer Time),0.0249,0.0353,0.2626,0
Tue May 14 2024 12:00:00 GMT+0100 (British Summer Time),0.0249,0.0353,0.2654,5887.447944448107
Tue May 14 2024 13:00:00 GMT+0100 (British Summer Time),0.0249,0.0353,0.2654,0
Tue May 14 2024 14:00:00 GMT+0100 (British Summer Time),0.0249,0.0353,0.2648,5424.764884457525
Tue May 14 2024 15:00:00 GMT+0100 (British Summer Time),0.0249,0.0353,0.2648,0
Tue May 14 2024 16:00:00 GMT+0100 (British Summer Time),0.0249,0.0353,0.2648,0
Tue May 14 2024 17:00:00 GMT+0100 (British Summer Time),0.0249,0.0353,0.2648,0
Tue May 14 2024 18:00:00 GMT+0100 (British Summer Time),0.0249,0.0353,0.2662,3021.22856097775
Tue May 14 2024 19:00:00 GMT+0100 (British Summer Time),0.0249,0.0353,0.2558,21815.63318626471
Tue May 14 2024 20:00:00 GMT+0100 (British Summer Time),0.0249,0.0353,0.2558,0
Tue May 14 2024 21:00:00 GMT+0100 (British Summer Time),0.0249,0.0353,0.2558,0
Tue May 14 2024 22:00:00 GMT+0100 (British Summer Time),0.0249,0.0353,0.2558,0
Tue May 14 2024 23:00:00 GMT+0100 (British Summer Time),0.0249,0.0353,0.2558,0
Wed May 15 2024 00:00:00 GMT+0100 (British Summer Time),0.0249,0.0353,0.2571,2812.2538793312015
Wed May 15 2024 01:00:00 GMT+0100 (British Summer Time),0.0249,0.0353,0.2571,0
Wed May 15 2024 02:00:00 GMT+0100 (British Summer Time),0.0249,0.0353,0.2571,0
Wed May 15 2024 03:00:00 GMT+0100 (British Summer Time),0.0249,0.0353,0.2571,0
Wed May 15 2024 04:00:00 GMT+0100 (British Summer Time),0.0249,0.0353,0.2526,13824.384493154012
Wed May 15 2024 05:00:00 GMT+0100 (British Summer Time),0.0249,0.0353,0.2526,0
Wed May 15 2024 06:00:00 GMT+0100 (British Summer Time),0.0249,0.0353,0.2492,7228.734183137083
Wed May 15 2024 07:00:00 GMT+0100 (British Summer Time),0.0011,0.035,0.2492,0
Wed May 15 2024 08:00:00 GMT+0100 (British Summer Time),0.0011,0.035,0.2492,0
Wed May 15 2024 09:00:00 GMT+0100 (British Summer Time),0.0011,0.035,0.2543,247306.74467472848
Wed May 15 2024 10:00:00 GMT+0100 (British Summer Time),0.0011,0.035,0.2606,13224.16022509355
Wed May 15 2024 11:00:00 GMT+0100 (British Summer Time),0.0011,0.035,0.263,5190.671453183002
Wed May 15 2024 12:00:00 GMT+0100 (British Summer Time),0.0011,0.035,0.2635,1011.0273689585794
Wed May 15 2024 13:00:00 GMT+0100 (British Summer Time),0.0011,0.035,0.2373,89560.76028021304
Wed May 15 2024 14:00:00 GMT+0100 (British Summer Time),0.0011,0.035,0.2373,0
Wed May 15 2024 15:00:00 GMT+0100 (British Summer Time),0.0011,0.035,0.2373,0
Wed May 15 2024 16:00:00 GMT+0100 (British Summer Time),0.0011,0.035,0.2373,0
Wed May 15 2024 17:00:00 GMT+0100 (British Summer Time),0.0011,0.035,0.2373,3255.9254058544198
Wed May 15 2024 18:00:00 GMT+0100 (British Summer Time),0.0011,0.035,0.2388,0
Wed May 15 2024 19:00:00 GMT+0100 (British Summer Time),0.0011,0.035,0.2388,0
Wed May 15 2024 20:00:00 GMT+0100 (British Summer Time),0.0011,0.035,0.2388,0
Wed May 15 2024 21:00:00 GMT+0100 (British Summer Time),0.0011,0.035,0.2388,0
Wed May 15 2024 22:00:00 GMT+0100 (British Summer Time),0.0011,0.035,0.2493,39274.27964417927
Wed May 15 2024 23:00:00 GMT+0100 (British Summer Time),0.0011,0.035,0.2493,0
Thu May 16 2024 00:00:00 GMT+0100 (British Summer Time),0.0011,0.035,0.2493,0
Thu May 16 2024 01:00:00 GMT+0100 (British Summer Time),0.0011,0.035,0.2493,0
Thu May 16 2024 02:00:00 GMT+0100 (British Summer Time),0.0011,0.035,0.2615,26944.371767208962
Thu May 16 2024 03:00:00 GMT+0100 (British Summer Time),0.0011,0.035,0.2615,0
Thu May 16 2024 04:00:00 GMT+0100 (British Summer Time),0.0011,0.035,0.2675,129676.70483338778
Thu May 16 2024 05:00:00 GMT+0100 (British Summer Time),0.0011,0.035,0.2675,0
Thu May 16 2024 06:00:00 GMT+0100 (British Summer Time),0.0011,0.035,0.2675,0
Thu May 16 2024 07:00:00 GMT+0100 (British Summer Time),0.0049,0.0351,0.2675,0
Thu May 16 2024 08:00:00 GMT+0100 (British Summer Time),0.0049,0.0351,0.2468,45652.87741620776
Thu May 16 2024 09:00:00 GMT+0100 (British Summer Time),0.0049,0.0351,0.2468,0
Thu May 16 2024 10:00:00 GMT+0100 (British Summer Time),0.0049,0.0351,0.2468,0
Thu May 16 2024 11:00:00 GMT+0100 (British Summer Time),0.0049,0.0351,0.2468,31.85839137273813
Thu May 16 2024 12:00:00 GMT+0100 (British Summer Time),0.0049,0.0351,0.2468,2083.640154185749
Thu May 16 2024 13:00:00 GMT+0100 (British Summer Time),0.0041,0.034,0.2468,0
Thu May 16 2024 14:00:00 GMT+0100 (British Summer Time),0.0041,0.034,0.2468,0
Thu May 16 2024 15:00:00 GMT+0100 (British Summer Time),0.0041,0.034,0.2468,0
Thu May 16 2024 16:00:00 GMT+0100 (British Summer Time),0.0041,0.034,0.2468,0
Thu May 16 2024 17:00:00 GMT+0100 (British Summer Time),0.0041,0.034,0.2468,0
Thu May 16 2024 18:00:00 GMT+0100 (British Summer Time),0.0041,0.034,0.2468,0
Thu May 16 2024 19:00:00 GMT+0100 (British Summer Time),0.0041,0.034,0.2468,0
Thu May 16 2024 20:00:00 GMT+0100 (British Summer Time),0.0041,0.034,0.2468,0
Thu May 16 2024 21:00:00 GMT+0100 (British Summer Time),0.0041,0.034,0.2468,0
Thu May 16 2024 22:00:00 GMT+0100 (British Summer Time),0.0041,0.034,0.2468,0
Thu May 16 2024 23:00:00 GMT+0100 (British Summer Time),0.0041,0.034,0.2466,432.07127821877333
Fri May 17 2024 00:00:00 GMT+0100 (British Summer Time),0.0041,0.034,0.246,1258.440135808999
Fri May 17 2024 01:00:00 GMT+0100 (British Summer Time),0.0041,0.034,0.246,66.1933703076327
Fri May 17 2024 02:00:00 GMT+0100 (British Summer Time),0.0041,0.034,0.246,51.502737211442124
Fri May 17 2024 03:00:00 GMT+0100 (British Summer Time),0.0041,0.034,0.246,0
Fri May 17 2024 04:00:00 GMT+0100 (British Summer Time),0.0041,0.034,0.246,0
Fri May 17 2024 05:00:00 GMT+0100 (British Summer Time),0.0041,0.034,0.246,0
Fri May 17 2024 06:00:00 GMT+0100 (British Summer Time),0.0041,0.034,0.245,8051.095011400735
Fri May 17 2024 07:00:00 GMT+0100 (British Summer Time),0.0019,0.0351,0.245,0
Fri May 17 2024 08:00:00 GMT+0100 (British Summer Time),0.0019,0.0351,0.245,0
Fri May 17 2024 09:00:00 GMT+0100 (British Summer Time),0.0019,0.0351,0.245,0.1296577133223243
Fri May 17 2024 10:00:00 GMT+0100 (British Summer Time),0.0019,0.0351,0.245,0
Fri May 17 2024 11:00:00 GMT+0100 (British Summer Time),0.0019,0.0351,0.245,0
Fri May 17 2024 12:00:00 GMT+0100 (British Summer Time),0.0019,0.0351,0.245,0
Fri May 17 2024 13:00:00 GMT+0100 (British Summer Time),0.0022,0.0351,0.2509,59620.83712876986
Fri May 17 2024 14:00:00 GMT+0100 (British Summer Time),0.0022,0.0351,0.2525,3718.73273727619
Fri May 17 2024 15:00:00 GMT+0100 (British Summer Time),0.0022,0.0351,0.2654,96691.33138441056
Fri May 17 2024 16:00:00 GMT+0100 (British Summer Time),0.0022,0.0351,0.2654,0
Fri May 17 2024 17:00:00 GMT+0100 (British Summer Time),0.0022,0.0351,0.2585,15545.488082319898
Fri May 17 2024 18:00:00 GMT+0100 (British Summer Time),0.0022,0.0351,0.2584,431.93185376679645
Fri May 17 2024 19:00:00 GMT+0100 (British Summer Time),0.0022,0.0351,0.2582,430.44003274684144
Fri May 17 2024 20:00:00 GMT+0100 (British Summer Time),0.0022,0.0351,0.2582,0
Fri May 17 2024 21:00:00 GMT+0100 (British Summer Time),0.0022,0.0351,0.2582,0
Fri May 17 2024 22:00:00 GMT+0100 (British Summer Time),0.0022,0.0351,0.2582,0
Fri May 17 2024 23:00:00 GMT+0100 (British Summer Time),0.0022,0.0351,0.2582,0
Sat May 18 2024 00:00:00 GMT+0100 (British Summer Time),0.0022,0.0351,0.2582,0
Sat May 18 2024 01:00:00 GMT+0100 (British Summer Time),0.0022,0.0351,0.2582,0
Sat May 18 2024 02:00:00 GMT+0100 (British Summer Time),0.0022,0.0351,0.2582,0
Sat May 18 2024 03:00:00 GMT+0100 (British Summer Time),0.0022,0.0351,0.2582,0
Sat May 18 2024 04:00:00 GMT+0100 (British Summer Time),0.0022,0.0351,0.2582,0
Sat May 18 2024 05:00:00 GMT+0100 (British Summer Time),0.0022,0.0351,0.2582,0
Sat May 18 2024 06:00:00 GMT+0100 (British Summer Time),0.0022,0.0351,0.2582,0
Sat May 18 2024 07:00:00 GMT+0100 (British Summer Time),0.004,0.0348,0.2582,0
Sat May 18 2024 08:00:00 GMT+0100 (British Summer Time),0.004,0.0348,0.2582,0
Sat May 18 2024 09:00:00 GMT+0100 (British Summer Time),0.004,0.0348,0.2582,0
Sat May 18 2024 10:00:00 GMT+0100 (British Summer Time),0.004,0.0348,0.2576,1307.6237936157122
Sat May 18 2024 11:00:00 GMT+0100 (British Summer Time),0.004,0.0348,0.2576,0
Sat May 18 2024 12:00:00 GMT+0100 (British Summer Time),0.004,0.0348,0.2599,7497.205374196026
Sat May 18 2024 13:00:00 GMT+0100 (British Summer Time),0.004,0.0348,0.2599,0
Sat May 18 2024 14:00:00 GMT+0100 (British Summer Time),0.004,0.0348,0.26,224.66116918457777
Sat May 18 2024 15:00:00 GMT+0100 (British Summer Time),0.004,0.0348,0.26,0
Sat May 18 2024 16:00:00 GMT+0100 (British Summer Time),0.004,0.0348,0.2671,17524.39731176446
Sat May 18 2024 17:00:00 GMT+0100 (British Summer Time),0.004,0.0348,0.2671,0
Sat May 18 2024 18:00:00 GMT+0100 (British Summer Time),0.004,0.0348,0.252,34510.122409919495
Sat May 18 2024 19:00:00 GMT+0100 (British Summer Time),0.004,0.0348,0.252,0
Sat May 18 2024 20:00:00 GMT+0100 (British Summer Time),0.004,0.0348,0.252,0
Sat May 18 2024 21:00:00 GMT+0100 (British Summer Time),0.004,0.0348,0.252,0
Sat May 18 2024 22:00:00 GMT+0100 (British Summer Time),0.004,0.0348,0.252,0
Sat May 18 2024 23:00:00 GMT+0100 (British Summer Time),0.004,0.0348,0.252,0
Sun May 19 2024 00:00:00 GMT+0100 (British Summer Time),0.004,0.0348,0.252,0
Sun May 19 2024 01:00:00 GMT+0100 (British Summer Time),0.004,0.0348,0.25,4447.417339522828
Sun May 19 2024 02:00:00 GMT+0100 (British Summer Time),0.004,0.0348,0.2508,1822.9935192032308
Sun May 19 2024 03:00:00 GMT+0100 (British Summer Time),0.004,0.0348,0.2508,0
Sun May 19 2024 04:00:00 GMT+0100 (British Summer Time),0.004,0.0348,0.2508,0
Sun May 19 2024 05:00:00 GMT+0100 (British Summer Time),0.004,0.0348,0.2508,0
Sun May 19 2024 06:00:00 GMT+0100 (British Summer Time),0.004,0.0348,0.2508,0
Sun May 19 2024 07:00:00 GMT+0100 (British Summer Time),0.0028,0.014,0.2508,0
Sun May 19 2024 08:00:00 GMT+0100 (British Summer Time),0.0028,0.014,0.2508,0
Sun May 19 2024 09:00:00 GMT+0100 (British Summer Time),0.0028,0.014,0.2508,0
Sun May 19 2024 10:00:00 GMT+0100 (British Summer Time),0.0028,0.014,0.2508,0
Sun May 19 2024 11:00:00 GMT+0100 (British Summer Time),0.0028,0.014,0.2508,0
Sun May 19 2024 12:00:00 GMT+0100 (British Summer Time),0.0028,0.014,0.2506,457.46045051889115
Sun May 19 2024 13:00:00 GMT+0100 (British Summer Time),0.0028,0.014,0.2525,4298.2807376589835
Sun May 19 2024 14:00:00 GMT+0100 (British Summer Time),0.0028,0.014,0.2564,8680.597769774646
Sun May 19 2024 15:00:00 GMT+0100 (British Summer Time),0.0028,0.014,0.2619,12538.766518555216
Sun May 19 2024 16:00:00 GMT+0100 (British Summer Time),0.0028,0.014,0.2587,7403.246949138036
Sun May 19 2024 17:00:00 GMT+0100 (British Summer Time),0.0028,0.014,0.2587,0
Sun May 19 2024 18:00:00 GMT+0100 (British Summer Time),0.0028,0.014,0.2604,3925.5360754589033
Sun May 19 2024 19:00:00 GMT+0100 (British Summer Time),0.0028,0.014,0.2604,2969.2061870359616
Sun May 19 2024 20:00:00 GMT+0100 (British Summer Time),0.0028,0.014,0.2611,4506.453760510487
Sun May 19 2024 21:00:00 GMT+0100 (British Summer Time),0.0028,0.014,0.2611,0
Sun May 19 2024 22:00:00 GMT+0100 (British Summer Time),0.0028,0.014,0.2611,0
Sun May 19 2024 23:00:00 GMT+0100 (British Summer Time),0.0028,0.014,0.2611,0
Mon May 20 2024 00:00:00 GMT+0100 (British Summer Time),0.0028,0.014,0.2461,33883.49546047135
Mon May 20 2024 01:00:00 GMT+0100 (British Summer Time),0.0028,0.014,0.2461,0
Mon May 20 2024 02:00:00 GMT+0100 (British Summer Time),0.0028,0.014,0.2461,0
Mon May 20 2024 03:00:00 GMT+0100 (British Summer Time),0.0028,0.014,0.2461,0
Mon May 20 2024 04:00:00 GMT+0100 (British Summer Time),0.0028,0.014,0.2461,0
Mon May 20 2024 05:00:00 GMT+0100 (British Summer Time),0.0028,0.014,0.2475,3190.987220199732
Mon May 20 2024 06:00:00 GMT+0100 (British Summer Time),0.0028,0.014,0.2475,0
Mon May 20 2024 07:00:00 GMT+0100 (British Summer Time),0.0061,0.0065,0.25,5778.534751835726
Mon May 20 2024 08:00:00 GMT+0100 (British Summer Time),0.0061,0.0065,0.2514,9822.854171404217
Mon May 20 2024 09:00:00 GMT+0100 (British Summer Time),0.0061,0.0065,0.263,26275.44017317958
Mon May 20 2024 10:00:00 GMT+0100 (British Summer Time),0.0061,0.0065,0.2486,32712.653814200974
Mon May 20 2024 11:00:00 GMT+0100 (British Summer Time),0.0061,0.0065,0.2486,0
Mon May 20 2024 12:00:00 GMT+0100 (British Summer Time),0.0061,0.0065,0.2486,0
Mon May 20 2024 13:00:00 GMT+0100 (British Summer Time),0.0061,0.0065,0.2486,0
Mon May 20 2024 14:00:00 GMT+0100 (British Summer Time),0.0061,0.0065,0.2486,0
Mon May 20 2024 15:00:00 GMT+0100 (British Summer Time),0.0061,0.0065,0.2486,0
Mon May 20 2024 16:00:00 GMT+0100 (British Summer Time),0.0061,0.0065,0.2401,19310.05750664886
Mon May 20 2024 17:00:00 GMT+0100 (British Summer Time),0.0061,0.0065,0.2401,0
Mon May 20 2024 18:00:00 GMT+0100 (British Summer Time),0.0061,0.0065,0.2401,0
Mon May 20 2024 19:00:00 GMT+0100 (British Summer Time),0.0061,0.0065,0.2401,0
Mon May 20 2024 20:00:00 GMT+0100 (British Summer Time),0.0061,0.0065,0.2401,0
Mon May 20 2024 21:00:00 GMT+0100 (British Summer Time),0.0061,0.0065,0.2472,18238.40175365329
Mon May 20 2024 22:00:00 GMT+0100 (British Summer Time),0.0061,0.0065,0.2472,0
Mon May 20 2024 23:00:00 GMT+0100 (British Summer Time),0.0061,0.0065,0.1779,468876.35342523106
Tue May 21 2024 00:00:00 GMT+0100 (British Summer Time),0.0061,0.0065,0.1779,0
Tue May 21 2024 01:00:00 GMT+0100 (British Summer Time),0.0061,0.0065,0.1779,0
Tue May 21 2024 02:00:00 GMT+0100 (British Summer Time),0.0061,0.0065,0.1876,25177.87765254894
Tue May 21 2024 03:00:00 GMT+0100 (British Summer Time),0.0061,0.0065,0.2125,65374.36137734044
Tue May 21 2024 04:00:00 GMT+0100 (British Summer Time),0.0061,0.0065,0.2125,0
Tue May 21 2024 05:00:00 GMT+0100 (British Summer Time),0.0061,0.0065,0.2125,0
Tue May 21 2024 06:00:00 GMT+0100 (British Summer Time),0.0061,0.0065,0.2125,0
Tue May 21 2024 07:00:00 GMT+0100 (British Summer Time),0.1577,0.0242,0.2125,0
Tue May 21 2024 08:00:00 GMT+0100 (British Summer Time),0.1578,0.0242,0.2125,299.7053534934155
Tue May 21 2024 09:00:00 GMT+0100 (British Summer Time),0.1577,0.0242,0.2125,0
Tue May 21 2024 10:00:00 GMT+0100 (British Summer Time),0.1577,0.0242,0.2123,52809.30320937773
Tue May 21 2024 11:00:00 GMT+0100 (British Summer Time),0.1582,0.0242,0.2123,0
Tue May 21 2024 12:00:00 GMT+0100 (British Summer Time),0.1577,0.0242,0.2258,67958.81101730245
Tue May 21 2024 13:00:00 GMT+0100 (British Summer Time),0.1577,0.0242,0.2258,0
Tue May 21 2024 14:00:00 GMT+0100 (British Summer Time),0.1577,0.0242,0.2325,50635.695918069185
Tue May 21 2024 15:00:00 GMT+0100 (British Summer Time),0.1582,0.0242,0.2325,0
Tue May 21 2024 16:00:00 GMT+0100 (British Summer Time),0.1577,0.0242,0.2979,781272.0011856251
Tue May 21 2024 17:00:00 GMT+0100 (British Summer Time),0.1577,0.0242,0.2979,0
Tue May 21 2024 18:00:00 GMT+0100 (British Summer Time),0.1577,0.0242,0.2979,0
Tue May 21 2024 19:00:00 GMT+0100 (British Summer Time),0.1577,0.0242,0.2979,0
Tue May 21 2024 20:00:00 GMT+0100 (British Summer Time),0.1582,0.0242,0.2979,0
Tue May 21 2024 21:00:00 GMT+0100 (British Summer Time),0.1577,0.0242,0.2757,61177.59226566735
Tue May 21 2024 22:00:00 GMT+0100 (British Summer Time),0.1577,0.0242,0.281,58648.233348447015
Tue May 21 2024 23:00:00 GMT+0100 (British Summer Time),0.1577,0.0242,0.281,0
Wed May 22 2024 00:00:00 GMT+0100 (British Summer Time),0.1582,0.0242,0.281,0
Wed May 22 2024 01:00:00 GMT+0100 (British Summer Time),0.1577,0.0242,0.281,0
Wed May 22 2024 02:00:00 GMT+0100 (British Summer Time),0.1577,0.0242,0.2525,94111.0084457052
Wed May 22 2024 03:00:00 GMT+0100 (British Summer Time),0.1578,0.0242,0.2496,8181.904691784071
Wed May 22 2024 04:00:00 GMT+0100 (British Summer Time),0.158,0.0242,0.2496,0
Wed May 22 2024 05:00:00 GMT+0100 (British Summer Time),0.1581,0.0242,0.2306,52374.782792325575
Wed May 22 2024 06:00:00 GMT+0100 (British Summer Time),0.1577,0.0242,0.2292,3865.3876752904175
Wed May 22 2024 07:00:00 GMT+0100 (British Summer Time),0.1766,0.0481,0.2237,27436.10178699554
Wed May 22 2024 08:00:00 GMT+0100 (British Summer Time),0.1767,0.0481,0.2676,122647.01623943285
Wed May 22 2024 09:00:00 GMT+0100 (British Summer Time),0.1768,0.0481,0.2676,0
Wed May 22 2024 10:00:00 GMT+0100 (British Summer Time),0.177,0.0481,0.2676,0
Wed May 22 2024 11:00:00 GMT+0100 (British Summer Time),0.1765,0.0481,0.2676,0
Wed May 22 2024 12:00:00 GMT+0100 (British Summer Time),0.1766,0.0481,0.2676,0
Wed May 22 2024 13:00:00 GMT+0100 (British Summer Time),0.1768,0.0481,0.2676,0
Wed May 22 2024 14:00:00 GMT+0100 (British Summer Time),0.1769,0.0481,0.2676,0
Wed May 22 2024 15:00:00 GMT+0100 (British Summer Time),0.1765,0.0481,0.2676,0
Wed May 22 2024 16:00:00 GMT+0100 (British Summer Time),0.1766,0.0481,0.2655,5772.024521789477
Wed May 22 2024 17:00:00 GMT+0100 (British Summer Time),0.1767,0.0481,0.2655,0
Wed May 22 2024 18:00:00 GMT+0100 (British Summer Time),0.1768,0.0481,0.2655,0
Wed May 22 2024 19:00:00 GMT+0100 (British Summer Time),0.177,0.0481,0.2655,0
Wed May 22 2024 20:00:00 GMT+0100 (British Summer Time),0.1765,0.0481,0.2627,12000.079962925822
Wed May 22 2024 21:00:00 GMT+0100 (British Summer Time),0.1766,0.0481,0.2627,0
Wed May 22 2024 22:00:00 GMT+0100 (British Summer Time),0.1768,0.0481,0.2627,0
Wed May 22 2024 23:00:00 GMT+0100 (British Summer Time),0.1769,0.0481,0.2494,37600.2007140244
Thu May 23 2024 00:00:00 GMT+0100 (British Summer Time),0.1765,0.0481,0.2494,0
Thu May 23 2024 01:00:00 GMT+0100 (British Summer Time),0.1768,0.0481,0.2494,0
Thu May 23 2024 02:00:00 GMT+0100 (British Summer Time),0.1769,0.0481,0.2507,3715.4736897238317
Thu May 23 2024 03:00:00 GMT+0100 (British Summer Time),0.1769,0.0481,0.2507,0
Thu May 23 2024 04:00:00 GMT+0100 (British Summer Time),0.1769,0.0481,0.2507,0
Thu May 23 2024 05:00:00 GMT+0100 (British Summer Time),0.1768,0.0481,0.2507,19.867404738441017
Thu May 23 2024 06:00:00 GMT+0100 (British Summer Time),0.1765,0.0481,0.2507,0
Thu May 23 2024 07:00:00 GMT+0100 (British Summer Time),0.0099,0.0488,0.2671,46444.37747605257
Thu May 23 2024 08:00:00 GMT+0100 (British Summer Time),0.0099,0.0488,0.2669,566.9252523810603
Thu May 23 2024 09:00:00 GMT+0100 (British Summer Time),0.0099,0.0488,0.2669,0
Thu May 23 2024 10:00:00 GMT+0100 (British Summer Time),0.0099,0.0488,0.2575,27075.482363029423
Thu May 23 2024 11:00:00 GMT+0100 (British Summer Time),0.0099,0.0488,0.2575,0
Thu May 23 2024 12:00:00 GMT+0100 (British Summer Time),0.0099,0.0488,0.2575,0
Thu May 23 2024 13:00:00 GMT+0100 (British Summer Time),0.0099,0.0505,0.2575,18487.851046126845
Thu May 23 2024 14:00:00 GMT+0100 (British Summer Time),0.0099,0.0505,0.2599,11194.629771334266
Thu May 23 2024 15:00:00 GMT+0100 (British Summer Time),0.0099,0.0505,0.2599,0
Thu May 23 2024 16:00:00 GMT+0100 (British Summer Time),0.0099,0.0505,0.2599,0
Thu May 23 2024 17:00:00 GMT+0100 (British Summer Time),0.0099,0.0505,0.2599,0
Thu May 23 2024 18:00:00 GMT+0100 (British Summer Time),0.0099,0.0505,0.2599,0
Thu May 23 2024 19:00:00 GMT+0100 (British Summer Time),0.0099,0.0505,0.2599,0
Thu May 23 2024 20:00:00 GMT+0100 (British Summer Time),0.0099,0.0505,0.2574,6917.574039091368
Thu May 23 2024 21:00:00 GMT+0100 (British Summer Time),0.0099,0.0505,0.2559,10361.537074160324
Thu May 23 2024 22:00:00 GMT+0100 (British Summer Time),0.0099,0.0505,0.2558,0
Thu May 23 2024 23:00:00 GMT+0100 (British Summer Time),0.0099,0.0505,0.2558,0
Fri May 24 2024 00:00:00 GMT+0100 (British Summer Time),0.0099,0.0505,0.2558,0
Fri May 24 2024 01:00:00 GMT+0100 (British Summer Time),0.0099,0.0505,0.2554,1380.7172601249474
Fri May 24 2024 02:00:00 GMT+0100 (British Summer Time),0.0099,0.0505,0.2505,47714.124677678716
Fri May 24 2024 03:00:00 GMT+0100 (British Summer Time),0.0099,0.0505,0.2505,0
Fri May 24 2024 04:00:00 GMT+0100 (British Summer Time),0.0099,0.0505,0.2492,3745.4642546510313
Fri May 24 2024 05:00:00 GMT+0100 (British Summer Time),0.0099,0.0505,0.2492,0
Fri May 24 2024 06:00:00 GMT+0100 (British Summer Time),0.0099,0.0505,0.2438,14966.402088569115
Fri May 24 2024 07:00:00 GMT+0100 (British Summer Time),0.0237,0.0521,0.2443,1379.9510562629873
Fri May 24 2024 08:00:00 GMT+0100 (British Summer Time),0.0237,0.0521,0.2384,19709.80226891589
Fri May 24 2024 09:00:00 GMT+0100 (British Summer Time),0.0237,0.0521,0.2538,41615.2963981284
Fri May 24 2024 10:00:00 GMT+0100 (British Summer Time),0.0237,0.0521,0.2538,0
Fri May 24 2024 11:00:00 GMT+0100 (British Summer Time),0.0237,0.0521,0.2538,95.2595035867754
Fri May 24 2024 12:00:00 GMT+0100 (British Summer Time),0.0237,0.0521,0.2537,0
Fri May 24 2024 13:00:00 GMT+0100 (British Summer Time),0.0237,0.0521,0.2537,0
Fri May 24 2024 14:00:00 GMT+0100 (British Summer Time),0.0237,0.0521,0.2537,0
Fri May 24 2024 15:00:00 GMT+0100 (British Summer Time),0.0237,0.0521,0.2537,0
Fri May 24 2024 16:00:00 GMT+0100 (British Summer Time),0.0237,0.0521,0.2537,0
Fri May 24 2024 17:00:00 GMT+0100 (British Summer Time),0.0237,0.0521,0.2537,0
Fri May 24 2024 18:00:00 GMT+0100 (British Summer Time),0.0237,0.0521,0.2537,0
Fri May 24 2024 19:00:00 GMT+0100 (British Summer Time),0.0237,0.0521,0.2537,0
Fri May 24 2024 20:00:00 GMT+0100 (British Summer Time),0.0237,0.0521,0.2537,0
Fri May 24 2024 21:00:00 GMT+0100 (British Summer Time),0.0237,0.0521,0.2537,0
Fri May 24 2024 22:00:00 GMT+0100 (British Summer Time),0.0237,0.0521,0.2537,0
Fri May 24 2024 23:00:00 GMT+0100 (British Summer Time),0.0237,0.0521,0.2533,1343.9761773035698
Sat May 25 2024 00:00:00 GMT+0100 (British Summer Time),0.0237,0.0521,0.2533,0
Sat May 25 2024 01:00:00 GMT+0100 (British Summer Time),0.0236,0.052,0.2533,0
Sat May 25 2024 02:00:00 GMT+0100 (British Summer Time),0.0236,0.0521,0.2533,0
Sat May 25 2024 03:00:00 GMT+0100 (British Summer Time),0.0236,0.0521,0.2533,0
Sat May 25 2024 04:00:00 GMT+0100 (British Summer Time),0.0236,0.052,0.2533,0
Sat May 25 2024 05:00:00 GMT+0100 (British Summer Time),0.0236,0.052,0.2533,0
Sat May 25 2024 06:00:00 GMT+0100 (British Summer Time),0.0236,0.0521,0.2533,0
Sat May 25 2024 07:00:00 GMT+0100 (British Summer Time),0.0064,0.0524,0.2547,4028.3619972935426
Sat May 25 2024 08:00:00 GMT+0100 (British Summer Time),0.0064,0.0524,0.2547,0
Sat May 25 2024 09:00:00 GMT+0100 (British Summer Time),0.0064,0.0524,0.2547,0
Sat May 25 2024 10:00:00 GMT+0100 (British Summer Time),0.0064,0.0524,0.2546,266.30242334765387
Sat May 25 2024 11:00:00 GMT+0100 (British Summer Time),0.0064,0.0524,0.2563,4626.1732375521315
Sat May 25 2024 12:00:00 GMT+0100 (British Summer Time),0.0064,0.0524,0.2563,0
Sat May 25 2024 13:00:00 GMT+0100 (British Summer Time),0.0064,0.0524,0.2704,39319.66955308572
Sat May 25 2024 14:00:00 GMT+0100 (British Summer Time),0.0064,0.0524,0.223,194046.67291613962
Sat May 25 2024 15:00:00 GMT+0100 (British Summer Time),0.0064,0.0524,0.223,0
Sat May 25 2024 16:00:00 GMT+0100 (British Summer Time),0.0064,0.0524,0.2162,20159.505150062294
Sat May 25 2024 17:00:00 GMT+0100 (British Summer Time),0.0064,0.0524,0.2162,0
Sat May 25 2024 18:00:00 GMT+0100 (British Summer Time),0.0064,0.0524,0.2162,0
Sat May 25 2024 19:00:00 GMT+0100 (British Summer Time),0.0064,0.0524,0.2176,3759.9079829093907
Sat May 25 2024 20:00:00 GMT+0100 (British Summer Time),0.0064,0.0524,0.2176,0
Sat May 25 2024 21:00:00 GMT+0100 (British Summer Time),0.0064,0.0524,0.2176,0
Sat May 25 2024 22:00:00 GMT+0100 (British Summer Time),0.0064,0.0524,0.2183,2032.7448381733411
Sat May 25 2024 23:00:00 GMT+0100 (British Summer Time),0.0064,0.0524,0.2183,0
Sun May 26 2024 00:00:00 GMT+0100 (British Summer Time),0.0064,0.0524,0.2183,0
Sun May 26 2024 01:00:00 GMT+0100 (British Summer Time),0.0064,0.0524,0.2183,0
Sun May 26 2024 02:00:00 GMT+0100 (British Summer Time),0.0064,0.0524,0.219,2051.0630341576866
Sun May 26 2024 03:00:00 GMT+0100 (British Summer Time),0.0064,0.0524,0.2187,978.8504928533996
Sun May 26 2024 04:00:00 GMT+0100 (British Summer Time),0.0064,0.0524,0.2346,43816.82496745824
Sun May 26 2024 05:00:00 GMT+0100 (British Summer Time),0.0064,0.0524,0.2339,1994.8705185036292
Sun May 26 2024 06:00:00 GMT+0100 (British Summer Time),0.0064,0.0524,0.2339,0
Sun May 26 2024 07:00:00 GMT+0100 (British Summer Time),0.0075,0.0531,0.2428,24623.966126490614
Sun May 26 2024 08:00:00 GMT+0100 (British Summer Time),0.0075,0.0531,0.2428,207.56357445575134
Sun May 26 2024 09:00:00 GMT+0100 (British Summer Time),0.0075,0.0531,0.2428,0
Sun May 26 2024 10:00:00 GMT+0100 (British Summer Time),0.0075,0.0531,0.2428,0
Sun May 26 2024 11:00:00 GMT+0100 (British Summer Time),0.0075,0.0531,0.2428,0
Sun May 26 2024 12:00:00 GMT+0100 (British Summer Time),0.0075,0.0531,0.2428,0
Sun May 26 2024 13:00:00 GMT+0100 (British Summer Time),0.0075,0.0531,0.2428,0
Sun May 26 2024 14:00:00 GMT+0100 (British Summer Time),0.0075,0.0531,0.2428,0
Sun May 26 2024 15:00:00 GMT+0100 (British Summer Time),0.0075,0.0531,0.2428,0
Sun May 26 2024 16:00:00 GMT+0100 (British Summer Time),0.0075,0.0531,0.2428,0
Sun May 26 2024 17:00:00 GMT+0100 (British Summer Time),0.0075,0.0531,0.2428,0
Sun May 26 2024 18:00:00 GMT+0100 (British Summer Time),0.0075,0.0531,0.2428,0
Sun May 26 2024 19:00:00 GMT+0100 (British Summer Time),0.0075,0.0531,0.2428,0
Sun May 26 2024 20:00:00 GMT+0100 (British Summer Time),0.0075,0.0531,0.2428,0
Sun May 26 2024 21:00:00 GMT+0100 (British Summer Time),0.0075,0.0531,0.2428,0
Sun May 26 2024 22:00:00 GMT+0100 (British Summer Time),0.0075,0.0531,0.2428,0
Sun May 26 2024 23:00:00 GMT+0100 (British Summer Time),0.0075,0.0531,0.2428,0
Mon May 27 2024 00:00:00 GMT+0100 (British Summer Time),0.0075,0.0531,0.2428,0
Mon May 27 2024 01:00:00 GMT+0100 (British Summer Time),0.0075,0.0531,0.2428,0
Mon May 27 2024 02:00:00 GMT+0100 (British Summer Time),0.0075,0.0531,0.2428,0
Mon May 27 2024 03:00:00 GMT+0100 (British Summer Time),0.0075,0.0531,0.2428,0
Mon May 27 2024 04:00:00 GMT+0100 (British Summer Time),0.0075,0.0531,0.2428,0
Mon May 27 2024 05:00:00 GMT+0100 (British Summer Time),0.0076,0.0531,0.2148,147215.78001998438
Mon May 27 2024 06:00:00 GMT+0100 (British Summer Time),0.0076,0.0531,0.2148,0
Mon May 27 2024 07:00:00 GMT+0100 (British Summer Time),0.0049,0.0529,0.2148,0
Mon May 27 2024 08:00:00 GMT+0100 (British Summer Time),0.0049,0.053,0.2197,13945.693677955343
Mon May 27 2024 09:00:00 GMT+0100 (British Summer Time),0.0049,0.053,0.2197,0
Mon May 27 2024 10:00:00 GMT+0100 (British Summer Time),0.0049,0.053,0.2197,0
Mon May 27 2024 11:00:00 GMT+0100 (British Summer Time),0.0049,0.0529,0.2223,7648.807917491201
Mon May 27 2024 12:00:00 GMT+0100 (British Summer Time),0.0049,0.053,0.2223,0
Mon May 27 2024 13:00:00 GMT+0100 (British Summer Time),0.0049,0.053,0.2223,0
Mon May 27 2024 14:00:00 GMT+0100 (British Summer Time),0.0049,0.053,0.2223,0
Mon May 27 2024 15:00:00 GMT+0100 (British Summer Time),0.0049,0.0529,0.2223,0
Mon May 27 2024 16:00:00 GMT+0100 (British Summer Time),0.0049,0.0529,0.2223,0
Mon May 27 2024 17:00:00 GMT+0100 (British Summer Time),0.0049,0.053,0.2223,0
Mon May 27 2024 18:00:00 GMT+0100 (British Summer Time),0.0049,0.053,0.2223,0
Mon May 27 2024 19:00:00 GMT+0100 (British Summer Time),0.0049,0.053,0.2223,0
Mon May 27 2024 20:00:00 GMT+0100 (British Summer Time),0.0049,0.0529,0.2223,0
Mon May 27 2024 21:00:00 GMT+0100 (British Summer Time),0.0049,0.053,0.2223,0
Mon May 27 2024 22:00:00 GMT+0100 (British Summer Time),0.0049,0.053,0.2223,0
Mon May 27 2024 23:00:00 GMT+0100 (British Summer Time),0.0049,0.053,0.2223,0
Tue May 28 2024 00:00:00 GMT+0100 (British Summer Time),0.0049,0.0529,0.2261,10915.174056479922
Tue May 28 2024 01:00:00 GMT+0100 (British Summer Time),0.0049,0.053,0.2261,0
Tue May 28 2024 02:00:00 GMT+0100 (British Summer Time),0.0049,0.053,0.2261,0
Tue May 28 2024 03:00:00 GMT+0100 (British Summer Time),0.0049,0.053,0.2261,0
Tue May 28 2024 04:00:00 GMT+0100 (British Summer Time),0.0049,0.053,0.2261,0
Tue May 28 2024 05:00:00 GMT+0100 (British Summer Time),0.0049,0.0529,0.2261,0
Tue May 28 2024 06:00:00 GMT+0100 (British Summer Time),0.0049,0.053,0.2261,0
Tue May 28 2024 07:00:00 GMT+0100 (British Summer Time),0.0091,0.0325,0.2261,0
Tue May 28 2024 08:00:00 GMT+0100 (British Summer Time),0.0091,0.0325,0.2261,0
Tue May 28 2024 09:00:00 GMT+0100 (British Summer Time),0.0091,0.0325,0.2261,0
Tue May 28 2024 10:00:00 GMT+0100 (British Summer Time),0.0091,0.0325,0.2262,80.10871833670778
Tue May 28 2024 11:00:00 GMT+0100 (British Summer Time),0.0091,0.0325,0.2262,0
Tue May 28 2024 12:00:00 GMT+0100 (British Summer Time),0.0091,0.0325,0.2262,0
Tue May 28 2024 13:00:00 GMT+0100 (British Summer Time),0.0091,0.0325,0.2262,0
Tue May 28 2024 14:00:00 GMT+0100 (British Summer Time),0.0091,0.0325,0.2262,0
Tue May 28 2024 15:00:00 GMT+0100 (British Summer Time),0.0091,0.0325,0.2262,0
Tue May 28 2024 16:00:00 GMT+0100 (British Summer Time),0.0091,0.0325,0.2262,0
Tue May 28 2024 17:00:00 GMT+0100 (British Summer Time),0.0091,0.0325,0.2262,0
Tue May 28 2024 18:00:00 GMT+0100 (British Summer Time),0.0091,0.0325,0.2262,0
Tue May 28 2024 19:00:00 GMT+0100 (British Summer Time),0.0091,0.0325,0.2262,0
Tue May 28 2024 20:00:00 GMT+0100 (British Summer Time),0.0091,0.0325,0.2262,0
Tue May 28 2024 21:00:00 GMT+0100 (British Summer Time),0.0091,0.0325,0.2262,0
Tue May 28 2024 22:00:00 GMT+0100 (British Summer Time),0.0091,0.0325,0.2262,0
Tue May 28 2024 23:00:00 GMT+0100 (British Summer Time),0.0091,0.0325,0.2262,0
Wed May 29 2024 00:00:00 GMT+0100 (British Summer Time),0.0091,0.0325,0.2262,0
Wed May 29 2024 01:00:00 GMT+0100 (British Summer Time),0.0091,0.0325,0.2262,0
Wed May 29 2024 02:00:00 GMT+0100 (British Summer Time),0.0091,0.0325,0.2262,0
Wed May 29 2024 03:00:00 GMT+0100 (British Summer Time),0.0091,0.0325,0.2181,22771.27196626509
Wed May 29 2024 04:00:00 GMT+0100 (British Summer Time),0.0091,0.0325,0.2181,0
Wed May 29 2024 05:00:00 GMT+0100 (British Summer Time),0.0091,0.0325,0.2181,0
Wed May 29 2024 06:00:00 GMT+0100 (British Summer Time),0.0091,0.0325,0.222,10897.269785691049
Wed May 29 2024 07:00:00 GMT+0100 (British Summer Time),0.0046,0.0094,0.222,0
Wed May 29 2024 08:00:00 GMT+0100 (British Summer Time),0.0046,0.0094,0.222,0
Wed May 29 2024 09:00:00 GMT+0100 (British Summer Time),0.0046,0.0094,0.222,0
Wed May 29 2024 10:00:00 GMT+0100 (British Summer Time),0.0046,0.0094,0.222,0
Wed May 29 2024 11:00:00 GMT+0100 (British Summer Time),0.0046,0.0094,0.222,0
Wed May 29 2024 12:00:00 GMT+0100 (British Summer Time),0.0046,0.0094,0.222,0
Wed May 29 2024 13:00:00 GMT+0100 (British Summer Time),0.0046,0.0094,0.222,0
Wed May 29 2024 14:00:00 GMT+0100 (British Summer Time),0.0046,0.0094,0.222,0
Wed May 29 2024 15:00:00 GMT+0100 (British Summer Time),0.0046,0.0094,0.222,0
Wed May 29 2024 16:00:00 GMT+0100 (British Summer Time),0.0046,0.0094,0.222,0
Wed May 29 2024 17:00:00 GMT+0100 (British Summer Time),0.0046,0.0094,0.222,0
Wed May 29 2024 18:00:00 GMT+0100 (British Summer Time),0.0046,0.0094,0.222,0
Wed May 29 2024 19:00:00 GMT+0100 (British Summer Time),0.0046,0.0094,0.222,0
Wed May 29 2024 20:00:00 GMT+0100 (British Summer Time),0.0046,0.0094,0.222,0
Wed May 29 2024 21:00:00 GMT+0100 (British Summer Time),0.0046,0.0094,0.2219,11929.374115999308
Wed May 29 2024 22:00:00 GMT+0100 (British Summer Time),0.0046,0.0094,0.2219,0
Wed May 29 2024 23:00:00 GMT+0100 (British Summer Time),0.0046,0.0094,0.2219,0
Thu May 30 2024 00:00:00 GMT+0100 (British Summer Time),0.0046,0.0094,0.2219,0
Thu May 30 2024 01:00:00 GMT+0100 (British Summer Time),0.0046,0.0094,0.2219,0
Thu May 30 2024 02:00:00 GMT+0100 (British Summer Time),0.0046,0.0094,0.2219,0
Thu May 30 2024 03:00:00 GMT+0100 (British Summer Time),0.0046,0.0094,0.2219,0
Thu May 30 2024 04:00:00 GMT+0100 (British Summer Time),0.0046,0.0094,0.2219,0
Thu May 30 2024 05:00:00 GMT+0100 (British Summer Time),0.0046,0.0094,0.2164,29281.188503322577
Thu May 30 2024 06:00:00 GMT+0100 (British Summer Time),0.0046,0.0094,0.2164,0
Thu May 30 2024 07:00:00 GMT+0100 (British Summer Time),0.1748,0.0315,0.2164,0
Thu May 30 2024 08:00:00 GMT+0100 (British Summer Time),0.1748,0.0315,0.2164,0
Thu May 30 2024 09:00:00 GMT+0100 (British Summer Time),0.1748,0.0315,0.2164,0
Thu May 30 2024 10:00:00 GMT+0100 (British Summer Time),0.1748,0.0315,0.2164,0
Thu May 30 2024 11:00:00 GMT+0100 (British Summer Time),0.1748,0.0315,0.2164,0
Thu May 30 2024 12:00:00 GMT+0100 (British Summer Time),0.1748,0.0315,0.2164,0
Thu May 30 2024 13:00:00 GMT+0100 (British Summer Time),0.1748,0.0315,0.2164,0
Thu May 30 2024 14:00:00 GMT+0100 (British Summer Time),0.1748,0.0315,0.2164,0
Thu May 30 2024 15:00:00 GMT+0100 (British Summer Time),0.1748,0.0315,0.2164,0
Thu May 30 2024 16:00:00 GMT+0100 (British Summer Time),0.1748,0.0315,0.2164,0
Thu May 30 2024 17:00:00 GMT+0100 (British Summer Time),0.1748,0.0315,0.2164,0
Thu May 30 2024 18:00:00 GMT+0100 (British Summer Time),0.1748,0.0315,0.2164,0
Thu May 30 2024 19:00:00 GMT+0100 (British Summer Time),0.1748,0.0315,0.2164,0
Thu May 30 2024 20:00:00 GMT+0100 (British Summer Time),0.1748,0.0315,0.2164,0
Thu May 30 2024 21:00:00 GMT+0100 (British Summer Time),0.1748,0.0315,0.2164,0
Thu May 30 2024 22:00:00 GMT+0100 (British Summer Time),0.1748,0.0315,0.2164,0
Thu May 30 2024 23:00:00 GMT+0100 (British Summer Time),0.1748,0.0315,0.2164,0
Fri May 31 2024 00:00:00 GMT+0100 (British Summer Time),0.1748,0.0315,0.2164,32.40801130520644
Fri May 31 2024 01:00:00 GMT+0100 (British Summer Time),0.1748,0.0315,0.2164,0
Fri May 31 2024 02:00:00 GMT+0100 (British Summer Time),0.1748,0.0315,0.2164,0
Fri May 31 2024 03:00:00 GMT+0100 (British Summer Time),0.1748,0.0315,0.2164,0
Fri May 31 2024 04:00:00 GMT+0100 (British Summer Time),0.1748,0.0315,0.2164,0
Fri May 31 2024 05:00:00 GMT+0100 (British Summer Time),0.1748,0.0315,0.2164,0
Fri May 31 2024 06:00:00 GMT+0100 (British Summer Time),0.175,0.0315,0.2164,0
Fri May 31 2024 07:00:00 GMT+0100 (British Summer Time),0.0701,0.038,0.2164,0
Fri May 31 2024 08:00:00 GMT+0100 (British Summer Time),0.0701,0.038,0.2164,0
Fri May 31 2024 09:00:00 GMT+0100 (British Summer Time),0.0701,0.038,0.2164,0
Fri May 31 2024 10:00:00 GMT+0100 (British Summer Time),0.0701,0.038,0.2164,0
Fri May 31 2024 11:00:00 GMT+0100 (British Summer Time),0.0701,0.038,0.2122,11631.82774443017
Fri May 31 2024 12:00:00 GMT+0100 (British Summer Time),0.0701,0.038,0.2122,0
Fri May 31 2024 13:00:00 GMT+0100 (British Summer Time),0.0701,0.038,0.2243,34069.68853968868
Fri May 31 2024 14:00:00 GMT+0100 (British Summer Time),0.0701,0.038,0.2243,0
Fri May 31 2024 15:00:00 GMT+0100 (British Summer Time),0.0701,0.038,0.2243,0
Fri May 31 2024 16:00:00 GMT+0100 (British Summer Time),0.0701,0.038,0.2243,0
Fri May 31 2024 17:00:00 GMT+0100 (British Summer Time),0.0701,0.038,0.2243,0
Fri May 31 2024 18:00:00 GMT+0100 (British Summer Time),0.0701,0.038,0.2243,0
Fri May 31 2024 19:00:00 GMT+0100 (British Summer Time),0.0701,0.038,0.2243,0
Fri May 31 2024 20:00:00 GMT+0100 (British Summer Time),0.0701,0.038,0.2243,0
Fri May 31 2024 21:00:00 GMT+0100 (British Summer Time),0.0701,0.038,0.2243,0
Fri May 31 2024 22:00:00 GMT+0100 (British Summer Time),0.0701,0.038,0.2243,0
Fri May 31 2024 23:00:00 GMT+0100 (British Summer Time),0.0701,0.038,0.2243,0
Sat Jun 01 2024 00:00:00 GMT+0100 (British Summer Time),0.0701,0.038,0.2243,0
Sat Jun 01 2024 01:00:00 GMT+0100 (British Summer Time),0.0702,0.0381,0.2243,0
Sat Jun 01 2024 02:00:00 GMT+0100 (British Summer Time),0.0702,0.0381,0.2243,0
Sat Jun 01 2024 03:00:00 GMT+0100 (British Summer Time),0.0702,0.0381,0.2243,0
Sat Jun 01 2024 04:00:00 GMT+0100 (British Summer Time),0.0702,0.0381,0.2243,0
Sat Jun 01 2024 05:00:00 GMT+0100 (British Summer Time),0.0702,0.0381,0.2211,14860.69207758342
Sat Jun 01 2024 06:00:00 GMT+0100 (British Summer Time),0.0701,0.0381,0.2039,47520.38843269521
Sat Jun 01 2024 07:00:00 GMT+0100 (British Summer Time),0.0082,0.0383,0.2003,9597.162952736926
Sat Jun 01 2024 08:00:00 GMT+0100 (British Summer Time),0.0082,0.0383,0.2003,0
Sat Jun 01 2024 09:00:00 GMT+0100 (British Summer Time),0.0082,0.0383,0.1703,90447.56244734411
Sat Jun 01 2024 10:00:00 GMT+0100 (British Summer Time),0.0082,0.0383,0.1802,27160.427693980295
Sat Jun 01 2024 11:00:00 GMT+0100 (British Summer Time),0.0082,0.0383,0.1802,0
Sat Jun 01 2024 12:00:00 GMT+0100 (British Summer Time),0.0082,0.0383,0.1802,0
Sat Jun 01 2024 13:00:00 GMT+0100 (British Summer Time),0.0082,0.0383,0.1802,0
Sat Jun 01 2024 14:00:00 GMT+0100 (British Summer Time),0.0082,0.0383,0.1802,0
Sat Jun 01 2024 15:00:00 GMT+0100 (British Summer Time),0.0082,0.0383,0.1802,0
Sat Jun 01 2024 16:00:00 GMT+0100 (British Summer Time),0.0082,0.0383,0.1802,0
Sat Jun 01 2024 17:00:00 GMT+0100 (British Summer Time),0.0082,0.0383,0.1772,8314.70656305338
Sat Jun 01 2024 18:00:00 GMT+0100 (British Summer Time),0.0082,0.0383,0.1772,0
Sat Jun 01 2024 19:00:00 GMT+0100 (British Summer Time),0.0082,0.0383,0.1772,0
Sat Jun 01 2024 20:00:00 GMT+0100 (British Summer Time),0.0082,0.0383,0.1783,3023.2412324661514
Sat Jun 01 2024 21:00:00 GMT+0100 (British Summer Time),0.0082,0.0383,0.1783,0
Sat Jun 01 2024 22:00:00 GMT+0100 (British Summer Time),0.0082,0.0383,0.1788,1352.7048581101412
Sat Jun 01 2024 23:00:00 GMT+0100 (British Summer Time),0.0082,0.0383,0.1799,3135.0137072476405
Sun Jun 02 2024 00:00:00 GMT+0100 (British Summer Time),0.0082,0.0383,0.1799,0
Sun Jun 02 2024 01:00:00 GMT+0100 (British Summer Time),0.0082,0.0383,0.1799,0
Sun Jun 02 2024 02:00:00 GMT+0100 (British Summer Time),0.0082,0.0383,0.1816,4715.2530209674
Sun Jun 02 2024 03:00:00 GMT+0100 (British Summer Time),0.0082,0.0383,0.1816,0
Sun Jun 02 2024 04:00:00 GMT+0100 (British Summer Time),0.0082,0.0383,0.1816,0
Sun Jun 02 2024 05:00:00 GMT+0100 (British Summer Time),0.0082,0.0383,0.1816,4591.644330621311
Sun Jun 02 2024 06:00:00 GMT+0100 (British Summer Time),0.0082,0.0383,0.1816,0
Sun Jun 02 2024 07:00:00 GMT+0100 (British Summer Time),0.0103,0.0387,0.1816,0
Sun Jun 02 2024 08:00:00 GMT+0100 (British Summer Time),0.0103,0.0387,0.1816,1575.12463714464
Sun Jun 02 2024 09:00:00 GMT+0100 (British Summer Time),0.0103,0.0387,0.1816,0
Sun Jun 02 2024 10:00:00 GMT+0100 (British Summer Time),0.0103,0.0387,0.1816,0
Sun Jun 02 2024 11:00:00 GMT+0100 (British Summer Time),0.0104,0.0387,0.1816,0
Sun Jun 02 2024 12:00:00 GMT+0100 (British Summer Time),0.0104,0.0387,0.1816,0
Sun Jun 02 2024 13:00:00 GMT+0100 (British Summer Time),0.0104,0.0387,0.1816,0
Sun Jun 02 2024 14:00:00 GMT+0100 (British Summer Time),0.0104,0.0387,0.1816,0
Sun Jun 02 2024 15:00:00 GMT+0100 (British Summer Time),0.0104,0.0387,0.1816,0
Sun Jun 02 2024 16:00:00 GMT+0100 (British Summer Time),0.0104,0.0387,0.1816,0
Sun Jun 02 2024 17:00:00 GMT+0100 (British Summer Time),0.0104,0.0387,0.1816,0
Sun Jun 02 2024 18:00:00 GMT+0100 (British Summer Time),0.0104,0.0387,0.1816,0
Sun Jun 02 2024 19:00:00 GMT+0100 (British Summer Time),0.0104,0.0387,0.1816,0
Sun Jun 02 2024 20:00:00 GMT+0100 (British Summer Time),0.0104,0.0387,0.1816,0
Sun Jun 02 2024 21:00:00 GMT+0100 (British Summer Time),0.0104,0.0387,0.1816,0
Sun Jun 02 2024 22:00:00 GMT+0100 (British Summer Time),0.0104,0.0387,0.1816,0
Sun Jun 02 2024 23:00:00 GMT+0100 (British Summer Time),0.0103,0.0387,0.1816,0
Mon Jun 03 2024 00:00:00 GMT+0100 (British Summer Time),0.0103,0.0387,0.1816,0
Mon Jun 03 2024 01:00:00 GMT+0100 (British Summer Time),0.0104,0.0387,0.1816,0
Mon Jun 03 2024 02:00:00 GMT+0100 (British Summer Time),0.0103,0.0387,0.1816,0
Mon Jun 03 2024 03:00:00 GMT+0100 (British Summer Time),0.0103,0.0387,0.1816,0
Mon Jun 03 2024 04:00:00 GMT+0100 (British Summer Time),0.0103,0.0387,0.1816,0
Mon Jun 03 2024 05:00:00 GMT+0100 (British Summer Time),0.0103,0.0387,0.1816,0
Mon Jun 03 2024 06:00:00 GMT+0100 (British Summer Time),0.0103,0.0387,0.1816,0
Mon Jun 03 2024 07:00:00 GMT+0100 (British Summer Time),0.0046,0.0388,0.1616,68571.24642119177
Mon Jun 03 2024 08:00:00 GMT+0100 (British Summer Time),0.0046,0.0388,0.1616,0
Mon Jun 03 2024 09:00:00 GMT+0100 (British Summer Time),0.0046,0.0388,0.1616,0
Mon Jun 03 2024 10:00:00 GMT+0100 (British Summer Time),0.0046,0.0388,0.1616,0
Mon Jun 03 2024 11:00:00 GMT+0100 (British Summer Time),0.0046,0.0388,0.1616,0
Mon Jun 03 2024 12:00:00 GMT+0100 (British Summer Time),0.0046,0.0388,0.1616,0
Mon Jun 03 2024 13:00:00 GMT+0100 (British Summer Time),0.0046,0.0388,0.1616,0
Mon Jun 03 2024 14:00:00 GMT+0100 (British Summer Time),0.0046,0.0388,0.1617,519.6294006477406
Mon Jun 03 2024 15:00:00 GMT+0100 (British Summer Time),0.0046,0.0388,0.1617,0
Mon Jun 03 2024 16:00:00 GMT+0100 (British Summer Time),0.0046,0.0388,0.1617,0
Mon Jun 03 2024 17:00:00 GMT+0100 (British Summer Time),0.0046,0.0388,0.1617,0
Mon Jun 03 2024 18:00:00 GMT+0100 (British Summer Time),0.0046,0.0388,0.1713,25725.452819672395
Mon Jun 03 2024 19:00:00 GMT+0100 (British Summer Time),0.0046,0.0388,0.1713,0
Mon Jun 03 2024 20:00:00 GMT+0100 (British Summer Time),0.0046,0.0388,0.1763,13717.971425441094
Mon Jun 03 2024 21:00:00 GMT+0100 (British Summer Time),0.0046,0.0388,0.1763,0
Mon Jun 03 2024 22:00:00 GMT+0100 (British Summer Time),0.0046,0.0388,0.1763,0
Mon Jun 03 2024 23:00:00 GMT+0100 (British Summer Time),0.0046,0.0388,0.1763,0
Tue Jun 04 2024 00:00:00 GMT+0100 (British Summer Time),0.0046,0.0388,0.1763,0
Tue Jun 04 2024 01:00:00 GMT+0100 (British Summer Time),0.0046,0.0388,0.1763,0
Tue Jun 04 2024 02:00:00 GMT+0100 (British Summer Time),0.0046,0.0388,0.1763,0
Tue Jun 04 2024 03:00:00 GMT+0100 (British Summer Time),0.0046,0.0388,0.1763,0
Tue Jun 04 2024 04:00:00 GMT+0100 (British Summer Time),0.0046,0.0388,0.1763,0
Tue Jun 04 2024 05:00:00 GMT+0100 (British Summer Time),0.0046,0.0388,0.1763,0
Tue Jun 04 2024 06:00:00 GMT+0100 (British Summer Time),0.0046,0.0388,0.1763,0
Tue Jun 04 2024 07:00:00 GMT+0100 (British Summer Time),0.0118,0.0391,0.1763,0
Tue Jun 04 2024 08:00:00 GMT+0100 (British Summer Time),0.0118,0.0391,0.1763,0
Tue Jun 04 2024 09:00:00 GMT+0100 (British Summer Time),0.0117,0.0391,0.1763,0
Tue Jun 04 2024 10:00:00 GMT+0100 (British Summer Time),0.0118,0.0391,0.1763,0
Tue Jun 04 2024 11:00:00 GMT+0100 (British Summer Time),0.0118,0.0391,0.1763,0
Tue Jun 04 2024 12:00:00 GMT+0100 (British Summer Time),0.0118,0.0391,0.1763,0
Tue Jun 04 2024 13:00:00 GMT+0100 (British Summer Time),0.0118,0.0391,0.1763,0
Tue Jun 04 2024 14:00:00 GMT+0100 (British Summer Time),0.0117,0.0391,0.1763,0
Tue Jun 04 2024 15:00:00 GMT+0100 (British Summer Time),0.0118,0.0391,0.1767,1199.8588003985801
Tue Jun 04 2024 16:00:00 GMT+0100 (British Summer Time),0.0118,0.0391,0.1767,0
Tue Jun 04 2024 17:00:00 GMT+0100 (British Summer Time),0.0118,0.0391,0.1769,383.5224412946082
Tue Jun 04 2024 18:00:00 GMT+0100 (British Summer Time),0.0117,0.0391,0.1769,0
Tue Jun 04 2024 19:00:00 GMT+0100 (British Summer Time),0.0118,0.0391,0.1769,0
Tue Jun 04 2024 20:00:00 GMT+0100 (British Summer Time),0.0118,0.0391,0.1769,0
Tue Jun 04 2024 21:00:00 GMT+0100 (British Summer Time),0.0118,0.0391,0.1769,0
Tue Jun 04 2024 22:00:00 GMT+0100 (British Summer Time),0.0118,0.0391,0.1769,0
Tue Jun 04 2024 23:00:00 GMT+0100 (British Summer Time),0.0117,0.0391,0.1769,0
Wed Jun 05 2024 00:00:00 GMT+0100 (British Summer Time),0.0118,0.0391,0.1769,0
Wed Jun 05 2024 01:00:00 GMT+0100 (British Summer Time),0.0118,0.0391,0.1769,0
Wed Jun 05 2024 02:00:00 GMT+0100 (British Summer Time),0.0118,0.0391,0.1769,0
Wed Jun 05 2024 03:00:00 GMT+0100 (British Summer Time),0.0117,0.0391,0.1769,0
Wed Jun 05 2024 04:00:00 GMT+0100 (British Summer Time),0.0118,0.0391,0.1769,0
Wed Jun 05 2024 05:00:00 GMT+0100 (British Summer Time),0.0118,0.0391,0.1769,0
Wed Jun 05 2024 06:00:00 GMT+0100 (British Summer Time),0.0118,0.0391,0.1769,0
Wed Jun 05 2024 07:00:00 GMT+0100 (British Summer Time),0.0081,0.0396,0.1769,0
Wed Jun 05 2024 08:00:00 GMT+0100 (British Summer Time),0.0081,0.0396,0.1894,34331.538404736406
Wed Jun 05 2024 09:00:00 GMT+0100 (British Summer Time),0.0081,0.0396,0.2041,44172.219434664825
Wed Jun 05 2024 10:00:00 GMT+0100 (British Summer Time),0.0081,0.0396,0.2041,0
Wed Jun 05 2024 11:00:00 GMT+0100 (British Summer Time),0.0081,0.0396,0.2041,0
Wed Jun 05 2024 12:00:00 GMT+0100 (British Summer Time),0.0081,0.0396,0.2041,0
Wed Jun 05 2024 13:00:00 GMT+0100 (British Summer Time),0.0081,0.0396,0.2041,0
Wed Jun 05 2024 14:00:00 GMT+0100 (British Summer Time),0.0081,0.0396,0.2041,0
Wed Jun 05 2024 15:00:00 GMT+0100 (British Summer Time),0.0081,0.0396,0.2041,0
Wed Jun 05 2024 16:00:00 GMT+0100 (British Summer Time),0.0081,0.0396,0.2041,0
Wed Jun 05 2024 17:00:00 GMT+0100 (British Summer Time),0.0081,0.0396,0.2041,0
Wed Jun 05 2024 18:00:00 GMT+0100 (British Summer Time),0.0081,0.0396,0.2001,11084.11779606633
Wed Jun 05 2024 19:00:00 GMT+0100 (British Summer Time),0.0081,0.0396,0.2001,0
Wed Jun 05 2024 20:00:00 GMT+0100 (British Summer Time),0.0081,0.0396,0.2001,0
Wed Jun 05 2024 21:00:00 GMT+0100 (British Summer Time),0.0081,0.0396,0.2001,0
Wed Jun 05 2024 22:00:00 GMT+0100 (British Summer Time),0.0081,0.0396,0.2001,0
Wed Jun 05 2024 23:00:00 GMT+0100 (British Summer Time),0.0081,0.0396,0.2001,0
Thu Jun 06 2024 00:00:00 GMT+0100 (British Summer Time),0.0081,0.0396,0.1954,13082.94864494451
Thu Jun 06 2024 01:00:00 GMT+0100 (British Summer Time),0.0081,0.0396,0.1954,0
Thu Jun 06 2024 02:00:00 GMT+0100 (British Summer Time),0.0081,0.0396,0.1954,0
Thu Jun 06 2024 03:00:00 GMT+0100 (British Summer Time),0.0081,0.0396,0.1954,0
Thu Jun 06 2024 04:00:00 GMT+0100 (British Summer Time),0.0081,0.0396,0.1954,0
Thu Jun 06 2024 05:00:00 GMT+0100 (British Summer Time),0.0081,0.0396,0.1954,0
Thu Jun 06 2024 06:00:00 GMT+0100 (British Summer Time),0.0081,0.0396,0.1954,0
Thu Jun 06 2024 07:00:00 GMT+0100 (British Summer Time),0.0114,0.0176,0.2066,31304.096170052522
Thu Jun 06 2024 08:00:00 GMT+0100 (British Summer Time),0.0114,0.0176,0.2066,0
Thu Jun 06 2024 09:00:00 GMT+0100 (British Summer Time),0.0114,0.0176,0.2066,0
Thu Jun 06 2024 10:00:00 GMT+0100 (British Summer Time),0.0114,0.0176,0.2066,0
Thu Jun 06 2024 11:00:00 GMT+0100 (British Summer Time),0.0114,0.0176,0.2066,0
Thu Jun 06 2024 12:00:00 GMT+0100 (British Summer Time),0.0114,0.0176,0.2066,0
Thu Jun 06 2024 13:00:00 GMT+0100 (British Summer Time),0.0114,0.0176,0.2066,0
Thu Jun 06 2024 14:00:00 GMT+0100 (British Summer Time),0.0114,0.0176,0.2066,0
Thu Jun 06 2024 15:00:00 GMT+0100 (British Summer Time),0.0114,0.0176,0.2066,0
Thu Jun 06 2024 16:00:00 GMT+0100 (British Summer Time),0.0114,0.0176,0.2066,0
Thu Jun 06 2024 17:00:00 GMT+0100 (British Summer Time),0.0114,0.0176,0.2066,0
Thu Jun 06 2024 18:00:00 GMT+0100 (British Summer Time),0.0114,0.0176,0.2066,0
Thu Jun 06 2024 19:00:00 GMT+0100 (British Summer Time),0.0114,0.0176,0.2066,0
Thu Jun 06 2024 20:00:00 GMT+0100 (British Summer Time),0.0114,0.0176,0.2066,0
Thu Jun 06 2024 21:00:00 GMT+0100 (British Summer Time),0.0114,0.0176,0.2066,0
Thu Jun 06 2024 22:00:00 GMT+0100 (British Summer Time),0.0114,0.0176,0.2066,0
Thu Jun 06 2024 23:00:00 GMT+0100 (British Summer Time),0.0114,0.0176,0.2066,0
Fri Jun 07 2024 00:00:00 GMT+0100 (British Summer Time),0.0114,0.0176,0.2066,0
Fri Jun 07 2024 01:00:00 GMT+0100 (British Summer Time),0.0114,0.0176,0.2066,0
Fri Jun 07 2024 02:00:00 GMT+0100 (British Summer Time),0.0114,0.0176,0.2066,0
Fri Jun 07 2024 03:00:00 GMT+0100 (British Summer Time),0.0114,0.0176,0.2066,0
Fri Jun 07 2024 04:00:00 GMT+0100 (British Summer Time),0.0114,0.0176,0.2066,0
Fri Jun 07 2024 05:00:00 GMT+0100 (British Summer Time),0.0114,0.0176,0.2032,71585.64697559789
Fri Jun 07 2024 06:00:00 GMT+0100 (British Summer Time),0.0114,0.0176,0.2032,0
Fri Jun 07 2024 07:00:00 GMT+0100 (British Summer Time),0.1634,0.0298,0.2032,0
Fri Jun 07 2024 08:00:00 GMT+0100 (British Summer Time),0.1634,0.0298,0.2032,0
Fri Jun 07 2024 09:00:00 GMT+0100 (British Summer Time),0.1634,0.0298,0.2032,0
Fri Jun 07 2024 10:00:00 GMT+0100 (British Summer Time),0.1634,0.0298,0.2032,0
Fri Jun 07 2024 11:00:00 GMT+0100 (British Summer Time),0.1634,0.0298,0.2032,0
Fri Jun 07 2024 12:00:00 GMT+0100 (British Summer Time),0.1634,0.0298,0.2032,0
Fri Jun 07 2024 13:00:00 GMT+0100 (British Summer Time),0.1634,0.0298,0.2032,0
Fri Jun 07 2024 14:00:00 GMT+0100 (British Summer Time),0.1634,0.0298,0.2032,0
Fri Jun 07 2024 15:00:00 GMT+0100 (British Summer Time),0.1634,0.0298,0.2032,0
Fri Jun 07 2024 16:00:00 GMT+0100 (British Summer Time),0.1634,0.0298,0.2032,0
Fri Jun 07 2024 17:00:00 GMT+0100 (British Summer Time),0.1634,0.0298,0.2032,0
Fri Jun 07 2024 18:00:00 GMT+0100 (British Summer Time),0.1634,0.0298,0.2032,0
Fri Jun 07 2024 19:00:00 GMT+0100 (British Summer Time),0.1633,0.0298,0.2032,0
Fri Jun 07 2024 20:00:00 GMT+0100 (British Summer Time),0.1634,0.0298,0.2032,0
Fri Jun 07 2024 21:00:00 GMT+0100 (British Summer Time),0.1635,0.0298,0.2032,0
Fri Jun 07 2024 22:00:00 GMT+0100 (British Summer Time),0.1637,0.0298,0.2032,0
Fri Jun 07 2024 23:00:00 GMT+0100 (British Summer Time),0.1632,0.0298,0.208,12841.714392620923
Sat Jun 08 2024 00:00:00 GMT+0100 (British Summer Time),0.1633,0.0298,0.208,0
Sat Jun 08 2024 01:00:00 GMT+0100 (British Summer Time),0.1634,0.0298,0.208,0
Sat Jun 08 2024 02:00:00 GMT+0100 (British Summer Time),0.1635,0.0298,0.2239,132273.37528446977
Sat Jun 08 2024 03:00:00 GMT+0100 (British Summer Time),0.1637,0.0298,0.2239,0
Sat Jun 08 2024 04:00:00 GMT+0100 (British Summer Time),0.1633,0.0298,0.2239,32.22814511037446
Sat Jun 08 2024 05:00:00 GMT+0100 (British Summer Time),0.1634,0.0298,0.2239,0
Sat Jun 08 2024 06:00:00 GMT+0100 (British Summer Time),0.1635,0.0298,0.2246,1816.3343104319017
Sat Jun 08 2024 07:00:00 GMT+0100 (British Summer Time),0.0501,0.0358,0.2246,0
Sat Jun 08 2024 08:00:00 GMT+0100 (British Summer Time),0.0501,0.0358,0.2246,0
Sat Jun 08 2024 09:00:00 GMT+0100 (British Summer Time),0.0501,0.0358,0.2246,0
Sat Jun 08 2024 10:00:00 GMT+0100 (British Summer Time),0.05,0.0358,0.2246,0
Sat Jun 08 2024 11:00:00 GMT+0100 (British Summer Time),0.0501,0.0358,0.2246,0
Sat Jun 08 2024 12:00:00 GMT+0100 (British Summer Time),0.0501,0.0358,0.2246,0
Sat Jun 08 2024 13:00:00 GMT+0100 (British Summer Time),0.0501,0.0358,0.2246,0
Sat Jun 08 2024 14:00:00 GMT+0100 (British Summer Time),0.05,0.0358,0.2246,0
Sat Jun 08 2024 15:00:00 GMT+0100 (British Summer Time),0.05,0.0358,0.2246,0
Sat Jun 08 2024 16:00:00 GMT+0100 (British Summer Time),0.0501,0.0358,0.2249,1041.1849815559985
Sat Jun 08 2024 17:00:00 GMT+0100 (British Summer Time),0.0501,0.0358,0.2249,0
Sat Jun 08 2024 18:00:00 GMT+0100 (British Summer Time),0.0501,0.0358,0.2249,0
Sat Jun 08 2024 19:00:00 GMT+0100 (British Summer Time),0.0501,0.0358,0.2249,0
Sat Jun 08 2024 20:00:00 GMT+0100 (British Summer Time),0.0501,0.0358,0.2249,0
Sat Jun 08 2024 21:00:00 GMT+0100 (British Summer Time),0.0501,0.0358,0.2073,47498.09031332385
Sat Jun 08 2024 22:00:00 GMT+0100 (British Summer Time),0.0501,0.0358,0.2073,0
Sat Jun 08 2024 23:00:00 GMT+0100 (British Summer Time),0.0501,0.0358,0.2073,0
Sun Jun 09 2024 00:00:00 GMT+0100 (British Summer Time),0.0501,0.0358,0.2073,0
Sun Jun 09 2024 01:00:00 GMT+0100 (British Summer Time),0.0501,0.0358,0.2073,0
Sun Jun 09 2024 02:00:00 GMT+0100 (British Summer Time),0.0501,0.0358,0.2082,2481.4516623831364
Sun Jun 09 2024 03:00:00 GMT+0100 (British Summer Time),0.0501,0.0358,0.2082,0
Sun Jun 09 2024 04:00:00 GMT+0100 (British Summer Time),0.0501,0.0358,0.2082,0
Sun Jun 09 2024 05:00:00 GMT+0100 (British Summer Time),0.0501,0.0358,0.2082,0
Sun Jun 09 2024 06:00:00 GMT+0100 (British Summer Time),0.0501,0.0358,0.2082,0
Sun Jun 09 2024 07:00:00 GMT+0100 (British Summer Time),0.0478,0.0412,0.2082,37448.44661707978
Sun Jun 09 2024 08:00:00 GMT+0100 (British Summer Time),0.0478,0.0412,0.2222,0
Sun Jun 09 2024 09:00:00 GMT+0100 (British Summer Time),0.0478,0.0412,0.2249,7515.3138671257375
Sun Jun 09 2024 10:00:00 GMT+0100 (British Summer Time),0.0478,0.0412,0.2243,71416.07588404513
Sun Jun 09 2024 11:00:00 GMT+0100 (British Summer Time),0.0478,0.0412,0.2243,0
Sun Jun 09 2024 12:00:00 GMT+0100 (British Summer Time),0.0478,0.0412,0.2243,0
Sun Jun 09 2024 13:00:00 GMT+0100 (British Summer Time),0.0478,0.0412,0.2243,0
Sun Jun 09 2024 14:00:00 GMT+0100 (British Summer Time),0.0478,0.0412,0.2331,23602.321242027865
Sun Jun 09 2024 15:00:00 GMT+0100 (British Summer Time),0.0478,0.0412,0.2331,0
Sun Jun 09 2024 16:00:00 GMT+0100 (British Summer Time),0.0478,0.0412,0.2331,0
Sun Jun 09 2024 17:00:00 GMT+0100 (British Summer Time),0.0478,0.0412,0.2331,0
Sun Jun 09 2024 18:00:00 GMT+0100 (British Summer Time),0.0478,0.0412,0.2263,18457.944814726696
Sun Jun 09 2024 19:00:00 GMT+0100 (British Summer Time),0.0478,0.0412,0.2263,0
Sun Jun 09 2024 20:00:00 GMT+0100 (British Summer Time),0.0478,0.0412,0.2263,0
Sun Jun 09 2024 21:00:00 GMT+0100 (British Summer Time),0.0478,0.0412,0.2263,0
Sun Jun 09 2024 22:00:00 GMT+0100 (British Summer Time),0.0478,0.0412,0.2263,0
Sun Jun 09 2024 23:00:00 GMT+0100 (British Summer Time),0.0478,0.0412,0.2309,12595.079868139333
Mon Jun 10 2024 00:00:00 GMT+0100 (British Summer Time),0.0478,0.0412,0.2309,0
Mon Jun 10 2024 01:00:00 GMT+0100 (British Summer Time),0.0478,0.0412,0.2309,0
Mon Jun 10 2024 02:00:00 GMT+0100 (British Summer Time),0.0478,0.0412,0.2309,0
Mon Jun 10 2024 03:00:00 GMT+0100 (British Summer Time),0.0478,0.0412,0.2309,0
Mon Jun 10 2024 04:00:00 GMT+0100 (British Summer Time),0.0478,0.0412,0.2309,0
Mon Jun 10 2024 05:00:00 GMT+0100 (British Summer Time),0.0478,0.0412,0.2309,0
Mon Jun 10 2024 06:00:00 GMT+0100 (British Summer Time),0.0478,0.0412,0.2283,7023.575305088432
Mon Jun 10 2024 07:00:00 GMT+0100 (British Summer Time),0.0102,0.042,0.2277,1507.478133189595
Mon Jun 10 2024 08:00:00 GMT+0100 (British Summer Time),0.0102,0.042,0.2277,0
Mon Jun 10 2024 09:00:00 GMT+0100 (British Summer Time),0.0102,0.0419,0.2277,0
Mon Jun 10 2024 10:00:00 GMT+0100 (British Summer Time),0.0102,0.0419,0.2277,0
Mon Jun 10 2024 11:00:00 GMT+0100 (British Summer Time),0.0102,0.0419,0.2277,0
Mon Jun 10 2024 12:00:00 GMT+0100 (British Summer Time),0.0102,0.042,0.2277,0
Mon Jun 10 2024 13:00:00 GMT+0100 (British Summer Time),0.0102,0.042,0.2277,0
Mon Jun 10 2024 14:00:00 GMT+0100 (British Summer Time),0.0102,0.0419,0.2277,0
Mon Jun 10 2024 15:00:00 GMT+0100 (British Summer Time),0.0102,0.0419,0.2277,0
Mon Jun 10 2024 16:00:00 GMT+0100 (British Summer Time),0.0102,0.042,0.2277,0
Mon Jun 10 2024 17:00:00 GMT+0100 (British Summer Time),0.0102,0.042,0.2277,0
Mon Jun 10 2024 18:00:00 GMT+0100 (British Summer Time),0.0102,0.0419,0.2277,0
Mon Jun 10 2024 19:00:00 GMT+0100 (British Summer Time),0.0102,0.0419,0.2277,0
Mon Jun 10 2024 20:00:00 GMT+0100 (British Summer Time),0.0102,0.0419,0.2277,0
Mon Jun 10 2024 21:00:00 GMT+0100 (British Summer Time),0.0102,0.042,0.2277,0
Mon Jun 10 2024 22:00:00 GMT+0100 (British Summer Time),0.0102,0.042,0.2277,0
Mon Jun 10 2024 23:00:00 GMT+0100 (British Summer Time),0.0102,0.0419,0.2277,0
Tue Jun 11 2024 00:00:00 GMT+0100 (British Summer Time),0.0102,0.0419,0.2277,0
Tue Jun 11 2024 01:00:00 GMT+0100 (British Summer Time),0.0103,0.042,0.2277,0
Tue Jun 11 2024 02:00:00 GMT+0100 (British Summer Time),0.0103,0.042,0.2306,7678.288540100036
Tue Jun 11 2024 03:00:00 GMT+0100 (British Summer Time),0.0103,0.0419,0.2306,0
Tue Jun 11 2024 04:00:00 GMT+0100 (British Summer Time),0.0103,0.0419,0.2306,0
Tue Jun 11 2024 05:00:00 GMT+0100 (British Summer Time),0.0103,0.042,0.2306,0
Tue Jun 11 2024 06:00:00 GMT+0100 (British Summer Time),0.0103,0.042,0.2306,0
Tue Jun 11 2024 07:00:00 GMT+0100 (British Summer Time),0.004,0.0409,0.2231,29546.255350711905
Tue Jun 11 2024 08:00:00 GMT+0100 (British Summer Time),0.004,0.0409,0.219,10605.200451396724
Tue Jun 11 2024 09:00:00 GMT+0100 (British Summer Time),0.004,0.0409,0.219,0
Tue Jun 11 2024 10:00:00 GMT+0100 (British Summer Time),0.004,0.0409,0.219,0
Tue Jun 11 2024 11:00:00 GMT+0100 (British Summer Time),0.004,0.0409,0.219,0
Tue Jun 11 2024 12:00:00 GMT+0100 (British Summer Time),0.004,0.0409,0.219,0
Tue Jun 11 2024 13:00:00 GMT+0100 (British Summer Time),0.004,0.0409,0.219,0
Tue Jun 11 2024 14:00:00 GMT+0100 (British Summer Time),0.004,0.0409,0.219,0
Tue Jun 11 2024 15:00:00 GMT+0100 (British Summer Time),0.004,0.0409,0.219,0
Tue Jun 11 2024 16:00:00 GMT+0100 (British Summer Time),0.004,0.0409,0.219,0
Tue Jun 11 2024 17:00:00 GMT+0100 (British Summer Time),0.004,0.0409,0.219,0
Tue Jun 11 2024 18:00:00 GMT+0100 (British Summer Time),0.004,0.0409,0.2211,5401.920689006793
Tue Jun 11 2024 19:00:00 GMT+0100 (British Summer Time),0.004,0.0409,0.2257,11635.908336353637
Tue Jun 11 2024 20:00:00 GMT+0100 (British Summer Time),0.004,0.0409,0.2257,0
Tue Jun 11 2024 21:00:00 GMT+0100 (British Summer Time),0.004,0.0409,0.2257,0
Tue Jun 11 2024 22:00:00 GMT+0100 (British Summer Time),0.004,0.0409,0.2257,0
Tue Jun 11 2024 23:00:00 GMT+0100 (British Summer Time),0.004,0.0409,0.2257,0
Wed Jun 12 2024 00:00:00 GMT+0100 (British Summer Time),0.004,0.0409,0.2257,0
Wed Jun 12 2024 01:00:00 GMT+0100 (British Summer Time),0.004,0.0409,0.2308,12968.104239925784
Wed Jun 12 2024 02:00:00 GMT+0100 (British Summer Time),0.004,0.0409,0.2308,0
Wed Jun 12 2024 03:00:00 GMT+0100 (British Summer Time),0.004,0.0409,0.2308,0
Wed Jun 12 2024 04:00:00 GMT+0100 (British Summer Time),0.004,0.0409,0.2308,0
Wed Jun 12 2024 05:00:00 GMT+0100 (British Summer Time),0.004,0.0409,0.2308,0
Wed Jun 12 2024 06:00:00 GMT+0100 (British Summer Time),0.004,0.0409,0.2308,0
Wed Jun 12 2024 07:00:00 GMT+0100 (British Summer Time),0.0034,0.0402,0.2308,0
Wed Jun 12 2024 08:00:00 GMT+0100 (British Summer Time),0.0034,0.0402,0.2308,0
Wed Jun 12 2024 09:00:00 GMT+0100 (British Summer Time),0.0034,0.0402,0.2308,0
Wed Jun 12 2024 10:00:00 GMT+0100 (British Summer Time),0.0034,0.0402,0.2308,0
Wed Jun 12 2024 11:00:00 GMT+0100 (British Summer Time),0.0034,0.0402,0.2308,0
Wed Jun 12 2024 12:00:00 GMT+0100 (British Summer Time),0.0034,0.0402,0.2308,0
Wed Jun 12 2024 13:00:00 GMT+0100 (British Summer Time),0.0034,0.0402,0.2308,0
Wed Jun 12 2024 14:00:00 GMT+0100 (British Summer Time),0.0034,0.0402,0.2308,0
Wed Jun 12 2024 15:00:00 GMT+0100 (British Summer Time),0.0034,0.0402,0.2308,0
Wed Jun 12 2024 16:00:00 GMT+0100 (British Summer Time),0.0034,0.0402,0.2151,170486.9690952793
Wed Jun 12 2024 17:00:00 GMT+0100 (British Summer Time),0.0034,0.0402,0.2151,0
Wed Jun 12 2024 18:00:00 GMT+0100 (British Summer Time),0.0034,0.0402,0.2151,0
Wed Jun 12 2024 19:00:00 GMT+0100 (British Summer Time),0.0034,0.0402,0.2151,0
Wed Jun 12 2024 20:00:00 GMT+0100 (British Summer Time),0.0034,0.0402,0.2151,0
Wed Jun 12 2024 21:00:00 GMT+0100 (British Summer Time),0.0034,0.0402,0.2151,0
Wed Jun 12 2024 22:00:00 GMT+0100 (British Summer Time),0.0034,0.0402,0.2151,0
Wed Jun 12 2024 23:00:00 GMT+0100 (British Summer Time),0.0034,0.0402,0.2151,0
Thu Jun 13 2024 00:00:00 GMT+0100 (British Summer Time),0.0034,0.0402,0.2114,10657.824703131015
Thu Jun 13 2024 01:00:00 GMT+0100 (British Summer Time),0.0034,0.0402,0.2114,0
Thu Jun 13 2024 02:00:00 GMT+0100 (British Summer Time),0.0034,0.0402,0.2114,0
Thu Jun 13 2024 03:00:00 GMT+0100 (British Summer Time),0.0034,0.0402,0.2114,0
Thu Jun 13 2024 04:00:00 GMT+0100 (British Summer Time),0.0034,0.0402,0.2114,0
Thu Jun 13 2024 05:00:00 GMT+0100 (British Summer Time),0.0034,0.0402,0.2114,0
Thu Jun 13 2024 06:00:00 GMT+0100 (British Summer Time),0.0034,0.0402,0.2114,0
Thu Jun 13 2024 07:00:00 GMT+0100 (British Summer Time),0.0066,0.0395,0.2114,0
Thu Jun 13 2024 08:00:00 GMT+0100 (British Summer Time),0.0066,0.0395,0.2114,0
Thu Jun 13 2024 09:00:00 GMT+0100 (British Summer Time),0.0066,0.0395,0.2114,0
Thu Jun 13 2024 10:00:00 GMT+0100 (British Summer Time),0.0066,0.0395,0.212,1439.7206341678516
Thu Jun 13 2024 11:00:00 GMT+0100 (British Summer Time),0.0066,0.0395,0.212,0
Thu Jun 13 2024 12:00:00 GMT+0100 (British Summer Time),0.0066,0.0395,0.212,0
Thu Jun 13 2024 13:00:00 GMT+0100 (British Summer Time),0.0066,0.0395,0.212,0
Thu Jun 13 2024 14:00:00 GMT+0100 (British Summer Time),0.0066,0.0395,0.212,0
Thu Jun 13 2024 15:00:00 GMT+0100 (British Summer Time),0.0066,0.0395,0.217,12969.820868054208
Thu Jun 13 2024 16:00:00 GMT+0100 (British Summer Time),0.0065,0.0395,0.217,0
Thu Jun 13 2024 17:00:00 GMT+0100 (British Summer Time),0.0065,0.0395,0.217,0
Thu Jun 13 2024 18:00:00 GMT+0100 (British Summer Time),0.0065,0.0395,0.217,0
Thu Jun 13 2024 19:00:00 GMT+0100 (British Summer Time),0.0065,0.0395,0.217,0
Thu Jun 13 2024 20:00:00 GMT+0100 (British Summer Time),0.0065,0.0395,0.217,0
Thu Jun 13 2024 21:00:00 GMT+0100 (British Summer Time),0.0065,0.0395,0.217,0
Thu Jun 13 2024 22:00:00 GMT+0100 (British Summer Time),0.0065,0.0395,0.217,0
Thu Jun 13 2024 23:00:00 GMT+0100 (British Summer Time),0.0065,0.0395,0.217,0
Fri Jun 14 2024 00:00:00 GMT+0100 (British Summer Time),0.0065,0.0395,0.217,0
Fri Jun 14 2024 01:00:00 GMT+0100 (British Summer Time),0.0066,0.0395,0.217,0
Fri Jun 14 2024 02:00:00 GMT+0100 (British Summer Time),0.0066,0.0395,0.217,0
Fri Jun 14 2024 03:00:00 GMT+0100 (British Summer Time),0.0066,0.0395,0.217,0
Fri Jun 14 2024 04:00:00 GMT+0100 (British Summer Time),0.0066,0.0395,0.217,0
Fri Jun 14 2024 05:00:00 GMT+0100 (British Summer Time),0.0066,0.0395,0.217,0
Fri Jun 14 2024 06:00:00 GMT+0100 (British Summer Time),0.0066,0.0395,0.217,0
Fri Jun 14 2024 07:00:00 GMT+0100 (British Summer Time),0.0041,0.0178,0.217,0
Fri Jun 14 2024 08:00:00 GMT+0100 (British Summer Time),0.0041,0.0178,0.217,0
Fri Jun 14 2024 09:00:00 GMT+0100 (British Summer Time),0.0041,0.0178,0.217,0
Fri Jun 14 2024 10:00:00 GMT+0100 (British Summer Time),0.0041,0.0178,0.217,0
Fri Jun 14 2024 11:00:00 GMT+0100 (British Summer Time),0.0041,0.0178,0.217,0
Fri Jun 14 2024 12:00:00 GMT+0100 (British Summer Time),0.0041,0.0178,0.217,0
Fri Jun 14 2024 13:00:00 GMT+0100 (British Summer Time),0.0041,0.0178,0.217,0
Fri Jun 14 2024 14:00:00 GMT+0100 (British Summer Time),0.0041,0.0178,0.217,0
Fri Jun 14 2024 15:00:00 GMT+0100 (British Summer Time),0.0041,0.0178,0.217,0
Fri Jun 14 2024 16:00:00 GMT+0100 (British Summer Time),0.0041,0.0178,0.217,0
Fri Jun 14 2024 17:00:00 GMT+0100 (British Summer Time),0.0041,0.0178,0.217,0
Fri Jun 14 2024 18:00:00 GMT+0100 (British Summer Time),0.0041,0.0178,0.245,167784.78879981377
Fri Jun 14 2024 19:00:00 GMT+0100 (British Summer Time),0.0041,0.0178,0.245,0
Fri Jun 14 2024 20:00:00 GMT+0100 (British Summer Time),0.0041,0.0178,0.245,0
Fri Jun 14 2024 21:00:00 GMT+0100 (British Summer Time),0.0041,0.0178,0.246,2538.5046185713836
Fri Jun 14 2024 22:00:00 GMT+0100 (British Summer Time),0.0041,0.0178,0.246,0
Fri Jun 14 2024 23:00:00 GMT+0100 (British Summer Time),0.0041,0.0178,0.246,0
Sat Jun 15 2024 00:00:00 GMT+0100 (British Summer Time),0.0041,0.0178,0.246,0
Sat Jun 15 2024 01:00:00 GMT+0100 (British Summer Time),0.0041,0.0178,0.246,15.108307377177368
Sat Jun 15 2024 02:00:00 GMT+0100 (British Summer Time),0.0041,0.0178,0.246,0
Sat Jun 15 2024 03:00:00 GMT+0100 (British Summer Time),0.0041,0.0178,0.246,0
Sat Jun 15 2024 04:00:00 GMT+0100 (British Summer Time),0.0041,0.0178,0.246,0
Sat Jun 15 2024 05:00:00 GMT+0100 (British Summer Time),0.0041,0.0178,0.246,0
Sat Jun 15 2024 06:00:00 GMT+0100 (British Summer Time),0.0041,0.0178,0.2478,4687.209073960153
Sat Jun 15 2024 07:00:00 GMT+0100 (British Summer Time),0.008,0.0119,0.2494,4248.893989012686
Sat Jun 15 2024 08:00:00 GMT+0100 (British Summer Time),0.008,0.0119,0.2494,0
Sat Jun 15 2024 09:00:00 GMT+0100 (British Summer Time),0.008,0.0119,0.2494,0
Sat Jun 15 2024 10:00:00 GMT+0100 (British Summer Time),0.008,0.0119,0.2494,0
Sat Jun 15 2024 11:00:00 GMT+0100 (British Summer Time),0.008,0.0119,0.2495,23575.025696381992
Sat Jun 15 2024 12:00:00 GMT+0100 (British Summer Time),0.008,0.0119,0.246,9128.645742004026
Sat Jun 15 2024 13:00:00 GMT+0100 (British Summer Time),0.008,0.0119,0.246,0
Sat Jun 15 2024 14:00:00 GMT+0100 (British Summer Time),0.008,0.0119,0.246,0
Sat Jun 15 2024 15:00:00 GMT+0100 (British Summer Time),0.008,0.0119,0.246,0
Sat Jun 15 2024 16:00:00 GMT+0100 (British Summer Time),0.008,0.0119,0.246,0
Sat Jun 15 2024 17:00:00 GMT+0100 (British Summer Time),0.008,0.0119,0.246,0
Sat Jun 15 2024 18:00:00 GMT+0100 (British Summer Time),0.008,0.0119,0.2478,4611.475946118624
Sat Jun 15 2024 19:00:00 GMT+0100 (British Summer Time),0.008,0.0119,0.2478,0
Sat Jun 15 2024 20:00:00 GMT+0100 (British Summer Time),0.008,0.0119,0.2481,911.9709527679769
Sat Jun 15 2024 21:00:00 GMT+0100 (British Summer Time),0.008,0.0119,0.2481,0
Sat Jun 15 2024 22:00:00 GMT+0100 (British Summer Time),0.008,0.0119,0.2481,0
Sat Jun 15 2024 23:00:00 GMT+0100 (British Summer Time),0.008,0.0119,0.2481,0
Sun Jun 16 2024 00:00:00 GMT+0100 (British Summer Time),0.008,0.0119,0.2481,0
Sun Jun 16 2024 01:00:00 GMT+0100 (British Summer Time),0.008,0.0119,0.2481,0
Sun Jun 16 2024 02:00:00 GMT+0100 (British Summer Time),0.008,0.0119,0.2487,1677.5820589753187
Sun Jun 16 2024 03:00:00 GMT+0100 (British Summer Time),0.008,0.0119,0.2487,0
Sun Jun 16 2024 04:00:00 GMT+0100 (British Summer Time),0.008,0.0119,0.2487,0
Sun Jun 16 2024 05:00:00 GMT+0100 (British Summer Time),0.008,0.0119,0.2487,0
Sun Jun 16 2024 06:00:00 GMT+0100 (British Summer Time),0.008,0.0119,0.2487,0
Sun Jun 16 2024 07:00:00 GMT+0100 (British Summer Time),0.1444,0.0247,0.2489,36597.9975899567
Sun Jun 16 2024 08:00:00 GMT+0100 (British Summer Time),0.1444,0.0247,0.2489,0
Sun Jun 16 2024 09:00:00 GMT+0100 (British Summer Time),0.1444,0.0247,0.2489,102.24825828583947
Sun Jun 16 2024 10:00:00 GMT+0100 (British Summer Time),0.1444,0.0247,0.2489,0
Sun Jun 16 2024 11:00:00 GMT+0100 (British Summer Time),0.1444,0.0247,0.2489,0
Sun Jun 16 2024 12:00:00 GMT+0100 (British Summer Time),0.1444,0.0247,0.2606,38793.9358658119
Sun Jun 16 2024 13:00:00 GMT+0100 (British Summer Time),0.1444,0.0247,0.2694,23241.85497543049
Sun Jun 16 2024 14:00:00 GMT+0100 (British Summer Time),0.1444,0.0247,0.2694,0
Sun Jun 16 2024 15:00:00 GMT+0100 (British Summer Time),0.1444,0.0247,0.2694,0
Sun Jun 16 2024 16:00:00 GMT+0100 (British Summer Time),0.1444,0.0247,0.2694,0
Sun Jun 16 2024 17:00:00 GMT+0100 (British Summer Time),0.1444,0.0247,0.2694,0
Sun Jun 16 2024 18:00:00 GMT+0100 (British Summer Time),0.1444,0.0247,0.2694,14920.245558072602
Sun Jun 16 2024 19:00:00 GMT+0100 (British Summer Time),0.1444,0.0247,0.275,0
Sun Jun 16 2024 20:00:00 GMT+0100 (British Summer Time),0.1444,0.0247,0.275,0
Sun Jun 16 2024 21:00:00 GMT+0100 (British Summer Time),0.1444,0.0247,0.275,0
Sun Jun 16 2024 22:00:00 GMT+0100 (British Summer Time),0.1444,0.0247,0.275,0
Sun Jun 16 2024 23:00:00 GMT+0100 (British Summer Time),0.1444,0.0247,0.275,0
Mon Jun 17 2024 00:00:00 GMT+0100 (British Summer Time),0.1444,0.0247,0.275,0
Mon Jun 17 2024 01:00:00 GMT+0100 (British Summer Time),0.1444,0.0247,0.275,0
Mon Jun 17 2024 02:00:00 GMT+0100 (British Summer Time),0.1444,0.0247,0.275,0
Mon Jun 17 2024 03:00:00 GMT+0100 (British Summer Time),0.1444,0.0247,0.275,0
Mon Jun 17 2024 04:00:00 GMT+0100 (British Summer Time),0.1444,0.0247,0.275,0
Mon Jun 17 2024 05:00:00 GMT+0100 (British Summer Time),0.1444,0.0247,0.275,0
Mon Jun 17 2024 06:00:00 GMT+0100 (British Summer Time),0.1444,0.0247,0.2803,14234.123250812198
Mon Jun 17 2024 07:00:00 GMT+0100 (British Summer Time),0.0612,0.032,0.2803,0
Mon Jun 17 2024 08:00:00 GMT+0100 (British Summer Time),0.0612,0.032,0.2803,0
Mon Jun 17 2024 09:00:00 GMT+0100 (British Summer Time),0.0612,0.032,0.2811,2046.0433649083482
Mon Jun 17 2024 10:00:00 GMT+0100 (British Summer Time),0.0612,0.032,0.2811,0
Mon Jun 17 2024 11:00:00 GMT+0100 (British Summer Time),0.0612,0.032,0.2811,0
Mon Jun 17 2024 12:00:00 GMT+0100 (British Summer Time),0.0613,0.032,0.2811,0
Mon Jun 17 2024 13:00:00 GMT+0100 (British Summer Time),0.0613,0.032,0.2811,0
Mon Jun 17 2024 14:00:00 GMT+0100 (British Summer Time),0.0613,0.032,0.2811,0
Mon Jun 17 2024 15:00:00 GMT+0100 (British Summer Time),0.0613,0.032,0.2811,0
Mon Jun 17 2024 16:00:00 GMT+0100 (British Summer Time),0.0613,0.032,0.2811,0
Mon Jun 17 2024 17:00:00 GMT+0100 (British Summer Time),0.0613,0.032,0.2811,0
Mon Jun 17 2024 18:00:00 GMT+0100 (British Summer Time),0.0613,0.032,0.2811,0
Mon Jun 17 2024 19:00:00 GMT+0100 (British Summer Time),0.0613,0.032,0.2811,0
Mon Jun 17 2024 20:00:00 GMT+0100 (British Summer Time),0.0613,0.032,0.2811,0
Mon Jun 17 2024 21:00:00 GMT+0100 (British Summer Time),0.0613,0.032,0.2811,0
Mon Jun 17 2024 22:00:00 GMT+0100 (British Summer Time),0.0613,0.032,0.2811,0
Mon Jun 17 2024 23:00:00 GMT+0100 (British Summer Time),0.0613,0.032,0.2812,262.80857808552
Tue Jun 18 2024 00:00:00 GMT+0100 (British Summer Time),0.0613,0.032,0.2812,0
Tue Jun 18 2024 01:00:00 GMT+0100 (British Summer Time),0.0612,0.032,0.2812,0
Tue Jun 18 2024 02:00:00 GMT+0100 (British Summer Time),0.0612,0.032,0.2812,0
Tue Jun 18 2024 03:00:00 GMT+0100 (British Summer Time),0.0612,0.032,0.2812,0
Tue Jun 18 2024 04:00:00 GMT+0100 (British Summer Time),0.0612,0.032,0.2812,0
Tue Jun 18 2024 05:00:00 GMT+0100 (British Summer Time),0.0612,0.032,0.2812,0
Tue Jun 18 2024 06:00:00 GMT+0100 (British Summer Time),0.0612,0.032,0.2812,0
Tue Jun 18 2024 07:00:00 GMT+0100 (British Summer Time),0.0334,0.0362,0.2812,0
Tue Jun 18 2024 08:00:00 GMT+0100 (British Summer Time),0.0334,0.0362,0.2812,0
Tue Jun 18 2024 09:00:00 GMT+0100 (British Summer Time),0.0334,0.0362,0.2812,0
Tue Jun 18 2024 10:00:00 GMT+0100 (British Summer Time),0.0334,0.0362,0.2812,0
Tue Jun 18 2024 11:00:00 GMT+0100 (British Summer Time),0.0334,0.0362,0.2812,0
Tue Jun 18 2024 12:00:00 GMT+0100 (British Summer Time),0.0334,0.0362,0.2812,0
Tue Jun 18 2024 13:00:00 GMT+0100 (British Summer Time),0.0334,0.0362,0.2812,0
Tue Jun 18 2024 14:00:00 GMT+0100 (British Summer Time),0.0334,0.0362,0.2812,0
Tue Jun 18 2024 15:00:00 GMT+0100 (British Summer Time),0.0334,0.0362,0.2757,14000.827566563372
Tue Jun 18 2024 16:00:00 GMT+0100 (British Summer Time),0.0334,0.0362,0.2757,0
Tue Jun 18 2024 17:00:00 GMT+0100 (British Summer Time),0.0334,0.0362,0.2757,0
Tue Jun 18 2024 18:00:00 GMT+0100 (British Summer Time),0.0334,0.0362,0.2757,0
Tue Jun 18 2024 19:00:00 GMT+0100 (British Summer Time),0.0334,0.0362,0.2759,50898.26846776969
Tue Jun 18 2024 20:00:00 GMT+0100 (British Summer Time),0.0334,0.0362,0.2759,0
Tue Jun 18 2024 21:00:00 GMT+0100 (British Summer Time),0.0334,0.0362,0.2759,0
Tue Jun 18 2024 22:00:00 GMT+0100 (British Summer Time),0.0334,0.0362,0.2759,0
Tue Jun 18 2024 23:00:00 GMT+0100 (British Summer Time),0.0334,0.0362,0.2839,20012.167635182093
Wed Jun 19 2024 00:00:00 GMT+0100 (British Summer Time),0.0334,0.0362,0.2839,0
Wed Jun 19 2024 01:00:00 GMT+0100 (British Summer Time),0.0334,0.0362,0.2839,0
Wed Jun 19 2024 02:00:00 GMT+0100 (British Summer Time),0.0334,0.0362,0.2839,0
Wed Jun 19 2024 03:00:00 GMT+0100 (British Summer Time),0.0334,0.0362,0.2839,0
Wed Jun 19 2024 04:00:00 GMT+0100 (British Summer Time),0.0334,0.0362,0.2839,0
Wed Jun 19 2024 05:00:00 GMT+0100 (British Summer Time),0.0334,0.0362,0.284,35860.8526547758
Wed Jun 19 2024 06:00:00 GMT+0100 (British Summer Time),0.0334,0.0362,0.284,0
Wed Jun 19 2024 07:00:00 GMT+0100 (British Summer Time),0.0029,0.0362,0.2843,86285.43051749078
Wed Jun 19 2024 08:00:00 GMT+0100 (British Summer Time),0.0029,0.0362,0.2843,0
Wed Jun 19 2024 09:00:00 GMT+0100 (British Summer Time),0.0029,0.0362,0.241,357733.42012942873
Wed Jun 19 2024 10:00:00 GMT+0100 (British Summer Time),0.0029,0.0362,0.241,0
Wed Jun 19 2024 11:00:00 GMT+0100 (British Summer Time),0.0029,0.0362,0.241,0
Wed Jun 19 2024 12:00:00 GMT+0100 (British Summer Time),0.0029,0.0362,0.227,70140.49674909093
Wed Jun 19 2024 13:00:00 GMT+0100 (British Summer Time),0.0029,0.0362,0.2407,0
Wed Jun 19 2024 14:00:00 GMT+0100 (British Summer Time),0.0029,0.0362,0.2407,0
Wed Jun 19 2024 15:00:00 GMT+0100 (British Summer Time),0.0029,0.0362,0.2407,0
Wed Jun 19 2024 16:00:00 GMT+0100 (British Summer Time),0.0029,0.0362,0.2407,0
Wed Jun 19 2024 17:00:00 GMT+0100 (British Summer Time),0.0029,0.0362,0.2407,0
Wed Jun 19 2024 18:00:00 GMT+0100 (British Summer Time),0.0029,0.0362,0.2407,0
Wed Jun 19 2024 19:00:00 GMT+0100 (British Summer Time),0.0029,0.0362,0.2385,5502.417077218077
Wed Jun 19 2024 20:00:00 GMT+0100 (British Summer Time),0.0029,0.0362,0.2385,0
Wed Jun 19 2024 21:00:00 GMT+0100 (British Summer Time),0.0029,0.0362,0.2385,0
Wed Jun 19 2024 22:00:00 GMT+0100 (British Summer Time),0.0029,0.0362,0.2385,0
Wed Jun 19 2024 23:00:00 GMT+0100 (British Summer Time),0.0029,0.0362,0.2497,28567.62477088229
Thu Jun 20 2024 00:00:00 GMT+0100 (British Summer Time),0.0029,0.0362,0.2509,3165.067341900117
Thu Jun 20 2024 01:00:00 GMT+0100 (British Summer Time),0.0029,0.0362,0.2509,0
Thu Jun 20 2024 02:00:00 GMT+0100 (British Summer Time),0.0029,0.0362,0.2538,7300.216412060394
Thu Jun 20 2024 03:00:00 GMT+0100 (British Summer Time),0.0029,0.0362,0.2426,28142.55699808152
Thu Jun 20 2024 04:00:00 GMT+0100 (British Summer Time),0.0029,0.0362,0.2459,8204.968697608314
Thu Jun 20 2024 05:00:00 GMT+0100 (British Summer Time),0.0029,0.0362,0.2459,0
Thu Jun 20 2024 06:00:00 GMT+0100 (British Summer Time),0.0029,0.0362,0.2459,0
Thu Jun 20 2024 07:00:00 GMT+0100 (British Summer Time),0.0039,0.0358,0.2507,12420.786453588637
Thu Jun 20 2024 08:00:00 GMT+0100 (British Summer Time),0.0039,0.0358,0.2542,8918.643147230303
Thu Jun 20 2024 09:00:00 GMT+0100 (British Summer Time),0.0039,0.0358,0.2542,0
Thu Jun 20 2024 10:00:00 GMT+0100 (British Summer Time),0.0039,0.0358,0.2542,16.26463448765249
Thu Jun 20 2024 11:00:00 GMT+0100 (British Summer Time),0.0039,0.0358,0.2591,12580.830756173995
Thu Jun 20 2024 12:00:00 GMT+0100 (British Summer Time),0.0039,0.0358,0.2591,0
Thu Jun 20 2024 13:00:00 GMT+0100 (British Summer Time),0.0039,0.0358,0.2591,0
Thu Jun 20 2024 14:00:00 GMT+0100 (British Summer Time),0.0039,0.0358,0.2591,0
Thu Jun 20 2024 15:00:00 GMT+0100 (British Summer Time),0.0039,0.0358,0.2591,0
Thu Jun 20 2024 16:00:00 GMT+0100 (British Summer Time),0.0039,0.0358,0.2591,0
Thu Jun 20 2024 17:00:00 GMT+0100 (British Summer Time),0.0039,0.0358,0.2591,0
Thu Jun 20 2024 18:00:00 GMT+0100 (British Summer Time),0.0039,0.0358,0.2606,3769.04737423461
Thu Jun 20 2024 19:00:00 GMT+0100 (British Summer Time),0.0039,0.0358,0.2606,0
Thu Jun 20 2024 20:00:00 GMT+0100 (British Summer Time),0.0039,0.0358,0.2689,21099.56729188313
Thu Jun 20 2024 21:00:00 GMT+0100 (British Summer Time),0.0039,0.0358,0.2692,65285.48219611517
Thu Jun 20 2024 22:00:00 GMT+0100 (British Summer Time),0.0039,0.0358,0.2693,26233.186722196908
Thu Jun 20 2024 23:00:00 GMT+0100 (British Summer Time),0.0039,0.0358,0.2693,0
Fri Jun 21 2024 00:00:00 GMT+0100 (British Summer Time),0.0039,0.0358,0.2693,0
Fri Jun 21 2024 01:00:00 GMT+0100 (British Summer Time),0.0039,0.0358,0.2693,0
Fri Jun 21 2024 02:00:00 GMT+0100 (British Summer Time),0.0039,0.0358,0.2728,38145.6758973936
Fri Jun 21 2024 03:00:00 GMT+0100 (British Summer Time),0.0039,0.0358,0.2731,86004.19871386813
Fri Jun 21 2024 04:00:00 GMT+0100 (British Summer Time),0.0039,0.0358,0.2731,0
Fri Jun 21 2024 05:00:00 GMT+0100 (British Summer Time),0.0039,0.0358,0.2731,0
Fri Jun 21 2024 06:00:00 GMT+0100 (British Summer Time),0.0039,0.0358,0.2731,0
Fri Jun 21 2024 07:00:00 GMT+0100 (British Summer Time),0.0061,0.0361,0.2731,0
Fri Jun 21 2024 08:00:00 GMT+0100 (British Summer Time),0.0061,0.0361,0.2731,0
Fri Jun 21 2024 09:00:00 GMT+0100 (British Summer Time),0.0061,0.0361,0.2731,0
Fri Jun 21 2024 10:00:00 GMT+0100 (British Summer Time),0.0061,0.0361,0.2731,0
Fri Jun 21 2024 11:00:00 GMT+0100 (British Summer Time),0.0061,0.0361,0.2731,0
Fri Jun 21 2024 12:00:00 GMT+0100 (British Summer Time),0.0061,0.0361,0.2731,0
Fri Jun 21 2024 13:00:00 GMT+0100 (British Summer Time),0.0061,0.0361,0.2731,0
Fri Jun 21 2024 14:00:00 GMT+0100 (British Summer Time),0.0061,0.0361,0.2732,36287.460057489945
Fri Jun 21 2024 15:00:00 GMT+0100 (British Summer Time),0.0061,0.0361,0.2732,0
Fri Jun 21 2024 16:00:00 GMT+0100 (British Summer Time),0.0061,0.0361,0.2732,0
Fri Jun 21 2024 17:00:00 GMT+0100 (British Summer Time),0.0061,0.0361,0.274,1943.3361261258406
Fri Jun 21 2024 18:00:00 GMT+0100 (British Summer Time),0.0061,0.0361,0.274,0
Fri Jun 21 2024 19:00:00 GMT+0100 (British Summer Time),0.0061,0.0361,0.274,0
Fri Jun 21 2024 20:00:00 GMT+0100 (British Summer Time),0.0061,0.0361,0.2692,12282.360692915456
Fri Jun 21 2024 21:00:00 GMT+0100 (British Summer Time),0.0061,0.0361,0.2735,10939.717220127513
Fri Jun 21 2024 22:00:00 GMT+0100 (British Summer Time),0.0061,0.0361,0.2735,9844.353072617661
Fri Jun 21 2024 23:00:00 GMT+0100 (British Summer Time),0.0061,0.0361,0.2774,281.23253967705597
Sat Jun 22 2024 00:00:00 GMT+0100 (British Summer Time),0.0061,0.0361,0.2774,0
Sat Jun 22 2024 01:00:00 GMT+0100 (British Summer Time),0.0061,0.0361,0.2774,0
Sat Jun 22 2024 02:00:00 GMT+0100 (British Summer Time),0.0061,0.0361,0.2774,0
Sat Jun 22 2024 03:00:00 GMT+0100 (British Summer Time),0.0061,0.0361,0.2774,0
Sat Jun 22 2024 04:00:00 GMT+0100 (British Summer Time),0.0061,0.0361,0.2774,0
Sat Jun 22 2024 05:00:00 GMT+0100 (British Summer Time),0.0061,0.0361,0.2783,2467.473014400953
Sat Jun 22 2024 06:00:00 GMT+0100 (British Summer Time),0.0061,0.0361,0.2747,11151.010396357839
Sat Jun 22 2024 07:00:00 GMT+0100 (British Summer Time),0.007,0.0359,0.2747,0
Sat Jun 22 2024 08:00:00 GMT+0100 (British Summer Time),0.007,0.0359,0.2747,0
Sat Jun 22 2024 09:00:00 GMT+0100 (British Summer Time),0.007,0.0359,0.2511,59225.170124566386
Sat Jun 22 2024 10:00:00 GMT+0100 (British Summer Time),0.007,0.0359,0.2294,53752.17726759767
Sat Jun 22 2024 11:00:00 GMT+0100 (British Summer Time),0.007,0.0359,0.2475,76616.43671904919
Sat Jun 22 2024 12:00:00 GMT+0100 (British Summer Time),0.007,0.0359,0.258,177677.44222384132
Sat Jun 22 2024 13:00:00 GMT+0100 (British Summer Time),0.007,0.0359,0.258,0
Sat Jun 22 2024 14:00:00 GMT+0100 (British Summer Time),0.007,0.0359,0.258,0
Sat Jun 22 2024 15:00:00 GMT+0100 (British Summer Time),0.007,0.0359,0.258,0
Sat Jun 22 2024 16:00:00 GMT+0100 (British Summer Time),0.007,0.0359,0.258,0
Sat Jun 22 2024 17:00:00 GMT+0100 (British Summer Time),0.007,0.0359,0.258,0
Sat Jun 22 2024 18:00:00 GMT+0100 (British Summer Time),0.007,0.0359,0.258,0
Sat Jun 22 2024 19:00:00 GMT+0100 (British Summer Time),0.007,0.0359,0.2631,12844.717335435527
Sat Jun 22 2024 20:00:00 GMT+0100 (British Summer Time),0.007,0.0359,0.2631,0
Sat Jun 22 2024 21:00:00 GMT+0100 (British Summer Time),0.007,0.0359,0.2631,0
Sat Jun 22 2024 22:00:00 GMT+0100 (British Summer Time),0.007,0.0359,0.2631,1671.9644163681153
Sat Jun 22 2024 23:00:00 GMT+0100 (British Summer Time),0.007,0.0359,0.2639,3680.469865788455
Sun Jun 23 2024 00:00:00 GMT+0100 (British Summer Time),0.007,0.0359,0.2611,7114.166424030238
Sun Jun 23 2024 01:00:00 GMT+0100 (British Summer Time),0.007,0.0359,0.2291,79702.70273019509
Sun Jun 23 2024 02:00:00 GMT+0100 (British Summer Time),0.007,0.0359,0.2291,0
Sun Jun 23 2024 03:00:00 GMT+0100 (British Summer Time),0.007,0.0359,0.2291,52.49054063525086
Sun Jun 23 2024 04:00:00 GMT+0100 (British Summer Time),0.007,0.0359,0.2315,5917.758962705185
Sun Jun 23 2024 05:00:00 GMT+0100 (British Summer Time),0.007,0.0359,0.2315,0
Sun Jun 23 2024 06:00:00 GMT+0100 (British Summer Time),0.007,0.0359,0.2301,3508.6334737178836
Sun Jun 23 2024 07:00:00 GMT+0100 (British Summer Time),0.0042,0.0168,0.242,29638.493047559183
Sun Jun 23 2024 08:00:00 GMT+0100 (British Summer Time),0.0043,0.0168,0.242,0
Sun Jun 23 2024 09:00:00 GMT+0100 (British Summer Time),0.0043,0.0168,0.242,0
Sun Jun 23 2024 10:00:00 GMT+0100 (British Summer Time),0.0043,0.0168,0.242,0
Sun Jun 23 2024 11:00:00 GMT+0100 (British Summer Time),0.0043,0.0168,0.242,9.969247544433793
Sun Jun 23 2024 12:00:00 GMT+0100 (British Summer Time),0.0043,0.0168,0.2452,7890.763793677165
Sun Jun 23 2024 13:00:00 GMT+0100 (British Summer Time),0.0043,0.0168,0.2452,129.86503215060037
Sun Jun 23 2024 14:00:00 GMT+0100 (British Summer Time),0.0043,0.0168,0.2452,0
Sun Jun 23 2024 15:00:00 GMT+0100 (British Summer Time),0.0043,0.0168,0.2452,0
Sun Jun 23 2024 16:00:00 GMT+0100 (British Summer Time),0.0042,0.0168,0.2452,0
Sun Jun 23 2024 17:00:00 GMT+0100 (British Summer Time),0.0043,0.0168,0.2435,4332.0124705802955
Sun Jun 23 2024 18:00:00 GMT+0100 (British Summer Time),0.0043,0.0168,0.2435,0
Sun Jun 23 2024 19:00:00 GMT+0100 (British Summer Time),0.0043,0.0168,0.2487,12890.794622100357
Sun Jun 23 2024 20:00:00 GMT+0100 (British Summer Time),0.0043,0.0168,0.2487,0
Sun Jun 23 2024 21:00:00 GMT+0100 (British Summer Time),0.0043,0.0168,0.2487,0
Sun Jun 23 2024 22:00:00 GMT+0100 (British Summer Time),0.0043,0.0168,0.2487,0
Sun Jun 23 2024 23:00:00 GMT+0100 (British Summer Time),0.0043,0.0168,0.2487,0
Mon Jun 24 2024 00:00:00 GMT+0100 (British Summer Time),0.0043,0.0168,0.2487,0
Mon Jun 24 2024 01:00:00 GMT+0100 (British Summer Time),0.0042,0.0168,0.2487,0
Mon Jun 24 2024 02:00:00 GMT+0100 (British Summer Time),0.0043,0.0168,0.2487,0
Mon Jun 24 2024 03:00:00 GMT+0100 (British Summer Time),0.0043,0.0168,0.2487,0
Mon Jun 24 2024 04:00:00 GMT+0100 (British Summer Time),0.0043,0.0168,0.2487,0
Mon Jun 24 2024 05:00:00 GMT+0100 (British Summer Time),0.0043,0.0168,0.2487,0
Mon Jun 24 2024 06:00:00 GMT+0100 (British Summer Time),0.0043,0.0168,0.2348,117982.0691258559
Mon Jun 24 2024 07:00:00 GMT+0100 (British Summer Time),0.0042,0.0088,0.2348,0
Mon Jun 24 2024 08:00:00 GMT+0100 (British Summer Time),0.0042,0.0088,0.2137,78314.08257373667
Mon Jun 24 2024 09:00:00 GMT+0100 (British Summer Time),0.0042,0.0088,0.2137,0
Mon Jun 24 2024 10:00:00 GMT+0100 (British Summer Time),0.0042,0.0088,0.2137,0
Mon Jun 24 2024 11:00:00 GMT+0100 (British Summer Time),0.0042,0.0088,0.2137,0
Mon Jun 24 2024 12:00:00 GMT+0100 (British Summer Time),0.0042,0.0088,0.2137,0
Mon Jun 24 2024 13:00:00 GMT+0100 (British Summer Time),0.0042,0.0088,0.2137,0
Mon Jun 24 2024 14:00:00 GMT+0100 (British Summer Time),0.0042,0.0088,0.2137,0
Mon Jun 24 2024 15:00:00 GMT+0100 (British Summer Time),0.0042,0.0088,0.2137,0
Mon Jun 24 2024 16:00:00 GMT+0100 (British Summer Time),0.0042,0.0088,0.2137,0
Mon Jun 24 2024 17:00:00 GMT+0100 (British Summer Time),0.0042,0.0088,0.2137,0
Mon Jun 24 2024 18:00:00 GMT+0100 (British Summer Time),0.0042,0.0088,0.2137,0
Mon Jun 24 2024 19:00:00 GMT+0100 (British Summer Time),0.0042,0.0088,0.2137,0
Mon Jun 24 2024 20:00:00 GMT+0100 (British Summer Time),0.0042,0.0088,0.2137,0
Mon Jun 24 2024 21:00:00 GMT+0100 (British Summer Time),0.0042,0.0088,0.2137,0
Mon Jun 24 2024 22:00:00 GMT+0100 (British Summer Time),0.0042,0.0088,0.2137,0
Mon Jun 24 2024 23:00:00 GMT+0100 (British Summer Time),0.0042,0.0088,0.2137,0
Tue Jun 25 2024 00:00:00 GMT+0100 (British Summer Time),0.0042,0.0088,0.2137,0
Tue Jun 25 2024 01:00:00 GMT+0100 (British Summer Time),0.0042,0.0088,0.2137,0
Tue Jun 25 2024 02:00:00 GMT+0100 (British Summer Time),0.0042,0.0088,0.2137,0
Tue Jun 25 2024 03:00:00 GMT+0100 (British Summer Time),0.0042,0.0088,0.2137,0
Tue Jun 25 2024 04:00:00 GMT+0100 (British Summer Time),0.0042,0.0088,0.214,858.7458143842861
Tue Jun 25 2024 05:00:00 GMT+0100 (British Summer Time),0.0042,0.0088,0.214,0
Tue Jun 25 2024 06:00:00 GMT+0100 (British Summer Time),0.0042,0.0088,0.214,0
Tue Jun 25 2024 07:00:00 GMT+0100 (British Summer Time),0.1555,0.025,0.214,0
Tue Jun 25 2024 08:00:00 GMT+0100 (British Summer Time),0.156,0.025,0.214,0
Tue Jun 25 2024 09:00:00 GMT+0100 (British Summer Time),0.156,0.025,0.2141,0
Tue Jun 25 2024 10:00:00 GMT+0100 (British Summer Time),0.156,0.025,0.172,146090.08678509633
Tue Jun 25 2024 11:00:00 GMT+0100 (British Summer Time),0.156,0.025,0.172,0
Tue Jun 25 2024 12:00:00 GMT+0100 (British Summer Time),0.1555,0.025,0.172,0
Tue Jun 25 2024 13:00:00 GMT+0100 (British Summer Time),0.156,0.025,0.1419,69819.69472623686
Tue Jun 25 2024 14:00:00 GMT+0100 (British Summer Time),0.156,0.025,0.1419,0
Tue Jun 25 2024 15:00:00 GMT+0100 (British Summer Time),0.156,0.025,0.1419,0
Tue Jun 25 2024 16:00:00 GMT+0100 (British Summer Time),0.1555,0.025,0.1419,0
Tue Jun 25 2024 17:00:00 GMT+0100 (British Summer Time),0.156,0.025,0.1419,0
Tue Jun 25 2024 18:00:00 GMT+0100 (British Summer Time),0.156,0.025,0.1419,0
Tue Jun 25 2024 19:00:00 GMT+0100 (British Summer Time),0.156,0.025,0.1419,0
Tue Jun 25 2024 20:00:00 GMT+0100 (British Summer Time),0.156,0.025,0.1419,0
Tue Jun 25 2024 21:00:00 GMT+0100 (British Summer Time),0.1555,0.025,0.1419,0
Tue Jun 25 2024 22:00:00 GMT+0100 (British Summer Time),0.156,0.025,0.1361,156276.876866345
Tue Jun 25 2024 23:00:00 GMT+0100 (British Summer Time),0.156,0.025,0.139,0
Wed Jun 26 2024 00:00:00 GMT+0100 (British Summer Time),0.156,0.025,0.1463,58897.99055231299
Wed Jun 26 2024 01:00:00 GMT+0100 (British Summer Time),0.1555,0.025,0.1628,0
Wed Jun 26 2024 02:00:00 GMT+0100 (British Summer Time),0.156,0.025,0.1628,0
Wed Jun 26 2024 03:00:00 GMT+0100 (British Summer Time),0.156,0.025,0.1628,10.852982029458031
Wed Jun 26 2024 04:00:00 GMT+0100 (British Summer Time),0.156,0.025,0.2122,312362.71706928144
Wed Jun 26 2024 05:00:00 GMT+0100 (British Summer Time),0.156,0.025,0.2122,0
Wed Jun 26 2024 06:00:00 GMT+0100 (British Summer Time),0.1555,0.025,0.2122,0
Wed Jun 26 2024 07:00:00 GMT+0100 (British Summer Time),0.0776,0.0356,0.2122,0
Wed Jun 26 2024 08:00:00 GMT+0100 (British Summer Time),0.0774,0.0356,0.2122,92.44279158769608
Wed Jun 26 2024 09:00:00 GMT+0100 (British Summer Time),0.0774,0.0356,0.2122,0
Wed Jun 26 2024 10:00:00 GMT+0100 (British Summer Time),0.0774,0.0356,0.2122,10480.589244625466
Wed Jun 26 2024 11:00:00 GMT+0100 (British Summer Time),0.0774,0.0356,0.2122,0
Wed Jun 26 2024 12:00:00 GMT+0100 (British Summer Time),0.0776,0.0356,0.2122,0
Wed Jun 26 2024 13:00:00 GMT+0100 (British Summer Time),0.0774,0.0356,0.2122,2792.4088045144167
Wed Jun 26 2024 14:00:00 GMT+0100 (British Summer Time),0.0774,0.0356,0.2292,37440.30678687143
Wed Jun 26 2024 15:00:00 GMT+0100 (British Summer Time),0.0774,0.0356,0.2291,335.22550921485686
Wed Jun 26 2024 16:00:00 GMT+0100 (British Summer Time),0.0776,0.0356,0.2291,0
Wed Jun 26 2024 17:00:00 GMT+0100 (British Summer Time),0.0774,0.0356,0.2291,0
Wed Jun 26 2024 18:00:00 GMT+0100 (British Summer Time),0.0774,0.0356,0.3795,360784.79716998484
Wed Jun 26 2024 19:00:00 GMT+0100 (British Summer Time),0.0774,0.0356,0.3795,0
Wed Jun 26 2024 20:00:00 GMT+0100 (British Summer Time),0.0774,0.0356,0.3795,0
Wed Jun 26 2024 21:00:00 GMT+0100 (British Summer Time),0.0776,0.0356,0.3796,0
Wed Jun 26 2024 22:00:00 GMT+0100 (British Summer Time),0.0774,0.0356,0.3796,0
Wed Jun 26 2024 23:00:00 GMT+0100 (British Summer Time),0.0774,0.0356,0.3796,0
Thu Jun 27 2024 00:00:00 GMT+0100 (British Summer Time),0.0774,0.0356,0.4047,68226.46908204464