time,underlyingApy1DMA,underlyingApy7DMA,impliedApy,volume
Thu Apr 24 2025 22:00:00 GMT+0100 (British Summer Time),0.0295,0.0285,0.0281,0
Thu Apr 24 2025 23:00:00 GMT+0100 (British Summer Time),0.0295,0.0285,0.0281,900.1581572458151
Fri Apr 25 2025 00:00:00 GMT+0100 (British Summer Time),0.0295,0.0285,0.0281,0
Fri Apr 25 2025 01:00:00 GMT+0100 (British Summer Time),0.0295,0.0285,0.0281,0
Fri Apr 25 2025 02:00:00 GMT+0100 (British Summer Time),0.0295,0.0285,0.0281,0
Fri Apr 25 2025 03:00:00 GMT+0100 (British Summer Time),0.0295,0.0285,0.0281,1212.1479941089428
Fri Apr 25 2025 04:00:00 GMT+0100 (British Summer Time),0.0295,0.0285,0.0281,1275.9358391230737
Fri Apr 25 2025 05:00:00 GMT+0100 (British Summer Time),0.0295,0.0285,0.0281,0
Fri Apr 25 2025 06:00:00 GMT+0100 (British Summer Time),0.0295,0.0285,0.0281,24.773511151095015
Fri Apr 25 2025 07:00:00 GMT+0100 (British Summer Time),0.0295,0.0285,0.0281,0
Fri Apr 25 2025 08:00:00 GMT+0100 (British Summer Time),0.0295,0.0285,0.0281,0
Fri Apr 25 2025 09:00:00 GMT+0100 (British Summer Time),0.0295,0.0285,0.0281,0
Fri Apr 25 2025 10:00:00 GMT+0100 (British Summer Time),0.0295,0.0285,0.028,5156.371505421997
Fri Apr 25 2025 11:00:00 GMT+0100 (British Summer Time),0.0295,0.0285,0.028,0
Fri Apr 25 2025 12:00:00 GMT+0100 (British Summer Time),0.0295,0.0285,0.028,0
Fri Apr 25 2025 13:00:00 GMT+0100 (British Summer Time),0.0284,0.0287,0.028,0
Fri Apr 25 2025 14:00:00 GMT+0100 (British Summer Time),0.0284,0.0287,0.028,0
Fri Apr 25 2025 15:00:00 GMT+0100 (British Summer Time),0.0284,0.0287,0.028,0
Fri Apr 25 2025 16:00:00 GMT+0100 (British Summer Time),0.0284,0.0287,0.028,0
Fri Apr 25 2025 17:00:00 GMT+0100 (British Summer Time),0.0284,0.0287,0.028,1931.619088730099
Fri Apr 25 2025 18:00:00 GMT+0100 (British Summer Time),0.0284,0.0287,0.028,308.98474579475345
Fri Apr 25 2025 19:00:00 GMT+0100 (British Summer Time),0.0284,0.0287,0.028,0
Fri Apr 25 2025 20:00:00 GMT+0100 (British Summer Time),0.0284,0.0287,0.028,41.77898615801264
Fri Apr 25 2025 21:00:00 GMT+0100 (British Summer Time),0.0284,0.0287,0.028,0
Fri Apr 25 2025 22:00:00 GMT+0100 (British Summer Time),0.0284,0.0287,0.028,0
Fri Apr 25 2025 23:00:00 GMT+0100 (British Summer Time),0.0284,0.0287,0.028,0
Sat Apr 26 2025 00:00:00 GMT+0100 (British Summer Time),0.0284,0.0287,0.0284,61034.91152880606
Sat Apr 26 2025 01:00:00 GMT+0100 (British Summer Time),0.0284,0.0287,0.0284,0
Sat Apr 26 2025 02:00:00 GMT+0100 (British Summer Time),0.0284,0.0287,0.0284,0
Sat Apr 26 2025 03:00:00 GMT+0100 (British Summer Time),0.0284,0.0287,0.0284,0
Sat Apr 26 2025 04:00:00 GMT+0100 (British Summer Time),0.0284,0.0287,0.0284,0
Sat Apr 26 2025 05:00:00 GMT+0100 (British Summer Time),0.0284,0.0287,0.0284,3564.8336890845817
Sat Apr 26 2025 06:00:00 GMT+0100 (British Summer Time),0.0284,0.0287,0.0284,0
Sat Apr 26 2025 07:00:00 GMT+0100 (British Summer Time),0.0284,0.0287,0.0284,0
Sat Apr 26 2025 08:00:00 GMT+0100 (British Summer Time),0.0284,0.0287,0.0284,0
Sat Apr 26 2025 09:00:00 GMT+0100 (British Summer Time),0.0284,0.0287,0.0284,0
Sat Apr 26 2025 10:00:00 GMT+0100 (British Summer Time),0.0284,0.0287,0.0284,0
Sat Apr 26 2025 11:00:00 GMT+0100 (British Summer Time),0.0284,0.0287,0.0284,0
Sat Apr 26 2025 12:00:00 GMT+0100 (British Summer Time),0.0284,0.0287,0.0284,0
Sat Apr 26 2025 13:00:00 GMT+0100 (British Summer Time),0.028,0.0288,0.0284,0
Sat Apr 26 2025 14:00:00 GMT+0100 (British Summer Time),0.028,0.0288,0.0284,0
Sat Apr 26 2025 15:00:00 GMT+0100 (British Summer Time),0.028,0.0288,0.0284,0
Sat Apr 26 2025 16:00:00 GMT+0100 (British Summer Time),0.028,0.0288,0.0284,0
Sat Apr 26 2025 17:00:00 GMT+0100 (British Summer Time),0.028,0.0288,0.0284,0
Sat Apr 26 2025 18:00:00 GMT+0100 (British Summer Time),0.028,0.0288,0.0284,39.465983358302125
Sat Apr 26 2025 19:00:00 GMT+0100 (British Summer Time),0.028,0.0288,0.0284,0
Sat Apr 26 2025 20:00:00 GMT+0100 (British Summer Time),0.028,0.0288,0.0284,0
Sat Apr 26 2025 21:00:00 GMT+0100 (British Summer Time),0.028,0.0288,0.0284,0
Sat Apr 26 2025 22:00:00 GMT+0100 (British Summer Time),0.028,0.0288,0.0284,0
Sat Apr 26 2025 23:00:00 GMT+0100 (British Summer Time),0.028,0.0288,0.0284,0
Sun Apr 27 2025 00:00:00 GMT+0100 (British Summer Time),0.028,0.0288,0.0284,0
Sun Apr 27 2025 01:00:00 GMT+0100 (British Summer Time),0.028,0.0288,0.0284,0
Sun Apr 27 2025 02:00:00 GMT+0100 (British Summer Time),0.028,0.0288,0.0284,0
Sun Apr 27 2025 03:00:00 GMT+0100 (British Summer Time),0.028,0.0288,0.0284,0
Sun Apr 27 2025 04:00:00 GMT+0100 (British Summer Time),0.028,0.0288,0.0284,1.7521081471494546
Sun Apr 27 2025 05:00:00 GMT+0100 (British Summer Time),0.028,0.0288,0.0284,0
Sun Apr 27 2025 06:00:00 GMT+0100 (British Summer Time),0.028,0.0288,0.0284,0
Sun Apr 27 2025 07:00:00 GMT+0100 (British Summer Time),0.028,0.0288,0.0284,0
Sun Apr 27 2025 08:00:00 GMT+0100 (British Summer Time),0.028,0.0288,0.0284,0
Sun Apr 27 2025 09:00:00 GMT+0100 (British Summer Time),0.028,0.0288,0.0284,0
Sun Apr 27 2025 10:00:00 GMT+0100 (British Summer Time),0.028,0.0288,0.0284,27.763213289861387
Sun Apr 27 2025 11:00:00 GMT+0100 (British Summer Time),0.028,0.0288,0.0284,0
Sun Apr 27 2025 12:00:00 GMT+0100 (British Summer Time),0.028,0.0288,0.0284,0
Sun Apr 27 2025 13:00:00 GMT+0100 (British Summer Time),0.0273,0.0288,0.0284,474.67315774984286
Sun Apr 27 2025 14:00:00 GMT+0100 (British Summer Time),0.0273,0.0288,0.0284,0
Sun Apr 27 2025 15:00:00 GMT+0100 (British Summer Time),0.0273,0.0288,0.0283,2816.7168307313304
Sun Apr 27 2025 16:00:00 GMT+0100 (British Summer Time),0.0273,0.0288,0.0283,0
Sun Apr 27 2025 17:00:00 GMT+0100 (British Summer Time),0.0273,0.0288,0.0283,0
Sun Apr 27 2025 18:00:00 GMT+0100 (British Summer Time),0.0273,0.0288,0.0283,0
Sun Apr 27 2025 19:00:00 GMT+0100 (British Summer Time),0.0273,0.0288,0.0283,0
Sun Apr 27 2025 20:00:00 GMT+0100 (British Summer Time),0.0273,0.0288,0.0283,0
Sun Apr 27 2025 21:00:00 GMT+0100 (British Summer Time),0.0273,0.0288,0.0283,0
Sun Apr 27 2025 22:00:00 GMT+0100 (British Summer Time),0.0273,0.0288,0.0283,524.8752781636767
Sun Apr 27 2025 23:00:00 GMT+0100 (British Summer Time),0.0273,0.0288,0.0283,0
Mon Apr 28 2025 00:00:00 GMT+0100 (British Summer Time),0.0273,0.0288,0.0283,0
Mon Apr 28 2025 01:00:00 GMT+0100 (British Summer Time),0.0273,0.0288,0.0283,0
Mon Apr 28 2025 02:00:00 GMT+0100 (British Summer Time),0.0273,0.0288,0.0283,0
Mon Apr 28 2025 03:00:00 GMT+0100 (British Summer Time),0.0273,0.0288,0.0283,40.728796513390336
Mon Apr 28 2025 04:00:00 GMT+0100 (British Summer Time),0.0273,0.0288,0.0283,0.5328750498869833
Mon Apr 28 2025 05:00:00 GMT+0100 (British Summer Time),0.0273,0.0288,0.0283,0
Mon Apr 28 2025 06:00:00 GMT+0100 (British Summer Time),0.0273,0.0288,0.0283,0
Mon Apr 28 2025 07:00:00 GMT+0100 (British Summer Time),0.0273,0.0288,0.0283,0
Mon Apr 28 2025 08:00:00 GMT+0100 (British Summer Time),0.0273,0.0288,0.0283,0
Mon Apr 28 2025 09:00:00 GMT+0100 (British Summer Time),0.0273,0.0288,0.0283,0
Mon Apr 28 2025 10:00:00 GMT+0100 (British Summer Time),0.0273,0.0288,0.0283,0
Mon Apr 28 2025 11:00:00 GMT+0100 (British Summer Time),0.0273,0.0288,0.0283,0
Mon Apr 28 2025 12:00:00 GMT+0100 (British Summer Time),0.0273,0.0288,0.0283,478.81607054089955
Mon Apr 28 2025 13:00:00 GMT+0100 (British Summer Time),0.0274,0.0287,0.0283,0
Mon Apr 28 2025 14:00:00 GMT+0100 (British Summer Time),0.0274,0.0287,0.0283,0
Mon Apr 28 2025 15:00:00 GMT+0100 (British Summer Time),0.0274,0.0287,0.0283,0
Mon Apr 28 2025 16:00:00 GMT+0100 (British Summer Time),0.0274,0.0287,0.0283,0
Mon Apr 28 2025 17:00:00 GMT+0100 (British Summer Time),0.0274,0.0287,0.0283,0
Mon Apr 28 2025 18:00:00 GMT+0100 (British Summer Time),0.0274,0.0287,0.0283,0
Mon Apr 28 2025 19:00:00 GMT+0100 (British Summer Time),0.0274,0.0287,0.0283,0
Mon Apr 28 2025 20:00:00 GMT+0100 (British Summer Time),0.0274,0.0287,0.0283,0
Mon Apr 28 2025 21:00:00 GMT+0100 (British Summer Time),0.0274,0.0287,0.0283,30.7084584346621
Mon Apr 28 2025 22:00:00 GMT+0100 (British Summer Time),0.0274,0.0287,0.0283,0
Mon Apr 28 2025 23:00:00 GMT+0100 (British Summer Time),0.0274,0.0287,0.0283,431.8608389035988
Tue Apr 29 2025 00:00:00 GMT+0100 (British Summer Time),0.0274,0.0287,0.0283,0
Tue Apr 29 2025 01:00:00 GMT+0100 (British Summer Time),0.0274,0.0287,0.0283,0
Tue Apr 29 2025 02:00:00 GMT+0100 (British Summer Time),0.0274,0.0287,0.0283,0
Tue Apr 29 2025 03:00:00 GMT+0100 (British Summer Time),0.0274,0.0287,0.0283,0
Tue Apr 29 2025 04:00:00 GMT+0100 (British Summer Time),0.0274,0.0287,0.0283,0
Tue Apr 29 2025 05:00:00 GMT+0100 (British Summer Time),0.0274,0.0287,0.0283,0
Tue Apr 29 2025 06:00:00 GMT+0100 (British Summer Time),0.0274,0.0287,0.0283,57.94794852580528
Tue Apr 29 2025 07:00:00 GMT+0100 (British Summer Time),0.0274,0.0287,0.0283,0
Tue Apr 29 2025 08:00:00 GMT+0100 (British Summer Time),0.0274,0.0287,0.0283,0
Tue Apr 29 2025 09:00:00 GMT+0100 (British Summer Time),0.0274,0.0287,0.0283,0
Tue Apr 29 2025 10:00:00 GMT+0100 (British Summer Time),0.0274,0.0287,0.0283,0
Tue Apr 29 2025 11:00:00 GMT+0100 (British Summer Time),0.0274,0.0287,0.0283,0
Tue Apr 29 2025 12:00:00 GMT+0100 (British Summer Time),0.0274,0.0287,0.0283,0
Tue Apr 29 2025 13:00:00 GMT+0100 (British Summer Time),0.0286,0.0288,0.0283,0
Tue Apr 29 2025 14:00:00 GMT+0100 (British Summer Time),0.0286,0.0288,0.0283,0
Tue Apr 29 2025 15:00:00 GMT+0100 (British Summer Time),0.0286,0.0288,0.0283,0
Tue Apr 29 2025 16:00:00 GMT+0100 (British Summer Time),0.0286,0.0288,0.0283,0
Tue Apr 29 2025 17:00:00 GMT+0100 (British Summer Time),0.0286,0.0288,0.0283,0
Tue Apr 29 2025 18:00:00 GMT+0100 (British Summer Time),0.0286,0.0288,0.0283,36.259293012205504
Tue Apr 29 2025 19:00:00 GMT+0100 (British Summer Time),0.0286,0.0288,0.0286,38907.93535414989
Tue Apr 29 2025 20:00:00 GMT+0100 (British Summer Time),0.0286,0.0288,0.0286,2.695440832357575
Tue Apr 29 2025 21:00:00 GMT+0100 (British Summer Time),0.0286,0.0288,0.0286,0
Tue Apr 29 2025 22:00:00 GMT+0100 (British Summer Time),0.0286,0.0288,0.0286,0
Tue Apr 29 2025 23:00:00 GMT+0100 (British Summer Time),0.0286,0.0288,0.0286,0
Wed Apr 30 2025 00:00:00 GMT+0100 (British Summer Time),0.0286,0.0288,0.0286,0
Wed Apr 30 2025 01:00:00 GMT+0100 (British Summer Time),0.0286,0.0288,0.0286,0
Wed Apr 30 2025 02:00:00 GMT+0100 (British Summer Time),0.0286,0.0288,0.0286,0
Wed Apr 30 2025 03:00:00 GMT+0100 (British Summer Time),0.0286,0.0288,0.0286,0
Wed Apr 30 2025 04:00:00 GMT+0100 (British Summer Time),0.0286,0.0288,0.0286,0
Wed Apr 30 2025 05:00:00 GMT+0100 (British Summer Time),0.0286,0.0288,0.0286,177.0479820386209
Wed Apr 30 2025 06:00:00 GMT+0100 (British Summer Time),0.0286,0.0288,0.0286,0
Wed Apr 30 2025 07:00:00 GMT+0100 (British Summer Time),0.0286,0.0288,0.0286,0
Wed Apr 30 2025 08:00:00 GMT+0100 (British Summer Time),0.0286,0.0288,0.0286,0
Wed Apr 30 2025 09:00:00 GMT+0100 (British Summer Time),0.0286,0.0288,0.0286,0
Wed Apr 30 2025 10:00:00 GMT+0100 (British Summer Time),0.0286,0.0288,0.0286,29.296688025515383
Wed Apr 30 2025 11:00:00 GMT+0100 (British Summer Time),0.0286,0.0288,0.0286,775.6426982998469
Wed Apr 30 2025 12:00:00 GMT+0100 (British Summer Time),0.0286,0.0288,0.0286,0
Wed Apr 30 2025 13:00:00 GMT+0100 (British Summer Time),0.0272,0.0281,0.0286,0
Wed Apr 30 2025 14:00:00 GMT+0100 (British Summer Time),0.0272,0.0281,0.0286,0
Wed Apr 30 2025 15:00:00 GMT+0100 (British Summer Time),0.0272,0.0281,0.0286,0
Wed Apr 30 2025 16:00:00 GMT+0100 (British Summer Time),0.0272,0.0281,0.0286,0
Wed Apr 30 2025 17:00:00 GMT+0100 (British Summer Time),0.0272,0.0281,0.0286,0
Wed Apr 30 2025 18:00:00 GMT+0100 (British Summer Time),0.0272,0.0281,0.0285,2528.9237940109683
Wed Apr 30 2025 19:00:00 GMT+0100 (British Summer Time),0.0272,0.0281,0.0287,22498.884256880916
Wed Apr 30 2025 20:00:00 GMT+0100 (British Summer Time),0.0272,0.0281,0.0287,0
Wed Apr 30 2025 21:00:00 GMT+0100 (British Summer Time),0.0272,0.0281,0.0287,776.931059315774
Wed Apr 30 2025 22:00:00 GMT+0100 (British Summer Time),0.0272,0.0281,0.0285,22774.3217034361
Wed Apr 30 2025 23:00:00 GMT+0100 (British Summer Time),0.0272,0.0281,0.0285,0
Thu May 01 2025 00:00:00 GMT+0100 (British Summer Time),0.0272,0.0281,0.0285,44808.30504944379
Thu May 01 2025 01:00:00 GMT+0100 (British Summer Time),0.0272,0.0281,0.0285,5066.416916419159
Thu May 01 2025 02:00:00 GMT+0100 (British Summer Time),0.0272,0.0281,0.0285,28.261232201948246
Thu May 01 2025 03:00:00 GMT+0100 (British Summer Time),0.0272,0.0281,0.0285,0
Thu May 01 2025 04:00:00 GMT+0100 (British Summer Time),0.0272,0.0281,0.0285,0
Thu May 01 2025 05:00:00 GMT+0100 (British Summer Time),0.0272,0.0281,0.0285,0
Thu May 01 2025 06:00:00 GMT+0100 (British Summer Time),0.0272,0.0281,0.0285,0
Thu May 01 2025 07:00:00 GMT+0100 (British Summer Time),0.0272,0.0281,0.0285,0
Thu May 01 2025 08:00:00 GMT+0100 (British Summer Time),0.0272,0.0281,0.0285,0
Thu May 01 2025 09:00:00 GMT+0100 (British Summer Time),0.0272,0.0281,0.0285,0
Thu May 01 2025 10:00:00 GMT+0100 (British Summer Time),0.0272,0.0281,0.0285,0
Thu May 01 2025 11:00:00 GMT+0100 (British Summer Time),0.0272,0.0281,0.0285,0
Thu May 01 2025 12:00:00 GMT+0100 (British Summer Time),0.0272,0.0281,0.0285,0
Thu May 01 2025 13:00:00 GMT+0100 (British Summer Time),0.0282,0.0279,0.0285,0
Thu May 01 2025 14:00:00 GMT+0100 (British Summer Time),0.0282,0.0279,0.0285,0
Thu May 01 2025 15:00:00 GMT+0100 (British Summer Time),0.0282,0.0279,0.0285,0
Thu May 01 2025 16:00:00 GMT+0100 (British Summer Time),0.0282,0.0279,0.0285,0
Thu May 01 2025 17:00:00 GMT+0100 (British Summer Time),0.0282,0.0279,0.0285,0
Thu May 01 2025 18:00:00 GMT+0100 (British Summer Time),0.0282,0.0279,0.0285,0
Thu May 01 2025 19:00:00 GMT+0100 (British Summer Time),0.0282,0.0279,0.0285,0
Thu May 01 2025 20:00:00 GMT+0100 (British Summer Time),0.0282,0.0279,0.0285,33.944142041894175
Thu May 01 2025 21:00:00 GMT+0100 (British Summer Time),0.0282,0.0279,0.0285,0
Thu May 01 2025 22:00:00 GMT+0100 (British Summer Time),0.0282,0.0279,0.0285,0
Thu May 01 2025 23:00:00 GMT+0100 (British Summer Time),0.0282,0.0279,0.0285,0
Fri May 02 2025 00:00:00 GMT+0100 (British Summer Time),0.0282,0.0279,0.0285,0
Fri May 02 2025 01:00:00 GMT+0100 (British Summer Time),0.0282,0.0279,0.0285,0
Fri May 02 2025 02:00:00 GMT+0100 (British Summer Time),0.0282,0.0279,0.0285,1924.116721486866
Fri May 02 2025 03:00:00 GMT+0100 (British Summer Time),0.0282,0.0279,0.0285,0
Fri May 02 2025 04:00:00 GMT+0100 (British Summer Time),0.0282,0.0279,0.0285,0
Fri May 02 2025 05:00:00 GMT+0100 (British Summer Time),0.0282,0.0279,0.0285,4366.786738492027
Fri May 02 2025 06:00:00 GMT+0100 (British Summer Time),0.0282,0.0279,0.0285,0
Fri May 02 2025 07:00:00 GMT+0100 (British Summer Time),0.0282,0.0279,0.0285,0
Fri May 02 2025 08:00:00 GMT+0100 (British Summer Time),0.0282,0.0279,0.0285,0
Fri May 02 2025 09:00:00 GMT+0100 (British Summer Time),0.0282,0.0279,0.0285,0
Fri May 02 2025 10:00:00 GMT+0100 (British Summer Time),0.0282,0.0279,0.0285,0
Fri May 02 2025 11:00:00 GMT+0100 (British Summer Time),0.0282,0.0279,0.0285,0
Fri May 02 2025 12:00:00 GMT+0100 (British Summer Time),0.0282,0.0279,0.0285,0
Fri May 02 2025 13:00:00 GMT+0100 (British Summer Time),0.0277,0.0278,0.0285,30.53452724216742
Fri May 02 2025 14:00:00 GMT+0100 (British Summer Time),0.0277,0.0278,0.0285,0
Fri May 02 2025 15:00:00 GMT+0100 (British Summer Time),0.0277,0.0278,0.0285,10.54885164133838
Fri May 02 2025 16:00:00 GMT+0100 (British Summer Time),0.0277,0.0278,0.0285,0
Fri May 02 2025 17:00:00 GMT+0100 (British Summer Time),0.0277,0.0278,0.0285,0
Fri May 02 2025 18:00:00 GMT+0100 (British Summer Time),0.0277,0.0278,0.0285,0
Fri May 02 2025 19:00:00 GMT+0100 (British Summer Time),0.0277,0.0278,0.0285,2.323741333980275
Fri May 02 2025 20:00:00 GMT+0100 (British Summer Time),0.0277,0.0278,0.0285,0
Fri May 02 2025 21:00:00 GMT+0100 (British Summer Time),0.0277,0.0278,0.0285,0
Fri May 02 2025 22:00:00 GMT+0100 (British Summer Time),0.0277,0.0278,0.0285,542.599448271029
Fri May 02 2025 23:00:00 GMT+0100 (British Summer Time),0.0277,0.0278,0.0285,0
Sat May 03 2025 00:00:00 GMT+0100 (British Summer Time),0.0277,0.0278,0.0285,0
Sat May 03 2025 01:00:00 GMT+0100 (British Summer Time),0.0277,0.0278,0.0285,781.8694566508559
Sat May 03 2025 02:00:00 GMT+0100 (British Summer Time),0.0277,0.0278,0.0285,0.7107866925841475
Sat May 03 2025 03:00:00 GMT+0100 (British Summer Time),0.0277,0.0278,0.0285,0
Sat May 03 2025 04:00:00 GMT+0100 (British Summer Time),0.0277,0.0278,0.0282,110205.3811127002
Sat May 03 2025 05:00:00 GMT+0100 (British Summer Time),0.0277,0.0278,0.0282,55097.63277970262
Sat May 03 2025 06:00:00 GMT+0100 (British Summer Time),0.0277,0.0278,0.0282,0
Sat May 03 2025 07:00:00 GMT+0100 (British Summer Time),0.0277,0.0278,0.0282,0
Sat May 03 2025 08:00:00 GMT+0100 (British Summer Time),0.0277,0.0278,0.0282,0
Sat May 03 2025 09:00:00 GMT+0100 (British Summer Time),0.0277,0.0278,0.0282,0
Sat May 03 2025 10:00:00 GMT+0100 (British Summer Time),0.0277,0.0278,0.0282,0
Sat May 03 2025 11:00:00 GMT+0100 (British Summer Time),0.0277,0.0278,0.0282,103.31264085997324
Sat May 03 2025 12:00:00 GMT+0100 (British Summer Time),0.0277,0.0278,0.0282,0
Sat May 03 2025 13:00:00 GMT+0100 (British Summer Time),0.0271,0.0276,0.0282,0
Sat May 03 2025 14:00:00 GMT+0100 (British Summer Time),0.0271,0.0276,0.0285,54909.284636101234
Sat May 03 2025 15:00:00 GMT+0100 (British Summer Time),0.0271,0.0276,0.0285,0
Sat May 03 2025 16:00:00 GMT+0100 (British Summer Time),0.0271,0.0276,0.0285,0
Sat May 03 2025 17:00:00 GMT+0100 (British Summer Time),0.0271,0.0276,0.0285,0
Sat May 03 2025 18:00:00 GMT+0100 (British Summer Time),0.0271,0.0276,0.0285,7.4742939268631154
Sat May 03 2025 19:00:00 GMT+0100 (British Summer Time),0.0271,0.0276,0.0285,0
Sat May 03 2025 20:00:00 GMT+0100 (British Summer Time),0.0271,0.0276,0.0285,0
Sat May 03 2025 21:00:00 GMT+0100 (British Summer Time),0.0271,0.0276,0.0285,28.7241896631645
Sat May 03 2025 22:00:00 GMT+0100 (British Summer Time),0.0271,0.0276,0.029,90241.97600072288
Sat May 03 2025 23:00:00 GMT+0100 (British Summer Time),0.0271,0.0276,0.029,0
Sun May 04 2025 00:00:00 GMT+0100 (British Summer Time),0.0271,0.0276,0.029,0
Sun May 04 2025 01:00:00 GMT+0100 (British Summer Time),0.0271,0.0276,0.029,0
Sun May 04 2025 02:00:00 GMT+0100 (British Summer Time),0.0271,0.0276,0.029,0
Sun May 04 2025 03:00:00 GMT+0100 (British Summer Time),0.0271,0.0276,0.029,0
Sun May 04 2025 04:00:00 GMT+0100 (British Summer Time),0.0271,0.0276,0.029,0
Sun May 04 2025 05:00:00 GMT+0100 (British Summer Time),0.0271,0.0276,0.029,0
Sun May 04 2025 06:00:00 GMT+0100 (British Summer Time),0.0271,0.0276,0.029,184.56694516760555
Sun May 04 2025 07:00:00 GMT+0100 (British Summer Time),0.0271,0.0276,0.029,0
Sun May 04 2025 08:00:00 GMT+0100 (British Summer Time),0.0271,0.0276,0.029,0
Sun May 04 2025 09:00:00 GMT+0100 (British Summer Time),0.0271,0.0276,0.029,0
Sun May 04 2025 10:00:00 GMT+0100 (British Summer Time),0.0271,0.0276,0.029,0
Sun May 04 2025 11:00:00 GMT+0100 (British Summer Time),0.0271,0.0276,0.029,0
Sun May 04 2025 12:00:00 GMT+0100 (British Summer Time),0.0271,0.0276,0.0291,2199.0017085676704
Sun May 04 2025 13:00:00 GMT+0100 (British Summer Time),0.0268,0.0276,0.0291,499.6862948537316
Sun May 04 2025 14:00:00 GMT+0100 (British Summer Time),0.0268,0.0276,0.0291,0
Sun May 04 2025 15:00:00 GMT+0100 (British Summer Time),0.0268,0.0276,0.0291,30.140080969510933
Sun May 04 2025 16:00:00 GMT+0100 (British Summer Time),0.0268,0.0276,0.0291,0
Sun May 04 2025 17:00:00 GMT+0100 (British Summer Time),0.0268,0.0276,0.0291,0
Sun May 04 2025 18:00:00 GMT+0100 (British Summer Time),0.0268,0.0276,0.0291,0
Sun May 04 2025 19:00:00 GMT+0100 (British Summer Time),0.0268,0.0276,0.0291,0
Sun May 04 2025 20:00:00 GMT+0100 (British Summer Time),0.0268,0.0276,0.0291,0
Sun May 04 2025 21:00:00 GMT+0100 (British Summer Time),0.0268,0.0276,0.0291,2.696288967503835
Sun May 04 2025 22:00:00 GMT+0100 (British Summer Time),0.0268,0.0276,0.0291,0
Sun May 04 2025 23:00:00 GMT+0100 (British Summer Time),0.0268,0.0276,0.0291,0
Mon May 05 2025 00:00:00 GMT+0100 (British Summer Time),0.0268,0.0276,0.0291,181.6458016734109
Mon May 05 2025 01:00:00 GMT+0100 (British Summer Time),0.0268,0.0276,0.0291,0
Mon May 05 2025 02:00:00 GMT+0100 (British Summer Time),0.0268,0.0276,0.0291,0
Mon May 05 2025 03:00:00 GMT+0100 (British Summer Time),0.0268,0.0276,0.0291,0
Mon May 05 2025 04:00:00 GMT+0100 (British Summer Time),0.0268,0.0276,0.0291,0
Mon May 05 2025 05:00:00 GMT+0100 (British Summer Time),0.0268,0.0276,0.0291,0
Mon May 05 2025 06:00:00 GMT+0100 (British Summer Time),0.0268,0.0276,0.0291,199.76075885020498
Mon May 05 2025 07:00:00 GMT+0100 (British Summer Time),0.0268,0.0276,0.0291,25.56891824770723
Mon May 05 2025 08:00:00 GMT+0100 (British Summer Time),0.0268,0.0276,0.0287,60713.56749493425
Mon May 05 2025 09:00:00 GMT+0100 (British Summer Time),0.0268,0.0276,0.0286,21025.055309383017
Mon May 05 2025 10:00:00 GMT+0100 (British Summer Time),0.0268,0.0276,0.0286,7339.679885481746
Mon May 05 2025 11:00:00 GMT+0100 (British Summer Time),0.0268,0.0276,0.0286,0
Mon May 05 2025 12:00:00 GMT+0100 (British Summer Time),0.0268,0.0276,0.0282,61511.145842116166
Mon May 05 2025 13:00:00 GMT+0100 (British Summer Time),0.0273,0.0276,0.0282,0
Mon May 05 2025 14:00:00 GMT+0100 (British Summer Time),0.0273,0.0276,0.0282,0
Mon May 05 2025 15:00:00 GMT+0100 (British Summer Time),0.0273,0.0276,0.0282,0
Mon May 05 2025 16:00:00 GMT+0100 (British Summer Time),0.0273,0.0276,0.0282,0
Mon May 05 2025 17:00:00 GMT+0100 (British Summer Time),0.0273,0.0276,0.0282,0
Mon May 05 2025 18:00:00 GMT+0100 (British Summer Time),0.0273,0.0276,0.0282,0
Mon May 05 2025 19:00:00 GMT+0100 (British Summer Time),0.0273,0.0276,0.0282,0
Mon May 05 2025 20:00:00 GMT+0100 (British Summer Time),0.0273,0.0276,0.0282,0
Mon May 05 2025 21:00:00 GMT+0100 (British Summer Time),0.0273,0.0276,0.0282,0
Mon May 05 2025 22:00:00 GMT+0100 (British Summer Time),0.0273,0.0276,0.0282,0
Mon May 05 2025 23:00:00 GMT+0100 (British Summer Time),0.0273,0.0276,0.0282,26.782991166098213
Tue May 06 2025 00:00:00 GMT+0100 (British Summer Time),0.0273,0.0276,0.0282,0
Tue May 06 2025 01:00:00 GMT+0100 (British Summer Time),0.0273,0.0276,0.0282,0
Tue May 06 2025 02:00:00 GMT+0100 (British Summer Time),0.0273,0.0276,0.0282,0
Tue May 06 2025 03:00:00 GMT+0100 (British Summer Time),0.0273,0.0276,0.0281,26329.68757318217
Tue May 06 2025 04:00:00 GMT+0100 (British Summer Time),0.0273,0.0276,0.0281,0
Tue May 06 2025 05:00:00 GMT+0100 (British Summer Time),0.0273,0.0276,0.0281,0
Tue May 06 2025 06:00:00 GMT+0100 (British Summer Time),0.0273,0.0276,0.0281,0
Tue May 06 2025 07:00:00 GMT+0100 (British Summer Time),0.0273,0.0276,0.0281,0
Tue May 06 2025 08:00:00 GMT+0100 (British Summer Time),0.0273,0.0276,0.0281,0
Tue May 06 2025 09:00:00 GMT+0100 (British Summer Time),0.0273,0.0276,0.028,4634.119278179319
Tue May 06 2025 10:00:00 GMT+0100 (British Summer Time),0.0273,0.0276,0.028,173.52083267730058
Tue May 06 2025 11:00:00 GMT+0100 (British Summer Time),0.0273,0.0276,0.028,0
Tue May 06 2025 12:00:00 GMT+0100 (British Summer Time),0.0273,0.0276,0.028,0
Tue May 06 2025 13:00:00 GMT+0100 (British Summer Time),0.0275,0.0274,0.028,0
Tue May 06 2025 14:00:00 GMT+0100 (British Summer Time),0.0275,0.0274,0.028,0
Tue May 06 2025 15:00:00 GMT+0100 (British Summer Time),0.0275,0.0274,0.0281,5873.203035734848
Tue May 06 2025 16:00:00 GMT+0100 (British Summer Time),0.0275,0.0274,0.0279,25683.34043869342
Tue May 06 2025 17:00:00 GMT+0100 (British Summer Time),0.0275,0.0274,0.0279,0
Tue May 06 2025 18:00:00 GMT+0100 (British Summer Time),0.0275,0.0274,0.0279,0
Tue May 06 2025 19:00:00 GMT+0100 (British Summer Time),0.0275,0.0274,0.0279,0
Tue May 06 2025 20:00:00 GMT+0100 (British Summer Time),0.0275,0.0274,0.0279,3.083773155593601
Tue May 06 2025 21:00:00 GMT+0100 (British Summer Time),0.0275,0.0274,0.0279,32.80324140044398
Tue May 06 2025 22:00:00 GMT+0100 (British Summer Time),0.0275,0.0274,0.0279,0
Tue May 06 2025 23:00:00 GMT+0100 (British Summer Time),0.0275,0.0274,0.0279,0
Wed May 07 2025 00:00:00 GMT+0100 (British Summer Time),0.0275,0.0274,0.0279,0
Wed May 07 2025 01:00:00 GMT+0100 (British Summer Time),0.0275,0.0274,0.0279,0
Wed May 07 2025 02:00:00 GMT+0100 (British Summer Time),0.0275,0.0274,0.0279,0
Wed May 07 2025 03:00:00 GMT+0100 (British Summer Time),0.0275,0.0274,0.0279,0
Wed May 07 2025 04:00:00 GMT+0100 (British Summer Time),0.0275,0.0274,0.0279,0
Wed May 07 2025 05:00:00 GMT+0100 (British Summer Time),0.0275,0.0274,0.0279,0
Wed May 07 2025 06:00:00 GMT+0100 (British Summer Time),0.0275,0.0274,0.0279,0
Wed May 07 2025 07:00:00 GMT+0100 (British Summer Time),0.0275,0.0274,0.0279,0
Wed May 07 2025 08:00:00 GMT+0100 (British Summer Time),0.0275,0.0274,0.0279,0
Wed May 07 2025 09:00:00 GMT+0100 (British Summer Time),0.0275,0.0274,0.0279,466.75637714773535
Wed May 07 2025 10:00:00 GMT+0100 (British Summer Time),0.0275,0.0274,0.0279,0
Wed May 07 2025 11:00:00 GMT+0100 (British Summer Time),0.0275,0.0274,0.0279,0
Wed May 07 2025 12:00:00 GMT+0100 (British Summer Time),0.0275,0.0274,0.0279,0
Wed May 07 2025 13:00:00 GMT+0100 (British Summer Time),0,0.0235,0.0279,0
Wed May 07 2025 14:00:00 GMT+0100 (British Summer Time),0,0.0235,0.0279,0
Wed May 07 2025 15:00:00 GMT+0100 (British Summer Time),0.0272,0.0274,0.0279,0
Wed May 07 2025 16:00:00 GMT+0100 (British Summer Time),0.0272,0.0274,0.0279,2.5300872982765914
Wed May 07 2025 17:00:00 GMT+0100 (British Summer Time),0.0272,0.0274,0.0279,0
Wed May 07 2025 18:00:00 GMT+0100 (British Summer Time),0.0272,0.0274,0.0279,0
Wed May 07 2025 19:00:00 GMT+0100 (British Summer Time),0.0272,0.0274,0.0279,0
Wed May 07 2025 20:00:00 GMT+0100 (British Summer Time),0.0272,0.0274,0.0279,0
Wed May 07 2025 21:00:00 GMT+0100 (British Summer Time),0.0272,0.0274,0.0279,37.88227081307614
Wed May 07 2025 22:00:00 GMT+0100 (British Summer Time),0.0272,0.0274,0.0279,0
Wed May 07 2025 23:00:00 GMT+0100 (British Summer Time),0.0272,0.0274,0.0279,0
Thu May 08 2025 00:00:00 GMT+0100 (British Summer Time),0.0272,0.0274,0.0279,0
Thu May 08 2025 01:00:00 GMT+0100 (British Summer Time),0.0272,0.0274,0.0279,0
Thu May 08 2025 02:00:00 GMT+0100 (British Summer Time),0.0272,0.0274,0.0279,0
Thu May 08 2025 03:00:00 GMT+0100 (British Summer Time),0.0272,0.0274,0.0279,0
Thu May 08 2025 04:00:00 GMT+0100 (British Summer Time),0.0272,0.0274,0.0279,0
Thu May 08 2025 05:00:00 GMT+0100 (British Summer Time),0.0272,0.0274,0.0279,0
Thu May 08 2025 06:00:00 GMT+0100 (British Summer Time),0.0272,0.0274,0.0279,0
Thu May 08 2025 07:00:00 GMT+0100 (British Summer Time),0.0272,0.0274,0.0279,0
Thu May 08 2025 08:00:00 GMT+0100 (British Summer Time),0.0272,0.0274,0.0279,0
Thu May 08 2025 09:00:00 GMT+0100 (British Summer Time),0.0272,0.0274,0.0279,0
Thu May 08 2025 10:00:00 GMT+0100 (British Summer Time),0.0272,0.0274,0.0279,0
Thu May 08 2025 11:00:00 GMT+0100 (British Summer Time),0.0272,0.0274,0.0279,0
Thu May 08 2025 12:00:00 GMT+0100 (British Summer Time),0.0272,0.0274,0.0279,0
Thu May 08 2025 13:00:00 GMT+0100 (British Summer Time),0.0554,0.0273,0.0279,0
Thu May 08 2025 14:00:00 GMT+0100 (British Summer Time),0.0554,0.0273,0.0282,77565.38062730701
Thu May 08 2025 15:00:00 GMT+0100 (British Summer Time),0.0274,0.0273,0.0282,0
Thu May 08 2025 16:00:00 GMT+0100 (British Summer Time),0.0274,0.0273,0.0282,0
Thu May 08 2025 17:00:00 GMT+0100 (British Summer Time),0.0274,0.0273,0.0282,0
Thu May 08 2025 18:00:00 GMT+0100 (British Summer Time),0.0274,0.0273,0.0282,0
Thu May 08 2025 19:00:00 GMT+0100 (British Summer Time),0.0274,0.0273,0.0282,0
Thu May 08 2025 20:00:00 GMT+0100 (British Summer Time),0.0274,0.0273,0.0282,0
Thu May 08 2025 21:00:00 GMT+0100 (British Summer Time),0.0274,0.0273,0.0282,6184.9860640069055
Thu May 08 2025 22:00:00 GMT+0100 (British Summer Time),0.0274,0.0273,0.0283,1967.1025395759473
Thu May 08 2025 23:00:00 GMT+0100 (British Summer Time),0.0274,0.0273,0.0283,0
Fri May 09 2025 00:00:00 GMT+0100 (British Summer Time),0.0274,0.0273,0.0283,0
Fri May 09 2025 01:00:00 GMT+0100 (British Summer Time),0.0274,0.0273,0.0283,0
Fri May 09 2025 02:00:00 GMT+0100 (British Summer Time),0.0274,0.0273,0.0283,0
Fri May 09 2025 03:00:00 GMT+0100 (British Summer Time),0.0274,0.0273,0.0283,0
Fri May 09 2025 04:00:00 GMT+0100 (British Summer Time),0.0274,0.0273,0.0283,0
Fri May 09 2025 05:00:00 GMT+0100 (British Summer Time),0.0274,0.0273,0.0283,0
Fri May 09 2025 06:00:00 GMT+0100 (British Summer Time),0.0274,0.0273,0.0283,0
Fri May 09 2025 07:00:00 GMT+0100 (British Summer Time),0.0274,0.0273,0.0283,0
Fri May 09 2025 08:00:00 GMT+0100 (British Summer Time),0.0274,0.0273,0.0283,0
Fri May 09 2025 09:00:00 GMT+0100 (British Summer Time),0.0274,0.0273,0.0283,0
Fri May 09 2025 10:00:00 GMT+0100 (British Summer Time),0.0274,0.0273,0.0283,0
Fri May 09 2025 11:00:00 GMT+0100 (British Summer Time),0.0274,0.0273,0.0283,17795.21856933701
Fri May 09 2025 12:00:00 GMT+0100 (British Summer Time),0.0274,0.0273,0.0283,0
Fri May 09 2025 13:00:00 GMT+0100 (British Summer Time),0.0354,0.0284,0.0283,2181.5756285765037
Fri May 09 2025 14:00:00 GMT+0100 (British Summer Time),0.0354,0.0284,0.0283,10030.366034027418
Fri May 09 2025 15:00:00 GMT+0100 (British Summer Time),0.0354,0.0284,0.0283,0
Fri May 09 2025 16:00:00 GMT+0100 (British Summer Time),0.0354,0.0284,0.0283,0
Fri May 09 2025 17:00:00 GMT+0100 (British Summer Time),0.0354,0.0284,0.0283,6533.04899839798
Fri May 09 2025 18:00:00 GMT+0100 (British Summer Time),0.0354,0.0284,0.0283,0
Fri May 09 2025 19:00:00 GMT+0100 (British Summer Time),0.0354,0.0284,0.0283,998.2222265076933
Fri May 09 2025 20:00:00 GMT+0100 (British Summer Time),0.0354,0.0284,0.0283,0
Fri May 09 2025 21:00:00 GMT+0100 (British Summer Time),0.0354,0.0284,0.0284,36513.766824432925
Fri May 09 2025 22:00:00 GMT+0100 (British Summer Time),0.0354,0.0284,0.0284,0
Fri May 09 2025 23:00:00 GMT+0100 (British Summer Time),0.0354,0.0284,0.0284,91.63030980784711
Sat May 10 2025 00:00:00 GMT+0100 (British Summer Time),0.0354,0.0284,0.0284,0
Sat May 10 2025 01:00:00 GMT+0100 (British Summer Time),0.0354,0.0284,0.0284,0
Sat May 10 2025 02:00:00 GMT+0100 (British Summer Time),0.0354,0.0284,0.0284,0
Sat May 10 2025 03:00:00 GMT+0100 (British Summer Time),0.0354,0.0284,0.0284,0
Sat May 10 2025 04:00:00 GMT+0100 (British Summer Time),0.0354,0.0284,0.0284,400.1924096840207
Sat May 10 2025 05:00:00 GMT+0100 (British Summer Time),0.0354,0.0284,0.0284,0
Sat May 10 2025 06:00:00 GMT+0100 (British Summer Time),0.0354,0.0284,0.0283,19145.408534706654
Sat May 10 2025 07:00:00 GMT+0100 (British Summer Time),0.0354,0.0284,0.0283,0
Sat May 10 2025 08:00:00 GMT+0100 (British Summer Time),0.0354,0.0284,0.0283,0
Sat May 10 2025 09:00:00 GMT+0100 (British Summer Time),0.0354,0.0284,0.0283,0
Sat May 10 2025 10:00:00 GMT+0100 (British Summer Time),0.0354,0.0284,0.0283,0
Sat May 10 2025 11:00:00 GMT+0100 (British Summer Time),0.0354,0.0284,0.0283,0
Sat May 10 2025 12:00:00 GMT+0100 (British Summer Time),0.0354,0.0284,0.0283,0
Sat May 10 2025 13:00:00 GMT+0100 (British Summer Time),0,0.0245,0.0283,2227.8613845950936
Sat May 10 2025 14:00:00 GMT+0100 (British Summer Time),0,0.0245,0.0283,0
Sat May 10 2025 15:00:00 GMT+0100 (British Summer Time),0.0304,0.0289,0.0283,0
Sat May 10 2025 16:00:00 GMT+0100 (British Summer Time),0.0304,0.0289,0.0283,0
Sat May 10 2025 17:00:00 GMT+0100 (British Summer Time),0.0304,0.0289,0.0283,0
Sat May 10 2025 18:00:00 GMT+0100 (British Summer Time),0.0304,0.0289,0.0283,204608.7171838251
Sat May 10 2025 19:00:00 GMT+0100 (British Summer Time),0.0304,0.0289,0.0283,8956.409889179029
Sat May 10 2025 20:00:00 GMT+0100 (British Summer Time),0.0304,0.0289,0.0283,0
Sat May 10 2025 21:00:00 GMT+0100 (British Summer Time),0.0304,0.0289,0.0283,0
Sat May 10 2025 22:00:00 GMT+0100 (British Summer Time),0.0304,0.0289,0.0283,0
Sat May 10 2025 23:00:00 GMT+0100 (British Summer Time),0.0304,0.0289,0.0283,9455.276018001665
Sun May 11 2025 00:00:00 GMT+0100 (British Summer Time),0.0304,0.0289,0.0283,0
Sun May 11 2025 01:00:00 GMT+0100 (British Summer Time),0.0304,0.0289,0.0283,0
Sun May 11 2025 02:00:00 GMT+0100 (British Summer Time),0.0304,0.0289,0.0284,42163.28184331204
Sun May 11 2025 03:00:00 GMT+0100 (British Summer Time),0.0304,0.0289,0.0284,0
Sun May 11 2025 04:00:00 GMT+0100 (British Summer Time),0.0304,0.0289,0.0284,0
Sun May 11 2025 05:00:00 GMT+0100 (British Summer Time),0.0304,0.0289,0.0284,0
Sun May 11 2025 06:00:00 GMT+0100 (British Summer Time),0.0304,0.0289,0.0284,0
Sun May 11 2025 07:00:00 GMT+0100 (British Summer Time),0.0304,0.0289,0.0284,7175.513520474147
Sun May 11 2025 08:00:00 GMT+0100 (British Summer Time),0.0304,0.0289,0.0284,0
Sun May 11 2025 09:00:00 GMT+0100 (British Summer Time),0.0304,0.0289,0.0284,0
Sun May 11 2025 10:00:00 GMT+0100 (British Summer Time),0.0304,0.0289,0.0284,1118.4649420189128
Sun May 11 2025 11:00:00 GMT+0100 (British Summer Time),0.0304,0.0289,0.0284,0
Sun May 11 2025 12:00:00 GMT+0100 (British Summer Time),0.0304,0.0289,0.0284,22.71025853254632
Sun May 11 2025 13:00:00 GMT+0100 (British Summer Time),0.0632,0.0296,0.0284,1215.631851456032
Sun May 11 2025 14:00:00 GMT+0100 (British Summer Time),0.0632,0.0296,0.0284,0
Sun May 11 2025 15:00:00 GMT+0100 (British Summer Time),0.0319,0.0296,0.0284,0
Sun May 11 2025 16:00:00 GMT+0100 (British Summer Time),0.0319,0.0296,0.0284,0
Sun May 11 2025 17:00:00 GMT+0100 (British Summer Time),0.0319,0.0296,0.0284,0
Sun May 11 2025 18:00:00 GMT+0100 (British Summer Time),0.0319,0.0296,0.0284,0
Sun May 11 2025 19:00:00 GMT+0100 (British Summer Time),0.0319,0.0296,0.0284,0
Sun May 11 2025 20:00:00 GMT+0100 (British Summer Time),0.0319,0.0296,0.0284,0
Sun May 11 2025 21:00:00 GMT+0100 (British Summer Time),0.0319,0.0296,0.0284,0
Sun May 11 2025 22:00:00 GMT+0100 (British Summer Time),0.0319,0.0296,0.0284,0
Sun May 11 2025 23:00:00 GMT+0100 (British Summer Time),0.0319,0.0296,0.0284,0
Mon May 12 2025 00:00:00 GMT+0100 (British Summer Time),0.0319,0.0296,0.0284,90.37108962875
Mon May 12 2025 01:00:00 GMT+0100 (British Summer Time),0.0319,0.0296,0.0284,0
Mon May 12 2025 02:00:00 GMT+0100 (British Summer Time),0.0319,0.0296,0.0284,0
Mon May 12 2025 03:00:00 GMT+0100 (British Summer Time),0.0319,0.0296,0.0284,0
Mon May 12 2025 04:00:00 GMT+0100 (British Summer Time),0.0319,0.0296,0.0284,0
Mon May 12 2025 05:00:00 GMT+0100 (British Summer Time),0.0319,0.0296,0.0284,0
Mon May 12 2025 06:00:00 GMT+0100 (British Summer Time),0.0319,0.0296,0.0284,0
Mon May 12 2025 07:00:00 GMT+0100 (British Summer Time),0.0319,0.0296,0.0284,0
Mon May 12 2025 08:00:00 GMT+0100 (British Summer Time),0.0319,0.0296,0.0284,0
Mon May 12 2025 09:00:00 GMT+0100 (British Summer Time),0.0319,0.0296,0.0284,0
Mon May 12 2025 10:00:00 GMT+0100 (British Summer Time),0.0319,0.0296,0.0284,0
Mon May 12 2025 11:00:00 GMT+0100 (British Summer Time),0.0319,0.0296,0.0284,0
Mon May 12 2025 12:00:00 GMT+0100 (British Summer Time),0.0319,0.0296,0.0284,0
Mon May 12 2025 13:00:00 GMT+0100 (British Summer Time),0,0.0256,0.0283,29244.38955673638
Mon May 12 2025 14:00:00 GMT+0100 (British Summer Time),0,0.0256,0.0283,2209.6843507733593
Mon May 12 2025 15:00:00 GMT+0100 (British Summer Time),0.0297,0.0299,0.0283,0
Mon May 12 2025 16:00:00 GMT+0100 (British Summer Time),0.0297,0.0299,0.0283,0
Mon May 12 2025 17:00:00 GMT+0100 (British Summer Time),0.0297,0.0299,0.0283,0
Mon May 12 2025 18:00:00 GMT+0100 (British Summer Time),0.0297,0.0299,0.0283,0
Mon May 12 2025 19:00:00 GMT+0100 (British Summer Time),0.0297,0.0299,0.0283,0
Mon May 12 2025 20:00:00 GMT+0100 (British Summer Time),0.0297,0.0299,0.0283,0
Mon May 12 2025 21:00:00 GMT+0100 (British Summer Time),0.0297,0.0299,0.0283,0
Mon May 12 2025 22:00:00 GMT+0100 (British Summer Time),0.0297,0.0299,0.0283,0
Mon May 12 2025 23:00:00 GMT+0100 (British Summer Time),0.0297,0.0299,0.0283,0
Tue May 13 2025 00:00:00 GMT+0100 (British Summer Time),0.0297,0.0299,0.0283,0
Tue May 13 2025 01:00:00 GMT+0100 (British Summer Time),0.0297,0.0299,0.0283,0
Tue May 13 2025 02:00:00 GMT+0100 (British Summer Time),0.0297,0.0299,0.0283,0
Tue May 13 2025 03:00:00 GMT+0100 (British Summer Time),0.0297,0.0299,0.0283,0
Tue May 13 2025 04:00:00 GMT+0100 (British Summer Time),0.0297,0.0299,0.0283,0
Tue May 13 2025 05:00:00 GMT+0100 (British Summer Time),0.0297,0.0299,0.0283,0
Tue May 13 2025 06:00:00 GMT+0100 (British Summer Time),0.0297,0.0299,0.0283,0.6261408035656252
Tue May 13 2025 07:00:00 GMT+0100 (British Summer Time),0.0297,0.0299,0.0283,721.8779122211288
Tue May 13 2025 08:00:00 GMT+0100 (British Summer Time),0.0297,0.0299,0.0283,0
Tue May 13 2025 09:00:00 GMT+0100 (British Summer Time),0.0297,0.0299,0.0283,0
Tue May 13 2025 10:00:00 GMT+0100 (British Summer Time),0.0297,0.0299,0.0283,0
Tue May 13 2025 11:00:00 GMT+0100 (British Summer Time),0.0297,0.0299,0.0283,0
Tue May 13 2025 12:00:00 GMT+0100 (British Summer Time),0.0297,0.0299,0.0284,12489.49055217229
Tue May 13 2025 13:00:00 GMT+0100 (British Summer Time),0.0603,0.0302,0.0283,13615.761595720822
Tue May 13 2025 14:00:00 GMT+0100 (British Summer Time),0.0603,0.0302,0.0283,0
Tue May 13 2025 15:00:00 GMT+0100 (British Summer Time),0.0297,0.0302,0.0281,75271.01615108651
Tue May 13 2025 16:00:00 GMT+0100 (British Summer Time),0.0297,0.0302,0.0281,0
Tue May 13 2025 17:00:00 GMT+0100 (British Summer Time),0.0297,0.0302,0.0281,0
Tue May 13 2025 18:00:00 GMT+0100 (British Summer Time),0.0297,0.0302,0.0281,0
Tue May 13 2025 19:00:00 GMT+0100 (British Summer Time),0.0297,0.0302,0.0281,0
Tue May 13 2025 20:00:00 GMT+0100 (British Summer Time),0.0297,0.0302,0.0281,0
Tue May 13 2025 21:00:00 GMT+0100 (British Summer Time),0.0297,0.0302,0.0281,0
Tue May 13 2025 22:00:00 GMT+0100 (British Summer Time),0.0297,0.0302,0.0281,59.935748727046914
Tue May 13 2025 23:00:00 GMT+0100 (British Summer Time),0.0297,0.0302,0.0281,0
Wed May 14 2025 00:00:00 GMT+0100 (British Summer Time),0.0297,0.0302,0.0293,375788.91290672746
Wed May 14 2025 01:00:00 GMT+0100 (British Summer Time),0.0297,0.0302,0.0293,0
Wed May 14 2025 02:00:00 GMT+0100 (British Summer Time),0.0297,0.0302,0.0293,0
Wed May 14 2025 03:00:00 GMT+0100 (British Summer Time),0.0297,0.0302,0.0293,0
Wed May 14 2025 04:00:00 GMT+0100 (British Summer Time),0.0297,0.0302,0.0293,107.30643391130796
Wed May 14 2025 05:00:00 GMT+0100 (British Summer Time),0.0297,0.0302,0.0293,0
Wed May 14 2025 06:00:00 GMT+0100 (British Summer Time),0.0297,0.0302,0.0293,0
Wed May 14 2025 07:00:00 GMT+0100 (British Summer Time),0.0297,0.0302,0.0293,1130.6564015396054
Wed May 14 2025 08:00:00 GMT+0100 (British Summer Time),0.0297,0.0302,0.0293,357.4493154780813
Wed May 14 2025 09:00:00 GMT+0100 (British Summer Time),0.0297,0.0302,0.0293,0
Wed May 14 2025 10:00:00 GMT+0100 (British Summer Time),0.0297,0.0302,0.0292,30464.33103269922
Wed May 14 2025 11:00:00 GMT+0100 (British Summer Time),0.0297,0.0302,0.0292,0
Wed May 14 2025 12:00:00 GMT+0100 (British Summer Time),0.0297,0.0302,0.0292,0
Wed May 14 2025 13:00:00 GMT+0100 (British Summer Time),0.0294,0.0345,0.0292,0
Wed May 14 2025 14:00:00 GMT+0100 (British Summer Time),0.0294,0.0345,0.0292,0
Wed May 14 2025 15:00:00 GMT+0100 (British Summer Time),0.0294,0.0306,0.0292,0
Wed May 14 2025 16:00:00 GMT+0100 (British Summer Time),0.0294,0.0306,0.0292,0
Wed May 14 2025 17:00:00 GMT+0100 (British Summer Time),0.0294,0.0306,0.0292,0
Wed May 14 2025 18:00:00 GMT+0100 (British Summer Time),0.0294,0.0306,0.0292,0
Wed May 14 2025 19:00:00 GMT+0100 (British Summer Time),0.0294,0.0306,0.0292,0
Wed May 14 2025 20:00:00 GMT+0100 (British Summer Time),0.0294,0.0306,0.0292,0
Wed May 14 2025 21:00:00 GMT+0100 (British Summer Time),0.0294,0.0306,0.0292,0
Wed May 14 2025 22:00:00 GMT+0100 (British Summer Time),0.0294,0.0306,0.0292,0
Wed May 14 2025 23:00:00 GMT+0100 (British Summer Time),0.0294,0.0306,0.0292,56.91018053156378
Thu May 15 2025 00:00:00 GMT+0100 (British Summer Time),0.0294,0.0306,0.0292,1.6688474813616332
Thu May 15 2025 01:00:00 GMT+0100 (British Summer Time),0.0294,0.0306,0.0292,0.48721423238090655
Thu May 15 2025 02:00:00 GMT+0100 (British Summer Time),0.0294,0.0306,0.0292,0
Thu May 15 2025 03:00:00 GMT+0100 (British Summer Time),0.0294,0.0306,0.0292,0
Thu May 15 2025 04:00:00 GMT+0100 (British Summer Time),0.0294,0.0306,0.0292,0
Thu May 15 2025 05:00:00 GMT+0100 (British Summer Time),0.0294,0.0306,0.0292,0
Thu May 15 2025 06:00:00 GMT+0100 (British Summer Time),0.0294,0.0306,0.0294,38385.19858832266
Thu May 15 2025 07:00:00 GMT+0100 (British Summer Time),0.0294,0.0306,0.0294,563.3831175069539
Thu May 15 2025 08:00:00 GMT+0100 (British Summer Time),0.0294,0.0306,0.0294,0
Thu May 15 2025 09:00:00 GMT+0100 (British Summer Time),0.0294,0.0306,0.0294,0
Thu May 15 2025 10:00:00 GMT+0100 (British Summer Time),0.0294,0.0306,0.0294,107.20927715024845
Thu May 15 2025 11:00:00 GMT+0100 (British Summer Time),0.0294,0.0306,0.0294,0
Thu May 15 2025 12:00:00 GMT+0100 (British Summer Time),0.0294,0.0306,0.0294,0
Thu May 15 2025 13:00:00 GMT+0100 (British Summer Time),0.0285,0.0307,0.0294,0
Thu May 15 2025 14:00:00 GMT+0100 (British Summer Time),0.0285,0.0307,0.0294,0
Thu May 15 2025 15:00:00 GMT+0100 (British Summer Time),0.0285,0.0307,0.0294,0
Thu May 15 2025 16:00:00 GMT+0100 (British Summer Time),0.0285,0.0307,0.0294,0
Thu May 15 2025 17:00:00 GMT+0100 (British Summer Time),0.0285,0.0307,0.0294,0
Thu May 15 2025 18:00:00 GMT+0100 (British Summer Time),0.0285,0.0307,0.0294,15.99369701172445
Thu May 15 2025 19:00:00 GMT+0100 (British Summer Time),0.0285,0.0307,0.0294,0
Thu May 15 2025 20:00:00 GMT+0100 (British Summer Time),0.0285,0.0307,0.0294,0
Thu May 15 2025 21:00:00 GMT+0100 (British Summer Time),0.0285,0.0307,0.0294,0
Thu May 15 2025 22:00:00 GMT+0100 (British Summer Time),0.0285,0.0307,0.0294,0
Thu May 15 2025 23:00:00 GMT+0100 (British Summer Time),0.0285,0.0307,0.0294,0
Fri May 16 2025 00:00:00 GMT+0100 (British Summer Time),0.0285,0.0307,0.0294,0
Fri May 16 2025 01:00:00 GMT+0100 (British Summer Time),0.0285,0.0307,0.0294,0
Fri May 16 2025 02:00:00 GMT+0100 (British Summer Time),0.0285,0.0307,0.0294,72.69399713251048
Fri May 16 2025 03:00:00 GMT+0100 (British Summer Time),0.0285,0.0307,0.0294,0
Fri May 16 2025 04:00:00 GMT+0100 (British Summer Time),0.0285,0.0307,0.0294,0
Fri May 16 2025 05:00:00 GMT+0100 (British Summer Time),0.0285,0.0307,0.0294,0
Fri May 16 2025 06:00:00 GMT+0100 (British Summer Time),0.0285,0.0307,0.0294,0
Fri May 16 2025 07:00:00 GMT+0100 (British Summer Time),0.0285,0.0307,0.0294,0
Fri May 16 2025 08:00:00 GMT+0100 (British Summer Time),0.0285,0.0307,0.0294,0
Fri May 16 2025 09:00:00 GMT+0100 (British Summer Time),0.0285,0.0307,0.0294,0
Fri May 16 2025 10:00:00 GMT+0100 (British Summer Time),0.0285,0.0307,0.0294,0
Fri May 16 2025 11:00:00 GMT+0100 (British Summer Time),0.0285,0.0307,0.0294,0
Fri May 16 2025 12:00:00 GMT+0100 (British Summer Time),0.0285,0.0307,0.0294,0
Fri May 16 2025 13:00:00 GMT+0100 (British Summer Time),0.0291,0.0298,0.0294,0
Fri May 16 2025 14:00:00 GMT+0100 (British Summer Time),0.0291,0.0298,0.0294,0
Fri May 16 2025 15:00:00 GMT+0100 (British Summer Time),0.0291,0.0298,0.0294,0
Fri May 16 2025 16:00:00 GMT+0100 (British Summer Time),0.0291,0.0298,0.0294,0
Fri May 16 2025 17:00:00 GMT+0100 (British Summer Time),0.0291,0.0298,0.0294,122.21093469897583
Fri May 16 2025 18:00:00 GMT+0100 (British Summer Time),0.0291,0.0298,0.0294,0
Fri May 16 2025 19:00:00 GMT+0100 (British Summer Time),0.0291,0.0298,0.0294,0
Fri May 16 2025 20:00:00 GMT+0100 (British Summer Time),0.0291,0.0298,0.0294,0
Fri May 16 2025 21:00:00 GMT+0100 (British Summer Time),0.0291,0.0298,0.0294,0
Fri May 16 2025 22:00:00 GMT+0100 (British Summer Time),0.0291,0.0298,0.0294,0
Fri May 16 2025 23:00:00 GMT+0100 (British Summer Time),0.0291,0.0298,0.0294,0
Sat May 17 2025 00:00:00 GMT+0100 (British Summer Time),0.0291,0.0298,0.0294,439.82268292727673
Sat May 17 2025 01:00:00 GMT+0100 (British Summer Time),0.0291,0.0298,0.0294,0
Sat May 17 2025 02:00:00 GMT+0100 (British Summer Time),0.0291,0.0298,0.0294,0
Sat May 17 2025 03:00:00 GMT+0100 (British Summer Time),0.0291,0.0298,0.0294,0
Sat May 17 2025 04:00:00 GMT+0100 (British Summer Time),0.0291,0.0298,0.0294,1.8523687788855279
Sat May 17 2025 05:00:00 GMT+0100 (British Summer Time),0.0291,0.0298,0.0294,63.29858152709615
Sat May 17 2025 06:00:00 GMT+0100 (British Summer Time),0.0291,0.0298,0.0294,0
Sat May 17 2025 07:00:00 GMT+0100 (British Summer Time),0.0291,0.0298,0.0294,389.2383341712845
Sat May 17 2025 08:00:00 GMT+0100 (British Summer Time),0.0291,0.0298,0.0294,382.5999089806182
Sat May 17 2025 09:00:00 GMT+0100 (British Summer Time),0.0291,0.0298,0.0294,0
Sat May 17 2025 10:00:00 GMT+0100 (British Summer Time),0.0291,0.0298,0.0294,3702.895303584541
Sat May 17 2025 11:00:00 GMT+0100 (British Summer Time),0.0291,0.0298,0.0294,0
Sat May 17 2025 12:00:00 GMT+0100 (British Summer Time),0.0291,0.0298,0.0294,0
Sat May 17 2025 13:00:00 GMT+0100 (British Summer Time),0.0279,0.0339,0.0294,0
Sat May 17 2025 14:00:00 GMT+0100 (British Summer Time),0.0279,0.0339,0.0294,0
Sat May 17 2025 15:00:00 GMT+0100 (British Summer Time),0.0279,0.0295,0.0294,0
Sat May 17 2025 16:00:00 GMT+0100 (British Summer Time),0.0279,0.0295,0.0294,0
Sat May 17 2025 17:00:00 GMT+0100 (British Summer Time),0.0279,0.0295,0.0294,0
Sat May 17 2025 18:00:00 GMT+0100 (British Summer Time),0.0279,0.0295,0.0291,76923.737354974
Sat May 17 2025 19:00:00 GMT+0100 (British Summer Time),0.0279,0.0295,0.0291,0
Sat May 17 2025 20:00:00 GMT+0100 (British Summer Time),0.0279,0.0295,0.0291,0
Sat May 17 2025 21:00:00 GMT+0100 (British Summer Time),0.0279,0.0295,0.0291,0
Sat May 17 2025 22:00:00 GMT+0100 (British Summer Time),0.0279,0.0295,0.0291,0
Sat May 17 2025 23:00:00 GMT+0100 (British Summer Time),0.0279,0.0295,0.0291,43.03262453403664
Sun May 18 2025 00:00:00 GMT+0100 (British Summer Time),0.0279,0.0295,0.0291,0
Sun May 18 2025 01:00:00 GMT+0100 (British Summer Time),0.0279,0.0295,0.0291,0
Sun May 18 2025 02:00:00 GMT+0100 (British Summer Time),0.0279,0.0295,0.0291,1093.211252027298
Sun May 18 2025 03:00:00 GMT+0100 (British Summer Time),0.0279,0.0295,0.0291,0
Sun May 18 2025 04:00:00 GMT+0100 (British Summer Time),0.0279,0.0295,0.0291,0
Sun May 18 2025 05:00:00 GMT+0100 (British Summer Time),0.0279,0.0295,0.0291,0
Sun May 18 2025 06:00:00 GMT+0100 (British Summer Time),0.0279,0.0295,0.0291,0
Sun May 18 2025 07:00:00 GMT+0100 (British Summer Time),0.0279,0.0295,0.0291,0
Sun May 18 2025 08:00:00 GMT+0100 (British Summer Time),0.0279,0.0295,0.0291,0
Sun May 18 2025 09:00:00 GMT+0100 (British Summer Time),0.0279,0.0295,0.029,19243.048949141095
Sun May 18 2025 10:00:00 GMT+0100 (British Summer Time),0.0279,0.0295,0.029,0
Sun May 18 2025 11:00:00 GMT+0100 (British Summer Time),0.0279,0.0295,0.029,0
Sun May 18 2025 12:00:00 GMT+0100 (British Summer Time),0.0279,0.0295,0.029,0
Sun May 18 2025 13:00:00 GMT+0100 (British Summer Time),0.0266,0.0287,0.029,0
Sun May 18 2025 14:00:00 GMT+0100 (British Summer Time),0.0266,0.0287,0.029,0
Sun May 18 2025 15:00:00 GMT+0100 (British Summer Time),0.0266,0.0287,0.029,9103.696046553028
Sun May 18 2025 16:00:00 GMT+0100 (British Summer Time),0.0266,0.0287,0.029,0
Sun May 18 2025 17:00:00 GMT+0100 (British Summer Time),0.0266,0.0287,0.029,0
Sun May 18 2025 18:00:00 GMT+0100 (British Summer Time),0.0266,0.0287,0.029,2159.502769132323
Sun May 18 2025 19:00:00 GMT+0100 (British Summer Time),0.0266,0.0287,0.029,36.012669670514605
Sun May 18 2025 20:00:00 GMT+0100 (British Summer Time),0.0266,0.0287,0.029,0
Sun May 18 2025 21:00:00 GMT+0100 (British Summer Time),0.0266,0.0287,0.029,642.0373828925275
Sun May 18 2025 22:00:00 GMT+0100 (British Summer Time),0.0266,0.0287,0.029,51.915536102795436
Sun May 18 2025 23:00:00 GMT+0100 (British Summer Time),0.0266,0.0287,0.029,0
Mon May 19 2025 00:00:00 GMT+0100 (British Summer Time),0.0266,0.0287,0.029,0
Mon May 19 2025 01:00:00 GMT+0100 (British Summer Time),0.0266,0.0287,0.029,0
Mon May 19 2025 02:00:00 GMT+0100 (British Summer Time),0.0266,0.0287,0.029,0
Mon May 19 2025 03:00:00 GMT+0100 (British Summer Time),0.0266,0.0287,0.029,0
Mon May 19 2025 04:00:00 GMT+0100 (British Summer Time),0.0266,0.0287,0.029,0
Mon May 19 2025 05:00:00 GMT+0100 (British Summer Time),0.0266,0.0287,0.029,0
Mon May 19 2025 06:00:00 GMT+0100 (British Summer Time),0.0266,0.0287,0.029,0
Mon May 19 2025 07:00:00 GMT+0100 (British Summer Time),0.0266,0.0287,0.029,0
Mon May 19 2025 08:00:00 GMT+0100 (British Summer Time),0.0266,0.0287,0.029,0
Mon May 19 2025 09:00:00 GMT+0100 (British Summer Time),0.0266,0.0287,0.029,0
Mon May 19 2025 10:00:00 GMT+0100 (British Summer Time),0.0266,0.0287,0.029,0
Mon May 19 2025 11:00:00 GMT+0100 (British Summer Time),0.0266,0.0287,0.029,1072.215074827164
Mon May 19 2025 12:00:00 GMT+0100 (British Summer Time),0.0266,0.0287,0.029,0
Mon May 19 2025 13:00:00 GMT+0100 (British Summer Time),0.0311,0.0332,0.029,0
Mon May 19 2025 14:00:00 GMT+0100 (British Summer Time),0.0311,0.0332,0.029,0
Mon May 19 2025 15:00:00 GMT+0100 (British Summer Time),0.0311,0.0289,0.029,0
Mon May 19 2025 16:00:00 GMT+0100 (British Summer Time),0.0311,0.0289,0.029,0
Mon May 19 2025 17:00:00 GMT+0100 (British Summer Time),0.0311,0.0289,0.029,0
Mon May 19 2025 18:00:00 GMT+0100 (British Summer Time),0.0311,0.0289,0.029,0
Mon May 19 2025 19:00:00 GMT+0100 (British Summer Time),0.0311,0.0289,0.029,0
Mon May 19 2025 20:00:00 GMT+0100 (British Summer Time),0.0311,0.0289,0.029,0
Mon May 19 2025 21:00:00 GMT+0100 (British Summer Time),0.0311,0.0289,0.0289,11774.618415348044
Mon May 19 2025 22:00:00 GMT+0100 (British Summer Time),0.0311,0.0289,0.0289,0
Mon May 19 2025 23:00:00 GMT+0100 (British Summer Time),0.0311,0.0289,0.0289,0
Tue May 20 2025 00:00:00 GMT+0100 (British Summer Time),0.0311,0.0289,0.0289,59.600685480437726
Tue May 20 2025 01:00:00 GMT+0100 (British Summer Time),0.0311,0.0289,0.0289,0
Tue May 20 2025 02:00:00 GMT+0100 (British Summer Time),0.0311,0.0289,0.0289,0
Tue May 20 2025 03:00:00 GMT+0100 (British Summer Time),0.0311,0.0289,0.0289,0
Tue May 20 2025 04:00:00 GMT+0100 (British Summer Time),0.0311,0.0289,0.0289,0
Tue May 20 2025 05:00:00 GMT+0100 (British Summer Time),0.0311,0.0289,0.0289,0
Tue May 20 2025 06:00:00 GMT+0100 (British Summer Time),0.0311,0.0289,0.0289,0
Tue May 20 2025 07:00:00 GMT+0100 (British Summer Time),0.0311,0.0289,0.0289,0
Tue May 20 2025 08:00:00 GMT+0100 (British Summer Time),0.0311,0.0289,0.0289,14.816102315028841
Tue May 20 2025 09:00:00 GMT+0100 (British Summer Time),0.0311,0.0289,0.0289,0
Tue May 20 2025 10:00:00 GMT+0100 (British Summer Time),0.0311,0.0289,0.0289,19506.938263984543
Tue May 20 2025 11:00:00 GMT+0100 (British Summer Time),0.0311,0.0289,0.0289,0
Tue May 20 2025 12:00:00 GMT+0100 (British Summer Time),0.0311,0.0289,0.0289,0
Tue May 20 2025 13:00:00 GMT+0100 (British Summer Time),0.0297,0.0289,0.0289,0
Tue May 20 2025 14:00:00 GMT+0100 (British Summer Time),0.0297,0.0289,0.0289,0
Tue May 20 2025 15:00:00 GMT+0100 (British Summer Time),0.0297,0.0289,0.0288,11030.64063115288
Tue May 20 2025 16:00:00 GMT+0100 (British Summer Time),0.0297,0.0289,0.0288,0
Tue May 20 2025 17:00:00 GMT+0100 (British Summer Time),0.0297,0.0289,0.0287,21545.29600200478
Tue May 20 2025 18:00:00 GMT+0100 (British Summer Time),0.0297,0.0289,0.0287,0
Tue May 20 2025 19:00:00 GMT+0100 (British Summer Time),0.0297,0.0289,0.0287,0
Tue May 20 2025 20:00:00 GMT+0100 (British Summer Time),0.0297,0.0289,0.0287,0
Tue May 20 2025 21:00:00 GMT+0100 (British Summer Time),0.0297,0.0289,0.0287,0
Tue May 20 2025 22:00:00 GMT+0100 (British Summer Time),0.0297,0.0289,0.0287,0
Tue May 20 2025 23:00:00 GMT+0100 (British Summer Time),0.0297,0.0289,0.0287,0
Wed May 21 2025 00:00:00 GMT+0100 (British Summer Time),0.0297,0.0289,0.0287,63.00248508413527
Wed May 21 2025 01:00:00 GMT+0100 (British Summer Time),0.0297,0.0289,0.0287,4.456281787263834
Wed May 21 2025 02:00:00 GMT+0100 (British Summer Time),0.0297,0.0289,0.0287,2492.795617435907
Wed May 21 2025 03:00:00 GMT+0100 (British Summer Time),0.0297,0.0289,0.0287,0
Wed May 21 2025 04:00:00 GMT+0100 (British Summer Time),0.0297,0.0289,0.0287,0
Wed May 21 2025 05:00:00 GMT+0100 (British Summer Time),0.0297,0.0289,0.0287,0
Wed May 21 2025 06:00:00 GMT+0100 (British Summer Time),0.0297,0.0289,0.0287,0
Wed May 21 2025 07:00:00 GMT+0100 (British Summer Time),0.0297,0.0289,0.0288,14443.828724893165
Wed May 21 2025 08:00:00 GMT+0100 (British Summer Time),0.0297,0.0289,0.0288,0
Wed May 21 2025 09:00:00 GMT+0100 (British Summer Time),0.0297,0.0289,0.0288,0
Wed May 21 2025 10:00:00 GMT+0100 (British Summer Time),0.0297,0.0289,0.0288,0
Wed May 21 2025 11:00:00 GMT+0100 (British Summer Time),0.0297,0.0289,0.0288,0
Wed May 21 2025 12:00:00 GMT+0100 (British Summer Time),0.0297,0.0289,0.0288,0
Wed May 21 2025 13:00:00 GMT+0100 (British Summer Time),0.0282,0.0287,0.0288,0
Wed May 21 2025 14:00:00 GMT+0100 (British Summer Time),0.0282,0.0287,0.0288,0
Wed May 21 2025 15:00:00 GMT+0100 (British Summer Time),0.0282,0.0287,0.0288,0
Wed May 21 2025 16:00:00 GMT+0100 (British Summer Time),0.0282,0.0287,0.0288,0
Wed May 21 2025 17:00:00 GMT+0100 (British Summer Time),0.0282,0.0287,0.0288,0
Wed May 21 2025 18:00:00 GMT+0100 (British Summer Time),0.0282,0.0287,0.0288,0
Wed May 21 2025 19:00:00 GMT+0100 (British Summer Time),0.0282,0.0287,0.0288,0
Wed May 21 2025 20:00:00 GMT+0100 (British Summer Time),0.0282,0.0287,0.0288,0
Wed May 21 2025 21:00:00 GMT+0100 (British Summer Time),0.0282,0.0287,0.0288,0
Wed May 21 2025 22:00:00 GMT+0100 (British Summer Time),0.0282,0.0287,0.0288,0
Wed May 21 2025 23:00:00 GMT+0100 (British Summer Time),0.0282,0.0287,0.0288,0
Thu May 22 2025 00:00:00 GMT+0100 (British Summer Time),0.0282,0.0287,0.0288,0
Thu May 22 2025 01:00:00 GMT+0100 (British Summer Time),0.0282,0.0287,0.0288,0
Thu May 22 2025 02:00:00 GMT+0100 (British Summer Time),0.0282,0.0287,0.0288,0
Thu May 22 2025 03:00:00 GMT+0100 (British Summer Time),0.0282,0.0287,0.0288,0
Thu May 22 2025 04:00:00 GMT+0100 (British Summer Time),0.0282,0.0287,0.0288,0
Thu May 22 2025 05:00:00 GMT+0100 (British Summer Time),0.0282,0.0287,0.0288,0
Thu May 22 2025 06:00:00 GMT+0100 (British Summer Time),0.0282,0.0287,0.0288,0
Thu May 22 2025 07:00:00 GMT+0100 (British Summer Time),0.0282,0.0287,0.0288,0
Thu May 22 2025 08:00:00 GMT+0100 (British Summer Time),0.0282,0.0287,0.0288,0
Thu May 22 2025 09:00:00 GMT+0100 (British Summer Time),0.0282,0.0287,0.0287,7706.738279673068
Thu May 22 2025 10:00:00 GMT+0100 (British Summer Time),0.0282,0.0287,0.0287,0
Thu May 22 2025 11:00:00 GMT+0100 (British Summer Time),0.0282,0.0287,0.0287,0
Thu May 22 2025 12:00:00 GMT+0100 (British Summer Time),0.0282,0.0287,0.0287,0
Thu May 22 2025 13:00:00 GMT+0100 (British Summer Time),0.0298,0.0289,0.0287,0
Thu May 22 2025 14:00:00 GMT+0100 (British Summer Time),0.0298,0.0289,0.0287,173.96147337364977
Thu May 22 2025 15:00:00 GMT+0100 (British Summer Time),0.0298,0.0289,0.0288,1404.5385579100189
Thu May 22 2025 16:00:00 GMT+0100 (British Summer Time),0.0298,0.0289,0.0288,7.715117831772094
Thu May 22 2025 17:00:00 GMT+0100 (British Summer Time),0.0298,0.0289,0.0288,0
Thu May 22 2025 18:00:00 GMT+0100 (British Summer Time),0.0298,0.0289,0.0288,0
Thu May 22 2025 19:00:00 GMT+0100 (British Summer Time),0.0298,0.0289,0.0288,0
Thu May 22 2025 20:00:00 GMT+0100 (British Summer Time),0.0298,0.0289,0.0288,0
Thu May 22 2025 21:00:00 GMT+0100 (British Summer Time),0.0298,0.0289,0.0288,0
Thu May 22 2025 22:00:00 GMT+0100 (British Summer Time),0.0298,0.0289,0.0288,0
Thu May 22 2025 23:00:00 GMT+0100 (British Summer Time),0.0298,0.0289,0.0288,133.5557161916259
Fri May 23 2025 00:00:00 GMT+0100 (British Summer Time),0.0298,0.0289,0.0288,0
Fri May 23 2025 01:00:00 GMT+0100 (British Summer Time),0.0298,0.0289,0.0288,0
Fri May 23 2025 02:00:00 GMT+0100 (British Summer Time),0.0298,0.0289,0.0288,0
Fri May 23 2025 03:00:00 GMT+0100 (British Summer Time),0.0298,0.0289,0.0288,0
Fri May 23 2025 04:00:00 GMT+0100 (British Summer Time),0.0298,0.0289,0.0288,0
Fri May 23 2025 05:00:00 GMT+0100 (British Summer Time),0.0298,0.0289,0.0288,0
Fri May 23 2025 06:00:00 GMT+0100 (British Summer Time),0.0298,0.0289,0.0288,0
Fri May 23 2025 07:00:00 GMT+0100 (British Summer Time),0.0298,0.0289,0.0288,1210.0968314594138
Fri May 23 2025 08:00:00 GMT+0100 (British Summer Time),0.0298,0.0289,0.0288,0
Fri May 23 2025 09:00:00 GMT+0100 (British Summer Time),0.0298,0.0289,0.0288,0
Fri May 23 2025 10:00:00 GMT+0100 (British Summer Time),0.0298,0.0289,0.0288,0
Fri May 23 2025 11:00:00 GMT+0100 (British Summer Time),0.0298,0.0289,0.0288,0
Fri May 23 2025 12:00:00 GMT+0100 (British Summer Time),0.0298,0.0289,0.0288,0
Fri May 23 2025 13:00:00 GMT+0100 (British Summer Time),0.0298,0.029,0.0288,0
Fri May 23 2025 14:00:00 GMT+0100 (British Summer Time),0.0298,0.029,0.0288,0
Fri May 23 2025 15:00:00 GMT+0100 (British Summer Time),0.0298,0.029,0.0288,0
Fri May 23 2025 16:00:00 GMT+0100 (British Summer Time),0.0298,0.029,0.0288,0
Fri May 23 2025 17:00:00 GMT+0100 (British Summer Time),0.0298,0.029,0.0288,0
Fri May 23 2025 18:00:00 GMT+0100 (British Summer Time),0.0298,0.029,0.0288,0
Fri May 23 2025 19:00:00 GMT+0100 (British Summer Time),0.0298,0.029,0.0288,0
Fri May 23 2025 20:00:00 GMT+0100 (British Summer Time),0.0298,0.029,0.0288,0
Fri May 23 2025 21:00:00 GMT+0100 (British Summer Time),0.0298,0.029,0.0288,0
Fri May 23 2025 22:00:00 GMT+0100 (British Summer Time),0.0298,0.029,0.0288,0
Fri May 23 2025 23:00:00 GMT+0100 (British Summer Time),0.0298,0.029,0.0288,0
Sat May 24 2025 00:00:00 GMT+0100 (British Summer Time),0.0298,0.029,0.0288,0
Sat May 24 2025 01:00:00 GMT+0100 (British Summer Time),0.0298,0.029,0.0288,0
Sat May 24 2025 02:00:00 GMT+0100 (British Summer Time),0.0298,0.029,0.0288,71.6184840896498
Sat May 24 2025 03:00:00 GMT+0100 (British Summer Time),0.0298,0.029,0.0288,0
Sat May 24 2025 04:00:00 GMT+0100 (British Summer Time),0.0298,0.029,0.0288,0
Sat May 24 2025 05:00:00 GMT+0100 (British Summer Time),0.0298,0.029,0.0288,0
Sat May 24 2025 06:00:00 GMT+0100 (British Summer Time),0.0298,0.029,0.0288,0
Sat May 24 2025 07:00:00 GMT+0100 (British Summer Time),0.0298,0.029,0.0288,0
Sat May 24 2025 08:00:00 GMT+0100 (British Summer Time),0.0298,0.029,0.0288,0.265522991685145
Sat May 24 2025 09:00:00 GMT+0100 (British Summer Time),0.0298,0.029,0.0288,0
Sat May 24 2025 10:00:00 GMT+0100 (British Summer Time),0.0298,0.029,0.0288,0
Sat May 24 2025 11:00:00 GMT+0100 (British Summer Time),0.0298,0.029,0.0288,0
Sat May 24 2025 12:00:00 GMT+0100 (British Summer Time),0.0298,0.029,0.0288,0
Sat May 24 2025 13:00:00 GMT+0100 (British Summer Time),0.0284,0.0291,0.0288,0
Sat May 24 2025 14:00:00 GMT+0100 (British Summer Time),0.0284,0.0291,0.0288,0
Sat May 24 2025 15:00:00 GMT+0100 (British Summer Time),0.0284,0.0291,0.0288,0
Sat May 24 2025 16:00:00 GMT+0100 (British Summer Time),0.0284,0.0291,0.0288,0
Sat May 24 2025 17:00:00 GMT+0100 (British Summer Time),0.0284,0.0291,0.0288,0
Sat May 24 2025 18:00:00 GMT+0100 (British Summer Time),0.0284,0.0291,0.0283,139462.20687289798
Sat May 24 2025 19:00:00 GMT+0100 (British Summer Time),0.0284,0.0291,0.0283,0
Sat May 24 2025 20:00:00 GMT+0100 (British Summer Time),0.0284,0.0291,0.0283,50.423331577989025
Sat May 24 2025 21:00:00 GMT+0100 (British Summer Time),0.0284,0.0291,0.0282,2197.0981908477643
Sat May 24 2025 22:00:00 GMT+0100 (British Summer Time),0.0284,0.0291,0.0282,1673.7900709876208
Sat May 24 2025 23:00:00 GMT+0100 (British Summer Time),0.0284,0.0291,0.0282,0
Sun May 25 2025 00:00:00 GMT+0100 (British Summer Time),0.0284,0.0291,0.0282,0
Sun May 25 2025 01:00:00 GMT+0100 (British Summer Time),0.0284,0.0291,0.0282,0
Sun May 25 2025 02:00:00 GMT+0100 (British Summer Time),0.0284,0.0291,0.0282,0
Sun May 25 2025 03:00:00 GMT+0100 (British Summer Time),0.0284,0.0291,0.0282,0.20820985800606598
Sun May 25 2025 04:00:00 GMT+0100 (British Summer Time),0.0284,0.0291,0.0282,0
Sun May 25 2025 05:00:00 GMT+0100 (British Summer Time),0.0284,0.0291,0.0282,0
Sun May 25 2025 06:00:00 GMT+0100 (British Summer Time),0.0284,0.0291,0.0282,0
Sun May 25 2025 07:00:00 GMT+0100 (British Summer Time),0.0284,0.0291,0.0282,0
Sun May 25 2025 08:00:00 GMT+0100 (British Summer Time),0.0284,0.0291,0.0282,38.0673441391267
Sun May 25 2025 09:00:00 GMT+0100 (British Summer Time),0.0284,0.0291,0.0282,0
Sun May 25 2025 10:00:00 GMT+0100 (British Summer Time),0.0284,0.0291,0.0282,0
Sun May 25 2025 11:00:00 GMT+0100 (British Summer Time),0.0284,0.0291,0.0282,4957.918669814292
Sun May 25 2025 12:00:00 GMT+0100 (British Summer Time),0.0284,0.0291,0.0282,200.94418977577317
Sun May 25 2025 13:00:00 GMT+0100 (British Summer Time),0.0271,0.0292,0.0282,0
Sun May 25 2025 14:00:00 GMT+0100 (British Summer Time),0.0271,0.0292,0.0282,0
Sun May 25 2025 15:00:00 GMT+0100 (British Summer Time),0.0271,0.0292,0.0282,0
Sun May 25 2025 16:00:00 GMT+0100 (British Summer Time),0.0271,0.0292,0.0282,337.93822546300834
Sun May 25 2025 17:00:00 GMT+0100 (British Summer Time),0.0271,0.0292,0.0282,3548.481192810945
Sun May 25 2025 18:00:00 GMT+0100 (British Summer Time),0.0271,0.0292,0.0282,0
Sun May 25 2025 19:00:00 GMT+0100 (British Summer Time),0.0271,0.0292,0.0282,0
Sun May 25 2025 20:00:00 GMT+0100 (British Summer Time),0.0271,0.0292,0.0282,0
Sun May 25 2025 21:00:00 GMT+0100 (British Summer Time),0.0271,0.0292,0.0282,40.22279046279887
Sun May 25 2025 22:00:00 GMT+0100 (British Summer Time),0.0271,0.0292,0.0282,14343.197846473136
Sun May 25 2025 23:00:00 GMT+0100 (British Summer Time),0.0271,0.0292,0.0282,0
Mon May 26 2025 00:00:00 GMT+0100 (British Summer Time),0.0271,0.0292,0.0282,0
Mon May 26 2025 01:00:00 GMT+0100 (British Summer Time),0.0271,0.0292,0.0282,0
Mon May 26 2025 02:00:00 GMT+0100 (British Summer Time),0.0271,0.0292,0.0282,0
Mon May 26 2025 03:00:00 GMT+0100 (British Summer Time),0.0271,0.0292,0.0282,0
Mon May 26 2025 04:00:00 GMT+0100 (British Summer Time),0.0271,0.0292,0.0282,0
Mon May 26 2025 05:00:00 GMT+0100 (British Summer Time),0.0271,0.0292,0.0282,0
Mon May 26 2025 06:00:00 GMT+0100 (British Summer Time),0.0271,0.0292,0.0282,0
Mon May 26 2025 07:00:00 GMT+0100 (British Summer Time),0.0271,0.0292,0.0282,0
Mon May 26 2025 08:00:00 GMT+0100 (British Summer Time),0.0271,0.0292,0.0282,0
Mon May 26 2025 09:00:00 GMT+0100 (British Summer Time),0.0271,0.0292,0.0282,0
Mon May 26 2025 10:00:00 GMT+0100 (British Summer Time),0.0271,0.0292,0.0282,0
Mon May 26 2025 11:00:00 GMT+0100 (British Summer Time),0.0271,0.0292,0.0282,0.4057563367680531
Mon May 26 2025 12:00:00 GMT+0100 (British Summer Time),0.0271,0.0292,0.0282,0
Mon May 26 2025 13:00:00 GMT+0100 (British Summer Time),0.0276,0.0287,0.0282,0
Mon May 26 2025 14:00:00 GMT+0100 (British Summer Time),0.0276,0.0287,0.0282,0
Mon May 26 2025 15:00:00 GMT+0100 (British Summer Time),0.0276,0.0287,0.0282,24.3843273697187
Mon May 26 2025 16:00:00 GMT+0100 (British Summer Time),0.0276,0.0287,0.0282,0
Mon May 26 2025 17:00:00 GMT+0100 (British Summer Time),0.0276,0.0287,0.0282,0
Mon May 26 2025 18:00:00 GMT+0100 (British Summer Time),0.0276,0.0287,0.0282,0
Mon May 26 2025 19:00:00 GMT+0100 (British Summer Time),0.0276,0.0287,0.0282,7752.635767513655
Mon May 26 2025 20:00:00 GMT+0100 (British Summer Time),0.0276,0.0287,0.0282,0
Mon May 26 2025 21:00:00 GMT+0100 (British Summer Time),0.0276,0.0287,0.0282,0
Mon May 26 2025 22:00:00 GMT+0100 (British Summer Time),0.0276,0.0287,0.0282,96.29096286770925
Mon May 26 2025 23:00:00 GMT+0100 (British Summer Time),0.0276,0.0287,0.0281,7728.752294798732
Tue May 27 2025 00:00:00 GMT+0100 (British Summer Time),0.0276,0.0287,0.0281,0
Tue May 27 2025 01:00:00 GMT+0100 (British Summer Time),0.0276,0.0287,0.0281,0
Tue May 27 2025 02:00:00 GMT+0100 (British Summer Time),0.0276,0.0287,0.0281,0
Tue May 27 2025 03:00:00 GMT+0100 (British Summer Time),0.0276,0.0287,0.0281,0
Tue May 27 2025 04:00:00 GMT+0100 (British Summer Time),0.0276,0.0287,0.0282,11531.256683873931
Tue May 27 2025 05:00:00 GMT+0100 (British Summer Time),0.0276,0.0287,0.0282,0
Tue May 27 2025 06:00:00 GMT+0100 (British Summer Time),0.0276,0.0287,0.0282,0
Tue May 27 2025 07:00:00 GMT+0100 (British Summer Time),0.0276,0.0287,0.0282,0
Tue May 27 2025 08:00:00 GMT+0100 (British Summer Time),0.0276,0.0287,0.0282,551.2907578032688
Tue May 27 2025 09:00:00 GMT+0100 (British Summer Time),0.0276,0.0287,0.0282,2329.962611509889
Tue May 27 2025 10:00:00 GMT+0100 (British Summer Time),0.0276,0.0287,0.0282,0
Tue May 27 2025 11:00:00 GMT+0100 (British Summer Time),0.0276,0.0287,0.0282,0
Tue May 27 2025 12:00:00 GMT+0100 (British Summer Time),0.0276,0.0287,0.0282,0
Tue May 27 2025 13:00:00 GMT+0100 (British Summer Time),0.0278,0.0284,0.0282,0
Tue May 27 2025 14:00:00 GMT+0100 (British Summer Time),0.0278,0.0284,0.0282,0
Tue May 27 2025 15:00:00 GMT+0100 (British Summer Time),0.0278,0.0284,0.0282,0
Tue May 27 2025 16:00:00 GMT+0100 (British Summer Time),0.0278,0.0284,0.0282,0
Tue May 27 2025 17:00:00 GMT+0100 (British Summer Time),0.0278,0.0284,0.0282,9484.452957108588
Tue May 27 2025 18:00:00 GMT+0100 (British Summer Time),0.0278,0.0284,0.0282,0
Tue May 27 2025 19:00:00 GMT+0100 (British Summer Time),0.0278,0.0284,0.0282,9695.694948206085
Tue May 27 2025 20:00:00 GMT+0100 (British Summer Time),0.0278,0.0284,0.0282,1521.4064584227053
Tue May 27 2025 21:00:00 GMT+0100 (British Summer Time),0.0278,0.0284,0.0282,0
Tue May 27 2025 22:00:00 GMT+0100 (British Summer Time),0.0278,0.0284,0.0282,0
Tue May 27 2025 23:00:00 GMT+0100 (British Summer Time),0.0278,0.0284,0.0282,21.276785937018236
Wed May 28 2025 00:00:00 GMT+0100 (British Summer Time),0.0278,0.0284,0.0282,0
Wed May 28 2025 01:00:00 GMT+0100 (British Summer Time),0.0278,0.0284,0.0282,0
Wed May 28 2025 02:00:00 GMT+0100 (British Summer Time),0.0278,0.0284,0.0282,95.86541442670894
Wed May 28 2025 03:00:00 GMT+0100 (British Summer Time),0.0278,0.0284,0.0282,0
Wed May 28 2025 04:00:00 GMT+0100 (British Summer Time),0.0278,0.0284,0.0282,0
Wed May 28 2025 05:00:00 GMT+0100 (British Summer Time),0.0278,0.0284,0.0282,3606.420625003998
Wed May 28 2025 06:00:00 GMT+0100 (British Summer Time),0.0278,0.0284,0.0282,0
Wed May 28 2025 07:00:00 GMT+0100 (British Summer Time),0.0278,0.0284,0.0282,0
Wed May 28 2025 08:00:00 GMT+0100 (British Summer Time),0.0278,0.0284,0.0282,2.5004577143395195
Wed May 28 2025 09:00:00 GMT+0100 (British Summer Time),0.0278,0.0284,0.0282,18.594615940949293
Wed May 28 2025 10:00:00 GMT+0100 (British Summer Time),0.0278,0.0284,0.0282,0
Wed May 28 2025 11:00:00 GMT+0100 (British Summer Time),0.0278,0.0284,0.0282,2977.5578515999227
Wed May 28 2025 12:00:00 GMT+0100 (British Summer Time),0.0278,0.0284,0.0282,0
Wed May 28 2025 13:00:00 GMT+0100 (British Summer Time),0.0287,0.0285,0.0282,0
Wed May 28 2025 14:00:00 GMT+0100 (British Summer Time),0.0287,0.0285,0.0282,0
Wed May 28 2025 15:00:00 GMT+0100 (British Summer Time),0.0287,0.0285,0.0282,257.4246250441641
Wed May 28 2025 16:00:00 GMT+0100 (British Summer Time),0.0287,0.0285,0.0282,0
Wed May 28 2025 17:00:00 GMT+0100 (British Summer Time),0.0287,0.0285,0.0282,0
Wed May 28 2025 18:00:00 GMT+0100 (British Summer Time),0.0287,0.0285,0.0282,0
Wed May 28 2025 19:00:00 GMT+0100 (British Summer Time),0.0287,0.0285,0.0282,0
Wed May 28 2025 20:00:00 GMT+0100 (British Summer Time),0.0287,0.0285,0.0281,14686.973285062006
Wed May 28 2025 21:00:00 GMT+0100 (British Summer Time),0.0287,0.0285,0.0281,0
Wed May 28 2025 22:00:00 GMT+0100 (British Summer Time),0.0287,0.0285,0.0281,0
Wed May 28 2025 23:00:00 GMT+0100 (British Summer Time),0.0287,0.0285,0.0281,0
Thu May 29 2025 00:00:00 GMT+0100 (British Summer Time),0.0287,0.0285,0.0281,0
Thu May 29 2025 01:00:00 GMT+0100 (British Summer Time),0.0287,0.0285,0.0281,0
Thu May 29 2025 02:00:00 GMT+0100 (British Summer Time),0.0287,0.0285,0.0281,0
Thu May 29 2025 03:00:00 GMT+0100 (British Summer Time),0.0287,0.0285,0.0281,0
Thu May 29 2025 04:00:00 GMT+0100 (British Summer Time),0.0287,0.0285,0.0281,0
Thu May 29 2025 05:00:00 GMT+0100 (British Summer Time),0.0287,0.0285,0.0281,0
Thu May 29 2025 06:00:00 GMT+0100 (British Summer Time),0.0287,0.0285,0.0281,0
Thu May 29 2025 07:00:00 GMT+0100 (British Summer Time),0.0287,0.0285,0.0281,0
Thu May 29 2025 08:00:00 GMT+0100 (British Summer Time),0.0287,0.0285,0.0281,0
Thu May 29 2025 09:00:00 GMT+0100 (British Summer Time),0.0287,0.0285,0.0281,0
Thu May 29 2025 10:00:00 GMT+0100 (British Summer Time),0.0287,0.0285,0.0282,11227.994720987332
Thu May 29 2025 11:00:00 GMT+0100 (British Summer Time),0.0287,0.0285,0.0282,3.3296645050550566
Thu May 29 2025 12:00:00 GMT+0100 (British Summer Time),0.0287,0.0285,0.0282,0
Thu May 29 2025 13:00:00 GMT+0100 (British Summer Time),0.0291,0.0284,0.0282,0
Thu May 29 2025 14:00:00 GMT+0100 (British Summer Time),0.0291,0.0284,0.0282,0
Thu May 29 2025 15:00:00 GMT+0100 (British Summer Time),0.0291,0.0284,0.0282,0
Thu May 29 2025 16:00:00 GMT+0100 (British Summer Time),0.0291,0.0284,0.0282,14.958613849669183
Thu May 29 2025 17:00:00 GMT+0100 (British Summer Time),0.0291,0.0284,0.0282,0
Thu May 29 2025 18:00:00 GMT+0100 (British Summer Time),0.0291,0.0284,0.0282,0
Thu May 29 2025 19:00:00 GMT+0100 (British Summer Time),0.0291,0.0284,0.0282,0
Thu May 29 2025 20:00:00 GMT+0100 (British Summer Time),0.0291,0.0284,0.0282,0
Thu May 29 2025 21:00:00 GMT+0100 (British Summer Time),0.0291,0.0284,0.0282,3056.6830315038583
Thu May 29 2025 22:00:00 GMT+0100 (British Summer Time),0.0291,0.0284,0.0282,0
Thu May 29 2025 23:00:00 GMT+0100 (British Summer Time),0.0291,0.0284,0.0282,0
Fri May 30 2025 00:00:00 GMT+0100 (British Summer Time),0.0291,0.0284,0.0282,0
Fri May 30 2025 01:00:00 GMT+0100 (British Summer Time),0.0291,0.0284,0.0282,0
Fri May 30 2025 02:00:00 GMT+0100 (British Summer Time),0.0291,0.0284,0.0282,154.9062477728336
Fri May 30 2025 03:00:00 GMT+0100 (British Summer Time),0.0291,0.0284,0.0282,0
Fri May 30 2025 04:00:00 GMT+0100 (British Summer Time),0.0291,0.0284,0.0282,0
Fri May 30 2025 05:00:00 GMT+0100 (British Summer Time),0.0291,0.0284,0.0282,0
Fri May 30 2025 06:00:00 GMT+0100 (British Summer Time),0.0291,0.0284,0.0282,0
Fri May 30 2025 07:00:00 GMT+0100 (British Summer Time),0.0291,0.0284,0.0282,0
Fri May 30 2025 08:00:00 GMT+0100 (British Summer Time),0.0291,0.0284,0.0282,0
Fri May 30 2025 09:00:00 GMT+0100 (British Summer Time),0.0291,0.0284,0.0282,0
Fri May 30 2025 10:00:00 GMT+0100 (British Summer Time),0.0291,0.0284,0.0282,0
Fri May 30 2025 11:00:00 GMT+0100 (British Summer Time),0.0291,0.0284,0.0282,0
Fri May 30 2025 12:00:00 GMT+0100 (British Summer Time),0.0291,0.0284,0.0282,0
Fri May 30 2025 13:00:00 GMT+0100 (British Summer Time),0.0295,0.0283,0.0282,0
Fri May 30 2025 14:00:00 GMT+0100 (British Summer Time),0.0295,0.0283,0.0282,0
Fri May 30 2025 15:00:00 GMT+0100 (British Summer Time),0.0295,0.0283,0.0282,0
Fri May 30 2025 16:00:00 GMT+0100 (British Summer Time),0.0295,0.0283,0.0282,31456.31253700264
Fri May 30 2025 17:00:00 GMT+0100 (British Summer Time),0.0295,0.0283,0.0283,0
Fri May 30 2025 18:00:00 GMT+0100 (British Summer Time),0.0295,0.0283,0.0283,0
Fri May 30 2025 19:00:00 GMT+0100 (British Summer Time),0.0295,0.0283,0.0283,0
Fri May 30 2025 20:00:00 GMT+0100 (British Summer Time),0.0295,0.0283,0.0283,0
Fri May 30 2025 21:00:00 GMT+0100 (British Summer Time),0.0295,0.0283,0.0283,0
Fri May 30 2025 22:00:00 GMT+0100 (British Summer Time),0.0295,0.0283,0.0283,0
Fri May 30 2025 23:00:00 GMT+0100 (British Summer Time),0.0295,0.0283,0.0283,0
Sat May 31 2025 00:00:00 GMT+0100 (British Summer Time),0.0295,0.0283,0.0283,454.34482014858884
Sat May 31 2025 01:00:00 GMT+0100 (British Summer Time),0.0295,0.0283,0.0283,390.0113502758898
Sat May 31 2025 02:00:00 GMT+0100 (British Summer Time),0.0295,0.0283,0.0283,0
Sat May 31 2025 03:00:00 GMT+0100 (British Summer Time),0.0295,0.0283,0.0283,2588.6541769466685
Sat May 31 2025 04:00:00 GMT+0100 (British Summer Time),0.0295,0.0283,0.0283,0
Sat May 31 2025 05:00:00 GMT+0100 (British Summer Time),0.0295,0.0283,0.0283,82.49146697459403
Sat May 31 2025 06:00:00 GMT+0100 (British Summer Time),0.0295,0.0283,0.0283,0
Sat May 31 2025 07:00:00 GMT+0100 (British Summer Time),0.0295,0.0283,0.0283,0
Sat May 31 2025 08:00:00 GMT+0100 (British Summer Time),0.0295,0.0283,0.0283,0
Sat May 31 2025 09:00:00 GMT+0100 (British Summer Time),0.0295,0.0283,0.0283,0
Sat May 31 2025 10:00:00 GMT+0100 (British Summer Time),0.0295,0.0283,0.0283,0
Sat May 31 2025 11:00:00 GMT+0100 (British Summer Time),0.0295,0.0283,0.0282,10402.607277026587
Sat May 31 2025 12:00:00 GMT+0100 (British Summer Time),0.0295,0.0283,0.0282,0
Sat May 31 2025 13:00:00 GMT+0100 (British Summer Time),0.0293,0.0284,0.0282,0
Sat May 31 2025 14:00:00 GMT+0100 (British Summer Time),0.0293,0.0284,0.0282,0
Sat May 31 2025 15:00:00 GMT+0100 (British Summer Time),0.0293,0.0284,0.0282,2030.3441393230567
Sat May 31 2025 16:00:00 GMT+0100 (British Summer Time),0.0293,0.0284,0.0282,0
Sat May 31 2025 17:00:00 GMT+0100 (British Summer Time),0.0293,0.0284,0.0282,0
Sat May 31 2025 18:00:00 GMT+0100 (British Summer Time),0.0293,0.0284,0.0282,0
Sat May 31 2025 19:00:00 GMT+0100 (British Summer Time),0.0293,0.0284,0.0282,0
Sat May 31 2025 20:00:00 GMT+0100 (British Summer Time),0.0293,0.0284,0.0282,0
Sat May 31 2025 21:00:00 GMT+0100 (British Summer Time),0.0293,0.0284,0.0282,0
Sat May 31 2025 22:00:00 GMT+0100 (British Summer Time),0.0293,0.0284,0.0282,0
Sat May 31 2025 23:00:00 GMT+0100 (British Summer Time),0.0293,0.0284,0.0282,0
Sun Jun 01 2025 00:00:00 GMT+0100 (British Summer Time),0.0293,0.0284,0.0282,0
Sun Jun 01 2025 01:00:00 GMT+0100 (British Summer Time),0.0293,0.0284,0.0282,0
Sun Jun 01 2025 02:00:00 GMT+0100 (British Summer Time),0.0293,0.0284,0.0282,64.67024586149249
Sun Jun 01 2025 03:00:00 GMT+0100 (British Summer Time),0.0293,0.0284,0.0282,0
Sun Jun 01 2025 04:00:00 GMT+0100 (British Summer Time),0.0293,0.0284,0.0282,0
Sun Jun 01 2025 05:00:00 GMT+0100 (British Summer Time),0.0293,0.0284,0.0282,0
Sun Jun 01 2025 06:00:00 GMT+0100 (British Summer Time),0.0293,0.0284,0.0282,0
Sun Jun 01 2025 07:00:00 GMT+0100 (British Summer Time),0.0293,0.0284,0.0282,0
Sun Jun 01 2025 08:00:00 GMT+0100 (British Summer Time),0.0293,0.0284,0.0282,0
Sun Jun 01 2025 09:00:00 GMT+0100 (British Summer Time),0.0293,0.0284,0.0282,2.8683883189525266
Sun Jun 01 2025 10:00:00 GMT+0100 (British Summer Time),0.0293,0.0284,0.0282,0
Sun Jun 01 2025 11:00:00 GMT+0100 (British Summer Time),0.0293,0.0284,0.0282,0
Sun Jun 01 2025 12:00:00 GMT+0100 (British Summer Time),0.0293,0.0284,0.0282,0
Sun Jun 01 2025 13:00:00 GMT+0100 (British Summer Time),0.0274,0.0285,0.0282,198.06751520959995
Sun Jun 01 2025 14:00:00 GMT+0100 (British Summer Time),0.0274,0.0285,0.0282,0
Sun Jun 01 2025 15:00:00 GMT+0100 (British Summer Time),0.0274,0.0285,0.0282,0
Sun Jun 01 2025 16:00:00 GMT+0100 (British Summer Time),0.0274,0.0285,0.0282,8012.282819750119
Sun Jun 01 2025 17:00:00 GMT+0100 (British Summer Time),0.0274,0.0285,0.0282,1.2932336225871588
Sun Jun 01 2025 18:00:00 GMT+0100 (British Summer Time),0.0274,0.0285,0.0282,0
Sun Jun 01 2025 19:00:00 GMT+0100 (British Summer Time),0.0274,0.0285,0.0282,0
Sun Jun 01 2025 20:00:00 GMT+0100 (British Summer Time),0.0274,0.0285,0.0282,0
Sun Jun 01 2025 21:00:00 GMT+0100 (British Summer Time),0.0274,0.0285,0.0282,0
Sun Jun 01 2025 22:00:00 GMT+0100 (British Summer Time),0.0274,0.0285,0.0282,0
Sun Jun 01 2025 23:00:00 GMT+0100 (British Summer Time),0.0274,0.0285,0.0282,0
Mon Jun 02 2025 00:00:00 GMT+0100 (British Summer Time),0.0274,0.0285,0.0282,69.67093115698192
Mon Jun 02 2025 01:00:00 GMT+0100 (British Summer Time),0.0274,0.0285,0.0282,0
Mon Jun 02 2025 02:00:00 GMT+0100 (British Summer Time),0.0274,0.0285,0.0282,0
Mon Jun 02 2025 03:00:00 GMT+0100 (British Summer Time),0.0274,0.0285,0.0282,0
Mon Jun 02 2025 04:00:00 GMT+0100 (British Summer Time),0.0274,0.0285,0.0282,0
Mon Jun 02 2025 05:00:00 GMT+0100 (British Summer Time),0.0274,0.0285,0.0282,0
Mon Jun 02 2025 06:00:00 GMT+0100 (British Summer Time),0.0274,0.0285,0.0282,0
Mon Jun 02 2025 07:00:00 GMT+0100 (British Summer Time),0.0274,0.0285,0.0282,0
Mon Jun 02 2025 08:00:00 GMT+0100 (British Summer Time),0.0274,0.0285,0.0282,0
Mon Jun 02 2025 09:00:00 GMT+0100 (British Summer Time),0.0274,0.0285,0.0282,1163.8548216004285
Mon Jun 02 2025 10:00:00 GMT+0100 (British Summer Time),0.0274,0.0285,0.0282,0
Mon Jun 02 2025 11:00:00 GMT+0100 (British Summer Time),0.0274,0.0285,0.0282,0
Mon Jun 02 2025 12:00:00 GMT+0100 (British Summer Time),0.0274,0.0285,0.0282,0
Mon Jun 02 2025 13:00:00 GMT+0100 (British Summer Time),0.0276,0.0285,0.0282,0
Mon Jun 02 2025 14:00:00 GMT+0100 (British Summer Time),0.0276,0.0285,0.0282,0
Mon Jun 02 2025 15:00:00 GMT+0100 (British Summer Time),0.0276,0.0285,0.0282,0
Mon Jun 02 2025 16:00:00 GMT+0100 (British Summer Time),0.0276,0.0285,0.0282,64.29080453985239
Mon Jun 02 2025 17:00:00 GMT+0100 (British Summer Time),0.0276,0.0285,0.0282,0
Mon Jun 02 2025 18:00:00 GMT+0100 (British Summer Time),0.0276,0.0285,0.0282,0
Mon Jun 02 2025 19:00:00 GMT+0100 (British Summer Time),0.0276,0.0285,0.0282,0
Mon Jun 02 2025 20:00:00 GMT+0100 (British Summer Time),0.0276,0.0285,0.0282,0
Mon Jun 02 2025 21:00:00 GMT+0100 (British Summer Time),0.0276,0.0285,0.0282,1018.1025402601728
Mon Jun 02 2025 22:00:00 GMT+0100 (British Summer Time),0.0276,0.0285,0.0282,67.42759809536989
Mon Jun 02 2025 23:00:00 GMT+0100 (British Summer Time),0.0276,0.0285,0.0282,0
Tue Jun 03 2025 00:00:00 GMT+0100 (British Summer Time),0.0276,0.0285,0.0282,0
Tue Jun 03 2025 01:00:00 GMT+0100 (British Summer Time),0.0276,0.0285,0.0282,0
Tue Jun 03 2025 02:00:00 GMT+0100 (British Summer Time),0.0276,0.0285,0.0282,89.21258923730252
Tue Jun 03 2025 03:00:00 GMT+0100 (British Summer Time),0.0276,0.0285,0.0282,0
Tue Jun 03 2025 04:00:00 GMT+0100 (British Summer Time),0.0276,0.0285,0.0282,2652.4865511622893
Tue Jun 03 2025 05:00:00 GMT+0100 (British Summer Time),0.0276,0.0285,0.0282,0
Tue Jun 03 2025 06:00:00 GMT+0100 (British Summer Time),0.0276,0.0285,0.0282,0
Tue Jun 03 2025 07:00:00 GMT+0100 (British Summer Time),0.0276,0.0285,0.0282,0
Tue Jun 03 2025 08:00:00 GMT+0100 (British Summer Time),0.0276,0.0285,0.0282,0
Tue Jun 03 2025 09:00:00 GMT+0100 (British Summer Time),0.0276,0.0285,0.0282,0
Tue Jun 03 2025 10:00:00 GMT+0100 (British Summer Time),0.0276,0.0285,0.0282,0
Tue Jun 03 2025 11:00:00 GMT+0100 (British Summer Time),0.0276,0.0285,0.0282,0
Tue Jun 03 2025 12:00:00 GMT+0100 (British Summer Time),0.0276,0.0285,0.0282,0
Tue Jun 03 2025 13:00:00 GMT+0100 (British Summer Time),0.0283,0.0286,0.0282,0
Tue Jun 03 2025 14:00:00 GMT+0100 (British Summer Time),0.0283,0.0286,0.0282,0
Tue Jun 03 2025 15:00:00 GMT+0100 (British Summer Time),0.0283,0.0286,0.0282,0
Tue Jun 03 2025 16:00:00 GMT+0100 (British Summer Time),0.0283,0.0286,0.0282,14.93960040405621
Tue Jun 03 2025 17:00:00 GMT+0100 (British Summer Time),0.0283,0.0286,0.0282,147.83741735594356
Tue Jun 03 2025 18:00:00 GMT+0100 (British Summer Time),0.0283,0.0286,0.0282,0
Tue Jun 03 2025 19:00:00 GMT+0100 (British Summer Time),0.0283,0.0286,0.0282,14199.867584744856
Tue Jun 03 2025 20:00:00 GMT+0100 (British Summer Time),0.0283,0.0286,0.0282,0
Tue Jun 03 2025 21:00:00 GMT+0100 (British Summer Time),0.0283,0.0286,0.0282,0
Tue Jun 03 2025 22:00:00 GMT+0100 (British Summer Time),0.0283,0.0286,0.0274,219892.35431401184
Tue Jun 03 2025 23:00:00 GMT+0100 (British Summer Time),0.0283,0.0286,0.0274,0
Wed Jun 04 2025 00:00:00 GMT+0100 (British Summer Time),0.0283,0.0286,0.0274,74.11001989691509
Wed Jun 04 2025 01:00:00 GMT+0100 (British Summer Time),0.0283,0.0286,0.0274,0
Wed Jun 04 2025 02:00:00 GMT+0100 (British Summer Time),0.0283,0.0286,0.0274,0
Wed Jun 04 2025 03:00:00 GMT+0100 (British Summer Time),0.0283,0.0286,0.0274,0
Wed Jun 04 2025 04:00:00 GMT+0100 (British Summer Time),0.0283,0.0286,0.0278,110819.95855477496
Wed Jun 04 2025 05:00:00 GMT+0100 (British Summer Time),0.0283,0.0286,0.0278,0.791521698960958
Wed Jun 04 2025 06:00:00 GMT+0100 (British Summer Time),0.0283,0.0286,0.0278,0
Wed Jun 04 2025 07:00:00 GMT+0100 (British Summer Time),0.0283,0.0286,0.0278,0
Wed Jun 04 2025 08:00:00 GMT+0100 (British Summer Time),0.0283,0.0286,0.0278,0
Wed Jun 04 2025 09:00:00 GMT+0100 (British Summer Time),0.0283,0.0286,0.0278,3310.1027510049216
Wed Jun 04 2025 10:00:00 GMT+0100 (British Summer Time),0.0283,0.0286,0.0278,0
Wed Jun 04 2025 11:00:00 GMT+0100 (British Summer Time),0.0283,0.0286,0.0278,0
Wed Jun 04 2025 12:00:00 GMT+0100 (British Summer Time),0.0283,0.0286,0.0278,120.43773698973821
Wed Jun 04 2025 13:00:00 GMT+0100 (British Summer Time),0.0284,0.0285,0.0278,0
Wed Jun 04 2025 14:00:00 GMT+0100 (British Summer Time),0.0284,0.0285,0.0278,0
Wed Jun 04 2025 15:00:00 GMT+0100 (British Summer Time),0.0284,0.0285,0.0278,0
Wed Jun 04 2025 16:00:00 GMT+0100 (British Summer Time),0.0284,0.0285,0.0278,0
Wed Jun 04 2025 17:00:00 GMT+0100 (British Summer Time),0.0284,0.0285,0.0278,0
Wed Jun 04 2025 18:00:00 GMT+0100 (British Summer Time),0.0284,0.0285,0.0277,2194.963121652922
Wed Jun 04 2025 19:00:00 GMT+0100 (British Summer Time),0.0284,0.0285,0.0277,0
Wed Jun 04 2025 20:00:00 GMT+0100 (British Summer Time),0.0284,0.0285,0.0277,0
Wed Jun 04 2025 21:00:00 GMT+0100 (British Summer Time),0.0284,0.0285,0.0277,0
Wed Jun 04 2025 22:00:00 GMT+0100 (British Summer Time),0.0284,0.0285,0.0277,0
Wed Jun 04 2025 23:00:00 GMT+0100 (British Summer Time),0.0284,0.0285,0.0277,0
Thu Jun 05 2025 00:00:00 GMT+0100 (British Summer Time),0.0284,0.0285,0.0277,0
Thu Jun 05 2025 01:00:00 GMT+0100 (British Summer Time),0.0284,0.0285,0.0277,80.9915960730219
Thu Jun 05 2025 02:00:00 GMT+0100 (British Summer Time),0.0284,0.0285,0.0277,167.38686354706792
Thu Jun 05 2025 03:00:00 GMT+0100 (British Summer Time),0.0284,0.0285,0.0277,0
Thu Jun 05 2025 04:00:00 GMT+0100 (British Summer Time),0.0284,0.0285,0.0277,0
Thu Jun 05 2025 05:00:00 GMT+0100 (British Summer Time),0.0284,0.0285,0.0277,0
Thu Jun 05 2025 06:00:00 GMT+0100 (British Summer Time),0.0284,0.0285,0.0277,371.8261580263012
Thu Jun 05 2025 07:00:00 GMT+0100 (British Summer Time),0.0284,0.0285,0.0277,0
Thu Jun 05 2025 08:00:00 GMT+0100 (British Summer Time),0.0284,0.0285,0.0277,0
Thu Jun 05 2025 09:00:00 GMT+0100 (British Summer Time),0.0284,0.0285,0.0277,0
Thu Jun 05 2025 10:00:00 GMT+0100 (British Summer Time),0.0284,0.0285,0.0277,0
Thu Jun 05 2025 11:00:00 GMT+0100 (British Summer Time),0.0284,0.0285,0.0277,0
Thu Jun 05 2025 12:00:00 GMT+0100 (British Summer Time),0.0284,0.0285,0.0277,359.17111972183847
Thu Jun 05 2025 13:00:00 GMT+0100 (British Summer Time),0.028,0.0284,0.0277,0
Thu Jun 05 2025 14:00:00 GMT+0100 (British Summer Time),0.028,0.0284,0.0277,0
Thu Jun 05 2025 15:00:00 GMT+0100 (British Summer Time),0.028,0.0284,0.0277,0
Thu Jun 05 2025 16:00:00 GMT+0100 (British Summer Time),0.028,0.0284,0.0277,153.98815279392207
Thu Jun 05 2025 17:00:00 GMT+0100 (British Summer Time),0.028,0.0284,0.0277,0
Thu Jun 05 2025 18:00:00 GMT+0100 (British Summer Time),0.028,0.0284,0.0277,0
Thu Jun 05 2025 19:00:00 GMT+0100 (British Summer Time),0.028,0.0284,0.0277,0
Thu Jun 05 2025 20:00:00 GMT+0100 (British Summer Time),0.028,0.0284,0.0277,0
Thu Jun 05 2025 21:00:00 GMT+0100 (British Summer Time),0.028,0.0284,0.0277,0
Thu Jun 05 2025 22:00:00 GMT+0100 (British Summer Time),0.028,0.0284,0.0277,0
Thu Jun 05 2025 23:00:00 GMT+0100 (British Summer Time),0.028,0.0284,0.0277,0
Fri Jun 06 2025 00:00:00 GMT+0100 (British Summer Time),0.028,0.0284,0.0277,0
Fri Jun 06 2025 01:00:00 GMT+0100 (British Summer Time),0.028,0.0284,0.0277,0
Fri Jun 06 2025 02:00:00 GMT+0100 (British Summer Time),0.028,0.0284,0.0277,79.5477420891594
Fri Jun 06 2025 03:00:00 GMT+0100 (British Summer Time),0.028,0.0284,0.0277,0
Fri Jun 06 2025 04:00:00 GMT+0100 (British Summer Time),0.028,0.0284,0.0277,0
Fri Jun 06 2025 05:00:00 GMT+0100 (British Summer Time),0.028,0.0284,0.0277,0
Fri Jun 06 2025 06:00:00 GMT+0100 (British Summer Time),0.028,0.0284,0.0277,0
Fri Jun 06 2025 07:00:00 GMT+0100 (British Summer Time),0.028,0.0284,0.0277,1021.7361711139196
Fri Jun 06 2025 08:00:00 GMT+0100 (British Summer Time),0.028,0.0284,0.0277,0
Fri Jun 06 2025 09:00:00 GMT+0100 (British Summer Time),0.028,0.0284,0.0278,3452.8128322655534
Fri Jun 06 2025 10:00:00 GMT+0100 (British Summer Time),0.028,0.0284,0.0278,0
Fri Jun 06 2025 11:00:00 GMT+0100 (British Summer Time),0.028,0.0284,0.0278,0
Fri Jun 06 2025 12:00:00 GMT+0100 (British Summer Time),0.028,0.0284,0.0278,0
Fri Jun 06 2025 13:00:00 GMT+0100 (British Summer Time),0.0292,0.0283,0.0278,0
Fri Jun 06 2025 14:00:00 GMT+0100 (British Summer Time),0.0292,0.0283,0.0278,13.7857079751336
Fri Jun 06 2025 15:00:00 GMT+0100 (British Summer Time),0.0292,0.0283,0.0274,102512.52960162789
Fri Jun 06 2025 16:00:00 GMT+0100 (British Summer Time),0.0292,0.0283,0.0274,0
Fri Jun 06 2025 17:00:00 GMT+0100 (British Summer Time),0.0292,0.0283,0.0274,0
Fri Jun 06 2025 18:00:00 GMT+0100 (British Summer Time),0.0292,0.0283,0.0276,65402.61721400686
Fri Jun 06 2025 19:00:00 GMT+0100 (British Summer Time),0.0292,0.0283,0.0276,0.8918373778169751
Fri Jun 06 2025 20:00:00 GMT+0100 (British Summer Time),0.0292,0.0283,0.0276,0
Fri Jun 06 2025 21:00:00 GMT+0100 (British Summer Time),0.0292,0.0283,0.0276,0
Fri Jun 06 2025 22:00:00 GMT+0100 (British Summer Time),0.0292,0.0283,0.0276,0
Fri Jun 06 2025 23:00:00 GMT+0100 (British Summer Time),0.0292,0.0283,0.0276,0
Sat Jun 07 2025 00:00:00 GMT+0100 (British Summer Time),0.0292,0.0283,0.0276,0
Sat Jun 07 2025 01:00:00 GMT+0100 (British Summer Time),0.0292,0.0283,0.0276,0
Sat Jun 07 2025 02:00:00 GMT+0100 (British Summer Time),0.0292,0.0283,0.0276,75.07474749726956
Sat Jun 07 2025 03:00:00 GMT+0100 (British Summer Time),0.0292,0.0283,0.0276,0
Sat Jun 07 2025 04:00:00 GMT+0100 (British Summer Time),0.0292,0.0283,0.0276,0
Sat Jun 07 2025 05:00:00 GMT+0100 (British Summer Time),0.0292,0.0283,0.0276,0
Sat Jun 07 2025 06:00:00 GMT+0100 (British Summer Time),0.0292,0.0283,0.0276,0
Sat Jun 07 2025 07:00:00 GMT+0100 (British Summer Time),0.0292,0.0283,0.0276,0
Sat Jun 07 2025 08:00:00 GMT+0100 (British Summer Time),0.0292,0.0283,0.0276,0
Sat Jun 07 2025 09:00:00 GMT+0100 (British Summer Time),0.0292,0.0283,0.0276,0
Sat Jun 07 2025 10:00:00 GMT+0100 (British Summer Time),0.0292,0.0283,0.0276,0
Sat Jun 07 2025 11:00:00 GMT+0100 (British Summer Time),0.0292,0.0283,0.0276,34.175233018124
Sat Jun 07 2025 12:00:00 GMT+0100 (British Summer Time),0.0292,0.0283,0.0276,0
Sat Jun 07 2025 13:00:00 GMT+0100 (British Summer Time),0.0278,0.0281,0.0276,0
Sat Jun 07 2025 14:00:00 GMT+0100 (British Summer Time),0.0278,0.0281,0.0276,0
Sat Jun 07 2025 15:00:00 GMT+0100 (British Summer Time),0.0278,0.0281,0.0276,0
Sat Jun 07 2025 16:00:00 GMT+0100 (British Summer Time),0.0278,0.0281,0.0276,0
Sat Jun 07 2025 17:00:00 GMT+0100 (British Summer Time),0.0278,0.0281,0.0276,0
Sat Jun 07 2025 18:00:00 GMT+0100 (British Summer Time),0.0278,0.0281,0.0276,0
Sat Jun 07 2025 19:00:00 GMT+0100 (British Summer Time),0.0278,0.0281,0.0276,57.52107204423326
Sat Jun 07 2025 20:00:00 GMT+0100 (British Summer Time),0.0278,0.0281,0.0276,3.3441365527201343
Sat Jun 07 2025 21:00:00 GMT+0100 (British Summer Time),0.0278,0.0281,0.0276,0.18267010858740187
Sat Jun 07 2025 22:00:00 GMT+0100 (British Summer Time),0.0278,0.0281,0.0276,0
Sat Jun 07 2025 23:00:00 GMT+0100 (British Summer Time),0.0278,0.0281,0.0276,0
Sun Jun 08 2025 00:00:00 GMT+0100 (British Summer Time),0.0278,0.0281,0.0276,1.033699357838299
Sun Jun 08 2025 01:00:00 GMT+0100 (British Summer Time),0.0278,0.0281,0.0276,0
Sun Jun 08 2025 02:00:00 GMT+0100 (British Summer Time),0.0278,0.0281,0.0276,0
Sun Jun 08 2025 03:00:00 GMT+0100 (British Summer Time),0.0278,0.0281,0.0276,0
Sun Jun 08 2025 04:00:00 GMT+0100 (British Summer Time),0.0278,0.0281,0.0276,0
Sun Jun 08 2025 05:00:00 GMT+0100 (British Summer Time),0.0278,0.0281,0.0276,0
Sun Jun 08 2025 06:00:00 GMT+0100 (British Summer Time),0.0278,0.0281,0.0276,0
Sun Jun 08 2025 07:00:00 GMT+0100 (British Summer Time),0.0278,0.0281,0.0276,298.44491514908697
Sun Jun 08 2025 08:00:00 GMT+0100 (British Summer Time),0.0278,0.0281,0.0276,0
Sun Jun 08 2025 09:00:00 GMT+0100 (British Summer Time),0.0278,0.0281,0.0276,0
Sun Jun 08 2025 10:00:00 GMT+0100 (British Summer Time),0.0278,0.0281,0.0276,46.213722451221095
Sun Jun 08 2025 11:00:00 GMT+0100 (British Summer Time),0.0278,0.0281,0.0276,50.061432941438625
Sun Jun 08 2025 12:00:00 GMT+0100 (British Summer Time),0.0278,0.0281,0.0276,0
Sun Jun 08 2025 13:00:00 GMT+0100 (British Summer Time),0.0272,0.0281,0.0276,0
Sun Jun 08 2025 14:00:00 GMT+0100 (British Summer Time),0.0272,0.0281,0.0276,0
Sun Jun 08 2025 15:00:00 GMT+0100 (British Summer Time),0.0272,0.0281,0.0276,0
Sun Jun 08 2025 16:00:00 GMT+0100 (British Summer Time),0.0272,0.0281,0.0276,0
Sun Jun 08 2025 17:00:00 GMT+0100 (British Summer Time),0.0272,0.0281,0.0276,0
Sun Jun 08 2025 18:00:00 GMT+0100 (British Summer Time),0.0272,0.0281,0.0276,0
Sun Jun 08 2025 19:00:00 GMT+0100 (British Summer Time),0.0272,0.0281,0.0276,0
Sun Jun 08 2025 20:00:00 GMT+0100 (British Summer Time),0.0272,0.0281,0.0276,0
Sun Jun 08 2025 21:00:00 GMT+0100 (British Summer Time),0.0272,0.0281,0.0276,0
Sun Jun 08 2025 22:00:00 GMT+0100 (British Summer Time),0.0272,0.0281,0.0276,0
Sun Jun 08 2025 23:00:00 GMT+0100 (British Summer Time),0.0272,0.0281,0.0276,0
Mon Jun 09 2025 00:00:00 GMT+0100 (British Summer Time),0.0272,0.0281,0.0276,46.27805160910138
Mon Jun 09 2025 01:00:00 GMT+0100 (British Summer Time),0.0272,0.0281,0.0276,2153.190121860816
Mon Jun 09 2025 02:00:00 GMT+0100 (British Summer Time),0.0272,0.0281,0.0276,0
Mon Jun 09 2025 03:00:00 GMT+0100 (British Summer Time),0.0272,0.0281,0.0276,0
Mon Jun 09 2025 04:00:00 GMT+0100 (British Summer Time),0.0272,0.0281,0.0276,0
Mon Jun 09 2025 05:00:00 GMT+0100 (British Summer Time),0.0272,0.0281,0.0276,0
Mon Jun 09 2025 06:00:00 GMT+0100 (British Summer Time),0.0272,0.0281,0.0276,0
Mon Jun 09 2025 07:00:00 GMT+0100 (British Summer Time),0.0272,0.0281,0.0276,0
Mon Jun 09 2025 08:00:00 GMT+0100 (British Summer Time),0.0272,0.0281,0.0276,0
Mon Jun 09 2025 09:00:00 GMT+0100 (British Summer Time),0.0272,0.0281,0.0276,0
Mon Jun 09 2025 10:00:00 GMT+0100 (British Summer Time),0.0272,0.0281,0.0276,0
Mon Jun 09 2025 11:00:00 GMT+0100 (British Summer Time),0.0272,0.0281,0.0276,0
Mon Jun 09 2025 12:00:00 GMT+0100 (British Summer Time),0.0272,0.0281,0.0276,0
Mon Jun 09 2025 13:00:00 GMT+0100 (British Summer Time),0.0271,0.028,0.0276,0
Mon Jun 09 2025 14:00:00 GMT+0100 (British Summer Time),0.0271,0.028,0.0276,0
Mon Jun 09 2025 15:00:00 GMT+0100 (British Summer Time),0.0271,0.028,0.0276,0
Mon Jun 09 2025 16:00:00 GMT+0100 (British Summer Time),0.0271,0.028,0.0276,0
Mon Jun 09 2025 17:00:00 GMT+0100 (British Summer Time),0.0271,0.028,0.0276,0
Mon Jun 09 2025 18:00:00 GMT+0100 (British Summer Time),0.0271,0.028,0.0276,0
Mon Jun 09 2025 19:00:00 GMT+0100 (British Summer Time),0.0271,0.028,0.0276,0
Mon Jun 09 2025 20:00:00 GMT+0100 (British Summer Time),0.0271,0.028,0.0276,5077.732136654591
Mon Jun 09 2025 21:00:00 GMT+0100 (British Summer Time),0.0271,0.028,0.0276,68.60660114508588
Mon Jun 09 2025 22:00:00 GMT+0100 (British Summer Time),0.0271,0.028,0.0276,0
Mon Jun 09 2025 23:00:00 GMT+0100 (British Summer Time),0.0271,0.028,0.0276,0
Tue Jun 10 2025 00:00:00 GMT+0100 (British Summer Time),0.0271,0.028,0.0276,0
Tue Jun 10 2025 01:00:00 GMT+0100 (British Summer Time),0.0271,0.028,0.0276,0
Tue Jun 10 2025 02:00:00 GMT+0100 (British Summer Time),0.0271,0.028,0.0276,0
Tue Jun 10 2025 03:00:00 GMT+0100 (British Summer Time),0.0271,0.028,0.0276,0
Tue Jun 10 2025 04:00:00 GMT+0100 (British Summer Time),0.0271,0.028,0.0276,369.79525657634724
Tue Jun 10 2025 05:00:00 GMT+0100 (British Summer Time),0.0271,0.028,0.0276,0
Tue Jun 10 2025 06:00:00 GMT+0100 (British Summer Time),0.0271,0.028,0.0276,0
Tue Jun 10 2025 07:00:00 GMT+0100 (British Summer Time),0.0271,0.028,0.0276,106.77652221532895
Tue Jun 10 2025 08:00:00 GMT+0100 (British Summer Time),0.0271,0.028,0.0276,0
Tue Jun 10 2025 09:00:00 GMT+0100 (British Summer Time),0.0271,0.028,0.0276,0
Tue Jun 10 2025 10:00:00 GMT+0100 (British Summer Time),0.0271,0.028,0.0276,0
Tue Jun 10 2025 11:00:00 GMT+0100 (British Summer Time),0.0271,0.028,0.0276,0
Tue Jun 10 2025 12:00:00 GMT+0100 (British Summer Time),0.0271,0.028,0.0276,57.20442145151458
Tue Jun 10 2025 13:00:00 GMT+0100 (British Summer Time),0.0284,0.028,0.0272,117149.50137507287
Tue Jun 10 2025 14:00:00 GMT+0100 (British Summer Time),0.0284,0.028,0.0272,0
Tue Jun 10 2025 15:00:00 GMT+0100 (British Summer Time),0.0284,0.028,0.0272,0
Tue Jun 10 2025 16:00:00 GMT+0100 (British Summer Time),0.0284,0.028,0.0272,0
Tue Jun 10 2025 17:00:00 GMT+0100 (British Summer Time),0.0284,0.028,0.0272,0
Tue Jun 10 2025 18:00:00 GMT+0100 (British Summer Time),0.0284,0.028,0.0272,0
Tue Jun 10 2025 19:00:00 GMT+0100 (British Summer Time),0.0284,0.028,0.0272,0
Tue Jun 10 2025 20:00:00 GMT+0100 (British Summer Time),0.0284,0.028,0.0272,0
Tue Jun 10 2025 21:00:00 GMT+0100 (British Summer Time),0.0284,0.028,0.0272,0
Tue Jun 10 2025 22:00:00 GMT+0100 (British Summer Time),0.0284,0.028,0.0272,0
Tue Jun 10 2025 23:00:00 GMT+0100 (British Summer Time),0.0284,0.028,0.0272,0
Wed Jun 11 2025 00:00:00 GMT+0100 (British Summer Time),0.0284,0.028,0.0272,0
Wed Jun 11 2025 01:00:00 GMT+0100 (British Summer Time),0.0284,0.028,0.0272,0
Wed Jun 11 2025 02:00:00 GMT+0100 (British Summer Time),0.0284,0.028,0.0272,0
Wed Jun 11 2025 03:00:00 GMT+0100 (British Summer Time),0.0284,0.028,0.0272,0
Wed Jun 11 2025 04:00:00 GMT+0100 (British Summer Time),0.0284,0.028,0.0272,0
Wed Jun 11 2025 05:00:00 GMT+0100 (British Summer Time),0.0284,0.028,0.0272,0
Wed Jun 11 2025 06:00:00 GMT+0100 (British Summer Time),0.0284,0.028,0.0272,6734.283634699476
Wed Jun 11 2025 07:00:00 GMT+0100 (British Summer Time),0.0284,0.028,0.0272,0
Wed Jun 11 2025 08:00:00 GMT+0100 (British Summer Time),0.0284,0.028,0.0272,0
Wed Jun 11 2025 09:00:00 GMT+0100 (British Summer Time),0.0284,0.028,0.0272,0
Wed Jun 11 2025 10:00:00 GMT+0100 (British Summer Time),0.0284,0.028,0.0272,11.328212162012456
Wed Jun 11 2025 11:00:00 GMT+0100 (British Summer Time),0.0284,0.028,0.0272,0
Wed Jun 11 2025 12:00:00 GMT+0100 (British Summer Time),0.0284,0.028,0.0272,0
Wed Jun 11 2025 13:00:00 GMT+0100 (British Summer Time),0.0284,0.028,0.0272,0
Wed Jun 11 2025 14:00:00 GMT+0100 (British Summer Time),0.0284,0.028,0.0272,0
Wed Jun 11 2025 15:00:00 GMT+0100 (British Summer Time),0.0284,0.028,0.0272,0
Wed Jun 11 2025 16:00:00 GMT+0100 (British Summer Time),0.0284,0.028,0.0272,0
Wed Jun 11 2025 17:00:00 GMT+0100 (British Summer Time),0.0284,0.028,0.0272,0
Wed Jun 11 2025 18:00:00 GMT+0100 (British Summer Time),0.0284,0.028,0.0272,0
Wed Jun 11 2025 19:00:00 GMT+0100 (British Summer Time),0.0284,0.028,0.0272,0
Wed Jun 11 2025 20:00:00 GMT+0100 (British Summer Time),0.0284,0.028,0.0272,0
Wed Jun 11 2025 21:00:00 GMT+0100 (British Summer Time),0.0284,0.028,0.0272,0
Wed Jun 11 2025 22:00:00 GMT+0100 (British Summer Time),0.0284,0.028,0.0272,0
Wed Jun 11 2025 23:00:00 GMT+0100 (British Summer Time),0.0284,0.028,0.0272,0
Thu Jun 12 2025 00:00:00 GMT+0100 (British Summer Time),0.0284,0.028,0.0272,0
Thu Jun 12 2025 01:00:00 GMT+0100 (British Summer Time),0.0284,0.028,0.0272,0
Thu Jun 12 2025 02:00:00 GMT+0100 (British Summer Time),0.0284,0.028,0.0272,126.20001365300416
Thu Jun 12 2025 03:00:00 GMT+0100 (British Summer Time),0.0284,0.028,0.0272,0
Thu Jun 12 2025 04:00:00 GMT+0100 (British Summer Time),0.0284,0.028,0.0272,0
Thu Jun 12 2025 05:00:00 GMT+0100 (British Summer Time),0.0284,0.028,0.0272,0
Thu Jun 12 2025 06:00:00 GMT+0100 (British Summer Time),0.0284,0.028,0.0272,3.737870629330245
Thu Jun 12 2025 07:00:00 GMT+0100 (British Summer Time),0.0284,0.028,0.0272,0
Thu Jun 12 2025 08:00:00 GMT+0100 (British Summer Time),0.0284,0.028,0.0272,0
Thu Jun 12 2025 09:00:00 GMT+0100 (British Summer Time),0.0284,0.028,0.0272,0
Thu Jun 12 2025 10:00:00 GMT+0100 (British Summer Time),0.0284,0.028,0.0272,0
Thu Jun 12 2025 11:00:00 GMT+0100 (British Summer Time),0.0284,0.028,0.0272,0
Thu Jun 12 2025 12:00:00 GMT+0100 (British Summer Time),0.0284,0.028,0.0272,8.592238128638977
Thu Jun 12 2025 13:00:00 GMT+0100 (British Summer Time),0.0287,0.0281,0.0272,0
Thu Jun 12 2025 14:00:00 GMT+0100 (British Summer Time),0.0287,0.0281,0.0272,0
Thu Jun 12 2025 15:00:00 GMT+0100 (British Summer Time),0.0287,0.0281,0.0272,0
Thu Jun 12 2025 16:00:00 GMT+0100 (British Summer Time),0.0287,0.0281,0.0272,0
Thu Jun 12 2025 17:00:00 GMT+0100 (British Summer Time),0.0287,0.0281,0.0272,0
Thu Jun 12 2025 18:00:00 GMT+0100 (British Summer Time),0.0287,0.0281,0.0272,0
Thu Jun 12 2025 19:00:00 GMT+0100 (British Summer Time),0.0287,0.0281,0.0272,0
Thu Jun 12 2025 20:00:00 GMT+0100 (British Summer Time),0.0287,0.0281,0.0272,0
Thu Jun 12 2025 21:00:00 GMT+0100 (British Summer Time),0.0287,0.0281,0.0272,0
Thu Jun 12 2025 22:00:00 GMT+0100 (British Summer Time),0.0287,0.0281,0.0272,0
Thu Jun 12 2025 23:00:00 GMT+0100 (British Summer Time),0.0287,0.0281,0.0272,0
Fri Jun 13 2025 00:00:00 GMT+0100 (British Summer Time),0.0287,0.0281,0.0272,0
Fri Jun 13 2025 01:00:00 GMT+0100 (British Summer Time),0.0287,0.0281,0.0272,0
Fri Jun 13 2025 02:00:00 GMT+0100 (British Summer Time),0.0287,0.0281,0.0272,0
Fri Jun 13 2025 03:00:00 GMT+0100 (British Summer Time),0.0287,0.0281,0.0272,0
Fri Jun 13 2025 04:00:00 GMT+0100 (British Summer Time),0.0287,0.0281,0.0272,0
Fri Jun 13 2025 05:00:00 GMT+0100 (British Summer Time),0.0287,0.0281,0.0272,149.2429046676731
Fri Jun 13 2025 06:00:00 GMT+0100 (British Summer Time),0.0287,0.0281,0.0272,0
Fri Jun 13 2025 07:00:00 GMT+0100 (British Summer Time),0.0287,0.0281,0.0272,0
Fri Jun 13 2025 08:00:00 GMT+0100 (British Summer Time),0.0287,0.0281,0.0272,296.02400415088465
Fri Jun 13 2025 09:00:00 GMT+0100 (British Summer Time),0.0287,0.0281,0.0272,0
Fri Jun 13 2025 10:00:00 GMT+0100 (British Summer Time),0.0287,0.0281,0.0272,7541.394984599854
Fri Jun 13 2025 11:00:00 GMT+0100 (British Summer Time),0.0287,0.0281,0.0272,264.56017131946925
Fri Jun 13 2025 12:00:00 GMT+0100 (British Summer Time),0.0287,0.0281,0.0272,0
Fri Jun 13 2025 13:00:00 GMT+0100 (British Summer Time),0.0294,0.0282,0.0272,0
Fri Jun 13 2025 14:00:00 GMT+0100 (British Summer Time),0.0294,0.0282,0.0272,0
Fri Jun 13 2025 15:00:00 GMT+0100 (British Summer Time),0.0294,0.0282,0.0272,0
Fri Jun 13 2025 16:00:00 GMT+0100 (British Summer Time),0.0294,0.0282,0.0272,2171.2753843448604
Fri Jun 13 2025 17:00:00 GMT+0100 (British Summer Time),0.0294,0.0282,0.0272,0
Fri Jun 13 2025 18:00:00 GMT+0100 (British Summer Time),0.0294,0.0282,0.0272,108.78061357271142
Fri Jun 13 2025 19:00:00 GMT+0100 (British Summer Time),0.0294,0.0282,0.0272,0
Fri Jun 13 2025 20:00:00 GMT+0100 (British Summer Time),0.0294,0.0282,0.0272,0
Fri Jun 13 2025 21:00:00 GMT+0100 (British Summer Time),0.0294,0.0282,0.0272,0
Fri Jun 13 2025 22:00:00 GMT+0100 (British Summer Time),0.0294,0.0282,0.0272,0
Fri Jun 13 2025 23:00:00 GMT+0100 (British Summer Time),0.0294,0.0282,0.0272,107.62506188784
Sat Jun 14 2025 00:00:00 GMT+0100 (British Summer Time),0.0294,0.0282,0.0272,2142.8683729438376
Sat Jun 14 2025 01:00:00 GMT+0100 (British Summer Time),0.0294,0.0282,0.0272,0
Sat Jun 14 2025 02:00:00 GMT+0100 (British Summer Time),0.0294,0.0282,0.0272,0
Sat Jun 14 2025 03:00:00 GMT+0100 (British Summer Time),0.0294,0.0282,0.0272,0
Sat Jun 14 2025 04:00:00 GMT+0100 (British Summer Time),0.0294,0.0282,0.0272,0
Sat Jun 14 2025 05:00:00 GMT+0100 (British Summer Time),0.0294,0.0282,0.0272,3891.662194219502
Sat Jun 14 2025 06:00:00 GMT+0100 (British Summer Time),0.0294,0.0282,0.0272,0
Sat Jun 14 2025 07:00:00 GMT+0100 (British Summer Time),0.0294,0.0282,0.0272,0
Sat Jun 14 2025 08:00:00 GMT+0100 (British Summer Time),0.0294,0.0282,0.0272,0
Sat Jun 14 2025 09:00:00 GMT+0100 (British Summer Time),0.0294,0.0282,0.0272,8.548684769608911
Sat Jun 14 2025 10:00:00 GMT+0100 (British Summer Time),0.0294,0.0282,0.0272,0
Sat Jun 14 2025 11:00:00 GMT+0100 (British Summer Time),0.0294,0.0282,0.0272,0
Sat Jun 14 2025 12:00:00 GMT+0100 (British Summer Time),0.0294,0.0282,0.0272,0
Sat Jun 14 2025 13:00:00 GMT+0100 (British Summer Time),0.0267,0.028,0.0272,6472.3005829435915
Sat Jun 14 2025 14:00:00 GMT+0100 (British Summer Time),0.0267,0.028,0.0272,0
Sat Jun 14 2025 15:00:00 GMT+0100 (British Summer Time),0.0267,0.028,0.0272,0
Sat Jun 14 2025 16:00:00 GMT+0100 (British Summer Time),0.0267,0.028,0.0272,0
Sat Jun 14 2025 17:00:00 GMT+0100 (British Summer Time),0.0267,0.028,0.0272,0
Sat Jun 14 2025 18:00:00 GMT+0100 (British Summer Time),0.0267,0.028,0.0272,0
Sat Jun 14 2025 19:00:00 GMT+0100 (British Summer Time),0.0267,0.028,0.0272,0
Sat Jun 14 2025 20:00:00 GMT+0100 (British Summer Time),0.0267,0.028,0.0272,0
Sat Jun 14 2025 21:00:00 GMT+0100 (British Summer Time),0.0267,0.028,0.0272,0
Sat Jun 14 2025 22:00:00 GMT+0100 (British Summer Time),0.0267,0.028,0.0272,0
Sat Jun 14 2025 23:00:00 GMT+0100 (British Summer Time),0.0267,0.028,0.0272,0
Sun Jun 15 2025 00:00:00 GMT+0100 (British Summer Time),0.0267,0.028,0.0272,2.4168579621766373
Sun Jun 15 2025 01:00:00 GMT+0100 (British Summer Time),0.0267,0.028,0.0272,0.7493465939461016
Sun Jun 15 2025 02:00:00 GMT+0100 (British Summer Time),0.0267,0.028,0.0272,35.45168151251019
Sun Jun 15 2025 03:00:00 GMT+0100 (British Summer Time),0.0267,0.028,0.0272,0
Sun Jun 15 2025 04:00:00 GMT+0100 (British Summer Time),0.0267,0.028,0.0272,0
Sun Jun 15 2025 05:00:00 GMT+0100 (British Summer Time),0.0267,0.028,0.0272,38.92843034871787
Sun Jun 15 2025 06:00:00 GMT+0100 (British Summer Time),0.0267,0.028,0.0272,0
Sun Jun 15 2025 07:00:00 GMT+0100 (British Summer Time),0.0267,0.028,0.0272,0
Sun Jun 15 2025 08:00:00 GMT+0100 (British Summer Time),0.0267,0.028,0.0272,0
Sun Jun 15 2025 09:00:00 GMT+0100 (British Summer Time),0.0267,0.028,0.0272,0
Sun Jun 15 2025 10:00:00 GMT+0100 (British Summer Time),0.0267,0.028,0.0272,0
Sun Jun 15 2025 11:00:00 GMT+0100 (British Summer Time),0.0267,0.028,0.0272,0
Sun Jun 15 2025 12:00:00 GMT+0100 (British Summer Time),0.0267,0.028,0.0272,0
Sun Jun 15 2025 13:00:00 GMT+0100 (British Summer Time),0.026,0.0278,0.0272,0
Sun Jun 15 2025 14:00:00 GMT+0100 (British Summer Time),0.026,0.0278,0.0272,0
Sun Jun 15 2025 15:00:00 GMT+0100 (British Summer Time),0.026,0.0278,0.0272,14245.15665713017
Sun Jun 15 2025 16:00:00 GMT+0100 (British Summer Time),0.026,0.0278,0.0271,0
Sun Jun 15 2025 17:00:00 GMT+0100 (British Summer Time),0.026,0.0278,0.0271,0
Sun Jun 15 2025 18:00:00 GMT+0100 (British Summer Time),0.026,0.0278,0.0271,43.132674465798246
Sun Jun 15 2025 19:00:00 GMT+0100 (British Summer Time),0.026,0.0278,0.0271,0
Sun Jun 15 2025 20:00:00 GMT+0100 (British Summer Time),0.026,0.0278,0.0271,0
Sun Jun 15 2025 21:00:00 GMT+0100 (British Summer Time),0.026,0.0278,0.0271,0
Sun Jun 15 2025 22:00:00 GMT+0100 (British Summer Time),0.026,0.0278,0.0271,0
Sun Jun 15 2025 23:00:00 GMT+0100 (British Summer Time),0.026,0.0278,0.0271,0
Mon Jun 16 2025 00:00:00 GMT+0100 (British Summer Time),0.026,0.0278,0.0271,0
Mon Jun 16 2025 01:00:00 GMT+0100 (British Summer Time),0.026,0.0278,0.0271,0
Mon Jun 16 2025 02:00:00 GMT+0100 (British Summer Time),0.026,0.0278,0.0271,0
Mon Jun 16 2025 03:00:00 GMT+0100 (British Summer Time),0.026,0.0278,0.0271,0
Mon Jun 16 2025 04:00:00 GMT+0100 (British Summer Time),0.026,0.0278,0.0271,0
Mon Jun 16 2025 05:00:00 GMT+0100 (British Summer Time),0.026,0.0278,0.0271,3106.6294089639127
Mon Jun 16 2025 06:00:00 GMT+0100 (British Summer Time),0.026,0.0278,0.0271,2526.921032705149
Mon Jun 16 2025 07:00:00 GMT+0100 (British Summer Time),0.026,0.0278,0.0271,0
Mon Jun 16 2025 08:00:00 GMT+0100 (British Summer Time),0.026,0.0278,0.0271,0
Mon Jun 16 2025 09:00:00 GMT+0100 (British Summer Time),0.026,0.0278,0.0271,18.470672045090275
Mon Jun 16 2025 10:00:00 GMT+0100 (British Summer Time),0.026,0.0278,0.0271,287.5491034078836
Mon Jun 16 2025 11:00:00 GMT+0100 (British Summer Time),0.026,0.0278,0.0271,0
Mon Jun 16 2025 12:00:00 GMT+0100 (British Summer Time),0.026,0.0278,0.0271,0
Mon Jun 16 2025 13:00:00 GMT+0100 (British Summer Time),0.0269,0.0278,0.0271,0
Mon Jun 16 2025 14:00:00 GMT+0100 (British Summer Time),0.0269,0.0278,0.0271,0
Mon Jun 16 2025 15:00:00 GMT+0100 (British Summer Time),0.0269,0.0278,0.0271,0
Mon Jun 16 2025 16:00:00 GMT+0100 (British Summer Time),0.0269,0.0278,0.0271,0
Mon Jun 16 2025 17:00:00 GMT+0100 (British Summer Time),0.0269,0.0278,0.0271,0
Mon Jun 16 2025 18:00:00 GMT+0100 (British Summer Time),0.0269,0.0278,0.0271,0
Mon Jun 16 2025 19:00:00 GMT+0100 (British Summer Time),0.0269,0.0278,0.0271,0
Mon Jun 16 2025 20:00:00 GMT+0100 (British Summer Time),0.0269,0.0278,0.0271,0
Mon Jun 16 2025 21:00:00 GMT+0100 (British Summer Time),0.0269,0.0278,0.0271,0
Mon Jun 16 2025 22:00:00 GMT+0100 (British Summer Time),0.0269,0.0278,0.0271,0
Mon Jun 16 2025 23:00:00 GMT+0100 (British Summer Time),0.0269,0.0278,0.0271,82.95270536877406
Tue Jun 17 2025 00:00:00 GMT+0100 (British Summer Time),0.0269,0.0278,0.0271,146.69636218589991
Tue Jun 17 2025 01:00:00 GMT+0100 (British Summer Time),0.0269,0.0278,0.0271,0
Tue Jun 17 2025 02:00:00 GMT+0100 (British Summer Time),0.0269,0.0278,0.0275,122577.05576490815
Tue Jun 17 2025 03:00:00 GMT+0100 (British Summer Time),0.0269,0.0278,0.0275,0
Tue Jun 17 2025 04:00:00 GMT+0100 (British Summer Time),0.0269,0.0278,0.0275,0.1614443563101778
Tue Jun 17 2025 05:00:00 GMT+0100 (British Summer Time),0.0269,0.0278,0.0275,0
Tue Jun 17 2025 06:00:00 GMT+0100 (British Summer Time),0.0269,0.0278,0.0275,0.4730164393207272
Tue Jun 17 2025 07:00:00 GMT+0100 (British Summer Time),0.0269,0.0278,0.0275,0
Tue Jun 17 2025 08:00:00 GMT+0100 (British Summer Time),0.0269,0.0278,0.0275,0
Tue Jun 17 2025 09:00:00 GMT+0100 (British Summer Time),0.0269,0.0278,0.0275,0
Tue Jun 17 2025 10:00:00 GMT+0100 (British Summer Time),0.0269,0.0278,0.0275,0
Tue Jun 17 2025 11:00:00 GMT+0100 (British Summer Time),0.0269,0.0278,0.0275,0
Tue Jun 17 2025 12:00:00 GMT+0100 (British Summer Time),0.0269,0.0278,0.0275,0
Tue Jun 17 2025 13:00:00 GMT+0100 (British Summer Time),0.0279,0.0277,0.0275,0
Tue Jun 17 2025 14:00:00 GMT+0100 (British Summer Time),0.0279,0.0277,0.0275,0
Tue Jun 17 2025 15:00:00 GMT+0100 (British Summer Time),0.0279,0.0277,0.0275,0
Tue Jun 17 2025 16:00:00 GMT+0100 (British Summer Time),0.0279,0.0277,0.0275,0
Tue Jun 17 2025 17:00:00 GMT+0100 (British Summer Time),0.0279,0.0277,0.0275,0
Tue Jun 17 2025 18:00:00 GMT+0100 (British Summer Time),0.0279,0.0277,0.0275,0
Tue Jun 17 2025 19:00:00 GMT+0100 (British Summer Time),0.0279,0.0277,0.0275,337.8715863166718
Tue Jun 17 2025 20:00:00 GMT+0100 (British Summer Time),0.0279,0.0277,0.0275,0
Tue Jun 17 2025 21:00:00 GMT+0100 (British Summer Time),0.0279,0.0277,0.0275,0
Tue Jun 17 2025 22:00:00 GMT+0100 (British Summer Time),0.0279,0.0277,0.0275,0
Tue Jun 17 2025 23:00:00 GMT+0100 (British Summer Time),0.0279,0.0277,0.0275,68.1321696998001
Wed Jun 18 2025 00:00:00 GMT+0100 (British Summer Time),0.0279,0.0277,0.0275,0
Wed Jun 18 2025 01:00:00 GMT+0100 (British Summer Time),0.0279,0.0277,0.0275,0
Wed Jun 18 2025 02:00:00 GMT+0100 (British Summer Time),0.0279,0.0277,0.0275,0
Wed Jun 18 2025 03:00:00 GMT+0100 (British Summer Time),0.0279,0.0277,0.0275,0
Wed Jun 18 2025 04:00:00 GMT+0100 (British Summer Time),0.0279,0.0277,0.0275,4.131945531787596
Wed Jun 18 2025 05:00:00 GMT+0100 (British Summer Time),0.0279,0.0277,0.0275,0
Wed Jun 18 2025 06:00:00 GMT+0100 (British Summer Time),0.0279,0.0277,0.0275,0
Wed Jun 18 2025 07:00:00 GMT+0100 (British Summer Time),0.0279,0.0277,0.0275,29.05457388794537
Wed Jun 18 2025 08:00:00 GMT+0100 (British Summer Time),0.0279,0.0277,0.0275,0
Wed Jun 18 2025 09:00:00 GMT+0100 (British Summer Time),0.0279,0.0277,0.0275,0
Wed Jun 18 2025 10:00:00 GMT+0100 (British Summer Time),0.0279,0.0277,0.0275,497.2143694379583
Wed Jun 18 2025 11:00:00 GMT+0100 (British Summer Time),0.0279,0.0277,0.0275,2638.11047841873
Wed Jun 18 2025 12:00:00 GMT+0100 (British Summer Time),0.0279,0.0277,0.0275,0
Wed Jun 18 2025 13:00:00 GMT+0100 (British Summer Time),0.027,0.0275,0.0275,10171.971424778441
Wed Jun 18 2025 14:00:00 GMT+0100 (British Summer Time),0.027,0.0275,0.0275,0
Wed Jun 18 2025 15:00:00 GMT+0100 (British Summer Time),0.027,0.0275,0.0275,341.21380738959226
Wed Jun 18 2025 16:00:00 GMT+0100 (British Summer Time),0.027,0.0275,0.0275,0
Wed Jun 18 2025 17:00:00 GMT+0100 (British Summer Time),0.027,0.0275,0.0275,57.727565664808736
Wed Jun 18 2025 18:00:00 GMT+0100 (British Summer Time),0.027,0.0275,0.0275,0
Wed Jun 18 2025 19:00:00 GMT+0100 (British Summer Time),0.027,0.0275,0.0275,0
Wed Jun 18 2025 20:00:00 GMT+0100 (British Summer Time),0.027,0.0275,0.0275,0
Wed Jun 18 2025 21:00:00 GMT+0100 (British Summer Time),0.027,0.0275,0.0275,0
Wed Jun 18 2025 22:00:00 GMT+0100 (British Summer Time),0.027,0.0275,0.0275,0
Wed Jun 18 2025 23:00:00 GMT+0100 (British Summer Time),0.027,0.0275,0.0275,64.20619092728896
Thu Jun 19 2025 00:00:00 GMT+0100 (British Summer Time),0.027,0.0275,0.0275,0
Thu Jun 19 2025 01:00:00 GMT+0100 (British Summer Time),0.027,0.0275,0.0275,0
Thu Jun 19 2025 02:00:00 GMT+0100 (British Summer Time),0.027,0.0275,0.0275,0
Thu Jun 19 2025 03:00:00 GMT+0100 (British Summer Time),0.027,0.0275,0.0275,0
Thu Jun 19 2025 04:00:00 GMT+0100 (British Summer Time),0.027,0.0275,0.0275,0
Thu Jun 19 2025 05:00:00 GMT+0100 (British Summer Time),0.027,0.0275,0.0275,0
Thu Jun 19 2025 06:00:00 GMT+0100 (British Summer Time),0.027,0.0275,0.0275,0
Thu Jun 19 2025 07:00:00 GMT+0100 (British Summer Time),0.027,0.0275,0.0275,0
Thu Jun 19 2025 08:00:00 GMT+0100 (British Summer Time),0.027,0.0275,0.0275,0
Thu Jun 19 2025 09:00:00 GMT+0100 (British Summer Time),0.027,0.0275,0.0275,0
Thu Jun 19 2025 10:00:00 GMT+0100 (British Summer Time),0.027,0.0275,0.0275,0
Thu Jun 19 2025 11:00:00 GMT+0100 (British Summer Time),0.027,0.0275,0.0275,2684.1003355194434
Thu Jun 19 2025 12:00:00 GMT+0100 (British Summer Time),0.027,0.0275,0.0275,20497.312242490047
Thu Jun 19 2025 13:00:00 GMT+0100 (British Summer Time),0.0278,0.0274,0.0275,0
Thu Jun 19 2025 14:00:00 GMT+0100 (British Summer Time),0.0278,0.0274,0.0274,310.21450096450894
Thu Jun 19 2025 15:00:00 GMT+0100 (British Summer Time),0.0278,0.0274,0.0274,0
Thu Jun 19 2025 16:00:00 GMT+0100 (British Summer Time),0.0278,0.0274,0.0274,0
Thu Jun 19 2025 17:00:00 GMT+0100 (British Summer Time),0.0278,0.0274,0.0274,0
Thu Jun 19 2025 18:00:00 GMT+0100 (British Summer Time),0.0278,0.0274,0.0274,0
Thu Jun 19 2025 19:00:00 GMT+0100 (British Summer Time),0.0278,0.0274,0.0274,0
Thu Jun 19 2025 20:00:00 GMT+0100 (British Summer Time),0.0278,0.0274,0.0274,0
Thu Jun 19 2025 21:00:00 GMT+0100 (British Summer Time),0.0278,0.0274,0.0274,61.12247722272706
Thu Jun 19 2025 22:00:00 GMT+0100 (British Summer Time),0.0278,0.0274,0.0274,0
Thu Jun 19 2025 23:00:00 GMT+0100 (British Summer Time),0.0278,0.0274,0.0274,0
Fri Jun 20 2025 00:00:00 GMT+0100 (British Summer Time),0.0278,0.0274,0.0274,0
Fri Jun 20 2025 01:00:00 GMT+0100 (British Summer Time),0.0278,0.0274,0.0274,0
Fri Jun 20 2025 02:00:00 GMT+0100 (British Summer Time),0.0278,0.0274,0.0274,0
Fri Jun 20 2025 03:00:00 GMT+0100 (British Summer Time),0.0278,0.0274,0.0274,0
Fri Jun 20 2025 04:00:00 GMT+0100 (British Summer Time),0.0278,0.0274,0.0274,485.63187834759094
Fri Jun 20 2025 05:00:00 GMT+0100 (British Summer Time),0.0278,0.0274,0.0274,0
Fri Jun 20 2025 06:00:00 GMT+0100 (British Summer Time),0.0278,0.0274,0.0274,0
Fri Jun 20 2025 07:00:00 GMT+0100 (British Summer Time),0.0278,0.0274,0.0274,0
Fri Jun 20 2025 08:00:00 GMT+0100 (British Summer Time),0.0278,0.0274,0.0274,0
Fri Jun 20 2025 09:00:00 GMT+0100 (British Summer Time),0.0278,0.0274,0.0274,0
Fri Jun 20 2025 10:00:00 GMT+0100 (British Summer Time),0.0278,0.0274,0.0274,0
Fri Jun 20 2025 11:00:00 GMT+0100 (British Summer Time),0.0278,0.0274,0.0274,0
Fri Jun 20 2025 12:00:00 GMT+0100 (British Summer Time),0.0278,0.0274,0.0274,0
Fri Jun 20 2025 13:00:00 GMT+0100 (British Summer Time),0.0271,0.0271,0.0274,41.105053200012236
Fri Jun 20 2025 14:00:00 GMT+0100 (British Summer Time),0.0271,0.0271,0.0274,0
Fri Jun 20 2025 15:00:00 GMT+0100 (British Summer Time),0.0271,0.0271,0.0274,69.21763510055818
Fri Jun 20 2025 16:00:00 GMT+0100 (British Summer Time),0.0271,0.0271,0.0274,0
Fri Jun 20 2025 17:00:00 GMT+0100 (British Summer Time),0.0271,0.0271,0.0274,0
Fri Jun 20 2025 18:00:00 GMT+0100 (British Summer Time),0.0271,0.0271,0.0274,0
Fri Jun 20 2025 19:00:00 GMT+0100 (British Summer Time),0.0271,0.0271,0.0274,0
Fri Jun 20 2025 20:00:00 GMT+0100 (British Summer Time),0.0271,0.0271,0.0274,0
Fri Jun 20 2025 21:00:00 GMT+0100 (British Summer Time),0.0271,0.0271,0.0274,0
Fri Jun 20 2025 22:00:00 GMT+0100 (British Summer Time),0.0271,0.0271,0.0274,0
Fri Jun 20 2025 23:00:00 GMT+0100 (British Summer Time),0.0271,0.0271,0.0274,14.439034970448223
Sat Jun 21 2025 00:00:00 GMT+0100 (British Summer Time),0.0271,0.0271,0.0274,0
Sat Jun 21 2025 01:00:00 GMT+0100 (British Summer Time),0.0271,0.0271,0.0274,33.59605696697952
Sat Jun 21 2025 02:00:00 GMT+0100 (British Summer Time),0.0271,0.0271,0.0274,0
Sat Jun 21 2025 03:00:00 GMT+0100 (British Summer Time),0.0271,0.0271,0.0274,0
Sat Jun 21 2025 04:00:00 GMT+0100 (British Summer Time),0.0271,0.0271,0.0274,0
Sat Jun 21 2025 05:00:00 GMT+0100 (British Summer Time),0.0271,0.0271,0.0274,0.5845437669839404
Sat Jun 21 2025 06:00:00 GMT+0100 (British Summer Time),0.0271,0.0271,0.0274,0
Sat Jun 21 2025 07:00:00 GMT+0100 (British Summer Time),0.0271,0.0271,0.0274,0
Sat Jun 21 2025 08:00:00 GMT+0100 (British Summer Time),0.0271,0.0271,0.0274,0
Sat Jun 21 2025 09:00:00 GMT+0100 (British Summer Time),0.0271,0.0271,0.0274,0
Sat Jun 21 2025 10:00:00 GMT+0100 (British Summer Time),0.0271,0.0271,0.0274,0
Sat Jun 21 2025 11:00:00 GMT+0100 (British Summer Time),0.0271,0.0271,0.0274,0
Sat Jun 21 2025 12:00:00 GMT+0100 (British Summer Time),0.0271,0.0271,0.0274,0
Sat Jun 21 2025 13:00:00 GMT+0100 (British Summer Time),0.0273,0.0271,0.0274,0
Sat Jun 21 2025 14:00:00 GMT+0100 (British Summer Time),0.0273,0.0271,0.0274,32.86740527625904
Sat Jun 21 2025 15:00:00 GMT+0100 (British Summer Time),0.0273,0.0271,0.0274,0
Sat Jun 21 2025 16:00:00 GMT+0100 (British Summer Time),0.0273,0.0271,0.0274,0
Sat Jun 21 2025 17:00:00 GMT+0100 (British Summer Time),0.0273,0.0271,0.0274,0
Sat Jun 21 2025 18:00:00 GMT+0100 (British Summer Time),0.0273,0.0271,0.0275,1844.3947015918432
Sat Jun 21 2025 19:00:00 GMT+0100 (British Summer Time),0.0273,0.0271,0.0275,0
Sat Jun 21 2025 20:00:00 GMT+0100 (British Summer Time),0.0273,0.0271,0.0275,0
Sat Jun 21 2025 21:00:00 GMT+0100 (British Summer Time),0.0273,0.0271,0.0275,0
Sat Jun 21 2025 22:00:00 GMT+0100 (British Summer Time),0.0273,0.0271,0.0275,163.42277134849627
Sat Jun 21 2025 23:00:00 GMT+0100 (British Summer Time),0.0273,0.0271,0.0275,2157.7008173618715
Sun Jun 22 2025 00:00:00 GMT+0100 (British Summer Time),0.0273,0.0271,0.0275,0
Sun Jun 22 2025 01:00:00 GMT+0100 (British Summer Time),0.0273,0.0271,0.0275,0
Sun Jun 22 2025 02:00:00 GMT+0100 (British Summer Time),0.0273,0.0271,0.0275,0
Sun Jun 22 2025 03:00:00 GMT+0100 (British Summer Time),0.0273,0.0271,0.0275,0
Sun Jun 22 2025 04:00:00 GMT+0100 (British Summer Time),0.0273,0.0271,0.0275,34.62143678985205
Sun Jun 22 2025 05:00:00 GMT+0100 (British Summer Time),0.0273,0.0271,0.0275,0
Sun Jun 22 2025 06:00:00 GMT+0100 (British Summer Time),0.0273,0.0271,0.0275,0
Sun Jun 22 2025 07:00:00 GMT+0100 (British Summer Time),0.0273,0.0271,0.0275,1321.588628339475
Sun Jun 22 2025 08:00:00 GMT+0100 (British Summer Time),0.0273,0.0271,0.0275,0
Sun Jun 22 2025 09:00:00 GMT+0100 (British Summer Time),0.0273,0.0271,0.0275,0
Sun Jun 22 2025 10:00:00 GMT+0100 (British Summer Time),0.0273,0.0271,0.0275,0
Sun Jun 22 2025 11:00:00 GMT+0100 (British Summer Time),0.0273,0.0271,0.0275,0
Sun Jun 22 2025 12:00:00 GMT+0100 (British Summer Time),0.0273,0.0271,0.0275,0
Sun Jun 22 2025 13:00:00 GMT+0100 (British Summer Time),0.0301,0.0277,0.0275,0
Sun Jun 22 2025 14:00:00 GMT+0100 (British Summer Time),0.0301,0.0277,0.0275,0
Sun Jun 22 2025 15:00:00 GMT+0100 (British Summer Time),0.0301,0.0277,0.0275,0
Sun Jun 22 2025 16:00:00 GMT+0100 (British Summer Time),0.0301,0.0277,0.0275,0
Sun Jun 22 2025 17:00:00 GMT+0100 (British Summer Time),0.0301,0.0277,0.0275,0
Sun Jun 22 2025 18:00:00 GMT+0100 (British Summer Time),0.0301,0.0277,0.0275,10.004009243193773
Sun Jun 22 2025 19:00:00 GMT+0100 (British Summer Time),0.0301,0.0277,0.0275,1799.4115789886257
Sun Jun 22 2025 20:00:00 GMT+0100 (British Summer Time),0.0301,0.0277,0.0275,0
Sun Jun 22 2025 21:00:00 GMT+0100 (British Summer Time),0.0301,0.0277,0.0275,0
Sun Jun 22 2025 22:00:00 GMT+0100 (British Summer Time),0.0301,0.0277,0.0275,0
Sun Jun 22 2025 23:00:00 GMT+0100 (British Summer Time),0.0301,0.0277,0.0275,0
Mon Jun 23 2025 00:00:00 GMT+0100 (British Summer Time),0.0301,0.0277,0.0275,0
Mon Jun 23 2025 01:00:00 GMT+0100 (British Summer Time),0.0301,0.0277,0.0273,49353.1317642389
Mon Jun 23 2025 02:00:00 GMT+0100 (British Summer Time),0.0301,0.0277,0.0273,50.24014382124125
Mon Jun 23 2025 03:00:00 GMT+0100 (British Summer Time),0.0301,0.0277,0.0273,0
Mon Jun 23 2025 04:00:00 GMT+0100 (British Summer Time),0.0301,0.0277,0.0273,0
Mon Jun 23 2025 05:00:00 GMT+0100 (British Summer Time),0.0301,0.0277,0.0273,18.202997988147267
Mon Jun 23 2025 06:00:00 GMT+0100 (British Summer Time),0.0301,0.0277,0.0273,0
Mon Jun 23 2025 07:00:00 GMT+0100 (British Summer Time),0.0301,0.0277,0.0273,0
Mon Jun 23 2025 08:00:00 GMT+0100 (British Summer Time),0.0301,0.0277,0.0273,0
Mon Jun 23 2025 09:00:00 GMT+0100 (British Summer Time),0.0301,0.0277,0.0273,0
Mon Jun 23 2025 10:00:00 GMT+0100 (British Summer Time),0.0301,0.0277,0.0273,2382.6487745487907
Mon Jun 23 2025 11:00:00 GMT+0100 (British Summer Time),0.0301,0.0277,0.0273,0
Mon Jun 23 2025 12:00:00 GMT+0100 (British Summer Time),0.0301,0.0277,0.0273,0
Mon Jun 23 2025 13:00:00 GMT+0100 (British Summer Time),0.0303,0.0282,0.0273,0
Mon Jun 23 2025 14:00:00 GMT+0100 (British Summer Time),0.0303,0.0282,0.0273,8289.509137113986
Mon Jun 23 2025 15:00:00 GMT+0100 (British Summer Time),0.0303,0.0282,0.0273,0
Mon Jun 23 2025 16:00:00 GMT+0100 (British Summer Time),0.0303,0.0282,0.0272,21007.330212822435
Mon Jun 23 2025 17:00:00 GMT+0100 (British Summer Time),0.0303,0.0282,0.0272,0
Mon Jun 23 2025 18:00:00 GMT+0100 (British Summer Time),0.0303,0.0282,0.0272,0
Mon Jun 23 2025 19:00:00 GMT+0100 (British Summer Time),0.0303,0.0282,0.0272,0
Mon Jun 23 2025 20:00:00 GMT+0100 (British Summer Time),0.0303,0.0282,0.0272,0
Mon Jun 23 2025 21:00:00 GMT+0100 (British Summer Time),0.0303,0.0282,0.0272,0