time,underlyingApy1DMA,underlyingApy7DMA,impliedApy,volume
Sun Oct 27 2024 01:00:00 GMT+0100 (British Summer Time),0.0617,0.0467,0.0414,19725.415882405665
Sun Oct 27 2024 01:00:00 GMT+0000 (Greenwich Mean Time),0.0616,0.0467,0.0414,1.597266258017277
Sun Oct 27 2024 02:00:00 GMT+0000 (Greenwich Mean Time),0.0616,0.0467,0.0414,1213.7640062936177
Sun Oct 27 2024 03:00:00 GMT+0000 (Greenwich Mean Time),0.0617,0.0468,0.0426,123497.34526803487
Sun Oct 27 2024 04:00:00 GMT+0000 (Greenwich Mean Time),0.0617,0.0467,0.0426,0
Sun Oct 27 2024 05:00:00 GMT+0000 (Greenwich Mean Time),0.0616,0.0467,0.0426,0
Sun Oct 27 2024 06:00:00 GMT+0000 (Greenwich Mean Time),0.0616,0.0467,0.0426,0
Sun Oct 27 2024 07:00:00 GMT+0000 (Greenwich Mean Time),0.0616,0.0467,0.0426,0
Sun Oct 27 2024 08:00:00 GMT+0000 (Greenwich Mean Time),0.0617,0.0468,0.0426,0
Sun Oct 27 2024 09:00:00 GMT+0000 (Greenwich Mean Time),0.0617,0.0467,0.0426,0
Sun Oct 27 2024 10:00:00 GMT+0000 (Greenwich Mean Time),0.0616,0.0467,0.0426,0
Sun Oct 27 2024 11:00:00 GMT+0000 (Greenwich Mean Time),0.0616,0.0467,0.0426,4157.432708735029
Sun Oct 27 2024 12:00:00 GMT+0000 (Greenwich Mean Time),0.0617,0.0468,0.0426,0
Sun Oct 27 2024 13:00:00 GMT+0000 (Greenwich Mean Time),0.0617,0.0467,0.0426,2742.1542616217475
Sun Oct 27 2024 14:00:00 GMT+0000 (Greenwich Mean Time),0,0.0467,0.0426,0
Sun Oct 27 2024 15:00:00 GMT+0000 (Greenwich Mean Time),0,0.0467,0.0426,0
Sun Oct 27 2024 16:00:00 GMT+0000 (Greenwich Mean Time),0,0.0467,0.0426,0
Sun Oct 27 2024 17:00:00 GMT+0000 (Greenwich Mean Time),0,0.0468,0.0426,1283.8046442937302
Sun Oct 27 2024 18:00:00 GMT+0000 (Greenwich Mean Time),0,0.0467,0.0426,0
Sun Oct 27 2024 19:00:00 GMT+0000 (Greenwich Mean Time),0,0.0467,0.0426,0
Sun Oct 27 2024 20:00:00 GMT+0000 (Greenwich Mean Time),0,0.0467,0.0426,0
Sun Oct 27 2024 21:00:00 GMT+0000 (Greenwich Mean Time),0,0.0468,0.0426,0
Sun Oct 27 2024 22:00:00 GMT+0000 (Greenwich Mean Time),0,0.0467,0.0426,0
Sun Oct 27 2024 23:00:00 GMT+0000 (Greenwich Mean Time),0,0.0467,0.0426,0
Mon Oct 28 2024 00:00:00 GMT+0000 (Greenwich Mean Time),0,0.0467,0.0426,0
Mon Oct 28 2024 01:00:00 GMT+0000 (Greenwich Mean Time),0,0.0467,0.0426,546.4398942997211
Mon Oct 28 2024 02:00:00 GMT+0000 (Greenwich Mean Time),0,0.0468,0.0426,0
Mon Oct 28 2024 03:00:00 GMT+0000 (Greenwich Mean Time),0,0.0468,0.0423,201541.79473534206
Mon Oct 28 2024 04:00:00 GMT+0000 (Greenwich Mean Time),0,0.0467,0.0423,550.9703898064238
Mon Oct 28 2024 05:00:00 GMT+0000 (Greenwich Mean Time),0,0.0467,0.0423,0
Mon Oct 28 2024 06:00:00 GMT+0000 (Greenwich Mean Time),0,0.0468,0.0423,0
Mon Oct 28 2024 07:00:00 GMT+0000 (Greenwich Mean Time),0,0.0468,0.042,25919.014692375593
Mon Oct 28 2024 08:00:00 GMT+0000 (Greenwich Mean Time),0,0.0468,0.042,0
Mon Oct 28 2024 09:00:00 GMT+0000 (Greenwich Mean Time),0,0.0467,0.042,0
Mon Oct 28 2024 10:00:00 GMT+0000 (Greenwich Mean Time),0,0.0467,0.042,0
Mon Oct 28 2024 11:00:00 GMT+0000 (Greenwich Mean Time),0,0.0468,0.042,0
Mon Oct 28 2024 12:00:00 GMT+0000 (Greenwich Mean Time),0,0.0468,0.042,0
Mon Oct 28 2024 13:00:00 GMT+0000 (Greenwich Mean Time),0,0.0467,0.042,0
Mon Oct 28 2024 14:00:00 GMT+0000 (Greenwich Mean Time),0,0.0467,0.042,0
Mon Oct 28 2024 15:00:00 GMT+0000 (Greenwich Mean Time),0,0.0468,0.042,0
Mon Oct 28 2024 16:00:00 GMT+0000 (Greenwich Mean Time),0,0.0468,0.042,0
Mon Oct 28 2024 17:00:00 GMT+0000 (Greenwich Mean Time),0,0.0468,0.042,0
Mon Oct 28 2024 18:00:00 GMT+0000 (Greenwich Mean Time),0,0.0467,0.042,0
Mon Oct 28 2024 19:00:00 GMT+0000 (Greenwich Mean Time),0,0.0467,0.042,0
Mon Oct 28 2024 20:00:00 GMT+0000 (Greenwich Mean Time),0,0.0468,0.042,0
Mon Oct 28 2024 21:00:00 GMT+0000 (Greenwich Mean Time),0,0.0468,0.042,0
Mon Oct 28 2024 22:00:00 GMT+0000 (Greenwich Mean Time),0,0.0467,0.042,0
Mon Oct 28 2024 23:00:00 GMT+0000 (Greenwich Mean Time),0,0.0467,0.042,1267.5081554796982
Tue Oct 29 2024 00:00:00 GMT+0000 (Greenwich Mean Time),0,0.0468,0.0436,183892.96162809638
Tue Oct 29 2024 01:00:00 GMT+0000 (Greenwich Mean Time),0,0.0462,0.0436,0
Tue Oct 29 2024 02:00:00 GMT+0000 (Greenwich Mean Time),0,0.0462,0.0436,0
Tue Oct 29 2024 03:00:00 GMT+0000 (Greenwich Mean Time),0,0.0462,0.0436,0
Tue Oct 29 2024 04:00:00 GMT+0000 (Greenwich Mean Time),0,0.0462,0.0436,0
Tue Oct 29 2024 05:00:00 GMT+0000 (Greenwich Mean Time),0,0.0463,0.0436,0
Tue Oct 29 2024 06:00:00 GMT+0000 (Greenwich Mean Time),0.0361,0.0425,0.0436,0
Tue Oct 29 2024 07:00:00 GMT+0000 (Greenwich Mean Time),0.0361,0.0425,0.0436,0
Tue Oct 29 2024 08:00:00 GMT+0000 (Greenwich Mean Time),0.0361,0.0425,0.0436,0
Tue Oct 29 2024 09:00:00 GMT+0000 (Greenwich Mean Time),0.0362,0.0425,0.0436,0
Tue Oct 29 2024 10:00:00 GMT+0000 (Greenwich Mean Time),0.0362,0.0425,0.0436,0
Tue Oct 29 2024 11:00:00 GMT+0000 (Greenwich Mean Time),0.0361,0.0425,0.0436,0
Tue Oct 29 2024 12:00:00 GMT+0000 (Greenwich Mean Time),0.0361,0.0425,0.0436,0
Tue Oct 29 2024 13:00:00 GMT+0000 (Greenwich Mean Time),0.0361,0.0425,0.0436,0
Tue Oct 29 2024 14:00:00 GMT+0000 (Greenwich Mean Time),0.0362,0.0425,0.0436,0
Tue Oct 29 2024 15:00:00 GMT+0000 (Greenwich Mean Time),0.0361,0.0425,0.0436,0
Tue Oct 29 2024 16:00:00 GMT+0000 (Greenwich Mean Time),0.0361,0.0425,0.0436,0
Tue Oct 29 2024 17:00:00 GMT+0000 (Greenwich Mean Time),0.0361,0.0425,0.0436,0
Tue Oct 29 2024 18:00:00 GMT+0000 (Greenwich Mean Time),0.0362,0.0425,0.0436,0
Tue Oct 29 2024 19:00:00 GMT+0000 (Greenwich Mean Time),0.0362,0.0425,0.0436,0
Tue Oct 29 2024 20:00:00 GMT+0000 (Greenwich Mean Time),0.0361,0.0425,0.0436,0
Tue Oct 29 2024 21:00:00 GMT+0000 (Greenwich Mean Time),0.0361,0.0425,0.0436,0
Tue Oct 29 2024 22:00:00 GMT+0000 (Greenwich Mean Time),0.0361,0.0425,0.0436,0
Tue Oct 29 2024 23:00:00 GMT+0000 (Greenwich Mean Time),0.0362,0.0425,0.0436,0
Wed Oct 30 2024 00:00:00 GMT+0000 (Greenwich Mean Time),0.0361,0.0425,0.0436,0
Wed Oct 30 2024 01:00:00 GMT+0000 (Greenwich Mean Time),0.0361,0.0425,0.0436,0
Wed Oct 30 2024 02:00:00 GMT+0000 (Greenwich Mean Time),0.0361,0.0425,0.0436,0
Wed Oct 30 2024 03:00:00 GMT+0000 (Greenwich Mean Time),0.0362,0.0425,0.0436,0
Wed Oct 30 2024 04:00:00 GMT+0000 (Greenwich Mean Time),0.0362,0.0425,0.0436,0
Wed Oct 30 2024 05:00:00 GMT+0000 (Greenwich Mean Time),0.0361,0.0425,0.0436,0
Wed Oct 30 2024 06:00:00 GMT+0000 (Greenwich Mean Time),0,0.0425,0.0436,0
Wed Oct 30 2024 07:00:00 GMT+0000 (Greenwich Mean Time),0,0.0425,0.0436,0
Wed Oct 30 2024 08:00:00 GMT+0000 (Greenwich Mean Time),0,0.0425,0.0436,0
Wed Oct 30 2024 09:00:00 GMT+0000 (Greenwich Mean Time),0,0.0425,0.0436,0
Wed Oct 30 2024 10:00:00 GMT+0000 (Greenwich Mean Time),0,0.0425,0.0436,13.32479316003668
Wed Oct 30 2024 11:00:00 GMT+0000 (Greenwich Mean Time),0,0.0425,0.0436,0
Wed Oct 30 2024 12:00:00 GMT+0000 (Greenwich Mean Time),0,0.0425,0.0436,0
Wed Oct 30 2024 13:00:00 GMT+0000 (Greenwich Mean Time),0,0.0425,0.0436,0
Wed Oct 30 2024 14:00:00 GMT+0000 (Greenwich Mean Time),0,0.0425,0.0436,0
Wed Oct 30 2024 15:00:00 GMT+0000 (Greenwich Mean Time),0,0.0425,0.0436,0
Wed Oct 30 2024 16:00:00 GMT+0000 (Greenwich Mean Time),0,0.0425,0.0436,0
Wed Oct 30 2024 17:00:00 GMT+0000 (Greenwich Mean Time),0,0.0425,0.0436,0
Wed Oct 30 2024 18:00:00 GMT+0000 (Greenwich Mean Time),0,0.0425,0.0436,0
Wed Oct 30 2024 19:00:00 GMT+0000 (Greenwich Mean Time),0,0.0425,0.0436,0
Wed Oct 30 2024 20:00:00 GMT+0000 (Greenwich Mean Time),0,0.0425,0.0436,0
Wed Oct 30 2024 21:00:00 GMT+0000 (Greenwich Mean Time),0,0.0425,0.0436,0
Wed Oct 30 2024 22:00:00 GMT+0000 (Greenwich Mean Time),0,0.0425,0.0436,0
Wed Oct 30 2024 23:00:00 GMT+0000 (Greenwich Mean Time),0,0.0425,0.0436,1143.3119033609826
Thu Oct 31 2024 00:00:00 GMT+0000 (Greenwich Mean Time),0,0.0425,0.0436,0
Thu Oct 31 2024 01:00:00 GMT+0000 (Greenwich Mean Time),0,0.0425,0.0436,0
Thu Oct 31 2024 02:00:00 GMT+0000 (Greenwich Mean Time),0,0.0425,0.0436,0
Thu Oct 31 2024 03:00:00 GMT+0000 (Greenwich Mean Time),0,0.0425,0.0436,0
Thu Oct 31 2024 04:00:00 GMT+0000 (Greenwich Mean Time),0.0452,0.0431,0.0436,0
Thu Oct 31 2024 05:00:00 GMT+0000 (Greenwich Mean Time),0.0452,0.0431,0.0447,127493.09532754036
Thu Oct 31 2024 06:00:00 GMT+0000 (Greenwich Mean Time),0.0452,0.0431,0.0447,0
Thu Oct 31 2024 07:00:00 GMT+0000 (Greenwich Mean Time),0.0452,0.0431,0.0447,0
Thu Oct 31 2024 08:00:00 GMT+0000 (Greenwich Mean Time),0.0452,0.0431,0.0447,0
Thu Oct 31 2024 09:00:00 GMT+0000 (Greenwich Mean Time),0.0452,0.047,0.0447,0
Thu Oct 31 2024 10:00:00 GMT+0000 (Greenwich Mean Time),0.0452,0.047,0.0447,0
Thu Oct 31 2024 11:00:00 GMT+0000 (Greenwich Mean Time),0.0452,0.047,0.0447,0
Thu Oct 31 2024 12:00:00 GMT+0000 (Greenwich Mean Time),0.0452,0.047,0.0447,0
Thu Oct 31 2024 13:00:00 GMT+0000 (Greenwich Mean Time),0.0452,0.047,0.0447,0
Thu Oct 31 2024 14:00:00 GMT+0000 (Greenwich Mean Time),0.0452,0.047,0.0447,0
Thu Oct 31 2024 15:00:00 GMT+0000 (Greenwich Mean Time),0.0452,0.047,0.0441,71309.30554458786
Thu Oct 31 2024 16:00:00 GMT+0000 (Greenwich Mean Time),0.0452,0.047,0.0441,0
Thu Oct 31 2024 17:00:00 GMT+0000 (Greenwich Mean Time),0.0452,0.047,0.0441,0
Thu Oct 31 2024 18:00:00 GMT+0000 (Greenwich Mean Time),0.0452,0.047,0.0441,0
Thu Oct 31 2024 19:00:00 GMT+0000 (Greenwich Mean Time),0.0452,0.047,0.0441,0
Thu Oct 31 2024 20:00:00 GMT+0000 (Greenwich Mean Time),0.0452,0.047,0.0441,0
Thu Oct 31 2024 21:00:00 GMT+0000 (Greenwich Mean Time),0.0452,0.047,0.0441,0
Thu Oct 31 2024 22:00:00 GMT+0000 (Greenwich Mean Time),0.0452,0.047,0.0441,0
Thu Oct 31 2024 23:00:00 GMT+0000 (Greenwich Mean Time),0.0452,0.047,0.0441,0
Fri Nov 01 2024 00:00:00 GMT+0000 (Greenwich Mean Time),0.0452,0.0471,0.0441,0
Fri Nov 01 2024 01:00:00 GMT+0000 (Greenwich Mean Time),0.0453,0.0471,0.0441,0
Fri Nov 01 2024 02:00:00 GMT+0000 (Greenwich Mean Time),0.0452,0.047,0.0441,0
Fri Nov 01 2024 03:00:00 GMT+0000 (Greenwich Mean Time),0.0452,0.0471,0.0441,6038.4605238134545
Fri Nov 01 2024 04:00:00 GMT+0000 (Greenwich Mean Time),0,0.0471,0.0441,0
Fri Nov 01 2024 05:00:00 GMT+0000 (Greenwich Mean Time),0,0.0471,0.0441,0
Fri Nov 01 2024 06:00:00 GMT+0000 (Greenwich Mean Time),0,0.0471,0.0441,0
Fri Nov 01 2024 07:00:00 GMT+0000 (Greenwich Mean Time),0,0.047,0.0441,0
Fri Nov 01 2024 08:00:00 GMT+0000 (Greenwich Mean Time),0,0.0471,0.0444,25820.293714715175
Fri Nov 01 2024 09:00:00 GMT+0000 (Greenwich Mean Time),0,0.0471,0.0444,0
Fri Nov 01 2024 10:00:00 GMT+0000 (Greenwich Mean Time),0,0.0471,0.0444,0
Fri Nov 01 2024 11:00:00 GMT+0000 (Greenwich Mean Time),0,0.047,0.0444,0
Fri Nov 01 2024 12:00:00 GMT+0000 (Greenwich Mean Time),0,0.0471,0.0444,0
Fri Nov 01 2024 13:00:00 GMT+0000 (Greenwich Mean Time),0,0.0471,0.0444,0
Fri Nov 01 2024 14:00:00 GMT+0000 (Greenwich Mean Time),0,0.0471,0.0444,0
Fri Nov 01 2024 15:00:00 GMT+0000 (Greenwich Mean Time),0,0.0471,0.0444,0
Fri Nov 01 2024 16:00:00 GMT+0000 (Greenwich Mean Time),0,0.047,0.0444,0
Fri Nov 01 2024 17:00:00 GMT+0000 (Greenwich Mean Time),0,0.0471,0.0444,0
Fri Nov 01 2024 18:00:00 GMT+0000 (Greenwich Mean Time),0,0.0471,0.0444,0
Fri Nov 01 2024 19:00:00 GMT+0000 (Greenwich Mean Time),0,0.0471,0.0444,0
Fri Nov 01 2024 20:00:00 GMT+0000 (Greenwich Mean Time),0,0.047,0.0444,0
Fri Nov 01 2024 21:00:00 GMT+0000 (Greenwich Mean Time),0,0.0471,0.0444,0
Fri Nov 01 2024 22:00:00 GMT+0000 (Greenwich Mean Time),0,0.0471,0.0444,0
Fri Nov 01 2024 23:00:00 GMT+0000 (Greenwich Mean Time),0,0.0471,0.0444,275.6305955514643
Sat Nov 02 2024 00:00:00 GMT+0000 (Greenwich Mean Time),0,0.0471,0.0444,0
Sat Nov 02 2024 01:00:00 GMT+0000 (Greenwich Mean Time),0,0.047,0.0444,0
Sat Nov 02 2024 02:00:00 GMT+0000 (Greenwich Mean Time),0,0.047,0.0444,0
Sat Nov 02 2024 03:00:00 GMT+0000 (Greenwich Mean Time),0,0.0471,0.0444,0
Sat Nov 02 2024 04:00:00 GMT+0000 (Greenwich Mean Time),0,0.0471,0.0444,0
Sat Nov 02 2024 05:00:00 GMT+0000 (Greenwich Mean Time),0,0.047,0.0444,5.190283836828508
Sat Nov 02 2024 06:00:00 GMT+0000 (Greenwich Mean Time),0,0.047,0.0444,0
Sat Nov 02 2024 07:00:00 GMT+0000 (Greenwich Mean Time),0,0.047,0.0444,3648.9892751368434
Sat Nov 02 2024 08:00:00 GMT+0000 (Greenwich Mean Time),0,0.0471,0.0444,0
Sat Nov 02 2024 09:00:00 GMT+0000 (Greenwich Mean Time),0,0.0471,0.0444,0
Sat Nov 02 2024 10:00:00 GMT+0000 (Greenwich Mean Time),0,0.047,0.0444,0
Sat Nov 02 2024 11:00:00 GMT+0000 (Greenwich Mean Time),0,0.047,0.0444,0
Sat Nov 02 2024 12:00:00 GMT+0000 (Greenwich Mean Time),0.0459,0.0468,0.0444,0
Sat Nov 02 2024 13:00:00 GMT+0000 (Greenwich Mean Time),0.0459,0.0468,0.0444,3790.3316154446666
Sat Nov 02 2024 14:00:00 GMT+0000 (Greenwich Mean Time),0.0459,0.0419,0.0444,0
Sat Nov 02 2024 15:00:00 GMT+0000 (Greenwich Mean Time),0.0459,0.0419,0.0444,0
Sat Nov 02 2024 16:00:00 GMT+0000 (Greenwich Mean Time),0.0459,0.0419,0.0444,0
Sat Nov 02 2024 17:00:00 GMT+0000 (Greenwich Mean Time),0.0459,0.0419,0.0444,0
Sat Nov 02 2024 18:00:00 GMT+0000 (Greenwich Mean Time),0.0459,0.0419,0.0444,0
Sat Nov 02 2024 19:00:00 GMT+0000 (Greenwich Mean Time),0.0459,0.0419,0.0444,0
Sat Nov 02 2024 20:00:00 GMT+0000 (Greenwich Mean Time),0.0459,0.0419,0.0444,0
Sat Nov 02 2024 21:00:00 GMT+0000 (Greenwich Mean Time),0.0459,0.0419,0.0444,0
Sat Nov 02 2024 22:00:00 GMT+0000 (Greenwich Mean Time),0.0459,0.0419,0.0444,0
Sat Nov 02 2024 23:00:00 GMT+0000 (Greenwich Mean Time),0.0459,0.0419,0.0444,0
Sun Nov 03 2024 00:00:00 GMT+0000 (Greenwich Mean Time),0.0459,0.0419,0.0444,0
Sun Nov 03 2024 01:00:00 GMT+0000 (Greenwich Mean Time),0.0459,0.0419,0.0444,0
Sun Nov 03 2024 02:00:00 GMT+0000 (Greenwich Mean Time),0.0459,0.0419,0.0444,0
Sun Nov 03 2024 03:00:00 GMT+0000 (Greenwich Mean Time),0.0459,0.0419,0.0444,0
Sun Nov 03 2024 04:00:00 GMT+0000 (Greenwich Mean Time),0.0459,0.0419,0.0444,0
Sun Nov 03 2024 05:00:00 GMT+0000 (Greenwich Mean Time),0.0459,0.0419,0.0444,0
Sun Nov 03 2024 06:00:00 GMT+0000 (Greenwich Mean Time),0.0459,0.0419,0.0444,0
Sun Nov 03 2024 07:00:00 GMT+0000 (Greenwich Mean Time),0.0459,0.0419,0.0444,0
Sun Nov 03 2024 08:00:00 GMT+0000 (Greenwich Mean Time),0.0459,0.0419,0.0444,0
Sun Nov 03 2024 09:00:00 GMT+0000 (Greenwich Mean Time),0.0459,0.0419,0.0444,0
Sun Nov 03 2024 10:00:00 GMT+0000 (Greenwich Mean Time),0.0459,0.0419,0.0444,0
Sun Nov 03 2024 11:00:00 GMT+0000 (Greenwich Mean Time),0.0459,0.0419,0.0444,0
Sun Nov 03 2024 12:00:00 GMT+0000 (Greenwich Mean Time),0,0.0419,0.0444,0
Sun Nov 03 2024 13:00:00 GMT+0000 (Greenwich Mean Time),0,0.0419,0.0444,0
Sun Nov 03 2024 14:00:00 GMT+0000 (Greenwich Mean Time),0,0.0419,0.0444,703.1051376882025
Sun Nov 03 2024 15:00:00 GMT+0000 (Greenwich Mean Time),0,0.0419,0.0444,0
Sun Nov 03 2024 16:00:00 GMT+0000 (Greenwich Mean Time),0,0.0419,0.0444,0
Sun Nov 03 2024 17:00:00 GMT+0000 (Greenwich Mean Time),0,0.0419,0.0444,0
Sun Nov 03 2024 18:00:00 GMT+0000 (Greenwich Mean Time),0,0.0419,0.0444,0
Sun Nov 03 2024 19:00:00 GMT+0000 (Greenwich Mean Time),0,0.0419,0.0445,12497.789273836048
Sun Nov 03 2024 20:00:00 GMT+0000 (Greenwich Mean Time),0,0.0419,0.0445,0
Sun Nov 03 2024 21:00:00 GMT+0000 (Greenwich Mean Time),0,0.0419,0.0445,0
Sun Nov 03 2024 22:00:00 GMT+0000 (Greenwich Mean Time),0,0.0419,0.0445,0
Sun Nov 03 2024 23:00:00 GMT+0000 (Greenwich Mean Time),0,0.0419,0.0445,0
Mon Nov 04 2024 00:00:00 GMT+0000 (Greenwich Mean Time),0,0.0419,0.0445,0
Mon Nov 04 2024 01:00:00 GMT+0000 (Greenwich Mean Time),0,0.0419,0.0445,0
Mon Nov 04 2024 02:00:00 GMT+0000 (Greenwich Mean Time),0,0.0419,0.0445,0
Mon Nov 04 2024 03:00:00 GMT+0000 (Greenwich Mean Time),0,0.0419,0.0445,0
Mon Nov 04 2024 04:00:00 GMT+0000 (Greenwich Mean Time),0,0.0419,0.0445,0
Mon Nov 04 2024 05:00:00 GMT+0000 (Greenwich Mean Time),0,0.0419,0.0446,5763.38629760037
Mon Nov 04 2024 06:00:00 GMT+0000 (Greenwich Mean Time),0,0.0419,0.0443,27443.174133874323
Mon Nov 04 2024 07:00:00 GMT+0000 (Greenwich Mean Time),0,0.0419,0.0443,0
Mon Nov 04 2024 08:00:00 GMT+0000 (Greenwich Mean Time),0,0.0419,0.0443,0
Mon Nov 04 2024 09:00:00 GMT+0000 (Greenwich Mean Time),0,0.0419,0.0443,0
Mon Nov 04 2024 10:00:00 GMT+0000 (Greenwich Mean Time),0,0.0419,0.0443,0
Mon Nov 04 2024 11:00:00 GMT+0000 (Greenwich Mean Time),0,0.0419,0.0443,0
Mon Nov 04 2024 12:00:00 GMT+0000 (Greenwich Mean Time),0,0.0419,0.0443,0
Mon Nov 04 2024 13:00:00 GMT+0000 (Greenwich Mean Time),0.0387,0.0412,0.0443,0
Mon Nov 04 2024 14:00:00 GMT+0000 (Greenwich Mean Time),0.0387,0.0412,0.0443,0
Mon Nov 04 2024 15:00:00 GMT+0000 (Greenwich Mean Time),0.0387,0.0412,0.0442,13390.863645265463
Mon Nov 04 2024 16:00:00 GMT+0000 (Greenwich Mean Time),0.0387,0.0412,0.0442,0
Mon Nov 04 2024 17:00:00 GMT+0000 (Greenwich Mean Time),0.0387,0.0412,0.0442,0
Mon Nov 04 2024 18:00:00 GMT+0000 (Greenwich Mean Time),0.0387,0.0412,0.0442,0
Mon Nov 04 2024 19:00:00 GMT+0000 (Greenwich Mean Time),0.0387,0.0412,0.0442,0
Mon Nov 04 2024 20:00:00 GMT+0000 (Greenwich Mean Time),0.0387,0.0412,0.0442,0
Mon Nov 04 2024 21:00:00 GMT+0000 (Greenwich Mean Time),0.0387,0.0412,0.0442,0
Mon Nov 04 2024 22:00:00 GMT+0000 (Greenwich Mean Time),0.0387,0.0412,0.0442,0
Mon Nov 04 2024 23:00:00 GMT+0000 (Greenwich Mean Time),0.0387,0.0412,0.0442,0
Tue Nov 05 2024 00:00:00 GMT+0000 (Greenwich Mean Time),0.0387,0.0412,0.0442,0
Tue Nov 05 2024 01:00:00 GMT+0000 (Greenwich Mean Time),0.0387,0.0412,0.0442,0
Tue Nov 05 2024 02:00:00 GMT+0000 (Greenwich Mean Time),0.0387,0.0412,0.0442,0
Tue Nov 05 2024 03:00:00 GMT+0000 (Greenwich Mean Time),0.0387,0.0412,0.0442,0
Tue Nov 05 2024 04:00:00 GMT+0000 (Greenwich Mean Time),0.0387,0.0412,0.0442,0
Tue Nov 05 2024 05:00:00 GMT+0000 (Greenwich Mean Time),0.0387,0.0412,0.0442,0
Tue Nov 05 2024 06:00:00 GMT+0000 (Greenwich Mean Time),0.0387,0.0433,0.0442,0
Tue Nov 05 2024 07:00:00 GMT+0000 (Greenwich Mean Time),0.0387,0.0433,0.0442,0
Tue Nov 05 2024 08:00:00 GMT+0000 (Greenwich Mean Time),0.0387,0.0433,0.0442,0
Tue Nov 05 2024 09:00:00 GMT+0000 (Greenwich Mean Time),0.0387,0.0433,0.0442,28.071541767996912
Tue Nov 05 2024 10:00:00 GMT+0000 (Greenwich Mean Time),0.0387,0.0433,0.0442,0
Tue Nov 05 2024 11:00:00 GMT+0000 (Greenwich Mean Time),0.0387,0.0433,0.0443,5120.475470250006
Tue Nov 05 2024 12:00:00 GMT+0000 (Greenwich Mean Time),0.0387,0.0433,0.0443,0
Tue Nov 05 2024 13:00:00 GMT+0000 (Greenwich Mean Time),0,0.0433,0.0443,0
Tue Nov 05 2024 14:00:00 GMT+0000 (Greenwich Mean Time),0,0.0433,0.0443,0
Tue Nov 05 2024 15:00:00 GMT+0000 (Greenwich Mean Time),0,0.0433,0.0443,54.441902459927825
Tue Nov 05 2024 16:00:00 GMT+0000 (Greenwich Mean Time),0,0.0433,0.0443,0
Tue Nov 05 2024 17:00:00 GMT+0000 (Greenwich Mean Time),0,0.0433,0.0443,0
Tue Nov 05 2024 18:00:00 GMT+0000 (Greenwich Mean Time),0,0.0433,0.0443,0
Tue Nov 05 2024 19:00:00 GMT+0000 (Greenwich Mean Time),0,0.0433,0.0443,0
Tue Nov 05 2024 20:00:00 GMT+0000 (Greenwich Mean Time),0,0.0433,0.0443,0
Tue Nov 05 2024 21:00:00 GMT+0000 (Greenwich Mean Time),0,0.0433,0.0443,0
Tue Nov 05 2024 22:00:00 GMT+0000 (Greenwich Mean Time),0,0.0433,0.0443,0
Tue Nov 05 2024 23:00:00 GMT+0000 (Greenwich Mean Time),0,0.0433,0.0445,21463.857089927995
Wed Nov 06 2024 00:00:00 GMT+0000 (Greenwich Mean Time),0,0.0433,0.0445,0
Wed Nov 06 2024 01:00:00 GMT+0000 (Greenwich Mean Time),0,0.0433,0.0445,0
Wed Nov 06 2024 02:00:00 GMT+0000 (Greenwich Mean Time),0,0.0433,0.0445,2316.915759797047
Wed Nov 06 2024 03:00:00 GMT+0000 (Greenwich Mean Time),0,0.0433,0.0445,0
Wed Nov 06 2024 04:00:00 GMT+0000 (Greenwich Mean Time),0,0.0433,0.0445,0
Wed Nov 06 2024 05:00:00 GMT+0000 (Greenwich Mean Time),0,0.0433,0.0445,0
Wed Nov 06 2024 06:00:00 GMT+0000 (Greenwich Mean Time),0,0.0433,0.0445,0
Wed Nov 06 2024 07:00:00 GMT+0000 (Greenwich Mean Time),0,0.0433,0.0445,0
Wed Nov 06 2024 08:00:00 GMT+0000 (Greenwich Mean Time),0,0.0433,0.0445,0
Wed Nov 06 2024 09:00:00 GMT+0000 (Greenwich Mean Time),0,0.0433,0.0445,0
Wed Nov 06 2024 10:00:00 GMT+0000 (Greenwich Mean Time),0,0.0433,0.0445,0
Wed Nov 06 2024 11:00:00 GMT+0000 (Greenwich Mean Time),0,0.0433,0.0445,0
Wed Nov 06 2024 12:00:00 GMT+0000 (Greenwich Mean Time),0,0.0433,0.0445,0
Wed Nov 06 2024 13:00:00 GMT+0000 (Greenwich Mean Time),0,0.0433,0.0445,0
Wed Nov 06 2024 14:00:00 GMT+0000 (Greenwich Mean Time),0,0.0433,0.0445,0
Wed Nov 06 2024 15:00:00 GMT+0000 (Greenwich Mean Time),0,0.0433,0.0445,0
Wed Nov 06 2024 16:00:00 GMT+0000 (Greenwich Mean Time),0,0.0433,0.0445,0
Wed Nov 06 2024 17:00:00 GMT+0000 (Greenwich Mean Time),0,0.0433,0.0445,0
Wed Nov 06 2024 18:00:00 GMT+0000 (Greenwich Mean Time),0,0.0433,0.0445,0
Wed Nov 06 2024 19:00:00 GMT+0000 (Greenwich Mean Time),0,0.0433,0.0445,0
Wed Nov 06 2024 20:00:00 GMT+0000 (Greenwich Mean Time),0,0.0433,0.0445,603.3835953320994
Wed Nov 06 2024 21:00:00 GMT+0000 (Greenwich Mean Time),0,0.0433,0.0445,0
Wed Nov 06 2024 22:00:00 GMT+0000 (Greenwich Mean Time),0,0.0433,0.0445,0
Wed Nov 06 2024 23:00:00 GMT+0000 (Greenwich Mean Time),0,0.0433,0.0445,0
Thu Nov 07 2024 00:00:00 GMT+0000 (Greenwich Mean Time),0,0.0433,0.0445,0
Thu Nov 07 2024 01:00:00 GMT+0000 (Greenwich Mean Time),0.044,0.0435,0.0445,0
Thu Nov 07 2024 02:00:00 GMT+0000 (Greenwich Mean Time),0.044,0.0435,0.0445,0
Thu Nov 07 2024 03:00:00 GMT+0000 (Greenwich Mean Time),0.044,0.0435,0.0445,0
Thu Nov 07 2024 04:00:00 GMT+0000 (Greenwich Mean Time),0.044,0.0431,0.0445,0
Thu Nov 07 2024 05:00:00 GMT+0000 (Greenwich Mean Time),0.044,0.0431,0.0445,0
Thu Nov 07 2024 06:00:00 GMT+0000 (Greenwich Mean Time),0.044,0.0431,0.0445,0
Thu Nov 07 2024 07:00:00 GMT+0000 (Greenwich Mean Time),0.044,0.0431,0.0445,0
Thu Nov 07 2024 08:00:00 GMT+0000 (Greenwich Mean Time),0.044,0.0431,0.0445,0
Thu Nov 07 2024 09:00:00 GMT+0000 (Greenwich Mean Time),0.044,0.0431,0.0445,0
Thu Nov 07 2024 10:00:00 GMT+0000 (Greenwich Mean Time),0.044,0.0431,0.0445,0
Thu Nov 07 2024 11:00:00 GMT+0000 (Greenwich Mean Time),0.044,0.0431,0.0444,5568.949413229511
Thu Nov 07 2024 12:00:00 GMT+0000 (Greenwich Mean Time),0.044,0.0431,0.0445,15156.410676275356
Thu Nov 07 2024 13:00:00 GMT+0000 (Greenwich Mean Time),0.044,0.0431,0.0445,0
Thu Nov 07 2024 14:00:00 GMT+0000 (Greenwich Mean Time),0.044,0.0431,0.0445,0
Thu Nov 07 2024 15:00:00 GMT+0000 (Greenwich Mean Time),0.044,0.0431,0.0445,0
Thu Nov 07 2024 16:00:00 GMT+0000 (Greenwich Mean Time),0.044,0.0431,0.0445,0
Thu Nov 07 2024 17:00:00 GMT+0000 (Greenwich Mean Time),0.044,0.0431,0.0446,31297.267927232577
Thu Nov 07 2024 18:00:00 GMT+0000 (Greenwich Mean Time),0.044,0.0431,0.0446,0
Thu Nov 07 2024 19:00:00 GMT+0000 (Greenwich Mean Time),0.044,0.0431,0.0446,0
Thu Nov 07 2024 20:00:00 GMT+0000 (Greenwich Mean Time),0.044,0.0431,0.0446,0
Thu Nov 07 2024 21:00:00 GMT+0000 (Greenwich Mean Time),0.044,0.0431,0.0446,0
Thu Nov 07 2024 22:00:00 GMT+0000 (Greenwich Mean Time),0.044,0.0431,0.0446,0
Thu Nov 07 2024 23:00:00 GMT+0000 (Greenwich Mean Time),0.044,0.0431,0.0446,0
Fri Nov 08 2024 00:00:00 GMT+0000 (Greenwich Mean Time),0.044,0.0431,0.0446,0
Fri Nov 08 2024 01:00:00 GMT+0000 (Greenwich Mean Time),0,0.0431,0.0446,0
Fri Nov 08 2024 02:00:00 GMT+0000 (Greenwich Mean Time),0,0.0431,0.0446,0
Fri Nov 08 2024 03:00:00 GMT+0000 (Greenwich Mean Time),0,0.0431,0.0445,3674.2642068746864
Fri Nov 08 2024 04:00:00 GMT+0000 (Greenwich Mean Time),0,0.0431,0.0489,833041.1533756391
Fri Nov 08 2024 05:00:00 GMT+0000 (Greenwich Mean Time),0.0838,0.0487,0.0489,0
Fri Nov 08 2024 06:00:00 GMT+0000 (Greenwich Mean Time),0.0838,0.0487,0.0489,0
Fri Nov 08 2024 07:00:00 GMT+0000 (Greenwich Mean Time),0.0838,0.0487,0.0489,0
Fri Nov 08 2024 08:00:00 GMT+0000 (Greenwich Mean Time),0.0838,0.0487,0.0489,0
Fri Nov 08 2024 09:00:00 GMT+0000 (Greenwich Mean Time),0.0838,0.0487,0.0489,0
Fri Nov 08 2024 10:00:00 GMT+0000 (Greenwich Mean Time),0.0838,0.0487,0.0489,0
Fri Nov 08 2024 11:00:00 GMT+0000 (Greenwich Mean Time),0.0838,0.0487,0.0487,23781.560334609185
Fri Nov 08 2024 12:00:00 GMT+0000 (Greenwich Mean Time),0.0838,0.0487,0.0487,0
Fri Nov 08 2024 13:00:00 GMT+0000 (Greenwich Mean Time),0.0838,0.0487,0.0487,0
Fri Nov 08 2024 14:00:00 GMT+0000 (Greenwich Mean Time),0.0838,0.0487,0.0487,0
Fri Nov 08 2024 15:00:00 GMT+0000 (Greenwich Mean Time),0.0838,0.0487,0.0481,77880.1122010094
Fri Nov 08 2024 16:00:00 GMT+0000 (Greenwich Mean Time),0.0838,0.0487,0.0481,0
Fri Nov 08 2024 17:00:00 GMT+0000 (Greenwich Mean Time),0.0838,0.0487,0.0481,0
Fri Nov 08 2024 18:00:00 GMT+0000 (Greenwich Mean Time),0.0838,0.0487,0.0481,0
Fri Nov 08 2024 19:00:00 GMT+0000 (Greenwich Mean Time),0.0838,0.0487,0.0481,0
Fri Nov 08 2024 20:00:00 GMT+0000 (Greenwich Mean Time),0.0838,0.0487,0.0481,0
Fri Nov 08 2024 21:00:00 GMT+0000 (Greenwich Mean Time),0.0838,0.0487,0.0481,0
Fri Nov 08 2024 22:00:00 GMT+0000 (Greenwich Mean Time),0.0838,0.0487,0.0481,0
Fri Nov 08 2024 23:00:00 GMT+0000 (Greenwich Mean Time),0.0838,0.0487,0.0481,0
Sat Nov 09 2024 00:00:00 GMT+0000 (Greenwich Mean Time),0.0837,0.0487,0.0481,0
Sat Nov 09 2024 01:00:00 GMT+0000 (Greenwich Mean Time),0.0837,0.0487,0.0481,0
Sat Nov 09 2024 02:00:00 GMT+0000 (Greenwich Mean Time),0.0837,0.0487,0.0481,0
Sat Nov 09 2024 03:00:00 GMT+0000 (Greenwich Mean Time),0.0837,0.0487,0.0481,0
Sat Nov 09 2024 04:00:00 GMT+0000 (Greenwich Mean Time),0.0837,0.0487,0.0481,5.761619512814579
Sat Nov 09 2024 05:00:00 GMT+0000 (Greenwich Mean Time),0,0.0487,0.0481,0
Sat Nov 09 2024 06:00:00 GMT+0000 (Greenwich Mean Time),0,0.0487,0.0481,0
Sat Nov 09 2024 07:00:00 GMT+0000 (Greenwich Mean Time),0,0.0487,0.0481,0
Sat Nov 09 2024 08:00:00 GMT+0000 (Greenwich Mean Time),0,0.0487,0.0481,0
Sat Nov 09 2024 09:00:00 GMT+0000 (Greenwich Mean Time),0,0.0487,0.0481,0
Sat Nov 09 2024 10:00:00 GMT+0000 (Greenwich Mean Time),0,0.0487,0.0484,34729.445873712386
Sat Nov 09 2024 11:00:00 GMT+0000 (Greenwich Mean Time),0,0.0487,0.0484,0
Sat Nov 09 2024 12:00:00 GMT+0000 (Greenwich Mean Time),0,0.0498,0.0484,0
Sat Nov 09 2024 13:00:00 GMT+0000 (Greenwich Mean Time),0,0.0498,0.0488,50429.19115990356
Sat Nov 09 2024 14:00:00 GMT+0000 (Greenwich Mean Time),0,0.0498,0.0488,0
Sat Nov 09 2024 15:00:00 GMT+0000 (Greenwich Mean Time),0,0.0498,0.0488,0
Sat Nov 09 2024 16:00:00 GMT+0000 (Greenwich Mean Time),0,0.0498,0.0488,424.9491687994997
Sat Nov 09 2024 17:00:00 GMT+0000 (Greenwich Mean Time),0,0.0498,0.0488,0
Sat Nov 09 2024 18:00:00 GMT+0000 (Greenwich Mean Time),0,0.0498,0.0488,0
Sat Nov 09 2024 19:00:00 GMT+0000 (Greenwich Mean Time),0,0.0498,0.0488,2746.6128075015226
Sat Nov 09 2024 20:00:00 GMT+0000 (Greenwich Mean Time),0,0.0498,0.0488,0
Sat Nov 09 2024 21:00:00 GMT+0000 (Greenwich Mean Time),0,0.0498,0.0488,0
Sat Nov 09 2024 22:00:00 GMT+0000 (Greenwich Mean Time),0,0.0498,0.0488,0
Sat Nov 09 2024 23:00:00 GMT+0000 (Greenwich Mean Time),0,0.0498,0.0488,0
Sun Nov 10 2024 00:00:00 GMT+0000 (Greenwich Mean Time),0,0.0498,0.0488,0
Sun Nov 10 2024 01:00:00 GMT+0000 (Greenwich Mean Time),0,0.0498,0.0488,0
Sun Nov 10 2024 02:00:00 GMT+0000 (Greenwich Mean Time),0,0.0498,0.0488,0
Sun Nov 10 2024 03:00:00 GMT+0000 (Greenwich Mean Time),0,0.0498,0.0488,0
Sun Nov 10 2024 04:00:00 GMT+0000 (Greenwich Mean Time),0,0.0498,0.0488,0
Sun Nov 10 2024 05:00:00 GMT+0000 (Greenwich Mean Time),0,0.0498,0.0488,0
Sun Nov 10 2024 06:00:00 GMT+0000 (Greenwich Mean Time),0,0.0498,0.0488,0
Sun Nov 10 2024 07:00:00 GMT+0000 (Greenwich Mean Time),0,0.0498,0.0488,0
Sun Nov 10 2024 08:00:00 GMT+0000 (Greenwich Mean Time),0,0.0498,0.0488,0
Sun Nov 10 2024 09:00:00 GMT+0000 (Greenwich Mean Time),0,0.0498,0.0488,0
Sun Nov 10 2024 10:00:00 GMT+0000 (Greenwich Mean Time),0,0.0498,0.0488,0
Sun Nov 10 2024 11:00:00 GMT+0000 (Greenwich Mean Time),0,0.0498,0.0488,0
Sun Nov 10 2024 12:00:00 GMT+0000 (Greenwich Mean Time),0,0.0498,0.0488,0
Sun Nov 10 2024 13:00:00 GMT+0000 (Greenwich Mean Time),0,0.0498,0.0488,0
Sun Nov 10 2024 14:00:00 GMT+0000 (Greenwich Mean Time),0,0.0498,0.0488,0
Sun Nov 10 2024 15:00:00 GMT+0000 (Greenwich Mean Time),0,0.0498,0.0488,0
Sun Nov 10 2024 16:00:00 GMT+0000 (Greenwich Mean Time),0,0.0498,0.0488,0
Sun Nov 10 2024 17:00:00 GMT+0000 (Greenwich Mean Time),0,0.0498,0.0488,0
Sun Nov 10 2024 18:00:00 GMT+0000 (Greenwich Mean Time),0,0.0498,0.0488,0
Sun Nov 10 2024 19:00:00 GMT+0000 (Greenwich Mean Time),0,0.0498,0.0488,0
Sun Nov 10 2024 20:00:00 GMT+0000 (Greenwich Mean Time),0,0.0498,0.0488,0
Sun Nov 10 2024 21:00:00 GMT+0000 (Greenwich Mean Time),0,0.0498,0.0488,0
Sun Nov 10 2024 22:00:00 GMT+0000 (Greenwich Mean Time),0,0.0498,0.0488,0
Sun Nov 10 2024 23:00:00 GMT+0000 (Greenwich Mean Time),0,0.0498,0.0488,0
Mon Nov 11 2024 00:00:00 GMT+0000 (Greenwich Mean Time),0,0.0498,0.0488,0
Mon Nov 11 2024 01:00:00 GMT+0000 (Greenwich Mean Time),0,0.0499,0.0488,0
Mon Nov 11 2024 02:00:00 GMT+0000 (Greenwich Mean Time),0,0.0498,0.0486,65138.40274866384
Mon Nov 11 2024 03:00:00 GMT+0000 (Greenwich Mean Time),0.0301,0.0431,0.0486,0
Mon Nov 11 2024 04:00:00 GMT+0000 (Greenwich Mean Time),0.0301,0.0431,0.0486,0
Mon Nov 11 2024 05:00:00 GMT+0000 (Greenwich Mean Time),0.0301,0.0431,0.0486,0
Mon Nov 11 2024 06:00:00 GMT+0000 (Greenwich Mean Time),0.0301,0.0431,0.0486,0
Mon Nov 11 2024 07:00:00 GMT+0000 (Greenwich Mean Time),0.0301,0.0431,0.0486,0
Mon Nov 11 2024 08:00:00 GMT+0000 (Greenwich Mean Time),0.0301,0.0431,0.0486,0
Mon Nov 11 2024 09:00:00 GMT+0000 (Greenwich Mean Time),0.0301,0.0431,0.0486,0
Mon Nov 11 2024 10:00:00 GMT+0000 (Greenwich Mean Time),0.0301,0.0431,0.0486,0
Mon Nov 11 2024 11:00:00 GMT+0000 (Greenwich Mean Time),0.0301,0.0431,0.0486,0
Mon Nov 11 2024 12:00:00 GMT+0000 (Greenwich Mean Time),0.0301,0.0431,0.0486,0
Mon Nov 11 2024 13:00:00 GMT+0000 (Greenwich Mean Time),0.0301,0.0444,0.0486,0
Mon Nov 11 2024 14:00:00 GMT+0000 (Greenwich Mean Time),0.0301,0.0444,0.0486,0
Mon Nov 11 2024 15:00:00 GMT+0000 (Greenwich Mean Time),0.0301,0.0444,0.0486,0
Mon Nov 11 2024 16:00:00 GMT+0000 (Greenwich Mean Time),0.0301,0.0444,0.0486,0
Mon Nov 11 2024 17:00:00 GMT+0000 (Greenwich Mean Time),0.0301,0.0444,0.0486,0
Mon Nov 11 2024 18:00:00 GMT+0000 (Greenwich Mean Time),0.0301,0.0444,0.0486,0
Mon Nov 11 2024 19:00:00 GMT+0000 (Greenwich Mean Time),0.0301,0.0444,0.0486,0
Mon Nov 11 2024 20:00:00 GMT+0000 (Greenwich Mean Time),0.0301,0.0444,0.0486,2565.624369271727
Mon Nov 11 2024 21:00:00 GMT+0000 (Greenwich Mean Time),0.0301,0.0444,0.0486,0
Mon Nov 11 2024 22:00:00 GMT+0000 (Greenwich Mean Time),0.0301,0.0444,0.0486,672.3168440392658
Mon Nov 11 2024 23:00:00 GMT+0000 (Greenwich Mean Time),0.0301,0.0444,0.0486,0
Tue Nov 12 2024 00:00:00 GMT+0000 (Greenwich Mean Time),0.0301,0.0444,0.0486,0
Tue Nov 12 2024 01:00:00 GMT+0000 (Greenwich Mean Time),0.0301,0.0444,0.0486,0
Tue Nov 12 2024 02:00:00 GMT+0000 (Greenwich Mean Time),0.0301,0.0444,0.0486,9642.049838028397
Tue Nov 12 2024 03:00:00 GMT+0000 (Greenwich Mean Time),0,0.0444,0.0486,0
Tue Nov 12 2024 04:00:00 GMT+0000 (Greenwich Mean Time),0,0.0444,0.0486,0
Tue Nov 12 2024 05:00:00 GMT+0000 (Greenwich Mean Time),0,0.0444,0.0486,0
Tue Nov 12 2024 06:00:00 GMT+0000 (Greenwich Mean Time),0,0.0444,0.0486,0
Tue Nov 12 2024 07:00:00 GMT+0000 (Greenwich Mean Time),0,0.0444,0.0486,0
Tue Nov 12 2024 08:00:00 GMT+0000 (Greenwich Mean Time),0,0.0444,0.0486,0
Tue Nov 12 2024 09:00:00 GMT+0000 (Greenwich Mean Time),0,0.0444,0.0486,0
Tue Nov 12 2024 10:00:00 GMT+0000 (Greenwich Mean Time),0,0.0444,0.0486,929.6782387819877
Tue Nov 12 2024 11:00:00 GMT+0000 (Greenwich Mean Time),0,0.0444,0.0486,0
Tue Nov 12 2024 12:00:00 GMT+0000 (Greenwich Mean Time),0,0.0444,0.0486,0
Tue Nov 12 2024 13:00:00 GMT+0000 (Greenwich Mean Time),0,0.0444,0.0486,0
Tue Nov 12 2024 14:00:00 GMT+0000 (Greenwich Mean Time),0,0.0444,0.0486,0
Tue Nov 12 2024 15:00:00 GMT+0000 (Greenwich Mean Time),0,0.0444,0.0486,0
Tue Nov 12 2024 16:00:00 GMT+0000 (Greenwich Mean Time),0,0.0444,0.0486,0
Tue Nov 12 2024 17:00:00 GMT+0000 (Greenwich Mean Time),0,0.0444,0.0486,0
Tue Nov 12 2024 18:00:00 GMT+0000 (Greenwich Mean Time),0,0.0444,0.0486,0
Tue Nov 12 2024 19:00:00 GMT+0000 (Greenwich Mean Time),0,0.0444,0.0486,0
Tue Nov 12 2024 20:00:00 GMT+0000 (Greenwich Mean Time),0,0.0444,0.0486,0
Tue Nov 12 2024 21:00:00 GMT+0000 (Greenwich Mean Time),0,0.0444,0.0486,0
Tue Nov 12 2024 22:00:00 GMT+0000 (Greenwich Mean Time),0,0.0444,0.0486,0
Tue Nov 12 2024 23:00:00 GMT+0000 (Greenwich Mean Time),0,0.0444,0.0486,0
Wed Nov 13 2024 00:00:00 GMT+0000 (Greenwich Mean Time),0,0.0444,0.0479,97818.42676003362
Wed Nov 13 2024 01:00:00 GMT+0000 (Greenwich Mean Time),0,0.0444,0.0479,0
Wed Nov 13 2024 02:00:00 GMT+0000 (Greenwich Mean Time),0,0.0444,0.0479,0
Wed Nov 13 2024 03:00:00 GMT+0000 (Greenwich Mean Time),0,0.0444,0.0479,0
Wed Nov 13 2024 04:00:00 GMT+0000 (Greenwich Mean Time),0,0.0444,0.0479,0
Wed Nov 13 2024 05:00:00 GMT+0000 (Greenwich Mean Time),0,0.0444,0.0479,0
Wed Nov 13 2024 06:00:00 GMT+0000 (Greenwich Mean Time),0,0.0444,0.0479,0
Wed Nov 13 2024 07:00:00 GMT+0000 (Greenwich Mean Time),0,0.0444,0.0479,0
Wed Nov 13 2024 08:00:00 GMT+0000 (Greenwich Mean Time),0,0.0444,0.0479,0
Wed Nov 13 2024 09:00:00 GMT+0000 (Greenwich Mean Time),0,0.0444,0.0479,0
Wed Nov 13 2024 10:00:00 GMT+0000 (Greenwich Mean Time),0,0.0444,0.0479,0
Wed Nov 13 2024 11:00:00 GMT+0000 (Greenwich Mean Time),0,0.0444,0.0479,0
Wed Nov 13 2024 12:00:00 GMT+0000 (Greenwich Mean Time),0,0.0444,0.0479,0
Wed Nov 13 2024 13:00:00 GMT+0000 (Greenwich Mean Time),0,0.0444,0.0479,0
Wed Nov 13 2024 14:00:00 GMT+0000 (Greenwich Mean Time),0,0.0444,0.0479,0
Wed Nov 13 2024 15:00:00 GMT+0000 (Greenwich Mean Time),0,0.0444,0.0479,0
Wed Nov 13 2024 16:00:00 GMT+0000 (Greenwich Mean Time),0,0.0444,0.0479,0
Wed Nov 13 2024 17:00:00 GMT+0000 (Greenwich Mean Time),0,0.0444,0.0479,0
Wed Nov 13 2024 18:00:00 GMT+0000 (Greenwich Mean Time),0,0.0444,0.0479,0
Wed Nov 13 2024 19:00:00 GMT+0000 (Greenwich Mean Time),0,0.0444,0.0479,0
Wed Nov 13 2024 20:00:00 GMT+0000 (Greenwich Mean Time),0,0.0444,0.0479,0
Wed Nov 13 2024 21:00:00 GMT+0000 (Greenwich Mean Time),0,0.0444,0.0479,0
Wed Nov 13 2024 22:00:00 GMT+0000 (Greenwich Mean Time),0,0.0444,0.0479,0
Wed Nov 13 2024 23:00:00 GMT+0000 (Greenwich Mean Time),0,0.0444,0.0479,0
Thu Nov 14 2024 00:00:00 GMT+0000 (Greenwich Mean Time),0,0.0444,0.0479,0
Thu Nov 14 2024 01:00:00 GMT+0000 (Greenwich Mean Time),0,0.0447,0.0479,0
Thu Nov 14 2024 02:00:00 GMT+0000 (Greenwich Mean Time),0,0.0447,0.0479,0
Thu Nov 14 2024 03:00:00 GMT+0000 (Greenwich Mean Time),0,0.0447,0.0479,0
Thu Nov 14 2024 04:00:00 GMT+0000 (Greenwich Mean Time),0,0.0442,0.0479,0
Thu Nov 14 2024 05:00:00 GMT+0000 (Greenwich Mean Time),0,0.0438,0.0479,0
Thu Nov 14 2024 06:00:00 GMT+0000 (Greenwich Mean Time),0,0.0433,0.0479,6477.906033972648
Thu Nov 14 2024 07:00:00 GMT+0000 (Greenwich Mean Time),0,0.0432,0.0479,0
Thu Nov 14 2024 08:00:00 GMT+0000 (Greenwich Mean Time),0,0.0425,0.0479,0
Thu Nov 14 2024 09:00:00 GMT+0000 (Greenwich Mean Time),0,0.042,0.0497,250596.65591681894
Thu Nov 14 2024 10:00:00 GMT+0000 (Greenwich Mean Time),0,0.0418,0.0497,0
Thu Nov 14 2024 11:00:00 GMT+0000 (Greenwich Mean Time),0,0.0412,0.0497,0
Thu Nov 14 2024 12:00:00 GMT+0000 (Greenwich Mean Time),0,0.0409,0.0497,6429.152545015657
Thu Nov 14 2024 13:00:00 GMT+0000 (Greenwich Mean Time),0,0.0405,0.0497,0
Thu Nov 14 2024 14:00:00 GMT+0000 (Greenwich Mean Time),0.0369,0.0412,0.0497,0
Thu Nov 14 2024 15:00:00 GMT+0000 (Greenwich Mean Time),0.0369,0.0412,0.0497,0
Thu Nov 14 2024 16:00:00 GMT+0000 (Greenwich Mean Time),0.0369,0.0411,0.0497,0
Thu Nov 14 2024 17:00:00 GMT+0000 (Greenwich Mean Time),0.0369,0.0411,0.0497,0
Thu Nov 14 2024 18:00:00 GMT+0000 (Greenwich Mean Time),0.0369,0.0411,0.0497,0
Thu Nov 14 2024 19:00:00 GMT+0000 (Greenwich Mean Time),0.0369,0.0412,0.0464,702890.4176470232
Thu Nov 14 2024 20:00:00 GMT+0000 (Greenwich Mean Time),0.0369,0.0412,0.0464,0
Thu Nov 14 2024 21:00:00 GMT+0000 (Greenwich Mean Time),0.0369,0.0411,0.0464,0
Thu Nov 14 2024 22:00:00 GMT+0000 (Greenwich Mean Time),0.0369,0.0412,0.0464,0
Thu Nov 14 2024 23:00:00 GMT+0000 (Greenwich Mean Time),0.0369,0.0412,0.0464,220.37679635400247
Fri Nov 15 2024 00:00:00 GMT+0000 (Greenwich Mean Time),0.0369,0.0412,0.0464,0
Fri Nov 15 2024 01:00:00 GMT+0000 (Greenwich Mean Time),0.0369,0.0412,0.0469,69690.34944897199
Fri Nov 15 2024 02:00:00 GMT+0000 (Greenwich Mean Time),0.0369,0.0412,0.0469,0
Fri Nov 15 2024 03:00:00 GMT+0000 (Greenwich Mean Time),0.037,0.0412,0.0469,0
Fri Nov 15 2024 04:00:00 GMT+0000 (Greenwich Mean Time),0.0374,0.0412,0.0469,0
Fri Nov 15 2024 05:00:00 GMT+0000 (Greenwich Mean Time),0.0379,0.0338,0.0469,0
Fri Nov 15 2024 06:00:00 GMT+0000 (Greenwich Mean Time),0.0382,0.0338,0.0469,0
Fri Nov 15 2024 07:00:00 GMT+0000 (Greenwich Mean Time),0.0389,0.0338,0.0469,0
Fri Nov 15 2024 08:00:00 GMT+0000 (Greenwich Mean Time),0.0394,0.0338,0.0469,0
Fri Nov 15 2024 09:00:00 GMT+0000 (Greenwich Mean Time),0.0399,0.0338,0.0469,0
Fri Nov 15 2024 10:00:00 GMT+0000 (Greenwich Mean Time),0.0402,0.0338,0.0469,0
Fri Nov 15 2024 11:00:00 GMT+0000 (Greenwich Mean Time),0.041,0.0338,0.0469,0
Fri Nov 15 2024 12:00:00 GMT+0000 (Greenwich Mean Time),0.0416,0.0338,0.0469,0
Fri Nov 15 2024 13:00:00 GMT+0000 (Greenwich Mean Time),0.0422,0.0338,0.0469,0
Fri Nov 15 2024 14:00:00 GMT+0000 (Greenwich Mean Time),0,0.0338,0.0469,0
Fri Nov 15 2024 15:00:00 GMT+0000 (Greenwich Mean Time),0,0.0338,0.0469,0
Fri Nov 15 2024 16:00:00 GMT+0000 (Greenwich Mean Time),0,0.0338,0.047,6105.241525399268
Fri Nov 15 2024 17:00:00 GMT+0000 (Greenwich Mean Time),0,0.0338,0.047,0
Fri Nov 15 2024 18:00:00 GMT+0000 (Greenwich Mean Time),0,0.0338,0.047,0
Fri Nov 15 2024 19:00:00 GMT+0000 (Greenwich Mean Time),0,0.0338,0.047,0
Fri Nov 15 2024 20:00:00 GMT+0000 (Greenwich Mean Time),0,0.0338,0.047,0
Fri Nov 15 2024 21:00:00 GMT+0000 (Greenwich Mean Time),0,0.0338,0.047,0
Fri Nov 15 2024 22:00:00 GMT+0000 (Greenwich Mean Time),0,0.0338,0.047,0
Fri Nov 15 2024 23:00:00 GMT+0000 (Greenwich Mean Time),0,0.0338,0.047,0
Sat Nov 16 2024 00:00:00 GMT+0000 (Greenwich Mean Time),0,0.0338,0.047,0
Sat Nov 16 2024 01:00:00 GMT+0000 (Greenwich Mean Time),0,0.0338,0.047,0
Sat Nov 16 2024 02:00:00 GMT+0000 (Greenwich Mean Time),0,0.0338,0.047,0
Sat Nov 16 2024 03:00:00 GMT+0000 (Greenwich Mean Time),0,0.0338,0.047,0
Sat Nov 16 2024 04:00:00 GMT+0000 (Greenwich Mean Time),0,0.0338,0.047,0
Sat Nov 16 2024 05:00:00 GMT+0000 (Greenwich Mean Time),0,0.0338,0.047,0
Sat Nov 16 2024 06:00:00 GMT+0000 (Greenwich Mean Time),0,0.0338,0.047,0
Sat Nov 16 2024 07:00:00 GMT+0000 (Greenwich Mean Time),0,0.0338,0.047,0
Sat Nov 16 2024 08:00:00 GMT+0000 (Greenwich Mean Time),0,0.0338,0.047,0
Sat Nov 16 2024 09:00:00 GMT+0000 (Greenwich Mean Time),0,0.0338,0.047,0
Sat Nov 16 2024 10:00:00 GMT+0000 (Greenwich Mean Time),0,0.0338,0.047,0
Sat Nov 16 2024 11:00:00 GMT+0000 (Greenwich Mean Time),0,0.0338,0.047,0
Sat Nov 16 2024 12:00:00 GMT+0000 (Greenwich Mean Time),0,0.0338,0.047,0
Sat Nov 16 2024 13:00:00 GMT+0000 (Greenwich Mean Time),0,0.0338,0.047,0
Sat Nov 16 2024 14:00:00 GMT+0000 (Greenwich Mean Time),0,0.0338,0.047,0
Sat Nov 16 2024 15:00:00 GMT+0000 (Greenwich Mean Time),0,0.0338,0.047,0
Sat Nov 16 2024 16:00:00 GMT+0000 (Greenwich Mean Time),0,0.0338,0.047,0
Sat Nov 16 2024 17:00:00 GMT+0000 (Greenwich Mean Time),0,0.0338,0.047,0
Sat Nov 16 2024 18:00:00 GMT+0000 (Greenwich Mean Time),0,0.0338,0.047,0
Sat Nov 16 2024 19:00:00 GMT+0000 (Greenwich Mean Time),0,0.0338,0.047,0
Sat Nov 16 2024 20:00:00 GMT+0000 (Greenwich Mean Time),0,0.0338,0.047,0
Sat Nov 16 2024 21:00:00 GMT+0000 (Greenwich Mean Time),0,0.0338,0.047,0
Sat Nov 16 2024 22:00:00 GMT+0000 (Greenwich Mean Time),0,0.0338,0.047,0
Sat Nov 16 2024 23:00:00 GMT+0000 (Greenwich Mean Time),0,0.0338,0.047,0
Sun Nov 17 2024 00:00:00 GMT+0000 (Greenwich Mean Time),0,0.0338,0.047,0
Sun Nov 17 2024 01:00:00 GMT+0000 (Greenwich Mean Time),0.0415,0.0359,0.047,0
Sun Nov 17 2024 02:00:00 GMT+0000 (Greenwich Mean Time),0.0415,0.0359,0.047,0
Sun Nov 17 2024 03:00:00 GMT+0000 (Greenwich Mean Time),0.0415,0.0359,0.0472,33238.42354598331
Sun Nov 17 2024 04:00:00 GMT+0000 (Greenwich Mean Time),0.0415,0.0359,0.0472,0
Sun Nov 17 2024 05:00:00 GMT+0000 (Greenwich Mean Time),0.0415,0.0359,0.0472,0
Sun Nov 17 2024 06:00:00 GMT+0000 (Greenwich Mean Time),0.0415,0.0359,0.0472,0
Sun Nov 17 2024 07:00:00 GMT+0000 (Greenwich Mean Time),0.0415,0.0359,0.0472,0
Sun Nov 17 2024 08:00:00 GMT+0000 (Greenwich Mean Time),0.0415,0.0359,0.0472,0
Sun Nov 17 2024 09:00:00 GMT+0000 (Greenwich Mean Time),0.0415,0.0359,0.0472,0
Sun Nov 17 2024 10:00:00 GMT+0000 (Greenwich Mean Time),0.0415,0.0359,0.0472,0
Sun Nov 17 2024 11:00:00 GMT+0000 (Greenwich Mean Time),0.0415,0.0359,0.0472,0
Sun Nov 17 2024 12:00:00 GMT+0000 (Greenwich Mean Time),0.0415,0.0359,0.0472,0
Sun Nov 17 2024 13:00:00 GMT+0000 (Greenwich Mean Time),0.0415,0.0359,0.0472,0
Sun Nov 17 2024 14:00:00 GMT+0000 (Greenwich Mean Time),0.0415,0.0359,0.0472,0
Sun Nov 17 2024 15:00:00 GMT+0000 (Greenwich Mean Time),0.0415,0.0359,0.0472,0
Sun Nov 17 2024 16:00:00 GMT+0000 (Greenwich Mean Time),0.0415,0.0359,0.0472,0
Sun Nov 17 2024 17:00:00 GMT+0000 (Greenwich Mean Time),0.0415,0.0359,0.0472,0
Sun Nov 17 2024 18:00:00 GMT+0000 (Greenwich Mean Time),0.0415,0.0359,0.0472,0
Sun Nov 17 2024 19:00:00 GMT+0000 (Greenwich Mean Time),0.0415,0.0359,0.0473,11403.216541263819
Sun Nov 17 2024 20:00:00 GMT+0000 (Greenwich Mean Time),0.0415,0.0359,0.0473,0
Sun Nov 17 2024 21:00:00 GMT+0000 (Greenwich Mean Time),0.0415,0.0359,0.0473,0
Sun Nov 17 2024 22:00:00 GMT+0000 (Greenwich Mean Time),0.0415,0.0359,0.0473,0
Sun Nov 17 2024 23:00:00 GMT+0000 (Greenwich Mean Time),0.0415,0.0359,0.0473,0
Mon Nov 18 2024 00:00:00 GMT+0000 (Greenwich Mean Time),0.0414,0.0359,0.0473,3301.855971691733
Mon Nov 18 2024 01:00:00 GMT+0000 (Greenwich Mean Time),0,0.0359,0.0473,0
Mon Nov 18 2024 02:00:00 GMT+0000 (Greenwich Mean Time),0,0.0359,0.0473,0
Mon Nov 18 2024 03:00:00 GMT+0000 (Greenwich Mean Time),0,0.0388,0.0473,0
Mon Nov 18 2024 04:00:00 GMT+0000 (Greenwich Mean Time),0,0.0388,0.0473,0
Mon Nov 18 2024 05:00:00 GMT+0000 (Greenwich Mean Time),0,0.0388,0.0473,0
Mon Nov 18 2024 06:00:00 GMT+0000 (Greenwich Mean Time),0,0.0388,0.0473,0
Mon Nov 18 2024 07:00:00 GMT+0000 (Greenwich Mean Time),0,0.0388,0.0473,0
Mon Nov 18 2024 08:00:00 GMT+0000 (Greenwich Mean Time),0,0.0388,0.0473,0
Mon Nov 18 2024 09:00:00 GMT+0000 (Greenwich Mean Time),0,0.0388,0.0474,5163.85997235616
Mon Nov 18 2024 10:00:00 GMT+0000 (Greenwich Mean Time),0,0.0388,0.0474,0
Mon Nov 18 2024 11:00:00 GMT+0000 (Greenwich Mean Time),0,0.0388,0.0474,0
Mon Nov 18 2024 12:00:00 GMT+0000 (Greenwich Mean Time),0,0.0388,0.0474,0
Mon Nov 18 2024 13:00:00 GMT+0000 (Greenwich Mean Time),0,0.0388,0.0474,0
Mon Nov 18 2024 14:00:00 GMT+0000 (Greenwich Mean Time),0,0.0388,0.0474,0
Mon Nov 18 2024 15:00:00 GMT+0000 (Greenwich Mean Time),0,0.0388,0.0474,0
Mon Nov 18 2024 16:00:00 GMT+0000 (Greenwich Mean Time),0,0.0388,0.0474,0
Mon Nov 18 2024 17:00:00 GMT+0000 (Greenwich Mean Time),0,0.0388,0.0474,0
Mon Nov 18 2024 18:00:00 GMT+0000 (Greenwich Mean Time),0,0.0388,0.0474,0
Mon Nov 18 2024 19:00:00 GMT+0000 (Greenwich Mean Time),0,0.0388,0.0474,0
Mon Nov 18 2024 20:00:00 GMT+0000 (Greenwich Mean Time),0,0.0388,0.0474,0
Mon Nov 18 2024 21:00:00 GMT+0000 (Greenwich Mean Time),0,0.0388,0.0474,0
Mon Nov 18 2024 22:00:00 GMT+0000 (Greenwich Mean Time),0,0.0388,0.0474,0
Mon Nov 18 2024 23:00:00 GMT+0000 (Greenwich Mean Time),0,0.0388,0.0474,0
Tue Nov 19 2024 00:00:00 GMT+0000 (Greenwich Mean Time),0,0.0389,0.0474,0
Tue Nov 19 2024 01:00:00 GMT+0000 (Greenwich Mean Time),0,0.0389,0.0474,0
Tue Nov 19 2024 02:00:00 GMT+0000 (Greenwich Mean Time),0,0.0389,0.0474,0
Tue Nov 19 2024 03:00:00 GMT+0000 (Greenwich Mean Time),0,0.0389,0.0474,0
Tue Nov 19 2024 04:00:00 GMT+0000 (Greenwich Mean Time),0,0.0389,0.0474,0
Tue Nov 19 2024 05:00:00 GMT+0000 (Greenwich Mean Time),0,0.0389,0.0474,0
Tue Nov 19 2024 06:00:00 GMT+0000 (Greenwich Mean Time),0,0.0389,0.0474,0
Tue Nov 19 2024 07:00:00 GMT+0000 (Greenwich Mean Time),0,0.0389,0.0474,9596.206777659856
Tue Nov 19 2024 08:00:00 GMT+0000 (Greenwich Mean Time),0,0.0389,0.0474,0
Tue Nov 19 2024 09:00:00 GMT+0000 (Greenwich Mean Time),0,0.0389,0.0474,0
Tue Nov 19 2024 10:00:00 GMT+0000 (Greenwich Mean Time),0,0.0389,0.0474,0
Tue Nov 19 2024 11:00:00 GMT+0000 (Greenwich Mean Time),0,0.0389,0.0474,0
Tue Nov 19 2024 12:00:00 GMT+0000 (Greenwich Mean Time),0,0.0389,0.0474,0
Tue Nov 19 2024 13:00:00 GMT+0000 (Greenwich Mean Time),0,0.0389,0.0474,0
Tue Nov 19 2024 14:00:00 GMT+0000 (Greenwich Mean Time),0,0.0389,0.0474,0
Tue Nov 19 2024 15:00:00 GMT+0000 (Greenwich Mean Time),0,0.0389,0.0474,0
Tue Nov 19 2024 16:00:00 GMT+0000 (Greenwich Mean Time),0,0.0389,0.0474,0
Tue Nov 19 2024 17:00:00 GMT+0000 (Greenwich Mean Time),0,0.0389,0.0474,0
Tue Nov 19 2024 18:00:00 GMT+0000 (Greenwich Mean Time),0,0.0389,0.0474,0
Tue Nov 19 2024 19:00:00 GMT+0000 (Greenwich Mean Time),0,0.0389,0.0474,0
Tue Nov 19 2024 20:00:00 GMT+0000 (Greenwich Mean Time),0,0.0389,0.0474,0
Tue Nov 19 2024 21:00:00 GMT+0000 (Greenwich Mean Time),0,0.0389,0.0474,0
Tue Nov 19 2024 22:00:00 GMT+0000 (Greenwich Mean Time),0,0.0389,0.0474,0
Tue Nov 19 2024 23:00:00 GMT+0000 (Greenwich Mean Time),0,0.0389,0.0474,0
Wed Nov 20 2024 00:00:00 GMT+0000 (Greenwich Mean Time),0.0376,0.0384,0.0474,0
Wed Nov 20 2024 01:00:00 GMT+0000 (Greenwich Mean Time),0.0376,0.0384,0.0474,0
Wed Nov 20 2024 02:00:00 GMT+0000 (Greenwich Mean Time),0.0376,0.0384,0.0474,0
Wed Nov 20 2024 03:00:00 GMT+0000 (Greenwich Mean Time),0.0376,0.0384,0.0474,0
Wed Nov 20 2024 04:00:00 GMT+0000 (Greenwich Mean Time),0.0376,0.0384,0.0474,0
Wed Nov 20 2024 05:00:00 GMT+0000 (Greenwich Mean Time),0.0376,0.0384,0.0474,0
Wed Nov 20 2024 06:00:00 GMT+0000 (Greenwich Mean Time),0.0376,0.0384,0.0474,1786.9035740665572
Wed Nov 20 2024 07:00:00 GMT+0000 (Greenwich Mean Time),0.0376,0.0384,0.0474,0
Wed Nov 20 2024 08:00:00 GMT+0000 (Greenwich Mean Time),0.0376,0.0384,0.0474,0
Wed Nov 20 2024 09:00:00 GMT+0000 (Greenwich Mean Time),0.0376,0.0384,0.0474,0
Wed Nov 20 2024 10:00:00 GMT+0000 (Greenwich Mean Time),0.0376,0.0384,0.0474,0
Wed Nov 20 2024 11:00:00 GMT+0000 (Greenwich Mean Time),0.0376,0.0384,0.0474,159.62083778380708
Wed Nov 20 2024 12:00:00 GMT+0000 (Greenwich Mean Time),0.0376,0.0384,0.0474,0
Wed Nov 20 2024 13:00:00 GMT+0000 (Greenwich Mean Time),0.0376,0.0384,0.0474,692.8049726994791
Wed Nov 20 2024 14:00:00 GMT+0000 (Greenwich Mean Time),0.0376,0.0384,0.0474,0
Wed Nov 20 2024 15:00:00 GMT+0000 (Greenwich Mean Time),0.0376,0.0384,0.0474,0
Wed Nov 20 2024 16:00:00 GMT+0000 (Greenwich Mean Time),0.0376,0.0384,0.0474,0
Wed Nov 20 2024 17:00:00 GMT+0000 (Greenwich Mean Time),0.0376,0.0384,0.0474,0
Wed Nov 20 2024 18:00:00 GMT+0000 (Greenwich Mean Time),0.0376,0.0384,0.0474,0
Wed Nov 20 2024 19:00:00 GMT+0000 (Greenwich Mean Time),0.0376,0.0384,0.0474,0
Wed Nov 20 2024 20:00:00 GMT+0000 (Greenwich Mean Time),0.0376,0.0384,0.0474,0
Wed Nov 20 2024 21:00:00 GMT+0000 (Greenwich Mean Time),0.0376,0.0384,0.0474,0
Wed Nov 20 2024 22:00:00 GMT+0000 (Greenwich Mean Time),0.0376,0.0384,0.0474,0
Wed Nov 20 2024 23:00:00 GMT+0000 (Greenwich Mean Time),0.0376,0.0384,0.0474,0
Thu Nov 21 2024 00:00:00 GMT+0000 (Greenwich Mean Time),0,0.0384,0.0474,0
Thu Nov 21 2024 01:00:00 GMT+0000 (Greenwich Mean Time),0.0283,0.0374,0.0474,0
Thu Nov 21 2024 02:00:00 GMT+0000 (Greenwich Mean Time),0.0283,0.0374,0.0474,0
Thu Nov 21 2024 03:00:00 GMT+0000 (Greenwich Mean Time),0.0283,0.0374,0.0474,0
Thu Nov 21 2024 04:00:00 GMT+0000 (Greenwich Mean Time),0.0283,0.0376,0.0474,0
Thu Nov 21 2024 05:00:00 GMT+0000 (Greenwich Mean Time),0.0283,0.0377,0.0474,0
Thu Nov 21 2024 06:00:00 GMT+0000 (Greenwich Mean Time),0.0283,0.0378,0.0474,0
Thu Nov 21 2024 07:00:00 GMT+0000 (Greenwich Mean Time),0.0283,0.0381,0.0474,0
Thu Nov 21 2024 08:00:00 GMT+0000 (Greenwich Mean Time),0.0283,0.0382,0.0474,0
Thu Nov 21 2024 09:00:00 GMT+0000 (Greenwich Mean Time),0.0283,0.0384,0.0474,1474.2467736545912
Thu Nov 21 2024 10:00:00 GMT+0000 (Greenwich Mean Time),0.0283,0.0385,0.0475,5407.279633642989
Thu Nov 21 2024 11:00:00 GMT+0000 (Greenwich Mean Time),0.0283,0.0387,0.0475,0
Thu Nov 21 2024 12:00:00 GMT+0000 (Greenwich Mean Time),0.0283,0.0389,0.0475,0
Thu Nov 21 2024 13:00:00 GMT+0000 (Greenwich Mean Time),0.0283,0.0391,0.0475,0
Thu Nov 21 2024 14:00:00 GMT+0000 (Greenwich Mean Time),0.0283,0.0376,0.0475,0
Thu Nov 21 2024 15:00:00 GMT+0000 (Greenwich Mean Time),0.0283,0.0376,0.0475,0
Thu Nov 21 2024 16:00:00 GMT+0000 (Greenwich Mean Time),0.0283,0.0376,0.0475,0
Thu Nov 21 2024 17:00:00 GMT+0000 (Greenwich Mean Time),0.0283,0.0376,0.0475,0
Thu Nov 21 2024 18:00:00 GMT+0000 (Greenwich Mean Time),0.0283,0.0376,0.0475,0
Thu Nov 21 2024 19:00:00 GMT+0000 (Greenwich Mean Time),0.0283,0.0376,0.0475,0
Thu Nov 21 2024 20:00:00 GMT+0000 (Greenwich Mean Time),0.0283,0.0376,0.0475,0
Thu Nov 21 2024 21:00:00 GMT+0000 (Greenwich Mean Time),0.0283,0.0376,0.0475,0
Thu Nov 21 2024 22:00:00 GMT+0000 (Greenwich Mean Time),0.0283,0.0376,0.0475,0
Thu Nov 21 2024 23:00:00 GMT+0000 (Greenwich Mean Time),0.0283,0.0376,0.0475,0
Fri Nov 22 2024 00:00:00 GMT+0000 (Greenwich Mean Time),0.0283,0.0376,0.0475,0
Fri Nov 22 2024 01:00:00 GMT+0000 (Greenwich Mean Time),0,0.0376,0.0475,0
Fri Nov 22 2024 02:00:00 GMT+0000 (Greenwich Mean Time),0,0.0376,0.0506,413942.8713734532
Fri Nov 22 2024 03:00:00 GMT+0000 (Greenwich Mean Time),0,0.0376,0.0506,0
Fri Nov 22 2024 04:00:00 GMT+0000 (Greenwich Mean Time),0,0.0376,0.0506,0
Fri Nov 22 2024 05:00:00 GMT+0000 (Greenwich Mean Time),0,0.0376,0.0506,0
Fri Nov 22 2024 06:00:00 GMT+0000 (Greenwich Mean Time),0.0863,0.0453,0.0506,0
Fri Nov 22 2024 07:00:00 GMT+0000 (Greenwich Mean Time),0.0862,0.0453,0.0506,0
Fri Nov 22 2024 08:00:00 GMT+0000 (Greenwich Mean Time),0.0862,0.0453,0.0506,0
Fri Nov 22 2024 09:00:00 GMT+0000 (Greenwich Mean Time),0.0863,0.0453,0.0506,0
Fri Nov 22 2024 10:00:00 GMT+0000 (Greenwich Mean Time),0.0863,0.0453,0.0506,0
Fri Nov 22 2024 11:00:00 GMT+0000 (Greenwich Mean Time),0.0864,0.0453,0.0506,0
Fri Nov 22 2024 12:00:00 GMT+0000 (Greenwich Mean Time),0.0862,0.0453,0.0506,0
Fri Nov 22 2024 13:00:00 GMT+0000 (Greenwich Mean Time),0.0862,0.0453,0.0506,0
Fri Nov 22 2024 14:00:00 GMT+0000 (Greenwich Mean Time),0.0863,0.0453,0.0506,0
Fri Nov 22 2024 15:00:00 GMT+0000 (Greenwich Mean Time),0.0863,0.0453,0.0506,0
Fri Nov 22 2024 16:00:00 GMT+0000 (Greenwich Mean Time),0.0862,0.0453,0.0506,0
Fri Nov 22 2024 17:00:00 GMT+0000 (Greenwich Mean Time),0.0862,0.0453,0.0506,0
Fri Nov 22 2024 18:00:00 GMT+0000 (Greenwich Mean Time),0.0863,0.0453,0.0506,0
Fri Nov 22 2024 19:00:00 GMT+0000 (Greenwich Mean Time),0.0863,0.0453,0.0506,0
Fri Nov 22 2024 20:00:00 GMT+0000 (Greenwich Mean Time),0.0864,0.0453,0.0506,0
Fri Nov 22 2024 21:00:00 GMT+0000 (Greenwich Mean Time),0.0862,0.0453,0.0506,0
Fri Nov 22 2024 22:00:00 GMT+0000 (Greenwich Mean Time),0.0862,0.0453,0.0506,0
Fri Nov 22 2024 23:00:00 GMT+0000 (Greenwich Mean Time),0.0863,0.0453,0.0482,312225.1286574378
Sat Nov 23 2024 00:00:00 GMT+0000 (Greenwich Mean Time),0.0863,0.0453,0.0482,0
Sat Nov 23 2024 01:00:00 GMT+0000 (Greenwich Mean Time),0.0863,0.0453,0.0482,0
Sat Nov 23 2024 02:00:00 GMT+0000 (Greenwich Mean Time),0.0863,0.0453,0.0482,0
Sat Nov 23 2024 03:00:00 GMT+0000 (Greenwich Mean Time),0.0863,0.0453,0.0488,76285.88881046098
Sat Nov 23 2024 04:00:00 GMT+0000 (Greenwich Mean Time),0.0863,0.0453,0.0488,0
Sat Nov 23 2024 05:00:00 GMT+0000 (Greenwich Mean Time),0.0863,0.0453,0.0488,0
Sat Nov 23 2024 06:00:00 GMT+0000 (Greenwich Mean Time),0,0.0453,0.0488,0
Sat Nov 23 2024 07:00:00 GMT+0000 (Greenwich Mean Time),0,0.0453,0.0497,109382.56998687015
Sat Nov 23 2024 08:00:00 GMT+0000 (Greenwich Mean Time),0,0.0453,0.0497,0
Sat Nov 23 2024 09:00:00 GMT+0000 (Greenwich Mean Time),0,0.0453,0.0497,0
Sat Nov 23 2024 10:00:00 GMT+0000 (Greenwich Mean Time),0,0.0453,0.0497,72.98549964324036
Sat Nov 23 2024 11:00:00 GMT+0000 (Greenwich Mean Time),0,0.0453,0.0497,0
Sat Nov 23 2024 12:00:00 GMT+0000 (Greenwich Mean Time),0,0.0453,0.0511,185446.6944850816
Sat Nov 23 2024 13:00:00 GMT+0000 (Greenwich Mean Time),0,0.0453,0.0511,0
Sat Nov 23 2024 14:00:00 GMT+0000 (Greenwich Mean Time),0,0.0453,0.0511,0
Sat Nov 23 2024 15:00:00 GMT+0000 (Greenwich Mean Time),0,0.0453,0.0511,0
Sat Nov 23 2024 16:00:00 GMT+0000 (Greenwich Mean Time),0,0.0453,0.0511,0
Sat Nov 23 2024 17:00:00 GMT+0000 (Greenwich Mean Time),0,0.0453,0.0511,0
Sat Nov 23 2024 18:00:00 GMT+0000 (Greenwich Mean Time),0,0.0453,0.0511,0
Sat Nov 23 2024 19:00:00 GMT+0000 (Greenwich Mean Time),0,0.0453,0.0511,0
Sat Nov 23 2024 20:00:00 GMT+0000 (Greenwich Mean Time),0,0.0453,0.0511,0
Sat Nov 23 2024 21:00:00 GMT+0000 (Greenwich Mean Time),0,0.0453,0.0511,0
Sat Nov 23 2024 22:00:00 GMT+0000 (Greenwich Mean Time),0,0.0453,0.0511,0
Sat Nov 23 2024 23:00:00 GMT+0000 (Greenwich Mean Time),0,0.0453,0.0511,0
Sun Nov 24 2024 00:00:00 GMT+0000 (Greenwich Mean Time),0,0.0453,0.0511,0
Sun Nov 24 2024 01:00:00 GMT+0000 (Greenwich Mean Time),0,0.0471,0.0511,0
Sun Nov 24 2024 02:00:00 GMT+0000 (Greenwich Mean Time),0,0.0471,0.0511,0
Sun Nov 24 2024 03:00:00 GMT+0000 (Greenwich Mean Time),0,0.0471,0.0511,0
Sun Nov 24 2024 04:00:00 GMT+0000 (Greenwich Mean Time),0,0.0471,0.0511,0
Sun Nov 24 2024 05:00:00 GMT+0000 (Greenwich Mean Time),0,0.0471,0.0511,0
Sun Nov 24 2024 06:00:00 GMT+0000 (Greenwich Mean Time),0,0.0471,0.0513,27079.917613573103
Sun Nov 24 2024 07:00:00 GMT+0000 (Greenwich Mean Time),0,0.0471,0.0513,0
Sun Nov 24 2024 08:00:00 GMT+0000 (Greenwich Mean Time),0,0.0471,0.0513,0
Sun Nov 24 2024 09:00:00 GMT+0000 (Greenwich Mean Time),0,0.0471,0.0513,190.96377941160011
Sun Nov 24 2024 10:00:00 GMT+0000 (Greenwich Mean Time),0,0.0471,0.0513,0
Sun Nov 24 2024 11:00:00 GMT+0000 (Greenwich Mean Time),0,0.0471,0.0513,0
Sun Nov 24 2024 12:00:00 GMT+0000 (Greenwich Mean Time),0,0.0471,0.0513,0
Sun Nov 24 2024 13:00:00 GMT+0000 (Greenwich Mean Time),0,0.0471,0.0513,0
Sun Nov 24 2024 14:00:00 GMT+0000 (Greenwich Mean Time),0,0.0471,0.0513,0
Sun Nov 24 2024 15:00:00 GMT+0000 (Greenwich Mean Time),0,0.0471,0.0513,0
Sun Nov 24 2024 16:00:00 GMT+0000 (Greenwich Mean Time),0,0.0471,0.0513,0
Sun Nov 24 2024 17:00:00 GMT+0000 (Greenwich Mean Time),0,0.0471,0.0513,0
Sun Nov 24 2024 18:00:00 GMT+0000 (Greenwich Mean Time),0,0.0471,0.0513,0
Sun Nov 24 2024 19:00:00 GMT+0000 (Greenwich Mean Time),0,0.0471,0.0513,0
Sun Nov 24 2024 20:00:00 GMT+0000 (Greenwich Mean Time),0,0.0471,0.0513,1540.5066815999835
Sun Nov 24 2024 21:00:00 GMT+0000 (Greenwich Mean Time),0,0.0471,0.0513,0
Sun Nov 24 2024 22:00:00 GMT+0000 (Greenwich Mean Time),0,0.0471,0.0513,0
Sun Nov 24 2024 23:00:00 GMT+0000 (Greenwich Mean Time),0.0299,0.0412,0.0513,0
Mon Nov 25 2024 00:00:00 GMT+0000 (Greenwich Mean Time),0.0299,0.0412,0.0513,0
Mon Nov 25 2024 01:00:00 GMT+0000 (Greenwich Mean Time),0.0299,0.0412,0.0513,0
Mon Nov 25 2024 02:00:00 GMT+0000 (Greenwich Mean Time),0.0299,0.0412,0.0513,0
Mon Nov 25 2024 03:00:00 GMT+0000 (Greenwich Mean Time),0.0299,0.0412,0.0492,275000.69794055395
Mon Nov 25 2024 04:00:00 GMT+0000 (Greenwich Mean Time),0.0299,0.0412,0.0492,7.328031468370894
Mon Nov 25 2024 05:00:00 GMT+0000 (Greenwich Mean Time),0.0299,0.0412,0.0492,0
Mon Nov 25 2024 06:00:00 GMT+0000 (Greenwich Mean Time),0.0299,0.0412,0.0492,0
Mon Nov 25 2024 07:00:00 GMT+0000 (Greenwich Mean Time),0.0299,0.0412,0.0492,0
Mon Nov 25 2024 08:00:00 GMT+0000 (Greenwich Mean Time),0.0299,0.0412,0.0492,0
Mon Nov 25 2024 09:00:00 GMT+0000 (Greenwich Mean Time),0.0299,0.0412,0.0492,0
Mon Nov 25 2024 10:00:00 GMT+0000 (Greenwich Mean Time),0.0299,0.0412,0.0492,0
Mon Nov 25 2024 11:00:00 GMT+0000 (Greenwich Mean Time),0.0299,0.0412,0.0492,0
Mon Nov 25 2024 12:00:00 GMT+0000 (Greenwich Mean Time),0.0299,0.0412,0.0492,0
Mon Nov 25 2024 13:00:00 GMT+0000 (Greenwich Mean Time),0.0299,0.0412,0.0492,0
Mon Nov 25 2024 14:00:00 GMT+0000 (Greenwich Mean Time),0.0299,0.0412,0.0492,0
Mon Nov 25 2024 15:00:00 GMT+0000 (Greenwich Mean Time),0.0299,0.0412,0.0492,0
Mon Nov 25 2024 16:00:00 GMT+0000 (Greenwich Mean Time),0.0299,0.0412,0.0492,0
Mon Nov 25 2024 17:00:00 GMT+0000 (Greenwich Mean Time),0.0299,0.0412,0.0492,0
Mon Nov 25 2024 18:00:00 GMT+0000 (Greenwich Mean Time),0.0299,0.0412,0.0492,0
Mon Nov 25 2024 19:00:00 GMT+0000 (Greenwich Mean Time),0.0299,0.0412,0.0493,7353.282785433869
Mon Nov 25 2024 20:00:00 GMT+0000 (Greenwich Mean Time),0.0299,0.0412,0.0493,0
Mon Nov 25 2024 21:00:00 GMT+0000 (Greenwich Mean Time),0.0299,0.0412,0.0493,0
Mon Nov 25 2024 22:00:00 GMT+0000 (Greenwich Mean Time),0.0299,0.0412,0.0493,0
Mon Nov 25 2024 23:00:00 GMT+0000 (Greenwich Mean Time),0,0.0412,0.0493,0
Tue Nov 26 2024 00:00:00 GMT+0000 (Greenwich Mean Time),0,0.0412,0.0493,0
Tue Nov 26 2024 01:00:00 GMT+0000 (Greenwich Mean Time),0,0.0412,0.0493,0
Tue Nov 26 2024 02:00:00 GMT+0000 (Greenwich Mean Time),0,0.0412,0.0493,0
Tue Nov 26 2024 03:00:00 GMT+0000 (Greenwich Mean Time),0,0.0412,0.0493,0
Tue Nov 26 2024 04:00:00 GMT+0000 (Greenwich Mean Time),0,0.0412,0.0493,0
Tue Nov 26 2024 05:00:00 GMT+0000 (Greenwich Mean Time),0,0.0412,0.0493,0
Tue Nov 26 2024 06:00:00 GMT+0000 (Greenwich Mean Time),0,0.0412,0.0493,0
Tue Nov 26 2024 07:00:00 GMT+0000 (Greenwich Mean Time),0,0.0412,0.0493,0
Tue Nov 26 2024 08:00:00 GMT+0000 (Greenwich Mean Time),0,0.0412,0.0493,0
Tue Nov 26 2024 09:00:00 GMT+0000 (Greenwich Mean Time),0,0.0412,0.0493,8972.802074804598
Tue Nov 26 2024 10:00:00 GMT+0000 (Greenwich Mean Time),0,0.0412,0.0497,48101.618127322385
Tue Nov 26 2024 11:00:00 GMT+0000 (Greenwich Mean Time),0,0.0412,0.0497,0
Tue Nov 26 2024 12:00:00 GMT+0000 (Greenwich Mean Time),0,0.0412,0.0497,0
Tue Nov 26 2024 13:00:00 GMT+0000 (Greenwich Mean Time),0,0.0412,0.0497,0
Tue Nov 26 2024 14:00:00 GMT+0000 (Greenwich Mean Time),0,0.0412,0.0497,0
Tue Nov 26 2024 15:00:00 GMT+0000 (Greenwich Mean Time),0,0.0412,0.0497,0
Tue Nov 26 2024 16:00:00 GMT+0000 (Greenwich Mean Time),0,0.0412,0.0497,0
Tue Nov 26 2024 17:00:00 GMT+0000 (Greenwich Mean Time),0,0.0412,0.0497,0
Tue Nov 26 2024 18:00:00 GMT+0000 (Greenwich Mean Time),0,0.0412,0.0497,0
Tue Nov 26 2024 19:00:00 GMT+0000 (Greenwich Mean Time),0,0.0412,0.0497,0
Tue Nov 26 2024 20:00:00 GMT+0000 (Greenwich Mean Time),0,0.0412,0.0497,0
Tue Nov 26 2024 21:00:00 GMT+0000 (Greenwich Mean Time),0,0.0412,0.0497,0
Tue Nov 26 2024 22:00:00 GMT+0000 (Greenwich Mean Time),0,0.0412,0.0497,0
Tue Nov 26 2024 23:00:00 GMT+0000 (Greenwich Mean Time),0,0.0412,0.0497,0
Wed Nov 27 2024 00:00:00 GMT+0000 (Greenwich Mean Time),0,0.0433,0.0497,0
Wed Nov 27 2024 01:00:00 GMT+0000 (Greenwich Mean Time),0,0.0433,0.0497,0
Wed Nov 27 2024 02:00:00 GMT+0000 (Greenwich Mean Time),0,0.0433,0.0497,0
Wed Nov 27 2024 03:00:00 GMT+0000 (Greenwich Mean Time),0,0.0433,0.0497,422.7575478101909
Wed Nov 27 2024 04:00:00 GMT+0000 (Greenwich Mean Time),0,0.0433,0.0497,0
Wed Nov 27 2024 05:00:00 GMT+0000 (Greenwich Mean Time),0,0.0433,0.0497,0
Wed Nov 27 2024 06:00:00 GMT+0000 (Greenwich Mean Time),0,0.0433,0.0497,0
Wed Nov 27 2024 07:00:00 GMT+0000 (Greenwich Mean Time),0,0.0433,0.0497,330.7080046222245
Wed Nov 27 2024 08:00:00 GMT+0000 (Greenwich Mean Time),0,0.0433,0.0497,0
Wed Nov 27 2024 09:00:00 GMT+0000 (Greenwich Mean Time),0,0.0433,0.0502,60562.36102649034
Wed Nov 27 2024 10:00:00 GMT+0000 (Greenwich Mean Time),0,0.0433,0.0502,0
Wed Nov 27 2024 11:00:00 GMT+0000 (Greenwich Mean Time),0,0.0433,0.0502,10602.185421566428
Wed Nov 27 2024 12:00:00 GMT+0000 (Greenwich Mean Time),0,0.0433,0.0501,0
Wed Nov 27 2024 13:00:00 GMT+0000 (Greenwich Mean Time),0,0.0433,0.0501,0
Wed Nov 27 2024 14:00:00 GMT+0000 (Greenwich Mean Time),0,0.0433,0.0501,0
Wed Nov 27 2024 15:00:00 GMT+0000 (Greenwich Mean Time),0,0.0433,0.0501,0
Wed Nov 27 2024 16:00:00 GMT+0000 (Greenwich Mean Time),0,0.0433,0.0501,0
Wed Nov 27 2024 17:00:00 GMT+0000 (Greenwich Mean Time),0,0.0433,0.0501,0
Wed Nov 27 2024 18:00:00 GMT+0000 (Greenwich Mean Time),0,0.0433,0.0501,0
Wed Nov 27 2024 19:00:00 GMT+0000 (Greenwich Mean Time),0,0.0433,0.0501,0
Wed Nov 27 2024 20:00:00 GMT+0000 (Greenwich Mean Time),0,0.0433,0.0501,0
Wed Nov 27 2024 21:00:00 GMT+0000 (Greenwich Mean Time),0,0.0433,0.0501,0
Wed Nov 27 2024 22:00:00 GMT+0000 (Greenwich Mean Time),0,0.0433,0.0501,0
Wed Nov 27 2024 23:00:00 GMT+0000 (Greenwich Mean Time),0,0.0433,0.0501,0
Thu Nov 28 2024 00:00:00 GMT+0000 (Greenwich Mean Time),0,0.0432,0.0501,0
Thu Nov 28 2024 01:00:00 GMT+0000 (Greenwich Mean Time),0.0554,0.0508,0.0501,0
Thu Nov 28 2024 02:00:00 GMT+0000 (Greenwich Mean Time),0.0554,0.0508,0.0501,97681.41439891823
Thu Nov 28 2024 03:00:00 GMT+0000 (Greenwich Mean Time),0.0554,0.0508,0.0501,0
Thu Nov 28 2024 04:00:00 GMT+0000 (Greenwich Mean Time),0.0554,0.0508,0.0501,0
Thu Nov 28 2024 05:00:00 GMT+0000 (Greenwich Mean Time),0.0554,0.0508,0.0501,0
Thu Nov 28 2024 06:00:00 GMT+0000 (Greenwich Mean Time),0.0554,0.0508,0.0507,76618.44839934795
Thu Nov 28 2024 07:00:00 GMT+0000 (Greenwich Mean Time),0.0554,0.0508,0.0507,0
Thu Nov 28 2024 08:00:00 GMT+0000 (Greenwich Mean Time),0.0554,0.0508,0.0507,0
Thu Nov 28 2024 09:00:00 GMT+0000 (Greenwich Mean Time),0.0554,0.0508,0.0507,0
Thu Nov 28 2024 10:00:00 GMT+0000 (Greenwich Mean Time),0.0554,0.0508,0.0507,0
Thu Nov 28 2024 11:00:00 GMT+0000 (Greenwich Mean Time),0.0554,0.0508,0.0507,0
Thu Nov 28 2024 12:00:00 GMT+0000 (Greenwich Mean Time),0.0554,0.0508,0.0507,0
Thu Nov 28 2024 13:00:00 GMT+0000 (Greenwich Mean Time),0.0554,0.0508,0.0507,0
Thu Nov 28 2024 14:00:00 GMT+0000 (Greenwich Mean Time),0.0554,0.0508,0.0507,0
Thu Nov 28 2024 15:00:00 GMT+0000 (Greenwich Mean Time),0.0554,0.0508,0.0507,0
Thu Nov 28 2024 16:00:00 GMT+0000 (Greenwich Mean Time),0.0554,0.0508,0.0507,0
Thu Nov 28 2024 17:00:00 GMT+0000 (Greenwich Mean Time),0.0554,0.0508,0.0507,47074.87392016446
Thu Nov 28 2024 18:00:00 GMT+0000 (Greenwich Mean Time),0.0554,0.0508,0.0511,0
Thu Nov 28 2024 19:00:00 GMT+0000 (Greenwich Mean Time),0.0554,0.0508,0.0511,0
Thu Nov 28 2024 20:00:00 GMT+0000 (Greenwich Mean Time),0.0554,0.0508,0.0511,0
Thu Nov 28 2024 21:00:00 GMT+0000 (Greenwich Mean Time),0.0554,0.0508,0.0511,0
Thu Nov 28 2024 22:00:00 GMT+0000 (Greenwich Mean Time),0.0554,0.0508,0.0511,0
Thu Nov 28 2024 23:00:00 GMT+0000 (Greenwich Mean Time),0.0554,0.0508,0.0511,0
Fri Nov 29 2024 00:00:00 GMT+0000 (Greenwich Mean Time),0.0557,0.0508,0.0511,0
Fri Nov 29 2024 01:00:00 GMT+0000 (Greenwich Mean Time),0,0.0508,0.0511,0
Fri Nov 29 2024 02:00:00 GMT+0000 (Greenwich Mean Time),0,0.0508,0.0511,0
Fri Nov 29 2024 03:00:00 GMT+0000 (Greenwich Mean Time),0,0.0508,0.0511,0
Fri Nov 29 2024 04:00:00 GMT+0000 (Greenwich Mean Time),0,0.0508,0.0508,30411.00772078437
Fri Nov 29 2024 05:00:00 GMT+0000 (Greenwich Mean Time),0,0.0508,0.0508,0
Fri Nov 29 2024 06:00:00 GMT+0000 (Greenwich Mean Time),0,0.0434,0.0508,0
Fri Nov 29 2024 07:00:00 GMT+0000 (Greenwich Mean Time),0,0.0434,0.0508,0
Fri Nov 29 2024 08:00:00 GMT+0000 (Greenwich Mean Time),0,0.0434,0.0508,0
Fri Nov 29 2024 09:00:00 GMT+0000 (Greenwich Mean Time),0.0272,0.0404,0.0508,0
Fri Nov 29 2024 10:00:00 GMT+0000 (Greenwich Mean Time),0.0272,0.0404,0.0508,0
Fri Nov 29 2024 11:00:00 GMT+0000 (Greenwich Mean Time),0.0272,0.0404,0.0508,0
Fri Nov 29 2024 12:00:00 GMT+0000 (Greenwich Mean Time),0.0272,0.0404,0.0508,0
Fri Nov 29 2024 13:00:00 GMT+0000 (Greenwich Mean Time),0.0272,0.0404,0.0508,0
Fri Nov 29 2024 14:00:00 GMT+0000 (Greenwich Mean Time),0.0272,0.0404,0.0508,0
Fri Nov 29 2024 15:00:00 GMT+0000 (Greenwich Mean Time),0.0272,0.0404,0.0508,0
Fri Nov 29 2024 16:00:00 GMT+0000 (Greenwich Mean Time),0.0272,0.0404,0.0508,0
Fri Nov 29 2024 17:00:00 GMT+0000 (Greenwich Mean Time),0.0272,0.0404,0.0508,0
Fri Nov 29 2024 18:00:00 GMT+0000 (Greenwich Mean Time),0.0272,0.0404,0.0508,0
Fri Nov 29 2024 19:00:00 GMT+0000 (Greenwich Mean Time),0.0272,0.0404,0.0508,0
Fri Nov 29 2024 20:00:00 GMT+0000 (Greenwich Mean Time),0.0272,0.0404,0.0508,0
Fri Nov 29 2024 21:00:00 GMT+0000 (Greenwich Mean Time),0.0272,0.0404,0.0508,0
Fri Nov 29 2024 22:00:00 GMT+0000 (Greenwich Mean Time),0.0272,0.0404,0.0508,0
Fri Nov 29 2024 23:00:00 GMT+0000 (Greenwich Mean Time),0.0272,0.0404,0.0508,0
Sat Nov 30 2024 00:00:00 GMT+0000 (Greenwich Mean Time),0.0272,0.0404,0.0508,3407.720639134457
Sat Nov 30 2024 01:00:00 GMT+0000 (Greenwich Mean Time),0.0272,0.0404,0.0509,0
Sat Nov 30 2024 02:00:00 GMT+0000 (Greenwich Mean Time),0.0272,0.0404,0.0509,0
Sat Nov 30 2024 03:00:00 GMT+0000 (Greenwich Mean Time),0.0272,0.0404,0.0509,0
Sat Nov 30 2024 04:00:00 GMT+0000 (Greenwich Mean Time),0.0272,0.0404,0.0509,0
Sat Nov 30 2024 05:00:00 GMT+0000 (Greenwich Mean Time),0.0272,0.0404,0.0509,0
Sat Nov 30 2024 06:00:00 GMT+0000 (Greenwich Mean Time),0.0272,0.0404,0.0509,0
Sat Nov 30 2024 07:00:00 GMT+0000 (Greenwich Mean Time),0.0272,0.0404,0.0509,0
Sat Nov 30 2024 08:00:00 GMT+0000 (Greenwich Mean Time),0.0272,0.0404,0.0509,0
Sat Nov 30 2024 09:00:00 GMT+0000 (Greenwich Mean Time),0,0.0404,0.0509,0
Sat Nov 30 2024 10:00:00 GMT+0000 (Greenwich Mean Time),0,0.0404,0.0509,0
Sat Nov 30 2024 11:00:00 GMT+0000 (Greenwich Mean Time),0,0.0404,0.0509,7957.890679137736
Sat Nov 30 2024 12:00:00 GMT+0000 (Greenwich Mean Time),0,0.0404,0.0505,55796.14156529108
Sat Nov 30 2024 13:00:00 GMT+0000 (Greenwich Mean Time),0,0.0404,0.051,72432.93955287641
Sat Nov 30 2024 14:00:00 GMT+0000 (Greenwich Mean Time),0,0.0404,0.051,0
Sat Nov 30 2024 15:00:00 GMT+0000 (Greenwich Mean Time),0,0.0404,0.051,0
Sat Nov 30 2024 16:00:00 GMT+0000 (Greenwich Mean Time),0,0.0404,0.051,0
Sat Nov 30 2024 17:00:00 GMT+0000 (Greenwich Mean Time),0,0.0404,0.051,0
Sat Nov 30 2024 18:00:00 GMT+0000 (Greenwich Mean Time),0,0.0404,0.051,0
Sat Nov 30 2024 19:00:00 GMT+0000 (Greenwich Mean Time),0,0.0404,0.051,0
Sat Nov 30 2024 20:00:00 GMT+0000 (Greenwich Mean Time),0,0.0404,0.0512,29403.261573501546
Sat Nov 30 2024 21:00:00 GMT+0000 (Greenwich Mean Time),0,0.0404,0.0512,0
Sat Nov 30 2024 22:00:00 GMT+0000 (Greenwich Mean Time),0,0.0404,0.0512,0
Sat Nov 30 2024 23:00:00 GMT+0000 (Greenwich Mean Time),0,0.0404,0.0512,0
Sun Dec 01 2024 00:00:00 GMT+0000 (Greenwich Mean Time),0,0.0404,0.0512,0
Sun Dec 01 2024 01:00:00 GMT+0000 (Greenwich Mean Time),0,0.0404,0.0512,0
Sun Dec 01 2024 02:00:00 GMT+0000 (Greenwich Mean Time),0,0.0404,0.0512,0
Sun Dec 01 2024 03:00:00 GMT+0000 (Greenwich Mean Time),0,0.0404,0.0512,0
Sun Dec 01 2024 04:00:00 GMT+0000 (Greenwich Mean Time),0,0.0404,0.0512,0
Sun Dec 01 2024 05:00:00 GMT+0000 (Greenwich Mean Time),0,0.0404,0.0512,565.631236030783
Sun Dec 01 2024 06:00:00 GMT+0000 (Greenwich Mean Time),0,0.0404,0.0512,0
Sun Dec 01 2024 07:00:00 GMT+0000 (Greenwich Mean Time),0,0.0404,0.0512,0
Sun Dec 01 2024 08:00:00 GMT+0000 (Greenwich Mean Time),0,0.0404,0.0512,0
Sun Dec 01 2024 09:00:00 GMT+0000 (Greenwich Mean Time),0,0.0404,0.0512,0
Sun Dec 01 2024 10:00:00 GMT+0000 (Greenwich Mean Time),0,0.0404,0.0512,0
Sun Dec 01 2024 11:00:00 GMT+0000 (Greenwich Mean Time),0,0.0404,0.0512,0
Sun Dec 01 2024 12:00:00 GMT+0000 (Greenwich Mean Time),0,0.0404,0.0512,0
Sun Dec 01 2024 13:00:00 GMT+0000 (Greenwich Mean Time),0,0.0404,0.0512,0
Sun Dec 01 2024 14:00:00 GMT+0000 (Greenwich Mean Time),0,0.0404,0.0512,0
Sun Dec 01 2024 15:00:00 GMT+0000 (Greenwich Mean Time),0,0.0404,0.0512,0
Sun Dec 01 2024 16:00:00 GMT+0000 (Greenwich Mean Time),0,0.0404,0.0512,0
Sun Dec 01 2024 17:00:00 GMT+0000 (Greenwich Mean Time),0,0.0404,0.0512,0
Sun Dec 01 2024 18:00:00 GMT+0000 (Greenwich Mean Time),0,0.0404,0.0512,0
Sun Dec 01 2024 19:00:00 GMT+0000 (Greenwich Mean Time),0,0.0404,0.0512,0
Sun Dec 01 2024 20:00:00 GMT+0000 (Greenwich Mean Time),0,0.0404,0.0512,0
Sun Dec 01 2024 21:00:00 GMT+0000 (Greenwich Mean Time),0,0.0404,0.0512,0
Sun Dec 01 2024 22:00:00 GMT+0000 (Greenwich Mean Time),0,0.0404,0.0512,0
Sun Dec 01 2024 23:00:00 GMT+0000 (Greenwich Mean Time),0,0.0469,0.0512,0
Mon Dec 02 2024 00:00:00 GMT+0000 (Greenwich Mean Time),0,0.0469,0.0512,0
Mon Dec 02 2024 01:00:00 GMT+0000 (Greenwich Mean Time),0,0.0469,0.0512,0
Mon Dec 02 2024 02:00:00 GMT+0000 (Greenwich Mean Time),0,0.0469,0.0512,0
Mon Dec 02 2024 03:00:00 GMT+0000 (Greenwich Mean Time),0,0.0469,0.0512,0
Mon Dec 02 2024 04:00:00 GMT+0000 (Greenwich Mean Time),0,0.0469,0.0512,0
Mon Dec 02 2024 05:00:00 GMT+0000 (Greenwich Mean Time),0,0.0469,0.0512,0
Mon Dec 02 2024 06:00:00 GMT+0000 (Greenwich Mean Time),0,0.0469,0.0512,0
Mon Dec 02 2024 07:00:00 GMT+0000 (Greenwich Mean Time),0,0.0469,0.0512,0
Mon Dec 02 2024 08:00:00 GMT+0000 (Greenwich Mean Time),0,0.0469,0.0512,0
Mon Dec 02 2024 09:00:00 GMT+0000 (Greenwich Mean Time),0,0.0469,0.0512,0
Mon Dec 02 2024 10:00:00 GMT+0000 (Greenwich Mean Time),0,0.0469,0.0512,0
Mon Dec 02 2024 11:00:00 GMT+0000 (Greenwich Mean Time),0,0.0469,0.0512,0
Mon Dec 02 2024 12:00:00 GMT+0000 (Greenwich Mean Time),0,0.0469,0.0512,0
Mon Dec 02 2024 13:00:00 GMT+0000 (Greenwich Mean Time),0,0.0469,0.0512,0
Mon Dec 02 2024 14:00:00 GMT+0000 (Greenwich Mean Time),0,0.0469,0.0514,25330.610976112333
Mon Dec 02 2024 15:00:00 GMT+0000 (Greenwich Mean Time),0,0.0469,0.0514,0
Mon Dec 02 2024 16:00:00 GMT+0000 (Greenwich Mean Time),0,0.0469,0.0514,0
Mon Dec 02 2024 17:00:00 GMT+0000 (Greenwich Mean Time),0,0.0469,0.0514,0
Mon Dec 02 2024 18:00:00 GMT+0000 (Greenwich Mean Time),0,0.0469,0.0514,0
Mon Dec 02 2024 19:00:00 GMT+0000 (Greenwich Mean Time),0,0.0469,0.0514,0
Mon Dec 02 2024 20:00:00 GMT+0000 (Greenwich Mean Time),0,0.0469,0.0514,0
Mon Dec 02 2024 21:00:00 GMT+0000 (Greenwich Mean Time),0,0.0469,0.0514,0
Mon Dec 02 2024 22:00:00 GMT+0000 (Greenwich Mean Time),0,0.0469,0.0514,0
Mon Dec 02 2024 23:00:00 GMT+0000 (Greenwich Mean Time),0,0.0469,0.0514,0
Tue Dec 03 2024 00:00:00 GMT+0000 (Greenwich Mean Time),0,0.041,0.0514,0
Tue Dec 03 2024 01:00:00 GMT+0000 (Greenwich Mean Time),0,0.041,0.0514,0
Tue Dec 03 2024 02:00:00 GMT+0000 (Greenwich Mean Time),0,0.041,0.0514,0
Tue Dec 03 2024 03:00:00 GMT+0000 (Greenwich Mean Time),0,0.041,0.0514,0
Tue Dec 03 2024 04:00:00 GMT+0000 (Greenwich Mean Time),0,0.041,0.0514,0
Tue Dec 03 2024 05:00:00 GMT+0000 (Greenwich Mean Time),0,0.041,0.0514,0
Tue Dec 03 2024 06:00:00 GMT+0000 (Greenwich Mean Time),0,0.0389,0.0514,0
Tue Dec 03 2024 07:00:00 GMT+0000 (Greenwich Mean Time),0,0.0389,0.0514,0
Tue Dec 03 2024 08:00:00 GMT+0000 (Greenwich Mean Time),0,0.0389,0.0514,0
Tue Dec 03 2024 09:00:00 GMT+0000 (Greenwich Mean Time),0.0283,0.038,0.0514,0
Tue Dec 03 2024 10:00:00 GMT+0000 (Greenwich Mean Time),0.0283,0.038,0.0514,0
Tue Dec 03 2024 11:00:00 GMT+0000 (Greenwich Mean Time),0.0283,0.038,0.0514,0
Tue Dec 03 2024 12:00:00 GMT+0000 (Greenwich Mean Time),0.0283,0.038,0.0514,0
Tue Dec 03 2024 13:00:00 GMT+0000 (Greenwich Mean Time),0.0283,0.038,0.0514,0
Tue Dec 03 2024 14:00:00 GMT+0000 (Greenwich Mean Time),0.0283,0.038,0.0514,0
Tue Dec 03 2024 15:00:00 GMT+0000 (Greenwich Mean Time),0.0283,0.038,0.0514,0
Tue Dec 03 2024 16:00:00 GMT+0000 (Greenwich Mean Time),0.0283,0.038,0.0514,0
Tue Dec 03 2024 17:00:00 GMT+0000 (Greenwich Mean Time),0.0283,0.038,0.0514,0
Tue Dec 03 2024 18:00:00 GMT+0000 (Greenwich Mean Time),0.0283,0.038,0.0514,0
Tue Dec 03 2024 19:00:00 GMT+0000 (Greenwich Mean Time),0.0283,0.038,0.0514,0
Tue Dec 03 2024 20:00:00 GMT+0000 (Greenwich Mean Time),0.0283,0.038,0.0514,0
Tue Dec 03 2024 21:00:00 GMT+0000 (Greenwich Mean Time),0.0283,0.038,0.0514,0
Tue Dec 03 2024 22:00:00 GMT+0000 (Greenwich Mean Time),0.0283,0.038,0.0514,0
Tue Dec 03 2024 23:00:00 GMT+0000 (Greenwich Mean Time),0.0283,0.038,0.0514,0
Wed Dec 04 2024 00:00:00 GMT+0000 (Greenwich Mean Time),0.0336,0.038,0.0514,0
Wed Dec 04 2024 01:00:00 GMT+0000 (Greenwich Mean Time),0.0336,0.038,0.0514,0
Wed Dec 04 2024 02:00:00 GMT+0000 (Greenwich Mean Time),0.0336,0.038,0.0514,0
Wed Dec 04 2024 03:00:00 GMT+0000 (Greenwich Mean Time),0.0336,0.038,0.0514,0
Wed Dec 04 2024 04:00:00 GMT+0000 (Greenwich Mean Time),0.0336,0.038,0.0514,0
Wed Dec 04 2024 05:00:00 GMT+0000 (Greenwich Mean Time),0.0336,0.038,0.0514,0
Wed Dec 04 2024 06:00:00 GMT+0000 (Greenwich Mean Time),0.0364,0.038,0.0514,0
Wed Dec 04 2024 07:00:00 GMT+0000 (Greenwich Mean Time),0.0364,0.038,0.0514,0
Wed Dec 04 2024 08:00:00 GMT+0000 (Greenwich Mean Time),0.0364,0.038,0.0514,0
Wed Dec 04 2024 09:00:00 GMT+0000 (Greenwich Mean Time),0,0.038,0.0514,0
Wed Dec 04 2024 10:00:00 GMT+0000 (Greenwich Mean Time),0,0.038,0.0514,0
Wed Dec 04 2024 11:00:00 GMT+0000 (Greenwich Mean Time),0,0.038,0.0514,0
Wed Dec 04 2024 12:00:00 GMT+0000 (Greenwich Mean Time),0,0.038,0.0514,0
Wed Dec 04 2024 13:00:00 GMT+0000 (Greenwich Mean Time),0,0.038,0.0514,0
Wed Dec 04 2024 14:00:00 GMT+0000 (Greenwich Mean Time),0,0.038,0.0514,0
Wed Dec 04 2024 15:00:00 GMT+0000 (Greenwich Mean Time),0,0.038,0.0514,0
Wed Dec 04 2024 16:00:00 GMT+0000 (Greenwich Mean Time),0,0.038,0.0514,0
Wed Dec 04 2024 17:00:00 GMT+0000 (Greenwich Mean Time),0,0.038,0.0514,0
Wed Dec 04 2024 18:00:00 GMT+0000 (Greenwich Mean Time),0,0.038,0.0514,0
Wed Dec 04 2024 19:00:00 GMT+0000 (Greenwich Mean Time),0,0.038,0.0514,0
Wed Dec 04 2024 20:00:00 GMT+0000 (Greenwich Mean Time),0,0.038,0.0514,0
Wed Dec 04 2024 21:00:00 GMT+0000 (Greenwich Mean Time),0,0.038,0.0514,0
Wed Dec 04 2024 22:00:00 GMT+0000 (Greenwich Mean Time),0,0.038,0.0514,0
Wed Dec 04 2024 23:00:00 GMT+0000 (Greenwich Mean Time),0,0.038,0.0532,264651.2787697853
Thu Dec 05 2024 00:00:00 GMT+0000 (Greenwich Mean Time),0,0.038,0.0532,0
Thu Dec 05 2024 01:00:00 GMT+0000 (Greenwich Mean Time),0,0.028,0.0533,1100.6227757294234
Thu Dec 05 2024 02:00:00 GMT+0000 (Greenwich Mean Time),0,0.028,0.0533,0
Thu Dec 05 2024 03:00:00 GMT+0000 (Greenwich Mean Time),0,0.028,0.0533,0
Thu Dec 05 2024 04:00:00 GMT+0000 (Greenwich Mean Time),0,0.028,0.0533,0
Thu Dec 05 2024 05:00:00 GMT+0000 (Greenwich Mean Time),0,0.028,0.0533,0
Thu Dec 05 2024 06:00:00 GMT+0000 (Greenwich Mean Time),0.0533,0.0345,0.0534,22780.7379745055
Thu Dec 05 2024 07:00:00 GMT+0000 (Greenwich Mean Time),0.0533,0.0345,0.0534,0
Thu Dec 05 2024 08:00:00 GMT+0000 (Greenwich Mean Time),0.0532,0.0345,0.0534,0
Thu Dec 05 2024 09:00:00 GMT+0000 (Greenwich Mean Time),0.0532,0.0345,0.0534,0
Thu Dec 05 2024 10:00:00 GMT+0000 (Greenwich Mean Time),0.0532,0.0345,0.0534,0
Thu Dec 05 2024 11:00:00 GMT+0000 (Greenwich Mean Time),0.0532,0.0345,0.0534,0
Thu Dec 05 2024 12:00:00 GMT+0000 (Greenwich Mean Time),0.0532,0.0345,0.0534,0
Thu Dec 05 2024 13:00:00 GMT+0000 (Greenwich Mean Time),0.0532,0.0345,0.0534,0
Thu Dec 05 2024 14:00:00 GMT+0000 (Greenwich Mean Time),0.0532,0.0345,0.0547,193215.3528047221
Thu Dec 05 2024 15:00:00 GMT+0000 (Greenwich Mean Time),0.0532,0.0345,0.0547,0
Thu Dec 05 2024 16:00:00 GMT+0000 (Greenwich Mean Time),0.0532,0.0345,0.0547,0
Thu Dec 05 2024 17:00:00 GMT+0000 (Greenwich Mean Time),0.0532,0.0345,0.0547,0
Thu Dec 05 2024 18:00:00 GMT+0000 (Greenwich Mean Time),0.0532,0.0345,0.0547,0
Thu Dec 05 2024 19:00:00 GMT+0000 (Greenwich Mean Time),0.0532,0.0345,0.0547,0
Thu Dec 05 2024 20:00:00 GMT+0000 (Greenwich Mean Time),0.0532,0.0345,0.0547,0
Thu Dec 05 2024 21:00:00 GMT+0000 (Greenwich Mean Time),0.0532,0.0345,0.0547,0
Thu Dec 05 2024 22:00:00 GMT+0000 (Greenwich Mean Time),0.0532,0.0345,0.0547,0
Thu Dec 05 2024 23:00:00 GMT+0000 (Greenwich Mean Time),0.0532,0.0345,0.0547,0
Fri Dec 06 2024 00:00:00 GMT+0000 (Greenwich Mean Time),0.0532,0.0345,0.0547,0
Fri Dec 06 2024 01:00:00 GMT+0000 (Greenwich Mean Time),0.0532,0.0345,0.0547,0
Fri Dec 06 2024 02:00:00 GMT+0000 (Greenwich Mean Time),0.0532,0.0345,0.0547,0
Fri Dec 06 2024 03:00:00 GMT+0000 (Greenwich Mean Time),0.0532,0.0345,0.0547,0
Fri Dec 06 2024 04:00:00 GMT+0000 (Greenwich Mean Time),0.0532,0.0345,0.0547,0
Fri Dec 06 2024 05:00:00 GMT+0000 (Greenwich Mean Time),0.0532,0.0345,0.0547,0
Fri Dec 06 2024 06:00:00 GMT+0000 (Greenwich Mean Time),0,0.0345,0.0547,0
Fri Dec 06 2024 07:00:00 GMT+0000 (Greenwich Mean Time),0,0.0345,0.0547,0
Fri Dec 06 2024 08:00:00 GMT+0000 (Greenwich Mean Time),0,0.0345,0.0547,0
Fri Dec 06 2024 09:00:00 GMT+0000 (Greenwich Mean Time),0,0.0361,0.0547,0
Fri Dec 06 2024 10:00:00 GMT+0000 (Greenwich Mean Time),0,0.0361,0.0547,0
Fri Dec 06 2024 11:00:00 GMT+0000 (Greenwich Mean Time),0,0.0361,0.0547,0
Fri Dec 06 2024 12:00:00 GMT+0000 (Greenwich Mean Time),0,0.0361,0.0547,0
Fri Dec 06 2024 13:00:00 GMT+0000 (Greenwich Mean Time),0,0.0361,0.0547,0
Fri Dec 06 2024 14:00:00 GMT+0000 (Greenwich Mean Time),0,0.0361,0.0547,0
Fri Dec 06 2024 15:00:00 GMT+0000 (Greenwich Mean Time),0,0.0361,0.0547,0
Fri Dec 06 2024 16:00:00 GMT+0000 (Greenwich Mean Time),0,0.0361,0.0547,0
Fri Dec 06 2024 17:00:00 GMT+0000 (Greenwich Mean Time),0,0.0361,0.0547,0
Fri Dec 06 2024 18:00:00 GMT+0000 (Greenwich Mean Time),0,0.0361,0.0547,0
Fri Dec 06 2024 19:00:00 GMT+0000 (Greenwich Mean Time),0,0.0361,0.0547,0
Fri Dec 06 2024 20:00:00 GMT+0000 (Greenwich Mean Time),0,0.0361,0.0555,127650.03887167815
Fri Dec 06 2024 21:00:00 GMT+0000 (Greenwich Mean Time),0,0.0361,0.0555,0
Fri Dec 06 2024 22:00:00 GMT+0000 (Greenwich Mean Time),0,0.0361,0.0555,0
Fri Dec 06 2024 23:00:00 GMT+0000 (Greenwich Mean Time),0,0.0361,0.0555,0
Sat Dec 07 2024 00:00:00 GMT+0000 (Greenwich Mean Time),0,0.0361,0.0555,0
Sat Dec 07 2024 01:00:00 GMT+0000 (Greenwich Mean Time),0,0.0361,0.0551,61521.43837022528
Sat Dec 07 2024 02:00:00 GMT+0000 (Greenwich Mean Time),0,0.0361,0.0551,0
Sat Dec 07 2024 03:00:00 GMT+0000 (Greenwich Mean Time),0,0.0361,0.0551,0
Sat Dec 07 2024 04:00:00 GMT+0000 (Greenwich Mean Time),0,0.0361,0.0551,0
Sat Dec 07 2024 05:00:00 GMT+0000 (Greenwich Mean Time),0,0.0361,0.0585,535768.0864776935
Sat Dec 07 2024 06:00:00 GMT+0000 (Greenwich Mean Time),0,0.0361,0.0585,0
Sat Dec 07 2024 07:00:00 GMT+0000 (Greenwich Mean Time),0,0.0361,0.0585,0
Sat Dec 07 2024 08:00:00 GMT+0000 (Greenwich Mean Time),0,0.0361,0.0585,0
Sat Dec 07 2024 09:00:00 GMT+0000 (Greenwich Mean Time),0,0.0361,0.0585,0
Sat Dec 07 2024 10:00:00 GMT+0000 (Greenwich Mean Time),0,0.0361,0.0585,0
Sat Dec 07 2024 11:00:00 GMT+0000 (Greenwich Mean Time),0,0.0361,0.0585,0
Sat Dec 07 2024 12:00:00 GMT+0000 (Greenwich Mean Time),0,0.0361,0.0585,0
Sat Dec 07 2024 13:00:00 GMT+0000 (Greenwich Mean Time),0,0.0361,0.0585,0
Sat Dec 07 2024 14:00:00 GMT+0000 (Greenwich Mean Time),0,0.0361,0.0585,0
Sat Dec 07 2024 15:00:00 GMT+0000 (Greenwich Mean Time),0,0.0361,0.0585,0
Sat Dec 07 2024 16:00:00 GMT+0000 (Greenwich Mean Time),0,0.0361,0.0585,0
Sat Dec 07 2024 17:00:00 GMT+0000 (Greenwich Mean Time),0,0.0361,0.0585,0
Sat Dec 07 2024 18:00:00 GMT+0000 (Greenwich Mean Time),0,0.0361,0.0585,0
Sat Dec 07 2024 19:00:00 GMT+0000 (Greenwich Mean Time),0,0.0361,0.0585,0
Sat Dec 07 2024 20:00:00 GMT+0000 (Greenwich Mean Time),0,0.0361,0.0585,0
Sat Dec 07 2024 21:00:00 GMT+0000 (Greenwich Mean Time),0,0.0361,0.0585,0
Sat Dec 07 2024 22:00:00 GMT+0000 (Greenwich Mean Time),0,0.0361,0.0572,200870.3180282479
Sat Dec 07 2024 23:00:00 GMT+0000 (Greenwich Mean Time),0,0.0361,0.0572,0
Sun Dec 08 2024 00:00:00 GMT+0000 (Greenwich Mean Time),0,0.0361,0.0572,0
Sun Dec 08 2024 01:00:00 GMT+0000 (Greenwich Mean Time),0,0.0361,0.0572,0
Sun Dec 08 2024 02:00:00 GMT+0000 (Greenwich Mean Time),0,0.0361,0.0572,0
Sun Dec 08 2024 03:00:00 GMT+0000 (Greenwich Mean Time),0,0.0361,0.0572,0
Sun Dec 08 2024 04:00:00 GMT+0000 (Greenwich Mean Time),0,0.0361,0.0572,0
Sun Dec 08 2024 05:00:00 GMT+0000 (Greenwich Mean Time),0,0.0361,0.0572,0
Sun Dec 08 2024 06:00:00 GMT+0000 (Greenwich Mean Time),0,0.0361,0.0572,0
Sun Dec 08 2024 07:00:00 GMT+0000 (Greenwich Mean Time),0,0.0361,0.0572,0
Sun Dec 08 2024 08:00:00 GMT+0000 (Greenwich Mean Time),0,0.0361,0.0573,8008.61779559001
Sun Dec 08 2024 09:00:00 GMT+0000 (Greenwich Mean Time),0,0.0361,0.0573,0
Sun Dec 08 2024 10:00:00 GMT+0000 (Greenwich Mean Time),0,0.0361,0.0573,0
Sun Dec 08 2024 11:00:00 GMT+0000 (Greenwich Mean Time),0,0.0361,0.0574,15843.360870627965
Sun Dec 08 2024 12:00:00 GMT+0000 (Greenwich Mean Time),0,0.0361,0.0574,0
Sun Dec 08 2024 13:00:00 GMT+0000 (Greenwich Mean Time),0,0.0361,0.0574,0
Sun Dec 08 2024 14:00:00 GMT+0000 (Greenwich Mean Time),0,0.0361,0.0574,0
Sun Dec 08 2024 15:00:00 GMT+0000 (Greenwich Mean Time),0,0.0361,0.0574,0
Sun Dec 08 2024 16:00:00 GMT+0000 (Greenwich Mean Time),0.0304,0.034,0.0574,0
Sun Dec 08 2024 17:00:00 GMT+0000 (Greenwich Mean Time),0.0304,0.034,0.0574,0
Sun Dec 08 2024 18:00:00 GMT+0000 (Greenwich Mean Time),0.0304,0.034,0.0574,0
Sun Dec 08 2024 19:00:00 GMT+0000 (Greenwich Mean Time),0.0304,0.034,0.0574,0
Sun Dec 08 2024 20:00:00 GMT+0000 (Greenwich Mean Time),0.0304,0.034,0.0574,0
Sun Dec 08 2024 21:00:00 GMT+0000 (Greenwich Mean Time),0.0304,0.034,0.0574,0
Sun Dec 08 2024 22:00:00 GMT+0000 (Greenwich Mean Time),0.0304,0.034,0.0574,949.6816101330584
Sun Dec 08 2024 23:00:00 GMT+0000 (Greenwich Mean Time),0.0304,0.034,0.0574,0
Mon Dec 09 2024 00:00:00 GMT+0000 (Greenwich Mean Time),0.0304,0.034,0.0574,0
Mon Dec 09 2024 01:00:00 GMT+0000 (Greenwich Mean Time),0.0304,0.034,0.0574,0
Mon Dec 09 2024 02:00:00 GMT+0000 (Greenwich Mean Time),0.0304,0.034,0.0574,2675.185555422448
Mon Dec 09 2024 03:00:00 GMT+0000 (Greenwich Mean Time),0.0304,0.034,0.0574,0
Mon Dec 09 2024 04:00:00 GMT+0000 (Greenwich Mean Time),0.0304,0.034,0.0574,0
Mon Dec 09 2024 05:00:00 GMT+0000 (Greenwich Mean Time),0.0304,0.034,0.0574,0
Mon Dec 09 2024 06:00:00 GMT+0000 (Greenwich Mean Time),0.0304,0.034,0.0576,38356.836879336865
Mon Dec 09 2024 07:00:00 GMT+0000 (Greenwich Mean Time),0.0304,0.034,0.0576,0
Mon Dec 09 2024 08:00:00 GMT+0000 (Greenwich Mean Time),0.0304,0.034,0.0576,0
Mon Dec 09 2024 09:00:00 GMT+0000 (Greenwich Mean Time),0.0304,0.034,0.0576,0
Mon Dec 09 2024 10:00:00 GMT+0000 (Greenwich Mean Time),0.0304,0.034,0.0576,0
Mon Dec 09 2024 11:00:00 GMT+0000 (Greenwich Mean Time),0.0304,0.034,0.0577,1847.3206839126287
Mon Dec 09 2024 12:00:00 GMT+0000 (Greenwich Mean Time),0.0304,0.034,0.0577,0
Mon Dec 09 2024 13:00:00 GMT+0000 (Greenwich Mean Time),0.0304,0.034,0.0577,0
Mon Dec 09 2024 14:00:00 GMT+0000 (Greenwich Mean Time),0.0304,0.034,0.0577,1810.4004270385517
Mon Dec 09 2024 15:00:00 GMT+0000 (Greenwich Mean Time),0.0304,0.034,0.0577,0
Mon Dec 09 2024 16:00:00 GMT+0000 (Greenwich Mean Time),0,0.034,0.0577,0
Mon Dec 09 2024 17:00:00 GMT+0000 (Greenwich Mean Time),0,0.034,0.0578,14027.664209864182
Mon Dec 09 2024 18:00:00 GMT+0000 (Greenwich Mean Time),0,0.034,0.0578,0
Mon Dec 09 2024 19:00:00 GMT+0000 (Greenwich Mean Time),0,0.034,0.0578,0
Mon Dec 09 2024 20:00:00 GMT+0000 (Greenwich Mean Time),0,0.034,0.0578,0
Mon Dec 09 2024 21:00:00 GMT+0000 (Greenwich Mean Time),0,0.034,0.0578,0
Mon Dec 09 2024 22:00:00 GMT+0000 (Greenwich Mean Time),0,0.034,0.0578,0
Mon Dec 09 2024 23:00:00 GMT+0000 (Greenwich Mean Time),0,0.034,0.0578,0
Tue Dec 10 2024 00:00:00 GMT+0000 (Greenwich Mean Time),0,0.0365,0.0578,0
Tue Dec 10 2024 01:00:00 GMT+0000 (Greenwich Mean Time),0,0.0365,0.0578,0
Tue Dec 10 2024 02:00:00 GMT+0000 (Greenwich Mean Time),0,0.0365,0.0578,0
Tue Dec 10 2024 03:00:00 GMT+0000 (Greenwich Mean Time),0,0.0365,0.0578,0
Tue Dec 10 2024 04:00:00 GMT+0000 (Greenwich Mean Time),0,0.0365,0.0578,0
Tue Dec 10 2024 05:00:00 GMT+0000 (Greenwich Mean Time),0,0.0365,0.0578,0
Tue Dec 10 2024 06:00:00 GMT+0000 (Greenwich Mean Time),0,0.0376,0.0578,0
Tue Dec 10 2024 07:00:00 GMT+0000 (Greenwich Mean Time),0,0.0376,0.0578,0
Tue Dec 10 2024 08:00:00 GMT+0000 (Greenwich Mean Time),0,0.0376,0.0578,0
Tue Dec 10 2024 09:00:00 GMT+0000 (Greenwich Mean Time),0,0.0384,0.0578,0
Tue Dec 10 2024 10:00:00 GMT+0000 (Greenwich Mean Time),0,0.0384,0.0578,0
Tue Dec 10 2024 11:00:00 GMT+0000 (Greenwich Mean Time),0,0.0384,0.0578,0
Tue Dec 10 2024 12:00:00 GMT+0000 (Greenwich Mean Time),0,0.0384,0.0578,0
Tue Dec 10 2024 13:00:00 GMT+0000 (Greenwich Mean Time),0,0.0384,0.0578,0
Tue Dec 10 2024 14:00:00 GMT+0000 (Greenwich Mean Time),0,0.0384,0.0578,0
Tue Dec 10 2024 15:00:00 GMT+0000 (Greenwich Mean Time),0,0.0384,0.0578,0
Tue Dec 10 2024 16:00:00 GMT+0000 (Greenwich Mean Time),0,0.0384,0.0578,0
Tue Dec 10 2024 17:00:00 GMT+0000 (Greenwich Mean Time),0,0.0384,0.0578,0
Tue Dec 10 2024 18:00:00 GMT+0000 (Greenwich Mean Time),0,0.0384,0.0578,0
Tue Dec 10 2024 19:00:00 GMT+0000 (Greenwich Mean Time),0,0.0384,0.0578,0
Tue Dec 10 2024 20:00:00 GMT+0000 (Greenwich Mean Time),0,0.0384,0.0578,0
Tue Dec 10 2024 21:00:00 GMT+0000 (Greenwich Mean Time),0,0.0384,0.0578,0
Tue Dec 10 2024 22:00:00 GMT+0000 (Greenwich Mean Time),0,0.0384,0.0578,0
Tue Dec 10 2024 23:00:00 GMT+0000 (Greenwich Mean Time),0,0.0384,0.0578,0
Wed Dec 11 2024 00:00:00 GMT+0000 (Greenwich Mean Time),0,0.0384,0.0578,0
Wed Dec 11 2024 01:00:00 GMT+0000 (Greenwich Mean Time),0,0.0384,0.0578,0
Wed Dec 11 2024 02:00:00 GMT+0000 (Greenwich Mean Time),0,0.0384,0.0578,0
Wed Dec 11 2024 03:00:00 GMT+0000 (Greenwich Mean Time),0,0.0384,0.0578,0
Wed Dec 11 2024 04:00:00 GMT+0000 (Greenwich Mean Time),0,0.0384,0.0578,0
Wed Dec 11 2024 05:00:00 GMT+0000 (Greenwich Mean Time),0,0.0384,0.0578,0
Wed Dec 11 2024 06:00:00 GMT+0000 (Greenwich Mean Time),0,0.0384,0.0578,0
Wed Dec 11 2024 07:00:00 GMT+0000 (Greenwich Mean Time),0,0.0384,0.0578,0
Wed Dec 11 2024 08:00:00 GMT+0000 (Greenwich Mean Time),0,0.0384,0.0578,0
Wed Dec 11 2024 09:00:00 GMT+0000 (Greenwich Mean Time),0,0.0384,0.0578,0
Wed Dec 11 2024 10:00:00 GMT+0000 (Greenwich Mean Time),0,0.0384,0.0578,0
Wed Dec 11 2024 11:00:00 GMT+0000 (Greenwich Mean Time),0,0.0384,0.0578,0
Wed Dec 11 2024 12:00:00 GMT+0000 (Greenwich Mean Time),0.0751,0.0511,0.0578,0
Wed Dec 11 2024 13:00:00 GMT+0000 (Greenwich Mean Time),0.0751,0.0511,0.0578,0
Wed Dec 11 2024 14:00:00 GMT+0000 (Greenwich Mean Time),0.0751,0.0511,0.0578,0
Wed Dec 11 2024 15:00:00 GMT+0000 (Greenwich Mean Time),0.0751,0.0511,0.0578,0
Wed Dec 11 2024 16:00:00 GMT+0000 (Greenwich Mean Time),0.0751,0.0511,0.0578,0
Wed Dec 11 2024 17:00:00 GMT+0000 (Greenwich Mean Time),0.0751,0.0511,0.0578,0
Wed Dec 11 2024 18:00:00 GMT+0000 (Greenwich Mean Time),0.0751,0.0511,0.0578,0
Wed Dec 11 2024 19:00:00 GMT+0000 (Greenwich Mean Time),0.0751,0.0511,0.0578,0
Wed Dec 11 2024 20:00:00 GMT+0000 (Greenwich Mean Time),0.0751,0.0511,0.0578,0
Wed Dec 11 2024 21:00:00 GMT+0000 (Greenwich Mean Time),0.0751,0.0511,0.0578,0
Wed Dec 11 2024 22:00:00 GMT+0000 (Greenwich Mean Time),0.0751,0.0511,0.0578,0
Wed Dec 11 2024 23:00:00 GMT+0000 (Greenwich Mean Time),0.0751,0.0511,0.0578,0
Thu Dec 12 2024 00:00:00 GMT+0000 (Greenwich Mean Time),0.0751,0.0511,0.0578,0
Thu Dec 12 2024 01:00:00 GMT+0000 (Greenwich Mean Time),0.0751,0.0511,0.0578,0
Thu Dec 12 2024 02:00:00 GMT+0000 (Greenwich Mean Time),0.0751,0.0511,0.0578,0
Thu Dec 12 2024 03:00:00 GMT+0000 (Greenwich Mean Time),0.0751,0.0511,0.0578,0
Thu Dec 12 2024 04:00:00 GMT+0000 (Greenwich Mean Time),0.0751,0.0511,0.0578,0
Thu Dec 12 2024 05:00:00 GMT+0000 (Greenwich Mean Time),0.0751,0.0511,0.0578,0
Thu Dec 12 2024 06:00:00 GMT+0000 (Greenwich Mean Time),0.0751,0.0505,0.0578,0
Thu Dec 12 2024 07:00:00 GMT+0000 (Greenwich Mean Time),0.0751,0.0505,0.0578,0
Thu Dec 12 2024 08:00:00 GMT+0000 (Greenwich Mean Time),0.0751,0.0505,0.0578,0
Thu Dec 12 2024 09:00:00 GMT+0000 (Greenwich Mean Time),0.0751,0.0505,0.0578,0
Thu Dec 12 2024 10:00:00 GMT+0000 (Greenwich Mean Time),0.0751,0.0505,0.0578,0
Thu Dec 12 2024 11:00:00 GMT+0000 (Greenwich Mean Time),0.075,0.0505,0.0578,0
Thu Dec 12 2024 12:00:00 GMT+0000 (Greenwich Mean Time),0,0.0505,0.0578,0
Thu Dec 12 2024 13:00:00 GMT+0000 (Greenwich Mean Time),0,0.0505,0.0578,0
Thu Dec 12 2024 14:00:00 GMT+0000 (Greenwich Mean Time),0.0286,0.0473,0.0578,0
Thu Dec 12 2024 15:00:00 GMT+0000 (Greenwich Mean Time),0.0286,0.0472,0.0578,0
Thu Dec 12 2024 16:00:00 GMT+0000 (Greenwich Mean Time),0.0286,0.0473,0.0578,0
Thu Dec 12 2024 17:00:00 GMT+0000 (Greenwich Mean Time),0.0286,0.0473,0.0578,0
Thu Dec 12 2024 18:00:00 GMT+0000 (Greenwich Mean Time),0.0286,0.0473,0.0578,0
Thu Dec 12 2024 19:00:00 GMT+0000 (Greenwich Mean Time),0.0286,0.0472,0.0578,0
Thu Dec 12 2024 20:00:00 GMT+0000 (Greenwich Mean Time),0.0286,0.0473,0.0578,0
Thu Dec 12 2024 21:00:00 GMT+0000 (Greenwich Mean Time),0.0286,0.0473,0.0578,0
Thu Dec 12 2024 22:00:00 GMT+0000 (Greenwich Mean Time),0.0286,0.0473,0.0578,0
Thu Dec 12 2024 23:00:00 GMT+0000 (Greenwich Mean Time),0.0286,0.0473,0.0578,0
Fri Dec 13 2024 00:00:00 GMT+0000 (Greenwich Mean Time),0.0286,0.0473,0.0578,0
Fri Dec 13 2024 01:00:00 GMT+0000 (Greenwich Mean Time),0.0287,0.0473,0.0578,0
Fri Dec 13 2024 02:00:00 GMT+0000 (Greenwich Mean Time),0.0287,0.0473,0.0578,0
Fri Dec 13 2024 03:00:00 GMT+0000 (Greenwich Mean Time),0.0287,0.0473,0.0578,0
Fri Dec 13 2024 04:00:00 GMT+0000 (Greenwich Mean Time),0.0286,0.0473,0.0578,0
Fri Dec 13 2024 05:00:00 GMT+0000 (Greenwich Mean Time),0.0287,0.0473,0.0578,0
Fri Dec 13 2024 06:00:00 GMT+0000 (Greenwich Mean Time),0.0287,0.0473,0.0578,0
Fri Dec 13 2024 07:00:00 GMT+0000 (Greenwich Mean Time),0.0287,0.0473,0.0578,0
Fri Dec 13 2024 08:00:00 GMT+0000 (Greenwich Mean Time),0.0286,0.0473,0.0583,84240.76923453284
Fri Dec 13 2024 09:00:00 GMT+0000 (Greenwich Mean Time),0.0286,0.0473,0.0583,0
Fri Dec 13 2024 10:00:00 GMT+0000 (Greenwich Mean Time),0.0286,0.0473,0.0583,0
Fri Dec 13 2024 11:00:00 GMT+0000 (Greenwich Mean Time),0.0287,0.0473,0.0583,0
Fri Dec 13 2024 12:00:00 GMT+0000 (Greenwich Mean Time),0.0286,0.0473,0.058,54381.01774040331
Fri Dec 13 2024 13:00:00 GMT+0000 (Greenwich Mean Time),0.0286,0.0473,0.058,0
Fri Dec 13 2024 14:00:00 GMT+0000 (Greenwich Mean Time),0,0.0473,0.058,0
Fri Dec 13 2024 15:00:00 GMT+0000 (Greenwich Mean Time),0,0.0473,0.058,0
Fri Dec 13 2024 16:00:00 GMT+0000 (Greenwich Mean Time),0,0.0473,0.058,0
Fri Dec 13 2024 17:00:00 GMT+0000 (Greenwich Mean Time),0,0.0473,0.058,0
Fri Dec 13 2024 18:00:00 GMT+0000 (Greenwich Mean Time),0,0.0473,0.058,0
Fri Dec 13 2024 19:00:00 GMT+0000 (Greenwich Mean Time),0,0.0473,0.058,0
Fri Dec 13 2024 20:00:00 GMT+0000 (Greenwich Mean Time),0,0.0473,0.058,0
Fri Dec 13 2024 21:00:00 GMT+0000 (Greenwich Mean Time),0,0.0473,0.058,0
Fri Dec 13 2024 22:00:00 GMT+0000 (Greenwich Mean Time),0,0.0473,0.058,0
Fri Dec 13 2024 23:00:00 GMT+0000 (Greenwich Mean Time),0,0.0473,0.058,0
Sat Dec 14 2024 00:00:00 GMT+0000 (Greenwich Mean Time),0,0.0473,0.058,0
Sat Dec 14 2024 01:00:00 GMT+0000 (Greenwich Mean Time),0,0.0473,0.058,0
Sat Dec 14 2024 02:00:00 GMT+0000 (Greenwich Mean Time),0,0.0473,0.058,0
Sat Dec 14 2024 03:00:00 GMT+0000 (Greenwich Mean Time),0,0.0473,0.058,1928.262172629194
Sat Dec 14 2024 04:00:00 GMT+0000 (Greenwich Mean Time),0,0.0473,0.058,0
Sat Dec 14 2024 05:00:00 GMT+0000 (Greenwich Mean Time),0,0.0472,0.058,0
Sat Dec 14 2024 06:00:00 GMT+0000 (Greenwich Mean Time),0,0.0472,0.0569,158356.9394569841
Sat Dec 14 2024 07:00:00 GMT+0000 (Greenwich Mean Time),0,0.0472,0.0569,0
Sat Dec 14 2024 08:00:00 GMT+0000 (Greenwich Mean Time),0,0.0472,0.0569,0
Sat Dec 14 2024 09:00:00 GMT+0000 (Greenwich Mean Time),0,0.0472,0.0569,0
Sat Dec 14 2024 10:00:00 GMT+0000 (Greenwich Mean Time),0,0.0472,0.0569,0
Sat Dec 14 2024 11:00:00 GMT+0000 (Greenwich Mean Time),0,0.0472,0.0569,129.57596020945263
Sat Dec 14 2024 12:00:00 GMT+0000 (Greenwich Mean Time),0,0.0472,0.0569,0
Sat Dec 14 2024 13:00:00 GMT+0000 (Greenwich Mean Time),0,0.0472,0.057,0
Sat Dec 14 2024 14:00:00 GMT+0000 (Greenwich Mean Time),0,0.0472,0.0569,0
Sat Dec 14 2024 15:00:00 GMT+0000 (Greenwich Mean Time),0,0.0472,0.0569,0
Sat Dec 14 2024 16:00:00 GMT+0000 (Greenwich Mean Time),0,0.0473,0.0569,0
Sat Dec 14 2024 17:00:00 GMT+0000 (Greenwich Mean Time),0,0.0473,0.0569,0
Sat Dec 14 2024 18:00:00 GMT+0000 (Greenwich Mean Time),0,0.0473,0.057,0
Sat Dec 14 2024 19:00:00 GMT+0000 (Greenwich Mean Time),0,0.0473,0.0569,0
Sat Dec 14 2024 20:00:00 GMT+0000 (Greenwich Mean Time),0,0.0473,0.0569,0
Sat Dec 14 2024 21:00:00 GMT+0000 (Greenwich Mean Time),0,0.0473,0.057,0
Sat Dec 14 2024 22:00:00 GMT+0000 (Greenwich Mean Time),0,0.0473,0.0569,0
Sat Dec 14 2024 23:00:00 GMT+0000 (Greenwich Mean Time),0,0.0473,0.0569,0
Sun Dec 15 2024 00:00:00 GMT+0000 (Greenwich Mean Time),0,0.0473,0.0569,0
Sun Dec 15 2024 01:00:00 GMT+0000 (Greenwich Mean Time),0,0.0473,0.0569,0
Sun Dec 15 2024 02:00:00 GMT+0000 (Greenwich Mean Time),0,0.0473,0.057,0
Sun Dec 15 2024 03:00:00 GMT+0000 (Greenwich Mean Time),0,0.0473,0.0569,0
Sun Dec 15 2024 04:00:00 GMT+0000 (Greenwich Mean Time),0,0.0473,0.0569,0
Sun Dec 15 2024 05:00:00 GMT+0000 (Greenwich Mean Time),0,0.0473,0.0573,58271.58147928037
Sun Dec 15 2024 06:00:00 GMT+0000 (Greenwich Mean Time),0,0.0473,0.0573,0
Sun Dec 15 2024 07:00:00 GMT+0000 (Greenwich Mean Time),0,0.0473,0.0573,0
Sun Dec 15 2024 08:00:00 GMT+0000 (Greenwich Mean Time),0,0.0473,0.0573,5885.822316397435
Sun Dec 15 2024 09:00:00 GMT+0000 (Greenwich Mean Time),0,0.0473,0.0573,0
Sun Dec 15 2024 10:00:00 GMT+0000 (Greenwich Mean Time),0,0.0473,0.0573,0
Sun Dec 15 2024 11:00:00 GMT+0000 (Greenwich Mean Time),0,0.0473,0.0573,0
Sun Dec 15 2024 12:00:00 GMT+0000 (Greenwich Mean Time),0,0.0473,0.0573,0
Sun Dec 15 2024 13:00:00 GMT+0000 (Greenwich Mean Time),0,0.0473,0.0573,0
Sun Dec 15 2024 14:00:00 GMT+0000 (Greenwich Mean Time),0,0.0473,0.0573,0
Sun Dec 15 2024 15:00:00 GMT+0000 (Greenwich Mean Time),0,0.0473,0.0573,2514.4432037020747
Sun Dec 15 2024 16:00:00 GMT+0000 (Greenwich Mean Time),0,0.0621,0.0573,0
Sun Dec 15 2024 17:00:00 GMT+0000 (Greenwich Mean Time),0,0.0621,0.0573,8302.903547937927
Sun Dec 15 2024 18:00:00 GMT+0000 (Greenwich Mean Time),0,0.0621,0.0573,39.60539413633028
Sun Dec 15 2024 19:00:00 GMT+0000 (Greenwich Mean Time),0,0.0621,0.0573,0
Sun Dec 15 2024 20:00:00 GMT+0000 (Greenwich Mean Time),0,0.0621,0.0573,0
Sun Dec 15 2024 21:00:00 GMT+0000 (Greenwich Mean Time),0,0.0621,0.0573,0
Sun Dec 15 2024 22:00:00 GMT+0000 (Greenwich Mean Time),0,0.0621,0.0573,0
Sun Dec 15 2024 23:00:00 GMT+0000 (Greenwich Mean Time),0,0.0621,0.0573,0
Mon Dec 16 2024 00:00:00 GMT+0000 (Greenwich Mean Time),0,0.0563,0.0573,0
Mon Dec 16 2024 01:00:00 GMT+0000 (Greenwich Mean Time),0,0.0563,0.0573,0
Mon Dec 16 2024 02:00:00 GMT+0000 (Greenwich Mean Time),0,0.0563,0.0573,0
Mon Dec 16 2024 03:00:00 GMT+0000 (Greenwich Mean Time),0,0.0563,0.0573,0
Mon Dec 16 2024 04:00:00 GMT+0000 (Greenwich Mean Time),0,0.0563,0.0573,0
Mon Dec 16 2024 05:00:00 GMT+0000 (Greenwich Mean Time),0.0287,0.0459,0.0573,0
Mon Dec 16 2024 06:00:00 GMT+0000 (Greenwich Mean Time),0.0287,0.0459,0.0573,0
Mon Dec 16 2024 07:00:00 GMT+0000 (Greenwich Mean Time),0.0287,0.0459,0.0573,0
Mon Dec 16 2024 08:00:00 GMT+0000 (Greenwich Mean Time),0.0287,0.0459,0.0573,0
Mon Dec 16 2024 09:00:00 GMT+0000 (Greenwich Mean Time),0.0287,0.0459,0.0573,0
Mon Dec 16 2024 10:00:00 GMT+0000 (Greenwich Mean Time),0.0287,0.0459,0.0573,0
Mon Dec 16 2024 11:00:00 GMT+0000 (Greenwich Mean Time),0.0287,0.0459,0.0573,0
Mon Dec 16 2024 12:00:00 GMT+0000 (Greenwich Mean Time),0.0287,0.0459,0.0573,0
Mon Dec 16 2024 13:00:00 GMT+0000 (Greenwich Mean Time),0.0287,0.0459,0.0573,0
Mon Dec 16 2024 14:00:00 GMT+0000 (Greenwich Mean Time),0.0287,0.0459,0.0573,0
Mon Dec 16 2024 15:00:00 GMT+0000 (Greenwich Mean Time),0.0287,0.0459,0.0573,0
Mon Dec 16 2024 16:00:00 GMT+0000 (Greenwich Mean Time),0.0287,0.0459,0.0573,0
Mon Dec 16 2024 17:00:00 GMT+0000 (Greenwich Mean Time),0.0287,0.0459,0.0573,0
Mon Dec 16 2024 18:00:00 GMT+0000 (Greenwich Mean Time),0.0287,0.0459,0.0573,0
Mon Dec 16 2024 19:00:00 GMT+0000 (Greenwich Mean Time),0.0287,0.0459,0.0573,0
Mon Dec 16 2024 20:00:00 GMT+0000 (Greenwich Mean Time),0.0287,0.0459,0.0573,0
Mon Dec 16 2024 21:00:00 GMT+0000 (Greenwich Mean Time),0.0287,0.0459,0.0573,0
Mon Dec 16 2024 22:00:00 GMT+0000 (Greenwich Mean Time),0.0287,0.0459,0.0573,0
Mon Dec 16 2024 23:00:00 GMT+0000 (Greenwich Mean Time),0.0287,0.0459,0.0573,0
Tue Dec 17 2024 00:00:00 GMT+0000 (Greenwich Mean Time),0.0322,0.046,0.0573,0
Tue Dec 17 2024 01:00:00 GMT+0000 (Greenwich Mean Time),0.0322,0.0459,0.0573,0
Tue Dec 17 2024 02:00:00 GMT+0000 (Greenwich Mean Time),0.0322,0.0459,0.0573,12193.144684004392
Tue Dec 17 2024 03:00:00 GMT+0000 (Greenwich Mean Time),0.0322,0.0459,0.0573,0
Tue Dec 17 2024 04:00:00 GMT+0000 (Greenwich Mean Time),0.0322,0.0459,0.0571,39196.55384390716
Tue Dec 17 2024 05:00:00 GMT+0000 (Greenwich Mean Time),0,0.0459,0.0571,0
Tue Dec 17 2024 06:00:00 GMT+0000 (Greenwich Mean Time),0,0.0459,0.0571,0
Tue Dec 17 2024 07:00:00 GMT+0000 (Greenwich Mean Time),0,0.0459,0.0571,0
Tue Dec 17 2024 08:00:00 GMT+0000 (Greenwich Mean Time),0,0.0459,0.0571,0
Tue Dec 17 2024 09:00:00 GMT+0000 (Greenwich Mean Time),0,0.0459,0.0571,0
Tue Dec 17 2024 10:00:00 GMT+0000 (Greenwich Mean Time),0,0.0459,0.0571,0
Tue Dec 17 2024 11:00:00 GMT+0000 (Greenwich Mean Time),0,0.0459,0.0571,0
Tue Dec 17 2024 12:00:00 GMT+0000 (Greenwich Mean Time),0,0.0459,0.0571,0
Tue Dec 17 2024 13:00:00 GMT+0000 (Greenwich Mean Time),0,0.0459,0.0571,0
Tue Dec 17 2024 14:00:00 GMT+0000 (Greenwich Mean Time),0,0.0459,0.0571,0
Tue Dec 17 2024 15:00:00 GMT+0000 (Greenwich Mean Time),0,0.0459,0.0571,0
Tue Dec 17 2024 16:00:00 GMT+0000 (Greenwich Mean Time),0,0.0459,0.0572,20825.31780927461
Tue Dec 17 2024 17:00:00 GMT+0000 (Greenwich Mean Time),0,0.0459,0.0572,0
Tue Dec 17 2024 18:00:00 GMT+0000 (Greenwich Mean Time),0,0.0459,0.0572,0
Tue Dec 17 2024 19:00:00 GMT+0000 (Greenwich Mean Time),0,0.0459,0.0572,0
Tue Dec 17 2024 20:00:00 GMT+0000 (Greenwich Mean Time),0,0.0459,0.0572,0
Tue Dec 17 2024 21:00:00 GMT+0000 (Greenwich Mean Time),0,0.0459,0.056,194359.90486399306
Tue Dec 17 2024 22:00:00 GMT+0000 (Greenwich Mean Time),0,0.0459,0.056,0
Tue Dec 17 2024 23:00:00 GMT+0000 (Greenwich Mean Time),0,0.0459,0.056,0
Wed Dec 18 2024 00:00:00 GMT+0000 (Greenwich Mean Time),0,0.0459,0.056,0
Wed Dec 18 2024 01:00:00 GMT+0000 (Greenwich Mean Time),0,0.0459,0.056,0
Wed Dec 18 2024 02:00:00 GMT+0000 (Greenwich Mean Time),0,0.0459,0.056,0
Wed Dec 18 2024 03:00:00 GMT+0000 (Greenwich Mean Time),0,0.0459,0.056,0
Wed Dec 18 2024 04:00:00 GMT+0000 (Greenwich Mean Time),0,0.0459,0.056,0
Wed Dec 18 2024 05:00:00 GMT+0000 (Greenwich Mean Time),0,0.0459,0.056,0
Wed Dec 18 2024 06:00:00 GMT+0000 (Greenwich Mean Time),0,0.0459,0.056,0
Wed Dec 18 2024 07:00:00 GMT+0000 (Greenwich Mean Time),0,0.0459,0.056,0
Wed Dec 18 2024 08:00:00 GMT+0000 (Greenwich Mean Time),0,0.0459,0.056,0
Wed Dec 18 2024 09:00:00 GMT+0000 (Greenwich Mean Time),0,0.0459,0.056,3331.6539260748636
Wed Dec 18 2024 10:00:00 GMT+0000 (Greenwich Mean Time),0,0.0459,0.056,0
Wed Dec 18 2024 11:00:00 GMT+0000 (Greenwich Mean Time),0,0.0459,0.056,0
Wed Dec 18 2024 12:00:00 GMT+0000 (Greenwich Mean Time),0,0.0286,0.056,0
Wed Dec 18 2024 13:00:00 GMT+0000 (Greenwich Mean Time),0,0.0286,0.056,0
Wed Dec 18 2024 14:00:00 GMT+0000 (Greenwich Mean Time),0,0.0286,0.056,0
Wed Dec 18 2024 15:00:00 GMT+0000 (Greenwich Mean Time),0,0.0286,0.056,0
Wed Dec 18 2024 16:00:00 GMT+0000 (Greenwich Mean Time),0,0.0286,0.056,0
Wed Dec 18 2024 17:00:00 GMT+0000 (Greenwich Mean Time),0,0.0286,0.056,0
Wed Dec 18 2024 18:00:00 GMT+0000 (Greenwich Mean Time),0,0.0286,0.056,0
Wed Dec 18 2024 19:00:00 GMT+0000 (Greenwich Mean Time),0,0.0286,0.056,0
Wed Dec 18 2024 20:00:00 GMT+0000 (Greenwich Mean Time),0,0.0286,0.056,0
Wed Dec 18 2024 21:00:00 GMT+0000 (Greenwich Mean Time),0,0.0286,0.056,0
Wed Dec 18 2024 22:00:00 GMT+0000 (Greenwich Mean Time),0,0.0286,0.056,0
Wed Dec 18 2024 23:00:00 GMT+0000 (Greenwich Mean Time),0,0.0286,0.056,0
Thu Dec 19 2024 00:00:00 GMT+0000 (Greenwich Mean Time),0,0.0287,0.056,0
Thu Dec 19 2024 01:00:00 GMT+0000 (Greenwich Mean Time),0,0.0287,0.056,0
Thu Dec 19 2024 02:00:00 GMT+0000 (Greenwich Mean Time),0,0.0287,0.056,0
Thu Dec 19 2024 03:00:00 GMT+0000 (Greenwich Mean Time),0,0.0287,0.056,0
Thu Dec 19 2024 04:00:00 GMT+0000 (Greenwich Mean Time),0,0.0287,0.056,0
Thu Dec 19 2024 05:00:00 GMT+0000 (Greenwich Mean Time),0,0.0287,0.056,0
Thu Dec 19 2024 06:00:00 GMT+0000 (Greenwich Mean Time),0,0.0287,0.056,0
Thu Dec 19 2024 07:00:00 GMT+0000 (Greenwich Mean Time),0,0.0287,0.056,0
Thu Dec 19 2024 08:00:00 GMT+0000 (Greenwich Mean Time),0,0.0287,0.056,0
Thu Dec 19 2024 09:00:00 GMT+0000 (Greenwich Mean Time),0,0.0287,0.056,0
Thu Dec 19 2024 10:00:00 GMT+0000 (Greenwich Mean Time),0,0.0287,0.056,208998.73031545372
Thu Dec 19 2024 11:00:00 GMT+0000 (Greenwich Mean Time),0,0.0287,0.0575,0
Thu Dec 19 2024 12:00:00 GMT+0000 (Greenwich Mean Time),0,0.0287,0.0575,0
Thu Dec 19 2024 13:00:00 GMT+0000 (Greenwich Mean Time),0.0586,0.0409,0.0575,0
Thu Dec 19 2024 14:00:00 GMT+0000 (Greenwich Mean Time),0.0586,0.0429,0.0575,0
Thu Dec 19 2024 15:00:00 GMT+0000 (Greenwich Mean Time),0.0586,0.0428,0.0575,0
Thu Dec 19 2024 16:00:00 GMT+0000 (Greenwich Mean Time),0.0586,0.0428,0.0575,0
Thu Dec 19 2024 17:00:00 GMT+0000 (Greenwich Mean Time),0.0586,0.0429,0.0575,0
Thu Dec 19 2024 18:00:00 GMT+0000 (Greenwich Mean Time),0.0586,0.0429,0.0575,0
Thu Dec 19 2024 19:00:00 GMT+0000 (Greenwich Mean Time),0.0586,0.0428,0.0575,0
Thu Dec 19 2024 20:00:00 GMT+0000 (Greenwich Mean Time),0.0586,0.0429,0.0575,0
Thu Dec 19 2024 21:00:00 GMT+0000 (Greenwich Mean Time),0.0586,0.0428,0.0575,0
Thu Dec 19 2024 22:00:00 GMT+0000 (Greenwich Mean Time),0.0586,0.0429,0.0575,0
Thu Dec 19 2024 23:00:00 GMT+0000 (Greenwich Mean Time),0.0586,0.0429,0.0575,0
Fri Dec 20 2024 00:00:00 GMT+0000 (Greenwich Mean Time),0.0586,0.0429,0.0575,0
Fri Dec 20 2024 01:00:00 GMT+0000 (Greenwich Mean Time),0.0586,0.0429,0.0575,0
Fri Dec 20 2024 02:00:00 GMT+0000 (Greenwich Mean Time),0.0586,0.0429,0.0575,0
Fri Dec 20 2024 03:00:00 GMT+0000 (Greenwich Mean Time),0.0586,0.0429,0.0575,0
Fri Dec 20 2024 04:00:00 GMT+0000 (Greenwich Mean Time),0.0586,0.0429,0.0575,0
Fri Dec 20 2024 05:00:00 GMT+0000 (Greenwich Mean Time),0.0586,0.0429,0.0575,0
Fri Dec 20 2024 06:00:00 GMT+0000 (Greenwich Mean Time),0.0586,0.0429,0.0575,0
Fri Dec 20 2024 07:00:00 GMT+0000 (Greenwich Mean Time),0.0586,0.0429,0.0575,0
Fri Dec 20 2024 08:00:00 GMT+0000 (Greenwich Mean Time),0.0586,0.0429,0.0575,0
Fri Dec 20 2024 09:00:00 GMT+0000 (Greenwich Mean Time),0.0586,0.0429,0.0575,0
Fri Dec 20 2024 10:00:00 GMT+0000 (Greenwich Mean Time),0.0586,0.0429,0.0575,0
Fri Dec 20 2024 11:00:00 GMT+0000 (Greenwich Mean Time),0.0586,0.0429,0.0575,0
Fri Dec 20 2024 12:00:00 GMT+0000 (Greenwich Mean Time),0.0586,0.0429,0.0575,0
Fri Dec 20 2024 13:00:00 GMT+0000 (Greenwich Mean Time),0,0.0429,0.0575,0
Fri Dec 20 2024 14:00:00 GMT+0000 (Greenwich Mean Time),0,0.0429,0.0575,0
Fri Dec 20 2024 15:00:00 GMT+0000 (Greenwich Mean Time),0,0.0429,0.0575,0
Fri Dec 20 2024 16:00:00 GMT+0000 (Greenwich Mean Time),0,0.0429,0.0575,0
Fri Dec 20 2024 17:00:00 GMT+0000 (Greenwich Mean Time),0,0.0429,0.0575,0
Fri Dec 20 2024 18:00:00 GMT+0000 (Greenwich Mean Time),0,0.0429,0.0575,0
Fri Dec 20 2024 19:00:00 GMT+0000 (Greenwich Mean Time),0,0.0429,0.0575,0
Fri Dec 20 2024 20:00:00 GMT+0000 (Greenwich Mean Time),0,0.0429,0.0575,0
Fri Dec 20 2024 21:00:00 GMT+0000 (Greenwich Mean Time),0,0.0429,0.0575,0
Fri Dec 20 2024 22:00:00 GMT+0000 (Greenwich Mean Time),0,0.0429,0.0575,0
Fri Dec 20 2024 23:00:00 GMT+0000 (Greenwich Mean Time),0,0.0429,0.0575,0
Sat Dec 21 2024 00:00:00 GMT+0000 (Greenwich Mean Time),0,0.0429,0.0575,0
Sat Dec 21 2024 01:00:00 GMT+0000 (Greenwich Mean Time),0,0.0429,0.0575,0
Sat Dec 21 2024 02:00:00 GMT+0000 (Greenwich Mean Time),0.035,0.0414,0.0556,237462.7801306803
Sat Dec 21 2024 03:00:00 GMT+0000 (Greenwich Mean Time),0.035,0.0414,0.0556,0
Sat Dec 21 2024 04:00:00 GMT+0000 (Greenwich Mean Time),0.035,0.0414,0.0556,0
Sat Dec 21 2024 05:00:00 GMT+0000 (Greenwich Mean Time),0.035,0.0414,0.0556,0
Sat Dec 21 2024 06:00:00 GMT+0000 (Greenwich Mean Time),0.035,0.0414,0.0556,0
Sat Dec 21 2024 07:00:00 GMT+0000 (Greenwich Mean Time),0.035,0.0414,0.0564,100888.27579920525
Sat Dec 21 2024 08:00:00 GMT+0000 (Greenwich Mean Time),0.035,0.0414,0.0564,0
Sat Dec 21 2024 09:00:00 GMT+0000 (Greenwich Mean Time),0.035,0.0414,0.0564,0
Sat Dec 21 2024 10:00:00 GMT+0000 (Greenwich Mean Time),0.035,0.0414,0.0564,0
Sat Dec 21 2024 11:00:00 GMT+0000 (Greenwich Mean Time),0.035,0.0414,0.0564,3315.504461778367
Sat Dec 21 2024 12:00:00 GMT+0000 (Greenwich Mean Time),0.035,0.0414,0.0564,0
Sat Dec 21 2024 13:00:00 GMT+0000 (Greenwich Mean Time),0.035,0.0414,0.0565,13836.764826684324
Sat Dec 21 2024 14:00:00 GMT+0000 (Greenwich Mean Time),0.035,0.0414,0.0565,0
Sat Dec 21 2024 15:00:00 GMT+0000 (Greenwich Mean Time),0.035,0.0414,0.0565,0
Sat Dec 21 2024 16:00:00 GMT+0000 (Greenwich Mean Time),0.035,0.0414,0.0565,0
Sat Dec 21 2024 17:00:00 GMT+0000 (Greenwich Mean Time),0.035,0.0414,0.0565,0
Sat Dec 21 2024 18:00:00 GMT+0000 (Greenwich Mean Time),0.035,0.0414,0.0565,0
Sat Dec 21 2024 19:00:00 GMT+0000 (Greenwich Mean Time),0.035,0.0414,0.0565,0
Sat Dec 21 2024 20:00:00 GMT+0000 (Greenwich Mean Time),0.035,0.0414,0.0565,0
Sat Dec 21 2024 21:00:00 GMT+0000 (Greenwich Mean Time),0.035,0.0414,0.0565,0
Sat Dec 21 2024 22:00:00 GMT+0000 (Greenwich Mean Time),0.035,0.0414,0.0565,0
Sat Dec 21 2024 23:00:00 GMT+0000 (Greenwich Mean Time),0.035,0.0414,0.0565,0
Sun Dec 22 2024 00:00:00 GMT+0000 (Greenwich Mean Time),0.035,0.0414,0.0565,0
Sun Dec 22 2024 01:00:00 GMT+0000 (Greenwich Mean Time),0.035,0.0414,0.0565,0
Sun Dec 22 2024 02:00:00 GMT+0000 (Greenwich Mean Time),0,0.0414,0.0565,0
Sun Dec 22 2024 03:00:00 GMT+0000 (Greenwich Mean Time),0,0.0414,0.0566,1265.0278515723212
Sun Dec 22 2024 04:00:00 GMT+0000 (Greenwich Mean Time),0,0.0414,0.0566,0
Sun Dec 22 2024 05:00:00 GMT+0000 (Greenwich Mean Time),0,0.0414,0.0566,0
Sun Dec 22 2024 06:00:00 GMT+0000 (Greenwich Mean Time),0,0.0414,0.0566,0
Sun Dec 22 2024 07:00:00 GMT+0000 (Greenwich Mean Time),0,0.0414,0.0566,0
Sun Dec 22 2024 08:00:00 GMT+0000 (Greenwich Mean Time),0,0.0414,0.0566,2589.6724860762893
Sun Dec 22 2024 09:00:00 GMT+0000 (Greenwich Mean Time),0,0.0414,0.0566,6126.804496531797
Sun Dec 22 2024 10:00:00 GMT+0000 (Greenwich Mean Time),0,0.0414,0.0569,28224.789999943234
Sun Dec 22 2024 11:00:00 GMT+0000 (Greenwich Mean Time),0,0.0414,0.0569,0
Sun Dec 22 2024 12:00:00 GMT+0000 (Greenwich Mean Time),0,0.0414,0.0569,0
Sun Dec 22 2024 13:00:00 GMT+0000 (Greenwich Mean Time),0,0.0414,0.0569,0
Sun Dec 22 2024 14:00:00 GMT+0000 (Greenwich Mean Time),0,0.0414,0.0569,0
Sun Dec 22 2024 15:00:00 GMT+0000 (Greenwich Mean Time),0,0.0414,0.0569,247.98834753647722
Sun Dec 22 2024 16:00:00 GMT+0000 (Greenwich Mean Time),0,0.0414,0.0569,0
Sun Dec 22 2024 17:00:00 GMT+0000 (Greenwich Mean Time),0,0.0414,0.0569,0
Sun Dec 22 2024 18:00:00 GMT+0000 (Greenwich Mean Time),0,0.0414,0.0569,0
Sun Dec 22 2024 19:00:00 GMT+0000 (Greenwich Mean Time),0,0.0414,0.0569,0
Sun Dec 22 2024 20:00:00 GMT+0000 (Greenwich Mean Time),0,0.0414,0.0569,0
Sun Dec 22 2024 21:00:00 GMT+0000 (Greenwich Mean Time),0,0.0414,0.0569,0
Sun Dec 22 2024 22:00:00 GMT+0000 (Greenwich Mean Time),0,0.0414,0.0569,0
Sun Dec 22 2024 23:00:00 GMT+0000 (Greenwich Mean Time),0,0.0414,0.0569,0
Mon Dec 23 2024 00:00:00 GMT+0000 (Greenwich Mean Time),0,0.0435,0.0569,0
Mon Dec 23 2024 01:00:00 GMT+0000 (Greenwich Mean Time),0,0.0435,0.0569,0
Mon Dec 23 2024 02:00:00 GMT+0000 (Greenwich Mean Time),0,0.0435,0.0569,0
Mon Dec 23 2024 03:00:00 GMT+0000 (Greenwich Mean Time),0,0.0435,0.0569,620.3429159310244
Mon Dec 23 2024 04:00:00 GMT+0000 (Greenwich Mean Time),0,0.0435,0.0569,0
Mon Dec 23 2024 05:00:00 GMT+0000 (Greenwich Mean Time),0,0.051,0.0569,0
Mon Dec 23 2024 06:00:00 GMT+0000 (Greenwich Mean Time),0,0.051,0.0577,99701.61667570118
Mon Dec 23 2024 07:00:00 GMT+0000 (Greenwich Mean Time),0,0.051,0.0577,0
Mon Dec 23 2024 08:00:00 GMT+0000 (Greenwich Mean Time),0,0.051,0.0577,0
Mon Dec 23 2024 09:00:00 GMT+0000 (Greenwich Mean Time),0,0.051,0.0577,0
Mon Dec 23 2024 10:00:00 GMT+0000 (Greenwich Mean Time),0,0.051,0.0577,0
Mon Dec 23 2024 11:00:00 GMT+0000 (Greenwich Mean Time),0,0.051,0.0577,0
Mon Dec 23 2024 12:00:00 GMT+0000 (Greenwich Mean Time),0,0.051,0.0577,0
Mon Dec 23 2024 13:00:00 GMT+0000 (Greenwich Mean Time),0,0.051,0.0577,0
Mon Dec 23 2024 14:00:00 GMT+0000 (Greenwich Mean Time),0,0.051,0.0577,0
Mon Dec 23 2024 15:00:00 GMT+0000 (Greenwich Mean Time),0,0.051,0.0577,0
Mon Dec 23 2024 16:00:00 GMT+0000 (Greenwich Mean Time),0,0.051,0.0577,0
Mon Dec 23 2024 17:00:00 GMT+0000 (Greenwich Mean Time),0,0.051,0.0577,0
Mon Dec 23 2024 18:00:00 GMT+0000 (Greenwich Mean Time),0,0.051,0.0577,0
Mon Dec 23 2024 19:00:00 GMT+0000 (Greenwich Mean Time),0,0.051,0.0577,0
Mon Dec 23 2024 20:00:00 GMT+0000 (Greenwich Mean Time),0,0.051,0.0577,0
Mon Dec 23 2024 21:00:00 GMT+0000 (Greenwich Mean Time),0,0.051,0.0577,0
Mon Dec 23 2024 22:00:00 GMT+0000 (Greenwich Mean Time),0,0.051,0.0577,0
Mon Dec 23 2024 23:00:00 GMT+0000 (Greenwich Mean Time),0,0.051,0.058,35289.61875225446
Tue Dec 24 2024 00:00:00 GMT+0000 (Greenwich Mean Time),0,0.051,0.058,0
Tue Dec 24 2024 01:00:00 GMT+0000 (Greenwich Mean Time),0,0.051,0.058,0
Tue Dec 24 2024 02:00:00 GMT+0000 (Greenwich Mean Time),0.0295,0.0427,0.058,0
Tue Dec 24 2024 03:00:00 GMT+0000 (Greenwich Mean Time),0.0295,0.0427,0.058,0
Tue Dec 24 2024 04:00:00 GMT+0000 (Greenwich Mean Time),0.0295,0.0427,0.0589,118942.27899584301
Tue Dec 24 2024 05:00:00 GMT+0000 (Greenwich Mean Time),0.0295,0.0427,0.0592,36779.30562381704
Tue Dec 24 2024 06:00:00 GMT+0000 (Greenwich Mean Time),0.0295,0.0427,0.0592,0
Tue Dec 24 2024 07:00:00 GMT+0000 (Greenwich Mean Time),0.0295,0.0427,0.0592,0
Tue Dec 24 2024 08:00:00 GMT+0000 (Greenwich Mean Time),0.0295,0.0427,0.0592,0
Tue Dec 24 2024 09:00:00 GMT+0000 (Greenwich Mean Time),0.0295,0.0427,0.0592,0
Tue Dec 24 2024 10:00:00 GMT+0000 (Greenwich Mean Time),0.0295,0.0427,0.0592,0
Tue Dec 24 2024 11:00:00 GMT+0000 (Greenwich Mean Time),0.0295,0.0427,0.0592,7226.530486168748
Tue Dec 24 2024 12:00:00 GMT+0000 (Greenwich Mean Time),0.0295,0.0427,0.0579,173323.87705737515
Tue Dec 24 2024 13:00:00 GMT+0000 (Greenwich Mean Time),0.0295,0.0427,0.0579,0
Tue Dec 24 2024 14:00:00 GMT+0000 (Greenwich Mean Time),0.0295,0.0427,0.0579,0
Tue Dec 24 2024 15:00:00 GMT+0000 (Greenwich Mean Time),0.0295,0.0427,0.0579,0
Tue Dec 24 2024 16:00:00 GMT+0000 (Greenwich Mean Time),0.0295,0.0427,0.0579,0
Tue Dec 24 2024 17:00:00 GMT+0000 (Greenwich Mean Time),0.0295,0.0427,0.0579,0
Tue Dec 24 2024 18:00:00 GMT+0000 (Greenwich Mean Time),0.0295,0.0427,0.0579,0
Tue Dec 24 2024 19:00:00 GMT+0000 (Greenwich Mean Time),0.0295,0.0427,0.0579,0
Tue Dec 24 2024 20:00:00 GMT+0000 (Greenwich Mean Time),0.0295,0.0427,0.0579,0
Tue Dec 24 2024 21:00:00 GMT+0000 (Greenwich Mean Time),0.0295,0.0427,0.0579,0
Tue Dec 24 2024 22:00:00 GMT+0000 (Greenwich Mean Time),0.0295,0.0427,0.0579,0
Tue Dec 24 2024 23:00:00 GMT+0000 (Greenwich Mean Time),0.0295,0.0427,0.0579,0
Wed Dec 25 2024 00:00:00 GMT+0000 (Greenwich Mean Time),0.0295,0.0427,0.0579,0
Wed Dec 25 2024 01:00:00 GMT+0000 (Greenwich Mean Time),0.0295,0.0427,0.058,13092.482490245064
Wed Dec 25 2024 02:00:00 GMT+0000 (Greenwich Mean Time),0,0.0427,0.058,0
Wed Dec 25 2024 03:00:00 GMT+0000 (Greenwich Mean Time),0,0.0427,0.058,0
Wed Dec 25 2024 04:00:00 GMT+0000 (Greenwich Mean Time),0,0.0427,0.058,0
Wed Dec 25 2024 05:00:00 GMT+0000 (Greenwich Mean Time),0,0.0427,0.058,0
Wed Dec 25 2024 06:00:00 GMT+0000 (Greenwich Mean Time),0,0.0427,0.058,0
Wed Dec 25 2024 07:00:00 GMT+0000 (Greenwich Mean Time),0,0.0427,0.058,0
Wed Dec 25 2024 08:00:00 GMT+0000 (Greenwich Mean Time),0,0.0427,0.058,0
Wed Dec 25 2024 09:00:00 GMT+0000 (Greenwich Mean Time),0,0.0427,0.058,0
Wed Dec 25 2024 10:00:00 GMT+0000 (Greenwich Mean Time),0,0.0427,0.058,0
Wed Dec 25 2024 11:00:00 GMT+0000 (Greenwich Mean Time),0,0.0427,0.058,0
Wed Dec 25 2024 12:00:00 GMT+0000 (Greenwich Mean Time),0,0.0427,0.058,0
Wed Dec 25 2024 13:00:00 GMT+0000 (Greenwich Mean Time),0,0.0427,0.058,0
Wed Dec 25 2024 14:00:00 GMT+0000 (Greenwich Mean Time),0,0.0427,0.058,0
Wed Dec 25 2024 15:00:00 GMT+0000 (Greenwich Mean Time),0,0.0427,0.058,0
Wed Dec 25 2024 16:00:00 GMT+0000 (Greenwich Mean Time),0,0.0427,0.058,0
Wed Dec 25 2024 17:00:00 GMT+0000 (Greenwich Mean Time),0,0.0427,0.058,8286.81288638047
Wed Dec 25 2024 18:00:00 GMT+0000 (Greenwich Mean Time),0,0.0427,0.058,0
Wed Dec 25 2024 19:00:00 GMT+0000 (Greenwich Mean Time),0,0.0427,0.058,0
Wed Dec 25 2024 20:00:00 GMT+0000 (Greenwich Mean Time),0,0.0427,0.058,0
Wed Dec 25 2024 21:00:00 GMT+0000 (Greenwich Mean Time),0,0.0427,0.0581,6141.171278087673
Wed Dec 25 2024 22:00:00 GMT+0000 (Greenwich Mean Time),0,0.0427,0.1435,7984620.942262787
Wed Dec 25 2024 23:00:00 GMT+0000 (Greenwich Mean Time),0,0.0427,0.1443,0