time,underlyingApy1DMA,underlyingApy7DMA,impliedApy,volume
Sun Apr 28 2024 01:00:00 GMT+0100 (British Summer Time),0.0305,0.0322,0.0381,0
Sun Apr 28 2024 02:00:00 GMT+0100 (British Summer Time),0.0305,0.0322,0.0381,0
Sun Apr 28 2024 03:00:00 GMT+0100 (British Summer Time),0.0305,0.0322,0.0381,0
Sun Apr 28 2024 04:00:00 GMT+0100 (British Summer Time),0.0305,0.0322,0.0381,0
Sun Apr 28 2024 05:00:00 GMT+0100 (British Summer Time),0.0306,0.0322,0.0381,0
Sun Apr 28 2024 06:00:00 GMT+0100 (British Summer Time),0.0305,0.0322,0.0381,0
Sun Apr 28 2024 07:00:00 GMT+0100 (British Summer Time),0.0305,0.0322,0.0381,0
Sun Apr 28 2024 08:00:00 GMT+0100 (British Summer Time),0.0305,0.0322,0.0381,289.0762916578404
Sun Apr 28 2024 09:00:00 GMT+0100 (British Summer Time),0.0306,0.0322,0.0381,0
Sun Apr 28 2024 10:00:00 GMT+0100 (British Summer Time),0.0305,0.0322,0.0381,0
Sun Apr 28 2024 11:00:00 GMT+0100 (British Summer Time),0.0305,0.0322,0.0381,0
Sun Apr 28 2024 12:00:00 GMT+0100 (British Summer Time),0.0305,0.0322,0.0381,0
Sun Apr 28 2024 13:00:00 GMT+0100 (British Summer Time),0.0298,0.0322,0.0381,0
Sun Apr 28 2024 14:00:00 GMT+0100 (British Summer Time),0.0298,0.0322,0.0381,38.423383944643305
Sun Apr 28 2024 15:00:00 GMT+0100 (British Summer Time),0.0298,0.0322,0.0381,0
Sun Apr 28 2024 16:00:00 GMT+0100 (British Summer Time),0.0298,0.0322,0.0381,19.8682569952106
Sun Apr 28 2024 17:00:00 GMT+0100 (British Summer Time),0.0298,0.0322,0.0381,0
Sun Apr 28 2024 18:00:00 GMT+0100 (British Summer Time),0.0298,0.0322,0.0381,15.442171038478211
Sun Apr 28 2024 19:00:00 GMT+0100 (British Summer Time),0.0298,0.0322,0.0381,0
Sun Apr 28 2024 20:00:00 GMT+0100 (British Summer Time),0.0298,0.0322,0.0381,6.694161939734488
Sun Apr 28 2024 21:00:00 GMT+0100 (British Summer Time),0.0298,0.0322,0.0381,38.947263789058866
Sun Apr 28 2024 22:00:00 GMT+0100 (British Summer Time),0.0298,0.0322,0.0381,0
Sun Apr 28 2024 23:00:00 GMT+0100 (British Summer Time),0.0298,0.0322,0.0381,0
Mon Apr 29 2024 00:00:00 GMT+0100 (British Summer Time),0.0298,0.0322,0.0381,0
Mon Apr 29 2024 01:00:00 GMT+0100 (British Summer Time),0.0298,0.0322,0.0381,0
Mon Apr 29 2024 02:00:00 GMT+0100 (British Summer Time),0.0298,0.0322,0.038,6577.161079932306
Mon Apr 29 2024 03:00:00 GMT+0100 (British Summer Time),0.0298,0.0322,0.038,0
Mon Apr 29 2024 04:00:00 GMT+0100 (British Summer Time),0.0298,0.0322,0.038,0
Mon Apr 29 2024 05:00:00 GMT+0100 (British Summer Time),0.0298,0.0322,0.038,0
Mon Apr 29 2024 06:00:00 GMT+0100 (British Summer Time),0.0298,0.0322,0.038,0
Mon Apr 29 2024 07:00:00 GMT+0100 (British Summer Time),0.0298,0.0322,0.038,0
Mon Apr 29 2024 08:00:00 GMT+0100 (British Summer Time),0.0298,0.0322,0.038,0
Mon Apr 29 2024 09:00:00 GMT+0100 (British Summer Time),0.0298,0.0322,0.038,0
Mon Apr 29 2024 10:00:00 GMT+0100 (British Summer Time),0.0298,0.0322,0.038,0
Mon Apr 29 2024 11:00:00 GMT+0100 (British Summer Time),0.0298,0.0322,0.038,0
Mon Apr 29 2024 12:00:00 GMT+0100 (British Summer Time),0.0298,0.0322,0.038,0
Mon Apr 29 2024 13:00:00 GMT+0100 (British Summer Time),0.0309,0.0322,0.038,0
Mon Apr 29 2024 14:00:00 GMT+0100 (British Summer Time),0.0309,0.0322,0.0393,95421.74213885199
Mon Apr 29 2024 15:00:00 GMT+0100 (British Summer Time),0.0308,0.0321,0.0393,0
Mon Apr 29 2024 16:00:00 GMT+0100 (British Summer Time),0.0308,0.0321,0.0393,0
Mon Apr 29 2024 17:00:00 GMT+0100 (British Summer Time),0.0309,0.0322,0.0393,0
Mon Apr 29 2024 18:00:00 GMT+0100 (British Summer Time),0.0309,0.0322,0.0393,0.27872707945755865
Mon Apr 29 2024 19:00:00 GMT+0100 (British Summer Time),0.0308,0.0321,0.0393,0
Mon Apr 29 2024 20:00:00 GMT+0100 (British Summer Time),0.0308,0.0321,0.0393,0
Mon Apr 29 2024 21:00:00 GMT+0100 (British Summer Time),0.0309,0.0322,0.0393,917.0347308146058
Mon Apr 29 2024 22:00:00 GMT+0100 (British Summer Time),0.0309,0.0322,0.0393,0
Mon Apr 29 2024 23:00:00 GMT+0100 (British Summer Time),0.0309,0.0322,0.0393,0
Tue Apr 30 2024 00:00:00 GMT+0100 (British Summer Time),0.0308,0.0321,0.0393,0
Tue Apr 30 2024 01:00:00 GMT+0100 (British Summer Time),0.0308,0.0321,0.0393,0
Tue Apr 30 2024 02:00:00 GMT+0100 (British Summer Time),0.0309,0.0322,0.0392,11584.317472015342
Tue Apr 30 2024 03:00:00 GMT+0100 (British Summer Time),0.0309,0.0322,0.0392,0
Tue Apr 30 2024 04:00:00 GMT+0100 (British Summer Time),0.0308,0.0321,0.0392,0
Tue Apr 30 2024 05:00:00 GMT+0100 (British Summer Time),0.0308,0.0321,0.0392,0
Tue Apr 30 2024 06:00:00 GMT+0100 (British Summer Time),0.0309,0.0322,0.0392,0
Tue Apr 30 2024 07:00:00 GMT+0100 (British Summer Time),0.0309,0.0322,0.0392,2.870003704908906
Tue Apr 30 2024 08:00:00 GMT+0100 (British Summer Time),0.0309,0.0322,0.0392,1.9449039744468382
Tue Apr 30 2024 09:00:00 GMT+0100 (British Summer Time),0.0308,0.0321,0.0392,0
Tue Apr 30 2024 10:00:00 GMT+0100 (British Summer Time),0.0308,0.0321,0.0391,1467.505026084663
Tue Apr 30 2024 11:00:00 GMT+0100 (British Summer Time),0.0309,0.0322,0.0391,0
Tue Apr 30 2024 12:00:00 GMT+0100 (British Summer Time),0.0309,0.0322,0.0391,0
Tue Apr 30 2024 13:00:00 GMT+0100 (British Summer Time),0.0309,0.0321,0.0391,0
Tue Apr 30 2024 14:00:00 GMT+0100 (British Summer Time),0.0309,0.0321,0.0391,0.00033336460547016137
Tue Apr 30 2024 15:00:00 GMT+0100 (British Summer Time),0.031,0.0321,0.0391,0
Tue Apr 30 2024 16:00:00 GMT+0100 (British Summer Time),0.031,0.0321,0.0391,19.786598053476865
Tue Apr 30 2024 17:00:00 GMT+0100 (British Summer Time),0.0309,0.0321,0.0391,0
Tue Apr 30 2024 18:00:00 GMT+0100 (British Summer Time),0.0309,0.0321,0.0391,1.8283551157877942
Tue Apr 30 2024 19:00:00 GMT+0100 (British Summer Time),0.031,0.0321,0.0391,0
Tue Apr 30 2024 20:00:00 GMT+0100 (British Summer Time),0.031,0.0321,0.0391,0
Tue Apr 30 2024 21:00:00 GMT+0100 (British Summer Time),0.0309,0.0321,0.0391,0
Tue Apr 30 2024 22:00:00 GMT+0100 (British Summer Time),0.0309,0.0321,0.0391,26.576007193347955
Tue Apr 30 2024 23:00:00 GMT+0100 (British Summer Time),0.0309,0.0321,0.0391,0
Wed May 01 2024 00:00:00 GMT+0100 (British Summer Time),0.031,0.0321,0.0391,0
Wed May 01 2024 01:00:00 GMT+0100 (British Summer Time),0.031,0.0321,0.0391,0
Wed May 01 2024 02:00:00 GMT+0100 (British Summer Time),0.0309,0.0321,0.0391,0
Wed May 01 2024 03:00:00 GMT+0100 (British Summer Time),0.0309,0.0321,0.0391,0
Wed May 01 2024 04:00:00 GMT+0100 (British Summer Time),0.031,0.0321,0.0391,0
Wed May 01 2024 05:00:00 GMT+0100 (British Summer Time),0.031,0.0321,0.0391,0
Wed May 01 2024 06:00:00 GMT+0100 (British Summer Time),0.0309,0.0321,0.0391,0
Wed May 01 2024 07:00:00 GMT+0100 (British Summer Time),0.0309,0.0321,0.0391,0
Wed May 01 2024 08:00:00 GMT+0100 (British Summer Time),0.0309,0.0321,0.0391,0
Wed May 01 2024 09:00:00 GMT+0100 (British Summer Time),0.031,0.0321,0.0391,0
Wed May 01 2024 10:00:00 GMT+0100 (British Summer Time),0.031,0.0321,0.0391,151.2328433294637
Wed May 01 2024 11:00:00 GMT+0100 (British Summer Time),0.0309,0.0321,0.0391,0
Wed May 01 2024 12:00:00 GMT+0100 (British Summer Time),0.0309,0.0321,0.0391,0
Wed May 01 2024 13:00:00 GMT+0100 (British Summer Time),0.0336,0.0314,0.0391,0
Wed May 01 2024 14:00:00 GMT+0100 (British Summer Time),0.0336,0.0314,0.0391,0
Wed May 01 2024 15:00:00 GMT+0100 (British Summer Time),0.0335,0.0314,0.0391,289.015084031891
Wed May 01 2024 16:00:00 GMT+0100 (British Summer Time),0.0336,0.0314,0.0391,0
Wed May 01 2024 17:00:00 GMT+0100 (British Summer Time),0.0336,0.0314,0.0391,0
Wed May 01 2024 18:00:00 GMT+0100 (British Summer Time),0.0336,0.0314,0.0391,29.12733853745459
Wed May 01 2024 19:00:00 GMT+0100 (British Summer Time),0.0335,0.0314,0.0391,1193.4112573847715
Wed May 01 2024 20:00:00 GMT+0100 (British Summer Time),0.0335,0.0314,0.0391,0
Wed May 01 2024 21:00:00 GMT+0100 (British Summer Time),0.0336,0.0314,0.0391,0
Wed May 01 2024 22:00:00 GMT+0100 (British Summer Time),0.0336,0.0314,0.0391,1.3874996866433293
Wed May 01 2024 23:00:00 GMT+0100 (British Summer Time),0.0336,0.0314,0.0391,0
Thu May 02 2024 00:00:00 GMT+0100 (British Summer Time),0.0335,0.0314,0.0391,0
Thu May 02 2024 01:00:00 GMT+0100 (British Summer Time),0.0336,0.0314,0.0391,3.790772716203496
Thu May 02 2024 02:00:00 GMT+0100 (British Summer Time),0.0336,0.0314,0.0391,0
Thu May 02 2024 03:00:00 GMT+0100 (British Summer Time),0.0336,0.0314,0.0391,0
Thu May 02 2024 04:00:00 GMT+0100 (British Summer Time),0.0335,0.0314,0.0391,0
Thu May 02 2024 05:00:00 GMT+0100 (British Summer Time),0.0335,0.0314,0.0391,0
Thu May 02 2024 06:00:00 GMT+0100 (British Summer Time),0.0336,0.0314,0.0391,646.5032910150398
Thu May 02 2024 07:00:00 GMT+0100 (British Summer Time),0.0336,0.0314,0.0391,0
Thu May 02 2024 08:00:00 GMT+0100 (British Summer Time),0.0336,0.0314,0.0391,5.971516368334802
Thu May 02 2024 09:00:00 GMT+0100 (British Summer Time),0.0335,0.0314,0.0391,0
Thu May 02 2024 10:00:00 GMT+0100 (British Summer Time),0.0336,0.0314,0.0391,0
Thu May 02 2024 11:00:00 GMT+0100 (British Summer Time),0.0335,0.0314,0.0391,102.79690302816758
Thu May 02 2024 12:00:00 GMT+0100 (British Summer Time),0.0335,0.0314,0.0391,0.4880468501633948
Thu May 02 2024 13:00:00 GMT+0100 (British Summer Time),0.0314,0.0311,0.0391,0
Thu May 02 2024 14:00:00 GMT+0100 (British Summer Time),0.0314,0.0312,0.0391,0
Thu May 02 2024 15:00:00 GMT+0100 (British Summer Time),0.0314,0.0312,0.0391,3.4706188196449808
Thu May 02 2024 16:00:00 GMT+0100 (British Summer Time),0.0314,0.0312,0.0391,0.3633576027198686
Thu May 02 2024 17:00:00 GMT+0100 (British Summer Time),0.0314,0.0312,0.0391,1138.1060037658494
Thu May 02 2024 18:00:00 GMT+0100 (British Summer Time),0.0314,0.0311,0.0391,0
Thu May 02 2024 19:00:00 GMT+0100 (British Summer Time),0.0314,0.0312,0.0391,226.4691737572176
Thu May 02 2024 20:00:00 GMT+0100 (British Summer Time),0.0314,0.0312,0.0391,156.8604024836936
Thu May 02 2024 21:00:00 GMT+0100 (British Summer Time),0.0314,0.0312,0.0391,0
Thu May 02 2024 22:00:00 GMT+0100 (British Summer Time),0.0314,0.0312,0.0391,0
Thu May 02 2024 23:00:00 GMT+0100 (British Summer Time),0.0314,0.0312,0.0392,6493.76900737648
Fri May 03 2024 00:00:00 GMT+0100 (British Summer Time),0.0314,0.0312,0.0392,0
Fri May 03 2024 01:00:00 GMT+0100 (British Summer Time),0.0314,0.0312,0.0392,0
Fri May 03 2024 02:00:00 GMT+0100 (British Summer Time),0.0314,0.0312,0.0392,0
Fri May 03 2024 03:00:00 GMT+0100 (British Summer Time),0.0314,0.0311,0.0392,0
Fri May 03 2024 04:00:00 GMT+0100 (British Summer Time),0.0314,0.0312,0.0392,0
Fri May 03 2024 05:00:00 GMT+0100 (British Summer Time),0.0314,0.0312,0.0392,0
Fri May 03 2024 06:00:00 GMT+0100 (British Summer Time),0.0314,0.0312,0.0392,0
Fri May 03 2024 07:00:00 GMT+0100 (British Summer Time),0.0314,0.0312,0.0392,1.5949759422820864
Fri May 03 2024 08:00:00 GMT+0100 (British Summer Time),0.0314,0.0312,0.0392,0
Fri May 03 2024 09:00:00 GMT+0100 (British Summer Time),0.0314,0.0312,0.0392,0
Fri May 03 2024 10:00:00 GMT+0100 (British Summer Time),0.0314,0.0312,0.0392,0
Fri May 03 2024 11:00:00 GMT+0100 (British Summer Time),0.0314,0.0312,0.0392,0
Fri May 03 2024 12:00:00 GMT+0100 (British Summer Time),0.0314,0.0311,0.0392,0
Fri May 03 2024 13:00:00 GMT+0100 (British Summer Time),0.0298,0.031,0.0392,7.288239383440807
Fri May 03 2024 14:00:00 GMT+0100 (British Summer Time),0.0298,0.031,0.0392,0
Fri May 03 2024 15:00:00 GMT+0100 (British Summer Time),0.0298,0.031,0.0328,457261.50131907046
Fri May 03 2024 16:00:00 GMT+0100 (British Summer Time),0.0298,0.031,0.0328,0
Fri May 03 2024 17:00:00 GMT+0100 (British Summer Time),0.0298,0.031,0.0328,0
Fri May 03 2024 18:00:00 GMT+0100 (British Summer Time),0.0298,0.031,0.0328,3.996775779023225
Fri May 03 2024 19:00:00 GMT+0100 (British Summer Time),0.0298,0.031,0.0328,612.9837176548816
Fri May 03 2024 20:00:00 GMT+0100 (British Summer Time),0.0298,0.031,0.0328,0
Fri May 03 2024 21:00:00 GMT+0100 (British Summer Time),0.0298,0.031,0.0328,0
Fri May 03 2024 22:00:00 GMT+0100 (British Summer Time),0.0298,0.031,0.0328,0
Fri May 03 2024 23:00:00 GMT+0100 (British Summer Time),0.0298,0.031,0.0328,0
Sat May 04 2024 00:00:00 GMT+0100 (British Summer Time),0.0298,0.031,0.0328,0
Sat May 04 2024 01:00:00 GMT+0100 (British Summer Time),0.0298,0.031,0.0328,0
Sat May 04 2024 02:00:00 GMT+0100 (British Summer Time),0.0298,0.031,0.0328,0
Sat May 04 2024 03:00:00 GMT+0100 (British Summer Time),0.0298,0.031,0.0328,0
Sat May 04 2024 04:00:00 GMT+0100 (British Summer Time),0.0298,0.031,0.0328,11.351502333948133
Sat May 04 2024 05:00:00 GMT+0100 (British Summer Time),0.0298,0.031,0.0328,0
Sat May 04 2024 06:00:00 GMT+0100 (British Summer Time),0.0298,0.031,0.0328,415.8931178483812
Sat May 04 2024 07:00:00 GMT+0100 (British Summer Time),0.0298,0.031,0.0328,0
Sat May 04 2024 08:00:00 GMT+0100 (British Summer Time),0.0298,0.031,0.0328,0
Sat May 04 2024 09:00:00 GMT+0100 (British Summer Time),0.0298,0.031,0.0328,0
Sat May 04 2024 10:00:00 GMT+0100 (British Summer Time),0.0298,0.031,0.0328,0
Sat May 04 2024 11:00:00 GMT+0100 (British Summer Time),0.0298,0.031,0.0328,0
Sat May 04 2024 12:00:00 GMT+0100 (British Summer Time),0.0298,0.031,0.0328,3.7767578583153556
Sat May 04 2024 13:00:00 GMT+0100 (British Summer Time),0.0304,0.031,0.0328,631.7687315269445
Sat May 04 2024 14:00:00 GMT+0100 (British Summer Time),0.0303,0.031,0.0328,0
Sat May 04 2024 15:00:00 GMT+0100 (British Summer Time),0.0303,0.031,0.0328,0.16076988420469543
Sat May 04 2024 16:00:00 GMT+0100 (British Summer Time),0.0304,0.031,0.0328,5.636339130747895
Sat May 04 2024 17:00:00 GMT+0100 (British Summer Time),0.0304,0.031,0.0328,0
Sat May 04 2024 18:00:00 GMT+0100 (British Summer Time),0.0304,0.031,0.0328,0
Sat May 04 2024 19:00:00 GMT+0100 (British Summer Time),0.0303,0.031,0.0328,0
Sat May 04 2024 20:00:00 GMT+0100 (British Summer Time),0.0304,0.031,0.0328,2.2109828819311286
Sat May 04 2024 21:00:00 GMT+0100 (British Summer Time),0.0304,0.031,0.0328,3.2141133399886086
Sat May 04 2024 22:00:00 GMT+0100 (British Summer Time),0.0304,0.031,0.0328,0
Sat May 04 2024 23:00:00 GMT+0100 (British Summer Time),0.0303,0.031,0.0328,0
Sun May 05 2024 00:00:00 GMT+0100 (British Summer Time),0.0303,0.031,0.0328,0
Sun May 05 2024 01:00:00 GMT+0100 (British Summer Time),0.0304,0.031,0.0328,0
Sun May 05 2024 02:00:00 GMT+0100 (British Summer Time),0.0304,0.031,0.0328,0
Sun May 05 2024 03:00:00 GMT+0100 (British Summer Time),0.0304,0.031,0.0328,0
Sun May 05 2024 04:00:00 GMT+0100 (British Summer Time),0.0303,0.031,0.0328,0
Sun May 05 2024 05:00:00 GMT+0100 (British Summer Time),0.0304,0.031,0.0328,0
Sun May 05 2024 06:00:00 GMT+0100 (British Summer Time),0.0304,0.031,0.0328,0
Sun May 05 2024 07:00:00 GMT+0100 (British Summer Time),0.0304,0.031,0.0328,0
Sun May 05 2024 08:00:00 GMT+0100 (British Summer Time),0.0303,0.031,0.0328,0
Sun May 05 2024 09:00:00 GMT+0100 (British Summer Time),0.0303,0.031,0.0328,0
Sun May 05 2024 10:00:00 GMT+0100 (British Summer Time),0.0304,0.031,0.0328,0.37659608827535773
Sun May 05 2024 11:00:00 GMT+0100 (British Summer Time),0.0304,0.031,0.0328,0
Sun May 05 2024 12:00:00 GMT+0100 (British Summer Time),0.0304,0.031,0.0328,0
Sun May 05 2024 13:00:00 GMT+0100 (British Summer Time),0.0287,0.0308,0.0328,0
Sun May 05 2024 14:00:00 GMT+0100 (British Summer Time),0.0288,0.0308,0.0328,0
Sun May 05 2024 15:00:00 GMT+0100 (British Summer Time),0.0288,0.0308,0.0328,0
Sun May 05 2024 16:00:00 GMT+0100 (British Summer Time),0.0287,0.0308,0.0328,110.02359676055411
Sun May 05 2024 17:00:00 GMT+0100 (British Summer Time),0.0287,0.0308,0.0328,0
Sun May 05 2024 18:00:00 GMT+0100 (British Summer Time),0.0287,0.0308,0.0328,426.7136774283183
Sun May 05 2024 19:00:00 GMT+0100 (British Summer Time),0.0288,0.0308,0.0328,0
Sun May 05 2024 20:00:00 GMT+0100 (British Summer Time),0.0287,0.0308,0.0328,0
Sun May 05 2024 21:00:00 GMT+0100 (British Summer Time),0.0287,0.0308,0.0328,12.393625779089998
Sun May 05 2024 22:00:00 GMT+0100 (British Summer Time),0.0287,0.0308,0.0328,0
Sun May 05 2024 23:00:00 GMT+0100 (British Summer Time),0.0288,0.0308,0.0328,0
Mon May 06 2024 00:00:00 GMT+0100 (British Summer Time),0.0288,0.0308,0.0328,0
Mon May 06 2024 01:00:00 GMT+0100 (British Summer Time),0.0287,0.0308,0.0328,0
Mon May 06 2024 02:00:00 GMT+0100 (British Summer Time),0.0287,0.0308,0.0328,0
Mon May 06 2024 03:00:00 GMT+0100 (British Summer Time),0.0287,0.0308,0.0328,0
Mon May 06 2024 04:00:00 GMT+0100 (British Summer Time),0.0288,0.0308,0.0328,0
Mon May 06 2024 05:00:00 GMT+0100 (British Summer Time),0.0287,0.0308,0.0328,0.5440289177062274
Mon May 06 2024 06:00:00 GMT+0100 (British Summer Time),0.0287,0.0308,0.0328,0
Mon May 06 2024 07:00:00 GMT+0100 (British Summer Time),0.0287,0.0308,0.0328,0
Mon May 06 2024 08:00:00 GMT+0100 (British Summer Time),0.0288,0.0308,0.0328,0
Mon May 06 2024 09:00:00 GMT+0100 (British Summer Time),0.0288,0.0308,0.0328,629.4941999729708
Mon May 06 2024 10:00:00 GMT+0100 (British Summer Time),0.0287,0.0308,0.0328,0
Mon May 06 2024 11:00:00 GMT+0100 (British Summer Time),0.0287,0.0308,0.0328,0
Mon May 06 2024 12:00:00 GMT+0100 (British Summer Time),0.0287,0.0308,0.0328,0
Mon May 06 2024 13:00:00 GMT+0100 (British Summer Time),0.0294,0.0306,0.0328,0
Mon May 06 2024 14:00:00 GMT+0100 (British Summer Time),0.0293,0.0306,0.0328,4.321300225323659
Mon May 06 2024 15:00:00 GMT+0100 (British Summer Time),0.0293,0.0306,0.0328,0
Mon May 06 2024 16:00:00 GMT+0100 (British Summer Time),0.0293,0.0306,0.0328,0.007325823641494241
Mon May 06 2024 17:00:00 GMT+0100 (British Summer Time),0.0294,0.0306,0.0328,0
Mon May 06 2024 18:00:00 GMT+0100 (British Summer Time),0.0294,0.0306,0.0328,0
Mon May 06 2024 19:00:00 GMT+0100 (British Summer Time),0.0293,0.0306,0.0328,0
Mon May 06 2024 20:00:00 GMT+0100 (British Summer Time),0.0293,0.0306,0.0328,0
Mon May 06 2024 21:00:00 GMT+0100 (British Summer Time),0.0294,0.0306,0.0328,107.24292978847556
Mon May 06 2024 22:00:00 GMT+0100 (British Summer Time),0.0294,0.0306,0.0328,0
Mon May 06 2024 23:00:00 GMT+0100 (British Summer Time),0.0293,0.0306,0.0328,0
Tue May 07 2024 00:00:00 GMT+0100 (British Summer Time),0.0293,0.0306,0.0328,0
Tue May 07 2024 01:00:00 GMT+0100 (British Summer Time),0.0293,0.0306,0.0328,0
Tue May 07 2024 02:00:00 GMT+0100 (British Summer Time),0.0294,0.0306,0.0328,0
Tue May 07 2024 03:00:00 GMT+0100 (British Summer Time),0.0294,0.0306,0.0328,0
Tue May 07 2024 04:00:00 GMT+0100 (British Summer Time),0.0293,0.0306,0.0328,0
Tue May 07 2024 05:00:00 GMT+0100 (British Summer Time),0.0293,0.0306,0.0328,0
Tue May 07 2024 06:00:00 GMT+0100 (British Summer Time),0.0294,0.0306,0.0328,0
Tue May 07 2024 07:00:00 GMT+0100 (British Summer Time),0.0294,0.0306,0.0328,0
Tue May 07 2024 08:00:00 GMT+0100 (British Summer Time),0.0293,0.0306,0.0328,0
Tue May 07 2024 09:00:00 GMT+0100 (British Summer Time),0.0293,0.0306,0.0328,0
Tue May 07 2024 10:00:00 GMT+0100 (British Summer Time),0.0293,0.0306,0.0328,0
Tue May 07 2024 11:00:00 GMT+0100 (British Summer Time),0.0294,0.0306,0.0328,6.158940891138805
Tue May 07 2024 12:00:00 GMT+0100 (British Summer Time),0.0294,0.0306,0.0328,0.03088797092275165
Tue May 07 2024 13:00:00 GMT+0100 (British Summer Time),0.0296,0.0304,0.0328,1.617002652208073
Tue May 07 2024 14:00:00 GMT+0100 (British Summer Time),0.0296,0.0304,0.0328,98.9790014410174
Tue May 07 2024 15:00:00 GMT+0100 (British Summer Time),0.0296,0.0304,0.0328,0
Tue May 07 2024 16:00:00 GMT+0100 (British Summer Time),0.0296,0.0304,0.0328,0
Tue May 07 2024 17:00:00 GMT+0100 (British Summer Time),0.0296,0.0304,0.0328,0
Tue May 07 2024 18:00:00 GMT+0100 (British Summer Time),0.0296,0.0304,0.0328,0
Tue May 07 2024 19:00:00 GMT+0100 (British Summer Time),0.0296,0.0304,0.0328,0
Tue May 07 2024 20:00:00 GMT+0100 (British Summer Time),0.0296,0.0304,0.0328,0
Tue May 07 2024 21:00:00 GMT+0100 (British Summer Time),0.0296,0.0304,0.0328,0
Tue May 07 2024 22:00:00 GMT+0100 (British Summer Time),0.0296,0.0304,0.0328,0
Tue May 07 2024 23:00:00 GMT+0100 (British Summer Time),0.0296,0.0304,0.0328,2.4440762990532052
Wed May 08 2024 00:00:00 GMT+0100 (British Summer Time),0.0296,0.0304,0.0328,0
Wed May 08 2024 01:00:00 GMT+0100 (British Summer Time),0.0296,0.0304,0.0328,0
Wed May 08 2024 02:00:00 GMT+0100 (British Summer Time),0.0296,0.0304,0.0328,0
Wed May 08 2024 03:00:00 GMT+0100 (British Summer Time),0.0296,0.0304,0.0328,0
Wed May 08 2024 04:00:00 GMT+0100 (British Summer Time),0.0296,0.0304,0.0328,0
Wed May 08 2024 05:00:00 GMT+0100 (British Summer Time),0.0296,0.0304,0.0328,0
Wed May 08 2024 06:00:00 GMT+0100 (British Summer Time),0.0296,0.0304,0.0328,0
Wed May 08 2024 07:00:00 GMT+0100 (British Summer Time),0.0296,0.0304,0.0328,0
Wed May 08 2024 08:00:00 GMT+0100 (British Summer Time),0.0296,0.0304,0.0328,0.4753464838818088
Wed May 08 2024 09:00:00 GMT+0100 (British Summer Time),0.0296,0.0304,0.0328,0
Wed May 08 2024 10:00:00 GMT+0100 (British Summer Time),0.0296,0.0304,0.0328,0
Wed May 08 2024 11:00:00 GMT+0100 (British Summer Time),0.0296,0.0304,0.0328,0
Wed May 08 2024 12:00:00 GMT+0100 (British Summer Time),0.0296,0.0304,0.0328,0
Wed May 08 2024 13:00:00 GMT+0100 (British Summer Time),0.0299,0.0299,0.0328,0
Wed May 08 2024 14:00:00 GMT+0100 (British Summer Time),0.03,0.0299,0.0328,0
Wed May 08 2024 15:00:00 GMT+0100 (British Summer Time),0.03,0.0299,0.0328,0
Wed May 08 2024 16:00:00 GMT+0100 (British Summer Time),0.03,0.0299,0.0328,2471.3798580473904
Wed May 08 2024 17:00:00 GMT+0100 (British Summer Time),0.03,0.0299,0.0327,0.30106246914695767
Wed May 08 2024 18:00:00 GMT+0100 (British Summer Time),0.03,0.0299,0.0327,0
Wed May 08 2024 19:00:00 GMT+0100 (British Summer Time),0.03,0.0299,0.0327,0
Wed May 08 2024 20:00:00 GMT+0100 (British Summer Time),0.03,0.0299,0.0327,0
Wed May 08 2024 21:00:00 GMT+0100 (British Summer Time),0.03,0.0299,0.0327,0
Wed May 08 2024 22:00:00 GMT+0100 (British Summer Time),0.0299,0.0299,0.0327,10.7788724332722
Wed May 08 2024 23:00:00 GMT+0100 (British Summer Time),0.03,0.0299,0.0327,0
Thu May 09 2024 00:00:00 GMT+0100 (British Summer Time),0.03,0.0299,0.0327,0
Thu May 09 2024 01:00:00 GMT+0100 (British Summer Time),0.03,0.0299,0.0327,0
Thu May 09 2024 02:00:00 GMT+0100 (British Summer Time),0.03,0.0299,0.0327,0
Thu May 09 2024 03:00:00 GMT+0100 (British Summer Time),0.03,0.0299,0.0327,0
Thu May 09 2024 04:00:00 GMT+0100 (British Summer Time),0.03,0.0299,0.0327,0
Thu May 09 2024 05:00:00 GMT+0100 (British Summer Time),0.03,0.0299,0.0327,0
Thu May 09 2024 06:00:00 GMT+0100 (British Summer Time),0.0299,0.0299,0.0327,0
Thu May 09 2024 07:00:00 GMT+0100 (British Summer Time),0.03,0.0299,0.0327,0
Thu May 09 2024 08:00:00 GMT+0100 (British Summer Time),0.03,0.0299,0.0327,0
Thu May 09 2024 09:00:00 GMT+0100 (British Summer Time),0.03,0.0299,0.0327,0
Thu May 09 2024 10:00:00 GMT+0100 (British Summer Time),0.03,0.0299,0.0327,0
Thu May 09 2024 11:00:00 GMT+0100 (British Summer Time),0.03,0.0299,0.0327,0
Thu May 09 2024 12:00:00 GMT+0100 (British Summer Time),0.03,0.0299,0.0327,0
Thu May 09 2024 13:00:00 GMT+0100 (British Summer Time),0.0295,0.0296,0.0327,0
Thu May 09 2024 14:00:00 GMT+0100 (British Summer Time),0.0295,0.0296,0.0327,0
Thu May 09 2024 15:00:00 GMT+0100 (British Summer Time),0.0295,0.0296,0.0327,0
Thu May 09 2024 16:00:00 GMT+0100 (British Summer Time),0.0296,0.0296,0.0327,0
Thu May 09 2024 17:00:00 GMT+0100 (British Summer Time),0.0295,0.0296,0.0327,1.361218145010642
Thu May 09 2024 18:00:00 GMT+0100 (British Summer Time),0.0295,0.0296,0.0328,1290.3715152891307
Thu May 09 2024 19:00:00 GMT+0100 (British Summer Time),0.0295,0.0296,0.0328,0
Thu May 09 2024 20:00:00 GMT+0100 (British Summer Time),0.0296,0.0296,0.0327,51.36215059750708
Thu May 09 2024 21:00:00 GMT+0100 (British Summer Time),0.0296,0.0296,0.0327,0
Thu May 09 2024 22:00:00 GMT+0100 (British Summer Time),0.0295,0.0296,0.0327,0
Thu May 09 2024 23:00:00 GMT+0100 (British Summer Time),0.0295,0.0296,0.0327,0
Fri May 10 2024 00:00:00 GMT+0100 (British Summer Time),0.0295,0.0296,0.0327,0
Fri May 10 2024 01:00:00 GMT+0100 (British Summer Time),0.0296,0.0296,0.0327,0
Fri May 10 2024 02:00:00 GMT+0100 (British Summer Time),0.0295,0.0296,0.0327,0.0005270097658252608
Fri May 10 2024 03:00:00 GMT+0100 (British Summer Time),0.0295,0.0296,0.0327,0.14535154897893465
Fri May 10 2024 04:00:00 GMT+0100 (British Summer Time),0.0295,0.0296,0.0327,0
Fri May 10 2024 05:00:00 GMT+0100 (British Summer Time),0.0296,0.0296,0.0327,0
Fri May 10 2024 06:00:00 GMT+0100 (British Summer Time),0.0296,0.0296,0.0327,0
Fri May 10 2024 07:00:00 GMT+0100 (British Summer Time),0.0295,0.0296,0.0327,0
Fri May 10 2024 08:00:00 GMT+0100 (British Summer Time),0.0295,0.0296,0.0327,0
Fri May 10 2024 09:00:00 GMT+0100 (British Summer Time),0.0295,0.0296,0.0327,0
Fri May 10 2024 10:00:00 GMT+0100 (British Summer Time),0.0296,0.0296,0.0327,0
Fri May 10 2024 11:00:00 GMT+0100 (British Summer Time),0.0295,0.0296,0.0327,0
Fri May 10 2024 12:00:00 GMT+0100 (British Summer Time),0.0295,0.0296,0.0327,0
Fri May 10 2024 13:00:00 GMT+0100 (British Summer Time),0.0298,0.0296,0.0327,0
Fri May 10 2024 14:00:00 GMT+0100 (British Summer Time),0.0298,0.0296,0.0327,0
Fri May 10 2024 15:00:00 GMT+0100 (British Summer Time),0.0298,0.0296,0.0327,37.53421440613393
Fri May 10 2024 16:00:00 GMT+0100 (British Summer Time),0.0297,0.0296,0.0327,0
Fri May 10 2024 17:00:00 GMT+0100 (British Summer Time),0.0298,0.0296,0.0327,2.590001416535963
Fri May 10 2024 18:00:00 GMT+0100 (British Summer Time),0.0298,0.0296,0.0327,3.5735062731313376
Fri May 10 2024 19:00:00 GMT+0100 (British Summer Time),0.0298,0.0296,0.0327,68572.01848461649
Fri May 10 2024 20:00:00 GMT+0100 (British Summer Time),0.0297,0.0296,0.0339,10153.738403409508
Fri May 10 2024 21:00:00 GMT+0100 (British Summer Time),0.0297,0.0296,0.0339,0
Fri May 10 2024 22:00:00 GMT+0100 (British Summer Time),0.0298,0.0296,0.0339,0
Fri May 10 2024 23:00:00 GMT+0100 (British Summer Time),0.0298,0.0296,0.0339,0
Sat May 11 2024 00:00:00 GMT+0100 (British Summer Time),0.0298,0.0296,0.0339,0
Sat May 11 2024 01:00:00 GMT+0100 (British Summer Time),0.0297,0.0296,0.0339,0
Sat May 11 2024 02:00:00 GMT+0100 (British Summer Time),0.0298,0.0296,0.0339,0.5835793037092722
Sat May 11 2024 03:00:00 GMT+0100 (British Summer Time),0.0298,0.0296,0.0339,0
Sat May 11 2024 04:00:00 GMT+0100 (British Summer Time),0.0298,0.0296,0.0339,0
Sat May 11 2024 05:00:00 GMT+0100 (British Summer Time),0.0297,0.0296,0.0339,0
Sat May 11 2024 06:00:00 GMT+0100 (British Summer Time),0.0297,0.0296,0.0339,0
Sat May 11 2024 07:00:00 GMT+0100 (British Summer Time),0.0298,0.0296,0.0343,16705.010749550256
Sat May 11 2024 08:00:00 GMT+0100 (British Summer Time),0.0298,0.0296,0.0343,0
Sat May 11 2024 09:00:00 GMT+0100 (British Summer Time),0.0298,0.0296,0.0343,0
Sat May 11 2024 10:00:00 GMT+0100 (British Summer Time),0.0297,0.0296,0.0343,0
Sat May 11 2024 11:00:00 GMT+0100 (British Summer Time),0.0298,0.0296,0.0343,0
Sat May 11 2024 12:00:00 GMT+0100 (British Summer Time),0.0298,0.0296,0.0343,0
Sat May 11 2024 13:00:00 GMT+0100 (British Summer Time),0.0293,0.0295,0.0343,0
Sat May 11 2024 14:00:00 GMT+0100 (British Summer Time),0.0293,0.0295,0.0343,0
Sat May 11 2024 15:00:00 GMT+0100 (British Summer Time),0.0293,0.0294,0.0343,0
Sat May 11 2024 16:00:00 GMT+0100 (British Summer Time),0.0293,0.0294,0.0343,0
Sat May 11 2024 17:00:00 GMT+0100 (British Summer Time),0.0292,0.0294,0.0343,0.6517706752875925
Sat May 11 2024 18:00:00 GMT+0100 (British Summer Time),0.0293,0.0295,0.0343,0
Sat May 11 2024 19:00:00 GMT+0100 (British Summer Time),0.0293,0.0294,0.0343,0
Sat May 11 2024 20:00:00 GMT+0100 (British Summer Time),0.0293,0.0294,0.0343,0
Sat May 11 2024 21:00:00 GMT+0100 (British Summer Time),0.0293,0.0294,0.0343,0
Sat May 11 2024 22:00:00 GMT+0100 (British Summer Time),0.0293,0.0295,0.0343,0
Sat May 11 2024 23:00:00 GMT+0100 (British Summer Time),0.0293,0.0295,0.0343,0
Sun May 12 2024 00:00:00 GMT+0100 (British Summer Time),0.0293,0.0294,0.0343,0
Sun May 12 2024 01:00:00 GMT+0100 (British Summer Time),0.0293,0.0294,0.0343,0
Sun May 12 2024 02:00:00 GMT+0100 (British Summer Time),0.0292,0.0294,0.0343,0
Sun May 12 2024 03:00:00 GMT+0100 (British Summer Time),0.0293,0.0295,0.0343,0
Sun May 12 2024 04:00:00 GMT+0100 (British Summer Time),0.0293,0.0294,0.0343,0
Sun May 12 2024 05:00:00 GMT+0100 (British Summer Time),0.0293,0.0294,0.0343,0
Sun May 12 2024 06:00:00 GMT+0100 (British Summer Time),0.0293,0.0295,0.0343,0
Sun May 12 2024 07:00:00 GMT+0100 (British Summer Time),0.0293,0.0294,0.0343,412.022844817715
Sun May 12 2024 08:00:00 GMT+0100 (British Summer Time),0.0293,0.0294,0.0342,0
Sun May 12 2024 09:00:00 GMT+0100 (British Summer Time),0.0293,0.0294,0.0343,409.41805619505476
Sun May 12 2024 10:00:00 GMT+0100 (British Summer Time),0.0293,0.0295,0.0343,0
Sun May 12 2024 11:00:00 GMT+0100 (British Summer Time),0.0293,0.0295,0.0343,0
Sun May 12 2024 12:00:00 GMT+0100 (British Summer Time),0.0293,0.0294,0.0343,0
Sun May 12 2024 13:00:00 GMT+0100 (British Summer Time),0.0286,0.0294,0.0343,0
Sun May 12 2024 14:00:00 GMT+0100 (British Summer Time),0.0286,0.0294,0.0343,0
Sun May 12 2024 15:00:00 GMT+0100 (British Summer Time),0.0286,0.0294,0.0343,0
Sun May 12 2024 16:00:00 GMT+0100 (British Summer Time),0.0286,0.0294,0.0343,0
Sun May 12 2024 17:00:00 GMT+0100 (British Summer Time),0.0286,0.0294,0.0342,684.3612923822402
Sun May 12 2024 18:00:00 GMT+0100 (British Summer Time),0.0286,0.0294,0.0342,0
Sun May 12 2024 19:00:00 GMT+0100 (British Summer Time),0.0286,0.0294,0.0343,7454.92345096402
Sun May 12 2024 20:00:00 GMT+0100 (British Summer Time),0.0287,0.0294,0.0344,0
Sun May 12 2024 21:00:00 GMT+0100 (British Summer Time),0.0286,0.0294,0.0344,606.826619996651
Sun May 12 2024 22:00:00 GMT+0100 (British Summer Time),0.0286,0.0294,0.0344,0
Sun May 12 2024 23:00:00 GMT+0100 (British Summer Time),0.0286,0.0294,0.0344,0
Mon May 13 2024 00:00:00 GMT+0100 (British Summer Time),0.0286,0.0294,0.0344,0
Mon May 13 2024 01:00:00 GMT+0100 (British Summer Time),0.0286,0.0294,0.0344,0
Mon May 13 2024 02:00:00 GMT+0100 (British Summer Time),0.0286,0.0294,0.0344,0
Mon May 13 2024 03:00:00 GMT+0100 (British Summer Time),0.0286,0.0294,0.0344,0
Mon May 13 2024 04:00:00 GMT+0100 (British Summer Time),0.0286,0.0294,0.0344,0
Mon May 13 2024 05:00:00 GMT+0100 (British Summer Time),0.0287,0.0294,0.0344,0
Mon May 13 2024 06:00:00 GMT+0100 (British Summer Time),0.0286,0.0294,0.0344,0
Mon May 13 2024 07:00:00 GMT+0100 (British Summer Time),0.0286,0.0294,0.0344,0
Mon May 13 2024 08:00:00 GMT+0100 (British Summer Time),0.0286,0.0294,0.0344,0
Mon May 13 2024 09:00:00 GMT+0100 (British Summer Time),0.0286,0.0294,0.0344,0
Mon May 13 2024 10:00:00 GMT+0100 (British Summer Time),0.0286,0.0294,0.0344,0
Mon May 13 2024 11:00:00 GMT+0100 (British Summer Time),0.0286,0.0294,0.0344,133.02537704037354
Mon May 13 2024 12:00:00 GMT+0100 (British Summer Time),0.0286,0.0294,0.0344,0
Mon May 13 2024 13:00:00 GMT+0100 (British Summer Time),0.0292,0.0294,0.0344,0
Mon May 13 2024 14:00:00 GMT+0100 (British Summer Time),0.0292,0.0294,0.0344,0
Mon May 13 2024 15:00:00 GMT+0100 (British Summer Time),0.0292,0.0294,0.0344,0
Mon May 13 2024 16:00:00 GMT+0100 (British Summer Time),0.0291,0.0294,0.0344,0
Mon May 13 2024 17:00:00 GMT+0100 (British Summer Time),0.0291,0.0294,0.0344,0
Mon May 13 2024 18:00:00 GMT+0100 (British Summer Time),0.0292,0.0294,0.0344,0
Mon May 13 2024 19:00:00 GMT+0100 (British Summer Time),0.0292,0.0294,0.0344,0
Mon May 13 2024 20:00:00 GMT+0100 (British Summer Time),0.0291,0.0294,0.0344,0
Mon May 13 2024 21:00:00 GMT+0100 (British Summer Time),0.0291,0.0294,0.0344,2.837008357910099
Mon May 13 2024 22:00:00 GMT+0100 (British Summer Time),0.0292,0.0294,0.0344,2.8338544631007294
Mon May 13 2024 23:00:00 GMT+0100 (British Summer Time),0.0292,0.0294,0.0344,0
Tue May 14 2024 00:00:00 GMT+0100 (British Summer Time),0.0292,0.0294,0.0344,0
Tue May 14 2024 01:00:00 GMT+0100 (British Summer Time),0.0291,0.0294,0.0344,0
Tue May 14 2024 02:00:00 GMT+0100 (British Summer Time),0.0291,0.0294,0.0344,0
Tue May 14 2024 03:00:00 GMT+0100 (British Summer Time),0.0292,0.0294,0.0344,0
Tue May 14 2024 04:00:00 GMT+0100 (British Summer Time),0.0292,0.0294,0.0344,0
Tue May 14 2024 05:00:00 GMT+0100 (British Summer Time),0.0291,0.0294,0.0344,0
Tue May 14 2024 06:00:00 GMT+0100 (British Summer Time),0.0291,0.0294,0.0344,0
Tue May 14 2024 07:00:00 GMT+0100 (British Summer Time),0.0292,0.0294,0.0344,0
Tue May 14 2024 08:00:00 GMT+0100 (British Summer Time),0.0292,0.0294,0.0344,0
Tue May 14 2024 09:00:00 GMT+0100 (British Summer Time),0.0292,0.0294,0.0344,0
Tue May 14 2024 10:00:00 GMT+0100 (British Summer Time),0.0291,0.0294,0.0344,0
Tue May 14 2024 11:00:00 GMT+0100 (British Summer Time),0.0291,0.0294,0.0344,0
Tue May 14 2024 12:00:00 GMT+0100 (British Summer Time),0.0292,0.0294,0.0344,0
Tue May 14 2024 13:00:00 GMT+0100 (British Summer Time),0.0314,0.0297,0.0344,0
Tue May 14 2024 14:00:00 GMT+0100 (British Summer Time),0.0314,0.0297,0.0344,0
Tue May 14 2024 15:00:00 GMT+0100 (British Summer Time),0.0315,0.0297,0.0344,0
Tue May 14 2024 16:00:00 GMT+0100 (British Summer Time),0.0315,0.0297,0.0344,0
Tue May 14 2024 17:00:00 GMT+0100 (British Summer Time),0.0315,0.0297,0.0344,0
Tue May 14 2024 18:00:00 GMT+0100 (British Summer Time),0.0314,0.0297,0.0344,0
Tue May 14 2024 19:00:00 GMT+0100 (British Summer Time),0.0315,0.0297,0.0344,0
Tue May 14 2024 20:00:00 GMT+0100 (British Summer Time),0.0315,0.0297,0.0344,0
Tue May 14 2024 21:00:00 GMT+0100 (British Summer Time),0.0315,0.0297,0.0343,2851.02613257205
Tue May 14 2024 22:00:00 GMT+0100 (British Summer Time),0.0314,0.0297,0.0343,0
Tue May 14 2024 23:00:00 GMT+0100 (British Summer Time),0.0314,0.0297,0.0343,0
Wed May 15 2024 00:00:00 GMT+0100 (British Summer Time),0.0315,0.0297,0.0343,0
Wed May 15 2024 01:00:00 GMT+0100 (British Summer Time),0.0315,0.0297,0.0346,13040.934953661721
Wed May 15 2024 02:00:00 GMT+0100 (British Summer Time),0.0315,0.0297,0.0346,127.58705947084
Wed May 15 2024 03:00:00 GMT+0100 (British Summer Time),0.0314,0.0297,0.0346,4.081539308588041
Wed May 15 2024 04:00:00 GMT+0100 (British Summer Time),0.0315,0.0297,0.0346,0
Wed May 15 2024 05:00:00 GMT+0100 (British Summer Time),0.0315,0.0297,0.0346,0
Wed May 15 2024 06:00:00 GMT+0100 (British Summer Time),0.0315,0.0297,0.0346,0
Wed May 15 2024 07:00:00 GMT+0100 (British Summer Time),0.0314,0.0297,0.0346,0
Wed May 15 2024 08:00:00 GMT+0100 (British Summer Time),0.0314,0.0297,0.0346,0
Wed May 15 2024 09:00:00 GMT+0100 (British Summer Time),0.0315,0.0297,0.0346,0
Wed May 15 2024 10:00:00 GMT+0100 (British Summer Time),0.0315,0.0297,0.0346,0
Wed May 15 2024 11:00:00 GMT+0100 (British Summer Time),0.0315,0.0297,0.0346,0
Wed May 15 2024 12:00:00 GMT+0100 (British Summer Time),0.0314,0.0297,0.0346,0
Wed May 15 2024 13:00:00 GMT+0100 (British Summer Time),0.0304,0.0297,0.0346,0
Wed May 15 2024 14:00:00 GMT+0100 (British Summer Time),0.0304,0.0297,0.0346,0
Wed May 15 2024 15:00:00 GMT+0100 (British Summer Time),0.0304,0.0297,0.0346,0
Wed May 15 2024 16:00:00 GMT+0100 (British Summer Time),0.0304,0.0297,0.0346,0
Wed May 15 2024 17:00:00 GMT+0100 (British Summer Time),0.0304,0.0297,0.0346,0
Wed May 15 2024 18:00:00 GMT+0100 (British Summer Time),0.0304,0.0297,0.0346,0
Wed May 15 2024 19:00:00 GMT+0100 (British Summer Time),0.0304,0.0297,0.0346,0
Wed May 15 2024 20:00:00 GMT+0100 (British Summer Time),0.0304,0.0297,0.0346,0
Wed May 15 2024 21:00:00 GMT+0100 (British Summer Time),0.0304,0.0297,0.0346,0
Wed May 15 2024 22:00:00 GMT+0100 (British Summer Time),0.0304,0.0297,0.0346,0
Wed May 15 2024 23:00:00 GMT+0100 (British Summer Time),0.0304,0.0297,0.0346,0
Thu May 16 2024 00:00:00 GMT+0100 (British Summer Time),0.0304,0.0297,0.0346,0
Thu May 16 2024 01:00:00 GMT+0100 (British Summer Time),0.0304,0.0297,0.0346,0
Thu May 16 2024 02:00:00 GMT+0100 (British Summer Time),0.0304,0.0297,0.0346,0
Thu May 16 2024 03:00:00 GMT+0100 (British Summer Time),0.0304,0.0297,0.0346,2979.593667704958
Thu May 16 2024 04:00:00 GMT+0100 (British Summer Time),0.0304,0.0297,0.0346,0
Thu May 16 2024 05:00:00 GMT+0100 (British Summer Time),0.0304,0.0297,0.0346,0
Thu May 16 2024 06:00:00 GMT+0100 (British Summer Time),0.0304,0.0297,0.0346,0
Thu May 16 2024 07:00:00 GMT+0100 (British Summer Time),0.0304,0.0297,0.0346,0
Thu May 16 2024 08:00:00 GMT+0100 (British Summer Time),0.0304,0.0297,0.0346,0
Thu May 16 2024 09:00:00 GMT+0100 (British Summer Time),0.0304,0.0297,0.0346,0
Thu May 16 2024 10:00:00 GMT+0100 (British Summer Time),0.0304,0.0297,0.0346,0
Thu May 16 2024 11:00:00 GMT+0100 (British Summer Time),0.0304,0.0297,0.0345,7128.90029030165
Thu May 16 2024 12:00:00 GMT+0100 (British Summer Time),0.0304,0.0297,0.0345,0.35178590032434054
Thu May 16 2024 13:00:00 GMT+0100 (British Summer Time),0.0309,0.0299,0.0345,0
Thu May 16 2024 14:00:00 GMT+0100 (British Summer Time),0.0309,0.0299,0.0345,60.218840281326145
Thu May 16 2024 15:00:00 GMT+0100 (British Summer Time),0.0308,0.0299,0.0345,0
Thu May 16 2024 16:00:00 GMT+0100 (British Summer Time),0.0308,0.0299,0.0345,0
Thu May 16 2024 17:00:00 GMT+0100 (British Summer Time),0.0309,0.0299,0.0345,0
Thu May 16 2024 18:00:00 GMT+0100 (British Summer Time),0.0309,0.0299,0.0345,0
Thu May 16 2024 19:00:00 GMT+0100 (British Summer Time),0.0308,0.0299,0.0345,0
Thu May 16 2024 20:00:00 GMT+0100 (British Summer Time),0.0308,0.0299,0.0345,0
Thu May 16 2024 21:00:00 GMT+0100 (British Summer Time),0.0308,0.0299,0.0345,0
Thu May 16 2024 22:00:00 GMT+0100 (British Summer Time),0.0309,0.0299,0.0345,0
Thu May 16 2024 23:00:00 GMT+0100 (British Summer Time),0.0309,0.0299,0.0345,24.04327117024811
Fri May 17 2024 00:00:00 GMT+0100 (British Summer Time),0.0308,0.0299,0.0345,0.8671334975852208
Fri May 17 2024 01:00:00 GMT+0100 (British Summer Time),0.0309,0.0299,0.0345,0
Fri May 17 2024 02:00:00 GMT+0100 (British Summer Time),0.0309,0.0299,0.0345,0
Fri May 17 2024 03:00:00 GMT+0100 (British Summer Time),0.0308,0.0299,0.0345,0
Fri May 17 2024 04:00:00 GMT+0100 (British Summer Time),0.0309,0.0299,0.0345,0
Fri May 17 2024 05:00:00 GMT+0100 (British Summer Time),0.0309,0.0299,0.0345,0.00034588042936418094
Fri May 17 2024 06:00:00 GMT+0100 (British Summer Time),0.0309,0.0299,0.0345,0
Fri May 17 2024 07:00:00 GMT+0100 (British Summer Time),0.0309,0.0299,0.0345,0
Fri May 17 2024 08:00:00 GMT+0100 (British Summer Time),0.0309,0.0299,0.0345,0
Fri May 17 2024 09:00:00 GMT+0100 (British Summer Time),0.0309,0.0299,0.0345,0
Fri May 17 2024 10:00:00 GMT+0100 (British Summer Time),0.0309,0.0299,0.0345,0
Fri May 17 2024 11:00:00 GMT+0100 (British Summer Time),0.0309,0.0299,0.0345,0
Fri May 17 2024 12:00:00 GMT+0100 (British Summer Time),0.0309,0.0299,0.0345,0
Fri May 17 2024 13:00:00 GMT+0100 (British Summer Time),0.0295,0.0299,0.0345,20.074491253073457
Fri May 17 2024 14:00:00 GMT+0100 (British Summer Time),0.0295,0.0299,0.0345,0
Fri May 17 2024 15:00:00 GMT+0100 (British Summer Time),0.0295,0.0299,0.0345,0
Fri May 17 2024 16:00:00 GMT+0100 (British Summer Time),0.0295,0.0299,0.0345,0
Fri May 17 2024 17:00:00 GMT+0100 (British Summer Time),0.0295,0.0299,0.0345,0
Fri May 17 2024 18:00:00 GMT+0100 (British Summer Time),0.0295,0.0299,0.0345,0
Fri May 17 2024 19:00:00 GMT+0100 (British Summer Time),0.0295,0.0299,0.0345,504.85759674972064
Fri May 17 2024 20:00:00 GMT+0100 (British Summer Time),0.0295,0.0299,0.0345,43.80156924207275
Fri May 17 2024 21:00:00 GMT+0100 (British Summer Time),0.0295,0.0299,0.0345,0
Fri May 17 2024 22:00:00 GMT+0100 (British Summer Time),0.0295,0.0299,0.0345,0
Fri May 17 2024 23:00:00 GMT+0100 (British Summer Time),0.0295,0.0299,0.0345,0
Sat May 18 2024 00:00:00 GMT+0100 (British Summer Time),0.0295,0.0299,0.0345,0
Sat May 18 2024 01:00:00 GMT+0100 (British Summer Time),0.0295,0.0299,0.0345,0
Sat May 18 2024 02:00:00 GMT+0100 (British Summer Time),0.0295,0.0299,0.0345,0
Sat May 18 2024 03:00:00 GMT+0100 (British Summer Time),0.0295,0.0299,0.0345,0
Sat May 18 2024 04:00:00 GMT+0100 (British Summer Time),0.0295,0.0299,0.0345,0
Sat May 18 2024 05:00:00 GMT+0100 (British Summer Time),0.0295,0.0299,0.0345,0
Sat May 18 2024 06:00:00 GMT+0100 (British Summer Time),0.0295,0.0299,0.0345,0
Sat May 18 2024 07:00:00 GMT+0100 (British Summer Time),0.0295,0.0299,0.0345,0
Sat May 18 2024 08:00:00 GMT+0100 (British Summer Time),0.0295,0.0299,0.0345,0
Sat May 18 2024 09:00:00 GMT+0100 (British Summer Time),0.0295,0.0299,0.0345,2718.0258488635936
Sat May 18 2024 10:00:00 GMT+0100 (British Summer Time),0.0295,0.0299,0.0345,0
Sat May 18 2024 11:00:00 GMT+0100 (British Summer Time),0.0295,0.0299,0.0345,49.20189726872916
Sat May 18 2024 12:00:00 GMT+0100 (British Summer Time),0.0295,0.0299,0.0345,0
Sat May 18 2024 13:00:00 GMT+0100 (British Summer Time),0.0282,0.0297,0.0345,1664.3165962163241
Sat May 18 2024 14:00:00 GMT+0100 (British Summer Time),0.0282,0.0297,0.0345,19.994308976399456
Sat May 18 2024 15:00:00 GMT+0100 (British Summer Time),0.0282,0.0297,0.0345,0
Sat May 18 2024 16:00:00 GMT+0100 (British Summer Time),0.0282,0.0297,0.0345,0
Sat May 18 2024 17:00:00 GMT+0100 (British Summer Time),0.0282,0.0297,0.0345,0
Sat May 18 2024 18:00:00 GMT+0100 (British Summer Time),0.0282,0.0297,0.0345,0
Sat May 18 2024 19:00:00 GMT+0100 (British Summer Time),0.0282,0.0297,0.0345,0
Sat May 18 2024 20:00:00 GMT+0100 (British Summer Time),0.0282,0.0297,0.0345,0
Sat May 18 2024 21:00:00 GMT+0100 (British Summer Time),0.0282,0.0297,0.0345,22.353272730600338
Sat May 18 2024 22:00:00 GMT+0100 (British Summer Time),0.0282,0.0297,0.0345,0
Sat May 18 2024 23:00:00 GMT+0100 (British Summer Time),0.0282,0.0297,0.0345,0
Sun May 19 2024 00:00:00 GMT+0100 (British Summer Time),0.0282,0.0297,0.0345,0
Sun May 19 2024 01:00:00 GMT+0100 (British Summer Time),0.0281,0.0297,0.0345,0
Sun May 19 2024 02:00:00 GMT+0100 (British Summer Time),0.0281,0.0297,0.0345,0.5580786641297985
Sun May 19 2024 03:00:00 GMT+0100 (British Summer Time),0.0281,0.0297,0.0345,0
Sun May 19 2024 04:00:00 GMT+0100 (British Summer Time),0.0281,0.0297,0.0345,0
Sun May 19 2024 05:00:00 GMT+0100 (British Summer Time),0.0281,0.0297,0.0345,0
Sun May 19 2024 06:00:00 GMT+0100 (British Summer Time),0.0281,0.0297,0.0345,0
Sun May 19 2024 07:00:00 GMT+0100 (British Summer Time),0.0281,0.0297,0.0345,0
Sun May 19 2024 08:00:00 GMT+0100 (British Summer Time),0.0281,0.0297,0.0345,0
Sun May 19 2024 09:00:00 GMT+0100 (British Summer Time),0.0281,0.0297,0.0345,457.50424815650194
Sun May 19 2024 10:00:00 GMT+0100 (British Summer Time),0.0281,0.0297,0.0345,0
Sun May 19 2024 11:00:00 GMT+0100 (British Summer Time),0.0281,0.0297,0.0345,0
Sun May 19 2024 12:00:00 GMT+0100 (British Summer Time),0.0281,0.0297,0.0345,0
Sun May 19 2024 13:00:00 GMT+0100 (British Summer Time),0.0288,0.0298,0.0345,0
Sun May 19 2024 14:00:00 GMT+0100 (British Summer Time),0.0288,0.0298,0.0345,0
Sun May 19 2024 15:00:00 GMT+0100 (British Summer Time),0.0288,0.0298,0.0345,104.43478909619647
Sun May 19 2024 16:00:00 GMT+0100 (British Summer Time),0.0288,0.0298,0.0345,3.0827897442720062
Sun May 19 2024 17:00:00 GMT+0100 (British Summer Time),0.0288,0.0298,0.0345,0
Sun May 19 2024 18:00:00 GMT+0100 (British Summer Time),0.0288,0.0298,0.0345,0
Sun May 19 2024 19:00:00 GMT+0100 (British Summer Time),0.0288,0.0298,0.0345,0
Sun May 19 2024 20:00:00 GMT+0100 (British Summer Time),0.0288,0.0298,0.0345,0
Sun May 19 2024 21:00:00 GMT+0100 (British Summer Time),0.0288,0.0298,0.0345,0
Sun May 19 2024 22:00:00 GMT+0100 (British Summer Time),0.0288,0.0298,0.0345,0
Sun May 19 2024 23:00:00 GMT+0100 (British Summer Time),0.0288,0.0298,0.0345,360.6795245611663
Mon May 20 2024 00:00:00 GMT+0100 (British Summer Time),0.0288,0.0298,0.0345,22.047524380910026
Mon May 20 2024 01:00:00 GMT+0100 (British Summer Time),0.0288,0.0298,0.0345,0
Mon May 20 2024 02:00:00 GMT+0100 (British Summer Time),0.0288,0.0298,0.0345,0
Mon May 20 2024 03:00:00 GMT+0100 (British Summer Time),0.0288,0.0298,0.0345,0
Mon May 20 2024 04:00:00 GMT+0100 (British Summer Time),0.0288,0.0298,0.0345,0
Mon May 20 2024 05:00:00 GMT+0100 (British Summer Time),0.0289,0.0298,0.0345,0
Mon May 20 2024 06:00:00 GMT+0100 (British Summer Time),0.0289,0.0298,0.0345,0
Mon May 20 2024 07:00:00 GMT+0100 (British Summer Time),0.0289,0.0298,0.0345,0.0036276356520972683
Mon May 20 2024 08:00:00 GMT+0100 (British Summer Time),0.0289,0.0298,0.0345,0
Mon May 20 2024 09:00:00 GMT+0100 (British Summer Time),0.0289,0.0298,0.0345,0
Mon May 20 2024 10:00:00 GMT+0100 (British Summer Time),0.0289,0.0298,0.0345,0
Mon May 20 2024 11:00:00 GMT+0100 (British Summer Time),0.0289,0.0298,0.0345,0
Mon May 20 2024 12:00:00 GMT+0100 (British Summer Time),0.0289,0.0298,0.0345,0
Mon May 20 2024 13:00:00 GMT+0100 (British Summer Time),0.0292,0.0298,0.0345,0
Mon May 20 2024 14:00:00 GMT+0100 (British Summer Time),0.0292,0.0298,0.0345,0
Mon May 20 2024 15:00:00 GMT+0100 (British Summer Time),0.0292,0.0298,0.0345,3.0841322766198083
Mon May 20 2024 16:00:00 GMT+0100 (British Summer Time),0.0292,0.0298,0.0345,2.228584369768791
Mon May 20 2024 17:00:00 GMT+0100 (British Summer Time),0.0292,0.0298,0.0345,13.97796318036956
Mon May 20 2024 18:00:00 GMT+0100 (British Summer Time),0.0292,0.0298,0.0345,0
Mon May 20 2024 19:00:00 GMT+0100 (British Summer Time),0.0292,0.0298,0.0345,0.27549789464206664
Mon May 20 2024 20:00:00 GMT+0100 (British Summer Time),0.0292,0.0298,0.0345,0
Mon May 20 2024 21:00:00 GMT+0100 (British Summer Time),0.0292,0.0298,0.0345,0
Mon May 20 2024 22:00:00 GMT+0100 (British Summer Time),0.0292,0.0298,0.0345,0
Mon May 20 2024 23:00:00 GMT+0100 (British Summer Time),0.0292,0.0298,0.0345,0
Tue May 21 2024 00:00:00 GMT+0100 (British Summer Time),0.0292,0.0298,0.0345,0
Tue May 21 2024 01:00:00 GMT+0100 (British Summer Time),0.0293,0.0298,0.0345,4.310797486644486
Tue May 21 2024 02:00:00 GMT+0100 (British Summer Time),0.0293,0.0298,0.0345,4.310057639365864
Tue May 21 2024 03:00:00 GMT+0100 (British Summer Time),0.0293,0.0298,0.0345,0
Tue May 21 2024 04:00:00 GMT+0100 (British Summer Time),0.0293,0.0298,0.0345,0
Tue May 21 2024 05:00:00 GMT+0100 (British Summer Time),0.0292,0.0298,0.0367,157535.8099921361
Tue May 21 2024 06:00:00 GMT+0100 (British Summer Time),0.0292,0.0298,0.0367,0
Tue May 21 2024 07:00:00 GMT+0100 (British Summer Time),0.0292,0.0298,0.0367,0
Tue May 21 2024 08:00:00 GMT+0100 (British Summer Time),0.0292,0.0298,0.0367,0
Tue May 21 2024 09:00:00 GMT+0100 (British Summer Time),0.0292,0.0298,0.0367,1.2351002681957817
Tue May 21 2024 10:00:00 GMT+0100 (British Summer Time),0.0292,0.0298,0.0367,0
Tue May 21 2024 11:00:00 GMT+0100 (British Summer Time),0.0292,0.0298,0.0367,135.05989183657024
Tue May 21 2024 12:00:00 GMT+0100 (British Summer Time),0.0292,0.0298,0.0367,0
Tue May 21 2024 13:00:00 GMT+0100 (British Summer Time),0.0402,0.031,0.0367,0
Tue May 21 2024 14:00:00 GMT+0100 (British Summer Time),0.0402,0.031,0.0367,183.1684094731784
Tue May 21 2024 15:00:00 GMT+0100 (British Summer Time),0.0402,0.031,0.0367,407.8473180314047
Tue May 21 2024 16:00:00 GMT+0100 (British Summer Time),0.0402,0.031,0.0367,0
Tue May 21 2024 17:00:00 GMT+0100 (British Summer Time),0.0402,0.031,0.0367,0
Tue May 21 2024 18:00:00 GMT+0100 (British Summer Time),0.0402,0.031,0.0367,50.03036666569927
Tue May 21 2024 19:00:00 GMT+0100 (British Summer Time),0.0402,0.031,0.0367,0
Tue May 21 2024 20:00:00 GMT+0100 (British Summer Time),0.0402,0.031,0.0367,0
Tue May 21 2024 21:00:00 GMT+0100 (British Summer Time),0.0402,0.031,0.0367,0
Tue May 21 2024 22:00:00 GMT+0100 (British Summer Time),0.0402,0.031,0.0367,12.664157463397252
Tue May 21 2024 23:00:00 GMT+0100 (British Summer Time),0.0402,0.031,0.0367,0
Wed May 22 2024 00:00:00 GMT+0100 (British Summer Time),0.0402,0.031,0.0367,0
Wed May 22 2024 01:00:00 GMT+0100 (British Summer Time),0.0402,0.031,0.0367,0
Wed May 22 2024 02:00:00 GMT+0100 (British Summer Time),0.0402,0.031,0.0367,0
Wed May 22 2024 03:00:00 GMT+0100 (British Summer Time),0.0402,0.031,0.0367,11.06407226158985
Wed May 22 2024 04:00:00 GMT+0100 (British Summer Time),0.0402,0.031,0.0367,0
Wed May 22 2024 05:00:00 GMT+0100 (British Summer Time),0.0402,0.031,0.0367,0
Wed May 22 2024 06:00:00 GMT+0100 (British Summer Time),0.0402,0.031,0.0367,0
Wed May 22 2024 07:00:00 GMT+0100 (British Summer Time),0.0402,0.031,0.0367,11.68889685522449
Wed May 22 2024 08:00:00 GMT+0100 (British Summer Time),0.0402,0.031,0.0367,143.0904102803974
Wed May 22 2024 09:00:00 GMT+0100 (British Summer Time),0.0402,0.031,0.0367,143.06847918247007
Wed May 22 2024 10:00:00 GMT+0100 (British Summer Time),0.0402,0.031,0.0367,0
Wed May 22 2024 11:00:00 GMT+0100 (British Summer Time),0.0402,0.031,0.0367,0
Wed May 22 2024 12:00:00 GMT+0100 (British Summer Time),0.0402,0.031,0.0367,0
Wed May 22 2024 13:00:00 GMT+0100 (British Summer Time),0.0322,0.0313,0.0367,0
Wed May 22 2024 14:00:00 GMT+0100 (British Summer Time),0.0322,0.0313,0.0367,0
Wed May 22 2024 15:00:00 GMT+0100 (British Summer Time),0.0322,0.0313,0.0367,30.97081589085913
Wed May 22 2024 16:00:00 GMT+0100 (British Summer Time),0.0322,0.0313,0.0367,0
Wed May 22 2024 17:00:00 GMT+0100 (British Summer Time),0.0322,0.0313,0.0367,1255.6089430826926
Wed May 22 2024 18:00:00 GMT+0100 (British Summer Time),0.0322,0.0313,0.0367,1003.6454410793432
Wed May 22 2024 19:00:00 GMT+0100 (British Summer Time),0.0322,0.0313,0.0367,0
Wed May 22 2024 20:00:00 GMT+0100 (British Summer Time),0.0322,0.0313,0.0368,1670.0854129482686
Wed May 22 2024 21:00:00 GMT+0100 (British Summer Time),0.0322,0.0313,0.0368,0
Wed May 22 2024 22:00:00 GMT+0100 (British Summer Time),0.0322,0.0313,0.0368,0
Wed May 22 2024 23:00:00 GMT+0100 (British Summer Time),0.0322,0.0313,0.0368,86.65121970082441
Thu May 23 2024 00:00:00 GMT+0100 (British Summer Time),0.0322,0.0313,0.0368,0
Thu May 23 2024 01:00:00 GMT+0100 (British Summer Time),0.0322,0.0313,0.0368,0
Thu May 23 2024 02:00:00 GMT+0100 (British Summer Time),0.0322,0.0313,0.0368,0
Thu May 23 2024 03:00:00 GMT+0100 (British Summer Time),0.0322,0.0313,0.0368,0
Thu May 23 2024 04:00:00 GMT+0100 (British Summer Time),0.0322,0.0313,0.0368,0
Thu May 23 2024 05:00:00 GMT+0100 (British Summer Time),0.0323,0.0313,0.0368,0
Thu May 23 2024 06:00:00 GMT+0100 (British Summer Time),0.0322,0.0313,0.0368,0
Thu May 23 2024 07:00:00 GMT+0100 (British Summer Time),0.0322,0.0313,0.0368,0
Thu May 23 2024 08:00:00 GMT+0100 (British Summer Time),0.0322,0.0313,0.0368,0
Thu May 23 2024 09:00:00 GMT+0100 (British Summer Time),0.0321,0.0313,0.0368,0
Thu May 23 2024 10:00:00 GMT+0100 (British Summer Time),0.0322,0.0313,0.0368,0
Thu May 23 2024 11:00:00 GMT+0100 (British Summer Time),0.0322,0.0313,0.0368,0
Thu May 23 2024 12:00:00 GMT+0100 (British Summer Time),0.0322,0.0313,0.0368,0
Thu May 23 2024 13:00:00 GMT+0100 (British Summer Time),0.0324,0.0315,0.0368,17.863541031303555
Thu May 23 2024 14:00:00 GMT+0100 (British Summer Time),0.0324,0.0315,0.0368,0
Thu May 23 2024 15:00:00 GMT+0100 (British Summer Time),0.0324,0.0315,0.0368,0
Thu May 23 2024 16:00:00 GMT+0100 (British Summer Time),0.0324,0.0315,0.0368,5.974391584151679
Thu May 23 2024 17:00:00 GMT+0100 (British Summer Time),0.0324,0.0315,0.0368,0
Thu May 23 2024 18:00:00 GMT+0100 (British Summer Time),0.0324,0.0315,0.0368,0
Thu May 23 2024 19:00:00 GMT+0100 (British Summer Time),0.0324,0.0315,0.0368,0
Thu May 23 2024 20:00:00 GMT+0100 (British Summer Time),0.0324,0.0315,0.0368,0
Thu May 23 2024 21:00:00 GMT+0100 (British Summer Time),0.0324,0.0315,0.0368,0
Thu May 23 2024 22:00:00 GMT+0100 (British Summer Time),0.0324,0.0315,0.0368,0
Thu May 23 2024 23:00:00 GMT+0100 (British Summer Time),0.0325,0.0315,0.0368,0
Fri May 24 2024 00:00:00 GMT+0100 (British Summer Time),0.0325,0.0315,0.0368,0
Fri May 24 2024 01:00:00 GMT+0100 (British Summer Time),0.0325,0.0315,0.0368,0
Fri May 24 2024 02:00:00 GMT+0100 (British Summer Time),0.0325,0.0315,0.0368,0
Fri May 24 2024 03:00:00 GMT+0100 (British Summer Time),0.0325,0.0315,0.0372,31157.511129682025
Fri May 24 2024 04:00:00 GMT+0100 (British Summer Time),0.0325,0.0315,0.0372,28.522796781817537
Fri May 24 2024 05:00:00 GMT+0100 (British Summer Time),0.0325,0.0315,0.0372,0
Fri May 24 2024 06:00:00 GMT+0100 (British Summer Time),0.0325,0.0315,0.0372,0
Fri May 24 2024 07:00:00 GMT+0100 (British Summer Time),0.0325,0.0315,0.0372,0
Fri May 24 2024 08:00:00 GMT+0100 (British Summer Time),0.0325,0.0315,0.0372,0
Fri May 24 2024 09:00:00 GMT+0100 (British Summer Time),0.0325,0.0315,0.0372,0
Fri May 24 2024 10:00:00 GMT+0100 (British Summer Time),0.0325,0.0315,0.0372,0
Fri May 24 2024 11:00:00 GMT+0100 (British Summer Time),0.0325,0.0315,0.0372,0
Fri May 24 2024 12:00:00 GMT+0100 (British Summer Time),0.0325,0.0315,0.0372,0
Fri May 24 2024 13:00:00 GMT+0100 (British Summer Time),0.0434,0.0335,0.0372,0
Fri May 24 2024 14:00:00 GMT+0100 (British Summer Time),0.0434,0.0335,0.0372,11.647294576327097
Fri May 24 2024 15:00:00 GMT+0100 (British Summer Time),0.0434,0.0335,0.0372,3297.1679853026467
Fri May 24 2024 16:00:00 GMT+0100 (British Summer Time),0.0434,0.0335,0.0371,0
Fri May 24 2024 17:00:00 GMT+0100 (British Summer Time),0.0434,0.0335,0.0371,0
Fri May 24 2024 18:00:00 GMT+0100 (British Summer Time),0.0434,0.0335,0.0371,0
Fri May 24 2024 19:00:00 GMT+0100 (British Summer Time),0.0434,0.0335,0.0371,0
Fri May 24 2024 20:00:00 GMT+0100 (British Summer Time),0.0434,0.0335,0.0371,0
Fri May 24 2024 21:00:00 GMT+0100 (British Summer Time),0.0434,0.0335,0.0371,0
Fri May 24 2024 22:00:00 GMT+0100 (British Summer Time),0.0434,0.0335,0.0371,0
Fri May 24 2024 23:00:00 GMT+0100 (British Summer Time),0.0434,0.0335,0.0371,0
Sat May 25 2024 00:00:00 GMT+0100 (British Summer Time),0.0434,0.0335,0.0371,0
Sat May 25 2024 01:00:00 GMT+0100 (British Summer Time),0.0433,0.0335,0.0371,0
Sat May 25 2024 02:00:00 GMT+0100 (British Summer Time),0.0433,0.0335,0.0371,0
Sat May 25 2024 03:00:00 GMT+0100 (British Summer Time),0.0433,0.0335,0.0371,0
Sat May 25 2024 04:00:00 GMT+0100 (British Summer Time),0.0434,0.0335,0.0371,0
Sat May 25 2024 05:00:00 GMT+0100 (British Summer Time),0.0434,0.0335,0.0371,11.111438927503311
Sat May 25 2024 06:00:00 GMT+0100 (British Summer Time),0.0434,0.0335,0.0371,0
Sat May 25 2024 07:00:00 GMT+0100 (British Summer Time),0.0434,0.0335,0.0371,3.8666898279863045
Sat May 25 2024 08:00:00 GMT+0100 (British Summer Time),0.0434,0.0335,0.0371,0
Sat May 25 2024 09:00:00 GMT+0100 (British Summer Time),0.0432,0.0335,0.0371,1.5731274449786374
Sat May 25 2024 10:00:00 GMT+0100 (British Summer Time),0.0432,0.0335,0.0371,0
Sat May 25 2024 11:00:00 GMT+0100 (British Summer Time),0.0432,0.0335,0.0371,0
Sat May 25 2024 12:00:00 GMT+0100 (British Summer Time),0.0432,0.0335,0.0371,0
Sat May 25 2024 13:00:00 GMT+0100 (British Summer Time),0.0306,0.0338,0.0371,0
Sat May 25 2024 14:00:00 GMT+0100 (British Summer Time),0.0306,0.0338,0.0371,0
Sat May 25 2024 15:00:00 GMT+0100 (British Summer Time),0.0306,0.0338,0.0371,0
Sat May 25 2024 16:00:00 GMT+0100 (British Summer Time),0.0306,0.0338,0.0371,24.708754484084018
Sat May 25 2024 17:00:00 GMT+0100 (British Summer Time),0.0306,0.0338,0.0371,0
Sat May 25 2024 18:00:00 GMT+0100 (British Summer Time),0.0306,0.0338,0.0371,0
Sat May 25 2024 19:00:00 GMT+0100 (British Summer Time),0.0306,0.0338,0.0371,0
Sat May 25 2024 20:00:00 GMT+0100 (British Summer Time),0.0306,0.0338,0.0371,0
Sat May 25 2024 21:00:00 GMT+0100 (British Summer Time),0.0306,0.0338,0.0371,0
Sat May 25 2024 22:00:00 GMT+0100 (British Summer Time),0.0306,0.0338,0.0371,0
Sat May 25 2024 23:00:00 GMT+0100 (British Summer Time),0.0306,0.0338,0.0371,0
Sun May 26 2024 00:00:00 GMT+0100 (British Summer Time),0.0306,0.0338,0.0371,0
Sun May 26 2024 01:00:00 GMT+0100 (British Summer Time),0.0306,0.0338,0.0371,0
Sun May 26 2024 02:00:00 GMT+0100 (British Summer Time),0.0306,0.0338,0.0371,2.616936083588455
Sun May 26 2024 03:00:00 GMT+0100 (British Summer Time),0.0306,0.0338,0.0371,0
Sun May 26 2024 04:00:00 GMT+0100 (British Summer Time),0.0306,0.0338,0.0371,0
Sun May 26 2024 05:00:00 GMT+0100 (British Summer Time),0.0306,0.0338,0.0371,0
Sun May 26 2024 06:00:00 GMT+0100 (British Summer Time),0.0306,0.0338,0.0371,21.778984819544046
Sun May 26 2024 07:00:00 GMT+0100 (British Summer Time),0.0306,0.0338,0.0371,0
Sun May 26 2024 08:00:00 GMT+0100 (British Summer Time),0.0306,0.0338,0.0371,0
Sun May 26 2024 09:00:00 GMT+0100 (British Summer Time),0.0307,0.0338,0.0371,0
Sun May 26 2024 10:00:00 GMT+0100 (British Summer Time),0.0307,0.0338,0.0371,29.775408731587536
Sun May 26 2024 11:00:00 GMT+0100 (British Summer Time),0.0307,0.0338,0.0371,0
Sun May 26 2024 12:00:00 GMT+0100 (British Summer Time),0.0307,0.0338,0.0371,0
Sun May 26 2024 13:00:00 GMT+0100 (British Summer Time),0.0301,0.034,0.0371,0
Sun May 26 2024 14:00:00 GMT+0100 (British Summer Time),0.0301,0.034,0.0371,0
Sun May 26 2024 15:00:00 GMT+0100 (British Summer Time),0.0301,0.034,0.0371,0
Sun May 26 2024 16:00:00 GMT+0100 (British Summer Time),0.0301,0.034,0.0371,0
Sun May 26 2024 17:00:00 GMT+0100 (British Summer Time),0.0301,0.034,0.0371,0
Sun May 26 2024 18:00:00 GMT+0100 (British Summer Time),0.0301,0.034,0.0371,0
Sun May 26 2024 19:00:00 GMT+0100 (British Summer Time),0.0301,0.034,0.0371,0
Sun May 26 2024 20:00:00 GMT+0100 (British Summer Time),0.0301,0.034,0.0371,0
Sun May 26 2024 21:00:00 GMT+0100 (British Summer Time),0.0301,0.034,0.0371,0
Sun May 26 2024 22:00:00 GMT+0100 (British Summer Time),0.0301,0.034,0.0371,0
Sun May 26 2024 23:00:00 GMT+0100 (British Summer Time),0.0301,0.034,0.0371,0
Mon May 27 2024 00:00:00 GMT+0100 (British Summer Time),0.0301,0.034,0.0371,0
Mon May 27 2024 01:00:00 GMT+0100 (British Summer Time),0.0301,0.034,0.0371,0
Mon May 27 2024 02:00:00 GMT+0100 (British Summer Time),0.0301,0.034,0.0371,0
Mon May 27 2024 03:00:00 GMT+0100 (British Summer Time),0.0301,0.034,0.0371,31.068020767052435
Mon May 27 2024 04:00:00 GMT+0100 (British Summer Time),0.0301,0.034,0.0371,0
Mon May 27 2024 05:00:00 GMT+0100 (British Summer Time),0.03,0.034,0.0371,0
Mon May 27 2024 06:00:00 GMT+0100 (British Summer Time),0.03,0.034,0.0371,0
Mon May 27 2024 07:00:00 GMT+0100 (British Summer Time),0.03,0.034,0.0371,0
Mon May 27 2024 08:00:00 GMT+0100 (British Summer Time),0.03,0.034,0.0371,0
Mon May 27 2024 09:00:00 GMT+0100 (British Summer Time),0.03,0.034,0.0371,0
Mon May 27 2024 10:00:00 GMT+0100 (British Summer Time),0.03,0.034,0.0371,0
Mon May 27 2024 11:00:00 GMT+0100 (British Summer Time),0.03,0.034,0.0371,0
Mon May 27 2024 12:00:00 GMT+0100 (British Summer Time),0.03,0.034,0.0371,0
Mon May 27 2024 13:00:00 GMT+0100 (British Summer Time),0.0314,0.0343,0.0371,0
Mon May 27 2024 14:00:00 GMT+0100 (British Summer Time),0.0314,0.0343,0.0371,0
Mon May 27 2024 15:00:00 GMT+0100 (British Summer Time),0.0314,0.0343,0.0371,0.8431828986141955
Mon May 27 2024 16:00:00 GMT+0100 (British Summer Time),0.0314,0.0343,0.0371,0
Mon May 27 2024 17:00:00 GMT+0100 (British Summer Time),0.0314,0.0343,0.0371,0
Mon May 27 2024 18:00:00 GMT+0100 (British Summer Time),0.0314,0.0343,0.0371,0
Mon May 27 2024 19:00:00 GMT+0100 (British Summer Time),0.0314,0.0343,0.0371,0
Mon May 27 2024 20:00:00 GMT+0100 (British Summer Time),0.0314,0.0343,0.0371,0
Mon May 27 2024 21:00:00 GMT+0100 (British Summer Time),0.0314,0.0343,0.0371,0
Mon May 27 2024 22:00:00 GMT+0100 (British Summer Time),0.0314,0.0343,0.0371,0
Mon May 27 2024 23:00:00 GMT+0100 (British Summer Time),0.0314,0.0343,0.0371,0
Tue May 28 2024 00:00:00 GMT+0100 (British Summer Time),0.0314,0.0343,0.0371,0
Tue May 28 2024 01:00:00 GMT+0100 (British Summer Time),0.0315,0.0343,0.0371,0
Tue May 28 2024 02:00:00 GMT+0100 (British Summer Time),0.0315,0.0343,0.0371,0
Tue May 28 2024 03:00:00 GMT+0100 (British Summer Time),0.0315,0.0343,0.0371,0
Tue May 28 2024 04:00:00 GMT+0100 (British Summer Time),0.0315,0.0343,0.0371,0
Tue May 28 2024 05:00:00 GMT+0100 (British Summer Time),0.0315,0.0343,0.0371,0.020597503259192965
Tue May 28 2024 06:00:00 GMT+0100 (British Summer Time),0.0315,0.0343,0.0371,0
Tue May 28 2024 07:00:00 GMT+0100 (British Summer Time),0.0315,0.0343,0.0371,0
Tue May 28 2024 08:00:00 GMT+0100 (British Summer Time),0.0315,0.0343,0.0371,0
Tue May 28 2024 09:00:00 GMT+0100 (British Summer Time),0.0315,0.0343,0.0371,0
Tue May 28 2024 10:00:00 GMT+0100 (British Summer Time),0.0315,0.0343,0.0371,0
Tue May 28 2024 11:00:00 GMT+0100 (British Summer Time),0.0315,0.0343,0.0371,27.993563668771124
Tue May 28 2024 12:00:00 GMT+0100 (British Summer Time),0.0315,0.0343,0.0371,0
Tue May 28 2024 13:00:00 GMT+0100 (British Summer Time),0.0327,0.0332,0.0371,0
Tue May 28 2024 14:00:00 GMT+0100 (British Summer Time),0.0327,0.0332,0.0371,3153.650188153696
Tue May 28 2024 15:00:00 GMT+0100 (British Summer Time),0.0327,0.0332,0.0371,0
Tue May 28 2024 16:00:00 GMT+0100 (British Summer Time),0.0327,0.0332,0.0371,24.79829046930236
Tue May 28 2024 17:00:00 GMT+0100 (British Summer Time),0.0327,0.0332,0.0371,0
Tue May 28 2024 18:00:00 GMT+0100 (British Summer Time),0.0327,0.0332,0.0371,0
Tue May 28 2024 19:00:00 GMT+0100 (British Summer Time),0.0327,0.0332,0.0371,0
Tue May 28 2024 20:00:00 GMT+0100 (British Summer Time),0.0327,0.0332,0.0371,0
Tue May 28 2024 21:00:00 GMT+0100 (British Summer Time),0.0327,0.0332,0.037,8274.688189045126
Tue May 28 2024 22:00:00 GMT+0100 (British Summer Time),0.0327,0.0333,0.037,15.58902445943762
Tue May 28 2024 23:00:00 GMT+0100 (British Summer Time),0.0327,0.0333,0.037,0
Wed May 29 2024 00:00:00 GMT+0100 (British Summer Time),0.0327,0.0333,0.037,0
Wed May 29 2024 01:00:00 GMT+0100 (British Summer Time),0.0327,0.0332,0.037,0
Wed May 29 2024 02:00:00 GMT+0100 (British Summer Time),0.0327,0.0332,0.037,202.6951762417529
Wed May 29 2024 03:00:00 GMT+0100 (British Summer Time),0.0326,0.0332,0.037,0
Wed May 29 2024 04:00:00 GMT+0100 (British Summer Time),0.0327,0.0332,0.037,0
Wed May 29 2024 05:00:00 GMT+0100 (British Summer Time),0.0327,0.0332,0.037,0
Wed May 29 2024 06:00:00 GMT+0100 (British Summer Time),0.0327,0.0332,0.037,0
Wed May 29 2024 07:00:00 GMT+0100 (British Summer Time),0.0327,0.0332,0.037,0
Wed May 29 2024 08:00:00 GMT+0100 (British Summer Time),0.0327,0.0332,0.037,0
Wed May 29 2024 09:00:00 GMT+0100 (British Summer Time),0.0327,0.0332,0.037,0
Wed May 29 2024 10:00:00 GMT+0100 (British Summer Time),0.0327,0.0332,0.037,1.6060841491230917
Wed May 29 2024 11:00:00 GMT+0100 (British Summer Time),0.0327,0.0332,0.037,0
Wed May 29 2024 12:00:00 GMT+0100 (British Summer Time),0.0327,0.0332,0.037,0
Wed May 29 2024 13:00:00 GMT+0100 (British Summer Time),0.0321,0.0332,0.037,0
Wed May 29 2024 14:00:00 GMT+0100 (British Summer Time),0.0321,0.0332,0.037,0
Wed May 29 2024 15:00:00 GMT+0100 (British Summer Time),0.0321,0.0332,0.037,0
Wed May 29 2024 16:00:00 GMT+0100 (British Summer Time),0.0321,0.0332,0.037,0
Wed May 29 2024 17:00:00 GMT+0100 (British Summer Time),0.0321,0.0332,0.0369,8773.336686037266
Wed May 29 2024 18:00:00 GMT+0100 (British Summer Time),0.0321,0.0332,0.0369,0
Wed May 29 2024 19:00:00 GMT+0100 (British Summer Time),0.0321,0.0332,0.0369,0
Wed May 29 2024 20:00:00 GMT+0100 (British Summer Time),0.0321,0.0332,0.0369,0.004184029439147023
Wed May 29 2024 21:00:00 GMT+0100 (British Summer Time),0.0321,0.0332,0.0369,6.478118288592228
Wed May 29 2024 22:00:00 GMT+0100 (British Summer Time),0.032,0.0332,0.0369,0
Wed May 29 2024 23:00:00 GMT+0100 (British Summer Time),0.032,0.0332,0.0369,0
Thu May 30 2024 00:00:00 GMT+0100 (British Summer Time),0.032,0.0332,0.0369,0
Thu May 30 2024 01:00:00 GMT+0100 (British Summer Time),0.032,0.0332,0.0369,0
Thu May 30 2024 02:00:00 GMT+0100 (British Summer Time),0.032,0.0332,0.0369,0
Thu May 30 2024 03:00:00 GMT+0100 (British Summer Time),0.032,0.0332,0.0369,0
Thu May 30 2024 04:00:00 GMT+0100 (British Summer Time),0.032,0.0332,0.0369,0
Thu May 30 2024 05:00:00 GMT+0100 (British Summer Time),0.032,0.0332,0.0369,0
Thu May 30 2024 06:00:00 GMT+0100 (British Summer Time),0.032,0.0332,0.0369,0
Thu May 30 2024 07:00:00 GMT+0100 (British Summer Time),0.032,0.0332,0.0369,0
Thu May 30 2024 08:00:00 GMT+0100 (British Summer Time),0.032,0.0332,0.0369,21.288844758917516
Thu May 30 2024 09:00:00 GMT+0100 (British Summer Time),0.032,0.0332,0.0369,0
Thu May 30 2024 10:00:00 GMT+0100 (British Summer Time),0.032,0.0332,0.0369,0
Thu May 30 2024 11:00:00 GMT+0100 (British Summer Time),0.032,0.0332,0.0369,0
Thu May 30 2024 12:00:00 GMT+0100 (British Summer Time),0.032,0.0332,0.0369,0
Thu May 30 2024 13:00:00 GMT+0100 (British Summer Time),0.0329,0.0333,0.0369,0
Thu May 30 2024 14:00:00 GMT+0100 (British Summer Time),0.0329,0.0333,0.0369,20.95465557952782
Thu May 30 2024 15:00:00 GMT+0100 (British Summer Time),0.0329,0.0333,0.0369,0
Thu May 30 2024 16:00:00 GMT+0100 (British Summer Time),0.0329,0.0333,0.0369,0
Thu May 30 2024 17:00:00 GMT+0100 (British Summer Time),0.0329,0.0333,0.0369,0
Thu May 30 2024 18:00:00 GMT+0100 (British Summer Time),0.0329,0.0333,0.0369,0
Thu May 30 2024 19:00:00 GMT+0100 (British Summer Time),0.0329,0.0333,0.0369,0
Thu May 30 2024 20:00:00 GMT+0100 (British Summer Time),0.0329,0.0333,0.0369,0
Thu May 30 2024 21:00:00 GMT+0100 (British Summer Time),0.0329,0.0333,0.0369,0
Thu May 30 2024 22:00:00 GMT+0100 (British Summer Time),0.0329,0.0333,0.0369,7.414772330601696
Thu May 30 2024 23:00:00 GMT+0100 (British Summer Time),0.0329,0.0333,0.0369,0
Fri May 31 2024 00:00:00 GMT+0100 (British Summer Time),0.0329,0.0333,0.0369,0
Fri May 31 2024 01:00:00 GMT+0100 (British Summer Time),0.033,0.0333,0.0369,0
Fri May 31 2024 02:00:00 GMT+0100 (British Summer Time),0.033,0.0333,0.0369,0
Fri May 31 2024 03:00:00 GMT+0100 (British Summer Time),0.033,0.0333,0.0369,0
Fri May 31 2024 04:00:00 GMT+0100 (British Summer Time),0.033,0.0333,0.0369,0
Fri May 31 2024 05:00:00 GMT+0100 (British Summer Time),0.033,0.0333,0.0369,0
Fri May 31 2024 06:00:00 GMT+0100 (British Summer Time),0.033,0.0333,0.0369,0
Fri May 31 2024 07:00:00 GMT+0100 (British Summer Time),0.033,0.0333,0.0369,0
Fri May 31 2024 08:00:00 GMT+0100 (British Summer Time),0.033,0.0333,0.0369,0
Fri May 31 2024 09:00:00 GMT+0100 (British Summer Time),0.033,0.0333,0.0369,0
Fri May 31 2024 10:00:00 GMT+0100 (British Summer Time),0.033,0.0333,0.0369,0
Fri May 31 2024 11:00:00 GMT+0100 (British Summer Time),0.033,0.0333,0.0369,0
Fri May 31 2024 12:00:00 GMT+0100 (British Summer Time),0.033,0.0333,0.0369,3.893216456354876
Fri May 31 2024 13:00:00 GMT+0100 (British Summer Time),0.0333,0.0319,0.0369,0
Fri May 31 2024 14:00:00 GMT+0100 (British Summer Time),0.0333,0.0319,0.0369,0
Fri May 31 2024 15:00:00 GMT+0100 (British Summer Time),0.0333,0.0319,0.0369,0
Fri May 31 2024 16:00:00 GMT+0100 (British Summer Time),0.0333,0.0319,0.0369,0
Fri May 31 2024 17:00:00 GMT+0100 (British Summer Time),0.0333,0.0319,0.0369,0
Fri May 31 2024 18:00:00 GMT+0100 (British Summer Time),0.0333,0.0319,0.0369,0
Fri May 31 2024 19:00:00 GMT+0100 (British Summer Time),0.0333,0.0319,0.0369,0
Fri May 31 2024 20:00:00 GMT+0100 (British Summer Time),0.0333,0.0319,0.0369,0
Fri May 31 2024 21:00:00 GMT+0100 (British Summer Time),0.0333,0.0319,0.0369,0
Fri May 31 2024 22:00:00 GMT+0100 (British Summer Time),0.0333,0.0319,0.0369,0
Fri May 31 2024 23:00:00 GMT+0100 (British Summer Time),0.0333,0.0319,0.0369,0
Sat Jun 01 2024 00:00:00 GMT+0100 (British Summer Time),0.0333,0.0319,0.0369,0
Sat Jun 01 2024 01:00:00 GMT+0100 (British Summer Time),0.0332,0.0319,0.0369,0
Sat Jun 01 2024 02:00:00 GMT+0100 (British Summer Time),0.0332,0.0319,0.0369,0
Sat Jun 01 2024 03:00:00 GMT+0100 (British Summer Time),0.0332,0.0319,0.0369,0
Sat Jun 01 2024 04:00:00 GMT+0100 (British Summer Time),0.0332,0.0318,0.0369,0
Sat Jun 01 2024 05:00:00 GMT+0100 (British Summer Time),0.0332,0.0318,0.0369,0
Sat Jun 01 2024 06:00:00 GMT+0100 (British Summer Time),0.0332,0.0318,0.0369,0
Sat Jun 01 2024 07:00:00 GMT+0100 (British Summer Time),0.0332,0.0319,0.0369,0
Sat Jun 01 2024 08:00:00 GMT+0100 (British Summer Time),0.0333,0.0319,0.0369,0
Sat Jun 01 2024 09:00:00 GMT+0100 (British Summer Time),0.0333,0.0319,0.0369,0
Sat Jun 01 2024 10:00:00 GMT+0100 (British Summer Time),0.0332,0.0319,0.0369,0
Sat Jun 01 2024 11:00:00 GMT+0100 (British Summer Time),0.0333,0.0319,0.0369,0
Sat Jun 01 2024 12:00:00 GMT+0100 (British Summer Time),0.0333,0.0319,0.0369,0
Sat Jun 01 2024 13:00:00 GMT+0100 (British Summer Time),0.0318,0.032,0.0369,0
Sat Jun 01 2024 14:00:00 GMT+0100 (British Summer Time),0.0318,0.032,0.0369,0
Sat Jun 01 2024 15:00:00 GMT+0100 (British Summer Time),0.0318,0.032,0.0369,0
Sat Jun 01 2024 16:00:00 GMT+0100 (British Summer Time),0.0318,0.032,0.0369,0
Sat Jun 01 2024 17:00:00 GMT+0100 (British Summer Time),0.0318,0.032,0.0369,0
Sat Jun 01 2024 18:00:00 GMT+0100 (British Summer Time),0.0318,0.032,0.0369,0
Sat Jun 01 2024 19:00:00 GMT+0100 (British Summer Time),0.0318,0.032,0.0369,0
Sat Jun 01 2024 20:00:00 GMT+0100 (British Summer Time),0.0318,0.032,0.0369,0
Sat Jun 01 2024 21:00:00 GMT+0100 (British Summer Time),0.0318,0.032,0.0369,0
Sat Jun 01 2024 22:00:00 GMT+0100 (British Summer Time),0.0318,0.032,0.0369,0
Sat Jun 01 2024 23:00:00 GMT+0100 (British Summer Time),0.0318,0.032,0.0369,0
Sun Jun 02 2024 00:00:00 GMT+0100 (British Summer Time),0.0318,0.032,0.0369,0
Sun Jun 02 2024 01:00:00 GMT+0100 (British Summer Time),0.0319,0.032,0.0369,0
Sun Jun 02 2024 02:00:00 GMT+0100 (British Summer Time),0.0319,0.032,0.0369,0
Sun Jun 02 2024 03:00:00 GMT+0100 (British Summer Time),0.0319,0.032,0.0368,402.0367216293722
Sun Jun 02 2024 04:00:00 GMT+0100 (British Summer Time),0.0319,0.032,0.0368,0
Sun Jun 02 2024 05:00:00 GMT+0100 (British Summer Time),0.0319,0.032,0.0368,0
Sun Jun 02 2024 06:00:00 GMT+0100 (British Summer Time),0.0319,0.032,0.0368,0
Sun Jun 02 2024 07:00:00 GMT+0100 (British Summer Time),0.0318,0.032,0.0368,0
Sun Jun 02 2024 08:00:00 GMT+0100 (British Summer Time),0.0318,0.032,0.0368,0
Sun Jun 02 2024 09:00:00 GMT+0100 (British Summer Time),0.0319,0.032,0.0368,0
Sun Jun 02 2024 10:00:00 GMT+0100 (British Summer Time),0.0319,0.032,0.0368,2652.5400494330793
Sun Jun 02 2024 11:00:00 GMT+0100 (British Summer Time),0.0319,0.032,0.0368,0
Sun Jun 02 2024 12:00:00 GMT+0100 (British Summer Time),0.0319,0.032,0.0368,0
Sun Jun 02 2024 13:00:00 GMT+0100 (British Summer Time),0.032,0.0323,0.0368,1.2965932608585995
Sun Jun 02 2024 14:00:00 GMT+0100 (British Summer Time),0.032,0.0323,0.0368,0
Sun Jun 02 2024 15:00:00 GMT+0100 (British Summer Time),0.032,0.0323,0.0368,1768.834997854281
Sun Jun 02 2024 16:00:00 GMT+0100 (British Summer Time),0.032,0.0323,0.0368,0
Sun Jun 02 2024 17:00:00 GMT+0100 (British Summer Time),0.032,0.0323,0.0368,52.436538846287895
Sun Jun 02 2024 18:00:00 GMT+0100 (British Summer Time),0.032,0.0323,0.0368,0
Sun Jun 02 2024 19:00:00 GMT+0100 (British Summer Time),0.032,0.0323,0.0368,88.91428976851947
Sun Jun 02 2024 20:00:00 GMT+0100 (British Summer Time),0.032,0.0323,0.0368,0
Sun Jun 02 2024 21:00:00 GMT+0100 (British Summer Time),0.0319,0.0323,0.0368,0
Sun Jun 02 2024 22:00:00 GMT+0100 (British Summer Time),0.0319,0.0323,0.0368,0.01687745739786739
Sun Jun 02 2024 23:00:00 GMT+0100 (British Summer Time),0.0319,0.0323,0.0368,0
Mon Jun 03 2024 00:00:00 GMT+0100 (British Summer Time),0.0319,0.0323,0.0368,0
Mon Jun 03 2024 01:00:00 GMT+0100 (British Summer Time),0.0319,0.0323,0.0368,0
Mon Jun 03 2024 02:00:00 GMT+0100 (British Summer Time),0.0319,0.0323,0.0368,0
Mon Jun 03 2024 03:00:00 GMT+0100 (British Summer Time),0.0319,0.0323,0.0368,0
Mon Jun 03 2024 04:00:00 GMT+0100 (British Summer Time),0.0319,0.0323,0.0368,0
Mon Jun 03 2024 05:00:00 GMT+0100 (British Summer Time),0.0319,0.0323,0.0368,0
Mon Jun 03 2024 06:00:00 GMT+0100 (British Summer Time),0.0319,0.0323,0.0368,0
Mon Jun 03 2024 07:00:00 GMT+0100 (British Summer Time),0.0319,0.0323,0.0368,0
Mon Jun 03 2024 08:00:00 GMT+0100 (British Summer Time),0.0319,0.0323,0.0368,0
Mon Jun 03 2024 09:00:00 GMT+0100 (British Summer Time),0.0319,0.0323,0.0368,0
Mon Jun 03 2024 10:00:00 GMT+0100 (British Summer Time),0.0319,0.0323,0.0368,0
Mon Jun 03 2024 11:00:00 GMT+0100 (British Summer Time),0.0319,0.0323,0.0368,0
Mon Jun 03 2024 12:00:00 GMT+0100 (British Summer Time),0.0319,0.0323,0.0368,1500.3451194232305
Mon Jun 03 2024 13:00:00 GMT+0100 (British Summer Time),0.033,0.0325,0.0368,0
Mon Jun 03 2024 14:00:00 GMT+0100 (British Summer Time),0.033,0.0325,0.0368,0
Mon Jun 03 2024 15:00:00 GMT+0100 (British Summer Time),0.033,0.0325,0.0368,0
Mon Jun 03 2024 16:00:00 GMT+0100 (British Summer Time),0.033,0.0325,0.0368,0
Mon Jun 03 2024 17:00:00 GMT+0100 (British Summer Time),0.033,0.0325,0.0368,0
Mon Jun 03 2024 18:00:00 GMT+0100 (British Summer Time),0.033,0.0325,0.0368,0
Mon Jun 03 2024 19:00:00 GMT+0100 (British Summer Time),0.033,0.0325,0.0368,0
Mon Jun 03 2024 20:00:00 GMT+0100 (British Summer Time),0.0331,0.0325,0.0368,0
Mon Jun 03 2024 21:00:00 GMT+0100 (British Summer Time),0.0331,0.0325,0.0368,0
Mon Jun 03 2024 22:00:00 GMT+0100 (British Summer Time),0.0331,0.0325,0.0368,0
Mon Jun 03 2024 23:00:00 GMT+0100 (British Summer Time),0.0331,0.0325,0.0368,0
Tue Jun 04 2024 00:00:00 GMT+0100 (British Summer Time),0.0331,0.0325,0.0368,0
Tue Jun 04 2024 01:00:00 GMT+0100 (British Summer Time),0.0331,0.0325,0.0368,0
Tue Jun 04 2024 02:00:00 GMT+0100 (British Summer Time),0.0331,0.0325,0.0368,503.20812013943765
Tue Jun 04 2024 03:00:00 GMT+0100 (British Summer Time),0.0331,0.0325,0.0368,0
Tue Jun 04 2024 04:00:00 GMT+0100 (British Summer Time),0.0331,0.0325,0.0368,0
Tue Jun 04 2024 05:00:00 GMT+0100 (British Summer Time),0.0331,0.0325,0.0368,0
Tue Jun 04 2024 06:00:00 GMT+0100 (British Summer Time),0.0331,0.0325,0.0367,4399.055541879609
Tue Jun 04 2024 07:00:00 GMT+0100 (British Summer Time),0.0331,0.0325,0.0367,0
Tue Jun 04 2024 08:00:00 GMT+0100 (British Summer Time),0.0331,0.0325,0.0367,0
Tue Jun 04 2024 09:00:00 GMT+0100 (British Summer Time),0.0331,0.0325,0.0367,0
Tue Jun 04 2024 10:00:00 GMT+0100 (British Summer Time),0.0331,0.0325,0.0367,0.18761980526958474
Tue Jun 04 2024 11:00:00 GMT+0100 (British Summer Time),0.0331,0.0325,0.0367,3.877463126756806
Tue Jun 04 2024 12:00:00 GMT+0100 (British Summer Time),0.0331,0.0325,0.0367,0
Tue Jun 04 2024 13:00:00 GMT+0100 (British Summer Time),0.0323,0.0325,0.0367,0
Tue Jun 04 2024 14:00:00 GMT+0100 (British Summer Time),0.0323,0.0325,0.0367,0
Tue Jun 04 2024 15:00:00 GMT+0100 (British Summer Time),0.0323,0.0325,0.0367,637.03594522087
Tue Jun 04 2024 16:00:00 GMT+0100 (British Summer Time),0.0323,0.0325,0.0367,0
Tue Jun 04 2024 17:00:00 GMT+0100 (British Summer Time),0.0323,0.0325,0.0367,0
Tue Jun 04 2024 18:00:00 GMT+0100 (British Summer Time),0.0323,0.0325,0.0367,0
Tue Jun 04 2024 19:00:00 GMT+0100 (British Summer Time),0.0323,0.0325,0.0367,579.8447928027348
Tue Jun 04 2024 20:00:00 GMT+0100 (British Summer Time),0.0323,0.0325,0.0367,0
Tue Jun 04 2024 21:00:00 GMT+0100 (British Summer Time),0.0323,0.0325,0.0367,0
Tue Jun 04 2024 22:00:00 GMT+0100 (British Summer Time),0.0323,0.0325,0.0367,0
Tue Jun 04 2024 23:00:00 GMT+0100 (British Summer Time),0.0323,0.0325,0.0367,0
Wed Jun 05 2024 00:00:00 GMT+0100 (British Summer Time),0.0323,0.0325,0.0367,0
Wed Jun 05 2024 01:00:00 GMT+0100 (British Summer Time),0.0323,0.0325,0.0367,0
Wed Jun 05 2024 02:00:00 GMT+0100 (British Summer Time),0.0323,0.0325,0.0367,0
Wed Jun 05 2024 03:00:00 GMT+0100 (British Summer Time),0.0323,0.0325,0.0367,0
Wed Jun 05 2024 04:00:00 GMT+0100 (British Summer Time),0.0323,0.0325,0.0367,0
Wed Jun 05 2024 05:00:00 GMT+0100 (British Summer Time),0.0323,0.0325,0.0367,0
Wed Jun 05 2024 06:00:00 GMT+0100 (British Summer Time),0.0323,0.0325,0.0367,0
Wed Jun 05 2024 07:00:00 GMT+0100 (British Summer Time),0.0323,0.0325,0.0367,75.73125366629282
Wed Jun 05 2024 08:00:00 GMT+0100 (British Summer Time),0.0323,0.0325,0.0367,2.041163669655226
Wed Jun 05 2024 09:00:00 GMT+0100 (British Summer Time),0.0323,0.0325,0.0367,0
Wed Jun 05 2024 10:00:00 GMT+0100 (British Summer Time),0.0323,0.0325,0.0367,0
Wed Jun 05 2024 11:00:00 GMT+0100 (British Summer Time),0.0323,0.0325,0.0367,0
Wed Jun 05 2024 12:00:00 GMT+0100 (British Summer Time),0.0323,0.0325,0.0367,0
Wed Jun 05 2024 13:00:00 GMT+0100 (British Summer Time),0.0332,0.0326,0.0367,0
Wed Jun 05 2024 14:00:00 GMT+0100 (British Summer Time),0.0332,0.0326,0.0367,0.18939559035013556
Wed Jun 05 2024 15:00:00 GMT+0100 (British Summer Time),0.0332,0.0326,0.0367,0
Wed Jun 05 2024 16:00:00 GMT+0100 (British Summer Time),0.0332,0.0326,0.0367,0
Wed Jun 05 2024 17:00:00 GMT+0100 (British Summer Time),0.0332,0.0326,0.0367,27.83677743755627
Wed Jun 05 2024 18:00:00 GMT+0100 (British Summer Time),0.0332,0.0326,0.0367,0
Wed Jun 05 2024 19:00:00 GMT+0100 (British Summer Time),0.0332,0.0326,0.0367,0
Wed Jun 05 2024 20:00:00 GMT+0100 (British Summer Time),0.0332,0.0326,0.0367,0
Wed Jun 05 2024 21:00:00 GMT+0100 (British Summer Time),0.0332,0.0326,0.0367,0
Wed Jun 05 2024 22:00:00 GMT+0100 (British Summer Time),0.0332,0.0326,0.0367,1894.8712967031443
Wed Jun 05 2024 23:00:00 GMT+0100 (British Summer Time),0.0332,0.0326,0.0367,0
Thu Jun 06 2024 00:00:00 GMT+0100 (British Summer Time),0.0332,0.0326,0.0367,17.196609596012145
Thu Jun 06 2024 01:00:00 GMT+0100 (British Summer Time),0.0331,0.0326,0.0367,0
Thu Jun 06 2024 02:00:00 GMT+0100 (British Summer Time),0.0331,0.0326,0.0367,0
Thu Jun 06 2024 03:00:00 GMT+0100 (British Summer Time),0.0331,0.0326,0.0367,0
Thu Jun 06 2024 04:00:00 GMT+0100 (British Summer Time),0.0331,0.0326,0.0367,0
Thu Jun 06 2024 05:00:00 GMT+0100 (British Summer Time),0.0331,0.0326,0.0367,0
Thu Jun 06 2024 06:00:00 GMT+0100 (British Summer Time),0.0331,0.0326,0.0367,0
Thu Jun 06 2024 07:00:00 GMT+0100 (British Summer Time),0.0331,0.0326,0.0367,152.72438874227606
Thu Jun 06 2024 08:00:00 GMT+0100 (British Summer Time),0.0331,0.0326,0.0367,10.196239576126981
Thu Jun 06 2024 09:00:00 GMT+0100 (British Summer Time),0.0331,0.0326,0.0367,0
Thu Jun 06 2024 10:00:00 GMT+0100 (British Summer Time),0.0331,0.0326,0.0367,0
Thu Jun 06 2024 11:00:00 GMT+0100 (British Summer Time),0.0331,0.0326,0.0367,0
Thu Jun 06 2024 12:00:00 GMT+0100 (British Summer Time),0.0331,0.0326,0.0367,1.1860523547211659
Thu Jun 06 2024 13:00:00 GMT+0100 (British Summer Time),0.0355,0.033,0.0367,112.37759118802317
Thu Jun 06 2024 14:00:00 GMT+0100 (British Summer Time),0.0355,0.033,0.0367,0
Thu Jun 06 2024 15:00:00 GMT+0100 (British Summer Time),0.0355,0.033,0.0367,0
Thu Jun 06 2024 16:00:00 GMT+0100 (British Summer Time),0.0355,0.033,0.0367,0
Thu Jun 06 2024 17:00:00 GMT+0100 (British Summer Time),0.0355,0.033,0.0367,0
Thu Jun 06 2024 18:00:00 GMT+0100 (British Summer Time),0.0355,0.033,0.0367,0
Thu Jun 06 2024 19:00:00 GMT+0100 (British Summer Time),0.0355,0.033,0.0367,0
Thu Jun 06 2024 20:00:00 GMT+0100 (British Summer Time),0.0355,0.033,0.0367,6.759043960368414
Thu Jun 06 2024 21:00:00 GMT+0100 (British Summer Time),0.0355,0.033,0.0367,0
Thu Jun 06 2024 22:00:00 GMT+0100 (British Summer Time),0.0355,0.033,0.0367,0
Thu Jun 06 2024 23:00:00 GMT+0100 (British Summer Time),0.0355,0.033,0.0367,0
Fri Jun 07 2024 00:00:00 GMT+0100 (British Summer Time),0.0355,0.033,0.0367,0
Fri Jun 07 2024 01:00:00 GMT+0100 (British Summer Time),0.0356,0.033,0.0367,0
Fri Jun 07 2024 02:00:00 GMT+0100 (British Summer Time),0.0356,0.033,0.0367,0
Fri Jun 07 2024 03:00:00 GMT+0100 (British Summer Time),0.0356,0.033,0.0367,0
Fri Jun 07 2024 04:00:00 GMT+0100 (British Summer Time),0.0356,0.033,0.0367,0
Fri Jun 07 2024 05:00:00 GMT+0100 (British Summer Time),0.0356,0.033,0.0367,0
Fri Jun 07 2024 06:00:00 GMT+0100 (British Summer Time),0.0356,0.033,0.0367,0
Fri Jun 07 2024 07:00:00 GMT+0100 (British Summer Time),0.0356,0.033,0.0367,44.86338012466902
Fri Jun 07 2024 08:00:00 GMT+0100 (British Summer Time),0.0356,0.033,0.0367,0
Fri Jun 07 2024 09:00:00 GMT+0100 (British Summer Time),0.0356,0.033,0.0367,0
Fri Jun 07 2024 10:00:00 GMT+0100 (British Summer Time),0.0356,0.033,0.0365,12757.306191064612
Fri Jun 07 2024 11:00:00 GMT+0100 (British Summer Time),0.0356,0.033,0.0367,12728.447866715609
Fri Jun 07 2024 12:00:00 GMT+0100 (British Summer Time),0.0356,0.033,0.0367,0
Fri Jun 07 2024 13:00:00 GMT+0100 (British Summer Time),0.0343,0.0332,0.0367,0
Fri Jun 07 2024 14:00:00 GMT+0100 (British Summer Time),0.0343,0.0332,0.0367,0
Fri Jun 07 2024 15:00:00 GMT+0100 (British Summer Time),0.0343,0.0332,0.0367,0
Fri Jun 07 2024 16:00:00 GMT+0100 (British Summer Time),0.0344,0.0332,0.0367,0
Fri Jun 07 2024 17:00:00 GMT+0100 (British Summer Time),0.0343,0.0332,0.0367,3856.9867490195234
Fri Jun 07 2024 18:00:00 GMT+0100 (British Summer Time),0.0343,0.0332,0.0367,0
Fri Jun 07 2024 19:00:00 GMT+0100 (British Summer Time),0.0343,0.0332,0.0367,0
Fri Jun 07 2024 20:00:00 GMT+0100 (British Summer Time),0.0344,0.0332,0.0367,0
Fri Jun 07 2024 21:00:00 GMT+0100 (British Summer Time),0.0343,0.0332,0.0367,0
Fri Jun 07 2024 22:00:00 GMT+0100 (British Summer Time),0.0343,0.0332,0.0367,0
Fri Jun 07 2024 23:00:00 GMT+0100 (British Summer Time),0.0343,0.0332,0.0367,387.87186211781176
Sat Jun 08 2024 00:00:00 GMT+0100 (British Summer Time),0.0343,0.0332,0.0367,0
Sat Jun 08 2024 01:00:00 GMT+0100 (British Summer Time),0.0344,0.0332,0.0367,0
Sat Jun 08 2024 02:00:00 GMT+0100 (British Summer Time),0.0344,0.0332,0.0367,0
Sat Jun 08 2024 03:00:00 GMT+0100 (British Summer Time),0.0343,0.0332,0.0367,0
Sat Jun 08 2024 04:00:00 GMT+0100 (British Summer Time),0.0343,0.0332,0.0367,0
Sat Jun 08 2024 05:00:00 GMT+0100 (British Summer Time),0.0344,0.0332,0.0367,0
Sat Jun 08 2024 06:00:00 GMT+0100 (British Summer Time),0.0344,0.0332,0.0367,0
Sat Jun 08 2024 07:00:00 GMT+0100 (British Summer Time),0.0343,0.0332,0.0367,0
Sat Jun 08 2024 08:00:00 GMT+0100 (British Summer Time),0.0343,0.0332,0.0367,0
Sat Jun 08 2024 09:00:00 GMT+0100 (British Summer Time),0.0343,0.0332,0.0367,0
Sat Jun 08 2024 10:00:00 GMT+0100 (British Summer Time),0.0344,0.0332,0.0367,1.2263160944843916
Sat Jun 08 2024 11:00:00 GMT+0100 (British Summer Time),0.0344,0.0332,0.0367,0
Sat Jun 08 2024 12:00:00 GMT+0100 (British Summer Time),0.0343,0.0332,0.0365,15501.464758941178
Sat Jun 08 2024 13:00:00 GMT+0100 (British Summer Time),0.0337,0.0334,0.0365,0
Sat Jun 08 2024 14:00:00 GMT+0100 (British Summer Time),0.0337,0.0334,0.0365,0
Sat Jun 08 2024 15:00:00 GMT+0100 (British Summer Time),0.0338,0.0334,0.0365,430.58700651101987
Sat Jun 08 2024 16:00:00 GMT+0100 (British Summer Time),0.0337,0.0334,0.0365,25.971516800526324
Sat Jun 08 2024 17:00:00 GMT+0100 (British Summer Time),0.0337,0.0334,0.0365,0
Sat Jun 08 2024 18:00:00 GMT+0100 (British Summer Time),0.0337,0.0334,0.0365,0
Sat Jun 08 2024 19:00:00 GMT+0100 (British Summer Time),0.0338,0.0334,0.0365,0
Sat Jun 08 2024 20:00:00 GMT+0100 (British Summer Time),0.0337,0.0334,0.0365,0
Sat Jun 08 2024 21:00:00 GMT+0100 (British Summer Time),0.0337,0.0334,0.0365,23.169239229412767
Sat Jun 08 2024 22:00:00 GMT+0100 (British Summer Time),0.0337,0.0334,0.0365,0
Sat Jun 08 2024 23:00:00 GMT+0100 (British Summer Time),0.0337,0.0334,0.0365,0
Sun Jun 09 2024 00:00:00 GMT+0100 (British Summer Time),0.0338,0.0334,0.0365,0
Sun Jun 09 2024 01:00:00 GMT+0100 (British Summer Time),0.0337,0.0334,0.0365,0
Sun Jun 09 2024 02:00:00 GMT+0100 (British Summer Time),0.0337,0.0334,0.0365,123.51176911392629
Sun Jun 09 2024 03:00:00 GMT+0100 (British Summer Time),0.0337,0.0334,0.0365,0
Sun Jun 09 2024 04:00:00 GMT+0100 (British Summer Time),0.0338,0.0334,0.0365,0
Sun Jun 09 2024 05:00:00 GMT+0100 (British Summer Time),0.0337,0.0334,0.0365,0
Sun Jun 09 2024 06:00:00 GMT+0100 (British Summer Time),0.0337,0.0334,0.0365,0
Sun Jun 09 2024 07:00:00 GMT+0100 (British Summer Time),0.0337,0.0334,0.0365,0
Sun Jun 09 2024 08:00:00 GMT+0100 (British Summer Time),0.0337,0.0334,0.0365,0
Sun Jun 09 2024 09:00:00 GMT+0100 (British Summer Time),0.0338,0.0334,0.0365,0.7531238734942669
Sun Jun 09 2024 10:00:00 GMT+0100 (British Summer Time),0.0337,0.0334,0.0365,3.365555774191987
Sun Jun 09 2024 11:00:00 GMT+0100 (British Summer Time),0.0337,0.0334,0.0365,147.8197995154264
Sun Jun 09 2024 12:00:00 GMT+0100 (British Summer Time),0.0337,0.0334,0.0365,0
Sun Jun 09 2024 13:00:00 GMT+0100 (British Summer Time),0.0309,0.0333,0.0365,0
Sun Jun 09 2024 14:00:00 GMT+0100 (British Summer Time),0.0309,0.0333,0.0365,227.99053377539678
Sun Jun 09 2024 15:00:00 GMT+0100 (British Summer Time),0.0308,0.0333,0.0365,3.792758272409273
Sun Jun 09 2024 16:00:00 GMT+0100 (British Summer Time),0.0308,0.0333,0.0365,53.04828211742012
Sun Jun 09 2024 17:00:00 GMT+0100 (British Summer Time),0.0309,0.0333,0.0365,0
Sun Jun 09 2024 18:00:00 GMT+0100 (British Summer Time),0.0309,0.0333,0.0365,98.01977981537661
Sun Jun 09 2024 19:00:00 GMT+0100 (British Summer Time),0.0308,0.0333,0.0365,0
Sun Jun 09 2024 20:00:00 GMT+0100 (British Summer Time),0.0308,0.0333,0.0365,0
Sun Jun 09 2024 21:00:00 GMT+0100 (British Summer Time),0.0308,0.0333,0.0365,0
Sun Jun 09 2024 22:00:00 GMT+0100 (British Summer Time),0.0309,0.0333,0.0365,0
Sun Jun 09 2024 23:00:00 GMT+0100 (British Summer Time),0.0309,0.0333,0.0365,0.055676661657233534
Mon Jun 10 2024 00:00:00 GMT+0100 (British Summer Time),0.0308,0.0333,0.0365,0
Mon Jun 10 2024 01:00:00 GMT+0100 (British Summer Time),0.0308,0.0333,0.0365,0
Mon Jun 10 2024 02:00:00 GMT+0100 (British Summer Time),0.0309,0.0333,0.0365,0
Mon Jun 10 2024 03:00:00 GMT+0100 (British Summer Time),0.0309,0.0333,0.0365,0
Mon Jun 10 2024 04:00:00 GMT+0100 (British Summer Time),0.0308,0.0333,0.0365,0
Mon Jun 10 2024 05:00:00 GMT+0100 (British Summer Time),0.0308,0.0333,0.0365,0
Mon Jun 10 2024 06:00:00 GMT+0100 (British Summer Time),0.0308,0.0333,0.0365,0
Mon Jun 10 2024 07:00:00 GMT+0100 (British Summer Time),0.0309,0.0333,0.0365,0
Mon Jun 10 2024 08:00:00 GMT+0100 (British Summer Time),0.0309,0.0333,0.0365,0
Mon Jun 10 2024 09:00:00 GMT+0100 (British Summer Time),0.0308,0.0333,0.0365,0
Mon Jun 10 2024 10:00:00 GMT+0100 (British Summer Time),0.0308,0.0333,0.0365,0
Mon Jun 10 2024 11:00:00 GMT+0100 (British Summer Time),0.0309,0.0333,0.0365,0
Mon Jun 10 2024 12:00:00 GMT+0100 (British Summer Time),0.0309,0.0333,0.0365,240.57202600311552
Mon Jun 10 2024 13:00:00 GMT+0100 (British Summer Time),0.0329,0.0333,0.0365,12.838958477226566
Mon Jun 10 2024 14:00:00 GMT+0100 (British Summer Time),0.0329,0.0333,0.0365,0
Mon Jun 10 2024 15:00:00 GMT+0100 (British Summer Time),0.033,0.0333,0.0365,225.98486382909135
Mon Jun 10 2024 16:00:00 GMT+0100 (British Summer Time),0.033,0.0333,0.0365,0
Mon Jun 10 2024 17:00:00 GMT+0100 (British Summer Time),0.0329,0.0333,0.0365,0
Mon Jun 10 2024 18:00:00 GMT+0100 (British Summer Time),0.0329,0.0333,0.0365,0
Mon Jun 10 2024 19:00:00 GMT+0100 (British Summer Time),0.033,0.0333,0.0365,982.4716432660387
Mon Jun 10 2024 20:00:00 GMT+0100 (British Summer Time),0.033,0.0333,0.0365,0
Mon Jun 10 2024 21:00:00 GMT+0100 (British Summer Time),0.033,0.0333,0.0365,0
Mon Jun 10 2024 22:00:00 GMT+0100 (British Summer Time),0.0329,0.0333,0.0365,0
Mon Jun 10 2024 23:00:00 GMT+0100 (British Summer Time),0.0329,0.0333,0.0365,0
Tue Jun 11 2024 00:00:00 GMT+0100 (British Summer Time),0.033,0.0333,0.0365,0
Tue Jun 11 2024 01:00:00 GMT+0100 (British Summer Time),0.033,0.0333,0.0365,0
Tue Jun 11 2024 02:00:00 GMT+0100 (British Summer Time),0.0329,0.0333,0.0365,0
Tue Jun 11 2024 03:00:00 GMT+0100 (British Summer Time),0.0329,0.0333,0.0365,0
Tue Jun 11 2024 04:00:00 GMT+0100 (British Summer Time),0.033,0.0333,0.0366,5990.498897669482
Tue Jun 11 2024 05:00:00 GMT+0100 (British Summer Time),0.033,0.0333,0.0366,0
Tue Jun 11 2024 06:00:00 GMT+0100 (British Summer Time),0.033,0.0333,0.0366,0
Tue Jun 11 2024 07:00:00 GMT+0100 (British Summer Time),0.0329,0.0333,0.0366,0
Tue Jun 11 2024 08:00:00 GMT+0100 (British Summer Time),0.0329,0.0333,0.0366,0
Tue Jun 11 2024 09:00:00 GMT+0100 (British Summer Time),0.033,0.0333,0.0366,0
Tue Jun 11 2024 10:00:00 GMT+0100 (British Summer Time),0.0331,0.0333,0.0366,0
Tue Jun 11 2024 11:00:00 GMT+0100 (British Summer Time),0.033,0.0333,0.0366,0
Tue Jun 11 2024 12:00:00 GMT+0100 (British Summer Time),0.033,0.0333,0.0366,0
Tue Jun 11 2024 13:00:00 GMT+0100 (British Summer Time),0.0364,0.0339,0.0366,0
Tue Jun 11 2024 14:00:00 GMT+0100 (British Summer Time),0.0365,0.0339,0.0366,0.3648818919404641
Tue Jun 11 2024 15:00:00 GMT+0100 (British Summer Time),0.0364,0.0339,0.0366,401.93066639015865
Tue Jun 11 2024 16:00:00 GMT+0100 (British Summer Time),0.0364,0.0339,0.0366,0
Tue Jun 11 2024 17:00:00 GMT+0100 (British Summer Time),0.0364,0.0339,0.0366,0
Tue Jun 11 2024 18:00:00 GMT+0100 (British Summer Time),0.0364,0.0339,0.0366,0
Tue Jun 11 2024 19:00:00 GMT+0100 (British Summer Time),0.0363,0.0339,0.0366,0
Tue Jun 11 2024 20:00:00 GMT+0100 (British Summer Time),0.0363,0.0339,0.0366,0
Tue Jun 11 2024 21:00:00 GMT+0100 (British Summer Time),0.0364,0.0339,0.0366,0
Tue Jun 11 2024 22:00:00 GMT+0100 (British Summer Time),0.0364,0.0339,0.0366,0
Tue Jun 11 2024 23:00:00 GMT+0100 (British Summer Time),0.0364,0.0339,0.0366,0
Wed Jun 12 2024 00:00:00 GMT+0100 (British Summer Time),0.0363,0.0339,0.0366,0
Wed Jun 12 2024 01:00:00 GMT+0100 (British Summer Time),0.0364,0.0339,0.0366,0
Wed Jun 12 2024 02:00:00 GMT+0100 (British Summer Time),0.0364,0.0339,0.0366,0
Wed Jun 12 2024 03:00:00 GMT+0100 (British Summer Time),0.0365,0.0339,0.0366,0
Wed Jun 12 2024 04:00:00 GMT+0100 (British Summer Time),0.0364,0.0339,0.0366,0
Wed Jun 12 2024 05:00:00 GMT+0100 (British Summer Time),0.0364,0.0339,0.0366,0
Wed Jun 12 2024 06:00:00 GMT+0100 (British Summer Time),0.0364,0.0339,0.0366,0
Wed Jun 12 2024 07:00:00 GMT+0100 (British Summer Time),0.0364,0.0339,0.0366,62.61868337839579
Wed Jun 12 2024 08:00:00 GMT+0100 (British Summer Time),0.0365,0.0339,0.0366,0
Wed Jun 12 2024 09:00:00 GMT+0100 (British Summer Time),0.0364,0.0339,0.0366,0
Wed Jun 12 2024 10:00:00 GMT+0100 (British Summer Time),0.0364,0.0339,0.0366,68.55850758633667
Wed Jun 12 2024 11:00:00 GMT+0100 (British Summer Time),0.0364,0.0339,0.0366,0
Wed Jun 12 2024 12:00:00 GMT+0100 (British Summer Time),0.0364,0.0339,0.0366,1.1890247669248883
Wed Jun 12 2024 13:00:00 GMT+0100 (British Summer Time),0.0331,0.0338,0.0366,0
Wed Jun 12 2024 14:00:00 GMT+0100 (British Summer Time),0.0331,0.0338,0.0366,0
Wed Jun 12 2024 15:00:00 GMT+0100 (British Summer Time),0.0331,0.0338,0.0366,1267.3160934338239
Wed Jun 12 2024 16:00:00 GMT+0100 (British Summer Time),0.0331,0.0338,0.0366,0
Wed Jun 12 2024 17:00:00 GMT+0100 (British Summer Time),0.0331,0.0338,0.0366,16.296203056035733
Wed Jun 12 2024 18:00:00 GMT+0100 (British Summer Time),0.0331,0.0338,0.0366,0
Wed Jun 12 2024 19:00:00 GMT+0100 (British Summer Time),0.0331,0.0338,0.0366,0
Wed Jun 12 2024 20:00:00 GMT+0100 (British Summer Time),0.0331,0.0338,0.0366,0
Wed Jun 12 2024 21:00:00 GMT+0100 (British Summer Time),0.0331,0.0338,0.0366,0
Wed Jun 12 2024 22:00:00 GMT+0100 (British Summer Time),0.0331,0.0338,0.0366,0
Wed Jun 12 2024 23:00:00 GMT+0100 (British Summer Time),0.0331,0.0338,0.0366,952.9314298835911
Thu Jun 13 2024 00:00:00 GMT+0100 (British Summer Time),0.0331,0.0338,0.0366,0
Thu Jun 13 2024 01:00:00 GMT+0100 (British Summer Time),0.0331,0.0339,0.0366,0
Thu Jun 13 2024 02:00:00 GMT+0100 (British Summer Time),0.0331,0.0339,0.0366,0
Thu Jun 13 2024 03:00:00 GMT+0100 (British Summer Time),0.0331,0.0339,0.0366,0
Thu Jun 13 2024 04:00:00 GMT+0100 (British Summer Time),0.0331,0.0339,0.0366,0
Thu Jun 13 2024 05:00:00 GMT+0100 (British Summer Time),0.0331,0.0339,0.0366,0
Thu Jun 13 2024 06:00:00 GMT+0100 (British Summer Time),0.0331,0.0339,0.0366,9.96569169197334
Thu Jun 13 2024 07:00:00 GMT+0100 (British Summer Time),0.0331,0.0339,0.0366,0
Thu Jun 13 2024 08:00:00 GMT+0100 (British Summer Time),0.0331,0.0339,0.0366,9.970391261426068
Thu Jun 13 2024 09:00:00 GMT+0100 (British Summer Time),0.0331,0.0339,0.0366,0
Thu Jun 13 2024 10:00:00 GMT+0100 (British Summer Time),0.0331,0.0339,0.0366,0
Thu Jun 13 2024 11:00:00 GMT+0100 (British Summer Time),0.0331,0.0339,0.0366,52386.68357754313
Thu Jun 13 2024 12:00:00 GMT+0100 (British Summer Time),0.0331,0.0339,0.0358,0
Thu Jun 13 2024 13:00:00 GMT+0100 (British Summer Time),0.0373,0.0341,0.0358,9.984777555290727
Thu Jun 13 2024 14:00:00 GMT+0100 (British Summer Time),0.0373,0.0341,0.0358,1223.331161137179
Thu Jun 13 2024 15:00:00 GMT+0100 (British Summer Time),0.0373,0.0341,0.0358,19.953055648194244
Thu Jun 13 2024 16:00:00 GMT+0100 (British Summer Time),0.0373,0.0341,0.0358,292.4929406795335
Thu Jun 13 2024 17:00:00 GMT+0100 (British Summer Time),0.0373,0.0341,0.0358,41.115439545310664
Thu Jun 13 2024 18:00:00 GMT+0100 (British Summer Time),0.0373,0.0341,0.0358,9.991355345608378
Thu Jun 13 2024 19:00:00 GMT+0100 (British Summer Time),0.0373,0.0341,0.0358,51.838528813001595
Thu Jun 13 2024 20:00:00 GMT+0100 (British Summer Time),0.0373,0.0341,0.0358,10.031226715127191
Thu Jun 13 2024 21:00:00 GMT+0100 (British Summer Time),0.0373,0.0341,0.0358,10.079342294490642
Thu Jun 13 2024 22:00:00 GMT+0100 (British Summer Time),0.0373,0.0341,0.0358,0
Thu Jun 13 2024 23:00:00 GMT+0100 (British Summer Time),0.0373,0.0341,0.0358,0
Fri Jun 14 2024 00:00:00 GMT+0100 (British Summer Time),0.0373,0.0341,0.0358,0
Fri Jun 14 2024 01:00:00 GMT+0100 (British Summer Time),0.0374,0.0341,0.0358,9.963772555796968
Fri Jun 14 2024 02:00:00 GMT+0100 (British Summer Time),0.0374,0.0341,0.0358,0
Fri Jun 14 2024 03:00:00 GMT+0100 (British Summer Time),0.0374,0.0341,0.0358,0
Fri Jun 14 2024 04:00:00 GMT+0100 (British Summer Time),0.0374,0.0341,0.0358,9.929157158545145
Fri Jun 14 2024 05:00:00 GMT+0100 (British Summer Time),0.0374,0.0341,0.0358,0
Fri Jun 14 2024 06:00:00 GMT+0100 (British Summer Time),0.0374,0.0341,0.0358,9.946255857771552
Fri Jun 14 2024 07:00:00 GMT+0100 (British Summer Time),0.0374,0.0341,0.0358,0
Fri Jun 14 2024 08:00:00 GMT+0100 (British Summer Time),0.0374,0.0341,0.0358,0
Fri Jun 14 2024 09:00:00 GMT+0100 (British Summer Time),0.0374,0.0341,0.0358,10.071082492005509
Fri Jun 14 2024 10:00:00 GMT+0100 (British Summer Time),0.0374,0.0341,0.0358,30.012392855048258
Fri Jun 14 2024 11:00:00 GMT+0100 (British Summer Time),0.0374,0.0341,0.0358,30.241937471035108
Fri Jun 14 2024 12:00:00 GMT+0100 (British Summer Time),0.0374,0.0341,0.0358,9.990494077566549
Fri Jun 14 2024 13:00:00 GMT+0100 (British Summer Time),0.0313,0.0337,0.0358,75.13021344925815
Fri Jun 14 2024 14:00:00 GMT+0100 (British Summer Time),0.0313,0.0337,0.0358,10.0295826788368
Fri Jun 14 2024 15:00:00 GMT+0100 (British Summer Time),0.0313,0.0337,0.0359,8053.498047572225
Fri Jun 14 2024 16:00:00 GMT+0100 (British Summer Time),0.0313,0.0337,0.0358,8077.589011059557
Fri Jun 14 2024 17:00:00 GMT+0100 (British Summer Time),0.0313,0.0337,0.0358,541.3895512458322
Fri Jun 14 2024 18:00:00 GMT+0100 (British Summer Time),0.0313,0.0337,0.0358,10.742495512152425
Fri Jun 14 2024 19:00:00 GMT+0100 (British Summer Time),0.0313,0.0337,0.0358,682.9063650256207
Fri Jun 14 2024 20:00:00 GMT+0100 (British Summer Time),0.0313,0.0337,0.0358,2.5362447259664083
Fri Jun 14 2024 21:00:00 GMT+0100 (British Summer Time),0.0313,0.0337,0.0358,19.603526733228616
Fri Jun 14 2024 22:00:00 GMT+0100 (British Summer Time),0.0313,0.0337,0.0358,66.95246554581679
Fri Jun 14 2024 23:00:00 GMT+0100 (British Summer Time),0.0313,0.0337,0.0358,0
Sat Jun 15 2024 00:00:00 GMT+0100 (British Summer Time),0.0313,0.0337,0.0358,4.612136859761737
Sat Jun 15 2024 01:00:00 GMT+0100 (British Summer Time),0.0313,0.0337,0.0358,0
Sat Jun 15 2024 02:00:00 GMT+0100 (British Summer Time),0.0313,0.0337,0.0358,0
Sat Jun 15 2024 03:00:00 GMT+0100 (British Summer Time),0.0313,0.0337,0.0358,0
Sat Jun 15 2024 04:00:00 GMT+0100 (British Summer Time),0.0313,0.0337,0.0358,0
Sat Jun 15 2024 05:00:00 GMT+0100 (British Summer Time),0.0313,0.0337,0.0358,0
Sat Jun 15 2024 06:00:00 GMT+0100 (British Summer Time),0.0313,0.0337,0.0358,0
Sat Jun 15 2024 07:00:00 GMT+0100 (British Summer Time),0.0313,0.0337,0.0358,9.281247366967788
Sat Jun 15 2024 08:00:00 GMT+0100 (British Summer Time),0.0313,0.0337,0.0358,0
Sat Jun 15 2024 09:00:00 GMT+0100 (British Summer Time),0.0313,0.0337,0.0358,10.097227525667174
Sat Jun 15 2024 10:00:00 GMT+0100 (British Summer Time),0.0313,0.0337,0.0358,10.10696452805486
Sat Jun 15 2024 11:00:00 GMT+0100 (British Summer Time),0.0313,0.0337,0.0358,0
Sat Jun 15 2024 12:00:00 GMT+0100 (British Summer Time),0.0313,0.0337,0.0358,192.43002419485865
Sat Jun 15 2024 13:00:00 GMT+0100 (British Summer Time),0.0317,0.0334,0.0358,9.950468650924645
Sat Jun 15 2024 14:00:00 GMT+0100 (British Summer Time),0.0317,0.0334,0.0358,0
Sat Jun 15 2024 15:00:00 GMT+0100 (British Summer Time),0.0317,0.0334,0.0358,29.74500345032794
Sat Jun 15 2024 16:00:00 GMT+0100 (British Summer Time),0.0317,0.0334,0.0358,9.992720852130999
Sat Jun 15 2024 17:00:00 GMT+0100 (British Summer Time),0.0317,0.0334,0.0358,0
Sat Jun 15 2024 18:00:00 GMT+0100 (British Summer Time),0.0317,0.0334,0.0358,9.978514470935682
Sat Jun 15 2024 19:00:00 GMT+0100 (British Summer Time),0.0317,0.0334,0.0358,29.969653277746552
Sat Jun 15 2024 20:00:00 GMT+0100 (British Summer Time),0.0317,0.0334,0.0358,9.994111004324619
Sat Jun 15 2024 21:00:00 GMT+0100 (British Summer Time),0.0317,0.0334,0.0358,0
Sat Jun 15 2024 22:00:00 GMT+0100 (British Summer Time),0.0317,0.0334,0.0358,9.950503739103794
Sat Jun 15 2024 23:00:00 GMT+0100 (British Summer Time),0.0317,0.0334,0.0358,0
Sun Jun 16 2024 00:00:00 GMT+0100 (British Summer Time),0.0317,0.0334,0.0358,0
Sun Jun 16 2024 01:00:00 GMT+0100 (British Summer Time),0.0316,0.0334,0.0358,0
Sun Jun 16 2024 02:00:00 GMT+0100 (British Summer Time),0.0316,0.0334,0.0358,0
Sun Jun 16 2024 03:00:00 GMT+0100 (British Summer Time),0.0316,0.0334,0.0358,10.423330733783178
Sun Jun 16 2024 04:00:00 GMT+0100 (British Summer Time),0.0316,0.0334,0.0358,0
Sun Jun 16 2024 05:00:00 GMT+0100 (British Summer Time),0.0316,0.0334,0.0358,0
Sun Jun 16 2024 06:00:00 GMT+0100 (British Summer Time),0.0316,0.0334,0.0358,32.13420344949526
Sun Jun 16 2024 07:00:00 GMT+0100 (British Summer Time),0.0316,0.0334,0.0358,40734.83818976968
Sun Jun 16 2024 08:00:00 GMT+0100 (British Summer Time),0.0316,0.0334,0.0358,195.36071432845156
Sun Jun 16 2024 09:00:00 GMT+0100 (British Summer Time),0.0316,0.0334,0.0358,39.56885099191007
Sun Jun 16 2024 10:00:00 GMT+0100 (British Summer Time),0.0316,0.0334,0.0358,67.80698756271866
Sun Jun 16 2024 11:00:00 GMT+0100 (British Summer Time),0.0316,0.0334,0.0358,68.79769733434756
Sun Jun 16 2024 12:00:00 GMT+0100 (British Summer Time),0.0316,0.0334,0.0358,57.34510186614007
Sun Jun 16 2024 13:00:00 GMT+0100 (British Summer Time),0.03,0.0333,0.0358,42.92903350979919
Sun Jun 16 2024 14:00:00 GMT+0100 (British Summer Time),0.03,0.0333,0.0358,16.906795687237505
Sun Jun 16 2024 15:00:00 GMT+0100 (British Summer Time),0.03,0.0333,0.0358,16.69553446357318
Sun Jun 16 2024 16:00:00 GMT+0100 (British Summer Time),0.03,0.0333,0.0358,24.486376130106883
Sun Jun 16 2024 17:00:00 GMT+0100 (British Summer Time),0.03,0.0333,0.0358,55.390498743231916
Sun Jun 16 2024 18:00:00 GMT+0100 (British Summer Time),0.03,0.0333,0.0358,17.91183680136334
Sun Jun 16 2024 19:00:00 GMT+0100 (British Summer Time),0.03,0.0333,0.0358,36.797366401248965
Sun Jun 16 2024 20:00:00 GMT+0100 (British Summer Time),0.03,0.0333,0.0358,21.07637505162887
Sun Jun 16 2024 21:00:00 GMT+0100 (British Summer Time),0.03,0.0333,0.0358,9.965536020475973
Sun Jun 16 2024 22:00:00 GMT+0100 (British Summer Time),0.03,0.0333,0.0358,6.73510737672332
Sun Jun 16 2024 23:00:00 GMT+0100 (British Summer Time),0.03,0.0333,0.0358,0
Mon Jun 17 2024 00:00:00 GMT+0100 (British Summer Time),0.03,0.0333,0.0358,3.3135981297508454
Mon Jun 17 2024 01:00:00 GMT+0100 (British Summer Time),0.0301,0.0333,0.0358,6.854579683078363
Mon Jun 17 2024 02:00:00 GMT+0100 (British Summer Time),0.0301,0.0333,0.0358,9.241576803179477
Mon Jun 17 2024 03:00:00 GMT+0100 (British Summer Time),0.0301,0.0333,0.0358,10.349945523323553
Mon Jun 17 2024 04:00:00 GMT+0100 (British Summer Time),0.0301,0.0333,0.0358,12.608038991539969
Mon Jun 17 2024 05:00:00 GMT+0100 (British Summer Time),0.0301,0.0333,0.0358,0
Mon Jun 17 2024 06:00:00 GMT+0100 (British Summer Time),0.0301,0.0333,0.0358,175.4139037145347
Mon Jun 17 2024 07:00:00 GMT+0100 (British Summer Time),0.0301,0.0333,0.0358,9.621679839134066
Mon Jun 17 2024 08:00:00 GMT+0100 (British Summer Time),0.0301,0.0333,0.0358,0
Mon Jun 17 2024 09:00:00 GMT+0100 (British Summer Time),0.0301,0.0333,0.0358,150.63020312046808
Mon Jun 17 2024 10:00:00 GMT+0100 (British Summer Time),0.0301,0.0333,0.0358,0
Mon Jun 17 2024 11:00:00 GMT+0100 (British Summer Time),0.0301,0.0333,0.0358,6.271899552364329
Mon Jun 17 2024 12:00:00 GMT+0100 (British Summer Time),0.03,0.0332,0.0358,9.943083879123298
Mon Jun 17 2024 13:00:00 GMT+0100 (British Summer Time),0.0299,0.0328,0.0358,0
Mon Jun 17 2024 14:00:00 GMT+0100 (British Summer Time),0.0299,0.0328,0.0358,13.09167296245063
Mon Jun 17 2024 15:00:00 GMT+0100 (British Summer Time),0.0299,0.0328,0.0358,0.691288777458465
Mon Jun 17 2024 16:00:00 GMT+0100 (British Summer Time),0.0299,0.0328,0.0358,6.516309383490254
Mon Jun 17 2024 17:00:00 GMT+0100 (British Summer Time),0.0299,0.0328,0.0358,0
Mon Jun 17 2024 18:00:00 GMT+0100 (British Summer Time),0.0299,0.0328,0.0358,21.87233266008743
Mon Jun 17 2024 19:00:00 GMT+0100 (British Summer Time),0.0299,0.0328,0.0358,36.01715018073241
Mon Jun 17 2024 20:00:00 GMT+0100 (British Summer Time),0.0299,0.0328,0.0358,0
Mon Jun 17 2024 21:00:00 GMT+0100 (British Summer Time),0.0299,0.0328,0.0358,0
Mon Jun 17 2024 22:00:00 GMT+0100 (British Summer Time),0.0299,0.0328,0.0358,9.958596656238743
Mon Jun 17 2024 23:00:00 GMT+0100 (British Summer Time),0.0299,0.0328,0.0358,9.351888221265618
Tue Jun 18 2024 00:00:00 GMT+0100 (British Summer Time),0.0299,0.0328,0.0358,0
Tue Jun 18 2024 01:00:00 GMT+0100 (British Summer Time),0.0299,0.0328,0.0358,350.20291181651794
Tue Jun 18 2024 02:00:00 GMT+0100 (British Summer Time),0.0299,0.0328,0.0358,0
Tue Jun 18 2024 03:00:00 GMT+0100 (British Summer Time),0.0299,0.0328,0.0358,0
Tue Jun 18 2024 04:00:00 GMT+0100 (British Summer Time),0.0299,0.0328,0.0358,0
Tue Jun 18 2024 05:00:00 GMT+0100 (British Summer Time),0.0299,0.0328,0.0358,36.538120971747674
Tue Jun 18 2024 06:00:00 GMT+0100 (British Summer Time),0.0299,0.0328,0.0358,0
Tue Jun 18 2024 07:00:00 GMT+0100 (British Summer Time),0.0299,0.0328,0.0358,0
Tue Jun 18 2024 08:00:00 GMT+0100 (British Summer Time),0.0299,0.0328,0.0358,0
Tue Jun 18 2024 09:00:00 GMT+0100 (British Summer Time),0.0299,0.0328,0.0358,99.60835948590272
Tue Jun 18 2024 10:00:00 GMT+0100 (British Summer Time),0.0299,0.0328,0.0358,0.05961907936109374
Tue Jun 18 2024 11:00:00 GMT+0100 (British Summer Time),0.0299,0.0328,0.0358,0
Tue Jun 18 2024 12:00:00 GMT+0100 (British Summer Time),0.03,0.0328,0.0358,0
Tue Jun 18 2024 13:00:00 GMT+0100 (British Summer Time),0.0325,0.0323,0.0358,0
Tue Jun 18 2024 14:00:00 GMT+0100 (British Summer Time),0.0325,0.0323,0.0358,3.42217398943428
Tue Jun 18 2024 15:00:00 GMT+0100 (British Summer Time),0.0325,0.0323,0.0358,22.7120839218261
Tue Jun 18 2024 16:00:00 GMT+0100 (British Summer Time),0.0325,0.0323,0.0358,19.94589310057418
Tue Jun 18 2024 17:00:00 GMT+0100 (British Summer Time),0.0325,0.0323,0.0358,9.980931630276377
Tue Jun 18 2024 18:00:00 GMT+0100 (British Summer Time),0.0325,0.0323,0.0358,3.8548328740371653
Tue Jun 18 2024 19:00:00 GMT+0100 (British Summer Time),0.0325,0.0323,0.0358,3.7121313571165935
Tue Jun 18 2024 20:00:00 GMT+0100 (British Summer Time),0.0325,0.0323,0.0358,1.8334864302510578
Tue Jun 18 2024 21:00:00 GMT+0100 (British Summer Time),0.0325,0.0323,0.0358,0
Tue Jun 18 2024 22:00:00 GMT+0100 (British Summer Time),0.0325,0.0323,0.0357,7005.678838190279
Tue Jun 18 2024 23:00:00 GMT+0100 (British Summer Time),0.0325,0.0323,0.0357,0.546482984163952
Wed Jun 19 2024 00:00:00 GMT+0100 (British Summer Time),0.0325,0.0323,0.0357,0
Wed Jun 19 2024 01:00:00 GMT+0100 (British Summer Time),0.0325,0.0323,0.0357,0
Wed Jun 19 2024 02:00:00 GMT+0100 (British Summer Time),0.0325,0.0323,0.0357,0
Wed Jun 19 2024 03:00:00 GMT+0100 (British Summer Time),0.0325,0.0323,0.0357,0
Wed Jun 19 2024 04:00:00 GMT+0100 (British Summer Time),0.0325,0.0323,0.0357,0
Wed Jun 19 2024 05:00:00 GMT+0100 (British Summer Time),0.0325,0.0323,0.0357,0
Wed Jun 19 2024 06:00:00 GMT+0100 (British Summer Time),0.0325,0.0323,0.0357,0
Wed Jun 19 2024 07:00:00 GMT+0100 (British Summer Time),0.0325,0.0323,0.0357,10.012290123719884
Wed Jun 19 2024 08:00:00 GMT+0100 (British Summer Time),0.0325,0.0323,0.0357,5.451563199792779
Wed Jun 19 2024 09:00:00 GMT+0100 (British Summer Time),0.0325,0.0323,0.0357,1.457194739132723
Wed Jun 19 2024 10:00:00 GMT+0100 (British Summer Time),0.0325,0.0323,0.0357,0
Wed Jun 19 2024 11:00:00 GMT+0100 (British Summer Time),0.0325,0.0323,0.0357,0
Wed Jun 19 2024 12:00:00 GMT+0100 (British Summer Time),0.0325,0.0323,0.0357,0
Wed Jun 19 2024 13:00:00 GMT+0100 (British Summer Time),0.0305,0.0319,0.0357,9.958596570957742
Wed Jun 19 2024 14:00:00 GMT+0100 (British Summer Time),0.0305,0.0319,0.0357,0
Wed Jun 19 2024 15:00:00 GMT+0100 (British Summer Time),0.0305,0.0319,0.0357,21.87477069133915
Wed Jun 19 2024 16:00:00 GMT+0100 (British Summer Time),0.0305,0.0319,0.0357,0
Wed Jun 19 2024 17:00:00 GMT+0100 (British Summer Time),0.0305,0.0319,0.0357,3.3748583420012137
Wed Jun 19 2024 18:00:00 GMT+0100 (British Summer Time),0.0305,0.0319,0.0357,0
Wed Jun 19 2024 19:00:00 GMT+0100 (British Summer Time),0.0305,0.0319,0.0357,38.620010811160455
Wed Jun 19 2024 20:00:00 GMT+0100 (British Summer Time),0.0305,0.0319,0.0357,0
Wed Jun 19 2024 21:00:00 GMT+0100 (British Summer Time),0.0305,0.0319,0.0357,0
Wed Jun 19 2024 22:00:00 GMT+0100 (British Summer Time),0.0305,0.0319,0.0357,0
Wed Jun 19 2024 23:00:00 GMT+0100 (British Summer Time),0.0305,0.0319,0.0357,529.7634906641875
Thu Jun 20 2024 00:00:00 GMT+0100 (British Summer Time),0.0305,0.0319,0.0357,0
Thu Jun 20 2024 01:00:00 GMT+0100 (British Summer Time),0.0305,0.0319,0.0357,0
Thu Jun 20 2024 02:00:00 GMT+0100 (British Summer Time),0.0305,0.0319,0.0357,0
Thu Jun 20 2024 03:00:00 GMT+0100 (British Summer Time),0.0305,0.0319,0.0357,0
Thu Jun 20 2024 04:00:00 GMT+0100 (British Summer Time),0.0305,0.0319,0.0358,4470.09193601535
Thu Jun 20 2024 05:00:00 GMT+0100 (British Summer Time),0.0305,0.0319,0.0358,0
Thu Jun 20 2024 06:00:00 GMT+0100 (British Summer Time),0.0305,0.0319,0.0358,10.833815708850835
Thu Jun 20 2024 07:00:00 GMT+0100 (British Summer Time),0.0305,0.0319,0.0358,37.68747664380845
Thu Jun 20 2024 08:00:00 GMT+0100 (British Summer Time),0.0305,0.0319,0.0358,0
Thu Jun 20 2024 09:00:00 GMT+0100 (British Summer Time),0.0305,0.0319,0.0358,0
Thu Jun 20 2024 10:00:00 GMT+0100 (British Summer Time),0.0305,0.0319,0.0358,1.9367546463774892
Thu Jun 20 2024 11:00:00 GMT+0100 (British Summer Time),0.0305,0.0319,0.0358,2.062048655294082e-7
Thu Jun 20 2024 12:00:00 GMT+0100 (British Summer Time),0.0305,0.0319,0.0358,0
Thu Jun 20 2024 13:00:00 GMT+0100 (British Summer Time),0.0314,0.031,0.0358,0
Thu Jun 20 2024 14:00:00 GMT+0100 (British Summer Time),0.0314,0.031,0.0358,0
Thu Jun 20 2024 15:00:00 GMT+0100 (British Summer Time),0.0314,0.031,0.0358,0
Thu Jun 20 2024 16:00:00 GMT+0100 (British Summer Time),0.0314,0.031,0.0358,20.055540131600956
Thu Jun 20 2024 17:00:00 GMT+0100 (British Summer Time),0.0314,0.031,0.0358,0
Thu Jun 20 2024 18:00:00 GMT+0100 (British Summer Time),0.0314,0.031,0.0358,0
Thu Jun 20 2024 19:00:00 GMT+0100 (British Summer Time),0.0314,0.031,0.0358,0
Thu Jun 20 2024 20:00:00 GMT+0100 (British Summer Time),0.0314,0.031,0.0358,2323.585721474786
Thu Jun 20 2024 21:00:00 GMT+0100 (British Summer Time),0.0314,0.031,0.0358,3.1147664408036677
Thu Jun 20 2024 22:00:00 GMT+0100 (British Summer Time),0.0314,0.031,0.0358,0
Thu Jun 20 2024 23:00:00 GMT+0100 (British Summer Time),0.0314,0.031,0.0358,0.2631707779256795
Fri Jun 21 2024 00:00:00 GMT+0100 (British Summer Time),0.0314,0.031,0.0358,0
Fri Jun 21 2024 01:00:00 GMT+0100 (British Summer Time),0.0313,0.031,0.0358,9.953698519478156
Fri Jun 21 2024 02:00:00 GMT+0100 (British Summer Time),0.0313,0.031,0.0358,0
Fri Jun 21 2024 03:00:00 GMT+0100 (British Summer Time),0.0313,0.031,0.0358,0
Fri Jun 21 2024 04:00:00 GMT+0100 (British Summer Time),0.0313,0.031,0.0358,0.2826654054434469
Fri Jun 21 2024 05:00:00 GMT+0100 (British Summer Time),0.0313,0.031,0.0358,0.41112346805414585
Fri Jun 21 2024 06:00:00 GMT+0100 (British Summer Time),0.0313,0.031,0.0358,3.5292684650806256
Fri Jun 21 2024 07:00:00 GMT+0100 (British Summer Time),0.0313,0.031,0.0358,13.202057445410633
Fri Jun 21 2024 08:00:00 GMT+0100 (British Summer Time),0.0313,0.031,0.0355,20161.22024991168
Fri Jun 21 2024 09:00:00 GMT+0100 (British Summer Time),0.0313,0.031,0.0355,0
Fri Jun 21 2024 10:00:00 GMT+0100 (British Summer Time),0.0313,0.031,0.0355,0
Fri Jun 21 2024 11:00:00 GMT+0100 (British Summer Time),0.0313,0.031,0.0355,0
Fri Jun 21 2024 12:00:00 GMT+0100 (British Summer Time),0.0313,0.031,0.0355,3.6047650460162988
Fri Jun 21 2024 13:00:00 GMT+0100 (British Summer Time),0.0304,0.0309,0.0355,0
Fri Jun 21 2024 14:00:00 GMT+0100 (British Summer Time),0.0304,0.0309,0.0355,0
Fri Jun 21 2024 15:00:00 GMT+0100 (British Summer Time),0.0304,0.0309,0.0355,0
Fri Jun 21 2024 16:00:00 GMT+0100 (British Summer Time),0.0304,0.0309,0.0355,0
Fri Jun 21 2024 17:00:00 GMT+0100 (British Summer Time),0.0304,0.0309,0.0355,0
Fri Jun 21 2024 18:00:00 GMT+0100 (British Summer Time),0.0304,0.0309,0.0355,0
Fri Jun 21 2024 19:00:00 GMT+0100 (British Summer Time),0.0304,0.0309,0.0355,0
Fri Jun 21 2024 20:00:00 GMT+0100 (British Summer Time),0.0304,0.0309,0.0355,0
Fri Jun 21 2024 21:00:00 GMT+0100 (British Summer Time),0.0304,0.0309,0.0355,0
Fri Jun 21 2024 22:00:00 GMT+0100 (British Summer Time),0.0304,0.0309,0.0354,11.90559759763021
Fri Jun 21 2024 23:00:00 GMT+0100 (British Summer Time),0.0304,0.0309,0.0354,6.185903772541014
Sat Jun 22 2024 00:00:00 GMT+0100 (British Summer Time),0.0304,0.0309,0.0354,0
Sat Jun 22 2024 01:00:00 GMT+0100 (British Summer Time),0.0304,0.0309,0.0354,0
Sat Jun 22 2024 02:00:00 GMT+0100 (British Summer Time),0.0304,0.0309,0.0354,0
Sat Jun 22 2024 03:00:00 GMT+0100 (British Summer Time),0.0304,0.0309,0.0354,41.74601146626548
Sat Jun 22 2024 04:00:00 GMT+0100 (British Summer Time),0.0304,0.0309,0.0354,0
Sat Jun 22 2024 05:00:00 GMT+0100 (British Summer Time),0.0304,0.0309,0.0354,3.8379050517929327
Sat Jun 22 2024 06:00:00 GMT+0100 (British Summer Time),0.0304,0.0309,0.0354,0
Sat Jun 22 2024 07:00:00 GMT+0100 (British Summer Time),0.0304,0.0309,0.0354,0
Sat Jun 22 2024 08:00:00 GMT+0100 (British Summer Time),0.0304,0.0309,0.0354,13.17144023485141
Sat Jun 22 2024 09:00:00 GMT+0100 (British Summer Time),0.0304,0.0309,0.0354,3.3600534716770563
Sat Jun 22 2024 10:00:00 GMT+0100 (British Summer Time),0.0304,0.0309,0.0354,0
Sat Jun 22 2024 11:00:00 GMT+0100 (British Summer Time),0.0304,0.0309,0.0354,0
Sat Jun 22 2024 12:00:00 GMT+0100 (British Summer Time),0.0304,0.0309,0.0354,0
Sat Jun 22 2024 13:00:00 GMT+0100 (British Summer Time),0.0291,0.0305,0.0355,118.90867517413994
Sat Jun 22 2024 14:00:00 GMT+0100 (British Summer Time),0.0291,0.0305,0.0355,6.340141902708551
Sat Jun 22 2024 15:00:00 GMT+0100 (British Summer Time),0.0291,0.0305,0.0355,2.527558589883859
Sat Jun 22 2024 16:00:00 GMT+0100 (British Summer Time),0.0291,0.0305,0.0355,0
Sat Jun 22 2024 17:00:00 GMT+0100 (British Summer Time),0.0291,0.0305,0.037,87852.49836164019
Sat Jun 22 2024 18:00:00 GMT+0100 (British Summer Time),0.0291,0.0305,0.0355,87857.7608616753
Sat Jun 22 2024 19:00:00 GMT+0100 (British Summer Time),0.0291,0.0305,0.0355,386.975028815945
Sat Jun 22 2024 20:00:00 GMT+0100 (British Summer Time),0.0291,0.0305,0.0355,0
Sat Jun 22 2024 21:00:00 GMT+0100 (British Summer Time),0.0291,0.0305,0.0355,0
Sat Jun 22 2024 22:00:00 GMT+0100 (British Summer Time),0.0291,0.0305,0.0355,3.175865712910662
Sat Jun 22 2024 23:00:00 GMT+0100 (British Summer Time),0.0291,0.0305,0.0355,0
Sun Jun 23 2024 00:00:00 GMT+0100 (British Summer Time),0.0291,0.0305,0.0355,0
Sun Jun 23 2024 01:00:00 GMT+0100 (British Summer Time),0.0291,0.0305,0.0355,0
Sun Jun 23 2024 02:00:00 GMT+0100 (British Summer Time),0.0291,0.0305,0.0355,0
Sun Jun 23 2024 03:00:00 GMT+0100 (British Summer Time),0.0291,0.0305,0.0355,0
Sun Jun 23 2024 04:00:00 GMT+0100 (British Summer Time),0.0291,0.0305,0.0355,6.885918100246174
Sun Jun 23 2024 05:00:00 GMT+0100 (British Summer Time),0.0291,0.0305,0.0355,0
Sun Jun 23 2024 06:00:00 GMT+0100 (British Summer Time),0.0291,0.0305,0.0355,0
Sun Jun 23 2024 07:00:00 GMT+0100 (British Summer Time),0.0291,0.0305,0.0355,0
Sun Jun 23 2024 08:00:00 GMT+0100 (British Summer Time),0.0291,0.0305,0.0355,0
Sun Jun 23 2024 09:00:00 GMT+0100 (British Summer Time),0.0291,0.0305,0.0355,0
Sun Jun 23 2024 10:00:00 GMT+0100 (British Summer Time),0.0291,0.0305,0.0355,43.912182684984884
Sun Jun 23 2024 11:00:00 GMT+0100 (British Summer Time),0.0291,0.0305,0.0355,3.457082946952708
Sun Jun 23 2024 12:00:00 GMT+0100 (British Summer Time),0.0291,0.0305,0.0355,0
Sun Jun 23 2024 13:00:00 GMT+0100 (British Summer Time),0.03,0.0305,0.0355,3206.356117550392
Sun Jun 23 2024 14:00:00 GMT+0100 (British Summer Time),0.03,0.0305,0.0355,0
Sun Jun 23 2024 15:00:00 GMT+0100 (British Summer Time),0.03,0.0305,0.0355,0
Sun Jun 23 2024 16:00:00 GMT+0100 (British Summer Time),0.03,0.0305,0.0355,0
Sun Jun 23 2024 17:00:00 GMT+0100 (British Summer Time),0.03,0.0305,0.0355,1.9366479537203687
Sun Jun 23 2024 18:00:00 GMT+0100 (British Summer Time),0.03,0.0305,0.0355,0
Sun Jun 23 2024 19:00:00 GMT+0100 (British Summer Time),0.03,0.0305,0.0355,0
Sun Jun 23 2024 20:00:00 GMT+0100 (British Summer Time),0.03,0.0305,0.0355,10.15293710457672
Sun Jun 23 2024 21:00:00 GMT+0100 (British Summer Time),0.03,0.0305,0.0355,3.668575652245732
Sun Jun 23 2024 22:00:00 GMT+0100 (British Summer Time),0.03,0.0305,0.0355,0
Sun Jun 23 2024 23:00:00 GMT+0100 (British Summer Time),0.03,0.0305,0.0365,53833.97179758711
Mon Jun 24 2024 00:00:00 GMT+0100 (British Summer Time),0.03,0.0305,0.0365,401.29440111430034
Mon Jun 24 2024 01:00:00 GMT+0100 (British Summer Time),0.03,0.0305,0.0365,0
Mon Jun 24 2024 02:00:00 GMT+0100 (British Summer Time),0.03,0.0305,0.0365,0
Mon Jun 24 2024 03:00:00 GMT+0100 (British Summer Time),0.03,0.0305,0.0365,26.51178369762936
Mon Jun 24 2024 04:00:00 GMT+0100 (British Summer Time),0.03,0.0305,0.0365,1.9335518082587904
Mon Jun 24 2024 05:00:00 GMT+0100 (British Summer Time),0.03,0.0305,0.0365,0
Mon Jun 24 2024 06:00:00 GMT+0100 (British Summer Time),0.03,0.0305,0.0365,26.543744851902645
Mon Jun 24 2024 07:00:00 GMT+0100 (British Summer Time),0.03,0.0305,0.0365,3.94198109123973
Mon Jun 24 2024 08:00:00 GMT+0100 (British Summer Time),0.03,0.0305,0.0365,1.9300125996662278
Mon Jun 24 2024 09:00:00 GMT+0100 (British Summer Time),0.03,0.0305,0.0365,0
Mon Jun 24 2024 10:00:00 GMT+0100 (British Summer Time),0.03,0.0305,0.0365,52.36068490535919
Mon Jun 24 2024 11:00:00 GMT+0100 (British Summer Time),0.03,0.0305,0.0365,0
Mon Jun 24 2024 12:00:00 GMT+0100 (British Summer Time),0.03,0.0305,0.0365,7.6528845740423135
Mon Jun 24 2024 13:00:00 GMT+0100 (British Summer Time),0.0304,0.0306,0.0365,154.5491647830853
Mon Jun 24 2024 14:00:00 GMT+0100 (British Summer Time),0.0304,0.0306,0.0365,29.951746855686853
Mon Jun 24 2024 15:00:00 GMT+0100 (British Summer Time),0.0304,0.0306,0.0365,0
Mon Jun 24 2024 16:00:00 GMT+0100 (British Summer Time),0.0304,0.0306,0.0359,29766.720532605967
Mon Jun 24 2024 17:00:00 GMT+0100 (British Summer Time),0.0304,0.0306,0.0359,1.824817574700049
Mon Jun 24 2024 18:00:00 GMT+0100 (British Summer Time),0.0304,0.0306,0.0359,0
Mon Jun 24 2024 19:00:00 GMT+0100 (British Summer Time),0.0304,0.0306,0.0359,0
Mon Jun 24 2024 20:00:00 GMT+0100 (British Summer Time),0.0304,0.0306,0.0359,0
Mon Jun 24 2024 21:00:00 GMT+0100 (British Summer Time),0.0304,0.0306,0.0359,2.2731240715317895
Mon Jun 24 2024 22:00:00 GMT+0100 (British Summer Time),0.0304,0.0306,0.0359,0.4766986780108609
Mon Jun 24 2024 23:00:00 GMT+0100 (British Summer Time),0.0304,0.0306,0.0359,0
Tue Jun 25 2024 00:00:00 GMT+0100 (British Summer Time),0.0304,0.0306,0.0359,0
Tue Jun 25 2024 01:00:00 GMT+0100 (British Summer Time),0.0304,0.0306,0.0359,0
Tue Jun 25 2024 02:00:00 GMT+0100 (British Summer Time),0.0304,0.0306,0.0359,0
Tue Jun 25 2024 03:00:00 GMT+0100 (British Summer Time),0.0304,0.0306,0.0359,0
Tue Jun 25 2024 04:00:00 GMT+0100 (British Summer Time),0.0304,0.0306,0.0359,0
Tue Jun 25 2024 05:00:00 GMT+0100 (British Summer Time),0.0304,0.0306,0.0359,0
Tue Jun 25 2024 06:00:00 GMT+0100 (British Summer Time),0.0304,0.0306,0.0359,0
Tue Jun 25 2024 07:00:00 GMT+0100 (British Summer Time),0.0304,0.0306,0.0362,15009.233279660093
Tue Jun 25 2024 08:00:00 GMT+0100 (British Summer Time),0.0304,0.0306,0.0362,2157.401342503739
Tue Jun 25 2024 09:00:00 GMT+0100 (British Summer Time),0.0304,0.0306,0.0362,1998.1373361468518
Tue Jun 25 2024 10:00:00 GMT+0100 (British Summer Time),0.0304,0.0306,0.0362,24.056748298344687
Tue Jun 25 2024 11:00:00 GMT+0100 (British Summer Time),0.0304,0.0306,0.0362,10.046665725749993
Tue Jun 25 2024 12:00:00 GMT+0100 (British Summer Time),0.0304,0.0306,0.0362,0.8236161668457336
Tue Jun 25 2024 13:00:00 GMT+0100 (British Summer Time),0.0309,0.0304,0.0362,0
Tue Jun 25 2024 14:00:00 GMT+0100 (British Summer Time),0.0309,0.0304,0.0362,0
Tue Jun 25 2024 15:00:00 GMT+0100 (British Summer Time),0.0309,0.0304,0.0362,0
Tue Jun 25 2024 16:00:00 GMT+0100 (British Summer Time),0.0309,0.0304,0.0362,28.056585478712385
Tue Jun 25 2024 17:00:00 GMT+0100 (British Summer Time),0.0309,0.0304,0.0362,0
Tue Jun 25 2024 18:00:00 GMT+0100 (British Summer Time),0.0309,0.0304,0.0362,10.020400240139832
Tue Jun 25 2024 19:00:00 GMT+0100 (British Summer Time),0.0309,0.0304,0.0362,0
Tue Jun 25 2024 20:00:00 GMT+0100 (British Summer Time),0.0309,0.0304,0.0362,0
Tue Jun 25 2024 21:00:00 GMT+0100 (British Summer Time),0.0309,0.0304,0.0376,70090.06335096728
Tue Jun 25 2024 22:00:00 GMT+0100 (British Summer Time),0.0309,0.0304,0.0376,0
Tue Jun 25 2024 23:00:00 GMT+0100 (British Summer Time),0.0309,0.0304,0.0362,69749.86786975224
Wed Jun 26 2024 00:00:00 GMT+0100 (British Summer Time),0.0309,0.0304,0.0362,0
Wed Jun 26 2024 01:00:00 GMT+0100 (British Summer Time),0.031,0.0304,0.0362,0
Wed Jun 26 2024 02:00:00 GMT+0100 (British Summer Time),0.031,0.0304,0.0362,0
Wed Jun 26 2024 03:00:00 GMT+0100 (British Summer Time),0.031,0.0304,0.0362,0
Wed Jun 26 2024 04:00:00 GMT+0100 (British Summer Time),0.031,0.0304,0.0362,0
Wed Jun 26 2024 05:00:00 GMT+0100 (British Summer Time),0.031,0.0304,0.0362,0
Wed Jun 26 2024 06:00:00 GMT+0100 (British Summer Time),0.0309,0.0304,0.0362,318.6183008257654
Wed Jun 26 2024 07:00:00 GMT+0100 (British Summer Time),0.0309,0.0304,0.0362,0
Wed Jun 26 2024 08:00:00 GMT+0100 (British Summer Time),0.031,0.0304,0.0362,0
Wed Jun 26 2024 09:00:00 GMT+0100 (British Summer Time),0.031,0.0304,0.0362,1.8441867988933893
Wed Jun 26 2024 10:00:00 GMT+0100 (British Summer Time),0.031,0.0304,0.0362,0.011898983493417947
Wed Jun 26 2024 11:00:00 GMT+0100 (British Summer Time),0.0309,0.0304,0.0362,4.374201245635107
Wed Jun 26 2024 12:00:00 GMT+0100 (British Summer Time),0.0309,0.0304,0.0362,0
Wed Jun 26 2024 13:00:00 GMT+0100 (British Summer Time),0.0301,0.0303,0.0362,0
Wed Jun 26 2024 14:00:00 GMT+0100 (British Summer Time),0.0301,0.0303,0.0362,0
Wed Jun 26 2024 15:00:00 GMT+0100 (British Summer Time),0.0301,0.0303,0.0362,20.80141090575876
Wed Jun 26 2024 16:00:00 GMT+0100 (British Summer Time),0.0301,0.0303,0.0362,0
Wed Jun 26 2024 17:00:00 GMT+0100 (British Summer Time),0.0301,0.0303,0.0362,0
Wed Jun 26 2024 18:00:00 GMT+0100 (British Summer Time),0.0301,0.0303,0.0362,0
Wed Jun 26 2024 19:00:00 GMT+0100 (British Summer Time),0.0301,0.0303,0.0473,649610.0691445194
Wed Jun 26 2024 20:00:00 GMT+0100 (British Summer Time),0.0301,0.0303,0.0682,587470.2223934825
Wed Jun 26 2024 21:00:00 GMT+0100 (British Summer Time),0.0301,0.0303,0.069,7694.861887922136
Wed Jun 26 2024 22:00:00 GMT+0100 (British Summer Time),0.0301,0.0303,0.069,135.74140582542046
Wed Jun 26 2024 23:00:00 GMT+0100 (British Summer Time),0.0301,0.0303,0.069,5.119327715783924
Thu Jun 27 2024 00:00:00 GMT+0100 (British Summer Time),0.0301,0.0303,0.0683,0