time,underlyingApy1DMA,underlyingApy7DMA,impliedApy,volume
Sun Apr 28 2024 01:00:00 GMT+0100 (British Summer Time),0.0305,0.0322,0.5011,64076.14097621823
Sun Apr 28 2024 02:00:00 GMT+0100 (British Summer Time),0.0305,0.0322,0.5042,173579.3476611239
Sun Apr 28 2024 03:00:00 GMT+0100 (British Summer Time),0.0305,0.0322,0.5071,188770.8552063147
Sun Apr 28 2024 04:00:00 GMT+0100 (British Summer Time),0.0305,0.0322,0.5213,477365.83285980194
Sun Apr 28 2024 05:00:00 GMT+0100 (British Summer Time),0.0305,0.0322,0.5188,310780.7716212266
Sun Apr 28 2024 06:00:00 GMT+0100 (British Summer Time),0.0305,0.0322,0.5121,1783457.6566354365
Sun Apr 28 2024 07:00:00 GMT+0100 (British Summer Time),0.0305,0.0322,0.5091,698944.6121730678
Sun Apr 28 2024 08:00:00 GMT+0100 (British Summer Time),0.0305,0.0322,0.5212,411902.37910814537
Sun Apr 28 2024 09:00:00 GMT+0100 (British Summer Time),0.0305,0.0322,0.514,934212.7990232252
Sun Apr 28 2024 10:00:00 GMT+0100 (British Summer Time),0.0305,0.0322,0.5025,2415789.460723165
Sun Apr 28 2024 11:00:00 GMT+0100 (British Summer Time),0.0305,0.0322,0.5045,82146.2895947718
Sun Apr 28 2024 12:00:00 GMT+0100 (British Summer Time),0.0305,0.0322,0.5051,36249.14315894005
Sun Apr 28 2024 13:00:00 GMT+0100 (British Summer Time),0.0298,0.0322,0.4873,1988029.1926260383
Sun Apr 28 2024 14:00:00 GMT+0100 (British Summer Time),0.0298,0.0322,0.4713,2685168.9838913926
Sun Apr 28 2024 15:00:00 GMT+0100 (British Summer Time),0.0298,0.0322,0.4727,2000350.5173580865
Sun Apr 28 2024 16:00:00 GMT+0100 (British Summer Time),0.0298,0.0322,0.4806,2524133.14805191
Sun Apr 28 2024 17:00:00 GMT+0100 (British Summer Time),0.0298,0.0322,0.4623,963947.8826763398
Sun Apr 28 2024 18:00:00 GMT+0100 (British Summer Time),0.0298,0.0322,0.4642,973903.8965963742
Sun Apr 28 2024 19:00:00 GMT+0100 (British Summer Time),0.0298,0.0322,0.3985,3697449.000048009
Sun Apr 28 2024 20:00:00 GMT+0100 (British Summer Time),0.0298,0.0322,0.4321,3297221.312256596
Sun Apr 28 2024 21:00:00 GMT+0100 (British Summer Time),0.0298,0.0322,0.4314,331424.7273580446
Sun Apr 28 2024 22:00:00 GMT+0100 (British Summer Time),0.0298,0.0322,0.4323,109842.47046199242
Sun Apr 28 2024 23:00:00 GMT+0100 (British Summer Time),0.0298,0.0322,0.4363,211902.7925607955
Mon Apr 29 2024 00:00:00 GMT+0100 (British Summer Time),0.0298,0.0322,0.4382,384775.0748245189
Mon Apr 29 2024 01:00:00 GMT+0100 (British Summer Time),0.0298,0.0322,0.4329,590520.7056718515
Mon Apr 29 2024 02:00:00 GMT+0100 (British Summer Time),0.0298,0.0322,0.4051,1466392.1018896084
Mon Apr 29 2024 03:00:00 GMT+0100 (British Summer Time),0.0298,0.0322,0.4022,358167.50831870735
Mon Apr 29 2024 04:00:00 GMT+0100 (British Summer Time),0.0298,0.0322,0.4059,346980.3410029153
Mon Apr 29 2024 05:00:00 GMT+0100 (British Summer Time),0.0298,0.0322,0.4071,554415.1516376877
Mon Apr 29 2024 06:00:00 GMT+0100 (British Summer Time),0.0298,0.0322,0.4041,235600.50333741787
Mon Apr 29 2024 07:00:00 GMT+0100 (British Summer Time),0.0298,0.0322,0.4035,172863.68913981813
Mon Apr 29 2024 08:00:00 GMT+0100 (British Summer Time),0.0298,0.0322,0.4133,668526.5403647602
Mon Apr 29 2024 09:00:00 GMT+0100 (British Summer Time),0.0298,0.0322,0.4095,347992.6553748335
Mon Apr 29 2024 10:00:00 GMT+0100 (British Summer Time),0.0298,0.0322,0.4114,106571.54834893515
Mon Apr 29 2024 11:00:00 GMT+0100 (British Summer Time),0.0298,0.0322,0.4079,446512.03237336606
Mon Apr 29 2024 12:00:00 GMT+0100 (British Summer Time),0.0298,0.0322,0.3987,818191.3739190706
Mon Apr 29 2024 13:00:00 GMT+0100 (British Summer Time),0.0308,0.0322,0.391,934325.5077859259
Mon Apr 29 2024 14:00:00 GMT+0100 (British Summer Time),0.0308,0.0322,0.3949,381879.04625932325
Mon Apr 29 2024 15:00:00 GMT+0100 (British Summer Time),0.0308,0.0322,0.3949,820088.2491549768
Mon Apr 29 2024 16:00:00 GMT+0100 (British Summer Time),0.0308,0.0322,0.4002,681721.1143325032
Mon Apr 29 2024 17:00:00 GMT+0100 (British Summer Time),0.0308,0.0322,0.3942,507401.5400653903
Mon Apr 29 2024 18:00:00 GMT+0100 (British Summer Time),0.0308,0.0322,0.3596,4783404.1315833125
Mon Apr 29 2024 19:00:00 GMT+0100 (British Summer Time),0.0308,0.0322,0.3353,4461667.003635348
Mon Apr 29 2024 20:00:00 GMT+0100 (British Summer Time),0.0308,0.0322,0.3478,2624212.87948531
Mon Apr 29 2024 21:00:00 GMT+0100 (British Summer Time),0.0308,0.0322,0.3503,1963396.4702050947
Mon Apr 29 2024 22:00:00 GMT+0100 (British Summer Time),0.0308,0.0322,0.3456,339036.04555311863
Mon Apr 29 2024 23:00:00 GMT+0100 (British Summer Time),0.0308,0.0322,0.3582,1125396.6343064446
Tue Apr 30 2024 00:00:00 GMT+0100 (British Summer Time),0.0308,0.0322,0.3563,933258.1594997412
Tue Apr 30 2024 01:00:00 GMT+0100 (British Summer Time),0.0308,0.0322,0.3471,1156250.1109986855
Tue Apr 30 2024 02:00:00 GMT+0100 (British Summer Time),0.0308,0.0322,0.3532,1561148.3466901863
Tue Apr 30 2024 03:00:00 GMT+0100 (British Summer Time),0.0308,0.0322,0.3489,542810.2334099365
Tue Apr 30 2024 04:00:00 GMT+0100 (British Summer Time),0.0308,0.0322,0.3525,432119.4591116172
Tue Apr 30 2024 05:00:00 GMT+0100 (British Summer Time),0.0308,0.0322,0.3724,2304368.954282383
Tue Apr 30 2024 06:00:00 GMT+0100 (British Summer Time),0.0308,0.0322,0.3905,1626412.333032621
Tue Apr 30 2024 07:00:00 GMT+0100 (British Summer Time),0.0308,0.0322,0.3483,2779444.561306993
Tue Apr 30 2024 08:00:00 GMT+0100 (British Summer Time),0.0308,0.0322,0.3532,381855.5986986467
Tue Apr 30 2024 09:00:00 GMT+0100 (British Summer Time),0.0308,0.0322,0.355,736703.3280986601
Tue Apr 30 2024 10:00:00 GMT+0100 (British Summer Time),0.0308,0.0322,0.357,179446.83721176305
Tue Apr 30 2024 11:00:00 GMT+0100 (British Summer Time),0.0308,0.0322,0.3572,657480.4079962489
Tue Apr 30 2024 12:00:00 GMT+0100 (British Summer Time),0.0308,0.0322,0.3755,1669234.4874260644
Tue Apr 30 2024 13:00:00 GMT+0100 (British Summer Time),0.0309,0.0321,0.3395,2743169.212101829
Tue Apr 30 2024 14:00:00 GMT+0100 (British Summer Time),0.0309,0.0321,0.3378,225415.2766558337
Tue Apr 30 2024 15:00:00 GMT+0100 (British Summer Time),0.0309,0.0321,0.3103,2148359.323668142
Tue Apr 30 2024 16:00:00 GMT+0100 (British Summer Time),0.0309,0.0321,0.2811,3224184.169865052
Tue Apr 30 2024 17:00:00 GMT+0100 (British Summer Time),0.0309,0.0321,0.2744,1278070.3048938129
Tue Apr 30 2024 18:00:00 GMT+0100 (British Summer Time),0.0309,0.0321,0.2724,403166.1672380188
Tue Apr 30 2024 19:00:00 GMT+0100 (British Summer Time),0.0309,0.0321,0.2841,898432.213873679
Tue Apr 30 2024 20:00:00 GMT+0100 (British Summer Time),0.0309,0.0321,0.2864,177007.7295385687
Tue Apr 30 2024 21:00:00 GMT+0100 (British Summer Time),0.0309,0.0321,0.2975,813053.7640479057
Tue Apr 30 2024 22:00:00 GMT+0100 (British Summer Time),0.0309,0.0321,0.2978,37826.84560250501
Tue Apr 30 2024 23:00:00 GMT+0100 (British Summer Time),0.0309,0.0321,0.3004,200305.79518611645
Wed May 01 2024 00:00:00 GMT+0100 (British Summer Time),0.0309,0.0321,0.3004,2199.9251027002706
Wed May 01 2024 01:00:00 GMT+0100 (British Summer Time),0.0309,0.0321,0.2996,68302.20119969742
Wed May 01 2024 02:00:00 GMT+0100 (British Summer Time),0.0309,0.0321,0.2976,266115.3080273041
Wed May 01 2024 03:00:00 GMT+0100 (British Summer Time),0.0309,0.0321,0.2982,330075.44372056663
Wed May 01 2024 04:00:00 GMT+0100 (British Summer Time),0.0309,0.0321,0.3049,571104.9028563582
Wed May 01 2024 05:00:00 GMT+0100 (British Summer Time),0.0309,0.0321,0.3048,21471.609797643632
Wed May 01 2024 06:00:00 GMT+0100 (British Summer Time),0.0309,0.0321,0.3057,143828.01274834765
Wed May 01 2024 07:00:00 GMT+0100 (British Summer Time),0.0309,0.0321,0.303,388876.22244444105
Wed May 01 2024 08:00:00 GMT+0100 (British Summer Time),0.0309,0.0321,0.3035,407602.5931532237
Wed May 01 2024 09:00:00 GMT+0100 (British Summer Time),0.0309,0.0321,0.3036,740818.6642978166
Wed May 01 2024 10:00:00 GMT+0100 (British Summer Time),0.0309,0.0321,0.3132,888060.3376515114
Wed May 01 2024 11:00:00 GMT+0100 (British Summer Time),0.0309,0.0321,0.3144,340823.59474314813
Wed May 01 2024 12:00:00 GMT+0100 (British Summer Time),0.0309,0.0321,0.3177,239316.82269663466
Wed May 01 2024 13:00:00 GMT+0100 (British Summer Time),0.0336,0.0314,0.318,610877.8121929753
Wed May 01 2024 14:00:00 GMT+0100 (British Summer Time),0.0336,0.0314,0.3192,170377.8663357293
Wed May 01 2024 15:00:00 GMT+0100 (British Summer Time),0.0336,0.0314,0.3196,84479.39051842665
Wed May 01 2024 16:00:00 GMT+0100 (British Summer Time),0.0336,0.0314,0.3208,92664.91473474915
Wed May 01 2024 17:00:00 GMT+0100 (British Summer Time),0.0336,0.0314,0.321,17787.321943190756
Wed May 01 2024 18:00:00 GMT+0100 (British Summer Time),0.0336,0.0314,0.3224,389493.27556175116
Wed May 01 2024 19:00:00 GMT+0100 (British Summer Time),0.0336,0.0314,0.3214,16704.721051684726
Wed May 01 2024 20:00:00 GMT+0100 (British Summer Time),0.0336,0.0314,0.3238,317286.1710121393
Wed May 01 2024 21:00:00 GMT+0100 (British Summer Time),0.0336,0.0314,0.3241,35364.008741849175
Wed May 01 2024 22:00:00 GMT+0100 (British Summer Time),0.0336,0.0314,0.3338,668968.469910103
Wed May 01 2024 23:00:00 GMT+0100 (British Summer Time),0.0336,0.0314,0.34,546202.1920706826
Thu May 02 2024 00:00:00 GMT+0100 (British Summer Time),0.0336,0.0314,0.3385,24027.25187179905
Thu May 02 2024 01:00:00 GMT+0100 (British Summer Time),0.0336,0.0314,0.3397,125475.45060750599
Thu May 02 2024 02:00:00 GMT+0100 (British Summer Time),0.0336,0.0314,0.3407,80640.7760688491
Thu May 02 2024 03:00:00 GMT+0100 (British Summer Time),0.0336,0.0314,0.3412,77107.72552820512
Thu May 02 2024 04:00:00 GMT+0100 (British Summer Time),0.0336,0.0314,0.3423,75983.59944332998
Thu May 02 2024 05:00:00 GMT+0100 (British Summer Time),0.0336,0.0314,0.3421,23536.41259424338
Thu May 02 2024 06:00:00 GMT+0100 (British Summer Time),0.0336,0.0314,0.342,60476.70571462775
Thu May 02 2024 07:00:00 GMT+0100 (British Summer Time),0.0336,0.0314,0.3378,309287.46942405147
Thu May 02 2024 08:00:00 GMT+0100 (British Summer Time),0.0336,0.0314,0.337,90467.81724009858
Thu May 02 2024 09:00:00 GMT+0100 (British Summer Time),0.0336,0.0314,0.3373,24229.324411301965
Thu May 02 2024 10:00:00 GMT+0100 (British Summer Time),0.0336,0.0314,0.3329,312678.30065561144
Thu May 02 2024 11:00:00 GMT+0100 (British Summer Time),0.0336,0.0314,0.333,72456.21364920324
Thu May 02 2024 12:00:00 GMT+0100 (British Summer Time),0.0336,0.0314,0.3313,785533.1203746905
Thu May 02 2024 13:00:00 GMT+0100 (British Summer Time),0.0315,0.0312,0.3317,26117.224300752532
Thu May 02 2024 14:00:00 GMT+0100 (British Summer Time),0.0315,0.0312,0.3338,143703.894933803
Thu May 02 2024 15:00:00 GMT+0100 (British Summer Time),0.0315,0.0312,0.3336,14662.0668547547
Thu May 02 2024 16:00:00 GMT+0100 (British Summer Time),0.0315,0.0312,0.3385,1267394.023673503
Thu May 02 2024 17:00:00 GMT+0100 (British Summer Time),0.0315,0.0312,0.338,53246.41764285382
Thu May 02 2024 18:00:00 GMT+0100 (British Summer Time),0.0315,0.0312,0.3385,33093.82753534023
Thu May 02 2024 19:00:00 GMT+0100 (British Summer Time),0.0315,0.0312,0.3387,74838.42191260261
Thu May 02 2024 20:00:00 GMT+0100 (British Summer Time),0.0315,0.0312,0.3389,16987.413089875427
Thu May 02 2024 21:00:00 GMT+0100 (British Summer Time),0.0315,0.0312,0.3389,1870.2618340671997
Thu May 02 2024 22:00:00 GMT+0100 (British Summer Time),0.0315,0.0312,0.3391,9700.4382175395
Thu May 02 2024 23:00:00 GMT+0100 (British Summer Time),0.0315,0.0312,0.3387,76335.93353778985
Fri May 03 2024 00:00:00 GMT+0100 (British Summer Time),0.0315,0.0312,0.3392,91378.220455854
Fri May 03 2024 01:00:00 GMT+0100 (British Summer Time),0.0315,0.0312,0.3398,112832.59221128552
Fri May 03 2024 02:00:00 GMT+0100 (British Summer Time),0.0315,0.0312,0.3477,656166.0498993478
Fri May 03 2024 03:00:00 GMT+0100 (British Summer Time),0.0315,0.0312,0.3461,85352.28867873077
Fri May 03 2024 04:00:00 GMT+0100 (British Summer Time),0.0315,0.0312,0.3459,7218.156131389232
Fri May 03 2024 05:00:00 GMT+0100 (British Summer Time),0.0315,0.0312,0.3406,368102.80573737324
Fri May 03 2024 06:00:00 GMT+0100 (British Summer Time),0.0315,0.0312,0.3352,426814.97521217435
Fri May 03 2024 07:00:00 GMT+0100 (British Summer Time),0.0315,0.0312,0.3392,332636.87676374166
Fri May 03 2024 08:00:00 GMT+0100 (British Summer Time),0.0315,0.0312,0.3394,414984.255136364
Fri May 03 2024 09:00:00 GMT+0100 (British Summer Time),0.0315,0.0312,0.3506,419587.05099897657
Fri May 03 2024 10:00:00 GMT+0100 (British Summer Time),0.0315,0.0312,0.3508,34928.45068215676
Fri May 03 2024 11:00:00 GMT+0100 (British Summer Time),0.0315,0.0312,0.3516,141609.85222797736
Fri May 03 2024 12:00:00 GMT+0100 (British Summer Time),0.0315,0.0312,0.3507,121987.44557167173
Fri May 03 2024 13:00:00 GMT+0100 (British Summer Time),0.0298,0.031,0.3508,34739.82637492638
Fri May 03 2024 14:00:00 GMT+0100 (British Summer Time),0.0298,0.031,0.3503,312499.26794524596
Fri May 03 2024 15:00:00 GMT+0100 (British Summer Time),0.0298,0.031,0.3465,260714.02861950363
Fri May 03 2024 16:00:00 GMT+0100 (British Summer Time),0.0298,0.031,0.354,508758.05226636684
Fri May 03 2024 17:00:00 GMT+0100 (British Summer Time),0.0298,0.031,0.3541,12414.536691911715
Fri May 03 2024 18:00:00 GMT+0100 (British Summer Time),0.0298,0.031,0.3543,15282.697332854746
Fri May 03 2024 19:00:00 GMT+0100 (British Summer Time),0.0298,0.031,0.3539,63646.1500080991
Fri May 03 2024 20:00:00 GMT+0100 (British Summer Time),0.0298,0.031,0.3522,127634.77337673011
Fri May 03 2024 21:00:00 GMT+0100 (British Summer Time),0.0298,0.031,0.352,110890.13767160289
Fri May 03 2024 22:00:00 GMT+0100 (British Summer Time),0.0298,0.031,0.3523,48508.555449930536
Fri May 03 2024 23:00:00 GMT+0100 (British Summer Time),0.0298,0.031,0.3525,4657.228985687421
Sat May 04 2024 00:00:00 GMT+0100 (British Summer Time),0.0298,0.031,0.3517,89714.2224449366
Sat May 04 2024 01:00:00 GMT+0100 (British Summer Time),0.0298,0.031,0.3529,98868.98208608778
Sat May 04 2024 02:00:00 GMT+0100 (British Summer Time),0.0298,0.031,0.355,168889.6386216813
Sat May 04 2024 03:00:00 GMT+0100 (British Summer Time),0.0298,0.031,0.3558,47440.975304478925
Sat May 04 2024 04:00:00 GMT+0100 (British Summer Time),0.0298,0.031,0.3564,76124.89511528201
Sat May 04 2024 05:00:00 GMT+0100 (British Summer Time),0.0298,0.031,0.3566,88219.98553429225
Sat May 04 2024 06:00:00 GMT+0100 (British Summer Time),0.0298,0.031,0.3552,95324.2298145649
Sat May 04 2024 07:00:00 GMT+0100 (British Summer Time),0.0298,0.031,0.3561,207954.06328129998
Sat May 04 2024 08:00:00 GMT+0100 (British Summer Time),0.0298,0.031,0.3606,324296.6374945733
Sat May 04 2024 09:00:00 GMT+0100 (British Summer Time),0.0298,0.031,0.3659,399159.0711899284
Sat May 04 2024 10:00:00 GMT+0100 (British Summer Time),0.0298,0.031,0.3659,47904.36812474733
Sat May 04 2024 11:00:00 GMT+0100 (British Summer Time),0.0298,0.031,0.352,1014251.7889166181
Sat May 04 2024 12:00:00 GMT+0100 (British Summer Time),0.0298,0.031,0.3522,16611.0212536792
Sat May 04 2024 13:00:00 GMT+0100 (British Summer Time),0.0304,0.031,0.3533,81442.50692358785
Sat May 04 2024 14:00:00 GMT+0100 (British Summer Time),0.0304,0.031,0.3542,72797.07513568367
Sat May 04 2024 15:00:00 GMT+0100 (British Summer Time),0.0304,0.031,0.3541,83074.69853904532
Sat May 04 2024 16:00:00 GMT+0100 (British Summer Time),0.0304,0.031,0.3548,46133.31067287462
Sat May 04 2024 17:00:00 GMT+0100 (British Summer Time),0.0304,0.031,0.3555,126199.50868216001
Sat May 04 2024 18:00:00 GMT+0100 (British Summer Time),0.0304,0.031,0.3615,497116.7333188216
Sat May 04 2024 19:00:00 GMT+0100 (British Summer Time),0.0304,0.031,0.3646,540488.3220533204
Sat May 04 2024 20:00:00 GMT+0100 (British Summer Time),0.0304,0.031,0.3645,84367.19788058002
Sat May 04 2024 21:00:00 GMT+0100 (British Summer Time),0.0304,0.031,0.3652,56448.612856411724
Sat May 04 2024 22:00:00 GMT+0100 (British Summer Time),0.0304,0.031,0.366,61625.82397244295
Sat May 04 2024 23:00:00 GMT+0100 (British Summer Time),0.0304,0.031,0.3671,76966.82403697485
Sun May 05 2024 00:00:00 GMT+0100 (British Summer Time),0.0304,0.031,0.368,63092.74440724725
Sun May 05 2024 01:00:00 GMT+0100 (British Summer Time),0.0304,0.031,0.3631,459709.3248761459
Sun May 05 2024 02:00:00 GMT+0100 (British Summer Time),0.0304,0.031,0.3614,166866.6974902086
Sun May 05 2024 03:00:00 GMT+0100 (British Summer Time),0.0304,0.031,0.3618,47570.23372983455
Sun May 05 2024 04:00:00 GMT+0100 (British Summer Time),0.0304,0.031,0.3618,47496.217441455796
Sun May 05 2024 05:00:00 GMT+0100 (British Summer Time),0.0304,0.031,0.3619,8794.073686503256
Sun May 05 2024 06:00:00 GMT+0100 (British Summer Time),0.0304,0.031,0.3572,333481.6018430651
Sun May 05 2024 07:00:00 GMT+0100 (British Summer Time),0.0304,0.031,0.3531,400708.10215816944
Sun May 05 2024 08:00:00 GMT+0100 (British Summer Time),0.0304,0.031,0.3541,132642.15189052018
Sun May 05 2024 09:00:00 GMT+0100 (British Summer Time),0.0304,0.031,0.3541,49537.737465719096
Sun May 05 2024 10:00:00 GMT+0100 (British Summer Time),0.0304,0.031,0.3547,38810.89239189119
Sun May 05 2024 11:00:00 GMT+0100 (British Summer Time),0.0304,0.031,0.3553,147759.2299570479
Sun May 05 2024 12:00:00 GMT+0100 (British Summer Time),0.0304,0.031,0.3488,535501.0031624697
Sun May 05 2024 13:00:00 GMT+0100 (British Summer Time),0.0287,0.0308,0.349,54017.569679072025
Sun May 05 2024 14:00:00 GMT+0100 (British Summer Time),0.0287,0.0308,0.3508,131547.30652669474
Sun May 05 2024 15:00:00 GMT+0100 (British Summer Time),0.0287,0.0308,0.3511,27742.51292887427
Sun May 05 2024 16:00:00 GMT+0100 (British Summer Time),0.0287,0.0308,0.3515,38314.37922819354
Sun May 05 2024 17:00:00 GMT+0100 (British Summer Time),0.0287,0.0308,0.3432,697696.137142999
Sun May 05 2024 18:00:00 GMT+0100 (British Summer Time),0.0287,0.0308,0.3449,248738.73751496707
Sun May 05 2024 19:00:00 GMT+0100 (British Summer Time),0.0287,0.0308,0.3436,38868.39223989297
Sun May 05 2024 20:00:00 GMT+0100 (British Summer Time),0.0287,0.0308,0.3436,26931.956242376793
Sun May 05 2024 21:00:00 GMT+0100 (British Summer Time),0.0287,0.0308,0.3438,27719.17612256766
Sun May 05 2024 22:00:00 GMT+0100 (British Summer Time),0.0287,0.0308,0.3441,78091.73147861756
Sun May 05 2024 23:00:00 GMT+0100 (British Summer Time),0.0287,0.0308,0.3439,96971.41159028895
Mon May 06 2024 00:00:00 GMT+0100 (British Summer Time),0.0287,0.0308,0.3443,136055.95492581252
Mon May 06 2024 01:00:00 GMT+0100 (British Summer Time),0.0287,0.0308,0.3448,68090.98418496465
Mon May 06 2024 02:00:00 GMT+0100 (British Summer Time),0.0287,0.0308,0.3428,166311.6609781848
Mon May 06 2024 03:00:00 GMT+0100 (British Summer Time),0.0287,0.0308,0.3396,382611.28129002143
Mon May 06 2024 04:00:00 GMT+0100 (British Summer Time),0.0287,0.0308,0.3381,225107.73737828064
Mon May 06 2024 05:00:00 GMT+0100 (British Summer Time),0.0287,0.0308,0.3372,310329.61928404216
Mon May 06 2024 06:00:00 GMT+0100 (British Summer Time),0.0287,0.0308,0.3198,2400618.4871826037
Mon May 06 2024 07:00:00 GMT+0100 (British Summer Time),0.0287,0.0308,0.3211,116944.2174244342
Mon May 06 2024 08:00:00 GMT+0100 (British Summer Time),0.0287,0.0308,0.3216,169325.66106935393
Mon May 06 2024 09:00:00 GMT+0100 (British Summer Time),0.0287,0.0308,0.3202,189064.89638068425
Mon May 06 2024 10:00:00 GMT+0100 (British Summer Time),0.0287,0.0308,0.3204,214783.1186732338
Mon May 06 2024 11:00:00 GMT+0100 (British Summer Time),0.0287,0.0308,0.3205,14420.117875665308
Mon May 06 2024 12:00:00 GMT+0100 (British Summer Time),0.0287,0.0308,0.3224,318004.7680660466
Mon May 06 2024 13:00:00 GMT+0100 (British Summer Time),0.0293,0.0306,0.322,185980.52035443735
Mon May 06 2024 14:00:00 GMT+0100 (British Summer Time),0.0293,0.0306,0.3272,590959.3869236542
Mon May 06 2024 15:00:00 GMT+0100 (British Summer Time),0.0293,0.0306,0.3229,751801.8626809579
Mon May 06 2024 16:00:00 GMT+0100 (British Summer Time),0.0293,0.0306,0.3222,118487.02096185964
Mon May 06 2024 17:00:00 GMT+0100 (British Summer Time),0.0293,0.0306,0.3228,107688.12066858182
Mon May 06 2024 18:00:00 GMT+0100 (British Summer Time),0.0293,0.0306,0.3234,64565.160106464646
Mon May 06 2024 19:00:00 GMT+0100 (British Summer Time),0.0293,0.0306,0.3239,51238.76689098138
Mon May 06 2024 20:00:00 GMT+0100 (British Summer Time),0.0293,0.0306,0.325,129630.06971358883
Mon May 06 2024 21:00:00 GMT+0100 (British Summer Time),0.0293,0.0306,0.3257,26952.794179418113
Mon May 06 2024 22:00:00 GMT+0100 (British Summer Time),0.0293,0.0306,0.3251,229498.59851549016
Mon May 06 2024 23:00:00 GMT+0100 (British Summer Time),0.0293,0.0306,0.3268,138832.00930359523
Tue May 07 2024 00:00:00 GMT+0100 (British Summer Time),0.0293,0.0306,0.3163,964852.8351012781
Tue May 07 2024 01:00:00 GMT+0100 (British Summer Time),0.0293,0.0306,0.3184,971701.5213960841
Tue May 07 2024 02:00:00 GMT+0100 (British Summer Time),0.0293,0.0306,0.3099,124051.90341662234
Tue May 07 2024 03:00:00 GMT+0100 (British Summer Time),0.0293,0.0306,0.287,2834375.8030838235
Tue May 07 2024 04:00:00 GMT+0100 (British Summer Time),0.0293,0.0306,0.2865,109893.08523156773
Tue May 07 2024 05:00:00 GMT+0100 (British Summer Time),0.0293,0.0306,0.2895,548108.6381945832
Tue May 07 2024 06:00:00 GMT+0100 (British Summer Time),0.0293,0.0306,0.29,96573.47989655615
Tue May 07 2024 07:00:00 GMT+0100 (British Summer Time),0.0293,0.0306,0.2914,200879.1074867432
Tue May 07 2024 08:00:00 GMT+0100 (British Summer Time),0.0293,0.0306,0.2842,638258.7983564035
Tue May 07 2024 09:00:00 GMT+0100 (British Summer Time),0.0293,0.0306,0.2842,32297.983139000113
Tue May 07 2024 10:00:00 GMT+0100 (British Summer Time),0.0293,0.0306,0.2859,279423.8539437824
Tue May 07 2024 11:00:00 GMT+0100 (British Summer Time),0.0293,0.0306,0.2862,127419.72554759121
Tue May 07 2024 12:00:00 GMT+0100 (British Summer Time),0.0293,0.0306,0.2869,59849.28310614233
Tue May 07 2024 13:00:00 GMT+0100 (British Summer Time),0.0296,0.0304,0.2891,344976.0399457507
Tue May 07 2024 14:00:00 GMT+0100 (British Summer Time),0.0296,0.0304,0.29,67221.79160537318
Tue May 07 2024 15:00:00 GMT+0100 (British Summer Time),0.0296,0.0304,0.2902,30631.844784183155
Tue May 07 2024 16:00:00 GMT+0100 (British Summer Time),0.0296,0.0304,0.2902,278154.58279220294
Tue May 07 2024 17:00:00 GMT+0100 (British Summer Time),0.0296,0.0304,0.2905,85496.56582560879
Tue May 07 2024 18:00:00 GMT+0100 (British Summer Time),0.0296,0.0304,0.291,99469.74877420763
Tue May 07 2024 19:00:00 GMT+0100 (British Summer Time),0.0296,0.0304,0.2933,137960.4629623939
Tue May 07 2024 20:00:00 GMT+0100 (British Summer Time),0.0296,0.0304,0.2937,52985.6919798268
Tue May 07 2024 21:00:00 GMT+0100 (British Summer Time),0.0296,0.0304,0.2924,2357974.0914883344
Tue May 07 2024 22:00:00 GMT+0100 (British Summer Time),0.0296,0.0304,0.2937,94125.91781681511
Tue May 07 2024 23:00:00 GMT+0100 (British Summer Time),0.0298,0.0304,0.2939,112900.11595169631
Wed May 08 2024 00:00:00 GMT+0100 (British Summer Time),0.0298,0.0304,0.295,549280.036435453
Wed May 08 2024 01:00:00 GMT+0100 (British Summer Time),0.046,0.0327,0.2975,178388.182369775
Wed May 08 2024 02:00:00 GMT+0100 (British Summer Time),0.046,0.0327,0.2977,59001.46003904502
Wed May 08 2024 03:00:00 GMT+0100 (British Summer Time),0.046,0.0327,0.2982,41462.219251996605
Wed May 08 2024 04:00:00 GMT+0100 (British Summer Time),0.046,0.0327,0.2974,215998.64405070856
Wed May 08 2024 05:00:00 GMT+0100 (British Summer Time),0.046,0.0327,0.2973,77423.63681454003
Wed May 08 2024 06:00:00 GMT+0100 (British Summer Time),0.046,0.0327,0.2973,13654.092117865059
Wed May 08 2024 07:00:00 GMT+0100 (British Summer Time),0.046,0.0327,0.2965,110931.65674933753
Wed May 08 2024 08:00:00 GMT+0100 (British Summer Time),0.046,0.0327,0.2966,9016.67742688867
Wed May 08 2024 09:00:00 GMT+0100 (British Summer Time),0.046,0.0327,0.2987,233550.39083957174
Wed May 08 2024 10:00:00 GMT+0100 (British Summer Time),0.046,0.0327,0.2994,93879.28591141629
Wed May 08 2024 11:00:00 GMT+0100 (British Summer Time),0.046,0.0327,0.3001,86993.28584326124
Wed May 08 2024 12:00:00 GMT+0100 (British Summer Time),0.046,0.0327,0.3017,161377.06541452493
Wed May 08 2024 13:00:00 GMT+0100 (British Summer Time),0.0463,0.0322,0.3026,77448.88481873255
Wed May 08 2024 14:00:00 GMT+0100 (British Summer Time),0.0463,0.0322,0.3037,133470.95330693256
Wed May 08 2024 15:00:00 GMT+0100 (British Summer Time),0.0463,0.0322,0.304,28129.430685166197
Wed May 08 2024 16:00:00 GMT+0100 (British Summer Time),0.0463,0.0322,0.3037,31329.283879628318
Wed May 08 2024 17:00:00 GMT+0100 (British Summer Time),0.0463,0.0322,0.3134,828991.9218491913
Wed May 08 2024 18:00:00 GMT+0100 (British Summer Time),0.0463,0.0322,0.3071,1117610.3439419502
Wed May 08 2024 19:00:00 GMT+0100 (British Summer Time),0.0463,0.0322,0.3095,219963.99676556943
Wed May 08 2024 20:00:00 GMT+0100 (British Summer Time),0.0463,0.0322,0.3094,63410.79614751626
Wed May 08 2024 21:00:00 GMT+0100 (British Summer Time),0.0465,0.0322,0.3097,24109.974565423305
Wed May 08 2024 22:00:00 GMT+0100 (British Summer Time),0.0465,0.0322,0.3124,283941.1012419787
Wed May 08 2024 23:00:00 GMT+0100 (British Summer Time),0.0463,0.0322,0.3135,96825.8750811408
Thu May 09 2024 00:00:00 GMT+0100 (British Summer Time),0.0462,0.0322,0.3117,201250.00431103437
Thu May 09 2024 01:00:00 GMT+0100 (British Summer Time),0.0301,0.0322,0.3147,267567.2314375405
Thu May 09 2024 02:00:00 GMT+0100 (British Summer Time),0.0302,0.0323,0.3137,87956.85413906883
Thu May 09 2024 03:00:00 GMT+0100 (British Summer Time),0.0302,0.0323,0.3137,4823.640522573828
Thu May 09 2024 04:00:00 GMT+0100 (British Summer Time),0.0302,0.0323,0.267,6306480.200151071
Thu May 09 2024 05:00:00 GMT+0100 (British Summer Time),0.0302,0.0323,0.2569,2695847.8110196646
Thu May 09 2024 06:00:00 GMT+0100 (British Summer Time),0.0302,0.0323,0.251,1868618.7496059565
Thu May 09 2024 07:00:00 GMT+0100 (British Summer Time),0.0302,0.0323,0.269,2034533.214020607
Thu May 09 2024 08:00:00 GMT+0100 (British Summer Time),0.0302,0.0323,0.2692,48855.982956568165
Thu May 09 2024 09:00:00 GMT+0100 (British Summer Time),0.0302,0.0323,0.2665,1306822.1010750276
Thu May 09 2024 10:00:00 GMT+0100 (British Summer Time),0.0302,0.0323,0.2684,244489.9941624525
Thu May 09 2024 11:00:00 GMT+0100 (British Summer Time),0.0372,0.0332,0.2785,1110604.467048278
Thu May 09 2024 12:00:00 GMT+0100 (British Summer Time),0.0374,0.0333,0.2788,115689.3452649641
Thu May 09 2024 13:00:00 GMT+0100 (British Summer Time),0.0366,0.0329,0.2769,561808.10309326
Thu May 09 2024 14:00:00 GMT+0100 (British Summer Time),0.0367,0.0329,0.2782,213496.93155252404
Thu May 09 2024 15:00:00 GMT+0100 (British Summer Time),0.0367,0.0329,0.2782,96241.3943187579
Thu May 09 2024 16:00:00 GMT+0100 (British Summer Time),0.0367,0.033,0.2767,346084.45606435434
Thu May 09 2024 17:00:00 GMT+0100 (British Summer Time),0.0367,0.033,0.2737,351963.64860180195
Thu May 09 2024 18:00:00 GMT+0100 (British Summer Time),0.0372,0.033,0.2749,129189.58107513945
Thu May 09 2024 19:00:00 GMT+0100 (British Summer Time),0.0372,0.033,0.2753,74020.75070113297
Thu May 09 2024 20:00:00 GMT+0100 (British Summer Time),0.0372,0.033,0.278,312503.84956367186
Thu May 09 2024 21:00:00 GMT+0100 (British Summer Time),0.0371,0.033,0.2788,153663.8208092164
Thu May 09 2024 22:00:00 GMT+0100 (British Summer Time),0.0371,0.033,0.2799,118768.29781332544
Thu May 09 2024 23:00:00 GMT+0100 (British Summer Time),0.0371,0.033,0.2806,101230.07897515886
Fri May 10 2024 00:00:00 GMT+0100 (British Summer Time),0.0371,0.033,0.2796,235256.4336732393
Fri May 10 2024 01:00:00 GMT+0100 (British Summer Time),0.0371,0.033,0.2794,355636.468318395
Fri May 10 2024 02:00:00 GMT+0100 (British Summer Time),0.037,0.033,0.2794,1119.0228881970586
Fri May 10 2024 03:00:00 GMT+0100 (British Summer Time),0.037,0.033,0.2801,124683.43528368132
Fri May 10 2024 04:00:00 GMT+0100 (British Summer Time),0.037,0.033,0.2805,141803.41304331907
Fri May 10 2024 05:00:00 GMT+0100 (British Summer Time),0.037,0.033,0.2794,142041.63944849581
Fri May 10 2024 06:00:00 GMT+0100 (British Summer Time),0.037,0.033,0.2792,38072.29706418896
Fri May 10 2024 07:00:00 GMT+0100 (British Summer Time),0.037,0.033,0.2809,300329.6860522672
Fri May 10 2024 08:00:00 GMT+0100 (British Summer Time),0.037,0.033,0.2808,129178.17295441245
Fri May 10 2024 09:00:00 GMT+0100 (British Summer Time),0.0372,0.0331,0.2813,35469.81990234541
Fri May 10 2024 10:00:00 GMT+0100 (British Summer Time),0.0372,0.0331,0.2817,42696.100598966106
Fri May 10 2024 11:00:00 GMT+0100 (British Summer Time),0.0302,0.0331,0.2817,74476.04660386473
Fri May 10 2024 12:00:00 GMT+0100 (British Summer Time),0.0301,0.0331,0.2834,190370.33994695748
Fri May 10 2024 13:00:00 GMT+0100 (British Summer Time),0.0303,0.033,0.2839,399804.3201915096
Fri May 10 2024 14:00:00 GMT+0100 (British Summer Time),0.0303,0.033,0.2809,1023630.2171699384
Fri May 10 2024 15:00:00 GMT+0100 (British Summer Time),0.0303,0.033,0.2835,275503.8723719197
Fri May 10 2024 16:00:00 GMT+0100 (British Summer Time),0.0302,0.033,0.2846,115395.065908163
Fri May 10 2024 17:00:00 GMT+0100 (British Summer Time),0.0302,0.033,0.2846,4318.40525394835
Fri May 10 2024 18:00:00 GMT+0100 (British Summer Time),0.0298,0.033,0.2793,571591.0246867036
Fri May 10 2024 19:00:00 GMT+0100 (British Summer Time),0.0298,0.033,0.2791,40238.401816187456
Fri May 10 2024 20:00:00 GMT+0100 (British Summer Time),0.0298,0.033,0.2792,13962.294803847242
Fri May 10 2024 21:00:00 GMT+0100 (British Summer Time),0.0299,0.033,0.28,125572.91564706602
Fri May 10 2024 22:00:00 GMT+0100 (British Summer Time),0.0357,0.0339,0.2801,6906.596095151381
Fri May 10 2024 23:00:00 GMT+0100 (British Summer Time),0.0357,0.0339,0.2794,80322.8034540332
Sat May 11 2024 00:00:00 GMT+0100 (British Summer Time),0.0356,0.0339,0.2795,1533742.5813668442
Sat May 11 2024 01:00:00 GMT+0100 (British Summer Time),0.0356,0.0339,0.2934,90825.91312379944
Sat May 11 2024 02:00:00 GMT+0100 (British Summer Time),0.0356,0.0339,0.2935,17837.200999333712
Sat May 11 2024 03:00:00 GMT+0100 (British Summer Time),0.0356,0.0339,0.2935,6325.472784901821
Sat May 11 2024 04:00:00 GMT+0100 (British Summer Time),0.0356,0.0339,0.2937,21182.176180882034
Sat May 11 2024 05:00:00 GMT+0100 (British Summer Time),0.0356,0.0339,0.2928,98521.40762082145
Sat May 11 2024 14:00:00 GMT+0100 (British Summer Time),0.035,0.0337,0.2868,827135.731191308
Sat May 11 2024 15:00:00 GMT+0100 (British Summer Time),0.035,0.0337,0.2852,199050.6510012322
Sat May 11 2024 16:00:00 GMT+0100 (British Summer Time),0.035,0.0337,0.289,415508.99930824956
Sat May 11 2024 17:00:00 GMT+0100 (British Summer Time),0.035,0.0337,0.2929,553072.0839104753
Sat May 11 2024 18:00:00 GMT+0100 (British Summer Time),0.0358,0.0338,0.295,293686.38771829556
Sat May 11 2024 19:00:00 GMT+0100 (British Summer Time),0.0369,0.0339,0.2923,307536.33764813526
Sat May 11 2024 20:00:00 GMT+0100 (British Summer Time),0.0369,0.0339,0.2867,656031.2947511497
Sat May 11 2024 21:00:00 GMT+0100 (British Summer Time),0.0368,0.0339,0.2875,90101.95890830371
Sat May 11 2024 22:00:00 GMT+0100 (British Summer Time),0.031,0.034,0.2874,56879.619272745644
Sat May 11 2024 23:00:00 GMT+0100 (British Summer Time),0.031,0.034,0.2875,99999.9935279951
Sun May 12 2024 00:00:00 GMT+0100 (British Summer Time),0.031,0.034,0.2881,65572.0989511897
Sun May 12 2024 01:00:00 GMT+0100 (British Summer Time),0.031,0.034,0.2876,127392.33565770014
Sun May 12 2024 02:00:00 GMT+0100 (British Summer Time),0.031,0.034,0.2881,68678.85448657174
Sun May 12 2024 03:00:00 GMT+0100 (British Summer Time),0.031,0.034,0.2883,84865.27473651792
Sun May 12 2024 04:00:00 GMT+0100 (British Summer Time),0.031,0.034,0.2882,20784.742101899952
Sun May 12 2024 05:00:00 GMT+0100 (British Summer Time),0.031,0.034,0.2879,40318.10310525819
Sun May 12 2024 13:00:00 GMT+0100 (British Summer Time),0.0302,0.0339,0.2904,118288.57181983552
Sun May 12 2024 14:00:00 GMT+0100 (British Summer Time),0.0302,0.0339,0.2914,288172.48475099384
Sun May 12 2024 15:00:00 GMT+0100 (British Summer Time),0.0302,0.0339,0.2922,230511.47397621503
Sun May 12 2024 16:00:00 GMT+0100 (British Summer Time),0.0302,0.0339,0.2914,443857.14031664515
Sun May 12 2024 17:00:00 GMT+0100 (British Summer Time),0.0302,0.0339,0.28,1674181.5686620923
Sun May 12 2024 18:00:00 GMT+0100 (British Summer Time),0.0294,0.0339,0.2806,105462.45171453847
Sun May 12 2024 19:00:00 GMT+0100 (British Summer Time),0.0284,0.0339,0.2845,424538.48215162085
Sun May 12 2024 20:00:00 GMT+0100 (British Summer Time),0.0284,0.0339,0.2877,339723.8151738938
Sun May 12 2024 21:00:00 GMT+0100 (British Summer Time),0.0284,0.0339,0.2884,82635.3672261816
Sun May 12 2024 22:00:00 GMT+0100 (British Summer Time),0.0284,0.0339,0.2885,8949.378817916502
Sun May 12 2024 23:00:00 GMT+0100 (British Summer Time),0.0284,0.0339,0.2887,18517.635603448114
Mon May 13 2024 00:00:00 GMT+0100 (British Summer Time),0.0284,0.0339,0.2888,36507.24839597543
Mon May 13 2024 01:00:00 GMT+0100 (British Summer Time),0.0284,0.0339,0.2885,42054.268254150615
Mon May 13 2024 02:00:00 GMT+0100 (British Summer Time),0.0284,0.0339,0.288,52303.75561197235
Mon May 13 2024 03:00:00 GMT+0100 (British Summer Time),0.0284,0.0339,0.2849,560911.4700270523
Mon May 13 2024 04:00:00 GMT+0100 (British Summer Time),0.0285,0.0339,0.2847,42929.38818184009
Mon May 13 2024 05:00:00 GMT+0100 (British Summer Time),0.0285,0.0339,0.277,878645.7384873392
Mon May 13 2024 06:00:00 GMT+0100 (British Summer Time),0.0285,0.0339,0.2758,156123.16077395
Mon May 13 2024 07:00:00 GMT+0100 (British Summer Time),0.0285,0.0339,0.2673,1038639.2362155612
Mon May 13 2024 08:00:00 GMT+0100 (British Summer Time),0.0286,0.034,0.2672,59052.75328237128
Mon May 13 2024 09:00:00 GMT+0100 (British Summer Time),0.0286,0.034,0.2676,56190.793411319115
Mon May 13 2024 10:00:00 GMT+0100 (British Summer Time),0.0285,0.034,0.2685,113146.84753853237
Mon May 13 2024 11:00:00 GMT+0100 (British Summer Time),0.0285,0.034,0.2686,5545.646667546425
Mon May 13 2024 12:00:00 GMT+0100 (British Summer Time),0.0285,0.034,0.2652,455101.3803208585
Mon May 13 2024 13:00:00 GMT+0100 (British Summer Time),0.0292,0.0339,0.2632,191086.49056479463
Mon May 13 2024 14:00:00 GMT+0100 (British Summer Time),0.0292,0.0339,0.2621,480458.22602960817
Mon May 13 2024 15:00:00 GMT+0100 (British Summer Time),0.0292,0.0339,0.2627,73460.1522280805
Mon May 13 2024 16:00:00 GMT+0100 (British Summer Time),0.0292,0.0339,0.2627,0
Mon May 13 2024 17:00:00 GMT+0100 (British Summer Time),0.0293,0.0339,0.2635,84570.20584903065
Mon May 13 2024 18:00:00 GMT+0100 (British Summer Time),0.0292,0.0339,0.2635,0
Mon May 13 2024 19:00:00 GMT+0100 (British Summer Time),0.0293,0.0339,0.2601,460791.6944400003
Mon May 13 2024 20:00:00 GMT+0100 (British Summer Time),0.0293,0.0339,0.2601,0
Mon May 13 2024 21:00:00 GMT+0100 (British Summer Time),0.0293,0.0339,0.2601,5580.712552226472
Mon May 13 2024 22:00:00 GMT+0100 (British Summer Time),0.0292,0.0339,0.2601,16544.089312787615
Mon May 13 2024 23:00:00 GMT+0100 (British Summer Time),0.0292,0.0339,0.262,213193.79876343964
Tue May 14 2024 00:00:00 GMT+0100 (British Summer Time),0.0294,0.0339,0.261,145541.00559610117
Tue May 14 2024 01:00:00 GMT+0100 (British Summer Time),0.0295,0.034,0.2617,89957.30217668174
Tue May 14 2024 02:00:00 GMT+0100 (British Summer Time),0.0295,0.034,0.2592,300216.4743909109
Tue May 14 2024 03:00:00 GMT+0100 (British Summer Time),0.0295,0.034,0.2593,124065.68387808037
Tue May 14 2024 04:00:00 GMT+0100 (British Summer Time),0.0294,0.034,0.2675,1107520.6682194457
Tue May 14 2024 05:00:00 GMT+0100 (British Summer Time),0.0294,0.034,0.2683,316338.4827598047
Tue May 14 2024 06:00:00 GMT+0100 (British Summer Time),0.0295,0.034,0.2702,441062.39437025366
Tue May 14 2024 07:00:00 GMT+0100 (British Summer Time),0.0295,0.034,0.2698,121845.94551912117
Tue May 14 2024 08:00:00 GMT+0100 (British Summer Time),0.0294,0.034,0.27,18845.33699380436
Tue May 14 2024 09:00:00 GMT+0100 (British Summer Time),0.0294,0.034,0.2708,96590.01584833926
Tue May 14 2024 10:00:00 GMT+0100 (British Summer Time),0.0303,0.0341,0.2693,180573.18725563696
Tue May 14 2024 11:00:00 GMT+0100 (British Summer Time),0.0303,0.0341,0.2694,12008.886457984732
Tue May 14 2024 12:00:00 GMT+0100 (British Summer Time),0.0303,0.0341,0.2696,20407.742775614628
Tue May 14 2024 13:00:00 GMT+0100 (British Summer Time),0.0322,0.0343,0.2696,5014.390590695133
Tue May 14 2024 14:00:00 GMT+0100 (British Summer Time),0.0322,0.0343,0.27,46373.96264571445
Tue May 14 2024 15:00:00 GMT+0100 (British Summer Time),0.0322,0.0343,0.2664,417559.5048431463
Tue May 14 2024 16:00:00 GMT+0100 (British Summer Time),0.0322,0.0343,0.2674,109094.56210403008
Tue May 14 2024 17:00:00 GMT+0100 (British Summer Time),0.0322,0.0343,0.2653,236685.98448982625
Tue May 14 2024 18:00:00 GMT+0100 (British Summer Time),0.0322,0.0343,0.2644,163076.2163414536
Tue May 14 2024 19:00:00 GMT+0100 (British Summer Time),0.032,0.0343,0.2643,114005.15489227678
Tue May 14 2024 20:00:00 GMT+0100 (British Summer Time),0.032,0.0343,0.2641,23413.47933376049
Tue May 14 2024 21:00:00 GMT+0100 (British Summer Time),0.032,0.0343,0.2642,48681.490857001
Tue May 14 2024 22:00:00 GMT+0100 (British Summer Time),0.0321,0.0343,0.2642,3979.0608110510384
Tue May 14 2024 23:00:00 GMT+0100 (British Summer Time),0.0321,0.0342,0.2647,60515.87358344367
Wed May 15 2024 00:00:00 GMT+0100 (British Summer Time),0.032,0.0342,0.2647,11789.664604586964
Wed May 15 2024 01:00:00 GMT+0100 (British Summer Time),0.0318,0.0319,0.2653,74516.18760196648
Wed May 15 2024 02:00:00 GMT+0100 (British Summer Time),0.0318,0.0319,0.2649,51820.34573471187
Wed May 15 2024 03:00:00 GMT+0100 (British Summer Time),0.0318,0.0319,0.2667,206779.71403229993
Wed May 15 2024 04:00:00 GMT+0100 (British Summer Time),0.0318,0.0319,0.2756,981451.8556247168
Wed May 15 2024 05:00:00 GMT+0100 (British Summer Time),0.0318,0.0319,0.2753,31057.60247356445
Wed May 15 2024 06:00:00 GMT+0100 (British Summer Time),0.0317,0.0319,0.2754,14347.304546477137
Wed May 15 2024 07:00:00 GMT+0100 (British Summer Time),0.0317,0.0319,0.2735,230162.3450042002
Wed May 15 2024 08:00:00 GMT+0100 (British Summer Time),0.0317,0.0319,0.2634,1128615.376216513
Wed May 15 2024 09:00:00 GMT+0100 (British Summer Time),0.0317,0.0319,0.2608,308810.8232371313
Wed May 15 2024 10:00:00 GMT+0100 (British Summer Time),0.0308,0.0319,0.2612,43942.69253461946
Wed May 15 2024 11:00:00 GMT+0100 (British Summer Time),0.0308,0.0319,0.261,35937.622114877246
Wed May 15 2024 12:00:00 GMT+0100 (British Summer Time),0.0308,0.0319,0.2594,198822.96693729947
Wed May 15 2024 13:00:00 GMT+0100 (British Summer Time),0.0299,0.0319,0.2594,1132.6819860660173
Wed May 15 2024 14:00:00 GMT+0100 (British Summer Time),0.0299,0.0319,0.2584,121534.49709516719
Wed May 15 2024 15:00:00 GMT+0100 (British Summer Time),0.0299,0.0319,0.2585,17928.325260585392
Wed May 15 2024 16:00:00 GMT+0100 (British Summer Time),0.0301,0.032,0.2581,51374.303737690374
Wed May 15 2024 17:00:00 GMT+0100 (British Summer Time),0.0301,0.032,0.2548,389171.0225179275
Wed May 15 2024 18:00:00 GMT+0100 (British Summer Time),0.0301,0.032,0.256,148568.4877853864
Wed May 15 2024 19:00:00 GMT+0100 (British Summer Time),0.0303,0.032,0.2723,2342507.3184429724
Wed May 15 2024 20:00:00 GMT+0100 (British Summer Time),0.0303,0.032,0.2695,556380.4702694129
Wed May 15 2024 21:00:00 GMT+0100 (British Summer Time),0.0304,0.032,0.2695,0
Wed May 15 2024 22:00:00 GMT+0100 (British Summer Time),0.0304,0.032,0.2696,60147.7669987909
Wed May 15 2024 23:00:00 GMT+0100 (British Summer Time),0.0304,0.032,0.2696,0
Thu May 16 2024 00:00:00 GMT+0100 (British Summer Time),0.0304,0.032,0.2696,11929.203155094583
Thu May 16 2024 01:00:00 GMT+0100 (British Summer Time),0.0304,0.032,0.2691,66142.93569733317
Thu May 16 2024 02:00:00 GMT+0100 (British Summer Time),0.0304,0.032,0.2691,131008.95355497352
Thu May 16 2024 03:00:00 GMT+0100 (British Summer Time),0.0304,0.032,0.2462,2832827.2913082656
Thu May 16 2024 04:00:00 GMT+0100 (British Summer Time),0.0304,0.032,0.2463,3849.9727753193692
Thu May 16 2024 05:00:00 GMT+0100 (British Summer Time),0.0306,0.032,0.246,36883.21406213721
Thu May 16 2024 06:00:00 GMT+0100 (British Summer Time),0.0306,0.032,0.2473,206521.953266141
Thu May 16 2024 07:00:00 GMT+0100 (British Summer Time),0.0306,0.032,0.2477,54153.34677513709
Thu May 16 2024 08:00:00 GMT+0100 (British Summer Time),0.0313,0.0321,0.2502,323883.1783422049
Thu May 16 2024 09:00:00 GMT+0100 (British Summer Time),0.0313,0.0321,0.2439,832742.1025645961
Thu May 16 2024 10:00:00 GMT+0100 (British Summer Time),0.0314,0.0321,0.2438,36258.903287320376
Thu May 16 2024 11:00:00 GMT+0100 (British Summer Time),0.0314,0.0311,0.2446,95256.28153205129
Thu May 16 2024 12:00:00 GMT+0100 (British Summer Time),0.0314,0.0311,0.2451,95235.87514166192
Thu May 16 2024 13:00:00 GMT+0100 (British Summer Time),0.0387,0.0322,0.2451,63629.92167369776
Thu May 16 2024 14:00:00 GMT+0100 (British Summer Time),0.0388,0.0322,0.2454,56203.04333620753
Thu May 16 2024 15:00:00 GMT+0100 (British Summer Time),0.0388,0.0322,0.2462,92936.05605136779
Thu May 16 2024 16:00:00 GMT+0100 (British Summer Time),0.0387,0.0322,0.2461,26210.41524829668
Thu May 16 2024 17:00:00 GMT+0100 (British Summer Time),0.0387,0.0322,0.2457,30904.03459992291
Thu May 16 2024 18:00:00 GMT+0100 (British Summer Time),0.0387,0.0322,0.2473,519810.6044305115
Thu May 16 2024 19:00:00 GMT+0100 (British Summer Time),0.0385,0.0322,0.2489,198036.84729295556
Thu May 16 2024 20:00:00 GMT+0100 (British Summer Time),0.0387,0.0322,0.2494,55319.80140405671
Thu May 16 2024 21:00:00 GMT+0100 (British Summer Time),0.0386,0.0322,0.2495,17365.662388506353
Thu May 16 2024 22:00:00 GMT+0100 (British Summer Time),0.0386,0.0322,0.2494,15399.097067242292
Thu May 16 2024 23:00:00 GMT+0100 (British Summer Time),0.0386,0.0322,0.2498,69961.6769279252
Fri May 17 2024 00:00:00 GMT+0100 (British Summer Time),0.0386,0.0322,0.2496,48543.118009196834
Fri May 17 2024 01:00:00 GMT+0100 (British Summer Time),0.0386,0.0322,0.2498,24363.117456263273
Fri May 17 2024 02:00:00 GMT+0100 (British Summer Time),0.0386,0.0322,0.2498,2291.7705525782785
Fri May 17 2024 03:00:00 GMT+0100 (British Summer Time),0.0386,0.0322,0.2422,900618.8720924768
Fri May 17 2024 04:00:00 GMT+0100 (British Summer Time),0.0386,0.0322,0.2475,621644.9155309808
Fri May 17 2024 05:00:00 GMT+0100 (British Summer Time),0.0384,0.0322,0.2481,227178.05567172501
Fri May 17 2024 06:00:00 GMT+0100 (British Summer Time),0.0384,0.0322,0.2478,33261.65137219802
Fri May 17 2024 07:00:00 GMT+0100 (British Summer Time),0.0384,0.0322,0.2482,68392.21871106123
Fri May 17 2024 08:00:00 GMT+0100 (British Summer Time),0.0378,0.0322,0.2482,0
Fri May 17 2024 09:00:00 GMT+0100 (British Summer Time),0.0378,0.0322,0.2482,0
Fri May 17 2024 10:00:00 GMT+0100 (British Summer Time),0.0377,0.0322,0.2483,35701.078192482535
Fri May 17 2024 11:00:00 GMT+0100 (British Summer Time),0.0377,0.0322,0.2484,15458.748719681755
Fri May 17 2024 12:00:00 GMT+0100 (British Summer Time),0.0377,0.0322,0.2487,41708.332920122804
Fri May 17 2024 13:00:00 GMT+0100 (British Summer Time),0.0287,0.032,0.2505,232797.472195297
Fri May 17 2024 14:00:00 GMT+0100 (British Summer Time),0.0286,0.032,0.2509,163877.60898046207
Fri May 17 2024 15:00:00 GMT+0100 (British Summer Time),0.0286,0.032,0.2518,102670.26234276852
Fri May 17 2024 16:00:00 GMT+0100 (British Summer Time),0.0285,0.032,0.2518,0
Fri May 17 2024 17:00:00 GMT+0100 (British Summer Time),0.0286,0.032,0.2519,18720.394912521697
Fri May 17 2024 18:00:00 GMT+0100 (British Summer Time),0.0288,0.032,0.2557,474191.27726083144
Fri May 17 2024 19:00:00 GMT+0100 (British Summer Time),0.0288,0.032,0.2584,357934.0986163715
Fri May 17 2024 20:00:00 GMT+0100 (British Summer Time),0.0322,0.0325,0.2566,261565.59323472937
Fri May 17 2024 21:00:00 GMT+0100 (British Summer Time),0.0395,0.0336,0.257,399814.5947490074
Fri May 17 2024 22:00:00 GMT+0100 (British Summer Time),0.0394,0.0327,0.2599,16557.49407396231
Fri May 17 2024 23:00:00 GMT+0100 (British Summer Time),0.0394,0.0327,0.26,1662.296965598486
Sat May 18 2024 00:00:00 GMT+0100 (British Summer Time),0.0394,0.0327,0.2611,143476.68148051875
Sat May 18 2024 01:00:00 GMT+0100 (British Summer Time),0.0394,0.0327,0.2612,6657.582549828255
Sat May 18 2024 02:00:00 GMT+0100 (British Summer Time),0.0394,0.0327,0.2606,70696.37837076136
Sat May 18 2024 03:00:00 GMT+0100 (British Summer Time),0.0394,0.0327,0.2606,3120.377060688752
Sat May 18 2024 04:00:00 GMT+0100 (British Summer Time),0.0394,0.0327,0.2598,104846.03857708999
Sat May 18 2024 05:00:00 GMT+0100 (British Summer Time),0.0394,0.0327,0.2599,6149.909827016485
Sat May 18 2024 13:00:00 GMT+0100 (British Summer Time),0.0863,0.0391,0.264,568086.6064769354
Sat May 18 2024 14:00:00 GMT+0100 (British Summer Time),0.0863,0.0391,0.2644,49199.09841667525
Sat May 18 2024 15:00:00 GMT+0100 (British Summer Time),0.1098,0.0423,0.2634,153841.6625096993
Sat May 18 2024 16:00:00 GMT+0100 (British Summer Time),0.1217,0.0439,0.2637,34635.412007072766
Sat May 18 2024 17:00:00 GMT+0100 (British Summer Time),0.1218,0.044,0.2637,1437.027421953683
Sat May 18 2024 18:00:00 GMT+0100 (British Summer Time),0.1218,0.0438,0.2626,145036.6733641132
Sat May 18 2024 19:00:00 GMT+0100 (British Summer Time),0.1218,0.0437,0.2627,10989.82947043264
Sat May 18 2024 20:00:00 GMT+0100 (British Summer Time),0.118,0.0437,0.2627,5195.29811965976
Sat May 18 2024 21:00:00 GMT+0100 (British Summer Time),0.11,0.0437,0.2723,1192452.5603758763
Sat May 18 2024 22:00:00 GMT+0100 (British Summer Time),0.11,0.0437,0.2723,55801.691733724234
Sat May 18 2024 23:00:00 GMT+0100 (British Summer Time),0.11,0.0437,0.2723,0
Sun May 19 2024 00:00:00 GMT+0100 (British Summer Time),0.11,0.0437,0.2723,1092.0898352017539
Sun May 19 2024 01:00:00 GMT+0100 (British Summer Time),0.11,0.0437,0.2704,261395.95927755843
Sun May 19 2024 02:00:00 GMT+0100 (British Summer Time),0.11,0.0437,0.2704,0
Sun May 19 2024 03:00:00 GMT+0100 (British Summer Time),0.11,0.0437,0.2705,9544.863219842866
Sun May 19 2024 04:00:00 GMT+0100 (British Summer Time),0.11,0.0437,0.2705,6262.884662191343
Sun May 19 2024 05:00:00 GMT+0100 (British Summer Time),0.11,0.0437,0.2704,102911.99814786544
Sun May 19 2024 06:00:00 GMT+0100 (British Summer Time),0.1022,0.0437,0.2708,43314.41196918572
Sun May 19 2024 07:00:00 GMT+0100 (British Summer Time),0.0942,0.0437,0.2707,25985.611776154114
Sun May 19 2024 08:00:00 GMT+0100 (British Summer Time),0.0943,0.0437,0.2707,5452.822775949143
Sun May 19 2024 09:00:00 GMT+0100 (British Summer Time),0.0943,0.0437,0.2723,205707.68112594576
Sun May 19 2024 10:00:00 GMT+0100 (British Summer Time),0.0942,0.0437,0.2724,50954.475902318874
Sun May 19 2024 11:00:00 GMT+0100 (British Summer Time),0.0941,0.0437,0.2726,154853.06407356262
Sun May 19 2024 12:00:00 GMT+0100 (British Summer Time),0.0786,0.0437,0.2741,219983.7610560197
Sun May 19 2024 13:00:00 GMT+0100 (British Summer Time),0.0616,0.0436,0.2673,1437074.0262206567
Sun May 19 2024 14:00:00 GMT+0100 (British Summer Time),0.0617,0.0436,0.2684,144193.39834507377
Sun May 19 2024 15:00:00 GMT+0100 (British Summer Time),0.0392,0.0436,0.2701,226162.0764315163
Sun May 19 2024 16:00:00 GMT+0100 (British Summer Time),0.0282,0.0436,0.2688,181694.97665518813
Sun May 19 2024 17:00:00 GMT+0100 (British Summer Time),0.0279,0.0436,0.2688,11455.280876116047
Sun May 19 2024 18:00:00 GMT+0100 (British Summer Time),0.0278,0.0436,0.2689,12157.592814833019
Sun May 19 2024 19:00:00 GMT+0100 (British Summer Time),0.0278,0.0436,0.2676,298450.3216397413
Sun May 19 2024 20:00:00 GMT+0100 (British Summer Time),0.0278,0.0436,0.2668,215079.47154497966
Sun May 19 2024 21:00:00 GMT+0100 (British Summer Time),0.0278,0.0436,0.2669,43624.036707349034
Sun May 19 2024 22:00:00 GMT+0100 (British Summer Time),0.0278,0.0436,0.267,19950.734886074784
Sun May 19 2024 23:00:00 GMT+0100 (British Summer Time),0.0278,0.0436,0.2671,1426.6686406930728
Mon May 20 2024 00:00:00 GMT+0100 (British Summer Time),0.0278,0.0436,0.2873,2542694.9386635264
Mon May 20 2024 01:00:00 GMT+0100 (British Summer Time),0.0278,0.0436,0.2875,14356.329901169715
Mon May 20 2024 02:00:00 GMT+0100 (British Summer Time),0.0278,0.0436,0.2868,107252.98387350961
Mon May 20 2024 03:00:00 GMT+0100 (British Summer Time),0.0278,0.0436,0.2865,43152.65175937425
Mon May 20 2024 04:00:00 GMT+0100 (British Summer Time),0.0278,0.0436,0.2865,0
Mon May 20 2024 05:00:00 GMT+0100 (British Summer Time),0.0278,0.0436,0.2865,0
Mon May 20 2024 06:00:00 GMT+0100 (British Summer Time),0.0278,0.0436,0.2865,50.13929516561775
Mon May 20 2024 07:00:00 GMT+0100 (British Summer Time),0.0278,0.0436,0.2853,152177.64809953645
Mon May 20 2024 08:00:00 GMT+0100 (British Summer Time),0.0276,0.0436,0.2855,66315.36932478637
Mon May 20 2024 09:00:00 GMT+0100 (British Summer Time),0.0276,0.0436,0.2864,125610.50449602172
Mon May 20 2024 10:00:00 GMT+0100 (British Summer Time),0.0283,0.0437,0.2849,460705.446809809
Mon May 20 2024 11:00:00 GMT+0100 (British Summer Time),0.0283,0.0437,0.2859,127056.90178811445
Mon May 20 2024 12:00:00 GMT+0100 (British Summer Time),0.0283,0.0437,0.2877,220121.57302635908
Mon May 20 2024 13:00:00 GMT+0100 (British Summer Time),0.0285,0.0435,0.2882,141651.81255536777
Mon May 20 2024 14:00:00 GMT+0100 (British Summer Time),0.0285,0.0435,0.2885,31878.51585207029
Mon May 20 2024 15:00:00 GMT+0100 (British Summer Time),0.0285,0.0435,0.2885,4905.673862150342
Mon May 20 2024 16:00:00 GMT+0100 (British Summer Time),0.0285,0.0435,0.2885,1179.588471176958
Mon May 20 2024 17:00:00 GMT+0100 (British Summer Time),0.0287,0.0435,0.2885,0
Mon May 20 2024 18:00:00 GMT+0100 (British Summer Time),0.0287,0.0435,0.2869,202185.53184319765
Mon May 20 2024 19:00:00 GMT+0100 (British Summer Time),0.0287,0.0435,0.2879,119530.55054052836
Mon May 20 2024 20:00:00 GMT+0100 (British Summer Time),0.0287,0.0435,0.288,17857.626499113045
Mon May 20 2024 21:00:00 GMT+0100 (British Summer Time),0.0287,0.0435,0.288,0
Mon May 20 2024 22:00:00 GMT+0100 (British Summer Time),0.0287,0.0435,0.288,0
Mon May 20 2024 23:00:00 GMT+0100 (British Summer Time),0.0287,0.0435,0.288,45057.45170914447
Tue May 21 2024 00:00:00 GMT+0100 (British Summer Time),0.0287,0.0435,0.2877,0
Tue May 21 2024 01:00:00 GMT+0100 (British Summer Time),0.0287,0.0435,0.2881,62927.3513411799
Tue May 21 2024 02:00:00 GMT+0100 (British Summer Time),0.0307,0.0438,0.2895,211198.77878088687
Tue May 21 2024 03:00:00 GMT+0100 (British Summer Time),0.0349,0.0444,0.3024,3830959.7294938783
Tue May 21 2024 04:00:00 GMT+0100 (British Summer Time),0.0354,0.0444,0.3021,3016452.175942375
Tue May 21 2024 05:00:00 GMT+0100 (British Summer Time),0.0354,0.0444,0.3024,159310.55221317112
Tue May 21 2024 06:00:00 GMT+0100 (British Summer Time),0.0354,0.0444,0.3025,168208.45924579588
Tue May 21 2024 07:00:00 GMT+0100 (British Summer Time),0.0354,0.0444,0.3,581989.5513986053
Tue May 21 2024 08:00:00 GMT+0100 (British Summer Time),0.0354,0.0444,0.3,3506.878687772104
Tue May 21 2024 09:00:00 GMT+0100 (British Summer Time),0.0354,0.0444,0.2999,21611.41451065078
Tue May 21 2024 10:00:00 GMT+0100 (British Summer Time),0.1137,0.0553,0.3,118847.86038775313
Tue May 21 2024 11:00:00 GMT+0100 (British Summer Time),0.1137,0.0553,0.3,23967.14476812608
Tue May 21 2024 12:00:00 GMT+0100 (British Summer Time),0.1137,0.0553,0.2816,2648747.6279228767
Tue May 21 2024 13:00:00 GMT+0100 (British Summer Time),0.1238,0.0563,0.2691,1851191.0104783026
Tue May 21 2024 14:00:00 GMT+0100 (British Summer Time),0.1238,0.0563,0.2643,721211.5741406294
Tue May 21 2024 15:00:00 GMT+0100 (British Summer Time),0.1238,0.0563,0.2599,690748.720149021
Tue May 21 2024 16:00:00 GMT+0100 (British Summer Time),0.1238,0.0563,0.2595,121686.61722352444
Tue May 21 2024 17:00:00 GMT+0100 (British Summer Time),0.1237,0.0563,0.2595,7710.241733832196
Tue May 21 2024 18:00:00 GMT+0100 (British Summer Time),0.1237,0.0563,0.2594,33549.23106400669
Tue May 21 2024 19:00:00 GMT+0100 (British Summer Time),0.1237,0.0563,0.2596,36134.83218710972
Tue May 21 2024 20:00:00 GMT+0100 (British Summer Time),0.1237,0.0563,0.2589,139052.68395634033
Tue May 21 2024 21:00:00 GMT+0100 (British Summer Time),0.1237,0.0563,0.2591,46983.625542032496
Tue May 21 2024 22:00:00 GMT+0100 (British Summer Time),0.1237,0.0563,0.2592,11280.443178439942
Tue May 21 2024 23:00:00 GMT+0100 (British Summer Time),0.1237,0.0563,0.2588,65836.36831364204
Wed May 22 2024 00:00:00 GMT+0100 (British Summer Time),0.1237,0.0563,0.2583,89498.4930406902
Wed May 22 2024 01:00:00 GMT+0100 (British Summer Time),0.1237,0.0563,0.2573,167301.15459563927
Wed May 22 2024 02:00:00 GMT+0100 (British Summer Time),0.1214,0.0563,0.2573,4375.2190225212
Wed May 22 2024 03:00:00 GMT+0100 (British Summer Time),0.117,0.0563,0.2566,115813.77580348963
Wed May 22 2024 04:00:00 GMT+0100 (British Summer Time),0.1163,0.0563,0.2566,17680.04584873858
Wed May 22 2024 05:00:00 GMT+0100 (British Summer Time),0.1163,0.0563,0.2564,61066.2414721134
Wed May 22 2024 06:00:00 GMT+0100 (British Summer Time),0.1164,0.0563,0.2569,79459.69629982878
Wed May 22 2024 07:00:00 GMT+0100 (British Summer Time),0.1164,0.0563,0.2575,105440.42691456055
Wed May 22 2024 08:00:00 GMT+0100 (British Summer Time),0.1164,0.0563,0.2576,47664.929466454865
Wed May 22 2024 09:00:00 GMT+0100 (British Summer Time),0.1164,0.0563,0.2575,92315.37143484622
Wed May 22 2024 10:00:00 GMT+0100 (British Summer Time),0.0373,0.0563,0.2576,75420.33922869984
Wed May 22 2024 11:00:00 GMT+0100 (British Summer Time),0.0373,0.0563,0.2578,22151.93010427193
Wed May 22 2024 12:00:00 GMT+0100 (British Summer Time),0.0373,0.0563,0.258,34778.16061014899
Wed May 22 2024 13:00:00 GMT+0100 (British Summer Time),0.0299,0.0563,0.2568,182983.01971249978
Wed May 22 2024 14:00:00 GMT+0100 (British Summer Time),0.0299,0.0563,0.2529,1039028.5322766977
Wed May 22 2024 15:00:00 GMT+0100 (British Summer Time),0.0299,0.0563,0.2529,0
Wed May 22 2024 16:00:00 GMT+0100 (British Summer Time),0.0299,0.0562,0.2533,50386.12689330455
Wed May 22 2024 17:00:00 GMT+0100 (British Summer Time),0.0299,0.0562,0.2535,28059.441833862566
Wed May 22 2024 18:00:00 GMT+0100 (British Summer Time),0.0299,0.0562,0.2502,528738.3252666923
Wed May 22 2024 19:00:00 GMT+0100 (British Summer Time),0.0299,0.0562,0.2514,174231.00015643082
Wed May 22 2024 20:00:00 GMT+0100 (British Summer Time),0.0299,0.0562,0.2514,6106.644414202285
Wed May 22 2024 21:00:00 GMT+0100 (British Summer Time),0.0299,0.0562,0.2515,17045.02521033096
Wed May 22 2024 22:00:00 GMT+0100 (British Summer Time),0.0299,0.0562,0.2515,8533.260870301001
Wed May 22 2024 23:00:00 GMT+0100 (British Summer Time),0.0299,0.0562,0.2517,48720.1757731705
Thu May 23 2024 00:00:00 GMT+0100 (British Summer Time),0.0299,0.0562,0.251,112108.96352914233
Thu May 23 2024 01:00:00 GMT+0100 (British Summer Time),0.0299,0.0562,0.2513,35776.07161599209
Thu May 23 2024 02:00:00 GMT+0100 (British Summer Time),0.0299,0.0562,0.2501,193587.0927747824
Thu May 23 2024 03:00:00 GMT+0100 (British Summer Time),0.0299,0.0562,0.2512,185551.0285763694
Thu May 23 2024 04:00:00 GMT+0100 (British Summer Time),0.0299,0.0562,0.2454,1064831.300421425
Thu May 23 2024 05:00:00 GMT+0100 (British Summer Time),0.0299,0.0562,0.2464,244650.35203299896
Thu May 23 2024 06:00:00 GMT+0100 (British Summer Time),0.0299,0.0562,0.2469,127995.34756129532
Thu May 23 2024 07:00:00 GMT+0100 (British Summer Time),0.0299,0.0562,0.2489,299591.25689946755
Thu May 23 2024 08:00:00 GMT+0100 (British Summer Time),0.0299,0.0561,0.2479,307787.31298678677
Thu May 23 2024 09:00:00 GMT+0100 (British Summer Time),0.0299,0.0561,0.2479,0
Thu May 23 2024 10:00:00 GMT+0100 (British Summer Time),0.0299,0.0561,0.2479,6309.4063054430235
Thu May 23 2024 11:00:00 GMT+0100 (British Summer Time),0.0299,0.0561,0.2481,23072.70684002021
Thu May 23 2024 12:00:00 GMT+0100 (British Summer Time),0.0299,0.0561,0.2482,760210.521188725
Thu May 23 2024 13:00:00 GMT+0100 (British Summer Time),0.0299,0.055,0.2529,0
Thu May 23 2024 14:00:00 GMT+0100 (British Summer Time),0.0299,0.055,0.2529,0
Thu May 23 2024 15:00:00 GMT+0100 (British Summer Time),0.0299,0.055,0.2598,1159407.5070152837
Thu May 23 2024 16:00:00 GMT+0100 (British Summer Time),0.0299,0.055,0.2616,195377.98629734066
Thu May 23 2024 17:00:00 GMT+0100 (British Summer Time),0.0299,0.055,0.2616,14232.62095475956
Thu May 23 2024 18:00:00 GMT+0100 (British Summer Time),0.0299,0.055,0.2625,218133.17141613993
Thu May 23 2024 19:00:00 GMT+0100 (British Summer Time),0.0299,0.055,0.2625,0
Thu May 23 2024 20:00:00 GMT+0100 (British Summer Time),0.0299,0.0549,0.2625,32064.502862628004
Thu May 23 2024 21:00:00 GMT+0100 (British Summer Time),0.0299,0.0549,0.2625,14746.523385870814
Thu May 23 2024 22:00:00 GMT+0100 (British Summer Time),0.0299,0.0549,0.2626,0
Thu May 23 2024 23:00:00 GMT+0100 (British Summer Time),0.0299,0.0549,0.2631,251719.81923836825
Fri May 24 2024 00:00:00 GMT+0100 (British Summer Time),0.0299,0.0549,0.2631,184.24403073882095
Fri May 24 2024 01:00:00 GMT+0100 (British Summer Time),0.0299,0.0549,0.2632,6758.882296350181
Fri May 24 2024 02:00:00 GMT+0100 (British Summer Time),0.0299,0.0549,0.2635,261204.91245162743
Fri May 24 2024 03:00:00 GMT+0100 (British Summer Time),0.0299,0.0549,0.264,92686.49083426928
Fri May 24 2024 04:00:00 GMT+0100 (British Summer Time),0.0299,0.0549,0.2644,274322.76581618993
Fri May 24 2024 05:00:00 GMT+0100 (British Summer Time),0.0299,0.0549,0.2667,353612.5847678346
Fri May 24 2024 06:00:00 GMT+0100 (British Summer Time),0.0299,0.0549,0.2668,93155.69607272264
Fri May 24 2024 07:00:00 GMT+0100 (British Summer Time),0.0299,0.0549,0.2599,968631.1639953229
Fri May 24 2024 08:00:00 GMT+0100 (British Summer Time),0.0299,0.0549,0.26,897788.6656821105
Fri May 24 2024 09:00:00 GMT+0100 (British Summer Time),0.0299,0.0549,0.2548,780326.0269831041
Fri May 24 2024 10:00:00 GMT+0100 (British Summer Time),0.0299,0.0549,0.2477,1144931.8570850913
Fri May 24 2024 11:00:00 GMT+0100 (British Summer Time),0.0299,0.0549,0.2475,215118.45751102985
Fri May 24 2024 12:00:00 GMT+0100 (British Summer Time),0.0299,0.0549,0.2472,146093.55917959
Fri May 24 2024 13:00:00 GMT+0100 (British Summer Time),0.0398,0.0566,0.2449,407641.99423587014
Fri May 24 2024 14:00:00 GMT+0100 (British Summer Time),0.0398,0.0566,0.2449,48991.92440082682
Fri May 24 2024 15:00:00 GMT+0100 (British Summer Time),0.0398,0.0566,0.2464,217034.03435256146
Fri May 24 2024 16:00:00 GMT+0100 (British Summer Time),0.0398,0.0566,0.2464,0
Fri May 24 2024 17:00:00 GMT+0100 (British Summer Time),0.0398,0.0566,0.2466,26934.61878907691
Fri May 24 2024 18:00:00 GMT+0100 (British Summer Time),0.0398,0.0566,0.2468,139994.56522409408
Fri May 24 2024 19:00:00 GMT+0100 (British Summer Time),0.0398,0.0566,0.2468,5400.857613951041
Fri May 24 2024 20:00:00 GMT+0100 (British Summer Time),0.0398,0.056,0.247,56188.55410162557
Fri May 24 2024 21:00:00 GMT+0100 (British Summer Time),0.0398,0.055,0.2468,43363.94493289573
Fri May 24 2024 22:00:00 GMT+0100 (British Summer Time),0.0398,0.055,0.2467,4826.370933806921
Fri May 24 2024 23:00:00 GMT+0100 (British Summer Time),0.0398,0.055,0.2462,100830.85958185149
Sat May 25 2024 00:00:00 GMT+0100 (British Summer Time),0.0398,0.055,0.2462,394.28457890823864
Sat May 25 2024 01:00:00 GMT+0100 (British Summer Time),0.0398,0.055,0.2465,1073.5250880650146
Sat May 25 2024 02:00:00 GMT+0100 (British Summer Time),0.0398,0.055,0.2465,3622.9849642367567
Sat May 25 2024 03:00:00 GMT+0100 (British Summer Time),0.0398,0.055,0.2476,168357.78320336444
Sat May 25 2024 04:00:00 GMT+0100 (British Summer Time),0.0398,0.055,0.2456,327158.27799216495
Sat May 25 2024 05:00:00 GMT+0100 (British Summer Time),0.0398,0.055,0.2456,3844.1750159793473
Sat May 25 2024 06:00:00 GMT+0100 (British Summer Time),0.0398,0.0539,0.2457,9118.363021541609
Sat May 25 2024 07:00:00 GMT+0100 (British Summer Time),0.0398,0.0528,0.24,1074485.4224172328
Sat May 25 2024 08:00:00 GMT+0100 (British Summer Time),0.0398,0.0528,0.2402,45846.1437565191
Sat May 25 2024 09:00:00 GMT+0100 (British Summer Time),0.0398,0.0528,0.2419,1089491.4552742739
Sat May 25 2024 10:00:00 GMT+0100 (British Summer Time),0.0398,0.0528,0.2425,97536.30904930737
Sat May 25 2024 11:00:00 GMT+0100 (British Summer Time),0.0398,0.0528,0.243,76433.35942527308
Sat May 25 2024 12:00:00 GMT+0100 (British Summer Time),0.0398,0.0506,0.2434,83963.34524094635
Sat May 25 2024 13:00:00 GMT+0100 (British Summer Time),0.0282,0.0483,0.2434,2202.4568218570744
Sat May 25 2024 14:00:00 GMT+0100 (British Summer Time),0.0282,0.0483,0.2437,52274.31103669441
Sat May 25 2024 15:00:00 GMT+0100 (British Summer Time),0.0282,0.0451,0.2437,3412.7883927168805
Sat May 25 2024 16:00:00 GMT+0100 (British Summer Time),0.0282,0.0436,0.2439,386885.95715618285
Sat May 25 2024 17:00:00 GMT+0100 (British Summer Time),0.0282,0.0435,0.2438,331204.31326808885
Sat May 25 2024 18:00:00 GMT+0100 (British Summer Time),0.0282,0.0435,0.2439,18461.012107005277
Sat May 25 2024 19:00:00 GMT+0100 (British Summer Time),0.0282,0.0435,0.2441,30006.441718856346
Sat May 25 2024 20:00:00 GMT+0100 (British Summer Time),0.0282,0.0435,0.2441,6325.820045137063
Sat May 25 2024 21:00:00 GMT+0100 (British Summer Time),0.0282,0.0435,0.2442,23109.08901886303
Sat May 25 2024 22:00:00 GMT+0100 (British Summer Time),0.0287,0.0436,0.2451,278219.3290886688
Sat May 25 2024 23:00:00 GMT+0100 (British Summer Time),0.0287,0.0436,0.2451,7444.87554852847
Sun May 26 2024 00:00:00 GMT+0100 (British Summer Time),0.0287,0.0436,0.2451,0
Sun May 26 2024 01:00:00 GMT+0100 (British Summer Time),0.0287,0.0436,0.2453,60799.94137571424
Sun May 26 2024 02:00:00 GMT+0100 (British Summer Time),0.0287,0.0436,0.2521,1014269.2332807498
Sun May 26 2024 03:00:00 GMT+0100 (British Summer Time),0.029,0.0436,0.2521,4417.466148917361
Sun May 26 2024 04:00:00 GMT+0100 (British Summer Time),0.029,0.0436,0.2521,3851.510284446329
Sun May 26 2024 05:00:00 GMT+0100 (British Summer Time),0.029,0.0436,0.2487,526382.2105735472
Sun May 26 2024 06:00:00 GMT+0100 (British Summer Time),0.029,0.0436,0.2486,117225.89330330904
Sun May 26 2024 07:00:00 GMT+0100 (British Summer Time),0.0291,0.0436,0.2489,0
Sun May 26 2024 08:00:00 GMT+0100 (British Summer Time),0.0291,0.0436,0.249,1337009.691640804
Sun May 26 2024 09:00:00 GMT+0100 (British Summer Time),0.0292,0.0436,0.2497,148323.37573181686
Sun May 26 2024 10:00:00 GMT+0100 (British Summer Time),0.0294,0.0436,0.2469,682648.4227843548
Sun May 26 2024 11:00:00 GMT+0100 (British Summer Time),0.0294,0.0436,0.2471,29411.950792365657
Sun May 26 2024 12:00:00 GMT+0100 (British Summer Time),0.0294,0.0436,0.2472,80789.84117365612
Sun May 26 2024 13:00:00 GMT+0100 (British Summer Time),0.0289,0.0437,0.2494,339206.417024426
Sun May 26 2024 14:00:00 GMT+0100 (British Summer Time),0.0289,0.0437,0.2502,161252.8085407577
Sun May 26 2024 15:00:00 GMT+0100 (British Summer Time),0.029,0.0437,0.2504,34689.810883784965
Sun May 26 2024 16:00:00 GMT+0100 (British Summer Time),0.029,0.0437,0.2504,0
Sun May 26 2024 17:00:00 GMT+0100 (British Summer Time),0.029,0.0437,0.2504,0
Sun May 26 2024 18:00:00 GMT+0100 (British Summer Time),0.0291,0.0437,0.2506,27270.319672489564
Sun May 26 2024 19:00:00 GMT+0100 (British Summer Time),0.0291,0.0437,0.2506,29598.874254149556
Sun May 26 2024 20:00:00 GMT+0100 (British Summer Time),0.0291,0.0437,0.2501,549615.3061035024
Sun May 26 2024 21:00:00 GMT+0100 (British Summer Time),0.0291,0.0437,0.2501,9651.48888009029
Sun May 26 2024 22:00:00 GMT+0100 (British Summer Time),0.0286,0.0437,0.2544,677083.6928024035
Sun May 26 2024 23:00:00 GMT+0100 (British Summer Time),0.0286,0.0437,0.2545,10045.70072105488
Mon May 27 2024 00:00:00 GMT+0100 (British Summer Time),0.0286,0.0437,0.2545,8006.23838926442
Mon May 27 2024 01:00:00 GMT+0100 (British Summer Time),0.0286,0.0437,0.2546,23092.409107895866
Mon May 27 2024 02:00:00 GMT+0100 (British Summer Time),0.0286,0.0437,0.2546,6384.355300780368
Mon May 27 2024 03:00:00 GMT+0100 (British Summer Time),0.0283,0.0437,0.2546,9809.045106555062
Mon May 27 2024 04:00:00 GMT+0100 (British Summer Time),0.0283,0.0437,0.2549,36084.32579570158
Mon May 27 2024 05:00:00 GMT+0100 (British Summer Time),0.0283,0.0437,0.2551,31992.050342458413
Mon May 27 2024 06:00:00 GMT+0100 (British Summer Time),0.0283,0.0437,0.2551,30470.18397042324
Mon May 27 2024 07:00:00 GMT+0100 (British Summer Time),0.0282,0.0437,0.2554,31540.11406727707
Mon May 27 2024 08:00:00 GMT+0100 (British Summer Time),0.0281,0.0437,0.2553,11416.091135978002
Mon May 27 2024 09:00:00 GMT+0100 (British Summer Time),0.0281,0.0437,0.2561,125482.70644411982
Mon May 27 2024 10:00:00 GMT+0100 (British Summer Time),0.0279,0.0436,0.2562,15193.821463258873
Mon May 27 2024 11:00:00 GMT+0100 (British Summer Time),0.0279,0.0436,0.2564,187791.78827592294
Mon May 27 2024 12:00:00 GMT+0100 (British Summer Time),0.0279,0.0436,0.2573,136341.97282892006
Mon May 27 2024 13:00:00 GMT+0100 (British Summer Time),0.0291,0.0438,0.2592,415175.6502269678
Mon May 27 2024 14:00:00 GMT+0100 (British Summer Time),0.0291,0.0438,0.2592,0
Mon May 27 2024 15:00:00 GMT+0100 (British Summer Time),0.029,0.0438,0.2592,0
Mon May 27 2024 16:00:00 GMT+0100 (British Summer Time),0.029,0.0437,0.2593,16177.737339417614
Mon May 27 2024 17:00:00 GMT+0100 (British Summer Time),0.029,0.0437,0.2589,54084.0322762711
Mon May 27 2024 18:00:00 GMT+0100 (British Summer Time),0.0289,0.0437,0.2583,95329.40716231064
Mon May 27 2024 19:00:00 GMT+0100 (British Summer Time),0.0289,0.0437,0.2583,196.99727655451585
Mon May 27 2024 20:00:00 GMT+0100 (British Summer Time),0.029,0.0437,0.2583,0
Mon May 27 2024 21:00:00 GMT+0100 (British Summer Time),0.029,0.0437,0.2583,0
Mon May 27 2024 22:00:00 GMT+0100 (British Summer Time),0.0291,0.0437,0.2585,19679.79598113166
Mon May 27 2024 23:00:00 GMT+0100 (British Summer Time),0.0291,0.0437,0.2585,9918.956199161847
Tue May 28 2024 00:00:00 GMT+0100 (British Summer Time),0.0291,0.0437,0.2589,135989.10650459243
Tue May 28 2024 01:00:00 GMT+0100 (British Summer Time),0.0291,0.0437,0.2596,34154.003284223334
Tue May 28 2024 02:00:00 GMT+0100 (British Summer Time),0.0291,0.0434,0.2596,3884.9853607143214
Tue May 28 2024 03:00:00 GMT+0100 (British Summer Time),0.0291,0.0429,0.2602,87682.90480255015
Tue May 28 2024 04:00:00 GMT+0100 (British Summer Time),0.0291,0.0428,0.2602,4199.528626135964
Tue May 28 2024 05:00:00 GMT+0100 (British Summer Time),0.0291,0.0428,0.2602,0
Tue May 28 2024 06:00:00 GMT+0100 (British Summer Time),0.0291,0.0428,0.2603,26973.678848515156
Tue May 28 2024 07:00:00 GMT+0100 (British Summer Time),0.0291,0.0428,0.2605,23711.21367249677
Tue May 28 2024 08:00:00 GMT+0100 (British Summer Time),0.0291,0.0428,0.2581,372731.6725024546
Tue May 28 2024 09:00:00 GMT+0100 (British Summer Time),0.0291,0.0428,0.2581,3051.9036325313496
Tue May 28 2024 10:00:00 GMT+0100 (British Summer Time),0.0292,0.0319,0.2577,58243.674676305316
Tue May 28 2024 11:00:00 GMT+0100 (British Summer Time),0.0292,0.0319,0.2562,263172.27705984126
Tue May 28 2024 12:00:00 GMT+0100 (British Summer Time),0.0292,0.0319,0.2562,0
Tue May 28 2024 13:00:00 GMT+0100 (British Summer Time),0.0303,0.0309,0.2561,9659.19945956186
Tue May 28 2024 14:00:00 GMT+0100 (British Summer Time),0.0303,0.0309,0.2561,0
Tue May 28 2024 15:00:00 GMT+0100 (British Summer Time),0.0303,0.0309,0.2562,228782.88589913797
Tue May 28 2024 16:00:00 GMT+0100 (British Summer Time),0.0303,0.0309,0.2563,6070.564696263328
Tue May 28 2024 17:00:00 GMT+0100 (British Summer Time),0.0303,0.0309,0.2545,269148.2187017435
Tue May 28 2024 18:00:00 GMT+0100 (British Summer Time),0.0303,0.0309,0.2547,18372.963792730898
Tue May 28 2024 19:00:00 GMT+0100 (British Summer Time),0.0303,0.0309,0.2526,339477.45633970347
Tue May 28 2024 20:00:00 GMT+0100 (British Summer Time),0.0302,0.0309,0.2562,753507.8642096862
Tue May 28 2024 21:00:00 GMT+0100 (British Summer Time),0.0302,0.0309,0.2562,34326.336556321905
Tue May 28 2024 22:00:00 GMT+0100 (British Summer Time),0.0301,0.0309,0.2565,55571.38862380005
Tue May 28 2024 23:00:00 GMT+0100 (British Summer Time),0.0301,0.0309,0.2529,635809.251276068
Wed May 29 2024 00:00:00 GMT+0100 (British Summer Time),0.0301,0.0309,0.2531,59327.22853939675
Wed May 29 2024 01:00:00 GMT+0100 (British Summer Time),0.0301,0.0309,0.2531,0
Wed May 29 2024 02:00:00 GMT+0100 (British Summer Time),0.0301,0.0309,0.2531,27.935587298985503
Wed May 29 2024 03:00:00 GMT+0100 (British Summer Time),0.0301,0.0309,0.2658,2044355.3337639875
Wed May 29 2024 04:00:00 GMT+0100 (British Summer Time),0.1191,0.0431,0.2659,29063.80028466151
Wed May 29 2024 05:00:00 GMT+0100 (British Summer Time),0.1192,0.0432,0.2653,197684.09098039573
Wed May 29 2024 06:00:00 GMT+0100 (British Summer Time),0.1192,0.0431,0.2652,285323.73266977206
Wed May 29 2024 07:00:00 GMT+0100 (British Summer Time),0.1192,0.0431,0.2656,67281.3692571214
Wed May 29 2024 08:00:00 GMT+0100 (British Summer Time),0.1192,0.0431,0.2658,30911.750872812736
Wed May 29 2024 09:00:00 GMT+0100 (British Summer Time),0.1191,0.0431,0.2628,479764.40069502644
Wed May 29 2024 10:00:00 GMT+0100 (British Summer Time),0.1191,0.0431,0.2628,0
Wed May 29 2024 11:00:00 GMT+0100 (British Summer Time),0.1191,0.0431,0.2611,293074.15262972965
Wed May 29 2024 12:00:00 GMT+0100 (British Summer Time),0.1191,0.0431,0.2613,61586.11314026335
Wed May 29 2024 13:00:00 GMT+0100 (British Summer Time),0.1183,0.0431,0.2614,9160.827613782045
Wed May 29 2024 14:00:00 GMT+0100 (British Summer Time),0.1183,0.0431,0.261,420297.5619704934
Wed May 29 2024 15:00:00 GMT+0100 (British Summer Time),0.1183,0.0431,0.2616,0
Wed May 29 2024 16:00:00 GMT+0100 (British Summer Time),0.1183,0.0431,0.2674,894220.0484838723
Wed May 29 2024 17:00:00 GMT+0100 (British Summer Time),0.1183,0.0431,0.2685,165890.98862241558
Wed May 29 2024 18:00:00 GMT+0100 (British Summer Time),0.1183,0.0431,0.2677,135678.4900489954
Wed May 29 2024 19:00:00 GMT+0100 (British Summer Time),0.1183,0.0431,0.2653,408808.8828298066
Wed May 29 2024 20:00:00 GMT+0100 (British Summer Time),0.1183,0.0431,0.2655,26146.087580608986
Wed May 29 2024 21:00:00 GMT+0100 (British Summer Time),0.1183,0.0431,0.2655,4000.1862793921823
Wed May 29 2024 22:00:00 GMT+0100 (British Summer Time),0.1183,0.0431,0.2656,19869.135691120016
Wed May 29 2024 23:00:00 GMT+0100 (British Summer Time),0.1183,0.0431,0.2657,14416.995523312113
Thu May 30 2024 00:00:00 GMT+0100 (British Summer Time),0.1183,0.0431,0.2657,0
Thu May 30 2024 01:00:00 GMT+0100 (British Summer Time),0.1183,0.0431,0.2657,11478.885156282598
Thu May 30 2024 02:00:00 GMT+0100 (British Summer Time),0.1183,0.0431,0.2658,17171.916938197875
Thu May 30 2024 03:00:00 GMT+0100 (British Summer Time),0.1183,0.0431,0.2652,116901.11086277255
Thu May 30 2024 04:00:00 GMT+0100 (British Summer Time),0.0294,0.0431,0.2654,56667.39088046364
Thu May 30 2024 05:00:00 GMT+0100 (British Summer Time),0.0293,0.0431,0.2654,6514.366932010097
Thu May 30 2024 06:00:00 GMT+0100 (British Summer Time),0.0293,0.0431,0.2651,49813.655850838404
Thu May 30 2024 07:00:00 GMT+0100 (British Summer Time),0.0297,0.0431,0.2619,480029.31428193743
Thu May 30 2024 08:00:00 GMT+0100 (British Summer Time),0.0297,0.0431,0.262,13200.08913399861
Thu May 30 2024 09:00:00 GMT+0100 (British Summer Time),0.0297,0.0431,0.2618,198641.21380542277
Thu May 30 2024 10:00:00 GMT+0100 (British Summer Time),0.0297,0.0431,0.2619,11017.359878786068
Thu May 30 2024 11:00:00 GMT+0100 (British Summer Time),0.0297,0.0431,0.2622,57935.884175870786
Thu May 30 2024 12:00:00 GMT+0100 (British Summer Time),0.0297,0.0431,0.2621,171408.58950374505
Thu May 30 2024 13:00:00 GMT+0100 (British Summer Time),0.0305,0.0432,0.2623,22102.05596989224
Thu May 30 2024 14:00:00 GMT+0100 (British Summer Time),0.0306,0.0432,0.2624,17046.754442177622
Thu May 30 2024 15:00:00 GMT+0100 (British Summer Time),0.0306,0.0432,0.2624,915.1321204197498
Thu May 30 2024 16:00:00 GMT+0100 (British Summer Time),0.0306,0.0432,0.2624,0
Thu May 30 2024 17:00:00 GMT+0100 (British Summer Time),0.0306,0.0432,0.261,210690.23966403212
Thu May 30 2024 18:00:00 GMT+0100 (British Summer Time),0.0307,0.0432,0.2606,63451.36283189014
Thu May 30 2024 19:00:00 GMT+0100 (British Summer Time),0.0307,0.0432,0.2606,0
Thu May 30 2024 20:00:00 GMT+0100 (British Summer Time),0.0307,0.0432,0.2606,0
Thu May 30 2024 21:00:00 GMT+0100 (British Summer Time),0.0307,0.0432,0.2608,69145.8658372281
Thu May 30 2024 22:00:00 GMT+0100 (British Summer Time),0.0307,0.0432,0.2658,715346.7258207053
Thu May 30 2024 23:00:00 GMT+0100 (British Summer Time),0.0307,0.0432,0.2659,16189.893445591886
Fri May 31 2024 00:00:00 GMT+0100 (British Summer Time),0.0307,0.0432,0.266,18366.844330918648
Fri May 31 2024 01:00:00 GMT+0100 (British Summer Time),0.0307,0.0432,0.2652,142370.16368553607
Fri May 31 2024 02:00:00 GMT+0100 (British Summer Time),0.0307,0.0432,0.2654,24149.532270373275
Fri May 31 2024 03:00:00 GMT+0100 (British Summer Time),0.0307,0.0432,0.2653,3782.767395586641
Fri May 31 2024 04:00:00 GMT+0100 (British Summer Time),0.0307,0.0432,0.2646,154358.89190395403
Fri May 31 2024 05:00:00 GMT+0100 (British Summer Time),0.0324,0.0434,0.2651,84727.86072738566
Fri May 31 2024 06:00:00 GMT+0100 (British Summer Time),0.0325,0.0434,0.2652,4834.454079072387
Fri May 31 2024 07:00:00 GMT+0100 (British Summer Time),0.0323,0.0435,0.2682,914144.2564916965
Fri May 31 2024 08:00:00 GMT+0100 (British Summer Time),0.0323,0.0435,0.2686,68040.48197052088
Fri May 31 2024 09:00:00 GMT+0100 (British Summer Time),0.0323,0.0435,0.2687,86156.42182727967
Fri May 31 2024 10:00:00 GMT+0100 (British Summer Time),0.0323,0.0435,0.2688,10626.07693744466
Fri May 31 2024 11:00:00 GMT+0100 (British Summer Time),0.0323,0.0435,0.2691,73758.41104124699
Fri May 31 2024 12:00:00 GMT+0100 (British Summer Time),0.0323,0.0435,0.2681,597308.0181957948
Fri May 31 2024 13:00:00 GMT+0100 (British Summer Time),0.0327,0.0421,0.2681,4921.385125523103
Fri May 31 2024 14:00:00 GMT+0100 (British Summer Time),0.0325,0.0421,0.2684,38098.52080470413
Fri May 31 2024 15:00:00 GMT+0100 (British Summer Time),0.0325,0.0421,0.2667,262318.1972723347
Fri May 31 2024 16:00:00 GMT+0100 (British Summer Time),0.0325,0.0421,0.2672,86445.37120810497
Fri May 31 2024 17:00:00 GMT+0100 (British Summer Time),0.0325,0.0421,0.2679,105294.35544470113
Fri May 31 2024 18:00:00 GMT+0100 (British Summer Time),0.0325,0.0421,0.2657,353892.3442818915
Fri May 31 2024 19:00:00 GMT+0100 (British Summer Time),0.0325,0.0421,0.2657,0
Fri May 31 2024 20:00:00 GMT+0100 (British Summer Time),0.0325,0.0421,0.2663,169422.50163516222
Fri May 31 2024 21:00:00 GMT+0100 (British Summer Time),0.0325,0.0421,0.2663,0
Fri May 31 2024 22:00:00 GMT+0100 (British Summer Time),0.0325,0.0421,0.2663,7541.566176121956
Fri May 31 2024 23:00:00 GMT+0100 (British Summer Time),0.0325,0.0421,0.2664,33967.08103294374
Sat Jun 01 2024 00:00:00 GMT+0100 (British Summer Time),0.0325,0.0421,0.2614,1469410.23069859
Sat Jun 01 2024 01:00:00 GMT+0100 (British Summer Time),0.0325,0.0421,0.2697,1258992.6169272347
Sat Jun 01 2024 02:00:00 GMT+0100 (British Summer Time),0.0325,0.0421,0.2702,68670.26988253108
Sat Jun 01 2024 03:00:00 GMT+0100 (British Summer Time),0.0325,0.0421,0.2702,6646.16389452588
Sat Jun 01 2024 04:00:00 GMT+0100 (British Summer Time),0.0325,0.0421,0.2711,133675.3223118274
Sat Jun 01 2024 05:00:00 GMT+0100 (British Summer Time),0.0308,0.0421,0.2707,106504.36835300298
Sat Jun 01 2024 06:00:00 GMT+0100 (British Summer Time),0.0315,0.0423,0.2696,302984.097760595
Sat Jun 01 2024 07:00:00 GMT+0100 (British Summer Time),0.0314,0.0423,0.2698,17951.20272948269
Sat Jun 01 2024 08:00:00 GMT+0100 (British Summer Time),0.0314,0.0423,0.2698,24256.20195931805
Sat Jun 01 2024 09:00:00 GMT+0100 (British Summer Time),0.0314,0.0423,0.2698,70386.75924518653
Sat Jun 01 2024 10:00:00 GMT+0100 (British Summer Time),0.0314,0.0423,0.271,189615.6306710097
Sat Jun 01 2024 11:00:00 GMT+0100 (British Summer Time),0.0314,0.0423,0.271,2843.1301928234357
Sat Jun 01 2024 12:00:00 GMT+0100 (British Summer Time),0.0314,0.0423,0.2711,2716.2167265963617
Sat Jun 01 2024 13:00:00 GMT+0100 (British Summer Time),0.0299,0.0424,0.2726,235334.78467813044
Sat Jun 01 2024 14:00:00 GMT+0100 (British Summer Time),0.0299,0.0424,0.2721,199643.48348958086
Sat Jun 01 2024 15:00:00 GMT+0100 (British Summer Time),0.0299,0.0424,0.2718,242604.4233239834
Sat Jun 01 2024 16:00:00 GMT+0100 (British Summer Time),0.0299,0.0424,0.2722,67170.72323349786
Sat Jun 01 2024 17:00:00 GMT+0100 (British Summer Time),0.0299,0.0424,0.2706,307311.416259391
Sat Jun 01 2024 18:00:00 GMT+0100 (British Summer Time),0.0299,0.0424,0.2702,146543.64295217954
Sat Jun 01 2024 19:00:00 GMT+0100 (British Summer Time),0.0299,0.0424,0.2702,25193.36015382444
Sat Jun 01 2024 20:00:00 GMT+0100 (British Summer Time),0.0299,0.0424,0.2709,91698.64879858478
Sat Jun 01 2024 21:00:00 GMT+0100 (British Summer Time),0.0299,0.0424,0.2712,46854.94018568994
Sat Jun 01 2024 22:00:00 GMT+0100 (British Summer Time),0.0299,0.0423,0.2715,55494.683405899865
Sat Jun 01 2024 23:00:00 GMT+0100 (British Summer Time),0.03,0.0423,0.2719,62747.029432336625
Sun Jun 02 2024 00:00:00 GMT+0100 (British Summer Time),0.0301,0.0423,0.2719,3804.140074320872
Sun Jun 02 2024 01:00:00 GMT+0100 (British Summer Time),0.0301,0.0423,0.2725,117889.65828435298
Sun Jun 02 2024 02:00:00 GMT+0100 (British Summer Time),0.0301,0.0423,0.2725,9411.362265839076
Sun Jun 02 2024 03:00:00 GMT+0100 (British Summer Time),0.0302,0.0423,0.2715,185185.05125229474
Sun Jun 02 2024 04:00:00 GMT+0100 (British Summer Time),0.0302,0.0423,0.2713,51471.0012268953
Sun Jun 02 2024 05:00:00 GMT+0100 (British Summer Time),0.0302,0.0423,0.2703,672635.8092308752
Sun Jun 02 2024 06:00:00 GMT+0100 (British Summer Time),0.0293,0.0423,0.2706,44814.86857922908
Sun Jun 02 2024 07:00:00 GMT+0100 (British Summer Time),0.0293,0.0423,0.2708,47281.62576686771
Sun Jun 02 2024 08:00:00 GMT+0100 (British Summer Time),0.0293,0.0423,0.2722,257191.3698444327
Sun Jun 02 2024 09:00:00 GMT+0100 (British Summer Time),0.0293,0.0423,0.2691,796761.4208397166
Sun Jun 02 2024 10:00:00 GMT+0100 (British Summer Time),0.0293,0.0422,0.2704,236519.45435024676
Sun Jun 02 2024 11:00:00 GMT+0100 (British Summer Time),0.0293,0.0422,0.2703,17338.47592225021
Sun Jun 02 2024 12:00:00 GMT+0100 (British Summer Time),0.0296,0.0423,0.2713,161820.61603926256
Sun Jun 02 2024 13:00:00 GMT+0100 (British Summer Time),0.0305,0.0426,0.2716,59353.94590302883
Sun Jun 02 2024 14:00:00 GMT+0100 (British Summer Time),0.0316,0.0428,0.2718,36786.14708257582
Sun Jun 02 2024 15:00:00 GMT+0100 (British Summer Time),0.0319,0.0428,0.272,155950.44179919036
Sun Jun 02 2024 16:00:00 GMT+0100 (British Summer Time),0.0319,0.0428,0.272,39508.7908029244
Sun Jun 02 2024 17:00:00 GMT+0100 (British Summer Time),0.0319,0.0428,0.2767,707440.412171891
Sun Jun 02 2024 18:00:00 GMT+0100 (British Summer Time),0.0319,0.0428,0.2767,1956.9808510090897
Sun Jun 02 2024 19:00:00 GMT+0100 (British Summer Time),0.0319,0.0428,0.2767,8521.987670681121
Sun Jun 02 2024 20:00:00 GMT+0100 (British Summer Time),0.032,0.0428,0.2768,48258.1112892877
Sun Jun 02 2024 21:00:00 GMT+0100 (British Summer Time),0.032,0.0428,0.2766,42107.85157408708
Sun Jun 02 2024 22:00:00 GMT+0100 (British Summer Time),0.032,0.0428,0.2771,71128.67742262811
Sun Jun 02 2024 23:00:00 GMT+0100 (British Summer Time),0.0319,0.0428,0.2771,4191.753145729655
Mon Jun 03 2024 00:00:00 GMT+0100 (British Summer Time),0.0317,0.0428,0.2771,4902.125967627642
Mon Jun 03 2024 01:00:00 GMT+0100 (British Summer Time),0.0317,0.0428,0.2756,255045.44046485377
Mon Jun 03 2024 02:00:00 GMT+0100 (British Summer Time),0.0317,0.0428,0.2746,146379.62329128242
Mon Jun 03 2024 03:00:00 GMT+0100 (British Summer Time),0.0317,0.0428,0.2745,5990.845704726148
Mon Jun 03 2024 04:00:00 GMT+0100 (British Summer Time),0.0317,0.0428,0.2746,3077.1977885266997
Mon Jun 03 2024 05:00:00 GMT+0100 (British Summer Time),0.0317,0.0428,0.2675,1307350.2795870064
Mon Jun 03 2024 06:00:00 GMT+0100 (British Summer Time),0.0318,0.0428,0.2675,12169.335387475689
Mon Jun 03 2024 07:00:00 GMT+0100 (British Summer Time),0.0318,0.0428,0.2675,3741.5629666579966
Mon Jun 03 2024 08:00:00 GMT+0100 (British Summer Time),0.0318,0.0428,0.2676,7479.2233750950545
Mon Jun 03 2024 09:00:00 GMT+0100 (British Summer Time),0.0318,0.0428,0.2675,13285.996986842409
Mon Jun 03 2024 10:00:00 GMT+0100 (British Summer Time),0.0318,0.0428,0.2676,3206.8532307332694
Mon Jun 03 2024 11:00:00 GMT+0100 (British Summer Time),0.0318,0.0428,0.2677,30441.99934864956
Mon Jun 03 2024 12:00:00 GMT+0100 (British Summer Time),0.0315,0.0428,0.2677,9773.1267231604
Mon Jun 03 2024 13:00:00 GMT+0100 (British Summer Time),0.0318,0.043,0.2682,102046.30923918703
Mon Jun 03 2024 14:00:00 GMT+0100 (British Summer Time),0.0307,0.043,0.2685,40082.511440449925
Mon Jun 03 2024 15:00:00 GMT+0100 (British Summer Time),0.0304,0.043,0.2678,107702.69465293655
Mon Jun 03 2024 16:00:00 GMT+0100 (British Summer Time),0.0304,0.043,0.2671,112968.1489731245
Mon Jun 03 2024 17:00:00 GMT+0100 (British Summer Time),0.0304,0.043,0.2671,0
Mon Jun 03 2024 18:00:00 GMT+0100 (British Summer Time),0.0304,0.043,0.1843,24638920.140285052
Mon Jun 03 2024 19:00:00 GMT+0100 (British Summer Time),0.0303,0.043,0.1968,1971592.5106738734
Mon Jun 03 2024 20:00:00 GMT+0100 (British Summer Time),0.0303,0.043,0.216,3647943.481116644
Mon Jun 03 2024 21:00:00 GMT+0100 (British Summer Time),0.0303,0.043,0.216,0
Mon Jun 03 2024 22:00:00 GMT+0100 (British Summer Time),0.0303,0.043,0.2209,884417.7826700691
Mon Jun 03 2024 23:00:00 GMT+0100 (British Summer Time),0.0304,0.043,0.221,12555.548453380032
Tue Jun 04 2024 00:00:00 GMT+0100 (British Summer Time),0.0304,0.043,0.2212,391170.0986514023
Tue Jun 04 2024 01:00:00 GMT+0100 (British Summer Time),0.0304,0.043,0.2241,166995.8585313776
Tue Jun 04 2024 02:00:00 GMT+0100 (British Summer Time),0.0306,0.043,0.2249,760515.4754339565
Tue Jun 04 2024 03:00:00 GMT+0100 (British Summer Time),0.0307,0.043,0.228,804867.8115245767
Tue Jun 04 2024 04:00:00 GMT+0100 (British Summer Time),0.0307,0.043,0.228,12357.075161713155
Tue Jun 04 2024 05:00:00 GMT+0100 (British Summer Time),0.0307,0.043,0.2282,434902.59489191935
Tue Jun 04 2024 06:00:00 GMT+0100 (British Summer Time),0.0307,0.043,0.2248,518496.65373644454
Tue Jun 04 2024 07:00:00 GMT+0100 (British Summer Time),0.0307,0.043,0.2259,278282.06684137037
Tue Jun 04 2024 08:00:00 GMT+0100 (British Summer Time),0.0307,0.043,0.2307,1123851.580003831
Tue Jun 04 2024 09:00:00 GMT+0100 (British Summer Time),0.0307,0.043,0.2298,307092.7713687965
Tue Jun 04 2024 10:00:00 GMT+0100 (British Summer Time),0.0307,0.043,0.2261,928870.1846362621
Tue Jun 04 2024 11:00:00 GMT+0100 (British Summer Time),0.0306,0.043,0.2261,29682.97982101901
Tue Jun 04 2024 12:00:00 GMT+0100 (British Summer Time),0.0306,0.043,0.2258,69513.1348395434
Tue Jun 04 2024 13:00:00 GMT+0100 (British Summer Time),0.0298,0.0429,0.226,37552.14789265803
Tue Jun 04 2024 14:00:00 GMT+0100 (British Summer Time),0.0298,0.0429,0.226,2936.7429476403554
Tue Jun 04 2024 15:00:00 GMT+0100 (British Summer Time),0.0298,0.0429,0.227,150825.19986254198
Tue Jun 04 2024 16:00:00 GMT+0100 (British Summer Time),0.0298,0.0429,0.2282,189964.04726191904
Tue Jun 04 2024 17:00:00 GMT+0100 (British Summer Time),0.0298,0.0429,0.2282,0
Tue Jun 04 2024 18:00:00 GMT+0100 (British Summer Time),0.0298,0.0429,0.192,30381816.51882288
Tue Jun 04 2024 19:00:00 GMT+0100 (British Summer Time),0.0297,0.0429,0.192,0
Tue Jun 04 2024 20:00:00 GMT+0100 (British Summer Time),0.0297,0.0429,0.1929,140142.02953574015
Tue Jun 04 2024 21:00:00 GMT+0100 (British Summer Time),0.0297,0.0429,0.1927,34274.64439347132
Tue Jun 04 2024 22:00:00 GMT+0100 (British Summer Time),0.0297,0.0429,0.1948,454158.2407907685
Tue Jun 04 2024 23:00:00 GMT+0100 (British Summer Time),0.0297,0.0429,0.1948,0
Wed Jun 05 2024 00:00:00 GMT+0100 (British Summer Time),0.0297,0.0429,0.1945,312255.39675353584
Wed Jun 05 2024 01:00:00 GMT+0100 (British Summer Time),0.0297,0.0429,0.194,260346.61461155943
Wed Jun 05 2024 02:00:00 GMT+0100 (British Summer Time),0.0294,0.0429,0.1925,702916.9551643509
Wed Jun 05 2024 03:00:00 GMT+0100 (British Summer Time),0.0294,0.0429,0.2042,1946750.5589371868
Wed Jun 05 2024 04:00:00 GMT+0100 (British Summer Time),0.0293,0.0306,0.2123,1916002.4050184325
Wed Jun 05 2024 05:00:00 GMT+0100 (British Summer Time),0.0293,0.0306,0.2153,473212.26981466974
Wed Jun 05 2024 06:00:00 GMT+0100 (British Summer Time),0.0293,0.0306,0.2224,3159383.4398070816
Wed Jun 05 2024 07:00:00 GMT+0100 (British Summer Time),0.0293,0.0306,0.2224,0
Wed Jun 05 2024 08:00:00 GMT+0100 (British Summer Time),0.0293,0.0306,0.2218,141262.16711362067
Wed Jun 05 2024 09:00:00 GMT+0100 (British Summer Time),0.0293,0.0306,0.2214,107035.04417708248
Wed Jun 05 2024 10:00:00 GMT+0100 (British Summer Time),0.0293,0.0306,0.2215,10595.556635108718
Wed Jun 05 2024 11:00:00 GMT+0100 (British Summer Time),0.0293,0.0306,0.2187,436833.4789587737
Wed Jun 05 2024 12:00:00 GMT+0100 (British Summer Time),0.0293,0.0306,0.2223,568565.2845948924
Wed Jun 05 2024 13:00:00 GMT+0100 (British Summer Time),0.0299,0.0307,0.2119,1622047.191841539
Wed Jun 05 2024 14:00:00 GMT+0100 (British Summer Time),0.0299,0.0307,0.2119,0
Wed Jun 05 2024 15:00:00 GMT+0100 (British Summer Time),0.0299,0.0307,0.2119,3029.1071113768758
Wed Jun 05 2024 16:00:00 GMT+0100 (British Summer Time),0.0299,0.0307,0.212,269522.8341691063
Wed Jun 05 2024 17:00:00 GMT+0100 (British Summer Time),0.0299,0.0307,0.212,4624.086398113462
Wed Jun 05 2024 18:00:00 GMT+0100 (British Summer Time),0.0299,0.0307,0.212,4705.142760786971
Wed Jun 05 2024 19:00:00 GMT+0100 (British Summer Time),0.0299,0.0307,0.2119,718754.5764930695
Wed Jun 05 2024 20:00:00 GMT+0100 (British Summer Time),0.0299,0.0307,0.2119,0
Wed Jun 05 2024 21:00:00 GMT+0100 (British Summer Time),0.0299,0.0307,0.2096,357345.0702002855
Wed Jun 05 2024 22:00:00 GMT+0100 (British Summer Time),0.0299,0.0307,0.2096,0
Wed Jun 05 2024 23:00:00 GMT+0100 (British Summer Time),0.0299,0.0307,0.2096,0
Thu Jun 06 2024 00:00:00 GMT+0100 (British Summer Time),0.0299,0.0307,0.2096,0
Thu Jun 06 2024 01:00:00 GMT+0100 (British Summer Time),0.0299,0.0307,0.2096,0
Thu Jun 06 2024 02:00:00 GMT+0100 (British Summer Time),0.0299,0.0307,0.2096,0
Thu Jun 06 2024 03:00:00 GMT+0100 (British Summer Time),0.0299,0.0307,0.2096,0
Thu Jun 06 2024 04:00:00 GMT+0100 (British Summer Time),0.03,0.0307,0.2092,712106.6339813151
Thu Jun 06 2024 05:00:00 GMT+0100 (British Summer Time),0.03,0.0307,0.2118,408655.7112672892
Thu Jun 06 2024 06:00:00 GMT+0100 (British Summer Time),0.03,0.0307,0.2119,704916.0593997696
Thu Jun 06 2024 07:00:00 GMT+0100 (British Summer Time),0.0302,0.0307,0.2127,123638.91324911587
Thu Jun 06 2024 08:00:00 GMT+0100 (British Summer Time),0.0308,0.0308,0.2103,386685.0920361844
Thu Jun 06 2024 09:00:00 GMT+0100 (British Summer Time),0.0308,0.0308,0.2098,70134.50564859195
Thu Jun 06 2024 10:00:00 GMT+0100 (British Summer Time),0.0308,0.0308,0.2098,0
Thu Jun 06 2024 11:00:00 GMT+0100 (British Summer Time),0.0308,0.0308,0.2096,42695.04927336303
Thu Jun 06 2024 12:00:00 GMT+0100 (British Summer Time),0.0308,0.0308,0.2096,0
Thu Jun 06 2024 13:00:00 GMT+0100 (British Summer Time),0.0331,0.0311,0.2096,0
Thu Jun 06 2024 14:00:00 GMT+0100 (British Summer Time),0.0332,0.0311,0.2035,964360.3716185052
Thu Jun 06 2024 15:00:00 GMT+0100 (British Summer Time),0.0333,0.0311,0.2054,666031.7630092328
Thu Jun 06 2024 16:00:00 GMT+0100 (British Summer Time),0.0333,0.0311,0.1746,25909584.122519333
Thu Jun 06 2024 17:00:00 GMT+0100 (British Summer Time),0.0333,0.0311,0.2044,4556056.90086298
Thu Jun 06 2024 18:00:00 GMT+0100 (British Summer Time),0.0333,0.0311,0.2021,1181370.6943079664
Thu Jun 06 2024 19:00:00 GMT+0100 (British Summer Time),0.0333,0.0311,0.2021,0
Thu Jun 06 2024 20:00:00 GMT+0100 (British Summer Time),0.0333,0.0311,0.2021,0
Thu Jun 06 2024 21:00:00 GMT+0100 (British Summer Time),0.0333,0.0311,0.2021,0
Thu Jun 06 2024 22:00:00 GMT+0100 (British Summer Time),0.0333,0.0311,0.2015,129115.96579253527
Thu Jun 06 2024 23:00:00 GMT+0100 (British Summer Time),0.0333,0.0311,0.2016,11148.857159452755
Fri Jun 07 2024 00:00:00 GMT+0100 (British Summer Time),0.0333,0.0311,0.2016,4479.361080994009
Fri Jun 07 2024 01:00:00 GMT+0100 (British Summer Time),0.0335,0.0311,0.2018,24322.7095775344
Fri Jun 07 2024 02:00:00 GMT+0100 (British Summer Time),0.0335,0.0311,0.2001,347028.9400555189
Fri Jun 07 2024 03:00:00 GMT+0100 (British Summer Time),0.0335,0.0311,0.2008,1252320.3379506455
Fri Jun 07 2024 04:00:00 GMT+0100 (British Summer Time),0.0334,0.0311,0.1997,194374.1967748332
Fri Jun 07 2024 05:00:00 GMT+0100 (British Summer Time),0.0334,0.0309,0.1997,11148.183429945084
Fri Jun 07 2024 06:00:00 GMT+0100 (British Summer Time),0.0334,0.0309,0.2019,1494966.7076140374
Fri Jun 07 2024 07:00:00 GMT+0100 (British Summer Time),0.0336,0.0309,0.2019,0
Fri Jun 07 2024 08:00:00 GMT+0100 (British Summer Time),0.0336,0.031,0.2004,226076.9242989465
Fri Jun 07 2024 09:00:00 GMT+0100 (British Summer Time),0.0336,0.031,0.2006,22226.70361156838
Fri Jun 07 2024 10:00:00 GMT+0100 (British Summer Time),0.0336,0.031,0.2008,39658.96717584711
Fri Jun 07 2024 11:00:00 GMT+0100 (British Summer Time),0.0336,0.031,0.1979,567901.2808886018
Fri Jun 07 2024 12:00:00 GMT+0100 (British Summer Time),0.0338,0.031,0.191,1030688.8788144297
Fri Jun 07 2024 13:00:00 GMT+0100 (British Summer Time),0.0326,0.0311,0.1911,7237.3146377214725
Fri Jun 07 2024 14:00:00 GMT+0100 (British Summer Time),0.0325,0.0311,0.1772,2071534.9797626522
Fri Jun 07 2024 15:00:00 GMT+0100 (British Summer Time),0.0324,0.0311,0.1622,9280277.83652275
Fri Jun 07 2024 16:00:00 GMT+0100 (British Summer Time),0.0436,0.0327,0.1714,1315182.4377301226
Fri Jun 07 2024 17:00:00 GMT+0100 (British Summer Time),0.0436,0.0327,0.1713,5849.415565232812
Fri Jun 07 2024 18:00:00 GMT+0100 (British Summer Time),0.0436,0.0327,0.1713,0
Fri Jun 07 2024 19:00:00 GMT+0100 (British Summer Time),0.0436,0.0327,0.1713,0
Fri Jun 07 2024 20:00:00 GMT+0100 (British Summer Time),0.0436,0.0327,0.1713,119.96226291087952
Fri Jun 07 2024 21:00:00 GMT+0100 (British Summer Time),0.0436,0.0327,0.1713,0
Fri Jun 07 2024 22:00:00 GMT+0100 (British Summer Time),0.0436,0.0327,0.1714,7021.148576884752
Fri Jun 07 2024 23:00:00 GMT+0100 (British Summer Time),0.0436,0.0327,0.1715,109508.70459300312
Sat Jun 08 2024 00:00:00 GMT+0100 (British Summer Time),0.0436,0.0327,0.1733,475226.40574768477
Sat Jun 08 2024 01:00:00 GMT+0100 (British Summer Time),0.0434,0.0327,0.184,1485983.9311900574
Sat Jun 08 2024 02:00:00 GMT+0100 (British Summer Time),0.0434,0.0327,0.186,285655.6554502913
Sat Jun 08 2024 03:00:00 GMT+0100 (British Summer Time),0.0434,0.0327,0.1859,22126.853328415764
Sat Jun 08 2024 04:00:00 GMT+0100 (British Summer Time),0.0434,0.0327,0.1861,25971.050082969377
Sat Jun 08 2024 05:00:00 GMT+0100 (British Summer Time),0.0434,0.0327,0.1821,635884.1016922786
Sat Jun 08 2024 06:00:00 GMT+0100 (British Summer Time),0.0434,0.0325,0.1836,204177.89218687004
Sat Jun 08 2024 07:00:00 GMT+0100 (British Summer Time),0.0431,0.0326,0.1843,447406.0415058961
Sat Jun 08 2024 08:00:00 GMT+0100 (British Summer Time),0.0424,0.0326,0.1833,286770.876629459
Sat Jun 08 2024 09:00:00 GMT+0100 (British Summer Time),0.0424,0.0326,0.1824,341065.7658624893
Sat Jun 08 2024 10:00:00 GMT+0100 (British Summer Time),0.0424,0.0326,0.1824,202099.6140930988
Sat Jun 08 2024 11:00:00 GMT+0100 (British Summer Time),0.0424,0.0326,0.1804,471942.79718029697
Sat Jun 08 2024 12:00:00 GMT+0100 (British Summer Time),0.0422,0.0326,0.172,1192141.22416333
Sat Jun 08 2024 13:00:00 GMT+0100 (British Summer Time),0.0417,0.0328,0.1721,7755.532097309393
Sat Jun 08 2024 14:00:00 GMT+0100 (British Summer Time),0.0417,0.0328,0.1718,155405.62034379033
Sat Jun 08 2024 15:00:00 GMT+0100 (British Summer Time),0.0417,0.0328,0.172,51356.13039249247
Sat Jun 08 2024 16:00:00 GMT+0100 (British Summer Time),0.0305,0.0328,0.1724,60037.27252784349
Sat Jun 08 2024 17:00:00 GMT+0100 (British Summer Time),0.0312,0.0329,0.1736,158678.94442740118
Sat Jun 08 2024 18:00:00 GMT+0100 (British Summer Time),0.0312,0.0329,0.1794,2903011.977230243
Sat Jun 08 2024 19:00:00 GMT+0100 (British Summer Time),0.0312,0.0329,0.1784,135959.58035421473
Sat Jun 08 2024 20:00:00 GMT+0100 (British Summer Time),0.0312,0.0329,0.1787,44414.145257869954
Sat Jun 08 2024 21:00:00 GMT+0100 (British Summer Time),0.0312,0.0329,0.1788,8330.16780397454
Sat Jun 08 2024 22:00:00 GMT+0100 (British Summer Time),0.0312,0.0328,0.1787,11631.599850773664
Sat Jun 08 2024 23:00:00 GMT+0100 (British Summer Time),0.0312,0.0328,0.1787,11039.087677934167
Sun Jun 09 2024 00:00:00 GMT+0100 (British Summer Time),0.0312,0.0328,0.1791,394851.94999835826
Sun Jun 09 2024 01:00:00 GMT+0100 (British Summer Time),0.0312,0.0328,0.1815,644005.3663312264
Sun Jun 09 2024 02:00:00 GMT+0100 (British Summer Time),0.0312,0.0328,0.1796,290610.65533598844
Sun Jun 09 2024 03:00:00 GMT+0100 (British Summer Time),0.0312,0.0328,0.18,78097.89549047724
Sun Jun 09 2024 04:00:00 GMT+0100 (British Summer Time),0.0312,0.0328,0.1802,31678.416776629365
Sun Jun 09 2024 05:00:00 GMT+0100 (British Summer Time),0.0312,0.0328,0.1804,24324.61057882385
Sun Jun 09 2024 06:00:00 GMT+0100 (British Summer Time),0.0312,0.0328,0.1811,94453.97602483921
Sun Jun 09 2024 07:00:00 GMT+0100 (British Summer Time),0.0312,0.0328,0.181,22393.293363547535
Sun Jun 09 2024 08:00:00 GMT+0100 (British Summer Time),0.0312,0.0328,0.1819,898116.8497561988
Sun Jun 09 2024 09:00:00 GMT+0100 (British Summer Time),0.0312,0.0328,0.1732,1348383.7189100368
Sun Jun 09 2024 10:00:00 GMT+0100 (British Summer Time),0.0312,0.0328,0.17,664162.8753173405
Sun Jun 09 2024 11:00:00 GMT+0100 (British Summer Time),0.0312,0.0328,0.1672,421076.33898812253
Sun Jun 09 2024 12:00:00 GMT+0100 (British Summer Time),0.0312,0.0328,0.1692,263079.98453039525
Sun Jun 09 2024 13:00:00 GMT+0100 (British Summer Time),0.0286,0.0325,0.1693,24208.508334170412
Sun Jun 09 2024 14:00:00 GMT+0100 (British Summer Time),0.0286,0.0323,0.1701,103948.47216017706
Sun Jun 09 2024 15:00:00 GMT+0100 (British Summer Time),0.0286,0.0323,0.1717,299309.1413663841
Sun Jun 09 2024 16:00:00 GMT+0100 (British Summer Time),0.0286,0.0323,0.1717,0
Sun Jun 09 2024 17:00:00 GMT+0100 (British Summer Time),0.028,0.0323,0.1717,4853.489320042692
Sun Jun 09 2024 18:00:00 GMT+0100 (British Summer Time),0.028,0.0323,0.1716,18743.748793522605
Sun Jun 09 2024 19:00:00 GMT+0100 (British Summer Time),0.028,0.0323,0.1717,11707.813404355691
Sun Jun 09 2024 20:00:00 GMT+0100 (British Summer Time),0.028,0.0323,0.1717,0
Sun Jun 09 2024 21:00:00 GMT+0100 (British Summer Time),0.028,0.0323,0.1717,0
Sun Jun 09 2024 22:00:00 GMT+0100 (British Summer Time),0.028,0.0323,0.1717,0
Sun Jun 09 2024 23:00:00 GMT+0100 (British Summer Time),0.028,0.0323,0.172,55171.741497280076
Mon Jun 10 2024 00:00:00 GMT+0100 (British Summer Time),0.028,0.0323,0.1731,191337.07936679473
Mon Jun 10 2024 01:00:00 GMT+0100 (British Summer Time),0.028,0.0323,0.1731,5365.57329458788
Mon Jun 10 2024 02:00:00 GMT+0100 (British Summer Time),0.028,0.0323,0.1774,577208.7122478194
Mon Jun 10 2024 03:00:00 GMT+0100 (British Summer Time),0.028,0.0323,0.182,1920525.9400726133
Mon Jun 10 2024 04:00:00 GMT+0100 (British Summer Time),0.028,0.0323,0.1821,9903.402968691287
Mon Jun 10 2024 05:00:00 GMT+0100 (British Summer Time),0.028,0.0323,0.1889,1134720.0433671526
Mon Jun 10 2024 06:00:00 GMT+0100 (British Summer Time),0.028,0.0323,0.1909,395694.408553438
Mon Jun 10 2024 07:00:00 GMT+0100 (British Summer Time),0.0281,0.0323,0.1589,8325720.311451678
Mon Jun 10 2024 08:00:00 GMT+0100 (British Summer Time),0.0281,0.0323,0.159,717565.3340422588
Mon Jun 10 2024 09:00:00 GMT+0100 (British Summer Time),0.0281,0.0323,0.1578,1299314.1391631884
Mon Jun 10 2024 10:00:00 GMT+0100 (British Summer Time),0.0281,0.0323,0.1624,618555.9424557723
Mon Jun 10 2024 11:00:00 GMT+0100 (British Summer Time),0.0281,0.0323,0.164,210908.46999979566
Mon Jun 10 2024 12:00:00 GMT+0100 (British Summer Time),0.0281,0.0323,0.1617,547289.869247559
Mon Jun 10 2024 13:00:00 GMT+0100 (British Summer Time),0.0299,0.0322,0.1615,120677.50631764578
Mon Jun 10 2024 14:00:00 GMT+0100 (British Summer Time),0.0299,0.0322,0.1617,21522.282068046265
Mon Jun 10 2024 15:00:00 GMT+0100 (British Summer Time),0.0299,0.0322,0.1621,53632.25179114128
Mon Jun 10 2024 16:00:00 GMT+0100 (British Summer Time),0.03,0.0322,0.1621,0
Mon Jun 10 2024 17:00:00 GMT+0100 (British Summer Time),0.0302,0.0323,0.1652,420223.9755481331
Mon Jun 10 2024 18:00:00 GMT+0100 (British Summer Time),0.0302,0.0323,0.1652,0
Mon Jun 10 2024 19:00:00 GMT+0100 (British Summer Time),0.0302,0.0323,0.1652,0
Mon Jun 10 2024 20:00:00 GMT+0100 (British Summer Time),0.0302,0.0323,0.1677,416688.323967361
Mon Jun 10 2024 21:00:00 GMT+0100 (British Summer Time),0.0302,0.0323,0.1677,0
Mon Jun 10 2024 22:00:00 GMT+0100 (British Summer Time),0.0302,0.0323,0.1673,59418.38990038162
Mon Jun 10 2024 23:00:00 GMT+0100 (British Summer Time),0.0302,0.0322,0.1673,0
Tue Jun 11 2024 00:00:00 GMT+0100 (British Summer Time),0.0302,0.0322,0.1673,0
Tue Jun 11 2024 01:00:00 GMT+0100 (British Summer Time),0.0302,0.0322,0.1673,0
Tue Jun 11 2024 02:00:00 GMT+0100 (British Summer Time),0.0302,0.0322,0.167,36571.37685340578
Tue Jun 11 2024 03:00:00 GMT+0100 (British Summer Time),0.0302,0.0322,0.1699,386820.12595792545
Tue Jun 11 2024 04:00:00 GMT+0100 (British Summer Time),0.0302,0.0322,0.172,265633.0053145922
Tue Jun 11 2024 05:00:00 GMT+0100 (British Summer Time),0.0302,0.0322,0.1735,198918.35395151496
Tue Jun 11 2024 06:00:00 GMT+0100 (British Summer Time),0.0301,0.0322,0.173,577978.2826810882
Tue Jun 11 2024 07:00:00 GMT+0100 (British Summer Time),0.03,0.0322,0.1732,67410.54149167432
Tue Jun 11 2024 08:00:00 GMT+0100 (British Summer Time),0.03,0.0322,0.1732,0
Tue Jun 11 2024 09:00:00 GMT+0100 (British Summer Time),0.03,0.0322,0.1731,16606.75909171896
Tue Jun 11 2024 10:00:00 GMT+0100 (British Summer Time),0.03,0.0322,0.1734,39321.338487684094
Tue Jun 11 2024 11:00:00 GMT+0100 (British Summer Time),0.03,0.0322,0.1734,0
Tue Jun 11 2024 12:00:00 GMT+0100 (British Summer Time),0.03,0.0322,0.1734,229.46844654469712
Tue Jun 11 2024 13:00:00 GMT+0100 (British Summer Time),0.0331,0.0327,0.1734,144882.23078046108
Tue Jun 11 2024 14:00:00 GMT+0100 (British Summer Time),0.0331,0.0327,0.1754,119529.77944718102
Tue Jun 11 2024 15:00:00 GMT+0100 (British Summer Time),0.0331,0.0327,0.1699,801105.8309685267
Tue Jun 11 2024 16:00:00 GMT+0100 (British Summer Time),0.033,0.0327,0.1729,391555.70070433174
Tue Jun 11 2024 17:00:00 GMT+0100 (British Summer Time),0.0328,0.0327,0.1633,1503980.1184765701
Tue Jun 11 2024 18:00:00 GMT+0100 (British Summer Time),0.0328,0.0327,0.1633,0
Tue Jun 11 2024 19:00:00 GMT+0100 (British Summer Time),0.0328,0.0327,0.1633,0
Tue Jun 11 2024 20:00:00 GMT+0100 (British Summer Time),0.0328,0.0327,0.1638,148457.83724069194
Tue Jun 11 2024 21:00:00 GMT+0100 (British Summer Time),0.0328,0.0327,0.1638,0
Tue Jun 11 2024 22:00:00 GMT+0100 (British Summer Time),0.0328,0.0327,0.1638,0
Tue Jun 11 2024 23:00:00 GMT+0100 (British Summer Time),0.0328,0.0327,0.1639,26451.61893064755
Wed Jun 12 2024 00:00:00 GMT+0100 (British Summer Time),0.0328,0.0327,0.1662,280137.7903502733
Wed Jun 12 2024 01:00:00 GMT+0100 (British Summer Time),0.0328,0.0327,0.169,474228.11790609756
Wed Jun 12 2024 02:00:00 GMT+0100 (British Summer Time),0.0328,0.0327,0.1697,320673.1638725605
Wed Jun 12 2024 03:00:00 GMT+0100 (British Summer Time),0.0328,0.0327,0.1703,128839.30283996841
Wed Jun 12 2024 04:00:00 GMT+0100 (British Summer Time),0.0329,0.0327,0.1705,29639.669527212438
Wed Jun 12 2024 05:00:00 GMT+0100 (British Summer Time),0.0329,0.0327,0.1632,1462784.5083278115
Wed Jun 12 2024 06:00:00 GMT+0100 (British Summer Time),0.0329,0.0327,0.1646,366715.97772639483
Wed Jun 12 2024 07:00:00 GMT+0100 (British Summer Time),0.033,0.0327,0.1662,45039.011668581166
Wed Jun 12 2024 08:00:00 GMT+0100 (British Summer Time),0.033,0.0327,0.1698,614734.1590339192
Wed Jun 12 2024 09:00:00 GMT+0100 (British Summer Time),0.033,0.0327,0.1698,0
Wed Jun 12 2024 10:00:00 GMT+0100 (British Summer Time),0.033,0.0327,0.1716,470410.87474133103
Wed Jun 12 2024 11:00:00 GMT+0100 (British Summer Time),0.033,0.0327,0.1716,0
Wed Jun 12 2024 12:00:00 GMT+0100 (British Summer Time),0.033,0.0327,0.1716,0
Wed Jun 12 2024 13:00:00 GMT+0100 (British Summer Time),0.03,0.0327,0.1716,0
Wed Jun 12 2024 14:00:00 GMT+0100 (British Summer Time),0.03,0.0327,0.1716,0
Wed Jun 12 2024 15:00:00 GMT+0100 (British Summer Time),0.03,0.0327,0.1737,1442164.4179373146
Wed Jun 12 2024 16:00:00 GMT+0100 (British Summer Time),0.03,0.0327,0.1737,0
Wed Jun 12 2024 17:00:00 GMT+0100 (British Summer Time),0.03,0.0327,0.1727,128574.34530634072
Wed Jun 12 2024 18:00:00 GMT+0100 (British Summer Time),0.03,0.0327,0.1727,0
Wed Jun 12 2024 19:00:00 GMT+0100 (British Summer Time),0.03,0.0327,0.1727,0
Wed Jun 12 2024 20:00:00 GMT+0100 (British Summer Time),0.03,0.0327,0.1727,0
Wed Jun 12 2024 21:00:00 GMT+0100 (British Summer Time),0.03,0.0327,0.1727,0
Wed Jun 12 2024 22:00:00 GMT+0100 (British Summer Time),0.03,0.0327,0.1736,115590.97818173596
Wed Jun 12 2024 23:00:00 GMT+0100 (British Summer Time),0.03,0.0327,0.1736,1238.9008398162584
Thu Jun 13 2024 00:00:00 GMT+0100 (British Summer Time),0.03,0.0327,0.167,1999206.0133855431
Thu Jun 13 2024 01:00:00 GMT+0100 (British Summer Time),0.03,0.0327,0.1677,94732.25736347678
Thu Jun 13 2024 02:00:00 GMT+0100 (British Summer Time),0.03,0.0327,0.1677,2201.738056954864
Thu Jun 13 2024 03:00:00 GMT+0100 (British Summer Time),0.03,0.0327,0.1682,59004.84488256839
Thu Jun 13 2024 04:00:00 GMT+0100 (British Summer Time),0.03,0.0327,0.1682,0
Thu Jun 13 2024 05:00:00 GMT+0100 (British Summer Time),0.0302,0.0327,0.1682,0
Thu Jun 13 2024 06:00:00 GMT+0100 (British Summer Time),0.0302,0.0327,0.1682,0
Thu Jun 13 2024 07:00:00 GMT+0100 (British Summer Time),0.0301,0.0327,0.1681,18035.056548154404
Thu Jun 13 2024 08:00:00 GMT+0100 (British Summer Time),0.0301,0.0326,0.1693,157652.23884270605
Thu Jun 13 2024 09:00:00 GMT+0100 (British Summer Time),0.0301,0.0326,0.1741,612355.524888337
Thu Jun 13 2024 10:00:00 GMT+0100 (British Summer Time),0.0301,0.0326,0.1741,0
Thu Jun 13 2024 11:00:00 GMT+0100 (British Summer Time),0.0301,0.0326,0.1748,79297.54284223216
Thu Jun 13 2024 12:00:00 GMT+0100 (British Summer Time),0.0301,0.0326,0.1748,6958.054398994969
Thu Jun 13 2024 13:00:00 GMT+0100 (British Summer Time),0.0339,0.0328,0.1748,0
Thu Jun 13 2024 14:00:00 GMT+0100 (British Summer Time),0.034,0.0328,0.1748,0
Thu Jun 13 2024 15:00:00 GMT+0100 (British Summer Time),0.034,0.0328,0.175,30485.902534489756
Thu Jun 13 2024 16:00:00 GMT+0100 (British Summer Time),0.034,0.0328,0.1803,672694.6763597158
Thu Jun 13 2024 17:00:00 GMT+0100 (British Summer Time),0.034,0.0328,0.1797,108950.2922711122
Thu Jun 13 2024 18:00:00 GMT+0100 (British Summer Time),0.034,0.0328,0.1797,19959.774768363743
Thu Jun 13 2024 19:00:00 GMT+0100 (British Summer Time),0.034,0.0328,0.1836,693410.9355111051
Thu Jun 13 2024 20:00:00 GMT+0100 (British Summer Time),0.034,0.0328,0.1836,0
Thu Jun 13 2024 21:00:00 GMT+0100 (British Summer Time),0.034,0.0328,0.1836,0
Thu Jun 13 2024 22:00:00 GMT+0100 (British Summer Time),0.034,0.0328,0.1843,169748.99373139438
Thu Jun 13 2024 23:00:00 GMT+0100 (British Summer Time),0.034,0.0328,0.1835,10012.72075348784
Fri Jun 14 2024 00:00:00 GMT+0100 (British Summer Time),0.034,0.0328,0.1835,7393.951083274791
Fri Jun 14 2024 01:00:00 GMT+0100 (British Summer Time),0.034,0.0328,0.1839,43412.92880859396
Fri Jun 14 2024 02:00:00 GMT+0100 (British Summer Time),0.034,0.0328,0.1838,28669.145605458252
Fri Jun 14 2024 03:00:00 GMT+0100 (British Summer Time),0.0342,0.0328,0.1843,149802.99688642463
Fri Jun 14 2024 04:00:00 GMT+0100 (British Summer Time),0.0341,0.0328,0.1598,7063799.840963972
Fri Jun 14 2024 05:00:00 GMT+0100 (British Summer Time),0.0341,0.0328,0.1598,17241.642872635934
Fri Jun 14 2024 06:00:00 GMT+0100 (British Summer Time),0.034,0.0328,0.1601,18185.57679140175
Fri Jun 14 2024 07:00:00 GMT+0100 (British Summer Time),0.034,0.0328,0.1654,664306.3544581489
Fri Jun 14 2024 08:00:00 GMT+0100 (British Summer Time),0.034,0.0327,0.1637,329458.2233927297
Fri Jun 14 2024 09:00:00 GMT+0100 (British Summer Time),0.034,0.0327,0.1588,776147.8741690115
Fri Jun 14 2024 10:00:00 GMT+0100 (British Summer Time),0.034,0.0327,0.1591,42904.86505650323
Fri Jun 14 2024 11:00:00 GMT+0100 (British Summer Time),0.034,0.0327,0.158,183071.11893898022
Fri Jun 14 2024 12:00:00 GMT+0100 (British Summer Time),0.034,0.0326,0.16,251116.64134019663
Fri Jun 14 2024 13:00:00 GMT+0100 (British Summer Time),0.0285,0.0322,0.1603,41583.13074720427
Fri Jun 14 2024 14:00:00 GMT+0100 (British Summer Time),0.0283,0.0322,0.1615,148779.37786794777
Fri Jun 14 2024 15:00:00 GMT+0100 (British Summer Time),0.0283,0.0322,0.1618,26496.492571157465
Fri Jun 14 2024 16:00:00 GMT+0100 (British Summer Time),0.0283,0.0306,0.1621,42883.39790492927
Fri Jun 14 2024 17:00:00 GMT+0100 (British Summer Time),0.0283,0.0306,0.1621,0
Fri Jun 14 2024 18:00:00 GMT+0100 (British Summer Time),0.0283,0.0306,0.1621,0
Fri Jun 14 2024 19:00:00 GMT+0100 (British Summer Time),0.0283,0.0306,0.1628,79723.97667187388
Fri Jun 14 2024 20:00:00 GMT+0100 (British Summer Time),0.0283,0.0306,0.163,51067.37087783729
Fri Jun 14 2024 21:00:00 GMT+0100 (British Summer Time),0.0283,0.0306,0.1632,0
Fri Jun 14 2024 22:00:00 GMT+0100 (British Summer Time),0.0283,0.0306,0.1637,66914.21946841384
Fri Jun 14 2024 23:00:00 GMT+0100 (British Summer Time),0.0283,0.0306,0.164,35550.80573196273
Sat Jun 15 2024 00:00:00 GMT+0100 (British Summer Time),0.0283,0.0306,0.165,124766.16005523331
Sat Jun 15 2024 01:00:00 GMT+0100 (British Summer Time),0.0283,0.0306,0.165,6.390277119096432
Sat Jun 15 2024 02:00:00 GMT+0100 (British Summer Time),0.0283,0.0306,0.1667,205795.15206494083
Sat Jun 15 2024 03:00:00 GMT+0100 (British Summer Time),0.0282,0.0306,0.1676,634352.1917005636
Sat Jun 15 2024 04:00:00 GMT+0100 (British Summer Time),0.0282,0.0306,0.1719,39176.8816647655
Sat Jun 15 2024 05:00:00 GMT+0100 (British Summer Time),0.0283,0.0307,0.172,6711.002715807065
Sat Jun 15 2024 06:00:00 GMT+0100 (British Summer Time),0.0283,0.0307,0.172,33.56867479552601
Sat Jun 15 2024 07:00:00 GMT+0100 (British Summer Time),0.0283,0.0307,0.1771,661707.8009692248
Sat Jun 15 2024 08:00:00 GMT+0100 (British Summer Time),0.0283,0.0307,0.1779,98077.25837032711
Sat Jun 15 2024 09:00:00 GMT+0100 (British Summer Time),0.0283,0.0307,0.1795,455827.66905246343
Sat Jun 15 2024 10:00:00 GMT+0100 (British Summer Time),0.0283,0.0307,0.1797,46586.85806846308
Sat Jun 15 2024 11:00:00 GMT+0100 (British Summer Time),0.0283,0.0307,0.1798,7784.4438132892665
Sat Jun 15 2024 12:00:00 GMT+0100 (British Summer Time),0.0283,0.0307,0.1804,76247.6795161749
Sat Jun 15 2024 13:00:00 GMT+0100 (British Summer Time),0.0286,0.0304,0.1805,42359.32391099316
Sat Jun 15 2024 14:00:00 GMT+0100 (British Summer Time),0.0287,0.0304,0.1809,49482.088841271456
Sat Jun 15 2024 15:00:00 GMT+0100 (British Summer Time),0.0287,0.0304,0.1857,826114.0692268203
Sat Jun 15 2024 16:00:00 GMT+0100 (British Summer Time),0.0287,0.0304,0.188,434678.68571261805
Sat Jun 15 2024 17:00:00 GMT+0100 (British Summer Time),0.0287,0.0303,0.188,21038.700751038203
Sat Jun 15 2024 18:00:00 GMT+0100 (British Summer Time),0.0288,0.0303,0.1889,664338.2465372878
Sat Jun 15 2024 19:00:00 GMT+0100 (British Summer Time),0.0287,0.0303,0.1892,49709.3688541942
Sat Jun 15 2024 20:00:00 GMT+0100 (British Summer Time),0.0288,0.0303,0.1886,93437.03682695125
Sat Jun 15 2024 21:00:00 GMT+0100 (British Summer Time),0.0288,0.0303,0.1886,5156.274295681122
Sat Jun 15 2024 22:00:00 GMT+0100 (British Summer Time),0.029,0.0303,0.1885,18490.547666233266
Sat Jun 15 2024 23:00:00 GMT+0100 (British Summer Time),0.029,0.0303,0.1896,167626.85759029386
Sun Jun 16 2024 00:00:00 GMT+0100 (British Summer Time),0.029,0.0303,0.1903,118249.26938801011
Sun Jun 16 2024 01:00:00 GMT+0100 (British Summer Time),0.029,0.0303,0.1905,76398.97709198325
Sun Jun 16 2024 02:00:00 GMT+0100 (British Summer Time),0.029,0.0303,0.193,333506.77218634525
Sun Jun 16 2024 03:00:00 GMT+0100 (British Summer Time),0.029,0.0303,0.1933,34126.37824978855
Sun Jun 16 2024 04:00:00 GMT+0100 (British Summer Time),0.029,0.0303,0.1952,735335.9364195059
Sun Jun 16 2024 05:00:00 GMT+0100 (British Summer Time),0.029,0.0303,0.1941,0
Sun Jun 16 2024 06:00:00 GMT+0100 (British Summer Time),0.0289,0.0303,0.1959,508496.9233014077
Sun Jun 16 2024 07:00:00 GMT+0100 (British Summer Time),0.0289,0.0303,0.1949,327862.9349836504
Sun Jun 16 2024 08:00:00 GMT+0100 (British Summer Time),0.0289,0.0303,0.1952,27799.460501944097
Sun Jun 16 2024 09:00:00 GMT+0100 (British Summer Time),0.029,0.0303,0.1958,77151.82622326694
Sun Jun 16 2024 10:00:00 GMT+0100 (British Summer Time),0.0291,0.0304,0.1961,383804.4257105158
Sun Jun 16 2024 11:00:00 GMT+0100 (British Summer Time),0.0291,0.0304,0.1967,82790.62386021017
Sun Jun 16 2024 12:00:00 GMT+0100 (British Summer Time),0.0291,0.0304,0.1953,292992.6981531461
Sun Jun 16 2024 13:00:00 GMT+0100 (British Summer Time),0.0244,0.0297,0.196,450153.3917072435
Sun Jun 16 2024 14:00:00 GMT+0100 (British Summer Time),0.0243,0.0297,0.1962,25816.185970257615
Sun Jun 16 2024 15:00:00 GMT+0100 (British Summer Time),0.0243,0.0297,0.1962,0
Sun Jun 16 2024 16:00:00 GMT+0100 (British Summer Time),0.0243,0.0297,0.1965,41738.1680505168
Sun Jun 16 2024 17:00:00 GMT+0100 (British Summer Time),0.0243,0.0297,0.1968,76308.99641436631
Sun Jun 16 2024 18:00:00 GMT+0100 (British Summer Time),0.0241,0.0297,0.1963,69403.48549720984
Sun Jun 16 2024 19:00:00 GMT+0100 (British Summer Time),0.0241,0.0297,0.1975,369302.15145385684
Sun Jun 16 2024 20:00:00 GMT+0100 (British Summer Time),0.0241,0.0297,0.1993,3316138.3257339047
Sun Jun 16 2024 21:00:00 GMT+0100 (British Summer Time),0.0241,0.0297,0.1993,46305.36662965039
Sun Jun 16 2024 22:00:00 GMT+0100 (British Summer Time),0.0238,0.0297,0.1993,169837.23355565456
Sun Jun 16 2024 23:00:00 GMT+0100 (British Summer Time),0.0238,0.0297,0.1993,10767.443669387181
Mon Jun 17 2024 00:00:00 GMT+0100 (British Summer Time),0.0238,0.0297,0.1994,369722.4458826757
Mon Jun 17 2024 01:00:00 GMT+0100 (British Summer Time),0.0238,0.0297,0.1969,42560.9098270126
Mon Jun 17 2024 02:00:00 GMT+0100 (British Summer Time),0.0239,0.0298,0.1969,3869.2692274661676
Mon Jun 17 2024 03:00:00 GMT+0100 (British Summer Time),0.0239,0.0298,0.197,28223.855206767832
Mon Jun 17 2024 04:00:00 GMT+0100 (British Summer Time),0.0239,0.0298,0.1971,0
Mon Jun 17 2024 05:00:00 GMT+0100 (British Summer Time),0.0239,0.0298,0.1969,245178.26003532932
Mon Jun 17 2024 06:00:00 GMT+0100 (British Summer Time),0.0239,0.0297,0.1969,30244.38194440876
Mon Jun 17 2024 07:00:00 GMT+0100 (British Summer Time),0.0239,0.0297,0.1971,0
Mon Jun 17 2024 08:00:00 GMT+0100 (British Summer Time),0.0239,0.0297,0.1969,66768.74413208808
Mon Jun 17 2024 09:00:00 GMT+0100 (British Summer Time),0.0239,0.0297,0.1969,3129.206236955795
Mon Jun 17 2024 10:00:00 GMT+0100 (British Summer Time),0.0238,0.0297,0.197,11505.087836316194
Mon Jun 17 2024 11:00:00 GMT+0100 (British Summer Time),0.0239,0.0298,0.1891,1041458.947869149
Mon Jun 17 2024 12:00:00 GMT+0100 (British Summer Time),0.0239,0.0298,0.1805,1127137.4515336847
Mon Jun 17 2024 13:00:00 GMT+0100 (British Summer Time),0.0239,0.0289,0.1805,2722.3417483356066
Mon Jun 17 2024 14:00:00 GMT+0100 (British Summer Time),0.0239,0.0289,0.1805,236.6485044255392
Mon Jun 17 2024 15:00:00 GMT+0100 (British Summer Time),0.024,0.0289,0.1809,48414.97225319779
Mon Jun 17 2024 16:00:00 GMT+0100 (British Summer Time),0.0241,0.0289,0.1814,60369.08078801492
Mon Jun 17 2024 17:00:00 GMT+0100 (British Summer Time),0.0241,0.0289,0.1817,39276.456319582794
Mon Jun 17 2024 18:00:00 GMT+0100 (British Summer Time),0.0241,0.0289,0.1817,0
Mon Jun 17 2024 19:00:00 GMT+0100 (British Summer Time),0.0241,0.0289,0.1819,24769.813936945367
Mon Jun 17 2024 20:00:00 GMT+0100 (British Summer Time),0.0241,0.0289,0.1826,97419.45396867397
Mon Jun 17 2024 21:00:00 GMT+0100 (British Summer Time),0.0241,0.0289,0.1819,94583.3251093308
Mon Jun 17 2024 22:00:00 GMT+0100 (British Summer Time),0.0241,0.0289,0.182,6665.041454186256
Mon Jun 17 2024 23:00:00 GMT+0100 (British Summer Time),0.0241,0.0289,0.1823,43454.72303250703
Tue Jun 18 2024 00:00:00 GMT+0100 (British Summer Time),0.0241,0.0289,0.1885,818392.255528151
Tue Jun 18 2024 01:00:00 GMT+0100 (British Summer Time),0.0243,0.0289,0.1888,36235.092619858005
Tue Jun 18 2024 02:00:00 GMT+0100 (British Summer Time),0.0242,0.0289,0.1888,0
Tue Jun 18 2024 03:00:00 GMT+0100 (British Summer Time),0.0243,0.0289,0.1888,0
Tue Jun 18 2024 04:00:00 GMT+0100 (British Summer Time),0.0243,0.0289,0.1747,1792876.710988751
Tue Jun 18 2024 05:00:00 GMT+0100 (British Summer Time),0.0243,0.0289,0.1732,183218.4342288021
Tue Jun 18 2024 06:00:00 GMT+0100 (British Summer Time),0.0243,0.0289,0.1732,36353.73326787687
Tue Jun 18 2024 07:00:00 GMT+0100 (British Summer Time),0.0243,0.0289,0.1732,0
Tue Jun 18 2024 08:00:00 GMT+0100 (British Summer Time),0.0242,0.0289,0.1732,0
Tue Jun 18 2024 09:00:00 GMT+0100 (British Summer Time),0.0243,0.0289,0.174,100116.11377176805
Tue Jun 18 2024 10:00:00 GMT+0100 (British Summer Time),0.0243,0.0289,0.1743,35175.99398678359
Tue Jun 18 2024 11:00:00 GMT+0100 (British Summer Time),0.0241,0.0289,0.1641,1471559.364556494
Tue Jun 18 2024 12:00:00 GMT+0100 (British Summer Time),0.0241,0.0289,0.1497,2432104.442756768
Tue Jun 18 2024 13:00:00 GMT+0100 (British Summer Time),0.0262,0.0279,0.1501,859665.2879755046
Tue Jun 18 2024 14:00:00 GMT+0100 (British Summer Time),0.0262,0.0279,0.1435,1511932.8817874116
Tue Jun 18 2024 15:00:00 GMT+0100 (British Summer Time),0.0262,0.0279,0.1435,0
Tue Jun 18 2024 16:00:00 GMT+0100 (British Summer Time),0.0261,0.0279,0.1436,12050.035706885676
Tue Jun 18 2024 17:00:00 GMT+0100 (British Summer Time),0.0261,0.0279,0.147,788768.2865140438
Tue Jun 18 2024 18:00:00 GMT+0100 (British Summer Time),0.0261,0.0279,0.1544,529022.2237382259
Tue Jun 18 2024 19:00:00 GMT+0100 (British Summer Time),0.0261,0.0279,0.1547,35327.13681043867
Tue Jun 18 2024 20:00:00 GMT+0100 (British Summer Time),0.0261,0.0279,0.1547,0
Tue Jun 18 2024 21:00:00 GMT+0100 (British Summer Time),0.0261,0.0279,0.1547,70517.07311051548
Tue Jun 18 2024 22:00:00 GMT+0100 (British Summer Time),0.0261,0.0279,0.1554,0
Tue Jun 18 2024 23:00:00 GMT+0100 (British Summer Time),0.026,0.0279,0.1589,628808.8594808921
Wed Jun 19 2024 00:00:00 GMT+0100 (British Summer Time),0.0262,0.0279,0.1635,528380.228466078
Wed Jun 19 2024 01:00:00 GMT+0100 (British Summer Time),0.0261,0.0279,0.1618,427879.44072683115
Wed Jun 19 2024 02:00:00 GMT+0100 (British Summer Time),0.0261,0.0279,0.1626,256125.78457275225
Wed Jun 19 2024 03:00:00 GMT+0100 (British Summer Time),0.0261,0.028,0.1631,61041.58922248028
Wed Jun 19 2024 04:00:00 GMT+0100 (British Summer Time),0.0261,0.0279,0.1634,33180.729921358565
Wed Jun 19 2024 05:00:00 GMT+0100 (British Summer Time),0.0261,0.0279,0.162,208482.1206885758
Wed Jun 19 2024 06:00:00 GMT+0100 (British Summer Time),0.0261,0.0279,0.1634,116825.36245457892
Wed Jun 19 2024 07:00:00 GMT+0100 (British Summer Time),0.0263,0.028,0.1625,526156.4893023235
Wed Jun 19 2024 08:00:00 GMT+0100 (British Summer Time),0.0263,0.028,0.1631,76395.57374350484
Wed Jun 19 2024 09:00:00 GMT+0100 (British Summer Time),0.0262,0.028,0.1631,0
Wed Jun 19 2024 10:00:00 GMT+0100 (British Summer Time),0.0273,0.0281,0.1631,0
Wed Jun 19 2024 11:00:00 GMT+0100 (British Summer Time),0.0273,0.0281,0.1627,98473.12252350313
Wed Jun 19 2024 12:00:00 GMT+0100 (British Summer Time),0.0273,0.0281,0.1615,503543.3035307385
Wed Jun 19 2024 13:00:00 GMT+0100 (British Summer Time),0.0257,0.0273,0.1615,0
Wed Jun 19 2024 14:00:00 GMT+0100 (British Summer Time),0.0257,0.0273,0.1615,0
Wed Jun 19 2024 15:00:00 GMT+0100 (British Summer Time),0.0256,0.0273,0.1615,1196.5016170706142
Wed Jun 19 2024 16:00:00 GMT+0100 (British Summer Time),0.0256,0.0273,0.1626,120117.76572535229
Wed Jun 19 2024 17:00:00 GMT+0100 (British Summer Time),0.0256,0.0273,0.1624,19718.567223614195
Wed Jun 19 2024 18:00:00 GMT+0100 (British Summer Time),0.0256,0.0273,0.1623,86091.03484160233
Wed Jun 19 2024 19:00:00 GMT+0100 (British Summer Time),0.0256,0.0273,0.1623,0
Wed Jun 19 2024 20:00:00 GMT+0100 (British Summer Time),0.0256,0.0273,0.1623,1455.9672677823125
Wed Jun 19 2024 21:00:00 GMT+0100 (British Summer Time),0.0256,0.0273,0.1625,22188.099985704157
Wed Jun 19 2024 22:00:00 GMT+0100 (British Summer Time),0.0256,0.0273,0.1625,7366.003857976473
Wed Jun 19 2024 23:00:00 GMT+0100 (British Summer Time),0.0256,0.0273,0.1652,335088.70540109405
Thu Jun 20 2024 00:00:00 GMT+0100 (British Summer Time),0.0254,0.0273,0.1663,101761.251434798
Thu Jun 20 2024 01:00:00 GMT+0100 (British Summer Time),0.0254,0.0273,0.1664,15639.675779800207
Thu Jun 20 2024 02:00:00 GMT+0100 (British Summer Time),0.0254,0.0273,0.1665,10116.110917922702
Thu Jun 20 2024 03:00:00 GMT+0100 (British Summer Time),0.0253,0.0273,0.1679,451773.1908456359
Thu Jun 20 2024 04:00:00 GMT+0100 (British Summer Time),0.0256,0.0273,0.1683,45981.498524269555
Thu Jun 20 2024 05:00:00 GMT+0100 (British Summer Time),0.0256,0.0273,0.1868,2295749.394044361
Thu Jun 20 2024 06:00:00 GMT+0100 (British Summer Time),0.0256,0.0273,0.1878,126538.65410581228
Thu Jun 20 2024 07:00:00 GMT+0100 (British Summer Time),0.0256,0.0273,0.1908,362877.8856977648
Thu Jun 20 2024 08:00:00 GMT+0100 (British Summer Time),0.0255,0.0273,0.1838,1718237.5550059348
Thu Jun 20 2024 09:00:00 GMT+0100 (British Summer Time),0.0255,0.0273,0.1839,577836.0187097762
Thu Jun 20 2024 10:00:00 GMT+0100 (British Summer Time),0.0244,0.0273,0.184,10412.746063571989
Thu Jun 20 2024 11:00:00 GMT+0100 (British Summer Time),0.0244,0.0273,0.184,4005.3002178117654
Thu Jun 20 2024 12:00:00 GMT+0100 (British Summer Time),0.0244,0.0273,0.1839,32543.017869152267
Thu Jun 20 2024 13:00:00 GMT+0100 (British Summer Time),0.0251,0.026,0.1841,15608.106555772923
Thu Jun 20 2024 14:00:00 GMT+0100 (British Summer Time),0.0251,0.026,0.1853,2096106.6807773847
Thu Jun 20 2024 15:00:00 GMT+0100 (British Summer Time),0.0251,0.026,0.1859,81630.8276744706
Thu Jun 20 2024 16:00:00 GMT+0100 (British Summer Time),0.0251,0.026,0.1824,1689935.3349481197
Thu Jun 20 2024 17:00:00 GMT+0100 (British Summer Time),0.0251,0.026,0.1817,185785.10549469566
Thu Jun 20 2024 18:00:00 GMT+0100 (British Summer Time),0.0255,0.0261,0.1817,0
Thu Jun 20 2024 19:00:00 GMT+0100 (British Summer Time),0.0255,0.0261,0.1817,0
Thu Jun 20 2024 20:00:00 GMT+0100 (British Summer Time),0.0255,0.0261,0.1895,1258582.8070814495
Thu Jun 20 2024 21:00:00 GMT+0100 (British Summer Time),0.0255,0.0261,0.1895,0
Thu Jun 20 2024 22:00:00 GMT+0100 (British Summer Time),0.0255,0.0261,0.1898,40948.978547274324
Thu Jun 20 2024 23:00:00 GMT+0100 (British Summer Time),0.0255,0.0261,0.1898,8.949148615995721
Fri Jun 21 2024 00:00:00 GMT+0100 (British Summer Time),0.0255,0.0261,0.1898,0
Fri Jun 21 2024 01:00:00 GMT+0100 (British Summer Time),0.0255,0.0261,0.1805,1148003.7181375069
Fri Jun 21 2024 02:00:00 GMT+0100 (British Summer Time),0.0255,0.0261,0.182,180581.96554415327
Fri Jun 21 2024 03:00:00 GMT+0100 (British Summer Time),0.0255,0.026,0.1831,163586.58212049436
Fri Jun 21 2024 04:00:00 GMT+0100 (British Summer Time),0.0256,0.0261,0.183,19102.866398616723
Fri Jun 21 2024 05:00:00 GMT+0100 (British Summer Time),0.0258,0.0261,0.1771,887889.4763071903
Fri Jun 21 2024 06:00:00 GMT+0100 (British Summer Time),0.0258,0.0261,0.1778,78601.57311733157
Fri Jun 21 2024 07:00:00 GMT+0100 (British Summer Time),0.0257,0.0261,0.1788,480595.60125660896
Fri Jun 21 2024 08:00:00 GMT+0100 (British Summer Time),0.026,0.0262,0.1819,0
Fri Jun 21 2024 09:00:00 GMT+0100 (British Summer Time),0.026,0.0262,0.1865,534988.7313343473
Fri Jun 21 2024 10:00:00 GMT+0100 (British Summer Time),0.026,0.0262,0.188,206023.74413557106
Fri Jun 21 2024 11:00:00 GMT+0100 (British Summer Time),0.026,0.0262,0.1887,122304.50790473839
Fri Jun 21 2024 12:00:00 GMT+0100 (British Summer Time),0.026,0.0262,0.1906,310249.20412198873
Fri Jun 21 2024 13:00:00 GMT+0100 (British Summer Time),0.0251,0.0256,0.1874,423062.7278215479
Fri Jun 21 2024 14:00:00 GMT+0100 (British Summer Time),0.0251,0.0256,0.1874,445167.8122447987
Fri Jun 21 2024 15:00:00 GMT+0100 (British Summer Time),0.0251,0.0256,0.184,43964.944717330865
Fri Jun 21 2024 16:00:00 GMT+0100 (British Summer Time),0.0251,0.0256,0.1797,888705.1349290723
Fri Jun 21 2024 17:00:00 GMT+0100 (British Summer Time),0.0251,0.0256,0.1797,0
Fri Jun 21 2024 18:00:00 GMT+0100 (British Summer Time),0.0249,0.0256,0.1797,443.94534379585747
Fri Jun 21 2024 19:00:00 GMT+0100 (British Summer Time),0.0249,0.0256,0.1797,140343.1790255161
Fri Jun 21 2024 20:00:00 GMT+0100 (British Summer Time),0.0249,0.0256,0.1741,898816.0015511219
Fri Jun 21 2024 21:00:00 GMT+0100 (British Summer Time),0.0249,0.0256,0.1747,69295.71113523227
Fri Jun 21 2024 22:00:00 GMT+0100 (British Summer Time),0.025,0.0256,0.175,36556.05130548646
Fri Jun 21 2024 23:00:00 GMT+0100 (British Summer Time),0.025,0.0256,0.1748,96178.77747597569
Sat Jun 22 2024 00:00:00 GMT+0100 (British Summer Time),0.025,0.0256,0.1748,2120.8821484659097
Sat Jun 22 2024 01:00:00 GMT+0100 (British Summer Time),0.025,0.0256,0.1737,156492.54393625504
Sat Jun 22 2024 02:00:00 GMT+0100 (British Summer Time),0.025,0.0256,0.1717,342716.81910576747
Sat Jun 22 2024 03:00:00 GMT+0100 (British Summer Time),0.025,0.0256,0.1812,1369369.635014865
Sat Jun 22 2024 04:00:00 GMT+0100 (British Summer Time),0.0246,0.0256,0.1865,342833.3314628023
Sat Jun 22 2024 05:00:00 GMT+0100 (British Summer Time),0.0246,0.0256,0.1869,58708.10722561304
Sat Jun 22 2024 06:00:00 GMT+0100 (British Summer Time),0.0246,0.0256,0.1876,92335.61917849584
Sat Jun 22 2024 07:00:00 GMT+0100 (British Summer Time),0.0246,0.0256,0.1872,49227.21706277704
Sat Jun 22 2024 08:00:00 GMT+0100 (British Summer Time),0.0243,0.0256,0.1874,707515.3408690549
Sat Jun 22 2024 09:00:00 GMT+0100 (British Summer Time),0.0243,0.0256,0.1881,214835.28876613016
Sat Jun 22 2024 10:00:00 GMT+0100 (British Summer Time),0.0243,0.0256,0.1877,51478.081038571014
Sat Jun 22 2024 11:00:00 GMT+0100 (British Summer Time),0.0244,0.0256,0.1877,238.174953202474
Sat Jun 22 2024 12:00:00 GMT+0100 (British Summer Time),0.0245,0.0256,0.1878,34223.77670609611
Sat Jun 22 2024 13:00:00 GMT+0100 (British Summer Time),0.0237,0.0249,0.1879,47940.00766038508
Sat Jun 22 2024 14:00:00 GMT+0100 (British Summer Time),0.0237,0.0248,0.1885,70324.13040246596
Sat Jun 22 2024 15:00:00 GMT+0100 (British Summer Time),0.0238,0.0249,0.1892,267161.3250364071
Sat Jun 22 2024 16:00:00 GMT+0100 (British Summer Time),0.0238,0.0249,0.1909,231091.89074292209
Sat Jun 22 2024 17:00:00 GMT+0100 (British Summer Time),0.0238,0.0249,0.1906,501806.4965375544
Sat Jun 22 2024 18:00:00 GMT+0100 (British Summer Time),0.0238,0.0249,0.1918,142945.56889500478
Sat Jun 22 2024 19:00:00 GMT+0100 (British Summer Time),0.0246,0.025,0.1951,388335.1112472269
Sat Jun 22 2024 20:00:00 GMT+0100 (British Summer Time),0.0246,0.025,0.1962,385512.5054743619
Sat Jun 22 2024 21:00:00 GMT+0100 (British Summer Time),0.0246,0.025,0.1984,338718.4923970511
Sat Jun 22 2024 22:00:00 GMT+0100 (British Summer Time),0.0246,0.025,0.1994,179236.2567311102
Sat Jun 22 2024 23:00:00 GMT+0100 (British Summer Time),0.0246,0.025,0.2002,25505.325321841894
Sun Jun 23 2024 00:00:00 GMT+0100 (British Summer Time),0.0246,0.025,0.2009,87399.5844215525
Sun Jun 23 2024 01:00:00 GMT+0100 (British Summer Time),0.0246,0.025,0.2011,28143.833699469844
Sun Jun 23 2024 02:00:00 GMT+0100 (British Summer Time),0.0248,0.025,0.202,126294.0206032891
Sun Jun 23 2024 03:00:00 GMT+0100 (British Summer Time),0.0248,0.025,0.2022,0
Sun Jun 23 2024 04:00:00 GMT+0100 (British Summer Time),0.0247,0.025,0.2043,389364.47129974636
Sun Jun 23 2024 05:00:00 GMT+0100 (British Summer Time),0.0246,0.025,0.2045,65275.956997163914
Sun Jun 23 2024 06:00:00 GMT+0100 (British Summer Time),0.0247,0.025,0.2029,214172.23556372334
Sun Jun 23 2024 07:00:00 GMT+0100 (British Summer Time),0.0248,0.025,0.2031,27582.040847449687
Sun Jun 23 2024 08:00:00 GMT+0100 (British Summer Time),0.0248,0.025,0.2019,210467.88584213384
Sun Jun 23 2024 09:00:00 GMT+0100 (British Summer Time),0.0248,0.025,0.2027,94229.66896592906
Sun Jun 23 2024 10:00:00 GMT+0100 (British Summer Time),0.0248,0.025,0.2055,422256.5961361704
Sun Jun 23 2024 11:00:00 GMT+0100 (British Summer Time),0.025,0.025,0.2062,124052.06844584653
Sun Jun 23 2024 12:00:00 GMT+0100 (British Summer Time),0.025,0.025,0.204,4637272.348874094
Sun Jun 23 2024 13:00:00 GMT+0100 (British Summer Time),0.0255,0.025,0.1968,1174291.8493407138
Sun Jun 23 2024 14:00:00 GMT+0100 (British Summer Time),0.0261,0.0251,0.1968,25948.26029603564
Sun Jun 23 2024 15:00:00 GMT+0100 (British Summer Time),0.026,0.0251,0.1971,54771.95473542115
Sun Jun 23 2024 16:00:00 GMT+0100 (British Summer Time),0.026,0.0251,0.1971,0
Sun Jun 23 2024 17:00:00 GMT+0100 (British Summer Time),0.026,0.0251,0.1972,13812.687030418023
Sun Jun 23 2024 18:00:00 GMT+0100 (British Summer Time),0.0259,0.0251,0.1976,51550.54469698912
Sun Jun 23 2024 19:00:00 GMT+0100 (British Summer Time),0.0254,0.0252,0.1985,108927.85967027664
Sun Jun 23 2024 20:00:00 GMT+0100 (British Summer Time),0.0256,0.0252,0.2001,2292963.586579055
Sun Jun 23 2024 21:00:00 GMT+0100 (British Summer Time),0.0257,0.0252,0.2001,2288.506721803028
Sun Jun 23 2024 22:00:00 GMT+0100 (British Summer Time),0.0261,0.0253,0.2,93610.7762458613
Sun Jun 23 2024 23:00:00 GMT+0100 (British Summer Time),0.0261,0.0253,0.2002,69374.41032930405
Mon Jun 24 2024 00:00:00 GMT+0100 (British Summer Time),0.0263,0.0253,0.2004,18115.697829393797
Mon Jun 24 2024 01:00:00 GMT+0100 (British Summer Time),0.0263,0.0253,0.1998,203977.7655751668
Mon Jun 24 2024 02:00:00 GMT+0100 (British Summer Time),0.0262,0.0253,0.1993,105551.87072178011
Mon Jun 24 2024 03:00:00 GMT+0100 (British Summer Time),0.0263,0.0253,0.2007,156271.30883280188
Mon Jun 24 2024 04:00:00 GMT+0100 (British Summer Time),0.0263,0.0253,0.2011,49852.647638016366
Mon Jun 24 2024 05:00:00 GMT+0100 (British Summer Time),0.0262,0.0253,0.198,646474.8602679363
Mon Jun 24 2024 06:00:00 GMT+0100 (British Summer Time),0.0262,0.0253,0.1984,516148.8473753836
Mon Jun 24 2024 07:00:00 GMT+0100 (British Summer Time),0.0261,0.0253,0.1971,173296.8913642154
Mon Jun 24 2024 08:00:00 GMT+0100 (British Summer Time),0.0261,0.0253,0.1969,21617.333367584113
Mon Jun 24 2024 09:00:00 GMT+0100 (British Summer Time),0.0261,0.0253,0.1866,1154357.2380276127
Mon Jun 24 2024 10:00:00 GMT+0100 (British Summer Time),0.0262,0.0253,0.1879,141385.64605800927
Mon Jun 24 2024 11:00:00 GMT+0100 (British Summer Time),0.026,0.0253,0.1879,0
Mon Jun 24 2024 12:00:00 GMT+0100 (British Summer Time),0.026,0.0253,0.1879,0
Mon Jun 24 2024 13:00:00 GMT+0100 (British Summer Time),0.0266,0.0254,0.1899,217902.35061723427
Mon Jun 24 2024 14:00:00 GMT+0100 (British Summer Time),0.0259,0.0254,0.1901,27524.4168925286
Mon Jun 24 2024 15:00:00 GMT+0100 (British Summer Time),0.026,0.0254,0.1901,0
Mon Jun 24 2024 16:00:00 GMT+0100 (British Summer Time),0.0261,0.0254,0.1904,29178.827270480888
Mon Jun 24 2024 17:00:00 GMT+0100 (British Summer Time),0.0263,0.0254,0.1904,0
Mon Jun 24 2024 18:00:00 GMT+0100 (British Summer Time),0.0262,0.0254,0.1905,4940.651651841355
Mon Jun 24 2024 19:00:00 GMT+0100 (British Summer Time),0.0261,0.0255,0.1907,30146.71614914839
Mon Jun 24 2024 20:00:00 GMT+0100 (British Summer Time),0.026,0.0255,0.1889,756537.8588879392
Mon Jun 24 2024 21:00:00 GMT+0100 (British Summer Time),0.0269,0.0256,0.1905,176481.42450147562
Mon Jun 24 2024 22:00:00 GMT+0100 (British Summer Time),0.0265,0.0256,0.1905,0
Mon Jun 24 2024 23:00:00 GMT+0100 (British Summer Time),0.0264,0.0256,0.1913,121591.0279236822
Tue Jun 25 2024 00:00:00 GMT+0100 (British Summer Time),0.0262,0.0256,0.1916,34645.55484717947
Tue Jun 25 2024 01:00:00 GMT+0100 (British Summer Time),0.0262,0.0256,0.1947,367204.9651395433
Tue Jun 25 2024 02:00:00 GMT+0100 (British Summer Time),0.0262,0.0256,0.1954,69731.21338972803
Tue Jun 25 2024 03:00:00 GMT+0100 (British Summer Time),0.0261,0.0256,0.1974,373664.6540319375
Tue Jun 25 2024 04:00:00 GMT+0100 (British Summer Time),0.0261,0.0256,0.1991,34706.7822658617
Tue Jun 25 2024 05:00:00 GMT+0100 (British Summer Time),0.0261,0.0256,0.196,338258.08571452316
Tue Jun 25 2024 06:00:00 GMT+0100 (British Summer Time),0.0262,0.0256,0.1959,27091.534675096857
Tue Jun 25 2024 07:00:00 GMT+0100 (British Summer Time),0.0265,0.0256,0.1878,894825.239719864
Tue Jun 25 2024 08:00:00 GMT+0100 (British Summer Time),0.0278,0.0258,0.1876,23552.383617915693
Tue Jun 25 2024 09:00:00 GMT+0100 (British Summer Time),0.0281,0.0259,0.189,194501.38799221162
Tue Jun 25 2024 10:00:00 GMT+0100 (British Summer Time),0.0282,0.0259,0.1928,753731.6241670313
Tue Jun 25 2024 11:00:00 GMT+0100 (British Summer Time),0.0282,0.0259,0.204,1824504.8446544572
Tue Jun 25 2024 12:00:00 GMT+0100 (British Summer Time),0.028,0.0259,0.2094,112568.4899589459
Tue Jun 25 2024 13:00:00 GMT+0100 (British Summer Time),0.0283,0.0257,0.2104,196007.1400422879
Tue Jun 25 2024 14:00:00 GMT+0100 (British Summer Time),0.0283,0.0257,0.2097,382530.7715571346
Tue Jun 25 2024 15:00:00 GMT+0100 (British Summer Time),0.0283,0.0257,0.211,147331.98110038062
Tue Jun 25 2024 16:00:00 GMT+0100 (British Summer Time),0.0282,0.0257,0.2153,476370.05067723553
Tue Jun 25 2024 17:00:00 GMT+0100 (British Summer Time),0.028,0.0257,0.2153,0
Tue Jun 25 2024 18:00:00 GMT+0100 (British Summer Time),0.0281,0.0257,0.2159,68543.01421052488
Tue Jun 25 2024 19:00:00 GMT+0100 (British Summer Time),0.0291,0.0259,0.2131,1337946.7752067505
Tue Jun 25 2024 20:00:00 GMT+0100 (British Summer Time),0.029,0.0259,0.2141,124389.16595201414
Tue Jun 25 2024 21:00:00 GMT+0100 (British Summer Time),0.0279,0.0259,0.2141,0
Tue Jun 25 2024 22:00:00 GMT+0100 (British Summer Time),0.0293,0.0261,0.2193,594971.8992482896
Tue Jun 25 2024 23:00:00 GMT+0100 (British Summer Time),0.0293,0.0261,0.2193,0
Wed Jun 26 2024 00:00:00 GMT+0100 (British Summer Time),0.0293,0.0261,0.2149,584063.9105122264
Wed Jun 26 2024 01:00:00 GMT+0100 (British Summer Time),0.0293,0.0261,0.2152,33464.796200015335
Wed Jun 26 2024 02:00:00 GMT+0100 (British Summer Time),0.0293,0.0261,0.2191,438642.78901880863
Wed Jun 26 2024 03:00:00 GMT+0100 (British Summer Time),0.0293,0.026,0.2184,94041.9850978959
Wed Jun 26 2024 04:00:00 GMT+0100 (British Summer Time),0.0293,0.026,0.1954,3364335.562108121
Wed Jun 26 2024 05:00:00 GMT+0100 (British Summer Time),0.0293,0.026,0.1974,31329.45598199788
Wed Jun 26 2024 06:00:00 GMT+0100 (British Summer Time),0.0292,0.026,0.1992,198914.87913090788
Wed Jun 26 2024 07:00:00 GMT+0100 (British Summer Time),0.0291,0.026,0.2051,674426.5239564548
Wed Jun 26 2024 08:00:00 GMT+0100 (British Summer Time),0.0278,0.026,0.2086,390612.16820394015
Wed Jun 26 2024 09:00:00 GMT+0100 (British Summer Time),0.0275,0.026,0.2086,3954.695127100837
Wed Jun 26 2024 10:00:00 GMT+0100 (British Summer Time),0.0273,0.0259,0.2126,481341.4739048928
Wed Jun 26 2024 11:00:00 GMT+0100 (British Summer Time),0.0273,0.0259,0.2115,131906.5611937677
Wed Jun 26 2024 12:00:00 GMT+0100 (British Summer Time),0.0273,0.0259,0.2154,432393.104355231
Wed Jun 26 2024 13:00:00 GMT+0100 (British Summer Time),0.0267,0.0259,0.2153,6138.659525927775
Wed Jun 26 2024 14:00:00 GMT+0100 (British Summer Time),0.0268,0.0259,0.2274,1375717.2890366474
Wed Jun 26 2024 15:00:00 GMT+0100 (British Summer Time),0.0268,0.0259,0.2291,423498.1222435328
Wed Jun 26 2024 16:00:00 GMT+0100 (British Summer Time),0.0268,0.0259,0.2313,6062.6175012697
Wed Jun 26 2024 17:00:00 GMT+0100 (British Summer Time),0.0268,0.0259,0.2313,30594.460422091033
Wed Jun 26 2024 18:00:00 GMT+0100 (British Summer Time),0.0268,0.0259,0.2327,267397.76256130525
Wed Jun 26 2024 19:00:00 GMT+0100 (British Summer Time),0.0257,0.0259,0.2328,3391.5380516865266
Wed Jun 26 2024 20:00:00 GMT+0100 (British Summer Time),0.0522,0.0296,0.2328,0
Wed Jun 26 2024 21:00:00 GMT+0100 (British Summer Time),0.0525,0.0297,0.2431,1158530.140755916
Wed Jun 26 2024 22:00:00 GMT+0100 (British Summer Time),0.0511,0.0297,0.2431,2288.22518890293
Wed Jun 26 2024 23:00:00 GMT+0100 (British Summer Time),0.0524,0.0299,0.2882,5314637.1224400755
Thu Jun 27 2024 00:00:00 GMT+0100 (British Summer Time),0.0526,0.0299,0.2919,7154054.966118801