time,underlyingApy1DMA,underlyingApy7DMA,impliedApy,volume
Sun Oct 27 2024 01:00:00 GMT+0100 (British Summer Time),0.0051,0.0379,0.0372,0
Sun Oct 27 2024 01:00:00 GMT+0000 (Greenwich Mean Time),0.0051,0.0379,0.0372,0
Sun Oct 27 2024 02:00:00 GMT+0000 (Greenwich Mean Time),0.0051,0.0379,0.0419,47053.990977331974
Sun Oct 27 2024 03:00:00 GMT+0000 (Greenwich Mean Time),0.0051,0.0379,0.0419,0
Sun Oct 27 2024 04:00:00 GMT+0000 (Greenwich Mean Time),0.0051,0.0379,0.0419,0
Sun Oct 27 2024 05:00:00 GMT+0000 (Greenwich Mean Time),0.0051,0.0379,0.0419,0
Sun Oct 27 2024 06:00:00 GMT+0000 (Greenwich Mean Time),0.0025,0.038,0.0419,0
Sun Oct 27 2024 07:00:00 GMT+0000 (Greenwich Mean Time),0.0025,0.038,0.0419,0
Sun Oct 27 2024 08:00:00 GMT+0000 (Greenwich Mean Time),0.0025,0.038,0.0419,0
Sun Oct 27 2024 09:00:00 GMT+0000 (Greenwich Mean Time),0.0025,0.038,0.0416,52792.433837755714
Sun Oct 27 2024 10:00:00 GMT+0000 (Greenwich Mean Time),0.0025,0.038,0.0416,0
Sun Oct 27 2024 11:00:00 GMT+0000 (Greenwich Mean Time),0.0025,0.038,0.0416,0
Sun Oct 27 2024 12:00:00 GMT+0000 (Greenwich Mean Time),0.0025,0.038,0.0416,101.2337877576171
Sun Oct 27 2024 13:00:00 GMT+0000 (Greenwich Mean Time),0.0025,0.038,0.0416,0
Sun Oct 27 2024 14:00:00 GMT+0000 (Greenwich Mean Time),0.0025,0.038,0.0416,0
Sun Oct 27 2024 15:00:00 GMT+0000 (Greenwich Mean Time),0.0025,0.038,0.0416,0
Sun Oct 27 2024 16:00:00 GMT+0000 (Greenwich Mean Time),0.0025,0.038,0.0416,0
Sun Oct 27 2024 17:00:00 GMT+0000 (Greenwich Mean Time),0.0025,0.038,0.0416,0
Sun Oct 27 2024 18:00:00 GMT+0000 (Greenwich Mean Time),0.0025,0.038,0.0416,0
Sun Oct 27 2024 19:00:00 GMT+0000 (Greenwich Mean Time),0.0025,0.038,0.0416,0
Sun Oct 27 2024 20:00:00 GMT+0000 (Greenwich Mean Time),0.0025,0.038,0.0416,0
Sun Oct 27 2024 21:00:00 GMT+0000 (Greenwich Mean Time),0.0025,0.038,0.0416,0
Sun Oct 27 2024 22:00:00 GMT+0000 (Greenwich Mean Time),0.0025,0.038,0.0416,0
Sun Oct 27 2024 23:00:00 GMT+0000 (Greenwich Mean Time),0.0025,0.038,0.0416,0
Mon Oct 28 2024 00:00:00 GMT+0000 (Greenwich Mean Time),0.0025,0.038,0.0416,0
Mon Oct 28 2024 01:00:00 GMT+0000 (Greenwich Mean Time),0.0025,0.038,0.0416,0
Mon Oct 28 2024 02:00:00 GMT+0000 (Greenwich Mean Time),0.0025,0.038,0.0416,0
Mon Oct 28 2024 03:00:00 GMT+0000 (Greenwich Mean Time),0.0025,0.038,0.0416,0
Mon Oct 28 2024 04:00:00 GMT+0000 (Greenwich Mean Time),0.0025,0.038,0.0416,0
Mon Oct 28 2024 05:00:00 GMT+0000 (Greenwich Mean Time),0.0025,0.038,0.0416,0
Mon Oct 28 2024 06:00:00 GMT+0000 (Greenwich Mean Time),0.0027,0.0379,0.0416,0
Mon Oct 28 2024 07:00:00 GMT+0000 (Greenwich Mean Time),0.0027,0.0379,0.0416,0
Mon Oct 28 2024 08:00:00 GMT+0000 (Greenwich Mean Time),0.0027,0.0379,0.0416,0
Mon Oct 28 2024 09:00:00 GMT+0000 (Greenwich Mean Time),0.0027,0.0379,0.0416,0
Mon Oct 28 2024 10:00:00 GMT+0000 (Greenwich Mean Time),0.0027,0.0379,0.0416,0
Mon Oct 28 2024 11:00:00 GMT+0000 (Greenwich Mean Time),0.0027,0.0379,0.0416,0
Mon Oct 28 2024 12:00:00 GMT+0000 (Greenwich Mean Time),0.0027,0.0379,0.0416,0
Mon Oct 28 2024 13:00:00 GMT+0000 (Greenwich Mean Time),0.0027,0.0379,0.0416,0
Mon Oct 28 2024 14:00:00 GMT+0000 (Greenwich Mean Time),0.0027,0.0379,0.0416,0
Mon Oct 28 2024 15:00:00 GMT+0000 (Greenwich Mean Time),0.0027,0.0379,0.0416,0
Mon Oct 28 2024 16:00:00 GMT+0000 (Greenwich Mean Time),0.0027,0.0379,0.0416,0
Mon Oct 28 2024 17:00:00 GMT+0000 (Greenwich Mean Time),0.0027,0.0379,0.0416,0
Mon Oct 28 2024 18:00:00 GMT+0000 (Greenwich Mean Time),0.0027,0.0379,0.0416,0
Mon Oct 28 2024 19:00:00 GMT+0000 (Greenwich Mean Time),0.0027,0.0379,0.0416,0
Mon Oct 28 2024 20:00:00 GMT+0000 (Greenwich Mean Time),0.0027,0.0379,0.0416,0
Mon Oct 28 2024 21:00:00 GMT+0000 (Greenwich Mean Time),0.0027,0.0379,0.0416,0
Mon Oct 28 2024 22:00:00 GMT+0000 (Greenwich Mean Time),0.0027,0.0379,0.0416,0
Mon Oct 28 2024 23:00:00 GMT+0000 (Greenwich Mean Time),0.0027,0.0379,0.0416,0
Tue Oct 29 2024 00:00:00 GMT+0000 (Greenwich Mean Time),0.0027,0.0379,0.0416,0
Tue Oct 29 2024 01:00:00 GMT+0000 (Greenwich Mean Time),0.0027,0.0379,0.0416,0
Tue Oct 29 2024 02:00:00 GMT+0000 (Greenwich Mean Time),0.0027,0.0379,0.0416,0
Tue Oct 29 2024 03:00:00 GMT+0000 (Greenwich Mean Time),0.0027,0.0379,0.0416,0
Tue Oct 29 2024 04:00:00 GMT+0000 (Greenwich Mean Time),0.0027,0.0379,0.0416,0
Tue Oct 29 2024 05:00:00 GMT+0000 (Greenwich Mean Time),0.0027,0.0379,0.0416,0
Tue Oct 29 2024 06:00:00 GMT+0000 (Greenwich Mean Time),0.0027,0.0221,0.0416,0
Tue Oct 29 2024 07:00:00 GMT+0000 (Greenwich Mean Time),0.0027,0.0221,0.0416,0
Tue Oct 29 2024 08:00:00 GMT+0000 (Greenwich Mean Time),0.0027,0.0221,0.0416,0
Tue Oct 29 2024 09:00:00 GMT+0000 (Greenwich Mean Time),0.0027,0.0221,0.0416,0
Tue Oct 29 2024 10:00:00 GMT+0000 (Greenwich Mean Time),0.0027,0.0221,0.0416,0
Tue Oct 29 2024 11:00:00 GMT+0000 (Greenwich Mean Time),0.0027,0.0221,0.0416,0
Tue Oct 29 2024 12:00:00 GMT+0000 (Greenwich Mean Time),0.0027,0.0221,0.0416,0
Tue Oct 29 2024 13:00:00 GMT+0000 (Greenwich Mean Time),0.0027,0.0221,0.0416,0
Tue Oct 29 2024 14:00:00 GMT+0000 (Greenwich Mean Time),0.0027,0.0222,0.0416,0
Tue Oct 29 2024 15:00:00 GMT+0000 (Greenwich Mean Time),0.0027,0.0221,0.0416,0
Tue Oct 29 2024 16:00:00 GMT+0000 (Greenwich Mean Time),0.0027,0.0221,0.0416,0
Tue Oct 29 2024 17:00:00 GMT+0000 (Greenwich Mean Time),0.0027,0.0221,0.0416,0
Tue Oct 29 2024 18:00:00 GMT+0000 (Greenwich Mean Time),0.0027,0.0221,0.0416,0
Tue Oct 29 2024 19:00:00 GMT+0000 (Greenwich Mean Time),0.0027,0.0221,0.0416,0
Tue Oct 29 2024 20:00:00 GMT+0000 (Greenwich Mean Time),0.0027,0.0221,0.0416,0
Tue Oct 29 2024 21:00:00 GMT+0000 (Greenwich Mean Time),0.0027,0.0221,0.0416,0
Tue Oct 29 2024 22:00:00 GMT+0000 (Greenwich Mean Time),0.0027,0.0221,0.0416,0
Tue Oct 29 2024 23:00:00 GMT+0000 (Greenwich Mean Time),0.0027,0.0221,0.0416,0
Wed Oct 30 2024 00:00:00 GMT+0000 (Greenwich Mean Time),0.0027,0.0221,0.0416,0
Wed Oct 30 2024 01:00:00 GMT+0000 (Greenwich Mean Time),0.0027,0.0221,0.0418,2101.3568181285555
Wed Oct 30 2024 02:00:00 GMT+0000 (Greenwich Mean Time),0.0027,0.0221,0.0418,0
Wed Oct 30 2024 03:00:00 GMT+0000 (Greenwich Mean Time),0.0027,0.0221,0.0418,0
Wed Oct 30 2024 04:00:00 GMT+0000 (Greenwich Mean Time),0.0027,0.0221,0.0418,0
Wed Oct 30 2024 05:00:00 GMT+0000 (Greenwich Mean Time),0.0027,0.0221,0.0418,0
Wed Oct 30 2024 06:00:00 GMT+0000 (Greenwich Mean Time),0.0063,0.0048,0.0418,0
Wed Oct 30 2024 07:00:00 GMT+0000 (Greenwich Mean Time),0.0063,0.0048,0.0418,0
Wed Oct 30 2024 08:00:00 GMT+0000 (Greenwich Mean Time),0.0063,0.0048,0.0418,0
Wed Oct 30 2024 09:00:00 GMT+0000 (Greenwich Mean Time),0.0063,0.0048,0.0418,0
Wed Oct 30 2024 10:00:00 GMT+0000 (Greenwich Mean Time),0.0063,0.0048,0.0418,0
Wed Oct 30 2024 11:00:00 GMT+0000 (Greenwich Mean Time),0.0063,0.0048,0.0418,0
Wed Oct 30 2024 12:00:00 GMT+0000 (Greenwich Mean Time),0.0063,0.0048,0.0418,0
Wed Oct 30 2024 13:00:00 GMT+0000 (Greenwich Mean Time),0.0063,0.0048,0.0418,0
Wed Oct 30 2024 14:00:00 GMT+0000 (Greenwich Mean Time),0.0063,0.0048,0.0418,0
Wed Oct 30 2024 15:00:00 GMT+0000 (Greenwich Mean Time),0.0063,0.0048,0.0418,0
Wed Oct 30 2024 16:00:00 GMT+0000 (Greenwich Mean Time),0.0063,0.0048,0.0418,0
Wed Oct 30 2024 17:00:00 GMT+0000 (Greenwich Mean Time),0.0063,0.0048,0.0418,0
Wed Oct 30 2024 18:00:00 GMT+0000 (Greenwich Mean Time),0.0063,0.0048,0.0418,0
Wed Oct 30 2024 19:00:00 GMT+0000 (Greenwich Mean Time),0.0063,0.0048,0.0418,0
Wed Oct 30 2024 20:00:00 GMT+0000 (Greenwich Mean Time),0.0063,0.0048,0.0418,0
Wed Oct 30 2024 21:00:00 GMT+0000 (Greenwich Mean Time),0.0063,0.0048,0.0418,0
Wed Oct 30 2024 22:00:00 GMT+0000 (Greenwich Mean Time),0.0063,0.0048,0.0418,0
Wed Oct 30 2024 23:00:00 GMT+0000 (Greenwich Mean Time),0.0063,0.0048,0.0418,0
Thu Oct 31 2024 00:00:00 GMT+0000 (Greenwich Mean Time),0.0063,0.0048,0.0425,6522.654464125955
Thu Oct 31 2024 01:00:00 GMT+0000 (Greenwich Mean Time),0.0063,0.0048,0.0425,0
Thu Oct 31 2024 02:00:00 GMT+0000 (Greenwich Mean Time),0.0063,0.0048,0.0425,0
Thu Oct 31 2024 03:00:00 GMT+0000 (Greenwich Mean Time),0.0063,0.0048,0.0461,33050.109571722314
Thu Oct 31 2024 04:00:00 GMT+0000 (Greenwich Mean Time),0.0063,0.0048,0.0461,0
Thu Oct 31 2024 05:00:00 GMT+0000 (Greenwich Mean Time),0.0063,0.0048,0.0461,0
Thu Oct 31 2024 06:00:00 GMT+0000 (Greenwich Mean Time),0.0258,0.0081,0.0461,0
Thu Oct 31 2024 07:00:00 GMT+0000 (Greenwich Mean Time),0.0258,0.0081,0.0461,0
Thu Oct 31 2024 08:00:00 GMT+0000 (Greenwich Mean Time),0.0258,0.0081,0.0461,0
Thu Oct 31 2024 09:00:00 GMT+0000 (Greenwich Mean Time),0.0258,0.0081,0.0461,0
Thu Oct 31 2024 10:00:00 GMT+0000 (Greenwich Mean Time),0.0258,0.0081,0.0461,0
Thu Oct 31 2024 11:00:00 GMT+0000 (Greenwich Mean Time),0.0258,0.0081,0.0461,0
Thu Oct 31 2024 12:00:00 GMT+0000 (Greenwich Mean Time),0.0258,0.0081,0.0461,0
Thu Oct 31 2024 13:00:00 GMT+0000 (Greenwich Mean Time),0.0258,0.0081,0.0461,0
Thu Oct 31 2024 14:00:00 GMT+0000 (Greenwich Mean Time),0.0258,0.0081,0.0461,0
Thu Oct 31 2024 15:00:00 GMT+0000 (Greenwich Mean Time),0.0258,0.0081,0.0461,0
Thu Oct 31 2024 16:00:00 GMT+0000 (Greenwich Mean Time),0.0258,0.0081,0.0461,0
Thu Oct 31 2024 17:00:00 GMT+0000 (Greenwich Mean Time),0.0258,0.0081,0.0461,0
Thu Oct 31 2024 18:00:00 GMT+0000 (Greenwich Mean Time),0.0258,0.0081,0.0461,0
Thu Oct 31 2024 19:00:00 GMT+0000 (Greenwich Mean Time),0.0258,0.0081,0.0461,0
Thu Oct 31 2024 20:00:00 GMT+0000 (Greenwich Mean Time),0.0258,0.0081,0.0461,0
Thu Oct 31 2024 21:00:00 GMT+0000 (Greenwich Mean Time),0.0258,0.0081,0.0461,0
Thu Oct 31 2024 22:00:00 GMT+0000 (Greenwich Mean Time),0.0258,0.0081,0.0461,0
Thu Oct 31 2024 23:00:00 GMT+0000 (Greenwich Mean Time),0.0258,0.0081,0.0461,0
Fri Nov 01 2024 00:00:00 GMT+0000 (Greenwich Mean Time),0.0258,0.0081,0.0461,0
Fri Nov 01 2024 01:00:00 GMT+0000 (Greenwich Mean Time),0.0258,0.0081,0.0461,0
Fri Nov 01 2024 02:00:00 GMT+0000 (Greenwich Mean Time),0.0258,0.0081,0.0461,0
Fri Nov 01 2024 03:00:00 GMT+0000 (Greenwich Mean Time),0.0258,0.0081,0.0461,0
Fri Nov 01 2024 04:00:00 GMT+0000 (Greenwich Mean Time),0.0258,0.0081,0.0461,0
Fri Nov 01 2024 05:00:00 GMT+0000 (Greenwich Mean Time),0.0258,0.0081,0.0461,0
Fri Nov 01 2024 06:00:00 GMT+0000 (Greenwich Mean Time),0.1656,0.0287,0.0461,0
Fri Nov 01 2024 07:00:00 GMT+0000 (Greenwich Mean Time),0.1656,0.0287,0.0461,0
Fri Nov 01 2024 08:00:00 GMT+0000 (Greenwich Mean Time),0.1656,0.0287,0.0461,0
Fri Nov 01 2024 09:00:00 GMT+0000 (Greenwich Mean Time),0.1656,0.0287,0.0461,0
Fri Nov 01 2024 10:00:00 GMT+0000 (Greenwich Mean Time),0.1656,0.0287,0.0461,0
Fri Nov 01 2024 11:00:00 GMT+0000 (Greenwich Mean Time),0.1656,0.0287,0.0461,0
Fri Nov 01 2024 12:00:00 GMT+0000 (Greenwich Mean Time),0.1656,0.0287,0.0461,0
Fri Nov 01 2024 13:00:00 GMT+0000 (Greenwich Mean Time),0.1656,0.0287,0.0461,0
Fri Nov 01 2024 14:00:00 GMT+0000 (Greenwich Mean Time),0.1656,0.0287,0.0461,0
Fri Nov 01 2024 15:00:00 GMT+0000 (Greenwich Mean Time),0.1656,0.0287,0.0461,0
Fri Nov 01 2024 16:00:00 GMT+0000 (Greenwich Mean Time),0.1656,0.0287,0.0461,0
Fri Nov 01 2024 17:00:00 GMT+0000 (Greenwich Mean Time),0.1656,0.0287,0.0461,0
Fri Nov 01 2024 18:00:00 GMT+0000 (Greenwich Mean Time),0.1656,0.0287,0.0461,0
Fri Nov 01 2024 19:00:00 GMT+0000 (Greenwich Mean Time),0.1656,0.0287,0.0461,0
Fri Nov 01 2024 20:00:00 GMT+0000 (Greenwich Mean Time),0.1656,0.0287,0.0461,0
Fri Nov 01 2024 21:00:00 GMT+0000 (Greenwich Mean Time),0.1656,0.0287,0.0461,0
Fri Nov 01 2024 22:00:00 GMT+0000 (Greenwich Mean Time),0.1656,0.0287,0.0461,0
Fri Nov 01 2024 23:00:00 GMT+0000 (Greenwich Mean Time),0.1656,0.0287,0.0461,0
Sat Nov 02 2024 00:00:00 GMT+0000 (Greenwich Mean Time),0.1658,0.0287,0.0461,0
Sat Nov 02 2024 01:00:00 GMT+0000 (Greenwich Mean Time),0.1658,0.0287,0.0461,0
Sat Nov 02 2024 02:00:00 GMT+0000 (Greenwich Mean Time),0.1658,0.0287,0.0461,0
Sat Nov 02 2024 03:00:00 GMT+0000 (Greenwich Mean Time),0.1658,0.0287,0.0461,0
Sat Nov 02 2024 04:00:00 GMT+0000 (Greenwich Mean Time),0.1658,0.0287,0.0461,0
Sat Nov 02 2024 05:00:00 GMT+0000 (Greenwich Mean Time),0.1658,0.0287,0.0461,0
Sat Nov 02 2024 06:00:00 GMT+0000 (Greenwich Mean Time),0.0582,0.0363,0.0461,0
Sat Nov 02 2024 07:00:00 GMT+0000 (Greenwich Mean Time),0.0582,0.0363,0.0461,0
Sat Nov 02 2024 08:00:00 GMT+0000 (Greenwich Mean Time),0.0582,0.0363,0.0461,0
Sat Nov 02 2024 09:00:00 GMT+0000 (Greenwich Mean Time),0.0582,0.0363,0.0448,11617.402287842888
Sat Nov 02 2024 10:00:00 GMT+0000 (Greenwich Mean Time),0.0582,0.0363,0.0448,0
Sat Nov 02 2024 11:00:00 GMT+0000 (Greenwich Mean Time),0.0582,0.0363,0.0448,0
Sat Nov 02 2024 12:00:00 GMT+0000 (Greenwich Mean Time),0.0582,0.0363,0.0448,0
Sat Nov 02 2024 13:00:00 GMT+0000 (Greenwich Mean Time),0.0582,0.0363,0.0448,0
Sat Nov 02 2024 14:00:00 GMT+0000 (Greenwich Mean Time),0.0582,0.0363,0.0448,0
Sat Nov 02 2024 15:00:00 GMT+0000 (Greenwich Mean Time),0.0582,0.0363,0.0448,0
Sat Nov 02 2024 16:00:00 GMT+0000 (Greenwich Mean Time),0.0582,0.0363,0.0448,0
Sat Nov 02 2024 17:00:00 GMT+0000 (Greenwich Mean Time),0.0582,0.0363,0.0448,0
Sat Nov 02 2024 18:00:00 GMT+0000 (Greenwich Mean Time),0.0582,0.0363,0.0448,0
Sat Nov 02 2024 19:00:00 GMT+0000 (Greenwich Mean Time),0.0582,0.0363,0.0448,0
Sat Nov 02 2024 20:00:00 GMT+0000 (Greenwich Mean Time),0.0582,0.0363,0.0448,0
Sat Nov 02 2024 21:00:00 GMT+0000 (Greenwich Mean Time),0.0582,0.0363,0.0448,0
Sat Nov 02 2024 22:00:00 GMT+0000 (Greenwich Mean Time),0.0582,0.0363,0.0448,0
Sat Nov 02 2024 23:00:00 GMT+0000 (Greenwich Mean Time),0.0582,0.0363,0.0448,0
Sun Nov 03 2024 00:00:00 GMT+0000 (Greenwich Mean Time),0.0582,0.0363,0.0448,0
Sun Nov 03 2024 01:00:00 GMT+0000 (Greenwich Mean Time),0.0582,0.0363,0.0448,0
Sun Nov 03 2024 02:00:00 GMT+0000 (Greenwich Mean Time),0.0582,0.0363,0.0448,0
Sun Nov 03 2024 03:00:00 GMT+0000 (Greenwich Mean Time),0.0582,0.0363,0.0448,0
Sun Nov 03 2024 04:00:00 GMT+0000 (Greenwich Mean Time),0.0582,0.0363,0.0448,0
Sun Nov 03 2024 05:00:00 GMT+0000 (Greenwich Mean Time),0.0582,0.0363,0.0448,0
Sun Nov 03 2024 06:00:00 GMT+0000 (Greenwich Mean Time),0.0093,0.0373,0.0448,0
Sun Nov 03 2024 07:00:00 GMT+0000 (Greenwich Mean Time),0.0093,0.0373,0.0448,0
Sun Nov 03 2024 08:00:00 GMT+0000 (Greenwich Mean Time),0.0093,0.0373,0.0448,0
Sun Nov 03 2024 09:00:00 GMT+0000 (Greenwich Mean Time),0.0093,0.0373,0.0448,0
Sun Nov 03 2024 10:00:00 GMT+0000 (Greenwich Mean Time),0.0093,0.0373,0.0448,0
Sun Nov 03 2024 11:00:00 GMT+0000 (Greenwich Mean Time),0.0093,0.0373,0.0448,0
Sun Nov 03 2024 12:00:00 GMT+0000 (Greenwich Mean Time),0.0093,0.0373,0.0448,0
Sun Nov 03 2024 13:00:00 GMT+0000 (Greenwich Mean Time),0.0093,0.0373,0.0448,0
Sun Nov 03 2024 14:00:00 GMT+0000 (Greenwich Mean Time),0.0093,0.0373,0.0448,0
Sun Nov 03 2024 15:00:00 GMT+0000 (Greenwich Mean Time),0.0093,0.0373,0.0448,0
Sun Nov 03 2024 16:00:00 GMT+0000 (Greenwich Mean Time),0.0093,0.0373,0.0448,0
Sun Nov 03 2024 17:00:00 GMT+0000 (Greenwich Mean Time),0.0093,0.0373,0.0448,0
Sun Nov 03 2024 18:00:00 GMT+0000 (Greenwich Mean Time),0.0093,0.0373,0.0448,0
Sun Nov 03 2024 19:00:00 GMT+0000 (Greenwich Mean Time),0.0093,0.0373,0.0448,0
Sun Nov 03 2024 20:00:00 GMT+0000 (Greenwich Mean Time),0.0093,0.0373,0.0448,0
Sun Nov 03 2024 21:00:00 GMT+0000 (Greenwich Mean Time),0.0093,0.0373,0.0448,0
Sun Nov 03 2024 22:00:00 GMT+0000 (Greenwich Mean Time),0.0093,0.0373,0.0448,0
Sun Nov 03 2024 23:00:00 GMT+0000 (Greenwich Mean Time),0.0093,0.0373,0.0448,0
Mon Nov 04 2024 00:00:00 GMT+0000 (Greenwich Mean Time),0.0093,0.0373,0.0448,0
Mon Nov 04 2024 01:00:00 GMT+0000 (Greenwich Mean Time),0.0093,0.0373,0.0448,0
Mon Nov 04 2024 02:00:00 GMT+0000 (Greenwich Mean Time),0.0093,0.0373,0.0448,0
Mon Nov 04 2024 03:00:00 GMT+0000 (Greenwich Mean Time),0.0093,0.0373,0.0448,0
Mon Nov 04 2024 04:00:00 GMT+0000 (Greenwich Mean Time),0.0093,0.0373,0.0448,0
Mon Nov 04 2024 05:00:00 GMT+0000 (Greenwich Mean Time),0.0093,0.0373,0.0448,0
Mon Nov 04 2024 06:00:00 GMT+0000 (Greenwich Mean Time),0.006,0.0378,0.0448,0
Mon Nov 04 2024 07:00:00 GMT+0000 (Greenwich Mean Time),0.006,0.0378,0.0448,0
Mon Nov 04 2024 08:00:00 GMT+0000 (Greenwich Mean Time),0.006,0.0378,0.0448,0
Mon Nov 04 2024 09:00:00 GMT+0000 (Greenwich Mean Time),0.006,0.0378,0.0448,0
Mon Nov 04 2024 10:00:00 GMT+0000 (Greenwich Mean Time),0.006,0.0378,0.0448,0
Mon Nov 04 2024 11:00:00 GMT+0000 (Greenwich Mean Time),0.006,0.0378,0.0448,0
Mon Nov 04 2024 12:00:00 GMT+0000 (Greenwich Mean Time),0.006,0.0378,0.0448,0
Mon Nov 04 2024 13:00:00 GMT+0000 (Greenwich Mean Time),0.006,0.0378,0.0448,0
Mon Nov 04 2024 14:00:00 GMT+0000 (Greenwich Mean Time),0.006,0.0378,0.0448,0
Mon Nov 04 2024 15:00:00 GMT+0000 (Greenwich Mean Time),0.006,0.0378,0.0448,0
Mon Nov 04 2024 16:00:00 GMT+0000 (Greenwich Mean Time),0.006,0.0378,0.0448,0
Mon Nov 04 2024 17:00:00 GMT+0000 (Greenwich Mean Time),0.006,0.0378,0.0448,120.03907131484289
Mon Nov 04 2024 18:00:00 GMT+0000 (Greenwich Mean Time),0.006,0.0378,0.0448,0
Mon Nov 04 2024 19:00:00 GMT+0000 (Greenwich Mean Time),0.006,0.0378,0.0448,0
Mon Nov 04 2024 20:00:00 GMT+0000 (Greenwich Mean Time),0.006,0.0378,0.0448,0
Mon Nov 04 2024 21:00:00 GMT+0000 (Greenwich Mean Time),0.006,0.0378,0.0448,0
Mon Nov 04 2024 22:00:00 GMT+0000 (Greenwich Mean Time),0.006,0.0378,0.0448,0
Mon Nov 04 2024 23:00:00 GMT+0000 (Greenwich Mean Time),0.006,0.0378,0.0448,0
Tue Nov 05 2024 00:00:00 GMT+0000 (Greenwich Mean Time),0.006,0.0378,0.0448,0
Tue Nov 05 2024 01:00:00 GMT+0000 (Greenwich Mean Time),0.006,0.0378,0.0448,0
Tue Nov 05 2024 02:00:00 GMT+0000 (Greenwich Mean Time),0.006,0.0378,0.0448,0
Tue Nov 05 2024 03:00:00 GMT+0000 (Greenwich Mean Time),0.006,0.0378,0.0448,0
Tue Nov 05 2024 04:00:00 GMT+0000 (Greenwich Mean Time),0.006,0.0378,0.0448,0
Tue Nov 05 2024 05:00:00 GMT+0000 (Greenwich Mean Time),0.006,0.0378,0.0448,0
Tue Nov 05 2024 06:00:00 GMT+0000 (Greenwich Mean Time),0.0042,0.038,0.0448,0
Tue Nov 05 2024 07:00:00 GMT+0000 (Greenwich Mean Time),0.0042,0.038,0.0448,0
Tue Nov 05 2024 08:00:00 GMT+0000 (Greenwich Mean Time),0.0042,0.038,0.0448,0
Tue Nov 05 2024 09:00:00 GMT+0000 (Greenwich Mean Time),0.0042,0.038,0.0448,0
Tue Nov 05 2024 10:00:00 GMT+0000 (Greenwich Mean Time),0.0042,0.038,0.0448,0
Tue Nov 05 2024 11:00:00 GMT+0000 (Greenwich Mean Time),0.0042,0.038,0.0448,0
Tue Nov 05 2024 12:00:00 GMT+0000 (Greenwich Mean Time),0.0042,0.038,0.0448,0
Tue Nov 05 2024 13:00:00 GMT+0000 (Greenwich Mean Time),0.0042,0.038,0.0448,0
Tue Nov 05 2024 14:00:00 GMT+0000 (Greenwich Mean Time),0.0042,0.038,0.0448,0
Tue Nov 05 2024 15:00:00 GMT+0000 (Greenwich Mean Time),0.0042,0.038,0.0448,0
Tue Nov 05 2024 16:00:00 GMT+0000 (Greenwich Mean Time),0.0042,0.038,0.0448,0
Tue Nov 05 2024 17:00:00 GMT+0000 (Greenwich Mean Time),0.0042,0.038,0.0448,0
Tue Nov 05 2024 18:00:00 GMT+0000 (Greenwich Mean Time),0.0042,0.038,0.0448,0
Tue Nov 05 2024 19:00:00 GMT+0000 (Greenwich Mean Time),0.0042,0.038,0.0448,0
Tue Nov 05 2024 20:00:00 GMT+0000 (Greenwich Mean Time),0.0042,0.038,0.0448,0
Tue Nov 05 2024 21:00:00 GMT+0000 (Greenwich Mean Time),0.0042,0.038,0.0448,0
Tue Nov 05 2024 22:00:00 GMT+0000 (Greenwich Mean Time),0.0042,0.038,0.0448,0
Tue Nov 05 2024 23:00:00 GMT+0000 (Greenwich Mean Time),0.0042,0.038,0.0448,0
Wed Nov 06 2024 00:00:00 GMT+0000 (Greenwich Mean Time),0.0042,0.038,0.0448,0
Wed Nov 06 2024 01:00:00 GMT+0000 (Greenwich Mean Time),0.0042,0.038,0.0448,0
Wed Nov 06 2024 02:00:00 GMT+0000 (Greenwich Mean Time),0.0042,0.038,0.0448,0
Wed Nov 06 2024 03:00:00 GMT+0000 (Greenwich Mean Time),0.0042,0.038,0.0448,0
Wed Nov 06 2024 04:00:00 GMT+0000 (Greenwich Mean Time),0.0042,0.038,0.0448,0
Wed Nov 06 2024 05:00:00 GMT+0000 (Greenwich Mean Time),0.0042,0.038,0.0448,0
Wed Nov 06 2024 06:00:00 GMT+0000 (Greenwich Mean Time),0.0069,0.0381,0.0448,0
Wed Nov 06 2024 07:00:00 GMT+0000 (Greenwich Mean Time),0.0069,0.0381,0.0448,0
Wed Nov 06 2024 08:00:00 GMT+0000 (Greenwich Mean Time),0.0069,0.0381,0.0448,0
Wed Nov 06 2024 09:00:00 GMT+0000 (Greenwich Mean Time),0.0069,0.0381,0.0463,12992.246918790723
Wed Nov 06 2024 10:00:00 GMT+0000 (Greenwich Mean Time),0.0069,0.0381,0.0463,0
Wed Nov 06 2024 11:00:00 GMT+0000 (Greenwich Mean Time),0.0069,0.0381,0.0463,0
Wed Nov 06 2024 12:00:00 GMT+0000 (Greenwich Mean Time),0.0069,0.0381,0.0463,0
Wed Nov 06 2024 13:00:00 GMT+0000 (Greenwich Mean Time),0.0069,0.0381,0.0463,0
Wed Nov 06 2024 14:00:00 GMT+0000 (Greenwich Mean Time),0.0069,0.0381,0.0477,12082.144094920164
Wed Nov 06 2024 15:00:00 GMT+0000 (Greenwich Mean Time),0.0069,0.0381,0.0477,0
Wed Nov 06 2024 16:00:00 GMT+0000 (Greenwich Mean Time),0.0069,0.0381,0.0477,0
Wed Nov 06 2024 17:00:00 GMT+0000 (Greenwich Mean Time),0.0069,0.0381,0.0477,0
Wed Nov 06 2024 18:00:00 GMT+0000 (Greenwich Mean Time),0.0069,0.0381,0.0477,0
Wed Nov 06 2024 19:00:00 GMT+0000 (Greenwich Mean Time),0.0069,0.0381,0.0477,0
Wed Nov 06 2024 20:00:00 GMT+0000 (Greenwich Mean Time),0.0069,0.0381,0.0477,0
Wed Nov 06 2024 21:00:00 GMT+0000 (Greenwich Mean Time),0.0069,0.0381,0.0477,0
Wed Nov 06 2024 22:00:00 GMT+0000 (Greenwich Mean Time),0.0069,0.0381,0.0477,0
Wed Nov 06 2024 23:00:00 GMT+0000 (Greenwich Mean Time),0.0069,0.0381,0.0477,0
Thu Nov 07 2024 00:00:00 GMT+0000 (Greenwich Mean Time),0.0069,0.0381,0.0477,0
Thu Nov 07 2024 01:00:00 GMT+0000 (Greenwich Mean Time),0.0069,0.0381,0.0477,0
Thu Nov 07 2024 02:00:00 GMT+0000 (Greenwich Mean Time),0.0069,0.0381,0.0477,0
Thu Nov 07 2024 03:00:00 GMT+0000 (Greenwich Mean Time),0.0069,0.0381,0.0477,0
Thu Nov 07 2024 04:00:00 GMT+0000 (Greenwich Mean Time),0.0069,0.0381,0.0477,0
Thu Nov 07 2024 05:00:00 GMT+0000 (Greenwich Mean Time),0.0069,0.0381,0.0477,0
Thu Nov 07 2024 06:00:00 GMT+0000 (Greenwich Mean Time),0.0046,0.035,0.0477,0
Thu Nov 07 2024 07:00:00 GMT+0000 (Greenwich Mean Time),0.0046,0.035,0.0477,0
Thu Nov 07 2024 08:00:00 GMT+0000 (Greenwich Mean Time),0.0046,0.035,0.0477,0
Thu Nov 07 2024 09:00:00 GMT+0000 (Greenwich Mean Time),0.0046,0.035,0.0477,0
Thu Nov 07 2024 10:00:00 GMT+0000 (Greenwich Mean Time),0.0046,0.035,0.0477,0
Thu Nov 07 2024 11:00:00 GMT+0000 (Greenwich Mean Time),0.0046,0.035,0.0477,0
Thu Nov 07 2024 12:00:00 GMT+0000 (Greenwich Mean Time),0.0046,0.035,0.0477,0
Thu Nov 07 2024 13:00:00 GMT+0000 (Greenwich Mean Time),0.0046,0.035,0.0477,0
Thu Nov 07 2024 14:00:00 GMT+0000 (Greenwich Mean Time),0.0046,0.035,0.0477,0
Thu Nov 07 2024 15:00:00 GMT+0000 (Greenwich Mean Time),0.0046,0.035,0.0477,0
Thu Nov 07 2024 16:00:00 GMT+0000 (Greenwich Mean Time),0.0046,0.035,0.0477,0
Thu Nov 07 2024 17:00:00 GMT+0000 (Greenwich Mean Time),0.0046,0.035,0.0477,0
Thu Nov 07 2024 18:00:00 GMT+0000 (Greenwich Mean Time),0.0046,0.035,0.0477,0
Thu Nov 07 2024 19:00:00 GMT+0000 (Greenwich Mean Time),0.0046,0.035,0.0477,0
Thu Nov 07 2024 20:00:00 GMT+0000 (Greenwich Mean Time),0.0046,0.035,0.0477,0
Thu Nov 07 2024 21:00:00 GMT+0000 (Greenwich Mean Time),0.0046,0.035,0.0477,0
Thu Nov 07 2024 22:00:00 GMT+0000 (Greenwich Mean Time),0.0046,0.035,0.0477,0
Thu Nov 07 2024 23:00:00 GMT+0000 (Greenwich Mean Time),0.0046,0.035,0.0477,0
Fri Nov 08 2024 00:00:00 GMT+0000 (Greenwich Mean Time),0.0046,0.035,0.0477,0
Fri Nov 08 2024 01:00:00 GMT+0000 (Greenwich Mean Time),0.0046,0.035,0.0477,0
Fri Nov 08 2024 02:00:00 GMT+0000 (Greenwich Mean Time),0.0046,0.035,0.0477,0
Fri Nov 08 2024 03:00:00 GMT+0000 (Greenwich Mean Time),0.0046,0.035,0.0477,0
Fri Nov 08 2024 04:00:00 GMT+0000 (Greenwich Mean Time),0.0046,0.035,0.0477,0
Fri Nov 08 2024 05:00:00 GMT+0000 (Greenwich Mean Time),0.0046,0.035,0.0477,0
Fri Nov 08 2024 06:00:00 GMT+0000 (Greenwich Mean Time),0.024,0.016,0.0477,0
Fri Nov 08 2024 07:00:00 GMT+0000 (Greenwich Mean Time),0.024,0.016,0.0477,0
Fri Nov 08 2024 08:00:00 GMT+0000 (Greenwich Mean Time),0.024,0.016,0.0477,0
Fri Nov 08 2024 09:00:00 GMT+0000 (Greenwich Mean Time),0.024,0.016,0.0477,0
Fri Nov 08 2024 10:00:00 GMT+0000 (Greenwich Mean Time),0.024,0.016,0.0477,0
Fri Nov 08 2024 11:00:00 GMT+0000 (Greenwich Mean Time),0.024,0.016,0.0477,0
Fri Nov 08 2024 12:00:00 GMT+0000 (Greenwich Mean Time),0.024,0.016,0.0477,0
Fri Nov 08 2024 13:00:00 GMT+0000 (Greenwich Mean Time),0.024,0.016,0.0477,0
Fri Nov 08 2024 14:00:00 GMT+0000 (Greenwich Mean Time),0.024,0.016,0.0477,0
Fri Nov 08 2024 15:00:00 GMT+0000 (Greenwich Mean Time),0.024,0.016,0.0477,0
Fri Nov 08 2024 16:00:00 GMT+0000 (Greenwich Mean Time),0.024,0.016,0.0477,0
Fri Nov 08 2024 17:00:00 GMT+0000 (Greenwich Mean Time),0.024,0.016,0.0477,0
Fri Nov 08 2024 18:00:00 GMT+0000 (Greenwich Mean Time),0.024,0.016,0.0477,0
Fri Nov 08 2024 19:00:00 GMT+0000 (Greenwich Mean Time),0.024,0.016,0.0477,0
Fri Nov 08 2024 20:00:00 GMT+0000 (Greenwich Mean Time),0.024,0.016,0.0477,0
Fri Nov 08 2024 21:00:00 GMT+0000 (Greenwich Mean Time),0.024,0.016,0.0477,0
Fri Nov 08 2024 22:00:00 GMT+0000 (Greenwich Mean Time),0.024,0.016,0.0477,0
Fri Nov 08 2024 23:00:00 GMT+0000 (Greenwich Mean Time),0.024,0.016,0.0477,0
Sat Nov 09 2024 00:00:00 GMT+0000 (Greenwich Mean Time),0.024,0.016,0.0477,0
Sat Nov 09 2024 01:00:00 GMT+0000 (Greenwich Mean Time),0.024,0.016,0.0477,0
Sat Nov 09 2024 02:00:00 GMT+0000 (Greenwich Mean Time),0.024,0.016,0.0477,0
Sat Nov 09 2024 03:00:00 GMT+0000 (Greenwich Mean Time),0.024,0.016,0.0477,0
Sat Nov 09 2024 04:00:00 GMT+0000 (Greenwich Mean Time),0.024,0.016,0.0477,0
Sat Nov 09 2024 05:00:00 GMT+0000 (Greenwich Mean Time),0.024,0.016,0.0477,0
Sat Nov 09 2024 06:00:00 GMT+0000 (Greenwich Mean Time),0.0049,0.0085,0.0477,0
Sat Nov 09 2024 07:00:00 GMT+0000 (Greenwich Mean Time),0.0049,0.0085,0.0477,0
Sat Nov 09 2024 08:00:00 GMT+0000 (Greenwich Mean Time),0.0049,0.0085,0.0477,0
Sat Nov 09 2024 09:00:00 GMT+0000 (Greenwich Mean Time),0.0049,0.0085,0.0477,0
Sat Nov 09 2024 10:00:00 GMT+0000 (Greenwich Mean Time),0.0049,0.0085,0.0477,0
Sat Nov 09 2024 11:00:00 GMT+0000 (Greenwich Mean Time),0.0049,0.0085,0.0477,0
Sat Nov 09 2024 12:00:00 GMT+0000 (Greenwich Mean Time),0.0049,0.0085,0.0477,0
Sat Nov 09 2024 13:00:00 GMT+0000 (Greenwich Mean Time),0.0049,0.0085,0.0477,0
Sat Nov 09 2024 14:00:00 GMT+0000 (Greenwich Mean Time),0.0049,0.0085,0.0477,0
Sat Nov 09 2024 15:00:00 GMT+0000 (Greenwich Mean Time),0.0049,0.0085,0.0477,0
Sat Nov 09 2024 16:00:00 GMT+0000 (Greenwich Mean Time),0.0049,0.0085,0.0477,0
Sat Nov 09 2024 17:00:00 GMT+0000 (Greenwich Mean Time),0.0049,0.0085,0.0477,0
Sat Nov 09 2024 18:00:00 GMT+0000 (Greenwich Mean Time),0.0049,0.0085,0.0477,0
Sat Nov 09 2024 19:00:00 GMT+0000 (Greenwich Mean Time),0.0049,0.0085,0.0477,0
Sat Nov 09 2024 20:00:00 GMT+0000 (Greenwich Mean Time),0.0049,0.0085,0.0479,1890.0689720972218
Sat Nov 09 2024 21:00:00 GMT+0000 (Greenwich Mean Time),0.0049,0.0085,0.0479,0
Sat Nov 09 2024 22:00:00 GMT+0000 (Greenwich Mean Time),0.0049,0.0085,0.0479,0
Sat Nov 09 2024 23:00:00 GMT+0000 (Greenwich Mean Time),0.0049,0.0085,0.0479,0
Sun Nov 10 2024 00:00:00 GMT+0000 (Greenwich Mean Time),0.0049,0.0085,0.0479,0
Sun Nov 10 2024 01:00:00 GMT+0000 (Greenwich Mean Time),0.0049,0.0085,0.0479,0
Sun Nov 10 2024 02:00:00 GMT+0000 (Greenwich Mean Time),0.0049,0.0085,0.0479,0
Sun Nov 10 2024 03:00:00 GMT+0000 (Greenwich Mean Time),0.0049,0.0085,0.0479,0
Sun Nov 10 2024 04:00:00 GMT+0000 (Greenwich Mean Time),0.0049,0.0085,0.0479,0
Sun Nov 10 2024 05:00:00 GMT+0000 (Greenwich Mean Time),0.0049,0.0085,0.0479,0
Sun Nov 10 2024 06:00:00 GMT+0000 (Greenwich Mean Time),0.1397,0.0262,0.0479,0
Sun Nov 10 2024 07:00:00 GMT+0000 (Greenwich Mean Time),0.1397,0.0262,0.0479,0
Sun Nov 10 2024 08:00:00 GMT+0000 (Greenwich Mean Time),0.1397,0.0262,0.0479,0
Sun Nov 10 2024 09:00:00 GMT+0000 (Greenwich Mean Time),0.1397,0.0262,0.0479,0
Sun Nov 10 2024 10:00:00 GMT+0000 (Greenwich Mean Time),0.1397,0.0262,0.0479,0
Sun Nov 10 2024 11:00:00 GMT+0000 (Greenwich Mean Time),0.1397,0.0262,0.0479,0
Sun Nov 10 2024 12:00:00 GMT+0000 (Greenwich Mean Time),0.1397,0.0262,0.0479,0
Sun Nov 10 2024 13:00:00 GMT+0000 (Greenwich Mean Time),0.1397,0.0262,0.0479,0
Sun Nov 10 2024 14:00:00 GMT+0000 (Greenwich Mean Time),0.1397,0.0262,0.0479,0
Sun Nov 10 2024 15:00:00 GMT+0000 (Greenwich Mean Time),0.1397,0.0262,0.0479,0
Sun Nov 10 2024 16:00:00 GMT+0000 (Greenwich Mean Time),0.1397,0.0262,0.0479,0
Sun Nov 10 2024 17:00:00 GMT+0000 (Greenwich Mean Time),0.1397,0.0262,0.0479,0
Sun Nov 10 2024 18:00:00 GMT+0000 (Greenwich Mean Time),0.1397,0.0262,0.0479,0
Sun Nov 10 2024 19:00:00 GMT+0000 (Greenwich Mean Time),0.1397,0.0262,0.0479,0
Sun Nov 10 2024 20:00:00 GMT+0000 (Greenwich Mean Time),0.1397,0.0262,0.0479,0
Sun Nov 10 2024 21:00:00 GMT+0000 (Greenwich Mean Time),0.1397,0.0262,0.0479,0
Sun Nov 10 2024 22:00:00 GMT+0000 (Greenwich Mean Time),0.1397,0.0262,0.0479,0
Sun Nov 10 2024 23:00:00 GMT+0000 (Greenwich Mean Time),0.1397,0.0262,0.0479,0
Mon Nov 11 2024 00:00:00 GMT+0000 (Greenwich Mean Time),0.1397,0.0262,0.0479,0
Mon Nov 11 2024 01:00:00 GMT+0000 (Greenwich Mean Time),0.1397,0.0262,0.0479,0
Mon Nov 11 2024 02:00:00 GMT+0000 (Greenwich Mean Time),0.1397,0.0262,0.0479,0
Mon Nov 11 2024 03:00:00 GMT+0000 (Greenwich Mean Time),0.1397,0.0262,0.0479,0
Mon Nov 11 2024 04:00:00 GMT+0000 (Greenwich Mean Time),0.1397,0.0262,0.0479,0
Mon Nov 11 2024 05:00:00 GMT+0000 (Greenwich Mean Time),0.1397,0.0262,0.0479,0
Mon Nov 11 2024 06:00:00 GMT+0000 (Greenwich Mean Time),0.1164,0.0416,0.0479,0
Mon Nov 11 2024 07:00:00 GMT+0000 (Greenwich Mean Time),0.1164,0.0416,0.0479,0
Mon Nov 11 2024 08:00:00 GMT+0000 (Greenwich Mean Time),0.1164,0.0416,0.0479,0
Mon Nov 11 2024 09:00:00 GMT+0000 (Greenwich Mean Time),0.1164,0.0416,0.0479,0
Mon Nov 11 2024 10:00:00 GMT+0000 (Greenwich Mean Time),0.1164,0.0416,0.0479,0
Mon Nov 11 2024 11:00:00 GMT+0000 (Greenwich Mean Time),0.1164,0.0416,0.0479,0
Mon Nov 11 2024 12:00:00 GMT+0000 (Greenwich Mean Time),0.1164,0.0416,0.0479,0
Mon Nov 11 2024 13:00:00 GMT+0000 (Greenwich Mean Time),0.1164,0.0416,0.0479,0
Mon Nov 11 2024 14:00:00 GMT+0000 (Greenwich Mean Time),0.1164,0.0416,0.0479,0
Mon Nov 11 2024 15:00:00 GMT+0000 (Greenwich Mean Time),0.1164,0.0416,0.0479,0
Mon Nov 11 2024 16:00:00 GMT+0000 (Greenwich Mean Time),0.1164,0.0416,0.0479,0
Mon Nov 11 2024 17:00:00 GMT+0000 (Greenwich Mean Time),0.1164,0.0416,0.0479,0
Mon Nov 11 2024 18:00:00 GMT+0000 (Greenwich Mean Time),0.1164,0.0416,0.0479,0
Mon Nov 11 2024 19:00:00 GMT+0000 (Greenwich Mean Time),0.1164,0.0416,0.0479,0
Mon Nov 11 2024 20:00:00 GMT+0000 (Greenwich Mean Time),0.1164,0.0416,0.0479,0
Mon Nov 11 2024 21:00:00 GMT+0000 (Greenwich Mean Time),0.1164,0.0416,0.0479,0
Mon Nov 11 2024 22:00:00 GMT+0000 (Greenwich Mean Time),0.1164,0.0416,0.0479,0
Mon Nov 11 2024 23:00:00 GMT+0000 (Greenwich Mean Time),0.1164,0.0416,0.0479,0
Tue Nov 12 2024 00:00:00 GMT+0000 (Greenwich Mean Time),0.1164,0.0416,0.0479,0
Tue Nov 12 2024 01:00:00 GMT+0000 (Greenwich Mean Time),0.1164,0.0416,0.0479,0
Tue Nov 12 2024 02:00:00 GMT+0000 (Greenwich Mean Time),0.1164,0.0416,0.0479,0
Tue Nov 12 2024 03:00:00 GMT+0000 (Greenwich Mean Time),0.1164,0.0416,0.0479,0
Tue Nov 12 2024 04:00:00 GMT+0000 (Greenwich Mean Time),0.1164,0.0416,0.0479,0
Tue Nov 12 2024 05:00:00 GMT+0000 (Greenwich Mean Time),0.1164,0.0416,0.0479,0
Tue Nov 12 2024 06:00:00 GMT+0000 (Greenwich Mean Time),0.0067,0.042,0.0479,0
Tue Nov 12 2024 07:00:00 GMT+0000 (Greenwich Mean Time),0.0067,0.042,0.0479,0
Tue Nov 12 2024 08:00:00 GMT+0000 (Greenwich Mean Time),0.0067,0.042,0.0479,0
Tue Nov 12 2024 09:00:00 GMT+0000 (Greenwich Mean Time),0.0067,0.042,0.0479,0
Tue Nov 12 2024 10:00:00 GMT+0000 (Greenwich Mean Time),0.0067,0.042,0.0479,0
Tue Nov 12 2024 11:00:00 GMT+0000 (Greenwich Mean Time),0.0067,0.042,0.0479,0
Tue Nov 12 2024 12:00:00 GMT+0000 (Greenwich Mean Time),0.0067,0.042,0.0479,0
Tue Nov 12 2024 13:00:00 GMT+0000 (Greenwich Mean Time),0.0067,0.042,0.0479,0
Tue Nov 12 2024 14:00:00 GMT+0000 (Greenwich Mean Time),0.0067,0.042,0.0479,0
Tue Nov 12 2024 15:00:00 GMT+0000 (Greenwich Mean Time),0.0067,0.042,0.0479,0
Tue Nov 12 2024 16:00:00 GMT+0000 (Greenwich Mean Time),0.0067,0.042,0.0479,0
Tue Nov 12 2024 17:00:00 GMT+0000 (Greenwich Mean Time),0.0067,0.042,0.0479,0
Tue Nov 12 2024 18:00:00 GMT+0000 (Greenwich Mean Time),0.0067,0.042,0.0479,0
Tue Nov 12 2024 19:00:00 GMT+0000 (Greenwich Mean Time),0.0067,0.042,0.0479,0
Tue Nov 12 2024 20:00:00 GMT+0000 (Greenwich Mean Time),0.0067,0.042,0.0479,0
Tue Nov 12 2024 21:00:00 GMT+0000 (Greenwich Mean Time),0.0067,0.042,0.0479,0
Tue Nov 12 2024 22:00:00 GMT+0000 (Greenwich Mean Time),0.0067,0.042,0.0479,0
Tue Nov 12 2024 23:00:00 GMT+0000 (Greenwich Mean Time),0.0067,0.042,0.0479,0
Wed Nov 13 2024 00:00:00 GMT+0000 (Greenwich Mean Time),0.0067,0.042,0.0479,0
Wed Nov 13 2024 01:00:00 GMT+0000 (Greenwich Mean Time),0.0067,0.042,0.0479,0
Wed Nov 13 2024 02:00:00 GMT+0000 (Greenwich Mean Time),0.0067,0.042,0.0479,0
Wed Nov 13 2024 03:00:00 GMT+0000 (Greenwich Mean Time),0.0067,0.042,0.0479,0
Wed Nov 13 2024 04:00:00 GMT+0000 (Greenwich Mean Time),0.0067,0.042,0.0479,0
Wed Nov 13 2024 05:00:00 GMT+0000 (Greenwich Mean Time),0.0067,0.042,0.0479,0
Wed Nov 13 2024 06:00:00 GMT+0000 (Greenwich Mean Time),0.0122,0.0427,0.0479,0
Wed Nov 13 2024 07:00:00 GMT+0000 (Greenwich Mean Time),0.0122,0.0427,0.0479,0
Wed Nov 13 2024 08:00:00 GMT+0000 (Greenwich Mean Time),0.0122,0.0427,0.0479,0
Wed Nov 13 2024 09:00:00 GMT+0000 (Greenwich Mean Time),0.0122,0.0427,0.0479,0
Wed Nov 13 2024 10:00:00 GMT+0000 (Greenwich Mean Time),0.0122,0.0427,0.0479,0
Wed Nov 13 2024 11:00:00 GMT+0000 (Greenwich Mean Time),0.0122,0.0427,0.0479,0
Wed Nov 13 2024 12:00:00 GMT+0000 (Greenwich Mean Time),0.0122,0.0427,0.0479,0
Wed Nov 13 2024 13:00:00 GMT+0000 (Greenwich Mean Time),0.0122,0.0427,0.0479,0
Wed Nov 13 2024 14:00:00 GMT+0000 (Greenwich Mean Time),0.0122,0.0427,0.0479,0
Wed Nov 13 2024 15:00:00 GMT+0000 (Greenwich Mean Time),0.0122,0.0427,0.0479,0
Wed Nov 13 2024 16:00:00 GMT+0000 (Greenwich Mean Time),0.0122,0.0427,0.0479,0
Wed Nov 13 2024 17:00:00 GMT+0000 (Greenwich Mean Time),0.0122,0.0427,0.0479,0
Wed Nov 13 2024 18:00:00 GMT+0000 (Greenwich Mean Time),0.0122,0.0427,0.0479,0
Wed Nov 13 2024 19:00:00 GMT+0000 (Greenwich Mean Time),0.0122,0.0427,0.0479,0
Wed Nov 13 2024 20:00:00 GMT+0000 (Greenwich Mean Time),0.0122,0.0427,0.0479,0
Wed Nov 13 2024 21:00:00 GMT+0000 (Greenwich Mean Time),0.0122,0.0427,0.0479,0
Wed Nov 13 2024 22:00:00 GMT+0000 (Greenwich Mean Time),0.0122,0.0427,0.0479,0
Wed Nov 13 2024 23:00:00 GMT+0000 (Greenwich Mean Time),0.0122,0.0427,0.0479,0
Thu Nov 14 2024 00:00:00 GMT+0000 (Greenwich Mean Time),0.0122,0.0427,0.0479,0
Thu Nov 14 2024 01:00:00 GMT+0000 (Greenwich Mean Time),0.0122,0.0427,0.0479,0
Thu Nov 14 2024 02:00:00 GMT+0000 (Greenwich Mean Time),0.0122,0.0427,0.0479,0
Thu Nov 14 2024 03:00:00 GMT+0000 (Greenwich Mean Time),0.0122,0.0427,0.0479,0
Thu Nov 14 2024 04:00:00 GMT+0000 (Greenwich Mean Time),0.0122,0.0427,0.0479,0
Thu Nov 14 2024 05:00:00 GMT+0000 (Greenwich Mean Time),0.0122,0.0427,0.0479,0
Thu Nov 14 2024 06:00:00 GMT+0000 (Greenwich Mean Time),0.0171,0.0446,0.0479,0
Thu Nov 14 2024 07:00:00 GMT+0000 (Greenwich Mean Time),0.0171,0.0446,0.0479,0
Thu Nov 14 2024 08:00:00 GMT+0000 (Greenwich Mean Time),0.0171,0.0446,0.0479,0
Thu Nov 14 2024 09:00:00 GMT+0000 (Greenwich Mean Time),0.0171,0.0446,0.0479,0
Thu Nov 14 2024 10:00:00 GMT+0000 (Greenwich Mean Time),0.0171,0.0446,0.0479,0
Thu Nov 14 2024 11:00:00 GMT+0000 (Greenwich Mean Time),0.0171,0.0446,0.0479,0
Thu Nov 14 2024 12:00:00 GMT+0000 (Greenwich Mean Time),0.0171,0.0446,0.0479,0
Thu Nov 14 2024 13:00:00 GMT+0000 (Greenwich Mean Time),0.0171,0.0446,0.0479,0
Thu Nov 14 2024 14:00:00 GMT+0000 (Greenwich Mean Time),0.0171,0.0446,0.0479,0
Thu Nov 14 2024 15:00:00 GMT+0000 (Greenwich Mean Time),0.0171,0.0446,0.0495,17423.940284553944
Thu Nov 14 2024 16:00:00 GMT+0000 (Greenwich Mean Time),0.0171,0.0446,0.0495,0
Thu Nov 14 2024 17:00:00 GMT+0000 (Greenwich Mean Time),0.0171,0.0446,0.0495,0
Thu Nov 14 2024 18:00:00 GMT+0000 (Greenwich Mean Time),0.0171,0.0446,0.0495,0
Thu Nov 14 2024 19:00:00 GMT+0000 (Greenwich Mean Time),0.0171,0.0446,0.0495,0
Thu Nov 14 2024 20:00:00 GMT+0000 (Greenwich Mean Time),0.0171,0.0446,0.0495,0
Thu Nov 14 2024 21:00:00 GMT+0000 (Greenwich Mean Time),0.0171,0.0446,0.0495,0
Thu Nov 14 2024 22:00:00 GMT+0000 (Greenwich Mean Time),0.0171,0.0446,0.0495,0
Thu Nov 14 2024 23:00:00 GMT+0000 (Greenwich Mean Time),0.0171,0.0446,0.0495,0
Fri Nov 15 2024 00:00:00 GMT+0000 (Greenwich Mean Time),0.0171,0.0446,0.0495,0
Fri Nov 15 2024 01:00:00 GMT+0000 (Greenwich Mean Time),0.0171,0.0446,0.0495,0
Fri Nov 15 2024 02:00:00 GMT+0000 (Greenwich Mean Time),0.0171,0.0446,0.0495,0
Fri Nov 15 2024 03:00:00 GMT+0000 (Greenwich Mean Time),0.0171,0.0446,0.0495,0
Fri Nov 15 2024 04:00:00 GMT+0000 (Greenwich Mean Time),0.0171,0.0446,0.0495,0
Fri Nov 15 2024 05:00:00 GMT+0000 (Greenwich Mean Time),0.0171,0.0446,0.0495,0
Fri Nov 15 2024 06:00:00 GMT+0000 (Greenwich Mean Time),0.0043,0.0417,0.0495,0
Fri Nov 15 2024 07:00:00 GMT+0000 (Greenwich Mean Time),0.0043,0.0417,0.0495,0
Fri Nov 15 2024 08:00:00 GMT+0000 (Greenwich Mean Time),0.0043,0.0417,0.0495,0
Fri Nov 15 2024 09:00:00 GMT+0000 (Greenwich Mean Time),0.0043,0.0417,0.0495,0
Fri Nov 15 2024 10:00:00 GMT+0000 (Greenwich Mean Time),0.0043,0.0417,0.0495,0
Fri Nov 15 2024 11:00:00 GMT+0000 (Greenwich Mean Time),0.0043,0.0417,0.0495,0
Fri Nov 15 2024 12:00:00 GMT+0000 (Greenwich Mean Time),0.0043,0.0417,0.0495,0
Fri Nov 15 2024 13:00:00 GMT+0000 (Greenwich Mean Time),0.0043,0.0417,0.0495,0
Fri Nov 15 2024 14:00:00 GMT+0000 (Greenwich Mean Time),0.0043,0.0417,0.0495,0
Fri Nov 15 2024 15:00:00 GMT+0000 (Greenwich Mean Time),0.0043,0.0417,0.0495,0
Fri Nov 15 2024 16:00:00 GMT+0000 (Greenwich Mean Time),0.0043,0.0417,0.0495,0
Fri Nov 15 2024 17:00:00 GMT+0000 (Greenwich Mean Time),0.0043,0.0417,0.0495,0
Fri Nov 15 2024 18:00:00 GMT+0000 (Greenwich Mean Time),0.0043,0.0417,0.0495,0
Fri Nov 15 2024 19:00:00 GMT+0000 (Greenwich Mean Time),0.0043,0.0417,0.0495,0
Fri Nov 15 2024 20:00:00 GMT+0000 (Greenwich Mean Time),0.0043,0.0417,0.0495,0
Fri Nov 15 2024 21:00:00 GMT+0000 (Greenwich Mean Time),0.0043,0.0417,0.0495,0
Fri Nov 15 2024 22:00:00 GMT+0000 (Greenwich Mean Time),0.0043,0.0417,0.0495,0
Fri Nov 15 2024 23:00:00 GMT+0000 (Greenwich Mean Time),0.0043,0.0417,0.0495,0
Sat Nov 16 2024 00:00:00 GMT+0000 (Greenwich Mean Time),0.0043,0.0417,0.0495,0
Sat Nov 16 2024 01:00:00 GMT+0000 (Greenwich Mean Time),0.0043,0.0417,0.0495,0
Sat Nov 16 2024 02:00:00 GMT+0000 (Greenwich Mean Time),0.0043,0.0417,0.0495,0
Sat Nov 16 2024 03:00:00 GMT+0000 (Greenwich Mean Time),0.0043,0.0417,0.0495,0
Sat Nov 16 2024 04:00:00 GMT+0000 (Greenwich Mean Time),0.0043,0.0417,0.0495,0
Sat Nov 16 2024 05:00:00 GMT+0000 (Greenwich Mean Time),0.0043,0.0417,0.0495,0
Sat Nov 16 2024 06:00:00 GMT+0000 (Greenwich Mean Time),0.0046,0.0416,0.0495,0
Sat Nov 16 2024 07:00:00 GMT+0000 (Greenwich Mean Time),0.0046,0.0416,0.0495,0
Sat Nov 16 2024 08:00:00 GMT+0000 (Greenwich Mean Time),0.0046,0.0416,0.0495,0
Sat Nov 16 2024 09:00:00 GMT+0000 (Greenwich Mean Time),0.0046,0.0416,0.0495,0
Sat Nov 16 2024 10:00:00 GMT+0000 (Greenwich Mean Time),0.0046,0.0416,0.0495,0
Sat Nov 16 2024 11:00:00 GMT+0000 (Greenwich Mean Time),0.0046,0.0416,0.0495,0
Sat Nov 16 2024 12:00:00 GMT+0000 (Greenwich Mean Time),0.0046,0.0416,0.0495,0
Sat Nov 16 2024 13:00:00 GMT+0000 (Greenwich Mean Time),0.0046,0.0416,0.0495,0
Sat Nov 16 2024 14:00:00 GMT+0000 (Greenwich Mean Time),0.0046,0.0416,0.0495,0
Sat Nov 16 2024 15:00:00 GMT+0000 (Greenwich Mean Time),0.0046,0.0416,0.0495,0
Sat Nov 16 2024 16:00:00 GMT+0000 (Greenwich Mean Time),0.0046,0.0416,0.0495,0
Sat Nov 16 2024 17:00:00 GMT+0000 (Greenwich Mean Time),0.0046,0.0416,0.0495,0
Sat Nov 16 2024 18:00:00 GMT+0000 (Greenwich Mean Time),0.0046,0.0416,0.0495,0
Sat Nov 16 2024 19:00:00 GMT+0000 (Greenwich Mean Time),0.0046,0.0416,0.0495,0
Sat Nov 16 2024 20:00:00 GMT+0000 (Greenwich Mean Time),0.0046,0.0416,0.0495,0
Sat Nov 16 2024 21:00:00 GMT+0000 (Greenwich Mean Time),0.0046,0.0416,0.0495,0
Sat Nov 16 2024 22:00:00 GMT+0000 (Greenwich Mean Time),0.0046,0.0416,0.0495,0
Sat Nov 16 2024 23:00:00 GMT+0000 (Greenwich Mean Time),0.0046,0.0416,0.0495,0
Sun Nov 17 2024 00:00:00 GMT+0000 (Greenwich Mean Time),0.0046,0.0416,0.0495,0
Sun Nov 17 2024 01:00:00 GMT+0000 (Greenwich Mean Time),0.0046,0.0416,0.0495,0
Sun Nov 17 2024 02:00:00 GMT+0000 (Greenwich Mean Time),0.0046,0.0416,0.0495,0
Sun Nov 17 2024 03:00:00 GMT+0000 (Greenwich Mean Time),0.0046,0.0416,0.0495,0
Sun Nov 17 2024 04:00:00 GMT+0000 (Greenwich Mean Time),0.0046,0.0416,0.0495,0
Sun Nov 17 2024 05:00:00 GMT+0000 (Greenwich Mean Time),0.0046,0.0416,0.0495,0
Sun Nov 17 2024 06:00:00 GMT+0000 (Greenwich Mean Time),0.0052,0.0231,0.0495,0
Sun Nov 17 2024 07:00:00 GMT+0000 (Greenwich Mean Time),0.0052,0.0231,0.0495,0
Sun Nov 17 2024 08:00:00 GMT+0000 (Greenwich Mean Time),0.0052,0.0231,0.0495,0
Sun Nov 17 2024 09:00:00 GMT+0000 (Greenwich Mean Time),0.0052,0.0231,0.0495,0
Sun Nov 17 2024 10:00:00 GMT+0000 (Greenwich Mean Time),0.0052,0.0231,0.0495,0
Sun Nov 17 2024 11:00:00 GMT+0000 (Greenwich Mean Time),0.0052,0.0231,0.0495,0
Sun Nov 17 2024 12:00:00 GMT+0000 (Greenwich Mean Time),0.0052,0.0231,0.0495,0
Sun Nov 17 2024 13:00:00 GMT+0000 (Greenwich Mean Time),0.0052,0.0231,0.0495,0
Sun Nov 17 2024 14:00:00 GMT+0000 (Greenwich Mean Time),0.0052,0.0231,0.0495,0
Sun Nov 17 2024 15:00:00 GMT+0000 (Greenwich Mean Time),0.0052,0.0231,0.0496,323.9244288282606
Sun Nov 17 2024 16:00:00 GMT+0000 (Greenwich Mean Time),0.0052,0.0231,0.0496,0
Sun Nov 17 2024 17:00:00 GMT+0000 (Greenwich Mean Time),0.0052,0.0231,0.0496,0
Sun Nov 17 2024 18:00:00 GMT+0000 (Greenwich Mean Time),0.0052,0.0231,0.0496,0
Sun Nov 17 2024 19:00:00 GMT+0000 (Greenwich Mean Time),0.0052,0.0231,0.0496,0
Sun Nov 17 2024 20:00:00 GMT+0000 (Greenwich Mean Time),0.0052,0.0231,0.0496,0
Sun Nov 17 2024 21:00:00 GMT+0000 (Greenwich Mean Time),0.0052,0.0231,0.0496,0
Sun Nov 17 2024 22:00:00 GMT+0000 (Greenwich Mean Time),0.0052,0.0231,0.0496,0
Sun Nov 17 2024 23:00:00 GMT+0000 (Greenwich Mean Time),0.0052,0.0231,0.05,4455.156616864817
Mon Nov 18 2024 00:00:00 GMT+0000 (Greenwich Mean Time),0.0052,0.0231,0.05,0
Mon Nov 18 2024 01:00:00 GMT+0000 (Greenwich Mean Time),0.0052,0.0231,0.05,0
Mon Nov 18 2024 02:00:00 GMT+0000 (Greenwich Mean Time),0.0052,0.0231,0.05,0
Mon Nov 18 2024 03:00:00 GMT+0000 (Greenwich Mean Time),0.0052,0.0231,0.05,0
Mon Nov 18 2024 04:00:00 GMT+0000 (Greenwich Mean Time),0.0052,0.0231,0.05,0
Mon Nov 18 2024 05:00:00 GMT+0000 (Greenwich Mean Time),0.0052,0.0231,0.05,0
Mon Nov 18 2024 06:00:00 GMT+0000 (Greenwich Mean Time),0.0025,0.0075,0.05,0
Mon Nov 18 2024 07:00:00 GMT+0000 (Greenwich Mean Time),0.0025,0.0075,0.05,0
Mon Nov 18 2024 08:00:00 GMT+0000 (Greenwich Mean Time),0.0025,0.0075,0.05,0
Mon Nov 18 2024 09:00:00 GMT+0000 (Greenwich Mean Time),0.0025,0.0075,0.05,0
Mon Nov 18 2024 10:00:00 GMT+0000 (Greenwich Mean Time),0.0025,0.0075,0.05,0
Mon Nov 18 2024 11:00:00 GMT+0000 (Greenwich Mean Time),0.0025,0.0075,0.05,0
Mon Nov 18 2024 12:00:00 GMT+0000 (Greenwich Mean Time),0.0025,0.0075,0.05,0
Mon Nov 18 2024 13:00:00 GMT+0000 (Greenwich Mean Time),0.0025,0.0075,0.05,0
Mon Nov 18 2024 14:00:00 GMT+0000 (Greenwich Mean Time),0.0025,0.0075,0.05,0
Mon Nov 18 2024 15:00:00 GMT+0000 (Greenwich Mean Time),0.0025,0.0075,0.05,0
Mon Nov 18 2024 16:00:00 GMT+0000 (Greenwich Mean Time),0.0025,0.0075,0.05,0
Mon Nov 18 2024 17:00:00 GMT+0000 (Greenwich Mean Time),0.0025,0.0075,0.05,0
Mon Nov 18 2024 18:00:00 GMT+0000 (Greenwich Mean Time),0.0025,0.0075,0.05,0
Mon Nov 18 2024 19:00:00 GMT+0000 (Greenwich Mean Time),0.0025,0.0075,0.05,0
Mon Nov 18 2024 20:00:00 GMT+0000 (Greenwich Mean Time),0.0025,0.0075,0.05,0
Mon Nov 18 2024 21:00:00 GMT+0000 (Greenwich Mean Time),0.0025,0.0075,0.05,0
Mon Nov 18 2024 22:00:00 GMT+0000 (Greenwich Mean Time),0.0025,0.0075,0.05,0
Mon Nov 18 2024 23:00:00 GMT+0000 (Greenwich Mean Time),0.0025,0.0075,0.05,0
Tue Nov 19 2024 00:00:00 GMT+0000 (Greenwich Mean Time),0.0025,0.0075,0.05,0
Tue Nov 19 2024 01:00:00 GMT+0000 (Greenwich Mean Time),0.0025,0.0075,0.05,0
Tue Nov 19 2024 02:00:00 GMT+0000 (Greenwich Mean Time),0.0025,0.0075,0.05,0
Tue Nov 19 2024 03:00:00 GMT+0000 (Greenwich Mean Time),0.0025,0.0075,0.05,0
Tue Nov 19 2024 04:00:00 GMT+0000 (Greenwich Mean Time),0.0025,0.0075,0.05,0
Tue Nov 19 2024 05:00:00 GMT+0000 (Greenwich Mean Time),0.0025,0.0075,0.05,0
Tue Nov 19 2024 06:00:00 GMT+0000 (Greenwich Mean Time),0.1148,0.0223,0.05,0
Tue Nov 19 2024 07:00:00 GMT+0000 (Greenwich Mean Time),0.1148,0.0223,0.05,0
Tue Nov 19 2024 08:00:00 GMT+0000 (Greenwich Mean Time),0.1148,0.0223,0.05,0
Tue Nov 19 2024 09:00:00 GMT+0000 (Greenwich Mean Time),0.1148,0.0223,0.05,0
Tue Nov 19 2024 10:00:00 GMT+0000 (Greenwich Mean Time),0.1148,0.0223,0.05,0
Tue Nov 19 2024 11:00:00 GMT+0000 (Greenwich Mean Time),0.1148,0.0223,0.05,0
Tue Nov 19 2024 12:00:00 GMT+0000 (Greenwich Mean Time),0.1148,0.0223,0.05,0
Tue Nov 19 2024 13:00:00 GMT+0000 (Greenwich Mean Time),0.1148,0.0223,0.0516,17038.470618963776
Tue Nov 19 2024 14:00:00 GMT+0000 (Greenwich Mean Time),0.1148,0.0223,0.0516,0
Tue Nov 19 2024 15:00:00 GMT+0000 (Greenwich Mean Time),0.1148,0.0223,0.0516,0
Tue Nov 19 2024 16:00:00 GMT+0000 (Greenwich Mean Time),0.1148,0.0223,0.0516,0
Tue Nov 19 2024 17:00:00 GMT+0000 (Greenwich Mean Time),0.1148,0.0223,0.0516,0
Tue Nov 19 2024 18:00:00 GMT+0000 (Greenwich Mean Time),0.1148,0.0223,0.0516,0
Tue Nov 19 2024 19:00:00 GMT+0000 (Greenwich Mean Time),0.1148,0.0223,0.0516,0
Tue Nov 19 2024 20:00:00 GMT+0000 (Greenwich Mean Time),0.1148,0.0223,0.0516,0
Tue Nov 19 2024 21:00:00 GMT+0000 (Greenwich Mean Time),0.1148,0.0223,0.0516,0
Tue Nov 19 2024 22:00:00 GMT+0000 (Greenwich Mean Time),0.1148,0.0223,0.0516,0
Tue Nov 19 2024 23:00:00 GMT+0000 (Greenwich Mean Time),0.1148,0.0223,0.0516,0
Wed Nov 20 2024 00:00:00 GMT+0000 (Greenwich Mean Time),0.1147,0.0223,0.0516,0
Wed Nov 20 2024 01:00:00 GMT+0000 (Greenwich Mean Time),0.1147,0.0223,0.0516,0
Wed Nov 20 2024 02:00:00 GMT+0000 (Greenwich Mean Time),0.1147,0.0223,0.0516,0
Wed Nov 20 2024 03:00:00 GMT+0000 (Greenwich Mean Time),0.1147,0.0223,0.0516,0
Wed Nov 20 2024 04:00:00 GMT+0000 (Greenwich Mean Time),0.1147,0.0223,0.0516,0
Wed Nov 20 2024 05:00:00 GMT+0000 (Greenwich Mean Time),0.1147,0.0223,0.0516,0
Wed Nov 20 2024 06:00:00 GMT+0000 (Greenwich Mean Time),0.1157,0.0366,0.0516,0
Wed Nov 20 2024 07:00:00 GMT+0000 (Greenwich Mean Time),0.1157,0.0366,0.0516,0
Wed Nov 20 2024 08:00:00 GMT+0000 (Greenwich Mean Time),0.1157,0.0366,0.0512,3988.183300091726
Wed Nov 20 2024 09:00:00 GMT+0000 (Greenwich Mean Time),0.1157,0.0366,0.0512,0
Wed Nov 20 2024 10:00:00 GMT+0000 (Greenwich Mean Time),0.1157,0.0366,0.0512,0
Wed Nov 20 2024 11:00:00 GMT+0000 (Greenwich Mean Time),0.1157,0.0366,0.0512,0
Wed Nov 20 2024 12:00:00 GMT+0000 (Greenwich Mean Time),0.1157,0.0366,0.0512,0
Wed Nov 20 2024 13:00:00 GMT+0000 (Greenwich Mean Time),0.1157,0.0366,0.0512,0
Wed Nov 20 2024 14:00:00 GMT+0000 (Greenwich Mean Time),0.1157,0.0366,0.0512,0
Wed Nov 20 2024 15:00:00 GMT+0000 (Greenwich Mean Time),0.1157,0.0366,0.0512,0
Wed Nov 20 2024 16:00:00 GMT+0000 (Greenwich Mean Time),0.1157,0.0366,0.0512,0
Wed Nov 20 2024 17:00:00 GMT+0000 (Greenwich Mean Time),0.1157,0.0366,0.0512,0
Wed Nov 20 2024 18:00:00 GMT+0000 (Greenwich Mean Time),0.1157,0.0366,0.0512,0
Wed Nov 20 2024 19:00:00 GMT+0000 (Greenwich Mean Time),0.1157,0.0366,0.0512,0
Wed Nov 20 2024 20:00:00 GMT+0000 (Greenwich Mean Time),0.1157,0.0366,0.0512,0
Wed Nov 20 2024 21:00:00 GMT+0000 (Greenwich Mean Time),0.1157,0.0366,0.0512,0
Wed Nov 20 2024 22:00:00 GMT+0000 (Greenwich Mean Time),0.1157,0.0366,0.0512,0
Wed Nov 20 2024 23:00:00 GMT+0000 (Greenwich Mean Time),0.1157,0.0366,0.0512,0
Thu Nov 21 2024 00:00:00 GMT+0000 (Greenwich Mean Time),0.1156,0.0366,0.0512,0
Thu Nov 21 2024 01:00:00 GMT+0000 (Greenwich Mean Time),0.1156,0.0366,0.0512,0
Thu Nov 21 2024 02:00:00 GMT+0000 (Greenwich Mean Time),0.1156,0.0366,0.0512,0
Thu Nov 21 2024 03:00:00 GMT+0000 (Greenwich Mean Time),0.1156,0.0366,0.0512,0
Thu Nov 21 2024 04:00:00 GMT+0000 (Greenwich Mean Time),0.1156,0.0366,0.0512,0
Thu Nov 21 2024 05:00:00 GMT+0000 (Greenwich Mean Time),0.1156,0.0366,0.0512,0
Thu Nov 21 2024 06:00:00 GMT+0000 (Greenwich Mean Time),0.0187,0.0368,0.0512,0
Thu Nov 21 2024 07:00:00 GMT+0000 (Greenwich Mean Time),0.0187,0.0368,0.0512,0
Thu Nov 21 2024 08:00:00 GMT+0000 (Greenwich Mean Time),0.0187,0.0368,0.0512,0
Thu Nov 21 2024 09:00:00 GMT+0000 (Greenwich Mean Time),0.0187,0.0368,0.0512,0
Thu Nov 21 2024 10:00:00 GMT+0000 (Greenwich Mean Time),0.0187,0.0368,0.0512,0
Thu Nov 21 2024 11:00:00 GMT+0000 (Greenwich Mean Time),0.0187,0.0368,0.0512,0
Thu Nov 21 2024 12:00:00 GMT+0000 (Greenwich Mean Time),0.0187,0.0368,0.0512,0
Thu Nov 21 2024 13:00:00 GMT+0000 (Greenwich Mean Time),0.0187,0.0368,0.0512,0
Thu Nov 21 2024 14:00:00 GMT+0000 (Greenwich Mean Time),0.0187,0.0368,0.0512,0
Thu Nov 21 2024 15:00:00 GMT+0000 (Greenwich Mean Time),0.0187,0.0368,0.0512,0
Thu Nov 21 2024 16:00:00 GMT+0000 (Greenwich Mean Time),0.0187,0.0368,0.0512,0
Thu Nov 21 2024 17:00:00 GMT+0000 (Greenwich Mean Time),0.0187,0.0368,0.0512,0
Thu Nov 21 2024 18:00:00 GMT+0000 (Greenwich Mean Time),0.0187,0.0368,0.0512,0
Thu Nov 21 2024 19:00:00 GMT+0000 (Greenwich Mean Time),0.0187,0.0368,0.0512,0
Thu Nov 21 2024 20:00:00 GMT+0000 (Greenwich Mean Time),0.0187,0.0368,0.0512,0
Thu Nov 21 2024 21:00:00 GMT+0000 (Greenwich Mean Time),0.0187,0.0368,0.0515,3312.3726326713086
Thu Nov 21 2024 22:00:00 GMT+0000 (Greenwich Mean Time),0.0187,0.0368,0.0515,0
Thu Nov 21 2024 23:00:00 GMT+0000 (Greenwich Mean Time),0.0187,0.0368,0.0515,0
Fri Nov 22 2024 00:00:00 GMT+0000 (Greenwich Mean Time),0.0187,0.0368,0.0515,0
Fri Nov 22 2024 01:00:00 GMT+0000 (Greenwich Mean Time),0.0187,0.0368,0.0515,0
Fri Nov 22 2024 02:00:00 GMT+0000 (Greenwich Mean Time),0.0187,0.0368,0.0515,0
Fri Nov 22 2024 03:00:00 GMT+0000 (Greenwich Mean Time),0.0187,0.0368,0.0515,0
Fri Nov 22 2024 04:00:00 GMT+0000 (Greenwich Mean Time),0.0187,0.0368,0.0515,0
Fri Nov 22 2024 05:00:00 GMT+0000 (Greenwich Mean Time),0.0187,0.0368,0.0515,0
Fri Nov 22 2024 06:00:00 GMT+0000 (Greenwich Mean Time),0,0.0423,0.0515,0
Fri Nov 22 2024 07:00:00 GMT+0000 (Greenwich Mean Time),0,0.0423,0.0515,0
Fri Nov 22 2024 08:00:00 GMT+0000 (Greenwich Mean Time),0.011,0.0375,0.0515,0
Fri Nov 22 2024 09:00:00 GMT+0000 (Greenwich Mean Time),0.011,0.0375,0.0515,0
Fri Nov 22 2024 10:00:00 GMT+0000 (Greenwich Mean Time),0.011,0.0375,0.0515,0
Fri Nov 22 2024 11:00:00 GMT+0000 (Greenwich Mean Time),0.011,0.0375,0.0515,0
Fri Nov 22 2024 12:00:00 GMT+0000 (Greenwich Mean Time),0.011,0.0375,0.0515,0
Fri Nov 22 2024 13:00:00 GMT+0000 (Greenwich Mean Time),0.011,0.0375,0.0515,0
Fri Nov 22 2024 14:00:00 GMT+0000 (Greenwich Mean Time),0.011,0.0375,0.0515,0
Fri Nov 22 2024 15:00:00 GMT+0000 (Greenwich Mean Time),0.011,0.0375,0.0515,0
Fri Nov 22 2024 16:00:00 GMT+0000 (Greenwich Mean Time),0.011,0.0375,0.0515,0
Fri Nov 22 2024 17:00:00 GMT+0000 (Greenwich Mean Time),0.011,0.0375,0.0515,0
Fri Nov 22 2024 18:00:00 GMT+0000 (Greenwich Mean Time),0.011,0.0375,0.0515,0
Fri Nov 22 2024 19:00:00 GMT+0000 (Greenwich Mean Time),0.011,0.0375,0.0515,0
Fri Nov 22 2024 20:00:00 GMT+0000 (Greenwich Mean Time),0.011,0.0375,0.0515,0
Fri Nov 22 2024 21:00:00 GMT+0000 (Greenwich Mean Time),0.011,0.0375,0.0515,0
Fri Nov 22 2024 22:00:00 GMT+0000 (Greenwich Mean Time),0.011,0.0375,0.0515,0
Fri Nov 22 2024 23:00:00 GMT+0000 (Greenwich Mean Time),0.011,0.0375,0.0515,0
Sat Nov 23 2024 00:00:00 GMT+0000 (Greenwich Mean Time),0.011,0.0375,0.0515,0
Sat Nov 23 2024 01:00:00 GMT+0000 (Greenwich Mean Time),0.011,0.0375,0.0515,0
Sat Nov 23 2024 02:00:00 GMT+0000 (Greenwich Mean Time),0.011,0.0375,0.0515,0
Sat Nov 23 2024 03:00:00 GMT+0000 (Greenwich Mean Time),0.011,0.0375,0.0515,0
Sat Nov 23 2024 04:00:00 GMT+0000 (Greenwich Mean Time),0.011,0.0375,0.0515,0
Sat Nov 23 2024 05:00:00 GMT+0000 (Greenwich Mean Time),0.011,0.0375,0.0515,0
Sat Nov 23 2024 06:00:00 GMT+0000 (Greenwich Mean Time),0.0082,0.0379,0.0515,0
Sat Nov 23 2024 07:00:00 GMT+0000 (Greenwich Mean Time),0.0082,0.0379,0.0515,0
Sat Nov 23 2024 08:00:00 GMT+0000 (Greenwich Mean Time),0.0048,0.0379,0.0515,0
Sat Nov 23 2024 09:00:00 GMT+0000 (Greenwich Mean Time),0.0048,0.0379,0.0515,0
Sat Nov 23 2024 10:00:00 GMT+0000 (Greenwich Mean Time),0.0048,0.0379,0.0515,0
Sat Nov 23 2024 11:00:00 GMT+0000 (Greenwich Mean Time),0.0048,0.0379,0.0515,0
Sat Nov 23 2024 12:00:00 GMT+0000 (Greenwich Mean Time),0.0048,0.0379,0.0515,0
Sat Nov 23 2024 13:00:00 GMT+0000 (Greenwich Mean Time),0.0048,0.0379,0.0515,0
Sat Nov 23 2024 14:00:00 GMT+0000 (Greenwich Mean Time),0.0048,0.0379,0.0515,0
Sat Nov 23 2024 15:00:00 GMT+0000 (Greenwich Mean Time),0.0048,0.0379,0.0515,0
Sat Nov 23 2024 16:00:00 GMT+0000 (Greenwich Mean Time),0.0048,0.0379,0.0515,0
Sat Nov 23 2024 17:00:00 GMT+0000 (Greenwich Mean Time),0.0048,0.0379,0.0515,0
Sat Nov 23 2024 18:00:00 GMT+0000 (Greenwich Mean Time),0.0048,0.0379,0.0515,0
Sat Nov 23 2024 19:00:00 GMT+0000 (Greenwich Mean Time),0.0048,0.0379,0.0515,0
Sat Nov 23 2024 20:00:00 GMT+0000 (Greenwich Mean Time),0.0048,0.0379,0.0515,0
Sat Nov 23 2024 21:00:00 GMT+0000 (Greenwich Mean Time),0.0048,0.0379,0.0515,0
Sat Nov 23 2024 22:00:00 GMT+0000 (Greenwich Mean Time),0.0048,0.0379,0.0515,0
Sat Nov 23 2024 23:00:00 GMT+0000 (Greenwich Mean Time),0.0048,0.0379,0.0515,0
Sun Nov 24 2024 00:00:00 GMT+0000 (Greenwich Mean Time),0.0048,0.0379,0.0515,0
Sun Nov 24 2024 01:00:00 GMT+0000 (Greenwich Mean Time),0.0048,0.0379,0.0515,0
Sun Nov 24 2024 02:00:00 GMT+0000 (Greenwich Mean Time),0.0048,0.0379,0.0515,0
Sun Nov 24 2024 03:00:00 GMT+0000 (Greenwich Mean Time),0.0048,0.0379,0.0515,0
Sun Nov 24 2024 04:00:00 GMT+0000 (Greenwich Mean Time),0.0048,0.0379,0.0515,0
Sun Nov 24 2024 05:00:00 GMT+0000 (Greenwich Mean Time),0.0048,0.0379,0.0515,0
Sun Nov 24 2024 06:00:00 GMT+0000 (Greenwich Mean Time),0.0035,0.0377,0.0515,0
Sun Nov 24 2024 07:00:00 GMT+0000 (Greenwich Mean Time),0.0035,0.0377,0.0515,0
Sun Nov 24 2024 08:00:00 GMT+0000 (Greenwich Mean Time),0.0035,0.0377,0.0515,0
Sun Nov 24 2024 09:00:00 GMT+0000 (Greenwich Mean Time),0.0035,0.0377,0.0515,0
Sun Nov 24 2024 10:00:00 GMT+0000 (Greenwich Mean Time),0.0035,0.0377,0.0515,0
Sun Nov 24 2024 11:00:00 GMT+0000 (Greenwich Mean Time),0.0035,0.0377,0.0515,0
Sun Nov 24 2024 12:00:00 GMT+0000 (Greenwich Mean Time),0.0035,0.0377,0.0515,0
Sun Nov 24 2024 13:00:00 GMT+0000 (Greenwich Mean Time),0.0035,0.0377,0.0515,0
Sun Nov 24 2024 14:00:00 GMT+0000 (Greenwich Mean Time),0.0035,0.0377,0.0515,0
Sun Nov 24 2024 15:00:00 GMT+0000 (Greenwich Mean Time),0.0035,0.0377,0.0515,0
Sun Nov 24 2024 16:00:00 GMT+0000 (Greenwich Mean Time),0.0035,0.0377,0.0515,0
Sun Nov 24 2024 17:00:00 GMT+0000 (Greenwich Mean Time),0.0035,0.0377,0.0515,0
Sun Nov 24 2024 18:00:00 GMT+0000 (Greenwich Mean Time),0.0035,0.0377,0.0515,0
Sun Nov 24 2024 19:00:00 GMT+0000 (Greenwich Mean Time),0.0035,0.0377,0.0515,0
Sun Nov 24 2024 20:00:00 GMT+0000 (Greenwich Mean Time),0.0035,0.0377,0.0515,0
Sun Nov 24 2024 21:00:00 GMT+0000 (Greenwich Mean Time),0.0035,0.0377,0.0515,0
Sun Nov 24 2024 22:00:00 GMT+0000 (Greenwich Mean Time),0.0035,0.0377,0.0515,0
Sun Nov 24 2024 23:00:00 GMT+0000 (Greenwich Mean Time),0.0035,0.0377,0.0515,0
Mon Nov 25 2024 00:00:00 GMT+0000 (Greenwich Mean Time),0.0035,0.0377,0.0515,0
Mon Nov 25 2024 01:00:00 GMT+0000 (Greenwich Mean Time),0.0035,0.0377,0.0515,0
Mon Nov 25 2024 02:00:00 GMT+0000 (Greenwich Mean Time),0.0035,0.0377,0.0515,0
Mon Nov 25 2024 03:00:00 GMT+0000 (Greenwich Mean Time),0.0035,0.0377,0.0515,0
Mon Nov 25 2024 04:00:00 GMT+0000 (Greenwich Mean Time),0.0035,0.0377,0.0515,0
Mon Nov 25 2024 05:00:00 GMT+0000 (Greenwich Mean Time),0.0035,0.0377,0.0515,0
Mon Nov 25 2024 06:00:00 GMT+0000 (Greenwich Mean Time),0.007,0.0383,0.0515,0
Mon Nov 25 2024 07:00:00 GMT+0000 (Greenwich Mean Time),0.007,0.0383,0.0515,0
Mon Nov 25 2024 08:00:00 GMT+0000 (Greenwich Mean Time),0.007,0.0383,0.0515,0
Mon Nov 25 2024 09:00:00 GMT+0000 (Greenwich Mean Time),0.007,0.0383,0.0515,0
Mon Nov 25 2024 10:00:00 GMT+0000 (Greenwich Mean Time),0.007,0.0383,0.0515,0
Mon Nov 25 2024 11:00:00 GMT+0000 (Greenwich Mean Time),0.007,0.0383,0.0515,0
Mon Nov 25 2024 12:00:00 GMT+0000 (Greenwich Mean Time),0.007,0.0383,0.0515,0
Mon Nov 25 2024 13:00:00 GMT+0000 (Greenwich Mean Time),0.007,0.0383,0.0515,0
Mon Nov 25 2024 14:00:00 GMT+0000 (Greenwich Mean Time),0.007,0.0383,0.0515,0
Mon Nov 25 2024 15:00:00 GMT+0000 (Greenwich Mean Time),0.007,0.0383,0.0515,0
Mon Nov 25 2024 16:00:00 GMT+0000 (Greenwich Mean Time),0.007,0.0383,0.0515,0
Mon Nov 25 2024 17:00:00 GMT+0000 (Greenwich Mean Time),0.007,0.0383,0.0515,0
Mon Nov 25 2024 18:00:00 GMT+0000 (Greenwich Mean Time),0.007,0.0383,0.0515,0
Mon Nov 25 2024 19:00:00 GMT+0000 (Greenwich Mean Time),0.007,0.0383,0.0515,0
Mon Nov 25 2024 20:00:00 GMT+0000 (Greenwich Mean Time),0.007,0.0383,0.0515,0
Mon Nov 25 2024 21:00:00 GMT+0000 (Greenwich Mean Time),0.007,0.0383,0.0515,0
Mon Nov 25 2024 22:00:00 GMT+0000 (Greenwich Mean Time),0.007,0.0383,0.0515,0
Mon Nov 25 2024 23:00:00 GMT+0000 (Greenwich Mean Time),0.007,0.0383,0.0515,0
Tue Nov 26 2024 00:00:00 GMT+0000 (Greenwich Mean Time),0.007,0.0383,0.0515,0
Tue Nov 26 2024 01:00:00 GMT+0000 (Greenwich Mean Time),0.007,0.0383,0.0515,0
Tue Nov 26 2024 02:00:00 GMT+0000 (Greenwich Mean Time),0.007,0.0383,0.0515,0
Tue Nov 26 2024 03:00:00 GMT+0000 (Greenwich Mean Time),0.007,0.0383,0.0515,0
Tue Nov 26 2024 04:00:00 GMT+0000 (Greenwich Mean Time),0.007,0.0383,0.0515,0
Tue Nov 26 2024 05:00:00 GMT+0000 (Greenwich Mean Time),0.007,0.0383,0.0515,0
Tue Nov 26 2024 06:00:00 GMT+0000 (Greenwich Mean Time),0.0035,0.0228,0.0515,0
Tue Nov 26 2024 07:00:00 GMT+0000 (Greenwich Mean Time),0.0035,0.0228,0.0515,0
Tue Nov 26 2024 08:00:00 GMT+0000 (Greenwich Mean Time),0.0035,0.0228,0.0515,0
Tue Nov 26 2024 09:00:00 GMT+0000 (Greenwich Mean Time),0.0035,0.0228,0.0515,0
Tue Nov 26 2024 10:00:00 GMT+0000 (Greenwich Mean Time),0.0035,0.0228,0.0515,0
Tue Nov 26 2024 11:00:00 GMT+0000 (Greenwich Mean Time),0.0035,0.0228,0.0515,0
Tue Nov 26 2024 12:00:00 GMT+0000 (Greenwich Mean Time),0.0035,0.0228,0.0515,0
Tue Nov 26 2024 13:00:00 GMT+0000 (Greenwich Mean Time),0.0035,0.0228,0.0515,0
Tue Nov 26 2024 14:00:00 GMT+0000 (Greenwich Mean Time),0.0035,0.0228,0.0515,0
Tue Nov 26 2024 15:00:00 GMT+0000 (Greenwich Mean Time),0.0035,0.0228,0.0515,0
Tue Nov 26 2024 16:00:00 GMT+0000 (Greenwich Mean Time),0.0035,0.0228,0.0515,0
Tue Nov 26 2024 17:00:00 GMT+0000 (Greenwich Mean Time),0.0035,0.0228,0.0515,0
Tue Nov 26 2024 18:00:00 GMT+0000 (Greenwich Mean Time),0.0035,0.0228,0.0515,0
Tue Nov 26 2024 19:00:00 GMT+0000 (Greenwich Mean Time),0.0035,0.0228,0.0515,0
Tue Nov 26 2024 20:00:00 GMT+0000 (Greenwich Mean Time),0.0035,0.0228,0.0515,0
Tue Nov 26 2024 21:00:00 GMT+0000 (Greenwich Mean Time),0.0035,0.0228,0.0515,0
Tue Nov 26 2024 22:00:00 GMT+0000 (Greenwich Mean Time),0.0035,0.0228,0.0515,0
Tue Nov 26 2024 23:00:00 GMT+0000 (Greenwich Mean Time),0.0035,0.0228,0.0515,0
Wed Nov 27 2024 00:00:00 GMT+0000 (Greenwich Mean Time),0.0035,0.0228,0.0515,0
Wed Nov 27 2024 01:00:00 GMT+0000 (Greenwich Mean Time),0.0035,0.0228,0.0475,42806.367779578584
Wed Nov 27 2024 02:00:00 GMT+0000 (Greenwich Mean Time),0.0035,0.0228,0.0475,0
Wed Nov 27 2024 03:00:00 GMT+0000 (Greenwich Mean Time),0.0035,0.0228,0.0475,0
Wed Nov 27 2024 04:00:00 GMT+0000 (Greenwich Mean Time),0.0035,0.0228,0.0475,0
Wed Nov 27 2024 05:00:00 GMT+0000 (Greenwich Mean Time),0.0035,0.0228,0.0475,0
Wed Nov 27 2024 06:00:00 GMT+0000 (Greenwich Mean Time),0.0019,0.0073,0.0475,0
Wed Nov 27 2024 07:00:00 GMT+0000 (Greenwich Mean Time),0.0019,0.0073,0.0475,0
Wed Nov 27 2024 08:00:00 GMT+0000 (Greenwich Mean Time),0.0019,0.0073,0.043,43447.038969618276
Wed Nov 27 2024 09:00:00 GMT+0000 (Greenwich Mean Time),0.0019,0.0073,0.043,0
Wed Nov 27 2024 10:00:00 GMT+0000 (Greenwich Mean Time),0.0019,0.0073,0.043,0
Wed Nov 27 2024 11:00:00 GMT+0000 (Greenwich Mean Time),0.0019,0.0073,0.043,0
Wed Nov 27 2024 12:00:00 GMT+0000 (Greenwich Mean Time),0.0019,0.0073,0.043,0
Wed Nov 27 2024 13:00:00 GMT+0000 (Greenwich Mean Time),0.0019,0.0073,0.043,0
Wed Nov 27 2024 14:00:00 GMT+0000 (Greenwich Mean Time),0.0019,0.0073,0.043,0
Wed Nov 27 2024 15:00:00 GMT+0000 (Greenwich Mean Time),0.0019,0.0073,0.043,0
Wed Nov 27 2024 16:00:00 GMT+0000 (Greenwich Mean Time),0.0019,0.0073,0.043,0
Wed Nov 27 2024 17:00:00 GMT+0000 (Greenwich Mean Time),0.0019,0.0073,0.043,0
Wed Nov 27 2024 18:00:00 GMT+0000 (Greenwich Mean Time),0.0019,0.0073,0.043,0
Wed Nov 27 2024 19:00:00 GMT+0000 (Greenwich Mean Time),0.0019,0.0073,0.043,0
Wed Nov 27 2024 20:00:00 GMT+0000 (Greenwich Mean Time),0.0019,0.0073,0.043,0
Wed Nov 27 2024 21:00:00 GMT+0000 (Greenwich Mean Time),0.0019,0.0073,0.043,0
Wed Nov 27 2024 22:00:00 GMT+0000 (Greenwich Mean Time),0.0019,0.0073,0.043,0
Wed Nov 27 2024 23:00:00 GMT+0000 (Greenwich Mean Time),0.0019,0.0073,0.043,0
Thu Nov 28 2024 00:00:00 GMT+0000 (Greenwich Mean Time),0.0019,0.0073,0.043,0
Thu Nov 28 2024 01:00:00 GMT+0000 (Greenwich Mean Time),0.0019,0.0073,0.043,0
Thu Nov 28 2024 02:00:00 GMT+0000 (Greenwich Mean Time),0.0019,0.0073,0.043,0
Thu Nov 28 2024 03:00:00 GMT+0000 (Greenwich Mean Time),0.0019,0.0073,0.043,0
Thu Nov 28 2024 04:00:00 GMT+0000 (Greenwich Mean Time),0.0019,0.0073,0.043,0
Thu Nov 28 2024 05:00:00 GMT+0000 (Greenwich Mean Time),0.0019,0.0073,0.043,0
Thu Nov 28 2024 06:00:00 GMT+0000 (Greenwich Mean Time),0.0024,0.0049,0.043,0
Thu Nov 28 2024 07:00:00 GMT+0000 (Greenwich Mean Time),0.0024,0.0049,0.043,0
Thu Nov 28 2024 08:00:00 GMT+0000 (Greenwich Mean Time),0.0024,0.0049,0.043,0
Thu Nov 28 2024 09:00:00 GMT+0000 (Greenwich Mean Time),0.0024,0.0049,0.043,0
Thu Nov 28 2024 10:00:00 GMT+0000 (Greenwich Mean Time),0.0024,0.0049,0.043,0
Thu Nov 28 2024 11:00:00 GMT+0000 (Greenwich Mean Time),0.0024,0.0049,0.043,0
Thu Nov 28 2024 12:00:00 GMT+0000 (Greenwich Mean Time),0.0024,0.0049,0.043,0
Thu Nov 28 2024 13:00:00 GMT+0000 (Greenwich Mean Time),0.0024,0.0049,0.043,0
Thu Nov 28 2024 14:00:00 GMT+0000 (Greenwich Mean Time),0.0024,0.0049,0.043,0
Thu Nov 28 2024 15:00:00 GMT+0000 (Greenwich Mean Time),0.0024,0.0049,0.043,0
Thu Nov 28 2024 16:00:00 GMT+0000 (Greenwich Mean Time),0.0024,0.0049,0.043,0
Thu Nov 28 2024 17:00:00 GMT+0000 (Greenwich Mean Time),0.0024,0.0049,0.043,0
Thu Nov 28 2024 18:00:00 GMT+0000 (Greenwich Mean Time),0.0024,0.0049,0.043,0
Thu Nov 28 2024 19:00:00 GMT+0000 (Greenwich Mean Time),0.0024,0.0049,0.043,0
Thu Nov 28 2024 20:00:00 GMT+0000 (Greenwich Mean Time),0.0024,0.0049,0.043,0
Thu Nov 28 2024 21:00:00 GMT+0000 (Greenwich Mean Time),0.0024,0.0049,0.043,0
Thu Nov 28 2024 22:00:00 GMT+0000 (Greenwich Mean Time),0.0024,0.0049,0.043,0
Thu Nov 28 2024 23:00:00 GMT+0000 (Greenwich Mean Time),0.0024,0.0049,0.043,0
Fri Nov 29 2024 00:00:00 GMT+0000 (Greenwich Mean Time),0.0024,0.0049,0.043,0
Fri Nov 29 2024 01:00:00 GMT+0000 (Greenwich Mean Time),0.0024,0.0049,0.043,0
Fri Nov 29 2024 02:00:00 GMT+0000 (Greenwich Mean Time),0.0024,0.0049,0.043,0
Fri Nov 29 2024 03:00:00 GMT+0000 (Greenwich Mean Time),0.0024,0.0049,0.043,0
Fri Nov 29 2024 04:00:00 GMT+0000 (Greenwich Mean Time),0.0024,0.0049,0.043,0
Fri Nov 29 2024 05:00:00 GMT+0000 (Greenwich Mean Time),0.0024,0.0049,0.043,0
Fri Nov 29 2024 06:00:00 GMT+0000 (Greenwich Mean Time),0.1496,0.022,0.043,0
Fri Nov 29 2024 07:00:00 GMT+0000 (Greenwich Mean Time),0.1496,0.022,0.043,0
Fri Nov 29 2024 08:00:00 GMT+0000 (Greenwich Mean Time),0.1496,0.0237,0.043,0
Fri Nov 29 2024 09:00:00 GMT+0000 (Greenwich Mean Time),0.1496,0.0237,0.043,0
Fri Nov 29 2024 10:00:00 GMT+0000 (Greenwich Mean Time),0.1496,0.0237,0.043,0
Fri Nov 29 2024 11:00:00 GMT+0000 (Greenwich Mean Time),0.1496,0.0237,0.043,0
Fri Nov 29 2024 12:00:00 GMT+0000 (Greenwich Mean Time),0.1496,0.0237,0.043,0
Fri Nov 29 2024 13:00:00 GMT+0000 (Greenwich Mean Time),0.1496,0.0237,0.043,0
Fri Nov 29 2024 14:00:00 GMT+0000 (Greenwich Mean Time),0.1496,0.0237,0.043,0
Fri Nov 29 2024 15:00:00 GMT+0000 (Greenwich Mean Time),0.1496,0.0237,0.043,0
Fri Nov 29 2024 16:00:00 GMT+0000 (Greenwich Mean Time),0.1496,0.0237,0.043,0
Fri Nov 29 2024 17:00:00 GMT+0000 (Greenwich Mean Time),0.1496,0.0237,0.043,0
Fri Nov 29 2024 18:00:00 GMT+0000 (Greenwich Mean Time),0.1496,0.0237,0.043,0
Fri Nov 29 2024 19:00:00 GMT+0000 (Greenwich Mean Time),0.1496,0.0237,0.043,0
Fri Nov 29 2024 20:00:00 GMT+0000 (Greenwich Mean Time),0.1496,0.0237,0.043,0
Fri Nov 29 2024 21:00:00 GMT+0000 (Greenwich Mean Time),0.1496,0.0237,0.043,0
Fri Nov 29 2024 22:00:00 GMT+0000 (Greenwich Mean Time),0.1496,0.0237,0.043,0
Fri Nov 29 2024 23:00:00 GMT+0000 (Greenwich Mean Time),0.1496,0.0237,0.043,0
Sat Nov 30 2024 00:00:00 GMT+0000 (Greenwich Mean Time),0.1496,0.0237,0.043,0
Sat Nov 30 2024 01:00:00 GMT+0000 (Greenwich Mean Time),0.1496,0.0237,0.043,0
Sat Nov 30 2024 02:00:00 GMT+0000 (Greenwich Mean Time),0.1496,0.0237,0.043,0
Sat Nov 30 2024 03:00:00 GMT+0000 (Greenwich Mean Time),0.1496,0.0237,0.043,0
Sat Nov 30 2024 04:00:00 GMT+0000 (Greenwich Mean Time),0.1496,0.0237,0.043,0
Sat Nov 30 2024 05:00:00 GMT+0000 (Greenwich Mean Time),0.1496,0.0237,0.043,0
Sat Nov 30 2024 06:00:00 GMT+0000 (Greenwich Mean Time),0.0975,0.0365,0.043,0
Sat Nov 30 2024 07:00:00 GMT+0000 (Greenwich Mean Time),0.0975,0.0365,0.043,0
Sat Nov 30 2024 08:00:00 GMT+0000 (Greenwich Mean Time),0.0975,0.0365,0.043,0
Sat Nov 30 2024 09:00:00 GMT+0000 (Greenwich Mean Time),0.0975,0.0365,0.043,0
Sat Nov 30 2024 10:00:00 GMT+0000 (Greenwich Mean Time),0.0975,0.0365,0.043,0
Sat Nov 30 2024 11:00:00 GMT+0000 (Greenwich Mean Time),0.0975,0.0365,0.043,0
Sat Nov 30 2024 12:00:00 GMT+0000 (Greenwich Mean Time),0.0975,0.0365,0.043,0
Sat Nov 30 2024 13:00:00 GMT+0000 (Greenwich Mean Time),0.0975,0.0365,0.043,0
Sat Nov 30 2024 14:00:00 GMT+0000 (Greenwich Mean Time),0.0975,0.0365,0.043,0
Sat Nov 30 2024 15:00:00 GMT+0000 (Greenwich Mean Time),0.0975,0.0365,0.043,0
Sat Nov 30 2024 16:00:00 GMT+0000 (Greenwich Mean Time),0.0975,0.0365,0.043,0
Sat Nov 30 2024 17:00:00 GMT+0000 (Greenwich Mean Time),0.0975,0.0365,0.043,0
Sat Nov 30 2024 18:00:00 GMT+0000 (Greenwich Mean Time),0.0975,0.0365,0.043,0
Sat Nov 30 2024 19:00:00 GMT+0000 (Greenwich Mean Time),0.0975,0.0365,0.043,0
Sat Nov 30 2024 20:00:00 GMT+0000 (Greenwich Mean Time),0.0975,0.0365,0.043,0
Sat Nov 30 2024 21:00:00 GMT+0000 (Greenwich Mean Time),0.0975,0.0365,0.043,0
Sat Nov 30 2024 22:00:00 GMT+0000 (Greenwich Mean Time),0.0975,0.0365,0.043,0
Sat Nov 30 2024 23:00:00 GMT+0000 (Greenwich Mean Time),0.0975,0.0365,0.043,0
Sun Dec 01 2024 00:00:00 GMT+0000 (Greenwich Mean Time),0.0975,0.0365,0.043,0
Sun Dec 01 2024 01:00:00 GMT+0000 (Greenwich Mean Time),0.0975,0.0365,0.043,0
Sun Dec 01 2024 02:00:00 GMT+0000 (Greenwich Mean Time),0.0975,0.0365,0.043,0
Sun Dec 01 2024 03:00:00 GMT+0000 (Greenwich Mean Time),0.0975,0.0365,0.043,0
Sun Dec 01 2024 04:00:00 GMT+0000 (Greenwich Mean Time),0.0975,0.0365,0.043,0
Sun Dec 01 2024 05:00:00 GMT+0000 (Greenwich Mean Time),0.0975,0.0365,0.043,0
Sun Dec 01 2024 06:00:00 GMT+0000 (Greenwich Mean Time),0.004,0.0365,0.043,0
Sun Dec 01 2024 07:00:00 GMT+0000 (Greenwich Mean Time),0.004,0.0365,0.043,0
Sun Dec 01 2024 08:00:00 GMT+0000 (Greenwich Mean Time),0.004,0.0365,0.043,0
Sun Dec 01 2024 09:00:00 GMT+0000 (Greenwich Mean Time),0.004,0.0365,0.043,0
Sun Dec 01 2024 10:00:00 GMT+0000 (Greenwich Mean Time),0.004,0.0365,0.043,0
Sun Dec 01 2024 11:00:00 GMT+0000 (Greenwich Mean Time),0.004,0.0365,0.043,0
Sun Dec 01 2024 12:00:00 GMT+0000 (Greenwich Mean Time),0.004,0.0365,0.043,0
Sun Dec 01 2024 13:00:00 GMT+0000 (Greenwich Mean Time),0.004,0.0365,0.043,0
Sun Dec 01 2024 14:00:00 GMT+0000 (Greenwich Mean Time),0.004,0.0365,0.043,0
Sun Dec 01 2024 15:00:00 GMT+0000 (Greenwich Mean Time),0.004,0.0365,0.043,0
Sun Dec 01 2024 16:00:00 GMT+0000 (Greenwich Mean Time),0.004,0.0365,0.043,0
Sun Dec 01 2024 17:00:00 GMT+0000 (Greenwich Mean Time),0.004,0.0365,0.043,0
Sun Dec 01 2024 18:00:00 GMT+0000 (Greenwich Mean Time),0.004,0.0365,0.043,0
Sun Dec 01 2024 19:00:00 GMT+0000 (Greenwich Mean Time),0.004,0.0365,0.043,0
Sun Dec 01 2024 20:00:00 GMT+0000 (Greenwich Mean Time),0.004,0.0365,0.043,0
Sun Dec 01 2024 21:00:00 GMT+0000 (Greenwich Mean Time),0.004,0.0365,0.043,0
Sun Dec 01 2024 22:00:00 GMT+0000 (Greenwich Mean Time),0.004,0.0365,0.043,0
Sun Dec 01 2024 23:00:00 GMT+0000 (Greenwich Mean Time),0.004,0.0365,0.043,0
Mon Dec 02 2024 00:00:00 GMT+0000 (Greenwich Mean Time),0.004,0.0365,0.043,0
Mon Dec 02 2024 01:00:00 GMT+0000 (Greenwich Mean Time),0.004,0.0365,0.043,0
Mon Dec 02 2024 02:00:00 GMT+0000 (Greenwich Mean Time),0.004,0.0365,0.043,0
Mon Dec 02 2024 03:00:00 GMT+0000 (Greenwich Mean Time),0.004,0.0365,0.043,0
Mon Dec 02 2024 04:00:00 GMT+0000 (Greenwich Mean Time),0.004,0.0365,0.043,0
Mon Dec 02 2024 05:00:00 GMT+0000 (Greenwich Mean Time),0.004,0.0365,0.043,0
Mon Dec 02 2024 06:00:00 GMT+0000 (Greenwich Mean Time),0.0043,0.0362,0.043,0
Mon Dec 02 2024 07:00:00 GMT+0000 (Greenwich Mean Time),0.0043,0.0362,0.043,0
Mon Dec 02 2024 08:00:00 GMT+0000 (Greenwich Mean Time),0.0043,0.0362,0.043,0
Mon Dec 02 2024 09:00:00 GMT+0000 (Greenwich Mean Time),0.0043,0.0362,0.043,0
Mon Dec 02 2024 10:00:00 GMT+0000 (Greenwich Mean Time),0.0043,0.0362,0.043,0
Mon Dec 02 2024 11:00:00 GMT+0000 (Greenwich Mean Time),0.0043,0.0362,0.043,0
Mon Dec 02 2024 12:00:00 GMT+0000 (Greenwich Mean Time),0.0043,0.0362,0.043,0
Mon Dec 02 2024 13:00:00 GMT+0000 (Greenwich Mean Time),0.0043,0.0361,0.043,0
Mon Dec 02 2024 14:00:00 GMT+0000 (Greenwich Mean Time),0.0043,0.0361,0.043,0
Mon Dec 02 2024 15:00:00 GMT+0000 (Greenwich Mean Time),0.0043,0.0361,0.043,0
Mon Dec 02 2024 16:00:00 GMT+0000 (Greenwich Mean Time),0.0043,0.0362,0.043,0
Mon Dec 02 2024 17:00:00 GMT+0000 (Greenwich Mean Time),0.0043,0.0362,0.043,0
Mon Dec 02 2024 18:00:00 GMT+0000 (Greenwich Mean Time),0.0043,0.0362,0.043,0
Mon Dec 02 2024 19:00:00 GMT+0000 (Greenwich Mean Time),0.0043,0.0362,0.043,0
Mon Dec 02 2024 20:00:00 GMT+0000 (Greenwich Mean Time),0.0043,0.0362,0.043,0
Mon Dec 02 2024 21:00:00 GMT+0000 (Greenwich Mean Time),0.0043,0.0362,0.043,0
Mon Dec 02 2024 22:00:00 GMT+0000 (Greenwich Mean Time),0.0043,0.0362,0.043,0
Mon Dec 02 2024 23:00:00 GMT+0000 (Greenwich Mean Time),0.0043,0.0361,0.043,0
Tue Dec 03 2024 00:00:00 GMT+0000 (Greenwich Mean Time),0.0043,0.0361,0.043,0
Tue Dec 03 2024 01:00:00 GMT+0000 (Greenwich Mean Time),0.0043,0.0361,0.043,0
Tue Dec 03 2024 02:00:00 GMT+0000 (Greenwich Mean Time),0.0043,0.0361,0.043,0
Tue Dec 03 2024 03:00:00 GMT+0000 (Greenwich Mean Time),0.0043,0.0361,0.043,0
Tue Dec 03 2024 04:00:00 GMT+0000 (Greenwich Mean Time),0.0043,0.0361,0.043,0
Tue Dec 03 2024 05:00:00 GMT+0000 (Greenwich Mean Time),0.0043,0.0361,0.043,0
Tue Dec 03 2024 06:00:00 GMT+0000 (Greenwich Mean Time),0.0022,0.0359,0.043,0
Tue Dec 03 2024 07:00:00 GMT+0000 (Greenwich Mean Time),0.0022,0.0359,0.043,0
Tue Dec 03 2024 08:00:00 GMT+0000 (Greenwich Mean Time),0.0022,0.0359,0.043,0
Tue Dec 03 2024 09:00:00 GMT+0000 (Greenwich Mean Time),0.0022,0.0359,0.043,0
Tue Dec 03 2024 10:00:00 GMT+0000 (Greenwich Mean Time),0.0022,0.0359,0.043,0
Tue Dec 03 2024 11:00:00 GMT+0000 (Greenwich Mean Time),0.0022,0.0359,0.043,0
Tue Dec 03 2024 12:00:00 GMT+0000 (Greenwich Mean Time),0.0022,0.0359,0.043,0
Tue Dec 03 2024 13:00:00 GMT+0000 (Greenwich Mean Time),0.0022,0.0359,0.043,0
Tue Dec 03 2024 14:00:00 GMT+0000 (Greenwich Mean Time),0.0022,0.0359,0.043,0
Tue Dec 03 2024 15:00:00 GMT+0000 (Greenwich Mean Time),0.0022,0.0359,0.043,0
Tue Dec 03 2024 16:00:00 GMT+0000 (Greenwich Mean Time),0.0022,0.0359,0.043,0
Tue Dec 03 2024 17:00:00 GMT+0000 (Greenwich Mean Time),0.0022,0.0359,0.043,0
Tue Dec 03 2024 18:00:00 GMT+0000 (Greenwich Mean Time),0.0022,0.0359,0.043,0
Tue Dec 03 2024 19:00:00 GMT+0000 (Greenwich Mean Time),0.0022,0.0359,0.043,0
Tue Dec 03 2024 20:00:00 GMT+0000 (Greenwich Mean Time),0.0022,0.0359,0.043,0
Tue Dec 03 2024 21:00:00 GMT+0000 (Greenwich Mean Time),0.0022,0.0359,0.043,0
Tue Dec 03 2024 22:00:00 GMT+0000 (Greenwich Mean Time),0.0022,0.0359,0.043,0
Tue Dec 03 2024 23:00:00 GMT+0000 (Greenwich Mean Time),0.0022,0.0359,0.043,0
Wed Dec 04 2024 00:00:00 GMT+0000 (Greenwich Mean Time),0.0022,0.036,0.043,0
Wed Dec 04 2024 01:00:00 GMT+0000 (Greenwich Mean Time),0.0022,0.036,0.043,0
Wed Dec 04 2024 02:00:00 GMT+0000 (Greenwich Mean Time),0.0022,0.036,0.043,0
Wed Dec 04 2024 03:00:00 GMT+0000 (Greenwich Mean Time),0.0022,0.036,0.043,0
Wed Dec 04 2024 04:00:00 GMT+0000 (Greenwich Mean Time),0.0022,0.036,0.043,0
Wed Dec 04 2024 05:00:00 GMT+0000 (Greenwich Mean Time),0.0022,0.036,0.043,0
Wed Dec 04 2024 06:00:00 GMT+0000 (Greenwich Mean Time),0.0034,0.0362,0.043,0
Wed Dec 04 2024 07:00:00 GMT+0000 (Greenwich Mean Time),0.0034,0.0362,0.043,0
Wed Dec 04 2024 08:00:00 GMT+0000 (Greenwich Mean Time),0.0034,0.0362,0.043,0
Wed Dec 04 2024 09:00:00 GMT+0000 (Greenwich Mean Time),0.0034,0.0362,0.043,0
Wed Dec 04 2024 10:00:00 GMT+0000 (Greenwich Mean Time),0.0034,0.0362,0.043,0
Wed Dec 04 2024 11:00:00 GMT+0000 (Greenwich Mean Time),0.0034,0.0362,0.043,0
Wed Dec 04 2024 12:00:00 GMT+0000 (Greenwich Mean Time),0.0034,0.0362,0.043,0
Wed Dec 04 2024 13:00:00 GMT+0000 (Greenwich Mean Time),0.0034,0.0362,0.043,0
Wed Dec 04 2024 14:00:00 GMT+0000 (Greenwich Mean Time),0.0034,0.0362,0.043,0
Wed Dec 04 2024 15:00:00 GMT+0000 (Greenwich Mean Time),0.0034,0.0362,0.043,0
Wed Dec 04 2024 16:00:00 GMT+0000 (Greenwich Mean Time),0.0034,0.0362,0.043,0
Wed Dec 04 2024 17:00:00 GMT+0000 (Greenwich Mean Time),0.0034,0.0362,0.043,0
Wed Dec 04 2024 18:00:00 GMT+0000 (Greenwich Mean Time),0.0034,0.0362,0.043,0
Wed Dec 04 2024 19:00:00 GMT+0000 (Greenwich Mean Time),0.0034,0.0362,0.043,0
Wed Dec 04 2024 20:00:00 GMT+0000 (Greenwich Mean Time),0.0034,0.0362,0.043,0
Wed Dec 04 2024 21:00:00 GMT+0000 (Greenwich Mean Time),0.0034,0.0362,0.043,0
Wed Dec 04 2024 22:00:00 GMT+0000 (Greenwich Mean Time),0.0034,0.0362,0.043,0
Wed Dec 04 2024 23:00:00 GMT+0000 (Greenwich Mean Time),0.0034,0.0362,0.043,0
Thu Dec 05 2024 00:00:00 GMT+0000 (Greenwich Mean Time),0.0034,0.0362,0.043,0
Thu Dec 05 2024 01:00:00 GMT+0000 (Greenwich Mean Time),0.0034,0.0362,0.043,0
Thu Dec 05 2024 02:00:00 GMT+0000 (Greenwich Mean Time),0.0034,0.0362,0.043,0
Thu Dec 05 2024 03:00:00 GMT+0000 (Greenwich Mean Time),0.0034,0.0362,0.043,0
Thu Dec 05 2024 04:00:00 GMT+0000 (Greenwich Mean Time),0.0034,0.0362,0.043,0
Thu Dec 05 2024 05:00:00 GMT+0000 (Greenwich Mean Time),0.0034,0.0362,0.043,0
Thu Dec 05 2024 06:00:00 GMT+0000 (Greenwich Mean Time),0.003,0.0362,0.043,0
Thu Dec 05 2024 07:00:00 GMT+0000 (Greenwich Mean Time),0.003,0.0362,0.043,0
Thu Dec 05 2024 08:00:00 GMT+0000 (Greenwich Mean Time),0.003,0.0363,0.043,0
Thu Dec 05 2024 09:00:00 GMT+0000 (Greenwich Mean Time),0.003,0.0363,0.043,0
Thu Dec 05 2024 10:00:00 GMT+0000 (Greenwich Mean Time),0.003,0.0363,0.043,0
Thu Dec 05 2024 11:00:00 GMT+0000 (Greenwich Mean Time),0.003,0.0363,0.043,0
Thu Dec 05 2024 12:00:00 GMT+0000 (Greenwich Mean Time),0.003,0.0363,0.043,0
Thu Dec 05 2024 13:00:00 GMT+0000 (Greenwich Mean Time),0.003,0.0363,0.043,0
Thu Dec 05 2024 14:00:00 GMT+0000 (Greenwich Mean Time),0.003,0.0363,0.043,0
Thu Dec 05 2024 15:00:00 GMT+0000 (Greenwich Mean Time),0.003,0.0363,0.043,0
Thu Dec 05 2024 16:00:00 GMT+0000 (Greenwich Mean Time),0.003,0.0363,0.043,0
Thu Dec 05 2024 17:00:00 GMT+0000 (Greenwich Mean Time),0.003,0.0363,0.043,0
Thu Dec 05 2024 18:00:00 GMT+0000 (Greenwich Mean Time),0.003,0.0363,0.043,0
Thu Dec 05 2024 19:00:00 GMT+0000 (Greenwich Mean Time),0.003,0.0363,0.043,0
Thu Dec 05 2024 20:00:00 GMT+0000 (Greenwich Mean Time),0.003,0.0363,0.043,0
Thu Dec 05 2024 21:00:00 GMT+0000 (Greenwich Mean Time),0.003,0.0363,0.043,0
Thu Dec 05 2024 22:00:00 GMT+0000 (Greenwich Mean Time),0.003,0.0363,0.043,0
Thu Dec 05 2024 23:00:00 GMT+0000 (Greenwich Mean Time),0.003,0.0363,0.043,0
Fri Dec 06 2024 00:00:00 GMT+0000 (Greenwich Mean Time),0.003,0.0363,0.043,0
Fri Dec 06 2024 01:00:00 GMT+0000 (Greenwich Mean Time),0.003,0.0363,0.043,0
Fri Dec 06 2024 02:00:00 GMT+0000 (Greenwich Mean Time),0.003,0.0363,0.043,0
Fri Dec 06 2024 03:00:00 GMT+0000 (Greenwich Mean Time),0.003,0.0363,0.043,0
Fri Dec 06 2024 04:00:00 GMT+0000 (Greenwich Mean Time),0.003,0.0363,0.043,0
Fri Dec 06 2024 05:00:00 GMT+0000 (Greenwich Mean Time),0.003,0.0363,0.043,0
Fri Dec 06 2024 06:00:00 GMT+0000 (Greenwich Mean Time),0.0057,0.0166,0.0429,91575.20957090371
Fri Dec 06 2024 07:00:00 GMT+0000 (Greenwich Mean Time),0.0057,0.0166,0.0429,0
Fri Dec 06 2024 08:00:00 GMT+0000 (Greenwich Mean Time),0.0057,0.0166,0.0429,0
Fri Dec 06 2024 09:00:00 GMT+0000 (Greenwich Mean Time),0.0057,0.0166,0.0429,0
Fri Dec 06 2024 10:00:00 GMT+0000 (Greenwich Mean Time),0.0057,0.0166,0.0429,0
Fri Dec 06 2024 11:00:00 GMT+0000 (Greenwich Mean Time),0.0057,0.0166,0.0429,0
Fri Dec 06 2024 12:00:00 GMT+0000 (Greenwich Mean Time),0.0057,0.0166,0.0429,0
Fri Dec 06 2024 13:00:00 GMT+0000 (Greenwich Mean Time),0.0057,0.0166,0.0429,0
Fri Dec 06 2024 14:00:00 GMT+0000 (Greenwich Mean Time),0.0057,0.0166,0.0429,0
Fri Dec 06 2024 15:00:00 GMT+0000 (Greenwich Mean Time),0.0057,0.0166,0.0429,0
Fri Dec 06 2024 16:00:00 GMT+0000 (Greenwich Mean Time),0.0057,0.0166,0.0429,0
Fri Dec 06 2024 17:00:00 GMT+0000 (Greenwich Mean Time),0.0057,0.0166,0.0429,0
Fri Dec 06 2024 18:00:00 GMT+0000 (Greenwich Mean Time),0.0057,0.0166,0.0429,0
Fri Dec 06 2024 19:00:00 GMT+0000 (Greenwich Mean Time),0.0057,0.0166,0.0429,0
Fri Dec 06 2024 20:00:00 GMT+0000 (Greenwich Mean Time),0.0057,0.0166,0.0429,0
Fri Dec 06 2024 21:00:00 GMT+0000 (Greenwich Mean Time),0.0057,0.0166,0.0429,0
Fri Dec 06 2024 22:00:00 GMT+0000 (Greenwich Mean Time),0.0057,0.0166,0.0429,0
Fri Dec 06 2024 23:00:00 GMT+0000 (Greenwich Mean Time),0.0057,0.0166,0.0429,0
Sat Dec 07 2024 00:00:00 GMT+0000 (Greenwich Mean Time),0.0057,0.0166,0.0429,0
Sat Dec 07 2024 01:00:00 GMT+0000 (Greenwich Mean Time),0.0057,0.0166,0.0429,0
Sat Dec 07 2024 02:00:00 GMT+0000 (Greenwich Mean Time),0.0057,0.0166,0.0429,0
Sat Dec 07 2024 03:00:00 GMT+0000 (Greenwich Mean Time),0.0057,0.0166,0.0429,0
Sat Dec 07 2024 04:00:00 GMT+0000 (Greenwich Mean Time),0.0057,0.0166,0.0429,0
Sat Dec 07 2024 05:00:00 GMT+0000 (Greenwich Mean Time),0.0057,0.0166,0.0429,0
Sat Dec 07 2024 06:00:00 GMT+0000 (Greenwich Mean Time),0.0022,0.0035,0.0429,0
Sat Dec 07 2024 07:00:00 GMT+0000 (Greenwich Mean Time),0.0022,0.0035,0.0429,0
Sat Dec 07 2024 08:00:00 GMT+0000 (Greenwich Mean Time),0.0022,0.0035,0.0429,0
Sat Dec 07 2024 09:00:00 GMT+0000 (Greenwich Mean Time),0.0022,0.0035,0.0429,0
Sat Dec 07 2024 10:00:00 GMT+0000 (Greenwich Mean Time),0.0022,0.0035,0.0429,0
Sat Dec 07 2024 11:00:00 GMT+0000 (Greenwich Mean Time),0.0022,0.0035,0.0429,0
Sat Dec 07 2024 12:00:00 GMT+0000 (Greenwich Mean Time),0.0022,0.0035,0.0429,0
Sat Dec 07 2024 13:00:00 GMT+0000 (Greenwich Mean Time),0.0022,0.0035,0.0429,0
Sat Dec 07 2024 14:00:00 GMT+0000 (Greenwich Mean Time),0.0022,0.0035,0.0429,0
Sat Dec 07 2024 15:00:00 GMT+0000 (Greenwich Mean Time),0.0022,0.0035,0.0429,0
Sat Dec 07 2024 16:00:00 GMT+0000 (Greenwich Mean Time),0.0022,0.0035,0.0429,0
Sat Dec 07 2024 17:00:00 GMT+0000 (Greenwich Mean Time),0.0022,0.0035,0.0429,0
Sat Dec 07 2024 18:00:00 GMT+0000 (Greenwich Mean Time),0.0022,0.0035,0.0429,0
Sat Dec 07 2024 19:00:00 GMT+0000 (Greenwich Mean Time),0.0022,0.0035,0.0429,0
Sat Dec 07 2024 20:00:00 GMT+0000 (Greenwich Mean Time),0.0022,0.0035,0.0429,0
Sat Dec 07 2024 21:00:00 GMT+0000 (Greenwich Mean Time),0.0022,0.0035,0.0429,0
Sat Dec 07 2024 22:00:00 GMT+0000 (Greenwich Mean Time),0.0022,0.0035,0.0429,0
Sat Dec 07 2024 23:00:00 GMT+0000 (Greenwich Mean Time),0.0022,0.0035,0.0429,0
Sun Dec 08 2024 00:00:00 GMT+0000 (Greenwich Mean Time),0.0022,0.0035,0.0429,0
Sun Dec 08 2024 01:00:00 GMT+0000 (Greenwich Mean Time),0.0022,0.0035,0.0429,0
Sun Dec 08 2024 02:00:00 GMT+0000 (Greenwich Mean Time),0.0022,0.0035,0.0429,0
Sun Dec 08 2024 03:00:00 GMT+0000 (Greenwich Mean Time),0.0022,0.0035,0.0429,0
Sun Dec 08 2024 04:00:00 GMT+0000 (Greenwich Mean Time),0.0022,0.0035,0.0429,0
Sun Dec 08 2024 05:00:00 GMT+0000 (Greenwich Mean Time),0.0022,0.0035,0.0429,0
Sun Dec 08 2024 06:00:00 GMT+0000 (Greenwich Mean Time),0.1377,0.0216,0.0429,0
Sun Dec 08 2024 07:00:00 GMT+0000 (Greenwich Mean Time),0.1377,0.0216,0.0429,0
Sun Dec 08 2024 08:00:00 GMT+0000 (Greenwich Mean Time),0.1377,0.0216,0.0429,0
Sun Dec 08 2024 09:00:00 GMT+0000 (Greenwich Mean Time),0.1377,0.0216,0.0429,0
Sun Dec 08 2024 10:00:00 GMT+0000 (Greenwich Mean Time),0.1377,0.0216,0.0429,0
Sun Dec 08 2024 11:00:00 GMT+0000 (Greenwich Mean Time),0.1377,0.0216,0.0429,0
Sun Dec 08 2024 12:00:00 GMT+0000 (Greenwich Mean Time),0.1377,0.0216,0.0429,0
Sun Dec 08 2024 13:00:00 GMT+0000 (Greenwich Mean Time),0.1377,0.0216,0.0429,0
Sun Dec 08 2024 14:00:00 GMT+0000 (Greenwich Mean Time),0.1377,0.0216,0.0429,0
Sun Dec 08 2024 15:00:00 GMT+0000 (Greenwich Mean Time),0.1377,0.0216,0.0429,0
Sun Dec 08 2024 16:00:00 GMT+0000 (Greenwich Mean Time),0.1377,0.0216,0.0429,0
Sun Dec 08 2024 17:00:00 GMT+0000 (Greenwich Mean Time),0.1377,0.0216,0.0429,0
Sun Dec 08 2024 18:00:00 GMT+0000 (Greenwich Mean Time),0.1377,0.0216,0.0429,0
Sun Dec 08 2024 19:00:00 GMT+0000 (Greenwich Mean Time),0.1377,0.0216,0.0429,0
Sun Dec 08 2024 20:00:00 GMT+0000 (Greenwich Mean Time),0.1377,0.0216,0.0429,0
Sun Dec 08 2024 21:00:00 GMT+0000 (Greenwich Mean Time),0.1377,0.0216,0.0429,0
Sun Dec 08 2024 22:00:00 GMT+0000 (Greenwich Mean Time),0.1377,0.0216,0.0429,0
Sun Dec 08 2024 23:00:00 GMT+0000 (Greenwich Mean Time),0.1377,0.0216,0.0429,0
Mon Dec 09 2024 00:00:00 GMT+0000 (Greenwich Mean Time),0.1377,0.0216,0.0429,0
Mon Dec 09 2024 01:00:00 GMT+0000 (Greenwich Mean Time),0.1377,0.0216,0.0429,0
Mon Dec 09 2024 02:00:00 GMT+0000 (Greenwich Mean Time),0.1377,0.0216,0.0429,0
Mon Dec 09 2024 03:00:00 GMT+0000 (Greenwich Mean Time),0.1375,0.0216,0.0429,0
Mon Dec 09 2024 04:00:00 GMT+0000 (Greenwich Mean Time),0.1375,0.0216,0.0429,0
Mon Dec 09 2024 05:00:00 GMT+0000 (Greenwich Mean Time),0.1375,0.0216,0.0429,0
Mon Dec 09 2024 06:00:00 GMT+0000 (Greenwich Mean Time),0.1506,0.0416,0.0429,0
Mon Dec 09 2024 07:00:00 GMT+0000 (Greenwich Mean Time),0.1506,0.0416,0.0429,0
Mon Dec 09 2024 08:00:00 GMT+0000 (Greenwich Mean Time),0.1506,0.0416,0.0429,0
Mon Dec 09 2024 09:00:00 GMT+0000 (Greenwich Mean Time),0.1506,0.0416,0.0429,0
Mon Dec 09 2024 10:00:00 GMT+0000 (Greenwich Mean Time),0.1506,0.0416,0.0429,0
Mon Dec 09 2024 11:00:00 GMT+0000 (Greenwich Mean Time),0.1506,0.0416,0.0429,0
Mon Dec 09 2024 12:00:00 GMT+0000 (Greenwich Mean Time),0.1506,0.0416,0.0429,0
Mon Dec 09 2024 13:00:00 GMT+0000 (Greenwich Mean Time),0.1506,0.0416,0.0429,0
Mon Dec 09 2024 14:00:00 GMT+0000 (Greenwich Mean Time),0.1506,0.0416,0.0429,0
Mon Dec 09 2024 15:00:00 GMT+0000 (Greenwich Mean Time),0.1506,0.0416,0.0429,0
Mon Dec 09 2024 16:00:00 GMT+0000 (Greenwich Mean Time),0.1506,0.0416,0.0429,0
Mon Dec 09 2024 17:00:00 GMT+0000 (Greenwich Mean Time),0.1506,0.0416,0.0429,0
Mon Dec 09 2024 18:00:00 GMT+0000 (Greenwich Mean Time),0.1506,0.0416,0.0429,0
Mon Dec 09 2024 19:00:00 GMT+0000 (Greenwich Mean Time),0.1506,0.0416,0.0429,0
Mon Dec 09 2024 20:00:00 GMT+0000 (Greenwich Mean Time),0.1506,0.0416,0.0429,0
Mon Dec 09 2024 21:00:00 GMT+0000 (Greenwich Mean Time),0.1506,0.0416,0.0429,0
Mon Dec 09 2024 22:00:00 GMT+0000 (Greenwich Mean Time),0.1506,0.0416,0.0429,0
Mon Dec 09 2024 23:00:00 GMT+0000 (Greenwich Mean Time),0.1506,0.0416,0.0429,0
Tue Dec 10 2024 00:00:00 GMT+0000 (Greenwich Mean Time),0.1507,0.0417,0.0429,0
Tue Dec 10 2024 01:00:00 GMT+0000 (Greenwich Mean Time),0.1506,0.0417,0.0429,0
Tue Dec 10 2024 02:00:00 GMT+0000 (Greenwich Mean Time),0.1506,0.0417,0.0429,0
Tue Dec 10 2024 03:00:00 GMT+0000 (Greenwich Mean Time),0.1508,0.0417,0.0429,0
Tue Dec 10 2024 04:00:00 GMT+0000 (Greenwich Mean Time),0.1508,0.0417,0.0429,0
Tue Dec 10 2024 05:00:00 GMT+0000 (Greenwich Mean Time),0.1508,0.0417,0.0429,0
Tue Dec 10 2024 06:00:00 GMT+0000 (Greenwich Mean Time),0.0542,0.0492,0.0429,0
Tue Dec 10 2024 07:00:00 GMT+0000 (Greenwich Mean Time),0.0542,0.0492,0.0429,0
Tue Dec 10 2024 08:00:00 GMT+0000 (Greenwich Mean Time),0.0542,0.0492,0.0429,0
Tue Dec 10 2024 09:00:00 GMT+0000 (Greenwich Mean Time),0.0542,0.0492,0.0429,0
Tue Dec 10 2024 10:00:00 GMT+0000 (Greenwich Mean Time),0.0542,0.0492,0.0429,0
Tue Dec 10 2024 11:00:00 GMT+0000 (Greenwich Mean Time),0.0542,0.0492,0.0429,0
Tue Dec 10 2024 12:00:00 GMT+0000 (Greenwich Mean Time),0.0542,0.0492,0.0429,0
Tue Dec 10 2024 13:00:00 GMT+0000 (Greenwich Mean Time),0.0542,0.0492,0.0429,0
Tue Dec 10 2024 14:00:00 GMT+0000 (Greenwich Mean Time),0.0542,0.0492,0.0429,0
Tue Dec 10 2024 15:00:00 GMT+0000 (Greenwich Mean Time),0.0542,0.0492,0.0429,0
Tue Dec 10 2024 16:00:00 GMT+0000 (Greenwich Mean Time),0.0542,0.0492,0.0429,0
Tue Dec 10 2024 17:00:00 GMT+0000 (Greenwich Mean Time),0.0542,0.0492,0.0429,0
Tue Dec 10 2024 18:00:00 GMT+0000 (Greenwich Mean Time),0.0542,0.0492,0.0429,0
Tue Dec 10 2024 19:00:00 GMT+0000 (Greenwich Mean Time),0.0542,0.0492,0.0429,0
Tue Dec 10 2024 20:00:00 GMT+0000 (Greenwich Mean Time),0.0542,0.0492,0.0429,0
Tue Dec 10 2024 21:00:00 GMT+0000 (Greenwich Mean Time),0.0542,0.0492,0.0429,0
Tue Dec 10 2024 22:00:00 GMT+0000 (Greenwich Mean Time),0.0542,0.0492,0.0429,0
Tue Dec 10 2024 23:00:00 GMT+0000 (Greenwich Mean Time),0.0542,0.0492,0.0429,0
Wed Dec 11 2024 00:00:00 GMT+0000 (Greenwich Mean Time),0.0542,0.0492,0.0429,0
Wed Dec 11 2024 01:00:00 GMT+0000 (Greenwich Mean Time),0.0542,0.0492,0.0429,0
Wed Dec 11 2024 02:00:00 GMT+0000 (Greenwich Mean Time),0.0542,0.0492,0.0429,0
Wed Dec 11 2024 03:00:00 GMT+0000 (Greenwich Mean Time),0.0542,0.0492,0.0429,0
Wed Dec 11 2024 04:00:00 GMT+0000 (Greenwich Mean Time),0.0541,0.0492,0.0429,0
Wed Dec 11 2024 05:00:00 GMT+0000 (Greenwich Mean Time),0.0541,0.0492,0.0429,0
Wed Dec 11 2024 06:00:00 GMT+0000 (Greenwich Mean Time),0.0123,0.0505,0.0429,0
Wed Dec 11 2024 07:00:00 GMT+0000 (Greenwich Mean Time),0.0123,0.0505,0.0429,0
Wed Dec 11 2024 08:00:00 GMT+0000 (Greenwich Mean Time),0.0123,0.0505,0.0429,0
Wed Dec 11 2024 09:00:00 GMT+0000 (Greenwich Mean Time),0.0123,0.0505,0.0429,0
Wed Dec 11 2024 10:00:00 GMT+0000 (Greenwich Mean Time),0.0123,0.0505,0.0429,0
Wed Dec 11 2024 11:00:00 GMT+0000 (Greenwich Mean Time),0.0123,0.0505,0.0429,0
Wed Dec 11 2024 12:00:00 GMT+0000 (Greenwich Mean Time),0.0123,0.0505,0.0429,0
Wed Dec 11 2024 13:00:00 GMT+0000 (Greenwich Mean Time),0.0123,0.0505,0.0429,0
Wed Dec 11 2024 14:00:00 GMT+0000 (Greenwich Mean Time),0.0123,0.0505,0.0429,0
Wed Dec 11 2024 15:00:00 GMT+0000 (Greenwich Mean Time),0.0123,0.0505,0.0429,0
Wed Dec 11 2024 16:00:00 GMT+0000 (Greenwich Mean Time),0.0123,0.0505,0.0429,0
Wed Dec 11 2024 17:00:00 GMT+0000 (Greenwich Mean Time),0.0123,0.0505,0.0429,0
Wed Dec 11 2024 18:00:00 GMT+0000 (Greenwich Mean Time),0.0123,0.0505,0.0429,0
Wed Dec 11 2024 19:00:00 GMT+0000 (Greenwich Mean Time),0.0123,0.0505,0.0429,0
Wed Dec 11 2024 20:00:00 GMT+0000 (Greenwich Mean Time),0.0123,0.0505,0.0429,0
Wed Dec 11 2024 21:00:00 GMT+0000 (Greenwich Mean Time),0.0123,0.0505,0.0429,0
Wed Dec 11 2024 22:00:00 GMT+0000 (Greenwich Mean Time),0.0123,0.0505,0.0429,0
Wed Dec 11 2024 23:00:00 GMT+0000 (Greenwich Mean Time),0.0123,0.0505,0.0429,0
Thu Dec 12 2024 00:00:00 GMT+0000 (Greenwich Mean Time),0.0123,0.0505,0.0429,0
Thu Dec 12 2024 01:00:00 GMT+0000 (Greenwich Mean Time),0.0123,0.0505,0.0429,0
Thu Dec 12 2024 02:00:00 GMT+0000 (Greenwich Mean Time),0.0123,0.0505,0.0429,0
Thu Dec 12 2024 03:00:00 GMT+0000 (Greenwich Mean Time),0.0123,0.0505,0.0429,0
Thu Dec 12 2024 04:00:00 GMT+0000 (Greenwich Mean Time),0.0123,0.0505,0.0429,0
Thu Dec 12 2024 05:00:00 GMT+0000 (Greenwich Mean Time),0.0123,0.0505,0.0429,0
Thu Dec 12 2024 06:00:00 GMT+0000 (Greenwich Mean Time),0.0126,0.052,0.0429,0
Thu Dec 12 2024 07:00:00 GMT+0000 (Greenwich Mean Time),0.0126,0.052,0.0429,0
Thu Dec 12 2024 08:00:00 GMT+0000 (Greenwich Mean Time),0.0126,0.052,0.0429,0
Thu Dec 12 2024 09:00:00 GMT+0000 (Greenwich Mean Time),0.0126,0.052,0.0429,0
Thu Dec 12 2024 10:00:00 GMT+0000 (Greenwich Mean Time),0.0126,0.052,0.0429,0
Thu Dec 12 2024 11:00:00 GMT+0000 (Greenwich Mean Time),0.0126,0.052,0.0429,0
Thu Dec 12 2024 12:00:00 GMT+0000 (Greenwich Mean Time),0.0126,0.052,0.0429,0
Thu Dec 12 2024 13:00:00 GMT+0000 (Greenwich Mean Time),0.0126,0.052,0.0429,0
Thu Dec 12 2024 14:00:00 GMT+0000 (Greenwich Mean Time),0.0126,0.052,0.0429,0
Thu Dec 12 2024 15:00:00 GMT+0000 (Greenwich Mean Time),0.0126,0.052,0.0429,0
Thu Dec 12 2024 16:00:00 GMT+0000 (Greenwich Mean Time),0.0126,0.052,0.0429,0
Thu Dec 12 2024 17:00:00 GMT+0000 (Greenwich Mean Time),0.0126,0.052,0.0429,0
Thu Dec 12 2024 18:00:00 GMT+0000 (Greenwich Mean Time),0.0126,0.052,0.0429,0
Thu Dec 12 2024 19:00:00 GMT+0000 (Greenwich Mean Time),0.0126,0.052,0.0429,0
Thu Dec 12 2024 20:00:00 GMT+0000 (Greenwich Mean Time),0.0126,0.052,0.0429,0
Thu Dec 12 2024 21:00:00 GMT+0000 (Greenwich Mean Time),0.0126,0.052,0.0429,0
Thu Dec 12 2024 22:00:00 GMT+0000 (Greenwich Mean Time),0.0126,0.052,0.0429,0
Thu Dec 12 2024 23:00:00 GMT+0000 (Greenwich Mean Time),0.0126,0.052,0.0429,0
Fri Dec 13 2024 00:00:00 GMT+0000 (Greenwich Mean Time),0.0126,0.052,0.0429,0
Fri Dec 13 2024 01:00:00 GMT+0000 (Greenwich Mean Time),0.0126,0.052,0.0429,0
Fri Dec 13 2024 02:00:00 GMT+0000 (Greenwich Mean Time),0.0126,0.052,0.0429,0
Fri Dec 13 2024 03:00:00 GMT+0000 (Greenwich Mean Time),0.0126,0.052,0.0429,0
Fri Dec 13 2024 04:00:00 GMT+0000 (Greenwich Mean Time),0.0126,0.052,0.0429,0
Fri Dec 13 2024 05:00:00 GMT+0000 (Greenwich Mean Time),0.0126,0.052,0.0429,0
Fri Dec 13 2024 06:00:00 GMT+0000 (Greenwich Mean Time),0.0008,0.0512,0.0429,0
Fri Dec 13 2024 07:00:00 GMT+0000 (Greenwich Mean Time),0.0008,0.0512,0.0429,0
Fri Dec 13 2024 08:00:00 GMT+0000 (Greenwich Mean Time),0.0008,0.0512,0.0429,0
Fri Dec 13 2024 09:00:00 GMT+0000 (Greenwich Mean Time),0.0008,0.0512,0.0429,0
Fri Dec 13 2024 10:00:00 GMT+0000 (Greenwich Mean Time),0.0008,0.0512,0.0429,0
Fri Dec 13 2024 11:00:00 GMT+0000 (Greenwich Mean Time),0.0008,0.0512,0.0429,0
Fri Dec 13 2024 12:00:00 GMT+0000 (Greenwich Mean Time),0.0008,0.0512,0.0429,0
Fri Dec 13 2024 13:00:00 GMT+0000 (Greenwich Mean Time),0.0008,0.0512,0.0429,0
Fri Dec 13 2024 14:00:00 GMT+0000 (Greenwich Mean Time),0.0008,0.0512,0.0429,0
Fri Dec 13 2024 15:00:00 GMT+0000 (Greenwich Mean Time),0.0008,0.0512,0.0429,0
Fri Dec 13 2024 16:00:00 GMT+0000 (Greenwich Mean Time),0.0008,0.0512,0.0429,0
Fri Dec 13 2024 17:00:00 GMT+0000 (Greenwich Mean Time),0.0008,0.0512,0.0429,0
Fri Dec 13 2024 18:00:00 GMT+0000 (Greenwich Mean Time),0.0008,0.0512,0.0429,0
Fri Dec 13 2024 19:00:00 GMT+0000 (Greenwich Mean Time),0.0008,0.0512,0.0429,0
Fri Dec 13 2024 20:00:00 GMT+0000 (Greenwich Mean Time),0.0008,0.0512,0.0429,0
Fri Dec 13 2024 21:00:00 GMT+0000 (Greenwich Mean Time),0.0008,0.0512,0.0429,0
Fri Dec 13 2024 22:00:00 GMT+0000 (Greenwich Mean Time),0.0008,0.0512,0.0429,0
Fri Dec 13 2024 23:00:00 GMT+0000 (Greenwich Mean Time),0.0008,0.0512,0.0429,0
Sat Dec 14 2024 00:00:00 GMT+0000 (Greenwich Mean Time),0.0008,0.0512,0.0429,0
Sat Dec 14 2024 01:00:00 GMT+0000 (Greenwich Mean Time),0.0008,0.0512,0.0429,0
Sat Dec 14 2024 02:00:00 GMT+0000 (Greenwich Mean Time),0.0008,0.0512,0.0429,0
Sat Dec 14 2024 03:00:00 GMT+0000 (Greenwich Mean Time),0.0008,0.0512,0.0429,0
Sat Dec 14 2024 04:00:00 GMT+0000 (Greenwich Mean Time),0.0008,0.0512,0.0429,0
Sat Dec 14 2024 05:00:00 GMT+0000 (Greenwich Mean Time),0.0008,0.0512,0.0429,0
Sat Dec 14 2024 06:00:00 GMT+0000 (Greenwich Mean Time),0.003,0.0513,0.0429,0
Sat Dec 14 2024 07:00:00 GMT+0000 (Greenwich Mean Time),0.003,0.0513,0.0429,0
Sat Dec 14 2024 08:00:00 GMT+0000 (Greenwich Mean Time),0.003,0.0513,0.0429,0
Sat Dec 14 2024 09:00:00 GMT+0000 (Greenwich Mean Time),0.003,0.0513,0.0429,0
Sat Dec 14 2024 10:00:00 GMT+0000 (Greenwich Mean Time),0.003,0.0513,0.0429,0
Sat Dec 14 2024 11:00:00 GMT+0000 (Greenwich Mean Time),0.003,0.0513,0.0429,0
Sat Dec 14 2024 12:00:00 GMT+0000 (Greenwich Mean Time),0.003,0.0513,0.0429,0
Sat Dec 14 2024 13:00:00 GMT+0000 (Greenwich Mean Time),0.003,0.0513,0.0429,0
Sat Dec 14 2024 14:00:00 GMT+0000 (Greenwich Mean Time),0.003,0.0513,0.0429,0
Sat Dec 14 2024 15:00:00 GMT+0000 (Greenwich Mean Time),0.003,0.0513,0.0429,0
Sat Dec 14 2024 16:00:00 GMT+0000 (Greenwich Mean Time),0.003,0.0513,0.0429,0
Sat Dec 14 2024 17:00:00 GMT+0000 (Greenwich Mean Time),0.003,0.0513,0.0429,0
Sat Dec 14 2024 18:00:00 GMT+0000 (Greenwich Mean Time),0.003,0.0513,0.0429,0
Sat Dec 14 2024 19:00:00 GMT+0000 (Greenwich Mean Time),0.003,0.0513,0.0429,0
Sat Dec 14 2024 20:00:00 GMT+0000 (Greenwich Mean Time),0.003,0.0513,0.0429,0
Sat Dec 14 2024 21:00:00 GMT+0000 (Greenwich Mean Time),0.003,0.0513,0.0429,0
Sat Dec 14 2024 22:00:00 GMT+0000 (Greenwich Mean Time),0.003,0.0513,0.0429,0
Sat Dec 14 2024 23:00:00 GMT+0000 (Greenwich Mean Time),0.003,0.0513,0.0429,0
Sun Dec 15 2024 00:00:00 GMT+0000 (Greenwich Mean Time),0.003,0.0513,0.0429,0
Sun Dec 15 2024 01:00:00 GMT+0000 (Greenwich Mean Time),0.003,0.0513,0.0429,0
Sun Dec 15 2024 02:00:00 GMT+0000 (Greenwich Mean Time),0.003,0.0513,0.0429,0
Sun Dec 15 2024 03:00:00 GMT+0000 (Greenwich Mean Time),0.003,0.0513,0.0429,0
Sun Dec 15 2024 04:00:00 GMT+0000 (Greenwich Mean Time),0.003,0.0513,0.0429,0
Sun Dec 15 2024 05:00:00 GMT+0000 (Greenwich Mean Time),0.003,0.0513,0.0429,0
Sun Dec 15 2024 06:00:00 GMT+0000 (Greenwich Mean Time),0.0016,0.0324,0.0429,0
Sun Dec 15 2024 07:00:00 GMT+0000 (Greenwich Mean Time),0.0016,0.0324,0.0429,0
Sun Dec 15 2024 08:00:00 GMT+0000 (Greenwich Mean Time),0.0016,0.0324,0.0429,0
Sun Dec 15 2024 09:00:00 GMT+0000 (Greenwich Mean Time),0.0016,0.0324,0.0429,0
Sun Dec 15 2024 10:00:00 GMT+0000 (Greenwich Mean Time),0.0016,0.0324,0.0429,0
Sun Dec 15 2024 11:00:00 GMT+0000 (Greenwich Mean Time),0.0016,0.0324,0.0429,0
Sun Dec 15 2024 12:00:00 GMT+0000 (Greenwich Mean Time),0.0016,0.0324,0.0429,0
Sun Dec 15 2024 13:00:00 GMT+0000 (Greenwich Mean Time),0.0016,0.0324,0.0429,0
Sun Dec 15 2024 14:00:00 GMT+0000 (Greenwich Mean Time),0.0016,0.0324,0.0429,0
Sun Dec 15 2024 15:00:00 GMT+0000 (Greenwich Mean Time),0.0016,0.0324,0.0429,0
Sun Dec 15 2024 16:00:00 GMT+0000 (Greenwich Mean Time),0.0016,0.0324,0.0429,0
Sun Dec 15 2024 17:00:00 GMT+0000 (Greenwich Mean Time),0.0016,0.0324,0.0429,0
Sun Dec 15 2024 18:00:00 GMT+0000 (Greenwich Mean Time),0.0016,0.0324,0.0429,0
Sun Dec 15 2024 19:00:00 GMT+0000 (Greenwich Mean Time),0.0016,0.0324,0.0429,0
Sun Dec 15 2024 20:00:00 GMT+0000 (Greenwich Mean Time),0.0016,0.0324,0.0429,0
Sun Dec 15 2024 21:00:00 GMT+0000 (Greenwich Mean Time),0.0016,0.0324,0.0429,0
Sun Dec 15 2024 22:00:00 GMT+0000 (Greenwich Mean Time),0.0016,0.0324,0.0429,0
Sun Dec 15 2024 23:00:00 GMT+0000 (Greenwich Mean Time),0.0016,0.0324,0.0429,0
Mon Dec 16 2024 00:00:00 GMT+0000 (Greenwich Mean Time),0.0016,0.0324,0.0429,0
Mon Dec 16 2024 01:00:00 GMT+0000 (Greenwich Mean Time),0.0016,0.0324,0.0429,0
Mon Dec 16 2024 02:00:00 GMT+0000 (Greenwich Mean Time),0.0016,0.0324,0.0429,0
Mon Dec 16 2024 03:00:00 GMT+0000 (Greenwich Mean Time),0.0016,0.0324,0.0429,0
Mon Dec 16 2024 04:00:00 GMT+0000 (Greenwich Mean Time),0.0016,0.0324,0.0429,0
Mon Dec 16 2024 05:00:00 GMT+0000 (Greenwich Mean Time),0.0016,0.0324,0.0429,0
Mon Dec 16 2024 06:00:00 GMT+0000 (Greenwich Mean Time),0.0029,0.0123,0.043,1279.2872971733248
Mon Dec 16 2024 07:00:00 GMT+0000 (Greenwich Mean Time),0.0029,0.0123,0.043,0
Mon Dec 16 2024 08:00:00 GMT+0000 (Greenwich Mean Time),0.0029,0.0123,0.043,0
Mon Dec 16 2024 09:00:00 GMT+0000 (Greenwich Mean Time),0.0029,0.0123,0.043,0
Mon Dec 16 2024 10:00:00 GMT+0000 (Greenwich Mean Time),0.0029,0.0123,0.043,0
Mon Dec 16 2024 11:00:00 GMT+0000 (Greenwich Mean Time),0.0029,0.0123,0.043,0
Mon Dec 16 2024 12:00:00 GMT+0000 (Greenwich Mean Time),0.0029,0.0123,0.043,0
Mon Dec 16 2024 13:00:00 GMT+0000 (Greenwich Mean Time),0.0029,0.0123,0.043,0
Mon Dec 16 2024 14:00:00 GMT+0000 (Greenwich Mean Time),0.0029,0.0123,0.043,0
Mon Dec 16 2024 15:00:00 GMT+0000 (Greenwich Mean Time),0.0029,0.0123,0.043,0
Mon Dec 16 2024 16:00:00 GMT+0000 (Greenwich Mean Time),0.0029,0.0123,0.043,0
Mon Dec 16 2024 17:00:00 GMT+0000 (Greenwich Mean Time),0.0029,0.0123,0.043,0
Mon Dec 16 2024 18:00:00 GMT+0000 (Greenwich Mean Time),0.0029,0.0123,0.043,0
Mon Dec 16 2024 19:00:00 GMT+0000 (Greenwich Mean Time),0.0029,0.0123,0.043,0
Mon Dec 16 2024 20:00:00 GMT+0000 (Greenwich Mean Time),0.0029,0.0123,0.043,0
Mon Dec 16 2024 21:00:00 GMT+0000 (Greenwich Mean Time),0.0029,0.0123,0.043,0
Mon Dec 16 2024 22:00:00 GMT+0000 (Greenwich Mean Time),0.0029,0.0123,0.043,0
Mon Dec 16 2024 23:00:00 GMT+0000 (Greenwich Mean Time),0.0029,0.0123,0.043,0
Tue Dec 17 2024 00:00:00 GMT+0000 (Greenwich Mean Time),0.0029,0.0123,0.043,0
Tue Dec 17 2024 01:00:00 GMT+0000 (Greenwich Mean Time),0.0029,0.0123,0.043,0
Tue Dec 17 2024 02:00:00 GMT+0000 (Greenwich Mean Time),0.0029,0.0123,0.043,0
Tue Dec 17 2024 03:00:00 GMT+0000 (Greenwich Mean Time),0.0029,0.0123,0.043,0
Tue Dec 17 2024 04:00:00 GMT+0000 (Greenwich Mean Time),0.0029,0.0123,0.043,0
Tue Dec 17 2024 05:00:00 GMT+0000 (Greenwich Mean Time),0.0029,0.0123,0.043,0
Tue Dec 17 2024 06:00:00 GMT+0000 (Greenwich Mean Time),0,0.0055,0.043,0
Tue Dec 17 2024 07:00:00 GMT+0000 (Greenwich Mean Time),0,0.0055,0.043,0
Tue Dec 17 2024 08:00:00 GMT+0000 (Greenwich Mean Time),0.0782,0.0163,0.043,0
Tue Dec 17 2024 09:00:00 GMT+0000 (Greenwich Mean Time),0.0782,0.0163,0.043,0
Tue Dec 17 2024 10:00:00 GMT+0000 (Greenwich Mean Time),0.0782,0.0163,0.043,0
Tue Dec 17 2024 11:00:00 GMT+0000 (Greenwich Mean Time),0.0782,0.0163,0.043,0
Tue Dec 17 2024 12:00:00 GMT+0000 (Greenwich Mean Time),0.0782,0.0163,0.043,17.204371220317956
Tue Dec 17 2024 13:00:00 GMT+0000 (Greenwich Mean Time),0.0782,0.0163,0.043,0
Tue Dec 17 2024 14:00:00 GMT+0000 (Greenwich Mean Time),0.0782,0.0163,0.043,0
Tue Dec 17 2024 15:00:00 GMT+0000 (Greenwich Mean Time),0.0782,0.0163,0.043,0
Tue Dec 17 2024 16:00:00 GMT+0000 (Greenwich Mean Time),0.0782,0.0163,0.043,0
Tue Dec 17 2024 17:00:00 GMT+0000 (Greenwich Mean Time),0.0782,0.0163,0.043,0
Tue Dec 17 2024 18:00:00 GMT+0000 (Greenwich Mean Time),0.0782,0.0163,0.043,0
Tue Dec 17 2024 19:00:00 GMT+0000 (Greenwich Mean Time),0.0782,0.0163,0.043,0
Tue Dec 17 2024 20:00:00 GMT+0000 (Greenwich Mean Time),0.0782,0.0163,0.043,0
Tue Dec 17 2024 21:00:00 GMT+0000 (Greenwich Mean Time),0.0782,0.0163,0.043,0
Tue Dec 17 2024 22:00:00 GMT+0000 (Greenwich Mean Time),0.0782,0.0163,0.043,0
Tue Dec 17 2024 23:00:00 GMT+0000 (Greenwich Mean Time),0.0782,0.0163,0.043,0
Wed Dec 18 2024 00:00:00 GMT+0000 (Greenwich Mean Time),0.0781,0.0163,0.043,0
Wed Dec 18 2024 01:00:00 GMT+0000 (Greenwich Mean Time),0.0781,0.0163,0.043,0
Wed Dec 18 2024 02:00:00 GMT+0000 (Greenwich Mean Time),0.0781,0.0163,0.043,0
Wed Dec 18 2024 03:00:00 GMT+0000 (Greenwich Mean Time),0.0781,0.0163,0.043,0
Wed Dec 18 2024 04:00:00 GMT+0000 (Greenwich Mean Time),0.0781,0.0163,0.043,0
Wed Dec 18 2024 05:00:00 GMT+0000 (Greenwich Mean Time),0.0781,0.0163,0.043,0
Wed Dec 18 2024 06:00:00 GMT+0000 (Greenwich Mean Time),0.1083,0.0329,0.043,0
Wed Dec 18 2024 07:00:00 GMT+0000 (Greenwich Mean Time),0.1083,0.0329,0.043,0
Wed Dec 18 2024 08:00:00 GMT+0000 (Greenwich Mean Time),0.145,0.0329,0.043,0
Wed Dec 18 2024 09:00:00 GMT+0000 (Greenwich Mean Time),0.145,0.0329,0.043,0
Wed Dec 18 2024 10:00:00 GMT+0000 (Greenwich Mean Time),0.145,0.0329,0.043,0
Wed Dec 18 2024 11:00:00 GMT+0000 (Greenwich Mean Time),0.145,0.0329,0.043,0
Wed Dec 18 2024 12:00:00 GMT+0000 (Greenwich Mean Time),0.145,0.0329,0.043,0
Wed Dec 18 2024 13:00:00 GMT+0000 (Greenwich Mean Time),0.145,0.0329,0.043,0
Wed Dec 18 2024 14:00:00 GMT+0000 (Greenwich Mean Time),0.145,0.0329,0.043,0
Wed Dec 18 2024 15:00:00 GMT+0000 (Greenwich Mean Time),0.145,0.0329,0.043,0
Wed Dec 18 2024 16:00:00 GMT+0000 (Greenwich Mean Time),0.145,0.0329,0.043,0
Wed Dec 18 2024 17:00:00 GMT+0000 (Greenwich Mean Time),0.145,0.0329,0.043,0
Wed Dec 18 2024 18:00:00 GMT+0000 (Greenwich Mean Time),0.145,0.0329,0.043,0
Wed Dec 18 2024 19:00:00 GMT+0000 (Greenwich Mean Time),0.145,0.0329,0.043,0
Wed Dec 18 2024 20:00:00 GMT+0000 (Greenwich Mean Time),0.145,0.0329,0.043,0
Wed Dec 18 2024 21:00:00 GMT+0000 (Greenwich Mean Time),0.145,0.0329,0.043,0
Wed Dec 18 2024 22:00:00 GMT+0000 (Greenwich Mean Time),0.145,0.0329,0.043,0
Wed Dec 18 2024 23:00:00 GMT+0000 (Greenwich Mean Time),0.145,0.0329,0.043,0
Thu Dec 19 2024 00:00:00 GMT+0000 (Greenwich Mean Time),0.1453,0.0329,0.043,0
Thu Dec 19 2024 01:00:00 GMT+0000 (Greenwich Mean Time),0.1453,0.0329,0.043,0
Thu Dec 19 2024 02:00:00 GMT+0000 (Greenwich Mean Time),0.1453,0.0329,0.043,0
Thu Dec 19 2024 03:00:00 GMT+0000 (Greenwich Mean Time),0.1453,0.0329,0.043,0
Thu Dec 19 2024 04:00:00 GMT+0000 (Greenwich Mean Time),0.1453,0.0329,0.043,0
Thu Dec 19 2024 05:00:00 GMT+0000 (Greenwich Mean Time),0.1453,0.0329,0.043,0
Thu Dec 19 2024 06:00:00 GMT+0000 (Greenwich Mean Time),0.0231,0.0344,0.043,0
Thu Dec 19 2024 07:00:00 GMT+0000 (Greenwich Mean Time),0.0231,0.0344,0.043,0
Thu Dec 19 2024 08:00:00 GMT+0000 (Greenwich Mean Time),0.0231,0.0344,0.043,11.599882817620097
Thu Dec 19 2024 09:00:00 GMT+0000 (Greenwich Mean Time),0.0231,0.0344,0.043,0
Thu Dec 19 2024 10:00:00 GMT+0000 (Greenwich Mean Time),0.0231,0.0344,0.043,0
Thu Dec 19 2024 11:00:00 GMT+0000 (Greenwich Mean Time),0.0231,0.0344,0.043,0
Thu Dec 19 2024 12:00:00 GMT+0000 (Greenwich Mean Time),0.0231,0.0344,0.043,0
Thu Dec 19 2024 13:00:00 GMT+0000 (Greenwich Mean Time),0.0231,0.0344,0.043,0
Thu Dec 19 2024 14:00:00 GMT+0000 (Greenwich Mean Time),0.0231,0.0344,0.043,0
Thu Dec 19 2024 15:00:00 GMT+0000 (Greenwich Mean Time),0.0231,0.0344,0.043,0
Thu Dec 19 2024 16:00:00 GMT+0000 (Greenwich Mean Time),0.0232,0.0344,0.043,0
Thu Dec 19 2024 17:00:00 GMT+0000 (Greenwich Mean Time),0.0232,0.0344,0.043,0
Thu Dec 19 2024 18:00:00 GMT+0000 (Greenwich Mean Time),0.0232,0.0344,0.043,0
Thu Dec 19 2024 19:00:00 GMT+0000 (Greenwich Mean Time),0.0232,0.0344,0.043,0
Thu Dec 19 2024 20:00:00 GMT+0000 (Greenwich Mean Time),0.0232,0.0344,0.043,0
Thu Dec 19 2024 21:00:00 GMT+0000 (Greenwich Mean Time),0.0232,0.0344,0.043,0
Thu Dec 19 2024 22:00:00 GMT+0000 (Greenwich Mean Time),0.0232,0.0344,0.043,0
Thu Dec 19 2024 23:00:00 GMT+0000 (Greenwich Mean Time),0.0232,0.0344,0.043,0
Fri Dec 20 2024 00:00:00 GMT+0000 (Greenwich Mean Time),0.0231,0.0344,0.043,0
Fri Dec 20 2024 01:00:00 GMT+0000 (Greenwich Mean Time),0.0231,0.0344,0.043,0
Fri Dec 20 2024 02:00:00 GMT+0000 (Greenwich Mean Time),0.0231,0.0344,0.043,0
Fri Dec 20 2024 03:00:00 GMT+0000 (Greenwich Mean Time),0.0231,0.0344,0.043,0
Fri Dec 20 2024 04:00:00 GMT+0000 (Greenwich Mean Time),0.0231,0.0344,0.043,0
Fri Dec 20 2024 05:00:00 GMT+0000 (Greenwich Mean Time),0.0231,0.0344,0.043,0
Fri Dec 20 2024 06:00:00 GMT+0000 (Greenwich Mean Time),0.0096,0.0357,0.043,0
Fri Dec 20 2024 07:00:00 GMT+0000 (Greenwich Mean Time),0.0096,0.0357,0.043,0
Fri Dec 20 2024 08:00:00 GMT+0000 (Greenwich Mean Time),0.0096,0.0357,0.043,0
Fri Dec 20 2024 09:00:00 GMT+0000 (Greenwich Mean Time),0.0096,0.0357,0.043,0
Fri Dec 20 2024 10:00:00 GMT+0000 (Greenwich Mean Time),0.0096,0.0357,0.043,0
Fri Dec 20 2024 11:00:00 GMT+0000 (Greenwich Mean Time),0.0096,0.0357,0.043,0
Fri Dec 20 2024 12:00:00 GMT+0000 (Greenwich Mean Time),0.0096,0.0357,0.043,0
Fri Dec 20 2024 13:00:00 GMT+0000 (Greenwich Mean Time),0.0096,0.0357,0.043,0
Fri Dec 20 2024 14:00:00 GMT+0000 (Greenwich Mean Time),0.0096,0.0357,0.043,0
Fri Dec 20 2024 15:00:00 GMT+0000 (Greenwich Mean Time),0.0096,0.0357,0.043,0
Fri Dec 20 2024 16:00:00 GMT+0000 (Greenwich Mean Time),0.0096,0.0357,0.043,0
Fri Dec 20 2024 17:00:00 GMT+0000 (Greenwich Mean Time),0.0096,0.0357,0.043,0
Fri Dec 20 2024 18:00:00 GMT+0000 (Greenwich Mean Time),0.0096,0.0357,0.043,0
Fri Dec 20 2024 19:00:00 GMT+0000 (Greenwich Mean Time),0.0096,0.0357,0.043,0
Fri Dec 20 2024 20:00:00 GMT+0000 (Greenwich Mean Time),0.0096,0.0357,0.043,0
Fri Dec 20 2024 21:00:00 GMT+0000 (Greenwich Mean Time),0.0096,0.0357,0.043,0
Fri Dec 20 2024 22:00:00 GMT+0000 (Greenwich Mean Time),0.0096,0.0357,0.043,0
Fri Dec 20 2024 23:00:00 GMT+0000 (Greenwich Mean Time),0.0096,0.0357,0.043,0
Sat Dec 21 2024 00:00:00 GMT+0000 (Greenwich Mean Time),0.0096,0.0357,0.043,0
Sat Dec 21 2024 01:00:00 GMT+0000 (Greenwich Mean Time),0.0096,0.0357,0.043,0
Sat Dec 21 2024 02:00:00 GMT+0000 (Greenwich Mean Time),0.0096,0.0357,0.043,0
Sat Dec 21 2024 03:00:00 GMT+0000 (Greenwich Mean Time),0.0096,0.0357,0.043,0
Sat Dec 21 2024 04:00:00 GMT+0000 (Greenwich Mean Time),0.0096,0.0357,0.043,0
Sat Dec 21 2024 05:00:00 GMT+0000 (Greenwich Mean Time),0.0096,0.0357,0.043,0
Sat Dec 21 2024 06:00:00 GMT+0000 (Greenwich Mean Time),0.0074,0.0363,0.043,0
Sat Dec 21 2024 07:00:00 GMT+0000 (Greenwich Mean Time),0.0074,0.0363,0.043,0
Sat Dec 21 2024 08:00:00 GMT+0000 (Greenwich Mean Time),0.0074,0.0363,0.043,0
Sat Dec 21 2024 09:00:00 GMT+0000 (Greenwich Mean Time),0.0074,0.0363,0.043,0
Sat Dec 21 2024 10:00:00 GMT+0000 (Greenwich Mean Time),0.0074,0.0363,0.043,0
Sat Dec 21 2024 11:00:00 GMT+0000 (Greenwich Mean Time),0.0074,0.0363,0.043,0
Sat Dec 21 2024 12:00:00 GMT+0000 (Greenwich Mean Time),0.0074,0.0363,0.043,0
Sat Dec 21 2024 13:00:00 GMT+0000 (Greenwich Mean Time),0.0074,0.0363,0.043,146.06598116850662
Sat Dec 21 2024 14:00:00 GMT+0000 (Greenwich Mean Time),0.0074,0.0363,0.043,0
Sat Dec 21 2024 15:00:00 GMT+0000 (Greenwich Mean Time),0.0074,0.0363,0.043,0
Sat Dec 21 2024 16:00:00 GMT+0000 (Greenwich Mean Time),0.0074,0.0363,0.043,0
Sat Dec 21 2024 17:00:00 GMT+0000 (Greenwich Mean Time),0.0074,0.0363,0.043,0
Sat Dec 21 2024 18:00:00 GMT+0000 (Greenwich Mean Time),0.0074,0.0363,0.043,0
Sat Dec 21 2024 19:00:00 GMT+0000 (Greenwich Mean Time),0.0074,0.0363,0.043,0
Sat Dec 21 2024 20:00:00 GMT+0000 (Greenwich Mean Time),0.0074,0.0363,0.043,0
Sat Dec 21 2024 21:00:00 GMT+0000 (Greenwich Mean Time),0.0074,0.0363,0.043,0
Sat Dec 21 2024 22:00:00 GMT+0000 (Greenwich Mean Time),0.0074,0.0363,0.043,0
Sat Dec 21 2024 23:00:00 GMT+0000 (Greenwich Mean Time),0.0074,0.0363,0.043,0
Sun Dec 22 2024 00:00:00 GMT+0000 (Greenwich Mean Time),0.0074,0.0364,0.043,0
Sun Dec 22 2024 01:00:00 GMT+0000 (Greenwich Mean Time),0.0074,0.0364,0.043,0
Sun Dec 22 2024 02:00:00 GMT+0000 (Greenwich Mean Time),0.0074,0.0364,0.043,0
Sun Dec 22 2024 03:00:00 GMT+0000 (Greenwich Mean Time),0.0074,0.0364,0.043,0
Sun Dec 22 2024 04:00:00 GMT+0000 (Greenwich Mean Time),0.0074,0.0364,0.043,0
Sun Dec 22 2024 05:00:00 GMT+0000 (Greenwich Mean Time),0.0074,0.0364,0.043,0
Sun Dec 22 2024 06:00:00 GMT+0000 (Greenwich Mean Time),0.0039,0.0367,0.043,0
Sun Dec 22 2024 07:00:00 GMT+0000 (Greenwich Mean Time),0.0039,0.0367,0.043,0
Sun Dec 22 2024 08:00:00 GMT+0000 (Greenwich Mean Time),0.0039,0.0367,0.043,0
Sun Dec 22 2024 09:00:00 GMT+0000 (Greenwich Mean Time),0.0039,0.0367,0.043,0
Sun Dec 22 2024 10:00:00 GMT+0000 (Greenwich Mean Time),0.0039,0.0367,0.043,0
Sun Dec 22 2024 11:00:00 GMT+0000 (Greenwich Mean Time),0.0039,0.0367,0.043,0
Sun Dec 22 2024 12:00:00 GMT+0000 (Greenwich Mean Time),0.0039,0.0367,0.043,0
Sun Dec 22 2024 13:00:00 GMT+0000 (Greenwich Mean Time),0.0039,0.0367,0.043,0
Sun Dec 22 2024 14:00:00 GMT+0000 (Greenwich Mean Time),0.0039,0.0367,0.043,0
Sun Dec 22 2024 15:00:00 GMT+0000 (Greenwich Mean Time),0.0039,0.0367,0.043,0
Sun Dec 22 2024 16:00:00 GMT+0000 (Greenwich Mean Time),0.0039,0.0367,0.043,0
Sun Dec 22 2024 17:00:00 GMT+0000 (Greenwich Mean Time),0.0039,0.0367,0.043,0
Sun Dec 22 2024 18:00:00 GMT+0000 (Greenwich Mean Time),0.0039,0.0367,0.043,0
Sun Dec 22 2024 19:00:00 GMT+0000 (Greenwich Mean Time),0.0039,0.0367,0.043,0
Sun Dec 22 2024 20:00:00 GMT+0000 (Greenwich Mean Time),0.0039,0.0367,0.0433,1753.9556243584789
Sun Dec 22 2024 21:00:00 GMT+0000 (Greenwich Mean Time),0.0039,0.0367,0.0433,0
Sun Dec 22 2024 22:00:00 GMT+0000 (Greenwich Mean Time),0.0039,0.0367,0.0433,0
Sun Dec 22 2024 23:00:00 GMT+0000 (Greenwich Mean Time),0.0039,0.0367,0.0433,0
Mon Dec 23 2024 00:00:00 GMT+0000 (Greenwich Mean Time),0.0039,0.0367,0.0433,0
Mon Dec 23 2024 01:00:00 GMT+0000 (Greenwich Mean Time),0.0039,0.0367,0.0433,0
Mon Dec 23 2024 02:00:00 GMT+0000 (Greenwich Mean Time),0.0039,0.0367,0.0433,0
Mon Dec 23 2024 03:00:00 GMT+0000 (Greenwich Mean Time),0.0039,0.0367,0.0433,0
Mon Dec 23 2024 04:00:00 GMT+0000 (Greenwich Mean Time),0.0039,0.0367,0.0433,0
Mon Dec 23 2024 05:00:00 GMT+0000 (Greenwich Mean Time),0.0039,0.0367,0.0433,0
Mon Dec 23 2024 06:00:00 GMT+0000 (Greenwich Mean Time),0.0002,0.0363,0.0459,100454.28506252717
Mon Dec 23 2024 07:00:00 GMT+0000 (Greenwich Mean Time),0.0002,0.0363,0.0459,0
Mon Dec 23 2024 08:00:00 GMT+0000 (Greenwich Mean Time),0.0002,0.0363,0.0459,0
Mon Dec 23 2024 09:00:00 GMT+0000 (Greenwich Mean Time),0.0002,0.0363,0.0459,0
Mon Dec 23 2024 10:00:00 GMT+0000 (Greenwich Mean Time),0.0002,0.0363,0.0459,0
Mon Dec 23 2024 11:00:00 GMT+0000 (Greenwich Mean Time),0.0002,0.0363,0.0459,0
Mon Dec 23 2024 12:00:00 GMT+0000 (Greenwich Mean Time),0.0002,0.0363,0.0459,0
Mon Dec 23 2024 13:00:00 GMT+0000 (Greenwich Mean Time),0.0002,0.0363,0.0459,0
Mon Dec 23 2024 14:00:00 GMT+0000 (Greenwich Mean Time),0.0002,0.0363,0.0459,0
Mon Dec 23 2024 15:00:00 GMT+0000 (Greenwich Mean Time),0.0002,0.0363,0.0459,0
Mon Dec 23 2024 16:00:00 GMT+0000 (Greenwich Mean Time),0.0002,0.0363,0.0459,0
Mon Dec 23 2024 17:00:00 GMT+0000 (Greenwich Mean Time),0.0002,0.0363,0.0459,0
Mon Dec 23 2024 18:00:00 GMT+0000 (Greenwich Mean Time),0.0002,0.0363,0.0459,0
Mon Dec 23 2024 19:00:00 GMT+0000 (Greenwich Mean Time),0.0002,0.0363,0.0459,0
Mon Dec 23 2024 20:00:00 GMT+0000 (Greenwich Mean Time),0.0002,0.0363,0.0459,0
Mon Dec 23 2024 21:00:00 GMT+0000 (Greenwich Mean Time),0.0002,0.0363,0.0459,0
Mon Dec 23 2024 22:00:00 GMT+0000 (Greenwich Mean Time),0.0002,0.0363,0.0459,0
Mon Dec 23 2024 23:00:00 GMT+0000 (Greenwich Mean Time),0.0002,0.0363,0.0459,0
Tue Dec 24 2024 00:00:00 GMT+0000 (Greenwich Mean Time),0.0002,0.0363,0.0459,0
Tue Dec 24 2024 01:00:00 GMT+0000 (Greenwich Mean Time),0.0002,0.0363,0.0459,0
Tue Dec 24 2024 02:00:00 GMT+0000 (Greenwich Mean Time),0.0002,0.0363,0.0459,0
Tue Dec 24 2024 03:00:00 GMT+0000 (Greenwich Mean Time),0.0002,0.0363,0.0459,0
Tue Dec 24 2024 04:00:00 GMT+0000 (Greenwich Mean Time),0.0002,0.0363,0.0459,0
Tue Dec 24 2024 05:00:00 GMT+0000 (Greenwich Mean Time),0.0002,0.0363,0.0459,0
Tue Dec 24 2024 06:00:00 GMT+0000 (Greenwich Mean Time),0,0.0363,0.0459,0
Tue Dec 24 2024 07:00:00 GMT+0000 (Greenwich Mean Time),0.0042,0.0321,0.0459,0
Tue Dec 24 2024 08:00:00 GMT+0000 (Greenwich Mean Time),0.0042,0.0251,0.0459,0
Tue Dec 24 2024 09:00:00 GMT+0000 (Greenwich Mean Time),0.0042,0.0251,0.0459,0
Tue Dec 24 2024 10:00:00 GMT+0000 (Greenwich Mean Time),0.0042,0.0251,0.0459,0
Tue Dec 24 2024 11:00:00 GMT+0000 (Greenwich Mean Time),0.0042,0.0251,0.0459,0
Tue Dec 24 2024 12:00:00 GMT+0000 (Greenwich Mean Time),0.0042,0.0251,0.0459,0
Tue Dec 24 2024 13:00:00 GMT+0000 (Greenwich Mean Time),0.0042,0.0251,0.0459,0
Tue Dec 24 2024 14:00:00 GMT+0000 (Greenwich Mean Time),0.0042,0.0251,0.0459,0
Tue Dec 24 2024 15:00:00 GMT+0000 (Greenwich Mean Time),0.0042,0.0251,0.0459,0
Tue Dec 24 2024 16:00:00 GMT+0000 (Greenwich Mean Time),0.0042,0.0251,0.0459,0
Tue Dec 24 2024 17:00:00 GMT+0000 (Greenwich Mean Time),0.0042,0.0251,0.0459,0
Tue Dec 24 2024 18:00:00 GMT+0000 (Greenwich Mean Time),0.0042,0.0251,0.0459,0
Tue Dec 24 2024 19:00:00 GMT+0000 (Greenwich Mean Time),0.0042,0.0251,0.0459,0
Tue Dec 24 2024 20:00:00 GMT+0000 (Greenwich Mean Time),0.0042,0.0251,0.0459,0
Tue Dec 24 2024 21:00:00 GMT+0000 (Greenwich Mean Time),0.0042,0.0251,0.0459,0
Tue Dec 24 2024 22:00:00 GMT+0000 (Greenwich Mean Time),0.0042,0.0251,0.0453,5608.725469676013
Tue Dec 24 2024 23:00:00 GMT+0000 (Greenwich Mean Time),0.0042,0.0251,0.0453,0
Wed Dec 25 2024 00:00:00 GMT+0000 (Greenwich Mean Time),0.0042,0.0251,0.0453,2.320697223439424
Wed Dec 25 2024 01:00:00 GMT+0000 (Greenwich Mean Time),0.0042,0.0251,0.0453,0
Wed Dec 25 2024 02:00:00 GMT+0000 (Greenwich Mean Time),0.0042,0.0251,0.1493,893909.5520748489
Wed Dec 25 2024 03:00:00 GMT+0000 (Greenwich Mean Time),0.0042,0.0251,0.1493,0
Wed Dec 25 2024 04:00:00 GMT+0000 (Greenwich Mean Time),0.0042,0.0251,0.1493,0
Wed Dec 25 2024 05:00:00 GMT+0000 (Greenwich Mean Time),0.0042,0.0251,0.1493,0
Wed Dec 25 2024 06:00:00 GMT+0000 (Greenwich Mean Time),0.0042,0.008,0.1493,0
Wed Dec 25 2024 07:00:00 GMT+0000 (Greenwich Mean Time),0.0019,0.0072,0.1493,0
Wed Dec 25 2024 08:00:00 GMT+0000 (Greenwich Mean Time),0.0019,0.0072,0.1493,0
Wed Dec 25 2024 09:00:00 GMT+0000 (Greenwich Mean Time),0.0019,0.0072,0.1494,168.794910615208
Wed Dec 25 2024 10:00:00 GMT+0000 (Greenwich Mean Time),0.0019,0.0072,0.1494,0
Wed Dec 25 2024 11:00:00 GMT+0000 (Greenwich Mean Time),0.0019,0.0072,0.1494,0
Wed Dec 25 2024 12:00:00 GMT+0000 (Greenwich Mean Time),0.0019,0.0072,0.1494,0
Wed Dec 25 2024 13:00:00 GMT+0000 (Greenwich Mean Time),0.0019,0.0072,0.1494,0
Wed Dec 25 2024 14:00:00 GMT+0000 (Greenwich Mean Time),0.0019,0.0072,0.1494,0
Wed Dec 25 2024 15:00:00 GMT+0000 (Greenwich Mean Time),0.0019,0.0072,0.1494,0
Wed Dec 25 2024 16:00:00 GMT+0000 (Greenwich Mean Time),0.0019,0.0072,0.1494,0
Wed Dec 25 2024 17:00:00 GMT+0000 (Greenwich Mean Time),0.0019,0.0072,0.1494,0
Wed Dec 25 2024 18:00:00 GMT+0000 (Greenwich Mean Time),0.0019,0.0072,0.1494,0
Wed Dec 25 2024 19:00:00 GMT+0000 (Greenwich Mean Time),0.0019,0.0072,0.1494,0
Wed Dec 25 2024 20:00:00 GMT+0000 (Greenwich Mean Time),0.0019,0.0072,0.1494,0
Wed Dec 25 2024 21:00:00 GMT+0000 (Greenwich Mean Time),0.0019,0.0072,0.1494,0
Wed Dec 25 2024 22:00:00 GMT+0000 (Greenwich Mean Time),0.0019,0.0072,0.1494,0
Wed Dec 25 2024 23:00:00 GMT+0000 (Greenwich Mean Time),0.0019,0.0072,0.1503,0