time,underlyingApy1DMA,underlyingApy7DMA,impliedApy,volume
Sun Apr 28 2024 01:00:00 GMT+0100 (British Summer Time),0.0213,0.0221,0.4341,4237.318812805026
Sun Apr 28 2024 02:00:00 GMT+0100 (British Summer Time),0.0213,0.0221,0.4331,35898.82631912527
Sun Apr 28 2024 03:00:00 GMT+0100 (British Summer Time),0.0213,0.0221,0.4423,218092.08253924202
Sun Apr 28 2024 04:00:00 GMT+0100 (British Summer Time),0.0213,0.0221,0.4393,71036.78103113406
Sun Apr 28 2024 05:00:00 GMT+0100 (British Summer Time),0.0213,0.0221,0.4401,17339.370293798063
Sun Apr 28 2024 06:00:00 GMT+0100 (British Summer Time),0.0213,0.0221,0.4401,0
Sun Apr 28 2024 07:00:00 GMT+0100 (British Summer Time),0.0213,0.0221,0.4336,232650.92039410523
Sun Apr 28 2024 08:00:00 GMT+0100 (British Summer Time),0.0213,0.0221,0.4339,6374.903216396437
Sun Apr 28 2024 09:00:00 GMT+0100 (British Summer Time),0.0213,0.0221,0.4342,28674.296543285007
Sun Apr 28 2024 10:00:00 GMT+0100 (British Summer Time),0.0213,0.0221,0.4364,173501.90910600947
Sun Apr 28 2024 11:00:00 GMT+0100 (British Summer Time),0.0213,0.0221,0.4374,24583.938699381644
Sun Apr 28 2024 12:00:00 GMT+0100 (British Summer Time),0.0213,0.0221,0.4374,6486.999414425234
Sun Apr 28 2024 13:00:00 GMT+0100 (British Summer Time),0.0213,0.0221,0.4401,63861.777878855726
Sun Apr 28 2024 14:00:00 GMT+0100 (British Summer Time),0.0213,0.0221,0.4373,82017.33067394423
Sun Apr 28 2024 15:00:00 GMT+0100 (British Summer Time),0.0213,0.0221,0.4369,145751.70164201644
Sun Apr 28 2024 16:00:00 GMT+0100 (British Summer Time),0.0213,0.0221,0.4356,31209.83620326819
Sun Apr 28 2024 17:00:00 GMT+0100 (British Summer Time),0.0213,0.0221,0.4375,71865.38805100924
Sun Apr 28 2024 18:00:00 GMT+0100 (British Summer Time),0.0213,0.0221,0.4131,1152651.2527491846
Sun Apr 28 2024 19:00:00 GMT+0100 (British Summer Time),0.0213,0.0221,0.4293,1056870.6412695916
Sun Apr 28 2024 20:00:00 GMT+0100 (British Summer Time),0.0213,0.0221,0.4386,535953.6959552615
Sun Apr 28 2024 21:00:00 GMT+0100 (British Summer Time),0.0213,0.0221,0.4377,56988.45659197534
Sun Apr 28 2024 22:00:00 GMT+0100 (British Summer Time),0.0213,0.0221,0.4144,650874.8339168053
Sun Apr 28 2024 23:00:00 GMT+0100 (British Summer Time),0.0213,0.0187,0.4113,72344.00227537932
Mon Apr 29 2024 00:00:00 GMT+0100 (British Summer Time),0.0216,0.0218,0.418,158940.44283557608
Mon Apr 29 2024 01:00:00 GMT+0100 (British Summer Time),0.0216,0.0218,0.428,239147.16291203987
Mon Apr 29 2024 02:00:00 GMT+0100 (British Summer Time),0.0216,0.0218,0.4086,503226.44210430945
Mon Apr 29 2024 03:00:00 GMT+0100 (British Summer Time),0.0216,0.0218,0.3918,815558.1673654343
Mon Apr 29 2024 04:00:00 GMT+0100 (British Summer Time),0.0216,0.0218,0.392,5557.23288815941
Mon Apr 29 2024 05:00:00 GMT+0100 (British Summer Time),0.0216,0.0218,0.3783,322796.9240485362
Mon Apr 29 2024 06:00:00 GMT+0100 (British Summer Time),0.0216,0.0218,0.3811,63415.60053206021
Mon Apr 29 2024 07:00:00 GMT+0100 (British Summer Time),0.0216,0.0218,0.3784,80878.86487137487
Mon Apr 29 2024 08:00:00 GMT+0100 (British Summer Time),0.0216,0.0218,0.378,9478.44832638421
Mon Apr 29 2024 09:00:00 GMT+0100 (British Summer Time),0.0216,0.0218,0.3785,12594.227307975216
Mon Apr 29 2024 10:00:00 GMT+0100 (British Summer Time),0.0216,0.0218,0.3852,182204.30878091344
Mon Apr 29 2024 11:00:00 GMT+0100 (British Summer Time),0.0216,0.0218,0.4047,445440.07642177184
Mon Apr 29 2024 12:00:00 GMT+0100 (British Summer Time),0.0216,0.0218,0.3903,378336.1709409064
Mon Apr 29 2024 13:00:00 GMT+0100 (British Summer Time),0.0216,0.0218,0.3915,8330.792865895679
Mon Apr 29 2024 14:00:00 GMT+0100 (British Summer Time),0.0216,0.0218,0.3932,263538.39747754455
Mon Apr 29 2024 15:00:00 GMT+0100 (British Summer Time),0.0216,0.0218,0.3922,34727.14460348134
Mon Apr 29 2024 16:00:00 GMT+0100 (British Summer Time),0.0216,0.0218,0.3767,354734.3220805092
Mon Apr 29 2024 17:00:00 GMT+0100 (British Summer Time),0.0216,0.0218,0.3555,831218.988988814
Mon Apr 29 2024 18:00:00 GMT+0100 (British Summer Time),0.0216,0.0218,0.2634,3007981.8580143084
Mon Apr 29 2024 19:00:00 GMT+0100 (British Summer Time),0.0216,0.0218,0.2658,1216030.3517373619
Mon Apr 29 2024 20:00:00 GMT+0100 (British Summer Time),0.0216,0.0218,0.2998,2190171.719555517
Mon Apr 29 2024 21:00:00 GMT+0100 (British Summer Time),0.0216,0.0218,0.2939,197202.9210075786
Mon Apr 29 2024 22:00:00 GMT+0100 (British Summer Time),0.0216,0.0218,0.299,223731.36523934247
Mon Apr 29 2024 23:00:00 GMT+0100 (British Summer Time),0.0216,0.0184,0.3008,55952.47993795836
Tue Apr 30 2024 00:00:00 GMT+0100 (British Summer Time),0.0218,0.0216,0.3005,269627.36559364264
Tue Apr 30 2024 01:00:00 GMT+0100 (British Summer Time),0.0218,0.0216,0.3001,53451.583765919
Tue Apr 30 2024 02:00:00 GMT+0100 (British Summer Time),0.0218,0.0216,0.2955,109920.26922154623
Tue Apr 30 2024 03:00:00 GMT+0100 (British Summer Time),0.0218,0.0216,0.2942,135496.54055945095
Tue Apr 30 2024 04:00:00 GMT+0100 (British Summer Time),0.0218,0.0216,0.296,92760.09784087396
Tue Apr 30 2024 05:00:00 GMT+0100 (British Summer Time),0.0218,0.0216,0.2987,0
Tue Apr 30 2024 06:00:00 GMT+0100 (British Summer Time),0.0218,0.0216,0.3134,418769.70183935796
Tue Apr 30 2024 07:00:00 GMT+0100 (British Summer Time),0.0218,0.0216,0.3134,211424.32912235594
Tue Apr 30 2024 08:00:00 GMT+0100 (British Summer Time),0.0218,0.0216,0.3171,89113.79863684312
Tue Apr 30 2024 09:00:00 GMT+0100 (British Summer Time),0.0218,0.0216,0.3202,115491.17777825681
Tue Apr 30 2024 10:00:00 GMT+0100 (British Summer Time),0.0218,0.0216,0.3199,4765.215431114492
Tue Apr 30 2024 11:00:00 GMT+0100 (British Summer Time),0.0218,0.0216,0.3261,130970.20964366813
Tue Apr 30 2024 12:00:00 GMT+0100 (British Summer Time),0.0218,0.0216,0.3363,211162.36176627525
Tue Apr 30 2024 13:00:00 GMT+0100 (British Summer Time),0.0218,0.0216,0.3286,158520.3095489246
Tue Apr 30 2024 14:00:00 GMT+0100 (British Summer Time),0.0218,0.0216,0.3319,315956.8759324623
Tue Apr 30 2024 15:00:00 GMT+0100 (British Summer Time),0.0218,0.0216,0.3293,52242.72528913064
Tue Apr 30 2024 16:00:00 GMT+0100 (British Summer Time),0.0218,0.0216,0.328,120187.48454511949
Tue Apr 30 2024 17:00:00 GMT+0100 (British Summer Time),0.0218,0.0216,0.3303,52004.885761954465
Tue Apr 30 2024 18:00:00 GMT+0100 (British Summer Time),0.0218,0.0216,0.3279,65377.16724018977
Tue Apr 30 2024 19:00:00 GMT+0100 (British Summer Time),0.0218,0.0216,0.3279,0
Tue Apr 30 2024 20:00:00 GMT+0100 (British Summer Time),0.0218,0.0216,0.329,22143.017321373038
Tue Apr 30 2024 21:00:00 GMT+0100 (British Summer Time),0.0218,0.0216,0.3295,131554.91807875398
Tue Apr 30 2024 22:00:00 GMT+0100 (British Summer Time),0.0218,0.0216,0.3304,23724.84205667558
Tue Apr 30 2024 23:00:00 GMT+0100 (British Summer Time),0.0218,0.0184,0.3314,19949.830897230975
Wed May 01 2024 00:00:00 GMT+0100 (British Summer Time),0.0222,0.0216,0.3313,2707.606639235453
Wed May 01 2024 01:00:00 GMT+0100 (British Summer Time),0.0222,0.0216,0.331,128244.30882671298
Wed May 01 2024 02:00:00 GMT+0100 (British Summer Time),0.0222,0.0216,0.3381,283396.702925513
Wed May 01 2024 03:00:00 GMT+0100 (British Summer Time),0.0222,0.0216,0.3299,318389.31018757646
Wed May 01 2024 04:00:00 GMT+0100 (British Summer Time),0.0222,0.0216,0.3276,46246.934527839505
Wed May 01 2024 05:00:00 GMT+0100 (British Summer Time),0.0222,0.0216,0.323,201659.35729171004
Wed May 01 2024 06:00:00 GMT+0100 (British Summer Time),0.0222,0.0216,0.3209,69925.73743755111
Wed May 01 2024 07:00:00 GMT+0100 (British Summer Time),0.0222,0.0216,0.3211,4919.991153549275
Wed May 01 2024 08:00:00 GMT+0100 (British Summer Time),0.0222,0.0216,0.3151,547691.2797249213
Wed May 01 2024 09:00:00 GMT+0100 (British Summer Time),0.0222,0.0216,0.3136,144926.5830571653
Wed May 01 2024 10:00:00 GMT+0100 (British Summer Time),0.0222,0.0216,0.3095,260724.25666838672
Wed May 01 2024 11:00:00 GMT+0100 (British Summer Time),0.0222,0.0216,0.3095,6697.743174930375
Wed May 01 2024 12:00:00 GMT+0100 (British Summer Time),0.0222,0.0216,0.3098,6695.55100512937
Wed May 01 2024 13:00:00 GMT+0100 (British Summer Time),0.0222,0.0216,0.3102,0
Wed May 01 2024 14:00:00 GMT+0100 (British Summer Time),0.0222,0.0216,0.3119,33518.3655871689
Wed May 01 2024 15:00:00 GMT+0100 (British Summer Time),0.0222,0.0216,0.3058,435697.38624814805
Wed May 01 2024 16:00:00 GMT+0100 (British Summer Time),0.0222,0.0216,0.3016,81082.2977219604
Wed May 01 2024 17:00:00 GMT+0100 (British Summer Time),0.0222,0.0216,0.3009,69096.44033579083
Wed May 01 2024 18:00:00 GMT+0100 (British Summer Time),0.0222,0.0216,0.3142,232408.2628583819
Wed May 01 2024 19:00:00 GMT+0100 (British Summer Time),0.0222,0.0216,0.3146,6790.366969224156
Wed May 01 2024 20:00:00 GMT+0100 (British Summer Time),0.0222,0.0216,0.3146,0
Wed May 01 2024 21:00:00 GMT+0100 (British Summer Time),0.0222,0.0216,0.3149,6854.558602303841
Wed May 01 2024 22:00:00 GMT+0100 (British Summer Time),0.0222,0.0216,0.3152,5556.413899327587
Wed May 01 2024 23:00:00 GMT+0100 (British Summer Time),0.0222,0.0185,0.3177,48979.315566610356
Thu May 02 2024 00:00:00 GMT+0100 (British Summer Time),0.0216,0.0216,0.3148,75232.31438657282
Thu May 02 2024 01:00:00 GMT+0100 (British Summer Time),0.0216,0.0216,0.3158,20961.531099635773
Thu May 02 2024 02:00:00 GMT+0100 (British Summer Time),0.0216,0.0216,0.3082,216611.2812019249
Thu May 02 2024 03:00:00 GMT+0100 (British Summer Time),0.0216,0.0216,0.3189,208751.5691540589
Thu May 02 2024 04:00:00 GMT+0100 (British Summer Time),0.0216,0.0216,0.3179,37346.527377015984
Thu May 02 2024 05:00:00 GMT+0100 (British Summer Time),0.0216,0.0216,0.3175,0
Thu May 02 2024 06:00:00 GMT+0100 (British Summer Time),0.0216,0.0216,0.3178,5844.1234032723005
Thu May 02 2024 07:00:00 GMT+0100 (British Summer Time),0.0216,0.0216,0.3047,263498.6707547517
Thu May 02 2024 08:00:00 GMT+0100 (British Summer Time),0.0216,0.0216,0.3047,0
Thu May 02 2024 09:00:00 GMT+0100 (British Summer Time),0.0216,0.0216,0.3291,593516.3484569157
Thu May 02 2024 10:00:00 GMT+0100 (British Summer Time),0.0216,0.0216,0.3222,138779.75316596692
Thu May 02 2024 11:00:00 GMT+0100 (British Summer Time),0.0216,0.0216,0.3229,17594.671926708772
Thu May 02 2024 12:00:00 GMT+0100 (British Summer Time),0.0216,0.0216,0.3236,23879.048695869165
Thu May 02 2024 13:00:00 GMT+0100 (British Summer Time),0.0216,0.0216,0.3236,37026.09996068696
Thu May 02 2024 14:00:00 GMT+0100 (British Summer Time),0.0216,0.0216,0.3263,67344.94035967535
Thu May 02 2024 15:00:00 GMT+0100 (British Summer Time),0.0216,0.0216,0.319,148107.3532942956
Thu May 02 2024 16:00:00 GMT+0100 (British Summer Time),0.0216,0.0216,0.3131,132490.31083328725
Thu May 02 2024 17:00:00 GMT+0100 (British Summer Time),0.0216,0.0216,0.3131,0
Thu May 02 2024 18:00:00 GMT+0100 (British Summer Time),0.0216,0.0216,0.3177,92196.6624339788
Thu May 02 2024 19:00:00 GMT+0100 (British Summer Time),0.0216,0.0216,0.3267,343967.3226333457
Thu May 02 2024 20:00:00 GMT+0100 (British Summer Time),0.0216,0.0216,0.3364,198123.41094692834
Thu May 02 2024 21:00:00 GMT+0100 (British Summer Time),0.0216,0.0216,0.3364,0
Thu May 02 2024 22:00:00 GMT+0100 (British Summer Time),0.0216,0.0216,0.3365,3103.620151232092
Thu May 02 2024 23:00:00 GMT+0100 (British Summer Time),0.0216,0.0216,0.3365,16664.13471940271
Fri May 03 2024 00:00:00 GMT+0100 (British Summer Time),0.0213,0.0215,0.3373,0
Fri May 03 2024 01:00:00 GMT+0100 (British Summer Time),0.0213,0.0215,0.3389,32975.35627752281
Fri May 03 2024 02:00:00 GMT+0100 (British Summer Time),0.0213,0.0215,0.3163,512574.3561674401
Fri May 03 2024 03:00:00 GMT+0100 (British Summer Time),0.0213,0.0215,0.3027,315443.41817788733
Fri May 03 2024 04:00:00 GMT+0100 (British Summer Time),0.0213,0.0215,0.3014,26791.33714647923
Fri May 03 2024 05:00:00 GMT+0100 (British Summer Time),0.0213,0.0215,0.3014,0
Fri May 03 2024 06:00:00 GMT+0100 (British Summer Time),0.0213,0.0215,0.3014,24135.463173387685
Fri May 03 2024 07:00:00 GMT+0100 (British Summer Time),0.0213,0.0215,0.3002,1535.912324076569
Fri May 03 2024 08:00:00 GMT+0100 (British Summer Time),0.0213,0.0215,0.3002,5.9606493303269525
Fri May 03 2024 09:00:00 GMT+0100 (British Summer Time),0.0213,0.0215,0.2935,149474.55182054828
Fri May 03 2024 10:00:00 GMT+0100 (British Summer Time),0.0213,0.0215,0.2931,16447.7794991501
Fri May 03 2024 11:00:00 GMT+0100 (British Summer Time),0.0213,0.0215,0.287,147580.41237644
Fri May 03 2024 12:00:00 GMT+0100 (British Summer Time),0.0213,0.0215,0.2882,26384.802823143556
Fri May 03 2024 13:00:00 GMT+0100 (British Summer Time),0.0213,0.0215,0.2894,65806.46935125728
Fri May 03 2024 14:00:00 GMT+0100 (British Summer Time),0.0213,0.0215,0.2891,6235.6039059014465
Fri May 03 2024 15:00:00 GMT+0100 (British Summer Time),0.0213,0.0215,0.2947,176721.54037003525
Fri May 03 2024 16:00:00 GMT+0100 (British Summer Time),0.0213,0.0215,0.2943,10089.517080542179
Fri May 03 2024 17:00:00 GMT+0100 (British Summer Time),0.0213,0.0215,0.2943,0
Fri May 03 2024 18:00:00 GMT+0100 (British Summer Time),0.0213,0.0215,0.2943,1549.2741501230112
Fri May 03 2024 19:00:00 GMT+0100 (British Summer Time),0.0213,0.0215,0.2956,26453.85412805679
Fri May 03 2024 20:00:00 GMT+0100 (British Summer Time),0.0213,0.0215,0.2955,4892.957468462722
Fri May 03 2024 21:00:00 GMT+0100 (British Summer Time),0.0213,0.0215,0.302,171721.44338663082
Fri May 03 2024 22:00:00 GMT+0100 (British Summer Time),0.0213,0.0215,0.3037,61228.37218091247
Fri May 03 2024 23:00:00 GMT+0100 (British Summer Time),0.0213,0.0215,0.3049,0
Sat May 04 2024 00:00:00 GMT+0100 (British Summer Time),0.0221,0.0217,0.3049,0
Sat May 04 2024 01:00:00 GMT+0100 (British Summer Time),0.0221,0.0217,0.3023,56625.87001843086
Sat May 04 2024 02:00:00 GMT+0100 (British Summer Time),0.0221,0.0217,0.3024,0
Sat May 04 2024 03:00:00 GMT+0100 (British Summer Time),0.0221,0.0217,0.3024,0
Sat May 04 2024 04:00:00 GMT+0100 (British Summer Time),0.0221,0.0217,0.297,153212.49680765386
Sat May 04 2024 05:00:00 GMT+0100 (British Summer Time),0.0221,0.0217,0.2988,70447.52004729064
Sat May 04 2024 06:00:00 GMT+0100 (British Summer Time),0.0221,0.0217,0.3104,283179.2983846298
Sat May 04 2024 07:00:00 GMT+0100 (British Summer Time),0.0221,0.0217,0.3086,0
Sat May 04 2024 08:00:00 GMT+0100 (British Summer Time),0.0221,0.0217,0.3086,0
Sat May 04 2024 09:00:00 GMT+0100 (British Summer Time),0.0221,0.0217,0.304,96711.4376123588
Sat May 04 2024 10:00:00 GMT+0100 (British Summer Time),0.0221,0.0217,0.3041,703.1855611849542
Sat May 04 2024 11:00:00 GMT+0100 (British Summer Time),0.0221,0.0217,0.3038,6849.068786343026
Sat May 04 2024 12:00:00 GMT+0100 (British Summer Time),0.0221,0.0217,0.3069,88680.79072070973
Sat May 04 2024 13:00:00 GMT+0100 (British Summer Time),0.0221,0.0217,0.3072,6969.649438976812
Sat May 04 2024 14:00:00 GMT+0100 (British Summer Time),0.0221,0.0217,0.3062,22024.14764401293
Sat May 04 2024 15:00:00 GMT+0100 (British Summer Time),0.0221,0.0217,0.3051,56863.76541780645
Sat May 04 2024 16:00:00 GMT+0100 (British Summer Time),0.0221,0.0217,0.3055,13181.825493365486
Sat May 04 2024 17:00:00 GMT+0100 (British Summer Time),0.0221,0.0217,0.3057,0
Sat May 04 2024 18:00:00 GMT+0100 (British Summer Time),0.0221,0.0217,0.3057,0
Sat May 04 2024 19:00:00 GMT+0100 (British Summer Time),0.0221,0.0217,0.3065,17678.162455103746
Sat May 04 2024 20:00:00 GMT+0100 (British Summer Time),0.0221,0.0217,0.3045,44942.70194985601
Sat May 04 2024 21:00:00 GMT+0100 (British Summer Time),0.0221,0.0217,0.3056,24624.78604160627
Sat May 04 2024 22:00:00 GMT+0100 (British Summer Time),0.0221,0.0217,0.306,7653.499542637055
Sat May 04 2024 23:00:00 GMT+0100 (British Summer Time),0.0221,0.0217,0.3056,9192.929063580985
Sun May 05 2024 00:00:00 GMT+0100 (British Summer Time),0,0.0186,0.3043,29932.90851968726
Sun May 05 2024 01:00:00 GMT+0100 (British Summer Time),0.0211,0.0217,0.3053,21115.62449421273
Sun May 05 2024 02:00:00 GMT+0100 (British Summer Time),0.0211,0.0217,0.3052,3998.9680010176553
Sun May 05 2024 03:00:00 GMT+0100 (British Summer Time),0.0211,0.0217,0.3088,76887.29391029979
Sun May 05 2024 04:00:00 GMT+0100 (British Summer Time),0.0211,0.0217,0.3088,0
Sun May 05 2024 05:00:00 GMT+0100 (British Summer Time),0.0211,0.0217,0.3088,26890.387238345804
Sun May 05 2024 06:00:00 GMT+0100 (British Summer Time),0.0211,0.0217,0.3099,3299.0316721587474
Sun May 05 2024 07:00:00 GMT+0100 (British Summer Time),0.0211,0.0217,0.3099,0
Sun May 05 2024 08:00:00 GMT+0100 (British Summer Time),0.0211,0.0217,0.31,7509.313393733313
Sun May 05 2024 09:00:00 GMT+0100 (British Summer Time),0.0211,0.0217,0.3041,123997.60113434211
Sun May 05 2024 10:00:00 GMT+0100 (British Summer Time),0.0211,0.0217,0.3043,3065.2044970265015
Sun May 05 2024 11:00:00 GMT+0100 (British Summer Time),0.0211,0.0217,0.3033,21205.731591729706
Sun May 05 2024 12:00:00 GMT+0100 (British Summer Time),0.0211,0.0217,0.3034,3033.860438818406
Sun May 05 2024 13:00:00 GMT+0100 (British Summer Time),0.0211,0.0217,0.3034,0
Sun May 05 2024 14:00:00 GMT+0100 (British Summer Time),0.0211,0.0217,0.304,96217.7521836822
Sun May 05 2024 15:00:00 GMT+0100 (British Summer Time),0.0211,0.0217,0.3045,23997.810945237994
Sun May 05 2024 16:00:00 GMT+0100 (British Summer Time),0.0211,0.0217,0.3048,5215.157308956709
Sun May 05 2024 17:00:00 GMT+0100 (British Summer Time),0.0211,0.0217,0.3048,0
Sun May 05 2024 18:00:00 GMT+0100 (British Summer Time),0.0211,0.0217,0.3048,0
Sun May 05 2024 19:00:00 GMT+0100 (British Summer Time),0.0211,0.0217,0.2911,345857.70208566263
Sun May 05 2024 20:00:00 GMT+0100 (British Summer Time),0.0211,0.0217,0.2903,15657.86718864346
Sun May 05 2024 21:00:00 GMT+0100 (British Summer Time),0.0211,0.0217,0.2981,163871.65799194158
Sun May 05 2024 22:00:00 GMT+0100 (British Summer Time),0.0211,0.0217,0.3004,819111.1360980989
Sun May 05 2024 23:00:00 GMT+0100 (British Summer Time),0.0211,0.0217,0.3208,976.9970571855143
Mon May 06 2024 00:00:00 GMT+0100 (British Summer Time),0.0211,0.0186,0.309,568064.3524722379
Mon May 06 2024 01:00:00 GMT+0100 (British Summer Time),0.0201,0.0215,0.3128,82668.59358067212
Mon May 06 2024 02:00:00 GMT+0100 (British Summer Time),0.0201,0.0215,0.3086,91105.1760695728
Mon May 06 2024 03:00:00 GMT+0100 (British Summer Time),0.0201,0.0215,0.3086,249.83470526228996
Mon May 06 2024 04:00:00 GMT+0100 (British Summer Time),0.0201,0.0215,0.3099,26829.40353202901
Mon May 06 2024 05:00:00 GMT+0100 (British Summer Time),0.0201,0.0215,0.3097,4324.200580682529
Mon May 06 2024 06:00:00 GMT+0100 (British Summer Time),0.0201,0.0215,0.3099,5058.744932113871
Mon May 06 2024 07:00:00 GMT+0100 (British Summer Time),0.0201,0.0215,0.2967,443242.22041580966
Mon May 06 2024 08:00:00 GMT+0100 (British Summer Time),0.0201,0.0215,0.2968,3088.6941062197793
Mon May 06 2024 09:00:00 GMT+0100 (British Summer Time),0.0201,0.0215,0.3029,340634.77032588155
Mon May 06 2024 10:00:00 GMT+0100 (British Summer Time),0.0201,0.0215,0.3028,0
Mon May 06 2024 11:00:00 GMT+0100 (British Summer Time),0.0201,0.0215,0.3028,0
Mon May 06 2024 12:00:00 GMT+0100 (British Summer Time),0.0201,0.0215,0.3028,0
Mon May 06 2024 13:00:00 GMT+0100 (British Summer Time),0.0201,0.0215,0.3013,31306.38106901938
Mon May 06 2024 14:00:00 GMT+0100 (British Summer Time),0.0201,0.0215,0.3006,14084.679473233953
Mon May 06 2024 15:00:00 GMT+0100 (British Summer Time),0.0201,0.0215,0.3021,31281.320248442058
Mon May 06 2024 16:00:00 GMT+0100 (British Summer Time),0.0201,0.0215,0.3021,0
Mon May 06 2024 17:00:00 GMT+0100 (British Summer Time),0.0201,0.0215,0.3022,7890.703534644939
Mon May 06 2024 18:00:00 GMT+0100 (British Summer Time),0.0201,0.0215,0.3021,146831.27173762192
Mon May 06 2024 19:00:00 GMT+0100 (British Summer Time),0.0201,0.0215,0.3015,92077.36743912661
Mon May 06 2024 20:00:00 GMT+0100 (British Summer Time),0.0201,0.0215,0.3019,9717.534942032431
Mon May 06 2024 21:00:00 GMT+0100 (British Summer Time),0.0201,0.0215,0.3031,25054.874849904034
Mon May 06 2024 22:00:00 GMT+0100 (British Summer Time),0.0201,0.0215,0.3036,11031.923555231246
Mon May 06 2024 23:00:00 GMT+0100 (British Summer Time),0.0201,0.0215,0.3042,17905.93170523194
Tue May 07 2024 00:00:00 GMT+0100 (British Summer Time),0.0201,0.0183,0.3043,801.7033693668167
Tue May 07 2024 01:00:00 GMT+0100 (British Summer Time),0.0196,0.0211,0.3066,48885.47792888817
Tue May 07 2024 02:00:00 GMT+0100 (British Summer Time),0.0196,0.0211,0.307,8949.41359570316
Tue May 07 2024 03:00:00 GMT+0100 (British Summer Time),0.0196,0.0211,0.307,0
Tue May 07 2024 04:00:00 GMT+0100 (British Summer Time),0.0196,0.0211,0.3037,135052.04095965892
Tue May 07 2024 05:00:00 GMT+0100 (British Summer Time),0.0196,0.0211,0.304,5539.080993686435
Tue May 07 2024 06:00:00 GMT+0100 (British Summer Time),0.0196,0.0211,0.3044,8803.627269776734
Tue May 07 2024 07:00:00 GMT+0100 (British Summer Time),0.0196,0.0211,0.3039,9355.944579172905
Tue May 07 2024 08:00:00 GMT+0100 (British Summer Time),0.0196,0.0211,0.3014,254292.8987414248
Tue May 07 2024 09:00:00 GMT+0100 (British Summer Time),0.0196,0.0211,0.301,9272.340815527177
Tue May 07 2024 10:00:00 GMT+0100 (British Summer Time),0.0196,0.0211,0.3025,33086.19330843183
Tue May 07 2024 11:00:00 GMT+0100 (British Summer Time),0.0196,0.0211,0.3025,8519.161290304015
Tue May 07 2024 12:00:00 GMT+0100 (British Summer Time),0.0196,0.0211,0.3023,2816.317985022193
Tue May 07 2024 13:00:00 GMT+0100 (British Summer Time),0.0196,0.0211,0.3008,104621.9431872872
Tue May 07 2024 14:00:00 GMT+0100 (British Summer Time),0.0196,0.0211,0.2993,55364.95861894275
Tue May 07 2024 15:00:00 GMT+0100 (British Summer Time),0.0196,0.0211,0.2981,35267.295536357145
Tue May 07 2024 16:00:00 GMT+0100 (British Summer Time),0.0196,0.0211,0.305,143911.60267373917
Tue May 07 2024 17:00:00 GMT+0100 (British Summer Time),0.0196,0.0211,0.3117,182333.6033796724
Tue May 07 2024 18:00:00 GMT+0100 (British Summer Time),0.0196,0.0211,0.3117,276.262306601929
Tue May 07 2024 19:00:00 GMT+0100 (British Summer Time),0.0196,0.0211,0.3116,2617.377690320103
Tue May 07 2024 20:00:00 GMT+0100 (British Summer Time),0.0196,0.0211,0.3118,3171.0989992565633
Tue May 07 2024 21:00:00 GMT+0100 (British Summer Time),0.0196,0.0211,0.3118,0
Tue May 07 2024 22:00:00 GMT+0100 (British Summer Time),0.0196,0.0211,0.3118,13.08724605584246
Tue May 07 2024 23:00:00 GMT+0100 (British Summer Time),0.0196,0.0211,0.3119,2921.599258377438
Wed May 08 2024 00:00:00 GMT+0100 (British Summer Time),0.0196,0.0179,0.3119,0
Wed May 08 2024 01:00:00 GMT+0100 (British Summer Time),0.0201,0.0208,0.3119,786.9619625735496
Wed May 08 2024 02:00:00 GMT+0100 (British Summer Time),0.0201,0.0208,0.3119,0
Wed May 08 2024 03:00:00 GMT+0100 (British Summer Time),0.0201,0.0208,0.306,240775.45085765023
Wed May 08 2024 04:00:00 GMT+0100 (British Summer Time),0.0201,0.0208,0.306,0
Wed May 08 2024 05:00:00 GMT+0100 (British Summer Time),0.0201,0.0208,0.3051,27241.749307652073
Wed May 08 2024 06:00:00 GMT+0100 (British Summer Time),0.0201,0.0208,0.2973,258716.82599170387
Wed May 08 2024 07:00:00 GMT+0100 (British Summer Time),0.0201,0.0208,0.2975,4121.576596679159
Wed May 08 2024 08:00:00 GMT+0100 (British Summer Time),0.0201,0.0208,0.2975,0
Wed May 08 2024 09:00:00 GMT+0100 (British Summer Time),0.0201,0.0208,0.2974,9773.637791734558
Wed May 08 2024 10:00:00 GMT+0100 (British Summer Time),0.0201,0.0208,0.3017,99257.7236037613
Wed May 08 2024 11:00:00 GMT+0100 (British Summer Time),0.0201,0.0208,0.3024,14411.375144559373
Wed May 08 2024 12:00:00 GMT+0100 (British Summer Time),0.0201,0.0208,0.3027,6149.37967942257
Wed May 08 2024 13:00:00 GMT+0100 (British Summer Time),0.0201,0.0208,0.304,27460.888048218483
Wed May 08 2024 14:00:00 GMT+0100 (British Summer Time),0.0201,0.0208,0.3031,35761.7320968986
Wed May 08 2024 15:00:00 GMT+0100 (British Summer Time),0.0201,0.0208,0.3032,2373.067710577659
Wed May 08 2024 16:00:00 GMT+0100 (British Summer Time),0.0201,0.0208,0.3002,213949.5289207484
Wed May 08 2024 17:00:00 GMT+0100 (British Summer Time),0.0201,0.0208,0.3002,0
Wed May 08 2024 18:00:00 GMT+0100 (British Summer Time),0.0201,0.0208,0.3002,1272.6083400905607
Wed May 08 2024 19:00:00 GMT+0100 (British Summer Time),0.0201,0.0208,0.3003,0
Wed May 08 2024 20:00:00 GMT+0100 (British Summer Time),0.0201,0.0208,0.3004,6232.8846774748345
Wed May 08 2024 21:00:00 GMT+0100 (British Summer Time),0.0201,0.0208,0.2994,55150.00567013931
Wed May 08 2024 22:00:00 GMT+0100 (British Summer Time),0.0201,0.0208,0.2995,1770.3836951465698
Wed May 08 2024 23:00:00 GMT+0100 (British Summer Time),0.0201,0.0208,0.2995,0
Thu May 09 2024 00:00:00 GMT+0100 (British Summer Time),0.0201,0.0177,0.2995,0
Thu May 09 2024 01:00:00 GMT+0100 (British Summer Time),0.0197,0.0206,0.2997,4403.7195319735965
Thu May 09 2024 02:00:00 GMT+0100 (British Summer Time),0.0197,0.0206,0.3002,10637.86661791952
Thu May 09 2024 03:00:00 GMT+0100 (British Summer Time),0.0197,0.0206,0.3,6361.038143378776
Thu May 09 2024 04:00:00 GMT+0100 (British Summer Time),0.0197,0.0206,0.2984,31320.57329158926
Thu May 09 2024 05:00:00 GMT+0100 (British Summer Time),0.0197,0.0206,0.2979,10126.614182704872
Thu May 09 2024 06:00:00 GMT+0100 (British Summer Time),0.0197,0.0206,0.3031,106841.7488934544
Thu May 09 2024 07:00:00 GMT+0100 (British Summer Time),0.0197,0.0206,0.2907,253462.91238516956
Thu May 09 2024 08:00:00 GMT+0100 (British Summer Time),0.0197,0.0206,0.2917,47545.64786220549
Thu May 09 2024 09:00:00 GMT+0100 (British Summer Time),0.0197,0.0206,0.2888,58047.329376923524
Thu May 09 2024 10:00:00 GMT+0100 (British Summer Time),0.0197,0.0206,0.2882,20447.690030735423
Thu May 09 2024 11:00:00 GMT+0100 (British Summer Time),0.0197,0.0206,0.2884,4313.523036603049
Thu May 09 2024 12:00:00 GMT+0100 (British Summer Time),0.0197,0.0206,0.2884,0
Thu May 09 2024 13:00:00 GMT+0100 (British Summer Time),0.0197,0.0206,0.2888,8590.563387933402
Thu May 09 2024 14:00:00 GMT+0100 (British Summer Time),0.0197,0.0206,0.2888,0
Thu May 09 2024 15:00:00 GMT+0100 (British Summer Time),0.0197,0.0206,0.2891,6027.7357316227935
Thu May 09 2024 16:00:00 GMT+0100 (British Summer Time),0.0197,0.0206,0.2891,898.5551595644434
Thu May 09 2024 17:00:00 GMT+0100 (British Summer Time),0.0197,0.0206,0.2867,197349.96958628457
Thu May 09 2024 18:00:00 GMT+0100 (British Summer Time),0.0197,0.0206,0.2867,0
Thu May 09 2024 19:00:00 GMT+0100 (British Summer Time),0.0197,0.0206,0.2868,1772.5109333922187
Thu May 09 2024 20:00:00 GMT+0100 (British Summer Time),0.0197,0.0206,0.2864,7419.279702030781
Thu May 09 2024 21:00:00 GMT+0100 (British Summer Time),0.0197,0.0206,0.2862,25900.109124066646
Thu May 09 2024 22:00:00 GMT+0100 (British Summer Time),0.0197,0.0206,0.2862,680.8501059174339
Thu May 09 2024 23:00:00 GMT+0100 (British Summer Time),0.0197,0.0206,0.2862,0
Fri May 10 2024 00:00:00 GMT+0100 (British Summer Time),0.0197,0.0175,0.2871,80032.20487948266
Fri May 10 2024 01:00:00 GMT+0100 (British Summer Time),0.0193,0.0203,0.2871,259.7459022000657
Fri May 10 2024 02:00:00 GMT+0100 (British Summer Time),0.0193,0.0203,0.2872,4149.616514524732
Fri May 10 2024 03:00:00 GMT+0100 (British Summer Time),0.0193,0.0203,0.2847,606526.539678215
Fri May 10 2024 04:00:00 GMT+0100 (British Summer Time),0.0193,0.0203,0.2847,0
Fri May 10 2024 05:00:00 GMT+0100 (British Summer Time),0.0193,0.0203,0.2747,317405.24061472516
Fri May 10 2024 06:00:00 GMT+0100 (British Summer Time),0.0193,0.0203,0.2743,10688.427360370577
Fri May 10 2024 07:00:00 GMT+0100 (British Summer Time),0.0193,0.0203,0.2748,9275.101337857157
Fri May 10 2024 08:00:00 GMT+0100 (British Summer Time),0.0193,0.0203,0.2748,0
Fri May 10 2024 09:00:00 GMT+0100 (British Summer Time),0.0193,0.0203,0.26,315528.62421772076
Fri May 10 2024 10:00:00 GMT+0100 (British Summer Time),0.0193,0.0203,0.2667,132447.45389191623
Fri May 10 2024 11:00:00 GMT+0100 (British Summer Time),0.0193,0.0203,0.2667,1569.7635848330692
Fri May 10 2024 12:00:00 GMT+0100 (British Summer Time),0.0193,0.0203,0.2668,0
Fri May 10 2024 13:00:00 GMT+0100 (British Summer Time),0.0193,0.0203,0.2668,0
Fri May 10 2024 14:00:00 GMT+0100 (British Summer Time),0.0193,0.0203,0.2668,953.9990220287741
Fri May 10 2024 15:00:00 GMT+0100 (British Summer Time),0.0193,0.0203,0.267,11958.307024509799
Fri May 10 2024 16:00:00 GMT+0100 (British Summer Time),0.0193,0.0203,0.267,0
Fri May 10 2024 17:00:00 GMT+0100 (British Summer Time),0.0193,0.0203,0.2793,253191.89537340554
Fri May 10 2024 18:00:00 GMT+0100 (British Summer Time),0.0193,0.0203,0.2792,0
Fri May 10 2024 19:00:00 GMT+0100 (British Summer Time),0.0193,0.0203,0.2792,0
Fri May 10 2024 20:00:00 GMT+0100 (British Summer Time),0.0193,0.0203,0.2792,0
Fri May 10 2024 21:00:00 GMT+0100 (British Summer Time),0.0193,0.0203,0.2777,29026.49692298537
Fri May 10 2024 22:00:00 GMT+0100 (British Summer Time),0.0193,0.0203,0.2774,8542.078093513193
Fri May 10 2024 23:00:00 GMT+0100 (British Summer Time),0.0193,0.0203,0.2774,9.193934494400155
Sat May 11 2024 00:00:00 GMT+0100 (British Summer Time),0.0193,0.0171,0.2774,0
Sat May 11 2024 01:00:00 GMT+0100 (British Summer Time),0.0193,0.0199,0.2774,0
Sat May 11 2024 02:00:00 GMT+0100 (British Summer Time),0.0193,0.0199,0.2775,3253.339909957426
Sat May 11 2024 03:00:00 GMT+0100 (British Summer Time),0.0193,0.0199,0.277,102814.52103945581
Sat May 11 2024 04:00:00 GMT+0100 (British Summer Time),0.0193,0.0199,0.278,18167.30874055708
Sat May 11 2024 05:00:00 GMT+0100 (British Summer Time),0.0193,0.0199,0.278,0
Sat May 11 2024 06:00:00 GMT+0100 (British Summer Time),0.0193,0.0199,0.2788,24351.042729795387
Sat May 11 2024 07:00:00 GMT+0100 (British Summer Time),0.0193,0.0199,0.2788,9348.33491595316
Sat May 11 2024 08:00:00 GMT+0100 (British Summer Time),0.0193,0.0199,0.2788,0
Sat May 11 2024 09:00:00 GMT+0100 (British Summer Time),0.0193,0.0199,0.2775,24554.004406572098
Sat May 11 2024 10:00:00 GMT+0100 (British Summer Time),0.0193,0.0199,0.2775,0
Sat May 11 2024 11:00:00 GMT+0100 (British Summer Time),0.0193,0.0199,0.278,9035.435306762682
Sat May 11 2024 12:00:00 GMT+0100 (British Summer Time),0.0193,0.0199,0.278,0
Sat May 11 2024 13:00:00 GMT+0100 (British Summer Time),0.0193,0.0199,0.2778,3445.402081661267
Sat May 11 2024 14:00:00 GMT+0100 (British Summer Time),0.0193,0.0199,0.2774,7617.814560533342
Sat May 11 2024 15:00:00 GMT+0100 (British Summer Time),0.0193,0.0199,0.2799,46435.13079841048
Sat May 11 2024 16:00:00 GMT+0100 (British Summer Time),0.0193,0.0199,0.2832,65298.57292075571
Sat May 11 2024 17:00:00 GMT+0100 (British Summer Time),0.0193,0.0199,0.284,31404.961627967557
Sat May 11 2024 18:00:00 GMT+0100 (British Summer Time),0.0193,0.0199,0.2845,0
Sat May 11 2024 19:00:00 GMT+0100 (British Summer Time),0.0193,0.0199,0.2845,1582.6478770177337
Sat May 11 2024 20:00:00 GMT+0100 (British Summer Time),0.0193,0.0199,0.2845,0
Sat May 11 2024 21:00:00 GMT+0100 (British Summer Time),0.0193,0.0199,0.2829,74221.41991525968
Sat May 11 2024 22:00:00 GMT+0100 (British Summer Time),0.0193,0.0199,0.2831,3616.0981516810434
Sat May 11 2024 23:00:00 GMT+0100 (British Summer Time),0.0193,0.0199,0.2832,1354.0634626031099
Sun May 12 2024 00:00:00 GMT+0100 (British Summer Time),0.0193,0.0199,0.2834,4041.29936160167
Sun May 12 2024 01:00:00 GMT+0100 (British Summer Time),0.0197,0.0197,0.2828,12441.828854436446
Sun May 12 2024 02:00:00 GMT+0100 (British Summer Time),0.0197,0.0197,0.2828,0
Sun May 12 2024 03:00:00 GMT+0100 (British Summer Time),0.0197,0.0197,0.284,25122.638581808213
Sun May 12 2024 04:00:00 GMT+0100 (British Summer Time),0.0197,0.0197,0.2838,58.69174006319487
Sun May 12 2024 05:00:00 GMT+0100 (British Summer Time),0.0197,0.0197,0.2843,10862.179408107715
Sun May 12 2024 06:00:00 GMT+0100 (British Summer Time),0.0197,0.0197,0.2833,20494.414796600122
Sun May 12 2024 07:00:00 GMT+0100 (British Summer Time),0.0197,0.0197,0.283,5188.356747231558
Sun May 12 2024 08:00:00 GMT+0100 (British Summer Time),0.0197,0.0197,0.284,21930.62169614066
Sun May 12 2024 09:00:00 GMT+0100 (British Summer Time),0.0197,0.0197,0.2852,25602.036877612056
Sun May 12 2024 10:00:00 GMT+0100 (British Summer Time),0.0197,0.0197,0.2848,18175.31175625605
Sun May 12 2024 11:00:00 GMT+0100 (British Summer Time),0.0197,0.0197,0.2853,31786.284426061295
Sun May 12 2024 12:00:00 GMT+0100 (British Summer Time),0.0197,0.0197,0.2915,112756.38793150114
Sun May 12 2024 13:00:00 GMT+0100 (British Summer Time),0.0197,0.0197,0.2916,1071.7259317153628
Sun May 12 2024 14:00:00 GMT+0100 (British Summer Time),0.0197,0.0197,0.2729,363532.00509337644
Sun May 12 2024 15:00:00 GMT+0100 (British Summer Time),0.0197,0.0197,0.268,122629.69273428415
Sun May 12 2024 16:00:00 GMT+0100 (British Summer Time),0.0197,0.0197,0.2717,69836.64299715689
Sun May 12 2024 17:00:00 GMT+0100 (British Summer Time),0.0197,0.0197,0.2703,44303.509352025176
Sun May 12 2024 18:00:00 GMT+0100 (British Summer Time),0.0197,0.0197,0.2713,19190.805096334097
Sun May 12 2024 19:00:00 GMT+0100 (British Summer Time),0.0197,0.0197,0.2711,4476.370255571261
Sun May 12 2024 20:00:00 GMT+0100 (British Summer Time),0.0197,0.0197,0.2711,0
Sun May 12 2024 21:00:00 GMT+0100 (British Summer Time),0.0197,0.0197,0.2749,73051.15139254897
Sun May 12 2024 22:00:00 GMT+0100 (British Summer Time),0.0197,0.0197,0.2749,1327.0440302792624
Sun May 12 2024 23:00:00 GMT+0100 (British Summer Time),0.0197,0.0197,0.2749,4834.3200232716845
Mon May 13 2024 00:00:00 GMT+0100 (British Summer Time),0.0197,0.0197,0.2771,42487.582152865514
Mon May 13 2024 01:00:00 GMT+0100 (British Summer Time),0.0194,0.0196,0.2771,9876.568255168271
Mon May 13 2024 02:00:00 GMT+0100 (British Summer Time),0.0194,0.0196,0.2776,0
Mon May 13 2024 03:00:00 GMT+0100 (British Summer Time),0.0194,0.0196,0.2775,6125.652754822126
Mon May 13 2024 04:00:00 GMT+0100 (British Summer Time),0.0194,0.0196,0.2797,41423.58994316353
Mon May 13 2024 05:00:00 GMT+0100 (British Summer Time),0.0194,0.0196,0.2767,65965.97285352479
Mon May 13 2024 06:00:00 GMT+0100 (British Summer Time),0.0194,0.0196,0.281,81970.26106937916
Mon May 13 2024 07:00:00 GMT+0100 (British Summer Time),0.0194,0.0196,0.2809,2310.392376041914
Mon May 13 2024 08:00:00 GMT+0100 (British Summer Time),0.0194,0.0196,0.28,17064.913405374544
Mon May 13 2024 09:00:00 GMT+0100 (British Summer Time),0.0194,0.0196,0.28,0
Mon May 13 2024 10:00:00 GMT+0100 (British Summer Time),0.0194,0.0196,0.2801,17544.859411504378
Mon May 13 2024 11:00:00 GMT+0100 (British Summer Time),0.0194,0.0196,0.2793,287.44062653246857
Mon May 13 2024 12:00:00 GMT+0100 (British Summer Time),0.0194,0.0196,0.2815,270010.00541388814
Mon May 13 2024 13:00:00 GMT+0100 (British Summer Time),0.0194,0.0196,0.2746,0
Mon May 13 2024 14:00:00 GMT+0100 (British Summer Time),0.0194,0.0196,0.2793,90190.94839654882
Mon May 13 2024 15:00:00 GMT+0100 (British Summer Time),0.0194,0.0196,0.2793,121.05295118057975
Mon May 13 2024 16:00:00 GMT+0100 (British Summer Time),0.0194,0.0196,0.2637,297793.609998873
Mon May 13 2024 17:00:00 GMT+0100 (British Summer Time),0.0194,0.0196,0.2637,0
Mon May 13 2024 18:00:00 GMT+0100 (British Summer Time),0.0194,0.0196,0.2637,0
Mon May 13 2024 19:00:00 GMT+0100 (British Summer Time),0.0194,0.0196,0.2637,0
Mon May 13 2024 20:00:00 GMT+0100 (British Summer Time),0.0194,0.0196,0.2637,0
Mon May 13 2024 21:00:00 GMT+0100 (British Summer Time),0.0194,0.0196,0.2637,0
Mon May 13 2024 22:00:00 GMT+0100 (British Summer Time),0.0194,0.0196,0.263,22013.92177228311
Mon May 13 2024 23:00:00 GMT+0100 (British Summer Time),0.0194,0.0196,0.263,0
Tue May 14 2024 00:00:00 GMT+0100 (British Summer Time),0.0194,0.0196,0.263,315.4932100340515
Tue May 14 2024 01:00:00 GMT+0100 (British Summer Time),0,0.0168,0.263,0
Tue May 14 2024 02:00:00 GMT+0100 (British Summer Time),0.0194,0.0196,0.2556,139001.99805766146
Tue May 14 2024 03:00:00 GMT+0100 (British Summer Time),0.0194,0.0196,0.2722,313486.31959641236
Tue May 14 2024 04:00:00 GMT+0100 (British Summer Time),0.0194,0.0196,0.2721,1180.0577240857317
Tue May 14 2024 05:00:00 GMT+0100 (British Summer Time),0.0194,0.0196,0.2721,0
Tue May 14 2024 06:00:00 GMT+0100 (British Summer Time),0.0194,0.0196,0.2721,0
Tue May 14 2024 07:00:00 GMT+0100 (British Summer Time),0.0194,0.0196,0.2724,5436.146286598055
Tue May 14 2024 08:00:00 GMT+0100 (British Summer Time),0.0194,0.0196,0.2726,6071.409511852584
Tue May 14 2024 09:00:00 GMT+0100 (British Summer Time),0.0194,0.0196,0.2729,5807.167680400175
Tue May 14 2024 10:00:00 GMT+0100 (British Summer Time),0.0194,0.0196,0.2685,90095.37679265106
Tue May 14 2024 11:00:00 GMT+0100 (British Summer Time),0.0194,0.0196,0.2688,0
Tue May 14 2024 12:00:00 GMT+0100 (British Summer Time),0.0194,0.0196,0.2688,0
Tue May 14 2024 13:00:00 GMT+0100 (British Summer Time),0.0194,0.0196,0.2688,0
Tue May 14 2024 14:00:00 GMT+0100 (British Summer Time),0.0194,0.0196,0.2688,0
Tue May 14 2024 15:00:00 GMT+0100 (British Summer Time),0.0194,0.0196,0.2784,180001.8381610526
Tue May 14 2024 16:00:00 GMT+0100 (British Summer Time),0.0194,0.0196,0.2723,114477.26596239247
Tue May 14 2024 17:00:00 GMT+0100 (British Summer Time),0.0194,0.0196,0.2723,0
Tue May 14 2024 18:00:00 GMT+0100 (British Summer Time),0.0194,0.0196,0.2722,2466.4949387399115
Tue May 14 2024 19:00:00 GMT+0100 (British Summer Time),0.0194,0.0196,0.2723,1472.100995574485
Tue May 14 2024 20:00:00 GMT+0100 (British Summer Time),0.0194,0.0196,0.2723,0
Tue May 14 2024 21:00:00 GMT+0100 (British Summer Time),0.0194,0.0196,0.2729,20533.502180239557
Tue May 14 2024 22:00:00 GMT+0100 (British Summer Time),0.0194,0.0196,0.2743,31192.69529461615
Tue May 14 2024 23:00:00 GMT+0100 (British Summer Time),0.0194,0.0196,0.2723,38869.680281193476
Wed May 15 2024 00:00:00 GMT+0100 (British Summer Time),0.0194,0.0196,0.2723,1744.0830370723402
Wed May 15 2024 01:00:00 GMT+0100 (British Summer Time),0.0194,0.0167,0.2724,1741.174223145374
Wed May 15 2024 02:00:00 GMT+0100 (British Summer Time),0.0202,0.0196,0.2633,169628.61034570241
Wed May 15 2024 03:00:00 GMT+0100 (British Summer Time),0.0202,0.0196,0.2633,0
Wed May 15 2024 04:00:00 GMT+0100 (British Summer Time),0.0202,0.0196,0.2633,0
Wed May 15 2024 05:00:00 GMT+0100 (British Summer Time),0.0202,0.0196,0.2633,0
Wed May 15 2024 06:00:00 GMT+0100 (British Summer Time),0.0202,0.0196,0.2638,9720.257158964956
Wed May 15 2024 07:00:00 GMT+0100 (British Summer Time),0.0202,0.0196,0.2589,116843.20716888286
Wed May 15 2024 08:00:00 GMT+0100 (British Summer Time),0.0202,0.0196,0.2592,6651.93050447288
Wed May 15 2024 09:00:00 GMT+0100 (British Summer Time),0.0202,0.0196,0.2591,2028.6862578042803
Wed May 15 2024 10:00:00 GMT+0100 (British Summer Time),0.0202,0.0196,0.2593,3154.4479421415026
Wed May 15 2024 11:00:00 GMT+0100 (British Summer Time),0.0202,0.0196,0.2603,47748.44865013044
Wed May 15 2024 12:00:00 GMT+0100 (British Summer Time),0.0202,0.0196,0.2612,17232.451378411162
Wed May 15 2024 13:00:00 GMT+0100 (British Summer Time),0.0202,0.0196,0.2612,0
Wed May 15 2024 14:00:00 GMT+0100 (British Summer Time),0.0202,0.0196,0.2605,14155.839529926374
Wed May 15 2024 15:00:00 GMT+0100 (British Summer Time),0.0202,0.0196,0.2605,0
Wed May 15 2024 16:00:00 GMT+0100 (British Summer Time),0.0202,0.0196,0.2526,148215.86944666988
Wed May 15 2024 17:00:00 GMT+0100 (British Summer Time),0.0202,0.0196,0.2526,0
Wed May 15 2024 18:00:00 GMT+0100 (British Summer Time),0.0202,0.0196,0.2519,33288.455927369476
Wed May 15 2024 19:00:00 GMT+0100 (British Summer Time),0.0202,0.0196,0.2519,0
Wed May 15 2024 20:00:00 GMT+0100 (British Summer Time),0.0202,0.0196,0.252,1682.4852863745796
Wed May 15 2024 21:00:00 GMT+0100 (British Summer Time),0.0202,0.0196,0.252,0
Wed May 15 2024 22:00:00 GMT+0100 (British Summer Time),0.0202,0.0196,0.252,0
Wed May 15 2024 23:00:00 GMT+0100 (British Summer Time),0.0202,0.0196,0.252,7.166356275912123
Thu May 16 2024 00:00:00 GMT+0100 (British Summer Time),0.0202,0.0196,0.25,38729.6750003706
Thu May 16 2024 01:00:00 GMT+0100 (British Summer Time),0.0202,0.0167,0.25,0
Thu May 16 2024 02:00:00 GMT+0100 (British Summer Time),0.0201,0.0196,0.25,0
Thu May 16 2024 03:00:00 GMT+0100 (British Summer Time),0.0201,0.0196,0.25,19.8374526536444
Thu May 16 2024 04:00:00 GMT+0100 (British Summer Time),0.0201,0.0196,0.2514,26700.312620539902
Thu May 16 2024 05:00:00 GMT+0100 (British Summer Time),0.0201,0.0196,0.2514,87768.73204800628
Thu May 16 2024 06:00:00 GMT+0100 (British Summer Time),0.0201,0.0196,0.2484,0
Thu May 16 2024 07:00:00 GMT+0100 (British Summer Time),0.0201,0.0196,0.2484,0
Thu May 16 2024 08:00:00 GMT+0100 (British Summer Time),0.0201,0.0196,0.2483,131296.4394530925
Thu May 16 2024 09:00:00 GMT+0100 (British Summer Time),0.0201,0.0196,0.2448,110642.12221107457
Thu May 16 2024 10:00:00 GMT+0100 (British Summer Time),0.0201,0.0196,0.2448,0
Thu May 16 2024 11:00:00 GMT+0100 (British Summer Time),0.0201,0.0196,0.2443,9919.935452022719
Thu May 16 2024 12:00:00 GMT+0100 (British Summer Time),0.0201,0.0196,0.2436,23390.207036033942
Thu May 16 2024 13:00:00 GMT+0100 (British Summer Time),0.0201,0.0196,0.2443,12725.885828788923
Thu May 16 2024 14:00:00 GMT+0100 (British Summer Time),0.0201,0.0196,0.2455,23550.147587382595
Thu May 16 2024 15:00:00 GMT+0100 (British Summer Time),0.0201,0.0196,0.2466,24309.200908600505
Thu May 16 2024 16:00:00 GMT+0100 (British Summer Time),0.0201,0.0196,0.2296,334938.94989927794
Thu May 16 2024 17:00:00 GMT+0100 (British Summer Time),0.0201,0.0196,0.2315,56378.20798942265
Thu May 16 2024 18:00:00 GMT+0100 (British Summer Time),0.0201,0.0196,0.2308,2931.8514410906546
Thu May 16 2024 19:00:00 GMT+0100 (British Summer Time),0.0201,0.0196,0.2317,16343.901704857064
Thu May 16 2024 20:00:00 GMT+0100 (British Summer Time),0.0201,0.0196,0.2317,0
Thu May 16 2024 21:00:00 GMT+0100 (British Summer Time),0.0201,0.0196,0.2323,10686.605379729494
Thu May 16 2024 22:00:00 GMT+0100 (British Summer Time),0.0201,0.0196,0.2323,0
Thu May 16 2024 23:00:00 GMT+0100 (British Summer Time),0.0201,0.0196,0.2323,0
Fri May 17 2024 00:00:00 GMT+0100 (British Summer Time),0.0201,0.0196,0.2323,0
Fri May 17 2024 01:00:00 GMT+0100 (British Summer Time),0.0201,0.0169,0.2323,0
Fri May 17 2024 02:00:00 GMT+0100 (British Summer Time),0.0202,0.0198,0.2323,0
Fri May 17 2024 03:00:00 GMT+0100 (British Summer Time),0.0202,0.0198,0.2323,50998.291866975924
Fri May 17 2024 04:00:00 GMT+0100 (British Summer Time),0.0202,0.0198,0.2323,3181.1198998005525
Fri May 17 2024 05:00:00 GMT+0100 (British Summer Time),0.0202,0.0198,0.2325,0
Fri May 17 2024 06:00:00 GMT+0100 (British Summer Time),0.0202,0.0198,0.2325,0
Fri May 17 2024 07:00:00 GMT+0100 (British Summer Time),0.0202,0.0198,0.2325,0
Fri May 17 2024 08:00:00 GMT+0100 (British Summer Time),0.0202,0.0198,0.2325,0
Fri May 17 2024 09:00:00 GMT+0100 (British Summer Time),0.0202,0.0198,0.2325,0
Fri May 17 2024 10:00:00 GMT+0100 (British Summer Time),0.0202,0.0198,0.2325,0
Fri May 17 2024 11:00:00 GMT+0100 (British Summer Time),0.0202,0.0198,0.2335,18842.80081436572
Fri May 17 2024 12:00:00 GMT+0100 (British Summer Time),0.0202,0.0198,0.236,49219.06740852184
Fri May 17 2024 13:00:00 GMT+0100 (British Summer Time),0.0202,0.0198,0.2376,27862.78748101276
Fri May 17 2024 14:00:00 GMT+0100 (British Summer Time),0.0202,0.0198,0.2402,58519.26044640615
Fri May 17 2024 15:00:00 GMT+0100 (British Summer Time),0.0202,0.0198,0.2405,4372.17878199072
Fri May 17 2024 16:00:00 GMT+0100 (British Summer Time),0.0202,0.0198,0.2405,0
Fri May 17 2024 17:00:00 GMT+0100 (British Summer Time),0.0202,0.0198,0.2405,0
Fri May 17 2024 18:00:00 GMT+0100 (British Summer Time),0.0202,0.0198,0.2405,0
Fri May 17 2024 19:00:00 GMT+0100 (British Summer Time),0.0202,0.0198,0.2405,0
Fri May 17 2024 20:00:00 GMT+0100 (British Summer Time),0.0202,0.0198,0.2404,5220.230376488065
Fri May 17 2024 21:00:00 GMT+0100 (British Summer Time),0.0202,0.0198,0.2417,29670.50564635364
Fri May 17 2024 22:00:00 GMT+0100 (British Summer Time),0.0202,0.0198,0.2419,168786.26328990422
Fri May 17 2024 23:00:00 GMT+0100 (British Summer Time),0.0202,0.0198,0.2419,0
Sat May 18 2024 00:00:00 GMT+0100 (British Summer Time),0.0202,0.0198,0.2419,0
Sat May 18 2024 01:00:00 GMT+0100 (British Summer Time),0.0202,0.017,0.2438,37869.209427869726
Sat May 18 2024 02:00:00 GMT+0100 (British Summer Time),0.0204,0.0199,0.2438,0
Sat May 18 2024 03:00:00 GMT+0100 (British Summer Time),0.0204,0.0199,0.2438,0
Sat May 18 2024 04:00:00 GMT+0100 (British Summer Time),0.0204,0.0199,0.2438,0
Sat May 18 2024 05:00:00 GMT+0100 (British Summer Time),0.0204,0.0199,0.2438,0
Sat May 18 2024 06:00:00 GMT+0100 (British Summer Time),0.0204,0.0199,0.2438,0
Sat May 18 2024 07:00:00 GMT+0100 (British Summer Time),0.0204,0.0199,0.2436,4517.9047900819405
Sat May 18 2024 08:00:00 GMT+0100 (British Summer Time),0.0204,0.0199,0.2436,0
Sat May 18 2024 09:00:00 GMT+0100 (British Summer Time),0.0204,0.0199,0.2436,0
Sat May 18 2024 10:00:00 GMT+0100 (British Summer Time),0.0204,0.0199,0.245,26297.84952648844
Sat May 18 2024 11:00:00 GMT+0100 (British Summer Time),0.0204,0.0199,0.2509,117684.6685990106
Sat May 18 2024 12:00:00 GMT+0100 (British Summer Time),0.0204,0.0199,0.2567,117101.11457170991
Sat May 18 2024 13:00:00 GMT+0100 (British Summer Time),0.0204,0.0199,0.2612,94319.38335200351
Sat May 18 2024 14:00:00 GMT+0100 (British Summer Time),0.0204,0.0199,0.2617,5547.750564156281
Sat May 18 2024 15:00:00 GMT+0100 (British Summer Time),0.0204,0.0199,0.2617,0
Sat May 18 2024 16:00:00 GMT+0100 (British Summer Time),0.0204,0.0199,0.2625,14777.431249018839
Sat May 18 2024 17:00:00 GMT+0100 (British Summer Time),0.0204,0.0199,0.263,29297.74508639912
Sat May 18 2024 18:00:00 GMT+0100 (British Summer Time),0.0204,0.0199,0.2628,41409.306385537944
Sat May 18 2024 19:00:00 GMT+0100 (British Summer Time),0.0204,0.0199,0.2631,6226.301220641267
Sat May 18 2024 20:00:00 GMT+0100 (British Summer Time),0.0204,0.0199,0.2638,14068.364589932267
Sat May 18 2024 21:00:00 GMT+0100 (British Summer Time),0.0204,0.0199,0.2646,17048.18994103398
Sat May 18 2024 22:00:00 GMT+0100 (British Summer Time),0.0204,0.0199,0.2653,13284.106788943436
Sat May 18 2024 23:00:00 GMT+0100 (British Summer Time),0.0204,0.0199,0.2653,0
Sun May 19 2024 00:00:00 GMT+0100 (British Summer Time),0.0204,0.0199,0.2645,16989.819544876478
Sun May 19 2024 01:00:00 GMT+0100 (British Summer Time),0.0204,0.0171,0.2629,31219.062012751096
Sun May 19 2024 02:00:00 GMT+0100 (British Summer Time),0.0199,0.02,0.2629,0
Sun May 19 2024 03:00:00 GMT+0100 (British Summer Time),0.0199,0.02,0.2629,0
Sun May 19 2024 04:00:00 GMT+0100 (British Summer Time),0.0199,0.02,0.2633,8348.560664647695
Sun May 19 2024 05:00:00 GMT+0100 (British Summer Time),0.0199,0.02,0.2643,19968.43210904642
Sun May 19 2024 06:00:00 GMT+0100 (British Summer Time),0.0199,0.02,0.2643,0
Sun May 19 2024 07:00:00 GMT+0100 (British Summer Time),0.0199,0.02,0.2657,27395.514907411605
Sun May 19 2024 08:00:00 GMT+0100 (British Summer Time),0.0199,0.02,0.2657,0
Sun May 19 2024 09:00:00 GMT+0100 (British Summer Time),0.0199,0.02,0.268,47414.277048111195
Sun May 19 2024 10:00:00 GMT+0100 (British Summer Time),0.0199,0.02,0.2687,12541.084097678722
Sun May 19 2024 11:00:00 GMT+0100 (British Summer Time),0.0199,0.02,0.2687,0
Sun May 19 2024 12:00:00 GMT+0100 (British Summer Time),0.0199,0.02,0.2698,201549.41135531774
Sun May 19 2024 13:00:00 GMT+0100 (British Summer Time),0.0199,0.02,0.2708,19773.971817867776
Sun May 19 2024 14:00:00 GMT+0100 (British Summer Time),0.0199,0.02,0.2729,55525.45532610669
Sun May 19 2024 15:00:00 GMT+0100 (British Summer Time),0.0199,0.02,0.2732,19619.62854475373
Sun May 19 2024 16:00:00 GMT+0100 (British Summer Time),0.0199,0.02,0.2743,22173.398706090687
Sun May 19 2024 17:00:00 GMT+0100 (British Summer Time),0.0199,0.02,0.2725,66628.7116846671
Sun May 19 2024 18:00:00 GMT+0100 (British Summer Time),0.0199,0.02,0.2681,113375.25371674873
Sun May 19 2024 19:00:00 GMT+0100 (British Summer Time),0.0199,0.02,0.2683,3840.8922141850144
Sun May 19 2024 20:00:00 GMT+0100 (British Summer Time),0.0199,0.02,0.2151,1972804.4810260711
Sun May 19 2024 21:00:00 GMT+0100 (British Summer Time),0.0199,0.02,0.2151,0
Sun May 19 2024 22:00:00 GMT+0100 (British Summer Time),0.0199,0.02,0.2159,15788.704406876303
Sun May 19 2024 23:00:00 GMT+0100 (British Summer Time),0.0199,0.02,0.2162,5058.902340265968
Mon May 20 2024 00:00:00 GMT+0100 (British Summer Time),0.0199,0.02,0.2146,28776.407583706045
Mon May 20 2024 01:00:00 GMT+0100 (British Summer Time),0.0199,0.0172,0.2147,1923.7516887495178
Mon May 20 2024 02:00:00 GMT+0100 (British Summer Time),0.0211,0.0202,0.2147,0
Mon May 20 2024 03:00:00 GMT+0100 (British Summer Time),0.0211,0.0202,0.2147,0
Mon May 20 2024 04:00:00 GMT+0100 (British Summer Time),0.0211,0.0202,0.2155,14885.802272468489
Mon May 20 2024 05:00:00 GMT+0100 (British Summer Time),0.0211,0.0202,0.2151,13011.756218320297
Mon May 20 2024 06:00:00 GMT+0100 (British Summer Time),0.0211,0.0202,0.2158,13169.837241190886
Mon May 20 2024 07:00:00 GMT+0100 (British Summer Time),0.0211,0.0202,0.2092,307947.18779162236
Mon May 20 2024 08:00:00 GMT+0100 (British Summer Time),0.0211,0.0202,0.205,77635.1294116766
Mon May 20 2024 09:00:00 GMT+0100 (British Summer Time),0.0211,0.0202,0.2059,16282.332374579977
Mon May 20 2024 10:00:00 GMT+0100 (British Summer Time),0.0211,0.0202,0.2207,287286.01137978135
Mon May 20 2024 11:00:00 GMT+0100 (British Summer Time),0.0211,0.0202,0.2211,6056.10086033519
Mon May 20 2024 12:00:00 GMT+0100 (British Summer Time),0.0211,0.0202,0.2244,62018.738771027514
Mon May 20 2024 13:00:00 GMT+0100 (British Summer Time),0.0211,0.0202,0.2255,21831.74501880982
Mon May 20 2024 14:00:00 GMT+0100 (British Summer Time),0.0211,0.0202,0.2264,25577.318864464767
Mon May 20 2024 15:00:00 GMT+0100 (British Summer Time),0.0211,0.0202,0.2269,0
Mon May 20 2024 16:00:00 GMT+0100 (British Summer Time),0.0211,0.0202,0.2269,0
Mon May 20 2024 17:00:00 GMT+0100 (British Summer Time),0.0211,0.0202,0.2269,0
Mon May 20 2024 18:00:00 GMT+0100 (British Summer Time),0.0211,0.0202,0.2269,0
Mon May 20 2024 19:00:00 GMT+0100 (British Summer Time),0.0211,0.0202,0.2271,3371.856247506981
Mon May 20 2024 20:00:00 GMT+0100 (British Summer Time),0.0211,0.0202,0.2271,0
Mon May 20 2024 21:00:00 GMT+0100 (British Summer Time),0.0211,0.0202,0.2324,112890.05179089919
Mon May 20 2024 22:00:00 GMT+0100 (British Summer Time),0.0211,0.0202,0.2312,25350.326654405664
Mon May 20 2024 23:00:00 GMT+0100 (British Summer Time),0.0211,0.0202,0.2312,0
Tue May 21 2024 00:00:00 GMT+0100 (British Summer Time),0.0211,0.0202,0.2312,0
Tue May 21 2024 01:00:00 GMT+0100 (British Summer Time),0.0211,0.0174,0.2313,2036.1682583820184
Tue May 21 2024 02:00:00 GMT+0100 (British Summer Time),0.0206,0.0204,0.2243,154255.96514938373
Tue May 21 2024 03:00:00 GMT+0100 (British Summer Time),0.0206,0.0204,0.2163,176534.1944273084
Tue May 21 2024 04:00:00 GMT+0100 (British Summer Time),0.0206,0.0204,0.2163,0
Tue May 21 2024 05:00:00 GMT+0100 (British Summer Time),0.0206,0.0204,0.2146,37740.623330705566
Tue May 21 2024 06:00:00 GMT+0100 (British Summer Time),0.0206,0.0204,0.2158,24987.831385130343
Tue May 21 2024 07:00:00 GMT+0100 (British Summer Time),0.0206,0.0204,0.2241,183287.80015206596
Tue May 21 2024 08:00:00 GMT+0100 (British Summer Time),0.0206,0.0204,0.2302,134159.72592821965
Tue May 21 2024 09:00:00 GMT+0100 (British Summer Time),0.0206,0.0204,0.2302,0
Tue May 21 2024 10:00:00 GMT+0100 (British Summer Time),0.0206,0.0204,0.2302,0
Tue May 21 2024 11:00:00 GMT+0100 (British Summer Time),0.0206,0.0204,0.2284,47664.3263890619
Tue May 21 2024 12:00:00 GMT+0100 (British Summer Time),0.0206,0.0204,0.2234,111990.2203583454
Tue May 21 2024 13:00:00 GMT+0100 (British Summer Time),0.0206,0.0204,0.2234,0
Tue May 21 2024 14:00:00 GMT+0100 (British Summer Time),0.0206,0.0204,0.2234,0
Tue May 21 2024 15:00:00 GMT+0100 (British Summer Time),0.0206,0.0204,0.2245,24773.561514028483
Tue May 21 2024 16:00:00 GMT+0100 (British Summer Time),0.0206,0.0204,0.2247,3695.9691350104936
Tue May 21 2024 17:00:00 GMT+0100 (British Summer Time),0.0206,0.0204,0.2247,0
Tue May 21 2024 18:00:00 GMT+0100 (British Summer Time),0.0206,0.0204,0.2247,0
Tue May 21 2024 19:00:00 GMT+0100 (British Summer Time),0.0206,0.0204,0.2247,0
Tue May 21 2024 20:00:00 GMT+0100 (British Summer Time),0.0206,0.0204,0.2327,181842.17849933298
Tue May 21 2024 21:00:00 GMT+0100 (British Summer Time),0.0206,0.0204,0.2327,0
Tue May 21 2024 22:00:00 GMT+0100 (British Summer Time),0.0206,0.0204,0.2327,0
Tue May 21 2024 23:00:00 GMT+0100 (British Summer Time),0.0206,0.0204,0.2327,0
Wed May 22 2024 00:00:00 GMT+0100 (British Summer Time),0.0206,0.0204,0.2327,0
Wed May 22 2024 01:00:00 GMT+0100 (British Summer Time),0.0206,0.0204,0.2327,0
Wed May 22 2024 02:00:00 GMT+0100 (British Summer Time),0.02,0.0203,0.2327,0
Wed May 22 2024 03:00:00 GMT+0100 (British Summer Time),0.02,0.0203,0.2322,12509.21088925085
Wed May 22 2024 04:00:00 GMT+0100 (British Summer Time),0.02,0.0203,0.2318,8507.077407402343
Wed May 22 2024 05:00:00 GMT+0100 (British Summer Time),0.02,0.0203,0.2321,7945.7102323160025
Wed May 22 2024 06:00:00 GMT+0100 (British Summer Time),0.02,0.0203,0.2321,0
Wed May 22 2024 07:00:00 GMT+0100 (British Summer Time),0.02,0.0203,0.2328,19919.635480504523
Wed May 22 2024 08:00:00 GMT+0100 (British Summer Time),0.02,0.0203,0.2337,19498.657923029263
Wed May 22 2024 09:00:00 GMT+0100 (British Summer Time),0.02,0.0203,0.2344,16431.574169955347
Wed May 22 2024 10:00:00 GMT+0100 (British Summer Time),0.02,0.0203,0.2363,44302.49836785246
Wed May 22 2024 11:00:00 GMT+0100 (British Summer Time),0.02,0.0203,0.2376,34301.520531948336
Wed May 22 2024 12:00:00 GMT+0100 (British Summer Time),0.02,0.0203,0.239,26531.174169831655
Wed May 22 2024 13:00:00 GMT+0100 (British Summer Time),0.02,0.0203,0.239,42.17208673103317
Wed May 22 2024 14:00:00 GMT+0100 (British Summer Time),0.02,0.0203,0.2268,273006.5791743918
Wed May 22 2024 15:00:00 GMT+0100 (British Summer Time),0.02,0.0203,0.2277,18974.625558879958
Wed May 22 2024 16:00:00 GMT+0100 (British Summer Time),0.02,0.0203,0.2279,3752.5897122437877
Wed May 22 2024 17:00:00 GMT+0100 (British Summer Time),0.02,0.0203,0.2335,127769.75261726529
Wed May 22 2024 18:00:00 GMT+0100 (British Summer Time),0.02,0.0203,0.2335,0
Wed May 22 2024 19:00:00 GMT+0100 (British Summer Time),0.02,0.0203,0.231,108225.80165489606
Wed May 22 2024 20:00:00 GMT+0100 (British Summer Time),0.02,0.0203,0.2333,0
Wed May 22 2024 21:00:00 GMT+0100 (British Summer Time),0.02,0.0203,0.2333,0
Wed May 22 2024 22:00:00 GMT+0100 (British Summer Time),0.02,0.0203,0.2314,44954.87756425749
Wed May 22 2024 23:00:00 GMT+0100 (British Summer Time),0.02,0.0203,0.2314,0
Thu May 23 2024 00:00:00 GMT+0100 (British Summer Time),0.02,0.0203,0.2322,22628.855262661582
Thu May 23 2024 01:00:00 GMT+0100 (British Summer Time),0.02,0.0203,0.2331,15905.08077457812
Thu May 23 2024 02:00:00 GMT+0100 (British Summer Time),0.02,0.0203,0.2331,0
Thu May 23 2024 03:00:00 GMT+0100 (British Summer Time),0.02,0.0203,0.2331,0
Thu May 23 2024 04:00:00 GMT+0100 (British Summer Time),0.02,0.0203,0.2409,179393.0597158259
Thu May 23 2024 05:00:00 GMT+0100 (British Summer Time),0.02,0.0203,0.2412,8938.865541667754
Thu May 23 2024 06:00:00 GMT+0100 (British Summer Time),0.02,0.0203,0.2412,0
Thu May 23 2024 07:00:00 GMT+0100 (British Summer Time),0.02,0.0203,0.2451,96633.55751535551
Thu May 23 2024 08:00:00 GMT+0100 (British Summer Time),0.02,0.0203,0.2454,7021.451277578719
Thu May 23 2024 09:00:00 GMT+0100 (British Summer Time),0.02,0.0203,0.2454,0
Thu May 23 2024 10:00:00 GMT+0100 (British Summer Time),0.02,0.0203,0.2454,1460.5903291466332
Thu May 23 2024 11:00:00 GMT+0100 (British Summer Time),0.02,0.0203,0.2457,7498.224743416746
Thu May 23 2024 12:00:00 GMT+0100 (British Summer Time),0.02,0.0203,0.246,5576.389399178343
Thu May 23 2024 13:00:00 GMT+0100 (British Summer Time),0.02,0.0203,0.246,754.2352263028417
Thu May 23 2024 14:00:00 GMT+0100 (British Summer Time),0.02,0.0203,0.2461,3435.713984330562
Thu May 23 2024 15:00:00 GMT+0100 (British Summer Time),0.02,0.0203,0.2462,0
Thu May 23 2024 16:00:00 GMT+0100 (British Summer Time),0.02,0.0203,0.2461,0
Thu May 23 2024 17:00:00 GMT+0100 (British Summer Time),0.02,0.0203,0.2461,0
Thu May 23 2024 18:00:00 GMT+0100 (British Summer Time),0.02,0.0203,0.2461,0
Thu May 23 2024 19:00:00 GMT+0100 (British Summer Time),0.02,0.0203,0.2461,0
Thu May 23 2024 20:00:00 GMT+0100 (British Summer Time),0.02,0.0203,0.2475,32215.143866824204
Thu May 23 2024 21:00:00 GMT+0100 (British Summer Time),0.02,0.0203,0.2475,0
Thu May 23 2024 22:00:00 GMT+0100 (British Summer Time),0.02,0.0203,0.2475,0
Thu May 23 2024 23:00:00 GMT+0100 (British Summer Time),0.02,0.0203,0.2475,0
Fri May 24 2024 00:00:00 GMT+0100 (British Summer Time),0.02,0.0203,0.2475,0
Fri May 24 2024 01:00:00 GMT+0100 (British Summer Time),0.02,0.0203,0.2498,52943.600187362135
Fri May 24 2024 02:00:00 GMT+0100 (British Summer Time),0,0.0174,0.2506,17911.760050409055
Fri May 24 2024 03:00:00 GMT+0100 (British Summer Time),0.0201,0.0203,0.2506,6123.657226806018
Fri May 24 2024 04:00:00 GMT+0100 (British Summer Time),0.0201,0.0203,0.2533,58960.71223189029
Fri May 24 2024 05:00:00 GMT+0100 (British Summer Time),0.0201,0.0203,0.2549,37649.50385792025
Fri May 24 2024 06:00:00 GMT+0100 (British Summer Time),0.0201,0.0203,0.2556,17285.74276938698
Fri May 24 2024 07:00:00 GMT+0100 (British Summer Time),0.0201,0.0203,0.2366,509754.04692447657
Fri May 24 2024 08:00:00 GMT+0100 (British Summer Time),0.0201,0.0203,0.2376,20574.0807084848
Fri May 24 2024 09:00:00 GMT+0100 (British Summer Time),0.0201,0.0203,0.2403,67830.20225992541
Fri May 24 2024 10:00:00 GMT+0100 (British Summer Time),0.0201,0.0203,0.2449,98712.05398698436
Fri May 24 2024 11:00:00 GMT+0100 (British Summer Time),0.0201,0.0203,0.2479,66951.22256917116
Fri May 24 2024 12:00:00 GMT+0100 (British Summer Time),0.0201,0.0203,0.2496,38048.51946211437
Fri May 24 2024 13:00:00 GMT+0100 (British Summer Time),0.0201,0.0203,0.2454,374843.29059495486
Fri May 24 2024 14:00:00 GMT+0100 (British Summer Time),0.0201,0.0203,0.2427,85485.81973713651
Fri May 24 2024 15:00:00 GMT+0100 (British Summer Time),0.0201,0.0203,0.216,734735.8531645003
Fri May 24 2024 16:00:00 GMT+0100 (British Summer Time),0.0201,0.0203,0.216,0
Fri May 24 2024 17:00:00 GMT+0100 (British Summer Time),0.0201,0.0203,0.216,0
Fri May 24 2024 18:00:00 GMT+0100 (British Summer Time),0.0201,0.0203,0.2149,84427.83546268466
Fri May 24 2024 19:00:00 GMT+0100 (British Summer Time),0.0201,0.0203,0.2149,0
Fri May 24 2024 20:00:00 GMT+0100 (British Summer Time),0.0201,0.0203,0.2149,0
Fri May 24 2024 21:00:00 GMT+0100 (British Summer Time),0.0201,0.0203,0.2149,0
Fri May 24 2024 22:00:00 GMT+0100 (British Summer Time),0.0201,0.0203,0.2149,4234.748523364067
Fri May 24 2024 23:00:00 GMT+0100 (British Summer Time),0.0201,0.0203,0.2115,106972.89346435503
Sat May 25 2024 00:00:00 GMT+0100 (British Summer Time),0.0201,0.0203,0.2115,0
Sat May 25 2024 01:00:00 GMT+0100 (British Summer Time),0.0201,0.0203,0.2118,6628.567499567211
Sat May 25 2024 02:00:00 GMT+0100 (British Summer Time),0.0201,0.0174,0.2118,0
Sat May 25 2024 03:00:00 GMT+0100 (British Summer Time),0.0208,0.0204,0.2118,32.44489013087887
Sat May 25 2024 04:00:00 GMT+0100 (British Summer Time),0.0208,0.0204,0.2104,32255.79179209413
Sat May 25 2024 05:00:00 GMT+0100 (British Summer Time),0.0208,0.0204,0.2168,156669.8943693861
Sat May 25 2024 06:00:00 GMT+0100 (British Summer Time),0.0208,0.0204,0.2188,65976.53572439903
Sat May 25 2024 07:00:00 GMT+0100 (British Summer Time),0.0208,0.0204,0.2186,4476.03089572032
Sat May 25 2024 08:00:00 GMT+0100 (British Summer Time),0.0208,0.0204,0.2187,2721.750810344355
Sat May 25 2024 09:00:00 GMT+0100 (British Summer Time),0.0208,0.0204,0.2199,27555.719777493086
Sat May 25 2024 10:00:00 GMT+0100 (British Summer Time),0.0208,0.0204,0.2199,0
Sat May 25 2024 11:00:00 GMT+0100 (British Summer Time),0.0208,0.0204,0.2222,50513.345269034326
Sat May 25 2024 12:00:00 GMT+0100 (British Summer Time),0.0208,0.0204,0.226,88940.35219467737
Sat May 25 2024 13:00:00 GMT+0100 (British Summer Time),0.0208,0.0204,0.2268,16581.038971015227
Sat May 25 2024 14:00:00 GMT+0100 (British Summer Time),0.0208,0.0204,0.229,50155.90507279154
Sat May 25 2024 15:00:00 GMT+0100 (British Summer Time),0.0208,0.0204,0.229,0
Sat May 25 2024 16:00:00 GMT+0100 (British Summer Time),0.0208,0.0204,0.2535,797877.717422781
Sat May 25 2024 17:00:00 GMT+0100 (British Summer Time),0.0208,0.0204,0.2543,18586.99424516005
Sat May 25 2024 18:00:00 GMT+0100 (British Summer Time),0.0208,0.0204,0.2546,6689.973156853734
Sat May 25 2024 19:00:00 GMT+0100 (British Summer Time),0.0208,0.0204,0.2553,14390.123885837227
Sat May 25 2024 20:00:00 GMT+0100 (British Summer Time),0.0208,0.0204,0.2562,22086.6666553825
Sat May 25 2024 21:00:00 GMT+0100 (British Summer Time),0.0208,0.0204,0.2571,21877.65572428879
Sat May 25 2024 22:00:00 GMT+0100 (British Summer Time),0.0208,0.0204,0.258,40057.879195774745
Sat May 25 2024 23:00:00 GMT+0100 (British Summer Time),0.0208,0.0204,0.2581,246633.9188446865
Sun May 26 2024 00:00:00 GMT+0100 (British Summer Time),0.0208,0.0204,0.2474,0
Sun May 26 2024 01:00:00 GMT+0100 (British Summer Time),0.0208,0.0204,0.2475,1135.1018572894645
Sun May 26 2024 02:00:00 GMT+0100 (British Summer Time),0.0208,0.0175,0.2475,0
Sun May 26 2024 03:00:00 GMT+0100 (British Summer Time),0.0211,0.0205,0.2475,0
Sun May 26 2024 04:00:00 GMT+0100 (British Summer Time),0.0211,0.0205,0.2475,0
Sun May 26 2024 05:00:00 GMT+0100 (British Summer Time),0.0211,0.0205,0.2475,0
Sun May 26 2024 06:00:00 GMT+0100 (British Summer Time),0.0211,0.0205,0.2475,38.725692755321056
Sun May 26 2024 07:00:00 GMT+0100 (British Summer Time),0.0211,0.0205,0.2475,0
Sun May 26 2024 08:00:00 GMT+0100 (British Summer Time),0.0211,0.0205,0.2491,38732.31411126519
Sun May 26 2024 09:00:00 GMT+0100 (British Summer Time),0.0211,0.0205,0.2499,18662.515261983004
Sun May 26 2024 10:00:00 GMT+0100 (British Summer Time),0.0211,0.0205,0.2519,47334.67687371309
Sun May 26 2024 11:00:00 GMT+0100 (British Summer Time),0.0211,0.0205,0.2526,15807.929579127362
Sun May 26 2024 12:00:00 GMT+0100 (British Summer Time),0.0211,0.0205,0.2526,158046.8820007835
Sun May 26 2024 13:00:00 GMT+0100 (British Summer Time),0.0211,0.0205,0.2528,157222.31175028824
Sun May 26 2024 14:00:00 GMT+0100 (British Summer Time),0.0211,0.0205,0.255,52084.62649938495
Sun May 26 2024 15:00:00 GMT+0100 (British Summer Time),0.0211,0.0205,0.2558,18608.539169364798
Sun May 26 2024 16:00:00 GMT+0100 (British Summer Time),0.0211,0.0205,0.2631,199319.604655326
Sun May 26 2024 17:00:00 GMT+0100 (British Summer Time),0.0211,0.0205,0.2631,0
Sun May 26 2024 18:00:00 GMT+0100 (British Summer Time),0.0211,0.0205,0.264,26001.52363563639
Sun May 26 2024 19:00:00 GMT+0100 (British Summer Time),0.0211,0.0205,0.2657,37022.585013721655
Sun May 26 2024 20:00:00 GMT+0100 (British Summer Time),0.0211,0.0205,0.259,161083.73227139667
Sun May 26 2024 21:00:00 GMT+0100 (British Summer Time),0.0211,0.0205,0.259,0
Sun May 26 2024 22:00:00 GMT+0100 (British Summer Time),0.0211,0.0205,0.2591,2315.639441810536
Sun May 26 2024 23:00:00 GMT+0100 (British Summer Time),0.0211,0.0205,0.2599,19138.47058481396
Mon May 27 2024 00:00:00 GMT+0100 (British Summer Time),0.0211,0.0205,0.2599,0
Mon May 27 2024 01:00:00 GMT+0100 (British Summer Time),0.0211,0.0205,0.2599,0
Mon May 27 2024 02:00:00 GMT+0100 (British Summer Time),0.0211,0.0175,0.2599,0
Mon May 27 2024 03:00:00 GMT+0100 (British Summer Time),0.0199,0.0204,0.2599,0
Mon May 27 2024 04:00:00 GMT+0100 (British Summer Time),0.0199,0.0204,0.2608,20499.686199382737
Mon May 27 2024 05:00:00 GMT+0100 (British Summer Time),0.0199,0.0204,0.2523,206300.22894294024
Mon May 27 2024 06:00:00 GMT+0100 (British Summer Time),0.0199,0.0204,0.2535,29594.14059016842
Mon May 27 2024 07:00:00 GMT+0100 (British Summer Time),0.0199,0.0204,0.2514,50404.45318723477
Mon May 27 2024 08:00:00 GMT+0100 (British Summer Time),0.0199,0.0204,0.2517,5678.242485644622
Mon May 27 2024 09:00:00 GMT+0100 (British Summer Time),0.0199,0.0204,0.254,55821.094108701116
Mon May 27 2024 10:00:00 GMT+0100 (British Summer Time),0.0199,0.0204,0.2709,429323.2679271386
Mon May 27 2024 11:00:00 GMT+0100 (British Summer Time),0.0199,0.0204,0.2709,0
Mon May 27 2024 12:00:00 GMT+0100 (British Summer Time),0.0199,0.0204,0.2709,0
Mon May 27 2024 13:00:00 GMT+0100 (British Summer Time),0.0199,0.0204,0.2709,0
Mon May 27 2024 14:00:00 GMT+0100 (British Summer Time),0.0199,0.0204,0.2622,214564.2420644911
Mon May 27 2024 15:00:00 GMT+0100 (British Summer Time),0.0199,0.0204,0.2622,0
Mon May 27 2024 16:00:00 GMT+0100 (British Summer Time),0.0199,0.0204,0.2622,0
Mon May 27 2024 17:00:00 GMT+0100 (British Summer Time),0.0199,0.0204,0.2622,0
Mon May 27 2024 18:00:00 GMT+0100 (British Summer Time),0.0199,0.0204,0.2622,0
Mon May 27 2024 19:00:00 GMT+0100 (British Summer Time),0.0199,0.0204,0.2622,0
Mon May 27 2024 20:00:00 GMT+0100 (British Summer Time),0.0199,0.0204,0.2622,0
Mon May 27 2024 21:00:00 GMT+0100 (British Summer Time),0.0199,0.0204,0.2622,0
Mon May 27 2024 22:00:00 GMT+0100 (British Summer Time),0.0199,0.0204,0.2622,0
Mon May 27 2024 23:00:00 GMT+0100 (British Summer Time),0.0199,0.0204,0.2622,4756.774217803363
Tue May 28 2024 00:00:00 GMT+0100 (British Summer Time),0.0199,0.0204,0.2658,83971.15067473616
Tue May 28 2024 01:00:00 GMT+0100 (British Summer Time),0.0199,0.0204,0.268,53863.50651732449
Tue May 28 2024 02:00:00 GMT+0100 (British Summer Time),0.0199,0.0174,0.268,0
Tue May 28 2024 03:00:00 GMT+0100 (British Summer Time),0.0206,0.0204,0.2687,15387.494319029192
Tue May 28 2024 04:00:00 GMT+0100 (British Summer Time),0.0206,0.0204,0.2687,0
Tue May 28 2024 05:00:00 GMT+0100 (British Summer Time),0.0206,0.0204,0.2687,0
Tue May 28 2024 06:00:00 GMT+0100 (British Summer Time),0.0206,0.0204,0.2678,99221.0287125704
Tue May 28 2024 07:00:00 GMT+0100 (British Summer Time),0.0206,0.0204,0.2681,7784.3141416866365
Tue May 28 2024 08:00:00 GMT+0100 (British Summer Time),0.0206,0.0204,0.2681,0
Tue May 28 2024 09:00:00 GMT+0100 (British Summer Time),0.0206,0.0204,0.2681,0
Tue May 28 2024 10:00:00 GMT+0100 (British Summer Time),0.0206,0.0204,0.2681,0
Tue May 28 2024 11:00:00 GMT+0100 (British Summer Time),0.0206,0.0204,0.2681,0
Tue May 28 2024 12:00:00 GMT+0100 (British Summer Time),0.0206,0.0204,0.2692,26742.03824561307
Tue May 28 2024 13:00:00 GMT+0100 (British Summer Time),0.0206,0.0204,0.2692,0
Tue May 28 2024 14:00:00 GMT+0100 (British Summer Time),0.0206,0.0204,0.2692,0
Tue May 28 2024 15:00:00 GMT+0100 (British Summer Time),0.0206,0.0204,0.2595,236234.75824284536
Tue May 28 2024 16:00:00 GMT+0100 (British Summer Time),0.0206,0.0204,0.2437,375371.53049264796
Tue May 28 2024 17:00:00 GMT+0100 (British Summer Time),0.0206,0.0204,0.2437,0
Tue May 28 2024 18:00:00 GMT+0100 (British Summer Time),0.0206,0.0204,0.2437,0
Tue May 28 2024 19:00:00 GMT+0100 (British Summer Time),0.0206,0.0204,0.2403,78905.48609493396
Tue May 28 2024 20:00:00 GMT+0100 (British Summer Time),0.0206,0.0204,0.2411,31148.98785928983
Tue May 28 2024 21:00:00 GMT+0100 (British Summer Time),0.0206,0.0204,0.245,79913.32855601271
Tue May 28 2024 22:00:00 GMT+0100 (British Summer Time),0.0206,0.0204,0.2502,132224.42201410825
Tue May 28 2024 23:00:00 GMT+0100 (British Summer Time),0.0206,0.0204,0.2534,65885.29956582582
Wed May 29 2024 00:00:00 GMT+0100 (British Summer Time),0.0206,0.0204,0.2556,51649.817706798356
Wed May 29 2024 01:00:00 GMT+0100 (British Summer Time),0.0206,0.0204,0.2556,0
Wed May 29 2024 02:00:00 GMT+0100 (British Summer Time),0.0206,0.0175,0.2556,0
Wed May 29 2024 03:00:00 GMT+0100 (British Summer Time),0.0202,0.0204,0.2307,764211.4322784072
Wed May 29 2024 04:00:00 GMT+0100 (British Summer Time),0.0202,0.0204,0.2312,11447.548579373923
Wed May 29 2024 05:00:00 GMT+0100 (British Summer Time),0.0202,0.0204,0.2308,10788.078973614189
Wed May 29 2024 06:00:00 GMT+0100 (British Summer Time),0.0202,0.0204,0.2336,65876.15827652431
Wed May 29 2024 07:00:00 GMT+0100 (British Summer Time),0.0202,0.0204,0.2415,186470.4420535093
Wed May 29 2024 08:00:00 GMT+0100 (British Summer Time),0.0202,0.0204,0.2354,325481.61288728524
Wed May 29 2024 09:00:00 GMT+0100 (British Summer Time),0.0202,0.0204,0.2329,172113.1005054551
Wed May 29 2024 10:00:00 GMT+0100 (British Summer Time),0.0202,0.0204,0.2343,30499.005299597797
Wed May 29 2024 11:00:00 GMT+0100 (British Summer Time),0.0202,0.0204,0.2369,60688.0916466732
Wed May 29 2024 12:00:00 GMT+0100 (British Summer Time),0.0202,0.0204,0.2382,40418.74647395918
Wed May 29 2024 13:00:00 GMT+0100 (British Summer Time),0.0202,0.0204,0.2382,0
Wed May 29 2024 14:00:00 GMT+0100 (British Summer Time),0.0202,0.0204,0.2382,0
Wed May 29 2024 15:00:00 GMT+0100 (British Summer Time),0.0202,0.0204,0.2382,0
Wed May 29 2024 16:00:00 GMT+0100 (British Summer Time),0.0202,0.0204,0.2382,0
Wed May 29 2024 17:00:00 GMT+0100 (British Summer Time),0.0202,0.0204,0.2388,12609.383530980129
Wed May 29 2024 18:00:00 GMT+0100 (British Summer Time),0.0202,0.0204,0.2397,19936.200348284634
Wed May 29 2024 19:00:00 GMT+0100 (British Summer Time),0.0202,0.0204,0.2406,32139.488539883445
Wed May 29 2024 20:00:00 GMT+0100 (British Summer Time),0.0202,0.0204,0.2437,59177.002223651245
Wed May 29 2024 21:00:00 GMT+0100 (British Summer Time),0.0202,0.0204,0.2389,205919.0991480318
Wed May 29 2024 22:00:00 GMT+0100 (British Summer Time),0.0202,0.0204,0.2399,23459.586386032264
Wed May 29 2024 23:00:00 GMT+0100 (British Summer Time),0.0202,0.0204,0.2424,56491.774618645766
Thu May 30 2024 00:00:00 GMT+0100 (British Summer Time),0.0202,0.0204,0.2424,0
Thu May 30 2024 01:00:00 GMT+0100 (British Summer Time),0.0202,0.0204,0.2383,94056.03303766162
Thu May 30 2024 02:00:00 GMT+0100 (British Summer Time),0.0202,0.0175,0.2383,0
Thu May 30 2024 03:00:00 GMT+0100 (British Summer Time),0,0.0175,0.2383,0
Thu May 30 2024 04:00:00 GMT+0100 (British Summer Time),0,0.0175,0.238,6896.355701855564
Thu May 30 2024 05:00:00 GMT+0100 (British Summer Time),0,0.0175,0.238,0
Thu May 30 2024 06:00:00 GMT+0100 (British Summer Time),0,0.0175,0.238,0
Thu May 30 2024 07:00:00 GMT+0100 (British Summer Time),0,0.0175,0.2385,11060.551453781289
Thu May 30 2024 08:00:00 GMT+0100 (British Summer Time),0,0.0175,0.2282,374317.48507130076
Thu May 30 2024 09:00:00 GMT+0100 (British Summer Time),0,0.0175,0.232,84376.17501212186
Thu May 30 2024 10:00:00 GMT+0100 (British Summer Time),0,0.0175,0.2328,27325.637134406472
Thu May 30 2024 11:00:00 GMT+0100 (British Summer Time),0,0.0175,0.2373,100174.69437044664
Thu May 30 2024 12:00:00 GMT+0100 (British Summer Time),0.026,0.0212,0.2408,79560.10354569634
Thu May 30 2024 13:00:00 GMT+0100 (British Summer Time),0.026,0.0212,0.2424,36685.85433219143
Thu May 30 2024 14:00:00 GMT+0100 (British Summer Time),0.026,0.0212,0.2424,0
Thu May 30 2024 15:00:00 GMT+0100 (British Summer Time),0.026,0.0212,0.2424,1460.066890988411
Thu May 30 2024 16:00:00 GMT+0100 (British Summer Time),0.026,0.0212,0.2424,0
Thu May 30 2024 17:00:00 GMT+0100 (British Summer Time),0.026,0.0212,0.2424,0
Thu May 30 2024 18:00:00 GMT+0100 (British Summer Time),0.026,0.0212,0.2424,0
Thu May 30 2024 19:00:00 GMT+0100 (British Summer Time),0.026,0.0212,0.2424,0
Thu May 30 2024 20:00:00 GMT+0100 (British Summer Time),0.026,0.0212,0.2427,7797.998670224124
Thu May 30 2024 21:00:00 GMT+0100 (British Summer Time),0.026,0.0212,0.2465,152659.02155741962
Thu May 30 2024 22:00:00 GMT+0100 (British Summer Time),0.026,0.0212,0.2467,5140.511274228024
Thu May 30 2024 23:00:00 GMT+0100 (British Summer Time),0.026,0.0212,0.2482,34623.59486091847
Fri May 31 2024 00:00:00 GMT+0100 (British Summer Time),0.026,0.0212,0.2494,26904.755914507532
Fri May 31 2024 01:00:00 GMT+0100 (British Summer Time),0.026,0.0212,0.2494,0
Fri May 31 2024 02:00:00 GMT+0100 (British Summer Time),0.026,0.0212,0.2501,15699.600005773813
Fri May 31 2024 03:00:00 GMT+0100 (British Summer Time),0.026,0.0183,0.2501,0
Fri May 31 2024 04:00:00 GMT+0100 (British Summer Time),0.026,0.0183,0.2501,0
Fri May 31 2024 05:00:00 GMT+0100 (British Summer Time),0.026,0.0183,0.2492,58709.7552017075
Fri May 31 2024 06:00:00 GMT+0100 (British Summer Time),0.026,0.0183,0.2502,28266.618623037608
Fri May 31 2024 07:00:00 GMT+0100 (British Summer Time),0.026,0.0183,0.2501,15004.102233046562
Fri May 31 2024 08:00:00 GMT+0100 (British Summer Time),0.026,0.0183,0.2534,74441.36956596584
Fri May 31 2024 09:00:00 GMT+0100 (British Summer Time),0.026,0.0183,0.2553,44355.98773173982
Fri May 31 2024 10:00:00 GMT+0100 (British Summer Time),0.026,0.0183,0.2582,627143.810787729
Fri May 31 2024 11:00:00 GMT+0100 (British Summer Time),0.026,0.0183,0.2465,101616.61434984172
Fri May 31 2024 12:00:00 GMT+0100 (British Summer Time),0.0188,0.021,0.2502,99182.86948779531
Fri May 31 2024 13:00:00 GMT+0100 (British Summer Time),0.0188,0.021,0.2512,24804.79332621101
Fri May 31 2024 14:00:00 GMT+0100 (British Summer Time),0.0188,0.021,0.2378,900021.5009074204
Fri May 31 2024 15:00:00 GMT+0100 (British Summer Time),0.0188,0.021,0.2378,0
Fri May 31 2024 16:00:00 GMT+0100 (British Summer Time),0.0188,0.021,0.2378,0
Fri May 31 2024 17:00:00 GMT+0100 (British Summer Time),0.0188,0.021,0.2377,2309.3793027223187
Fri May 31 2024 18:00:00 GMT+0100 (British Summer Time),0.0188,0.021,0.2377,0
Fri May 31 2024 19:00:00 GMT+0100 (British Summer Time),0.0188,0.021,0.2377,0
Fri May 31 2024 20:00:00 GMT+0100 (British Summer Time),0.0188,0.021,0.2377,0
Fri May 31 2024 21:00:00 GMT+0100 (British Summer Time),0.0188,0.021,0.2377,0
Fri May 31 2024 22:00:00 GMT+0100 (British Summer Time),0.0188,0.021,0.2394,38491.87035617114
Fri May 31 2024 23:00:00 GMT+0100 (British Summer Time),0.0188,0.021,0.2407,31588.35393934177
Sat Jun 01 2024 00:00:00 GMT+0100 (British Summer Time),0.0188,0.021,0.2407,0
Sat Jun 01 2024 01:00:00 GMT+0100 (British Summer Time),0.0188,0.021,0.2448,101370.18599239204
Sat Jun 01 2024 02:00:00 GMT+0100 (British Summer Time),0.0188,0.021,0.2459,16207.974905776533
Sat Jun 01 2024 03:00:00 GMT+0100 (British Summer Time),0.0188,0.018,0.2459,0
Sat Jun 01 2024 04:00:00 GMT+0100 (British Summer Time),0.0188,0.018,0.2456,33780.54233986666
Sat Jun 01 2024 05:00:00 GMT+0100 (British Summer Time),0.0188,0.018,0.2456,0
Sat Jun 01 2024 06:00:00 GMT+0100 (British Summer Time),0.0188,0.018,0.2456,0
Sat Jun 01 2024 07:00:00 GMT+0100 (British Summer Time),0.0188,0.018,0.2456,0
Sat Jun 01 2024 08:00:00 GMT+0100 (British Summer Time),0.0188,0.018,0.2465,20586.599952798868
Sat Jun 01 2024 09:00:00 GMT+0100 (British Summer Time),0.0188,0.018,0.2478,47968.51299543958
Sat Jun 01 2024 10:00:00 GMT+0100 (British Summer Time),0.0188,0.018,0.2485,0
Sat Jun 01 2024 11:00:00 GMT+0100 (British Summer Time),0.0188,0.018,0.2485,0
Sat Jun 01 2024 12:00:00 GMT+0100 (British Summer Time),0.0213,0.0211,0.2506,47164.82250082308
Sat Jun 01 2024 13:00:00 GMT+0100 (British Summer Time),0.0213,0.0211,0.2528,50430.4351239409
Sat Jun 01 2024 14:00:00 GMT+0100 (British Summer Time),0.0213,0.0211,0.2544,46783.753049115585
Sat Jun 01 2024 15:00:00 GMT+0100 (British Summer Time),0.0213,0.0211,0.2586,90106.05240553983
Sat Jun 01 2024 16:00:00 GMT+0100 (British Summer Time),0.0213,0.0211,0.2595,36261.512388324714
Sat Jun 01 2024 17:00:00 GMT+0100 (British Summer Time),0.0213,0.0211,0.2619,55350.4632486125
Sat Jun 01 2024 18:00:00 GMT+0100 (British Summer Time),0.0213,0.0211,0.2619,0
Sat Jun 01 2024 19:00:00 GMT+0100 (British Summer Time),0.0213,0.0211,0.2643,76865.6932492667
Sat Jun 01 2024 20:00:00 GMT+0100 (British Summer Time),0.0213,0.0211,0.2685,152449.1886657317
Sat Jun 01 2024 21:00:00 GMT+0100 (British Summer Time),0.0213,0.0211,0.2693,65238.7174679242
Sat Jun 01 2024 22:00:00 GMT+0100 (British Summer Time),0.0213,0.0211,0.2752,105513.40761930203
Sat Jun 01 2024 23:00:00 GMT+0100 (British Summer Time),0.0213,0.0211,0.2758,40970.18557512415
Sun Jun 02 2024 00:00:00 GMT+0100 (British Summer Time),0.0213,0.0211,0.2758,0
Sun Jun 02 2024 01:00:00 GMT+0100 (British Summer Time),0.0213,0.0211,0.2758,0
Sun Jun 02 2024 02:00:00 GMT+0100 (British Summer Time),0.0213,0.0211,0.2653,250874.23919774877
Sun Jun 02 2024 03:00:00 GMT+0100 (British Summer Time),0.0213,0.0181,0.2653,0
Sun Jun 02 2024 04:00:00 GMT+0100 (British Summer Time),0.0213,0.0181,0.2653,199714.41499886883
Sun Jun 02 2024 05:00:00 GMT+0100 (British Summer Time),0.0213,0.0181,0.2562,14459.478860789124
Sun Jun 02 2024 06:00:00 GMT+0100 (British Summer Time),0.0213,0.0181,0.2562,0
Sun Jun 02 2024 07:00:00 GMT+0100 (British Summer Time),0.0213,0.0181,0.2562,0
Sun Jun 02 2024 08:00:00 GMT+0100 (British Summer Time),0.0213,0.0181,0.2562,0
Sun Jun 02 2024 09:00:00 GMT+0100 (British Summer Time),0.0213,0.0181,0.2607,109154.08552666454
Sun Jun 02 2024 10:00:00 GMT+0100 (British Summer Time),0.0213,0.0181,0.2628,135443.1013890438
Sun Jun 02 2024 11:00:00 GMT+0100 (British Summer Time),0.0213,0.0181,0.2666,89125.99080424468
Sun Jun 02 2024 12:00:00 GMT+0100 (British Summer Time),0.0222,0.0213,0.2672,31127.846253350654
Sun Jun 02 2024 13:00:00 GMT+0100 (British Summer Time),0.0222,0.0213,0.271,70965.73248812783
Sun Jun 02 2024 14:00:00 GMT+0100 (British Summer Time),0.0222,0.0213,0.2727,41201.51377447738
Sun Jun 02 2024 15:00:00 GMT+0100 (British Summer Time),0.0222,0.0213,0.2732,19245.015153254477
Sun Jun 02 2024 16:00:00 GMT+0100 (British Summer Time),0.0222,0.0213,0.2743,19103.22814188648
Sun Jun 02 2024 17:00:00 GMT+0100 (British Summer Time),0.0222,0.0213,0.2761,42812.33822029871
Sun Jun 02 2024 18:00:00 GMT+0100 (British Summer Time),0.0222,0.0213,0.2761,0
Sun Jun 02 2024 19:00:00 GMT+0100 (British Summer Time),0.0222,0.0213,0.2762,2612.667415947676
Sun Jun 02 2024 20:00:00 GMT+0100 (British Summer Time),0.0222,0.0213,0.2795,85549.16384428668
Sun Jun 02 2024 21:00:00 GMT+0100 (British Summer Time),0.0222,0.0213,0.2804,12639.735120738836
Sun Jun 02 2024 22:00:00 GMT+0100 (British Summer Time),0.0222,0.0213,0.281,15626.729571540545
Sun Jun 02 2024 23:00:00 GMT+0100 (British Summer Time),0.0222,0.0213,0.2813,5327.611587377253
Mon Jun 03 2024 00:00:00 GMT+0100 (British Summer Time),0.0222,0.0213,0.281,6213.765004897031
Mon Jun 03 2024 01:00:00 GMT+0100 (British Summer Time),0.0222,0.0213,0.2722,207856.4260021442
Mon Jun 03 2024 02:00:00 GMT+0100 (British Summer Time),0.0222,0.0213,0.2722,0
Mon Jun 03 2024 03:00:00 GMT+0100 (British Summer Time),0.0222,0.0184,0.2723,71569.60571649582
Mon Jun 03 2024 04:00:00 GMT+0100 (British Summer Time),0.0222,0.0184,0.2811,422751.4838140402
Mon Jun 03 2024 05:00:00 GMT+0100 (British Summer Time),0.0222,0.0184,0.2747,154358.42607287923
Mon Jun 03 2024 06:00:00 GMT+0100 (British Summer Time),0.0222,0.0184,0.2747,0
Mon Jun 03 2024 07:00:00 GMT+0100 (British Summer Time),0.0222,0.0184,0.2622,296670.84830388124
Mon Jun 03 2024 08:00:00 GMT+0100 (British Summer Time),0.0222,0.0184,0.2622,0
Mon Jun 03 2024 09:00:00 GMT+0100 (British Summer Time),0.0222,0.0184,0.2624,6656.006145007932
Mon Jun 03 2024 10:00:00 GMT+0100 (British Summer Time),0.0222,0.0184,0.2625,0
Mon Jun 03 2024 11:00:00 GMT+0100 (British Summer Time),0.0222,0.0184,0.2631,12659.14685067034
Mon Jun 03 2024 12:00:00 GMT+0100 (British Summer Time),0.0223,0.0216,0.2631,39738.45311890937
Mon Jun 03 2024 13:00:00 GMT+0100 (British Summer Time),0.0223,0.0216,0.2629,22693.21559741207
Mon Jun 03 2024 14:00:00 GMT+0100 (British Summer Time),0.0223,0.0216,0.2629,0
Mon Jun 03 2024 15:00:00 GMT+0100 (British Summer Time),0.0223,0.0216,0.2629,0
Mon Jun 03 2024 16:00:00 GMT+0100 (British Summer Time),0.0223,0.0216,0.2486,330633.03995246766
Mon Jun 03 2024 17:00:00 GMT+0100 (British Summer Time),0.0223,0.0216,0.2486,0
Mon Jun 03 2024 18:00:00 GMT+0100 (British Summer Time),0.0223,0.0216,0.2486,0
Mon Jun 03 2024 19:00:00 GMT+0100 (British Summer Time),0.0223,0.0216,0.2486,0
Mon Jun 03 2024 20:00:00 GMT+0100 (British Summer Time),0.0223,0.0216,0.2486,18.620041492814877
Mon Jun 03 2024 21:00:00 GMT+0100 (British Summer Time),0.0223,0.0216,0.2488,3492.0610076981857
Mon Jun 03 2024 22:00:00 GMT+0100 (British Summer Time),0.0223,0.0216,0.2492,10771.955477251855
Mon Jun 03 2024 23:00:00 GMT+0100 (British Summer Time),0.0223,0.0216,0.2502,23100.24188874053
Tue Jun 04 2024 00:00:00 GMT+0100 (British Summer Time),0.0223,0.0216,0.2503,1696.9416432245716
Tue Jun 04 2024 01:00:00 GMT+0100 (British Summer Time),0.0223,0.0216,0.2503,0
Tue Jun 04 2024 02:00:00 GMT+0100 (British Summer Time),0.0223,0.0216,0.2503,0
Tue Jun 04 2024 03:00:00 GMT+0100 (British Summer Time),0.0223,0.0186,0.2482,47989.05649981977
Tue Jun 04 2024 04:00:00 GMT+0100 (British Summer Time),0.0223,0.0186,0.2482,0
Tue Jun 04 2024 05:00:00 GMT+0100 (British Summer Time),0.0223,0.0186,0.2333,377159.6686542979
Tue Jun 04 2024 06:00:00 GMT+0100 (British Summer Time),0.0223,0.0186,0.2333,0
Tue Jun 04 2024 07:00:00 GMT+0100 (British Summer Time),0.0223,0.0186,0.2333,0
Tue Jun 04 2024 08:00:00 GMT+0100 (British Summer Time),0.0223,0.0186,0.221,323082.2613268239
Tue Jun 04 2024 09:00:00 GMT+0100 (British Summer Time),0.0223,0.0186,0.221,0
Tue Jun 04 2024 10:00:00 GMT+0100 (British Summer Time),0.0223,0.0186,0.2226,47679.45716258343
Tue Jun 04 2024 11:00:00 GMT+0100 (British Summer Time),0.0223,0.0186,0.2253,48060.8667282376
Tue Jun 04 2024 12:00:00 GMT+0100 (British Summer Time),0,0.0186,0.2278,57840.164966200595
Tue Jun 04 2024 13:00:00 GMT+0100 (British Summer Time),0.0206,0.0216,0.2278,0
Tue Jun 04 2024 14:00:00 GMT+0100 (British Summer Time),0.0206,0.0216,0.2278,0
Tue Jun 04 2024 15:00:00 GMT+0100 (British Summer Time),0.0206,0.0216,0.2278,0
Tue Jun 04 2024 16:00:00 GMT+0100 (British Summer Time),0.0206,0.0216,0.2588,716893.8155525469
Tue Jun 04 2024 17:00:00 GMT+0100 (British Summer Time),0.0206,0.0216,0.2588,0
Tue Jun 04 2024 18:00:00 GMT+0100 (British Summer Time),0.0206,0.0216,0.2588,0
Tue Jun 04 2024 19:00:00 GMT+0100 (British Summer Time),0.0206,0.0216,0.2588,0
Tue Jun 04 2024 20:00:00 GMT+0100 (British Summer Time),0.0206,0.0216,0.2588,0
Tue Jun 04 2024 21:00:00 GMT+0100 (British Summer Time),0.0206,0.0216,0.2548,93944.57188246721
Tue Jun 04 2024 22:00:00 GMT+0100 (British Summer Time),0.0206,0.0216,0.2548,0
Tue Jun 04 2024 23:00:00 GMT+0100 (British Summer Time),0.0206,0.0216,0.2531,40052.43714652164
Wed Jun 05 2024 00:00:00 GMT+0100 (British Summer Time),0.0206,0.0216,0.2522,22355.76076660336
Wed Jun 05 2024 01:00:00 GMT+0100 (British Summer Time),0.0206,0.0216,0.2522,57.2052817794556
Wed Jun 05 2024 02:00:00 GMT+0100 (British Summer Time),0.0206,0.0216,0.2533,27634.73168818946
Wed Jun 05 2024 03:00:00 GMT+0100 (British Summer Time),0.0206,0.0187,0.2533,0
Wed Jun 05 2024 04:00:00 GMT+0100 (British Summer Time),0.0206,0.0187,0.2528,21577.548337572378
Wed Jun 05 2024 05:00:00 GMT+0100 (British Summer Time),0.0206,0.0187,0.2519,40712.161883738896
Wed Jun 05 2024 06:00:00 GMT+0100 (British Summer Time),0.0206,0.0187,0.2515,8002.671597760157
Wed Jun 05 2024 07:00:00 GMT+0100 (British Summer Time),0.0206,0.0187,0.2515,0
Wed Jun 05 2024 08:00:00 GMT+0100 (British Summer Time),0.0206,0.0187,0.2515,0
Wed Jun 05 2024 09:00:00 GMT+0100 (British Summer Time),0.0206,0.0187,0.2515,0
Wed Jun 05 2024 10:00:00 GMT+0100 (British Summer Time),0.0206,0.0187,0.2506,20881.455385203582
Wed Jun 05 2024 11:00:00 GMT+0100 (British Summer Time),0.0206,0.0187,0.2506,0
Wed Jun 05 2024 12:00:00 GMT+0100 (British Summer Time),0.0206,0.0187,0.2506,0
Wed Jun 05 2024 13:00:00 GMT+0100 (British Summer Time),0.0211,0.0218,0.2506,0
Wed Jun 05 2024 14:00:00 GMT+0100 (British Summer Time),0.0211,0.0218,0.2508,19888.305634919663
Wed Jun 05 2024 15:00:00 GMT+0100 (British Summer Time),0.0211,0.0218,0.2508,0
Wed Jun 05 2024 16:00:00 GMT+0100 (British Summer Time),0.0211,0.0218,0.2547,519926.1627377512
Wed Jun 05 2024 17:00:00 GMT+0100 (British Summer Time),0.0211,0.0218,0.2547,0
Wed Jun 05 2024 18:00:00 GMT+0100 (British Summer Time),0.0211,0.0218,0.2547,312.4094445582685
Wed Jun 05 2024 19:00:00 GMT+0100 (British Summer Time),0.0211,0.0218,0.2547,0
Wed Jun 05 2024 20:00:00 GMT+0100 (British Summer Time),0.0211,0.0218,0.2518,69655.12295308415
Wed Jun 05 2024 21:00:00 GMT+0100 (British Summer Time),0.0211,0.0218,0.2519,4095.84808261559
Wed Jun 05 2024 22:00:00 GMT+0100 (British Summer Time),0.0211,0.0218,0.2519,0
Wed Jun 05 2024 23:00:00 GMT+0100 (British Summer Time),0.0211,0.0218,0.2519,0
Thu Jun 06 2024 00:00:00 GMT+0100 (British Summer Time),0.0211,0.0218,0.2519,0
Thu Jun 06 2024 01:00:00 GMT+0100 (British Summer Time),0.0211,0.0218,0.2519,0
Thu Jun 06 2024 02:00:00 GMT+0100 (British Summer Time),0.0211,0.0218,0.2519,0
Thu Jun 06 2024 03:00:00 GMT+0100 (British Summer Time),0.0211,0.0218,0.252,2173.6605793670037
Thu Jun 06 2024 04:00:00 GMT+0100 (British Summer Time),0.0211,0.0218,0.2508,27866.523330405616
Thu Jun 06 2024 05:00:00 GMT+0100 (British Summer Time),0.0211,0.0218,0.2531,99393.51791267314
Thu Jun 06 2024 06:00:00 GMT+0100 (British Summer Time),0.0211,0.0218,0.2502,69540.46567439217
Thu Jun 06 2024 07:00:00 GMT+0100 (British Summer Time),0.0211,0.0218,0.2291,549722.8495636682
Thu Jun 06 2024 08:00:00 GMT+0100 (British Summer Time),0.0211,0.0218,0.2291,0
Thu Jun 06 2024 09:00:00 GMT+0100 (British Summer Time),0.0211,0.0218,0.2291,717.218132312566
Thu Jun 06 2024 10:00:00 GMT+0100 (British Summer Time),0.0211,0.0218,0.2291,0
Thu Jun 06 2024 11:00:00 GMT+0100 (British Summer Time),0.0211,0.0218,0.2257,78243.59377017194
Thu Jun 06 2024 12:00:00 GMT+0100 (British Summer Time),0.0211,0.018,0.2257,0
Thu Jun 06 2024 13:00:00 GMT+0100 (British Summer Time),0.0212,0.0211,0.2269,26502.962523272392
Thu Jun 06 2024 14:00:00 GMT+0100 (British Summer Time),0.0212,0.0211,0.2269,0
Thu Jun 06 2024 15:00:00 GMT+0100 (British Summer Time),0.0212,0.0211,0.2269,0
Thu Jun 06 2024 16:00:00 GMT+0100 (British Summer Time),0.0212,0.0211,0.2269,0
Thu Jun 06 2024 17:00:00 GMT+0100 (British Summer Time),0.0212,0.0211,0.2269,0
Thu Jun 06 2024 18:00:00 GMT+0100 (British Summer Time),0.0212,0.0211,0.2273,8224.138862429696
Thu Jun 06 2024 19:00:00 GMT+0100 (British Summer Time),0.0212,0.0211,0.2273,0
Thu Jun 06 2024 20:00:00 GMT+0100 (British Summer Time),0.0212,0.0211,0.2273,0
Thu Jun 06 2024 21:00:00 GMT+0100 (British Summer Time),0.0212,0.0211,0.2273,0
Thu Jun 06 2024 22:00:00 GMT+0100 (British Summer Time),0.0212,0.0211,0.2273,0
Thu Jun 06 2024 23:00:00 GMT+0100 (British Summer Time),0.0212,0.0211,0.2273,0
Fri Jun 07 2024 00:00:00 GMT+0100 (British Summer Time),0.0212,0.0211,0.2273,0
Fri Jun 07 2024 01:00:00 GMT+0100 (British Summer Time),0.0212,0.0211,0.2255,144078.78127561032
Fri Jun 07 2024 02:00:00 GMT+0100 (British Summer Time),0.0212,0.0211,0.2255,0
Fri Jun 07 2024 03:00:00 GMT+0100 (British Summer Time),0.0212,0.0211,0.2298,99192.33615602198
Fri Jun 07 2024 04:00:00 GMT+0100 (British Summer Time),0.0212,0.0211,0.2286,94155.1386310016
Fri Jun 07 2024 05:00:00 GMT+0100 (British Summer Time),0.0212,0.0211,0.2277,20551.800222171973
Fri Jun 07 2024 06:00:00 GMT+0100 (British Summer Time),0.0212,0.0211,0.226,38163.014438494385
Fri Jun 07 2024 07:00:00 GMT+0100 (British Summer Time),0.0212,0.0211,0.2254,14098.951649484074
Fri Jun 07 2024 08:00:00 GMT+0100 (British Summer Time),0.0212,0.0211,0.2251,6293.501019183311
Fri Jun 07 2024 09:00:00 GMT+0100 (British Summer Time),0.0212,0.0211,0.2251,0
Fri Jun 07 2024 10:00:00 GMT+0100 (British Summer Time),0.0212,0.0211,0.2251,0
Fri Jun 07 2024 11:00:00 GMT+0100 (British Summer Time),0.0212,0.0211,0.2251,0
Fri Jun 07 2024 12:00:00 GMT+0100 (British Summer Time),0.0212,0.0183,0.2251,0
Fri Jun 07 2024 13:00:00 GMT+0100 (British Summer Time),0.0209,0.0214,0.2251,0
Fri Jun 07 2024 14:00:00 GMT+0100 (British Summer Time),0.0209,0.0214,0.2251,0
Fri Jun 07 2024 15:00:00 GMT+0100 (British Summer Time),0.0209,0.0214,0.2251,1905.8536190873451
Fri Jun 07 2024 16:00:00 GMT+0100 (British Summer Time),0.0209,0.0214,0.2251,0
Fri Jun 07 2024 17:00:00 GMT+0100 (British Summer Time),0.0209,0.0214,0.2251,0
Fri Jun 07 2024 18:00:00 GMT+0100 (British Summer Time),0.0209,0.0214,0.2251,0
Fri Jun 07 2024 19:00:00 GMT+0100 (British Summer Time),0.0209,0.0214,0.2251,0
Fri Jun 07 2024 20:00:00 GMT+0100 (British Summer Time),0.0209,0.0214,0.2251,0
Fri Jun 07 2024 21:00:00 GMT+0100 (British Summer Time),0.0209,0.0214,0.2251,0
Fri Jun 07 2024 22:00:00 GMT+0100 (British Summer Time),0.0209,0.0214,0.2244,14343.40503916105
Fri Jun 07 2024 23:00:00 GMT+0100 (British Summer Time),0.0209,0.0214,0.2252,18183.0518638855
Sat Jun 08 2024 00:00:00 GMT+0100 (British Summer Time),0.0209,0.0214,0.2252,0
Sat Jun 08 2024 01:00:00 GMT+0100 (British Summer Time),0.0209,0.0214,0.2252,0
Sat Jun 08 2024 02:00:00 GMT+0100 (British Summer Time),0.0209,0.0214,0.2252,0
Sat Jun 08 2024 03:00:00 GMT+0100 (British Summer Time),0.0209,0.0214,0.2251,4035.511308108174
Sat Jun 08 2024 04:00:00 GMT+0100 (British Summer Time),0.0209,0.0214,0.2237,29589.36149627112
Sat Jun 08 2024 05:00:00 GMT+0100 (British Summer Time),0.0209,0.0214,0.2211,163563.79625698185
Sat Jun 08 2024 06:00:00 GMT+0100 (British Summer Time),0.0209,0.0214,0.2185,159800.66084875315
Sat Jun 08 2024 07:00:00 GMT+0100 (British Summer Time),0.0209,0.0214,0.2189,7452.201364615414
Sat Jun 08 2024 08:00:00 GMT+0100 (British Summer Time),0.0209,0.0214,0.2189,0
Sat Jun 08 2024 09:00:00 GMT+0100 (British Summer Time),0.0209,0.0214,0.2189,0
Sat Jun 08 2024 10:00:00 GMT+0100 (British Summer Time),0.0209,0.0214,0.2191,12962.295608101978
Sat Jun 08 2024 11:00:00 GMT+0100 (British Summer Time),0.0209,0.0214,0.2187,11234.143206817673
Sat Jun 08 2024 12:00:00 GMT+0100 (British Summer Time),0.0209,0.0183,0.2187,0
Sat Jun 08 2024 13:00:00 GMT+0100 (British Summer Time),0.017,0.0207,0.2187,0
Sat Jun 08 2024 14:00:00 GMT+0100 (British Summer Time),0.017,0.0207,0.2187,0
Sat Jun 08 2024 15:00:00 GMT+0100 (British Summer Time),0.017,0.0207,0.2187,46.653754666651935
Sat Jun 08 2024 16:00:00 GMT+0100 (British Summer Time),0.017,0.0207,0.2197,22691.16854565237
Sat Jun 08 2024 17:00:00 GMT+0100 (British Summer Time),0.017,0.0207,0.2197,0
Sat Jun 08 2024 18:00:00 GMT+0100 (British Summer Time),0.017,0.0207,0.2232,76819.43790109405
Sat Jun 08 2024 19:00:00 GMT+0100 (British Summer Time),0.017,0.0207,0.2232,0
Sat Jun 08 2024 20:00:00 GMT+0100 (British Summer Time),0.017,0.0207,0.2232,0
Sat Jun 08 2024 21:00:00 GMT+0100 (British Summer Time),0.017,0.0207,0.2232,0
Sat Jun 08 2024 22:00:00 GMT+0100 (British Summer Time),0.017,0.0207,0.2234,4683.732208154285
Sat Jun 08 2024 23:00:00 GMT+0100 (British Summer Time),0.017,0.0207,0.2235,2239.6133458242757
Sun Jun 09 2024 00:00:00 GMT+0100 (British Summer Time),0.017,0.0207,0.2235,0
Sun Jun 09 2024 01:00:00 GMT+0100 (British Summer Time),0.017,0.0207,0.2235,0
Sun Jun 09 2024 02:00:00 GMT+0100 (British Summer Time),0.017,0.0207,0.2235,3366.731034349793
Sun Jun 09 2024 03:00:00 GMT+0100 (British Summer Time),0.017,0.0207,0.2235,0
Sun Jun 09 2024 04:00:00 GMT+0100 (British Summer Time),0.017,0.0207,0.2234,2516.0069928238645
Sun Jun 09 2024 05:00:00 GMT+0100 (British Summer Time),0.017,0.0207,0.2234,0
Sun Jun 09 2024 06:00:00 GMT+0100 (British Summer Time),0.017,0.0207,0.2234,0
Sun Jun 09 2024 07:00:00 GMT+0100 (British Summer Time),0.017,0.0207,0.2239,11046.286663186922
Sun Jun 09 2024 08:00:00 GMT+0100 (British Summer Time),0.017,0.0207,0.224,2171.0936219331943
Sun Jun 09 2024 09:00:00 GMT+0100 (British Summer Time),0.017,0.0207,0.1907,916262.1559162372
Sun Jun 09 2024 10:00:00 GMT+0100 (British Summer Time),0.017,0.0207,0.1914,29743.764364713086
Sun Jun 09 2024 11:00:00 GMT+0100 (British Summer Time),0.017,0.0207,0.1913,6207.7046480792
Sun Jun 09 2024 12:00:00 GMT+0100 (British Summer Time),0.017,0.0176,0.1934,44667.050039516806
Sun Jun 09 2024 13:00:00 GMT+0100 (British Summer Time),0.0155,0.0198,0.1947,27846.084887354034
Sun Jun 09 2024 14:00:00 GMT+0100 (British Summer Time),0.0155,0.0198,0.1947,0
Sun Jun 09 2024 15:00:00 GMT+0100 (British Summer Time),0.0155,0.0198,0.1947,0
Sun Jun 09 2024 16:00:00 GMT+0100 (British Summer Time),0.0155,0.0198,0.1947,0
Sun Jun 09 2024 17:00:00 GMT+0100 (British Summer Time),0.0155,0.0198,0.1947,0
Sun Jun 09 2024 18:00:00 GMT+0100 (British Summer Time),0.0155,0.0198,0.1947,0
Sun Jun 09 2024 19:00:00 GMT+0100 (British Summer Time),0.0155,0.0198,0.1947,0
Sun Jun 09 2024 20:00:00 GMT+0100 (British Summer Time),0.0155,0.0198,0.1956,19425.699859058826
Sun Jun 09 2024 21:00:00 GMT+0100 (British Summer Time),0.0155,0.0198,0.1956,0
Sun Jun 09 2024 22:00:00 GMT+0100 (British Summer Time),0.0155,0.0198,0.1928,61866.73906928991
Sun Jun 09 2024 23:00:00 GMT+0100 (British Summer Time),0.0155,0.0198,0.1928,0
Mon Jun 10 2024 00:00:00 GMT+0100 (British Summer Time),0.0155,0.0198,0.1935,16006.66672766551
Mon Jun 10 2024 01:00:00 GMT+0100 (British Summer Time),0.0155,0.0198,0.1935,0
Mon Jun 10 2024 02:00:00 GMT+0100 (British Summer Time),0.0155,0.0198,0.1935,0
Mon Jun 10 2024 03:00:00 GMT+0100 (British Summer Time),0.0155,0.0198,0.1956,45906.60122997003
Mon Jun 10 2024 04:00:00 GMT+0100 (British Summer Time),0.0155,0.0198,0.2097,302851.05630847655
Mon Jun 10 2024 05:00:00 GMT+0100 (British Summer Time),0.0155,0.0198,0.2097,0
Mon Jun 10 2024 06:00:00 GMT+0100 (British Summer Time),0.0155,0.0198,0.2116,41018.40774198544
Mon Jun 10 2024 07:00:00 GMT+0100 (British Summer Time),0.0155,0.0198,0.2115,1905.8609836260844
Mon Jun 10 2024 08:00:00 GMT+0100 (British Summer Time),0.0155,0.0198,0.2115,0
Mon Jun 10 2024 09:00:00 GMT+0100 (British Summer Time),0.0155,0.0198,0.2098,36374.0051561975
Mon Jun 10 2024 10:00:00 GMT+0100 (British Summer Time),0.0155,0.0198,0.2098,0
Mon Jun 10 2024 11:00:00 GMT+0100 (British Summer Time),0.0155,0.0198,0.2098,0
Mon Jun 10 2024 12:00:00 GMT+0100 (British Summer Time),0.0155,0.0166,0.2098,0
Mon Jun 10 2024 13:00:00 GMT+0100 (British Summer Time),0.0154,0.0188,0.2093,10593.772083252354
Mon Jun 10 2024 14:00:00 GMT+0100 (British Summer Time),0.0154,0.0188,0.2093,0
Mon Jun 10 2024 15:00:00 GMT+0100 (British Summer Time),0.0154,0.0188,0.2016,513090.83123532543
Mon Jun 10 2024 16:00:00 GMT+0100 (British Summer Time),0.0154,0.0188,0.2016,0
Mon Jun 10 2024 17:00:00 GMT+0100 (British Summer Time),0.0154,0.0188,0.2016,0
Mon Jun 10 2024 18:00:00 GMT+0100 (British Summer Time),0.0154,0.0188,0.2016,0
Mon Jun 10 2024 19:00:00 GMT+0100 (British Summer Time),0.0154,0.0188,0.2016,0
Mon Jun 10 2024 20:00:00 GMT+0100 (British Summer Time),0.0154,0.0188,0.2,35132.72580674183
Mon Jun 10 2024 21:00:00 GMT+0100 (British Summer Time),0.0154,0.0188,0.2099,212582.99034004894
Mon Jun 10 2024 22:00:00 GMT+0100 (British Summer Time),0.0154,0.0188,0.2099,0
Mon Jun 10 2024 23:00:00 GMT+0100 (British Summer Time),0.0154,0.0188,0.2099,0
Tue Jun 11 2024 00:00:00 GMT+0100 (British Summer Time),0.0154,0.0188,0.2099,0
Tue Jun 11 2024 01:00:00 GMT+0100 (British Summer Time),0.0154,0.0188,0.2099,0
Tue Jun 11 2024 02:00:00 GMT+0100 (British Summer Time),0.0154,0.0188,0.2099,0
Tue Jun 11 2024 03:00:00 GMT+0100 (British Summer Time),0.0154,0.0188,0.2099,0
Tue Jun 11 2024 04:00:00 GMT+0100 (British Summer Time),0.0154,0.0188,0.2099,0
Tue Jun 11 2024 05:00:00 GMT+0100 (British Summer Time),0.0154,0.0188,0.2108,19754.031666415205
Tue Jun 11 2024 06:00:00 GMT+0100 (British Summer Time),0.0154,0.0188,0.2102,12971.316515149605
Tue Jun 11 2024 07:00:00 GMT+0100 (British Summer Time),0.0154,0.0188,0.2102,0
Tue Jun 11 2024 08:00:00 GMT+0100 (British Summer Time),0.0154,0.0188,0.2102,0
Tue Jun 11 2024 09:00:00 GMT+0100 (British Summer Time),0.0154,0.0188,0.2102,11836.338975481554
Tue Jun 11 2024 10:00:00 GMT+0100 (British Summer Time),0.0154,0.0188,0.2324,467149.78553732205
Tue Jun 11 2024 11:00:00 GMT+0100 (British Summer Time),0.0154,0.0188,0.2563,1203939.4206367242
Tue Jun 11 2024 12:00:00 GMT+0100 (British Summer Time),0.0154,0.0188,0.2571,17746.540638045935
Tue Jun 11 2024 13:00:00 GMT+0100 (British Summer Time),0,0.0158,0.249,368886.63508352404
Tue Jun 11 2024 14:00:00 GMT+0100 (British Summer Time),0.0156,0.0181,0.249,0
Tue Jun 11 2024 15:00:00 GMT+0100 (British Summer Time),0.0156,0.0181,0.249,0
Tue Jun 11 2024 16:00:00 GMT+0100 (British Summer Time),0.0156,0.0181,0.2512,45686.58468275523
Tue Jun 11 2024 17:00:00 GMT+0100 (British Summer Time),0.0156,0.0181,0.2512,0
Tue Jun 11 2024 18:00:00 GMT+0100 (British Summer Time),0.0156,0.0181,0.2503,17510.93205025013
Tue Jun 11 2024 19:00:00 GMT+0100 (British Summer Time),0.0156,0.0181,0.2504,1313.1571529318635
Tue Jun 11 2024 20:00:00 GMT+0100 (British Summer Time),0.0156,0.0181,0.2676,366262.4381070796
Tue Jun 11 2024 21:00:00 GMT+0100 (British Summer Time),0.0156,0.0181,0.2676,0
Tue Jun 11 2024 22:00:00 GMT+0100 (British Summer Time),0.0156,0.0181,0.2676,0
Tue Jun 11 2024 23:00:00 GMT+0100 (British Summer Time),0.0156,0.0181,0.2757,175186.554256463
Wed Jun 12 2024 00:00:00 GMT+0100 (British Summer Time),0.0156,0.0181,0.2764,14611.97310300978
Wed Jun 12 2024 01:00:00 GMT+0100 (British Summer Time),0.0156,0.0181,0.2893,544681.0635581466
Wed Jun 12 2024 02:00:00 GMT+0100 (British Summer Time),0.0156,0.0181,0.2879,240257.8458852447
Wed Jun 12 2024 03:00:00 GMT+0100 (British Summer Time),0.0156,0.0181,0.2896,35804.28048448759
Wed Jun 12 2024 04:00:00 GMT+0100 (British Summer Time),0.0156,0.0181,0.2896,0
Wed Jun 12 2024 05:00:00 GMT+0100 (British Summer Time),0.0156,0.0181,0.2722,446423.357297371
Wed Jun 12 2024 06:00:00 GMT+0100 (British Summer Time),0.0156,0.0181,0.2719,6634.978354175385
Wed Jun 12 2024 07:00:00 GMT+0100 (British Summer Time),0.0156,0.0181,0.2732,42958.07903286029
Wed Jun 12 2024 08:00:00 GMT+0100 (British Summer Time),0.0156,0.0181,0.276,64671.73141591197
Wed Jun 12 2024 09:00:00 GMT+0100 (British Summer Time),0.0156,0.0181,0.2784,52713.37928386465
Wed Jun 12 2024 10:00:00 GMT+0100 (British Summer Time),0.0156,0.0181,0.2567,470202.0054545368
Wed Jun 12 2024 11:00:00 GMT+0100 (British Summer Time),0.0156,0.0181,0.2567,0
Wed Jun 12 2024 12:00:00 GMT+0100 (British Summer Time),0.0156,0.0181,0.256,15232.629582312788
Wed Jun 12 2024 13:00:00 GMT+0100 (British Summer Time),0.0156,0.015,0.2613,113079.2137373133
Wed Jun 12 2024 14:00:00 GMT+0100 (British Summer Time),0.0162,0.0174,0.2613,0
Wed Jun 12 2024 15:00:00 GMT+0100 (British Summer Time),0.0162,0.0174,0.2653,90078.77735265874
Wed Jun 12 2024 16:00:00 GMT+0100 (British Summer Time),0.0162,0.0174,0.2653,0
Wed Jun 12 2024 17:00:00 GMT+0100 (British Summer Time),0.0162,0.0174,0.2653,0
Wed Jun 12 2024 18:00:00 GMT+0100 (British Summer Time),0.0162,0.0174,0.2653,0
Wed Jun 12 2024 19:00:00 GMT+0100 (British Summer Time),0.0162,0.0174,0.2653,0
Wed Jun 12 2024 20:00:00 GMT+0100 (British Summer Time),0.0162,0.0174,0.2653,0
Wed Jun 12 2024 21:00:00 GMT+0100 (British Summer Time),0.0162,0.0174,0.2629,53114.204310674875
Wed Jun 12 2024 22:00:00 GMT+0100 (British Summer Time),0.0162,0.0174,0.2629,0
Wed Jun 12 2024 23:00:00 GMT+0100 (British Summer Time),0.0162,0.0174,0.2629,0
Thu Jun 13 2024 00:00:00 GMT+0100 (British Summer Time),0.0162,0.0174,0.2946,703716.1757035158
Thu Jun 13 2024 01:00:00 GMT+0100 (British Summer Time),0.0162,0.0174,0.2946,0
Thu Jun 13 2024 02:00:00 GMT+0100 (British Summer Time),0.0162,0.0174,0.2946,0
Thu Jun 13 2024 03:00:00 GMT+0100 (British Summer Time),0.0162,0.0174,0.2946,0
Thu Jun 13 2024 04:00:00 GMT+0100 (British Summer Time),0.0162,0.0174,0.2947,758.1730112048834
Thu Jun 13 2024 05:00:00 GMT+0100 (British Summer Time),0.0162,0.0174,0.2951,9799.203853610006
Thu Jun 13 2024 06:00:00 GMT+0100 (British Summer Time),0.0162,0.0174,0.3249,990065.5150146275
Thu Jun 13 2024 07:00:00 GMT+0100 (British Summer Time),0.0162,0.0174,0.3249,0
Thu Jun 13 2024 08:00:00 GMT+0100 (British Summer Time),0.0162,0.0174,0.3212,94298.56042567139
Thu Jun 13 2024 09:00:00 GMT+0100 (British Summer Time),0.0162,0.0174,0.32,29999.789682427705
Thu Jun 13 2024 10:00:00 GMT+0100 (British Summer Time),0.0162,0.0174,0.3028,451148.9862139516
Thu Jun 13 2024 11:00:00 GMT+0100 (British Summer Time),0.0162,0.0174,0.3032,8255.27010741356
Thu Jun 13 2024 12:00:00 GMT+0100 (British Summer Time),0.0162,0.0174,0.301,49210.28683037078
Thu Jun 13 2024 13:00:00 GMT+0100 (British Summer Time),0.0162,0.0143,0.301,19.976072405542645
Thu Jun 13 2024 14:00:00 GMT+0100 (British Summer Time),0.0162,0.0167,0.2804,451669.2125106219
Thu Jun 13 2024 15:00:00 GMT+0100 (British Summer Time),0.0162,0.0167,0.2804,0
Thu Jun 13 2024 16:00:00 GMT+0100 (British Summer Time),0.0162,0.0167,0.2804,0
Thu Jun 13 2024 17:00:00 GMT+0100 (British Summer Time),0.0162,0.0167,0.2804,0
Thu Jun 13 2024 18:00:00 GMT+0100 (British Summer Time),0.0162,0.0167,0.2867,136559.13142864482
Thu Jun 13 2024 19:00:00 GMT+0100 (British Summer Time),0.0162,0.0167,0.2557,667653.4237880567
Thu Jun 13 2024 20:00:00 GMT+0100 (British Summer Time),0.0162,0.0167,0.2557,0
Thu Jun 13 2024 21:00:00 GMT+0100 (British Summer Time),0.0162,0.0167,0.2636,167121.11402470418
Thu Jun 13 2024 22:00:00 GMT+0100 (British Summer Time),0.0162,0.0167,0.2531,221897.52727790672
Thu Jun 13 2024 23:00:00 GMT+0100 (British Summer Time),0.0162,0.0167,0.2531,0
Fri Jun 14 2024 00:00:00 GMT+0100 (British Summer Time),0.0162,0.0167,0.2523,17247.29337646137
Fri Jun 14 2024 01:00:00 GMT+0100 (British Summer Time),0.0162,0.0167,0.2523,3194.5567398492617
Fri Jun 14 2024 02:00:00 GMT+0100 (British Summer Time),0.0162,0.0167,0.2527,5336.553343338784
Fri Jun 14 2024 03:00:00 GMT+0100 (British Summer Time),0.0162,0.0167,0.2519,90711.12186976646
Fri Jun 14 2024 04:00:00 GMT+0100 (British Summer Time),0.0162,0.0167,0.2485,71888.69381272116
Fri Jun 14 2024 05:00:00 GMT+0100 (British Summer Time),0.0162,0.0167,0.2485,0
Fri Jun 14 2024 06:00:00 GMT+0100 (British Summer Time),0.0162,0.0167,0.2491,12444.691332354589
Fri Jun 14 2024 07:00:00 GMT+0100 (British Summer Time),0.0162,0.0167,0.2491,51284.89678512936
Fri Jun 14 2024 08:00:00 GMT+0100 (British Summer Time),0.0162,0.0167,0.2532,37295.1214278194
Fri Jun 14 2024 09:00:00 GMT+0100 (British Summer Time),0.0162,0.0167,0.2561,62303.0718256528
Fri Jun 14 2024 10:00:00 GMT+0100 (British Summer Time),0.0162,0.0167,0.2571,599244.9481367999
Fri Jun 14 2024 11:00:00 GMT+0100 (British Summer Time),0.0162,0.0167,0.243,46094.401787791685
Fri Jun 14 2024 12:00:00 GMT+0100 (British Summer Time),0.0162,0.0167,0.245,74491.79132794254
Fri Jun 14 2024 13:00:00 GMT+0100 (British Summer Time),0.0162,0.0137,0.2509,93871.08601904835
Fri Jun 14 2024 14:00:00 GMT+0100 (British Summer Time),0.0157,0.0159,0.2745,867940.2660143588
Fri Jun 14 2024 15:00:00 GMT+0100 (British Summer Time),0.0157,0.0159,0.2818,265045.5866299994
Fri Jun 14 2024 16:00:00 GMT+0100 (British Summer Time),0.0157,0.0159,0.2732,293368.2378340704
Fri Jun 14 2024 17:00:00 GMT+0100 (British Summer Time),0.0157,0.0159,0.2732,0
Fri Jun 14 2024 18:00:00 GMT+0100 (British Summer Time),0.0157,0.0159,0.2732,0
Fri Jun 14 2024 19:00:00 GMT+0100 (British Summer Time),0.0157,0.0159,0.2731,171827.08826746687
Fri Jun 14 2024 20:00:00 GMT+0100 (British Summer Time),0.0157,0.0159,0.273,18.58289910363229
Fri Jun 14 2024 21:00:00 GMT+0100 (British Summer Time),0.0157,0.0159,0.273,77261.12853639855
Fri Jun 14 2024 22:00:00 GMT+0100 (British Summer Time),0.0157,0.0159,0.2694,0
Fri Jun 14 2024 23:00:00 GMT+0100 (British Summer Time),0.0157,0.0159,0.2695,2639.291430038039
Sat Jun 15 2024 00:00:00 GMT+0100 (British Summer Time),0.0157,0.0159,0.2905,455485.5823028117
Sat Jun 15 2024 01:00:00 GMT+0100 (British Summer Time),0.0157,0.0159,0.292,32845.09721684178
Sat Jun 15 2024 02:00:00 GMT+0100 (British Summer Time),0.0157,0.0159,0.292,42051.57954602121
Sat Jun 15 2024 03:00:00 GMT+0100 (British Summer Time),0.0157,0.0159,0.3005,143780.68751145827
Sat Jun 15 2024 04:00:00 GMT+0100 (British Summer Time),0.0157,0.0159,0.301,10034.763325705993
Sat Jun 15 2024 05:00:00 GMT+0100 (British Summer Time),0.0157,0.0159,0.301,0
Sat Jun 15 2024 06:00:00 GMT+0100 (British Summer Time),0.0157,0.0159,0.3016,13831.21291973404
Sat Jun 15 2024 07:00:00 GMT+0100 (British Summer Time),0.0157,0.0159,0.3174,355623.1317542684
Sat Jun 15 2024 08:00:00 GMT+0100 (British Summer Time),0.0157,0.0159,0.3262,214849.11812718667
Sat Jun 15 2024 09:00:00 GMT+0100 (British Summer Time),0.0157,0.0159,0.3305,180311.91743035056
Sat Jun 15 2024 10:00:00 GMT+0100 (British Summer Time),0.0157,0.0159,0.3305,59669.539847490436
Sat Jun 15 2024 11:00:00 GMT+0100 (British Summer Time),0.0157,0.0159,0.3326,48844.441360070174
Sat Jun 15 2024 12:00:00 GMT+0100 (British Summer Time),0.0157,0.0159,0.3335,15956.497788271034
Sat Jun 15 2024 13:00:00 GMT+0100 (British Summer Time),0.0157,0.0135,0.335,34760.96233237733
Sat Jun 15 2024 14:00:00 GMT+0100 (British Summer Time),0.0158,0.0158,0.335,0
Sat Jun 15 2024 15:00:00 GMT+0100 (British Summer Time),0.0158,0.0158,0.335,0
Sat Jun 15 2024 16:00:00 GMT+0100 (British Summer Time),0.0158,0.0158,0.3296,125489.26846829517
Sat Jun 15 2024 17:00:00 GMT+0100 (British Summer Time),0.0158,0.0158,0.3296,0
Sat Jun 15 2024 18:00:00 GMT+0100 (British Summer Time),0.0158,0.0158,0.3296,0
Sat Jun 15 2024 19:00:00 GMT+0100 (British Summer Time),0.0158,0.0158,0.3256,91517.25304689178
Sat Jun 15 2024 20:00:00 GMT+0100 (British Summer Time),0.0158,0.0158,0.3256,0
Sat Jun 15 2024 21:00:00 GMT+0100 (British Summer Time),0.0158,0.0158,0.3261,11719.413498523985
Sat Jun 15 2024 22:00:00 GMT+0100 (British Summer Time),0.0158,0.0158,0.3241,46843.33488899618
Sat Jun 15 2024 23:00:00 GMT+0100 (British Summer Time),0.0158,0.0158,0.3241,0
Sun Jun 16 2024 00:00:00 GMT+0100 (British Summer Time),0.0158,0.0158,0.3243,5378.313366911943
Sun Jun 16 2024 01:00:00 GMT+0100 (British Summer Time),0.0158,0.0158,0.3259,38797.62665026386
Sun Jun 16 2024 02:00:00 GMT+0100 (British Summer Time),0.0158,0.0158,0.328,49203.631696149125
Sun Jun 16 2024 03:00:00 GMT+0100 (British Summer Time),0.0158,0.0158,0.3289,16566.501522903636
Sun Jun 16 2024 04:00:00 GMT+0100 (British Summer Time),0.0158,0.0158,0.3289,0
Sun Jun 16 2024 05:00:00 GMT+0100 (British Summer Time),0.0158,0.0158,0.3304,175422.50461393027
Sun Jun 16 2024 06:00:00 GMT+0100 (British Summer Time),0.0158,0.0158,0.3325,41152.29879769208
Sun Jun 16 2024 07:00:00 GMT+0100 (British Summer Time),0.0158,0.0158,0.333,74064.06587535485
Sun Jun 16 2024 08:00:00 GMT+0100 (British Summer Time),0.0158,0.0158,0.3342,27074.058640691623
Sun Jun 16 2024 09:00:00 GMT+0100 (British Summer Time),0.0158,0.0158,0.3343,4168.321537869719
Sun Jun 16 2024 10:00:00 GMT+0100 (British Summer Time),0.0158,0.0158,0.3345,22396.38809079241
Sun Jun 16 2024 11:00:00 GMT+0100 (British Summer Time),0.0158,0.0158,0.3329,35472.338690143864
Sun Jun 16 2024 12:00:00 GMT+0100 (British Summer Time),0.0158,0.0158,0.3329,0
Sun Jun 16 2024 13:00:00 GMT+0100 (British Summer Time),0.0158,0.0135,0.333,19963.35023509613
Sun Jun 16 2024 14:00:00 GMT+0100 (British Summer Time),0,0.0135,0.333,0
Sun Jun 16 2024 15:00:00 GMT+0100 (British Summer Time),0,0.0135,0.333,0
Sun Jun 16 2024 16:00:00 GMT+0100 (British Summer Time),0,0.0135,0.333,0
Sun Jun 16 2024 17:00:00 GMT+0100 (British Summer Time),0,0.0135,0.333,0
Sun Jun 16 2024 18:00:00 GMT+0100 (British Summer Time),0,0.0135,0.3335,15209.265940832049
Sun Jun 16 2024 19:00:00 GMT+0100 (British Summer Time),0,0.0135,0.3335,17940.67177668777
Sun Jun 16 2024 20:00:00 GMT+0100 (British Summer Time),0,0.0135,0.3341,61264.1789687234
Sun Jun 16 2024 21:00:00 GMT+0100 (British Summer Time),0,0.0135,0.3339,80170.87739211266
Sun Jun 16 2024 22:00:00 GMT+0100 (British Summer Time),0,0.0135,0.3349,2223391.542422934
Sun Jun 16 2024 23:00:00 GMT+0100 (British Summer Time),0,0.0135,0.3349,0
Mon Jun 17 2024 00:00:00 GMT+0100 (British Summer Time),0,0.0135,0.3349,0
Mon Jun 17 2024 01:00:00 GMT+0100 (British Summer Time),0,0.0135,0.3349,28243.533594791785
Mon Jun 17 2024 02:00:00 GMT+0100 (British Summer Time),0,0.0135,0.3361,59110.99210943507
Mon Jun 17 2024 03:00:00 GMT+0100 (British Summer Time),0,0.0135,0.3365,11245.844821342913
Mon Jun 17 2024 04:00:00 GMT+0100 (British Summer Time),0,0.0135,0.3365,0
Mon Jun 17 2024 05:00:00 GMT+0100 (British Summer Time),0,0.0135,0.3359,16239.759001493165
Mon Jun 17 2024 06:00:00 GMT+0100 (British Summer Time),0,0.0135,0.3284,174677.59654576762
Mon Jun 17 2024 07:00:00 GMT+0100 (British Summer Time),0,0.0135,0.3301,55758.24237701402
Mon Jun 17 2024 08:00:00 GMT+0100 (British Summer Time),0,0.0135,0.3308,0
Mon Jun 17 2024 09:00:00 GMT+0100 (British Summer Time),0,0.0135,0.3308,0
Mon Jun 17 2024 10:00:00 GMT+0100 (British Summer Time),0,0.0135,0.3308,108.8093249093288
Mon Jun 17 2024 11:00:00 GMT+0100 (British Summer Time),0,0.0135,0.3216,326059.48455104633
Mon Jun 17 2024 12:00:00 GMT+0100 (British Summer Time),0,0.0135,0.3135,89638.5080428043
Mon Jun 17 2024 13:00:00 GMT+0100 (British Summer Time),0,0.0113,0.3135,0
Mon Jun 17 2024 14:00:00 GMT+0100 (British Summer Time),0,0.0113,0.2917,639711.1594833245
Mon Jun 17 2024 15:00:00 GMT+0100 (British Summer Time),0,0.0113,0.293,10383.219767063332
Mon Jun 17 2024 16:00:00 GMT+0100 (British Summer Time),0,0.0113,0.293,0
Mon Jun 17 2024 17:00:00 GMT+0100 (British Summer Time),0,0.0113,0.293,0
Mon Jun 17 2024 18:00:00 GMT+0100 (British Summer Time),0,0.0113,0.293,0
Mon Jun 17 2024 19:00:00 GMT+0100 (British Summer Time),0,0.0113,0.293,0
Mon Jun 17 2024 20:00:00 GMT+0100 (British Summer Time),0,0.0113,0.293,0
Mon Jun 17 2024 21:00:00 GMT+0100 (British Summer Time),0,0.0113,0.293,0
Mon Jun 17 2024 22:00:00 GMT+0100 (British Summer Time),0,0.0113,0.2956,60679.9710399903
Mon Jun 17 2024 23:00:00 GMT+0100 (British Summer Time),0,0.0113,0.2957,35848.595692702744
Tue Jun 18 2024 00:00:00 GMT+0100 (British Summer Time),0,0.0113,0.2957,0
Tue Jun 18 2024 01:00:00 GMT+0100 (British Summer Time),0,0.0113,0.2972,35005.614754984
Tue Jun 18 2024 02:00:00 GMT+0100 (British Summer Time),0,0.0113,0.2949,52202.79971248808
Tue Jun 18 2024 03:00:00 GMT+0100 (British Summer Time),0,0.0113,0.2949,0
Tue Jun 18 2024 04:00:00 GMT+0100 (British Summer Time),0.0407,0.0171,0.2949,0
Tue Jun 18 2024 05:00:00 GMT+0100 (British Summer Time),0.0407,0.0171,0.292,61486.94489830505
Tue Jun 18 2024 06:00:00 GMT+0100 (British Summer Time),0.0407,0.0171,0.292,0
Tue Jun 18 2024 07:00:00 GMT+0100 (British Summer Time),0.0407,0.0171,0.292,0
Tue Jun 18 2024 08:00:00 GMT+0100 (British Summer Time),0.0407,0.0171,0.2902,40285.97027718614
Tue Jun 18 2024 09:00:00 GMT+0100 (British Summer Time),0.0407,0.0171,0.2862,120747.23761309969
Tue Jun 18 2024 10:00:00 GMT+0100 (British Summer Time),0.0407,0.0171,0.2892,64432.733662760365
Tue Jun 18 2024 11:00:00 GMT+0100 (British Summer Time),0.0407,0.0171,0.2931,84182.3029599969
Tue Jun 18 2024 12:00:00 GMT+0100 (British Summer Time),0.0407,0.0171,0.2892,81990.79270383695
Tue Jun 18 2024 13:00:00 GMT+0100 (British Summer Time),0.0407,0.0171,0.2901,18545.304974045106
Tue Jun 18 2024 14:00:00 GMT+0100 (British Summer Time),0.0407,0.0149,0.2729,363166.0539328743
Tue Jun 18 2024 15:00:00 GMT+0100 (British Summer Time),0.0407,0.0149,0.2729,0
Tue Jun 18 2024 16:00:00 GMT+0100 (British Summer Time),0.0407,0.0149,0.2729,69.49561250196494
Tue Jun 18 2024 17:00:00 GMT+0100 (British Summer Time),0.0407,0.0149,0.2708,44343.87196236091
Tue Jun 18 2024 18:00:00 GMT+0100 (British Summer Time),0.0407,0.0149,0.2708,0
Tue Jun 18 2024 19:00:00 GMT+0100 (British Summer Time),0.0407,0.0149,0.2708,0
Tue Jun 18 2024 20:00:00 GMT+0100 (British Summer Time),0.0407,0.0149,0.2708,0
Tue Jun 18 2024 21:00:00 GMT+0100 (British Summer Time),0.0407,0.0149,0.2768,127040.43542479217
Tue Jun 18 2024 22:00:00 GMT+0100 (British Summer Time),0.0407,0.0149,0.2764,435247.97528603266
Tue Jun 18 2024 23:00:00 GMT+0100 (British Summer Time),0.0407,0.0149,0.2564,0
Wed Jun 19 2024 00:00:00 GMT+0100 (British Summer Time),0.0407,0.0149,0.2564,0
Wed Jun 19 2024 01:00:00 GMT+0100 (British Summer Time),0.0407,0.0149,0.2564,0
Wed Jun 19 2024 02:00:00 GMT+0100 (British Summer Time),0.0407,0.0149,0.2564,0
Wed Jun 19 2024 03:00:00 GMT+0100 (British Summer Time),0.0407,0.0149,0.2564,0
Wed Jun 19 2024 04:00:00 GMT+0100 (British Summer Time),0,0.0149,0.2564,0
Wed Jun 19 2024 05:00:00 GMT+0100 (British Summer Time),0,0.0149,0.2572,18647.407160749706
Wed Jun 19 2024 06:00:00 GMT+0100 (British Summer Time),0,0.0149,0.2572,94.70181564411766
Wed Jun 19 2024 07:00:00 GMT+0100 (British Summer Time),0,0.0149,0.2572,0
Wed Jun 19 2024 08:00:00 GMT+0100 (British Summer Time),0,0.0149,0.2572,0
Wed Jun 19 2024 09:00:00 GMT+0100 (British Summer Time),0,0.0149,0.2572,0
Wed Jun 19 2024 10:00:00 GMT+0100 (British Summer Time),0,0.0149,0.2637,145833.56018746799
Wed Jun 19 2024 11:00:00 GMT+0100 (British Summer Time),0,0.0149,0.2637,0
Wed Jun 19 2024 12:00:00 GMT+0100 (British Summer Time),0,0.0149,0.2646,20370.947293830493
Wed Jun 19 2024 13:00:00 GMT+0100 (British Summer Time),0,0.0149,0.2646,0
Wed Jun 19 2024 14:00:00 GMT+0100 (British Summer Time),0,0.0125,0.2657,23244.276835994984
Wed Jun 19 2024 15:00:00 GMT+0100 (British Summer Time),0,0.0125,0.2657,0
Wed Jun 19 2024 16:00:00 GMT+0100 (British Summer Time),0,0.0125,0.2677,42549.49827645295
Wed Jun 19 2024 17:00:00 GMT+0100 (British Summer Time),0,0.0125,0.2677,0
Wed Jun 19 2024 18:00:00 GMT+0100 (British Summer Time),0,0.0125,0.2677,0
Wed Jun 19 2024 19:00:00 GMT+0100 (British Summer Time),0,0.0125,0.2731,118830.34157544546
Wed Jun 19 2024 20:00:00 GMT+0100 (British Summer Time),0,0.0125,0.2722,18007.0500086133
Wed Jun 19 2024 21:00:00 GMT+0100 (British Summer Time),0,0.0125,0.2757,75884.85153976771
Wed Jun 19 2024 22:00:00 GMT+0100 (British Summer Time),0,0.0125,0.2839,195472.458325946
Wed Jun 19 2024 23:00:00 GMT+0100 (British Summer Time),0,0.0125,0.2839,0
Thu Jun 20 2024 00:00:00 GMT+0100 (British Summer Time),0,0.0125,0.2839,0
Thu Jun 20 2024 01:00:00 GMT+0100 (British Summer Time),0,0.0125,0.2839,0
Thu Jun 20 2024 02:00:00 GMT+0100 (British Summer Time),0,0.0125,0.3051,476724.0440937127
Thu Jun 20 2024 03:00:00 GMT+0100 (British Summer Time),0,0.0125,0.3029,49491.131691850314
Thu Jun 20 2024 04:00:00 GMT+0100 (British Summer Time),0,0.0125,0.2893,305895.2880165173
Thu Jun 20 2024 05:00:00 GMT+0100 (British Summer Time),0,0.0125,0.2855,82565.24600433954
Thu Jun 20 2024 06:00:00 GMT+0100 (British Summer Time),0,0.0125,0.2862,30045.128587082385
Thu Jun 20 2024 07:00:00 GMT+0100 (British Summer Time),0,0.0125,0.2862,0
Thu Jun 20 2024 08:00:00 GMT+0100 (British Summer Time),0,0.0125,0.2701,356906.60624110163
Thu Jun 20 2024 09:00:00 GMT+0100 (British Summer Time),0.0321,0.0171,0.272,281950.1910718277
Thu Jun 20 2024 10:00:00 GMT+0100 (British Summer Time),0.0321,0.0171,0.272,0
Thu Jun 20 2024 11:00:00 GMT+0100 (British Summer Time),0.0321,0.0171,0.272,0
Thu Jun 20 2024 12:00:00 GMT+0100 (British Summer Time),0.0321,0.0171,0.272,0
Thu Jun 20 2024 13:00:00 GMT+0100 (British Summer Time),0.0321,0.0171,0.2725,9663.671014866835
Thu Jun 20 2024 14:00:00 GMT+0100 (British Summer Time),0.0321,0.0148,0.2738,28359.840536268082
Thu Jun 20 2024 15:00:00 GMT+0100 (British Summer Time),0.0321,0.0148,0.2491,876028.6778820623
Thu Jun 20 2024 16:00:00 GMT+0100 (British Summer Time),0.0321,0.0148,0.2491,0
Thu Jun 20 2024 17:00:00 GMT+0100 (British Summer Time),0.0321,0.0148,0.2491,1349.6540491838502
Thu Jun 20 2024 18:00:00 GMT+0100 (British Summer Time),0.0321,0.0148,0.2395,204435.54792529193
Thu Jun 20 2024 19:00:00 GMT+0100 (British Summer Time),0.0321,0.0148,0.2395,0
Thu Jun 20 2024 20:00:00 GMT+0100 (British Summer Time),0.0321,0.0148,0.2461,335269.99773025967
Thu Jun 20 2024 21:00:00 GMT+0100 (British Summer Time),0.0321,0.0148,0.2499,79851.6414483661
Thu Jun 20 2024 22:00:00 GMT+0100 (British Summer Time),0.0321,0.0148,0.25,2782.992972880749
Thu Jun 20 2024 23:00:00 GMT+0100 (British Summer Time),0.0321,0.0148,0.2477,49295.55999325364
Fri Jun 21 2024 00:00:00 GMT+0100 (British Summer Time),0.0321,0.0148,0.2543,139405.59120565112
Fri Jun 21 2024 01:00:00 GMT+0100 (British Summer Time),0.0321,0.0148,0.2577,72476.02984594152
Fri Jun 21 2024 02:00:00 GMT+0100 (British Summer Time),0.0321,0.0148,0.2628,109980.39425780828
Fri Jun 21 2024 03:00:00 GMT+0100 (British Summer Time),0.0321,0.0148,0.2709,175685.48733689528
Fri Jun 21 2024 04:00:00 GMT+0100 (British Summer Time),0.0321,0.0148,0.2709,0
Fri Jun 21 2024 05:00:00 GMT+0100 (British Summer Time),0.0321,0.0148,0.2709,111.34592972688016
Fri Jun 21 2024 06:00:00 GMT+0100 (British Summer Time),0.0321,0.0148,0.2709,0
Fri Jun 21 2024 07:00:00 GMT+0100 (British Summer Time),0.0321,0.0148,0.2709,0
Fri Jun 21 2024 08:00:00 GMT+0100 (British Summer Time),0.0321,0.0148,0.2747,81900.61499565665
Fri Jun 21 2024 09:00:00 GMT+0100 (British Summer Time),0,0.0148,0.279,91018.2547116612
Fri Jun 21 2024 10:00:00 GMT+0100 (British Summer Time),0.0151,0.017,0.279,0
Fri Jun 21 2024 11:00:00 GMT+0100 (British Summer Time),0.0151,0.017,0.279,188.56033505324638
Fri Jun 21 2024 12:00:00 GMT+0100 (British Summer Time),0.0151,0.017,0.276,64725.9644953637
Fri Jun 21 2024 13:00:00 GMT+0100 (British Summer Time),0.0151,0.017,0.2807,102035.63289204333
Fri Jun 21 2024 14:00:00 GMT+0100 (British Summer Time),0.0151,0.0147,0.2807,0
Fri Jun 21 2024 15:00:00 GMT+0100 (British Summer Time),0.0151,0.0147,0.2807,0
Fri Jun 21 2024 16:00:00 GMT+0100 (British Summer Time),0.0151,0.0147,0.2807,0
Fri Jun 21 2024 17:00:00 GMT+0100 (British Summer Time),0.0151,0.0147,0.2807,34609.477163456046
Fri Jun 21 2024 18:00:00 GMT+0100 (British Summer Time),0.0151,0.0147,0.2791,0
Fri Jun 21 2024 19:00:00 GMT+0100 (British Summer Time),0.0151,0.0147,0.2791,0
Fri Jun 21 2024 20:00:00 GMT+0100 (British Summer Time),0.0151,0.0147,0.2791,0
Fri Jun 21 2024 21:00:00 GMT+0100 (British Summer Time),0.0151,0.0147,0.2786,10400.830246788348
Fri Jun 21 2024 22:00:00 GMT+0100 (British Summer Time),0.0151,0.0147,0.2802,35412.19345044843
Fri Jun 21 2024 23:00:00 GMT+0100 (British Summer Time),0.0151,0.0147,0.2808,11510.665265351845
Sat Jun 22 2024 00:00:00 GMT+0100 (British Summer Time),0.0151,0.0147,0.2808,0
Sat Jun 22 2024 01:00:00 GMT+0100 (British Summer Time),0.0151,0.0147,0.2806,10802.794262299738
Sat Jun 22 2024 02:00:00 GMT+0100 (British Summer Time),0.0151,0.0147,0.2806,0
Sat Jun 22 2024 03:00:00 GMT+0100 (British Summer Time),0.0151,0.0147,0.2806,0
Sat Jun 22 2024 04:00:00 GMT+0100 (British Summer Time),0.0151,0.0147,0.2795,23049.351250105978
Sat Jun 22 2024 05:00:00 GMT+0100 (British Summer Time),0.0151,0.0147,0.2809,29763.889525826664
Sat Jun 22 2024 06:00:00 GMT+0100 (British Summer Time),0.0151,0.0147,0.2809,0
Sat Jun 22 2024 07:00:00 GMT+0100 (British Summer Time),0.0151,0.0147,0.2813,8688.672213722237
Sat Jun 22 2024 08:00:00 GMT+0100 (British Summer Time),0.0151,0.0147,0.2813,0
Sat Jun 22 2024 09:00:00 GMT+0100 (British Summer Time),0.0151,0.0147,0.2814,2473.339610160876
Sat Jun 22 2024 10:00:00 GMT+0100 (British Summer Time),0.0146,0.0168,0.2754,137875.53876014444
Sat Jun 22 2024 11:00:00 GMT+0100 (British Summer Time),0.0146,0.0168,0.2607,331441.56165570795
Sat Jun 22 2024 12:00:00 GMT+0100 (British Summer Time),0.0146,0.0168,0.299,1213163.8651737254
Sat Jun 22 2024 13:00:00 GMT+0100 (British Summer Time),0.0146,0.0168,0.3034,88435.42088292941
Sat Jun 22 2024 14:00:00 GMT+0100 (British Summer Time),0.0146,0.0145,0.3029,26783.422448765345
Sat Jun 22 2024 15:00:00 GMT+0100 (British Summer Time),0.0146,0.0145,0.3029,114577.6180952848
Sat Jun 22 2024 16:00:00 GMT+0100 (British Summer Time),0.0146,0.0145,0.3022,82409.88157502827
Sat Jun 22 2024 17:00:00 GMT+0100 (British Summer Time),0.0146,0.0145,0.3032,22161.613327995696
Sat Jun 22 2024 18:00:00 GMT+0100 (British Summer Time),0.0146,0.0145,0.3032,0
Sat Jun 22 2024 19:00:00 GMT+0100 (British Summer Time),0.0146,0.0145,0.3106,543340.2031840191
Sat Jun 22 2024 20:00:00 GMT+0100 (British Summer Time),0.0146,0.0145,0.3209,149019.43464012572
Sat Jun 22 2024 21:00:00 GMT+0100 (British Summer Time),0.0146,0.0145,0.321,3684.5420128342566
Sat Jun 22 2024 22:00:00 GMT+0100 (British Summer Time),0.0146,0.0145,0.3243,72520.4546301322
Sat Jun 22 2024 23:00:00 GMT+0100 (British Summer Time),0.0146,0.0145,0.318,140739.18015884995
Sun Jun 23 2024 00:00:00 GMT+0100 (British Summer Time),0.0146,0.0145,0.3229,237725.32218706352
Sun Jun 23 2024 01:00:00 GMT+0100 (British Summer Time),0.0146,0.0145,0.3234,11336.68569504633
Sun Jun 23 2024 02:00:00 GMT+0100 (British Summer Time),0.0146,0.0145,0.3252,41284.17995663086
Sun Jun 23 2024 03:00:00 GMT+0100 (British Summer Time),0.0146,0.0145,0.3252,0
Sun Jun 23 2024 04:00:00 GMT+0100 (British Summer Time),0.0146,0.0145,0.3252,0
Sun Jun 23 2024 05:00:00 GMT+0100 (British Summer Time),0.0146,0.0145,0.327,41161.567423602915
Sun Jun 23 2024 06:00:00 GMT+0100 (British Summer Time),0.0146,0.0145,0.327,7.904412216096534
Sun Jun 23 2024 07:00:00 GMT+0100 (British Summer Time),0.0146,0.0145,0.3283,27504.695139607957
Sun Jun 23 2024 08:00:00 GMT+0100 (British Summer Time),0.0146,0.0145,0.331,62383.55308522211
Sun Jun 23 2024 09:00:00 GMT+0100 (British Summer Time),0.0146,0.0145,0.3309,2807.423557726617
Sun Jun 23 2024 10:00:00 GMT+0100 (British Summer Time),0.0143,0.0166,0.331,154582.1882065396
Sun Jun 23 2024 11:00:00 GMT+0100 (British Summer Time),0.0143,0.0166,0.3315,11326.317235633358
Sun Jun 23 2024 12:00:00 GMT+0100 (British Summer Time),0.0143,0.0166,0.3315,0
Sun Jun 23 2024 13:00:00 GMT+0100 (British Summer Time),0.0143,0.0166,0.3323,34362.38823179137
Sun Jun 23 2024 14:00:00 GMT+0100 (British Summer Time),0.0143,0.0166,0.3322,83.75852017551937
Sun Jun 23 2024 15:00:00 GMT+0100 (British Summer Time),0.0143,0.0166,0.332,11020.914014164253
Sun Jun 23 2024 16:00:00 GMT+0100 (British Summer Time),0.0143,0.0166,0.332,0
Sun Jun 23 2024 17:00:00 GMT+0100 (British Summer Time),0.0143,0.0166,0.332,0
Sun Jun 23 2024 18:00:00 GMT+0100 (British Summer Time),0.0143,0.0166,0.3321,44274.90876679632
Sun Jun 23 2024 19:00:00 GMT+0100 (British Summer Time),0.0143,0.0166,0.3321,0
Sun Jun 23 2024 20:00:00 GMT+0100 (British Summer Time),0.0143,0.0166,0.334,48505.09047311319
Sun Jun 23 2024 21:00:00 GMT+0100 (British Summer Time),0.0143,0.0166,0.3349,58006.86832920431
Sun Jun 23 2024 22:00:00 GMT+0100 (British Summer Time),0.0143,0.0166,0.3349,0
Sun Jun 23 2024 23:00:00 GMT+0100 (British Summer Time),0.0143,0.0166,0.337,46791.718719810386
Mon Jun 24 2024 00:00:00 GMT+0100 (British Summer Time),0.0143,0.0166,0.337,0
Mon Jun 24 2024 01:00:00 GMT+0100 (British Summer Time),0.0143,0.0166,0.337,0
Mon Jun 24 2024 02:00:00 GMT+0100 (British Summer Time),0.0143,0.0166,0.3354,35601.512722540014
Mon Jun 24 2024 03:00:00 GMT+0100 (British Summer Time),0.0143,0.0166,0.337,35444.65929533687
Mon Jun 24 2024 04:00:00 GMT+0100 (British Summer Time),0.0143,0.0166,0.337,0
Mon Jun 24 2024 05:00:00 GMT+0100 (British Summer Time),0.0143,0.0166,0.337,0
Mon Jun 24 2024 06:00:00 GMT+0100 (British Summer Time),0.0143,0.0166,0.337,0
Mon Jun 24 2024 07:00:00 GMT+0100 (British Summer Time),0.0143,0.0166,0.337,377.7737072293147
Mon Jun 24 2024 08:00:00 GMT+0100 (British Summer Time),0.0143,0.0166,0.31,1160547.6309181247
Mon Jun 24 2024 09:00:00 GMT+0100 (British Summer Time),0.0143,0.0166,0.3101,82920.746633734
Mon Jun 24 2024 10:00:00 GMT+0100 (British Summer Time),0,0.0166,0.3101,0
Mon Jun 24 2024 11:00:00 GMT+0100 (British Summer Time),0.0144,0.0187,0.3101,0
Mon Jun 24 2024 12:00:00 GMT+0100 (British Summer Time),0.0144,0.0187,0.3101,0
Mon Jun 24 2024 13:00:00 GMT+0100 (British Summer Time),0.0144,0.0187,0.3093,189327.6533120047
Mon Jun 24 2024 14:00:00 GMT+0100 (British Summer Time),0.0144,0.0187,0.3117,222350.1982334513
Mon Jun 24 2024 15:00:00 GMT+0100 (British Summer Time),0.0144,0.0187,0.3117,0
Mon Jun 24 2024 16:00:00 GMT+0100 (British Summer Time),0.0144,0.0187,0.3117,0
Mon Jun 24 2024 17:00:00 GMT+0100 (British Summer Time),0.0144,0.0187,0.3126,18144.75427024609
Mon Jun 24 2024 18:00:00 GMT+0100 (British Summer Time),0.0144,0.0187,0.3126,0
Mon Jun 24 2024 19:00:00 GMT+0100 (British Summer Time),0.0144,0.0187,0.3126,0
Mon Jun 24 2024 20:00:00 GMT+0100 (British Summer Time),0.0144,0.0187,0.3126,0
Mon Jun 24 2024 21:00:00 GMT+0100 (British Summer Time),0.0144,0.0187,0.3126,0
Mon Jun 24 2024 22:00:00 GMT+0100 (British Summer Time),0.0144,0.0187,0.3126,0
Mon Jun 24 2024 23:00:00 GMT+0100 (British Summer Time),0.0144,0.0187,0.3126,0
Tue Jun 25 2024 00:00:00 GMT+0100 (British Summer Time),0.0144,0.0187,0.3249,264771.2200407015
Tue Jun 25 2024 01:00:00 GMT+0100 (British Summer Time),0.0144,0.0187,0.3249,0
Tue Jun 25 2024 02:00:00 GMT+0100 (British Summer Time),0.0144,0.0187,0.3205,94271.7891018791
Tue Jun 25 2024 03:00:00 GMT+0100 (British Summer Time),0.0144,0.0187,0.3177,73807.73300397834
Tue Jun 25 2024 04:00:00 GMT+0100 (British Summer Time),0.0144,0.0129,0.3177,0
Tue Jun 25 2024 05:00:00 GMT+0100 (British Summer Time),0.0144,0.0129,0.3193,34322.96728808938
Tue Jun 25 2024 06:00:00 GMT+0100 (British Summer Time),0.0144,0.0129,0.3193,0
Tue Jun 25 2024 07:00:00 GMT+0100 (British Summer Time),0.0144,0.0129,0.3191,66265.00546472661
Tue Jun 25 2024 08:00:00 GMT+0100 (British Summer Time),0.0144,0.0129,0.3191,0
Tue Jun 25 2024 09:00:00 GMT+0100 (British Summer Time),0.0144,0.0129,0.2929,562590.517230697
Tue Jun 25 2024 10:00:00 GMT+0100 (British Summer Time),0.0144,0.0129,0.2929,0
Tue Jun 25 2024 11:00:00 GMT+0100 (British Summer Time),0.0144,0.0149,0.2929,212.22641652105563
Tue Jun 25 2024 12:00:00 GMT+0100 (British Summer Time),0.0144,0.0149,0.2943,30683.439434510565
Tue Jun 25 2024 13:00:00 GMT+0100 (British Summer Time),0.0144,0.0149,0.2903,83924.7226228085
Tue Jun 25 2024 14:00:00 GMT+0100 (British Summer Time),0.0144,0.0149,0.2907,7428.577227588114
Tue Jun 25 2024 15:00:00 GMT+0100 (British Summer Time),0.0144,0.0149,0.2907,0
Tue Jun 25 2024 16:00:00 GMT+0100 (British Summer Time),0.0144,0.0149,0.2907,0
Tue Jun 25 2024 17:00:00 GMT+0100 (British Summer Time),0.0144,0.0149,0.2907,0
Tue Jun 25 2024 18:00:00 GMT+0100 (British Summer Time),0.0144,0.0149,0.2907,0
Tue Jun 25 2024 19:00:00 GMT+0100 (British Summer Time),0.0144,0.0149,0.2907,0
Tue Jun 25 2024 20:00:00 GMT+0100 (British Summer Time),0.0144,0.0149,0.3087,385136.2726598445
Tue Jun 25 2024 21:00:00 GMT+0100 (British Summer Time),0.0144,0.0149,0.3089,4834.762805719719
Tue Jun 25 2024 22:00:00 GMT+0100 (British Summer Time),0.0144,0.0149,0.3089,0
Tue Jun 25 2024 23:00:00 GMT+0100 (British Summer Time),0.0144,0.0149,0.3089,0
Wed Jun 26 2024 00:00:00 GMT+0100 (British Summer Time),0.0144,0.0149,0.3098,18987.90534836753
Wed Jun 26 2024 01:00:00 GMT+0100 (British Summer Time),0.0144,0.0149,0.3098,0
Wed Jun 26 2024 02:00:00 GMT+0100 (British Summer Time),0.0144,0.0149,0.3098,0
Wed Jun 26 2024 03:00:00 GMT+0100 (British Summer Time),0.0144,0.0149,0.3098,0
Wed Jun 26 2024 04:00:00 GMT+0100 (British Summer Time),0.0144,0.0149,0.3101,7583.661655669019
Wed Jun 26 2024 05:00:00 GMT+0100 (British Summer Time),0.0144,0.0149,0.3101,0
Wed Jun 26 2024 06:00:00 GMT+0100 (British Summer Time),0.0144,0.0149,0.3101,1108.9491320474945
Wed Jun 26 2024 07:00:00 GMT+0100 (British Summer Time),0.0144,0.0149,0.3166,141953.81852081916
Wed Jun 26 2024 08:00:00 GMT+0100 (British Summer Time),0.0144,0.0149,0.3236,150520.24102540745
Wed Jun 26 2024 09:00:00 GMT+0100 (British Summer Time),0.0144,0.0149,0.3236,0
Wed Jun 26 2024 10:00:00 GMT+0100 (British Summer Time),0.0144,0.0149,0.3236,0
Wed Jun 26 2024 11:00:00 GMT+0100 (British Summer Time),0,0.0149,0.3289,114183.28033320687
Wed Jun 26 2024 12:00:00 GMT+0100 (British Summer Time),0.0143,0.017,0.3289,0
Wed Jun 26 2024 13:00:00 GMT+0100 (British Summer Time),0.0143,0.017,0.3289,0
Wed Jun 26 2024 14:00:00 GMT+0100 (British Summer Time),0.0143,0.017,0.329,2444.529877734551
Wed Jun 26 2024 15:00:00 GMT+0100 (British Summer Time),0.0143,0.017,0.3243,102183.25414887909
Wed Jun 26 2024 16:00:00 GMT+0100 (British Summer Time),0.0143,0.017,0.326,37109.294015825726
Wed Jun 26 2024 17:00:00 GMT+0100 (British Summer Time),0.0143,0.017,0.326,0
Wed Jun 26 2024 18:00:00 GMT+0100 (British Summer Time),0.0143,0.017,0.3262,3788.594941323663
Wed Jun 26 2024 19:00:00 GMT+0100 (British Summer Time),0.0143,0.017,0.3228,72306.04256585559
Wed Jun 26 2024 20:00:00 GMT+0100 (British Summer Time),0.0143,0.017,0.3228,0
Wed Jun 26 2024 21:00:00 GMT+0100 (British Summer Time),0.0143,0.017,0.3145,339643.9392194075
Wed Jun 26 2024 22:00:00 GMT+0100 (British Summer Time),0.0143,0.017,0.3356,455117.13564940466
Wed Jun 26 2024 23:00:00 GMT+0100 (British Summer Time),0.0143,0.017,0.3364,15680.176033172611
Thu Jun 27 2024 00:00:00 GMT+0100 (British Summer Time),0.0143,0.017,0.3656,591223.6345190573