time,underlyingApy1DMA,underlyingApy7DMA,impliedApy,volume
Sun Oct 27 2024 01:00:00 GMT+0100 (British Summer Time),0,0,0.0575,2521.3218157311053
Sun Oct 27 2024 01:00:00 GMT+0000 (Greenwich Mean Time),0,0,0.0575,257.6878218977406
Sun Oct 27 2024 02:00:00 GMT+0000 (Greenwich Mean Time),0,0,0.0575,790.4153678588092
Sun Oct 27 2024 03:00:00 GMT+0000 (Greenwich Mean Time),0,0,0.0575,135.09427198482422
Sun Oct 27 2024 04:00:00 GMT+0000 (Greenwich Mean Time),0,0,0.0575,1711.584508246978
Sun Oct 27 2024 05:00:00 GMT+0000 (Greenwich Mean Time),0,0,0.0576,13561.245387597177
Sun Oct 27 2024 06:00:00 GMT+0000 (Greenwich Mean Time),0,0,0.058,27908.666644375277
Sun Oct 27 2024 07:00:00 GMT+0000 (Greenwich Mean Time),0,0,0.058,0
Sun Oct 27 2024 08:00:00 GMT+0000 (Greenwich Mean Time),0,0,0.058,0
Sun Oct 27 2024 09:00:00 GMT+0000 (Greenwich Mean Time),0,0,0.058,0
Sun Oct 27 2024 10:00:00 GMT+0000 (Greenwich Mean Time),0,0,0.058,0
Sun Oct 27 2024 11:00:00 GMT+0000 (Greenwich Mean Time),0,0,0.058,0
Sun Oct 27 2024 12:00:00 GMT+0000 (Greenwich Mean Time),0,0,0.0578,14868.615215201313
Sun Oct 27 2024 13:00:00 GMT+0000 (Greenwich Mean Time),0,0,0.0578,0
Sun Oct 27 2024 14:00:00 GMT+0000 (Greenwich Mean Time),0,0,0.0578,0
Sun Oct 27 2024 15:00:00 GMT+0000 (Greenwich Mean Time),0,0,0.0578,0
Sun Oct 27 2024 16:00:00 GMT+0000 (Greenwich Mean Time),0,0,0.0578,0
Sun Oct 27 2024 17:00:00 GMT+0000 (Greenwich Mean Time),0,0,0.0578,3120.0881590221093
Sun Oct 27 2024 18:00:00 GMT+0000 (Greenwich Mean Time),0,0,0.0578,0
Sun Oct 27 2024 19:00:00 GMT+0000 (Greenwich Mean Time),0,0,0.0578,0
Sun Oct 27 2024 20:00:00 GMT+0000 (Greenwich Mean Time),0,0,0.0578,0
Sun Oct 27 2024 21:00:00 GMT+0000 (Greenwich Mean Time),0,0,0.0578,26982.689319580353
Sun Oct 27 2024 22:00:00 GMT+0000 (Greenwich Mean Time),0,0,0.0578,0
Sun Oct 27 2024 23:00:00 GMT+0000 (Greenwich Mean Time),0,0,0.0578,0
Mon Oct 28 2024 00:00:00 GMT+0000 (Greenwich Mean Time),0,0,0.0578,588.6837682538642
Mon Oct 28 2024 01:00:00 GMT+0000 (Greenwich Mean Time),0,0,0.0578,1836.8352838032995
Mon Oct 28 2024 02:00:00 GMT+0000 (Greenwich Mean Time),0,0,0.0578,0
Mon Oct 28 2024 03:00:00 GMT+0000 (Greenwich Mean Time),0,0,0.0578,0
Mon Oct 28 2024 04:00:00 GMT+0000 (Greenwich Mean Time),0,0,0.0578,683.1646045832122
Mon Oct 28 2024 05:00:00 GMT+0000 (Greenwich Mean Time),0,0,0.0578,0
Mon Oct 28 2024 06:00:00 GMT+0000 (Greenwich Mean Time),0,0,0.0578,1875.0146434444434
Mon Oct 28 2024 07:00:00 GMT+0000 (Greenwich Mean Time),0,0,0.058,9691.634726680762
Mon Oct 28 2024 08:00:00 GMT+0000 (Greenwich Mean Time),0,0,0.058,0
Mon Oct 28 2024 09:00:00 GMT+0000 (Greenwich Mean Time),0,0,0.058,0
Mon Oct 28 2024 10:00:00 GMT+0000 (Greenwich Mean Time),0,0,0.058,0
Mon Oct 28 2024 11:00:00 GMT+0000 (Greenwich Mean Time),0,0,0.058,0
Mon Oct 28 2024 12:00:00 GMT+0000 (Greenwich Mean Time),0,0,0.058,7031.02266710097
Mon Oct 28 2024 13:00:00 GMT+0000 (Greenwich Mean Time),0,0,0.0581,0
Mon Oct 28 2024 14:00:00 GMT+0000 (Greenwich Mean Time),0,0,0.0581,0
Mon Oct 28 2024 15:00:00 GMT+0000 (Greenwich Mean Time),0,0,0.0581,0
Mon Oct 28 2024 16:00:00 GMT+0000 (Greenwich Mean Time),0,0,0.0581,0
Mon Oct 28 2024 17:00:00 GMT+0000 (Greenwich Mean Time),0,0,0.0581,0
Mon Oct 28 2024 18:00:00 GMT+0000 (Greenwich Mean Time),0,0,0.0581,0
Mon Oct 28 2024 19:00:00 GMT+0000 (Greenwich Mean Time),0,0,0.0581,0
Mon Oct 28 2024 20:00:00 GMT+0000 (Greenwich Mean Time),0,0,0.0581,0
Mon Oct 28 2024 21:00:00 GMT+0000 (Greenwich Mean Time),0,0,0.0581,0
Mon Oct 28 2024 22:00:00 GMT+0000 (Greenwich Mean Time),0,0,0.0581,0
Mon Oct 28 2024 23:00:00 GMT+0000 (Greenwich Mean Time),0,0,0.0581,0
Tue Oct 29 2024 00:00:00 GMT+0000 (Greenwich Mean Time),0,0,0.0581,0
Tue Oct 29 2024 01:00:00 GMT+0000 (Greenwich Mean Time),0,0,0.0581,0
Tue Oct 29 2024 02:00:00 GMT+0000 (Greenwich Mean Time),0,0,0.0581,0
Tue Oct 29 2024 03:00:00 GMT+0000 (Greenwich Mean Time),0,0,0.0581,0
Tue Oct 29 2024 04:00:00 GMT+0000 (Greenwich Mean Time),0,0,0.0583,19575.82799232687
Tue Oct 29 2024 05:00:00 GMT+0000 (Greenwich Mean Time),0,0,0.0585,19057.790812475112
Tue Oct 29 2024 06:00:00 GMT+0000 (Greenwich Mean Time),0,0,0.0584,10458.784190292869
Tue Oct 29 2024 07:00:00 GMT+0000 (Greenwich Mean Time),0,0,0.0584,0
Tue Oct 29 2024 08:00:00 GMT+0000 (Greenwich Mean Time),0,0,0.0584,0
Tue Oct 29 2024 09:00:00 GMT+0000 (Greenwich Mean Time),0,0,0.0584,0
Tue Oct 29 2024 10:00:00 GMT+0000 (Greenwich Mean Time),0,0,0.0584,0
Tue Oct 29 2024 11:00:00 GMT+0000 (Greenwich Mean Time),0,0,0.0558,211779.23124671544
Tue Oct 29 2024 12:00:00 GMT+0000 (Greenwich Mean Time),0,0,0.0558,0
Tue Oct 29 2024 13:00:00 GMT+0000 (Greenwich Mean Time),0,0,0.0558,0
Tue Oct 29 2024 14:00:00 GMT+0000 (Greenwich Mean Time),0,0,0.0558,0
Tue Oct 29 2024 15:00:00 GMT+0000 (Greenwich Mean Time),0,0,0.0558,0
Tue Oct 29 2024 16:00:00 GMT+0000 (Greenwich Mean Time),0,0,0.0558,0
Tue Oct 29 2024 17:00:00 GMT+0000 (Greenwich Mean Time),0,0,0.0558,0
Tue Oct 29 2024 18:00:00 GMT+0000 (Greenwich Mean Time),0,0,0.0558,0
Tue Oct 29 2024 19:00:00 GMT+0000 (Greenwich Mean Time),0,0,0.0562,53601.08053579175
Tue Oct 29 2024 20:00:00 GMT+0000 (Greenwich Mean Time),0,0,0.0565,0
Tue Oct 29 2024 21:00:00 GMT+0000 (Greenwich Mean Time),0,0,0.0565,0
Tue Oct 29 2024 22:00:00 GMT+0000 (Greenwich Mean Time),0,0,0.0529,278957.63495864894
Tue Oct 29 2024 23:00:00 GMT+0000 (Greenwich Mean Time),0,0,0.0529,0
Wed Oct 30 2024 00:00:00 GMT+0000 (Greenwich Mean Time),0,0,0.053,12202.415803371
Wed Oct 30 2024 01:00:00 GMT+0000 (Greenwich Mean Time),0,0,0.053,0
Wed Oct 30 2024 02:00:00 GMT+0000 (Greenwich Mean Time),0,0,0.053,0
Wed Oct 30 2024 03:00:00 GMT+0000 (Greenwich Mean Time),0,0,0.0532,13231.365473496937
Wed Oct 30 2024 04:00:00 GMT+0000 (Greenwich Mean Time),0,0,0.0532,0
Wed Oct 30 2024 05:00:00 GMT+0000 (Greenwich Mean Time),0,0,0.0532,0
Wed Oct 30 2024 06:00:00 GMT+0000 (Greenwich Mean Time),0,0,0.0532,0
Wed Oct 30 2024 07:00:00 GMT+0000 (Greenwich Mean Time),0,0,0.0532,0
Wed Oct 30 2024 08:00:00 GMT+0000 (Greenwich Mean Time),0,0,0.0532,0
Wed Oct 30 2024 09:00:00 GMT+0000 (Greenwich Mean Time),0,0,0.0532,0
Wed Oct 30 2024 10:00:00 GMT+0000 (Greenwich Mean Time),0,0,0.0532,0
Wed Oct 30 2024 11:00:00 GMT+0000 (Greenwich Mean Time),0,0,0.0532,0
Wed Oct 30 2024 12:00:00 GMT+0000 (Greenwich Mean Time),0,0,0.0532,0
Wed Oct 30 2024 13:00:00 GMT+0000 (Greenwich Mean Time),0,0,0.0532,0
Wed Oct 30 2024 14:00:00 GMT+0000 (Greenwich Mean Time),0,0,0.0532,0
Wed Oct 30 2024 15:00:00 GMT+0000 (Greenwich Mean Time),0,0,0.0532,0
Wed Oct 30 2024 16:00:00 GMT+0000 (Greenwich Mean Time),0,0,0.0532,0
Wed Oct 30 2024 17:00:00 GMT+0000 (Greenwich Mean Time),0,0,0.0532,0
Wed Oct 30 2024 18:00:00 GMT+0000 (Greenwich Mean Time),0,0,0.0532,0
Wed Oct 30 2024 19:00:00 GMT+0000 (Greenwich Mean Time),0,0,0.0532,0
Wed Oct 30 2024 20:00:00 GMT+0000 (Greenwich Mean Time),0,0,0.0532,0
Wed Oct 30 2024 21:00:00 GMT+0000 (Greenwich Mean Time),0,0,0.0532,0
Wed Oct 30 2024 22:00:00 GMT+0000 (Greenwich Mean Time),0,0,0.0532,0
Wed Oct 30 2024 23:00:00 GMT+0000 (Greenwich Mean Time),0,0,0.0532,1110.1727900131866
Thu Oct 31 2024 00:00:00 GMT+0000 (Greenwich Mean Time),0,0,0.0532,0
Thu Oct 31 2024 01:00:00 GMT+0000 (Greenwich Mean Time),0,0,0.0532,0
Thu Oct 31 2024 02:00:00 GMT+0000 (Greenwich Mean Time),0,0,0.0532,678.2718293597106
Thu Oct 31 2024 03:00:00 GMT+0000 (Greenwich Mean Time),0,0,0.0535,24562.81004264276
Thu Oct 31 2024 04:00:00 GMT+0000 (Greenwich Mean Time),0,0,0.0535,0
Thu Oct 31 2024 05:00:00 GMT+0000 (Greenwich Mean Time),0,0,0.0535,0
Thu Oct 31 2024 06:00:00 GMT+0000 (Greenwich Mean Time),0,0,0.0539,32662.732466433037
Thu Oct 31 2024 07:00:00 GMT+0000 (Greenwich Mean Time),0,0,0.0539,13.215049435191807
Thu Oct 31 2024 08:00:00 GMT+0000 (Greenwich Mean Time),0,0,0.054,2401.5955190737386
Thu Oct 31 2024 09:00:00 GMT+0000 (Greenwich Mean Time),0,0,0.0555,310324.26707351115
Thu Oct 31 2024 10:00:00 GMT+0000 (Greenwich Mean Time),0,0,0.0555,0
Thu Oct 31 2024 11:00:00 GMT+0000 (Greenwich Mean Time),0,0,0.0555,0
Thu Oct 31 2024 12:00:00 GMT+0000 (Greenwich Mean Time),0,0,0.0555,0
Thu Oct 31 2024 13:00:00 GMT+0000 (Greenwich Mean Time),0,0,0.0555,0
Thu Oct 31 2024 14:00:00 GMT+0000 (Greenwich Mean Time),0,0,0.0555,0
Thu Oct 31 2024 15:00:00 GMT+0000 (Greenwich Mean Time),0,0,0.0555,25.582842090642654
Thu Oct 31 2024 16:00:00 GMT+0000 (Greenwich Mean Time),0,0,0.0555,0
Thu Oct 31 2024 17:00:00 GMT+0000 (Greenwich Mean Time),0,0,0.0555,0
Thu Oct 31 2024 18:00:00 GMT+0000 (Greenwich Mean Time),0,0,0.0555,0
Thu Oct 31 2024 19:00:00 GMT+0000 (Greenwich Mean Time),0,0,0.0555,0
Thu Oct 31 2024 20:00:00 GMT+0000 (Greenwich Mean Time),0,0,0.0555,0
Thu Oct 31 2024 21:00:00 GMT+0000 (Greenwich Mean Time),0,0,0.0555,0
Thu Oct 31 2024 22:00:00 GMT+0000 (Greenwich Mean Time),0,0,0.0555,0
Thu Oct 31 2024 23:00:00 GMT+0000 (Greenwich Mean Time),0,0,0.0555,0
Fri Nov 01 2024 00:00:00 GMT+0000 (Greenwich Mean Time),0,0,0.0555,0
Fri Nov 01 2024 01:00:00 GMT+0000 (Greenwich Mean Time),0,0,0.0555,0
Fri Nov 01 2024 02:00:00 GMT+0000 (Greenwich Mean Time),0,0,0.0555,0
Fri Nov 01 2024 03:00:00 GMT+0000 (Greenwich Mean Time),0,0,0.0555,0
Fri Nov 01 2024 04:00:00 GMT+0000 (Greenwich Mean Time),0,0,0.0549,44732.67210590433
Fri Nov 01 2024 05:00:00 GMT+0000 (Greenwich Mean Time),0,0,0.0549,0
Fri Nov 01 2024 06:00:00 GMT+0000 (Greenwich Mean Time),0,0,0.0549,0
Fri Nov 01 2024 07:00:00 GMT+0000 (Greenwich Mean Time),0,0,0.0549,0
Fri Nov 01 2024 08:00:00 GMT+0000 (Greenwich Mean Time),0,0,0.0549,0
Fri Nov 01 2024 09:00:00 GMT+0000 (Greenwich Mean Time),0,0,0.0549,0
Fri Nov 01 2024 10:00:00 GMT+0000 (Greenwich Mean Time),0,0,0.0549,0
Fri Nov 01 2024 11:00:00 GMT+0000 (Greenwich Mean Time),0,0,0.0549,0
Fri Nov 01 2024 12:00:00 GMT+0000 (Greenwich Mean Time),0,0,0.0549,0
Fri Nov 01 2024 13:00:00 GMT+0000 (Greenwich Mean Time),0,0,0.0482,618609.5774964327
Fri Nov 01 2024 14:00:00 GMT+0000 (Greenwich Mean Time),0,0,0.0482,0
Fri Nov 01 2024 15:00:00 GMT+0000 (Greenwich Mean Time),0,0,0.0482,0
Fri Nov 01 2024 16:00:00 GMT+0000 (Greenwich Mean Time),0,0,0.0482,0
Fri Nov 01 2024 17:00:00 GMT+0000 (Greenwich Mean Time),0,0,0.0482,118.910495466161
Fri Nov 01 2024 18:00:00 GMT+0000 (Greenwich Mean Time),0,0,0.0482,0
Fri Nov 01 2024 19:00:00 GMT+0000 (Greenwich Mean Time),0,0,0.0482,0
Fri Nov 01 2024 20:00:00 GMT+0000 (Greenwich Mean Time),0,0,0.0479,25981.302515364372
Fri Nov 01 2024 21:00:00 GMT+0000 (Greenwich Mean Time),0,0,0.0479,0
Fri Nov 01 2024 22:00:00 GMT+0000 (Greenwich Mean Time),0,0,0.0477,14582.244407431323
Fri Nov 01 2024 23:00:00 GMT+0000 (Greenwich Mean Time),0,0,0.0479,17805.229110844608
Sat Nov 02 2024 00:00:00 GMT+0000 (Greenwich Mean Time),0,0,0.048,3604.4600249152763
Sat Nov 02 2024 01:00:00 GMT+0000 (Greenwich Mean Time),0,0,0.048,1799.8317525380446
Sat Nov 02 2024 02:00:00 GMT+0000 (Greenwich Mean Time),0,0,0.0479,13309.003795084085
Sat Nov 02 2024 03:00:00 GMT+0000 (Greenwich Mean Time),0,0,0.0479,622.2436420245072
Sat Nov 02 2024 04:00:00 GMT+0000 (Greenwich Mean Time),0,0,0.048,7711.004400807375
Sat Nov 02 2024 05:00:00 GMT+0000 (Greenwich Mean Time),0,0,0.048,204.94917441470366
Sat Nov 02 2024 06:00:00 GMT+0000 (Greenwich Mean Time),0,0,0.048,741.4691645231973
Sat Nov 02 2024 07:00:00 GMT+0000 (Greenwich Mean Time),0,0,0.048,1901.7451667938371
Sat Nov 02 2024 08:00:00 GMT+0000 (Greenwich Mean Time),0,0,0.048,9883.161241063357
Sat Nov 02 2024 09:00:00 GMT+0000 (Greenwich Mean Time),0,0,0.0479,14209.181266516021
Sat Nov 02 2024 10:00:00 GMT+0000 (Greenwich Mean Time),0,0,0.0479,0
Sat Nov 02 2024 11:00:00 GMT+0000 (Greenwich Mean Time),0,0,0.048,2125.712436704566
Sat Nov 02 2024 12:00:00 GMT+0000 (Greenwich Mean Time),0,0,0.048,0
Sat Nov 02 2024 13:00:00 GMT+0000 (Greenwich Mean Time),0,0,0.048,0
Sat Nov 02 2024 14:00:00 GMT+0000 (Greenwich Mean Time),0,0,0.048,0
Sat Nov 02 2024 15:00:00 GMT+0000 (Greenwich Mean Time),0,0,0.048,0
Sat Nov 02 2024 16:00:00 GMT+0000 (Greenwich Mean Time),0,0,0.048,0
Sat Nov 02 2024 17:00:00 GMT+0000 (Greenwich Mean Time),0,0,0.048,0
Sat Nov 02 2024 18:00:00 GMT+0000 (Greenwich Mean Time),0,0,0.048,0
Sat Nov 02 2024 19:00:00 GMT+0000 (Greenwich Mean Time),0,0,0.048,0
Sat Nov 02 2024 20:00:00 GMT+0000 (Greenwich Mean Time),0,0,0.048,3620.694007129533
Sat Nov 02 2024 21:00:00 GMT+0000 (Greenwich Mean Time),0,0,0.048,379.87156893917296
Sat Nov 02 2024 22:00:00 GMT+0000 (Greenwich Mean Time),0,0,0.048,0
Sat Nov 02 2024 23:00:00 GMT+0000 (Greenwich Mean Time),0,0,0.048,355.7822611213828
Sun Nov 03 2024 00:00:00 GMT+0000 (Greenwich Mean Time),0,0,0.048,92.13761986869251
Sun Nov 03 2024 01:00:00 GMT+0000 (Greenwich Mean Time),0,0,0.048,1742.0976987099548
Sun Nov 03 2024 02:00:00 GMT+0000 (Greenwich Mean Time),0,0,0.048,2246.459098455274
Sun Nov 03 2024 03:00:00 GMT+0000 (Greenwich Mean Time),0,0,0.048,0
Sun Nov 03 2024 04:00:00 GMT+0000 (Greenwich Mean Time),0,0,0.0481,3509.3892265644404
Sun Nov 03 2024 05:00:00 GMT+0000 (Greenwich Mean Time),0,0,0.0481,0
Sun Nov 03 2024 06:00:00 GMT+0000 (Greenwich Mean Time),0,0,0.0481,5177.677728491277
Sun Nov 03 2024 07:00:00 GMT+0000 (Greenwich Mean Time),0,0,0.0481,6389.713588268566
Sun Nov 03 2024 08:00:00 GMT+0000 (Greenwich Mean Time),0,0,0.0481,0
Sun Nov 03 2024 09:00:00 GMT+0000 (Greenwich Mean Time),0,0,0.0485,30889.835816223636
Sun Nov 03 2024 10:00:00 GMT+0000 (Greenwich Mean Time),0,0,0.0485,0
Sun Nov 03 2024 11:00:00 GMT+0000 (Greenwich Mean Time),0,0,0.0485,0
Sun Nov 03 2024 12:00:00 GMT+0000 (Greenwich Mean Time),0,0,0.0485,0
Sun Nov 03 2024 13:00:00 GMT+0000 (Greenwich Mean Time),0,0,0.0485,0
Sun Nov 03 2024 14:00:00 GMT+0000 (Greenwich Mean Time),0,0,0.0485,0
Sun Nov 03 2024 15:00:00 GMT+0000 (Greenwich Mean Time),0,0,0.0485,0
Sun Nov 03 2024 16:00:00 GMT+0000 (Greenwich Mean Time),0,0,0.0485,0
Sun Nov 03 2024 17:00:00 GMT+0000 (Greenwich Mean Time),0,0,0.0485,4282.902951018405
Sun Nov 03 2024 18:00:00 GMT+0000 (Greenwich Mean Time),0,0,0.0485,0
Sun Nov 03 2024 19:00:00 GMT+0000 (Greenwich Mean Time),0,0,0.0485,0
Sun Nov 03 2024 20:00:00 GMT+0000 (Greenwich Mean Time),0,0,0.0485,0
Sun Nov 03 2024 21:00:00 GMT+0000 (Greenwich Mean Time),0,0,0.0485,0
Sun Nov 03 2024 22:00:00 GMT+0000 (Greenwich Mean Time),0,0,0.0485,0
Sun Nov 03 2024 23:00:00 GMT+0000 (Greenwich Mean Time),0,0,0.0485,112.60270431624342
Mon Nov 04 2024 00:00:00 GMT+0000 (Greenwich Mean Time),0,0,0.0485,0
Mon Nov 04 2024 01:00:00 GMT+0000 (Greenwich Mean Time),0,0,0.0485,0
Mon Nov 04 2024 02:00:00 GMT+0000 (Greenwich Mean Time),0,0,0.0485,0
Mon Nov 04 2024 03:00:00 GMT+0000 (Greenwich Mean Time),0,0,0.0485,0
Mon Nov 04 2024 04:00:00 GMT+0000 (Greenwich Mean Time),0,0,0.0494,74209.39951884994
Mon Nov 04 2024 05:00:00 GMT+0000 (Greenwich Mean Time),0,0,0.0494,0
Mon Nov 04 2024 06:00:00 GMT+0000 (Greenwich Mean Time),0,0,0.0494,0
Mon Nov 04 2024 07:00:00 GMT+0000 (Greenwich Mean Time),0,0,0.0494,0
Mon Nov 04 2024 08:00:00 GMT+0000 (Greenwich Mean Time),0,0,0.0494,0
Mon Nov 04 2024 09:00:00 GMT+0000 (Greenwich Mean Time),0,0,0.0494,0
Mon Nov 04 2024 10:00:00 GMT+0000 (Greenwich Mean Time),0,0,0.0494,0
Mon Nov 04 2024 11:00:00 GMT+0000 (Greenwich Mean Time),0,0,0.0494,0
Mon Nov 04 2024 12:00:00 GMT+0000 (Greenwich Mean Time),0,0,0.0494,1566.4763541541865
Mon Nov 04 2024 13:00:00 GMT+0000 (Greenwich Mean Time),0,0,0.0494,298.2340003806547
Mon Nov 04 2024 14:00:00 GMT+0000 (Greenwich Mean Time),0,0,0.0494,586.4307977837084
Mon Nov 04 2024 15:00:00 GMT+0000 (Greenwich Mean Time),0,0,0.0494,0
Mon Nov 04 2024 16:00:00 GMT+0000 (Greenwich Mean Time),0,0,0.0494,83038.62948861904
Mon Nov 04 2024 17:00:00 GMT+0000 (Greenwich Mean Time),0,0,0.0483,0
Mon Nov 04 2024 18:00:00 GMT+0000 (Greenwich Mean Time),0,0,0.0483,5.139422599387532
Mon Nov 04 2024 19:00:00 GMT+0000 (Greenwich Mean Time),0,0,0.0483,2869.638810143075
Mon Nov 04 2024 20:00:00 GMT+0000 (Greenwich Mean Time),0,0,0.0483,0
Mon Nov 04 2024 21:00:00 GMT+0000 (Greenwich Mean Time),0,0,0.0483,0
Mon Nov 04 2024 22:00:00 GMT+0000 (Greenwich Mean Time),0,0,0.0483,0
Mon Nov 04 2024 23:00:00 GMT+0000 (Greenwich Mean Time),0,0,0.0483,0
Tue Nov 05 2024 00:00:00 GMT+0000 (Greenwich Mean Time),0,0,0.0483,0
Tue Nov 05 2024 01:00:00 GMT+0000 (Greenwich Mean Time),0,0,0.0484,5311.42865897392
Tue Nov 05 2024 02:00:00 GMT+0000 (Greenwich Mean Time),0,0,0.0484,1068.512334636395
Tue Nov 05 2024 03:00:00 GMT+0000 (Greenwich Mean Time),0,0,0.0484,0
Tue Nov 05 2024 04:00:00 GMT+0000 (Greenwich Mean Time),0,0,0.0484,0
Tue Nov 05 2024 05:00:00 GMT+0000 (Greenwich Mean Time),0,0,0.0484,297.5467528959028
Tue Nov 05 2024 06:00:00 GMT+0000 (Greenwich Mean Time),0,0,0.0484,0
Tue Nov 05 2024 07:00:00 GMT+0000 (Greenwich Mean Time),0,0,0.0484,239.60527023362235
Tue Nov 05 2024 08:00:00 GMT+0000 (Greenwich Mean Time),0,0,0.0484,0
Tue Nov 05 2024 09:00:00 GMT+0000 (Greenwich Mean Time),0,0,0.0484,0
Tue Nov 05 2024 10:00:00 GMT+0000 (Greenwich Mean Time),0,0,0.0484,0
Tue Nov 05 2024 11:00:00 GMT+0000 (Greenwich Mean Time),0,0,0.0484,0
Tue Nov 05 2024 12:00:00 GMT+0000 (Greenwich Mean Time),0,0,0.0484,0
Tue Nov 05 2024 13:00:00 GMT+0000 (Greenwich Mean Time),0,0,0.0484,0
Tue Nov 05 2024 14:00:00 GMT+0000 (Greenwich Mean Time),0,0,0.0484,0
Tue Nov 05 2024 15:00:00 GMT+0000 (Greenwich Mean Time),0,0,0.0484,0
Tue Nov 05 2024 16:00:00 GMT+0000 (Greenwich Mean Time),0,0,0.0484,0
Tue Nov 05 2024 17:00:00 GMT+0000 (Greenwich Mean Time),0,0,0.0484,0
Tue Nov 05 2024 18:00:00 GMT+0000 (Greenwich Mean Time),0,0,0.0484,0
Tue Nov 05 2024 19:00:00 GMT+0000 (Greenwich Mean Time),0,0,0.0484,0
Tue Nov 05 2024 20:00:00 GMT+0000 (Greenwich Mean Time),0,0,0.0484,0
Tue Nov 05 2024 21:00:00 GMT+0000 (Greenwich Mean Time),0,0,0.0484,0
Tue Nov 05 2024 22:00:00 GMT+0000 (Greenwich Mean Time),0,0,0.0489,36061.74360847178
Tue Nov 05 2024 23:00:00 GMT+0000 (Greenwich Mean Time),0,0,0.0489,0
Wed Nov 06 2024 00:00:00 GMT+0000 (Greenwich Mean Time),0,0,0.0489,0
Wed Nov 06 2024 01:00:00 GMT+0000 (Greenwich Mean Time),0,0,0.0489,0
Wed Nov 06 2024 02:00:00 GMT+0000 (Greenwich Mean Time),0,0,0.0489,0
Wed Nov 06 2024 03:00:00 GMT+0000 (Greenwich Mean Time),0,0,0.0489,0
Wed Nov 06 2024 04:00:00 GMT+0000 (Greenwich Mean Time),0,0,0.0489,0
Wed Nov 06 2024 05:00:00 GMT+0000 (Greenwich Mean Time),0,0,0.049,11087.577226926272
Wed Nov 06 2024 06:00:00 GMT+0000 (Greenwich Mean Time),0,0,0.049,0
Wed Nov 06 2024 07:00:00 GMT+0000 (Greenwich Mean Time),0,0,0.049,0
Wed Nov 06 2024 08:00:00 GMT+0000 (Greenwich Mean Time),0,0,0.049,0
Wed Nov 06 2024 09:00:00 GMT+0000 (Greenwich Mean Time),0,0,0.049,0
Wed Nov 06 2024 10:00:00 GMT+0000 (Greenwich Mean Time),0,0,0.049,0
Wed Nov 06 2024 11:00:00 GMT+0000 (Greenwich Mean Time),0,0,0.049,0
Wed Nov 06 2024 12:00:00 GMT+0000 (Greenwich Mean Time),0,0,0.049,0
Wed Nov 06 2024 13:00:00 GMT+0000 (Greenwich Mean Time),0,0,0.049,0
Wed Nov 06 2024 14:00:00 GMT+0000 (Greenwich Mean Time),0,0,0.049,0
Wed Nov 06 2024 15:00:00 GMT+0000 (Greenwich Mean Time),0,0,0.049,0
Wed Nov 06 2024 16:00:00 GMT+0000 (Greenwich Mean Time),0,0,0.049,0
Wed Nov 06 2024 17:00:00 GMT+0000 (Greenwich Mean Time),0,0,0.049,0
Wed Nov 06 2024 18:00:00 GMT+0000 (Greenwich Mean Time),0,0,0.049,0
Wed Nov 06 2024 19:00:00 GMT+0000 (Greenwich Mean Time),0,0,0.049,0
Wed Nov 06 2024 20:00:00 GMT+0000 (Greenwich Mean Time),0,0,0.049,0
Wed Nov 06 2024 21:00:00 GMT+0000 (Greenwich Mean Time),0,0,0.049,0
Wed Nov 06 2024 22:00:00 GMT+0000 (Greenwich Mean Time),0,0,0.049,0
Wed Nov 06 2024 23:00:00 GMT+0000 (Greenwich Mean Time),0,0,0.0493,23106.89232815759
Thu Nov 07 2024 00:00:00 GMT+0000 (Greenwich Mean Time),0,0,0.0493,0
Thu Nov 07 2024 01:00:00 GMT+0000 (Greenwich Mean Time),0,0,0.0493,0
Thu Nov 07 2024 02:00:00 GMT+0000 (Greenwich Mean Time),0,0,0.0493,0
Thu Nov 07 2024 03:00:00 GMT+0000 (Greenwich Mean Time),0,0,0.0493,0
Thu Nov 07 2024 04:00:00 GMT+0000 (Greenwich Mean Time),0,0,0.0493,0
Thu Nov 07 2024 05:00:00 GMT+0000 (Greenwich Mean Time),0,0,0.0493,0
Thu Nov 07 2024 06:00:00 GMT+0000 (Greenwich Mean Time),0,0,0.0493,0
Thu Nov 07 2024 07:00:00 GMT+0000 (Greenwich Mean Time),0,0,0.0493,0
Thu Nov 07 2024 08:00:00 GMT+0000 (Greenwich Mean Time),0,0,0.0493,0
Thu Nov 07 2024 09:00:00 GMT+0000 (Greenwich Mean Time),0,0,0.0493,0
Thu Nov 07 2024 10:00:00 GMT+0000 (Greenwich Mean Time),0,0,0.0493,0
Thu Nov 07 2024 11:00:00 GMT+0000 (Greenwich Mean Time),0,0,0.0493,0
Thu Nov 07 2024 12:00:00 GMT+0000 (Greenwich Mean Time),0,0,0.0493,0
Thu Nov 07 2024 13:00:00 GMT+0000 (Greenwich Mean Time),0,0,0.0493,0
Thu Nov 07 2024 14:00:00 GMT+0000 (Greenwich Mean Time),0,0,0.0483,83888.89328876676
Thu Nov 07 2024 15:00:00 GMT+0000 (Greenwich Mean Time),0,0,0.0483,0
Thu Nov 07 2024 16:00:00 GMT+0000 (Greenwich Mean Time),0,0,0.0473,86119.3930129568
Thu Nov 07 2024 17:00:00 GMT+0000 (Greenwich Mean Time),0,0,0.0473,0
Thu Nov 07 2024 18:00:00 GMT+0000 (Greenwich Mean Time),0,0,0.0473,0
Thu Nov 07 2024 19:00:00 GMT+0000 (Greenwich Mean Time),0,0,0.0473,0
Thu Nov 07 2024 20:00:00 GMT+0000 (Greenwich Mean Time),0,0,0.0473,0
Thu Nov 07 2024 21:00:00 GMT+0000 (Greenwich Mean Time),0,0,0.0473,0
Thu Nov 07 2024 22:00:00 GMT+0000 (Greenwich Mean Time),0,0,0.0473,0
Thu Nov 07 2024 23:00:00 GMT+0000 (Greenwich Mean Time),0,0,0.0473,2318.598873062479
Fri Nov 08 2024 00:00:00 GMT+0000 (Greenwich Mean Time),0,0,0.0473,0
Fri Nov 08 2024 01:00:00 GMT+0000 (Greenwich Mean Time),0,0,0.0473,0
Fri Nov 08 2024 02:00:00 GMT+0000 (Greenwich Mean Time),0,0,0.0473,0
Fri Nov 08 2024 03:00:00 GMT+0000 (Greenwich Mean Time),0,0,0.0473,0
Fri Nov 08 2024 04:00:00 GMT+0000 (Greenwich Mean Time),0,0,0.0473,0
Fri Nov 08 2024 05:00:00 GMT+0000 (Greenwich Mean Time),0,0,0.0473,0
Fri Nov 08 2024 06:00:00 GMT+0000 (Greenwich Mean Time),0,0,0.0473,0
Fri Nov 08 2024 07:00:00 GMT+0000 (Greenwich Mean Time),0,0,0.0473,0
Fri Nov 08 2024 08:00:00 GMT+0000 (Greenwich Mean Time),0,0,0.0473,0
Fri Nov 08 2024 09:00:00 GMT+0000 (Greenwich Mean Time),0,0,0.0473,0
Fri Nov 08 2024 10:00:00 GMT+0000 (Greenwich Mean Time),0,0,0.0473,0
Fri Nov 08 2024 11:00:00 GMT+0000 (Greenwich Mean Time),0,0,0.0473,0
Fri Nov 08 2024 12:00:00 GMT+0000 (Greenwich Mean Time),0,0,0.0473,0
Fri Nov 08 2024 13:00:00 GMT+0000 (Greenwich Mean Time),0,0,0.0473,0
Fri Nov 08 2024 14:00:00 GMT+0000 (Greenwich Mean Time),0,0,0.0473,0
Fri Nov 08 2024 15:00:00 GMT+0000 (Greenwich Mean Time),0,0,0.0473,0
Fri Nov 08 2024 16:00:00 GMT+0000 (Greenwich Mean Time),0,0,0.0474,1167.4250894119627
Fri Nov 08 2024 17:00:00 GMT+0000 (Greenwich Mean Time),0,0,0.0474,0
Fri Nov 08 2024 18:00:00 GMT+0000 (Greenwich Mean Time),0,0,0.0474,0
Fri Nov 08 2024 19:00:00 GMT+0000 (Greenwich Mean Time),0,0,0.0474,0
Fri Nov 08 2024 20:00:00 GMT+0000 (Greenwich Mean Time),0,0,0.0474,0
Fri Nov 08 2024 21:00:00 GMT+0000 (Greenwich Mean Time),0,0,0.0474,0
Fri Nov 08 2024 22:00:00 GMT+0000 (Greenwich Mean Time),0,0,0.0474,0
Fri Nov 08 2024 23:00:00 GMT+0000 (Greenwich Mean Time),0,0,0.0474,0
Sat Nov 09 2024 00:00:00 GMT+0000 (Greenwich Mean Time),0,0,0.0474,0
Sat Nov 09 2024 01:00:00 GMT+0000 (Greenwich Mean Time),0,0,0.0475,9872.586351767917
Sat Nov 09 2024 02:00:00 GMT+0000 (Greenwich Mean Time),0,0,0.0475,0
Sat Nov 09 2024 03:00:00 GMT+0000 (Greenwich Mean Time),0,0,0.0475,0
Sat Nov 09 2024 04:00:00 GMT+0000 (Greenwich Mean Time),0,0,0.0475,0
Sat Nov 09 2024 05:00:00 GMT+0000 (Greenwich Mean Time),0,0,0.0475,0
Sat Nov 09 2024 06:00:00 GMT+0000 (Greenwich Mean Time),0,0,0.0475,0
Sat Nov 09 2024 07:00:00 GMT+0000 (Greenwich Mean Time),0,0,0.0475,0
Sat Nov 09 2024 08:00:00 GMT+0000 (Greenwich Mean Time),0,0,0.0475,0
Sat Nov 09 2024 09:00:00 GMT+0000 (Greenwich Mean Time),0,0,0.0475,0
Sat Nov 09 2024 10:00:00 GMT+0000 (Greenwich Mean Time),0,0,0.0569,1579646.928382122
Sat Nov 09 2024 11:00:00 GMT+0000 (Greenwich Mean Time),0,0,0.0569,0
Sat Nov 09 2024 12:00:00 GMT+0000 (Greenwich Mean Time),0,0,0.0569,0
Sat Nov 09 2024 13:00:00 GMT+0000 (Greenwich Mean Time),0,0,0.0569,0
Sat Nov 09 2024 14:00:00 GMT+0000 (Greenwich Mean Time),0,0,0.0569,0
Sat Nov 09 2024 15:00:00 GMT+0000 (Greenwich Mean Time),0,0,0.0569,0
Sat Nov 09 2024 16:00:00 GMT+0000 (Greenwich Mean Time),0,0,0.0569,0
Sat Nov 09 2024 17:00:00 GMT+0000 (Greenwich Mean Time),0,0,0.0569,0
Sat Nov 09 2024 18:00:00 GMT+0000 (Greenwich Mean Time),0,0,0.0569,5.37297608690801
Sat Nov 09 2024 19:00:00 GMT+0000 (Greenwich Mean Time),0,0,0.0569,0
Sat Nov 09 2024 20:00:00 GMT+0000 (Greenwich Mean Time),0,0,0.0569,3230.763290467365
Sat Nov 09 2024 21:00:00 GMT+0000 (Greenwich Mean Time),0,0,0.0569,0
Sat Nov 09 2024 22:00:00 GMT+0000 (Greenwich Mean Time),0,0,0.0569,0
Sat Nov 09 2024 23:00:00 GMT+0000 (Greenwich Mean Time),0,0,0.0569,0
Sun Nov 10 2024 00:00:00 GMT+0000 (Greenwich Mean Time),0,0,0.0569,0
Sun Nov 10 2024 01:00:00 GMT+0000 (Greenwich Mean Time),0,0,0.0569,0
Sun Nov 10 2024 02:00:00 GMT+0000 (Greenwich Mean Time),0,0,0.0569,0
Sun Nov 10 2024 03:00:00 GMT+0000 (Greenwich Mean Time),0,0,0.0569,0
Sun Nov 10 2024 04:00:00 GMT+0000 (Greenwich Mean Time),0,0,0.057,8896.17955979959
Sun Nov 10 2024 05:00:00 GMT+0000 (Greenwich Mean Time),0,0,0.0561,97153.27904010966
Sun Nov 10 2024 06:00:00 GMT+0000 (Greenwich Mean Time),0,0,0.0561,0
Sun Nov 10 2024 07:00:00 GMT+0000 (Greenwich Mean Time),0,0,0.0561,0
Sun Nov 10 2024 08:00:00 GMT+0000 (Greenwich Mean Time),0,0,0.0561,0
Sun Nov 10 2024 09:00:00 GMT+0000 (Greenwich Mean Time),0,0,0.0561,0
Sun Nov 10 2024 10:00:00 GMT+0000 (Greenwich Mean Time),0,0,0.0561,0
Sun Nov 10 2024 11:00:00 GMT+0000 (Greenwich Mean Time),0,0,0.0561,0
Sun Nov 10 2024 12:00:00 GMT+0000 (Greenwich Mean Time),0,0,0.0561,0
Sun Nov 10 2024 13:00:00 GMT+0000 (Greenwich Mean Time),0,0,0.0561,0
Sun Nov 10 2024 14:00:00 GMT+0000 (Greenwich Mean Time),0,0,0.0561,0
Sun Nov 10 2024 15:00:00 GMT+0000 (Greenwich Mean Time),0,0,0.0561,0
Sun Nov 10 2024 16:00:00 GMT+0000 (Greenwich Mean Time),0,0,0.0561,0
Sun Nov 10 2024 17:00:00 GMT+0000 (Greenwich Mean Time),0,0,0.0561,0
Sun Nov 10 2024 18:00:00 GMT+0000 (Greenwich Mean Time),0,0,0.0561,0
Sun Nov 10 2024 19:00:00 GMT+0000 (Greenwich Mean Time),0,0,0.0561,0
Sun Nov 10 2024 20:00:00 GMT+0000 (Greenwich Mean Time),0,0,0.0561,0
Sun Nov 10 2024 21:00:00 GMT+0000 (Greenwich Mean Time),0,0,0.0561,0
Sun Nov 10 2024 22:00:00 GMT+0000 (Greenwich Mean Time),0,0,0.0561,0
Sun Nov 10 2024 23:00:00 GMT+0000 (Greenwich Mean Time),0,0,0.0561,0
Mon Nov 11 2024 00:00:00 GMT+0000 (Greenwich Mean Time),0,0,0.0561,0
Mon Nov 11 2024 01:00:00 GMT+0000 (Greenwich Mean Time),0,0,0.0561,0
Mon Nov 11 2024 02:00:00 GMT+0000 (Greenwich Mean Time),0,0,0.0561,0
Mon Nov 11 2024 03:00:00 GMT+0000 (Greenwich Mean Time),0,0,0.0561,0
Mon Nov 11 2024 04:00:00 GMT+0000 (Greenwich Mean Time),0,0,0.0561,0
Mon Nov 11 2024 05:00:00 GMT+0000 (Greenwich Mean Time),0,0,0.0561,0
Mon Nov 11 2024 06:00:00 GMT+0000 (Greenwich Mean Time),0,0,0.0561,0
Mon Nov 11 2024 07:00:00 GMT+0000 (Greenwich Mean Time),0,0,0.0561,5584.201522584496
Mon Nov 11 2024 08:00:00 GMT+0000 (Greenwich Mean Time),0,0,0.0561,0
Mon Nov 11 2024 09:00:00 GMT+0000 (Greenwich Mean Time),0,0,0.0563,20964.206964377012
Mon Nov 11 2024 10:00:00 GMT+0000 (Greenwich Mean Time),0,0,0.0563,0
Mon Nov 11 2024 11:00:00 GMT+0000 (Greenwich Mean Time),0,0,0.0563,0
Mon Nov 11 2024 12:00:00 GMT+0000 (Greenwich Mean Time),0,0,0.0563,0
Mon Nov 11 2024 13:00:00 GMT+0000 (Greenwich Mean Time),0,0,0.0563,0
Mon Nov 11 2024 14:00:00 GMT+0000 (Greenwich Mean Time),0,0,0.0563,0
Mon Nov 11 2024 15:00:00 GMT+0000 (Greenwich Mean Time),0,0,0.0563,0
Mon Nov 11 2024 16:00:00 GMT+0000 (Greenwich Mean Time),0,0,0.0563,0
Mon Nov 11 2024 17:00:00 GMT+0000 (Greenwich Mean Time),0,0,0.0563,0
Mon Nov 11 2024 18:00:00 GMT+0000 (Greenwich Mean Time),0,0,0.0563,0
Mon Nov 11 2024 19:00:00 GMT+0000 (Greenwich Mean Time),0,0,0.0551,135881.99317192865
Mon Nov 11 2024 20:00:00 GMT+0000 (Greenwich Mean Time),0,0,0.0551,0
Mon Nov 11 2024 21:00:00 GMT+0000 (Greenwich Mean Time),0,0,0.0551,0
Mon Nov 11 2024 22:00:00 GMT+0000 (Greenwich Mean Time),0,0,0.0551,0
Mon Nov 11 2024 23:00:00 GMT+0000 (Greenwich Mean Time),0,0,0.0551,0
Tue Nov 12 2024 00:00:00 GMT+0000 (Greenwich Mean Time),0,0,0.0551,0
Tue Nov 12 2024 01:00:00 GMT+0000 (Greenwich Mean Time),0,0,0.0551,0
Tue Nov 12 2024 02:00:00 GMT+0000 (Greenwich Mean Time),0,0,0.0551,0
Tue Nov 12 2024 03:00:00 GMT+0000 (Greenwich Mean Time),0,0,0.0551,0
Tue Nov 12 2024 04:00:00 GMT+0000 (Greenwich Mean Time),0,0,0.0551,0
Tue Nov 12 2024 05:00:00 GMT+0000 (Greenwich Mean Time),0,0,0.0505,500759.6487022021
Tue Nov 12 2024 06:00:00 GMT+0000 (Greenwich Mean Time),0,0,0.0505,0
Tue Nov 12 2024 07:00:00 GMT+0000 (Greenwich Mean Time),0,0,0.0505,0
Tue Nov 12 2024 08:00:00 GMT+0000 (Greenwich Mean Time),0,0,0.0505,0
Tue Nov 12 2024 09:00:00 GMT+0000 (Greenwich Mean Time),0,0,0.0505,0
Tue Nov 12 2024 10:00:00 GMT+0000 (Greenwich Mean Time),0,0,0.0505,0
Tue Nov 12 2024 11:00:00 GMT+0000 (Greenwich Mean Time),0,0,0.0505,0
Tue Nov 12 2024 12:00:00 GMT+0000 (Greenwich Mean Time),0,0,0.0505,0
Tue Nov 12 2024 13:00:00 GMT+0000 (Greenwich Mean Time),0,0,0.0505,0
Tue Nov 12 2024 14:00:00 GMT+0000 (Greenwich Mean Time),0,0,0.0505,0
Tue Nov 12 2024 15:00:00 GMT+0000 (Greenwich Mean Time),0,0,0.0505,0
Tue Nov 12 2024 16:00:00 GMT+0000 (Greenwich Mean Time),0,0,0.0505,0
Tue Nov 12 2024 17:00:00 GMT+0000 (Greenwich Mean Time),0,0,0.0505,0
Tue Nov 12 2024 18:00:00 GMT+0000 (Greenwich Mean Time),0,0,0.0505,0
Tue Nov 12 2024 19:00:00 GMT+0000 (Greenwich Mean Time),0,0,0.0505,0
Tue Nov 12 2024 20:00:00 GMT+0000 (Greenwich Mean Time),0,0,0.0505,0
Tue Nov 12 2024 21:00:00 GMT+0000 (Greenwich Mean Time),0,0,0.0505,0
Tue Nov 12 2024 22:00:00 GMT+0000 (Greenwich Mean Time),0,0,0.0505,0
Tue Nov 12 2024 23:00:00 GMT+0000 (Greenwich Mean Time),0,0,0.0505,0
Wed Nov 13 2024 00:00:00 GMT+0000 (Greenwich Mean Time),0,0,0.0505,0
Wed Nov 13 2024 01:00:00 GMT+0000 (Greenwich Mean Time),0,0,0.0505,0
Wed Nov 13 2024 02:00:00 GMT+0000 (Greenwich Mean Time),0,0,0.0505,0
Wed Nov 13 2024 03:00:00 GMT+0000 (Greenwich Mean Time),0,0,0.0505,0
Wed Nov 13 2024 04:00:00 GMT+0000 (Greenwich Mean Time),0,0,0.0505,0
Wed Nov 13 2024 05:00:00 GMT+0000 (Greenwich Mean Time),0,0,0.0505,0
Wed Nov 13 2024 06:00:00 GMT+0000 (Greenwich Mean Time),0,0,0.0505,0
Wed Nov 13 2024 07:00:00 GMT+0000 (Greenwich Mean Time),0,0,0.0505,0
Wed Nov 13 2024 08:00:00 GMT+0000 (Greenwich Mean Time),0,0,0.0505,0
Wed Nov 13 2024 09:00:00 GMT+0000 (Greenwich Mean Time),0,0,0.0507,31474.183404619882
Wed Nov 13 2024 10:00:00 GMT+0000 (Greenwich Mean Time),0,0,0.0507,0
Wed Nov 13 2024 11:00:00 GMT+0000 (Greenwich Mean Time),0,0,0.0507,0
Wed Nov 13 2024 12:00:00 GMT+0000 (Greenwich Mean Time),0,0,0.0507,0
Wed Nov 13 2024 13:00:00 GMT+0000 (Greenwich Mean Time),0,0,0.0507,0
Wed Nov 13 2024 14:00:00 GMT+0000 (Greenwich Mean Time),0,0,0.0507,0
Wed Nov 13 2024 15:00:00 GMT+0000 (Greenwich Mean Time),0,0,0.0507,0
Wed Nov 13 2024 16:00:00 GMT+0000 (Greenwich Mean Time),0,0,0.0507,0
Wed Nov 13 2024 17:00:00 GMT+0000 (Greenwich Mean Time),0,0,0.0507,0
Wed Nov 13 2024 18:00:00 GMT+0000 (Greenwich Mean Time),0,0,0.0507,0
Wed Nov 13 2024 19:00:00 GMT+0000 (Greenwich Mean Time),0,0,0.0507,0
Wed Nov 13 2024 20:00:00 GMT+0000 (Greenwich Mean Time),0,0,0.0507,0
Wed Nov 13 2024 21:00:00 GMT+0000 (Greenwich Mean Time),0,0,0.0507,0
Wed Nov 13 2024 22:00:00 GMT+0000 (Greenwich Mean Time),0,0,0.0507,0
Wed Nov 13 2024 23:00:00 GMT+0000 (Greenwich Mean Time),0,0,0.0507,0
Thu Nov 14 2024 00:00:00 GMT+0000 (Greenwich Mean Time),0,0,0.0507,0
Thu Nov 14 2024 01:00:00 GMT+0000 (Greenwich Mean Time),0,0,0.0507,0
Thu Nov 14 2024 02:00:00 GMT+0000 (Greenwich Mean Time),0,0,0.0507,0
Thu Nov 14 2024 03:00:00 GMT+0000 (Greenwich Mean Time),0,0,0.0507,0
Thu Nov 14 2024 04:00:00 GMT+0000 (Greenwich Mean Time),0,0,0.0507,0
Thu Nov 14 2024 05:00:00 GMT+0000 (Greenwich Mean Time),0,0,0.0509,13573.198548476961
Thu Nov 14 2024 06:00:00 GMT+0000 (Greenwich Mean Time),0,0,0.051,13197.385223153713
Thu Nov 14 2024 07:00:00 GMT+0000 (Greenwich Mean Time),0,0,0.051,0
Thu Nov 14 2024 08:00:00 GMT+0000 (Greenwich Mean Time),0,0,0.051,0
Thu Nov 14 2024 09:00:00 GMT+0000 (Greenwich Mean Time),0,0,0.051,0
Thu Nov 14 2024 10:00:00 GMT+0000 (Greenwich Mean Time),0,0,0.051,0
Thu Nov 14 2024 11:00:00 GMT+0000 (Greenwich Mean Time),0,0,0.051,0
Thu Nov 14 2024 12:00:00 GMT+0000 (Greenwich Mean Time),0,0,0.051,0
Thu Nov 14 2024 13:00:00 GMT+0000 (Greenwich Mean Time),0,0,0.051,0
Thu Nov 14 2024 14:00:00 GMT+0000 (Greenwich Mean Time),0,0,0.051,0
Thu Nov 14 2024 15:00:00 GMT+0000 (Greenwich Mean Time),0,0,0.051,0
Thu Nov 14 2024 16:00:00 GMT+0000 (Greenwich Mean Time),0,0,0.051,0
Thu Nov 14 2024 17:00:00 GMT+0000 (Greenwich Mean Time),0,0,0.051,0
Thu Nov 14 2024 18:00:00 GMT+0000 (Greenwich Mean Time),0,0,0.051,0
Thu Nov 14 2024 19:00:00 GMT+0000 (Greenwich Mean Time),0,0,0.051,0
Thu Nov 14 2024 20:00:00 GMT+0000 (Greenwich Mean Time),0,0,0.051,0
Thu Nov 14 2024 21:00:00 GMT+0000 (Greenwich Mean Time),0,0,0.051,0
Thu Nov 14 2024 22:00:00 GMT+0000 (Greenwich Mean Time),0,0,0.051,0
Thu Nov 14 2024 23:00:00 GMT+0000 (Greenwich Mean Time),0,0,0.051,0
Fri Nov 15 2024 00:00:00 GMT+0000 (Greenwich Mean Time),0,0,0.051,0
Fri Nov 15 2024 01:00:00 GMT+0000 (Greenwich Mean Time),0,0,0.051,0
Fri Nov 15 2024 02:00:00 GMT+0000 (Greenwich Mean Time),0,0,0.051,0
Fri Nov 15 2024 03:00:00 GMT+0000 (Greenwich Mean Time),0,0,0.051,0
Fri Nov 15 2024 04:00:00 GMT+0000 (Greenwich Mean Time),0,0,0.051,0
Fri Nov 15 2024 05:00:00 GMT+0000 (Greenwich Mean Time),0,0,0.051,0
Fri Nov 15 2024 06:00:00 GMT+0000 (Greenwich Mean Time),0,0,0.051,0
Fri Nov 15 2024 07:00:00 GMT+0000 (Greenwich Mean Time),0,0,0.051,0
Fri Nov 15 2024 08:00:00 GMT+0000 (Greenwich Mean Time),0,0,0.051,0.09058540277634852
Fri Nov 15 2024 09:00:00 GMT+0000 (Greenwich Mean Time),0,0,0.051,0
Fri Nov 15 2024 10:00:00 GMT+0000 (Greenwich Mean Time),0,0,0.051,0
Fri Nov 15 2024 11:00:00 GMT+0000 (Greenwich Mean Time),0,0,0.051,0
Fri Nov 15 2024 12:00:00 GMT+0000 (Greenwich Mean Time),0,0,0.051,0
Fri Nov 15 2024 13:00:00 GMT+0000 (Greenwich Mean Time),0,0,0.051,0
Fri Nov 15 2024 14:00:00 GMT+0000 (Greenwich Mean Time),0,0,0.051,0
Fri Nov 15 2024 15:00:00 GMT+0000 (Greenwich Mean Time),0,0,0.051,0
Fri Nov 15 2024 16:00:00 GMT+0000 (Greenwich Mean Time),0,0,0.051,0
Fri Nov 15 2024 17:00:00 GMT+0000 (Greenwich Mean Time),0,0,0.051,0
Fri Nov 15 2024 18:00:00 GMT+0000 (Greenwich Mean Time),0,0,0.051,0
Fri Nov 15 2024 19:00:00 GMT+0000 (Greenwich Mean Time),0,0,0.051,0
Fri Nov 15 2024 20:00:00 GMT+0000 (Greenwich Mean Time),0,0,0.051,0
Fri Nov 15 2024 21:00:00 GMT+0000 (Greenwich Mean Time),0,0,0.051,0
Fri Nov 15 2024 22:00:00 GMT+0000 (Greenwich Mean Time),0,0,0.051,0
Fri Nov 15 2024 23:00:00 GMT+0000 (Greenwich Mean Time),0,0,0.051,0
Sat Nov 16 2024 00:00:00 GMT+0000 (Greenwich Mean Time),0,0,0.051,7955.697260189033
Sat Nov 16 2024 01:00:00 GMT+0000 (Greenwich Mean Time),0,0,0.0511,0
Sat Nov 16 2024 02:00:00 GMT+0000 (Greenwich Mean Time),0,0,0.0511,3242.1843618236126
Sat Nov 16 2024 03:00:00 GMT+0000 (Greenwich Mean Time),0,0,0.0511,0
Sat Nov 16 2024 04:00:00 GMT+0000 (Greenwich Mean Time),0,0,0.0511,0
Sat Nov 16 2024 05:00:00 GMT+0000 (Greenwich Mean Time),0,0,0.0511,0
Sat Nov 16 2024 06:00:00 GMT+0000 (Greenwich Mean Time),0,0,0.0511,0
Sat Nov 16 2024 07:00:00 GMT+0000 (Greenwich Mean Time),0,0,0.0511,10.566619748178443
Sat Nov 16 2024 08:00:00 GMT+0000 (Greenwich Mean Time),0,0,0.0511,0
Sat Nov 16 2024 09:00:00 GMT+0000 (Greenwich Mean Time),0,0,0.0525,156236.97942239305
Sat Nov 16 2024 10:00:00 GMT+0000 (Greenwich Mean Time),0,0,0.0525,141.51998442263735
Sat Nov 16 2024 11:00:00 GMT+0000 (Greenwich Mean Time),0,0,0.0525,0
Sat Nov 16 2024 12:00:00 GMT+0000 (Greenwich Mean Time),0,0,0.0525,0
Sat Nov 16 2024 13:00:00 GMT+0000 (Greenwich Mean Time),0,0,0.0525,0
Sat Nov 16 2024 14:00:00 GMT+0000 (Greenwich Mean Time),0,0,0.0525,0
Sat Nov 16 2024 15:00:00 GMT+0000 (Greenwich Mean Time),0,0,0.0525,0
Sat Nov 16 2024 16:00:00 GMT+0000 (Greenwich Mean Time),0,0,0.0525,0
Sat Nov 16 2024 17:00:00 GMT+0000 (Greenwich Mean Time),0,0,0.0521,53255.09196003464
Sat Nov 16 2024 18:00:00 GMT+0000 (Greenwich Mean Time),0,0,0.0488,377554.3031222161
Sat Nov 16 2024 19:00:00 GMT+0000 (Greenwich Mean Time),0,0,0.0488,0
Sat Nov 16 2024 20:00:00 GMT+0000 (Greenwich Mean Time),0,0,0.0488,0
Sat Nov 16 2024 21:00:00 GMT+0000 (Greenwich Mean Time),0,0,0.0488,0
Sat Nov 16 2024 22:00:00 GMT+0000 (Greenwich Mean Time),0,0,0.0488,0
Sat Nov 16 2024 23:00:00 GMT+0000 (Greenwich Mean Time),0,0,0.0488,0
Sun Nov 17 2024 00:00:00 GMT+0000 (Greenwich Mean Time),0,0,0.049,24571.668635714872
Sun Nov 17 2024 01:00:00 GMT+0000 (Greenwich Mean Time),0,0,0.049,0
Sun Nov 17 2024 02:00:00 GMT+0000 (Greenwich Mean Time),0,0,0.049,0
Sun Nov 17 2024 03:00:00 GMT+0000 (Greenwich Mean Time),0,0,0.049,0
Sun Nov 17 2024 04:00:00 GMT+0000 (Greenwich Mean Time),0,0,0.049,1478.9058974592087
Sun Nov 17 2024 05:00:00 GMT+0000 (Greenwich Mean Time),0,0,0.049,0
Sun Nov 17 2024 06:00:00 GMT+0000 (Greenwich Mean Time),0,0,0.049,2735.18971494107
Sun Nov 17 2024 07:00:00 GMT+0000 (Greenwich Mean Time),0,0,0.0491,713.1217034314842
Sun Nov 17 2024 08:00:00 GMT+0000 (Greenwich Mean Time),0,0,0.0491,201.07042619954223
Sun Nov 17 2024 09:00:00 GMT+0000 (Greenwich Mean Time),0,0,0.0491,0
Sun Nov 17 2024 10:00:00 GMT+0000 (Greenwich Mean Time),0,0,0.0491,0
Sun Nov 17 2024 11:00:00 GMT+0000 (Greenwich Mean Time),0,0,0.0491,0
Sun Nov 17 2024 12:00:00 GMT+0000 (Greenwich Mean Time),0,0,0.0491,0
Sun Nov 17 2024 13:00:00 GMT+0000 (Greenwich Mean Time),0,0,0.0491,5977.930733155186
Sun Nov 17 2024 14:00:00 GMT+0000 (Greenwich Mean Time),0,0,0.0492,6272.079788678385
Sun Nov 17 2024 15:00:00 GMT+0000 (Greenwich Mean Time),0,0,0.0492,0
Sun Nov 17 2024 16:00:00 GMT+0000 (Greenwich Mean Time),0,0,0.0492,0
Sun Nov 17 2024 17:00:00 GMT+0000 (Greenwich Mean Time),0,0,0.0492,0
Sun Nov 17 2024 18:00:00 GMT+0000 (Greenwich Mean Time),0,0,0.0492,0
Sun Nov 17 2024 19:00:00 GMT+0000 (Greenwich Mean Time),0,0,0.0492,0
Sun Nov 17 2024 20:00:00 GMT+0000 (Greenwich Mean Time),0,0,0.0492,0
Sun Nov 17 2024 21:00:00 GMT+0000 (Greenwich Mean Time),0,0,0.0492,0
Sun Nov 17 2024 22:00:00 GMT+0000 (Greenwich Mean Time),0,0,0.0492,0
Sun Nov 17 2024 23:00:00 GMT+0000 (Greenwich Mean Time),0,0,0.0492,0
Mon Nov 18 2024 00:00:00 GMT+0000 (Greenwich Mean Time),0,0,0.0492,0
Mon Nov 18 2024 01:00:00 GMT+0000 (Greenwich Mean Time),0,0,0.0492,0
Mon Nov 18 2024 02:00:00 GMT+0000 (Greenwich Mean Time),0,0,0.0492,0
Mon Nov 18 2024 03:00:00 GMT+0000 (Greenwich Mean Time),0,0,0.0492,179.0785682461747
Mon Nov 18 2024 04:00:00 GMT+0000 (Greenwich Mean Time),0,0,0.0492,0
Mon Nov 18 2024 05:00:00 GMT+0000 (Greenwich Mean Time),0,0,0.0492,0
Mon Nov 18 2024 06:00:00 GMT+0000 (Greenwich Mean Time),0,0,0.0492,7524.040817625416
Mon Nov 18 2024 07:00:00 GMT+0000 (Greenwich Mean Time),0,0,0.0492,0
Mon Nov 18 2024 08:00:00 GMT+0000 (Greenwich Mean Time),0,0,0.0492,0
Mon Nov 18 2024 09:00:00 GMT+0000 (Greenwich Mean Time),0,0,0.0493,1212.2595566175753
Mon Nov 18 2024 10:00:00 GMT+0000 (Greenwich Mean Time),0,0,0.0493,387.79588002061416
Mon Nov 18 2024 11:00:00 GMT+0000 (Greenwich Mean Time),0,0,0.0493,0
Mon Nov 18 2024 12:00:00 GMT+0000 (Greenwich Mean Time),0,0,0.0493,0
Mon Nov 18 2024 13:00:00 GMT+0000 (Greenwich Mean Time),0,0,0.0493,0
Mon Nov 18 2024 14:00:00 GMT+0000 (Greenwich Mean Time),0,0,0.0493,0
Mon Nov 18 2024 15:00:00 GMT+0000 (Greenwich Mean Time),0,0,0.0493,0
Mon Nov 18 2024 16:00:00 GMT+0000 (Greenwich Mean Time),0,0,0.0493,0
Mon Nov 18 2024 17:00:00 GMT+0000 (Greenwich Mean Time),0,0,0.0493,143431.75517131385
Mon Nov 18 2024 18:00:00 GMT+0000 (Greenwich Mean Time),0,0,0.0506,0
Mon Nov 18 2024 19:00:00 GMT+0000 (Greenwich Mean Time),0,0,0.0506,0
Mon Nov 18 2024 20:00:00 GMT+0000 (Greenwich Mean Time),0,0,0.0508,29780.69105348094
Mon Nov 18 2024 21:00:00 GMT+0000 (Greenwich Mean Time),0,0,0.0508,0
Mon Nov 18 2024 22:00:00 GMT+0000 (Greenwich Mean Time),0,0,0.0508,0
Mon Nov 18 2024 23:00:00 GMT+0000 (Greenwich Mean Time),0,0,0.0508,0
Tue Nov 19 2024 00:00:00 GMT+0000 (Greenwich Mean Time),0,0,0.0508,0
Tue Nov 19 2024 01:00:00 GMT+0000 (Greenwich Mean Time),0,0,0.0508,0
Tue Nov 19 2024 02:00:00 GMT+0000 (Greenwich Mean Time),0,0,0.0508,0
Tue Nov 19 2024 03:00:00 GMT+0000 (Greenwich Mean Time),0,0,0.0474,374583.4208135909
Tue Nov 19 2024 04:00:00 GMT+0000 (Greenwich Mean Time),0,0,0.0474,0
Tue Nov 19 2024 05:00:00 GMT+0000 (Greenwich Mean Time),0,0,0.0474,0
Tue Nov 19 2024 06:00:00 GMT+0000 (Greenwich Mean Time),0,0,0.0474,0
Tue Nov 19 2024 07:00:00 GMT+0000 (Greenwich Mean Time),0,0,0.0474,0
Tue Nov 19 2024 08:00:00 GMT+0000 (Greenwich Mean Time),0,0,0.0474,0
Tue Nov 19 2024 09:00:00 GMT+0000 (Greenwich Mean Time),0,0,0.0475,6568.735109769269
Tue Nov 19 2024 10:00:00 GMT+0000 (Greenwich Mean Time),0,0,0.0475,1077.4328582419546
Tue Nov 19 2024 11:00:00 GMT+0000 (Greenwich Mean Time),0,0,0.0476,13862.011147550986
Tue Nov 19 2024 12:00:00 GMT+0000 (Greenwich Mean Time),0,0,0.0476,0
Tue Nov 19 2024 13:00:00 GMT+0000 (Greenwich Mean Time),0,0,0.0476,0
Tue Nov 19 2024 14:00:00 GMT+0000 (Greenwich Mean Time),0,0,0.0476,0
Tue Nov 19 2024 15:00:00 GMT+0000 (Greenwich Mean Time),0,0,0.0476,0
Tue Nov 19 2024 16:00:00 GMT+0000 (Greenwich Mean Time),0,0,0.0474,21001.663335468278
Tue Nov 19 2024 17:00:00 GMT+0000 (Greenwich Mean Time),0,0,0.0474,0
Tue Nov 19 2024 18:00:00 GMT+0000 (Greenwich Mean Time),0,0,0.0474,0
Tue Nov 19 2024 19:00:00 GMT+0000 (Greenwich Mean Time),0,0,0.0474,0
Tue Nov 19 2024 20:00:00 GMT+0000 (Greenwich Mean Time),0,0,0.0474,0
Tue Nov 19 2024 21:00:00 GMT+0000 (Greenwich Mean Time),0,0,0.0474,0
Tue Nov 19 2024 22:00:00 GMT+0000 (Greenwich Mean Time),0,0,0.0474,0
Tue Nov 19 2024 23:00:00 GMT+0000 (Greenwich Mean Time),0,0,0.0474,0
Wed Nov 20 2024 00:00:00 GMT+0000 (Greenwich Mean Time),0,0,0.0474,0
Wed Nov 20 2024 01:00:00 GMT+0000 (Greenwich Mean Time),0,0,0.0474,0
Wed Nov 20 2024 02:00:00 GMT+0000 (Greenwich Mean Time),0,0,0.0474,0
Wed Nov 20 2024 03:00:00 GMT+0000 (Greenwich Mean Time),0,0,0.0474,0
Wed Nov 20 2024 04:00:00 GMT+0000 (Greenwich Mean Time),0,0,0.0474,721.2245059345514
Wed Nov 20 2024 05:00:00 GMT+0000 (Greenwich Mean Time),0,0,0.0474,0
Wed Nov 20 2024 06:00:00 GMT+0000 (Greenwich Mean Time),0,0,0.0474,0
Wed Nov 20 2024 07:00:00 GMT+0000 (Greenwich Mean Time),0,0,0.0474,87.79580430729568
Wed Nov 20 2024 08:00:00 GMT+0000 (Greenwich Mean Time),0,0,0.0474,0
Wed Nov 20 2024 09:00:00 GMT+0000 (Greenwich Mean Time),0,0,0.0474,0
Wed Nov 20 2024 10:00:00 GMT+0000 (Greenwich Mean Time),0,0,0.0474,0
Wed Nov 20 2024 11:00:00 GMT+0000 (Greenwich Mean Time),0,0,0.0474,0
Wed Nov 20 2024 12:00:00 GMT+0000 (Greenwich Mean Time),0,0,0.0474,0
Wed Nov 20 2024 13:00:00 GMT+0000 (Greenwich Mean Time),0,0,0.0474,0
Wed Nov 20 2024 14:00:00 GMT+0000 (Greenwich Mean Time),0,0,0.0474,0
Wed Nov 20 2024 15:00:00 GMT+0000 (Greenwich Mean Time),0,0,0.0474,0
Wed Nov 20 2024 16:00:00 GMT+0000 (Greenwich Mean Time),0,0,0.0474,0
Wed Nov 20 2024 17:00:00 GMT+0000 (Greenwich Mean Time),0,0,0.0474,0
Wed Nov 20 2024 18:00:00 GMT+0000 (Greenwich Mean Time),0,0,0.0474,0
Wed Nov 20 2024 19:00:00 GMT+0000 (Greenwich Mean Time),0,0,0.0474,0
Wed Nov 20 2024 20:00:00 GMT+0000 (Greenwich Mean Time),0,0,0.0474,0
Wed Nov 20 2024 21:00:00 GMT+0000 (Greenwich Mean Time),0,0,0.0474,0
Wed Nov 20 2024 22:00:00 GMT+0000 (Greenwich Mean Time),0,0,0.0474,0
Wed Nov 20 2024 23:00:00 GMT+0000 (Greenwich Mean Time),0,0,0.0474,0
Thu Nov 21 2024 00:00:00 GMT+0000 (Greenwich Mean Time),0,0,0.0474,1579.0507457076233
Thu Nov 21 2024 01:00:00 GMT+0000 (Greenwich Mean Time),0,0,0.0474,0
Thu Nov 21 2024 02:00:00 GMT+0000 (Greenwich Mean Time),0,0,0.0474,0
Thu Nov 21 2024 03:00:00 GMT+0000 (Greenwich Mean Time),0,0,0.0474,0
Thu Nov 21 2024 04:00:00 GMT+0000 (Greenwich Mean Time),0,0,0.0474,0
Thu Nov 21 2024 05:00:00 GMT+0000 (Greenwich Mean Time),0,0,0.0474,0
Thu Nov 21 2024 06:00:00 GMT+0000 (Greenwich Mean Time),0,0,0.0474,0
Thu Nov 21 2024 07:00:00 GMT+0000 (Greenwich Mean Time),0,0,0.0474,0
Thu Nov 21 2024 08:00:00 GMT+0000 (Greenwich Mean Time),0,0,0.0474,0
Thu Nov 21 2024 09:00:00 GMT+0000 (Greenwich Mean Time),0,0,0.0474,0
Thu Nov 21 2024 10:00:00 GMT+0000 (Greenwich Mean Time),0,0,0.0474,0
Thu Nov 21 2024 11:00:00 GMT+0000 (Greenwich Mean Time),0,0,0.0474,0
Thu Nov 21 2024 12:00:00 GMT+0000 (Greenwich Mean Time),0,0,0.0474,0
Thu Nov 21 2024 13:00:00 GMT+0000 (Greenwich Mean Time),0,0,0.0474,0
Thu Nov 21 2024 14:00:00 GMT+0000 (Greenwich Mean Time),0,0,0.0474,0
Thu Nov 21 2024 15:00:00 GMT+0000 (Greenwich Mean Time),0,0,0.0474,0
Thu Nov 21 2024 16:00:00 GMT+0000 (Greenwich Mean Time),0,0,0.0474,0
Thu Nov 21 2024 17:00:00 GMT+0000 (Greenwich Mean Time),0,0,0.0474,0
Thu Nov 21 2024 18:00:00 GMT+0000 (Greenwich Mean Time),0,0,0.0474,0
Thu Nov 21 2024 19:00:00 GMT+0000 (Greenwich Mean Time),0,0,0.0474,0
Thu Nov 21 2024 20:00:00 GMT+0000 (Greenwich Mean Time),0,0,0.0474,0
Thu Nov 21 2024 21:00:00 GMT+0000 (Greenwich Mean Time),0,0,0.0474,0
Thu Nov 21 2024 22:00:00 GMT+0000 (Greenwich Mean Time),0,0,0.0474,0
Thu Nov 21 2024 23:00:00 GMT+0000 (Greenwich Mean Time),0,0,0.0474,0
Fri Nov 22 2024 00:00:00 GMT+0000 (Greenwich Mean Time),0,0,0.0474,0
Fri Nov 22 2024 01:00:00 GMT+0000 (Greenwich Mean Time),0,0,0.0474,0
Fri Nov 22 2024 02:00:00 GMT+0000 (Greenwich Mean Time),0,0,0.0474,0
Fri Nov 22 2024 03:00:00 GMT+0000 (Greenwich Mean Time),0,0,0.0474,0
Fri Nov 22 2024 04:00:00 GMT+0000 (Greenwich Mean Time),0,0,0.0474,1696.8615768797079
Fri Nov 22 2024 05:00:00 GMT+0000 (Greenwich Mean Time),0,0,0.0474,0
Fri Nov 22 2024 06:00:00 GMT+0000 (Greenwich Mean Time),0,0,0.0474,0
Fri Nov 22 2024 07:00:00 GMT+0000 (Greenwich Mean Time),0,0,0.0474,0
Fri Nov 22 2024 08:00:00 GMT+0000 (Greenwich Mean Time),0,0,0.0474,4284.270835403981
Fri Nov 22 2024 09:00:00 GMT+0000 (Greenwich Mean Time),0,0,0.0481,76465.87156754966
Fri Nov 22 2024 10:00:00 GMT+0000 (Greenwich Mean Time),0,0,0.0513,375753.38117995585
Fri Nov 22 2024 11:00:00 GMT+0000 (Greenwich Mean Time),0,0,0.0513,0
Fri Nov 22 2024 12:00:00 GMT+0000 (Greenwich Mean Time),0,0,0.0513,0
Fri Nov 22 2024 13:00:00 GMT+0000 (Greenwich Mean Time),0,0,0.0513,0
Fri Nov 22 2024 14:00:00 GMT+0000 (Greenwich Mean Time),0,0,0.0513,0
Fri Nov 22 2024 15:00:00 GMT+0000 (Greenwich Mean Time),0,0,0.0513,0
Fri Nov 22 2024 16:00:00 GMT+0000 (Greenwich Mean Time),0,0,0.0513,5847.971847925059
Fri Nov 22 2024 17:00:00 GMT+0000 (Greenwich Mean Time),0,0,0.0513,0
Fri Nov 22 2024 18:00:00 GMT+0000 (Greenwich Mean Time),0,0,0.0513,0
Fri Nov 22 2024 19:00:00 GMT+0000 (Greenwich Mean Time),0,0,0.0513,0
Fri Nov 22 2024 20:00:00 GMT+0000 (Greenwich Mean Time),0,0,0.0513,0
Fri Nov 22 2024 21:00:00 GMT+0000 (Greenwich Mean Time),0,0,0.0513,0
Fri Nov 22 2024 22:00:00 GMT+0000 (Greenwich Mean Time),0,0,0.0513,0
Fri Nov 22 2024 23:00:00 GMT+0000 (Greenwich Mean Time),0,0,0.0513,0
Sat Nov 23 2024 00:00:00 GMT+0000 (Greenwich Mean Time),0,0,0.0513,0
Sat Nov 23 2024 01:00:00 GMT+0000 (Greenwich Mean Time),0,0,0.0513,0
Sat Nov 23 2024 02:00:00 GMT+0000 (Greenwich Mean Time),0,0,0.0513,0
Sat Nov 23 2024 03:00:00 GMT+0000 (Greenwich Mean Time),0,0,0.0513,0
Sat Nov 23 2024 04:00:00 GMT+0000 (Greenwich Mean Time),0,0,0.0513,0
Sat Nov 23 2024 05:00:00 GMT+0000 (Greenwich Mean Time),0,0,0.0513,0
Sat Nov 23 2024 06:00:00 GMT+0000 (Greenwich Mean Time),0,0,0.0513,0
Sat Nov 23 2024 07:00:00 GMT+0000 (Greenwich Mean Time),0,0,0.0513,0
Sat Nov 23 2024 08:00:00 GMT+0000 (Greenwich Mean Time),0,0,0.0513,0
Sat Nov 23 2024 09:00:00 GMT+0000 (Greenwich Mean Time),0,0,0.0512,15583.992783974825
Sat Nov 23 2024 10:00:00 GMT+0000 (Greenwich Mean Time),0,0,0.0512,3672.583216836471
Sat Nov 23 2024 11:00:00 GMT+0000 (Greenwich Mean Time),0,0,0.0512,0
Sat Nov 23 2024 12:00:00 GMT+0000 (Greenwich Mean Time),0,0,0.0512,0
Sat Nov 23 2024 13:00:00 GMT+0000 (Greenwich Mean Time),0,0,0.0512,0
Sat Nov 23 2024 14:00:00 GMT+0000 (Greenwich Mean Time),0,0,0.0512,0
Sat Nov 23 2024 15:00:00 GMT+0000 (Greenwich Mean Time),0,0,0.0512,0
Sat Nov 23 2024 16:00:00 GMT+0000 (Greenwich Mean Time),0,0,0.0512,0
Sat Nov 23 2024 17:00:00 GMT+0000 (Greenwich Mean Time),0,0,0.0512,0
Sat Nov 23 2024 18:00:00 GMT+0000 (Greenwich Mean Time),0,0,0.0512,0
Sat Nov 23 2024 19:00:00 GMT+0000 (Greenwich Mean Time),0,0,0.0512,0
Sat Nov 23 2024 20:00:00 GMT+0000 (Greenwich Mean Time),0,0,0.0512,993.7536314852185
Sat Nov 23 2024 21:00:00 GMT+0000 (Greenwich Mean Time),0,0,0.0512,0
Sat Nov 23 2024 22:00:00 GMT+0000 (Greenwich Mean Time),0,0,0.0512,0
Sat Nov 23 2024 23:00:00 GMT+0000 (Greenwich Mean Time),0,0,0.0512,0
Sun Nov 24 2024 00:00:00 GMT+0000 (Greenwich Mean Time),0,0,0.0512,0
Sun Nov 24 2024 01:00:00 GMT+0000 (Greenwich Mean Time),0,0,0.0512,0
Sun Nov 24 2024 02:00:00 GMT+0000 (Greenwich Mean Time),0,0,0.0512,3463.868360909202
Sun Nov 24 2024 03:00:00 GMT+0000 (Greenwich Mean Time),0,0,0.0513,330399.9011891258
Sun Nov 24 2024 04:00:00 GMT+0000 (Greenwich Mean Time),0,0,0.0513,0
Sun Nov 24 2024 05:00:00 GMT+0000 (Greenwich Mean Time),0,0,0.0513,0
Sun Nov 24 2024 06:00:00 GMT+0000 (Greenwich Mean Time),0,0,0.0513,0
Sun Nov 24 2024 07:00:00 GMT+0000 (Greenwich Mean Time),0,0,0.0513,0
Sun Nov 24 2024 08:00:00 GMT+0000 (Greenwich Mean Time),0,0,0.0513,0
Sun Nov 24 2024 09:00:00 GMT+0000 (Greenwich Mean Time),0,0,0.0513,0
Sun Nov 24 2024 10:00:00 GMT+0000 (Greenwich Mean Time),0,0,0.0513,0
Sun Nov 24 2024 11:00:00 GMT+0000 (Greenwich Mean Time),0,0,0.0513,0
Sun Nov 24 2024 12:00:00 GMT+0000 (Greenwich Mean Time),0,0,0.0513,0
Sun Nov 24 2024 13:00:00 GMT+0000 (Greenwich Mean Time),0,0,0.0513,0
Sun Nov 24 2024 14:00:00 GMT+0000 (Greenwich Mean Time),0,0,0.0513,0
Sun Nov 24 2024 15:00:00 GMT+0000 (Greenwich Mean Time),0,0,0.0513,0
Sun Nov 24 2024 16:00:00 GMT+0000 (Greenwich Mean Time),0,0,0.0513,0
Sun Nov 24 2024 17:00:00 GMT+0000 (Greenwich Mean Time),0,0,0.0513,0
Sun Nov 24 2024 18:00:00 GMT+0000 (Greenwich Mean Time),0,0,0.0513,0
Sun Nov 24 2024 19:00:00 GMT+0000 (Greenwich Mean Time),0,0,0.0513,0
Sun Nov 24 2024 20:00:00 GMT+0000 (Greenwich Mean Time),0,0,0.0513,0
Sun Nov 24 2024 21:00:00 GMT+0000 (Greenwich Mean Time),0,0,0.0513,0
Sun Nov 24 2024 22:00:00 GMT+0000 (Greenwich Mean Time),0,0,0.0513,0
Sun Nov 24 2024 23:00:00 GMT+0000 (Greenwich Mean Time),0,0,0.0513,7818.281093577265
Mon Nov 25 2024 00:00:00 GMT+0000 (Greenwich Mean Time),0,0,0.0513,0
Mon Nov 25 2024 01:00:00 GMT+0000 (Greenwich Mean Time),0,0,0.0513,0
Mon Nov 25 2024 02:00:00 GMT+0000 (Greenwich Mean Time),0,0,0.0513,0
Mon Nov 25 2024 03:00:00 GMT+0000 (Greenwich Mean Time),0,0,0.0513,0
Mon Nov 25 2024 04:00:00 GMT+0000 (Greenwich Mean Time),0,0,0.051,35741.68325494777
Mon Nov 25 2024 05:00:00 GMT+0000 (Greenwich Mean Time),0,0,0.051,0
Mon Nov 25 2024 06:00:00 GMT+0000 (Greenwich Mean Time),0,0,0.051,0
Mon Nov 25 2024 07:00:00 GMT+0000 (Greenwich Mean Time),0,0,0.051,0
Mon Nov 25 2024 08:00:00 GMT+0000 (Greenwich Mean Time),0,0,0.051,0
Mon Nov 25 2024 09:00:00 GMT+0000 (Greenwich Mean Time),0,0,0.051,600.3585273391443
Mon Nov 25 2024 10:00:00 GMT+0000 (Greenwich Mean Time),0,0,0.0503,82575.58776008821
Mon Nov 25 2024 11:00:00 GMT+0000 (Greenwich Mean Time),0,0,0.0503,1206.4446482501562
Mon Nov 25 2024 12:00:00 GMT+0000 (Greenwich Mean Time),0,0,0.0503,3725.9629160446802
Mon Nov 25 2024 13:00:00 GMT+0000 (Greenwich Mean Time),0,0,0.0503,0
Mon Nov 25 2024 14:00:00 GMT+0000 (Greenwich Mean Time),0,0,0.0503,0
Mon Nov 25 2024 15:00:00 GMT+0000 (Greenwich Mean Time),0,0,0.0503,0
Mon Nov 25 2024 16:00:00 GMT+0000 (Greenwich Mean Time),0,0,0.0503,0
Mon Nov 25 2024 17:00:00 GMT+0000 (Greenwich Mean Time),0,0,0.0503,0
Mon Nov 25 2024 18:00:00 GMT+0000 (Greenwich Mean Time),0,0,0.0503,0
Mon Nov 25 2024 19:00:00 GMT+0000 (Greenwich Mean Time),0,0,0.0503,0
Mon Nov 25 2024 20:00:00 GMT+0000 (Greenwich Mean Time),0,0,0.0503,0
Mon Nov 25 2024 21:00:00 GMT+0000 (Greenwich Mean Time),0,0,0.0503,0
Mon Nov 25 2024 22:00:00 GMT+0000 (Greenwich Mean Time),0,0,0.0503,0
Mon Nov 25 2024 23:00:00 GMT+0000 (Greenwich Mean Time),0,0,0.0503,0
Tue Nov 26 2024 00:00:00 GMT+0000 (Greenwich Mean Time),0,0,0.0503,0
Tue Nov 26 2024 01:00:00 GMT+0000 (Greenwich Mean Time),0,0,0.0503,0
Tue Nov 26 2024 02:00:00 GMT+0000 (Greenwich Mean Time),0,0,0.0503,0
Tue Nov 26 2024 03:00:00 GMT+0000 (Greenwich Mean Time),0,0,0.0503,0
Tue Nov 26 2024 04:00:00 GMT+0000 (Greenwich Mean Time),0,0,0.0503,0
Tue Nov 26 2024 05:00:00 GMT+0000 (Greenwich Mean Time),0,0,0.0514,122643.65594127661
Tue Nov 26 2024 06:00:00 GMT+0000 (Greenwich Mean Time),0,0,0.0514,0
Tue Nov 26 2024 07:00:00 GMT+0000 (Greenwich Mean Time),0,0,0.0514,0
Tue Nov 26 2024 08:00:00 GMT+0000 (Greenwich Mean Time),0,0,0.0514,0
Tue Nov 26 2024 09:00:00 GMT+0000 (Greenwich Mean Time),0,0,0.0514,10288.709501449213
Tue Nov 26 2024 10:00:00 GMT+0000 (Greenwich Mean Time),0,0,0.0514,0
Tue Nov 26 2024 11:00:00 GMT+0000 (Greenwich Mean Time),0,0,0.0514,0
Tue Nov 26 2024 12:00:00 GMT+0000 (Greenwich Mean Time),0,0,0.0514,0
Tue Nov 26 2024 13:00:00 GMT+0000 (Greenwich Mean Time),0,0,0.0514,0
Tue Nov 26 2024 14:00:00 GMT+0000 (Greenwich Mean Time),0,0,0.0514,0
Tue Nov 26 2024 15:00:00 GMT+0000 (Greenwich Mean Time),0,0,0.0514,0
Tue Nov 26 2024 16:00:00 GMT+0000 (Greenwich Mean Time),0,0,0.0515,8023.494490080958
Tue Nov 26 2024 17:00:00 GMT+0000 (Greenwich Mean Time),0,0,0.0515,0
Tue Nov 26 2024 18:00:00 GMT+0000 (Greenwich Mean Time),0,0,0.0515,0
Tue Nov 26 2024 19:00:00 GMT+0000 (Greenwich Mean Time),0,0,0.0515,0
Tue Nov 26 2024 20:00:00 GMT+0000 (Greenwich Mean Time),0,0,0.0515,0
Tue Nov 26 2024 21:00:00 GMT+0000 (Greenwich Mean Time),0,0,0.0515,0
Tue Nov 26 2024 22:00:00 GMT+0000 (Greenwich Mean Time),0,0,0.0515,0
Tue Nov 26 2024 23:00:00 GMT+0000 (Greenwich Mean Time),0,0,0.0515,0
Wed Nov 27 2024 00:00:00 GMT+0000 (Greenwich Mean Time),0,0,0.0515,0
Wed Nov 27 2024 01:00:00 GMT+0000 (Greenwich Mean Time),0,0,0.0515,0
Wed Nov 27 2024 02:00:00 GMT+0000 (Greenwich Mean Time),0,0,0.0515,0
Wed Nov 27 2024 03:00:00 GMT+0000 (Greenwich Mean Time),0,0,0.0515,0
Wed Nov 27 2024 04:00:00 GMT+0000 (Greenwich Mean Time),0,0,0.0515,0
Wed Nov 27 2024 05:00:00 GMT+0000 (Greenwich Mean Time),0,0,0.0515,0
Wed Nov 27 2024 06:00:00 GMT+0000 (Greenwich Mean Time),0,0,0.0536,247720.66791638915
Wed Nov 27 2024 07:00:00 GMT+0000 (Greenwich Mean Time),0,0,0.0536,0
Wed Nov 27 2024 08:00:00 GMT+0000 (Greenwich Mean Time),0,0,0.0536,0
Wed Nov 27 2024 09:00:00 GMT+0000 (Greenwich Mean Time),0,0,0.0536,0
Wed Nov 27 2024 10:00:00 GMT+0000 (Greenwich Mean Time),0,0,0.0536,0
Wed Nov 27 2024 11:00:00 GMT+0000 (Greenwich Mean Time),0,0,0.0536,0
Wed Nov 27 2024 12:00:00 GMT+0000 (Greenwich Mean Time),0,0,0.0536,0
Wed Nov 27 2024 13:00:00 GMT+0000 (Greenwich Mean Time),0,0,0.0536,0
Wed Nov 27 2024 14:00:00 GMT+0000 (Greenwich Mean Time),0,0,0.0536,0
Wed Nov 27 2024 15:00:00 GMT+0000 (Greenwich Mean Time),0,0,0.0536,0
Wed Nov 27 2024 16:00:00 GMT+0000 (Greenwich Mean Time),0,0,0.0536,0
Wed Nov 27 2024 17:00:00 GMT+0000 (Greenwich Mean Time),0,0,0.0536,0
Wed Nov 27 2024 18:00:00 GMT+0000 (Greenwich Mean Time),0,0,0.0536,0
Wed Nov 27 2024 19:00:00 GMT+0000 (Greenwich Mean Time),0,0,0.0536,0
Wed Nov 27 2024 20:00:00 GMT+0000 (Greenwich Mean Time),0,0,0.0536,0
Wed Nov 27 2024 21:00:00 GMT+0000 (Greenwich Mean Time),0,0,0.0536,0
Wed Nov 27 2024 22:00:00 GMT+0000 (Greenwich Mean Time),0,0,0.0536,0
Wed Nov 27 2024 23:00:00 GMT+0000 (Greenwich Mean Time),0,0,0.0536,0
Thu Nov 28 2024 00:00:00 GMT+0000 (Greenwich Mean Time),0,0,0.0536,0
Thu Nov 28 2024 01:00:00 GMT+0000 (Greenwich Mean Time),0,0,0.0536,0
Thu Nov 28 2024 02:00:00 GMT+0000 (Greenwich Mean Time),0,0,0.0536,0
Thu Nov 28 2024 03:00:00 GMT+0000 (Greenwich Mean Time),0,0,0.0536,0
Thu Nov 28 2024 04:00:00 GMT+0000 (Greenwich Mean Time),0,0,0.0536,1317.3379404815694
Thu Nov 28 2024 05:00:00 GMT+0000 (Greenwich Mean Time),0,0,0.0537,8163.143367410825
Thu Nov 28 2024 06:00:00 GMT+0000 (Greenwich Mean Time),0,0,0.0537,0
Thu Nov 28 2024 07:00:00 GMT+0000 (Greenwich Mean Time),0,0,0.0538,15972.403332979313
Thu Nov 28 2024 08:00:00 GMT+0000 (Greenwich Mean Time),0,0,0.0538,0
Thu Nov 28 2024 09:00:00 GMT+0000 (Greenwich Mean Time),0,0,0.0538,0
Thu Nov 28 2024 10:00:00 GMT+0000 (Greenwich Mean Time),0,0,0.0538,0
Thu Nov 28 2024 11:00:00 GMT+0000 (Greenwich Mean Time),0,0,0.0538,0
Thu Nov 28 2024 12:00:00 GMT+0000 (Greenwich Mean Time),0,0,0.0538,0
Thu Nov 28 2024 13:00:00 GMT+0000 (Greenwich Mean Time),0,0,0.0538,0
Thu Nov 28 2024 14:00:00 GMT+0000 (Greenwich Mean Time),0,0,0.0538,0
Thu Nov 28 2024 15:00:00 GMT+0000 (Greenwich Mean Time),0,0,0.0538,0
Thu Nov 28 2024 16:00:00 GMT+0000 (Greenwich Mean Time),0,0,0.0538,0
Thu Nov 28 2024 17:00:00 GMT+0000 (Greenwich Mean Time),0,0,0.0538,0
Thu Nov 28 2024 18:00:00 GMT+0000 (Greenwich Mean Time),0,0,0.0538,0
Thu Nov 28 2024 19:00:00 GMT+0000 (Greenwich Mean Time),0,0,0.0538,0
Thu Nov 28 2024 20:00:00 GMT+0000 (Greenwich Mean Time),0,0,0.0538,0
Thu Nov 28 2024 21:00:00 GMT+0000 (Greenwich Mean Time),0,0,0.054,26783.55370023032
Thu Nov 28 2024 22:00:00 GMT+0000 (Greenwich Mean Time),0,0,0.054,0
Thu Nov 28 2024 23:00:00 GMT+0000 (Greenwich Mean Time),0,0,0.054,1341.3710236848715
Fri Nov 29 2024 00:00:00 GMT+0000 (Greenwich Mean Time),0,0,0.054,0
Fri Nov 29 2024 01:00:00 GMT+0000 (Greenwich Mean Time),0,0,0.054,0
Fri Nov 29 2024 02:00:00 GMT+0000 (Greenwich Mean Time),0,0,0.0541,69781.05969768789
Fri Nov 29 2024 03:00:00 GMT+0000 (Greenwich Mean Time),0,0,0.0531,134127.6688736517
Fri Nov 29 2024 04:00:00 GMT+0000 (Greenwich Mean Time),0,0,0.0531,0
Fri Nov 29 2024 05:00:00 GMT+0000 (Greenwich Mean Time),0,0,0.0531,0
Fri Nov 29 2024 06:00:00 GMT+0000 (Greenwich Mean Time),0,0,0.0531,0
Fri Nov 29 2024 07:00:00 GMT+0000 (Greenwich Mean Time),0,0,0.0531,0
Fri Nov 29 2024 08:00:00 GMT+0000 (Greenwich Mean Time),0,0,0.0531,0
Fri Nov 29 2024 09:00:00 GMT+0000 (Greenwich Mean Time),0,0,0.0531,0
Fri Nov 29 2024 10:00:00 GMT+0000 (Greenwich Mean Time),0,0,0.0531,0
Fri Nov 29 2024 11:00:00 GMT+0000 (Greenwich Mean Time),0,0,0.0531,0
Fri Nov 29 2024 12:00:00 GMT+0000 (Greenwich Mean Time),0,0,0.0531,0
Fri Nov 29 2024 13:00:00 GMT+0000 (Greenwich Mean Time),0,0,0.0531,0
Fri Nov 29 2024 14:00:00 GMT+0000 (Greenwich Mean Time),0,0,0.0531,0
Fri Nov 29 2024 15:00:00 GMT+0000 (Greenwich Mean Time),0,0,0.0531,0
Fri Nov 29 2024 16:00:00 GMT+0000 (Greenwich Mean Time),0,0,0.0531,0
Fri Nov 29 2024 17:00:00 GMT+0000 (Greenwich Mean Time),0,0,0.0531,0
Fri Nov 29 2024 18:00:00 GMT+0000 (Greenwich Mean Time),0,0,0.0531,0
Fri Nov 29 2024 19:00:00 GMT+0000 (Greenwich Mean Time),0,0,0.0531,0
Fri Nov 29 2024 20:00:00 GMT+0000 (Greenwich Mean Time),0,0,0.0531,0
Fri Nov 29 2024 21:00:00 GMT+0000 (Greenwich Mean Time),0,0,0.0531,0
Fri Nov 29 2024 22:00:00 GMT+0000 (Greenwich Mean Time),0,0,0.0531,0
Fri Nov 29 2024 23:00:00 GMT+0000 (Greenwich Mean Time),0,0,0.0531,0
Sat Nov 30 2024 00:00:00 GMT+0000 (Greenwich Mean Time),0,0,0.0531,0
Sat Nov 30 2024 01:00:00 GMT+0000 (Greenwich Mean Time),0,0,0.0531,0
Sat Nov 30 2024 02:00:00 GMT+0000 (Greenwich Mean Time),0,0,0.0531,0
Sat Nov 30 2024 03:00:00 GMT+0000 (Greenwich Mean Time),0,0,0.0531,0
Sat Nov 30 2024 04:00:00 GMT+0000 (Greenwich Mean Time),0,0,0.0531,1554.5291485470077
Sat Nov 30 2024 05:00:00 GMT+0000 (Greenwich Mean Time),0,0,0.0531,0
Sat Nov 30 2024 06:00:00 GMT+0000 (Greenwich Mean Time),0,0,0.0531,34950.26928807455
Sat Nov 30 2024 07:00:00 GMT+0000 (Greenwich Mean Time),0,0,0.0529,0
Sat Nov 30 2024 08:00:00 GMT+0000 (Greenwich Mean Time),0,0,0.0529,0
Sat Nov 30 2024 09:00:00 GMT+0000 (Greenwich Mean Time),0,0,0.0529,0
Sat Nov 30 2024 10:00:00 GMT+0000 (Greenwich Mean Time),0,0,0.0529,0
Sat Nov 30 2024 11:00:00 GMT+0000 (Greenwich Mean Time),0,0,0.0529,0
Sat Nov 30 2024 12:00:00 GMT+0000 (Greenwich Mean Time),0,0,0.0529,0
Sat Nov 30 2024 13:00:00 GMT+0000 (Greenwich Mean Time),0,0,0.0529,0
Sat Nov 30 2024 14:00:00 GMT+0000 (Greenwich Mean Time),0,0,0.0529,0
Sat Nov 30 2024 15:00:00 GMT+0000 (Greenwich Mean Time),0,0,0.0529,0
Sat Nov 30 2024 16:00:00 GMT+0000 (Greenwich Mean Time),0,0,0.0529,0
Sat Nov 30 2024 17:00:00 GMT+0000 (Greenwich Mean Time),0,0,0.053,179584.09026399223
Sat Nov 30 2024 18:00:00 GMT+0000 (Greenwich Mean Time),0,0,0.053,0
Sat Nov 30 2024 19:00:00 GMT+0000 (Greenwich Mean Time),0,0,0.053,0
Sat Nov 30 2024 20:00:00 GMT+0000 (Greenwich Mean Time),0,0,0.053,0
Sat Nov 30 2024 21:00:00 GMT+0000 (Greenwich Mean Time),0,0,0.053,1527.9334983726733
Sat Nov 30 2024 22:00:00 GMT+0000 (Greenwich Mean Time),0,0,0.053,0
Sat Nov 30 2024 23:00:00 GMT+0000 (Greenwich Mean Time),0,0,0.053,0
Sun Dec 01 2024 00:00:00 GMT+0000 (Greenwich Mean Time),0,0,0.053,0
Sun Dec 01 2024 01:00:00 GMT+0000 (Greenwich Mean Time),0,0,0.053,0
Sun Dec 01 2024 02:00:00 GMT+0000 (Greenwich Mean Time),0,0,0.053,0
Sun Dec 01 2024 03:00:00 GMT+0000 (Greenwich Mean Time),0,0,0.053,0
Sun Dec 01 2024 04:00:00 GMT+0000 (Greenwich Mean Time),0,0,0.053,0
Sun Dec 01 2024 05:00:00 GMT+0000 (Greenwich Mean Time),0,0,0.053,0
Sun Dec 01 2024 06:00:00 GMT+0000 (Greenwich Mean Time),0,0,0.053,0
Sun Dec 01 2024 07:00:00 GMT+0000 (Greenwich Mean Time),0,0,0.053,0
Sun Dec 01 2024 08:00:00 GMT+0000 (Greenwich Mean Time),0,0,0.053,0
Sun Dec 01 2024 09:00:00 GMT+0000 (Greenwich Mean Time),0,0,0.053,0
Sun Dec 01 2024 10:00:00 GMT+0000 (Greenwich Mean Time),0,0,0.053,3925.938493407853
Sun Dec 01 2024 11:00:00 GMT+0000 (Greenwich Mean Time),0,0,0.053,0
Sun Dec 01 2024 12:00:00 GMT+0000 (Greenwich Mean Time),0,0,0.053,0
Sun Dec 01 2024 13:00:00 GMT+0000 (Greenwich Mean Time),0,0,0.053,0
Sun Dec 01 2024 14:00:00 GMT+0000 (Greenwich Mean Time),0,0,0.053,0
Sun Dec 01 2024 15:00:00 GMT+0000 (Greenwich Mean Time),0,0,0.053,0
Sun Dec 01 2024 16:00:00 GMT+0000 (Greenwich Mean Time),0,0,0.053,0
Sun Dec 01 2024 17:00:00 GMT+0000 (Greenwich Mean Time),0,0,0.053,0
Sun Dec 01 2024 18:00:00 GMT+0000 (Greenwich Mean Time),0,0,0.053,0
Sun Dec 01 2024 19:00:00 GMT+0000 (Greenwich Mean Time),0,0,0.053,0
Sun Dec 01 2024 20:00:00 GMT+0000 (Greenwich Mean Time),0,0,0.053,0
Sun Dec 01 2024 21:00:00 GMT+0000 (Greenwich Mean Time),0,0,0.053,0
Sun Dec 01 2024 22:00:00 GMT+0000 (Greenwich Mean Time),0,0,0.053,0
Sun Dec 01 2024 23:00:00 GMT+0000 (Greenwich Mean Time),0,0,0.053,0
Mon Dec 02 2024 00:00:00 GMT+0000 (Greenwich Mean Time),0,0,0.053,0
Mon Dec 02 2024 01:00:00 GMT+0000 (Greenwich Mean Time),0,0,0.053,0
Mon Dec 02 2024 02:00:00 GMT+0000 (Greenwich Mean Time),0,0,0.053,0
Mon Dec 02 2024 03:00:00 GMT+0000 (Greenwich Mean Time),0,0,0.053,0
Mon Dec 02 2024 04:00:00 GMT+0000 (Greenwich Mean Time),0,0,0.053,0
Mon Dec 02 2024 05:00:00 GMT+0000 (Greenwich Mean Time),0,0,0.053,94.30760480863728
Mon Dec 02 2024 06:00:00 GMT+0000 (Greenwich Mean Time),0,0,0.053,0
Mon Dec 02 2024 07:00:00 GMT+0000 (Greenwich Mean Time),0,0,0.053,0
Mon Dec 02 2024 08:00:00 GMT+0000 (Greenwich Mean Time),0,0,0.053,0
Mon Dec 02 2024 09:00:00 GMT+0000 (Greenwich Mean Time),0,0,0.053,0
Mon Dec 02 2024 10:00:00 GMT+0000 (Greenwich Mean Time),0,0,0.053,0
Mon Dec 02 2024 11:00:00 GMT+0000 (Greenwich Mean Time),0,0,0.053,0
Mon Dec 02 2024 12:00:00 GMT+0000 (Greenwich Mean Time),0,0,0.053,0
Mon Dec 02 2024 13:00:00 GMT+0000 (Greenwich Mean Time),0,0,0.053,0
Mon Dec 02 2024 14:00:00 GMT+0000 (Greenwich Mean Time),0,0,0.053,0
Mon Dec 02 2024 15:00:00 GMT+0000 (Greenwich Mean Time),0,0,0.053,0
Mon Dec 02 2024 16:00:00 GMT+0000 (Greenwich Mean Time),0,0,0.053,0
Mon Dec 02 2024 17:00:00 GMT+0000 (Greenwich Mean Time),0,0,0.053,0
Mon Dec 02 2024 18:00:00 GMT+0000 (Greenwich Mean Time),0,0,0.053,0
Mon Dec 02 2024 19:00:00 GMT+0000 (Greenwich Mean Time),0,0,0.053,0
Mon Dec 02 2024 20:00:00 GMT+0000 (Greenwich Mean Time),0,0,0.053,0
Mon Dec 02 2024 21:00:00 GMT+0000 (Greenwich Mean Time),0,0,0.053,0
Mon Dec 02 2024 22:00:00 GMT+0000 (Greenwich Mean Time),0,0,0.053,0
Mon Dec 02 2024 23:00:00 GMT+0000 (Greenwich Mean Time),0,0,0.053,0
Tue Dec 03 2024 00:00:00 GMT+0000 (Greenwich Mean Time),0,0,0.053,0
Tue Dec 03 2024 01:00:00 GMT+0000 (Greenwich Mean Time),0,0,0.053,0
Tue Dec 03 2024 02:00:00 GMT+0000 (Greenwich Mean Time),0,0,0.053,0
Tue Dec 03 2024 03:00:00 GMT+0000 (Greenwich Mean Time),0,0,0.053,0
Tue Dec 03 2024 04:00:00 GMT+0000 (Greenwich Mean Time),0,0,0.053,0
Tue Dec 03 2024 05:00:00 GMT+0000 (Greenwich Mean Time),0,0,0.053,0
Tue Dec 03 2024 06:00:00 GMT+0000 (Greenwich Mean Time),0,0,0.053,0
Tue Dec 03 2024 07:00:00 GMT+0000 (Greenwich Mean Time),0,0,0.053,0
Tue Dec 03 2024 08:00:00 GMT+0000 (Greenwich Mean Time),0,0,0.053,0
Tue Dec 03 2024 09:00:00 GMT+0000 (Greenwich Mean Time),0,0,0.053,0
Tue Dec 03 2024 10:00:00 GMT+0000 (Greenwich Mean Time),0,0,0.053,0
Tue Dec 03 2024 11:00:00 GMT+0000 (Greenwich Mean Time),0,0,0.053,0
Tue Dec 03 2024 12:00:00 GMT+0000 (Greenwich Mean Time),0,0,0.053,0
Tue Dec 03 2024 13:00:00 GMT+0000 (Greenwich Mean Time),0,0,0.053,0
Tue Dec 03 2024 14:00:00 GMT+0000 (Greenwich Mean Time),0,0,0.053,0
Tue Dec 03 2024 15:00:00 GMT+0000 (Greenwich Mean Time),0,0,0.053,0
Tue Dec 03 2024 16:00:00 GMT+0000 (Greenwich Mean Time),0,0,0.053,0
Tue Dec 03 2024 17:00:00 GMT+0000 (Greenwich Mean Time),0,0,0.053,0
Tue Dec 03 2024 18:00:00 GMT+0000 (Greenwich Mean Time),0,0,0.053,0
Tue Dec 03 2024 19:00:00 GMT+0000 (Greenwich Mean Time),0,0,0.053,0
Tue Dec 03 2024 20:00:00 GMT+0000 (Greenwich Mean Time),0,0,0.053,0
Tue Dec 03 2024 21:00:00 GMT+0000 (Greenwich Mean Time),0,0,0.053,0
Tue Dec 03 2024 22:00:00 GMT+0000 (Greenwich Mean Time),0,0,0.053,0
Tue Dec 03 2024 23:00:00 GMT+0000 (Greenwich Mean Time),0,0,0.053,0
Wed Dec 04 2024 00:00:00 GMT+0000 (Greenwich Mean Time),0,0,0.053,0
Wed Dec 04 2024 01:00:00 GMT+0000 (Greenwich Mean Time),0,0,0.053,0
Wed Dec 04 2024 02:00:00 GMT+0000 (Greenwich Mean Time),0,0,0.053,0
Wed Dec 04 2024 03:00:00 GMT+0000 (Greenwich Mean Time),0,0,0.053,0
Wed Dec 04 2024 04:00:00 GMT+0000 (Greenwich Mean Time),0,0,0.053,40.79047052242212
Wed Dec 04 2024 05:00:00 GMT+0000 (Greenwich Mean Time),0,0,0.053,0
Wed Dec 04 2024 06:00:00 GMT+0000 (Greenwich Mean Time),0,0,0.053,0
Wed Dec 04 2024 07:00:00 GMT+0000 (Greenwich Mean Time),0,0,0.053,4142.087711747262
Wed Dec 04 2024 08:00:00 GMT+0000 (Greenwich Mean Time),0,0,0.053,0
Wed Dec 04 2024 09:00:00 GMT+0000 (Greenwich Mean Time),0,0,0.053,0
Wed Dec 04 2024 10:00:00 GMT+0000 (Greenwich Mean Time),0,0,0.053,0
Wed Dec 04 2024 11:00:00 GMT+0000 (Greenwich Mean Time),0,0,0.053,0
Wed Dec 04 2024 12:00:00 GMT+0000 (Greenwich Mean Time),0,0,0.053,0
Wed Dec 04 2024 13:00:00 GMT+0000 (Greenwich Mean Time),0,0,0.053,0
Wed Dec 04 2024 14:00:00 GMT+0000 (Greenwich Mean Time),0,0,0.053,0
Wed Dec 04 2024 15:00:00 GMT+0000 (Greenwich Mean Time),0,0,0.053,0
Wed Dec 04 2024 16:00:00 GMT+0000 (Greenwich Mean Time),0,0,0.053,0
Wed Dec 04 2024 17:00:00 GMT+0000 (Greenwich Mean Time),0,0,0.053,0
Wed Dec 04 2024 18:00:00 GMT+0000 (Greenwich Mean Time),0,0,0.053,0
Wed Dec 04 2024 19:00:00 GMT+0000 (Greenwich Mean Time),0,0,0.053,0
Wed Dec 04 2024 20:00:00 GMT+0000 (Greenwich Mean Time),0,0,0.053,0
Wed Dec 04 2024 21:00:00 GMT+0000 (Greenwich Mean Time),0,0,0.053,0
Wed Dec 04 2024 22:00:00 GMT+0000 (Greenwich Mean Time),0,0,0.053,0
Wed Dec 04 2024 23:00:00 GMT+0000 (Greenwich Mean Time),0,0,0.054,123947.7456362221
Thu Dec 05 2024 00:00:00 GMT+0000 (Greenwich Mean Time),0,0,0.054,0
Thu Dec 05 2024 01:00:00 GMT+0000 (Greenwich Mean Time),0,0,0.054,2964.458303117708
Thu Dec 05 2024 02:00:00 GMT+0000 (Greenwich Mean Time),0,0,0.0539,0
Thu Dec 05 2024 03:00:00 GMT+0000 (Greenwich Mean Time),0,0,0.0539,0
Thu Dec 05 2024 04:00:00 GMT+0000 (Greenwich Mean Time),0,0,0.0539,0
Thu Dec 05 2024 05:00:00 GMT+0000 (Greenwich Mean Time),0,0,0.0539,0
Thu Dec 05 2024 06:00:00 GMT+0000 (Greenwich Mean Time),0,0,0.0539,0
Thu Dec 05 2024 07:00:00 GMT+0000 (Greenwich Mean Time),0,0,0.0539,0
Thu Dec 05 2024 08:00:00 GMT+0000 (Greenwich Mean Time),0,0,0.0539,0
Thu Dec 05 2024 09:00:00 GMT+0000 (Greenwich Mean Time),0,0,0.0539,0
Thu Dec 05 2024 10:00:00 GMT+0000 (Greenwich Mean Time),0,0,0.0539,0
Thu Dec 05 2024 11:00:00 GMT+0000 (Greenwich Mean Time),0,0,0.0539,0
Thu Dec 05 2024 12:00:00 GMT+0000 (Greenwich Mean Time),0,0,0.0539,0
Thu Dec 05 2024 13:00:00 GMT+0000 (Greenwich Mean Time),0,0,0.0539,0
Thu Dec 05 2024 14:00:00 GMT+0000 (Greenwich Mean Time),0,0,0.054,3099.172163410032
Thu Dec 05 2024 15:00:00 GMT+0000 (Greenwich Mean Time),0,0,0.054,0
Thu Dec 05 2024 16:00:00 GMT+0000 (Greenwich Mean Time),0,0,0.054,0
Thu Dec 05 2024 17:00:00 GMT+0000 (Greenwich Mean Time),0,0,0.054,0
Thu Dec 05 2024 18:00:00 GMT+0000 (Greenwich Mean Time),0,0,0.054,0
Thu Dec 05 2024 19:00:00 GMT+0000 (Greenwich Mean Time),0,0,0.054,0
Thu Dec 05 2024 20:00:00 GMT+0000 (Greenwich Mean Time),0,0,0.054,995.1125971081358
Thu Dec 05 2024 21:00:00 GMT+0000 (Greenwich Mean Time),0,0,0.054,0
Thu Dec 05 2024 22:00:00 GMT+0000 (Greenwich Mean Time),0,0,0.054,0
Thu Dec 05 2024 23:00:00 GMT+0000 (Greenwich Mean Time),0,0,0.054,0
Fri Dec 06 2024 00:00:00 GMT+0000 (Greenwich Mean Time),0,0,0.054,0
Fri Dec 06 2024 01:00:00 GMT+0000 (Greenwich Mean Time),0,0,0.054,0
Fri Dec 06 2024 02:00:00 GMT+0000 (Greenwich Mean Time),0,0,0.054,0
Fri Dec 06 2024 03:00:00 GMT+0000 (Greenwich Mean Time),0,0,0.054,0
Fri Dec 06 2024 04:00:00 GMT+0000 (Greenwich Mean Time),0,0,0.054,0
Fri Dec 06 2024 05:00:00 GMT+0000 (Greenwich Mean Time),0,0,0.054,0
Fri Dec 06 2024 06:00:00 GMT+0000 (Greenwich Mean Time),0,0,0.054,0
Fri Dec 06 2024 07:00:00 GMT+0000 (Greenwich Mean Time),0,0,0.054,0
Fri Dec 06 2024 08:00:00 GMT+0000 (Greenwich Mean Time),0,0,0.054,424.66473939828023
Fri Dec 06 2024 09:00:00 GMT+0000 (Greenwich Mean Time),0,0,0.054,0
Fri Dec 06 2024 10:00:00 GMT+0000 (Greenwich Mean Time),0,0,0.054,0
Fri Dec 06 2024 11:00:00 GMT+0000 (Greenwich Mean Time),0,0,0.054,0
Fri Dec 06 2024 12:00:00 GMT+0000 (Greenwich Mean Time),0,0,0.054,0
Fri Dec 06 2024 13:00:00 GMT+0000 (Greenwich Mean Time),0,0,0.054,0
Fri Dec 06 2024 14:00:00 GMT+0000 (Greenwich Mean Time),0,0,0.054,0
Fri Dec 06 2024 15:00:00 GMT+0000 (Greenwich Mean Time),0,0,0.054,0
Fri Dec 06 2024 16:00:00 GMT+0000 (Greenwich Mean Time),0,0,0.054,0
Fri Dec 06 2024 17:00:00 GMT+0000 (Greenwich Mean Time),0,0,0.054,0
Fri Dec 06 2024 18:00:00 GMT+0000 (Greenwich Mean Time),0,0,0.054,0
Fri Dec 06 2024 19:00:00 GMT+0000 (Greenwich Mean Time),0,0,0.054,0
Fri Dec 06 2024 20:00:00 GMT+0000 (Greenwich Mean Time),0,0,0.0608,1482440.086590538
Fri Dec 06 2024 21:00:00 GMT+0000 (Greenwich Mean Time),0,0,0.0608,0
Fri Dec 06 2024 22:00:00 GMT+0000 (Greenwich Mean Time),0,0,0.0608,0
Fri Dec 06 2024 23:00:00 GMT+0000 (Greenwich Mean Time),0,0,0.0608,402.2238223591257
Sat Dec 07 2024 00:00:00 GMT+0000 (Greenwich Mean Time),0,0,0.0608,0
Sat Dec 07 2024 01:00:00 GMT+0000 (Greenwich Mean Time),0,0,0.061,31831.151616998202
Sat Dec 07 2024 02:00:00 GMT+0000 (Greenwich Mean Time),0,0,0.0611,12445.013071371268
Sat Dec 07 2024 03:00:00 GMT+0000 (Greenwich Mean Time),0,0,0.0611,0
Sat Dec 07 2024 04:00:00 GMT+0000 (Greenwich Mean Time),0,0,0.0611,0
Sat Dec 07 2024 05:00:00 GMT+0000 (Greenwich Mean Time),0,0,0.0611,0
Sat Dec 07 2024 06:00:00 GMT+0000 (Greenwich Mean Time),0,0,0.0611,0
Sat Dec 07 2024 07:00:00 GMT+0000 (Greenwich Mean Time),0,0,0.0611,0
Sat Dec 07 2024 08:00:00 GMT+0000 (Greenwich Mean Time),0,0,0.0611,0
Sat Dec 07 2024 09:00:00 GMT+0000 (Greenwich Mean Time),0,0,0.0612,5120.915935439367
Sat Dec 07 2024 10:00:00 GMT+0000 (Greenwich Mean Time),0,0,0.0612,9045.570130441683
Sat Dec 07 2024 11:00:00 GMT+0000 (Greenwich Mean Time),0,0,0.0612,0
Sat Dec 07 2024 12:00:00 GMT+0000 (Greenwich Mean Time),0,0,0.0612,0
Sat Dec 07 2024 13:00:00 GMT+0000 (Greenwich Mean Time),0,0,0.0612,0
Sat Dec 07 2024 14:00:00 GMT+0000 (Greenwich Mean Time),0,0,0.0612,0
Sat Dec 07 2024 15:00:00 GMT+0000 (Greenwich Mean Time),0,0,0.0612,0
Sat Dec 07 2024 16:00:00 GMT+0000 (Greenwich Mean Time),0,0,0.0612,0
Sat Dec 07 2024 17:00:00 GMT+0000 (Greenwich Mean Time),0,0,0.0612,0
Sat Dec 07 2024 18:00:00 GMT+0000 (Greenwich Mean Time),0,0,0.0612,0
Sat Dec 07 2024 19:00:00 GMT+0000 (Greenwich Mean Time),0,0,0.0612,0
Sat Dec 07 2024 20:00:00 GMT+0000 (Greenwich Mean Time),0,0,0.0612,0
Sat Dec 07 2024 21:00:00 GMT+0000 (Greenwich Mean Time),0,0,0.0612,26592.730880807474
Sat Dec 07 2024 22:00:00 GMT+0000 (Greenwich Mean Time),0,0,0.0614,0
Sat Dec 07 2024 23:00:00 GMT+0000 (Greenwich Mean Time),0,0,0.0614,0
Sun Dec 08 2024 00:00:00 GMT+0000 (Greenwich Mean Time),0,0,0.0614,0
Sun Dec 08 2024 01:00:00 GMT+0000 (Greenwich Mean Time),0,0,0.0614,2.7906725682527056
Sun Dec 08 2024 02:00:00 GMT+0000 (Greenwich Mean Time),0,0,0.0614,0
Sun Dec 08 2024 03:00:00 GMT+0000 (Greenwich Mean Time),0,0,0.0614,0
Sun Dec 08 2024 04:00:00 GMT+0000 (Greenwich Mean Time),0,0,0.0614,7525.558352374864
Sun Dec 08 2024 05:00:00 GMT+0000 (Greenwich Mean Time),0,0,0.0626,164184.89752936494
Sun Dec 08 2024 06:00:00 GMT+0000 (Greenwich Mean Time),0,0,0.0626,0
Sun Dec 08 2024 07:00:00 GMT+0000 (Greenwich Mean Time),0,0,0.0626,0
Sun Dec 08 2024 08:00:00 GMT+0000 (Greenwich Mean Time),0,0,0.0626,0
Sun Dec 08 2024 09:00:00 GMT+0000 (Greenwich Mean Time),0,0,0.0643,257957.76314130973
Sun Dec 08 2024 10:00:00 GMT+0000 (Greenwich Mean Time),0,0,0.0643,1810.564959999161
Sun Dec 08 2024 11:00:00 GMT+0000 (Greenwich Mean Time),0,0,0.0643,0
Sun Dec 08 2024 12:00:00 GMT+0000 (Greenwich Mean Time),0,0,0.0643,0
Sun Dec 08 2024 13:00:00 GMT+0000 (Greenwich Mean Time),0,0,0.0643,0
Sun Dec 08 2024 14:00:00 GMT+0000 (Greenwich Mean Time),0,0,0.0643,0
Sun Dec 08 2024 15:00:00 GMT+0000 (Greenwich Mean Time),0,0,0.0643,0
Sun Dec 08 2024 16:00:00 GMT+0000 (Greenwich Mean Time),0,0,0.0643,0
Sun Dec 08 2024 17:00:00 GMT+0000 (Greenwich Mean Time),0,0,0.0643,186.56339314307488
Sun Dec 08 2024 18:00:00 GMT+0000 (Greenwich Mean Time),0,0,0.0643,4.872018300724198
Sun Dec 08 2024 19:00:00 GMT+0000 (Greenwich Mean Time),0,0,0.0643,0
Sun Dec 08 2024 20:00:00 GMT+0000 (Greenwich Mean Time),0,0,0.0643,0
Sun Dec 08 2024 21:00:00 GMT+0000 (Greenwich Mean Time),0,0,0.0643,0
Sun Dec 08 2024 22:00:00 GMT+0000 (Greenwich Mean Time),0,0,0.0643,0
Sun Dec 08 2024 23:00:00 GMT+0000 (Greenwich Mean Time),0,0,0.0643,0
Mon Dec 09 2024 00:00:00 GMT+0000 (Greenwich Mean Time),0,0,0.0643,0
Mon Dec 09 2024 01:00:00 GMT+0000 (Greenwich Mean Time),0,0,0.0643,29269.55925881194
Mon Dec 09 2024 02:00:00 GMT+0000 (Greenwich Mean Time),0,0,0.0645,722.6179411915107
Mon Dec 09 2024 03:00:00 GMT+0000 (Greenwich Mean Time),0,0,0.0645,0
Mon Dec 09 2024 04:00:00 GMT+0000 (Greenwich Mean Time),0,0,0.0646,19490.42209537388
Mon Dec 09 2024 05:00:00 GMT+0000 (Greenwich Mean Time),0,0,0.0646,0
Mon Dec 09 2024 06:00:00 GMT+0000 (Greenwich Mean Time),0,0,0.0646,0
Mon Dec 09 2024 07:00:00 GMT+0000 (Greenwich Mean Time),0,0,0.0646,0
Mon Dec 09 2024 08:00:00 GMT+0000 (Greenwich Mean Time),0,0,0.0646,0
Mon Dec 09 2024 09:00:00 GMT+0000 (Greenwich Mean Time),0,0,0.0646,0
Mon Dec 09 2024 10:00:00 GMT+0000 (Greenwich Mean Time),0,0,0.0646,0
Mon Dec 09 2024 11:00:00 GMT+0000 (Greenwich Mean Time),0,0,0.0649,40076.72068405743
Mon Dec 09 2024 12:00:00 GMT+0000 (Greenwich Mean Time),0,0,0.0649,0
Mon Dec 09 2024 13:00:00 GMT+0000 (Greenwich Mean Time),0,0,0.0649,0
Mon Dec 09 2024 14:00:00 GMT+0000 (Greenwich Mean Time),0,0,0.0649,0
Mon Dec 09 2024 15:00:00 GMT+0000 (Greenwich Mean Time),0,0,0.0649,0
Mon Dec 09 2024 16:00:00 GMT+0000 (Greenwich Mean Time),0,0,0.0649,0
Mon Dec 09 2024 17:00:00 GMT+0000 (Greenwich Mean Time),0,0,0.0649,0
Mon Dec 09 2024 18:00:00 GMT+0000 (Greenwich Mean Time),0,0,0.0649,0
Mon Dec 09 2024 19:00:00 GMT+0000 (Greenwich Mean Time),0,0,0.0649,0
Mon Dec 09 2024 20:00:00 GMT+0000 (Greenwich Mean Time),0,0,0.0649,0
Mon Dec 09 2024 21:00:00 GMT+0000 (Greenwich Mean Time),0,0,0.0649,0
Mon Dec 09 2024 22:00:00 GMT+0000 (Greenwich Mean Time),0,0,0.0649,0
Mon Dec 09 2024 23:00:00 GMT+0000 (Greenwich Mean Time),0,0,0.0649,0
Tue Dec 10 2024 00:00:00 GMT+0000 (Greenwich Mean Time),0,0,0.0649,0
Tue Dec 10 2024 01:00:00 GMT+0000 (Greenwich Mean Time),0,0,0.0649,0
Tue Dec 10 2024 02:00:00 GMT+0000 (Greenwich Mean Time),0,0,0.0649,0
Tue Dec 10 2024 03:00:00 GMT+0000 (Greenwich Mean Time),0,0,0.0649,0
Tue Dec 10 2024 04:00:00 GMT+0000 (Greenwich Mean Time),0,0,0.065,12801.16359921851
Tue Dec 10 2024 05:00:00 GMT+0000 (Greenwich Mean Time),0,0,0.065,0
Tue Dec 10 2024 06:00:00 GMT+0000 (Greenwich Mean Time),0,0,0.065,0
Tue Dec 10 2024 07:00:00 GMT+0000 (Greenwich Mean Time),0,0,0.065,0
Tue Dec 10 2024 08:00:00 GMT+0000 (Greenwich Mean Time),0,0,0.065,2336.0349796738633
Tue Dec 10 2024 09:00:00 GMT+0000 (Greenwich Mean Time),0,0,0.065,0
Tue Dec 10 2024 10:00:00 GMT+0000 (Greenwich Mean Time),0,0,0.065,0
Tue Dec 10 2024 11:00:00 GMT+0000 (Greenwich Mean Time),0,0,0.0658,365833.1582862998
Tue Dec 10 2024 12:00:00 GMT+0000 (Greenwich Mean Time),0,0,0.0671,197917.19689890105
Tue Dec 10 2024 13:00:00 GMT+0000 (Greenwich Mean Time),0,0,0.0671,0
Tue Dec 10 2024 14:00:00 GMT+0000 (Greenwich Mean Time),0,0,0.0671,0
Tue Dec 10 2024 15:00:00 GMT+0000 (Greenwich Mean Time),0,0,0.0671,0
Tue Dec 10 2024 16:00:00 GMT+0000 (Greenwich Mean Time),0,0,0.0671,0
Tue Dec 10 2024 17:00:00 GMT+0000 (Greenwich Mean Time),0,0,0.0671,0
Tue Dec 10 2024 18:00:00 GMT+0000 (Greenwich Mean Time),0,0,0.0671,0
Tue Dec 10 2024 19:00:00 GMT+0000 (Greenwich Mean Time),0,0,0.0671,0
Tue Dec 10 2024 20:00:00 GMT+0000 (Greenwich Mean Time),0,0,0.0671,0
Tue Dec 10 2024 21:00:00 GMT+0000 (Greenwich Mean Time),0,0,0.0671,0
Tue Dec 10 2024 22:00:00 GMT+0000 (Greenwich Mean Time),0,0,0.0674,33051.82743871019
Tue Dec 10 2024 23:00:00 GMT+0000 (Greenwich Mean Time),0,0,0.0674,0
Wed Dec 11 2024 00:00:00 GMT+0000 (Greenwich Mean Time),0,0,0.0674,0
Wed Dec 11 2024 01:00:00 GMT+0000 (Greenwich Mean Time),0,0,0.0674,0
Wed Dec 11 2024 02:00:00 GMT+0000 (Greenwich Mean Time),0,0,0.0674,0
Wed Dec 11 2024 03:00:00 GMT+0000 (Greenwich Mean Time),0,0,0.0674,0
Wed Dec 11 2024 04:00:00 GMT+0000 (Greenwich Mean Time),0,0,0.0674,0
Wed Dec 11 2024 05:00:00 GMT+0000 (Greenwich Mean Time),0,0,0.0674,1718.7343075040617
Wed Dec 11 2024 06:00:00 GMT+0000 (Greenwich Mean Time),0,0,0.0674,0
Wed Dec 11 2024 07:00:00 GMT+0000 (Greenwich Mean Time),0,0,0.0674,0
Wed Dec 11 2024 08:00:00 GMT+0000 (Greenwich Mean Time),0,0,0.0674,0
Wed Dec 11 2024 09:00:00 GMT+0000 (Greenwich Mean Time),0,0,0.0675,13142.179495438408
Wed Dec 11 2024 10:00:00 GMT+0000 (Greenwich Mean Time),0,0,0.0673,24507.703276928987
Wed Dec 11 2024 11:00:00 GMT+0000 (Greenwich Mean Time),0,0,0.0673,0
Wed Dec 11 2024 12:00:00 GMT+0000 (Greenwich Mean Time),0,0,0.0673,0
Wed Dec 11 2024 13:00:00 GMT+0000 (Greenwich Mean Time),0,0,0.0673,0
Wed Dec 11 2024 14:00:00 GMT+0000 (Greenwich Mean Time),0,0,0.0673,0
Wed Dec 11 2024 15:00:00 GMT+0000 (Greenwich Mean Time),0,0,0.0673,0
Wed Dec 11 2024 16:00:00 GMT+0000 (Greenwich Mean Time),0,0,0.0673,0
Wed Dec 11 2024 17:00:00 GMT+0000 (Greenwich Mean Time),0,0,0.0673,0
Wed Dec 11 2024 18:00:00 GMT+0000 (Greenwich Mean Time),0,0,0.0673,0
Wed Dec 11 2024 19:00:00 GMT+0000 (Greenwich Mean Time),0,0,0.0673,0
Wed Dec 11 2024 20:00:00 GMT+0000 (Greenwich Mean Time),0,0,0.0673,0
Wed Dec 11 2024 21:00:00 GMT+0000 (Greenwich Mean Time),0,0,0.0673,0
Wed Dec 11 2024 22:00:00 GMT+0000 (Greenwich Mean Time),0,0,0.0673,0
Wed Dec 11 2024 23:00:00 GMT+0000 (Greenwich Mean Time),0,0,0.0673,0
Thu Dec 12 2024 00:00:00 GMT+0000 (Greenwich Mean Time),0,0,0.0673,0
Thu Dec 12 2024 01:00:00 GMT+0000 (Greenwich Mean Time),0,0,0.0673,0
Thu Dec 12 2024 02:00:00 GMT+0000 (Greenwich Mean Time),0,0,0.0673,0
Thu Dec 12 2024 03:00:00 GMT+0000 (Greenwich Mean Time),0,0,0.07,764217.228455913
Thu Dec 12 2024 04:00:00 GMT+0000 (Greenwich Mean Time),0,0,0.07,0
Thu Dec 12 2024 05:00:00 GMT+0000 (Greenwich Mean Time),0,0,0.07,0
Thu Dec 12 2024 06:00:00 GMT+0000 (Greenwich Mean Time),0,0,0.07,0
Thu Dec 12 2024 07:00:00 GMT+0000 (Greenwich Mean Time),0,0,0.07,0
Thu Dec 12 2024 08:00:00 GMT+0000 (Greenwich Mean Time),0,0,0.07,0
Thu Dec 12 2024 09:00:00 GMT+0000 (Greenwich Mean Time),0,0,0.07,0
Thu Dec 12 2024 10:00:00 GMT+0000 (Greenwich Mean Time),0,0,0.0713,202524.632288523
Thu Dec 12 2024 11:00:00 GMT+0000 (Greenwich Mean Time),0,0,0.0713,0
Thu Dec 12 2024 12:00:00 GMT+0000 (Greenwich Mean Time),0,0,0.0713,0
Thu Dec 12 2024 13:00:00 GMT+0000 (Greenwich Mean Time),0,0,0.0713,3339.949084267259
Thu Dec 12 2024 14:00:00 GMT+0000 (Greenwich Mean Time),0,0,0.0713,0
Thu Dec 12 2024 15:00:00 GMT+0000 (Greenwich Mean Time),0,0,0.0713,0
Thu Dec 12 2024 16:00:00 GMT+0000 (Greenwich Mean Time),0,0,0.0713,0
Thu Dec 12 2024 17:00:00 GMT+0000 (Greenwich Mean Time),0,0,0.0713,0
Thu Dec 12 2024 18:00:00 GMT+0000 (Greenwich Mean Time),0,0,0.0713,0
Thu Dec 12 2024 19:00:00 GMT+0000 (Greenwich Mean Time),0,0,0.0713,0
Thu Dec 12 2024 20:00:00 GMT+0000 (Greenwich Mean Time),0,0,0.0713,0
Thu Dec 12 2024 21:00:00 GMT+0000 (Greenwich Mean Time),0,0,0.0713,0
Thu Dec 12 2024 22:00:00 GMT+0000 (Greenwich Mean Time),0,0,0.0713,0
Thu Dec 12 2024 23:00:00 GMT+0000 (Greenwich Mean Time),0,0,0.0713,0
Fri Dec 13 2024 00:00:00 GMT+0000 (Greenwich Mean Time),0,0,0.0713,0
Fri Dec 13 2024 01:00:00 GMT+0000 (Greenwich Mean Time),0,0,0.0713,0
Fri Dec 13 2024 02:00:00 GMT+0000 (Greenwich Mean Time),0,0,0.0715,20387.207711629348
Fri Dec 13 2024 03:00:00 GMT+0000 (Greenwich Mean Time),0,0,0.0715,199.01362880868805
Fri Dec 13 2024 04:00:00 GMT+0000 (Greenwich Mean Time),0,0,0.0715,0
Fri Dec 13 2024 05:00:00 GMT+0000 (Greenwich Mean Time),0,0,0.0716,19998.79758590234
Fri Dec 13 2024 06:00:00 GMT+0000 (Greenwich Mean Time),0,0,0.0716,0
Fri Dec 13 2024 07:00:00 GMT+0000 (Greenwich Mean Time),0,0,0.0716,0
Fri Dec 13 2024 08:00:00 GMT+0000 (Greenwich Mean Time),0,0,0.0716,0
Fri Dec 13 2024 09:00:00 GMT+0000 (Greenwich Mean Time),0,0,0.0716,0
Fri Dec 13 2024 10:00:00 GMT+0000 (Greenwich Mean Time),0,0,0.0716,0
Fri Dec 13 2024 11:00:00 GMT+0000 (Greenwich Mean Time),0,0,0.0716,0
Fri Dec 13 2024 12:00:00 GMT+0000 (Greenwich Mean Time),0,0,0.0716,0
Fri Dec 13 2024 13:00:00 GMT+0000 (Greenwich Mean Time),0,0,0.0716,0
Fri Dec 13 2024 14:00:00 GMT+0000 (Greenwich Mean Time),0,0,0.0716,0
Fri Dec 13 2024 15:00:00 GMT+0000 (Greenwich Mean Time),0,0,0.0717,19563.380301114958
Fri Dec 13 2024 16:00:00 GMT+0000 (Greenwich Mean Time),0,0,0.0717,0
Fri Dec 13 2024 17:00:00 GMT+0000 (Greenwich Mean Time),0,0,0.0717,0
Fri Dec 13 2024 18:00:00 GMT+0000 (Greenwich Mean Time),0,0,0.0717,0
Fri Dec 13 2024 19:00:00 GMT+0000 (Greenwich Mean Time),0,0,0.0717,0
Fri Dec 13 2024 20:00:00 GMT+0000 (Greenwich Mean Time),0,0,0.0717,0
Fri Dec 13 2024 21:00:00 GMT+0000 (Greenwich Mean Time),0,0,0.0717,0
Fri Dec 13 2024 22:00:00 GMT+0000 (Greenwich Mean Time),0,0,0.0717,0
Fri Dec 13 2024 23:00:00 GMT+0000 (Greenwich Mean Time),0,0,0.0717,0
Sat Dec 14 2024 00:00:00 GMT+0000 (Greenwich Mean Time),0,0,0.0718,15220.442696918795
Sat Dec 14 2024 01:00:00 GMT+0000 (Greenwich Mean Time),0,0,0.0693,379782.5354655256
Sat Dec 14 2024 02:00:00 GMT+0000 (Greenwich Mean Time),0,0,0.0694,3297.8138508099814
Sat Dec 14 2024 03:00:00 GMT+0000 (Greenwich Mean Time),0,0,0.0694,0
Sat Dec 14 2024 04:00:00 GMT+0000 (Greenwich Mean Time),0,0,0.0694,0
Sat Dec 14 2024 05:00:00 GMT+0000 (Greenwich Mean Time),0,0,0.0694,0
Sat Dec 14 2024 06:00:00 GMT+0000 (Greenwich Mean Time),0,0,0.0694,0
Sat Dec 14 2024 07:00:00 GMT+0000 (Greenwich Mean Time),0,0,0.0694,0
Sat Dec 14 2024 08:00:00 GMT+0000 (Greenwich Mean Time),0,0,0.0694,1337.9603297384601
Sat Dec 14 2024 09:00:00 GMT+0000 (Greenwich Mean Time),0,0,0.0694,0
Sat Dec 14 2024 10:00:00 GMT+0000 (Greenwich Mean Time),0,0,0.0694,0
Sat Dec 14 2024 11:00:00 GMT+0000 (Greenwich Mean Time),0,0,0.0694,0
Sat Dec 14 2024 12:00:00 GMT+0000 (Greenwich Mean Time),0,0,0.0694,4682.101171525874
Sat Dec 14 2024 13:00:00 GMT+0000 (Greenwich Mean Time),0,0,0.0694,0
Sat Dec 14 2024 14:00:00 GMT+0000 (Greenwich Mean Time),0,0,0.0694,0
Sat Dec 14 2024 15:00:00 GMT+0000 (Greenwich Mean Time),0,0,0.0694,0
Sat Dec 14 2024 16:00:00 GMT+0000 (Greenwich Mean Time),0,0,0.0694,4920.60611713158
Sat Dec 14 2024 17:00:00 GMT+0000 (Greenwich Mean Time),0,0,0.0694,0
Sat Dec 14 2024 18:00:00 GMT+0000 (Greenwich Mean Time),0,0,0.0694,0
Sat Dec 14 2024 19:00:00 GMT+0000 (Greenwich Mean Time),0,0,0.0694,0
Sat Dec 14 2024 20:00:00 GMT+0000 (Greenwich Mean Time),0,0,0.0694,0
Sat Dec 14 2024 21:00:00 GMT+0000 (Greenwich Mean Time),0,0,0.0694,0
Sat Dec 14 2024 22:00:00 GMT+0000 (Greenwich Mean Time),0,0,0.0694,0
Sat Dec 14 2024 23:00:00 GMT+0000 (Greenwich Mean Time),0,0,0.0694,0
Sun Dec 15 2024 00:00:00 GMT+0000 (Greenwich Mean Time),0,0,0.0694,0
Sun Dec 15 2024 01:00:00 GMT+0000 (Greenwich Mean Time),0,0,0.0694,191.26716181525012
Sun Dec 15 2024 02:00:00 GMT+0000 (Greenwich Mean Time),0,0,0.0701,106779.4386772519
Sun Dec 15 2024 03:00:00 GMT+0000 (Greenwich Mean Time),0,0,0.0701,0
Sun Dec 15 2024 04:00:00 GMT+0000 (Greenwich Mean Time),0,0,0.0711,141116.40974799663
Sun Dec 15 2024 05:00:00 GMT+0000 (Greenwich Mean Time),0,0,0.071,16017.994778529908
Sun Dec 15 2024 06:00:00 GMT+0000 (Greenwich Mean Time),0,0,0.071,0
Sun Dec 15 2024 07:00:00 GMT+0000 (Greenwich Mean Time),0,0,0.071,0
Sun Dec 15 2024 08:00:00 GMT+0000 (Greenwich Mean Time),0,0,0.071,253.04815093813048
Sun Dec 15 2024 09:00:00 GMT+0000 (Greenwich Mean Time),0,0,0.071,0
Sun Dec 15 2024 10:00:00 GMT+0000 (Greenwich Mean Time),0,0,0.0724,376137.099768337
Sun Dec 15 2024 11:00:00 GMT+0000 (Greenwich Mean Time),0,0,0.0724,3.8415001802111743
Sun Dec 15 2024 12:00:00 GMT+0000 (Greenwich Mean Time),0,0,0.0724,0
Sun Dec 15 2024 13:00:00 GMT+0000 (Greenwich Mean Time),0,0,0.0724,0
Sun Dec 15 2024 14:00:00 GMT+0000 (Greenwich Mean Time),0,0,0.0724,0
Sun Dec 15 2024 15:00:00 GMT+0000 (Greenwich Mean Time),0,0,0.0724,0
Sun Dec 15 2024 16:00:00 GMT+0000 (Greenwich Mean Time),0,0,0.0724,0
Sun Dec 15 2024 17:00:00 GMT+0000 (Greenwich Mean Time),0,0,0.0724,0
Sun Dec 15 2024 18:00:00 GMT+0000 (Greenwich Mean Time),0,0,0.0724,0
Sun Dec 15 2024 19:00:00 GMT+0000 (Greenwich Mean Time),0,0,0.0724,0
Sun Dec 15 2024 20:00:00 GMT+0000 (Greenwich Mean Time),0,0,0.0724,0
Sun Dec 15 2024 21:00:00 GMT+0000 (Greenwich Mean Time),0,0,0.0724,0
Sun Dec 15 2024 22:00:00 GMT+0000 (Greenwich Mean Time),0,0,0.0724,0
Sun Dec 15 2024 23:00:00 GMT+0000 (Greenwich Mean Time),0,0,0.0724,0
Mon Dec 16 2024 00:00:00 GMT+0000 (Greenwich Mean Time),0,0,0.0724,0
Mon Dec 16 2024 01:00:00 GMT+0000 (Greenwich Mean Time),0,0,0.0724,0
Mon Dec 16 2024 02:00:00 GMT+0000 (Greenwich Mean Time),0,0,0.0724,0
Mon Dec 16 2024 03:00:00 GMT+0000 (Greenwich Mean Time),0,0,0.0724,2085.3462339168977
Mon Dec 16 2024 04:00:00 GMT+0000 (Greenwich Mean Time),0,0,0.0724,2696.4438994377874
Mon Dec 16 2024 05:00:00 GMT+0000 (Greenwich Mean Time),0,0,0.0724,0
Mon Dec 16 2024 06:00:00 GMT+0000 (Greenwich Mean Time),0,0,0.0724,0
Mon Dec 16 2024 07:00:00 GMT+0000 (Greenwich Mean Time),0,0,0.0724,0
Mon Dec 16 2024 08:00:00 GMT+0000 (Greenwich Mean Time),0,0,0.0724,0
Mon Dec 16 2024 09:00:00 GMT+0000 (Greenwich Mean Time),0,0,0.0724,59.10165421275221
Mon Dec 16 2024 10:00:00 GMT+0000 (Greenwich Mean Time),0,0,0.0724,0
Mon Dec 16 2024 11:00:00 GMT+0000 (Greenwich Mean Time),0,0,0.0724,0
Mon Dec 16 2024 12:00:00 GMT+0000 (Greenwich Mean Time),0,0,0.0724,0
Mon Dec 16 2024 13:00:00 GMT+0000 (Greenwich Mean Time),0,0,0.0724,0
Mon Dec 16 2024 14:00:00 GMT+0000 (Greenwich Mean Time),0,0,0.0724,0
Mon Dec 16 2024 15:00:00 GMT+0000 (Greenwich Mean Time),0,0,0.0724,0
Mon Dec 16 2024 16:00:00 GMT+0000 (Greenwich Mean Time),0,0,0.0724,0
Mon Dec 16 2024 17:00:00 GMT+0000 (Greenwich Mean Time),0,0,0.0724,0
Mon Dec 16 2024 18:00:00 GMT+0000 (Greenwich Mean Time),0,0,0.0724,0
Mon Dec 16 2024 19:00:00 GMT+0000 (Greenwich Mean Time),0,0,0.0724,0
Mon Dec 16 2024 20:00:00 GMT+0000 (Greenwich Mean Time),0,0,0.0724,0
Mon Dec 16 2024 21:00:00 GMT+0000 (Greenwich Mean Time),0,0,0.0724,0
Mon Dec 16 2024 22:00:00 GMT+0000 (Greenwich Mean Time),0,0,0.0724,0
Mon Dec 16 2024 23:00:00 GMT+0000 (Greenwich Mean Time),0,0,0.0724,0
Tue Dec 17 2024 00:00:00 GMT+0000 (Greenwich Mean Time),0,0,0.0724,0
Tue Dec 17 2024 01:00:00 GMT+0000 (Greenwich Mean Time),0,0,0.0724,0
Tue Dec 17 2024 02:00:00 GMT+0000 (Greenwich Mean Time),0,0,0.0724,0
Tue Dec 17 2024 03:00:00 GMT+0000 (Greenwich Mean Time),0,0,0.0724,722.424443567388
Tue Dec 17 2024 04:00:00 GMT+0000 (Greenwich Mean Time),0,0,0.0724,0
Tue Dec 17 2024 05:00:00 GMT+0000 (Greenwich Mean Time),0,0,0.0724,0
Tue Dec 17 2024 06:00:00 GMT+0000 (Greenwich Mean Time),0,0,0.0724,0
Tue Dec 17 2024 07:00:00 GMT+0000 (Greenwich Mean Time),0,0,0.0724,0
Tue Dec 17 2024 08:00:00 GMT+0000 (Greenwich Mean Time),0,0,0.0724,0
Tue Dec 17 2024 09:00:00 GMT+0000 (Greenwich Mean Time),0,0,0.0724,0
Tue Dec 17 2024 10:00:00 GMT+0000 (Greenwich Mean Time),0,0,0.0724,0
Tue Dec 17 2024 11:00:00 GMT+0000 (Greenwich Mean Time),0,0,0.0724,0
Tue Dec 17 2024 12:00:00 GMT+0000 (Greenwich Mean Time),0,0,0.0724,0
Tue Dec 17 2024 13:00:00 GMT+0000 (Greenwich Mean Time),0,0,0.0724,0
Tue Dec 17 2024 14:00:00 GMT+0000 (Greenwich Mean Time),0,0,0.0724,0
Tue Dec 17 2024 15:00:00 GMT+0000 (Greenwich Mean Time),0,0,0.0724,0
Tue Dec 17 2024 16:00:00 GMT+0000 (Greenwich Mean Time),0,0,0.0724,0
Tue Dec 17 2024 17:00:00 GMT+0000 (Greenwich Mean Time),0,0,0.0724,0
Tue Dec 17 2024 18:00:00 GMT+0000 (Greenwich Mean Time),0,0,0.0724,0
Tue Dec 17 2024 19:00:00 GMT+0000 (Greenwich Mean Time),0,0,0.0724,0
Tue Dec 17 2024 20:00:00 GMT+0000 (Greenwich Mean Time),0,0,0.0724,492.69343767803997
Tue Dec 17 2024 21:00:00 GMT+0000 (Greenwich Mean Time),0,0,0.0724,0
Tue Dec 17 2024 22:00:00 GMT+0000 (Greenwich Mean Time),0,0,0.0724,0
Tue Dec 17 2024 23:00:00 GMT+0000 (Greenwich Mean Time),0,0,0.0724,0
Wed Dec 18 2024 00:00:00 GMT+0000 (Greenwich Mean Time),0,0,0.0724,0
Wed Dec 18 2024 01:00:00 GMT+0000 (Greenwich Mean Time),0,0,0.0724,0
Wed Dec 18 2024 02:00:00 GMT+0000 (Greenwich Mean Time),0,0,0.0724,0
Wed Dec 18 2024 03:00:00 GMT+0000 (Greenwich Mean Time),0,0,0.0724,0
Wed Dec 18 2024 04:00:00 GMT+0000 (Greenwich Mean Time),0,0,0.0724,0
Wed Dec 18 2024 05:00:00 GMT+0000 (Greenwich Mean Time),0,0,0.0724,0
Wed Dec 18 2024 06:00:00 GMT+0000 (Greenwich Mean Time),0,0,0.0724,0
Wed Dec 18 2024 07:00:00 GMT+0000 (Greenwich Mean Time),0,0,0.0724,0
Wed Dec 18 2024 08:00:00 GMT+0000 (Greenwich Mean Time),0,0,0.0724,0
Wed Dec 18 2024 09:00:00 GMT+0000 (Greenwich Mean Time),0,0,0.0724,1999.0302353830407
Wed Dec 18 2024 10:00:00 GMT+0000 (Greenwich Mean Time),0,0,0.0724,0
Wed Dec 18 2024 11:00:00 GMT+0000 (Greenwich Mean Time),0,0,0.0724,0
Wed Dec 18 2024 12:00:00 GMT+0000 (Greenwich Mean Time),0,0,0.0724,0
Wed Dec 18 2024 13:00:00 GMT+0000 (Greenwich Mean Time),0,0,0.0724,0
Wed Dec 18 2024 14:00:00 GMT+0000 (Greenwich Mean Time),0,0,0.0724,0
Wed Dec 18 2024 15:00:00 GMT+0000 (Greenwich Mean Time),0,0,0.0724,0
Wed Dec 18 2024 16:00:00 GMT+0000 (Greenwich Mean Time),0,0,0.0724,0
Wed Dec 18 2024 17:00:00 GMT+0000 (Greenwich Mean Time),0,0,0.0724,0
Wed Dec 18 2024 18:00:00 GMT+0000 (Greenwich Mean Time),0,0,0.0724,0
Wed Dec 18 2024 19:00:00 GMT+0000 (Greenwich Mean Time),0,0,0.0724,0
Wed Dec 18 2024 20:00:00 GMT+0000 (Greenwich Mean Time),0,0,0.0724,0
Wed Dec 18 2024 21:00:00 GMT+0000 (Greenwich Mean Time),0,0,0.0724,0
Wed Dec 18 2024 22:00:00 GMT+0000 (Greenwich Mean Time),0,0,0.0724,0
Wed Dec 18 2024 23:00:00 GMT+0000 (Greenwich Mean Time),0,0,0.0724,0
Thu Dec 19 2024 00:00:00 GMT+0000 (Greenwich Mean Time),0,0,0.0724,0
Thu Dec 19 2024 01:00:00 GMT+0000 (Greenwich Mean Time),0,0,0.0724,0
Thu Dec 19 2024 02:00:00 GMT+0000 (Greenwich Mean Time),0,0,0.0724,0
Thu Dec 19 2024 03:00:00 GMT+0000 (Greenwich Mean Time),0,0,0.0724,0
Thu Dec 19 2024 04:00:00 GMT+0000 (Greenwich Mean Time),0,0,0.0724,0
Thu Dec 19 2024 05:00:00 GMT+0000 (Greenwich Mean Time),0,0,0.0724,0
Thu Dec 19 2024 06:00:00 GMT+0000 (Greenwich Mean Time),0,0,0.0724,0
Thu Dec 19 2024 07:00:00 GMT+0000 (Greenwich Mean Time),0,0,0.0724,0
Thu Dec 19 2024 08:00:00 GMT+0000 (Greenwich Mean Time),0,0,0.0724,0
Thu Dec 19 2024 09:00:00 GMT+0000 (Greenwich Mean Time),0,0,0.0732,113927.05688969162
Thu Dec 19 2024 10:00:00 GMT+0000 (Greenwich Mean Time),0,0,0.0732,0
Thu Dec 19 2024 11:00:00 GMT+0000 (Greenwich Mean Time),0,0,0.0732,0
Thu Dec 19 2024 12:00:00 GMT+0000 (Greenwich Mean Time),0,0,0.0734,28887.85669452481
Thu Dec 19 2024 13:00:00 GMT+0000 (Greenwich Mean Time),0,0,0.0734,0
Thu Dec 19 2024 14:00:00 GMT+0000 (Greenwich Mean Time),0,0,0.0734,0
Thu Dec 19 2024 15:00:00 GMT+0000 (Greenwich Mean Time),0,0,0.0734,0
Thu Dec 19 2024 16:00:00 GMT+0000 (Greenwich Mean Time),0,0,0.0734,0
Thu Dec 19 2024 17:00:00 GMT+0000 (Greenwich Mean Time),0,0,0.0734,0
Thu Dec 19 2024 18:00:00 GMT+0000 (Greenwich Mean Time),0,0,0.0734,0
Thu Dec 19 2024 19:00:00 GMT+0000 (Greenwich Mean Time),0,0,0.0734,1764.808165292897
Thu Dec 19 2024 20:00:00 GMT+0000 (Greenwich Mean Time),0,0,0.0734,0
Thu Dec 19 2024 21:00:00 GMT+0000 (Greenwich Mean Time),0,0,0.0734,0
Thu Dec 19 2024 22:00:00 GMT+0000 (Greenwich Mean Time),0,0,0.0734,0
Thu Dec 19 2024 23:00:00 GMT+0000 (Greenwich Mean Time),0,0,0.0734,0
Fri Dec 20 2024 00:00:00 GMT+0000 (Greenwich Mean Time),0,0,0.0734,0
Fri Dec 20 2024 01:00:00 GMT+0000 (Greenwich Mean Time),0,0,0.0734,0
Fri Dec 20 2024 02:00:00 GMT+0000 (Greenwich Mean Time),0,0,0.0734,0
Fri Dec 20 2024 03:00:00 GMT+0000 (Greenwich Mean Time),0,0,0.0734,0
Fri Dec 20 2024 04:00:00 GMT+0000 (Greenwich Mean Time),0,0,0.0734,4659.613980313785
Fri Dec 20 2024 05:00:00 GMT+0000 (Greenwich Mean Time),0,0,0.0734,592.1115119015938
Fri Dec 20 2024 06:00:00 GMT+0000 (Greenwich Mean Time),0,0,0.0736,32660.177960711844
Fri Dec 20 2024 07:00:00 GMT+0000 (Greenwich Mean Time),0,0,0.0736,0
Fri Dec 20 2024 08:00:00 GMT+0000 (Greenwich Mean Time),0,0,0.0736,353.55758179570984
Fri Dec 20 2024 09:00:00 GMT+0000 (Greenwich Mean Time),0,0,0.0738,21940.54173160899
Fri Dec 20 2024 10:00:00 GMT+0000 (Greenwich Mean Time),0,0,0.0738,0
Fri Dec 20 2024 11:00:00 GMT+0000 (Greenwich Mean Time),0,0,0.0738,0
Fri Dec 20 2024 12:00:00 GMT+0000 (Greenwich Mean Time),0,0,0.0738,0
Fri Dec 20 2024 13:00:00 GMT+0000 (Greenwich Mean Time),0,0,0.0738,0
Fri Dec 20 2024 14:00:00 GMT+0000 (Greenwich Mean Time),0,0,0.0738,0
Fri Dec 20 2024 15:00:00 GMT+0000 (Greenwich Mean Time),0,0,0.0738,0
Fri Dec 20 2024 16:00:00 GMT+0000 (Greenwich Mean Time),0,0,0.0738,0
Fri Dec 20 2024 17:00:00 GMT+0000 (Greenwich Mean Time),0,0,0.0738,0
Fri Dec 20 2024 18:00:00 GMT+0000 (Greenwich Mean Time),0,0,0.0738,0
Fri Dec 20 2024 19:00:00 GMT+0000 (Greenwich Mean Time),0,0,0.0738,0
Fri Dec 20 2024 20:00:00 GMT+0000 (Greenwich Mean Time),0,0,0.0738,0
Fri Dec 20 2024 21:00:00 GMT+0000 (Greenwich Mean Time),0,0,0.0749,148653.1941818371
Fri Dec 20 2024 22:00:00 GMT+0000 (Greenwich Mean Time),0,0,0.0749,0
Fri Dec 20 2024 23:00:00 GMT+0000 (Greenwich Mean Time),0,0,0.0749,0
Sat Dec 21 2024 00:00:00 GMT+0000 (Greenwich Mean Time),0,0,0.0749,0
Sat Dec 21 2024 01:00:00 GMT+0000 (Greenwich Mean Time),0,0,0.0783,474900.6722987611
Sat Dec 21 2024 02:00:00 GMT+0000 (Greenwich Mean Time),0,0,0.0783,130.24444206343892
Sat Dec 21 2024 03:00:00 GMT+0000 (Greenwich Mean Time),0,0,0.0783,0
Sat Dec 21 2024 04:00:00 GMT+0000 (Greenwich Mean Time),0,0,0.0783,0
Sat Dec 21 2024 05:00:00 GMT+0000 (Greenwich Mean Time),0,0,0.0783,3802.3639562339895
Sat Dec 21 2024 06:00:00 GMT+0000 (Greenwich Mean Time),0,0,0.0783,0
Sat Dec 21 2024 07:00:00 GMT+0000 (Greenwich Mean Time),0,0,0.0785,26147.40191050614
Sat Dec 21 2024 08:00:00 GMT+0000 (Greenwich Mean Time),0,0,0.0786,0
Sat Dec 21 2024 09:00:00 GMT+0000 (Greenwich Mean Time),0,0,0.0785,0
Sat Dec 21 2024 10:00:00 GMT+0000 (Greenwich Mean Time),0,0,0.0785,0
Sat Dec 21 2024 11:00:00 GMT+0000 (Greenwich Mean Time),0,0,0.0785,0
Sat Dec 21 2024 12:00:00 GMT+0000 (Greenwich Mean Time),0,0,0.0785,0
Sat Dec 21 2024 13:00:00 GMT+0000 (Greenwich Mean Time),0,0,0.0785,0
Sat Dec 21 2024 14:00:00 GMT+0000 (Greenwich Mean Time),0,0,0.0785,0
Sat Dec 21 2024 15:00:00 GMT+0000 (Greenwich Mean Time),0,0,0.0785,0
Sat Dec 21 2024 16:00:00 GMT+0000 (Greenwich Mean Time),0,0,0.0785,943.4579959963426
Sat Dec 21 2024 17:00:00 GMT+0000 (Greenwich Mean Time),0,0,0.0791,80719.08614758874
Sat Dec 21 2024 18:00:00 GMT+0000 (Greenwich Mean Time),0,0,0.0802,139386.95001484617
Sat Dec 21 2024 19:00:00 GMT+0000 (Greenwich Mean Time),0,0,0.0808,79817.05729909395
Sat Dec 21 2024 20:00:00 GMT+0000 (Greenwich Mean Time),0,0,0.0813,78593.08974442224
Sat Dec 21 2024 21:00:00 GMT+0000 (Greenwich Mean Time),0,0,0.0813,0
Sat Dec 21 2024 22:00:00 GMT+0000 (Greenwich Mean Time),0,0,0.0813,0
Sat Dec 21 2024 23:00:00 GMT+0000 (Greenwich Mean Time),0,0,0.0813,0
Sun Dec 22 2024 00:00:00 GMT+0000 (Greenwich Mean Time),0,0,0.0815,19382.793642366
Sun Dec 22 2024 01:00:00 GMT+0000 (Greenwich Mean Time),0,0,0.0815,0
Sun Dec 22 2024 02:00:00 GMT+0000 (Greenwich Mean Time),0,0,0.0815,0
Sun Dec 22 2024 03:00:00 GMT+0000 (Greenwich Mean Time),0,0,0.0815,664.736905485649
Sun Dec 22 2024 04:00:00 GMT+0000 (Greenwich Mean Time),0,0,0.0815,135.45250552203638
Sun Dec 22 2024 05:00:00 GMT+0000 (Greenwich Mean Time),0,0,0.0815,0
Sun Dec 22 2024 06:00:00 GMT+0000 (Greenwich Mean Time),0,0,0.0817,32286.09553455813
Sun Dec 22 2024 07:00:00 GMT+0000 (Greenwich Mean Time),0,0,0.0833,218145.3394086427
Sun Dec 22 2024 08:00:00 GMT+0000 (Greenwich Mean Time),0,0,0.0834,4695.795030347854
Sun Dec 22 2024 09:00:00 GMT+0000 (Greenwich Mean Time),0,0,0.0836,29610.91365495946
Sun Dec 22 2024 10:00:00 GMT+0000 (Greenwich Mean Time),0,0,0.0836,0
Sun Dec 22 2024 11:00:00 GMT+0000 (Greenwich Mean Time),0,0,0.0835,12803.762912765498
Sun Dec 22 2024 12:00:00 GMT+0000 (Greenwich Mean Time),0,0,0.0835,0
Sun Dec 22 2024 13:00:00 GMT+0000 (Greenwich Mean Time),0,0,0.0835,0
Sun Dec 22 2024 14:00:00 GMT+0000 (Greenwich Mean Time),0,0,0.0835,5924.126458109808
Sun Dec 22 2024 15:00:00 GMT+0000 (Greenwich Mean Time),0,0,0.0835,0
Sun Dec 22 2024 16:00:00 GMT+0000 (Greenwich Mean Time),0,0,0.0835,0
Sun Dec 22 2024 17:00:00 GMT+0000 (Greenwich Mean Time),0,0,0.0835,0
Sun Dec 22 2024 18:00:00 GMT+0000 (Greenwich Mean Time),0,0,0.0835,0
Sun Dec 22 2024 19:00:00 GMT+0000 (Greenwich Mean Time),0,0,0.0835,222.81591807456894
Sun Dec 22 2024 20:00:00 GMT+0000 (Greenwich Mean Time),0,0,0.0835,0
Sun Dec 22 2024 21:00:00 GMT+0000 (Greenwich Mean Time),0,0,0.0835,0
Sun Dec 22 2024 22:00:00 GMT+0000 (Greenwich Mean Time),0,0,0.0835,0
Sun Dec 22 2024 23:00:00 GMT+0000 (Greenwich Mean Time),0,0,0.0835,0
Mon Dec 23 2024 00:00:00 GMT+0000 (Greenwich Mean Time),0,0,0.0835,97.74568315061767
Mon Dec 23 2024 01:00:00 GMT+0000 (Greenwich Mean Time),0,0,0.0835,0
Mon Dec 23 2024 02:00:00 GMT+0000 (Greenwich Mean Time),0,0,0.0836,0
Mon Dec 23 2024 03:00:00 GMT+0000 (Greenwich Mean Time),0,0,0.0835,0
Mon Dec 23 2024 04:00:00 GMT+0000 (Greenwich Mean Time),0,0,0.0835,181.02929113699983
Mon Dec 23 2024 05:00:00 GMT+0000 (Greenwich Mean Time),0,0,0.0839,52268.83462731254
Mon Dec 23 2024 06:00:00 GMT+0000 (Greenwich Mean Time),0,0,0.0839,0
Mon Dec 23 2024 07:00:00 GMT+0000 (Greenwich Mean Time),0,0,0.0839,0
Mon Dec 23 2024 08:00:00 GMT+0000 (Greenwich Mean Time),0,0,0.0846,88306.7281403478
Mon Dec 23 2024 09:00:00 GMT+0000 (Greenwich Mean Time),0,0,0.0846,0
Mon Dec 23 2024 10:00:00 GMT+0000 (Greenwich Mean Time),0,0,0.0846,0
Mon Dec 23 2024 11:00:00 GMT+0000 (Greenwich Mean Time),0,0,0.0863,236436.3180921789
Mon Dec 23 2024 12:00:00 GMT+0000 (Greenwich Mean Time),0,0,0.0876,170968.12408585456
Mon Dec 23 2024 13:00:00 GMT+0000 (Greenwich Mean Time),0,0,0.0876,0
Mon Dec 23 2024 14:00:00 GMT+0000 (Greenwich Mean Time),0,0,0.0876,0
Mon Dec 23 2024 15:00:00 GMT+0000 (Greenwich Mean Time),0,0,0.0876,0
Mon Dec 23 2024 16:00:00 GMT+0000 (Greenwich Mean Time),0,0,0.0876,0
Mon Dec 23 2024 17:00:00 GMT+0000 (Greenwich Mean Time),0,0,0.0876,0
Mon Dec 23 2024 18:00:00 GMT+0000 (Greenwich Mean Time),0,0,0.0876,0
Mon Dec 23 2024 19:00:00 GMT+0000 (Greenwich Mean Time),0,0,0.0876,0
Mon Dec 23 2024 20:00:00 GMT+0000 (Greenwich Mean Time),0,0,0.0876,0
Mon Dec 23 2024 21:00:00 GMT+0000 (Greenwich Mean Time),0,0,0.0876,0
Mon Dec 23 2024 22:00:00 GMT+0000 (Greenwich Mean Time),0,0,0.0876,0
Mon Dec 23 2024 23:00:00 GMT+0000 (Greenwich Mean Time),0,0,0.0876,0
Tue Dec 24 2024 00:00:00 GMT+0000 (Greenwich Mean Time),0,0,0.0876,0
Tue Dec 24 2024 01:00:00 GMT+0000 (Greenwich Mean Time),0,0,0.0878,28883.621691578053
Tue Dec 24 2024 02:00:00 GMT+0000 (Greenwich Mean Time),0,0,0.0878,0
Tue Dec 24 2024 03:00:00 GMT+0000 (Greenwich Mean Time),0,0,0.0878,0
Tue Dec 24 2024 04:00:00 GMT+0000 (Greenwich Mean Time),0,0,0.0878,0
Tue Dec 24 2024 05:00:00 GMT+0000 (Greenwich Mean Time),0,0,0.0874,55014.45283383231
Tue Dec 24 2024 06:00:00 GMT+0000 (Greenwich Mean Time),0,0,0.0874,0
Tue Dec 24 2024 07:00:00 GMT+0000 (Greenwich Mean Time),0,0,0.0875,8679.248713896743
Tue Dec 24 2024 08:00:00 GMT+0000 (Greenwich Mean Time),0,0,0.091,502842.7691597785
Tue Dec 24 2024 09:00:00 GMT+0000 (Greenwich Mean Time),0,0,0.091,0
Tue Dec 24 2024 10:00:00 GMT+0000 (Greenwich Mean Time),0,0,0.091,0
Tue Dec 24 2024 11:00:00 GMT+0000 (Greenwich Mean Time),0,0,0.091,1811.4287502720385
Tue Dec 24 2024 12:00:00 GMT+0000 (Greenwich Mean Time),0,0,0.091,0
Tue Dec 24 2024 13:00:00 GMT+0000 (Greenwich Mean Time),0,0,0.091,0
Tue Dec 24 2024 14:00:00 GMT+0000 (Greenwich Mean Time),0,0,0.091,0
Tue Dec 24 2024 15:00:00 GMT+0000 (Greenwich Mean Time),0,0,0.091,167.5000962568161
Tue Dec 24 2024 16:00:00 GMT+0000 (Greenwich Mean Time),0,0,0.091,0
Tue Dec 24 2024 17:00:00 GMT+0000 (Greenwich Mean Time),0,0,0.0911,6252.470680811917
Tue Dec 24 2024 18:00:00 GMT+0000 (Greenwich Mean Time),0,0,0.0912,15058.517856868619
Tue Dec 24 2024 19:00:00 GMT+0000 (Greenwich Mean Time),0,0,0.0913,18514.161715744813
Tue Dec 24 2024 20:00:00 GMT+0000 (Greenwich Mean Time),0,0,0.0913,2262.533985587592
Tue Dec 24 2024 21:00:00 GMT+0000 (Greenwich Mean Time),0,0,0.0913,0
Tue Dec 24 2024 22:00:00 GMT+0000 (Greenwich Mean Time),0,0,0.0913,0
Tue Dec 24 2024 23:00:00 GMT+0000 (Greenwich Mean Time),0,0,0.0915,28405.948384789037
Wed Dec 25 2024 00:00:00 GMT+0000 (Greenwich Mean Time),0,0,0.0915,0
Wed Dec 25 2024 01:00:00 GMT+0000 (Greenwich Mean Time),0,0,0.0917,28271.785526323125
Wed Dec 25 2024 02:00:00 GMT+0000 (Greenwich Mean Time),0,0,0.0918,17760.849253164895
Wed Dec 25 2024 03:00:00 GMT+0000 (Greenwich Mean Time),0,0,0.0918,0
Wed Dec 25 2024 04:00:00 GMT+0000 (Greenwich Mean Time),0,0,0.0919,647.9637687981082
Wed Dec 25 2024 05:00:00 GMT+0000 (Greenwich Mean Time),0,0,0.0918,165.9348362914254
Wed Dec 25 2024 06:00:00 GMT+0000 (Greenwich Mean Time),0,0,0.0918,1700.429147583133
Wed Dec 25 2024 07:00:00 GMT+0000 (Greenwich Mean Time),0,0,0.0918,480.12787484039313
Wed Dec 25 2024 08:00:00 GMT+0000 (Greenwich Mean Time),0,0,0.0918,10711.116042676987
Wed Dec 25 2024 09:00:00 GMT+0000 (Greenwich Mean Time),0,0,0.0919,47.18594964960656
Wed Dec 25 2024 10:00:00 GMT+0000 (Greenwich Mean Time),0,0,0.0919,0
Wed Dec 25 2024 11:00:00 GMT+0000 (Greenwich Mean Time),0,0,0.0919,0
Wed Dec 25 2024 12:00:00 GMT+0000 (Greenwich Mean Time),0,0,0.092,4040.3215545603425
Wed Dec 25 2024 13:00:00 GMT+0000 (Greenwich Mean Time),0,0,0.0919,0
Wed Dec 25 2024 14:00:00 GMT+0000 (Greenwich Mean Time),0,0,0.0919,0
Wed Dec 25 2024 15:00:00 GMT+0000 (Greenwich Mean Time),0,0,0.0928,120381.67967412708
Wed Dec 25 2024 16:00:00 GMT+0000 (Greenwich Mean Time),0,0,0.0928,0
Wed Dec 25 2024 17:00:00 GMT+0000 (Greenwich Mean Time),0,0,0.0928,7040.56928191017
Wed Dec 25 2024 18:00:00 GMT+0000 (Greenwich Mean Time),0,0,0.0928,821.3769708058297
Wed Dec 25 2024 19:00:00 GMT+0000 (Greenwich Mean Time),0,0,0.0928,0
Wed Dec 25 2024 20:00:00 GMT+0000 (Greenwich Mean Time),0,0,0.0928,0
Wed Dec 25 2024 21:00:00 GMT+0000 (Greenwich Mean Time),0,0,0.1539,7992244.678965018
Wed Dec 25 2024 22:00:00 GMT+0000 (Greenwich Mean Time),0,0,0.1539,0
Wed Dec 25 2024 23:00:00 GMT+0000 (Greenwich Mean Time),0,0,0.1548,0