time,underlyingApy1DMA,underlyingApy7DMA,impliedApy,volume
Thu Apr 24 2025 22:00:00 GMT+0100 (British Summer Time),0.0336,0.0291,0.0652,0
Thu Apr 24 2025 23:00:00 GMT+0100 (British Summer Time),0.0336,0.0291,0.0652,0
Fri Apr 25 2025 00:00:00 GMT+0100 (British Summer Time),0.05,0.0272,0.0652,0
Fri Apr 25 2025 01:00:00 GMT+0100 (British Summer Time),0.05,0.0272,0.0652,0
Fri Apr 25 2025 02:00:00 GMT+0100 (British Summer Time),0.05,0.0272,0.0652,0
Fri Apr 25 2025 03:00:00 GMT+0100 (British Summer Time),0.05,0.0272,0.0652,0
Fri Apr 25 2025 04:00:00 GMT+0100 (British Summer Time),0.05,0.0272,0.0652,0
Fri Apr 25 2025 05:00:00 GMT+0100 (British Summer Time),0.05,0.0272,0.0652,0
Fri Apr 25 2025 06:00:00 GMT+0100 (British Summer Time),0.05,0.0272,0.0652,0
Fri Apr 25 2025 07:00:00 GMT+0100 (British Summer Time),0.05,0.0272,0.0652,0
Fri Apr 25 2025 08:00:00 GMT+0100 (British Summer Time),0.05,0.0272,0.0652,0
Fri Apr 25 2025 09:00:00 GMT+0100 (British Summer Time),0.05,0.0272,0.0652,0
Fri Apr 25 2025 10:00:00 GMT+0100 (British Summer Time),0.05,0.0272,0.0652,0
Fri Apr 25 2025 11:00:00 GMT+0100 (British Summer Time),0.05,0.0272,0.0652,0
Fri Apr 25 2025 12:00:00 GMT+0100 (British Summer Time),0.05,0.0272,0.0652,0
Fri Apr 25 2025 13:00:00 GMT+0100 (British Summer Time),0.05,0.0272,0.0652,0
Fri Apr 25 2025 14:00:00 GMT+0100 (British Summer Time),0.05,0.0272,0.0652,0
Fri Apr 25 2025 15:00:00 GMT+0100 (British Summer Time),0.05,0.0272,0.0652,0
Fri Apr 25 2025 16:00:00 GMT+0100 (British Summer Time),0.05,0.0272,0.0652,0
Fri Apr 25 2025 17:00:00 GMT+0100 (British Summer Time),0.05,0.0272,0.0652,0
Fri Apr 25 2025 18:00:00 GMT+0100 (British Summer Time),0.05,0.0272,0.0652,0
Fri Apr 25 2025 19:00:00 GMT+0100 (British Summer Time),0.05,0.0272,0.0652,0
Fri Apr 25 2025 20:00:00 GMT+0100 (British Summer Time),0.05,0.0272,0.0652,0
Fri Apr 25 2025 21:00:00 GMT+0100 (British Summer Time),0.05,0.0272,0.0652,0
Fri Apr 25 2025 22:00:00 GMT+0100 (British Summer Time),0.05,0.0272,0.0652,0
Fri Apr 25 2025 23:00:00 GMT+0100 (British Summer Time),0.0766,0.0299,0.0652,0
Sat Apr 26 2025 00:00:00 GMT+0100 (British Summer Time),0.0253,0.0299,0.0652,0
Sat Apr 26 2025 01:00:00 GMT+0100 (British Summer Time),0.0253,0.0299,0.0652,0
Sat Apr 26 2025 02:00:00 GMT+0100 (British Summer Time),0.0253,0.0299,0.0652,0
Sat Apr 26 2025 03:00:00 GMT+0100 (British Summer Time),0.0253,0.0299,0.0652,0
Sat Apr 26 2025 04:00:00 GMT+0100 (British Summer Time),0.0253,0.0299,0.0652,0
Sat Apr 26 2025 05:00:00 GMT+0100 (British Summer Time),0.0253,0.0299,0.0652,0
Sat Apr 26 2025 06:00:00 GMT+0100 (British Summer Time),0.0253,0.0299,0.0652,0
Sat Apr 26 2025 07:00:00 GMT+0100 (British Summer Time),0.0253,0.0299,0.0652,0
Sat Apr 26 2025 08:00:00 GMT+0100 (British Summer Time),0.0253,0.0299,0.0652,0
Sat Apr 26 2025 09:00:00 GMT+0100 (British Summer Time),0.0253,0.0299,0.0652,0
Sat Apr 26 2025 10:00:00 GMT+0100 (British Summer Time),0.0253,0.0299,0.0652,0
Sat Apr 26 2025 11:00:00 GMT+0100 (British Summer Time),0.0253,0.0299,0.0652,0
Sat Apr 26 2025 12:00:00 GMT+0100 (British Summer Time),0.0253,0.0299,0.0652,0
Sat Apr 26 2025 13:00:00 GMT+0100 (British Summer Time),0.0253,0.0299,0.0652,0
Sat Apr 26 2025 14:00:00 GMT+0100 (British Summer Time),0.0253,0.0299,0.0652,0
Sat Apr 26 2025 15:00:00 GMT+0100 (British Summer Time),0.0253,0.0299,0.0652,0
Sat Apr 26 2025 16:00:00 GMT+0100 (British Summer Time),0.0253,0.0299,0.0652,0
Sat Apr 26 2025 17:00:00 GMT+0100 (British Summer Time),0.0253,0.0299,0.0652,0
Sat Apr 26 2025 18:00:00 GMT+0100 (British Summer Time),0.0253,0.0299,0.0652,0
Sat Apr 26 2025 19:00:00 GMT+0100 (British Summer Time),0.0253,0.0299,0.0652,0
Sat Apr 26 2025 20:00:00 GMT+0100 (British Summer Time),0.0253,0.0299,0.0652,0
Sat Apr 26 2025 21:00:00 GMT+0100 (British Summer Time),0.0253,0.0245,0.0652,0
Sat Apr 26 2025 22:00:00 GMT+0100 (British Summer Time),0.0253,0.0245,0.0652,0
Sat Apr 26 2025 23:00:00 GMT+0100 (British Summer Time),0.0263,0.0283,0.0652,0
Sun Apr 27 2025 00:00:00 GMT+0100 (British Summer Time),0.0263,0.0283,0.0652,0
Sun Apr 27 2025 01:00:00 GMT+0100 (British Summer Time),0.0263,0.0283,0.0652,0
Sun Apr 27 2025 02:00:00 GMT+0100 (British Summer Time),0.0263,0.0283,0.0652,0
Sun Apr 27 2025 03:00:00 GMT+0100 (British Summer Time),0.0263,0.0283,0.0652,0
Sun Apr 27 2025 04:00:00 GMT+0100 (British Summer Time),0.0263,0.0283,0.0652,0
Sun Apr 27 2025 05:00:00 GMT+0100 (British Summer Time),0.0263,0.0283,0.0652,0
Sun Apr 27 2025 06:00:00 GMT+0100 (British Summer Time),0.0263,0.0283,0.0652,0
Sun Apr 27 2025 07:00:00 GMT+0100 (British Summer Time),0.0263,0.0283,0.0652,0
Sun Apr 27 2025 08:00:00 GMT+0100 (British Summer Time),0.0263,0.0283,0.0652,0
Sun Apr 27 2025 09:00:00 GMT+0100 (British Summer Time),0.0263,0.0283,0.0652,0
Sun Apr 27 2025 10:00:00 GMT+0100 (British Summer Time),0.0263,0.0283,0.0652,0
Sun Apr 27 2025 11:00:00 GMT+0100 (British Summer Time),0.0263,0.0283,0.0652,0
Sun Apr 27 2025 12:00:00 GMT+0100 (British Summer Time),0.0263,0.0283,0.0652,0
Sun Apr 27 2025 13:00:00 GMT+0100 (British Summer Time),0.0263,0.0283,0.0652,0
Sun Apr 27 2025 14:00:00 GMT+0100 (British Summer Time),0.0263,0.0283,0.0652,0
Sun Apr 27 2025 15:00:00 GMT+0100 (British Summer Time),0.0263,0.0283,0.0652,0
Sun Apr 27 2025 16:00:00 GMT+0100 (British Summer Time),0.0439,0.0308,0.0652,0
Sun Apr 27 2025 17:00:00 GMT+0100 (British Summer Time),0.0439,0.0308,0.0652,0
Sun Apr 27 2025 18:00:00 GMT+0100 (British Summer Time),0.0439,0.0308,0.0652,0
Sun Apr 27 2025 19:00:00 GMT+0100 (British Summer Time),0.0439,0.0308,0.0652,0
Sun Apr 27 2025 20:00:00 GMT+0100 (British Summer Time),0.0439,0.0308,0.0652,0
Sun Apr 27 2025 21:00:00 GMT+0100 (British Summer Time),0.0439,0.0308,0.0652,0
Sun Apr 27 2025 22:00:00 GMT+0100 (British Summer Time),0.0439,0.0308,0.0652,0
Sun Apr 27 2025 23:00:00 GMT+0100 (British Summer Time),0.0172,0.0308,0.0652,0
Mon Apr 28 2025 00:00:00 GMT+0100 (British Summer Time),0.0172,0.0274,0.0652,0
Mon Apr 28 2025 01:00:00 GMT+0100 (British Summer Time),0.0172,0.0274,0.0652,0
Mon Apr 28 2025 02:00:00 GMT+0100 (British Summer Time),0.0172,0.0274,0.0652,0
Mon Apr 28 2025 03:00:00 GMT+0100 (British Summer Time),0.0172,0.0274,0.0652,0
Mon Apr 28 2025 04:00:00 GMT+0100 (British Summer Time),0.0172,0.0274,0.0652,0
Mon Apr 28 2025 05:00:00 GMT+0100 (British Summer Time),0.0172,0.0274,0.0652,0
Mon Apr 28 2025 06:00:00 GMT+0100 (British Summer Time),0.0172,0.0274,0.0652,0
Mon Apr 28 2025 07:00:00 GMT+0100 (British Summer Time),0.0172,0.0274,0.0652,0
Mon Apr 28 2025 08:00:00 GMT+0100 (British Summer Time),0.0172,0.0274,0.0652,0
Mon Apr 28 2025 09:00:00 GMT+0100 (British Summer Time),0.0172,0.0274,0.0652,0
Mon Apr 28 2025 10:00:00 GMT+0100 (British Summer Time),0.0172,0.0274,0.0652,0
Mon Apr 28 2025 11:00:00 GMT+0100 (British Summer Time),0.0172,0.0274,0.0652,0
Mon Apr 28 2025 12:00:00 GMT+0100 (British Summer Time),0.0172,0.0274,0.0652,12.550769659962297
Mon Apr 28 2025 13:00:00 GMT+0100 (British Summer Time),0.0172,0.0274,0.0652,0
Mon Apr 28 2025 14:00:00 GMT+0100 (British Summer Time),0.0172,0.0274,0.0652,0
Mon Apr 28 2025 15:00:00 GMT+0100 (British Summer Time),0.0172,0.0274,0.0651,959.6030693960636
Mon Apr 28 2025 16:00:00 GMT+0100 (British Summer Time),0,0.0274,0.0651,0
Mon Apr 28 2025 17:00:00 GMT+0100 (British Summer Time),0,0.0274,0.0651,0
Mon Apr 28 2025 18:00:00 GMT+0100 (British Summer Time),0,0.0274,0.0651,0
Mon Apr 28 2025 19:00:00 GMT+0100 (British Summer Time),0,0.0274,0.0651,0
Mon Apr 28 2025 20:00:00 GMT+0100 (British Summer Time),0,0.0274,0.0651,0
Mon Apr 28 2025 21:00:00 GMT+0100 (British Summer Time),0,0.0274,0.0651,0
Mon Apr 28 2025 22:00:00 GMT+0100 (British Summer Time),0,0.0274,0.0651,0
Mon Apr 28 2025 23:00:00 GMT+0100 (British Summer Time),0,0.0274,0.0651,0
Tue Apr 29 2025 00:00:00 GMT+0100 (British Summer Time),0.031,0.0319,0.0651,0
Tue Apr 29 2025 01:00:00 GMT+0100 (British Summer Time),0.031,0.0319,0.0646,6002.101984151703
Tue Apr 29 2025 02:00:00 GMT+0100 (British Summer Time),0.031,0.0319,0.0646,0
Tue Apr 29 2025 03:00:00 GMT+0100 (British Summer Time),0.031,0.0319,0.0646,0
Tue Apr 29 2025 04:00:00 GMT+0100 (British Summer Time),0.031,0.0319,0.0646,0
Tue Apr 29 2025 05:00:00 GMT+0100 (British Summer Time),0.031,0.0319,0.0646,0
Tue Apr 29 2025 06:00:00 GMT+0100 (British Summer Time),0.031,0.0319,0.0646,0
Tue Apr 29 2025 07:00:00 GMT+0100 (British Summer Time),0.031,0.0319,0.0646,0
Tue Apr 29 2025 08:00:00 GMT+0100 (British Summer Time),0.031,0.0319,0.0646,0
Tue Apr 29 2025 09:00:00 GMT+0100 (British Summer Time),0.031,0.0319,0.0646,0
Tue Apr 29 2025 10:00:00 GMT+0100 (British Summer Time),0.031,0.0319,0.0646,0
Tue Apr 29 2025 11:00:00 GMT+0100 (British Summer Time),0.031,0.0319,0.0646,0
Tue Apr 29 2025 12:00:00 GMT+0100 (British Summer Time),0.031,0.0319,0.0646,0
Tue Apr 29 2025 13:00:00 GMT+0100 (British Summer Time),0.031,0.0319,0.0646,0
Tue Apr 29 2025 14:00:00 GMT+0100 (British Summer Time),0.031,0.0319,0.0646,0
Tue Apr 29 2025 15:00:00 GMT+0100 (British Summer Time),0.031,0.0319,0.0646,0
Tue Apr 29 2025 16:00:00 GMT+0100 (British Summer Time),0.031,0.0319,0.0646,0
Tue Apr 29 2025 17:00:00 GMT+0100 (British Summer Time),0.031,0.0319,0.0646,0
Tue Apr 29 2025 18:00:00 GMT+0100 (British Summer Time),0.031,0.0319,0.0646,0
Tue Apr 29 2025 19:00:00 GMT+0100 (British Summer Time),0.031,0.0319,0.0646,0
Tue Apr 29 2025 20:00:00 GMT+0100 (British Summer Time),0.031,0.0261,0.0646,0
Tue Apr 29 2025 21:00:00 GMT+0100 (British Summer Time),0.031,0.0261,0.0646,0
Tue Apr 29 2025 22:00:00 GMT+0100 (British Summer Time),0.031,0.0261,0.0646,0
Tue Apr 29 2025 23:00:00 GMT+0100 (British Summer Time),0.031,0.0261,0.0646,0
Wed Apr 30 2025 00:00:00 GMT+0100 (British Summer Time),0.0175,0.0287,0.0646,0
Wed Apr 30 2025 01:00:00 GMT+0100 (British Summer Time),0.0175,0.0287,0.0646,0
Wed Apr 30 2025 02:00:00 GMT+0100 (British Summer Time),0.0175,0.0287,0.0646,0
Wed Apr 30 2025 03:00:00 GMT+0100 (British Summer Time),0.0175,0.0287,0.0646,0
Wed Apr 30 2025 04:00:00 GMT+0100 (British Summer Time),0.0175,0.0287,0.0646,0
Wed Apr 30 2025 05:00:00 GMT+0100 (British Summer Time),0.0175,0.0287,0.0646,0
Wed Apr 30 2025 06:00:00 GMT+0100 (British Summer Time),0.0175,0.0287,0.0646,0
Wed Apr 30 2025 07:00:00 GMT+0100 (British Summer Time),0.0175,0.0287,0.0646,0
Wed Apr 30 2025 08:00:00 GMT+0100 (British Summer Time),0.0175,0.0287,0.0646,0
Wed Apr 30 2025 09:00:00 GMT+0100 (British Summer Time),0.0175,0.0287,0.0646,0
Wed Apr 30 2025 10:00:00 GMT+0100 (British Summer Time),0.0175,0.0287,0.0646,0
Wed Apr 30 2025 11:00:00 GMT+0100 (British Summer Time),0.0175,0.0287,0.0646,0
Wed Apr 30 2025 12:00:00 GMT+0100 (British Summer Time),0.0175,0.0287,0.0653,10408.837944315357
Wed Apr 30 2025 13:00:00 GMT+0100 (British Summer Time),0.0175,0.0287,0.0653,40.52048161208057
Wed Apr 30 2025 14:00:00 GMT+0100 (British Summer Time),0.0175,0.0287,0.0653,0
Wed Apr 30 2025 15:00:00 GMT+0100 (British Summer Time),0.0175,0.0287,0.0653,0
Wed Apr 30 2025 16:00:00 GMT+0100 (British Summer Time),0.0175,0.0287,0.0653,0
Wed Apr 30 2025 17:00:00 GMT+0100 (British Summer Time),0.0175,0.0287,0.0653,0
Wed Apr 30 2025 18:00:00 GMT+0100 (British Summer Time),0.0175,0.0287,0.0653,0
Wed Apr 30 2025 19:00:00 GMT+0100 (British Summer Time),0.0175,0.0287,0.0653,0
Wed Apr 30 2025 20:00:00 GMT+0100 (British Summer Time),0.0175,0.0287,0.0653,0
Wed Apr 30 2025 21:00:00 GMT+0100 (British Summer Time),0.0175,0.0287,0.0653,0
Wed Apr 30 2025 22:00:00 GMT+0100 (British Summer Time),0.0175,0.0287,0.0653,0
Wed Apr 30 2025 23:00:00 GMT+0100 (British Summer Time),0.0175,0.0287,0.0653,0
Thu May 01 2025 00:00:00 GMT+0100 (British Summer Time),0.0243,0.0273,0.0653,0
Thu May 01 2025 01:00:00 GMT+0100 (British Summer Time),0.0243,0.0273,0.0653,0
Thu May 01 2025 02:00:00 GMT+0100 (British Summer Time),0.0243,0.0273,0.0653,0
Thu May 01 2025 03:00:00 GMT+0100 (British Summer Time),0.0243,0.0273,0.0653,0
Thu May 01 2025 04:00:00 GMT+0100 (British Summer Time),0.0243,0.0273,0.0653,0
Thu May 01 2025 05:00:00 GMT+0100 (British Summer Time),0.0243,0.0273,0.0653,0
Thu May 01 2025 06:00:00 GMT+0100 (British Summer Time),0.0243,0.0273,0.0653,0
Thu May 01 2025 07:00:00 GMT+0100 (British Summer Time),0.0243,0.0273,0.0653,0
Thu May 01 2025 08:00:00 GMT+0100 (British Summer Time),0.0243,0.0273,0.0653,0
Thu May 01 2025 09:00:00 GMT+0100 (British Summer Time),0.0243,0.0273,0.0653,366.01904933512185
Thu May 01 2025 10:00:00 GMT+0100 (British Summer Time),0.0243,0.0273,0.0653,0
Thu May 01 2025 11:00:00 GMT+0100 (British Summer Time),0.0243,0.0273,0.0653,0
Thu May 01 2025 12:00:00 GMT+0100 (British Summer Time),0.0243,0.0273,0.0653,0
Thu May 01 2025 13:00:00 GMT+0100 (British Summer Time),0.0243,0.0273,0.0653,0
Thu May 01 2025 14:00:00 GMT+0100 (British Summer Time),0.0243,0.0273,0.0653,0
Thu May 01 2025 15:00:00 GMT+0100 (British Summer Time),0.0243,0.0273,0.0653,0
Thu May 01 2025 16:00:00 GMT+0100 (British Summer Time),0.0243,0.0273,0.0653,0
Thu May 01 2025 17:00:00 GMT+0100 (British Summer Time),0.0243,0.0273,0.0653,0
Thu May 01 2025 18:00:00 GMT+0100 (British Summer Time),0.0243,0.0273,0.0653,0
Thu May 01 2025 19:00:00 GMT+0100 (British Summer Time),0.0243,0.0273,0.0653,0
Thu May 01 2025 20:00:00 GMT+0100 (British Summer Time),0.0243,0.0273,0.0653,0
Thu May 01 2025 21:00:00 GMT+0100 (British Summer Time),0.0243,0.0273,0.0653,0
Thu May 01 2025 22:00:00 GMT+0100 (British Summer Time),0.0243,0.0273,0.0653,0
Thu May 01 2025 23:00:00 GMT+0100 (British Summer Time),0.0243,0.0273,0.0653,0
Fri May 02 2025 00:00:00 GMT+0100 (British Summer Time),0.024,0.0237,0.0653,0
Fri May 02 2025 01:00:00 GMT+0100 (British Summer Time),0.024,0.0237,0.0653,0
Fri May 02 2025 02:00:00 GMT+0100 (British Summer Time),0.024,0.0237,0.0653,0
Fri May 02 2025 03:00:00 GMT+0100 (British Summer Time),0.024,0.0237,0.0653,0
Fri May 02 2025 04:00:00 GMT+0100 (British Summer Time),0.024,0.0237,0.0653,0
Fri May 02 2025 05:00:00 GMT+0100 (British Summer Time),0.024,0.0237,0.0653,0
Fri May 02 2025 06:00:00 GMT+0100 (British Summer Time),0.024,0.0237,0.0653,0
Fri May 02 2025 07:00:00 GMT+0100 (British Summer Time),0.024,0.0237,0.0653,0
Fri May 02 2025 08:00:00 GMT+0100 (British Summer Time),0.024,0.0237,0.0653,0
Fri May 02 2025 09:00:00 GMT+0100 (British Summer Time),0.024,0.0237,0.0653,0
Fri May 02 2025 10:00:00 GMT+0100 (British Summer Time),0.024,0.0237,0.0653,0
Fri May 02 2025 11:00:00 GMT+0100 (British Summer Time),0.024,0.0237,0.0653,0
Fri May 02 2025 12:00:00 GMT+0100 (British Summer Time),0.024,0.0237,0.0653,0
Fri May 02 2025 13:00:00 GMT+0100 (British Summer Time),0.024,0.0237,0.0653,0
Fri May 02 2025 14:00:00 GMT+0100 (British Summer Time),0.024,0.0237,0.0653,0
Fri May 02 2025 15:00:00 GMT+0100 (British Summer Time),0.024,0.0237,0.0653,0
Fri May 02 2025 16:00:00 GMT+0100 (British Summer Time),0.024,0.0237,0.0653,0
Fri May 02 2025 17:00:00 GMT+0100 (British Summer Time),0.024,0.0237,0.0653,0
Fri May 02 2025 18:00:00 GMT+0100 (British Summer Time),0.024,0.0237,0.0653,0
Fri May 02 2025 19:00:00 GMT+0100 (British Summer Time),0.024,0.0237,0.0653,0
Fri May 02 2025 20:00:00 GMT+0100 (British Summer Time),0.024,0.0237,0.0653,0
Fri May 02 2025 21:00:00 GMT+0100 (British Summer Time),0.024,0.0237,0.0653,0
Fri May 02 2025 22:00:00 GMT+0100 (British Summer Time),0.024,0.0237,0.0653,0
Fri May 02 2025 23:00:00 GMT+0100 (British Summer Time),0.024,0.02,0.0653,0
Sat May 03 2025 00:00:00 GMT+0100 (British Summer Time),0.0475,0.0268,0.0653,0
Sat May 03 2025 01:00:00 GMT+0100 (British Summer Time),0.0475,0.0268,0.0653,0
Sat May 03 2025 02:00:00 GMT+0100 (British Summer Time),0.0475,0.0268,0.0653,0
Sat May 03 2025 03:00:00 GMT+0100 (British Summer Time),0.0475,0.0268,0.0653,0
Sat May 03 2025 04:00:00 GMT+0100 (British Summer Time),0.0475,0.0268,0.0653,0
Sat May 03 2025 05:00:00 GMT+0100 (British Summer Time),0.0475,0.0268,0.0653,0
Sat May 03 2025 06:00:00 GMT+0100 (British Summer Time),0.0475,0.0268,0.0653,0
Sat May 03 2025 07:00:00 GMT+0100 (British Summer Time),0.0475,0.0268,0.0653,0
Sat May 03 2025 08:00:00 GMT+0100 (British Summer Time),0.0475,0.0268,0.0653,0
Sat May 03 2025 09:00:00 GMT+0100 (British Summer Time),0.0475,0.0268,0.0653,0
Sat May 03 2025 10:00:00 GMT+0100 (British Summer Time),0.0475,0.0268,0.0653,0
Sat May 03 2025 11:00:00 GMT+0100 (British Summer Time),0.0475,0.0268,0.0653,0
Sat May 03 2025 12:00:00 GMT+0100 (British Summer Time),0.0475,0.0268,0.0653,0
Sat May 03 2025 13:00:00 GMT+0100 (British Summer Time),0.0475,0.0268,0.0653,0
Sat May 03 2025 14:00:00 GMT+0100 (British Summer Time),0.0475,0.0268,0.0655,1922.6557523951585
Sat May 03 2025 15:00:00 GMT+0100 (British Summer Time),0.0475,0.0268,0.0655,0
Sat May 03 2025 16:00:00 GMT+0100 (British Summer Time),0.0475,0.0268,0.0655,0
Sat May 03 2025 17:00:00 GMT+0100 (British Summer Time),0.0475,0.0268,0.0655,0
Sat May 03 2025 18:00:00 GMT+0100 (British Summer Time),0.0475,0.0268,0.0655,0
Sat May 03 2025 19:00:00 GMT+0100 (British Summer Time),0.0475,0.0268,0.0655,0
Sat May 03 2025 20:00:00 GMT+0100 (British Summer Time),0.0475,0.0268,0.0655,0
Sat May 03 2025 21:00:00 GMT+0100 (British Summer Time),0.0475,0.0268,0.0655,0
Sat May 03 2025 22:00:00 GMT+0100 (British Summer Time),0.0696,0.0299,0.0655,0
Sat May 03 2025 23:00:00 GMT+0100 (British Summer Time),0.0696,0.0261,0.0655,0
Sun May 04 2025 00:00:00 GMT+0100 (British Summer Time),0.0211,0.0261,0.0655,0
Sun May 04 2025 01:00:00 GMT+0100 (British Summer Time),0.0211,0.0261,0.0655,0
Sun May 04 2025 02:00:00 GMT+0100 (British Summer Time),0.0211,0.0261,0.0655,0
Sun May 04 2025 03:00:00 GMT+0100 (British Summer Time),0.0211,0.0261,0.0656,1808.8218268820174
Sun May 04 2025 04:00:00 GMT+0100 (British Summer Time),0.0211,0.0261,0.0658,1976.190238182763
Sun May 04 2025 05:00:00 GMT+0100 (British Summer Time),0.0211,0.0261,0.0658,0
Sun May 04 2025 06:00:00 GMT+0100 (British Summer Time),0.0211,0.0261,0.0658,0
Sun May 04 2025 07:00:00 GMT+0100 (British Summer Time),0.0211,0.0261,0.0658,0
Sun May 04 2025 08:00:00 GMT+0100 (British Summer Time),0.0211,0.0261,0.0658,0
Sun May 04 2025 09:00:00 GMT+0100 (British Summer Time),0.0211,0.0261,0.0658,0
Sun May 04 2025 10:00:00 GMT+0100 (British Summer Time),0.0211,0.0261,0.0658,0
Sun May 04 2025 11:00:00 GMT+0100 (British Summer Time),0.0211,0.0261,0.0658,0
Sun May 04 2025 12:00:00 GMT+0100 (British Summer Time),0.0211,0.0261,0.0658,0
Sun May 04 2025 13:00:00 GMT+0100 (British Summer Time),0.0211,0.0261,0.0658,0
Sun May 04 2025 14:00:00 GMT+0100 (British Summer Time),0.0211,0.0261,0.0658,0
Sun May 04 2025 15:00:00 GMT+0100 (British Summer Time),0.0211,0.0261,0.0658,0
Sun May 04 2025 16:00:00 GMT+0100 (British Summer Time),0.0211,0.0236,0.0658,0
Sun May 04 2025 17:00:00 GMT+0100 (British Summer Time),0.0211,0.0236,0.0658,0
Sun May 04 2025 18:00:00 GMT+0100 (British Summer Time),0.0211,0.0236,0.0658,0
Sun May 04 2025 19:00:00 GMT+0100 (British Summer Time),0.036,0.0257,0.0658,0
Sun May 04 2025 20:00:00 GMT+0100 (British Summer Time),0.036,0.0257,0.0658,0
Sun May 04 2025 21:00:00 GMT+0100 (British Summer Time),0.036,0.0257,0.0658,0
Sun May 04 2025 22:00:00 GMT+0100 (British Summer Time),0.0146,0.0257,0.0658,0
Sun May 04 2025 23:00:00 GMT+0100 (British Summer Time),0.0146,0.0257,0.0658,0
Mon May 05 2025 00:00:00 GMT+0100 (British Summer Time),0.0146,0.0257,0.0658,0
Mon May 05 2025 01:00:00 GMT+0100 (British Summer Time),0.0146,0.0257,0.0658,0
Mon May 05 2025 02:00:00 GMT+0100 (British Summer Time),0.0146,0.0257,0.0658,0
Mon May 05 2025 03:00:00 GMT+0100 (British Summer Time),0.0146,0.0257,0.0658,0
Mon May 05 2025 04:00:00 GMT+0100 (British Summer Time),0.0146,0.0257,0.0658,0
Mon May 05 2025 05:00:00 GMT+0100 (British Summer Time),0.0146,0.0257,0.0658,0
Mon May 05 2025 06:00:00 GMT+0100 (British Summer Time),0.0146,0.0257,0.0658,0
Mon May 05 2025 07:00:00 GMT+0100 (British Summer Time),0.0146,0.0257,0.0658,0
Mon May 05 2025 08:00:00 GMT+0100 (British Summer Time),0.0146,0.0257,0.0658,0
Mon May 05 2025 09:00:00 GMT+0100 (British Summer Time),0.0146,0.0257,0.0658,0
Mon May 05 2025 10:00:00 GMT+0100 (British Summer Time),0.0146,0.0257,0.0658,0
Mon May 05 2025 11:00:00 GMT+0100 (British Summer Time),0.0146,0.0257,0.0658,0
Mon May 05 2025 12:00:00 GMT+0100 (British Summer Time),0.0146,0.0257,0.0658,0
Mon May 05 2025 13:00:00 GMT+0100 (British Summer Time),0.0146,0.0257,0.0658,0
Mon May 05 2025 14:00:00 GMT+0100 (British Summer Time),0.0146,0.0257,0.0658,0
Mon May 05 2025 15:00:00 GMT+0100 (British Summer Time),0.0146,0.0257,0.0658,0
Mon May 05 2025 16:00:00 GMT+0100 (British Summer Time),0.0146,0.0257,0.0659,2248.1933664301373
Mon May 05 2025 17:00:00 GMT+0100 (British Summer Time),0.0146,0.0257,0.0659,0
Mon May 05 2025 18:00:00 GMT+0100 (British Summer Time),0.0146,0.0257,0.0659,0
Mon May 05 2025 19:00:00 GMT+0100 (British Summer Time),0,0.0257,0.0659,0
Mon May 05 2025 20:00:00 GMT+0100 (British Summer Time),0,0.0257,0.0659,0
Mon May 05 2025 21:00:00 GMT+0100 (British Summer Time),0,0.0257,0.0659,0
Mon May 05 2025 22:00:00 GMT+0100 (British Summer Time),0,0.0257,0.0659,0
Mon May 05 2025 23:00:00 GMT+0100 (British Summer Time),0,0.0257,0.0659,0
Tue May 06 2025 00:00:00 GMT+0100 (British Summer Time),0.0251,0.0248,0.0659,0
Tue May 06 2025 01:00:00 GMT+0100 (British Summer Time),0.0251,0.0248,0.0659,0
Tue May 06 2025 02:00:00 GMT+0100 (British Summer Time),0.0251,0.0248,0.0659,0
Tue May 06 2025 03:00:00 GMT+0100 (British Summer Time),0.0251,0.0248,0.0662,2658.1419105056234
Tue May 06 2025 04:00:00 GMT+0100 (British Summer Time),0.0251,0.0248,0.0662,0
Tue May 06 2025 05:00:00 GMT+0100 (British Summer Time),0.0251,0.0248,0.0662,0
Tue May 06 2025 06:00:00 GMT+0100 (British Summer Time),0.0251,0.0248,0.0662,0
Tue May 06 2025 07:00:00 GMT+0100 (British Summer Time),0.0251,0.0248,0.0662,0
Tue May 06 2025 08:00:00 GMT+0100 (British Summer Time),0.0251,0.0248,0.0662,0
Tue May 06 2025 09:00:00 GMT+0100 (British Summer Time),0.0251,0.0248,0.0662,0
Tue May 06 2025 10:00:00 GMT+0100 (British Summer Time),0.0251,0.0248,0.0662,65.9639314675444
Tue May 06 2025 11:00:00 GMT+0100 (British Summer Time),0.0251,0.0248,0.0671,11576.752255932966
Tue May 06 2025 12:00:00 GMT+0100 (British Summer Time),0.0251,0.0248,0.0671,0
Tue May 06 2025 13:00:00 GMT+0100 (British Summer Time),0.0251,0.0248,0.0671,0
Tue May 06 2025 14:00:00 GMT+0100 (British Summer Time),0.0251,0.0248,0.0671,0
Tue May 06 2025 15:00:00 GMT+0100 (British Summer Time),0.0251,0.0248,0.0671,0
Tue May 06 2025 16:00:00 GMT+0100 (British Summer Time),0.0251,0.0248,0.0671,0
Tue May 06 2025 17:00:00 GMT+0100 (British Summer Time),0.0251,0.0248,0.0671,0
Tue May 06 2025 18:00:00 GMT+0100 (British Summer Time),0.0251,0.0248,0.0671,0
Tue May 06 2025 19:00:00 GMT+0100 (British Summer Time),0.0251,0.0248,0.0671,0
Tue May 06 2025 20:00:00 GMT+0100 (British Summer Time),0.0251,0.0248,0.0671,0
Tue May 06 2025 21:00:00 GMT+0100 (British Summer Time),0.0251,0.0248,0.0671,0
Tue May 06 2025 22:00:00 GMT+0100 (British Summer Time),0.0251,0.0248,0.0671,0
Tue May 06 2025 23:00:00 GMT+0100 (British Summer Time),0.0251,0.0248,0.0671,0
Wed May 07 2025 00:00:00 GMT+0100 (British Summer Time),0.0219,0.0255,0.0671,0
Wed May 07 2025 01:00:00 GMT+0100 (British Summer Time),0.0219,0.0255,0.0671,0
Wed May 07 2025 02:00:00 GMT+0100 (British Summer Time),0.0219,0.0255,0.0671,0
Wed May 07 2025 03:00:00 GMT+0100 (British Summer Time),0.0219,0.0255,0.0671,0
Wed May 07 2025 04:00:00 GMT+0100 (British Summer Time),0.0219,0.0255,0.0671,0
Wed May 07 2025 05:00:00 GMT+0100 (British Summer Time),0.0219,0.0255,0.0671,0
Wed May 07 2025 06:00:00 GMT+0100 (British Summer Time),0.0219,0.0255,0.0671,0
Wed May 07 2025 07:00:00 GMT+0100 (British Summer Time),0.0219,0.0255,0.0671,0
Wed May 07 2025 08:00:00 GMT+0100 (British Summer Time),0.0219,0.0255,0.0671,0
Wed May 07 2025 09:00:00 GMT+0100 (British Summer Time),0.0219,0.0255,0.0671,0
Wed May 07 2025 10:00:00 GMT+0100 (British Summer Time),0.0219,0.0255,0.0671,0
Wed May 07 2025 11:00:00 GMT+0100 (British Summer Time),0.0219,0.0255,0.0671,0
Wed May 07 2025 12:00:00 GMT+0100 (British Summer Time),0.0219,0.0255,0.0671,0
Wed May 07 2025 13:00:00 GMT+0100 (British Summer Time),0.0219,0.0255,0.0671,0
Wed May 07 2025 14:00:00 GMT+0100 (British Summer Time),0.0219,0.0255,0.0671,0
Wed May 07 2025 15:00:00 GMT+0100 (British Summer Time),0.0219,0.0255,0.0671,0
Wed May 07 2025 16:00:00 GMT+0100 (British Summer Time),0.0219,0.0255,0.0671,0
Wed May 07 2025 17:00:00 GMT+0100 (British Summer Time),0.0219,0.0255,0.0671,0
Wed May 07 2025 18:00:00 GMT+0100 (British Summer Time),0.0219,0.0255,0.0671,0
Wed May 07 2025 19:00:00 GMT+0100 (British Summer Time),0.0219,0.0255,0.0671,0
Wed May 07 2025 20:00:00 GMT+0100 (British Summer Time),0.0219,0.0255,0.0671,0
Wed May 07 2025 21:00:00 GMT+0100 (British Summer Time),0.0219,0.0255,0.0671,0
Wed May 07 2025 22:00:00 GMT+0100 (British Summer Time),0.0219,0.0255,0.0671,0
Wed May 07 2025 23:00:00 GMT+0100 (British Summer Time),0.0219,0.0255,0.0671,0
Thu May 08 2025 00:00:00 GMT+0100 (British Summer Time),0.0131,0.0238,0.0671,0
Thu May 08 2025 01:00:00 GMT+0100 (British Summer Time),0.0131,0.0238,0.0671,0
Thu May 08 2025 02:00:00 GMT+0100 (British Summer Time),0.0131,0.0238,0.0671,0
Thu May 08 2025 03:00:00 GMT+0100 (British Summer Time),0.0131,0.0238,0.0671,0
Thu May 08 2025 04:00:00 GMT+0100 (British Summer Time),0.0131,0.0238,0.0671,0
Thu May 08 2025 05:00:00 GMT+0100 (British Summer Time),0.0131,0.0238,0.0671,100.10786772507772
Thu May 08 2025 06:00:00 GMT+0100 (British Summer Time),0.0131,0.0238,0.0671,0
Thu May 08 2025 07:00:00 GMT+0100 (British Summer Time),0.0131,0.0238,0.0671,0
Thu May 08 2025 08:00:00 GMT+0100 (British Summer Time),0.0131,0.0238,0.0671,0
Thu May 08 2025 09:00:00 GMT+0100 (British Summer Time),0.0131,0.0238,0.0671,0
Thu May 08 2025 10:00:00 GMT+0100 (British Summer Time),0.0131,0.0238,0.0671,0
Thu May 08 2025 11:00:00 GMT+0100 (British Summer Time),0.0131,0.0238,0.0671,0
Thu May 08 2025 12:00:00 GMT+0100 (British Summer Time),0.0131,0.0238,0.0671,0
Thu May 08 2025 13:00:00 GMT+0100 (British Summer Time),0.0131,0.0238,0.0671,0
Thu May 08 2025 14:00:00 GMT+0100 (British Summer Time),0.0131,0.0238,0.0671,0
Thu May 08 2025 15:00:00 GMT+0100 (British Summer Time),0.0131,0.0238,0.0671,0
Thu May 08 2025 16:00:00 GMT+0100 (British Summer Time),0.0131,0.0238,0.0671,0
Thu May 08 2025 17:00:00 GMT+0100 (British Summer Time),0.0131,0.0238,0.0671,0
Thu May 08 2025 18:00:00 GMT+0100 (British Summer Time),0.0131,0.0238,0.0671,0
Thu May 08 2025 19:00:00 GMT+0100 (British Summer Time),0.0131,0.0238,0.0671,0
Thu May 08 2025 20:00:00 GMT+0100 (British Summer Time),0.0131,0.0238,0.0671,0
Thu May 08 2025 21:00:00 GMT+0100 (British Summer Time),0.0131,0.0238,0.0671,0
Thu May 08 2025 22:00:00 GMT+0100 (British Summer Time),0.0131,0.0238,0.0671,0
Thu May 08 2025 23:00:00 GMT+0100 (British Summer Time),0.0131,0.0238,0.0671,0
Fri May 09 2025 00:00:00 GMT+0100 (British Summer Time),0.0244,0.0239,0.0671,0
Fri May 09 2025 01:00:00 GMT+0100 (British Summer Time),0.0244,0.0239,0.0671,0
Fri May 09 2025 02:00:00 GMT+0100 (British Summer Time),0.0244,0.0239,0.0671,0
Fri May 09 2025 03:00:00 GMT+0100 (British Summer Time),0.0244,0.0239,0.0671,0
Fri May 09 2025 04:00:00 GMT+0100 (British Summer Time),0.0244,0.0239,0.0671,0
Fri May 09 2025 05:00:00 GMT+0100 (British Summer Time),0.0244,0.0239,0.0671,0
Fri May 09 2025 06:00:00 GMT+0100 (British Summer Time),0.0244,0.0239,0.0671,0
Fri May 09 2025 07:00:00 GMT+0100 (British Summer Time),0.0244,0.0239,0.0671,0
Fri May 09 2025 08:00:00 GMT+0100 (British Summer Time),0.0244,0.0239,0.0671,0
Fri May 09 2025 09:00:00 GMT+0100 (British Summer Time),0.0244,0.0239,0.0671,0
Fri May 09 2025 10:00:00 GMT+0100 (British Summer Time),0.0244,0.0239,0.0671,0
Fri May 09 2025 11:00:00 GMT+0100 (British Summer Time),0.0244,0.0239,0.0671,0
Fri May 09 2025 12:00:00 GMT+0100 (British Summer Time),0.0244,0.0239,0.0671,0
Fri May 09 2025 13:00:00 GMT+0100 (British Summer Time),0.0244,0.0239,0.0671,0
Fri May 09 2025 14:00:00 GMT+0100 (British Summer Time),0.0244,0.0239,0.0671,0
Fri May 09 2025 15:00:00 GMT+0100 (British Summer Time),0.0244,0.0239,0.0671,0
Fri May 09 2025 16:00:00 GMT+0100 (British Summer Time),0.0244,0.0239,0.0671,0
Fri May 09 2025 17:00:00 GMT+0100 (British Summer Time),0.0244,0.0239,0.0671,0
Fri May 09 2025 18:00:00 GMT+0100 (British Summer Time),0.0244,0.0239,0.0671,0
Fri May 09 2025 19:00:00 GMT+0100 (British Summer Time),0.0244,0.0239,0.0671,0
Fri May 09 2025 20:00:00 GMT+0100 (British Summer Time),0.0244,0.0239,0.0652,29792.504959108068
Fri May 09 2025 21:00:00 GMT+0100 (British Summer Time),0.0244,0.0239,0.0652,0
Fri May 09 2025 22:00:00 GMT+0100 (British Summer Time),0.0244,0.0239,0.0654,22944.350063313028
Fri May 09 2025 23:00:00 GMT+0100 (British Summer Time),0.0244,0.0239,0.0659,14443.10669778558
Sat May 10 2025 00:00:00 GMT+0100 (British Summer Time),0.0256,0.0208,0.0659,0
Sat May 10 2025 01:00:00 GMT+0100 (British Summer Time),0.0256,0.0208,0.0659,0
Sat May 10 2025 02:00:00 GMT+0100 (British Summer Time),0.0256,0.0208,0.0659,0
Sat May 10 2025 03:00:00 GMT+0100 (British Summer Time),0.0256,0.0208,0.0659,0
Sat May 10 2025 04:00:00 GMT+0100 (British Summer Time),0.0256,0.0208,0.0662,348908.7606877258
Sat May 10 2025 05:00:00 GMT+0100 (British Summer Time),0.0256,0.0208,0.0662,0
Sat May 10 2025 06:00:00 GMT+0100 (British Summer Time),0.0256,0.0208,0.0662,0
Sat May 10 2025 07:00:00 GMT+0100 (British Summer Time),0.0256,0.0208,0.0662,0
Sat May 10 2025 08:00:00 GMT+0100 (British Summer Time),0.0256,0.0208,0.0662,0
Sat May 10 2025 09:00:00 GMT+0100 (British Summer Time),0.0256,0.0208,0.0662,0
Sat May 10 2025 10:00:00 GMT+0100 (British Summer Time),0.0256,0.0208,0.0662,0
Sat May 10 2025 11:00:00 GMT+0100 (British Summer Time),0.0256,0.0208,0.0662,0
Sat May 10 2025 12:00:00 GMT+0100 (British Summer Time),0.0256,0.0208,0.0662,0
Sat May 10 2025 13:00:00 GMT+0100 (British Summer Time),0.0256,0.0208,0.0662,0
Sat May 10 2025 14:00:00 GMT+0100 (British Summer Time),0.0256,0.0208,0.0662,0
Sat May 10 2025 15:00:00 GMT+0100 (British Summer Time),0.0256,0.0208,0.0662,0
Sat May 10 2025 16:00:00 GMT+0100 (British Summer Time),0.0256,0.0208,0.0662,0
Sat May 10 2025 17:00:00 GMT+0100 (British Summer Time),0.0256,0.0208,0.0662,0
Sat May 10 2025 18:00:00 GMT+0100 (British Summer Time),0.0256,0.0208,0.0662,0
Sat May 10 2025 19:00:00 GMT+0100 (British Summer Time),0.0256,0.0208,0.0662,0
Sat May 10 2025 20:00:00 GMT+0100 (British Summer Time),0.0256,0.0208,0.0662,0
Sat May 10 2025 21:00:00 GMT+0100 (British Summer Time),0.0256,0.0208,0.0662,0
Sat May 10 2025 22:00:00 GMT+0100 (British Summer Time),0.0256,0.0178,0.0662,0
Sat May 10 2025 23:00:00 GMT+0100 (British Summer Time),0.0441,0.0204,0.0662,0
Sun May 11 2025 00:00:00 GMT+0100 (British Summer Time),0.018,0.0204,0.0662,0
Sun May 11 2025 01:00:00 GMT+0100 (British Summer Time),0.018,0.0204,0.0662,0
Sun May 11 2025 02:00:00 GMT+0100 (British Summer Time),0.018,0.0204,0.0662,0
Sun May 11 2025 03:00:00 GMT+0100 (British Summer Time),0.018,0.0204,0.0662,0
Sun May 11 2025 04:00:00 GMT+0100 (British Summer Time),0.018,0.0204,0.0662,0
Sun May 11 2025 05:00:00 GMT+0100 (British Summer Time),0.018,0.0204,0.0662,0
Sun May 11 2025 06:00:00 GMT+0100 (British Summer Time),0.018,0.0204,0.0662,0
Sun May 11 2025 07:00:00 GMT+0100 (British Summer Time),0.018,0.0204,0.0662,0
Sun May 11 2025 08:00:00 GMT+0100 (British Summer Time),0.018,0.0204,0.0662,0
Sun May 11 2025 09:00:00 GMT+0100 (British Summer Time),0.018,0.0204,0.0662,0
Sun May 11 2025 10:00:00 GMT+0100 (British Summer Time),0.018,0.0204,0.0662,0
Sun May 11 2025 11:00:00 GMT+0100 (British Summer Time),0.018,0.0204,0.0662,25657.84805397569
Sun May 11 2025 12:00:00 GMT+0100 (British Summer Time),0.018,0.0204,0.0639,12848.273945713094
Sun May 11 2025 13:00:00 GMT+0100 (British Summer Time),0.018,0.0204,0.0639,0
Sun May 11 2025 14:00:00 GMT+0100 (British Summer Time),0.018,0.0204,0.0639,0
Sun May 11 2025 15:00:00 GMT+0100 (British Summer Time),0.018,0.0204,0.0639,0
Sun May 11 2025 16:00:00 GMT+0100 (British Summer Time),0.018,0.0204,0.0639,0
Sun May 11 2025 17:00:00 GMT+0100 (British Summer Time),0.018,0.0204,0.0639,0
Sun May 11 2025 18:00:00 GMT+0100 (British Summer Time),0.018,0.0204,0.0639,0
Sun May 11 2025 19:00:00 GMT+0100 (British Summer Time),0.018,0.0183,0.0639,0
Sun May 11 2025 20:00:00 GMT+0100 (British Summer Time),0.018,0.0183,0.0639,0
Sun May 11 2025 21:00:00 GMT+0100 (British Summer Time),0.018,0.0183,0.0639,0
Sun May 11 2025 22:00:00 GMT+0100 (British Summer Time),0.018,0.0183,0.0639,0
Sun May 11 2025 23:00:00 GMT+0100 (British Summer Time),0.0523,0.0257,0.0639,0
Mon May 12 2025 00:00:00 GMT+0100 (British Summer Time),0.0523,0.0257,0.0639,0
Mon May 12 2025 01:00:00 GMT+0100 (British Summer Time),0.0523,0.0257,0.0639,0
Mon May 12 2025 02:00:00 GMT+0100 (British Summer Time),0.0523,0.0257,0.0639,0
Mon May 12 2025 03:00:00 GMT+0100 (British Summer Time),0.0523,0.0257,0.0636,5128.481229722735
Mon May 12 2025 04:00:00 GMT+0100 (British Summer Time),0.0523,0.0257,0.0636,0
Mon May 12 2025 05:00:00 GMT+0100 (British Summer Time),0.0523,0.0257,0.0636,0
Mon May 12 2025 06:00:00 GMT+0100 (British Summer Time),0.0523,0.0257,0.0636,0
Mon May 12 2025 07:00:00 GMT+0100 (British Summer Time),0.0523,0.0257,0.0636,0
Mon May 12 2025 08:00:00 GMT+0100 (British Summer Time),0.0523,0.0257,0.0636,0
Mon May 12 2025 09:00:00 GMT+0100 (British Summer Time),0.0523,0.0257,0.0636,0
Mon May 12 2025 10:00:00 GMT+0100 (British Summer Time),0.0523,0.0257,0.0636,0
Mon May 12 2025 11:00:00 GMT+0100 (British Summer Time),0.0523,0.0257,0.0636,0
Mon May 12 2025 12:00:00 GMT+0100 (British Summer Time),0.0523,0.0257,0.0636,0
Mon May 12 2025 13:00:00 GMT+0100 (British Summer Time),0.0523,0.0257,0.0636,0
Mon May 12 2025 14:00:00 GMT+0100 (British Summer Time),0.0523,0.0257,0.0636,0
Mon May 12 2025 15:00:00 GMT+0100 (British Summer Time),0.0523,0.0257,0.0636,0
Mon May 12 2025 16:00:00 GMT+0100 (British Summer Time),0.0523,0.0257,0.0636,0
Mon May 12 2025 17:00:00 GMT+0100 (British Summer Time),0.0523,0.0257,0.0636,0
Mon May 12 2025 18:00:00 GMT+0100 (British Summer Time),0.0523,0.0257,0.0636,0
Mon May 12 2025 19:00:00 GMT+0100 (British Summer Time),0.0523,0.0257,0.0636,0
Mon May 12 2025 20:00:00 GMT+0100 (British Summer Time),0.0523,0.0257,0.0636,0
Mon May 12 2025 21:00:00 GMT+0100 (British Summer Time),0.0523,0.0257,0.0636,0
Mon May 12 2025 22:00:00 GMT+0100 (British Summer Time),0.0523,0.0257,0.0636,0
Mon May 12 2025 23:00:00 GMT+0100 (British Summer Time),0,0.0257,0.0636,0
Tue May 13 2025 00:00:00 GMT+0100 (British Summer Time),0.0219,0.0253,0.0636,0
Tue May 13 2025 01:00:00 GMT+0100 (British Summer Time),0.0219,0.0253,0.0636,0
Tue May 13 2025 02:00:00 GMT+0100 (British Summer Time),0.0219,0.0253,0.0636,0
Tue May 13 2025 03:00:00 GMT+0100 (British Summer Time),0.0219,0.0253,0.0636,0
Tue May 13 2025 04:00:00 GMT+0100 (British Summer Time),0.0219,0.0253,0.0636,0
Tue May 13 2025 05:00:00 GMT+0100 (British Summer Time),0.0219,0.0253,0.0636,0
Tue May 13 2025 06:00:00 GMT+0100 (British Summer Time),0.0219,0.0253,0.0636,0
Tue May 13 2025 07:00:00 GMT+0100 (British Summer Time),0.0219,0.0253,0.0636,0
Tue May 13 2025 08:00:00 GMT+0100 (British Summer Time),0.0219,0.0253,0.0636,0
Tue May 13 2025 09:00:00 GMT+0100 (British Summer Time),0.0219,0.0253,0.0636,0
Tue May 13 2025 10:00:00 GMT+0100 (British Summer Time),0.0219,0.0253,0.0636,0
Tue May 13 2025 11:00:00 GMT+0100 (British Summer Time),0.0219,0.0253,0.0636,0
Tue May 13 2025 12:00:00 GMT+0100 (British Summer Time),0.0219,0.0253,0.0636,0
Tue May 13 2025 13:00:00 GMT+0100 (British Summer Time),0.0219,0.0253,0.0636,0
Tue May 13 2025 14:00:00 GMT+0100 (British Summer Time),0.0219,0.0253,0.0636,0
Tue May 13 2025 15:00:00 GMT+0100 (British Summer Time),0.0219,0.0253,0.0636,0
Tue May 13 2025 16:00:00 GMT+0100 (British Summer Time),0.0219,0.0253,0.0636,0
Tue May 13 2025 17:00:00 GMT+0100 (British Summer Time),0.0219,0.0253,0.0636,0
Tue May 13 2025 18:00:00 GMT+0100 (British Summer Time),0.0219,0.0253,0.0636,0
Tue May 13 2025 19:00:00 GMT+0100 (British Summer Time),0.0219,0.0253,0.0636,0
Tue May 13 2025 20:00:00 GMT+0100 (British Summer Time),0.0219,0.0253,0.0636,0
Tue May 13 2025 21:00:00 GMT+0100 (British Summer Time),0.0219,0.0253,0.0636,0
Tue May 13 2025 22:00:00 GMT+0100 (British Summer Time),0.0219,0.0253,0.0641,8043.814553375976
Tue May 13 2025 23:00:00 GMT+0100 (British Summer Time),0.0219,0.0253,0.0636,8106.277851429994
Wed May 14 2025 00:00:00 GMT+0100 (British Summer Time),0.0192,0.0249,0.0636,0
Wed May 14 2025 01:00:00 GMT+0100 (British Summer Time),0.0192,0.0249,0.0636,0
Wed May 14 2025 02:00:00 GMT+0100 (British Summer Time),0.0192,0.0249,0.0636,0
Wed May 14 2025 03:00:00 GMT+0100 (British Summer Time),0.0192,0.0249,0.0636,0
Wed May 14 2025 04:00:00 GMT+0100 (British Summer Time),0.0192,0.0249,0.0636,0
Wed May 14 2025 05:00:00 GMT+0100 (British Summer Time),0.0192,0.0249,0.0636,0
Wed May 14 2025 06:00:00 GMT+0100 (British Summer Time),0.0192,0.0249,0.0636,0
Wed May 14 2025 07:00:00 GMT+0100 (British Summer Time),0.0192,0.0249,0.0636,0
Wed May 14 2025 08:00:00 GMT+0100 (British Summer Time),0.0192,0.0249,0.0636,0
Wed May 14 2025 09:00:00 GMT+0100 (British Summer Time),0.0192,0.0249,0.0636,0
Wed May 14 2025 10:00:00 GMT+0100 (British Summer Time),0.0192,0.0249,0.0636,0
Wed May 14 2025 11:00:00 GMT+0100 (British Summer Time),0.0192,0.0249,0.0636,0
Wed May 14 2025 12:00:00 GMT+0100 (British Summer Time),0.0192,0.0249,0.0636,0
Wed May 14 2025 13:00:00 GMT+0100 (British Summer Time),0.0192,0.0249,0.0636,0
Wed May 14 2025 14:00:00 GMT+0100 (British Summer Time),0.0192,0.0249,0.0636,0
Wed May 14 2025 15:00:00 GMT+0100 (British Summer Time),0.0192,0.0249,0.0636,0
Wed May 14 2025 16:00:00 GMT+0100 (British Summer Time),0.0192,0.0249,0.0636,0
Wed May 14 2025 17:00:00 GMT+0100 (British Summer Time),0.0192,0.0249,0.0636,0
Wed May 14 2025 18:00:00 GMT+0100 (British Summer Time),0.0192,0.0249,0.0636,0
Wed May 14 2025 19:00:00 GMT+0100 (British Summer Time),0.0192,0.0249,0.0636,0
Wed May 14 2025 20:00:00 GMT+0100 (British Summer Time),0.0192,0.0249,0.0636,0
Wed May 14 2025 21:00:00 GMT+0100 (British Summer Time),0.0192,0.0249,0.0636,0
Wed May 14 2025 22:00:00 GMT+0100 (British Summer Time),0.0192,0.0249,0.0636,0
Wed May 14 2025 23:00:00 GMT+0100 (British Summer Time),0.0192,0.0249,0.0636,0
Thu May 15 2025 00:00:00 GMT+0100 (British Summer Time),0.0232,0.0263,0.0636,0
Thu May 15 2025 01:00:00 GMT+0100 (British Summer Time),0.0232,0.0263,0.0636,0
Thu May 15 2025 02:00:00 GMT+0100 (British Summer Time),0.0232,0.0263,0.0636,0
Thu May 15 2025 03:00:00 GMT+0100 (British Summer Time),0.0232,0.0263,0.0636,0
Thu May 15 2025 04:00:00 GMT+0100 (British Summer Time),0.0232,0.0263,0.0637,271.25990059681703
Thu May 15 2025 05:00:00 GMT+0100 (British Summer Time),0.0232,0.0263,0.0637,0
Thu May 15 2025 06:00:00 GMT+0100 (British Summer Time),0.0232,0.0263,0.0637,0
Thu May 15 2025 07:00:00 GMT+0100 (British Summer Time),0.0232,0.0263,0.0637,0
Thu May 15 2025 08:00:00 GMT+0100 (British Summer Time),0.0232,0.0263,0.0637,0
Thu May 15 2025 09:00:00 GMT+0100 (British Summer Time),0.0232,0.0263,0.0637,0
Thu May 15 2025 10:00:00 GMT+0100 (British Summer Time),0.0232,0.0263,0.0637,0
Thu May 15 2025 11:00:00 GMT+0100 (British Summer Time),0.0232,0.0263,0.0637,0
Thu May 15 2025 12:00:00 GMT+0100 (British Summer Time),0.0232,0.0263,0.0637,0
Thu May 15 2025 13:00:00 GMT+0100 (British Summer Time),0.0232,0.0263,0.0637,0
Thu May 15 2025 14:00:00 GMT+0100 (British Summer Time),0.0232,0.0263,0.0636,203.6814728062612
Thu May 15 2025 15:00:00 GMT+0100 (British Summer Time),0.0232,0.0263,0.0636,0
Thu May 15 2025 16:00:00 GMT+0100 (British Summer Time),0.0232,0.0263,0.0636,0
Thu May 15 2025 17:00:00 GMT+0100 (British Summer Time),0.0232,0.0263,0.0636,0
Thu May 15 2025 18:00:00 GMT+0100 (British Summer Time),0.0232,0.0263,0.0636,0
Thu May 15 2025 19:00:00 GMT+0100 (British Summer Time),0.0232,0.0263,0.0636,0
Thu May 15 2025 20:00:00 GMT+0100 (British Summer Time),0.0232,0.0263,0.0636,0
Thu May 15 2025 21:00:00 GMT+0100 (British Summer Time),0.0232,0.0263,0.0636,0
Thu May 15 2025 22:00:00 GMT+0100 (British Summer Time),0.0232,0.0263,0.0636,0
Thu May 15 2025 23:00:00 GMT+0100 (British Summer Time),0.0232,0.0263,0.0636,3.451481990379276
Fri May 16 2025 00:00:00 GMT+0100 (British Summer Time),0.0216,0.0259,0.0636,0
Fri May 16 2025 01:00:00 GMT+0100 (British Summer Time),0.0216,0.0259,0.0636,0
Fri May 16 2025 02:00:00 GMT+0100 (British Summer Time),0.0216,0.0259,0.0629,12860.98563030805
Fri May 16 2025 03:00:00 GMT+0100 (British Summer Time),0.0216,0.0259,0.0629,0
Fri May 16 2025 04:00:00 GMT+0100 (British Summer Time),0.0216,0.0259,0.0629,0
Fri May 16 2025 05:00:00 GMT+0100 (British Summer Time),0.0216,0.0259,0.0637,14421.481703015814
Fri May 16 2025 06:00:00 GMT+0100 (British Summer Time),0.0216,0.0259,0.0637,0
Fri May 16 2025 07:00:00 GMT+0100 (British Summer Time),0.0216,0.0259,0.0632,9768.705355652435
Fri May 16 2025 08:00:00 GMT+0100 (British Summer Time),0.0216,0.0259,0.0632,0
Fri May 16 2025 09:00:00 GMT+0100 (British Summer Time),0.0216,0.0259,0.0632,0
Fri May 16 2025 10:00:00 GMT+0100 (British Summer Time),0.0216,0.0259,0.0632,0
Fri May 16 2025 11:00:00 GMT+0100 (British Summer Time),0.0216,0.0259,0.0632,0
Fri May 16 2025 12:00:00 GMT+0100 (British Summer Time),0.0216,0.0259,0.0632,0
Fri May 16 2025 13:00:00 GMT+0100 (British Summer Time),0.0216,0.0259,0.0632,0
Fri May 16 2025 14:00:00 GMT+0100 (British Summer Time),0.0216,0.0259,0.0632,0
Fri May 16 2025 15:00:00 GMT+0100 (British Summer Time),0.0216,0.0259,0.0632,0
Fri May 16 2025 16:00:00 GMT+0100 (British Summer Time),0.0216,0.0259,0.0632,0
Fri May 16 2025 17:00:00 GMT+0100 (British Summer Time),0.0216,0.0259,0.0632,0
Fri May 16 2025 18:00:00 GMT+0100 (British Summer Time),0.0216,0.0259,0.0632,0
Fri May 16 2025 19:00:00 GMT+0100 (British Summer Time),0.0216,0.0259,0.0632,0
Fri May 16 2025 20:00:00 GMT+0100 (British Summer Time),0.0216,0.0259,0.0632,0
Fri May 16 2025 21:00:00 GMT+0100 (British Summer Time),0.0216,0.0259,0.0632,0
Fri May 16 2025 22:00:00 GMT+0100 (British Summer Time),0.0216,0.0259,0.0632,0
Fri May 16 2025 23:00:00 GMT+0100 (British Summer Time),0.0216,0.0259,0.0632,0
Sat May 17 2025 00:00:00 GMT+0100 (British Summer Time),0.0631,0.0312,0.0632,0
Sat May 17 2025 01:00:00 GMT+0100 (British Summer Time),0.0631,0.0312,0.0632,0
Sat May 17 2025 02:00:00 GMT+0100 (British Summer Time),0.0631,0.0312,0.0632,0
Sat May 17 2025 03:00:00 GMT+0100 (British Summer Time),0.0631,0.0312,0.0623,14807.116925195618
Sat May 17 2025 04:00:00 GMT+0100 (British Summer Time),0.0631,0.0312,0.0623,0
Sat May 17 2025 05:00:00 GMT+0100 (British Summer Time),0.0631,0.0312,0.0623,0
Sat May 17 2025 06:00:00 GMT+0100 (British Summer Time),0.0631,0.0312,0.0623,0
Sat May 17 2025 07:00:00 GMT+0100 (British Summer Time),0.0631,0.0312,0.0614,13995.02983560941
Sat May 17 2025 08:00:00 GMT+0100 (British Summer Time),0.0631,0.0312,0.0614,0
Sat May 17 2025 09:00:00 GMT+0100 (British Summer Time),0.0631,0.0312,0.0614,0
Sat May 17 2025 10:00:00 GMT+0100 (British Summer Time),0.0631,0.0312,0.0614,0
Sat May 17 2025 11:00:00 GMT+0100 (British Summer Time),0.0631,0.0312,0.0614,0
Sat May 17 2025 12:00:00 GMT+0100 (British Summer Time),0.0631,0.0312,0.0614,0
Sat May 17 2025 13:00:00 GMT+0100 (British Summer Time),0.0631,0.0312,0.0614,0
Sat May 17 2025 14:00:00 GMT+0100 (British Summer Time),0.0631,0.0312,0.0614,0
Sat May 17 2025 15:00:00 GMT+0100 (British Summer Time),0.0631,0.0312,0.0614,0
Sat May 17 2025 16:00:00 GMT+0100 (British Summer Time),0.0631,0.0312,0.0614,0
Sat May 17 2025 17:00:00 GMT+0100 (British Summer Time),0.0631,0.0312,0.0614,0
Sat May 17 2025 18:00:00 GMT+0100 (British Summer Time),0.0631,0.0312,0.0614,0
Sat May 17 2025 19:00:00 GMT+0100 (British Summer Time),0.0631,0.0312,0.0614,0
Sat May 17 2025 20:00:00 GMT+0100 (British Summer Time),0.0802,0.0336,0.0614,0
Sat May 17 2025 21:00:00 GMT+0100 (British Summer Time),0.0802,0.0336,0.0614,0
Sat May 17 2025 22:00:00 GMT+0100 (British Summer Time),0.0802,0.0336,0.0614,0
Sat May 17 2025 23:00:00 GMT+0100 (British Summer Time),0.0802,0.0309,0.0614,0
Sun May 18 2025 00:00:00 GMT+0100 (British Summer Time),0.0161,0.0309,0.0614,0
Sun May 18 2025 01:00:00 GMT+0100 (British Summer Time),0.0161,0.0309,0.0614,0
Sun May 18 2025 02:00:00 GMT+0100 (British Summer Time),0.0161,0.0309,0.0614,0
Sun May 18 2025 03:00:00 GMT+0100 (British Summer Time),0.0161,0.0309,0.0614,0
Sun May 18 2025 04:00:00 GMT+0100 (British Summer Time),0.0161,0.0309,0.0614,0
Sun May 18 2025 05:00:00 GMT+0100 (British Summer Time),0.0161,0.0309,0.0614,0
Sun May 18 2025 06:00:00 GMT+0100 (British Summer Time),0.0161,0.0309,0.0614,0
Sun May 18 2025 07:00:00 GMT+0100 (British Summer Time),0.0161,0.0309,0.0614,0
Sun May 18 2025 08:00:00 GMT+0100 (British Summer Time),0.0161,0.0309,0.0614,0
Sun May 18 2025 09:00:00 GMT+0100 (British Summer Time),0.0161,0.0309,0.0614,0
Sun May 18 2025 10:00:00 GMT+0100 (British Summer Time),0.0161,0.0309,0.0614,0
Sun May 18 2025 11:00:00 GMT+0100 (British Summer Time),0.0161,0.0309,0.0614,0
Sun May 18 2025 12:00:00 GMT+0100 (British Summer Time),0.0161,0.0309,0.0614,0
Sun May 18 2025 13:00:00 GMT+0100 (British Summer Time),0.0161,0.0309,0.0614,0
Sun May 18 2025 14:00:00 GMT+0100 (British Summer Time),0.0161,0.0309,0.0614,0
Sun May 18 2025 15:00:00 GMT+0100 (British Summer Time),0.0161,0.0309,0.0614,0
Sun May 18 2025 16:00:00 GMT+0100 (British Summer Time),0.0161,0.0309,0.0614,0
Sun May 18 2025 17:00:00 GMT+0100 (British Summer Time),0.0161,0.0309,0.0614,0
Sun May 18 2025 18:00:00 GMT+0100 (British Summer Time),0.0161,0.0309,0.0614,0
Sun May 18 2025 19:00:00 GMT+0100 (British Summer Time),0.0161,0.0309,0.0614,0
Sun May 18 2025 20:00:00 GMT+0100 (British Summer Time),0,0.0309,0.0614,0
Sun May 18 2025 21:00:00 GMT+0100 (British Summer Time),0,0.0309,0.0614,0
Sun May 18 2025 22:00:00 GMT+0100 (British Summer Time),0.021,0.034,0.0614,0
Sun May 18 2025 23:00:00 GMT+0100 (British Summer Time),0.021,0.0265,0.0614,0
Mon May 19 2025 00:00:00 GMT+0100 (British Summer Time),0.021,0.0265,0.0614,0
Mon May 19 2025 01:00:00 GMT+0100 (British Summer Time),0.021,0.0265,0.0614,0
Mon May 19 2025 02:00:00 GMT+0100 (British Summer Time),0.021,0.0265,0.0614,138.09240673014116
Mon May 19 2025 03:00:00 GMT+0100 (British Summer Time),0.021,0.0265,0.0614,0
Mon May 19 2025 04:00:00 GMT+0100 (British Summer Time),0.021,0.0265,0.0614,0
Mon May 19 2025 05:00:00 GMT+0100 (British Summer Time),0.021,0.0265,0.0614,0
Mon May 19 2025 06:00:00 GMT+0100 (British Summer Time),0.021,0.0265,0.0614,0
Mon May 19 2025 07:00:00 GMT+0100 (British Summer Time),0.021,0.0265,0.0614,0
Mon May 19 2025 08:00:00 GMT+0100 (British Summer Time),0.021,0.0265,0.0614,0
Mon May 19 2025 09:00:00 GMT+0100 (British Summer Time),0.021,0.0265,0.0614,0
Mon May 19 2025 10:00:00 GMT+0100 (British Summer Time),0.021,0.0265,0.0614,0
Mon May 19 2025 11:00:00 GMT+0100 (British Summer Time),0.021,0.0265,0.0614,0
Mon May 19 2025 12:00:00 GMT+0100 (British Summer Time),0.021,0.0265,0.0614,0
Mon May 19 2025 13:00:00 GMT+0100 (British Summer Time),0.021,0.0265,0.0614,0
Mon May 19 2025 14:00:00 GMT+0100 (British Summer Time),0.021,0.0265,0.0614,0
Mon May 19 2025 15:00:00 GMT+0100 (British Summer Time),0.021,0.0265,0.0614,0
Mon May 19 2025 16:00:00 GMT+0100 (British Summer Time),0.021,0.0265,0.0614,0
Mon May 19 2025 17:00:00 GMT+0100 (British Summer Time),0.021,0.0265,0.0614,0
Mon May 19 2025 18:00:00 GMT+0100 (British Summer Time),0.021,0.0265,0.0614,0
Mon May 19 2025 19:00:00 GMT+0100 (British Summer Time),0.021,0.0265,0.0614,0
Mon May 19 2025 20:00:00 GMT+0100 (British Summer Time),0.021,0.0265,0.0614,0
Mon May 19 2025 21:00:00 GMT+0100 (British Summer Time),0.021,0.0265,0.0614,0
Mon May 19 2025 22:00:00 GMT+0100 (British Summer Time),0,0.0265,0.0614,0
Mon May 19 2025 23:00:00 GMT+0100 (British Summer Time),0,0.0265,0.0614,0
Tue May 20 2025 00:00:00 GMT+0100 (British Summer Time),0.0192,0.0261,0.0614,0
Tue May 20 2025 01:00:00 GMT+0100 (British Summer Time),0.0192,0.0261,0.0614,0
Tue May 20 2025 02:00:00 GMT+0100 (British Summer Time),0.0192,0.0261,0.0614,0
Tue May 20 2025 03:00:00 GMT+0100 (British Summer Time),0.0192,0.0261,0.0614,0
Tue May 20 2025 04:00:00 GMT+0100 (British Summer Time),0.0192,0.0261,0.0614,0
Tue May 20 2025 05:00:00 GMT+0100 (British Summer Time),0.0192,0.0261,0.0614,0
Tue May 20 2025 06:00:00 GMT+0100 (British Summer Time),0.0192,0.0261,0.0614,0
Tue May 20 2025 07:00:00 GMT+0100 (British Summer Time),0.0192,0.0261,0.0614,0
Tue May 20 2025 08:00:00 GMT+0100 (British Summer Time),0.0192,0.0261,0.0614,0
Tue May 20 2025 09:00:00 GMT+0100 (British Summer Time),0.0192,0.0261,0.0614,0
Tue May 20 2025 10:00:00 GMT+0100 (British Summer Time),0.0192,0.0261,0.0614,0
Tue May 20 2025 11:00:00 GMT+0100 (British Summer Time),0.0192,0.0261,0.0614,0
Tue May 20 2025 12:00:00 GMT+0100 (British Summer Time),0.0192,0.0261,0.0614,0
Tue May 20 2025 13:00:00 GMT+0100 (British Summer Time),0.0192,0.0261,0.0614,0
Tue May 20 2025 14:00:00 GMT+0100 (British Summer Time),0.0192,0.0261,0.0614,0
Tue May 20 2025 15:00:00 GMT+0100 (British Summer Time),0.0192,0.0261,0.0614,0
Tue May 20 2025 16:00:00 GMT+0100 (British Summer Time),0.0192,0.0261,0.0614,0
Tue May 20 2025 17:00:00 GMT+0100 (British Summer Time),0.0192,0.0261,0.0614,0
Tue May 20 2025 18:00:00 GMT+0100 (British Summer Time),0.0192,0.0261,0.0614,0
Tue May 20 2025 19:00:00 GMT+0100 (British Summer Time),0.0192,0.0261,0.0614,0
Tue May 20 2025 20:00:00 GMT+0100 (British Summer Time),0.0192,0.0261,0.0614,0
Tue May 20 2025 21:00:00 GMT+0100 (British Summer Time),0.0192,0.0261,0.0614,0
Tue May 20 2025 22:00:00 GMT+0100 (British Summer Time),0.0192,0.0261,0.0614,0
Tue May 20 2025 23:00:00 GMT+0100 (British Summer Time),0.0192,0.0261,0.0614,0
Wed May 21 2025 00:00:00 GMT+0100 (British Summer Time),0.021,0.0264,0.0614,0
Wed May 21 2025 01:00:00 GMT+0100 (British Summer Time),0.021,0.0264,0.0614,0
Wed May 21 2025 02:00:00 GMT+0100 (British Summer Time),0.021,0.0264,0.0614,0
Wed May 21 2025 03:00:00 GMT+0100 (British Summer Time),0.021,0.0264,0.0614,0
Wed May 21 2025 04:00:00 GMT+0100 (British Summer Time),0.021,0.0264,0.0614,0
Wed May 21 2025 05:00:00 GMT+0100 (British Summer Time),0.021,0.0264,0.0614,0
Wed May 21 2025 06:00:00 GMT+0100 (British Summer Time),0.021,0.0264,0.0614,0
Wed May 21 2025 07:00:00 GMT+0100 (British Summer Time),0.021,0.0264,0.0614,0
Wed May 21 2025 08:00:00 GMT+0100 (British Summer Time),0.021,0.0264,0.0614,0
Wed May 21 2025 09:00:00 GMT+0100 (British Summer Time),0.021,0.0264,0.0614,0
Wed May 21 2025 10:00:00 GMT+0100 (British Summer Time),0.021,0.0264,0.0614,0
Wed May 21 2025 11:00:00 GMT+0100 (British Summer Time),0.021,0.0264,0.0614,0
Wed May 21 2025 12:00:00 GMT+0100 (British Summer Time),0.021,0.0264,0.0614,0
Wed May 21 2025 13:00:00 GMT+0100 (British Summer Time),0.021,0.0264,0.0617,4179.598942922835
Wed May 21 2025 14:00:00 GMT+0100 (British Summer Time),0.021,0.0264,0.0617,0
Wed May 21 2025 15:00:00 GMT+0100 (British Summer Time),0.021,0.0264,0.0617,0
Wed May 21 2025 16:00:00 GMT+0100 (British Summer Time),0.021,0.0264,0.0617,0
Wed May 21 2025 17:00:00 GMT+0100 (British Summer Time),0.021,0.0264,0.0617,0
Wed May 21 2025 18:00:00 GMT+0100 (British Summer Time),0.021,0.0264,0.0617,0
Wed May 21 2025 19:00:00 GMT+0100 (British Summer Time),0.021,0.0264,0.0617,0
Wed May 21 2025 20:00:00 GMT+0100 (British Summer Time),0.021,0.0264,0.0617,0
Wed May 21 2025 21:00:00 GMT+0100 (British Summer Time),0.021,0.0264,0.0617,0.5534745414311476
Wed May 21 2025 22:00:00 GMT+0100 (British Summer Time),0.021,0.0264,0.0617,0
Wed May 21 2025 23:00:00 GMT+0100 (British Summer Time),0.021,0.0264,0.0617,0
Thu May 22 2025 00:00:00 GMT+0100 (British Summer Time),0.0242,0.0265,0.0617,0
Thu May 22 2025 01:00:00 GMT+0100 (British Summer Time),0.0242,0.0265,0.0617,0
Thu May 22 2025 02:00:00 GMT+0100 (British Summer Time),0.0242,0.0265,0.0617,0
Thu May 22 2025 03:00:00 GMT+0100 (British Summer Time),0.0242,0.0265,0.0617,0
Thu May 22 2025 04:00:00 GMT+0100 (British Summer Time),0.0242,0.0265,0.0617,0
Thu May 22 2025 05:00:00 GMT+0100 (British Summer Time),0.0242,0.0265,0.0617,0
Thu May 22 2025 06:00:00 GMT+0100 (British Summer Time),0.0242,0.0265,0.0617,0
Thu May 22 2025 07:00:00 GMT+0100 (British Summer Time),0.0242,0.0265,0.0617,0
Thu May 22 2025 08:00:00 GMT+0100 (British Summer Time),0.0242,0.0265,0.0617,0
Thu May 22 2025 09:00:00 GMT+0100 (British Summer Time),0.0242,0.0265,0.0617,0
Thu May 22 2025 10:00:00 GMT+0100 (British Summer Time),0.0242,0.0265,0.0617,0
Thu May 22 2025 11:00:00 GMT+0100 (British Summer Time),0.0242,0.0265,0.0617,0
Thu May 22 2025 12:00:00 GMT+0100 (British Summer Time),0.0242,0.0265,0.0617,0
Thu May 22 2025 13:00:00 GMT+0100 (British Summer Time),0.0242,0.0265,0.0617,0
Thu May 22 2025 14:00:00 GMT+0100 (British Summer Time),0.0242,0.0265,0.0617,0
Thu May 22 2025 15:00:00 GMT+0100 (British Summer Time),0.0242,0.0265,0.0617,0
Thu May 22 2025 16:00:00 GMT+0100 (British Summer Time),0.0242,0.0265,0.0617,0
Thu May 22 2025 17:00:00 GMT+0100 (British Summer Time),0.0242,0.0265,0.0617,0
Thu May 22 2025 18:00:00 GMT+0100 (British Summer Time),0.0242,0.0265,0.0617,0
Thu May 22 2025 19:00:00 GMT+0100 (British Summer Time),0.0242,0.0265,0.0617,0
Thu May 22 2025 20:00:00 GMT+0100 (British Summer Time),0.0242,0.0265,0.0617,0
Thu May 22 2025 21:00:00 GMT+0100 (British Summer Time),0.0812,0.0345,0.0617,0
Thu May 22 2025 22:00:00 GMT+0100 (British Summer Time),0.0812,0.0345,0.0615,3041.4215533338206
Thu May 22 2025 23:00:00 GMT+0100 (British Summer Time),0.0812,0.0345,0.0615,0
Fri May 23 2025 00:00:00 GMT+0100 (British Summer Time),0.0556,0.0313,0.0615,0
Fri May 23 2025 01:00:00 GMT+0100 (British Summer Time),0.0556,0.0313,0.0615,0
Fri May 23 2025 02:00:00 GMT+0100 (British Summer Time),0.0556,0.0313,0.0615,0
Fri May 23 2025 03:00:00 GMT+0100 (British Summer Time),0.0556,0.0313,0.0615,0
Fri May 23 2025 04:00:00 GMT+0100 (British Summer Time),0.0556,0.0313,0.0615,0
Fri May 23 2025 05:00:00 GMT+0100 (British Summer Time),0.0556,0.0313,0.0615,0
Fri May 23 2025 06:00:00 GMT+0100 (British Summer Time),0.0556,0.0313,0.0615,0
Fri May 23 2025 07:00:00 GMT+0100 (British Summer Time),0.0556,0.0313,0.0615,0
Fri May 23 2025 08:00:00 GMT+0100 (British Summer Time),0.0556,0.0313,0.0615,0
Fri May 23 2025 09:00:00 GMT+0100 (British Summer Time),0.0556,0.0313,0.0615,0
Fri May 23 2025 10:00:00 GMT+0100 (British Summer Time),0.0556,0.0313,0.0615,0
Fri May 23 2025 11:00:00 GMT+0100 (British Summer Time),0.0556,0.0313,0.0615,0
Fri May 23 2025 12:00:00 GMT+0100 (British Summer Time),0.0556,0.0313,0.0615,0
Fri May 23 2025 13:00:00 GMT+0100 (British Summer Time),0.0556,0.0313,0.0615,0
Fri May 23 2025 14:00:00 GMT+0100 (British Summer Time),0.0556,0.0313,0.0615,0
Fri May 23 2025 15:00:00 GMT+0100 (British Summer Time),0.0556,0.0313,0.0615,0
Fri May 23 2025 16:00:00 GMT+0100 (British Summer Time),0.0556,0.0313,0.0615,0
Fri May 23 2025 17:00:00 GMT+0100 (British Summer Time),0.0556,0.0313,0.0615,0
Fri May 23 2025 18:00:00 GMT+0100 (British Summer Time),0.0556,0.0313,0.0615,0
Fri May 23 2025 19:00:00 GMT+0100 (British Summer Time),0.0556,0.0313,0.0615,0
Fri May 23 2025 20:00:00 GMT+0100 (British Summer Time),0.0556,0.0313,0.0615,205.50453062533234
Fri May 23 2025 21:00:00 GMT+0100 (British Summer Time),0,0.0313,0.0618,4588.287614013186
Fri May 23 2025 22:00:00 GMT+0100 (British Summer Time),0,0.0313,0.0618,0
Fri May 23 2025 23:00:00 GMT+0100 (British Summer Time),0,0.0313,0.0618,0
Sat May 24 2025 00:00:00 GMT+0100 (British Summer Time),0.026,0.0261,0.0618,0
Sat May 24 2025 01:00:00 GMT+0100 (British Summer Time),0.026,0.0261,0.0618,0
Sat May 24 2025 02:00:00 GMT+0100 (British Summer Time),0.026,0.0261,0.0618,0
Sat May 24 2025 03:00:00 GMT+0100 (British Summer Time),0.026,0.0261,0.0618,0
Sat May 24 2025 04:00:00 GMT+0100 (British Summer Time),0.026,0.0261,0.0618,0
Sat May 24 2025 05:00:00 GMT+0100 (British Summer Time),0.026,0.0261,0.0618,0
Sat May 24 2025 06:00:00 GMT+0100 (British Summer Time),0.026,0.0261,0.0618,0
Sat May 24 2025 07:00:00 GMT+0100 (British Summer Time),0.026,0.0261,0.0601,27190.095835338732
Sat May 24 2025 08:00:00 GMT+0100 (British Summer Time),0.026,0.0261,0.0601,0
Sat May 24 2025 09:00:00 GMT+0100 (British Summer Time),0.026,0.0261,0.0601,0
Sat May 24 2025 10:00:00 GMT+0100 (British Summer Time),0.026,0.0261,0.0601,0
Sat May 24 2025 11:00:00 GMT+0100 (British Summer Time),0.026,0.0261,0.0601,0
Sat May 24 2025 12:00:00 GMT+0100 (British Summer Time),0.026,0.0261,0.0601,0
Sat May 24 2025 13:00:00 GMT+0100 (British Summer Time),0.026,0.0261,0.0601,0
Sat May 24 2025 14:00:00 GMT+0100 (British Summer Time),0.026,0.0261,0.0601,0
Sat May 24 2025 15:00:00 GMT+0100 (British Summer Time),0.026,0.0261,0.0601,0
Sat May 24 2025 16:00:00 GMT+0100 (British Summer Time),0.026,0.0261,0.0601,0
Sat May 24 2025 17:00:00 GMT+0100 (British Summer Time),0.026,0.0261,0.0601,0
Sat May 24 2025 18:00:00 GMT+0100 (British Summer Time),0.026,0.0261,0.0601,0
Sat May 24 2025 19:00:00 GMT+0100 (British Summer Time),0.026,0.0261,0.0601,0
Sat May 24 2025 20:00:00 GMT+0100 (British Summer Time),0.026,0.0238,0.0601,0
Sat May 24 2025 21:00:00 GMT+0100 (British Summer Time),0.026,0.0238,0.0601,0
Sat May 24 2025 22:00:00 GMT+0100 (British Summer Time),0.026,0.0238,0.0601,0
Sat May 24 2025 23:00:00 GMT+0100 (British Summer Time),0.026,0.0238,0.0601,0
Sun May 25 2025 00:00:00 GMT+0100 (British Summer Time),0.0236,0.0272,0.0601,0
Sun May 25 2025 01:00:00 GMT+0100 (British Summer Time),0.0236,0.0272,0.0601,0
Sun May 25 2025 02:00:00 GMT+0100 (British Summer Time),0.0236,0.0272,0.0601,0
Sun May 25 2025 03:00:00 GMT+0100 (British Summer Time),0.0236,0.0272,0.0601,0
Sun May 25 2025 04:00:00 GMT+0100 (British Summer Time),0.0236,0.0272,0.0601,0
Sun May 25 2025 05:00:00 GMT+0100 (British Summer Time),0.0236,0.0272,0.0601,0
Sun May 25 2025 06:00:00 GMT+0100 (British Summer Time),0.0236,0.0272,0.0601,16283.464612184782
Sun May 25 2025 07:00:00 GMT+0100 (British Summer Time),0.0236,0.0272,0.059,0
Sun May 25 2025 08:00:00 GMT+0100 (British Summer Time),0.0236,0.0272,0.059,0
Sun May 25 2025 09:00:00 GMT+0100 (British Summer Time),0.0236,0.0272,0.059,0
Sun May 25 2025 10:00:00 GMT+0100 (British Summer Time),0.0236,0.0272,0.059,0
Sun May 25 2025 11:00:00 GMT+0100 (British Summer Time),0.0236,0.0272,0.059,0
Sun May 25 2025 12:00:00 GMT+0100 (British Summer Time),0.0236,0.0272,0.059,0
Sun May 25 2025 13:00:00 GMT+0100 (British Summer Time),0.0236,0.0272,0.059,0
Sun May 25 2025 14:00:00 GMT+0100 (British Summer Time),0.0236,0.0272,0.059,0
Sun May 25 2025 15:00:00 GMT+0100 (British Summer Time),0.0236,0.0272,0.059,0
Sun May 25 2025 16:00:00 GMT+0100 (British Summer Time),0.0236,0.0272,0.059,0
Sun May 25 2025 17:00:00 GMT+0100 (British Summer Time),0.0236,0.0272,0.059,0
Sun May 25 2025 18:00:00 GMT+0100 (British Summer Time),0.0236,0.0272,0.059,0
Sun May 25 2025 19:00:00 GMT+0100 (British Summer Time),0.0236,0.0272,0.059,0
Sun May 25 2025 20:00:00 GMT+0100 (British Summer Time),0.0236,0.0272,0.059,0
Sun May 25 2025 21:00:00 GMT+0100 (British Summer Time),0.0236,0.0272,0.059,0
Sun May 25 2025 22:00:00 GMT+0100 (British Summer Time),0.0236,0.0241,0.059,0
Sun May 25 2025 23:00:00 GMT+0100 (British Summer Time),0.0236,0.0241,0.059,0
Mon May 26 2025 00:00:00 GMT+0100 (British Summer Time),0.0188,0.0269,0.059,0
Mon May 26 2025 01:00:00 GMT+0100 (British Summer Time),0.0188,0.0269,0.059,0
Mon May 26 2025 02:00:00 GMT+0100 (British Summer Time),0.0188,0.0269,0.059,0
Mon May 26 2025 03:00:00 GMT+0100 (British Summer Time),0.0188,0.0269,0.059,0
Mon May 26 2025 04:00:00 GMT+0100 (British Summer Time),0.0188,0.0269,0.059,0
Mon May 26 2025 05:00:00 GMT+0100 (British Summer Time),0.0188,0.0269,0.059,0
Mon May 26 2025 06:00:00 GMT+0100 (British Summer Time),0.0188,0.0269,0.059,0
Mon May 26 2025 07:00:00 GMT+0100 (British Summer Time),0.0188,0.0269,0.059,0
Mon May 26 2025 08:00:00 GMT+0100 (British Summer Time),0.0188,0.0269,0.059,0
Mon May 26 2025 09:00:00 GMT+0100 (British Summer Time),0.0188,0.0269,0.059,0
Mon May 26 2025 10:00:00 GMT+0100 (British Summer Time),0.0188,0.0269,0.059,0
Mon May 26 2025 11:00:00 GMT+0100 (British Summer Time),0.0188,0.0269,0.059,0
Mon May 26 2025 12:00:00 GMT+0100 (British Summer Time),0.0188,0.0269,0.059,0
Mon May 26 2025 13:00:00 GMT+0100 (British Summer Time),0.0188,0.0269,0.059,0
Mon May 26 2025 14:00:00 GMT+0100 (British Summer Time),0.0188,0.0269,0.059,0
Mon May 26 2025 15:00:00 GMT+0100 (British Summer Time),0.0188,0.0269,0.059,0
Mon May 26 2025 16:00:00 GMT+0100 (British Summer Time),0.0188,0.0269,0.059,0
Mon May 26 2025 17:00:00 GMT+0100 (British Summer Time),0.0188,0.0269,0.059,0
Mon May 26 2025 18:00:00 GMT+0100 (British Summer Time),0.0188,0.0269,0.059,0
Mon May 26 2025 19:00:00 GMT+0100 (British Summer Time),0.0188,0.0269,0.059,0
Mon May 26 2025 20:00:00 GMT+0100 (British Summer Time),0.0345,0.0291,0.059,0
Mon May 26 2025 21:00:00 GMT+0100 (British Summer Time),0.0345,0.0291,0.059,0
Mon May 26 2025 22:00:00 GMT+0100 (British Summer Time),0.0345,0.0291,0.059,0
Mon May 26 2025 23:00:00 GMT+0100 (British Summer Time),0.0345,0.0291,0.059,0
Tue May 27 2025 00:00:00 GMT+0100 (British Summer Time),0.0154,0.0263,0.059,0
Tue May 27 2025 01:00:00 GMT+0100 (British Summer Time),0.0154,0.0263,0.059,0
Tue May 27 2025 02:00:00 GMT+0100 (British Summer Time),0.0154,0.0263,0.059,0
Tue May 27 2025 03:00:00 GMT+0100 (British Summer Time),0.0154,0.0263,0.059,0
Tue May 27 2025 04:00:00 GMT+0100 (British Summer Time),0.0154,0.0263,0.059,0
Tue May 27 2025 05:00:00 GMT+0100 (British Summer Time),0.0154,0.0263,0.059,0
Tue May 27 2025 06:00:00 GMT+0100 (British Summer Time),0.0154,0.0263,0.0591,698.7064451142404
Tue May 27 2025 07:00:00 GMT+0100 (British Summer Time),0.0154,0.0263,0.0591,0
Tue May 27 2025 08:00:00 GMT+0100 (British Summer Time),0.0154,0.0263,0.0591,0
Tue May 27 2025 09:00:00 GMT+0100 (British Summer Time),0.0154,0.0263,0.0591,0
Tue May 27 2025 10:00:00 GMT+0100 (British Summer Time),0.0154,0.0263,0.0591,0
Tue May 27 2025 11:00:00 GMT+0100 (British Summer Time),0.0154,0.0263,0.0605,22417.694181869687
Tue May 27 2025 12:00:00 GMT+0100 (British Summer Time),0.0154,0.0263,0.0605,0
Tue May 27 2025 13:00:00 GMT+0100 (British Summer Time),0.0154,0.0263,0.0605,0
Tue May 27 2025 14:00:00 GMT+0100 (British Summer Time),0.0154,0.0263,0.0605,0
Tue May 27 2025 15:00:00 GMT+0100 (British Summer Time),0.0154,0.0263,0.0605,0
Tue May 27 2025 16:00:00 GMT+0100 (British Summer Time),0.0154,0.0263,0.0605,0
Tue May 27 2025 17:00:00 GMT+0100 (British Summer Time),0.0154,0.0263,0.0605,0
Tue May 27 2025 18:00:00 GMT+0100 (British Summer Time),0.0154,0.0263,0.0605,0
Tue May 27 2025 19:00:00 GMT+0100 (British Summer Time),0.0154,0.0263,0.0605,0
Tue May 27 2025 20:00:00 GMT+0100 (British Summer Time),0,0.0263,0.0605,0
Tue May 27 2025 21:00:00 GMT+0100 (British Summer Time),0,0.0263,0.0605,0
Tue May 27 2025 22:00:00 GMT+0100 (British Summer Time),0,0.0263,0.0605,0
Tue May 27 2025 23:00:00 GMT+0100 (British Summer Time),0.0218,0.0295,0.0605,0
Wed May 28 2025 00:00:00 GMT+0100 (British Summer Time),0.0218,0.0264,0.0606,1924.8652299690493
Wed May 28 2025 01:00:00 GMT+0100 (British Summer Time),0.0218,0.0264,0.0606,0
Wed May 28 2025 02:00:00 GMT+0100 (British Summer Time),0.0218,0.0264,0.0606,0
Wed May 28 2025 03:00:00 GMT+0100 (British Summer Time),0.0218,0.0264,0.0606,246.59698391991196
Wed May 28 2025 04:00:00 GMT+0100 (British Summer Time),0.0218,0.0264,0.0606,0
Wed May 28 2025 05:00:00 GMT+0100 (British Summer Time),0.0218,0.0264,0.0606,0
Wed May 28 2025 06:00:00 GMT+0100 (British Summer Time),0.0218,0.0264,0.0606,0
Wed May 28 2025 07:00:00 GMT+0100 (British Summer Time),0.0218,0.0264,0.0606,0
Wed May 28 2025 08:00:00 GMT+0100 (British Summer Time),0.0218,0.0264,0.0606,0
Wed May 28 2025 09:00:00 GMT+0100 (British Summer Time),0.0218,0.0264,0.0606,0
Wed May 28 2025 10:00:00 GMT+0100 (British Summer Time),0.0218,0.0264,0.0606,0
Wed May 28 2025 11:00:00 GMT+0100 (British Summer Time),0.0218,0.0264,0.0606,0
Wed May 28 2025 12:00:00 GMT+0100 (British Summer Time),0.0218,0.0264,0.0606,0
Wed May 28 2025 13:00:00 GMT+0100 (British Summer Time),0.0218,0.0264,0.0606,0
Wed May 28 2025 14:00:00 GMT+0100 (British Summer Time),0.0218,0.0264,0.0606,0
Wed May 28 2025 15:00:00 GMT+0100 (British Summer Time),0.0218,0.0264,0.0606,0
Wed May 28 2025 16:00:00 GMT+0100 (British Summer Time),0.0218,0.0264,0.0606,0
Wed May 28 2025 17:00:00 GMT+0100 (British Summer Time),0.0218,0.0264,0.0606,0
Wed May 28 2025 18:00:00 GMT+0100 (British Summer Time),0.0218,0.0264,0.0606,0
Wed May 28 2025 19:00:00 GMT+0100 (British Summer Time),0.0218,0.0264,0.0606,0
Wed May 28 2025 20:00:00 GMT+0100 (British Summer Time),0.0218,0.0264,0.0606,0
Wed May 28 2025 21:00:00 GMT+0100 (British Summer Time),0.0218,0.0264,0.0606,0
Wed May 28 2025 22:00:00 GMT+0100 (British Summer Time),0.0218,0.0264,0.0606,0
Wed May 28 2025 23:00:00 GMT+0100 (British Summer Time),0.0652,0.0357,0.0606,0
Thu May 29 2025 00:00:00 GMT+0100 (British Summer Time),0.0652,0.0322,0.0606,0
Thu May 29 2025 01:00:00 GMT+0100 (British Summer Time),0.0652,0.0322,0.0606,0
Thu May 29 2025 02:00:00 GMT+0100 (British Summer Time),0.0652,0.0322,0.0606,57.800985368290185
Thu May 29 2025 03:00:00 GMT+0100 (British Summer Time),0.0652,0.0322,0.0606,0
Thu May 29 2025 04:00:00 GMT+0100 (British Summer Time),0.0652,0.0322,0.0606,0
Thu May 29 2025 05:00:00 GMT+0100 (British Summer Time),0.0652,0.0322,0.0606,0
Thu May 29 2025 06:00:00 GMT+0100 (British Summer Time),0.0652,0.0322,0.0606,0
Thu May 29 2025 07:00:00 GMT+0100 (British Summer Time),0.0652,0.0322,0.0598,14031.698414121121
Thu May 29 2025 08:00:00 GMT+0100 (British Summer Time),0.0652,0.0322,0.0598,0
Thu May 29 2025 09:00:00 GMT+0100 (British Summer Time),0.0652,0.0322,0.0598,0
Thu May 29 2025 10:00:00 GMT+0100 (British Summer Time),0.0652,0.0322,0.0598,0
Thu May 29 2025 11:00:00 GMT+0100 (British Summer Time),0.0652,0.0322,0.0598,0
Thu May 29 2025 12:00:00 GMT+0100 (British Summer Time),0.0652,0.0322,0.0598,0
Thu May 29 2025 13:00:00 GMT+0100 (British Summer Time),0.0652,0.0322,0.0598,0
Thu May 29 2025 14:00:00 GMT+0100 (British Summer Time),0.0652,0.0322,0.0598,0
Thu May 29 2025 15:00:00 GMT+0100 (British Summer Time),0.0652,0.0322,0.0598,0
Thu May 29 2025 16:00:00 GMT+0100 (British Summer Time),0.0652,0.0322,0.0598,0
Thu May 29 2025 17:00:00 GMT+0100 (British Summer Time),0.0652,0.0322,0.0598,0
Thu May 29 2025 18:00:00 GMT+0100 (British Summer Time),0.0652,0.0322,0.0598,0
Thu May 29 2025 19:00:00 GMT+0100 (British Summer Time),0.0652,0.0322,0.0598,0
Thu May 29 2025 20:00:00 GMT+0100 (British Summer Time),0.0652,0.0322,0.0598,0
Thu May 29 2025 21:00:00 GMT+0100 (British Summer Time),0.0652,0.0242,0.0598,0
Thu May 29 2025 22:00:00 GMT+0100 (British Summer Time),0.0652,0.0242,0.0547,79566.5441032962
Thu May 29 2025 23:00:00 GMT+0100 (British Summer Time),0.0196,0.0271,0.0547,0
Fri May 30 2025 00:00:00 GMT+0100 (British Summer Time),0.0196,0.0271,0.0547,0
Fri May 30 2025 01:00:00 GMT+0100 (British Summer Time),0.0196,0.0271,0.0547,0
Fri May 30 2025 02:00:00 GMT+0100 (British Summer Time),0.0196,0.0271,0.0547,0
Fri May 30 2025 03:00:00 GMT+0100 (British Summer Time),0.0196,0.0271,0.0546,337.3298204699415
Fri May 30 2025 04:00:00 GMT+0100 (British Summer Time),0.0196,0.0271,0.0546,84.22693916246703
Fri May 30 2025 05:00:00 GMT+0100 (British Summer Time),0.0196,0.0271,0.0546,0
Fri May 30 2025 06:00:00 GMT+0100 (British Summer Time),0.0196,0.0271,0.0546,0
Fri May 30 2025 07:00:00 GMT+0100 (British Summer Time),0.0196,0.0271,0.0546,0
Fri May 30 2025 08:00:00 GMT+0100 (British Summer Time),0.0196,0.0271,0.0546,0
Fri May 30 2025 09:00:00 GMT+0100 (British Summer Time),0.0196,0.0271,0.0546,0
Fri May 30 2025 10:00:00 GMT+0100 (British Summer Time),0.0196,0.0271,0.0546,0
Fri May 30 2025 11:00:00 GMT+0100 (British Summer Time),0.0196,0.0271,0.0546,0
Fri May 30 2025 12:00:00 GMT+0100 (British Summer Time),0.0196,0.0271,0.0546,0
Fri May 30 2025 13:00:00 GMT+0100 (British Summer Time),0.0196,0.0271,0.0546,0
Fri May 30 2025 14:00:00 GMT+0100 (British Summer Time),0.0196,0.0271,0.0546,0
Fri May 30 2025 15:00:00 GMT+0100 (British Summer Time),0.0196,0.0271,0.0546,0
Fri May 30 2025 16:00:00 GMT+0100 (British Summer Time),0.0196,0.0271,0.0546,0
Fri May 30 2025 17:00:00 GMT+0100 (British Summer Time),0.0196,0.0271,0.0546,0
Fri May 30 2025 18:00:00 GMT+0100 (British Summer Time),0.0196,0.0271,0.0546,0
Fri May 30 2025 19:00:00 GMT+0100 (British Summer Time),0.0196,0.0271,0.0546,0
Fri May 30 2025 20:00:00 GMT+0100 (British Summer Time),0.0196,0.0271,0.0546,0
Fri May 30 2025 21:00:00 GMT+0100 (British Summer Time),0.0196,0.0271,0.0546,0
Fri May 30 2025 22:00:00 GMT+0100 (British Summer Time),0.0196,0.0271,0.0546,0
Fri May 30 2025 23:00:00 GMT+0100 (British Summer Time),0.0233,0.0305,0.0546,0
Sat May 31 2025 00:00:00 GMT+0100 (British Summer Time),0.0233,0.0267,0.0546,61.01505189993923
Sat May 31 2025 01:00:00 GMT+0100 (British Summer Time),0.0233,0.0267,0.0546,0
Sat May 31 2025 02:00:00 GMT+0100 (British Summer Time),0.0233,0.0267,0.0546,0
Sat May 31 2025 03:00:00 GMT+0100 (British Summer Time),0.0233,0.0267,0.0546,0
Sat May 31 2025 04:00:00 GMT+0100 (British Summer Time),0.0233,0.0267,0.0546,0
Sat May 31 2025 05:00:00 GMT+0100 (British Summer Time),0.0233,0.0267,0.0546,0
Sat May 31 2025 06:00:00 GMT+0100 (British Summer Time),0.0233,0.0267,0.0546,0
Sat May 31 2025 07:00:00 GMT+0100 (British Summer Time),0.0233,0.0267,0.0546,0
Sat May 31 2025 08:00:00 GMT+0100 (British Summer Time),0.0233,0.0267,0.0546,0
Sat May 31 2025 09:00:00 GMT+0100 (British Summer Time),0.0233,0.0267,0.0546,0
Sat May 31 2025 10:00:00 GMT+0100 (British Summer Time),0.0233,0.0267,0.0546,0
Sat May 31 2025 11:00:00 GMT+0100 (British Summer Time),0.0233,0.0267,0.0546,0
Sat May 31 2025 12:00:00 GMT+0100 (British Summer Time),0.0233,0.0267,0.0538,11100.787429168195
Sat May 31 2025 13:00:00 GMT+0100 (British Summer Time),0.0233,0.0267,0.0538,0
Sat May 31 2025 14:00:00 GMT+0100 (British Summer Time),0.0233,0.0267,0.0538,0
Sat May 31 2025 15:00:00 GMT+0100 (British Summer Time),0.0233,0.0267,0.0538,0
Sat May 31 2025 16:00:00 GMT+0100 (British Summer Time),0.0233,0.0267,0.0538,0
Sat May 31 2025 17:00:00 GMT+0100 (British Summer Time),0.0233,0.0267,0.0538,0
Sat May 31 2025 18:00:00 GMT+0100 (British Summer Time),0.0233,0.0267,0.0538,0
Sat May 31 2025 19:00:00 GMT+0100 (British Summer Time),0.0233,0.0267,0.0538,0
Sat May 31 2025 20:00:00 GMT+0100 (British Summer Time),0.0233,0.0267,0.0538,0
Sat May 31 2025 21:00:00 GMT+0100 (British Summer Time),0.0233,0.0267,0.0538,0
Sat May 31 2025 22:00:00 GMT+0100 (British Summer Time),0.0233,0.0267,0.0538,0
Sat May 31 2025 23:00:00 GMT+0100 (British Summer Time),0,0.0267,0.0538,0
Sun Jun 01 2025 00:00:00 GMT+0100 (British Summer Time),0.0206,0.0263,0.0538,0
Sun Jun 01 2025 01:00:00 GMT+0100 (British Summer Time),0.0206,0.0263,0.0538,0
Sun Jun 01 2025 02:00:00 GMT+0100 (British Summer Time),0.0206,0.0263,0.0538,0
Sun Jun 01 2025 03:00:00 GMT+0100 (British Summer Time),0.0206,0.0263,0.0538,0
Sun Jun 01 2025 04:00:00 GMT+0100 (British Summer Time),0.0206,0.0263,0.0538,0
Sun Jun 01 2025 05:00:00 GMT+0100 (British Summer Time),0.0206,0.0263,0.0538,0
Sun Jun 01 2025 06:00:00 GMT+0100 (British Summer Time),0.0206,0.0263,0.0538,0
Sun Jun 01 2025 07:00:00 GMT+0100 (British Summer Time),0.0206,0.0263,0.0538,0
Sun Jun 01 2025 08:00:00 GMT+0100 (British Summer Time),0.0206,0.0263,0.0538,0
Sun Jun 01 2025 09:00:00 GMT+0100 (British Summer Time),0.0206,0.0263,0.0538,0
Sun Jun 01 2025 10:00:00 GMT+0100 (British Summer Time),0.0206,0.0263,0.0538,0
Sun Jun 01 2025 11:00:00 GMT+0100 (British Summer Time),0.0206,0.0263,0.0538,0
Sun Jun 01 2025 12:00:00 GMT+0100 (British Summer Time),0.0206,0.0263,0.0538,0
Sun Jun 01 2025 13:00:00 GMT+0100 (British Summer Time),0.0206,0.0263,0.0538,0
Sun Jun 01 2025 14:00:00 GMT+0100 (British Summer Time),0.0206,0.0263,0.0538,0
Sun Jun 01 2025 15:00:00 GMT+0100 (British Summer Time),0.0206,0.0263,0.0538,0
Sun Jun 01 2025 16:00:00 GMT+0100 (British Summer Time),0.0206,0.0263,0.0538,0
Sun Jun 01 2025 17:00:00 GMT+0100 (British Summer Time),0.0206,0.0263,0.0538,0
Sun Jun 01 2025 18:00:00 GMT+0100 (British Summer Time),0.0206,0.0263,0.0538,0
Sun Jun 01 2025 19:00:00 GMT+0100 (British Summer Time),0.0372,0.0286,0.0534,6256.347911149603
Sun Jun 01 2025 20:00:00 GMT+0100 (British Summer Time),0.0372,0.0286,0.0534,0
Sun Jun 01 2025 21:00:00 GMT+0100 (British Summer Time),0.0372,0.0286,0.0534,0
Sun Jun 01 2025 22:00:00 GMT+0100 (British Summer Time),0.0372,0.0286,0.0534,0
Sun Jun 01 2025 23:00:00 GMT+0100 (British Summer Time),0.0372,0.0286,0.0534,0
Mon Jun 02 2025 00:00:00 GMT+0100 (British Summer Time),0.0163,0.0259,0.0534,0
Mon Jun 02 2025 01:00:00 GMT+0100 (British Summer Time),0.0163,0.0259,0.0534,0
Mon Jun 02 2025 02:00:00 GMT+0100 (British Summer Time),0.0163,0.0259,0.0534,0
Mon Jun 02 2025 03:00:00 GMT+0100 (British Summer Time),0.0163,0.0259,0.0534,0
Mon Jun 02 2025 04:00:00 GMT+0100 (British Summer Time),0.0163,0.0259,0.0534,0
Mon Jun 02 2025 05:00:00 GMT+0100 (British Summer Time),0.0163,0.0259,0.0534,0
Mon Jun 02 2025 06:00:00 GMT+0100 (British Summer Time),0.0163,0.0259,0.0534,0
Mon Jun 02 2025 07:00:00 GMT+0100 (British Summer Time),0.0163,0.0259,0.0534,0
Mon Jun 02 2025 08:00:00 GMT+0100 (British Summer Time),0.0163,0.0259,0.0534,0
Mon Jun 02 2025 09:00:00 GMT+0100 (British Summer Time),0.0163,0.0259,0.0534,0
Mon Jun 02 2025 10:00:00 GMT+0100 (British Summer Time),0.0163,0.0259,0.0534,0
Mon Jun 02 2025 11:00:00 GMT+0100 (British Summer Time),0.0163,0.0259,0.0534,0
Mon Jun 02 2025 12:00:00 GMT+0100 (British Summer Time),0.0163,0.0259,0.0534,0
Mon Jun 02 2025 13:00:00 GMT+0100 (British Summer Time),0.0163,0.0259,0.0534,0
Mon Jun 02 2025 14:00:00 GMT+0100 (British Summer Time),0.0163,0.0259,0.0534,0
Mon Jun 02 2025 15:00:00 GMT+0100 (British Summer Time),0.0163,0.0259,0.0534,0
Mon Jun 02 2025 16:00:00 GMT+0100 (British Summer Time),0.0163,0.0259,0.0534,0
Mon Jun 02 2025 17:00:00 GMT+0100 (British Summer Time),0.0163,0.0259,0.0534,0
Mon Jun 02 2025 18:00:00 GMT+0100 (British Summer Time),0.0163,0.0259,0.0534,0
Mon Jun 02 2025 19:00:00 GMT+0100 (British Summer Time),0,0.0259,0.0534,0
Mon Jun 02 2025 20:00:00 GMT+0100 (British Summer Time),0,0.0236,0.0534,0
Mon Jun 02 2025 21:00:00 GMT+0100 (British Summer Time),0,0.0236,0.0534,0
Mon Jun 02 2025 22:00:00 GMT+0100 (British Summer Time),0,0.0236,0.0534,0
Mon Jun 02 2025 23:00:00 GMT+0100 (British Summer Time),0,0.0236,0.0534,0
Tue Jun 03 2025 00:00:00 GMT+0100 (British Summer Time),0.0213,0.0267,0.0534,0
Tue Jun 03 2025 01:00:00 GMT+0100 (British Summer Time),0.0213,0.0267,0.0534,0
Tue Jun 03 2025 02:00:00 GMT+0100 (British Summer Time),0.0213,0.0267,0.0534,0
Tue Jun 03 2025 03:00:00 GMT+0100 (British Summer Time),0.0213,0.0267,0.0534,0
Tue Jun 03 2025 04:00:00 GMT+0100 (British Summer Time),0.0213,0.0267,0.0534,0
Tue Jun 03 2025 05:00:00 GMT+0100 (British Summer Time),0.0213,0.0267,0.0534,0
Tue Jun 03 2025 06:00:00 GMT+0100 (British Summer Time),0.0213,0.0267,0.0534,0
Tue Jun 03 2025 07:00:00 GMT+0100 (British Summer Time),0.0213,0.0267,0.0534,0
Tue Jun 03 2025 08:00:00 GMT+0100 (British Summer Time),0.0213,0.0267,0.0534,0
Tue Jun 03 2025 09:00:00 GMT+0100 (British Summer Time),0.0213,0.0267,0.0534,0
Tue Jun 03 2025 10:00:00 GMT+0100 (British Summer Time),0.0213,0.0267,0.0536,3214.2326037578505
Tue Jun 03 2025 11:00:00 GMT+0100 (British Summer Time),0.0213,0.0267,0.0536,0
Tue Jun 03 2025 12:00:00 GMT+0100 (British Summer Time),0.0213,0.0267,0.0536,0
Tue Jun 03 2025 13:00:00 GMT+0100 (British Summer Time),0.0213,0.0267,0.0536,0
Tue Jun 03 2025 14:00:00 GMT+0100 (British Summer Time),0.0213,0.0267,0.0536,0
Tue Jun 03 2025 15:00:00 GMT+0100 (British Summer Time),0.0213,0.0267,0.0536,0
Tue Jun 03 2025 16:00:00 GMT+0100 (British Summer Time),0.0213,0.0267,0.0536,0
Tue Jun 03 2025 17:00:00 GMT+0100 (British Summer Time),0.0213,0.0267,0.0536,0
Tue Jun 03 2025 18:00:00 GMT+0100 (British Summer Time),0.0213,0.0267,0.0536,0
Tue Jun 03 2025 19:00:00 GMT+0100 (British Summer Time),0.0213,0.0267,0.0536,0
Tue Jun 03 2025 20:00:00 GMT+0100 (British Summer Time),0.0213,0.0267,0.0536,0
Tue Jun 03 2025 21:00:00 GMT+0100 (British Summer Time),0.0213,0.0267,0.0536,0
Tue Jun 03 2025 22:00:00 GMT+0100 (British Summer Time),0.0213,0.0267,0.053,7803.100951303184
Tue Jun 03 2025 23:00:00 GMT+0100 (British Summer Time),0.0213,0.0236,0.053,0
Wed Jun 04 2025 00:00:00 GMT+0100 (British Summer Time),0.0531,0.0312,0.053,0
Wed Jun 04 2025 01:00:00 GMT+0100 (British Summer Time),0.0531,0.0312,0.053,0
Wed Jun 04 2025 02:00:00 GMT+0100 (British Summer Time),0.0531,0.0312,0.053,0
Wed Jun 04 2025 03:00:00 GMT+0100 (British Summer Time),0.0531,0.0312,0.053,0
Wed Jun 04 2025 04:00:00 GMT+0100 (British Summer Time),0.0531,0.0312,0.053,0
Wed Jun 04 2025 05:00:00 GMT+0100 (British Summer Time),0.0531,0.0312,0.053,0
Wed Jun 04 2025 06:00:00 GMT+0100 (British Summer Time),0.0531,0.0312,0.053,0
Wed Jun 04 2025 07:00:00 GMT+0100 (British Summer Time),0.0531,0.0312,0.053,0
Wed Jun 04 2025 08:00:00 GMT+0100 (British Summer Time),0.0531,0.0312,0.053,0
Wed Jun 04 2025 09:00:00 GMT+0100 (British Summer Time),0.0531,0.0312,0.053,0
Wed Jun 04 2025 10:00:00 GMT+0100 (British Summer Time),0.0531,0.0312,0.053,0
Wed Jun 04 2025 11:00:00 GMT+0100 (British Summer Time),0.0531,0.0312,0.053,0
Wed Jun 04 2025 12:00:00 GMT+0100 (British Summer Time),0.0531,0.0312,0.053,0
Wed Jun 04 2025 13:00:00 GMT+0100 (British Summer Time),0.0531,0.0312,0.053,0
Wed Jun 04 2025 14:00:00 GMT+0100 (British Summer Time),0.0531,0.0312,0.053,0
Wed Jun 04 2025 15:00:00 GMT+0100 (British Summer Time),0.0531,0.0312,0.053,0
Wed Jun 04 2025 16:00:00 GMT+0100 (British Summer Time),0.0531,0.0312,0.053,0
Wed Jun 04 2025 17:00:00 GMT+0100 (British Summer Time),0.0531,0.0312,0.053,0
Wed Jun 04 2025 18:00:00 GMT+0100 (British Summer Time),0.0531,0.0312,0.053,0
Wed Jun 04 2025 19:00:00 GMT+0100 (British Summer Time),0.0531,0.0312,0.053,0
Wed Jun 04 2025 20:00:00 GMT+0100 (British Summer Time),0.0531,0.0312,0.053,0
Wed Jun 04 2025 21:00:00 GMT+0100 (British Summer Time),0.0531,0.0312,0.053,0
Wed Jun 04 2025 22:00:00 GMT+0100 (British Summer Time),0.0531,0.0312,0.053,0
Wed Jun 04 2025 23:00:00 GMT+0100 (British Summer Time),0.0531,0.0312,0.053,0
Thu Jun 05 2025 00:00:00 GMT+0100 (British Summer Time),0.0212,0.025,0.053,0
Thu Jun 05 2025 01:00:00 GMT+0100 (British Summer Time),0.0212,0.025,0.053,0
Thu Jun 05 2025 02:00:00 GMT+0100 (British Summer Time),0.0212,0.025,0.053,0
Thu Jun 05 2025 03:00:00 GMT+0100 (British Summer Time),0.0212,0.025,0.053,0
Thu Jun 05 2025 04:00:00 GMT+0100 (British Summer Time),0.0212,0.025,0.053,0
Thu Jun 05 2025 05:00:00 GMT+0100 (British Summer Time),0.0212,0.025,0.053,0
Thu Jun 05 2025 06:00:00 GMT+0100 (British Summer Time),0.0212,0.025,0.053,0
Thu Jun 05 2025 07:00:00 GMT+0100 (British Summer Time),0.0212,0.025,0.053,0
Thu Jun 05 2025 08:00:00 GMT+0100 (British Summer Time),0.0212,0.025,0.053,0
Thu Jun 05 2025 09:00:00 GMT+0100 (British Summer Time),0.0212,0.025,0.053,0
Thu Jun 05 2025 10:00:00 GMT+0100 (British Summer Time),0.0212,0.025,0.053,0
Thu Jun 05 2025 11:00:00 GMT+0100 (British Summer Time),0.0212,0.025,0.053,0
Thu Jun 05 2025 12:00:00 GMT+0100 (British Summer Time),0.0212,0.025,0.053,0
Thu Jun 05 2025 13:00:00 GMT+0100 (British Summer Time),0.0212,0.025,0.053,0
Thu Jun 05 2025 14:00:00 GMT+0100 (British Summer Time),0.0212,0.025,0.053,0
Thu Jun 05 2025 15:00:00 GMT+0100 (British Summer Time),0.0212,0.025,0.053,0
Thu Jun 05 2025 16:00:00 GMT+0100 (British Summer Time),0.0212,0.025,0.053,0
Thu Jun 05 2025 17:00:00 GMT+0100 (British Summer Time),0.0212,0.025,0.053,0
Thu Jun 05 2025 18:00:00 GMT+0100 (British Summer Time),0.0212,0.025,0.053,0
Thu Jun 05 2025 19:00:00 GMT+0100 (British Summer Time),0.0212,0.025,0.053,0
Thu Jun 05 2025 20:00:00 GMT+0100 (British Summer Time),0.0212,0.025,0.053,0
Thu Jun 05 2025 21:00:00 GMT+0100 (British Summer Time),0.0212,0.025,0.053,0
Thu Jun 05 2025 22:00:00 GMT+0100 (British Summer Time),0.0212,0.025,0.053,0
Thu Jun 05 2025 23:00:00 GMT+0100 (British Summer Time),0.0212,0.0221,0.053,0
Fri Jun 06 2025 00:00:00 GMT+0100 (British Summer Time),0.0159,0.0244,0.053,0
Fri Jun 06 2025 01:00:00 GMT+0100 (British Summer Time),0.0159,0.0244,0.053,0
Fri Jun 06 2025 02:00:00 GMT+0100 (British Summer Time),0.0159,0.0244,0.053,0
Fri Jun 06 2025 03:00:00 GMT+0100 (British Summer Time),0.0159,0.0244,0.053,0
Fri Jun 06 2025 04:00:00 GMT+0100 (British Summer Time),0.0159,0.0244,0.053,0
Fri Jun 06 2025 05:00:00 GMT+0100 (British Summer Time),0.0159,0.0244,0.053,0
Fri Jun 06 2025 06:00:00 GMT+0100 (British Summer Time),0.0159,0.0244,0.053,0
Fri Jun 06 2025 07:00:00 GMT+0100 (British Summer Time),0.0159,0.0244,0.053,0
Fri Jun 06 2025 08:00:00 GMT+0100 (British Summer Time),0.0159,0.0244,0.053,0
Fri Jun 06 2025 09:00:00 GMT+0100 (British Summer Time),0.0159,0.0244,0.053,0
Fri Jun 06 2025 10:00:00 GMT+0100 (British Summer Time),0.0159,0.0244,0.053,0
Fri Jun 06 2025 11:00:00 GMT+0100 (British Summer Time),0.0159,0.0244,0.053,0
Fri Jun 06 2025 12:00:00 GMT+0100 (British Summer Time),0.0159,0.0244,0.053,0
Fri Jun 06 2025 13:00:00 GMT+0100 (British Summer Time),0.0159,0.0244,0.053,0
Fri Jun 06 2025 14:00:00 GMT+0100 (British Summer Time),0.0159,0.0244,0.053,0
Fri Jun 06 2025 15:00:00 GMT+0100 (British Summer Time),0.0159,0.0244,0.053,0
Fri Jun 06 2025 16:00:00 GMT+0100 (British Summer Time),0.0159,0.0244,0.053,0
Fri Jun 06 2025 17:00:00 GMT+0100 (British Summer Time),0.0159,0.0244,0.053,0
Fri Jun 06 2025 18:00:00 GMT+0100 (British Summer Time),0.0159,0.0244,0.053,0
Fri Jun 06 2025 19:00:00 GMT+0100 (British Summer Time),0.0159,0.0244,0.053,0
Fri Jun 06 2025 20:00:00 GMT+0100 (British Summer Time),0.0159,0.0244,0.053,0
Fri Jun 06 2025 21:00:00 GMT+0100 (British Summer Time),0.0159,0.0244,0.053,0
Fri Jun 06 2025 22:00:00 GMT+0100 (British Summer Time),0.0159,0.0244,0.053,0
Fri Jun 06 2025 23:00:00 GMT+0100 (British Summer Time),0.0381,0.0242,0.053,0
Sat Jun 07 2025 00:00:00 GMT+0100 (British Summer Time),0.0218,0.0242,0.053,0
Sat Jun 07 2025 01:00:00 GMT+0100 (British Summer Time),0.0218,0.0242,0.053,0
Sat Jun 07 2025 02:00:00 GMT+0100 (British Summer Time),0.0218,0.0242,0.053,627.3056886266551
Sat Jun 07 2025 03:00:00 GMT+0100 (British Summer Time),0.0218,0.0242,0.053,0
Sat Jun 07 2025 04:00:00 GMT+0100 (British Summer Time),0.0218,0.0242,0.053,0
Sat Jun 07 2025 05:00:00 GMT+0100 (British Summer Time),0.0218,0.0242,0.053,0
Sat Jun 07 2025 06:00:00 GMT+0100 (British Summer Time),0.0218,0.0242,0.053,0
Sat Jun 07 2025 07:00:00 GMT+0100 (British Summer Time),0.0218,0.0242,0.053,0
Sat Jun 07 2025 08:00:00 GMT+0100 (British Summer Time),0.0218,0.0242,0.053,0
Sat Jun 07 2025 09:00:00 GMT+0100 (British Summer Time),0.0218,0.0242,0.053,0
Sat Jun 07 2025 10:00:00 GMT+0100 (British Summer Time),0.0218,0.0242,0.053,0
Sat Jun 07 2025 11:00:00 GMT+0100 (British Summer Time),0.0218,0.0242,0.053,0
Sat Jun 07 2025 12:00:00 GMT+0100 (British Summer Time),0.0218,0.0242,0.053,0
Sat Jun 07 2025 13:00:00 GMT+0100 (British Summer Time),0.0218,0.0242,0.053,0
Sat Jun 07 2025 14:00:00 GMT+0100 (British Summer Time),0.0218,0.0242,0.053,0
Sat Jun 07 2025 15:00:00 GMT+0100 (British Summer Time),0.0218,0.0242,0.053,0
Sat Jun 07 2025 16:00:00 GMT+0100 (British Summer Time),0.0218,0.0242,0.053,0
Sat Jun 07 2025 17:00:00 GMT+0100 (British Summer Time),0.0218,0.0242,0.053,0
Sat Jun 07 2025 18:00:00 GMT+0100 (British Summer Time),0.0218,0.0242,0.053,0
Sat Jun 07 2025 19:00:00 GMT+0100 (British Summer Time),0.043,0.0272,0.053,0
Sat Jun 07 2025 20:00:00 GMT+0100 (British Summer Time),0.043,0.0272,0.053,0
Sat Jun 07 2025 21:00:00 GMT+0100 (British Summer Time),0.043,0.0272,0.053,0
Sat Jun 07 2025 22:00:00 GMT+0100 (British Summer Time),0.043,0.0272,0.053,0
Sat Jun 07 2025 23:00:00 GMT+0100 (British Summer Time),0.0207,0.0272,0.053,0
Sun Jun 08 2025 00:00:00 GMT+0100 (British Summer Time),0.0207,0.0243,0.053,0
Sun Jun 08 2025 01:00:00 GMT+0100 (British Summer Time),0.0207,0.0243,0.053,0
Sun Jun 08 2025 02:00:00 GMT+0100 (British Summer Time),0.0207,0.0243,0.053,129.67469898913214
Sun Jun 08 2025 03:00:00 GMT+0100 (British Summer Time),0.0207,0.0243,0.053,61.64345436597876
Sun Jun 08 2025 04:00:00 GMT+0100 (British Summer Time),0.0207,0.0243,0.053,0
Sun Jun 08 2025 05:00:00 GMT+0100 (British Summer Time),0.0207,0.0243,0.053,0
Sun Jun 08 2025 06:00:00 GMT+0100 (British Summer Time),0.0207,0.0243,0.053,0
Sun Jun 08 2025 07:00:00 GMT+0100 (British Summer Time),0.0207,0.0243,0.053,0
Sun Jun 08 2025 08:00:00 GMT+0100 (British Summer Time),0.0207,0.0243,0.053,0
Sun Jun 08 2025 09:00:00 GMT+0100 (British Summer Time),0.0207,0.0243,0.053,0
Sun Jun 08 2025 10:00:00 GMT+0100 (British Summer Time),0.0207,0.0243,0.053,0
Sun Jun 08 2025 11:00:00 GMT+0100 (British Summer Time),0.0207,0.0243,0.053,0
Sun Jun 08 2025 12:00:00 GMT+0100 (British Summer Time),0.0207,0.0243,0.053,0
Sun Jun 08 2025 13:00:00 GMT+0100 (British Summer Time),0.0207,0.0243,0.053,0
Sun Jun 08 2025 14:00:00 GMT+0100 (British Summer Time),0.0207,0.0243,0.053,0
Sun Jun 08 2025 15:00:00 GMT+0100 (British Summer Time),0.0207,0.0243,0.053,0
Sun Jun 08 2025 16:00:00 GMT+0100 (British Summer Time),0.0207,0.0243,0.053,0
Sun Jun 08 2025 17:00:00 GMT+0100 (British Summer Time),0.0207,0.0243,0.053,0
Sun Jun 08 2025 18:00:00 GMT+0100 (British Summer Time),0.0207,0.0243,0.053,0
Sun Jun 08 2025 19:00:00 GMT+0100 (British Summer Time),0,0.0219,0.053,0
Sun Jun 08 2025 20:00:00 GMT+0100 (British Summer Time),0,0.0219,0.053,0
Sun Jun 08 2025 21:00:00 GMT+0100 (British Summer Time),0,0.0219,0.053,0
Sun Jun 08 2025 22:00:00 GMT+0100 (British Summer Time),0,0.0219,0.053,0
Sun Jun 08 2025 23:00:00 GMT+0100 (British Summer Time),0,0.0219,0.053,0
Mon Jun 09 2025 00:00:00 GMT+0100 (British Summer Time),0.0048,0.0226,0.053,0
Mon Jun 09 2025 01:00:00 GMT+0100 (British Summer Time),0.0048,0.0226,0.053,0
Mon Jun 09 2025 02:00:00 GMT+0100 (British Summer Time),0.0048,0.0226,0.053,0
Mon Jun 09 2025 03:00:00 GMT+0100 (British Summer Time),0.0048,0.0226,0.053,0
Mon Jun 09 2025 04:00:00 GMT+0100 (British Summer Time),0.0048,0.0226,0.053,0
Mon Jun 09 2025 05:00:00 GMT+0100 (British Summer Time),0.0048,0.0226,0.053,0
Mon Jun 09 2025 06:00:00 GMT+0100 (British Summer Time),0.0048,0.0226,0.053,0
Mon Jun 09 2025 07:00:00 GMT+0100 (British Summer Time),0.0048,0.0226,0.053,0
Mon Jun 09 2025 08:00:00 GMT+0100 (British Summer Time),0.0048,0.0226,0.053,0
Mon Jun 09 2025 09:00:00 GMT+0100 (British Summer Time),0.0048,0.0226,0.053,0
Mon Jun 09 2025 10:00:00 GMT+0100 (British Summer Time),0.0048,0.0226,0.053,0
Mon Jun 09 2025 11:00:00 GMT+0100 (British Summer Time),0.0048,0.0226,0.053,0
Mon Jun 09 2025 12:00:00 GMT+0100 (British Summer Time),0.0048,0.0226,0.053,0
Mon Jun 09 2025 13:00:00 GMT+0100 (British Summer Time),0.0048,0.0226,0.053,0
Mon Jun 09 2025 14:00:00 GMT+0100 (British Summer Time),0.0048,0.0226,0.053,0
Mon Jun 09 2025 15:00:00 GMT+0100 (British Summer Time),0.0048,0.0226,0.053,0
Mon Jun 09 2025 16:00:00 GMT+0100 (British Summer Time),0.0048,0.0226,0.053,0
Mon Jun 09 2025 17:00:00 GMT+0100 (British Summer Time),0.0048,0.0226,0.053,0
Mon Jun 09 2025 18:00:00 GMT+0100 (British Summer Time),0.0048,0.0226,0.053,0
Mon Jun 09 2025 19:00:00 GMT+0100 (British Summer Time),0.0048,0.0226,0.053,0
Mon Jun 09 2025 20:00:00 GMT+0100 (British Summer Time),0.0048,0.0226,0.053,0
Mon Jun 09 2025 21:00:00 GMT+0100 (British Summer Time),0.0048,0.0226,0.053,0
Mon Jun 09 2025 22:00:00 GMT+0100 (British Summer Time),0.0048,0.0226,0.0535,7040.213025568312
Mon Jun 09 2025 23:00:00 GMT+0100 (British Summer Time),0.0048,0.0226,0.0535,0
Tue Jun 10 2025 00:00:00 GMT+0100 (British Summer Time),0.0748,0.0301,0.0535,0
Tue Jun 10 2025 01:00:00 GMT+0100 (British Summer Time),0.0748,0.0301,0.0539,6414.167685399257
Tue Jun 10 2025 02:00:00 GMT+0100 (British Summer Time),0.0748,0.0301,0.0539,0
Tue Jun 10 2025 03:00:00 GMT+0100 (British Summer Time),0.0748,0.0301,0.0539,0
Tue Jun 10 2025 04:00:00 GMT+0100 (British Summer Time),0.0748,0.0301,0.0539,0
Tue Jun 10 2025 05:00:00 GMT+0100 (British Summer Time),0.0748,0.0301,0.0539,0
Tue Jun 10 2025 06:00:00 GMT+0100 (British Summer Time),0.0748,0.0301,0.0539,0
Tue Jun 10 2025 07:00:00 GMT+0100 (British Summer Time),0.0748,0.0301,0.0539,0
Tue Jun 10 2025 08:00:00 GMT+0100 (British Summer Time),0.0748,0.0301,0.0539,0
Tue Jun 10 2025 09:00:00 GMT+0100 (British Summer Time),0.0748,0.0301,0.0539,0
Tue Jun 10 2025 10:00:00 GMT+0100 (British Summer Time),0.0748,0.0301,0.0539,0
Tue Jun 10 2025 11:00:00 GMT+0100 (British Summer Time),0.0748,0.0301,0.0539,0
Tue Jun 10 2025 12:00:00 GMT+0100 (British Summer Time),0.0748,0.0301,0.0539,0
Tue Jun 10 2025 13:00:00 GMT+0100 (British Summer Time),0.0748,0.0301,0.0539,0
Tue Jun 10 2025 14:00:00 GMT+0100 (British Summer Time),0.0748,0.0301,0.0539,0
Tue Jun 10 2025 15:00:00 GMT+0100 (British Summer Time),0.0748,0.0301,0.0539,0
Tue Jun 10 2025 16:00:00 GMT+0100 (British Summer Time),0.0748,0.0301,0.0539,0
Tue Jun 10 2025 17:00:00 GMT+0100 (British Summer Time),0.0748,0.0301,0.0539,0
Tue Jun 10 2025 18:00:00 GMT+0100 (British Summer Time),0.0748,0.0301,0.0539,0
Tue Jun 10 2025 19:00:00 GMT+0100 (British Summer Time),0.0748,0.0301,0.0539,0
Tue Jun 10 2025 20:00:00 GMT+0100 (British Summer Time),0.0748,0.0301,0.0539,0
Tue Jun 10 2025 21:00:00 GMT+0100 (British Summer Time),0.0748,0.0301,0.0539,0
Tue Jun 10 2025 22:00:00 GMT+0100 (British Summer Time),0.0748,0.0301,0.0539,0
Tue Jun 10 2025 23:00:00 GMT+0100 (British Summer Time),0.0748,0.0301,0.0539,0
Wed Jun 11 2025 00:00:00 GMT+0100 (British Summer Time),0.0209,0.0255,0.0539,0
Wed Jun 11 2025 01:00:00 GMT+0100 (British Summer Time),0.0209,0.0255,0.0539,0
Wed Jun 11 2025 02:00:00 GMT+0100 (British Summer Time),0.0209,0.0255,0.0539,0
Wed Jun 11 2025 03:00:00 GMT+0100 (British Summer Time),0.0209,0.0255,0.0538,1483.7388480385373
Wed Jun 11 2025 04:00:00 GMT+0100 (British Summer Time),0.0209,0.0255,0.0538,0
Wed Jun 11 2025 05:00:00 GMT+0100 (British Summer Time),0.0209,0.0255,0.0538,0
Wed Jun 11 2025 06:00:00 GMT+0100 (British Summer Time),0.0209,0.0255,0.0538,0
Wed Jun 11 2025 07:00:00 GMT+0100 (British Summer Time),0.0209,0.0255,0.0538,0
Wed Jun 11 2025 08:00:00 GMT+0100 (British Summer Time),0.0209,0.0255,0.0538,0
Wed Jun 11 2025 09:00:00 GMT+0100 (British Summer Time),0.0209,0.0255,0.0538,0
Wed Jun 11 2025 10:00:00 GMT+0100 (British Summer Time),0.0209,0.0255,0.0538,0
Wed Jun 11 2025 11:00:00 GMT+0100 (British Summer Time),0.0209,0.0255,0.0538,0
Wed Jun 11 2025 12:00:00 GMT+0100 (British Summer Time),0.0209,0.0255,0.0538,0
Wed Jun 11 2025 13:00:00 GMT+0100 (British Summer Time),0.0209,0.0255,0.0538,0
Wed Jun 11 2025 14:00:00 GMT+0100 (British Summer Time),0.0209,0.0255,0.0538,0
Wed Jun 11 2025 15:00:00 GMT+0100 (British Summer Time),0.0209,0.0255,0.0538,0
Wed Jun 11 2025 16:00:00 GMT+0100 (British Summer Time),0.0209,0.0255,0.0538,0
Wed Jun 11 2025 17:00:00 GMT+0100 (British Summer Time),0.0209,0.0255,0.0538,0
Wed Jun 11 2025 18:00:00 GMT+0100 (British Summer Time),0.0209,0.0255,0.0538,0
Wed Jun 11 2025 19:00:00 GMT+0100 (British Summer Time),0.0209,0.0255,0.0538,0
Wed Jun 11 2025 20:00:00 GMT+0100 (British Summer Time),0.0209,0.0255,0.0538,0
Wed Jun 11 2025 21:00:00 GMT+0100 (British Summer Time),0.0209,0.0255,0.0538,0
Wed Jun 11 2025 22:00:00 GMT+0100 (British Summer Time),0.0209,0.0255,0.0538,0
Wed Jun 11 2025 23:00:00 GMT+0100 (British Summer Time),0.0438,0.0288,0.0538,0
Thu Jun 12 2025 00:00:00 GMT+0100 (British Summer Time),0.0224,0.0257,0.0538,0
Thu Jun 12 2025 01:00:00 GMT+0100 (British Summer Time),0.0224,0.0257,0.0538,0
Thu Jun 12 2025 02:00:00 GMT+0100 (British Summer Time),0.0224,0.0257,0.0538,0
Thu Jun 12 2025 03:00:00 GMT+0100 (British Summer Time),0.0224,0.0257,0.0538,0
Thu Jun 12 2025 04:00:00 GMT+0100 (British Summer Time),0.0224,0.0257,0.0538,0
Thu Jun 12 2025 05:00:00 GMT+0100 (British Summer Time),0.0224,0.0257,0.0538,0
Thu Jun 12 2025 06:00:00 GMT+0100 (British Summer Time),0.0224,0.0257,0.0538,0
Thu Jun 12 2025 07:00:00 GMT+0100 (British Summer Time),0.0224,0.0257,0.0538,0
Thu Jun 12 2025 08:00:00 GMT+0100 (British Summer Time),0.0224,0.0257,0.0538,0
Thu Jun 12 2025 09:00:00 GMT+0100 (British Summer Time),0.0224,0.0257,0.0538,0
Thu Jun 12 2025 10:00:00 GMT+0100 (British Summer Time),0.0224,0.0257,0.0538,0
Thu Jun 12 2025 11:00:00 GMT+0100 (British Summer Time),0.0224,0.0257,0.0538,0
Thu Jun 12 2025 12:00:00 GMT+0100 (British Summer Time),0.0224,0.0257,0.0538,0
Thu Jun 12 2025 13:00:00 GMT+0100 (British Summer Time),0.0224,0.0257,0.0538,0
Thu Jun 12 2025 14:00:00 GMT+0100 (British Summer Time),0.0224,0.0257,0.0538,0
Thu Jun 12 2025 15:00:00 GMT+0100 (British Summer Time),0.0224,0.0257,0.0538,0
Thu Jun 12 2025 16:00:00 GMT+0100 (British Summer Time),0.0224,0.0257,0.0538,0
Thu Jun 12 2025 17:00:00 GMT+0100 (British Summer Time),0.0224,0.0257,0.0538,0
Thu Jun 12 2025 18:00:00 GMT+0100 (British Summer Time),0.0224,0.0257,0.0538,0
Thu Jun 12 2025 19:00:00 GMT+0100 (British Summer Time),0.0224,0.0257,0.0538,0
Thu Jun 12 2025 20:00:00 GMT+0100 (British Summer Time),0.0403,0.0282,0.0538,0
Thu Jun 12 2025 21:00:00 GMT+0100 (British Summer Time),0.0403,0.0282,0.0538,0
Thu Jun 12 2025 22:00:00 GMT+0100 (British Summer Time),0.0403,0.0282,0.0538,0
Thu Jun 12 2025 23:00:00 GMT+0100 (British Summer Time),0.0175,0.0282,0.0538,0
Fri Jun 13 2025 00:00:00 GMT+0100 (British Summer Time),0.0175,0.0259,0.0538,0
Fri Jun 13 2025 01:00:00 GMT+0100 (British Summer Time),0.0175,0.0259,0.0538,0
Fri Jun 13 2025 02:00:00 GMT+0100 (British Summer Time),0.0175,0.0259,0.0538,0
Fri Jun 13 2025 03:00:00 GMT+0100 (British Summer Time),0.0175,0.0259,0.0538,0
Fri Jun 13 2025 04:00:00 GMT+0100 (British Summer Time),0.0175,0.0259,0.0533,7811.870106709213
Fri Jun 13 2025 05:00:00 GMT+0100 (British Summer Time),0.0175,0.0259,0.0533,0
Fri Jun 13 2025 06:00:00 GMT+0100 (British Summer Time),0.0175,0.0259,0.0529,4280.575787139979
Fri Jun 13 2025 07:00:00 GMT+0100 (British Summer Time),0.0175,0.0259,0.0529,0
Fri Jun 13 2025 08:00:00 GMT+0100 (British Summer Time),0.0175,0.0259,0.0529,0
Fri Jun 13 2025 09:00:00 GMT+0100 (British Summer Time),0.0175,0.0259,0.0529,0
Fri Jun 13 2025 10:00:00 GMT+0100 (British Summer Time),0.0175,0.0259,0.0529,0
Fri Jun 13 2025 11:00:00 GMT+0100 (British Summer Time),0.0175,0.0259,0.0529,0
Fri Jun 13 2025 12:00:00 GMT+0100 (British Summer Time),0.0175,0.0259,0.0529,0
Fri Jun 13 2025 13:00:00 GMT+0100 (British Summer Time),0.0175,0.0259,0.0529,0
Fri Jun 13 2025 14:00:00 GMT+0100 (British Summer Time),0.0175,0.0259,0.0529,0
Fri Jun 13 2025 15:00:00 GMT+0100 (British Summer Time),0.0175,0.0259,0.0529,0
Fri Jun 13 2025 16:00:00 GMT+0100 (British Summer Time),0.0175,0.0259,0.0529,0
Fri Jun 13 2025 17:00:00 GMT+0100 (British Summer Time),0.0175,0.0259,0.0529,0
Fri Jun 13 2025 18:00:00 GMT+0100 (British Summer Time),0.0175,0.0259,0.0529,0
Fri Jun 13 2025 19:00:00 GMT+0100 (British Summer Time),0.0175,0.0259,0.0529,0
Fri Jun 13 2025 20:00:00 GMT+0100 (British Summer Time),0,0.0259,0.0529,0
Fri Jun 13 2025 21:00:00 GMT+0100 (British Summer Time),0,0.0259,0.0529,0
Fri Jun 13 2025 22:00:00 GMT+0100 (British Summer Time),0,0.0259,0.0529,0
Fri Jun 13 2025 23:00:00 GMT+0100 (British Summer Time),0,0.0228,0.0529,0
Sat Jun 14 2025 00:00:00 GMT+0100 (British Summer Time),0.0486,0.0297,0.0529,0
Sat Jun 14 2025 01:00:00 GMT+0100 (British Summer Time),0.0486,0.0297,0.0529,0
Sat Jun 14 2025 02:00:00 GMT+0100 (British Summer Time),0.0486,0.0297,0.0529,0
Sat Jun 14 2025 03:00:00 GMT+0100 (British Summer Time),0.0486,0.0297,0.0529,0
Sat Jun 14 2025 04:00:00 GMT+0100 (British Summer Time),0.0486,0.0297,0.0529,0
Sat Jun 14 2025 05:00:00 GMT+0100 (British Summer Time),0.0486,0.0297,0.0529,0
Sat Jun 14 2025 06:00:00 GMT+0100 (British Summer Time),0.0486,0.0297,0.0529,0
Sat Jun 14 2025 07:00:00 GMT+0100 (British Summer Time),0.0486,0.0297,0.0529,0
Sat Jun 14 2025 08:00:00 GMT+0100 (British Summer Time),0.0486,0.0297,0.0529,0
Sat Jun 14 2025 09:00:00 GMT+0100 (British Summer Time),0.0486,0.0297,0.0529,0
Sat Jun 14 2025 10:00:00 GMT+0100 (British Summer Time),0.0486,0.0297,0.0529,0
Sat Jun 14 2025 11:00:00 GMT+0100 (British Summer Time),0.0486,0.0297,0.0529,0
Sat Jun 14 2025 12:00:00 GMT+0100 (British Summer Time),0.0486,0.0297,0.0529,0
Sat Jun 14 2025 13:00:00 GMT+0100 (British Summer Time),0.0486,0.0297,0.0529,0
Sat Jun 14 2025 14:00:00 GMT+0100 (British Summer Time),0.0486,0.0297,0.0529,0
Sat Jun 14 2025 15:00:00 GMT+0100 (British Summer Time),0.0486,0.0297,0.0529,0
Sat Jun 14 2025 16:00:00 GMT+0100 (British Summer Time),0.0486,0.0297,0.0529,0
Sat Jun 14 2025 17:00:00 GMT+0100 (British Summer Time),0.0486,0.0297,0.0529,0
Sat Jun 14 2025 18:00:00 GMT+0100 (British Summer Time),0.0486,0.0297,0.0529,0
Sat Jun 14 2025 19:00:00 GMT+0100 (British Summer Time),0.0486,0.0267,0.0529,0
Sat Jun 14 2025 20:00:00 GMT+0100 (British Summer Time),0.0486,0.0267,0.0529,0
Sat Jun 14 2025 21:00:00 GMT+0100 (British Summer Time),0.0486,0.0267,0.0529,0
Sat Jun 14 2025 22:00:00 GMT+0100 (British Summer Time),0.0678,0.0294,0.0529,0
Sat Jun 14 2025 23:00:00 GMT+0100 (British Summer Time),0.0678,0.0294,0.0529,0
Sun Jun 15 2025 00:00:00 GMT+0100 (British Summer Time),0.0183,0.0294,0.0529,0
Sun Jun 15 2025 01:00:00 GMT+0100 (British Summer Time),0.0183,0.0294,0.0529,0
Sun Jun 15 2025 02:00:00 GMT+0100 (British Summer Time),0.0183,0.0294,0.0529,0
Sun Jun 15 2025 03:00:00 GMT+0100 (British Summer Time),0.0183,0.0294,0.0529,0
Sun Jun 15 2025 04:00:00 GMT+0100 (British Summer Time),0.0183,0.0294,0.0529,0
Sun Jun 15 2025 05:00:00 GMT+0100 (British Summer Time),0.0183,0.0294,0.0529,0
Sun Jun 15 2025 06:00:00 GMT+0100 (British Summer Time),0.0183,0.0294,0.0529,0
Sun Jun 15 2025 07:00:00 GMT+0100 (British Summer Time),0.0183,0.0294,0.0535,8038.5317014279235
Sun Jun 15 2025 08:00:00 GMT+0100 (British Summer Time),0.0183,0.0294,0.0535,0
Sun Jun 15 2025 09:00:00 GMT+0100 (British Summer Time),0.0183,0.0294,0.0535,0
Sun Jun 15 2025 10:00:00 GMT+0100 (British Summer Time),0.0183,0.0294,0.0535,0
Sun Jun 15 2025 11:00:00 GMT+0100 (British Summer Time),0.0183,0.0294,0.0535,0
Sun Jun 15 2025 12:00:00 GMT+0100 (British Summer Time),0.0183,0.0294,0.0535,0
Sun Jun 15 2025 13:00:00 GMT+0100 (British Summer Time),0.0183,0.0294,0.0535,0
Sun Jun 15 2025 14:00:00 GMT+0100 (British Summer Time),0.0183,0.0294,0.0535,0
Sun Jun 15 2025 15:00:00 GMT+0100 (British Summer Time),0.0183,0.0294,0.0535,0
Sun Jun 15 2025 16:00:00 GMT+0100 (British Summer Time),0.0183,0.0294,0.0535,0
Sun Jun 15 2025 17:00:00 GMT+0100 (British Summer Time),0.0183,0.0294,0.0535,0
Sun Jun 15 2025 18:00:00 GMT+0100 (British Summer Time),0.0183,0.0294,0.0535,0
Sun Jun 15 2025 19:00:00 GMT+0100 (British Summer Time),0.0183,0.0294,0.0535,0
Sun Jun 15 2025 20:00:00 GMT+0100 (British Summer Time),0.0183,0.0294,0.0535,0
Sun Jun 15 2025 21:00:00 GMT+0100 (British Summer Time),0.0183,0.0294,0.0535,0
Sun Jun 15 2025 22:00:00 GMT+0100 (British Summer Time),0,0.0294,0.0535,0
Sun Jun 15 2025 23:00:00 GMT+0100 (British Summer Time),0,0.0294,0.0535,0
Mon Jun 16 2025 00:00:00 GMT+0100 (British Summer Time),0.0166,0.0311,0.0535,0
Mon Jun 16 2025 01:00:00 GMT+0100 (British Summer Time),0.0166,0.0311,0.0535,0
Mon Jun 16 2025 02:00:00 GMT+0100 (British Summer Time),0.0166,0.0311,0.0535,0
Mon Jun 16 2025 03:00:00 GMT+0100 (British Summer Time),0.0166,0.0311,0.0535,0
Mon Jun 16 2025 04:00:00 GMT+0100 (British Summer Time),0.0166,0.0311,0.0535,0
Mon Jun 16 2025 05:00:00 GMT+0100 (British Summer Time),0.0166,0.0311,0.0535,0
Mon Jun 16 2025 06:00:00 GMT+0100 (British Summer Time),0.0166,0.0311,0.0535,0
Mon Jun 16 2025 07:00:00 GMT+0100 (British Summer Time),0.0166,0.0311,0.0535,0
Mon Jun 16 2025 08:00:00 GMT+0100 (British Summer Time),0.0166,0.0311,0.0535,0
Mon Jun 16 2025 09:00:00 GMT+0100 (British Summer Time),0.0166,0.0311,0.0535,0
Mon Jun 16 2025 10:00:00 GMT+0100 (British Summer Time),0.0166,0.0311,0.0535,0
Mon Jun 16 2025 11:00:00 GMT+0100 (British Summer Time),0.0166,0.0311,0.0535,0
Mon Jun 16 2025 12:00:00 GMT+0100 (British Summer Time),0.0166,0.0311,0.0535,0
Mon Jun 16 2025 13:00:00 GMT+0100 (British Summer Time),0.0166,0.0311,0.0535,0
Mon Jun 16 2025 14:00:00 GMT+0100 (British Summer Time),0.0166,0.0311,0.0535,0
Mon Jun 16 2025 15:00:00 GMT+0100 (British Summer Time),0.0166,0.0311,0.0535,0
Mon Jun 16 2025 16:00:00 GMT+0100 (British Summer Time),0.0166,0.0311,0.0535,0
Mon Jun 16 2025 17:00:00 GMT+0100 (British Summer Time),0.0166,0.0311,0.0535,0
Mon Jun 16 2025 18:00:00 GMT+0100 (British Summer Time),0.0166,0.0311,0.0535,0
Mon Jun 16 2025 19:00:00 GMT+0100 (British Summer Time),0.0166,0.0311,0.0535,0
Mon Jun 16 2025 20:00:00 GMT+0100 (British Summer Time),0.0166,0.0311,0.0535,0
Mon Jun 16 2025 21:00:00 GMT+0100 (British Summer Time),0.0166,0.0311,0.0535,0
Mon Jun 16 2025 22:00:00 GMT+0100 (British Summer Time),0.0166,0.0311,0.0535,0
Mon Jun 16 2025 23:00:00 GMT+0100 (British Summer Time),0.0166,0.0311,0.0535,0
Tue Jun 17 2025 00:00:00 GMT+0100 (British Summer Time),0.021,0.0236,0.0535,0
Tue Jun 17 2025 01:00:00 GMT+0100 (British Summer Time),0.021,0.0236,0.0535,0
Tue Jun 17 2025 02:00:00 GMT+0100 (British Summer Time),0.021,0.0236,0.0535,0
Tue Jun 17 2025 03:00:00 GMT+0100 (British Summer Time),0.021,0.0236,0.0535,0
Tue Jun 17 2025 04:00:00 GMT+0100 (British Summer Time),0.021,0.0236,0.0535,0
Tue Jun 17 2025 05:00:00 GMT+0100 (British Summer Time),0.021,0.0236,0.0535,0
Tue Jun 17 2025 06:00:00 GMT+0100 (British Summer Time),0.021,0.0236,0.0535,0
Tue Jun 17 2025 07:00:00 GMT+0100 (British Summer Time),0.021,0.0236,0.0535,0
Tue Jun 17 2025 08:00:00 GMT+0100 (British Summer Time),0.021,0.0236,0.0535,0
Tue Jun 17 2025 09:00:00 GMT+0100 (British Summer Time),0.021,0.0236,0.0535,0
Tue Jun 17 2025 10:00:00 GMT+0100 (British Summer Time),0.021,0.0236,0.0535,0
Tue Jun 17 2025 11:00:00 GMT+0100 (British Summer Time),0.021,0.0236,0.0535,0
Tue Jun 17 2025 12:00:00 GMT+0100 (British Summer Time),0.021,0.0236,0.0535,0
Tue Jun 17 2025 13:00:00 GMT+0100 (British Summer Time),0.021,0.0236,0.0535,0
Tue Jun 17 2025 14:00:00 GMT+0100 (British Summer Time),0.021,0.0236,0.0535,0
Tue Jun 17 2025 15:00:00 GMT+0100 (British Summer Time),0.021,0.0236,0.0535,0
Tue Jun 17 2025 16:00:00 GMT+0100 (British Summer Time),0.021,0.0236,0.0535,0
Tue Jun 17 2025 17:00:00 GMT+0100 (British Summer Time),0.021,0.0236,0.0535,0
Tue Jun 17 2025 18:00:00 GMT+0100 (British Summer Time),0.021,0.0236,0.0535,0
Tue Jun 17 2025 19:00:00 GMT+0100 (British Summer Time),0.021,0.0236,0.0535,0
Tue Jun 17 2025 20:00:00 GMT+0100 (British Summer Time),0.021,0.0236,0.0535,0
Tue Jun 17 2025 21:00:00 GMT+0100 (British Summer Time),0.021,0.0236,0.0535,0
Tue Jun 17 2025 22:00:00 GMT+0100 (British Summer Time),0.021,0.0236,0.0535,0
Tue Jun 17 2025 23:00:00 GMT+0100 (British Summer Time),0.021,0.0236,0.0535,0
Wed Jun 18 2025 00:00:00 GMT+0100 (British Summer Time),0.0236,0.0239,0.0535,0
Wed Jun 18 2025 01:00:00 GMT+0100 (British Summer Time),0.0236,0.0239,0.0535,0
Wed Jun 18 2025 02:00:00 GMT+0100 (British Summer Time),0.0236,0.0239,0.0535,0
Wed Jun 18 2025 03:00:00 GMT+0100 (British Summer Time),0.0236,0.0239,0.0535,0
Wed Jun 18 2025 04:00:00 GMT+0100 (British Summer Time),0.0236,0.0239,0.0535,0
Wed Jun 18 2025 05:00:00 GMT+0100 (British Summer Time),0.0236,0.0239,0.0535,0
Wed Jun 18 2025 06:00:00 GMT+0100 (British Summer Time),0.0236,0.0239,0.0535,0
Wed Jun 18 2025 07:00:00 GMT+0100 (British Summer Time),0.0236,0.0239,0.0535,0
Wed Jun 18 2025 08:00:00 GMT+0100 (British Summer Time),0.0236,0.0239,0.0535,0
Wed Jun 18 2025 09:00:00 GMT+0100 (British Summer Time),0.0236,0.0239,0.0535,0
Wed Jun 18 2025 10:00:00 GMT+0100 (British Summer Time),0.0236,0.0239,0.0535,0
Wed Jun 18 2025 11:00:00 GMT+0100 (British Summer Time),0.0236,0.0239,0.0535,0
Wed Jun 18 2025 12:00:00 GMT+0100 (British Summer Time),0.0236,0.0239,0.0535,0
Wed Jun 18 2025 13:00:00 GMT+0100 (British Summer Time),0.0236,0.0239,0.0535,0
Wed Jun 18 2025 14:00:00 GMT+0100 (British Summer Time),0.0236,0.0239,0.0535,0
Wed Jun 18 2025 15:00:00 GMT+0100 (British Summer Time),0.0236,0.0239,0.0535,0
Wed Jun 18 2025 16:00:00 GMT+0100 (British Summer Time),0.0236,0.0239,0.0535,0
Wed Jun 18 2025 17:00:00 GMT+0100 (British Summer Time),0.0236,0.0239,0.0535,0
Wed Jun 18 2025 18:00:00 GMT+0100 (British Summer Time),0.0236,0.0239,0.0535,0
Wed Jun 18 2025 19:00:00 GMT+0100 (British Summer Time),0.0236,0.0239,0.0535,0
Wed Jun 18 2025 20:00:00 GMT+0100 (British Summer Time),0.0236,0.0239,0.0535,0
Wed Jun 18 2025 21:00:00 GMT+0100 (British Summer Time),0.0236,0.0239,0.0535,0
Wed Jun 18 2025 22:00:00 GMT+0100 (British Summer Time),0.0236,0.0239,0.0535,0
Wed Jun 18 2025 23:00:00 GMT+0100 (British Summer Time),0.0236,0.0207,0.0535,0
Thu Jun 19 2025 00:00:00 GMT+0100 (British Summer Time),0.0166,0.0231,0.0535,0
Thu Jun 19 2025 01:00:00 GMT+0100 (British Summer Time),0.0166,0.0231,0.0535,0
Thu Jun 19 2025 02:00:00 GMT+0100 (British Summer Time),0.0166,0.0231,0.0535,0
Thu Jun 19 2025 03:00:00 GMT+0100 (British Summer Time),0.0166,0.0231,0.0535,0
Thu Jun 19 2025 04:00:00 GMT+0100 (British Summer Time),0.0166,0.0231,0.0535,0
Thu Jun 19 2025 05:00:00 GMT+0100 (British Summer Time),0.0166,0.0231,0.0535,0
Thu Jun 19 2025 06:00:00 GMT+0100 (British Summer Time),0.0166,0.0231,0.0535,0
Thu Jun 19 2025 07:00:00 GMT+0100 (British Summer Time),0.0166,0.0231,0.0535,0
Thu Jun 19 2025 08:00:00 GMT+0100 (British Summer Time),0.0166,0.0231,0.0535,0
Thu Jun 19 2025 09:00:00 GMT+0100 (British Summer Time),0.0166,0.0231,0.0535,0
Thu Jun 19 2025 10:00:00 GMT+0100 (British Summer Time),0.0166,0.0231,0.0535,0
Thu Jun 19 2025 11:00:00 GMT+0100 (British Summer Time),0.0166,0.0231,0.0535,0
Thu Jun 19 2025 12:00:00 GMT+0100 (British Summer Time),0.0166,0.0231,0.0535,0
Thu Jun 19 2025 13:00:00 GMT+0100 (British Summer Time),0.0166,0.0231,0.0536,505.37183136974596
Thu Jun 19 2025 14:00:00 GMT+0100 (British Summer Time),0.0166,0.0231,0.0536,0
Thu Jun 19 2025 15:00:00 GMT+0100 (British Summer Time),0.0166,0.0231,0.0536,0
Thu Jun 19 2025 16:00:00 GMT+0100 (British Summer Time),0.0166,0.0231,0.0536,0
Thu Jun 19 2025 17:00:00 GMT+0100 (British Summer Time),0.0166,0.0231,0.0536,0
Thu Jun 19 2025 18:00:00 GMT+0100 (British Summer Time),0.0166,0.0231,0.0536,0
Thu Jun 19 2025 19:00:00 GMT+0100 (British Summer Time),0.0166,0.0231,0.0536,0
Thu Jun 19 2025 20:00:00 GMT+0100 (British Summer Time),0.0166,0.0206,0.0536,0
Thu Jun 19 2025 21:00:00 GMT+0100 (British Summer Time),0.0166,0.0206,0.0536,0
Thu Jun 19 2025 22:00:00 GMT+0100 (British Summer Time),0.0384,0.0237,0.0536,0
Thu Jun 19 2025 23:00:00 GMT+0100 (British Summer Time),0.0384,0.0237,0.0536,0
Fri Jun 20 2025 00:00:00 GMT+0100 (British Summer Time),0.0214,0.0237,0.0536,0
Fri Jun 20 2025 01:00:00 GMT+0100 (British Summer Time),0.0214,0.0237,0.0536,0
Fri Jun 20 2025 02:00:00 GMT+0100 (British Summer Time),0.0214,0.0237,0.0536,0
Fri Jun 20 2025 03:00:00 GMT+0100 (British Summer Time),0.0214,0.0237,0.0536,0
Fri Jun 20 2025 04:00:00 GMT+0100 (British Summer Time),0.0214,0.0237,0.0536,0
Fri Jun 20 2025 05:00:00 GMT+0100 (British Summer Time),0.0214,0.0237,0.0547,15136.841381737315
Fri Jun 20 2025 06:00:00 GMT+0100 (British Summer Time),0.0214,0.0237,0.0547,0
Fri Jun 20 2025 07:00:00 GMT+0100 (British Summer Time),0.0214,0.0237,0.0547,0
Fri Jun 20 2025 08:00:00 GMT+0100 (British Summer Time),0.0214,0.0237,0.0547,0
Fri Jun 20 2025 09:00:00 GMT+0100 (British Summer Time),0.0214,0.0237,0.0535,16839.43133240467
Fri Jun 20 2025 10:00:00 GMT+0100 (British Summer Time),0.0214,0.0237,0.0535,0
Fri Jun 20 2025 11:00:00 GMT+0100 (British Summer Time),0.0214,0.0237,0.0535,0
Fri Jun 20 2025 12:00:00 GMT+0100 (British Summer Time),0.0214,0.0237,0.0535,0
Fri Jun 20 2025 13:00:00 GMT+0100 (British Summer Time),0.0214,0.0237,0.0535,0
Fri Jun 20 2025 14:00:00 GMT+0100 (British Summer Time),0.0214,0.0237,0.0535,0
Fri Jun 20 2025 15:00:00 GMT+0100 (British Summer Time),0.0214,0.0237,0.0535,0
Fri Jun 20 2025 16:00:00 GMT+0100 (British Summer Time),0.0214,0.0237,0.0535,0
Fri Jun 20 2025 17:00:00 GMT+0100 (British Summer Time),0.0214,0.0237,0.0535,0
Fri Jun 20 2025 18:00:00 GMT+0100 (British Summer Time),0.0214,0.0237,0.0535,0
Fri Jun 20 2025 19:00:00 GMT+0100 (British Summer Time),0.0214,0.0237,0.0535,0
Fri Jun 20 2025 20:00:00 GMT+0100 (British Summer Time),0.0214,0.0237,0.0535,0
Fri Jun 20 2025 21:00:00 GMT+0100 (British Summer Time),0.0214,0.0237,0.0535,0
Fri Jun 20 2025 22:00:00 GMT+0100 (British Summer Time),0,0.0237,0.0535,0
Fri Jun 20 2025 23:00:00 GMT+0100 (British Summer Time),0.0715,0.0338,0.0535,0
Sat Jun 21 2025 00:00:00 GMT+0100 (British Summer Time),0.0715,0.0268,0.0535,0
Sat Jun 21 2025 01:00:00 GMT+0100 (British Summer Time),0.0715,0.0268,0.0535,0
Sat Jun 21 2025 02:00:00 GMT+0100 (British Summer Time),0.0715,0.0268,0.0535,0
Sat Jun 21 2025 03:00:00 GMT+0100 (British Summer Time),0.0715,0.0268,0.0535,0
Sat Jun 21 2025 04:00:00 GMT+0100 (British Summer Time),0.0715,0.0268,0.0535,0
Sat Jun 21 2025 05:00:00 GMT+0100 (British Summer Time),0.0715,0.0268,0.0535,0
Sat Jun 21 2025 06:00:00 GMT+0100 (British Summer Time),0.0715,0.0268,0.0535,0
Sat Jun 21 2025 07:00:00 GMT+0100 (British Summer Time),0.0715,0.0268,0.0535,0
Sat Jun 21 2025 08:00:00 GMT+0100 (British Summer Time),0.0715,0.0268,0.0535,0
Sat Jun 21 2025 09:00:00 GMT+0100 (British Summer Time),0.0715,0.0268,0.0535,0
Sat Jun 21 2025 10:00:00 GMT+0100 (British Summer Time),0.0715,0.0268,0.0535,0
Sat Jun 21 2025 11:00:00 GMT+0100 (British Summer Time),0.0715,0.0268,0.0535,0
Sat Jun 21 2025 12:00:00 GMT+0100 (British Summer Time),0.0715,0.0268,0.0535,0
Sat Jun 21 2025 13:00:00 GMT+0100 (British Summer Time),0.0715,0.0268,0.0535,0
Sat Jun 21 2025 14:00:00 GMT+0100 (British Summer Time),0.0715,0.0268,0.0535,0
Sat Jun 21 2025 15:00:00 GMT+0100 (British Summer Time),0.0715,0.0268,0.0535,0
Sat Jun 21 2025 16:00:00 GMT+0100 (British Summer Time),0.0715,0.0268,0.0535,0
Sat Jun 21 2025 17:00:00 GMT+0100 (British Summer Time),0.0715,0.0268,0.0535,0
Sat Jun 21 2025 18:00:00 GMT+0100 (British Summer Time),0.0715,0.0268,0.0535,0
Sat Jun 21 2025 19:00:00 GMT+0100 (British Summer Time),0.0715,0.0268,0.0535,0
Sat Jun 21 2025 20:00:00 GMT+0100 (British Summer Time),0.0715,0.0268,0.0535,0
Sat Jun 21 2025 21:00:00 GMT+0100 (British Summer Time),0.0715,0.0268,0.0535,0
Sat Jun 21 2025 22:00:00 GMT+0100 (British Summer Time),0.0715,0.0242,0.0535,0
Sat Jun 21 2025 23:00:00 GMT+0100 (British Summer Time),0,0.0242,0.0535,0
Sun Jun 22 2025 00:00:00 GMT+0100 (British Summer Time),0.027,0.0281,0.0535,0
Sun Jun 22 2025 01:00:00 GMT+0100 (British Summer Time),0.027,0.0281,0.0535,0
Sun Jun 22 2025 02:00:00 GMT+0100 (British Summer Time),0.027,0.0281,0.0535,0
Sun Jun 22 2025 03:00:00 GMT+0100 (British Summer Time),0.027,0.0281,0.0535,0
Sun Jun 22 2025 04:00:00 GMT+0100 (British Summer Time),0.027,0.0281,0.0535,0
Sun Jun 22 2025 05:00:00 GMT+0100 (British Summer Time),0.027,0.0281,0.0535,0
Sun Jun 22 2025 06:00:00 GMT+0100 (British Summer Time),0.027,0.0281,0.0535,220.8343351175427
Sun Jun 22 2025 07:00:00 GMT+0100 (British Summer Time),0.027,0.0281,0.0535,0
Sun Jun 22 2025 08:00:00 GMT+0100 (British Summer Time),0.027,0.0281,0.0542,9169.956098369352
Sun Jun 22 2025 09:00:00 GMT+0100 (British Summer Time),0.027,0.0281,0.0542,0
Sun Jun 22 2025 10:00:00 GMT+0100 (British Summer Time),0.027,0.0281,0.0542,0
Sun Jun 22 2025 11:00:00 GMT+0100 (British Summer Time),0.027,0.0281,0.0542,0
Sun Jun 22 2025 12:00:00 GMT+0100 (British Summer Time),0.027,0.0281,0.0542,0
Sun Jun 22 2025 13:00:00 GMT+0100 (British Summer Time),0.027,0.0281,0.0542,0
Sun Jun 22 2025 14:00:00 GMT+0100 (British Summer Time),0.027,0.0281,0.0542,0
Sun Jun 22 2025 15:00:00 GMT+0100 (British Summer Time),0.027,0.0281,0.0542,0
Sun Jun 22 2025 16:00:00 GMT+0100 (British Summer Time),0.027,0.0281,0.0542,0
Sun Jun 22 2025 17:00:00 GMT+0100 (British Summer Time),0.027,0.0281,0.0542,0
Sun Jun 22 2025 18:00:00 GMT+0100 (British Summer Time),0.027,0.0281,0.0542,0
Sun Jun 22 2025 19:00:00 GMT+0100 (British Summer Time),0.027,0.0281,0.0542,0
Sun Jun 22 2025 20:00:00 GMT+0100 (British Summer Time),0.027,0.0281,0.0542,0
Sun Jun 22 2025 21:00:00 GMT+0100 (British Summer Time),0.027,0.0281,0.0542,0
Sun Jun 22 2025 22:00:00 GMT+0100 (British Summer Time),0.027,0.0281,0.0542,0
Sun Jun 22 2025 23:00:00 GMT+0100 (British Summer Time),0.027,0.0281,0.0542,0
Mon Jun 23 2025 00:00:00 GMT+0100 (British Summer Time),0.0244,0.0292,0.0542,0
Mon Jun 23 2025 01:00:00 GMT+0100 (British Summer Time),0.0244,0.0292,0.0542,0
Mon Jun 23 2025 02:00:00 GMT+0100 (British Summer Time),0.0244,0.0292,0.0542,0
Mon Jun 23 2025 03:00:00 GMT+0100 (British Summer Time),0.0244,0.0292,0.0542,0
Mon Jun 23 2025 04:00:00 GMT+0100 (British Summer Time),0.0244,0.0292,0.0542,0
Mon Jun 23 2025 05:00:00 GMT+0100 (British Summer Time),0.0244,0.0292,0.0542,0
Mon Jun 23 2025 06:00:00 GMT+0100 (British Summer Time),0.0244,0.0292,0.0542,0
Mon Jun 23 2025 07:00:00 GMT+0100 (British Summer Time),0.0244,0.0292,0.0542,0
Mon Jun 23 2025 08:00:00 GMT+0100 (British Summer Time),0.0244,0.0292,0.0542,0
Mon Jun 23 2025 09:00:00 GMT+0100 (British Summer Time),0.0244,0.0292,0.0542,0
Mon Jun 23 2025 10:00:00 GMT+0100 (British Summer Time),0.0244,0.0292,0.0542,0
Mon Jun 23 2025 11:00:00 GMT+0100 (British Summer Time),0.0244,0.0292,0.0542,0
Mon Jun 23 2025 12:00:00 GMT+0100 (British Summer Time),0.0244,0.0292,0.0542,0
Mon Jun 23 2025 13:00:00 GMT+0100 (British Summer Time),0.0244,0.0292,0.0542,0
Mon Jun 23 2025 14:00:00 GMT+0100 (British Summer Time),0.0244,0.0292,0.0542,0
Mon Jun 23 2025 15:00:00 GMT+0100 (British Summer Time),0.0244,0.0292,0.0542,0
Mon Jun 23 2025 16:00:00 GMT+0100 (British Summer Time),0.0244,0.0292,0.0542,0
Mon Jun 23 2025 17:00:00 GMT+0100 (British Summer Time),0.0244,0.0292,0.0542,0
Mon Jun 23 2025 18:00:00 GMT+0100 (British Summer Time),0.0244,0.0292,0.0542,0
Mon Jun 23 2025 19:00:00 GMT+0100 (British Summer Time),0.0244,0.0292,0.0542,0
Mon Jun 23 2025 20:00:00 GMT+0100 (British Summer Time),0.0244,0.0292,0.0542,0
Mon Jun 23 2025 21:00:00 GMT+0100 (British Summer Time),0.0244,0.0292,0.0542,0