time,underlyingApy1DMA,underlyingApy7DMA,impliedApy,volume
Thu Apr 24 2025 22:00:00 GMT+0100 (British Summer Time),0.032,0.0283,0.0647,0
Thu Apr 24 2025 23:00:00 GMT+0100 (British Summer Time),0.032,0.0283,0.0647,0
Fri Apr 25 2025 00:00:00 GMT+0100 (British Summer Time),0.0294,0.0285,0.0647,0
Fri Apr 25 2025 01:00:00 GMT+0100 (British Summer Time),0.0294,0.0285,0.0647,0
Fri Apr 25 2025 02:00:00 GMT+0100 (British Summer Time),0.0294,0.0285,0.0647,0
Fri Apr 25 2025 03:00:00 GMT+0100 (British Summer Time),0.0294,0.0285,0.0647,0
Fri Apr 25 2025 04:00:00 GMT+0100 (British Summer Time),0.0294,0.0285,0.0647,0
Fri Apr 25 2025 05:00:00 GMT+0100 (British Summer Time),0.0294,0.0285,0.0647,0
Fri Apr 25 2025 06:00:00 GMT+0100 (British Summer Time),0.0294,0.0285,0.0647,0
Fri Apr 25 2025 07:00:00 GMT+0100 (British Summer Time),0.0294,0.0285,0.0647,0
Fri Apr 25 2025 08:00:00 GMT+0100 (British Summer Time),0.0294,0.0285,0.0647,0
Fri Apr 25 2025 09:00:00 GMT+0100 (British Summer Time),0.0294,0.0285,0.0647,0
Fri Apr 25 2025 10:00:00 GMT+0100 (British Summer Time),0.0294,0.0285,0.0647,0
Fri Apr 25 2025 11:00:00 GMT+0100 (British Summer Time),0.0294,0.0285,0.0647,0
Fri Apr 25 2025 12:00:00 GMT+0100 (British Summer Time),0.0294,0.0285,0.0647,1040.3693942634093
Fri Apr 25 2025 13:00:00 GMT+0100 (British Summer Time),0.0294,0.0285,0.0647,0
Fri Apr 25 2025 14:00:00 GMT+0100 (British Summer Time),0.0294,0.0285,0.0647,427.9391825834089
Fri Apr 25 2025 15:00:00 GMT+0100 (British Summer Time),0.0294,0.0285,0.0647,0
Fri Apr 25 2025 16:00:00 GMT+0100 (British Summer Time),0.0294,0.0285,0.0647,0
Fri Apr 25 2025 17:00:00 GMT+0100 (British Summer Time),0.0294,0.0285,0.0647,0
Fri Apr 25 2025 18:00:00 GMT+0100 (British Summer Time),0.0294,0.0285,0.0647,0
Fri Apr 25 2025 19:00:00 GMT+0100 (British Summer Time),0.0294,0.0285,0.0647,0
Fri Apr 25 2025 20:00:00 GMT+0100 (British Summer Time),0.0294,0.0285,0.0647,0
Fri Apr 25 2025 21:00:00 GMT+0100 (British Summer Time),0.0294,0.0285,0.0647,0
Fri Apr 25 2025 22:00:00 GMT+0100 (British Summer Time),0.0294,0.0285,0.0647,0
Fri Apr 25 2025 23:00:00 GMT+0100 (British Summer Time),0.0584,0.0286,0.0647,0
Sat Apr 26 2025 00:00:00 GMT+0100 (British Summer Time),0.0282,0.0286,0.0647,0
Sat Apr 26 2025 01:00:00 GMT+0100 (British Summer Time),0.0282,0.0286,0.0647,0
Sat Apr 26 2025 02:00:00 GMT+0100 (British Summer Time),0.0282,0.0286,0.0647,0
Sat Apr 26 2025 03:00:00 GMT+0100 (British Summer Time),0.0282,0.0286,0.0647,0
Sat Apr 26 2025 04:00:00 GMT+0100 (British Summer Time),0.0282,0.0286,0.0647,0
Sat Apr 26 2025 05:00:00 GMT+0100 (British Summer Time),0.0282,0.0286,0.0616,180425.80454692553
Sat Apr 26 2025 06:00:00 GMT+0100 (British Summer Time),0.0282,0.0286,0.0616,0
Sat Apr 26 2025 07:00:00 GMT+0100 (British Summer Time),0.0282,0.0286,0.0616,0
Sat Apr 26 2025 08:00:00 GMT+0100 (British Summer Time),0.0282,0.0286,0.0616,0
Sat Apr 26 2025 09:00:00 GMT+0100 (British Summer Time),0.0282,0.0286,0.0616,0
Sat Apr 26 2025 10:00:00 GMT+0100 (British Summer Time),0.0282,0.0286,0.0616,0
Sat Apr 26 2025 11:00:00 GMT+0100 (British Summer Time),0.0282,0.0286,0.0616,0
Sat Apr 26 2025 12:00:00 GMT+0100 (British Summer Time),0.0282,0.0286,0.0616,0
Sat Apr 26 2025 13:00:00 GMT+0100 (British Summer Time),0.0282,0.0286,0.0619,18041.6715915239
Sat Apr 26 2025 14:00:00 GMT+0100 (British Summer Time),0.0282,0.0286,0.0622,17932.932898789986
Sat Apr 26 2025 15:00:00 GMT+0100 (British Summer Time),0.0282,0.0286,0.0622,0
Sat Apr 26 2025 16:00:00 GMT+0100 (British Summer Time),0.0282,0.0286,0.0622,0
Sat Apr 26 2025 17:00:00 GMT+0100 (British Summer Time),0.0282,0.0286,0.0622,0
Sat Apr 26 2025 18:00:00 GMT+0100 (British Summer Time),0.0282,0.0286,0.0622,0
Sat Apr 26 2025 19:00:00 GMT+0100 (British Summer Time),0.0282,0.0286,0.0622,0
Sat Apr 26 2025 20:00:00 GMT+0100 (British Summer Time),0.0282,0.0286,0.0622,0
Sat Apr 26 2025 21:00:00 GMT+0100 (British Summer Time),0.0282,0.0247,0.0622,0
Sat Apr 26 2025 22:00:00 GMT+0100 (British Summer Time),0.0282,0.0247,0.0622,0
Sat Apr 26 2025 23:00:00 GMT+0100 (British Summer Time),0.0278,0.0287,0.0622,0
Sun Apr 27 2025 00:00:00 GMT+0100 (British Summer Time),0.0278,0.0287,0.0622,0
Sun Apr 27 2025 01:00:00 GMT+0100 (British Summer Time),0.0278,0.0287,0.0622,0
Sun Apr 27 2025 02:00:00 GMT+0100 (British Summer Time),0.0278,0.0287,0.0625,18373.847690026996
Sun Apr 27 2025 03:00:00 GMT+0100 (British Summer Time),0.0278,0.0287,0.0625,0
Sun Apr 27 2025 04:00:00 GMT+0100 (British Summer Time),0.0278,0.0287,0.0625,0
Sun Apr 27 2025 05:00:00 GMT+0100 (British Summer Time),0.0278,0.0287,0.0625,0
Sun Apr 27 2025 06:00:00 GMT+0100 (British Summer Time),0.0278,0.0287,0.0625,0
Sun Apr 27 2025 07:00:00 GMT+0100 (British Summer Time),0.0278,0.0287,0.0625,0
Sun Apr 27 2025 08:00:00 GMT+0100 (British Summer Time),0.0278,0.0287,0.0625,0
Sun Apr 27 2025 09:00:00 GMT+0100 (British Summer Time),0.0278,0.0287,0.0625,0
Sun Apr 27 2025 10:00:00 GMT+0100 (British Summer Time),0.0278,0.0287,0.0625,0
Sun Apr 27 2025 11:00:00 GMT+0100 (British Summer Time),0.0278,0.0287,0.0623,13153.085508706608
Sun Apr 27 2025 12:00:00 GMT+0100 (British Summer Time),0.0278,0.0287,0.0623,0
Sun Apr 27 2025 13:00:00 GMT+0100 (British Summer Time),0.0278,0.0287,0.0623,0
Sun Apr 27 2025 14:00:00 GMT+0100 (British Summer Time),0.0278,0.0287,0.0623,0
Sun Apr 27 2025 15:00:00 GMT+0100 (British Summer Time),0.0278,0.0287,0.0623,568.2187391599181
Sun Apr 27 2025 16:00:00 GMT+0100 (British Summer Time),0.0555,0.0326,0.0623,0
Sun Apr 27 2025 17:00:00 GMT+0100 (British Summer Time),0.0555,0.0326,0.0623,0
Sun Apr 27 2025 18:00:00 GMT+0100 (British Summer Time),0.0555,0.0326,0.0623,0
Sun Apr 27 2025 19:00:00 GMT+0100 (British Summer Time),0.0555,0.0326,0.0623,0
Sun Apr 27 2025 20:00:00 GMT+0100 (British Summer Time),0.0555,0.0326,0.0623,0
Sun Apr 27 2025 21:00:00 GMT+0100 (British Summer Time),0.0555,0.0326,0.0623,0
Sun Apr 27 2025 22:00:00 GMT+0100 (British Summer Time),0.0555,0.0326,0.0623,0
Sun Apr 27 2025 23:00:00 GMT+0100 (British Summer Time),0.027,0.0326,0.0623,0
Mon Apr 28 2025 00:00:00 GMT+0100 (British Summer Time),0.027,0.0287,0.0623,0
Mon Apr 28 2025 01:00:00 GMT+0100 (British Summer Time),0.027,0.0287,0.0623,0
Mon Apr 28 2025 02:00:00 GMT+0100 (British Summer Time),0.027,0.0287,0.0623,0
Mon Apr 28 2025 03:00:00 GMT+0100 (British Summer Time),0.027,0.0287,0.0623,0
Mon Apr 28 2025 04:00:00 GMT+0100 (British Summer Time),0.027,0.0287,0.0623,0
Mon Apr 28 2025 05:00:00 GMT+0100 (British Summer Time),0.027,0.0287,0.0626,18281.825208846512
Mon Apr 28 2025 06:00:00 GMT+0100 (British Summer Time),0.027,0.0287,0.0626,0
Mon Apr 28 2025 07:00:00 GMT+0100 (British Summer Time),0.027,0.0287,0.0626,0
Mon Apr 28 2025 08:00:00 GMT+0100 (British Summer Time),0.027,0.0287,0.0626,0
Mon Apr 28 2025 09:00:00 GMT+0100 (British Summer Time),0.027,0.0287,0.0626,0
Mon Apr 28 2025 10:00:00 GMT+0100 (British Summer Time),0.027,0.0287,0.0626,0
Mon Apr 28 2025 11:00:00 GMT+0100 (British Summer Time),0.027,0.0287,0.0626,0
Mon Apr 28 2025 12:00:00 GMT+0100 (British Summer Time),0.027,0.0287,0.0626,0
Mon Apr 28 2025 13:00:00 GMT+0100 (British Summer Time),0.027,0.0287,0.0626,0
Mon Apr 28 2025 14:00:00 GMT+0100 (British Summer Time),0.027,0.0287,0.0626,0
Mon Apr 28 2025 15:00:00 GMT+0100 (British Summer Time),0.027,0.0287,0.0626,0
Mon Apr 28 2025 16:00:00 GMT+0100 (British Summer Time),0,0.0287,0.0626,0
Mon Apr 28 2025 17:00:00 GMT+0100 (British Summer Time),0,0.0287,0.0626,0
Mon Apr 28 2025 18:00:00 GMT+0100 (British Summer Time),0,0.0287,0.0626,0
Mon Apr 28 2025 19:00:00 GMT+0100 (British Summer Time),0,0.0287,0.0626,0
Mon Apr 28 2025 20:00:00 GMT+0100 (British Summer Time),0,0.0287,0.0626,0
Mon Apr 28 2025 21:00:00 GMT+0100 (British Summer Time),0,0.0287,0.0626,0
Mon Apr 28 2025 22:00:00 GMT+0100 (British Summer Time),0,0.0287,0.0626,0
Mon Apr 28 2025 23:00:00 GMT+0100 (British Summer Time),0,0.0287,0.0626,0
Tue Apr 29 2025 00:00:00 GMT+0100 (British Summer Time),0.0272,0.0326,0.0626,0
Tue Apr 29 2025 01:00:00 GMT+0100 (British Summer Time),0.0272,0.0326,0.0626,0
Tue Apr 29 2025 02:00:00 GMT+0100 (British Summer Time),0.0272,0.0326,0.0626,0
Tue Apr 29 2025 03:00:00 GMT+0100 (British Summer Time),0.0272,0.0326,0.0626,2005.313552960783
Tue Apr 29 2025 04:00:00 GMT+0100 (British Summer Time),0.0272,0.0326,0.0626,0
Tue Apr 29 2025 05:00:00 GMT+0100 (British Summer Time),0.0272,0.0326,0.0626,0
Tue Apr 29 2025 06:00:00 GMT+0100 (British Summer Time),0.0272,0.0326,0.0626,0
Tue Apr 29 2025 07:00:00 GMT+0100 (British Summer Time),0.0272,0.0326,0.0626,0
Tue Apr 29 2025 08:00:00 GMT+0100 (British Summer Time),0.0272,0.0326,0.0626,0
Tue Apr 29 2025 09:00:00 GMT+0100 (British Summer Time),0.0272,0.0326,0.0626,0
Tue Apr 29 2025 10:00:00 GMT+0100 (British Summer Time),0.0272,0.0326,0.0626,0
Tue Apr 29 2025 11:00:00 GMT+0100 (British Summer Time),0.0272,0.0326,0.0626,0
Tue Apr 29 2025 12:00:00 GMT+0100 (British Summer Time),0.0272,0.0326,0.0626,0
Tue Apr 29 2025 13:00:00 GMT+0100 (British Summer Time),0.0272,0.0326,0.0626,0
Tue Apr 29 2025 14:00:00 GMT+0100 (British Summer Time),0.0272,0.0326,0.0626,0
Tue Apr 29 2025 15:00:00 GMT+0100 (British Summer Time),0.0272,0.0326,0.0626,0
Tue Apr 29 2025 16:00:00 GMT+0100 (British Summer Time),0.0272,0.0326,0.0626,0
Tue Apr 29 2025 17:00:00 GMT+0100 (British Summer Time),0.0272,0.0326,0.0626,0
Tue Apr 29 2025 18:00:00 GMT+0100 (British Summer Time),0.0272,0.0326,0.0626,0
Tue Apr 29 2025 19:00:00 GMT+0100 (British Summer Time),0.0272,0.0326,0.0626,0
Tue Apr 29 2025 20:00:00 GMT+0100 (British Summer Time),0.0272,0.0245,0.0626,0
Tue Apr 29 2025 21:00:00 GMT+0100 (British Summer Time),0.0272,0.0245,0.0626,0
Tue Apr 29 2025 22:00:00 GMT+0100 (British Summer Time),0.0272,0.0245,0.0626,0
Tue Apr 29 2025 23:00:00 GMT+0100 (British Summer Time),0.0272,0.0245,0.0626,0
Wed Apr 30 2025 00:00:00 GMT+0100 (British Summer Time),0.0284,0.0286,0.0626,0
Wed Apr 30 2025 01:00:00 GMT+0100 (British Summer Time),0.0284,0.0286,0.0626,0
Wed Apr 30 2025 02:00:00 GMT+0100 (British Summer Time),0.0284,0.0286,0.0626,0
Wed Apr 30 2025 03:00:00 GMT+0100 (British Summer Time),0.0284,0.0286,0.0626,0
Wed Apr 30 2025 04:00:00 GMT+0100 (British Summer Time),0.0284,0.0286,0.0626,0
Wed Apr 30 2025 05:00:00 GMT+0100 (British Summer Time),0.0284,0.0286,0.0626,0
Wed Apr 30 2025 06:00:00 GMT+0100 (British Summer Time),0.0284,0.0286,0.0626,0
Wed Apr 30 2025 07:00:00 GMT+0100 (British Summer Time),0.0284,0.0286,0.0626,0
Wed Apr 30 2025 08:00:00 GMT+0100 (British Summer Time),0.0284,0.0286,0.0626,0
Wed Apr 30 2025 09:00:00 GMT+0100 (British Summer Time),0.0284,0.0286,0.0626,0
Wed Apr 30 2025 10:00:00 GMT+0100 (British Summer Time),0.0284,0.0286,0.0626,0
Wed Apr 30 2025 11:00:00 GMT+0100 (British Summer Time),0.0284,0.0286,0.0626,0
Wed Apr 30 2025 12:00:00 GMT+0100 (British Summer Time),0.0284,0.0286,0.0626,1191.282948804065
Wed Apr 30 2025 13:00:00 GMT+0100 (British Summer Time),0.0284,0.0286,0.0626,0
Wed Apr 30 2025 14:00:00 GMT+0100 (British Summer Time),0.0284,0.0286,0.0626,0
Wed Apr 30 2025 15:00:00 GMT+0100 (British Summer Time),0.0284,0.0286,0.0626,0
Wed Apr 30 2025 16:00:00 GMT+0100 (British Summer Time),0.0284,0.0286,0.0626,0
Wed Apr 30 2025 17:00:00 GMT+0100 (British Summer Time),0.0284,0.0286,0.0612,75586.07557748008
Wed Apr 30 2025 18:00:00 GMT+0100 (British Summer Time),0.0284,0.0286,0.0612,0
Wed Apr 30 2025 19:00:00 GMT+0100 (British Summer Time),0.0284,0.0286,0.0612,0
Wed Apr 30 2025 20:00:00 GMT+0100 (British Summer Time),0.0284,0.0286,0.0612,0
Wed Apr 30 2025 21:00:00 GMT+0100 (British Summer Time),0.0284,0.0286,0.0612,0
Wed Apr 30 2025 22:00:00 GMT+0100 (British Summer Time),0.0284,0.0286,0.0612,0
Wed Apr 30 2025 23:00:00 GMT+0100 (British Summer Time),0.0284,0.0286,0.0612,0
Thu May 01 2025 00:00:00 GMT+0100 (British Summer Time),0.027,0.0278,0.0612,0
Thu May 01 2025 01:00:00 GMT+0100 (British Summer Time),0.027,0.0278,0.0612,0
Thu May 01 2025 02:00:00 GMT+0100 (British Summer Time),0.027,0.0278,0.0612,0
Thu May 01 2025 03:00:00 GMT+0100 (British Summer Time),0.027,0.0278,0.0612,0
Thu May 01 2025 04:00:00 GMT+0100 (British Summer Time),0.027,0.0278,0.0612,0
Thu May 01 2025 05:00:00 GMT+0100 (British Summer Time),0.027,0.0278,0.0612,0
Thu May 01 2025 06:00:00 GMT+0100 (British Summer Time),0.027,0.0278,0.0612,0
Thu May 01 2025 07:00:00 GMT+0100 (British Summer Time),0.027,0.0278,0.0612,0
Thu May 01 2025 08:00:00 GMT+0100 (British Summer Time),0.027,0.0278,0.0612,0
Thu May 01 2025 09:00:00 GMT+0100 (British Summer Time),0.027,0.0278,0.0612,393.40485176990524
Thu May 01 2025 10:00:00 GMT+0100 (British Summer Time),0.027,0.0278,0.0612,0
Thu May 01 2025 11:00:00 GMT+0100 (British Summer Time),0.027,0.0278,0.0612,0
Thu May 01 2025 12:00:00 GMT+0100 (British Summer Time),0.027,0.0278,0.0612,0
Thu May 01 2025 13:00:00 GMT+0100 (British Summer Time),0.027,0.0278,0.0612,0
Thu May 01 2025 14:00:00 GMT+0100 (British Summer Time),0.027,0.0278,0.061,8970.670567066536
Thu May 01 2025 15:00:00 GMT+0100 (British Summer Time),0.027,0.0278,0.061,7333.556024816903
Thu May 01 2025 16:00:00 GMT+0100 (British Summer Time),0.027,0.0278,0.061,0
Thu May 01 2025 17:00:00 GMT+0100 (British Summer Time),0.027,0.0278,0.061,0
Thu May 01 2025 18:00:00 GMT+0100 (British Summer Time),0.027,0.0278,0.061,0
Thu May 01 2025 19:00:00 GMT+0100 (British Summer Time),0.027,0.0278,0.061,0
Thu May 01 2025 20:00:00 GMT+0100 (British Summer Time),0.027,0.0278,0.061,0
Thu May 01 2025 21:00:00 GMT+0100 (British Summer Time),0.027,0.0278,0.061,0
Thu May 01 2025 22:00:00 GMT+0100 (British Summer Time),0.027,0.0278,0.061,0
Thu May 01 2025 23:00:00 GMT+0100 (British Summer Time),0.027,0.0278,0.061,0
Fri May 02 2025 00:00:00 GMT+0100 (British Summer Time),0.0284,0.0277,0.061,0
Fri May 02 2025 01:00:00 GMT+0100 (British Summer Time),0.0284,0.0277,0.061,0
Fri May 02 2025 02:00:00 GMT+0100 (British Summer Time),0.0284,0.0277,0.061,0
Fri May 02 2025 03:00:00 GMT+0100 (British Summer Time),0.0284,0.0277,0.061,0
Fri May 02 2025 04:00:00 GMT+0100 (British Summer Time),0.0284,0.0277,0.061,0
Fri May 02 2025 05:00:00 GMT+0100 (British Summer Time),0.0284,0.0277,0.061,0
Fri May 02 2025 06:00:00 GMT+0100 (British Summer Time),0.0284,0.0277,0.061,0
Fri May 02 2025 07:00:00 GMT+0100 (British Summer Time),0.0284,0.0277,0.061,844.2139880152024
Fri May 02 2025 08:00:00 GMT+0100 (British Summer Time),0.0284,0.0277,0.061,90.45130342874778
Fri May 02 2025 09:00:00 GMT+0100 (British Summer Time),0.0284,0.0277,0.061,0
Fri May 02 2025 10:00:00 GMT+0100 (British Summer Time),0.0284,0.0277,0.061,0
Fri May 02 2025 11:00:00 GMT+0100 (British Summer Time),0.0284,0.0277,0.061,950.6439181414507
Fri May 02 2025 12:00:00 GMT+0100 (British Summer Time),0.0284,0.0277,0.061,0
Fri May 02 2025 13:00:00 GMT+0100 (British Summer Time),0.0284,0.0277,0.061,0
Fri May 02 2025 14:00:00 GMT+0100 (British Summer Time),0.0284,0.0277,0.061,0
Fri May 02 2025 15:00:00 GMT+0100 (British Summer Time),0.0284,0.0277,0.061,0
Fri May 02 2025 16:00:00 GMT+0100 (British Summer Time),0.0284,0.0277,0.061,0
Fri May 02 2025 17:00:00 GMT+0100 (British Summer Time),0.0284,0.0277,0.061,0
Fri May 02 2025 18:00:00 GMT+0100 (British Summer Time),0.0284,0.0277,0.061,0
Fri May 02 2025 19:00:00 GMT+0100 (British Summer Time),0.0284,0.0277,0.061,0
Fri May 02 2025 20:00:00 GMT+0100 (British Summer Time),0.0284,0.0277,0.061,0
Fri May 02 2025 21:00:00 GMT+0100 (British Summer Time),0.0284,0.0277,0.061,0
Fri May 02 2025 22:00:00 GMT+0100 (British Summer Time),0.0284,0.0277,0.061,0
Fri May 02 2025 23:00:00 GMT+0100 (British Summer Time),0.0284,0.0236,0.061,0
Sat May 03 2025 00:00:00 GMT+0100 (British Summer Time),0.0274,0.0276,0.061,0
Sat May 03 2025 01:00:00 GMT+0100 (British Summer Time),0.0274,0.0276,0.061,0
Sat May 03 2025 02:00:00 GMT+0100 (British Summer Time),0.0274,0.0276,0.061,0
Sat May 03 2025 03:00:00 GMT+0100 (British Summer Time),0.0274,0.0276,0.061,0
Sat May 03 2025 04:00:00 GMT+0100 (British Summer Time),0.0274,0.0276,0.061,0
Sat May 03 2025 05:00:00 GMT+0100 (British Summer Time),0.0274,0.0276,0.061,0
Sat May 03 2025 06:00:00 GMT+0100 (British Summer Time),0.0274,0.0276,0.061,0
Sat May 03 2025 07:00:00 GMT+0100 (British Summer Time),0.0274,0.0276,0.061,2468.5105557316992
Sat May 03 2025 08:00:00 GMT+0100 (British Summer Time),0.0274,0.0276,0.0611,0
Sat May 03 2025 09:00:00 GMT+0100 (British Summer Time),0.0274,0.0276,0.0611,0
Sat May 03 2025 10:00:00 GMT+0100 (British Summer Time),0.0274,0.0276,0.0611,0
Sat May 03 2025 11:00:00 GMT+0100 (British Summer Time),0.0274,0.0276,0.0611,0
Sat May 03 2025 12:00:00 GMT+0100 (British Summer Time),0.0274,0.0276,0.0611,0
Sat May 03 2025 13:00:00 GMT+0100 (British Summer Time),0.0274,0.0276,0.0611,0
Sat May 03 2025 14:00:00 GMT+0100 (British Summer Time),0.0274,0.0276,0.0611,2066.4239311648166
Sat May 03 2025 15:00:00 GMT+0100 (British Summer Time),0.0274,0.0276,0.0611,0
Sat May 03 2025 16:00:00 GMT+0100 (British Summer Time),0.0274,0.0276,0.0611,0
Sat May 03 2025 17:00:00 GMT+0100 (British Summer Time),0.0274,0.0276,0.0611,0
Sat May 03 2025 18:00:00 GMT+0100 (British Summer Time),0.0274,0.0276,0.0611,0
Sat May 03 2025 19:00:00 GMT+0100 (British Summer Time),0.0274,0.0276,0.0611,0
Sat May 03 2025 20:00:00 GMT+0100 (British Summer Time),0.0274,0.0276,0.0611,0
Sat May 03 2025 21:00:00 GMT+0100 (British Summer Time),0.0274,0.0276,0.0611,0
Sat May 03 2025 22:00:00 GMT+0100 (British Summer Time),0.055,0.0315,0.0611,0
Sat May 03 2025 23:00:00 GMT+0100 (British Summer Time),0.055,0.0275,0.0611,0
Sun May 04 2025 00:00:00 GMT+0100 (British Summer Time),0.0268,0.0275,0.0611,0
Sun May 04 2025 01:00:00 GMT+0100 (British Summer Time),0.0268,0.0275,0.0611,0
Sun May 04 2025 02:00:00 GMT+0100 (British Summer Time),0.0268,0.0275,0.0611,0
Sun May 04 2025 03:00:00 GMT+0100 (British Summer Time),0.0268,0.0275,0.0611,0
Sun May 04 2025 04:00:00 GMT+0100 (British Summer Time),0.0268,0.0275,0.0611,10112.683920264293
Sun May 04 2025 05:00:00 GMT+0100 (British Summer Time),0.0268,0.0275,0.0609,0
Sun May 04 2025 06:00:00 GMT+0100 (British Summer Time),0.0268,0.0275,0.0609,0
Sun May 04 2025 07:00:00 GMT+0100 (British Summer Time),0.0268,0.0275,0.0609,0
Sun May 04 2025 08:00:00 GMT+0100 (British Summer Time),0.0268,0.0275,0.0609,0
Sun May 04 2025 09:00:00 GMT+0100 (British Summer Time),0.0268,0.0275,0.0609,0
Sun May 04 2025 10:00:00 GMT+0100 (British Summer Time),0.0268,0.0275,0.0609,0
Sun May 04 2025 11:00:00 GMT+0100 (British Summer Time),0.0268,0.0275,0.0609,0
Sun May 04 2025 12:00:00 GMT+0100 (British Summer Time),0.0268,0.0275,0.062,63040.01212450752
Sun May 04 2025 13:00:00 GMT+0100 (British Summer Time),0.0268,0.0275,0.062,0
Sun May 04 2025 14:00:00 GMT+0100 (British Summer Time),0.0268,0.0275,0.062,0
Sun May 04 2025 15:00:00 GMT+0100 (British Summer Time),0.0268,0.0275,0.062,0
Sun May 04 2025 16:00:00 GMT+0100 (British Summer Time),0.0268,0.0236,0.062,0
Sun May 04 2025 17:00:00 GMT+0100 (British Summer Time),0.0268,0.0236,0.062,0
Sun May 04 2025 18:00:00 GMT+0100 (British Summer Time),0.0268,0.0236,0.062,0
Sun May 04 2025 19:00:00 GMT+0100 (British Summer Time),0.0544,0.0274,0.062,0
Sun May 04 2025 20:00:00 GMT+0100 (British Summer Time),0.0544,0.0274,0.062,0
Sun May 04 2025 21:00:00 GMT+0100 (British Summer Time),0.0544,0.0274,0.062,0
Sun May 04 2025 22:00:00 GMT+0100 (British Summer Time),0.0269,0.0274,0.062,0
Sun May 04 2025 23:00:00 GMT+0100 (British Summer Time),0.0269,0.0274,0.062,0
Mon May 05 2025 00:00:00 GMT+0100 (British Summer Time),0.0269,0.0274,0.062,0
Mon May 05 2025 01:00:00 GMT+0100 (British Summer Time),0.0269,0.0274,0.062,0
Mon May 05 2025 02:00:00 GMT+0100 (British Summer Time),0.0269,0.0274,0.062,0
Mon May 05 2025 03:00:00 GMT+0100 (British Summer Time),0.0269,0.0274,0.062,0
Mon May 05 2025 04:00:00 GMT+0100 (British Summer Time),0.0269,0.0274,0.062,0
Mon May 05 2025 05:00:00 GMT+0100 (British Summer Time),0.0269,0.0274,0.062,0
Mon May 05 2025 06:00:00 GMT+0100 (British Summer Time),0.0269,0.0274,0.062,0
Mon May 05 2025 07:00:00 GMT+0100 (British Summer Time),0.0269,0.0274,0.062,0
Mon May 05 2025 08:00:00 GMT+0100 (British Summer Time),0.0269,0.0274,0.062,0
Mon May 05 2025 09:00:00 GMT+0100 (British Summer Time),0.0269,0.0274,0.0616,41952.249827878586
Mon May 05 2025 10:00:00 GMT+0100 (British Summer Time),0.0269,0.0274,0.0616,0
Mon May 05 2025 11:00:00 GMT+0100 (British Summer Time),0.0269,0.0274,0.0616,0
Mon May 05 2025 12:00:00 GMT+0100 (British Summer Time),0.0269,0.0274,0.0616,0
Mon May 05 2025 13:00:00 GMT+0100 (British Summer Time),0.0269,0.0274,0.0616,0
Mon May 05 2025 14:00:00 GMT+0100 (British Summer Time),0.0269,0.0274,0.0616,0
Mon May 05 2025 15:00:00 GMT+0100 (British Summer Time),0.0269,0.0274,0.0616,0
Mon May 05 2025 16:00:00 GMT+0100 (British Summer Time),0.0269,0.0274,0.0616,0
Mon May 05 2025 17:00:00 GMT+0100 (British Summer Time),0.0269,0.0274,0.0616,0
Mon May 05 2025 18:00:00 GMT+0100 (British Summer Time),0.0269,0.0274,0.0616,0
Mon May 05 2025 19:00:00 GMT+0100 (British Summer Time),0,0.0274,0.0616,0
Mon May 05 2025 20:00:00 GMT+0100 (British Summer Time),0,0.0274,0.0616,0
Mon May 05 2025 21:00:00 GMT+0100 (British Summer Time),0,0.0274,0.0616,0
Mon May 05 2025 22:00:00 GMT+0100 (British Summer Time),0,0.0274,0.0616,0
Mon May 05 2025 23:00:00 GMT+0100 (British Summer Time),0,0.0274,0.0616,0
Tue May 06 2025 00:00:00 GMT+0100 (British Summer Time),0.0272,0.0274,0.0616,0
Tue May 06 2025 01:00:00 GMT+0100 (British Summer Time),0.0272,0.0274,0.0616,0
Tue May 06 2025 02:00:00 GMT+0100 (British Summer Time),0.0272,0.0274,0.0616,0
Tue May 06 2025 03:00:00 GMT+0100 (British Summer Time),0.0272,0.0274,0.0616,0
Tue May 06 2025 04:00:00 GMT+0100 (British Summer Time),0.0272,0.0274,0.0616,0
Tue May 06 2025 05:00:00 GMT+0100 (British Summer Time),0.0272,0.0274,0.0616,0
Tue May 06 2025 06:00:00 GMT+0100 (British Summer Time),0.0272,0.0274,0.0616,0
Tue May 06 2025 07:00:00 GMT+0100 (British Summer Time),0.0272,0.0274,0.0616,0
Tue May 06 2025 08:00:00 GMT+0100 (British Summer Time),0.0272,0.0274,0.0616,0
Tue May 06 2025 09:00:00 GMT+0100 (British Summer Time),0.0272,0.0274,0.0616,0
Tue May 06 2025 10:00:00 GMT+0100 (British Summer Time),0.0272,0.0274,0.0616,0
Tue May 06 2025 11:00:00 GMT+0100 (British Summer Time),0.0272,0.0274,0.0616,0
Tue May 06 2025 12:00:00 GMT+0100 (British Summer Time),0.0272,0.0274,0.0616,0
Tue May 06 2025 13:00:00 GMT+0100 (British Summer Time),0.0272,0.0274,0.0616,0
Tue May 06 2025 14:00:00 GMT+0100 (British Summer Time),0.0272,0.0274,0.0616,0
Tue May 06 2025 15:00:00 GMT+0100 (British Summer Time),0.0272,0.0274,0.0616,0
Tue May 06 2025 16:00:00 GMT+0100 (British Summer Time),0.0272,0.0274,0.0616,0
Tue May 06 2025 17:00:00 GMT+0100 (British Summer Time),0.0272,0.0274,0.0616,0
Tue May 06 2025 18:00:00 GMT+0100 (British Summer Time),0.0272,0.0274,0.0616,0
Tue May 06 2025 19:00:00 GMT+0100 (British Summer Time),0.0272,0.0274,0.0616,0
Tue May 06 2025 20:00:00 GMT+0100 (British Summer Time),0.0272,0.0274,0.0616,0
Tue May 06 2025 21:00:00 GMT+0100 (British Summer Time),0.0272,0.0274,0.0616,0
Tue May 06 2025 22:00:00 GMT+0100 (British Summer Time),0.0272,0.0274,0.0616,0
Tue May 06 2025 23:00:00 GMT+0100 (British Summer Time),0.0272,0.0274,0.0616,0
Wed May 07 2025 00:00:00 GMT+0100 (British Summer Time),0.0274,0.0273,0.0616,0
Wed May 07 2025 01:00:00 GMT+0100 (British Summer Time),0.0274,0.0273,0.0616,0
Wed May 07 2025 02:00:00 GMT+0100 (British Summer Time),0.0274,0.0273,0.0616,0
Wed May 07 2025 03:00:00 GMT+0100 (British Summer Time),0.0274,0.0273,0.0616,0
Wed May 07 2025 04:00:00 GMT+0100 (British Summer Time),0.0274,0.0273,0.0616,0
Wed May 07 2025 05:00:00 GMT+0100 (British Summer Time),0.0274,0.0273,0.0616,0
Wed May 07 2025 06:00:00 GMT+0100 (British Summer Time),0.0274,0.0273,0.0616,0
Wed May 07 2025 07:00:00 GMT+0100 (British Summer Time),0.0274,0.0273,0.0615,5774.072651891116
Wed May 07 2025 08:00:00 GMT+0100 (British Summer Time),0.0274,0.0273,0.0615,0
Wed May 07 2025 09:00:00 GMT+0100 (British Summer Time),0.0274,0.0273,0.0615,0
Wed May 07 2025 10:00:00 GMT+0100 (British Summer Time),0.0274,0.0273,0.0615,0
Wed May 07 2025 11:00:00 GMT+0100 (British Summer Time),0.0274,0.0273,0.0615,0
Wed May 07 2025 12:00:00 GMT+0100 (British Summer Time),0.0274,0.0273,0.0615,0
Wed May 07 2025 13:00:00 GMT+0100 (British Summer Time),0.0274,0.0273,0.0615,0
Wed May 07 2025 14:00:00 GMT+0100 (British Summer Time),0.0274,0.0273,0.0615,0
Wed May 07 2025 15:00:00 GMT+0100 (British Summer Time),0.0274,0.0273,0.0615,0
Wed May 07 2025 16:00:00 GMT+0100 (British Summer Time),0.0274,0.0273,0.0615,0
Wed May 07 2025 17:00:00 GMT+0100 (British Summer Time),0.0274,0.0273,0.0615,0
Wed May 07 2025 18:00:00 GMT+0100 (British Summer Time),0.0274,0.0273,0.0615,0
Wed May 07 2025 19:00:00 GMT+0100 (British Summer Time),0.0274,0.0273,0.0615,0
Wed May 07 2025 20:00:00 GMT+0100 (British Summer Time),0.0274,0.0273,0.0615,0
Wed May 07 2025 21:00:00 GMT+0100 (British Summer Time),0.0274,0.0273,0.0615,0
Wed May 07 2025 22:00:00 GMT+0100 (British Summer Time),0.0274,0.0273,0.0615,0
Wed May 07 2025 23:00:00 GMT+0100 (British Summer Time),0.0274,0.0273,0.0615,0
Thu May 08 2025 00:00:00 GMT+0100 (British Summer Time),0.027,0.0273,0.0615,0
Thu May 08 2025 01:00:00 GMT+0100 (British Summer Time),0.027,0.0273,0.0615,0
Thu May 08 2025 02:00:00 GMT+0100 (British Summer Time),0.027,0.0273,0.0615,0
Thu May 08 2025 03:00:00 GMT+0100 (British Summer Time),0.027,0.0273,0.0615,0
Thu May 08 2025 04:00:00 GMT+0100 (British Summer Time),0.027,0.0273,0.0615,0
Thu May 08 2025 05:00:00 GMT+0100 (British Summer Time),0.027,0.0273,0.0615,0
Thu May 08 2025 06:00:00 GMT+0100 (British Summer Time),0.027,0.0273,0.0615,0
Thu May 08 2025 07:00:00 GMT+0100 (British Summer Time),0.027,0.0273,0.0615,0
Thu May 08 2025 08:00:00 GMT+0100 (British Summer Time),0.027,0.0273,0.0614,442.9037111163295
Thu May 08 2025 09:00:00 GMT+0100 (British Summer Time),0.027,0.0273,0.0614,0
Thu May 08 2025 10:00:00 GMT+0100 (British Summer Time),0.027,0.0273,0.0614,0
Thu May 08 2025 11:00:00 GMT+0100 (British Summer Time),0.027,0.0273,0.0614,0
Thu May 08 2025 12:00:00 GMT+0100 (British Summer Time),0.027,0.0273,0.0614,0
Thu May 08 2025 13:00:00 GMT+0100 (British Summer Time),0.027,0.0273,0.0614,0
Thu May 08 2025 14:00:00 GMT+0100 (British Summer Time),0.027,0.0273,0.0614,0
Thu May 08 2025 15:00:00 GMT+0100 (British Summer Time),0.027,0.0273,0.0614,0
Thu May 08 2025 16:00:00 GMT+0100 (British Summer Time),0.027,0.0273,0.0614,0
Thu May 08 2025 17:00:00 GMT+0100 (British Summer Time),0.027,0.0273,0.0614,0
Thu May 08 2025 18:00:00 GMT+0100 (British Summer Time),0.027,0.0273,0.0614,0
Thu May 08 2025 19:00:00 GMT+0100 (British Summer Time),0.027,0.0273,0.0614,0
Thu May 08 2025 20:00:00 GMT+0100 (British Summer Time),0.027,0.0273,0.0614,0
Thu May 08 2025 21:00:00 GMT+0100 (British Summer Time),0.027,0.0273,0.0614,0
Thu May 08 2025 22:00:00 GMT+0100 (British Summer Time),0.027,0.0273,0.0614,0
Thu May 08 2025 23:00:00 GMT+0100 (British Summer Time),0.027,0.0273,0.0614,0
Fri May 09 2025 00:00:00 GMT+0100 (British Summer Time),0.0272,0.0271,0.0615,1998.649962283409
Fri May 09 2025 01:00:00 GMT+0100 (British Summer Time),0.0272,0.0271,0.0615,0
Fri May 09 2025 02:00:00 GMT+0100 (British Summer Time),0.0272,0.0271,0.0615,0
Fri May 09 2025 03:00:00 GMT+0100 (British Summer Time),0.0272,0.0271,0.0615,0
Fri May 09 2025 04:00:00 GMT+0100 (British Summer Time),0.0272,0.0271,0.0615,0
Fri May 09 2025 05:00:00 GMT+0100 (British Summer Time),0.0272,0.0271,0.0615,0
Fri May 09 2025 06:00:00 GMT+0100 (British Summer Time),0.0272,0.0271,0.0615,0
Fri May 09 2025 07:00:00 GMT+0100 (British Summer Time),0.0272,0.0271,0.0615,0
Fri May 09 2025 08:00:00 GMT+0100 (British Summer Time),0.0272,0.0271,0.0615,0
Fri May 09 2025 09:00:00 GMT+0100 (British Summer Time),0.0272,0.0271,0.0615,0
Fri May 09 2025 10:00:00 GMT+0100 (British Summer Time),0.0272,0.0271,0.0615,0
Fri May 09 2025 11:00:00 GMT+0100 (British Summer Time),0.0272,0.0271,0.0615,0
Fri May 09 2025 12:00:00 GMT+0100 (British Summer Time),0.0272,0.0271,0.0615,0
Fri May 09 2025 13:00:00 GMT+0100 (British Summer Time),0.0272,0.0271,0.0615,0
Fri May 09 2025 14:00:00 GMT+0100 (British Summer Time),0.0272,0.0271,0.0615,0
Fri May 09 2025 15:00:00 GMT+0100 (British Summer Time),0.0272,0.0271,0.0615,0
Fri May 09 2025 16:00:00 GMT+0100 (British Summer Time),0.0272,0.0271,0.0615,0
Fri May 09 2025 17:00:00 GMT+0100 (British Summer Time),0.0272,0.0271,0.0613,13858.287190227926
Fri May 09 2025 18:00:00 GMT+0100 (British Summer Time),0.0272,0.0271,0.0613,0
Fri May 09 2025 19:00:00 GMT+0100 (British Summer Time),0.0272,0.0271,0.0613,0
Fri May 09 2025 20:00:00 GMT+0100 (British Summer Time),0.0272,0.0271,0.0613,0
Fri May 09 2025 21:00:00 GMT+0100 (British Summer Time),0.0272,0.0271,0.0613,0
Fri May 09 2025 22:00:00 GMT+0100 (British Summer Time),0.0272,0.0271,0.0613,0
Fri May 09 2025 23:00:00 GMT+0100 (British Summer Time),0.0272,0.0271,0.0613,0
Sat May 10 2025 00:00:00 GMT+0100 (British Summer Time),0.035,0.0282,0.0613,0
Sat May 10 2025 01:00:00 GMT+0100 (British Summer Time),0.035,0.0282,0.0613,0
Sat May 10 2025 02:00:00 GMT+0100 (British Summer Time),0.035,0.0282,0.0613,0
Sat May 10 2025 03:00:00 GMT+0100 (British Summer Time),0.035,0.0282,0.0613,0
Sat May 10 2025 04:00:00 GMT+0100 (British Summer Time),0.035,0.0282,0.0613,0
Sat May 10 2025 05:00:00 GMT+0100 (British Summer Time),0.035,0.0282,0.0613,0
Sat May 10 2025 06:00:00 GMT+0100 (British Summer Time),0.035,0.0282,0.0613,0
Sat May 10 2025 07:00:00 GMT+0100 (British Summer Time),0.035,0.0282,0.0613,0
Sat May 10 2025 08:00:00 GMT+0100 (British Summer Time),0.035,0.0282,0.0613,0
Sat May 10 2025 09:00:00 GMT+0100 (British Summer Time),0.035,0.0282,0.0613,0
Sat May 10 2025 10:00:00 GMT+0100 (British Summer Time),0.035,0.0282,0.0613,0
Sat May 10 2025 11:00:00 GMT+0100 (British Summer Time),0.035,0.0282,0.0613,0
Sat May 10 2025 12:00:00 GMT+0100 (British Summer Time),0.035,0.0282,0.0613,0
Sat May 10 2025 13:00:00 GMT+0100 (British Summer Time),0.035,0.0282,0.0613,0
Sat May 10 2025 14:00:00 GMT+0100 (British Summer Time),0.035,0.0282,0.0613,0
Sat May 10 2025 15:00:00 GMT+0100 (British Summer Time),0.035,0.0282,0.0613,0
Sat May 10 2025 16:00:00 GMT+0100 (British Summer Time),0.035,0.0282,0.0613,0
Sat May 10 2025 17:00:00 GMT+0100 (British Summer Time),0.035,0.0282,0.0613,0
Sat May 10 2025 18:00:00 GMT+0100 (British Summer Time),0.035,0.0282,0.0613,0
Sat May 10 2025 19:00:00 GMT+0100 (British Summer Time),0.035,0.0282,0.0613,488.84704426211744
Sat May 10 2025 20:00:00 GMT+0100 (British Summer Time),0.035,0.0282,0.0613,0
Sat May 10 2025 21:00:00 GMT+0100 (British Summer Time),0.035,0.0282,0.0613,0
Sat May 10 2025 22:00:00 GMT+0100 (British Summer Time),0.035,0.0243,0.0613,0
Sat May 10 2025 23:00:00 GMT+0100 (British Summer Time),0.0662,0.0287,0.0613,0
Sun May 11 2025 00:00:00 GMT+0100 (British Summer Time),0.0301,0.0287,0.0613,0
Sun May 11 2025 01:00:00 GMT+0100 (British Summer Time),0.0301,0.0287,0.0613,0
Sun May 11 2025 02:00:00 GMT+0100 (British Summer Time),0.0301,0.0287,0.0613,0
Sun May 11 2025 03:00:00 GMT+0100 (British Summer Time),0.0301,0.0287,0.0613,0
Sun May 11 2025 04:00:00 GMT+0100 (British Summer Time),0.0301,0.0287,0.0613,0
Sun May 11 2025 05:00:00 GMT+0100 (British Summer Time),0.0301,0.0287,0.0613,0
Sun May 11 2025 06:00:00 GMT+0100 (British Summer Time),0.0301,0.0287,0.0613,0
Sun May 11 2025 07:00:00 GMT+0100 (British Summer Time),0.0301,0.0287,0.0613,0
Sun May 11 2025 08:00:00 GMT+0100 (British Summer Time),0.0301,0.0287,0.0613,1080.7864331863536
Sun May 11 2025 09:00:00 GMT+0100 (British Summer Time),0.0301,0.0287,0.0613,0
Sun May 11 2025 10:00:00 GMT+0100 (British Summer Time),0.0301,0.0287,0.0613,0
Sun May 11 2025 11:00:00 GMT+0100 (British Summer Time),0.0301,0.0287,0.0613,0
Sun May 11 2025 12:00:00 GMT+0100 (British Summer Time),0.0301,0.0287,0.0613,0
Sun May 11 2025 13:00:00 GMT+0100 (British Summer Time),0.0301,0.0287,0.0613,0
Sun May 11 2025 14:00:00 GMT+0100 (British Summer Time),0.0301,0.0287,0.0612,5538.244174501581
Sun May 11 2025 15:00:00 GMT+0100 (British Summer Time),0.0301,0.0287,0.0612,0
Sun May 11 2025 16:00:00 GMT+0100 (British Summer Time),0.0301,0.0287,0.0612,0
Sun May 11 2025 17:00:00 GMT+0100 (British Summer Time),0.0301,0.0287,0.0612,0
Sun May 11 2025 18:00:00 GMT+0100 (British Summer Time),0.0301,0.0287,0.0612,0
Sun May 11 2025 19:00:00 GMT+0100 (British Summer Time),0.0301,0.0248,0.0612,0
Sun May 11 2025 20:00:00 GMT+0100 (British Summer Time),0.0301,0.0248,0.0612,125145.1508359594
Sun May 11 2025 21:00:00 GMT+0100 (British Summer Time),0.0301,0.0248,0.0612,0
Sun May 11 2025 22:00:00 GMT+0100 (British Summer Time),0.0301,0.0248,0.0612,0
Sun May 11 2025 23:00:00 GMT+0100 (British Summer Time),0.0316,0.0294,0.0613,10787.367722626008
Mon May 12 2025 00:00:00 GMT+0100 (British Summer Time),0.0316,0.0294,0.0613,0
Mon May 12 2025 01:00:00 GMT+0100 (British Summer Time),0.0316,0.0294,0.0613,0
Mon May 12 2025 02:00:00 GMT+0100 (British Summer Time),0.0316,0.0294,0.0613,0
Mon May 12 2025 03:00:00 GMT+0100 (British Summer Time),0.0316,0.0294,0.0613,0
Mon May 12 2025 04:00:00 GMT+0100 (British Summer Time),0.0316,0.0294,0.0613,0
Mon May 12 2025 05:00:00 GMT+0100 (British Summer Time),0.0316,0.0294,0.0613,0
Mon May 12 2025 06:00:00 GMT+0100 (British Summer Time),0.0316,0.0294,0.0615,242741.61551064273
Mon May 12 2025 07:00:00 GMT+0100 (British Summer Time),0.0316,0.0294,0.0615,0
Mon May 12 2025 08:00:00 GMT+0100 (British Summer Time),0.0316,0.0294,0.0615,0
Mon May 12 2025 09:00:00 GMT+0100 (British Summer Time),0.0316,0.0294,0.0615,0
Mon May 12 2025 10:00:00 GMT+0100 (British Summer Time),0.0316,0.0294,0.0615,0
Mon May 12 2025 11:00:00 GMT+0100 (British Summer Time),0.0316,0.0294,0.0615,0
Mon May 12 2025 12:00:00 GMT+0100 (British Summer Time),0.0316,0.0294,0.0615,0
Mon May 12 2025 13:00:00 GMT+0100 (British Summer Time),0.0316,0.0294,0.0615,0
Mon May 12 2025 14:00:00 GMT+0100 (British Summer Time),0.0316,0.0294,0.0615,0
Mon May 12 2025 15:00:00 GMT+0100 (British Summer Time),0.0316,0.0294,0.0615,0
Mon May 12 2025 16:00:00 GMT+0100 (British Summer Time),0.0316,0.0294,0.0615,0
Mon May 12 2025 17:00:00 GMT+0100 (British Summer Time),0.0316,0.0294,0.0615,0
Mon May 12 2025 18:00:00 GMT+0100 (British Summer Time),0.0316,0.0294,0.0615,0
Mon May 12 2025 19:00:00 GMT+0100 (British Summer Time),0.0316,0.0294,0.0615,0
Mon May 12 2025 20:00:00 GMT+0100 (British Summer Time),0.0316,0.0294,0.0615,0
Mon May 12 2025 21:00:00 GMT+0100 (British Summer Time),0.0316,0.0294,0.0615,0
Mon May 12 2025 22:00:00 GMT+0100 (British Summer Time),0.0316,0.0294,0.0615,0
Mon May 12 2025 23:00:00 GMT+0100 (British Summer Time),0,0.0294,0.0615,0
Tue May 13 2025 00:00:00 GMT+0100 (British Summer Time),0.0319,0.03,0.0615,0
Tue May 13 2025 01:00:00 GMT+0100 (British Summer Time),0.0319,0.03,0.0615,0
Tue May 13 2025 02:00:00 GMT+0100 (British Summer Time),0.0319,0.03,0.0615,0
Tue May 13 2025 03:00:00 GMT+0100 (British Summer Time),0.0319,0.03,0.0615,0
Tue May 13 2025 04:00:00 GMT+0100 (British Summer Time),0.0319,0.03,0.0615,0
Tue May 13 2025 05:00:00 GMT+0100 (British Summer Time),0.0319,0.03,0.0615,0
Tue May 13 2025 06:00:00 GMT+0100 (British Summer Time),0.0319,0.03,0.0615,0
Tue May 13 2025 07:00:00 GMT+0100 (British Summer Time),0.0319,0.03,0.0615,0
Tue May 13 2025 08:00:00 GMT+0100 (British Summer Time),0.0319,0.03,0.0615,0
Tue May 13 2025 09:00:00 GMT+0100 (British Summer Time),0.0319,0.03,0.0614,11662.013976206796
Tue May 13 2025 10:00:00 GMT+0100 (British Summer Time),0.0319,0.03,0.0614,0
Tue May 13 2025 11:00:00 GMT+0100 (British Summer Time),0.0319,0.03,0.0614,0
Tue May 13 2025 12:00:00 GMT+0100 (British Summer Time),0.0319,0.03,0.0614,0
Tue May 13 2025 13:00:00 GMT+0100 (British Summer Time),0.0319,0.03,0.0614,0
Tue May 13 2025 14:00:00 GMT+0100 (British Summer Time),0.0319,0.03,0.0614,0
Tue May 13 2025 15:00:00 GMT+0100 (British Summer Time),0.0319,0.03,0.0614,0
Tue May 13 2025 16:00:00 GMT+0100 (British Summer Time),0.0319,0.03,0.0614,0
Tue May 13 2025 17:00:00 GMT+0100 (British Summer Time),0.0319,0.03,0.0614,0
Tue May 13 2025 18:00:00 GMT+0100 (British Summer Time),0.0319,0.03,0.0613,52458.16322198251
Tue May 13 2025 19:00:00 GMT+0100 (British Summer Time),0.0319,0.03,0.0613,0
Tue May 13 2025 20:00:00 GMT+0100 (British Summer Time),0.0319,0.03,0.0613,0
Tue May 13 2025 21:00:00 GMT+0100 (British Summer Time),0.0319,0.03,0.0611,15436.469997857977
Tue May 13 2025 22:00:00 GMT+0100 (British Summer Time),0.0319,0.03,0.0611,19488.459574454275
Tue May 13 2025 23:00:00 GMT+0100 (British Summer Time),0.0319,0.03,0.0609,0
Wed May 14 2025 00:00:00 GMT+0100 (British Summer Time),0.0317,0.0307,0.0609,0
Wed May 14 2025 01:00:00 GMT+0100 (British Summer Time),0.0317,0.0307,0.0608,133910.3806161502
Wed May 14 2025 02:00:00 GMT+0100 (British Summer Time),0.0317,0.0307,0.0608,0
Wed May 14 2025 03:00:00 GMT+0100 (British Summer Time),0.0317,0.0307,0.0597,87448.56078713492
Wed May 14 2025 04:00:00 GMT+0100 (British Summer Time),0.0317,0.0307,0.0597,0
Wed May 14 2025 05:00:00 GMT+0100 (British Summer Time),0.0317,0.0307,0.0597,0
Wed May 14 2025 06:00:00 GMT+0100 (British Summer Time),0.0317,0.0307,0.0597,0
Wed May 14 2025 07:00:00 GMT+0100 (British Summer Time),0.0317,0.0307,0.0597,0
Wed May 14 2025 08:00:00 GMT+0100 (British Summer Time),0.0317,0.0307,0.0597,0
Wed May 14 2025 09:00:00 GMT+0100 (British Summer Time),0.0317,0.0307,0.0597,0
Wed May 14 2025 10:00:00 GMT+0100 (British Summer Time),0.0317,0.0307,0.0597,0
Wed May 14 2025 11:00:00 GMT+0100 (British Summer Time),0.0317,0.0307,0.0597,0
Wed May 14 2025 12:00:00 GMT+0100 (British Summer Time),0.0317,0.0307,0.0597,0
Wed May 14 2025 13:00:00 GMT+0100 (British Summer Time),0.0317,0.0307,0.0597,0
Wed May 14 2025 14:00:00 GMT+0100 (British Summer Time),0.0317,0.0307,0.0597,0
Wed May 14 2025 15:00:00 GMT+0100 (British Summer Time),0.0317,0.0307,0.0577,150901.52319056727
Wed May 14 2025 16:00:00 GMT+0100 (British Summer Time),0.0317,0.0307,0.0577,0
Wed May 14 2025 17:00:00 GMT+0100 (British Summer Time),0.0317,0.0307,0.0577,0
Wed May 14 2025 18:00:00 GMT+0100 (British Summer Time),0.0317,0.0307,0.0577,0
Wed May 14 2025 19:00:00 GMT+0100 (British Summer Time),0.0317,0.0307,0.0577,0
Wed May 14 2025 20:00:00 GMT+0100 (British Summer Time),0.0317,0.0307,0.0577,0
Wed May 14 2025 21:00:00 GMT+0100 (British Summer Time),0.0317,0.0307,0.0577,0
Wed May 14 2025 22:00:00 GMT+0100 (British Summer Time),0.0317,0.0307,0.0577,0
Wed May 14 2025 23:00:00 GMT+0100 (British Summer Time),0.0317,0.0307,0.0577,0
Thu May 15 2025 00:00:00 GMT+0100 (British Summer Time),0.0291,0.031,0.0577,0
Thu May 15 2025 01:00:00 GMT+0100 (British Summer Time),0.0291,0.031,0.0577,0
Thu May 15 2025 02:00:00 GMT+0100 (British Summer Time),0.0291,0.031,0.0577,0
Thu May 15 2025 03:00:00 GMT+0100 (British Summer Time),0.0291,0.031,0.0577,0
Thu May 15 2025 04:00:00 GMT+0100 (British Summer Time),0.0291,0.031,0.0577,407.1018089619305
Thu May 15 2025 05:00:00 GMT+0100 (British Summer Time),0.0291,0.031,0.0577,0
Thu May 15 2025 06:00:00 GMT+0100 (British Summer Time),0.0291,0.031,0.0577,0
Thu May 15 2025 07:00:00 GMT+0100 (British Summer Time),0.0291,0.031,0.0577,4.340879762797659
Thu May 15 2025 08:00:00 GMT+0100 (British Summer Time),0.0291,0.031,0.0577,0
Thu May 15 2025 09:00:00 GMT+0100 (British Summer Time),0.0291,0.031,0.0577,0
Thu May 15 2025 10:00:00 GMT+0100 (British Summer Time),0.0291,0.031,0.0577,0
Thu May 15 2025 11:00:00 GMT+0100 (British Summer Time),0.0291,0.031,0.0577,0
Thu May 15 2025 12:00:00 GMT+0100 (British Summer Time),0.0291,0.031,0.0577,0
Thu May 15 2025 13:00:00 GMT+0100 (British Summer Time),0.0291,0.031,0.0577,0
Thu May 15 2025 14:00:00 GMT+0100 (British Summer Time),0.0291,0.031,0.0577,0
Thu May 15 2025 15:00:00 GMT+0100 (British Summer Time),0.0291,0.031,0.0577,0
Thu May 15 2025 16:00:00 GMT+0100 (British Summer Time),0.0291,0.031,0.0577,0
Thu May 15 2025 17:00:00 GMT+0100 (British Summer Time),0.0291,0.031,0.0577,0
Thu May 15 2025 18:00:00 GMT+0100 (British Summer Time),0.0291,0.031,0.0574,25072.312401034334
Thu May 15 2025 19:00:00 GMT+0100 (British Summer Time),0.0291,0.031,0.0574,61493.633674201534
Thu May 15 2025 20:00:00 GMT+0100 (British Summer Time),0.0291,0.031,0.0574,0
Thu May 15 2025 21:00:00 GMT+0100 (British Summer Time),0.0291,0.031,0.0574,0
Thu May 15 2025 22:00:00 GMT+0100 (British Summer Time),0.0291,0.031,0.0574,0
Thu May 15 2025 23:00:00 GMT+0100 (British Summer Time),0.0291,0.031,0.0574,0
Fri May 16 2025 00:00:00 GMT+0100 (British Summer Time),0.0261,0.0308,0.0574,0
Fri May 16 2025 01:00:00 GMT+0100 (British Summer Time),0.0261,0.0308,0.0574,0
Fri May 16 2025 02:00:00 GMT+0100 (British Summer Time),0.0261,0.0308,0.0574,0
Fri May 16 2025 03:00:00 GMT+0100 (British Summer Time),0.0261,0.0308,0.0574,0
Fri May 16 2025 04:00:00 GMT+0100 (British Summer Time),0.0261,0.0308,0.0574,29348.348744813098
Fri May 16 2025 05:00:00 GMT+0100 (British Summer Time),0.0261,0.0308,0.0573,0
Fri May 16 2025 06:00:00 GMT+0100 (British Summer Time),0.0261,0.0308,0.0573,0
Fri May 16 2025 07:00:00 GMT+0100 (British Summer Time),0.0261,0.0308,0.0573,0
Fri May 16 2025 08:00:00 GMT+0100 (British Summer Time),0.0261,0.0308,0.0577,25202.167352233973
Fri May 16 2025 09:00:00 GMT+0100 (British Summer Time),0.0261,0.0308,0.0577,0
Fri May 16 2025 10:00:00 GMT+0100 (British Summer Time),0.0261,0.0308,0.0577,0
Fri May 16 2025 11:00:00 GMT+0100 (British Summer Time),0.0261,0.0308,0.0575,16544.753099951628
Fri May 16 2025 12:00:00 GMT+0100 (British Summer Time),0.0261,0.0308,0.0575,5122.166257643643
Fri May 16 2025 13:00:00 GMT+0100 (British Summer Time),0.0261,0.0308,0.0575,0
Fri May 16 2025 14:00:00 GMT+0100 (British Summer Time),0.0261,0.0308,0.0575,0
Fri May 16 2025 15:00:00 GMT+0100 (British Summer Time),0.0261,0.0308,0.0575,0
Fri May 16 2025 16:00:00 GMT+0100 (British Summer Time),0.0261,0.0308,0.0575,0
Fri May 16 2025 17:00:00 GMT+0100 (British Summer Time),0.0261,0.0308,0.0575,0
Fri May 16 2025 18:00:00 GMT+0100 (British Summer Time),0.0261,0.0308,0.0575,0
Fri May 16 2025 19:00:00 GMT+0100 (British Summer Time),0.0261,0.0308,0.0575,0
Fri May 16 2025 20:00:00 GMT+0100 (British Summer Time),0.0261,0.0308,0.0575,0
Fri May 16 2025 21:00:00 GMT+0100 (British Summer Time),0.0261,0.0308,0.0575,0
Fri May 16 2025 22:00:00 GMT+0100 (British Summer Time),0.0261,0.0308,0.0575,0
Fri May 16 2025 23:00:00 GMT+0100 (British Summer Time),0.0261,0.0308,0.0575,0
Sat May 17 2025 00:00:00 GMT+0100 (British Summer Time),0.0288,0.0299,0.0575,0
Sat May 17 2025 01:00:00 GMT+0100 (British Summer Time),0.0288,0.0299,0.0575,0
Sat May 17 2025 02:00:00 GMT+0100 (British Summer Time),0.0288,0.0299,0.0575,0
Sat May 17 2025 03:00:00 GMT+0100 (British Summer Time),0.0288,0.0299,0.0575,0
Sat May 17 2025 04:00:00 GMT+0100 (British Summer Time),0.0288,0.0299,0.0575,0
Sat May 17 2025 05:00:00 GMT+0100 (British Summer Time),0.0288,0.0299,0.0575,0
Sat May 17 2025 06:00:00 GMT+0100 (British Summer Time),0.0288,0.0299,0.0575,0
Sat May 17 2025 07:00:00 GMT+0100 (British Summer Time),0.0288,0.0299,0.0562,412149.53986631153
Sat May 17 2025 08:00:00 GMT+0100 (British Summer Time),0.0288,0.0299,0.0562,0
Sat May 17 2025 09:00:00 GMT+0100 (British Summer Time),0.0288,0.0299,0.0564,15142.354414137393
Sat May 17 2025 10:00:00 GMT+0100 (British Summer Time),0.0288,0.0299,0.0564,2960.1470525782047
Sat May 17 2025 11:00:00 GMT+0100 (British Summer Time),0.0288,0.0299,0.0564,0
Sat May 17 2025 12:00:00 GMT+0100 (British Summer Time),0.0288,0.0299,0.0564,0
Sat May 17 2025 13:00:00 GMT+0100 (British Summer Time),0.0288,0.0299,0.0564,0
Sat May 17 2025 14:00:00 GMT+0100 (British Summer Time),0.0288,0.0299,0.0564,58768.399632944675
Sat May 17 2025 15:00:00 GMT+0100 (British Summer Time),0.0288,0.0299,0.0564,0
Sat May 17 2025 16:00:00 GMT+0100 (British Summer Time),0.0288,0.0299,0.0564,0
Sat May 17 2025 17:00:00 GMT+0100 (British Summer Time),0.0288,0.0299,0.0564,0
Sat May 17 2025 18:00:00 GMT+0100 (British Summer Time),0.0288,0.0299,0.0564,0
Sat May 17 2025 19:00:00 GMT+0100 (British Summer Time),0.0288,0.0299,0.0566,10265.92963441889
Sat May 17 2025 20:00:00 GMT+0100 (British Summer Time),0.0573,0.0339,0.0568,13953.994120662292
Sat May 17 2025 21:00:00 GMT+0100 (British Summer Time),0.0573,0.0339,0.0568,0
Sat May 17 2025 22:00:00 GMT+0100 (British Summer Time),0.0573,0.0339,0.0515,698962.2924058149
Sat May 17 2025 23:00:00 GMT+0100 (British Summer Time),0.0573,0.0296,0.0515,0
Sun May 18 2025 00:00:00 GMT+0100 (British Summer Time),0.0277,0.0296,0.0515,0
Sun May 18 2025 01:00:00 GMT+0100 (British Summer Time),0.0277,0.0296,0.0515,0
Sun May 18 2025 02:00:00 GMT+0100 (British Summer Time),0.0277,0.0296,0.0515,0.28287005843305413
Sun May 18 2025 03:00:00 GMT+0100 (British Summer Time),0.0277,0.0296,0.0515,0
Sun May 18 2025 04:00:00 GMT+0100 (British Summer Time),0.0277,0.0296,0.0515,0
Sun May 18 2025 05:00:00 GMT+0100 (British Summer Time),0.0277,0.0296,0.0515,0
Sun May 18 2025 06:00:00 GMT+0100 (British Summer Time),0.0277,0.0296,0.0515,0
Sun May 18 2025 07:00:00 GMT+0100 (British Summer Time),0.0277,0.0296,0.0516,3743.430368196051
Sun May 18 2025 08:00:00 GMT+0100 (British Summer Time),0.0277,0.0296,0.0518,10309.660146805136
Sun May 18 2025 09:00:00 GMT+0100 (British Summer Time),0.0277,0.0296,0.0518,0
Sun May 18 2025 10:00:00 GMT+0100 (British Summer Time),0.0277,0.0296,0.0518,210.73986701664103
Sun May 18 2025 11:00:00 GMT+0100 (British Summer Time),0.0277,0.0296,0.0517,449.4890401224924
Sun May 18 2025 12:00:00 GMT+0100 (British Summer Time),0.0277,0.0296,0.0517,0
Sun May 18 2025 13:00:00 GMT+0100 (British Summer Time),0.0277,0.0296,0.0517,0
Sun May 18 2025 14:00:00 GMT+0100 (British Summer Time),0.0277,0.0296,0.0517,0
Sun May 18 2025 15:00:00 GMT+0100 (British Summer Time),0.0277,0.0296,0.0517,0
Sun May 18 2025 16:00:00 GMT+0100 (British Summer Time),0.0277,0.0296,0.0517,0
Sun May 18 2025 17:00:00 GMT+0100 (British Summer Time),0.0277,0.0296,0.0517,0
Sun May 18 2025 18:00:00 GMT+0100 (British Summer Time),0.0277,0.0296,0.0517,0
Sun May 18 2025 19:00:00 GMT+0100 (British Summer Time),0.0277,0.0296,0.0517,0
Sun May 18 2025 20:00:00 GMT+0100 (British Summer Time),0,0.0296,0.0517,0
Sun May 18 2025 21:00:00 GMT+0100 (British Summer Time),0,0.0296,0.0517,0
Sun May 18 2025 22:00:00 GMT+0100 (British Summer Time),0.0264,0.0334,0.0517,0
Sun May 18 2025 23:00:00 GMT+0100 (British Summer Time),0.0264,0.0288,0.0517,0
Mon May 19 2025 00:00:00 GMT+0100 (British Summer Time),0.0264,0.0288,0.0517,0
Mon May 19 2025 01:00:00 GMT+0100 (British Summer Time),0.0264,0.0288,0.0517,0
Mon May 19 2025 02:00:00 GMT+0100 (British Summer Time),0.0264,0.0288,0.0518,3823.138169232899
Mon May 19 2025 03:00:00 GMT+0100 (British Summer Time),0.0264,0.0288,0.0518,0
Mon May 19 2025 04:00:00 GMT+0100 (British Summer Time),0.0264,0.0288,0.0518,0
Mon May 19 2025 05:00:00 GMT+0100 (British Summer Time),0.0264,0.0288,0.0518,1144.3918344721726
Mon May 19 2025 06:00:00 GMT+0100 (British Summer Time),0.0264,0.0288,0.0518,0
Mon May 19 2025 07:00:00 GMT+0100 (British Summer Time),0.0264,0.0288,0.0518,0
Mon May 19 2025 08:00:00 GMT+0100 (British Summer Time),0.0264,0.0288,0.0518,1541.406670416782
Mon May 19 2025 09:00:00 GMT+0100 (British Summer Time),0.0264,0.0288,0.0518,0
Mon May 19 2025 10:00:00 GMT+0100 (British Summer Time),0.0264,0.0288,0.0518,0
Mon May 19 2025 11:00:00 GMT+0100 (British Summer Time),0.0264,0.0288,0.0518,4141.933664314241
Mon May 19 2025 12:00:00 GMT+0100 (British Summer Time),0.0264,0.0288,0.0518,0
Mon May 19 2025 13:00:00 GMT+0100 (British Summer Time),0.0264,0.0288,0.0518,0
Mon May 19 2025 14:00:00 GMT+0100 (British Summer Time),0.0264,0.0288,0.0518,80.18224586318573
Mon May 19 2025 15:00:00 GMT+0100 (British Summer Time),0.0264,0.0288,0.0518,38766.77746861162
Mon May 19 2025 16:00:00 GMT+0100 (British Summer Time),0.0264,0.0288,0.0518,0
Mon May 19 2025 17:00:00 GMT+0100 (British Summer Time),0.0264,0.0288,0.0518,0
Mon May 19 2025 18:00:00 GMT+0100 (British Summer Time),0.0264,0.0288,0.0518,0
Mon May 19 2025 19:00:00 GMT+0100 (British Summer Time),0.0264,0.0288,0.0518,0
Mon May 19 2025 20:00:00 GMT+0100 (British Summer Time),0.0264,0.0288,0.0518,0
Mon May 19 2025 21:00:00 GMT+0100 (British Summer Time),0.0264,0.0288,0.0518,0
Mon May 19 2025 22:00:00 GMT+0100 (British Summer Time),0,0.0288,0.0518,0
Mon May 19 2025 23:00:00 GMT+0100 (British Summer Time),0,0.0288,0.0518,0
Tue May 20 2025 00:00:00 GMT+0100 (British Summer Time),0.0307,0.0286,0.0518,0
Tue May 20 2025 01:00:00 GMT+0100 (British Summer Time),0.0307,0.0286,0.0518,0
Tue May 20 2025 02:00:00 GMT+0100 (British Summer Time),0.0307,0.0286,0.0518,0
Tue May 20 2025 03:00:00 GMT+0100 (British Summer Time),0.0307,0.0286,0.0518,0
Tue May 20 2025 04:00:00 GMT+0100 (British Summer Time),0.0307,0.0286,0.0518,0
Tue May 20 2025 05:00:00 GMT+0100 (British Summer Time),0.0307,0.0286,0.0518,419.37682463476375
Tue May 20 2025 06:00:00 GMT+0100 (British Summer Time),0.0307,0.0286,0.0518,0
Tue May 20 2025 07:00:00 GMT+0100 (British Summer Time),0.0307,0.0286,0.0518,0
Tue May 20 2025 08:00:00 GMT+0100 (British Summer Time),0.0307,0.0286,0.0518,1759.627408901647
Tue May 20 2025 09:00:00 GMT+0100 (British Summer Time),0.0307,0.0286,0.0518,0
Tue May 20 2025 10:00:00 GMT+0100 (British Summer Time),0.0307,0.0286,0.0518,0
Tue May 20 2025 11:00:00 GMT+0100 (British Summer Time),0.0307,0.0286,0.0518,0
Tue May 20 2025 12:00:00 GMT+0100 (British Summer Time),0.0307,0.0286,0.0518,129282.25825484883
Tue May 20 2025 13:00:00 GMT+0100 (British Summer Time),0.0307,0.0286,0.0518,0
Tue May 20 2025 14:00:00 GMT+0100 (British Summer Time),0.0307,0.0286,0.0518,0
Tue May 20 2025 15:00:00 GMT+0100 (British Summer Time),0.0307,0.0286,0.0518,0
Tue May 20 2025 16:00:00 GMT+0100 (British Summer Time),0.0307,0.0286,0.0518,0
Tue May 20 2025 17:00:00 GMT+0100 (British Summer Time),0.0307,0.0286,0.0518,0
Tue May 20 2025 18:00:00 GMT+0100 (British Summer Time),0.0307,0.0286,0.0518,0
Tue May 20 2025 19:00:00 GMT+0100 (British Summer Time),0.0307,0.0286,0.0518,0
Tue May 20 2025 20:00:00 GMT+0100 (British Summer Time),0.0307,0.0286,0.0518,0
Tue May 20 2025 21:00:00 GMT+0100 (British Summer Time),0.0307,0.0286,0.0518,0
Tue May 20 2025 22:00:00 GMT+0100 (British Summer Time),0.0307,0.0286,0.0518,0
Tue May 20 2025 23:00:00 GMT+0100 (British Summer Time),0.0307,0.0286,0.0518,0
Wed May 21 2025 00:00:00 GMT+0100 (British Summer Time),0.0294,0.0283,0.0518,0
Wed May 21 2025 01:00:00 GMT+0100 (British Summer Time),0.0294,0.0283,0.0518,0
Wed May 21 2025 02:00:00 GMT+0100 (British Summer Time),0.0294,0.0283,0.0518,0
Wed May 21 2025 03:00:00 GMT+0100 (British Summer Time),0.0294,0.0283,0.0518,0
Wed May 21 2025 04:00:00 GMT+0100 (British Summer Time),0.0294,0.0283,0.0518,0
Wed May 21 2025 05:00:00 GMT+0100 (British Summer Time),0.0294,0.0283,0.0518,0
Wed May 21 2025 06:00:00 GMT+0100 (British Summer Time),0.0294,0.0283,0.0518,0
Wed May 21 2025 07:00:00 GMT+0100 (British Summer Time),0.0294,0.0283,0.0518,0
Wed May 21 2025 08:00:00 GMT+0100 (British Summer Time),0.0294,0.0283,0.0518,0
Wed May 21 2025 09:00:00 GMT+0100 (British Summer Time),0.0294,0.0283,0.0518,0
Wed May 21 2025 10:00:00 GMT+0100 (British Summer Time),0.0294,0.0283,0.0518,0
Wed May 21 2025 11:00:00 GMT+0100 (British Summer Time),0.0294,0.0283,0.0518,0
Wed May 21 2025 12:00:00 GMT+0100 (British Summer Time),0.0294,0.0283,0.0518,0
Wed May 21 2025 13:00:00 GMT+0100 (British Summer Time),0.0294,0.0283,0.0519,5201.864537353814
Wed May 21 2025 14:00:00 GMT+0100 (British Summer Time),0.0294,0.0283,0.0519,0
Wed May 21 2025 15:00:00 GMT+0100 (British Summer Time),0.0294,0.0283,0.0519,0
Wed May 21 2025 16:00:00 GMT+0100 (British Summer Time),0.0294,0.0283,0.0519,0
Wed May 21 2025 17:00:00 GMT+0100 (British Summer Time),0.0294,0.0283,0.0519,0
Wed May 21 2025 18:00:00 GMT+0100 (British Summer Time),0.0294,0.0283,0.0519,0
Wed May 21 2025 19:00:00 GMT+0100 (British Summer Time),0.0294,0.0283,0.0519,0
Wed May 21 2025 20:00:00 GMT+0100 (British Summer Time),0.0294,0.0283,0.0519,0
Wed May 21 2025 21:00:00 GMT+0100 (British Summer Time),0.0294,0.0283,0.0519,0.40700181241818106
Wed May 21 2025 22:00:00 GMT+0100 (British Summer Time),0.0294,0.0283,0.0519,0
Wed May 21 2025 23:00:00 GMT+0100 (British Summer Time),0.0294,0.0283,0.0519,0
Thu May 22 2025 00:00:00 GMT+0100 (British Summer Time),0.028,0.0281,0.0519,0
Thu May 22 2025 01:00:00 GMT+0100 (British Summer Time),0.028,0.0281,0.0519,0
Thu May 22 2025 02:00:00 GMT+0100 (British Summer Time),0.028,0.0281,0.0518,2930.119759693425
Thu May 22 2025 03:00:00 GMT+0100 (British Summer Time),0.028,0.0281,0.0518,0
Thu May 22 2025 04:00:00 GMT+0100 (British Summer Time),0.028,0.0281,0.0518,0
Thu May 22 2025 05:00:00 GMT+0100 (British Summer Time),0.028,0.0281,0.0518,0
Thu May 22 2025 06:00:00 GMT+0100 (British Summer Time),0.028,0.0281,0.0518,0
Thu May 22 2025 07:00:00 GMT+0100 (British Summer Time),0.028,0.0281,0.0518,0
Thu May 22 2025 08:00:00 GMT+0100 (British Summer Time),0.028,0.0281,0.0518,0
Thu May 22 2025 09:00:00 GMT+0100 (British Summer Time),0.028,0.0281,0.0518,0
Thu May 22 2025 10:00:00 GMT+0100 (British Summer Time),0.028,0.0281,0.0518,0
Thu May 22 2025 11:00:00 GMT+0100 (British Summer Time),0.028,0.0281,0.0518,0
Thu May 22 2025 12:00:00 GMT+0100 (British Summer Time),0.028,0.0281,0.0518,0
Thu May 22 2025 13:00:00 GMT+0100 (British Summer Time),0.028,0.0281,0.0518,0
Thu May 22 2025 14:00:00 GMT+0100 (British Summer Time),0.028,0.0281,0.0518,0
Thu May 22 2025 15:00:00 GMT+0100 (British Summer Time),0.028,0.0281,0.0518,0
Thu May 22 2025 16:00:00 GMT+0100 (British Summer Time),0.028,0.0281,0.0518,0
Thu May 22 2025 17:00:00 GMT+0100 (British Summer Time),0.028,0.0281,0.0518,0
Thu May 22 2025 18:00:00 GMT+0100 (British Summer Time),0.028,0.0281,0.0518,0
Thu May 22 2025 19:00:00 GMT+0100 (British Summer Time),0.028,0.0281,0.0518,0
Thu May 22 2025 20:00:00 GMT+0100 (British Summer Time),0.028,0.0281,0.0518,0
Thu May 22 2025 21:00:00 GMT+0100 (British Summer Time),0.0589,0.0325,0.0518,0
Thu May 22 2025 22:00:00 GMT+0100 (British Summer Time),0.0589,0.0325,0.0518,0
Thu May 22 2025 23:00:00 GMT+0100 (British Summer Time),0.0589,0.0325,0.0518,0
Fri May 23 2025 00:00:00 GMT+0100 (British Summer Time),0.0301,0.0287,0.0518,0
Fri May 23 2025 01:00:00 GMT+0100 (British Summer Time),0.0301,0.0287,0.0518,0
Fri May 23 2025 02:00:00 GMT+0100 (British Summer Time),0.0301,0.0287,0.0518,0
Fri May 23 2025 03:00:00 GMT+0100 (British Summer Time),0.0301,0.0287,0.0518,0
Fri May 23 2025 04:00:00 GMT+0100 (British Summer Time),0.0301,0.0287,0.0518,0
Fri May 23 2025 05:00:00 GMT+0100 (British Summer Time),0.0301,0.0287,0.0518,0
Fri May 23 2025 06:00:00 GMT+0100 (British Summer Time),0.0301,0.0287,0.0518,0
Fri May 23 2025 07:00:00 GMT+0100 (British Summer Time),0.0301,0.0287,0.0518,0
Fri May 23 2025 08:00:00 GMT+0100 (British Summer Time),0.0301,0.0287,0.0518,0
Fri May 23 2025 09:00:00 GMT+0100 (British Summer Time),0.0301,0.0287,0.0518,0
Fri May 23 2025 10:00:00 GMT+0100 (British Summer Time),0.0301,0.0287,0.0518,0
Fri May 23 2025 11:00:00 GMT+0100 (British Summer Time),0.0301,0.0287,0.0518,3883.982939588042
Fri May 23 2025 12:00:00 GMT+0100 (British Summer Time),0.0301,0.0287,0.0518,0
Fri May 23 2025 13:00:00 GMT+0100 (British Summer Time),0.0301,0.0287,0.0518,0
Fri May 23 2025 14:00:00 GMT+0100 (British Summer Time),0.0301,0.0287,0.0518,0
Fri May 23 2025 15:00:00 GMT+0100 (British Summer Time),0.0301,0.0287,0.0513,30651.46870493663
Fri May 23 2025 16:00:00 GMT+0100 (British Summer Time),0.0301,0.0287,0.0467,1586195.9781311492
Fri May 23 2025 17:00:00 GMT+0100 (British Summer Time),0.0301,0.0287,0.0478,60099.138453821666
Fri May 23 2025 18:00:00 GMT+0100 (British Summer Time),0.0301,0.0287,0.0478,0
Fri May 23 2025 19:00:00 GMT+0100 (British Summer Time),0.0301,0.0287,0.0478,4009.0352259385863
Fri May 23 2025 20:00:00 GMT+0100 (British Summer Time),0.0301,0.0287,0.0477,0
Fri May 23 2025 21:00:00 GMT+0100 (British Summer Time),0,0.0287,0.0477,0
Fri May 23 2025 22:00:00 GMT+0100 (British Summer Time),0,0.0287,0.0477,0
Fri May 23 2025 23:00:00 GMT+0100 (British Summer Time),0,0.0287,0.0477,0
Sat May 24 2025 00:00:00 GMT+0100 (British Summer Time),0.0296,0.0288,0.0477,0
Sat May 24 2025 01:00:00 GMT+0100 (British Summer Time),0.0296,0.0288,0.0477,0
Sat May 24 2025 02:00:00 GMT+0100 (British Summer Time),0.0296,0.0288,0.0477,0.32607585739948386
Sat May 24 2025 03:00:00 GMT+0100 (British Summer Time),0.0296,0.0288,0.0477,0
Sat May 24 2025 04:00:00 GMT+0100 (British Summer Time),0.0296,0.0288,0.0477,0
Sat May 24 2025 05:00:00 GMT+0100 (British Summer Time),0.0296,0.0288,0.0477,0
Sat May 24 2025 06:00:00 GMT+0100 (British Summer Time),0.0296,0.0288,0.0477,0
Sat May 24 2025 07:00:00 GMT+0100 (British Summer Time),0.0296,0.0288,0.0477,23894.099119675313
Sat May 24 2025 08:00:00 GMT+0100 (British Summer Time),0.0296,0.0288,0.0477,0
Sat May 24 2025 09:00:00 GMT+0100 (British Summer Time),0.0296,0.0288,0.0477,0
Sat May 24 2025 10:00:00 GMT+0100 (British Summer Time),0.0296,0.0288,0.0477,0
Sat May 24 2025 11:00:00 GMT+0100 (British Summer Time),0.0296,0.0288,0.0477,0
Sat May 24 2025 12:00:00 GMT+0100 (British Summer Time),0.0296,0.0288,0.0477,0
Sat May 24 2025 13:00:00 GMT+0100 (British Summer Time),0.0296,0.0288,0.0477,0
Sat May 24 2025 14:00:00 GMT+0100 (British Summer Time),0.0296,0.0288,0.0478,3897.7274122858535
Sat May 24 2025 15:00:00 GMT+0100 (British Summer Time),0.0296,0.0288,0.0478,0
Sat May 24 2025 16:00:00 GMT+0100 (British Summer Time),0.0296,0.0288,0.0478,0
Sat May 24 2025 17:00:00 GMT+0100 (British Summer Time),0.0296,0.0288,0.0478,0
Sat May 24 2025 18:00:00 GMT+0100 (British Summer Time),0.0296,0.0288,0.0478,0
Sat May 24 2025 19:00:00 GMT+0100 (British Summer Time),0.0296,0.0288,0.0478,0
Sat May 24 2025 20:00:00 GMT+0100 (British Summer Time),0.0296,0.0248,0.0478,0
Sat May 24 2025 21:00:00 GMT+0100 (British Summer Time),0.0296,0.0248,0.0478,0
Sat May 24 2025 22:00:00 GMT+0100 (British Summer Time),0.0296,0.0248,0.0478,0
Sat May 24 2025 23:00:00 GMT+0100 (British Summer Time),0.0296,0.0248,0.0478,0
Sun May 25 2025 00:00:00 GMT+0100 (British Summer Time),0.0283,0.0289,0.0478,0
Sun May 25 2025 01:00:00 GMT+0100 (British Summer Time),0.0283,0.0289,0.0478,0
Sun May 25 2025 02:00:00 GMT+0100 (British Summer Time),0.0283,0.0289,0.0478,0
Sun May 25 2025 03:00:00 GMT+0100 (British Summer Time),0.0283,0.0289,0.0478,0
Sun May 25 2025 04:00:00 GMT+0100 (British Summer Time),0.0283,0.0289,0.0478,0
Sun May 25 2025 05:00:00 GMT+0100 (British Summer Time),0.0283,0.0289,0.0478,0
Sun May 25 2025 06:00:00 GMT+0100 (British Summer Time),0.0283,0.0289,0.0478,0
Sun May 25 2025 07:00:00 GMT+0100 (British Summer Time),0.0283,0.0289,0.0478,0
Sun May 25 2025 08:00:00 GMT+0100 (British Summer Time),0.0283,0.0289,0.0486,71625.72497283737
Sun May 25 2025 09:00:00 GMT+0100 (British Summer Time),0.0283,0.0289,0.0502,89020.70886848177
Sun May 25 2025 10:00:00 GMT+0100 (British Summer Time),0.0283,0.0289,0.0502,0
Sun May 25 2025 11:00:00 GMT+0100 (British Summer Time),0.0283,0.0289,0.0502,0
Sun May 25 2025 12:00:00 GMT+0100 (British Summer Time),0.0283,0.0289,0.0502,0
Sun May 25 2025 13:00:00 GMT+0100 (British Summer Time),0.0283,0.0289,0.0502,0
Sun May 25 2025 14:00:00 GMT+0100 (British Summer Time),0.0283,0.0289,0.0502,0
Sun May 25 2025 15:00:00 GMT+0100 (British Summer Time),0.0283,0.0289,0.0502,0
Sun May 25 2025 16:00:00 GMT+0100 (British Summer Time),0.0283,0.0289,0.0502,0
Sun May 25 2025 17:00:00 GMT+0100 (British Summer Time),0.0283,0.0289,0.0502,0
Sun May 25 2025 18:00:00 GMT+0100 (British Summer Time),0.0283,0.0289,0.0502,0
Sun May 25 2025 19:00:00 GMT+0100 (British Summer Time),0.0283,0.0289,0.0502,0
Sun May 25 2025 20:00:00 GMT+0100 (British Summer Time),0.0283,0.0289,0.0502,0
Sun May 25 2025 21:00:00 GMT+0100 (British Summer Time),0.0283,0.0289,0.0502,0
Sun May 25 2025 22:00:00 GMT+0100 (British Summer Time),0.0283,0.0251,0.0502,0
Sun May 25 2025 23:00:00 GMT+0100 (British Summer Time),0.0283,0.0251,0.0502,0
Mon May 26 2025 00:00:00 GMT+0100 (British Summer Time),0.0269,0.029,0.0502,0
Mon May 26 2025 01:00:00 GMT+0100 (British Summer Time),0.0269,0.029,0.0502,0
Mon May 26 2025 02:00:00 GMT+0100 (British Summer Time),0.0269,0.029,0.0502,0
Mon May 26 2025 03:00:00 GMT+0100 (British Summer Time),0.0269,0.029,0.0502,0
Mon May 26 2025 04:00:00 GMT+0100 (British Summer Time),0.0269,0.029,0.0502,0
Mon May 26 2025 05:00:00 GMT+0100 (British Summer Time),0.0269,0.029,0.0502,0
Mon May 26 2025 06:00:00 GMT+0100 (British Summer Time),0.0269,0.029,0.0502,0
Mon May 26 2025 07:00:00 GMT+0100 (British Summer Time),0.0269,0.029,0.0502,0
Mon May 26 2025 08:00:00 GMT+0100 (British Summer Time),0.0269,0.029,0.0502,0
Mon May 26 2025 09:00:00 GMT+0100 (British Summer Time),0.0269,0.029,0.0502,0
Mon May 26 2025 10:00:00 GMT+0100 (British Summer Time),0.0269,0.029,0.0502,0
Mon May 26 2025 11:00:00 GMT+0100 (British Summer Time),0.0269,0.029,0.0502,0
Mon May 26 2025 12:00:00 GMT+0100 (British Summer Time),0.0269,0.029,0.0502,0
Mon May 26 2025 13:00:00 GMT+0100 (British Summer Time),0.0269,0.029,0.0502,0
Mon May 26 2025 14:00:00 GMT+0100 (British Summer Time),0.0269,0.029,0.0502,0
Mon May 26 2025 15:00:00 GMT+0100 (British Summer Time),0.0269,0.029,0.0502,0
Mon May 26 2025 16:00:00 GMT+0100 (British Summer Time),0.0269,0.029,0.0509,47467.968499428905
Mon May 26 2025 17:00:00 GMT+0100 (British Summer Time),0.0269,0.029,0.0504,305092.0630979835
Mon May 26 2025 18:00:00 GMT+0100 (British Summer Time),0.0269,0.029,0.0504,0
Mon May 26 2025 19:00:00 GMT+0100 (British Summer Time),0.0269,0.029,0.0504,0
Mon May 26 2025 20:00:00 GMT+0100 (British Summer Time),0.0551,0.033,0.0504,0
Mon May 26 2025 21:00:00 GMT+0100 (British Summer Time),0.0551,0.033,0.0504,0
Mon May 26 2025 22:00:00 GMT+0100 (British Summer Time),0.0551,0.033,0.0504,0
Mon May 26 2025 23:00:00 GMT+0100 (British Summer Time),0.0551,0.033,0.0504,0
Tue May 27 2025 00:00:00 GMT+0100 (British Summer Time),0.0274,0.0285,0.0504,0
Tue May 27 2025 01:00:00 GMT+0100 (British Summer Time),0.0274,0.0285,0.0504,0
Tue May 27 2025 02:00:00 GMT+0100 (British Summer Time),0.0274,0.0285,0.0504,493.81309202035277
Tue May 27 2025 03:00:00 GMT+0100 (British Summer Time),0.0274,0.0285,0.0504,0
Tue May 27 2025 04:00:00 GMT+0100 (British Summer Time),0.0274,0.0285,0.0504,0
Tue May 27 2025 05:00:00 GMT+0100 (British Summer Time),0.0274,0.0285,0.0504,0
Tue May 27 2025 06:00:00 GMT+0100 (British Summer Time),0.0274,0.0285,0.0504,0
Tue May 27 2025 07:00:00 GMT+0100 (British Summer Time),0.0274,0.0285,0.0504,0
Tue May 27 2025 08:00:00 GMT+0100 (British Summer Time),0.0274,0.0285,0.0504,0
Tue May 27 2025 09:00:00 GMT+0100 (British Summer Time),0.0274,0.0285,0.0507,16426.51868016766
Tue May 27 2025 10:00:00 GMT+0100 (British Summer Time),0.0274,0.0285,0.0514,45658.003797026184
Tue May 27 2025 11:00:00 GMT+0100 (British Summer Time),0.0274,0.0285,0.0524,89158.36391877789
Tue May 27 2025 12:00:00 GMT+0100 (British Summer Time),0.0274,0.0285,0.0524,0
Tue May 27 2025 13:00:00 GMT+0100 (British Summer Time),0.0274,0.0285,0.0524,0
Tue May 27 2025 14:00:00 GMT+0100 (British Summer Time),0.0274,0.0285,0.0524,0
Tue May 27 2025 15:00:00 GMT+0100 (British Summer Time),0.0274,0.0285,0.0524,0
Tue May 27 2025 16:00:00 GMT+0100 (British Summer Time),0.0274,0.0285,0.0524,0
Tue May 27 2025 17:00:00 GMT+0100 (British Summer Time),0.0274,0.0285,0.0524,0
Tue May 27 2025 18:00:00 GMT+0100 (British Summer Time),0.0274,0.0285,0.0524,0
Tue May 27 2025 19:00:00 GMT+0100 (British Summer Time),0.0274,0.0285,0.0524,0
Tue May 27 2025 20:00:00 GMT+0100 (British Summer Time),0,0.0285,0.0524,0
Tue May 27 2025 21:00:00 GMT+0100 (British Summer Time),0,0.0285,0.0524,0
Tue May 27 2025 22:00:00 GMT+0100 (British Summer Time),0,0.0285,0.0524,0
Tue May 27 2025 23:00:00 GMT+0100 (British Summer Time),0.0276,0.0325,0.0524,0
Wed May 28 2025 00:00:00 GMT+0100 (British Summer Time),0.0276,0.0283,0.0525,2164.093989085033
Wed May 28 2025 01:00:00 GMT+0100 (British Summer Time),0.0276,0.0283,0.0525,0
Wed May 28 2025 02:00:00 GMT+0100 (British Summer Time),0.0276,0.0283,0.0525,0
Wed May 28 2025 03:00:00 GMT+0100 (British Summer Time),0.0276,0.0283,0.0525,309.27420349542655
Wed May 28 2025 04:00:00 GMT+0100 (British Summer Time),0.0276,0.0283,0.0512,299406.6265337294
Wed May 28 2025 05:00:00 GMT+0100 (British Summer Time),0.0276,0.0283,0.0512,0
Wed May 28 2025 06:00:00 GMT+0100 (British Summer Time),0.0276,0.0283,0.0512,0
Wed May 28 2025 07:00:00 GMT+0100 (British Summer Time),0.0276,0.0283,0.0512,0
Wed May 28 2025 08:00:00 GMT+0100 (British Summer Time),0.0276,0.0283,0.0512,0
Wed May 28 2025 09:00:00 GMT+0100 (British Summer Time),0.0276,0.0283,0.0512,0
Wed May 28 2025 10:00:00 GMT+0100 (British Summer Time),0.0276,0.0283,0.0512,0
Wed May 28 2025 11:00:00 GMT+0100 (British Summer Time),0.0276,0.0283,0.0512,0
Wed May 28 2025 12:00:00 GMT+0100 (British Summer Time),0.0276,0.0283,0.0512,0
Wed May 28 2025 13:00:00 GMT+0100 (British Summer Time),0.0276,0.0283,0.0512,0
Wed May 28 2025 14:00:00 GMT+0100 (British Summer Time),0.0276,0.0283,0.0505,581557.1154888506
Wed May 28 2025 15:00:00 GMT+0100 (British Summer Time),0.0276,0.0283,0.0505,0
Wed May 28 2025 16:00:00 GMT+0100 (British Summer Time),0.0276,0.0283,0.0505,0
Wed May 28 2025 17:00:00 GMT+0100 (British Summer Time),0.0276,0.0283,0.0505,0
Wed May 28 2025 18:00:00 GMT+0100 (British Summer Time),0.0276,0.0283,0.0505,0
Wed May 28 2025 19:00:00 GMT+0100 (British Summer Time),0.0276,0.0283,0.0505,0
Wed May 28 2025 20:00:00 GMT+0100 (British Summer Time),0.0276,0.0283,0.0505,0
Wed May 28 2025 21:00:00 GMT+0100 (British Summer Time),0.0276,0.0283,0.0505,0
Wed May 28 2025 22:00:00 GMT+0100 (British Summer Time),0.0276,0.0283,0.0505,0
Wed May 28 2025 23:00:00 GMT+0100 (British Summer Time),0.0285,0.0324,0.0505,0
Thu May 29 2025 00:00:00 GMT+0100 (British Summer Time),0.0285,0.0283,0.0505,0
Thu May 29 2025 01:00:00 GMT+0100 (British Summer Time),0.0285,0.0283,0.0505,0
Thu May 29 2025 02:00:00 GMT+0100 (British Summer Time),0.0285,0.0283,0.0505,0
Thu May 29 2025 03:00:00 GMT+0100 (British Summer Time),0.0285,0.0283,0.0505,0
Thu May 29 2025 04:00:00 GMT+0100 (British Summer Time),0.0285,0.0283,0.0505,0
Thu May 29 2025 05:00:00 GMT+0100 (British Summer Time),0.0285,0.0283,0.0505,0
Thu May 29 2025 06:00:00 GMT+0100 (British Summer Time),0.0285,0.0283,0.0505,0
Thu May 29 2025 07:00:00 GMT+0100 (British Summer Time),0.0285,0.0283,0.0505,0
Thu May 29 2025 08:00:00 GMT+0100 (British Summer Time),0.0285,0.0283,0.0506,5159.722499964824
Thu May 29 2025 09:00:00 GMT+0100 (British Summer Time),0.0285,0.0283,0.0501,310165.9194303014
Thu May 29 2025 10:00:00 GMT+0100 (British Summer Time),0.0285,0.0283,0.0501,0
Thu May 29 2025 11:00:00 GMT+0100 (British Summer Time),0.0285,0.0283,0.0501,0
Thu May 29 2025 12:00:00 GMT+0100 (British Summer Time),0.0285,0.0283,0.0501,0
Thu May 29 2025 13:00:00 GMT+0100 (British Summer Time),0.0285,0.0283,0.0501,0
Thu May 29 2025 14:00:00 GMT+0100 (British Summer Time),0.0285,0.0283,0.0499,11816.419987162113
Thu May 29 2025 15:00:00 GMT+0100 (British Summer Time),0.0285,0.0283,0.0499,0
Thu May 29 2025 16:00:00 GMT+0100 (British Summer Time),0.0285,0.0283,0.0499,0
Thu May 29 2025 17:00:00 GMT+0100 (British Summer Time),0.0285,0.0283,0.0499,0
Thu May 29 2025 18:00:00 GMT+0100 (British Summer Time),0.0285,0.0283,0.0499,0
Thu May 29 2025 19:00:00 GMT+0100 (British Summer Time),0.0285,0.0283,0.0499,0
Thu May 29 2025 20:00:00 GMT+0100 (British Summer Time),0.0285,0.0283,0.0499,0
Thu May 29 2025 21:00:00 GMT+0100 (British Summer Time),0.0285,0.024,0.0499,0
Thu May 29 2025 22:00:00 GMT+0100 (British Summer Time),0.0285,0.024,0.0499,0
Thu May 29 2025 23:00:00 GMT+0100 (British Summer Time),0.029,0.0282,0.0499,0
Fri May 30 2025 00:00:00 GMT+0100 (British Summer Time),0.029,0.0282,0.0499,0
Fri May 30 2025 01:00:00 GMT+0100 (British Summer Time),0.029,0.0282,0.0499,0
Fri May 30 2025 02:00:00 GMT+0100 (British Summer Time),0.029,0.0282,0.0499,1806.5653475509198
Fri May 30 2025 03:00:00 GMT+0100 (British Summer Time),0.029,0.0282,0.0499,0
Fri May 30 2025 04:00:00 GMT+0100 (British Summer Time),0.029,0.0282,0.0505,39311.02664158974
Fri May 30 2025 05:00:00 GMT+0100 (British Summer Time),0.029,0.0282,0.0505,0
Fri May 30 2025 06:00:00 GMT+0100 (British Summer Time),0.029,0.0282,0.0505,0
Fri May 30 2025 07:00:00 GMT+0100 (British Summer Time),0.029,0.0282,0.0505,0
Fri May 30 2025 08:00:00 GMT+0100 (British Summer Time),0.029,0.0282,0.0505,0
Fri May 30 2025 09:00:00 GMT+0100 (British Summer Time),0.029,0.0282,0.0505,0
Fri May 30 2025 10:00:00 GMT+0100 (British Summer Time),0.029,0.0282,0.0505,0
Fri May 30 2025 11:00:00 GMT+0100 (British Summer Time),0.029,0.0282,0.0505,0
Fri May 30 2025 12:00:00 GMT+0100 (British Summer Time),0.029,0.0282,0.0505,0
Fri May 30 2025 13:00:00 GMT+0100 (British Summer Time),0.029,0.0282,0.0505,0
Fri May 30 2025 14:00:00 GMT+0100 (British Summer Time),0.029,0.0282,0.0505,0
Fri May 30 2025 15:00:00 GMT+0100 (British Summer Time),0.029,0.0282,0.0505,0
Fri May 30 2025 16:00:00 GMT+0100 (British Summer Time),0.029,0.0282,0.0505,0
Fri May 30 2025 17:00:00 GMT+0100 (British Summer Time),0.029,0.0282,0.0505,0
Fri May 30 2025 18:00:00 GMT+0100 (British Summer Time),0.029,0.0282,0.0505,0
Fri May 30 2025 19:00:00 GMT+0100 (British Summer Time),0.029,0.0282,0.0506,5693.563972678966
Fri May 30 2025 20:00:00 GMT+0100 (British Summer Time),0.029,0.0282,0.0506,2.575629824429229
Fri May 30 2025 21:00:00 GMT+0100 (British Summer Time),0.029,0.0282,0.0506,0
Fri May 30 2025 22:00:00 GMT+0100 (British Summer Time),0.029,0.0282,0.0506,0
Fri May 30 2025 23:00:00 GMT+0100 (British Summer Time),0.0294,0.0324,0.0506,0
Sat May 31 2025 00:00:00 GMT+0100 (British Summer Time),0.0294,0.0282,0.0506,53.224562855588296
Sat May 31 2025 01:00:00 GMT+0100 (British Summer Time),0.0294,0.0282,0.0506,0
Sat May 31 2025 02:00:00 GMT+0100 (British Summer Time),0.0294,0.0282,0.0506,0
Sat May 31 2025 03:00:00 GMT+0100 (British Summer Time),0.0294,0.0282,0.0506,0
Sat May 31 2025 04:00:00 GMT+0100 (British Summer Time),0.0294,0.0282,0.0506,0
Sat May 31 2025 05:00:00 GMT+0100 (British Summer Time),0.0294,0.0282,0.0506,73.52838064678902
Sat May 31 2025 06:00:00 GMT+0100 (British Summer Time),0.0294,0.0282,0.0506,0
Sat May 31 2025 07:00:00 GMT+0100 (British Summer Time),0.0294,0.0282,0.0506,0
Sat May 31 2025 08:00:00 GMT+0100 (British Summer Time),0.0294,0.0282,0.0506,0
Sat May 31 2025 09:00:00 GMT+0100 (British Summer Time),0.0294,0.0282,0.0506,0
Sat May 31 2025 10:00:00 GMT+0100 (British Summer Time),0.0294,0.0282,0.0506,0
Sat May 31 2025 11:00:00 GMT+0100 (British Summer Time),0.0294,0.0282,0.0506,0
Sat May 31 2025 12:00:00 GMT+0100 (British Summer Time),0.0294,0.0282,0.0506,0
Sat May 31 2025 13:00:00 GMT+0100 (British Summer Time),0.0294,0.0282,0.0506,0
Sat May 31 2025 14:00:00 GMT+0100 (British Summer Time),0.0294,0.0282,0.0506,0
Sat May 31 2025 15:00:00 GMT+0100 (British Summer Time),0.0294,0.0282,0.0506,0
Sat May 31 2025 16:00:00 GMT+0100 (British Summer Time),0.0294,0.0282,0.0506,0
Sat May 31 2025 17:00:00 GMT+0100 (British Summer Time),0.0294,0.0282,0.0506,0
Sat May 31 2025 18:00:00 GMT+0100 (British Summer Time),0.0294,0.0282,0.0506,0
Sat May 31 2025 19:00:00 GMT+0100 (British Summer Time),0.0294,0.0282,0.0506,0
Sat May 31 2025 20:00:00 GMT+0100 (British Summer Time),0.0294,0.0282,0.0506,0
Sat May 31 2025 21:00:00 GMT+0100 (British Summer Time),0.0294,0.0282,0.0506,0
Sat May 31 2025 22:00:00 GMT+0100 (British Summer Time),0.0294,0.0282,0.0506,0
Sat May 31 2025 23:00:00 GMT+0100 (British Summer Time),0,0.0282,0.0506,0
Sun Jun 01 2025 00:00:00 GMT+0100 (British Summer Time),0.0292,0.0283,0.0506,0
Sun Jun 01 2025 01:00:00 GMT+0100 (British Summer Time),0.0292,0.0283,0.0506,0
Sun Jun 01 2025 02:00:00 GMT+0100 (British Summer Time),0.0292,0.0283,0.0506,0
Sun Jun 01 2025 03:00:00 GMT+0100 (British Summer Time),0.0292,0.0283,0.0506,0
Sun Jun 01 2025 04:00:00 GMT+0100 (British Summer Time),0.0292,0.0283,0.0506,0
Sun Jun 01 2025 05:00:00 GMT+0100 (British Summer Time),0.0292,0.0283,0.0506,0
Sun Jun 01 2025 06:00:00 GMT+0100 (British Summer Time),0.0292,0.0283,0.0506,48.39045650404169
Sun Jun 01 2025 07:00:00 GMT+0100 (British Summer Time),0.0292,0.0283,0.0506,0
Sun Jun 01 2025 08:00:00 GMT+0100 (British Summer Time),0.0292,0.0283,0.0506,0
Sun Jun 01 2025 09:00:00 GMT+0100 (British Summer Time),0.0292,0.0283,0.0506,0
Sun Jun 01 2025 10:00:00 GMT+0100 (British Summer Time),0.0292,0.0283,0.0506,0
Sun Jun 01 2025 11:00:00 GMT+0100 (British Summer Time),0.0292,0.0283,0.0508,11893.168528010552
Sun Jun 01 2025 12:00:00 GMT+0100 (British Summer Time),0.0292,0.0283,0.0508,0
Sun Jun 01 2025 13:00:00 GMT+0100 (British Summer Time),0.0292,0.0283,0.0508,0
Sun Jun 01 2025 14:00:00 GMT+0100 (British Summer Time),0.0292,0.0283,0.0508,0
Sun Jun 01 2025 15:00:00 GMT+0100 (British Summer Time),0.0292,0.0283,0.0508,0
Sun Jun 01 2025 16:00:00 GMT+0100 (British Summer Time),0.0292,0.0283,0.0508,0
Sun Jun 01 2025 17:00:00 GMT+0100 (British Summer Time),0.0292,0.0283,0.0508,0
Sun Jun 01 2025 18:00:00 GMT+0100 (British Summer Time),0.0292,0.0283,0.0508,0
Sun Jun 01 2025 19:00:00 GMT+0100 (British Summer Time),0.0573,0.0323,0.0508,0
Sun Jun 01 2025 20:00:00 GMT+0100 (British Summer Time),0.0573,0.0323,0.0508,0
Sun Jun 01 2025 21:00:00 GMT+0100 (British Summer Time),0.0573,0.0323,0.0508,0
Sun Jun 01 2025 22:00:00 GMT+0100 (British Summer Time),0.0573,0.0323,0.0508,0
Sun Jun 01 2025 23:00:00 GMT+0100 (British Summer Time),0.0573,0.0323,0.0508,0
Mon Jun 02 2025 00:00:00 GMT+0100 (British Summer Time),0.0273,0.0283,0.0508,0
Mon Jun 02 2025 01:00:00 GMT+0100 (British Summer Time),0.0273,0.0283,0.0508,2.954674146804533
Mon Jun 02 2025 02:00:00 GMT+0100 (British Summer Time),0.0273,0.0283,0.0508,0
Mon Jun 02 2025 03:00:00 GMT+0100 (British Summer Time),0.0273,0.0283,0.0508,0
Mon Jun 02 2025 04:00:00 GMT+0100 (British Summer Time),0.0273,0.0283,0.0508,0
Mon Jun 02 2025 05:00:00 GMT+0100 (British Summer Time),0.0273,0.0283,0.0508,0
Mon Jun 02 2025 06:00:00 GMT+0100 (British Summer Time),0.0273,0.0283,0.0508,0
Mon Jun 02 2025 07:00:00 GMT+0100 (British Summer Time),0.0273,0.0283,0.0508,0
Mon Jun 02 2025 08:00:00 GMT+0100 (British Summer Time),0.0273,0.0283,0.0508,0
Mon Jun 02 2025 09:00:00 GMT+0100 (British Summer Time),0.0273,0.0283,0.0508,0
Mon Jun 02 2025 10:00:00 GMT+0100 (British Summer Time),0.0273,0.0283,0.0508,0
Mon Jun 02 2025 11:00:00 GMT+0100 (British Summer Time),0.0273,0.0283,0.0508,0
Mon Jun 02 2025 12:00:00 GMT+0100 (British Summer Time),0.0273,0.0283,0.0508,0
Mon Jun 02 2025 13:00:00 GMT+0100 (British Summer Time),0.0273,0.0283,0.0508,0
Mon Jun 02 2025 14:00:00 GMT+0100 (British Summer Time),0.0273,0.0283,0.0508,0
Mon Jun 02 2025 15:00:00 GMT+0100 (British Summer Time),0.0273,0.0283,0.0508,0
Mon Jun 02 2025 16:00:00 GMT+0100 (British Summer Time),0.0273,0.0283,0.0508,0
Mon Jun 02 2025 17:00:00 GMT+0100 (British Summer Time),0.0273,0.0283,0.0508,5078.066436079919
Mon Jun 02 2025 18:00:00 GMT+0100 (British Summer Time),0.0273,0.0283,0.0508,0
Mon Jun 02 2025 19:00:00 GMT+0100 (British Summer Time),0,0.0283,0.0508,0
Mon Jun 02 2025 20:00:00 GMT+0100 (British Summer Time),0,0.0244,0.0508,0
Mon Jun 02 2025 21:00:00 GMT+0100 (British Summer Time),0,0.0244,0.0508,0
Mon Jun 02 2025 22:00:00 GMT+0100 (British Summer Time),0,0.0244,0.0508,0
Mon Jun 02 2025 23:00:00 GMT+0100 (British Summer Time),0,0.0244,0.0508,0
Tue Jun 03 2025 00:00:00 GMT+0100 (British Summer Time),0.0275,0.0284,0.0508,0
Tue Jun 03 2025 01:00:00 GMT+0100 (British Summer Time),0.0275,0.0284,0.0508,0
Tue Jun 03 2025 02:00:00 GMT+0100 (British Summer Time),0.0275,0.0284,0.0508,1655.1984716056731
Tue Jun 03 2025 03:00:00 GMT+0100 (British Summer Time),0.0275,0.0284,0.0508,0
Tue Jun 03 2025 04:00:00 GMT+0100 (British Summer Time),0.0275,0.0284,0.0508,0
Tue Jun 03 2025 05:00:00 GMT+0100 (British Summer Time),0.0275,0.0284,0.0507,7815.610138087599
Tue Jun 03 2025 06:00:00 GMT+0100 (British Summer Time),0.0275,0.0284,0.0507,0
Tue Jun 03 2025 07:00:00 GMT+0100 (British Summer Time),0.0275,0.0284,0.0507,0
Tue Jun 03 2025 08:00:00 GMT+0100 (British Summer Time),0.0275,0.0284,0.0507,0
Tue Jun 03 2025 09:00:00 GMT+0100 (British Summer Time),0.0275,0.0284,0.0507,0
Tue Jun 03 2025 10:00:00 GMT+0100 (British Summer Time),0.0275,0.0284,0.0507,4276.2698172302125
Tue Jun 03 2025 11:00:00 GMT+0100 (British Summer Time),0.0275,0.0284,0.0507,0
Tue Jun 03 2025 12:00:00 GMT+0100 (British Summer Time),0.0275,0.0284,0.0507,0
Tue Jun 03 2025 13:00:00 GMT+0100 (British Summer Time),0.0275,0.0284,0.0507,0
Tue Jun 03 2025 14:00:00 GMT+0100 (British Summer Time),0.0275,0.0284,0.0507,0
Tue Jun 03 2025 15:00:00 GMT+0100 (British Summer Time),0.0275,0.0284,0.0507,0
Tue Jun 03 2025 16:00:00 GMT+0100 (British Summer Time),0.0275,0.0284,0.0507,0
Tue Jun 03 2025 17:00:00 GMT+0100 (British Summer Time),0.0275,0.0284,0.0507,0
Tue Jun 03 2025 18:00:00 GMT+0100 (British Summer Time),0.0275,0.0284,0.0507,0
Tue Jun 03 2025 19:00:00 GMT+0100 (British Summer Time),0.0275,0.0284,0.0507,0
Tue Jun 03 2025 20:00:00 GMT+0100 (British Summer Time),0.0275,0.0284,0.0507,0
Tue Jun 03 2025 21:00:00 GMT+0100 (British Summer Time),0.0275,0.0284,0.0507,0
Tue Jun 03 2025 22:00:00 GMT+0100 (British Summer Time),0.0275,0.0284,0.0507,0
Tue Jun 03 2025 23:00:00 GMT+0100 (British Summer Time),0.0275,0.0244,0.0507,0
Wed Jun 04 2025 00:00:00 GMT+0100 (British Summer Time),0.0283,0.0285,0.0507,0
Wed Jun 04 2025 01:00:00 GMT+0100 (British Summer Time),0.0283,0.0285,0.0507,0
Wed Jun 04 2025 02:00:00 GMT+0100 (British Summer Time),0.0283,0.0285,0.0507,0
Wed Jun 04 2025 03:00:00 GMT+0100 (British Summer Time),0.0283,0.0285,0.0507,0
Wed Jun 04 2025 04:00:00 GMT+0100 (British Summer Time),0.0283,0.0285,0.0507,0
Wed Jun 04 2025 05:00:00 GMT+0100 (British Summer Time),0.0283,0.0285,0.0507,0
Wed Jun 04 2025 06:00:00 GMT+0100 (British Summer Time),0.0283,0.0285,0.0508,5274.016790597743
Wed Jun 04 2025 07:00:00 GMT+0100 (British Summer Time),0.0283,0.0285,0.0508,0
Wed Jun 04 2025 08:00:00 GMT+0100 (British Summer Time),0.0283,0.0285,0.0508,0
Wed Jun 04 2025 09:00:00 GMT+0100 (British Summer Time),0.0283,0.0285,0.0508,0
Wed Jun 04 2025 10:00:00 GMT+0100 (British Summer Time),0.0283,0.0285,0.0508,0
Wed Jun 04 2025 11:00:00 GMT+0100 (British Summer Time),0.0283,0.0285,0.0508,0
Wed Jun 04 2025 12:00:00 GMT+0100 (British Summer Time),0.0283,0.0285,0.0508,0
Wed Jun 04 2025 13:00:00 GMT+0100 (British Summer Time),0.0283,0.0285,0.0508,0
Wed Jun 04 2025 14:00:00 GMT+0100 (British Summer Time),0.0283,0.0285,0.0508,0
Wed Jun 04 2025 15:00:00 GMT+0100 (British Summer Time),0.0283,0.0285,0.0508,0
Wed Jun 04 2025 16:00:00 GMT+0100 (British Summer Time),0.0283,0.0285,0.0508,0
Wed Jun 04 2025 17:00:00 GMT+0100 (British Summer Time),0.0283,0.0285,0.0508,0
Wed Jun 04 2025 18:00:00 GMT+0100 (British Summer Time),0.0283,0.0285,0.0508,0
Wed Jun 04 2025 19:00:00 GMT+0100 (British Summer Time),0.0283,0.0285,0.0508,0
Wed Jun 04 2025 20:00:00 GMT+0100 (British Summer Time),0.0283,0.0285,0.0508,55576.60392750233
Wed Jun 04 2025 21:00:00 GMT+0100 (British Summer Time),0.0283,0.0285,0.0518,0
Wed Jun 04 2025 22:00:00 GMT+0100 (British Summer Time),0.0283,0.0285,0.0518,0
Wed Jun 04 2025 23:00:00 GMT+0100 (British Summer Time),0.0283,0.0285,0.0518,0
Thu Jun 05 2025 00:00:00 GMT+0100 (British Summer Time),0.0283,0.0284,0.0518,0
Thu Jun 05 2025 01:00:00 GMT+0100 (British Summer Time),0.0283,0.0284,0.0518,0
Thu Jun 05 2025 02:00:00 GMT+0100 (British Summer Time),0.0283,0.0284,0.0518,0
Thu Jun 05 2025 03:00:00 GMT+0100 (British Summer Time),0.0283,0.0284,0.0518,0
Thu Jun 05 2025 04:00:00 GMT+0100 (British Summer Time),0.0283,0.0284,0.0518,0
Thu Jun 05 2025 05:00:00 GMT+0100 (British Summer Time),0.0283,0.0284,0.0518,0
Thu Jun 05 2025 06:00:00 GMT+0100 (British Summer Time),0.0283,0.0284,0.0518,0
Thu Jun 05 2025 07:00:00 GMT+0100 (British Summer Time),0.0283,0.0284,0.0518,0
Thu Jun 05 2025 08:00:00 GMT+0100 (British Summer Time),0.0283,0.0284,0.0518,0
Thu Jun 05 2025 09:00:00 GMT+0100 (British Summer Time),0.0283,0.0284,0.0518,0
Thu Jun 05 2025 10:00:00 GMT+0100 (British Summer Time),0.0283,0.0284,0.0518,0
Thu Jun 05 2025 11:00:00 GMT+0100 (British Summer Time),0.0283,0.0284,0.0518,0
Thu Jun 05 2025 12:00:00 GMT+0100 (British Summer Time),0.0283,0.0284,0.0518,0
Thu Jun 05 2025 13:00:00 GMT+0100 (British Summer Time),0.0283,0.0284,0.0518,0
Thu Jun 05 2025 14:00:00 GMT+0100 (British Summer Time),0.0283,0.0284,0.0518,0
Thu Jun 05 2025 15:00:00 GMT+0100 (British Summer Time),0.0283,0.0284,0.0518,0
Thu Jun 05 2025 16:00:00 GMT+0100 (British Summer Time),0.0283,0.0284,0.0518,13082.824893773994
Thu Jun 05 2025 17:00:00 GMT+0100 (British Summer Time),0.0283,0.0284,0.0515,0
Thu Jun 05 2025 18:00:00 GMT+0100 (British Summer Time),0.0283,0.0284,0.0515,0
Thu Jun 05 2025 19:00:00 GMT+0100 (British Summer Time),0.0283,0.0284,0.0515,0
Thu Jun 05 2025 20:00:00 GMT+0100 (British Summer Time),0.0283,0.0284,0.0515,0
Thu Jun 05 2025 21:00:00 GMT+0100 (British Summer Time),0.0283,0.0284,0.0515,0
Thu Jun 05 2025 22:00:00 GMT+0100 (British Summer Time),0.0283,0.0284,0.0515,0
Thu Jun 05 2025 23:00:00 GMT+0100 (British Summer Time),0.0283,0.0242,0.0515,0
Fri Jun 06 2025 00:00:00 GMT+0100 (British Summer Time),0.0279,0.0283,0.0515,0
Fri Jun 06 2025 01:00:00 GMT+0100 (British Summer Time),0.0279,0.0283,0.0515,0
Fri Jun 06 2025 02:00:00 GMT+0100 (British Summer Time),0.0279,0.0283,0.0515,0
Fri Jun 06 2025 03:00:00 GMT+0100 (British Summer Time),0.0279,0.0283,0.0516,5022.820327809221
Fri Jun 06 2025 04:00:00 GMT+0100 (British Summer Time),0.0279,0.0283,0.0516,0
Fri Jun 06 2025 05:00:00 GMT+0100 (British Summer Time),0.0279,0.0283,0.0516,0
Fri Jun 06 2025 06:00:00 GMT+0100 (British Summer Time),0.0279,0.0283,0.0517,2452.772990896088
Fri Jun 06 2025 07:00:00 GMT+0100 (British Summer Time),0.0279,0.0283,0.0517,0
Fri Jun 06 2025 08:00:00 GMT+0100 (British Summer Time),0.0279,0.0283,0.0516,10233.279743710991
Fri Jun 06 2025 09:00:00 GMT+0100 (British Summer Time),0.0279,0.0283,0.0516,0
Fri Jun 06 2025 10:00:00 GMT+0100 (British Summer Time),0.0279,0.0283,0.0516,0
Fri Jun 06 2025 11:00:00 GMT+0100 (British Summer Time),0.0279,0.0283,0.0516,0
Fri Jun 06 2025 12:00:00 GMT+0100 (British Summer Time),0.0279,0.0283,0.0516,0
Fri Jun 06 2025 13:00:00 GMT+0100 (British Summer Time),0.0279,0.0283,0.0516,0
Fri Jun 06 2025 14:00:00 GMT+0100 (British Summer Time),0.0279,0.0283,0.0516,0
Fri Jun 06 2025 15:00:00 GMT+0100 (British Summer Time),0.0279,0.0283,0.0516,0
Fri Jun 06 2025 16:00:00 GMT+0100 (British Summer Time),0.0279,0.0283,0.0516,0
Fri Jun 06 2025 17:00:00 GMT+0100 (British Summer Time),0.0279,0.0283,0.0516,0
Fri Jun 06 2025 18:00:00 GMT+0100 (British Summer Time),0.0279,0.0283,0.0516,0
Fri Jun 06 2025 19:00:00 GMT+0100 (British Summer Time),0.0279,0.0283,0.0516,0
Fri Jun 06 2025 20:00:00 GMT+0100 (British Summer Time),0.0279,0.0283,0.0516,0
Fri Jun 06 2025 21:00:00 GMT+0100 (British Summer Time),0.0279,0.0283,0.0516,0
Fri Jun 06 2025 22:00:00 GMT+0100 (British Summer Time),0.0279,0.0283,0.0516,0
Fri Jun 06 2025 23:00:00 GMT+0100 (British Summer Time),0.0578,0.0282,0.0516,0
Sat Jun 07 2025 00:00:00 GMT+0100 (British Summer Time),0.0291,0.0282,0.0516,0
Sat Jun 07 2025 01:00:00 GMT+0100 (British Summer Time),0.0291,0.0282,0.0516,0
Sat Jun 07 2025 02:00:00 GMT+0100 (British Summer Time),0.0291,0.0282,0.0516,993.7736119519853
Sat Jun 07 2025 03:00:00 GMT+0100 (British Summer Time),0.0291,0.0282,0.0516,0
Sat Jun 07 2025 04:00:00 GMT+0100 (British Summer Time),0.0291,0.0282,0.0516,0
Sat Jun 07 2025 05:00:00 GMT+0100 (British Summer Time),0.0291,0.0282,0.0516,0
Sat Jun 07 2025 06:00:00 GMT+0100 (British Summer Time),0.0291,0.0282,0.0516,0
Sat Jun 07 2025 07:00:00 GMT+0100 (British Summer Time),0.0291,0.0282,0.0516,0
Sat Jun 07 2025 08:00:00 GMT+0100 (British Summer Time),0.0291,0.0282,0.0516,0
Sat Jun 07 2025 09:00:00 GMT+0100 (British Summer Time),0.0291,0.0282,0.0516,0
Sat Jun 07 2025 10:00:00 GMT+0100 (British Summer Time),0.0291,0.0282,0.0516,0
Sat Jun 07 2025 11:00:00 GMT+0100 (British Summer Time),0.0291,0.0282,0.0516,0
Sat Jun 07 2025 12:00:00 GMT+0100 (British Summer Time),0.0291,0.0282,0.0516,0
Sat Jun 07 2025 13:00:00 GMT+0100 (British Summer Time),0.0291,0.0282,0.0516,0
Sat Jun 07 2025 14:00:00 GMT+0100 (British Summer Time),0.0291,0.0282,0.0516,0
Sat Jun 07 2025 15:00:00 GMT+0100 (British Summer Time),0.0291,0.0282,0.0516,0
Sat Jun 07 2025 16:00:00 GMT+0100 (British Summer Time),0.0291,0.0282,0.0516,0
Sat Jun 07 2025 17:00:00 GMT+0100 (British Summer Time),0.0291,0.0282,0.0516,0
Sat Jun 07 2025 18:00:00 GMT+0100 (British Summer Time),0.0291,0.0282,0.0515,3583.2358969154348
Sat Jun 07 2025 19:00:00 GMT+0100 (British Summer Time),0.0576,0.0323,0.0515,0
Sat Jun 07 2025 20:00:00 GMT+0100 (British Summer Time),0.0576,0.0323,0.0515,0
Sat Jun 07 2025 21:00:00 GMT+0100 (British Summer Time),0.0576,0.0323,0.0515,0
Sat Jun 07 2025 22:00:00 GMT+0100 (British Summer Time),0.0576,0.0323,0.0515,0
Sat Jun 07 2025 23:00:00 GMT+0100 (British Summer Time),0.0277,0.0323,0.0515,0
Sun Jun 08 2025 00:00:00 GMT+0100 (British Summer Time),0.0277,0.028,0.0515,0
Sun Jun 08 2025 01:00:00 GMT+0100 (British Summer Time),0.0277,0.028,0.0515,0
Sun Jun 08 2025 02:00:00 GMT+0100 (British Summer Time),0.0277,0.028,0.0515,0
Sun Jun 08 2025 03:00:00 GMT+0100 (British Summer Time),0.0277,0.028,0.0515,0
Sun Jun 08 2025 04:00:00 GMT+0100 (British Summer Time),0.0277,0.028,0.0515,0
Sun Jun 08 2025 05:00:00 GMT+0100 (British Summer Time),0.0277,0.028,0.0515,0
Sun Jun 08 2025 06:00:00 GMT+0100 (British Summer Time),0.0277,0.028,0.0515,0
Sun Jun 08 2025 07:00:00 GMT+0100 (British Summer Time),0.0277,0.028,0.0515,0
Sun Jun 08 2025 08:00:00 GMT+0100 (British Summer Time),0.0277,0.028,0.0515,0
Sun Jun 08 2025 09:00:00 GMT+0100 (British Summer Time),0.0277,0.028,0.0515,0
Sun Jun 08 2025 10:00:00 GMT+0100 (British Summer Time),0.0277,0.028,0.0515,0
Sun Jun 08 2025 11:00:00 GMT+0100 (British Summer Time),0.0277,0.028,0.0515,0
Sun Jun 08 2025 12:00:00 GMT+0100 (British Summer Time),0.0277,0.028,0.0515,0
Sun Jun 08 2025 13:00:00 GMT+0100 (British Summer Time),0.0277,0.028,0.0515,0
Sun Jun 08 2025 14:00:00 GMT+0100 (British Summer Time),0.0277,0.028,0.0515,0
Sun Jun 08 2025 15:00:00 GMT+0100 (British Summer Time),0.0277,0.028,0.0515,0
Sun Jun 08 2025 16:00:00 GMT+0100 (British Summer Time),0.0277,0.028,0.0515,0
Sun Jun 08 2025 17:00:00 GMT+0100 (British Summer Time),0.0277,0.028,0.0515,0
Sun Jun 08 2025 18:00:00 GMT+0100 (British Summer Time),0.0277,0.028,0.0515,0
Sun Jun 08 2025 19:00:00 GMT+0100 (British Summer Time),0,0.0241,0.0515,0
Sun Jun 08 2025 20:00:00 GMT+0100 (British Summer Time),0,0.0241,0.0515,0
Sun Jun 08 2025 21:00:00 GMT+0100 (British Summer Time),0,0.0241,0.0515,0
Sun Jun 08 2025 22:00:00 GMT+0100 (British Summer Time),0,0.0241,0.0515,0
Sun Jun 08 2025 23:00:00 GMT+0100 (British Summer Time),0,0.0241,0.0515,0
Mon Jun 09 2025 00:00:00 GMT+0100 (British Summer Time),0.0271,0.028,0.0515,0
Mon Jun 09 2025 01:00:00 GMT+0100 (British Summer Time),0.0271,0.028,0.0515,0
Mon Jun 09 2025 02:00:00 GMT+0100 (British Summer Time),0.0271,0.028,0.0515,1238.9018526246036
Mon Jun 09 2025 03:00:00 GMT+0100 (British Summer Time),0.0271,0.028,0.0515,0
Mon Jun 09 2025 04:00:00 GMT+0100 (British Summer Time),0.0271,0.028,0.0515,213.87545593679113
Mon Jun 09 2025 05:00:00 GMT+0100 (British Summer Time),0.0271,0.028,0.0515,0
Mon Jun 09 2025 06:00:00 GMT+0100 (British Summer Time),0.0271,0.028,0.0515,0
Mon Jun 09 2025 07:00:00 GMT+0100 (British Summer Time),0.0271,0.028,0.0515,0
Mon Jun 09 2025 08:00:00 GMT+0100 (British Summer Time),0.0271,0.028,0.0515,0
Mon Jun 09 2025 09:00:00 GMT+0100 (British Summer Time),0.0271,0.028,0.0515,0
Mon Jun 09 2025 10:00:00 GMT+0100 (British Summer Time),0.0271,0.028,0.0515,0
Mon Jun 09 2025 11:00:00 GMT+0100 (British Summer Time),0.0271,0.028,0.0515,0
Mon Jun 09 2025 12:00:00 GMT+0100 (British Summer Time),0.0271,0.028,0.0515,0
Mon Jun 09 2025 13:00:00 GMT+0100 (British Summer Time),0.0271,0.028,0.0515,0
Mon Jun 09 2025 14:00:00 GMT+0100 (British Summer Time),0.0271,0.028,0.0515,0
Mon Jun 09 2025 15:00:00 GMT+0100 (British Summer Time),0.0271,0.028,0.0515,0
Mon Jun 09 2025 16:00:00 GMT+0100 (British Summer Time),0.0271,0.028,0.0515,0
Mon Jun 09 2025 17:00:00 GMT+0100 (British Summer Time),0.0271,0.028,0.0515,0
Mon Jun 09 2025 18:00:00 GMT+0100 (British Summer Time),0.0271,0.028,0.0515,0
Mon Jun 09 2025 19:00:00 GMT+0100 (British Summer Time),0.0271,0.028,0.0515,0
Mon Jun 09 2025 20:00:00 GMT+0100 (British Summer Time),0.0271,0.028,0.0515,0
Mon Jun 09 2025 21:00:00 GMT+0100 (British Summer Time),0.0271,0.028,0.0515,0
Mon Jun 09 2025 22:00:00 GMT+0100 (British Summer Time),0.0271,0.028,0.0515,0
Mon Jun 09 2025 23:00:00 GMT+0100 (British Summer Time),0.0271,0.028,0.0515,0
Tue Jun 10 2025 00:00:00 GMT+0100 (British Summer Time),0.0272,0.0279,0.0515,0
Tue Jun 10 2025 01:00:00 GMT+0100 (British Summer Time),0.0272,0.0279,0.0515,1567.5261360617494
Tue Jun 10 2025 02:00:00 GMT+0100 (British Summer Time),0.0272,0.0279,0.0515,0
Tue Jun 10 2025 03:00:00 GMT+0100 (British Summer Time),0.0272,0.0279,0.0515,0
Tue Jun 10 2025 04:00:00 GMT+0100 (British Summer Time),0.0272,0.0279,0.0515,0
Tue Jun 10 2025 05:00:00 GMT+0100 (British Summer Time),0.0272,0.0279,0.0515,0
Tue Jun 10 2025 06:00:00 GMT+0100 (British Summer Time),0.0272,0.0279,0.0515,0
Tue Jun 10 2025 07:00:00 GMT+0100 (British Summer Time),0.0272,0.0279,0.0515,0
Tue Jun 10 2025 08:00:00 GMT+0100 (British Summer Time),0.0272,0.0279,0.0515,0
Tue Jun 10 2025 09:00:00 GMT+0100 (British Summer Time),0.0272,0.0279,0.0515,0
Tue Jun 10 2025 10:00:00 GMT+0100 (British Summer Time),0.0272,0.0279,0.0515,0
Tue Jun 10 2025 11:00:00 GMT+0100 (British Summer Time),0.0272,0.0279,0.0515,0
Tue Jun 10 2025 12:00:00 GMT+0100 (British Summer Time),0.0272,0.0279,0.0515,0
Tue Jun 10 2025 13:00:00 GMT+0100 (British Summer Time),0.0272,0.0279,0.0515,0
Tue Jun 10 2025 14:00:00 GMT+0100 (British Summer Time),0.0272,0.0279,0.0515,0
Tue Jun 10 2025 15:00:00 GMT+0100 (British Summer Time),0.0272,0.0279,0.0515,0
Tue Jun 10 2025 16:00:00 GMT+0100 (British Summer Time),0.0272,0.0279,0.0515,0
Tue Jun 10 2025 17:00:00 GMT+0100 (British Summer Time),0.0272,0.0279,0.0515,0
Tue Jun 10 2025 18:00:00 GMT+0100 (British Summer Time),0.0272,0.0279,0.0515,0
Tue Jun 10 2025 19:00:00 GMT+0100 (British Summer Time),0.0272,0.0279,0.0515,0
Tue Jun 10 2025 20:00:00 GMT+0100 (British Summer Time),0.0272,0.0279,0.053,92056.26662122915
Tue Jun 10 2025 21:00:00 GMT+0100 (British Summer Time),0.0272,0.0279,0.053,0
Tue Jun 10 2025 22:00:00 GMT+0100 (British Summer Time),0.0272,0.0279,0.053,37.1474913476959
Tue Jun 10 2025 23:00:00 GMT+0100 (British Summer Time),0.0272,0.0279,0.053,0
Wed Jun 11 2025 00:00:00 GMT+0100 (British Summer Time),0.0286,0.028,0.053,0
Wed Jun 11 2025 01:00:00 GMT+0100 (British Summer Time),0.0286,0.028,0.053,0
Wed Jun 11 2025 02:00:00 GMT+0100 (British Summer Time),0.0286,0.028,0.053,0
Wed Jun 11 2025 03:00:00 GMT+0100 (British Summer Time),0.0286,0.028,0.053,0
Wed Jun 11 2025 04:00:00 GMT+0100 (British Summer Time),0.0286,0.028,0.053,0
Wed Jun 11 2025 05:00:00 GMT+0100 (British Summer Time),0.0286,0.028,0.053,0
Wed Jun 11 2025 06:00:00 GMT+0100 (British Summer Time),0.0286,0.028,0.053,0
Wed Jun 11 2025 07:00:00 GMT+0100 (British Summer Time),0.0286,0.028,0.053,0
Wed Jun 11 2025 08:00:00 GMT+0100 (British Summer Time),0.0286,0.028,0.053,0
Wed Jun 11 2025 09:00:00 GMT+0100 (British Summer Time),0.0286,0.028,0.053,0
Wed Jun 11 2025 10:00:00 GMT+0100 (British Summer Time),0.0286,0.028,0.053,0
Wed Jun 11 2025 11:00:00 GMT+0100 (British Summer Time),0.0286,0.028,0.053,0
Wed Jun 11 2025 12:00:00 GMT+0100 (British Summer Time),0.0286,0.028,0.053,0
Wed Jun 11 2025 13:00:00 GMT+0100 (British Summer Time),0.0286,0.028,0.053,0
Wed Jun 11 2025 14:00:00 GMT+0100 (British Summer Time),0.0286,0.028,0.053,0
Wed Jun 11 2025 15:00:00 GMT+0100 (British Summer Time),0.0286,0.028,0.053,5660.039997684096
Wed Jun 11 2025 16:00:00 GMT+0100 (British Summer Time),0.0286,0.028,0.053,0
Wed Jun 11 2025 17:00:00 GMT+0100 (British Summer Time),0.0286,0.028,0.053,0
Wed Jun 11 2025 18:00:00 GMT+0100 (British Summer Time),0.0286,0.028,0.053,0
Wed Jun 11 2025 19:00:00 GMT+0100 (British Summer Time),0.0286,0.028,0.053,0
Wed Jun 11 2025 20:00:00 GMT+0100 (British Summer Time),0.0286,0.028,0.053,0
Wed Jun 11 2025 21:00:00 GMT+0100 (British Summer Time),0.0286,0.028,0.053,0
Wed Jun 11 2025 22:00:00 GMT+0100 (British Summer Time),0.0286,0.028,0.053,0
Wed Jun 11 2025 23:00:00 GMT+0100 (British Summer Time),0.0577,0.0321,0.053,0
Thu Jun 12 2025 00:00:00 GMT+0100 (British Summer Time),0.0283,0.028,0.053,0
Thu Jun 12 2025 01:00:00 GMT+0100 (British Summer Time),0.0283,0.028,0.053,0
Thu Jun 12 2025 02:00:00 GMT+0100 (British Summer Time),0.0283,0.028,0.053,0
Thu Jun 12 2025 03:00:00 GMT+0100 (British Summer Time),0.0283,0.028,0.053,0
Thu Jun 12 2025 04:00:00 GMT+0100 (British Summer Time),0.0283,0.028,0.053,0
Thu Jun 12 2025 05:00:00 GMT+0100 (British Summer Time),0.0283,0.028,0.053,0
Thu Jun 12 2025 06:00:00 GMT+0100 (British Summer Time),0.0283,0.028,0.053,0
Thu Jun 12 2025 07:00:00 GMT+0100 (British Summer Time),0.0283,0.028,0.053,0
Thu Jun 12 2025 08:00:00 GMT+0100 (British Summer Time),0.0283,0.028,0.053,0
Thu Jun 12 2025 09:00:00 GMT+0100 (British Summer Time),0.0283,0.028,0.053,0
Thu Jun 12 2025 10:00:00 GMT+0100 (British Summer Time),0.0283,0.028,0.053,0
Thu Jun 12 2025 11:00:00 GMT+0100 (British Summer Time),0.0283,0.028,0.053,0
Thu Jun 12 2025 12:00:00 GMT+0100 (British Summer Time),0.0283,0.028,0.0533,18453.66552343709
Thu Jun 12 2025 13:00:00 GMT+0100 (British Summer Time),0.0283,0.028,0.0533,0
Thu Jun 12 2025 14:00:00 GMT+0100 (British Summer Time),0.0283,0.028,0.0533,0
Thu Jun 12 2025 15:00:00 GMT+0100 (British Summer Time),0.0283,0.028,0.0533,0
Thu Jun 12 2025 16:00:00 GMT+0100 (British Summer Time),0.0283,0.028,0.0533,0
Thu Jun 12 2025 17:00:00 GMT+0100 (British Summer Time),0.0283,0.028,0.0533,0
Thu Jun 12 2025 18:00:00 GMT+0100 (British Summer Time),0.0283,0.028,0.0533,0
Thu Jun 12 2025 19:00:00 GMT+0100 (British Summer Time),0.0283,0.028,0.0533,0
Thu Jun 12 2025 20:00:00 GMT+0100 (British Summer Time),0.0576,0.0321,0.0533,0
Thu Jun 12 2025 21:00:00 GMT+0100 (British Summer Time),0.0576,0.0321,0.0533,0
Thu Jun 12 2025 22:00:00 GMT+0100 (British Summer Time),0.0576,0.0321,0.0533,0
Thu Jun 12 2025 23:00:00 GMT+0100 (British Summer Time),0.0286,0.0321,0.0533,8.200992707968409
Fri Jun 13 2025 00:00:00 GMT+0100 (British Summer Time),0.0286,0.0281,0.0533,0
Fri Jun 13 2025 01:00:00 GMT+0100 (British Summer Time),0.0286,0.0281,0.0533,0
Fri Jun 13 2025 02:00:00 GMT+0100 (British Summer Time),0.0286,0.0281,0.0533,0
Fri Jun 13 2025 03:00:00 GMT+0100 (British Summer Time),0.0286,0.0281,0.0533,0
Fri Jun 13 2025 04:00:00 GMT+0100 (British Summer Time),0.0286,0.0281,0.0533,0
Fri Jun 13 2025 05:00:00 GMT+0100 (British Summer Time),0.0286,0.0281,0.0533,0
Fri Jun 13 2025 06:00:00 GMT+0100 (British Summer Time),0.0286,0.0281,0.0533,0
Fri Jun 13 2025 07:00:00 GMT+0100 (British Summer Time),0.0286,0.0281,0.0533,0
Fri Jun 13 2025 08:00:00 GMT+0100 (British Summer Time),0.0286,0.0281,0.0533,0
Fri Jun 13 2025 09:00:00 GMT+0100 (British Summer Time),0.0286,0.0281,0.0533,0
Fri Jun 13 2025 10:00:00 GMT+0100 (British Summer Time),0.0286,0.0281,0.0533,0
Fri Jun 13 2025 11:00:00 GMT+0100 (British Summer Time),0.0286,0.0281,0.0533,0
Fri Jun 13 2025 12:00:00 GMT+0100 (British Summer Time),0.0286,0.0281,0.0533,0
Fri Jun 13 2025 13:00:00 GMT+0100 (British Summer Time),0.0286,0.0281,0.0533,0
Fri Jun 13 2025 14:00:00 GMT+0100 (British Summer Time),0.0286,0.0281,0.0533,0
Fri Jun 13 2025 15:00:00 GMT+0100 (British Summer Time),0.0286,0.0281,0.0533,48.410528599302694
Fri Jun 13 2025 16:00:00 GMT+0100 (British Summer Time),0.0286,0.0281,0.0533,0
Fri Jun 13 2025 17:00:00 GMT+0100 (British Summer Time),0.0286,0.0281,0.0533,0
Fri Jun 13 2025 18:00:00 GMT+0100 (British Summer Time),0.0286,0.0281,0.0533,0
Fri Jun 13 2025 19:00:00 GMT+0100 (British Summer Time),0.0286,0.0281,0.0533,0
Fri Jun 13 2025 20:00:00 GMT+0100 (British Summer Time),0,0.0281,0.0533,0
Fri Jun 13 2025 21:00:00 GMT+0100 (British Summer Time),0,0.0281,0.0533,0
Fri Jun 13 2025 22:00:00 GMT+0100 (British Summer Time),0,0.0281,0.0533,0
Fri Jun 13 2025 23:00:00 GMT+0100 (British Summer Time),0,0.0239,0.0533,0
Sat Jun 14 2025 00:00:00 GMT+0100 (British Summer Time),0.0292,0.0281,0.0533,0
Sat Jun 14 2025 01:00:00 GMT+0100 (British Summer Time),0.0292,0.0281,0.0533,0
Sat Jun 14 2025 02:00:00 GMT+0100 (British Summer Time),0.0292,0.0281,0.0533,0
Sat Jun 14 2025 03:00:00 GMT+0100 (British Summer Time),0.0292,0.0281,0.0533,0
Sat Jun 14 2025 04:00:00 GMT+0100 (British Summer Time),0.0292,0.0281,0.0533,0
Sat Jun 14 2025 05:00:00 GMT+0100 (British Summer Time),0.0292,0.0281,0.0533,0
Sat Jun 14 2025 06:00:00 GMT+0100 (British Summer Time),0.0292,0.0281,0.0533,0
Sat Jun 14 2025 07:00:00 GMT+0100 (British Summer Time),0.0292,0.0281,0.0533,0
Sat Jun 14 2025 08:00:00 GMT+0100 (British Summer Time),0.0292,0.0281,0.0533,0
Sat Jun 14 2025 09:00:00 GMT+0100 (British Summer Time),0.0292,0.0281,0.0533,0
Sat Jun 14 2025 10:00:00 GMT+0100 (British Summer Time),0.0292,0.0281,0.0533,0
Sat Jun 14 2025 11:00:00 GMT+0100 (British Summer Time),0.0292,0.0281,0.0533,0
Sat Jun 14 2025 12:00:00 GMT+0100 (British Summer Time),0.0292,0.0281,0.0533,0
Sat Jun 14 2025 13:00:00 GMT+0100 (British Summer Time),0.0292,0.0281,0.0533,0
Sat Jun 14 2025 14:00:00 GMT+0100 (British Summer Time),0.0292,0.0281,0.0533,0
Sat Jun 14 2025 15:00:00 GMT+0100 (British Summer Time),0.0292,0.0281,0.0533,0
Sat Jun 14 2025 16:00:00 GMT+0100 (British Summer Time),0.0292,0.0281,0.0533,4.279656840706785
Sat Jun 14 2025 17:00:00 GMT+0100 (British Summer Time),0.0292,0.0281,0.0533,0
Sat Jun 14 2025 18:00:00 GMT+0100 (British Summer Time),0.0292,0.0281,0.0533,0
Sat Jun 14 2025 19:00:00 GMT+0100 (British Summer Time),0.0292,0.0241,0.0533,0
Sat Jun 14 2025 20:00:00 GMT+0100 (British Summer Time),0.0292,0.0241,0.0533,0
Sat Jun 14 2025 21:00:00 GMT+0100 (British Summer Time),0.0292,0.0241,0.0533,0
Sat Jun 14 2025 22:00:00 GMT+0100 (British Summer Time),0.0567,0.0279,0.0533,0
Sat Jun 14 2025 23:00:00 GMT+0100 (British Summer Time),0.0567,0.0279,0.0533,0
Sun Jun 15 2025 00:00:00 GMT+0100 (British Summer Time),0.0267,0.0279,0.0533,0
Sun Jun 15 2025 01:00:00 GMT+0100 (British Summer Time),0.0267,0.0279,0.0533,0
Sun Jun 15 2025 02:00:00 GMT+0100 (British Summer Time),0.0267,0.0279,0.0533,50.504458555324
Sun Jun 15 2025 03:00:00 GMT+0100 (British Summer Time),0.0267,0.0279,0.0533,0
Sun Jun 15 2025 04:00:00 GMT+0100 (British Summer Time),0.0267,0.0279,0.0533,0
Sun Jun 15 2025 05:00:00 GMT+0100 (British Summer Time),0.0267,0.0279,0.0533,0
Sun Jun 15 2025 06:00:00 GMT+0100 (British Summer Time),0.0267,0.0279,0.0533,0
Sun Jun 15 2025 07:00:00 GMT+0100 (British Summer Time),0.0267,0.0279,0.0535,12242.558301305513
Sun Jun 15 2025 08:00:00 GMT+0100 (British Summer Time),0.0267,0.0279,0.0535,0
Sun Jun 15 2025 09:00:00 GMT+0100 (British Summer Time),0.0267,0.0279,0.0535,0
Sun Jun 15 2025 10:00:00 GMT+0100 (British Summer Time),0.0267,0.0279,0.0535,0
Sun Jun 15 2025 11:00:00 GMT+0100 (British Summer Time),0.0267,0.0279,0.0535,0
Sun Jun 15 2025 12:00:00 GMT+0100 (British Summer Time),0.0267,0.0279,0.0535,0
Sun Jun 15 2025 13:00:00 GMT+0100 (British Summer Time),0.0267,0.0279,0.0535,0
Sun Jun 15 2025 14:00:00 GMT+0100 (British Summer Time),0.0267,0.0279,0.0535,0
Sun Jun 15 2025 15:00:00 GMT+0100 (British Summer Time),0.0267,0.0279,0.0535,0
Sun Jun 15 2025 16:00:00 GMT+0100 (British Summer Time),0.0267,0.0279,0.0535,0
Sun Jun 15 2025 17:00:00 GMT+0100 (British Summer Time),0.0267,0.0279,0.0535,0
Sun Jun 15 2025 18:00:00 GMT+0100 (British Summer Time),0.0267,0.0279,0.0535,0
Sun Jun 15 2025 19:00:00 GMT+0100 (British Summer Time),0.0267,0.0279,0.0535,0
Sun Jun 15 2025 20:00:00 GMT+0100 (British Summer Time),0.0267,0.0279,0.0536,6489.214643190768
Sun Jun 15 2025 21:00:00 GMT+0100 (British Summer Time),0.0267,0.0279,0.0536,0
Sun Jun 15 2025 22:00:00 GMT+0100 (British Summer Time),0,0.0279,0.0536,0
Sun Jun 15 2025 23:00:00 GMT+0100 (British Summer Time),0,0.0279,0.0536,0
Mon Jun 16 2025 00:00:00 GMT+0100 (British Summer Time),0.0258,0.0278,0.0536,0
Mon Jun 16 2025 01:00:00 GMT+0100 (British Summer Time),0.0258,0.0278,0.0536,0
Mon Jun 16 2025 02:00:00 GMT+0100 (British Summer Time),0.0258,0.0278,0.053,37918.903988143655
Mon Jun 16 2025 03:00:00 GMT+0100 (British Summer Time),0.0258,0.0278,0.053,0
Mon Jun 16 2025 04:00:00 GMT+0100 (British Summer Time),0.0258,0.0278,0.053,0
Mon Jun 16 2025 05:00:00 GMT+0100 (British Summer Time),0.0258,0.0278,0.053,0
Mon Jun 16 2025 06:00:00 GMT+0100 (British Summer Time),0.0258,0.0278,0.053,0
Mon Jun 16 2025 07:00:00 GMT+0100 (British Summer Time),0.0258,0.0278,0.053,0
Mon Jun 16 2025 08:00:00 GMT+0100 (British Summer Time),0.0258,0.0278,0.053,0
Mon Jun 16 2025 09:00:00 GMT+0100 (British Summer Time),0.0258,0.0278,0.053,0
Mon Jun 16 2025 10:00:00 GMT+0100 (British Summer Time),0.0258,0.0278,0.053,0
Mon Jun 16 2025 11:00:00 GMT+0100 (British Summer Time),0.0258,0.0278,0.053,0
Mon Jun 16 2025 12:00:00 GMT+0100 (British Summer Time),0.0258,0.0278,0.053,0
Mon Jun 16 2025 13:00:00 GMT+0100 (British Summer Time),0.0258,0.0278,0.053,0
Mon Jun 16 2025 14:00:00 GMT+0100 (British Summer Time),0.0258,0.0278,0.053,0
Mon Jun 16 2025 15:00:00 GMT+0100 (British Summer Time),0.0258,0.0278,0.053,0
Mon Jun 16 2025 16:00:00 GMT+0100 (British Summer Time),0.0258,0.0278,0.053,0
Mon Jun 16 2025 17:00:00 GMT+0100 (British Summer Time),0.0258,0.0278,0.053,0
Mon Jun 16 2025 18:00:00 GMT+0100 (British Summer Time),0.0258,0.0278,0.053,0
Mon Jun 16 2025 19:00:00 GMT+0100 (British Summer Time),0.0258,0.0278,0.053,0
Mon Jun 16 2025 20:00:00 GMT+0100 (British Summer Time),0.0258,0.0278,0.053,0
Mon Jun 16 2025 21:00:00 GMT+0100 (British Summer Time),0.0258,0.0278,0.053,0
Mon Jun 16 2025 22:00:00 GMT+0100 (British Summer Time),0.0258,0.0278,0.053,0
Mon Jun 16 2025 23:00:00 GMT+0100 (British Summer Time),0.0258,0.0278,0.053,0
Tue Jun 17 2025 00:00:00 GMT+0100 (British Summer Time),0.0267,0.0277,0.053,0
Tue Jun 17 2025 01:00:00 GMT+0100 (British Summer Time),0.0267,0.0277,0.053,0
Tue Jun 17 2025 02:00:00 GMT+0100 (British Summer Time),0.0267,0.0277,0.0551,129579.16718992978
Tue Jun 17 2025 03:00:00 GMT+0100 (British Summer Time),0.0267,0.0277,0.0551,0
Tue Jun 17 2025 04:00:00 GMT+0100 (British Summer Time),0.0267,0.0277,0.0551,0
Tue Jun 17 2025 05:00:00 GMT+0100 (British Summer Time),0.0267,0.0277,0.0551,0
Tue Jun 17 2025 06:00:00 GMT+0100 (British Summer Time),0.0267,0.0277,0.0551,0
Tue Jun 17 2025 07:00:00 GMT+0100 (British Summer Time),0.0267,0.0277,0.0552,9323.908472648774
Tue Jun 17 2025 08:00:00 GMT+0100 (British Summer Time),0.0267,0.0277,0.0552,0
Tue Jun 17 2025 09:00:00 GMT+0100 (British Summer Time),0.0267,0.0277,0.0552,0
Tue Jun 17 2025 10:00:00 GMT+0100 (British Summer Time),0.0267,0.0277,0.0552,0
Tue Jun 17 2025 11:00:00 GMT+0100 (British Summer Time),0.0267,0.0277,0.0552,0
Tue Jun 17 2025 12:00:00 GMT+0100 (British Summer Time),0.0267,0.0277,0.0552,0
Tue Jun 17 2025 13:00:00 GMT+0100 (British Summer Time),0.0267,0.0277,0.0552,0
Tue Jun 17 2025 14:00:00 GMT+0100 (British Summer Time),0.0267,0.0277,0.0552,0
Tue Jun 17 2025 15:00:00 GMT+0100 (British Summer Time),0.0267,0.0277,0.0552,0
Tue Jun 17 2025 16:00:00 GMT+0100 (British Summer Time),0.0267,0.0277,0.0552,0
Tue Jun 17 2025 17:00:00 GMT+0100 (British Summer Time),0.0267,0.0277,0.0552,0
Tue Jun 17 2025 18:00:00 GMT+0100 (British Summer Time),0.0267,0.0277,0.0552,0
Tue Jun 17 2025 19:00:00 GMT+0100 (British Summer Time),0.0267,0.0277,0.0552,0
Tue Jun 17 2025 20:00:00 GMT+0100 (British Summer Time),0.0267,0.0277,0.0552,0
Tue Jun 17 2025 21:00:00 GMT+0100 (British Summer Time),0.0267,0.0277,0.0552,0
Tue Jun 17 2025 22:00:00 GMT+0100 (British Summer Time),0.0267,0.0277,0.0552,0
Tue Jun 17 2025 23:00:00 GMT+0100 (British Summer Time),0.0267,0.0277,0.0552,0
Wed Jun 18 2025 00:00:00 GMT+0100 (British Summer Time),0.028,0.0276,0.0554,10373.283573274028
Wed Jun 18 2025 01:00:00 GMT+0100 (British Summer Time),0.028,0.0276,0.0554,0
Wed Jun 18 2025 02:00:00 GMT+0100 (British Summer Time),0.028,0.0276,0.0554,0
Wed Jun 18 2025 03:00:00 GMT+0100 (British Summer Time),0.028,0.0276,0.0554,0
Wed Jun 18 2025 04:00:00 GMT+0100 (British Summer Time),0.028,0.0276,0.0554,0
Wed Jun 18 2025 05:00:00 GMT+0100 (British Summer Time),0.028,0.0276,0.0554,0
Wed Jun 18 2025 06:00:00 GMT+0100 (British Summer Time),0.028,0.0276,0.0554,0
Wed Jun 18 2025 07:00:00 GMT+0100 (British Summer Time),0.028,0.0276,0.0554,0
Wed Jun 18 2025 08:00:00 GMT+0100 (British Summer Time),0.028,0.0276,0.0554,0
Wed Jun 18 2025 09:00:00 GMT+0100 (British Summer Time),0.028,0.0276,0.0554,0
Wed Jun 18 2025 10:00:00 GMT+0100 (British Summer Time),0.028,0.0276,0.0554,0
Wed Jun 18 2025 11:00:00 GMT+0100 (British Summer Time),0.028,0.0276,0.0554,0
Wed Jun 18 2025 12:00:00 GMT+0100 (British Summer Time),0.028,0.0276,0.0554,235.75668774091247
Wed Jun 18 2025 13:00:00 GMT+0100 (British Summer Time),0.028,0.0276,0.0554,0
Wed Jun 18 2025 14:00:00 GMT+0100 (British Summer Time),0.028,0.0276,0.0554,0
Wed Jun 18 2025 15:00:00 GMT+0100 (British Summer Time),0.028,0.0276,0.0554,0
Wed Jun 18 2025 16:00:00 GMT+0100 (British Summer Time),0.028,0.0276,0.0554,0
Wed Jun 18 2025 17:00:00 GMT+0100 (British Summer Time),0.028,0.0276,0.0554,0
Wed Jun 18 2025 18:00:00 GMT+0100 (British Summer Time),0.028,0.0276,0.0554,0
Wed Jun 18 2025 19:00:00 GMT+0100 (British Summer Time),0.028,0.0276,0.0554,0
Wed Jun 18 2025 20:00:00 GMT+0100 (British Summer Time),0.028,0.0276,0.0554,0
Wed Jun 18 2025 21:00:00 GMT+0100 (British Summer Time),0.028,0.0276,0.0554,0
Wed Jun 18 2025 22:00:00 GMT+0100 (British Summer Time),0.028,0.0276,0.0554,0
Wed Jun 18 2025 23:00:00 GMT+0100 (British Summer Time),0.028,0.0235,0.0554,0
Thu Jun 19 2025 00:00:00 GMT+0100 (British Summer Time),0.027,0.0274,0.0554,0
Thu Jun 19 2025 01:00:00 GMT+0100 (British Summer Time),0.027,0.0274,0.0555,4630.777541946406
Thu Jun 19 2025 02:00:00 GMT+0100 (British Summer Time),0.027,0.0274,0.0552,15911.632773609945
Thu Jun 19 2025 03:00:00 GMT+0100 (British Summer Time),0.027,0.0274,0.0553,0
Thu Jun 19 2025 04:00:00 GMT+0100 (British Summer Time),0.027,0.0274,0.0553,0
Thu Jun 19 2025 05:00:00 GMT+0100 (British Summer Time),0.027,0.0274,0.0553,0
Thu Jun 19 2025 06:00:00 GMT+0100 (British Summer Time),0.027,0.0274,0.0553,0
Thu Jun 19 2025 07:00:00 GMT+0100 (British Summer Time),0.027,0.0274,0.0553,0.046311940490261334
Thu Jun 19 2025 08:00:00 GMT+0100 (British Summer Time),0.027,0.0274,0.0553,0
Thu Jun 19 2025 09:00:00 GMT+0100 (British Summer Time),0.027,0.0274,0.0553,0
Thu Jun 19 2025 10:00:00 GMT+0100 (British Summer Time),0.027,0.0274,0.0553,0
Thu Jun 19 2025 11:00:00 GMT+0100 (British Summer Time),0.027,0.0274,0.0553,0
Thu Jun 19 2025 12:00:00 GMT+0100 (British Summer Time),0.027,0.0274,0.0553,0
Thu Jun 19 2025 13:00:00 GMT+0100 (British Summer Time),0.027,0.0274,0.0553,31.477629312465666
Thu Jun 19 2025 14:00:00 GMT+0100 (British Summer Time),0.027,0.0274,0.0553,0
Thu Jun 19 2025 15:00:00 GMT+0100 (British Summer Time),0.027,0.0274,0.0553,0
Thu Jun 19 2025 16:00:00 GMT+0100 (British Summer Time),0.027,0.0274,0.0553,0
Thu Jun 19 2025 17:00:00 GMT+0100 (British Summer Time),0.027,0.0274,0.0553,0
Thu Jun 19 2025 18:00:00 GMT+0100 (British Summer Time),0.027,0.0274,0.0553,0
Thu Jun 19 2025 19:00:00 GMT+0100 (British Summer Time),0.027,0.0274,0.0553,0
Thu Jun 19 2025 20:00:00 GMT+0100 (British Summer Time),0.027,0.0233,0.0553,0
Thu Jun 19 2025 21:00:00 GMT+0100 (British Summer Time),0.027,0.0233,0.0553,0
Thu Jun 19 2025 22:00:00 GMT+0100 (British Summer Time),0.0556,0.0273,0.0553,0
Thu Jun 19 2025 23:00:00 GMT+0100 (British Summer Time),0.0556,0.0273,0.057,110933.74841104275
Fri Jun 20 2025 00:00:00 GMT+0100 (British Summer Time),0.0278,0.0273,0.057,0
Fri Jun 20 2025 01:00:00 GMT+0100 (British Summer Time),0.0278,0.0273,0.0571,4084.154721292452
Fri Jun 20 2025 02:00:00 GMT+0100 (British Summer Time),0.0278,0.0273,0.0571,2982.153476076157
Fri Jun 20 2025 03:00:00 GMT+0100 (British Summer Time),0.0278,0.0273,0.0571,0
Fri Jun 20 2025 04:00:00 GMT+0100 (British Summer Time),0.0278,0.0273,0.0571,1000.4426514718123
Fri Jun 20 2025 05:00:00 GMT+0100 (British Summer Time),0.0278,0.0273,0.0577,39345.194162297965
Fri Jun 20 2025 06:00:00 GMT+0100 (British Summer Time),0.0278,0.0273,0.0577,0
Fri Jun 20 2025 07:00:00 GMT+0100 (British Summer Time),0.0278,0.0273,0.0577,0
Fri Jun 20 2025 08:00:00 GMT+0100 (British Summer Time),0.0278,0.0273,0.0577,0
Fri Jun 20 2025 09:00:00 GMT+0100 (British Summer Time),0.0278,0.0273,0.0577,0
Fri Jun 20 2025 10:00:00 GMT+0100 (British Summer Time),0.0278,0.0273,0.0577,0
Fri Jun 20 2025 11:00:00 GMT+0100 (British Summer Time),0.0278,0.0273,0.0578,5861.008543654694
Fri Jun 20 2025 12:00:00 GMT+0100 (British Summer Time),0.0278,0.0273,0.0578,0
Fri Jun 20 2025 13:00:00 GMT+0100 (British Summer Time),0.0278,0.0273,0.0578,0
Fri Jun 20 2025 14:00:00 GMT+0100 (British Summer Time),0.0278,0.0273,0.0578,0
Fri Jun 20 2025 15:00:00 GMT+0100 (British Summer Time),0.0278,0.0273,0.0578,0
Fri Jun 20 2025 16:00:00 GMT+0100 (British Summer Time),0.0278,0.0273,0.0578,0
Fri Jun 20 2025 17:00:00 GMT+0100 (British Summer Time),0.0278,0.0273,0.0578,0
Fri Jun 20 2025 18:00:00 GMT+0100 (British Summer Time),0.0278,0.0273,0.0578,0
Fri Jun 20 2025 19:00:00 GMT+0100 (British Summer Time),0.0278,0.0273,0.0578,0
Fri Jun 20 2025 20:00:00 GMT+0100 (British Summer Time),0.0278,0.0273,0.0578,0
Fri Jun 20 2025 21:00:00 GMT+0100 (British Summer Time),0.0278,0.0273,0.0578,0
Fri Jun 20 2025 22:00:00 GMT+0100 (British Summer Time),0,0.0273,0.0578,0
Fri Jun 20 2025 23:00:00 GMT+0100 (British Summer Time),0.0271,0.0312,0.0578,0
Sat Jun 21 2025 00:00:00 GMT+0100 (British Summer Time),0.0271,0.027,0.0578,0
Sat Jun 21 2025 01:00:00 GMT+0100 (British Summer Time),0.0271,0.027,0.0578,0
Sat Jun 21 2025 02:00:00 GMT+0100 (British Summer Time),0.0271,0.027,0.0578,0
Sat Jun 21 2025 03:00:00 GMT+0100 (British Summer Time),0.0271,0.027,0.0578,0
Sat Jun 21 2025 04:00:00 GMT+0100 (British Summer Time),0.0271,0.027,0.0578,0
Sat Jun 21 2025 05:00:00 GMT+0100 (British Summer Time),0.0271,0.027,0.0578,0
Sat Jun 21 2025 06:00:00 GMT+0100 (British Summer Time),0.0271,0.027,0.0578,0
Sat Jun 21 2025 07:00:00 GMT+0100 (British Summer Time),0.0271,0.027,0.0578,0
Sat Jun 21 2025 08:00:00 GMT+0100 (British Summer Time),0.0271,0.027,0.0578,0
Sat Jun 21 2025 09:00:00 GMT+0100 (British Summer Time),0.0271,0.027,0.0578,0
Sat Jun 21 2025 10:00:00 GMT+0100 (British Summer Time),0.0271,0.027,0.0578,0
Sat Jun 21 2025 11:00:00 GMT+0100 (British Summer Time),0.0271,0.027,0.0578,0
Sat Jun 21 2025 12:00:00 GMT+0100 (British Summer Time),0.0271,0.027,0.0578,0
Sat Jun 21 2025 13:00:00 GMT+0100 (British Summer Time),0.0271,0.027,0.0578,0
Sat Jun 21 2025 14:00:00 GMT+0100 (British Summer Time),0.0271,0.027,0.0578,0
Sat Jun 21 2025 15:00:00 GMT+0100 (British Summer Time),0.0271,0.027,0.0578,0
Sat Jun 21 2025 16:00:00 GMT+0100 (British Summer Time),0.0271,0.027,0.0578,0
Sat Jun 21 2025 17:00:00 GMT+0100 (British Summer Time),0.0271,0.027,0.0584,35631.710628569635
Sat Jun 21 2025 18:00:00 GMT+0100 (British Summer Time),0.0271,0.027,0.0584,0
Sat Jun 21 2025 19:00:00 GMT+0100 (British Summer Time),0.0271,0.027,0.0584,529.1270020291585
Sat Jun 21 2025 20:00:00 GMT+0100 (British Summer Time),0.0271,0.027,0.0584,0
Sat Jun 21 2025 21:00:00 GMT+0100 (British Summer Time),0.0271,0.027,0.0584,0
Sat Jun 21 2025 22:00:00 GMT+0100 (British Summer Time),0.0271,0.0231,0.0584,0
Sat Jun 21 2025 23:00:00 GMT+0100 (British Summer Time),0,0.0231,0.0602,107313.59579136655
Sun Jun 22 2025 00:00:00 GMT+0100 (British Summer Time),0.0273,0.0271,0.0602,0
Sun Jun 22 2025 01:00:00 GMT+0100 (British Summer Time),0.0273,0.0271,0.0603,10929.221547838597
Sun Jun 22 2025 02:00:00 GMT+0100 (British Summer Time),0.0273,0.0271,0.0603,0
Sun Jun 22 2025 03:00:00 GMT+0100 (British Summer Time),0.0273,0.0271,0.0603,0
Sun Jun 22 2025 04:00:00 GMT+0100 (British Summer Time),0.0273,0.0271,0.0603,0
Sun Jun 22 2025 05:00:00 GMT+0100 (British Summer Time),0.0273,0.0271,0.0604,1285.3902954280657
Sun Jun 22 2025 06:00:00 GMT+0100 (British Summer Time),0.0273,0.0271,0.0604,257.71157462001713
Sun Jun 22 2025 07:00:00 GMT+0100 (British Summer Time),0.0273,0.0271,0.0604,0
Sun Jun 22 2025 08:00:00 GMT+0100 (British Summer Time),0.0273,0.0271,0.0605,8335.176313648559
Sun Jun 22 2025 09:00:00 GMT+0100 (British Summer Time),0.0273,0.0271,0.0611,36447.03257371305
Sun Jun 22 2025 10:00:00 GMT+0100 (British Summer Time),0.0273,0.0271,0.0611,0
Sun Jun 22 2025 11:00:00 GMT+0100 (British Summer Time),0.0273,0.0271,0.0611,0
Sun Jun 22 2025 12:00:00 GMT+0100 (British Summer Time),0.0273,0.0271,0.0611,0
Sun Jun 22 2025 13:00:00 GMT+0100 (British Summer Time),0.0273,0.0271,0.0611,0
Sun Jun 22 2025 14:00:00 GMT+0100 (British Summer Time),0.0273,0.0271,0.0611,0
Sun Jun 22 2025 15:00:00 GMT+0100 (British Summer Time),0.0273,0.0271,0.0611,0
Sun Jun 22 2025 16:00:00 GMT+0100 (British Summer Time),0.0273,0.0271,0.0611,0
Sun Jun 22 2025 17:00:00 GMT+0100 (British Summer Time),0.0273,0.0271,0.0611,532.6574845361984
Sun Jun 22 2025 18:00:00 GMT+0100 (British Summer Time),0.0273,0.0271,0.0611,0
Sun Jun 22 2025 19:00:00 GMT+0100 (British Summer Time),0.0273,0.0271,0.0611,0
Sun Jun 22 2025 20:00:00 GMT+0100 (British Summer Time),0.0273,0.0271,0.0611,0
Sun Jun 22 2025 21:00:00 GMT+0100 (British Summer Time),0.0273,0.0271,0.0611,0
Sun Jun 22 2025 22:00:00 GMT+0100 (British Summer Time),0.0273,0.0271,0.0611,0
Sun Jun 22 2025 23:00:00 GMT+0100 (British Summer Time),0.0273,0.0271,0.0611,0
Mon Jun 23 2025 00:00:00 GMT+0100 (British Summer Time),0.0301,0.0277,0.0611,0
Mon Jun 23 2025 01:00:00 GMT+0100 (British Summer Time),0.0301,0.0277,0.0611,0
Mon Jun 23 2025 02:00:00 GMT+0100 (British Summer Time),0.0301,0.0277,0.0611,0
Mon Jun 23 2025 03:00:00 GMT+0100 (British Summer Time),0.0301,0.0277,0.0611,0
Mon Jun 23 2025 04:00:00 GMT+0100 (British Summer Time),0.0301,0.0277,0.0611,0
Mon Jun 23 2025 05:00:00 GMT+0100 (British Summer Time),0.0301,0.0277,0.0613,14317.287914370125
Mon Jun 23 2025 06:00:00 GMT+0100 (British Summer Time),0.0301,0.0277,0.0613,0
Mon Jun 23 2025 07:00:00 GMT+0100 (British Summer Time),0.0301,0.0277,0.0613,0
Mon Jun 23 2025 08:00:00 GMT+0100 (British Summer Time),0.0301,0.0277,0.0614,1949.0024820765275
Mon Jun 23 2025 09:00:00 GMT+0100 (British Summer Time),0.0301,0.0277,0.0614,0
Mon Jun 23 2025 10:00:00 GMT+0100 (British Summer Time),0.0301,0.0277,0.0614,0
Mon Jun 23 2025 11:00:00 GMT+0100 (British Summer Time),0.0301,0.0277,0.0614,0
Mon Jun 23 2025 12:00:00 GMT+0100 (British Summer Time),0.0301,0.0277,0.0614,0
Mon Jun 23 2025 13:00:00 GMT+0100 (British Summer Time),0.0301,0.0277,0.0614,0
Mon Jun 23 2025 14:00:00 GMT+0100 (British Summer Time),0.0301,0.0277,0.0614,0
Mon Jun 23 2025 15:00:00 GMT+0100 (British Summer Time),0.0301,0.0277,0.0614,0
Mon Jun 23 2025 16:00:00 GMT+0100 (British Summer Time),0.0301,0.0277,0.0614,0
Mon Jun 23 2025 17:00:00 GMT+0100 (British Summer Time),0.0301,0.0277,0.0614,0
Mon Jun 23 2025 18:00:00 GMT+0100 (British Summer Time),0.0301,0.0277,0.0614,0
Mon Jun 23 2025 19:00:00 GMT+0100 (British Summer Time),0.0301,0.0277,0.0614,0
Mon Jun 23 2025 20:00:00 GMT+0100 (British Summer Time),0.0301,0.0277,0.0614,0
Mon Jun 23 2025 21:00:00 GMT+0100 (British Summer Time),0.0301,0.0277,0.0614,0