time,underlyingApy1DMA,underlyingApy7DMA,impliedApy,volume
Sun Apr 28 2024 01:00:00 GMT+0100 (British Summer Time),0.006,0.0094,0.3046,1951387.5545644797
Sun Apr 28 2024 02:00:00 GMT+0100 (British Summer Time),0.006,0.0094,0.3046,23053.11920304558
Sun Apr 28 2024 03:00:00 GMT+0100 (British Summer Time),0.006,0.0094,0.3051,82167.91044505086
Sun Apr 28 2024 04:00:00 GMT+0100 (British Summer Time),0.006,0.0081,0.3088,1254727.5055476432
Sun Apr 28 2024 05:00:00 GMT+0100 (British Summer Time),0.0057,0.0089,0.3072,47134.74394262311
Sun Apr 28 2024 06:00:00 GMT+0100 (British Summer Time),0.0057,0.0089,0.3041,517231.1786928694
Sun Apr 28 2024 07:00:00 GMT+0100 (British Summer Time),0.0057,0.0089,0.2969,1214845.8536858368
Sun Apr 28 2024 08:00:00 GMT+0100 (British Summer Time),0.0057,0.0089,0.2988,274766.7477125027
Sun Apr 28 2024 09:00:00 GMT+0100 (British Summer Time),0.0057,0.0089,0.2979,531664.2965616592
Sun Apr 28 2024 10:00:00 GMT+0100 (British Summer Time),0.0057,0.0089,0.2985,9222.29594133554
Sun Apr 28 2024 11:00:00 GMT+0100 (British Summer Time),0.0057,0.0089,0.2995,307650.9486749823
Sun Apr 28 2024 12:00:00 GMT+0100 (British Summer Time),0.0057,0.0089,0.3015,254292.9100176513
Sun Apr 28 2024 13:00:00 GMT+0100 (British Summer Time),0.0057,0.0089,0.2889,1891653.8316918556
Sun Apr 28 2024 14:00:00 GMT+0100 (British Summer Time),0.0057,0.0089,0.2889,793870.1482305957
Sun Apr 28 2024 15:00:00 GMT+0100 (British Summer Time),0.0057,0.0089,0.2842,294792.56898770947
Sun Apr 28 2024 16:00:00 GMT+0100 (British Summer Time),0.0057,0.0089,0.284,207925.52751472895
Sun Apr 28 2024 17:00:00 GMT+0100 (British Summer Time),0.0057,0.0089,0.2879,530166.5554047371
Sun Apr 28 2024 18:00:00 GMT+0100 (British Summer Time),0.0057,0.0089,0.2935,965417.1872148253
Sun Apr 28 2024 19:00:00 GMT+0100 (British Summer Time),0.0057,0.0089,0.2955,361701.11745793774
Sun Apr 28 2024 20:00:00 GMT+0100 (British Summer Time),0.0057,0.0089,0.2964,824674.9500909552
Sun Apr 28 2024 21:00:00 GMT+0100 (British Summer Time),0.0057,0.0089,0.2963,206971.96162347656
Sun Apr 28 2024 22:00:00 GMT+0100 (British Summer Time),0.0057,0.0089,0.2957,167444.96098376397
Sun Apr 28 2024 23:00:00 GMT+0100 (British Summer Time),0.0057,0.0089,0.2949,368708.992353396
Mon Apr 29 2024 00:00:00 GMT+0100 (British Summer Time),0.0057,0.0089,0.2949,49789.55556343695
Mon Apr 29 2024 01:00:00 GMT+0100 (British Summer Time),0.0057,0.0089,0.2949,91659.7190237225
Mon Apr 29 2024 02:00:00 GMT+0100 (British Summer Time),0.0057,0.0089,0.2909,649921.0044568663
Mon Apr 29 2024 03:00:00 GMT+0100 (British Summer Time),0.0057,0.0089,0.2926,227535.6949553423
Mon Apr 29 2024 04:00:00 GMT+0100 (British Summer Time),0.0057,0.0061,0.2926,238236.42032373432
Mon Apr 29 2024 05:00:00 GMT+0100 (British Summer Time),0.0059,0.007,0.2905,77944.31854981979
Mon Apr 29 2024 06:00:00 GMT+0100 (British Summer Time),0.0059,0.007,0.2874,638060.1381337222
Mon Apr 29 2024 07:00:00 GMT+0100 (British Summer Time),0.0059,0.007,0.2872,77989.10210294099
Mon Apr 29 2024 08:00:00 GMT+0100 (British Summer Time),0.0059,0.007,0.2858,360174.59171584336
Mon Apr 29 2024 09:00:00 GMT+0100 (British Summer Time),0.0059,0.007,0.2849,344527.0173019256
Mon Apr 29 2024 10:00:00 GMT+0100 (British Summer Time),0.0059,0.007,0.285,33568.14350816796
Mon Apr 29 2024 11:00:00 GMT+0100 (British Summer Time),0.0059,0.007,0.2871,511300.36277663405
Mon Apr 29 2024 12:00:00 GMT+0100 (British Summer Time),0.0059,0.007,0.2882,139244.37231151818
Mon Apr 29 2024 13:00:00 GMT+0100 (British Summer Time),0.0059,0.007,0.287,155969.0036842971
Mon Apr 29 2024 14:00:00 GMT+0100 (British Summer Time),0.0059,0.007,0.2872,84680.08165193061
Mon Apr 29 2024 15:00:00 GMT+0100 (British Summer Time),0.0059,0.007,0.2815,755852.2690825711
Mon Apr 29 2024 16:00:00 GMT+0100 (British Summer Time),0.0059,0.007,0.2784,491893.65277945145
Mon Apr 29 2024 17:00:00 GMT+0100 (British Summer Time),0.0059,0.007,0.2667,1974315.0609296616
Mon Apr 29 2024 18:00:00 GMT+0100 (British Summer Time),0.0059,0.007,0.2374,6781589.711603101
Mon Apr 29 2024 19:00:00 GMT+0100 (British Summer Time),0.0059,0.007,0.2232,5394113.22785428
Mon Apr 29 2024 20:00:00 GMT+0100 (British Summer Time),0.0059,0.007,0.2337,3286102.316141248
Mon Apr 29 2024 21:00:00 GMT+0100 (British Summer Time),0.0059,0.007,0.2328,3766052.8594286204
Mon Apr 29 2024 22:00:00 GMT+0100 (British Summer Time),0.0059,0.007,0.2274,742291.1674198917
Mon Apr 29 2024 23:00:00 GMT+0100 (British Summer Time),0.0059,0.007,0.2264,357624.57613588613
Tue Apr 30 2024 00:00:00 GMT+0100 (British Summer Time),0.0059,0.007,0.2253,706005.9577809467
Tue Apr 30 2024 01:00:00 GMT+0100 (British Summer Time),0.0059,0.007,0.2213,483633.7076153848
Tue Apr 30 2024 02:00:00 GMT+0100 (British Summer Time),0.0059,0.007,0.2299,1280863.7622049407
Tue Apr 30 2024 03:00:00 GMT+0100 (British Summer Time),0.0059,0.007,0.2305,1131536.256744599
Tue Apr 30 2024 04:00:00 GMT+0100 (British Summer Time),0.0059,0.005,0.23,282844.9806688046
Tue Apr 30 2024 05:00:00 GMT+0100 (British Summer Time),0.0064,0.0059,0.23,519929.9112053172
Tue Apr 30 2024 06:00:00 GMT+0100 (British Summer Time),0.0064,0.0059,0.2309,286406.8490781822
Tue Apr 30 2024 07:00:00 GMT+0100 (British Summer Time),0.0064,0.0059,0.213,3112732.1185113206
Tue Apr 30 2024 08:00:00 GMT+0100 (British Summer Time),0.0064,0.0059,0.2148,624927.300363942
Tue Apr 30 2024 09:00:00 GMT+0100 (British Summer Time),0.0064,0.0059,0.2088,3504388.6897482974
Tue Apr 30 2024 10:00:00 GMT+0100 (British Summer Time),0.0064,0.0059,0.2337,5411343.30118495
Tue Apr 30 2024 11:00:00 GMT+0100 (British Summer Time),0.0064,0.0059,0.234,200914.60841334515
Tue Apr 30 2024 12:00:00 GMT+0100 (British Summer Time),0.0064,0.0059,0.2321,272167.1740309172
Tue Apr 30 2024 13:00:00 GMT+0100 (British Summer Time),0.0064,0.0059,0.2266,1510790.0942277787
Tue Apr 30 2024 14:00:00 GMT+0100 (British Summer Time),0.0064,0.0059,0.1995,18205052.603639845
Tue Apr 30 2024 15:00:00 GMT+0100 (British Summer Time),0.0064,0.0059,0.2048,888205.0647112994
Tue Apr 30 2024 16:00:00 GMT+0100 (British Summer Time),0.0064,0.0059,0.2127,6497257.339703022
Tue Apr 30 2024 17:00:00 GMT+0100 (British Summer Time),0.0064,0.0059,0.2144,460634.9997897975
Tue Apr 30 2024 18:00:00 GMT+0100 (British Summer Time),0.0064,0.0059,0.2258,1545896.9017159378
Tue Apr 30 2024 19:00:00 GMT+0100 (British Summer Time),0.0064,0.0059,0.2295,494053.9451546603
Tue Apr 30 2024 20:00:00 GMT+0100 (British Summer Time),0.0064,0.0059,0.2294,16314.288294167865
Tue Apr 30 2024 21:00:00 GMT+0100 (British Summer Time),0.0064,0.0059,0.2289,3296302.9817478117
Tue Apr 30 2024 22:00:00 GMT+0100 (British Summer Time),0.0064,0.0059,0.2288,44305.20151342664
Tue Apr 30 2024 23:00:00 GMT+0100 (British Summer Time),0.0064,0.0059,0.225,432879.6701378783
Wed May 01 2024 00:00:00 GMT+0100 (British Summer Time),0.0064,0.0059,0.2246,62787.04368587864
Wed May 01 2024 01:00:00 GMT+0100 (British Summer Time),0.0064,0.0059,0.2247,314866.20452309
Wed May 01 2024 02:00:00 GMT+0100 (British Summer Time),0.0064,0.0059,0.2292,966585.5156862474
Wed May 01 2024 03:00:00 GMT+0100 (British Summer Time),0.0064,0.0059,0.2298,489719.7358617736
Wed May 01 2024 04:00:00 GMT+0100 (British Summer Time),0.0064,0.0051,0.2357,1264887.634214318
Wed May 01 2024 05:00:00 GMT+0100 (British Summer Time),0.0059,0.006,0.2374,853313.8072436629
Wed May 01 2024 06:00:00 GMT+0100 (British Summer Time),0.0059,0.006,0.2372,765335.8536386874
Wed May 01 2024 07:00:00 GMT+0100 (British Summer Time),0.0059,0.006,0.2396,502477.13887672866
Wed May 01 2024 08:00:00 GMT+0100 (British Summer Time),0.0059,0.006,0.2394,11252.538116706339
Wed May 01 2024 09:00:00 GMT+0100 (British Summer Time),0.0059,0.006,0.2402,427604.565450588
Wed May 01 2024 10:00:00 GMT+0100 (British Summer Time),0.0059,0.006,0.2411,521278.0682312952
Wed May 01 2024 11:00:00 GMT+0100 (British Summer Time),0.0059,0.006,0.2352,642359.1605507454
Wed May 01 2024 12:00:00 GMT+0100 (British Summer Time),0.0059,0.006,0.2352,215783.4349252598
Wed May 01 2024 13:00:00 GMT+0100 (British Summer Time),0.0059,0.006,0.2351,11013.011962859186
Wed May 01 2024 14:00:00 GMT+0100 (British Summer Time),0.0059,0.006,0.2364,142949.07849397082
Wed May 01 2024 15:00:00 GMT+0100 (British Summer Time),0.0059,0.006,0.2363,9496.973472796557
Wed May 01 2024 16:00:00 GMT+0100 (British Summer Time),0.0059,0.006,0.2361,63628.40307939914
Wed May 01 2024 17:00:00 GMT+0100 (British Summer Time),0.0059,0.006,0.2359,39866.06625180013
Wed May 01 2024 18:00:00 GMT+0100 (British Summer Time),0.0059,0.006,0.2359,7683.733310207859
Wed May 01 2024 19:00:00 GMT+0100 (British Summer Time),0.0059,0.006,0.2329,1408477.1289393003
Wed May 01 2024 20:00:00 GMT+0100 (British Summer Time),0.0059,0.006,0.2457,2701506.0334925693
Wed May 01 2024 21:00:00 GMT+0100 (British Summer Time),0.0059,0.006,0.2447,76588.380459842
Wed May 01 2024 22:00:00 GMT+0100 (British Summer Time),0.0059,0.006,0.2522,2538193.4428569195
Wed May 01 2024 23:00:00 GMT+0100 (British Summer Time),0.0059,0.006,0.2541,326997.58237653354
Thu May 02 2024 00:00:00 GMT+0100 (British Summer Time),0.0059,0.006,0.2539,19931.686174701277
Thu May 02 2024 01:00:00 GMT+0100 (British Summer Time),0.0059,0.006,0.2536,227344.71325977534
Thu May 02 2024 02:00:00 GMT+0100 (British Summer Time),0.0059,0.006,0.2494,923564.0919909314
Thu May 02 2024 03:00:00 GMT+0100 (British Summer Time),0.0059,0.006,0.2425,805057.3198168429
Thu May 02 2024 04:00:00 GMT+0100 (British Summer Time),0.0059,0.0051,0.2364,948360.1739973032
Thu May 02 2024 05:00:00 GMT+0100 (British Summer Time),0.0062,0.006,0.2365,71863.74761953203
Thu May 02 2024 06:00:00 GMT+0100 (British Summer Time),0.0062,0.006,0.2269,3407033.2196939713
Thu May 02 2024 07:00:00 GMT+0100 (British Summer Time),0.0062,0.006,0.2269,0
Thu May 02 2024 08:00:00 GMT+0100 (British Summer Time),0.0062,0.006,0.2265,57554.55275733173
Thu May 02 2024 09:00:00 GMT+0100 (British Summer Time),0.0062,0.006,0.2246,200828.05037897668
Thu May 02 2024 10:00:00 GMT+0100 (British Summer Time),0.0062,0.006,0.2279,337867.4192490192
Thu May 02 2024 11:00:00 GMT+0100 (British Summer Time),0.0062,0.006,0.2277,16026.46361603927
Thu May 02 2024 12:00:00 GMT+0100 (British Summer Time),0.0062,0.006,0.2273,53367.060732705926
Thu May 02 2024 13:00:00 GMT+0100 (British Summer Time),0.0062,0.006,0.2307,448286.6317995732
Thu May 02 2024 14:00:00 GMT+0100 (British Summer Time),0.0062,0.006,0.2305,15612.776568513633
Thu May 02 2024 15:00:00 GMT+0100 (British Summer Time),0.0062,0.006,0.2305,2327.8948499105013
Thu May 02 2024 16:00:00 GMT+0100 (British Summer Time),0.0062,0.006,0.23,53605.27602967911
Thu May 02 2024 17:00:00 GMT+0100 (British Summer Time),0.0062,0.006,0.2309,187210.74575787084
Thu May 02 2024 18:00:00 GMT+0100 (British Summer Time),0.0062,0.006,0.2322,153063.20349818165
Thu May 02 2024 19:00:00 GMT+0100 (British Summer Time),0.0062,0.006,0.2322,0
Thu May 02 2024 20:00:00 GMT+0100 (British Summer Time),0.0062,0.006,0.2313,98598.5580957197
Thu May 02 2024 21:00:00 GMT+0100 (British Summer Time),0.0062,0.006,0.2313,8903.34686177828
Thu May 02 2024 22:00:00 GMT+0100 (British Summer Time),0.0062,0.006,0.2319,84686.64642020711
Thu May 02 2024 23:00:00 GMT+0100 (British Summer Time),0.0062,0.006,0.2324,143566.24821669183
Fri May 03 2024 00:00:00 GMT+0100 (British Summer Time),0.0062,0.006,0.2323,32834.98438369212
Fri May 03 2024 01:00:00 GMT+0100 (British Summer Time),0.0062,0.006,0.2324,9507.154955156106
Fri May 03 2024 02:00:00 GMT+0100 (British Summer Time),0.0062,0.006,0.2156,6851641.864281963
Fri May 03 2024 03:00:00 GMT+0100 (British Summer Time),0.0062,0.006,0.2127,374034.09157643013
Fri May 03 2024 04:00:00 GMT+0100 (British Summer Time),0.0062,0.006,0.2146,1085504.9493284186
Fri May 03 2024 05:00:00 GMT+0100 (British Summer Time),0.009,0.0064,0.2148,684525.8137008785
Fri May 03 2024 06:00:00 GMT+0100 (British Summer Time),0.009,0.0064,0.2075,216592.21057871517
Fri May 03 2024 07:00:00 GMT+0100 (British Summer Time),0.009,0.0064,0.2069,105420.25947628127
Fri May 03 2024 08:00:00 GMT+0100 (British Summer Time),0.009,0.0064,0.2044,334474.6493018415
Fri May 03 2024 09:00:00 GMT+0100 (British Summer Time),0.009,0.0064,0.2032,96322.35514009855
Fri May 03 2024 10:00:00 GMT+0100 (British Summer Time),0.009,0.0064,0.2033,72834.42395188584
Fri May 03 2024 11:00:00 GMT+0100 (British Summer Time),0.009,0.0064,0.2115,823183.5262061027
Fri May 03 2024 12:00:00 GMT+0100 (British Summer Time),0.009,0.0064,0.2112,47702.299044137675
Fri May 03 2024 13:00:00 GMT+0100 (British Summer Time),0.009,0.0064,0.2106,185208.64240649654
Fri May 03 2024 14:00:00 GMT+0100 (British Summer Time),0.009,0.0064,0.2117,115878.56014884806
Fri May 03 2024 15:00:00 GMT+0100 (British Summer Time),0.009,0.0064,0.2118,10464.996139756246
Fri May 03 2024 16:00:00 GMT+0100 (British Summer Time),0.009,0.0064,0.2119,4893.964592555211
Fri May 03 2024 17:00:00 GMT+0100 (British Summer Time),0.009,0.0064,0.2123,157455.1673043399
Fri May 03 2024 18:00:00 GMT+0100 (British Summer Time),0.009,0.0064,0.2132,220101.43879741413
Fri May 03 2024 19:00:00 GMT+0100 (British Summer Time),0.009,0.0064,0.2129,3080262.8900728542
Fri May 03 2024 20:00:00 GMT+0100 (British Summer Time),0.009,0.0064,0.2171,195739.93223323295
Fri May 03 2024 21:00:00 GMT+0100 (British Summer Time),0.009,0.0064,0.2199,901750.5522952573
Fri May 03 2024 22:00:00 GMT+0100 (British Summer Time),0.009,0.0064,0.2193,722344.5965435075
Fri May 03 2024 23:00:00 GMT+0100 (British Summer Time),0.009,0.0064,0.2203,116654.43370289072
Sat May 04 2024 00:00:00 GMT+0100 (British Summer Time),0.009,0.0064,0.2207,139909.34962316285
Sat May 04 2024 01:00:00 GMT+0100 (British Summer Time),0.009,0.0064,0.2212,395071.1915120972
Sat May 04 2024 02:00:00 GMT+0100 (British Summer Time),0.009,0.0064,0.2223,325542.95632877544
Sat May 04 2024 03:00:00 GMT+0100 (British Summer Time),0.009,0.0064,0.2227,44114.26101548743
Sat May 04 2024 04:00:00 GMT+0100 (British Summer Time),0.009,0.0064,0.2248,422987.9664373505
Sat May 04 2024 05:00:00 GMT+0100 (British Summer Time),0.0141,0.0076,0.224,343391.4391832758
Sat May 04 2024 06:00:00 GMT+0100 (British Summer Time),0.0141,0.0076,0.2237,92177.6785602238
Sat May 04 2024 07:00:00 GMT+0100 (British Summer Time),0.0141,0.0076,0.223,80819.59191749213
Sat May 04 2024 08:00:00 GMT+0100 (British Summer Time),0.0141,0.0076,0.2226,218049.9337288335
Sat May 04 2024 09:00:00 GMT+0100 (British Summer Time),0.0141,0.0076,0.2224,40471.54519256033
Sat May 04 2024 10:00:00 GMT+0100 (British Summer Time),0.0141,0.0076,0.2224,199329.12126082348
Sat May 04 2024 11:00:00 GMT+0100 (British Summer Time),0.0141,0.0076,0.2245,1377796.4547296464
Sat May 04 2024 12:00:00 GMT+0100 (British Summer Time),0.0141,0.0076,0.2245,89310.3721191454
Sat May 04 2024 13:00:00 GMT+0100 (British Summer Time),0.0141,0.0076,0.2251,21862.368784118895
Sat May 04 2024 14:00:00 GMT+0100 (British Summer Time),0.0141,0.0076,0.2253,21329.759630164594
Sat May 04 2024 15:00:00 GMT+0100 (British Summer Time),0.0141,0.0076,0.223,312475.7164217482
Sat May 04 2024 16:00:00 GMT+0100 (British Summer Time),0.0141,0.0076,0.2229,25719.359030837462
Sat May 04 2024 17:00:00 GMT+0100 (British Summer Time),0.0141,0.0076,0.2211,200266.15947751258
Sat May 04 2024 18:00:00 GMT+0100 (British Summer Time),0.0141,0.0076,0.2211,3199.3748892781373
Sat May 04 2024 19:00:00 GMT+0100 (British Summer Time),0.0141,0.0076,0.2235,289771.8458691259
Sat May 04 2024 20:00:00 GMT+0100 (British Summer Time),0.0141,0.0076,0.2235,0
Sat May 04 2024 21:00:00 GMT+0100 (British Summer Time),0.0141,0.0076,0.2235,24578.94525542609
Sat May 04 2024 22:00:00 GMT+0100 (British Summer Time),0.0141,0.0076,0.2227,296274.85046090453
Sat May 04 2024 23:00:00 GMT+0100 (British Summer Time),0.0141,0.0076,0.2226,72259.26710131412
Sun May 05 2024 00:00:00 GMT+0100 (British Summer Time),0.0141,0.0076,0.2222,43363.09569287937
Sun May 05 2024 01:00:00 GMT+0100 (British Summer Time),0.0141,0.0076,0.2217,288484.1526977547
Sun May 05 2024 02:00:00 GMT+0100 (British Summer Time),0.0141,0.0076,0.2233,174036.2612030971
Sun May 05 2024 03:00:00 GMT+0100 (British Summer Time),0.0141,0.0076,0.2232,3121.6717494241916
Sun May 05 2024 04:00:00 GMT+0100 (British Summer Time),0.0141,0.0076,0.2231,15738.875728427762
Sun May 05 2024 05:00:00 GMT+0100 (British Summer Time),0,0.0068,0.2252,256882.75431055346
Sun May 05 2024 06:00:00 GMT+0100 (British Summer Time),0.021,0.0098,0.2252,61202.069614032975
Sun May 05 2024 07:00:00 GMT+0100 (British Summer Time),0.021,0.0098,0.2245,77919.38587350193
Sun May 05 2024 08:00:00 GMT+0100 (British Summer Time),0.021,0.0098,0.2247,40355.184217497335
Sun May 05 2024 09:00:00 GMT+0100 (British Summer Time),0.021,0.0098,0.2292,507810.55088640895
Sun May 05 2024 10:00:00 GMT+0100 (British Summer Time),0.021,0.0098,0.2292,14983.116673259741
Sun May 05 2024 11:00:00 GMT+0100 (British Summer Time),0.021,0.0098,0.2292,13829.083603076797
Sun May 05 2024 12:00:00 GMT+0100 (British Summer Time),0.021,0.0098,0.2295,34313.045731351376
Sun May 05 2024 13:00:00 GMT+0100 (British Summer Time),0.021,0.0098,0.2289,194328.9857219476
Sun May 05 2024 14:00:00 GMT+0100 (British Summer Time),0.021,0.0098,0.2271,3730162.0468173036
Sun May 05 2024 15:00:00 GMT+0100 (British Summer Time),0.021,0.0098,0.2184,2972513.6770451125
Sun May 05 2024 16:00:00 GMT+0100 (British Summer Time),0.021,0.0098,0.2188,45472.27544570542
Sun May 05 2024 17:00:00 GMT+0100 (British Summer Time),0.021,0.0098,0.2188,0
Sun May 05 2024 18:00:00 GMT+0100 (British Summer Time),0.021,0.0098,0.219,29702.275038521017
Sun May 05 2024 19:00:00 GMT+0100 (British Summer Time),0.021,0.0098,0.219,1496.8267189391768
Sun May 05 2024 20:00:00 GMT+0100 (British Summer Time),0.021,0.0098,0.2221,389375.3086807368
Sun May 05 2024 21:00:00 GMT+0100 (British Summer Time),0.021,0.0098,0.2222,34823.266405174465
Sun May 05 2024 22:00:00 GMT+0100 (British Summer Time),0.021,0.0098,0.2222,6.869433881235611
Sun May 05 2024 23:00:00 GMT+0100 (British Summer Time),0.021,0.0098,0.2222,3229.007907951753
Mon May 06 2024 00:00:00 GMT+0100 (British Summer Time),0.021,0.0098,0.2223,10048.110244337964
Mon May 06 2024 01:00:00 GMT+0100 (British Summer Time),0.021,0.0098,0.2202,878259.3449236641
Mon May 06 2024 02:00:00 GMT+0100 (British Summer Time),0.021,0.0098,0.2202,948563.7971595721
Mon May 06 2024 03:00:00 GMT+0100 (British Summer Time),0.021,0.0098,0.2202,1784.8019129070954
Mon May 06 2024 04:00:00 GMT+0100 (British Summer Time),0.021,0.0098,0.2206,51358.36213245298
Mon May 06 2024 05:00:00 GMT+0100 (British Summer Time),0.021,0.0089,0.2209,22640.991543979544
Mon May 06 2024 06:00:00 GMT+0100 (British Summer Time),0.0233,0.0122,0.2215,67505.59090383082
Mon May 06 2024 07:00:00 GMT+0100 (British Summer Time),0.0233,0.0122,0.2218,124720.06040285065
Mon May 06 2024 08:00:00 GMT+0100 (British Summer Time),0.0233,0.0122,0.2226,79208.45685438451
Mon May 06 2024 09:00:00 GMT+0100 (British Summer Time),0.0233,0.0122,0.2366,2393156.140941861
Mon May 06 2024 10:00:00 GMT+0100 (British Summer Time),0.0233,0.0122,0.2358,104613.56110194979
Mon May 06 2024 11:00:00 GMT+0100 (British Summer Time),0.0233,0.0122,0.2329,324520.60703737184
Mon May 06 2024 12:00:00 GMT+0100 (British Summer Time),0.0233,0.0122,0.239,754380.6221665347
Mon May 06 2024 13:00:00 GMT+0100 (British Summer Time),0.0233,0.0122,0.2363,305078.95195552235
Mon May 06 2024 14:00:00 GMT+0100 (British Summer Time),0.0233,0.0122,0.2364,9611.935029553484
Mon May 06 2024 15:00:00 GMT+0100 (British Summer Time),0.0233,0.0122,0.2364,1749.8877717008206
Mon May 06 2024 16:00:00 GMT+0100 (British Summer Time),0.0233,0.0122,0.2366,89260.75036617783
Mon May 06 2024 17:00:00 GMT+0100 (British Summer Time),0.0233,0.0122,0.2364,64723.41194525816
Mon May 06 2024 18:00:00 GMT+0100 (British Summer Time),0.0233,0.0122,0.236,16400.65574063424
Mon May 06 2024 19:00:00 GMT+0100 (British Summer Time),0.0233,0.0122,0.2361,10114.999500183898
Mon May 06 2024 20:00:00 GMT+0100 (British Summer Time),0.0233,0.0122,0.2351,221004.36648807864
Mon May 06 2024 21:00:00 GMT+0100 (British Summer Time),0.0233,0.0122,0.2372,283416.02933925245
Mon May 06 2024 22:00:00 GMT+0100 (British Summer Time),0.0233,0.0122,0.2393,201332.5262935356
Mon May 06 2024 23:00:00 GMT+0100 (British Summer Time),0.0233,0.0122,0.2399,85948.95553767592
Tue May 07 2024 00:00:00 GMT+0100 (British Summer Time),0.0233,0.0122,0.2425,1151256.300965802
Tue May 07 2024 01:00:00 GMT+0100 (British Summer Time),0.0233,0.0122,0.2432,0
Tue May 07 2024 02:00:00 GMT+0100 (British Summer Time),0.0233,0.0122,0.2432,46611.17962141319
Tue May 07 2024 03:00:00 GMT+0100 (British Summer Time),0.0233,0.0122,0.2434,23495.854846485887
Tue May 07 2024 04:00:00 GMT+0100 (British Summer Time),0.0233,0.0122,0.2409,280770.7523640957
Tue May 07 2024 05:00:00 GMT+0100 (British Summer Time),0.0233,0.0113,0.241,7479.897066760615
Tue May 07 2024 06:00:00 GMT+0100 (British Summer Time),0.0224,0.0145,0.2412,16139.113184901838
Tue May 07 2024 07:00:00 GMT+0100 (British Summer Time),0.0224,0.0145,0.241,32379.494157916502
Tue May 07 2024 08:00:00 GMT+0100 (British Summer Time),0.0224,0.0145,0.2409,10333.466146549277
Tue May 07 2024 09:00:00 GMT+0100 (British Summer Time),0.0224,0.0145,0.2406,40040.79947782125
Tue May 07 2024 10:00:00 GMT+0100 (British Summer Time),0.0224,0.0145,0.2407,11649.548025259128
Tue May 07 2024 11:00:00 GMT+0100 (British Summer Time),0.0224,0.0145,0.2393,163830.20557130966
Tue May 07 2024 12:00:00 GMT+0100 (British Summer Time),0.0224,0.0145,0.2391,21945.890955891533
Tue May 07 2024 13:00:00 GMT+0100 (British Summer Time),0.0224,0.0145,0.2385,66122.15495807357
Tue May 07 2024 14:00:00 GMT+0100 (British Summer Time),0.0224,0.0145,0.2384,4875.080843889684
Tue May 07 2024 15:00:00 GMT+0100 (British Summer Time),0.0224,0.0145,0.2382,26417.14406900291
Tue May 07 2024 16:00:00 GMT+0100 (British Summer Time),0.0224,0.0145,0.2384,108964.15328764135
Tue May 07 2024 17:00:00 GMT+0100 (British Summer Time),0.0224,0.0145,0.2384,7527.724532639387
Tue May 07 2024 18:00:00 GMT+0100 (British Summer Time),0.0224,0.0145,0.2384,6079.036226075814
Tue May 07 2024 19:00:00 GMT+0100 (British Summer Time),0.0224,0.0145,0.2376,89863.55173715569
Tue May 07 2024 20:00:00 GMT+0100 (British Summer Time),0.0224,0.0145,0.2374,14349.709013695594
Tue May 07 2024 21:00:00 GMT+0100 (British Summer Time),0.0224,0.0145,0.2378,36278.847544077566
Tue May 07 2024 22:00:00 GMT+0100 (British Summer Time),0.0224,0.0145,0.2381,62213.197119038705
Tue May 07 2024 23:00:00 GMT+0100 (British Summer Time),0.0224,0.0145,0.2381,0
Wed May 08 2024 00:00:00 GMT+0100 (British Summer Time),0.0224,0.0145,0.2381,6304.388751279689
Wed May 08 2024 01:00:00 GMT+0100 (British Summer Time),0.0224,0.0145,0.2392,112334.26877026001
Wed May 08 2024 02:00:00 GMT+0100 (British Summer Time),0.0224,0.0145,0.2221,2485724.7051105807
Wed May 08 2024 03:00:00 GMT+0100 (British Summer Time),0.0224,0.0145,0.2184,379080.5389730451
Wed May 08 2024 04:00:00 GMT+0100 (British Summer Time),0.0224,0.0145,0.2185,4337.401271549213
Wed May 08 2024 05:00:00 GMT+0100 (British Summer Time),0.0224,0.0137,0.2186,16637.269800984584
Wed May 08 2024 06:00:00 GMT+0100 (British Summer Time),0.0246,0.0172,0.2191,49223.88191596144
Wed May 08 2024 07:00:00 GMT+0100 (British Summer Time),0.0246,0.0172,0.2205,212017.55395741592
Wed May 08 2024 08:00:00 GMT+0100 (British Summer Time),0.0246,0.0172,0.2197,144332.61857478842
Wed May 08 2024 09:00:00 GMT+0100 (British Summer Time),0.0246,0.0172,0.2155,2570636.5902436585
Wed May 08 2024 10:00:00 GMT+0100 (British Summer Time),0.0246,0.0172,0.2157,15642.155982648714
Wed May 08 2024 11:00:00 GMT+0100 (British Summer Time),0.0246,0.0172,0.2148,127128.03011630414
Wed May 08 2024 12:00:00 GMT+0100 (British Summer Time),0.0246,0.0172,0.2158,186192.0490689981
Wed May 08 2024 13:00:00 GMT+0100 (British Summer Time),0.0246,0.0172,0.217,239594.70554582338
Wed May 08 2024 14:00:00 GMT+0100 (British Summer Time),0.0246,0.0172,0.2165,77524.86274241496
Wed May 08 2024 15:00:00 GMT+0100 (British Summer Time),0.0246,0.0172,0.2151,148157.60664547558
Wed May 08 2024 16:00:00 GMT+0100 (British Summer Time),0.0246,0.0172,0.2129,226953.4433775351
Wed May 08 2024 17:00:00 GMT+0100 (British Summer Time),0.0246,0.0172,0.2121,100506.90456842672
Wed May 08 2024 18:00:00 GMT+0100 (British Summer Time),0.0246,0.0172,0.2111,782204.0144823822
Wed May 08 2024 19:00:00 GMT+0100 (British Summer Time),0.0246,0.0172,0.2102,165173.73313844562
Wed May 08 2024 20:00:00 GMT+0100 (British Summer Time),0.0246,0.0172,0.2102,105671.24831899913
Wed May 08 2024 21:00:00 GMT+0100 (British Summer Time),0.0246,0.0172,0.2116,240599.4589537185
Wed May 08 2024 22:00:00 GMT+0100 (British Summer Time),0.0246,0.0172,0.2115,37946.60456354615
Wed May 08 2024 23:00:00 GMT+0100 (British Summer Time),0.0246,0.0172,0.21,151075.3298261067
Thu May 09 2024 00:00:00 GMT+0100 (British Summer Time),0.0246,0.0172,0.2101,14137.440508588881
Thu May 09 2024 01:00:00 GMT+0100 (British Summer Time),0.0246,0.0172,0.2102,8068.941737195895
Thu May 09 2024 02:00:00 GMT+0100 (British Summer Time),0.0246,0.0172,0.2103,9491.291166740975
Thu May 09 2024 03:00:00 GMT+0100 (British Summer Time),0.0246,0.0172,0.2059,439355.7285945843
Thu May 09 2024 04:00:00 GMT+0100 (British Summer Time),0.0246,0.0172,0.2058,31848.211189071644
Thu May 09 2024 05:00:00 GMT+0100 (British Summer Time),0.0246,0.0163,0.2012,767692.7726455302
Thu May 09 2024 06:00:00 GMT+0100 (British Summer Time),0.031,0.0207,0.2021,315899.6662275633
Thu May 09 2024 07:00:00 GMT+0100 (British Summer Time),0.031,0.0207,0.2021,32668.10140225828
Thu May 09 2024 08:00:00 GMT+0100 (British Summer Time),0.031,0.0207,0.2023,21788.812781928154
Thu May 09 2024 09:00:00 GMT+0100 (British Summer Time),0.031,0.0207,0.2021,75158.49607736603
Thu May 09 2024 10:00:00 GMT+0100 (British Summer Time),0.031,0.0207,0.1979,633162.0746436126
Thu May 09 2024 11:00:00 GMT+0100 (British Summer Time),0.031,0.0207,0.199,138263.50547094177
Thu May 09 2024 12:00:00 GMT+0100 (British Summer Time),0.031,0.0207,0.199,61287.27045585506
Thu May 09 2024 13:00:00 GMT+0100 (British Summer Time),0.031,0.0207,0.1986,66742.82368481398
Thu May 09 2024 14:00:00 GMT+0100 (British Summer Time),0.031,0.0207,0.1981,78544.1788959722
Thu May 09 2024 15:00:00 GMT+0100 (British Summer Time),0.031,0.0207,0.1916,2381617.595622343
Thu May 09 2024 16:00:00 GMT+0100 (British Summer Time),0.031,0.0207,0.1956,735620.0228846091
Thu May 09 2024 17:00:00 GMT+0100 (British Summer Time),0.031,0.0207,0.1917,525873.3197656984
Thu May 09 2024 18:00:00 GMT+0100 (British Summer Time),0.031,0.0207,0.1925,106489.43921666926
Thu May 09 2024 19:00:00 GMT+0100 (British Summer Time),0.031,0.0207,0.1925,0
Thu May 09 2024 20:00:00 GMT+0100 (British Summer Time),0.031,0.0207,0.1938,294603.3343766726
Thu May 09 2024 21:00:00 GMT+0100 (British Summer Time),0.031,0.0207,0.1938,34531.89740801644
Thu May 09 2024 22:00:00 GMT+0100 (British Summer Time),0.031,0.0207,0.1942,5715.399932879445
Thu May 09 2024 23:00:00 GMT+0100 (British Summer Time),0.031,0.0207,0.1942,0
Fri May 10 2024 00:00:00 GMT+0100 (British Summer Time),0.031,0.0207,0.1927,191869.44578451753
Fri May 10 2024 01:00:00 GMT+0100 (British Summer Time),0.031,0.0207,0.1941,127692.15623720083
Fri May 10 2024 02:00:00 GMT+0100 (British Summer Time),0.031,0.0207,0.1848,1595842.2839965331
Fri May 10 2024 03:00:00 GMT+0100 (British Summer Time),0.031,0.0207,0.1841,73151.44158170263
Fri May 10 2024 04:00:00 GMT+0100 (British Summer Time),0.031,0.0207,0.1841,38607.053853407655
Fri May 10 2024 05:00:00 GMT+0100 (British Summer Time),0.031,0.0194,0.1845,17727.516558602543
Fri May 10 2024 06:00:00 GMT+0100 (British Summer Time),0.0353,0.0245,0.1859,133520.86985880832
Fri May 10 2024 07:00:00 GMT+0100 (British Summer Time),0.0353,0.0245,0.1852,115943.11203364759
Fri May 10 2024 08:00:00 GMT+0100 (British Summer Time),0.0353,0.0245,0.1927,853356.7112863108
Fri May 10 2024 09:00:00 GMT+0100 (British Summer Time),0.0353,0.0245,0.1927,344.98687920092596
Fri May 10 2024 10:00:00 GMT+0100 (British Summer Time),0.0353,0.0245,0.1902,419545.1175219264
Fri May 10 2024 11:00:00 GMT+0100 (British Summer Time),0.0353,0.0245,0.1898,33113.76113169977
Fri May 10 2024 12:00:00 GMT+0100 (British Summer Time),0.0353,0.0245,0.1898,0
Fri May 10 2024 13:00:00 GMT+0100 (British Summer Time),0.0353,0.0245,0.1914,150991.02259213882
Fri May 10 2024 14:00:00 GMT+0100 (British Summer Time),0.0353,0.0245,0.1914,0
Fri May 10 2024 15:00:00 GMT+0100 (British Summer Time),0.0353,0.0245,0.1914,0
Fri May 10 2024 16:00:00 GMT+0100 (British Summer Time),0.0353,0.0245,0.1889,495934.66076873656
Fri May 10 2024 17:00:00 GMT+0100 (British Summer Time),0.0353,0.0245,0.1912,212138.19868676152
Fri May 10 2024 18:00:00 GMT+0100 (British Summer Time),0.0353,0.0245,0.191,59698.201024032955
Fri May 10 2024 19:00:00 GMT+0100 (British Summer Time),0.0353,0.0245,0.1927,159954.3512197246
Fri May 10 2024 20:00:00 GMT+0100 (British Summer Time),0.0353,0.0245,0.1935,65109.92121297711
Fri May 10 2024 21:00:00 GMT+0100 (British Summer Time),0.0353,0.0245,0.1919,144530.42390764935
Fri May 10 2024 22:00:00 GMT+0100 (British Summer Time),0.0353,0.0245,0.1905,166896.82739449985
Fri May 10 2024 23:00:00 GMT+0100 (British Summer Time),0.0353,0.0245,0.1845,678655.9949543312
Sat May 11 2024 00:00:00 GMT+0100 (British Summer Time),0.0353,0.0245,0.1855,91087.49444223665
Sat May 11 2024 01:00:00 GMT+0100 (British Summer Time),0.0353,0.0245,0.2039,4570239.168903009
Sat May 11 2024 02:00:00 GMT+0100 (British Summer Time),0.0353,0.0245,0.2046,60153.91844811432
Sat May 11 2024 03:00:00 GMT+0100 (British Summer Time),0.0353,0.0245,0.2018,256538.86398736743
Sat May 11 2024 04:00:00 GMT+0100 (British Summer Time),0.0353,0.0245,0.2018,4540.739533464917
Sat May 11 2024 05:00:00 GMT+0100 (British Summer Time),0.0353,0.0225,0.201,116865.14024785011
Sat May 11 2024 06:00:00 GMT+0100 (British Summer Time),0.0328,0.0272,0.2012,24368.619385219503
Sat May 11 2024 07:00:00 GMT+0100 (British Summer Time),0.0328,0.0272,0.2011,13694.323272799715
Sat May 11 2024 08:00:00 GMT+0100 (British Summer Time),0.0328,0.0272,0.2011,10267.601735209986
Sat May 11 2024 09:00:00 GMT+0100 (British Summer Time),0.0328,0.0272,0.2011,10075.513259796233
Sat May 11 2024 10:00:00 GMT+0100 (British Summer Time),0.0328,0.0272,0.2019,78381.24461544261
Sat May 11 2024 11:00:00 GMT+0100 (British Summer Time),0.0328,0.0272,0.2032,123678.6998662639
Sat May 11 2024 12:00:00 GMT+0100 (British Summer Time),0.0328,0.0272,0.2036,49056.88688468657
Sat May 11 2024 13:00:00 GMT+0100 (British Summer Time),0.0328,0.0272,0.2036,634.4593996396616
Sat May 11 2024 14:00:00 GMT+0100 (British Summer Time),0.0328,0.0272,0.2033,28755.55547449634
Sat May 11 2024 15:00:00 GMT+0100 (British Summer Time),0.0328,0.0272,0.2033,6080.562597852737
Sat May 11 2024 16:00:00 GMT+0100 (British Summer Time),0.0328,0.0272,0.2033,0
Sat May 11 2024 17:00:00 GMT+0100 (British Summer Time),0.0328,0.0272,0.2033,4666.486886325138
Sat May 11 2024 18:00:00 GMT+0100 (British Summer Time),0.0328,0.0272,0.2035,13923.20746058533
Sat May 11 2024 19:00:00 GMT+0100 (British Summer Time),0.0328,0.0272,0.2034,1703.2447272778397
Sat May 11 2024 20:00:00 GMT+0100 (British Summer Time),0.0328,0.0272,0.2041,58480.68208150611
Sat May 11 2024 21:00:00 GMT+0100 (British Summer Time),0.0328,0.0272,0.2043,32229.703912457673
Sat May 11 2024 22:00:00 GMT+0100 (British Summer Time),0.0328,0.0272,0.2027,259848.27930259545
Sat May 11 2024 23:00:00 GMT+0100 (British Summer Time),0.0328,0.0272,0.2005,108776.70616509767
Sun May 12 2024 00:00:00 GMT+0100 (British Summer Time),0.0328,0.0272,0.2005,0
Sun May 12 2024 01:00:00 GMT+0100 (British Summer Time),0.0328,0.0272,0.2004,22667.848408959064
Sun May 12 2024 02:00:00 GMT+0100 (British Summer Time),0.0328,0.0272,0.2066,1708989.7435209265
Sun May 12 2024 03:00:00 GMT+0100 (British Summer Time),0.0328,0.0272,0.2066,0
Sun May 12 2024 04:00:00 GMT+0100 (British Summer Time),0.0328,0.0272,0.2038,262926.14523786283
Sun May 12 2024 05:00:00 GMT+0100 (British Summer Time),0.0328,0.0272,0.2038,20.519987996713578
Sun May 12 2024 06:00:00 GMT+0100 (British Summer Time),0.0302,0.0285,0.2034,34635.55946248945
Sun May 12 2024 07:00:00 GMT+0100 (British Summer Time),0.0302,0.0285,0.2034,0
Sun May 12 2024 08:00:00 GMT+0100 (British Summer Time),0.0302,0.0285,0.2037,425601.4846617378
Sun May 12 2024 09:00:00 GMT+0100 (British Summer Time),0.0302,0.0285,0.2039,66400.91859397289
Sun May 12 2024 10:00:00 GMT+0100 (British Summer Time),0.0302,0.0285,0.2044,46430.567495561714
Sun May 12 2024 11:00:00 GMT+0100 (British Summer Time),0.0302,0.0285,0.2044,3976.7066083052664
Sun May 12 2024 12:00:00 GMT+0100 (British Summer Time),0.0302,0.0285,0.2044,1940.4252375269318
Sun May 12 2024 13:00:00 GMT+0100 (British Summer Time),0.0302,0.0285,0.2047,31728.929616301608
Sun May 12 2024 14:00:00 GMT+0100 (British Summer Time),0.0302,0.0285,0.2048,8821.209235491224
Sun May 12 2024 15:00:00 GMT+0100 (British Summer Time),0.0302,0.0285,0.2051,49516.067522294165
Sun May 12 2024 16:00:00 GMT+0100 (British Summer Time),0.0302,0.0285,0.2055,69896.29272008127
Sun May 12 2024 17:00:00 GMT+0100 (British Summer Time),0.0302,0.0285,0.2037,173668.33979184393
Sun May 12 2024 18:00:00 GMT+0100 (British Summer Time),0.0302,0.0285,0.2036,7368.664738123015
Sun May 12 2024 19:00:00 GMT+0100 (British Summer Time),0.0302,0.0285,0.2025,502442.93468599394
Sun May 12 2024 20:00:00 GMT+0100 (British Summer Time),0.0302,0.0285,0.2035,310104.2790952518
Sun May 12 2024 21:00:00 GMT+0100 (British Summer Time),0.0302,0.0285,0.2021,360148.84607118816
Sun May 12 2024 22:00:00 GMT+0100 (British Summer Time),0.0302,0.0285,0.2083,2235077.2973531857
Sun May 12 2024 23:00:00 GMT+0100 (British Summer Time),0.0302,0.0285,0.2084,39145.628456139624
Mon May 13 2024 00:00:00 GMT+0100 (British Summer Time),0.0302,0.0285,0.2141,1042801.4430675831
Mon May 13 2024 01:00:00 GMT+0100 (British Summer Time),0.0302,0.0285,0.2181,386782.44618597144
Mon May 13 2024 02:00:00 GMT+0100 (British Summer Time),0.0302,0.0285,0.2178,37238.48138472587
Mon May 13 2024 03:00:00 GMT+0100 (British Summer Time),0.0302,0.0285,0.2142,585713.9203327319
Mon May 13 2024 04:00:00 GMT+0100 (British Summer Time),0.0302,0.0285,0.2142,1352.3580604997007
Mon May 13 2024 05:00:00 GMT+0100 (British Summer Time),0.0302,0.0285,0.2142,0
Mon May 13 2024 06:00:00 GMT+0100 (British Summer Time),0.0328,0.0299,0.2096,575807.9765145276
Mon May 13 2024 07:00:00 GMT+0100 (British Summer Time),0.0328,0.0299,0.2081,13381.50763036379
Mon May 13 2024 08:00:00 GMT+0100 (British Summer Time),0.0328,0.0299,0.2081,4883.9398608108595
Mon May 13 2024 09:00:00 GMT+0100 (British Summer Time),0.0328,0.0299,0.2096,164213.10062687486
Mon May 13 2024 10:00:00 GMT+0100 (British Summer Time),0.0328,0.0299,0.2085,109518.75105539779
Mon May 13 2024 11:00:00 GMT+0100 (British Summer Time),0.0328,0.0299,0.2081,41655.75028132199
Mon May 13 2024 12:00:00 GMT+0100 (British Summer Time),0.0328,0.0299,0.2071,102868.3325617582
Mon May 13 2024 13:00:00 GMT+0100 (British Summer Time),0.0328,0.0299,0.207,4663.9387797377985
Mon May 13 2024 14:00:00 GMT+0100 (British Summer Time),0.0328,0.0299,0.207,0
Mon May 13 2024 15:00:00 GMT+0100 (British Summer Time),0.0328,0.0299,0.207,192.68801781595042
Mon May 13 2024 16:00:00 GMT+0100 (British Summer Time),0.0328,0.0299,0.2023,440183.5926951315
Mon May 13 2024 17:00:00 GMT+0100 (British Summer Time),0.0328,0.0299,0.2025,15423.682083220223
Mon May 13 2024 18:00:00 GMT+0100 (British Summer Time),0.0328,0.0299,0.1998,252161.1898390384
Mon May 13 2024 19:00:00 GMT+0100 (British Summer Time),0.0328,0.0299,0.1998,0
Mon May 13 2024 20:00:00 GMT+0100 (British Summer Time),0.0328,0.0299,0.1997,14734.728032510615
Mon May 13 2024 21:00:00 GMT+0100 (British Summer Time),0.0328,0.0299,0.1994,92313.61207131259
Mon May 13 2024 22:00:00 GMT+0100 (British Summer Time),0.0328,0.0299,0.1994,0
Mon May 13 2024 23:00:00 GMT+0100 (British Summer Time),0.0328,0.0299,0.1997,213716.82154602566
Tue May 14 2024 00:00:00 GMT+0100 (British Summer Time),0.0328,0.0299,0.2009,121146.19757802639
Tue May 14 2024 01:00:00 GMT+0100 (British Summer Time),0.0328,0.0299,0.2035,240991.1749156895
Tue May 14 2024 02:00:00 GMT+0100 (British Summer Time),0.0328,0.0299,0.2035,2804.44388623545
Tue May 14 2024 03:00:00 GMT+0100 (British Summer Time),0.0328,0.0299,0.2002,313301.875628307
Tue May 14 2024 04:00:00 GMT+0100 (British Summer Time),0.0328,0.0299,0.2002,0
Tue May 14 2024 05:00:00 GMT+0100 (British Summer Time),0.0328,0.0299,0.1904,904371.5894578223
Tue May 14 2024 06:00:00 GMT+0100 (British Summer Time),0,0.0266,0.1904,0
Tue May 14 2024 07:00:00 GMT+0100 (British Summer Time),0.0344,0.0316,0.1904,0
Tue May 14 2024 08:00:00 GMT+0100 (British Summer Time),0.0344,0.0316,0.1901,77275.32127530753
Tue May 14 2024 09:00:00 GMT+0100 (British Summer Time),0.0344,0.0316,0.1901,0
Tue May 14 2024 10:00:00 GMT+0100 (British Summer Time),0.0344,0.0316,0.1897,67144.24044334832
Tue May 14 2024 11:00:00 GMT+0100 (British Summer Time),0.0344,0.0316,0.1894,26971.051812871017
Tue May 14 2024 12:00:00 GMT+0100 (British Summer Time),0.0344,0.0316,0.1904,91546.96880806907
Tue May 14 2024 13:00:00 GMT+0100 (British Summer Time),0.0344,0.0316,0.1861,386559.99917369033
Tue May 14 2024 14:00:00 GMT+0100 (British Summer Time),0.0344,0.0316,0.1876,140205.44711330807
Tue May 14 2024 15:00:00 GMT+0100 (British Summer Time),0.0344,0.0316,0.1839,525427.0500441941
Tue May 14 2024 16:00:00 GMT+0100 (British Summer Time),0.0344,0.0316,0.1853,122969.31093337122
Tue May 14 2024 17:00:00 GMT+0100 (British Summer Time),0.0344,0.0316,0.1853,0
Tue May 14 2024 18:00:00 GMT+0100 (British Summer Time),0.0344,0.0316,0.1853,0
Tue May 14 2024 19:00:00 GMT+0100 (British Summer Time),0.0344,0.0316,0.1847,130548.06492031872
Tue May 14 2024 20:00:00 GMT+0100 (British Summer Time),0.0344,0.0316,0.1846,5113.414833347325
Tue May 14 2024 21:00:00 GMT+0100 (British Summer Time),0.0344,0.0316,0.1919,863067.7126086855
Tue May 14 2024 22:00:00 GMT+0100 (British Summer Time),0.0344,0.0316,0.204,1217999.8540522044
Tue May 14 2024 23:00:00 GMT+0100 (British Summer Time),0.0344,0.0316,0.2034,62111.99561920337
Wed May 15 2024 00:00:00 GMT+0100 (British Summer Time),0.0344,0.0316,0.204,69636.84468127867
Wed May 15 2024 01:00:00 GMT+0100 (British Summer Time),0.0344,0.0316,0.2046,49046.28630449932
Wed May 15 2024 02:00:00 GMT+0100 (British Summer Time),0.0344,0.0316,0.2045,8439.879964905296
Wed May 15 2024 03:00:00 GMT+0100 (British Summer Time),0.0344,0.0316,0.2045,1518.4552403429357
Wed May 15 2024 04:00:00 GMT+0100 (British Summer Time),0.0344,0.0316,0.2045,865.3347880503105
Wed May 15 2024 05:00:00 GMT+0100 (British Summer Time),0.0344,0.0316,0.203,164277.9374501114
Wed May 15 2024 06:00:00 GMT+0100 (British Summer Time),0.0344,0.028,0.206,286833.35162660823
Wed May 15 2024 07:00:00 GMT+0100 (British Summer Time),0.0322,0.0327,0.2057,53193.57612513893
Wed May 15 2024 08:00:00 GMT+0100 (British Summer Time),0.0322,0.0327,0.2103,502919.8184884903
Wed May 15 2024 09:00:00 GMT+0100 (British Summer Time),0.0322,0.0327,0.2089,209069.04927167398
Wed May 15 2024 10:00:00 GMT+0100 (British Summer Time),0.0322,0.0327,0.2072,161799.0682283038
Wed May 15 2024 11:00:00 GMT+0100 (British Summer Time),0.0322,0.0327,0.2064,71202.46159640558
Wed May 15 2024 12:00:00 GMT+0100 (British Summer Time),0.0322,0.0327,0.2064,4229.103592314341
Wed May 15 2024 13:00:00 GMT+0100 (British Summer Time),0.0322,0.0327,0.2064,0
Wed May 15 2024 14:00:00 GMT+0100 (British Summer Time),0.0322,0.0327,0.2063,12131.809890859297
Wed May 15 2024 15:00:00 GMT+0100 (British Summer Time),0.0322,0.0327,0.2001,579458.8312781977
Wed May 15 2024 16:00:00 GMT+0100 (British Summer Time),0.0322,0.0327,0.2001,0
Wed May 15 2024 17:00:00 GMT+0100 (British Summer Time),0.0322,0.0327,0.1867,1512535.5978509835
Wed May 15 2024 18:00:00 GMT+0100 (British Summer Time),0.0322,0.0327,0.1866,320526.8690575104
Wed May 15 2024 19:00:00 GMT+0100 (British Summer Time),0.0322,0.0327,0.1857,227479.99460041057
Wed May 15 2024 20:00:00 GMT+0100 (British Summer Time),0.0322,0.0327,0.1862,95554.90734296723
Wed May 15 2024 21:00:00 GMT+0100 (British Summer Time),0.0322,0.0327,0.1895,321325.909532843
Wed May 15 2024 22:00:00 GMT+0100 (British Summer Time),0.0322,0.0327,0.188,137828.01486737878
Wed May 15 2024 23:00:00 GMT+0100 (British Summer Time),0.0322,0.0327,0.188,0
Thu May 16 2024 00:00:00 GMT+0100 (British Summer Time),0.0322,0.0327,0.1882,313841.74771911115
Thu May 16 2024 01:00:00 GMT+0100 (British Summer Time),0.0322,0.0327,0.1842,464527.05940159777
Thu May 16 2024 02:00:00 GMT+0100 (British Summer Time),0.0322,0.0327,0.1828,150819.26897534204
Thu May 16 2024 03:00:00 GMT+0100 (British Summer Time),0.0322,0.0327,0.1827,16815.67620815938
Thu May 16 2024 04:00:00 GMT+0100 (British Summer Time),0.0322,0.0327,0.1827,2769.037995595581
Thu May 16 2024 05:00:00 GMT+0100 (British Summer Time),0.0322,0.0327,0.1828,6384.082790405779
Thu May 16 2024 06:00:00 GMT+0100 (British Summer Time),0.0322,0.0282,0.1837,100769.22474073061
Thu May 16 2024 07:00:00 GMT+0100 (British Summer Time),0.0284,0.0323,0.1834,44022.355521591766
Thu May 16 2024 08:00:00 GMT+0100 (British Summer Time),0.0284,0.0323,0.1823,108218.59722155718
Thu May 16 2024 09:00:00 GMT+0100 (British Summer Time),0.0284,0.0323,0.1828,84149.07139758467
Thu May 16 2024 10:00:00 GMT+0100 (British Summer Time),0.0284,0.0323,0.1833,98959.5474614252
Thu May 16 2024 11:00:00 GMT+0100 (British Summer Time),0.0284,0.0323,0.1843,364531.4623427537
Thu May 16 2024 12:00:00 GMT+0100 (British Summer Time),0.0284,0.0323,0.1821,201517.7598603399
Thu May 16 2024 13:00:00 GMT+0100 (British Summer Time),0.0284,0.0323,0.1821,0
Thu May 16 2024 14:00:00 GMT+0100 (British Summer Time),0.0284,0.0323,0.1821,0
Thu May 16 2024 15:00:00 GMT+0100 (British Summer Time),0.0284,0.0323,0.1817,62851.34405556842
Thu May 16 2024 16:00:00 GMT+0100 (British Summer Time),0.0284,0.0323,0.1817,0
Thu May 16 2024 17:00:00 GMT+0100 (British Summer Time),0.0284,0.0323,0.1833,141939.33829704608
Thu May 16 2024 18:00:00 GMT+0100 (British Summer Time),0.0284,0.0323,0.1833,4930.746483193083
Thu May 16 2024 19:00:00 GMT+0100 (British Summer Time),0.0284,0.0323,0.1833,739.1524883311835
Thu May 16 2024 20:00:00 GMT+0100 (British Summer Time),0.0284,0.0323,0.1825,66902.95863182697
Thu May 16 2024 21:00:00 GMT+0100 (British Summer Time),0.0284,0.0323,0.1828,313937.3884907656
Thu May 16 2024 22:00:00 GMT+0100 (British Summer Time),0.0284,0.0323,0.1822,123940.05955097031
Thu May 16 2024 23:00:00 GMT+0100 (British Summer Time),0.0284,0.0323,0.1813,17759.328375716927
Fri May 17 2024 00:00:00 GMT+0100 (British Summer Time),0.0284,0.0323,0.1834,189587.2718675306
Fri May 17 2024 01:00:00 GMT+0100 (British Summer Time),0.0284,0.0323,0.1834,5214.969299045649
Fri May 17 2024 02:00:00 GMT+0100 (British Summer Time),0.0284,0.0323,0.1835,5388.563767879048
Fri May 17 2024 03:00:00 GMT+0100 (British Summer Time),0.0284,0.0323,0.1834,5473.021243562529
Fri May 17 2024 04:00:00 GMT+0100 (British Summer Time),0.0284,0.0323,0.1835,2722.103124201695
Fri May 17 2024 05:00:00 GMT+0100 (British Summer Time),0.0284,0.0323,0.1835,0
Fri May 17 2024 06:00:00 GMT+0100 (British Summer Time),0.0284,0.0272,0.1835,1772.8008644323852
Fri May 17 2024 07:00:00 GMT+0100 (British Summer Time),0.028,0.0313,0.1835,0
Fri May 17 2024 08:00:00 GMT+0100 (British Summer Time),0.028,0.0313,0.184,54521.51485637209
Fri May 17 2024 09:00:00 GMT+0100 (British Summer Time),0.028,0.0313,0.184,0
Fri May 17 2024 10:00:00 GMT+0100 (British Summer Time),0.028,0.0313,0.1831,86839.67319900458
Fri May 17 2024 11:00:00 GMT+0100 (British Summer Time),0.028,0.0313,0.1803,345781.44934984733
Fri May 17 2024 12:00:00 GMT+0100 (British Summer Time),0.028,0.0313,0.1818,132246.41552505965
Fri May 17 2024 13:00:00 GMT+0100 (British Summer Time),0.028,0.0313,0.1746,654391.0167834454
Fri May 17 2024 14:00:00 GMT+0100 (British Summer Time),0.028,0.0313,0.1627,1937813.3033775052
Fri May 17 2024 15:00:00 GMT+0100 (British Summer Time),0.028,0.0313,0.1607,573045.4915461097
Fri May 17 2024 16:00:00 GMT+0100 (British Summer Time),0.028,0.0313,0.1615,0
Fri May 17 2024 17:00:00 GMT+0100 (British Summer Time),0.028,0.0313,0.1667,525189.2811367385
Fri May 17 2024 18:00:00 GMT+0100 (British Summer Time),0.028,0.0313,0.167,26855.836619844118
Fri May 17 2024 19:00:00 GMT+0100 (British Summer Time),0.028,0.0313,0.167,0
Fri May 17 2024 20:00:00 GMT+0100 (British Summer Time),0.028,0.0313,0.1793,1121456.3252190812
Fri May 17 2024 21:00:00 GMT+0100 (British Summer Time),0.028,0.0313,0.1797,217104.56638651915
Fri May 17 2024 22:00:00 GMT+0100 (British Summer Time),0.028,0.0313,0.1799,259386.36414094752
Fri May 17 2024 23:00:00 GMT+0100 (British Summer Time),0.028,0.0313,0.1799,4.555042323349065
Sat May 18 2024 00:00:00 GMT+0100 (British Summer Time),0.028,0.0313,0.18,147027.0256139139
Sat May 18 2024 01:00:00 GMT+0100 (British Summer Time),0.028,0.0313,0.18,0
Sat May 18 2024 02:00:00 GMT+0100 (British Summer Time),0.028,0.0313,0.18,0
Sat May 18 2024 03:00:00 GMT+0100 (British Summer Time),0.028,0.0313,0.18,0
Sat May 18 2024 04:00:00 GMT+0100 (British Summer Time),0.028,0.0313,0.18,3436.3443843024534
Sat May 18 2024 05:00:00 GMT+0100 (British Summer Time),0.028,0.0313,0.1686,1096795.2562578924
Sat May 18 2024 06:00:00 GMT+0100 (British Summer Time),0.028,0.0265,0.1686,1570.180416794707
Sat May 18 2024 07:00:00 GMT+0100 (British Summer Time),0.0302,0.0309,0.1681,81334.28651847376
Sat May 18 2024 08:00:00 GMT+0100 (British Summer Time),0.0302,0.0309,0.1684,12246.512066177294
Sat May 18 2024 09:00:00 GMT+0100 (British Summer Time),0.0302,0.0309,0.1684,0
Sat May 18 2024 10:00:00 GMT+0100 (British Summer Time),0.0302,0.0309,0.1664,184972.1665417551
Sat May 18 2024 11:00:00 GMT+0100 (British Summer Time),0.0302,0.0309,0.1664,4637.501979375612
Sat May 18 2024 12:00:00 GMT+0100 (British Summer Time),0.0302,0.0309,0.171,415188.1425121017
Sat May 18 2024 13:00:00 GMT+0100 (British Summer Time),0.0302,0.0309,0.171,318.4562193765892
Sat May 18 2024 14:00:00 GMT+0100 (British Summer Time),0.0302,0.0309,0.1722,130325.95751969692
Sat May 18 2024 15:00:00 GMT+0100 (British Summer Time),0.0302,0.0309,0.1706,144522.1290548974
Sat May 18 2024 16:00:00 GMT+0100 (British Summer Time),0.0302,0.0309,0.1706,0
Sat May 18 2024 17:00:00 GMT+0100 (British Summer Time),0.0302,0.0309,0.1706,0
Sat May 18 2024 18:00:00 GMT+0100 (British Summer Time),0.0302,0.0309,0.1675,331595.2623063921
Sat May 18 2024 19:00:00 GMT+0100 (British Summer Time),0.0302,0.0309,0.1698,296404.23882910894
Sat May 18 2024 20:00:00 GMT+0100 (British Summer Time),0.0302,0.0309,0.1648,1568213.8810075286
Sat May 18 2024 21:00:00 GMT+0100 (British Summer Time),0.0302,0.0309,0.1686,344565.1803017449
Sat May 18 2024 22:00:00 GMT+0100 (British Summer Time),0.0302,0.0309,0.1682,33214.59936602764
Sat May 18 2024 23:00:00 GMT+0100 (British Summer Time),0.0302,0.0309,0.1677,47961.52356466305
Sun May 19 2024 00:00:00 GMT+0100 (British Summer Time),0.0302,0.0309,0.1677,0
Sun May 19 2024 01:00:00 GMT+0100 (British Summer Time),0.0302,0.0309,0.1713,334255.6095330798
Sun May 19 2024 02:00:00 GMT+0100 (British Summer Time),0.0302,0.0309,0.1711,24157.96211429342
Sun May 19 2024 03:00:00 GMT+0100 (British Summer Time),0.0302,0.0309,0.1711,0
Sun May 19 2024 04:00:00 GMT+0100 (British Summer Time),0.0302,0.0309,0.1709,20815.36359785722
Sun May 19 2024 05:00:00 GMT+0100 (British Summer Time),0.0302,0.0309,0.1728,181721.75480646803
Sun May 19 2024 06:00:00 GMT+0100 (British Summer Time),0.0302,0.0265,0.1728,3500.969358436787
Sun May 19 2024 07:00:00 GMT+0100 (British Summer Time),0.0288,0.0307,0.1731,34348.49907533359
Sun May 19 2024 08:00:00 GMT+0100 (British Summer Time),0.0288,0.0307,0.1732,75315.90132473219
Sun May 19 2024 09:00:00 GMT+0100 (British Summer Time),0.0288,0.0307,0.1723,5261.215898104783
Sun May 19 2024 10:00:00 GMT+0100 (British Summer Time),0.0288,0.0307,0.1723,11795.320802388933
Sun May 19 2024 11:00:00 GMT+0100 (British Summer Time),0.0288,0.0307,0.1722,8026.128224045301
Sun May 19 2024 12:00:00 GMT+0100 (British Summer Time),0.0288,0.0307,0.1755,303240.647919469
Sun May 19 2024 13:00:00 GMT+0100 (British Summer Time),0.0288,0.0307,0.1779,229653.46217349553
Sun May 19 2024 14:00:00 GMT+0100 (British Summer Time),0.0288,0.0307,0.1724,735728.6755392499
Sun May 19 2024 15:00:00 GMT+0100 (British Summer Time),0.0288,0.0307,0.1724,0
Sun May 19 2024 16:00:00 GMT+0100 (British Summer Time),0.0288,0.0307,0.1724,0
Sun May 19 2024 17:00:00 GMT+0100 (British Summer Time),0.0288,0.0307,0.1724,0
Sun May 19 2024 18:00:00 GMT+0100 (British Summer Time),0.0288,0.0307,0.1726,14455.134184967848
Sun May 19 2024 19:00:00 GMT+0100 (British Summer Time),0.0288,0.0307,0.1702,217887.53996717773
Sun May 19 2024 20:00:00 GMT+0100 (British Summer Time),0.0288,0.0307,0.1538,9255814.07878762
Sun May 19 2024 21:00:00 GMT+0100 (British Summer Time),0.0288,0.0307,0.1532,310324.6632900273
Sun May 19 2024 22:00:00 GMT+0100 (British Summer Time),0.0288,0.0307,0.1535,0
Sun May 19 2024 23:00:00 GMT+0100 (British Summer Time),0.0288,0.0307,0.1548,114325.39269441996
Mon May 20 2024 00:00:00 GMT+0100 (British Summer Time),0.0288,0.0307,0.1606,570332.343785785
Mon May 20 2024 01:00:00 GMT+0100 (British Summer Time),0.0288,0.0307,0.1626,221659.4341288152
Mon May 20 2024 02:00:00 GMT+0100 (British Summer Time),0.0288,0.0307,0.1631,2723.0183712087082
Mon May 20 2024 03:00:00 GMT+0100 (British Summer Time),0.0288,0.0307,0.1631,0
Mon May 20 2024 04:00:00 GMT+0100 (British Summer Time),0.0288,0.0307,0.1631,0
Mon May 20 2024 05:00:00 GMT+0100 (British Summer Time),0.0288,0.0307,0.163,9227.670033323888
Mon May 20 2024 06:00:00 GMT+0100 (British Summer Time),0.0288,0.026,0.1628,12553.183022451956
Mon May 20 2024 07:00:00 GMT+0100 (British Summer Time),0.0248,0.0295,0.161,174287.04276998245
Mon May 20 2024 08:00:00 GMT+0100 (British Summer Time),0.0248,0.0295,0.161,1338.5256936776132
Mon May 20 2024 09:00:00 GMT+0100 (British Summer Time),0.0248,0.0295,0.161,0
Mon May 20 2024 10:00:00 GMT+0100 (British Summer Time),0.0248,0.0295,0.1599,102944.64808632655
Mon May 20 2024 11:00:00 GMT+0100 (British Summer Time),0.0248,0.0295,0.1599,0
Mon May 20 2024 12:00:00 GMT+0100 (British Summer Time),0.0248,0.0295,0.1595,36578.064645657076
Mon May 20 2024 13:00:00 GMT+0100 (British Summer Time),0.0248,0.0295,0.156,434385.11101356015
Mon May 20 2024 14:00:00 GMT+0100 (British Summer Time),0.0248,0.0295,0.1563,20418.581538384937
Mon May 20 2024 15:00:00 GMT+0100 (British Summer Time),0.0248,0.0295,0.1567,109406.34497692189
Mon May 20 2024 16:00:00 GMT+0100 (British Summer Time),0.0248,0.0295,0.156,0
Mon May 20 2024 17:00:00 GMT+0100 (British Summer Time),0.0248,0.0295,0.156,0
Mon May 20 2024 18:00:00 GMT+0100 (British Summer Time),0.0248,0.0295,0.1627,582378.2681842085
Mon May 20 2024 19:00:00 GMT+0100 (British Summer Time),0.0248,0.0295,0.1627,0
Mon May 20 2024 20:00:00 GMT+0100 (British Summer Time),0.0248,0.0295,0.1627,1957.5481848719498
Mon May 20 2024 21:00:00 GMT+0100 (British Summer Time),0.0248,0.0295,0.1627,0
Mon May 20 2024 22:00:00 GMT+0100 (British Summer Time),0.0248,0.0295,0.1627,0
Mon May 20 2024 23:00:00 GMT+0100 (British Summer Time),0.0248,0.0295,0.1639,759781.8064108111
Tue May 21 2024 00:00:00 GMT+0100 (British Summer Time),0.0248,0.0295,0.1639,0
Tue May 21 2024 01:00:00 GMT+0100 (British Summer Time),0.0248,0.0295,0.1639,0
Tue May 21 2024 02:00:00 GMT+0100 (British Summer Time),0.0248,0.0295,0.1664,471869.9441896463
Tue May 21 2024 03:00:00 GMT+0100 (British Summer Time),0.0248,0.0295,0.1659,151612.99509627844
Tue May 21 2024 04:00:00 GMT+0100 (British Summer Time),0.0248,0.0295,0.1659,0
Tue May 21 2024 05:00:00 GMT+0100 (British Summer Time),0.0248,0.0295,0.1649,99479.74790493632
Tue May 21 2024 06:00:00 GMT+0100 (British Summer Time),0.0248,0.0295,0.1649,0
Tue May 21 2024 07:00:00 GMT+0100 (British Summer Time),0.0273,0.0285,0.164,136052.14777833447
Tue May 21 2024 08:00:00 GMT+0100 (British Summer Time),0.0273,0.0285,0.164,0
Tue May 21 2024 09:00:00 GMT+0100 (British Summer Time),0.0273,0.0285,0.1608,323932.6051399892
Tue May 21 2024 10:00:00 GMT+0100 (British Summer Time),0.0273,0.0285,0.1575,1978557.893887255
Tue May 21 2024 11:00:00 GMT+0100 (British Summer Time),0.0273,0.0285,0.1575,0
Tue May 21 2024 12:00:00 GMT+0100 (British Summer Time),0.0273,0.0285,0.1596,366995.7331117708
Tue May 21 2024 13:00:00 GMT+0100 (British Summer Time),0.0273,0.0285,0.1614,190154.6741208834
Tue May 21 2024 14:00:00 GMT+0100 (British Summer Time),0.0273,0.0285,0.1637,239495.54741454328
Tue May 21 2024 15:00:00 GMT+0100 (British Summer Time),0.0273,0.0285,0.1637,2396.8825442606253
Tue May 21 2024 16:00:00 GMT+0100 (British Summer Time),0.0273,0.0285,0.1648,129933.2166762748
Tue May 21 2024 17:00:00 GMT+0100 (British Summer Time),0.0273,0.0285,0.162,285054.7636732616
Tue May 21 2024 18:00:00 GMT+0100 (British Summer Time),0.0273,0.0285,0.162,0
Tue May 21 2024 19:00:00 GMT+0100 (British Summer Time),0.0273,0.0285,0.162,0
Tue May 21 2024 20:00:00 GMT+0100 (British Summer Time),0.0273,0.0285,0.1621,5430.506244387217
Tue May 21 2024 21:00:00 GMT+0100 (British Summer Time),0.0273,0.0285,0.1622,22369.226426194018
Tue May 21 2024 22:00:00 GMT+0100 (British Summer Time),0.0273,0.0285,0.1625,24808.348587370525
Tue May 21 2024 23:00:00 GMT+0100 (British Summer Time),0.0273,0.0285,0.163,50098.55747042214
Wed May 22 2024 00:00:00 GMT+0100 (British Summer Time),0.0273,0.0285,0.1634,473512.68850904563
Wed May 22 2024 01:00:00 GMT+0100 (British Summer Time),0.0273,0.0285,0.1636,18413.738756733394
Wed May 22 2024 02:00:00 GMT+0100 (British Summer Time),0.0273,0.0285,0.1636,0
Wed May 22 2024 03:00:00 GMT+0100 (British Summer Time),0.0273,0.0285,0.1636,3412.3834190843104
Wed May 22 2024 04:00:00 GMT+0100 (British Summer Time),0.0273,0.0285,0.1636,0
Wed May 22 2024 05:00:00 GMT+0100 (British Summer Time),0.0273,0.0285,0.1599,390723.17827329936
Wed May 22 2024 06:00:00 GMT+0100 (British Summer Time),0.0273,0.0285,0.1585,136829.9906083138
Wed May 22 2024 07:00:00 GMT+0100 (British Summer Time),0.0368,0.0292,0.1586,9850.538270170651
Wed May 22 2024 08:00:00 GMT+0100 (British Summer Time),0.0368,0.0292,0.159,145340.4005102477
Wed May 22 2024 09:00:00 GMT+0100 (British Summer Time),0.0368,0.0292,0.1589,8349.623777819299
Wed May 22 2024 10:00:00 GMT+0100 (British Summer Time),0.0368,0.0292,0.1589,0
Wed May 22 2024 11:00:00 GMT+0100 (British Summer Time),0.0368,0.0292,0.1589,0
Wed May 22 2024 12:00:00 GMT+0100 (British Summer Time),0.0368,0.0292,0.1589,0
Wed May 22 2024 13:00:00 GMT+0100 (British Summer Time),0.0368,0.0292,0.1617,279416.1166660613
Wed May 22 2024 14:00:00 GMT+0100 (British Summer Time),0.0368,0.0292,0.162,29953.11015710847
Wed May 22 2024 15:00:00 GMT+0100 (British Summer Time),0.0368,0.0292,0.162,0
Wed May 22 2024 16:00:00 GMT+0100 (British Summer Time),0.0368,0.0292,0.162,0
Wed May 22 2024 17:00:00 GMT+0100 (British Summer Time),0.0368,0.0292,0.1609,109579.62039612964
Wed May 22 2024 18:00:00 GMT+0100 (British Summer Time),0.0368,0.0292,0.1609,0
Wed May 22 2024 19:00:00 GMT+0100 (British Summer Time),0.0368,0.0292,0.1609,0
Wed May 22 2024 20:00:00 GMT+0100 (British Summer Time),0.0368,0.0292,0.1609,5790.935720731807
Wed May 22 2024 21:00:00 GMT+0100 (British Summer Time),0.0368,0.0292,0.1609,0
Wed May 22 2024 22:00:00 GMT+0100 (British Summer Time),0.0368,0.0292,0.158,348760.8000665742
Wed May 22 2024 23:00:00 GMT+0100 (British Summer Time),0.0368,0.0292,0.1572,27179.375785343604
Thu May 23 2024 00:00:00 GMT+0100 (British Summer Time),0.0368,0.0292,0.1561,104599.91212083645
Thu May 23 2024 01:00:00 GMT+0100 (British Summer Time),0.0368,0.0292,0.1561,0
Thu May 23 2024 02:00:00 GMT+0100 (British Summer Time),0.0368,0.0292,0.1561,0
Thu May 23 2024 03:00:00 GMT+0100 (British Summer Time),0.0368,0.0292,0.1561,0
Thu May 23 2024 04:00:00 GMT+0100 (British Summer Time),0.0368,0.0292,0.1562,10702.934259602784
Thu May 23 2024 05:00:00 GMT+0100 (British Summer Time),0.0368,0.0292,0.1567,49053.96663525714
Thu May 23 2024 06:00:00 GMT+0100 (British Summer Time),0.0368,0.0292,0.1566,4057.892636572518
Thu May 23 2024 07:00:00 GMT+0100 (British Summer Time),0,0.0251,0.1566,0
Thu May 23 2024 08:00:00 GMT+0100 (British Summer Time),0.04,0.0308,0.1566,0
Thu May 23 2024 09:00:00 GMT+0100 (British Summer Time),0.04,0.0308,0.1567,1797.0508786996859
Thu May 23 2024 10:00:00 GMT+0100 (British Summer Time),0.04,0.0308,0.1567,0
Thu May 23 2024 11:00:00 GMT+0100 (British Summer Time),0.04,0.0308,0.1402,2810963.620263025
Thu May 23 2024 12:00:00 GMT+0100 (British Summer Time),0.04,0.0308,0.1378,1678459.887701858
Thu May 23 2024 13:00:00 GMT+0100 (British Summer Time),0.04,0.0308,0.1464,865577.5835947723
Thu May 23 2024 14:00:00 GMT+0100 (British Summer Time),0.04,0.0308,0.1464,0
Thu May 23 2024 15:00:00 GMT+0100 (British Summer Time),0.04,0.0308,0.1534,4263187.393315274
Thu May 23 2024 16:00:00 GMT+0100 (British Summer Time),0.04,0.0308,0.1419,466815.6322203039
Thu May 23 2024 17:00:00 GMT+0100 (British Summer Time),0.04,0.0308,0.1453,329789.1135682919
Thu May 23 2024 18:00:00 GMT+0100 (British Summer Time),0.04,0.0308,0.1453,0
Thu May 23 2024 19:00:00 GMT+0100 (British Summer Time),0.04,0.0308,0.1453,0
Thu May 23 2024 20:00:00 GMT+0100 (British Summer Time),0.04,0.0308,0.1453,0
Thu May 23 2024 21:00:00 GMT+0100 (British Summer Time),0.04,0.0308,0.1419,317418.9715375436
Thu May 23 2024 22:00:00 GMT+0100 (British Summer Time),0.04,0.0308,0.1419,0
Thu May 23 2024 23:00:00 GMT+0100 (British Summer Time),0.04,0.0308,0.1503,829546.2176456761
Fri May 24 2024 00:00:00 GMT+0100 (British Summer Time),0.04,0.0308,0.1503,0
Fri May 24 2024 01:00:00 GMT+0100 (British Summer Time),0.04,0.0308,0.1503,0
Fri May 24 2024 02:00:00 GMT+0100 (British Summer Time),0.04,0.0308,0.1503,0
Fri May 24 2024 03:00:00 GMT+0100 (British Summer Time),0.04,0.0308,0.1537,681786.6255003407
Fri May 24 2024 04:00:00 GMT+0100 (British Summer Time),0.04,0.0308,0.1506,0
Fri May 24 2024 05:00:00 GMT+0100 (British Summer Time),0.04,0.0308,0.1506,0
Fri May 24 2024 06:00:00 GMT+0100 (British Summer Time),0.04,0.0308,0.1506,0
Fri May 24 2024 07:00:00 GMT+0100 (British Summer Time),0.04,0.0268,0.148,258518.69472024633
Fri May 24 2024 08:00:00 GMT+0100 (British Summer Time),0.0382,0.0323,0.1486,195651.7193332576
Fri May 24 2024 09:00:00 GMT+0100 (British Summer Time),0.0382,0.0323,0.15,2363.87537454699
Fri May 24 2024 10:00:00 GMT+0100 (British Summer Time),0.0382,0.0323,0.1475,469129.3417344771
Fri May 24 2024 11:00:00 GMT+0100 (British Summer Time),0.0382,0.0323,0.1475,0
Fri May 24 2024 12:00:00 GMT+0100 (British Summer Time),0.0382,0.0323,0.1474,8435.30454134092
Fri May 24 2024 13:00:00 GMT+0100 (British Summer Time),0.0382,0.0323,0.1495,194886.47640511696
Fri May 24 2024 14:00:00 GMT+0100 (British Summer Time),0.0382,0.0323,0.1494,3297.493488442771
Fri May 24 2024 15:00:00 GMT+0100 (British Summer Time),0.0382,0.0323,0.1494,146934.37560734374
Fri May 24 2024 16:00:00 GMT+0100 (British Summer Time),0.0382,0.0323,0.1494,0
Fri May 24 2024 17:00:00 GMT+0100 (British Summer Time),0.0382,0.0323,0.1494,0
Fri May 24 2024 18:00:00 GMT+0100 (British Summer Time),0.0382,0.0323,0.1497,35477.24709723166
Fri May 24 2024 19:00:00 GMT+0100 (British Summer Time),0.0382,0.0323,0.1498,6940.061433780098
Fri May 24 2024 20:00:00 GMT+0100 (British Summer Time),0.0382,0.0323,0.1498,2896.915030876625
Fri May 24 2024 21:00:00 GMT+0100 (British Summer Time),0.0382,0.0323,0.1501,29025.501769034316
Fri May 24 2024 22:00:00 GMT+0100 (British Summer Time),0.0382,0.0323,0.1501,1417.8898535479375
Fri May 24 2024 23:00:00 GMT+0100 (British Summer Time),0.0382,0.0323,0.1502,80384.6287607489
Sat May 25 2024 00:00:00 GMT+0100 (British Summer Time),0.0382,0.0323,0.1502,29045.106873889286
Sat May 25 2024 01:00:00 GMT+0100 (British Summer Time),0.0382,0.0323,0.1515,94284.08422683808
Sat May 25 2024 02:00:00 GMT+0100 (British Summer Time),0.0382,0.0323,0.1546,304426.75310239766
Sat May 25 2024 03:00:00 GMT+0100 (British Summer Time),0.0382,0.0323,0.1542,59407.61220504853
Sat May 25 2024 04:00:00 GMT+0100 (British Summer Time),0.0382,0.0323,0.1542,0
Sat May 25 2024 05:00:00 GMT+0100 (British Summer Time),0.0382,0.0323,0.1542,8127.063565682138
Sat May 25 2024 06:00:00 GMT+0100 (British Summer Time),0.0382,0.0323,0.154,7228.469352918558
Sat May 25 2024 07:00:00 GMT+0100 (British Summer Time),0.0382,0.0279,0.1545,62227.024472943725
Sat May 25 2024 08:00:00 GMT+0100 (British Summer Time),0.0372,0.0333,0.1528,203521.6487248522
Sat May 25 2024 09:00:00 GMT+0100 (British Summer Time),0.0372,0.0333,0.1536,123421.36851128415
Sat May 25 2024 10:00:00 GMT+0100 (British Summer Time),0.0372,0.0333,0.1549,119879.54094238678
Sat May 25 2024 11:00:00 GMT+0100 (British Summer Time),0.0372,0.0333,0.1555,64045.92419398327
Sat May 25 2024 12:00:00 GMT+0100 (British Summer Time),0.0372,0.0333,0.156,52438.03727681535
Sat May 25 2024 13:00:00 GMT+0100 (British Summer Time),0.0372,0.0333,0.1598,384786.53838021867
Sat May 25 2024 14:00:00 GMT+0100 (British Summer Time),0.0372,0.0333,0.1598,0
Sat May 25 2024 15:00:00 GMT+0100 (British Summer Time),0.0372,0.0333,0.1626,273465.61481384933
Sat May 25 2024 16:00:00 GMT+0100 (British Summer Time),0.0372,0.0333,0.1615,257275.6473531773
Sat May 25 2024 17:00:00 GMT+0100 (British Summer Time),0.0372,0.0333,0.1649,336985.228040493
Sat May 25 2024 18:00:00 GMT+0100 (British Summer Time),0.0372,0.0333,0.1624,467827.42331746896
Sat May 25 2024 19:00:00 GMT+0100 (British Summer Time),0.0372,0.0333,0.1624,5294.392886839385
Sat May 25 2024 20:00:00 GMT+0100 (British Summer Time),0.0372,0.0333,0.1641,171302.40382401098
Sat May 25 2024 21:00:00 GMT+0100 (British Summer Time),0.0372,0.0333,0.1695,725681.8375122767
Sat May 25 2024 22:00:00 GMT+0100 (British Summer Time),0.0372,0.0333,0.1695,0
Sat May 25 2024 23:00:00 GMT+0100 (British Summer Time),0.0372,0.0333,0.1697,19162.485563187776
Sun May 26 2024 00:00:00 GMT+0100 (British Summer Time),0.0372,0.0333,0.1697,133550.39897258472
Sun May 26 2024 01:00:00 GMT+0100 (British Summer Time),0.0372,0.0333,0.1698,8781.810392423127
Sun May 26 2024 02:00:00 GMT+0100 (British Summer Time),0.0372,0.0333,0.1699,12878.495835536542
Sun May 26 2024 03:00:00 GMT+0100 (British Summer Time),0.0372,0.0333,0.1699,5931.795853894405
Sun May 26 2024 04:00:00 GMT+0100 (British Summer Time),0.0372,0.0333,0.1692,76767.69796731042
Sun May 26 2024 05:00:00 GMT+0100 (British Summer Time),0.0372,0.0333,0.1692,268.74005829155874
Sun May 26 2024 06:00:00 GMT+0100 (British Summer Time),0.0372,0.0333,0.1692,0
Sun May 26 2024 07:00:00 GMT+0100 (British Summer Time),0.0372,0.0291,0.1703,299609.07066504547
Sun May 26 2024 08:00:00 GMT+0100 (British Summer Time),0.0387,0.0347,0.1704,40699.48578714352
Sun May 26 2024 09:00:00 GMT+0100 (British Summer Time),0.0387,0.0347,0.1709,188325.77290834105
Sun May 26 2024 10:00:00 GMT+0100 (British Summer Time),0.0387,0.0347,0.1709,3007.861719649933
Sun May 26 2024 11:00:00 GMT+0100 (British Summer Time),0.0387,0.0347,0.171,84173.51236637219
Sun May 26 2024 12:00:00 GMT+0100 (British Summer Time),0.0387,0.0347,0.1717,70449.60217018363
Sun May 26 2024 13:00:00 GMT+0100 (British Summer Time),0.0387,0.0347,0.1691,273031.0664212065
Sun May 26 2024 14:00:00 GMT+0100 (British Summer Time),0.0387,0.0347,0.1691,4968.555278104745
Sun May 26 2024 15:00:00 GMT+0100 (British Summer Time),0.0387,0.0347,0.1656,606525.9967997953
Sun May 26 2024 16:00:00 GMT+0100 (British Summer Time),0.0387,0.0347,0.1654,20002.619210720834
Sun May 26 2024 17:00:00 GMT+0100 (British Summer Time),0.0387,0.0347,0.1673,197642.9535310636
Sun May 26 2024 18:00:00 GMT+0100 (British Summer Time),0.0387,0.0347,0.1673,0
Sun May 26 2024 19:00:00 GMT+0100 (British Summer Time),0.0387,0.0347,0.1673,0
Sun May 26 2024 20:00:00 GMT+0100 (British Summer Time),0.0387,0.0347,0.1673,3336.3285210429676
Sun May 26 2024 21:00:00 GMT+0100 (British Summer Time),0.0387,0.0347,0.1673,0
Sun May 26 2024 22:00:00 GMT+0100 (British Summer Time),0.0387,0.0347,0.1673,0
Sun May 26 2024 23:00:00 GMT+0100 (British Summer Time),0.0387,0.0347,0.1673,0
Mon May 27 2024 00:00:00 GMT+0100 (British Summer Time),0.0387,0.0347,0.1673,0
Mon May 27 2024 01:00:00 GMT+0100 (British Summer Time),0.0387,0.0347,0.1673,0
Mon May 27 2024 02:00:00 GMT+0100 (British Summer Time),0.0387,0.0347,0.1673,0
Mon May 27 2024 03:00:00 GMT+0100 (British Summer Time),0.0387,0.0347,0.1673,0
Mon May 27 2024 04:00:00 GMT+0100 (British Summer Time),0.0387,0.0347,0.1672,17594.67139858109
Mon May 27 2024 05:00:00 GMT+0100 (British Summer Time),0.0387,0.0347,0.1672,0
Mon May 27 2024 06:00:00 GMT+0100 (British Summer Time),0.0387,0.0347,0.1672,0
Mon May 27 2024 07:00:00 GMT+0100 (British Summer Time),0.0387,0.0311,0.1672,0
Mon May 27 2024 08:00:00 GMT+0100 (British Summer Time),0.038,0.0366,0.1672,815.4740474625559
Mon May 27 2024 09:00:00 GMT+0100 (British Summer Time),0.038,0.0366,0.1674,41480.556674559004
Mon May 27 2024 10:00:00 GMT+0100 (British Summer Time),0.038,0.0366,0.1634,430759.3601424563
Mon May 27 2024 11:00:00 GMT+0100 (British Summer Time),0.038,0.0366,0.1641,75137.63549925665
Mon May 27 2024 12:00:00 GMT+0100 (British Summer Time),0.038,0.0366,0.1641,0
Mon May 27 2024 13:00:00 GMT+0100 (British Summer Time),0.038,0.0366,0.1655,149905.06268829963
Mon May 27 2024 14:00:00 GMT+0100 (British Summer Time),0.038,0.0366,0.1661,300946.819852129
Mon May 27 2024 15:00:00 GMT+0100 (British Summer Time),0.038,0.0366,0.1662,5205.805089094087
Mon May 27 2024 16:00:00 GMT+0100 (British Summer Time),0.038,0.0366,0.1671,103140.02040191385
Mon May 27 2024 17:00:00 GMT+0100 (British Summer Time),0.038,0.0366,0.1671,0
Mon May 27 2024 18:00:00 GMT+0100 (British Summer Time),0.038,0.0366,0.1617,1700904.4559238895
Mon May 27 2024 19:00:00 GMT+0100 (British Summer Time),0.038,0.0366,0.1617,0
Mon May 27 2024 20:00:00 GMT+0100 (British Summer Time),0.038,0.0366,0.1617,0
Mon May 27 2024 21:00:00 GMT+0100 (British Summer Time),0.038,0.0366,0.1617,0
Mon May 27 2024 22:00:00 GMT+0100 (British Summer Time),0.038,0.0366,0.1644,290810.1675420925
Mon May 27 2024 23:00:00 GMT+0100 (British Summer Time),0.038,0.0366,0.1664,747574.5162869601
Tue May 28 2024 00:00:00 GMT+0100 (British Summer Time),0.038,0.0366,0.1667,32257.530439304384
Tue May 28 2024 01:00:00 GMT+0100 (British Summer Time),0.038,0.0366,0.1667,0
Tue May 28 2024 02:00:00 GMT+0100 (British Summer Time),0.038,0.0366,0.1667,0
Tue May 28 2024 03:00:00 GMT+0100 (British Summer Time),0.038,0.0366,0.1667,0
Tue May 28 2024 04:00:00 GMT+0100 (British Summer Time),0.038,0.0366,0.1667,0
Tue May 28 2024 05:00:00 GMT+0100 (British Summer Time),0.038,0.0366,0.1615,772402.1602885332
Tue May 28 2024 06:00:00 GMT+0100 (British Summer Time),0.038,0.0366,0.1647,333232.19536846515
Tue May 28 2024 07:00:00 GMT+0100 (British Summer Time),0.038,0.0326,0.1623,906794.4213552577
Tue May 28 2024 08:00:00 GMT+0100 (British Summer Time),0.0343,0.0376,0.1658,374507.40971151873
Tue May 28 2024 09:00:00 GMT+0100 (British Summer Time),0.0343,0.0376,0.1658,0
Tue May 28 2024 10:00:00 GMT+0100 (British Summer Time),0.0343,0.0376,0.1651,77394.67637584222
Tue May 28 2024 11:00:00 GMT+0100 (British Summer Time),0.0343,0.0376,0.166,93235.24519139326
Tue May 28 2024 12:00:00 GMT+0100 (British Summer Time),0.0343,0.0376,0.1635,1109588.566407827
Tue May 28 2024 13:00:00 GMT+0100 (British Summer Time),0.0343,0.0376,0.1562,0
Tue May 28 2024 14:00:00 GMT+0100 (British Summer Time),0.0343,0.0376,0.1587,261028.5599394795
Tue May 28 2024 15:00:00 GMT+0100 (British Summer Time),0.0343,0.0376,0.145,4739075.170204496
Tue May 28 2024 16:00:00 GMT+0100 (British Summer Time),0.0343,0.0376,0.145,75.1597502426231
Tue May 28 2024 17:00:00 GMT+0100 (British Summer Time),0.0343,0.0376,0.163,1842688.1636515174
Tue May 28 2024 18:00:00 GMT+0100 (British Summer Time),0.0343,0.0376,0.1666,1729627.3668475675
Tue May 28 2024 19:00:00 GMT+0100 (British Summer Time),0.0343,0.0376,0.1675,91298.22328457811
Tue May 28 2024 20:00:00 GMT+0100 (British Summer Time),0.0343,0.0376,0.1644,328814.96574878314
Tue May 28 2024 21:00:00 GMT+0100 (British Summer Time),0.0343,0.0376,0.169,4286038.743686195
Tue May 28 2024 22:00:00 GMT+0100 (British Summer Time),0.0343,0.0376,0.1689,113139.86219862441
Tue May 28 2024 23:00:00 GMT+0100 (British Summer Time),0.0343,0.0376,0.1689,0
Wed May 29 2024 00:00:00 GMT+0100 (British Summer Time),0.0343,0.0376,0.1689,0
Wed May 29 2024 01:00:00 GMT+0100 (British Summer Time),0.0343,0.0376,0.1689,0
Wed May 29 2024 02:00:00 GMT+0100 (British Summer Time),0.0343,0.0376,0.1689,11.770037992374771
Wed May 29 2024 03:00:00 GMT+0100 (British Summer Time),0.0343,0.0376,0.1688,6048.203484782186
Wed May 29 2024 04:00:00 GMT+0100 (British Summer Time),0.0343,0.0376,0.1687,173154.869110936
Wed May 29 2024 05:00:00 GMT+0100 (British Summer Time),0.0343,0.0376,0.1687,0
Wed May 29 2024 06:00:00 GMT+0100 (British Summer Time),0.0343,0.0376,0.1687,3893.507449836298
Wed May 29 2024 07:00:00 GMT+0100 (British Summer Time),0.0343,0.0323,0.1687,0
Wed May 29 2024 08:00:00 GMT+0100 (British Summer Time),0.0266,0.0361,0.1687,0
Wed May 29 2024 09:00:00 GMT+0100 (British Summer Time),0.0266,0.0361,0.1687,844.8847009440333
Wed May 29 2024 10:00:00 GMT+0100 (British Summer Time),0.0266,0.0361,0.1687,0
Wed May 29 2024 11:00:00 GMT+0100 (British Summer Time),0.0266,0.0361,0.1615,753275.8018478418
Wed May 29 2024 12:00:00 GMT+0100 (British Summer Time),0.0266,0.0361,0.1618,26931.187261709285
Wed May 29 2024 13:00:00 GMT+0100 (British Summer Time),0.0266,0.0361,0.1618,0
Wed May 29 2024 14:00:00 GMT+0100 (British Summer Time),0.0266,0.0361,0.1618,0
Wed May 29 2024 15:00:00 GMT+0100 (British Summer Time),0.0266,0.0361,0.162,20531.1275256928
Wed May 29 2024 16:00:00 GMT+0100 (British Summer Time),0.0266,0.0361,0.162,0
Wed May 29 2024 17:00:00 GMT+0100 (British Summer Time),0.0266,0.0361,0.162,0
Wed May 29 2024 18:00:00 GMT+0100 (British Summer Time),0.0266,0.0361,0.163,101740.16605164207
Wed May 29 2024 19:00:00 GMT+0100 (British Summer Time),0.0266,0.0361,0.1646,168992.5873961181
Wed May 29 2024 20:00:00 GMT+0100 (British Summer Time),0.0266,0.0361,0.1646,4079.234253285979
Wed May 29 2024 21:00:00 GMT+0100 (British Summer Time),0.0266,0.0361,0.1646,0
Wed May 29 2024 22:00:00 GMT+0100 (British Summer Time),0.0266,0.0361,0.1646,0
Wed May 29 2024 23:00:00 GMT+0100 (British Summer Time),0.0266,0.0361,0.1646,0
Thu May 30 2024 00:00:00 GMT+0100 (British Summer Time),0.0266,0.0361,0.1632,146923.1720618153
Thu May 30 2024 01:00:00 GMT+0100 (British Summer Time),0.0266,0.0361,0.1632,0
Thu May 30 2024 02:00:00 GMT+0100 (British Summer Time),0.0266,0.0361,0.1642,99415.32747476366
Thu May 30 2024 03:00:00 GMT+0100 (British Summer Time),0.0266,0.0361,0.165,83051.91325204373
Thu May 30 2024 04:00:00 GMT+0100 (British Summer Time),0.0266,0.0361,0.165,0
Thu May 30 2024 05:00:00 GMT+0100 (British Summer Time),0.0266,0.0361,0.165,0
Thu May 30 2024 06:00:00 GMT+0100 (British Summer Time),0.0266,0.0361,0.1649,12648.446523175844
Thu May 30 2024 07:00:00 GMT+0100 (British Summer Time),0.0266,0.0361,0.1649,0
Thu May 30 2024 08:00:00 GMT+0100 (British Summer Time),0,0.0303,0.1649,0
Thu May 30 2024 09:00:00 GMT+0100 (British Summer Time),0,0.0303,0.1649,0
Thu May 30 2024 10:00:00 GMT+0100 (British Summer Time),0,0.0303,0.1648,559.8238178273454
Thu May 30 2024 11:00:00 GMT+0100 (British Summer Time),0,0.0303,0.1653,42993.351709495975
Thu May 30 2024 12:00:00 GMT+0100 (British Summer Time),0.024,0.0338,0.1653,0
Thu May 30 2024 13:00:00 GMT+0100 (British Summer Time),0.024,0.0338,0.1546,7541501.392707733
Thu May 30 2024 14:00:00 GMT+0100 (British Summer Time),0.024,0.0338,0.1546,0
Thu May 30 2024 15:00:00 GMT+0100 (British Summer Time),0.024,0.0338,0.1545,1770.3176565180074
Thu May 30 2024 16:00:00 GMT+0100 (British Summer Time),0.024,0.0338,0.1545,0
Thu May 30 2024 17:00:00 GMT+0100 (British Summer Time),0.024,0.0338,0.1545,0
Thu May 30 2024 18:00:00 GMT+0100 (British Summer Time),0.024,0.0338,0.1545,0
Thu May 30 2024 19:00:00 GMT+0100 (British Summer Time),0.024,0.0338,0.1466,800852.5968828673
Thu May 30 2024 20:00:00 GMT+0100 (British Summer Time),0.024,0.0338,0.1466,0
Thu May 30 2024 21:00:00 GMT+0100 (British Summer Time),0.024,0.0338,0.1466,22.14734768761504
Thu May 30 2024 22:00:00 GMT+0100 (British Summer Time),0.024,0.0338,0.1466,0
Thu May 30 2024 23:00:00 GMT+0100 (British Summer Time),0.024,0.0338,0.1479,127490.15088790566
Fri May 31 2024 00:00:00 GMT+0100 (British Summer Time),0.024,0.0338,0.1473,86269.6378409401
Fri May 31 2024 01:00:00 GMT+0100 (British Summer Time),0.024,0.0338,0.1473,798.9487302019755
Fri May 31 2024 02:00:00 GMT+0100 (British Summer Time),0.024,0.0338,0.1473,0
Fri May 31 2024 03:00:00 GMT+0100 (British Summer Time),0.024,0.0338,0.1476,30576.411649866182
Fri May 31 2024 04:00:00 GMT+0100 (British Summer Time),0.024,0.0338,0.1476,0
Fri May 31 2024 05:00:00 GMT+0100 (British Summer Time),0.024,0.0338,0.1482,431289.3426772829
Fri May 31 2024 06:00:00 GMT+0100 (British Summer Time),0.024,0.0338,0.1482,3564.29584094855
Fri May 31 2024 07:00:00 GMT+0100 (British Summer Time),0.024,0.0338,0.1563,1202100.2836801459
Fri May 31 2024 08:00:00 GMT+0100 (British Summer Time),0.024,0.0283,0.1577,147331.60830418122
Fri May 31 2024 09:00:00 GMT+0100 (British Summer Time),0.024,0.0283,0.1577,933.5228196493671
Fri May 31 2024 10:00:00 GMT+0100 (British Summer Time),0.024,0.0283,0.1577,0
Fri May 31 2024 11:00:00 GMT+0100 (British Summer Time),0.024,0.0283,0.1578,6241.915528111482
Fri May 31 2024 12:00:00 GMT+0100 (British Summer Time),0.0255,0.032,0.1574,40360.7040800577
Fri May 31 2024 13:00:00 GMT+0100 (British Summer Time),0.0255,0.032,0.1574,197576.7926233746
Fri May 31 2024 14:00:00 GMT+0100 (British Summer Time),0.0255,0.032,0.1574,0
Fri May 31 2024 15:00:00 GMT+0100 (British Summer Time),0.0255,0.032,0.1574,0
Fri May 31 2024 16:00:00 GMT+0100 (British Summer Time),0.0255,0.032,0.1573,376505.1055653463
Fri May 31 2024 17:00:00 GMT+0100 (British Summer Time),0.0255,0.032,0.1573,0
Fri May 31 2024 18:00:00 GMT+0100 (British Summer Time),0.0255,0.032,0.1574,4234.643522541325
Fri May 31 2024 19:00:00 GMT+0100 (British Summer Time),0.0255,0.032,0.1574,0
Fri May 31 2024 20:00:00 GMT+0100 (British Summer Time),0.0255,0.032,0.1574,0
Fri May 31 2024 21:00:00 GMT+0100 (British Summer Time),0.0255,0.032,0.1574,0
Fri May 31 2024 22:00:00 GMT+0100 (British Summer Time),0.0255,0.032,0.1576,23944.37548052241
Fri May 31 2024 23:00:00 GMT+0100 (British Summer Time),0.0255,0.032,0.1576,0
Sat Jun 01 2024 00:00:00 GMT+0100 (British Summer Time),0.0255,0.032,0.1576,3465.20977642148
Sat Jun 01 2024 01:00:00 GMT+0100 (British Summer Time),0.0255,0.032,0.1578,10447.114453239774
Sat Jun 01 2024 02:00:00 GMT+0100 (British Summer Time),0.0255,0.032,0.1578,0
Sat Jun 01 2024 03:00:00 GMT+0100 (British Summer Time),0.0255,0.032,0.1577,41304.774129787605
Sat Jun 01 2024 04:00:00 GMT+0100 (British Summer Time),0.0255,0.032,0.1576,6418.565953933715
Sat Jun 01 2024 05:00:00 GMT+0100 (British Summer Time),0.0255,0.032,0.1576,3862.430499437487
Sat Jun 01 2024 06:00:00 GMT+0100 (British Summer Time),0.0255,0.032,0.1601,244903.08576752106
Sat Jun 01 2024 07:00:00 GMT+0100 (British Summer Time),0.0255,0.032,0.1601,0
Sat Jun 01 2024 08:00:00 GMT+0100 (British Summer Time),0.0255,0.0267,0.1616,154856.13806934957
Sat Jun 01 2024 09:00:00 GMT+0100 (British Summer Time),0.0255,0.0267,0.1616,3452.7643115126248
Sat Jun 01 2024 10:00:00 GMT+0100 (British Summer Time),0.0255,0.0267,0.1704,1240261.9218635056
Sat Jun 01 2024 11:00:00 GMT+0100 (British Summer Time),0.0255,0.0267,0.1744,520019.37702847307
Sat Jun 01 2024 12:00:00 GMT+0100 (British Summer Time),0.0266,0.0305,0.175,172887.2493545134
Sat Jun 01 2024 13:00:00 GMT+0100 (British Summer Time),0.0266,0.0305,0.1666,1012149.0813990657
Sat Jun 01 2024 14:00:00 GMT+0100 (British Summer Time),0.0266,0.0305,0.1666,0
Sat Jun 01 2024 15:00:00 GMT+0100 (British Summer Time),0.0266,0.0305,0.1668,28706.68522757704
Sat Jun 01 2024 16:00:00 GMT+0100 (British Summer Time),0.0266,0.0305,0.1659,97139.01508116648
Sat Jun 01 2024 17:00:00 GMT+0100 (British Summer Time),0.0266,0.0305,0.1657,18029.476625009516
Sat Jun 01 2024 18:00:00 GMT+0100 (British Summer Time),0.0266,0.0305,0.1518,2026065.8462766742
Sat Jun 01 2024 19:00:00 GMT+0100 (British Summer Time),0.0266,0.0305,0.1518,0
Sat Jun 01 2024 20:00:00 GMT+0100 (British Summer Time),0.0266,0.0305,0.1518,13.981945014493753
Sat Jun 01 2024 21:00:00 GMT+0100 (British Summer Time),0.0266,0.0305,0.1528,95823.23913632662
Sat Jun 01 2024 22:00:00 GMT+0100 (British Summer Time),0.0266,0.0305,0.1528,0
Sat Jun 01 2024 23:00:00 GMT+0100 (British Summer Time),0.0266,0.0305,0.1529,13496.84705362876
Sun Jun 02 2024 00:00:00 GMT+0100 (British Summer Time),0.0266,0.0305,0.1529,0
Sun Jun 02 2024 01:00:00 GMT+0100 (British Summer Time),0.0266,0.0305,0.1529,0
Sun Jun 02 2024 02:00:00 GMT+0100 (British Summer Time),0.0266,0.0305,0.1529,0
Sun Jun 02 2024 03:00:00 GMT+0100 (British Summer Time),0.0266,0.0305,0.1529,50.03914703399816
Sun Jun 02 2024 04:00:00 GMT+0100 (British Summer Time),0.0266,0.0305,0.1468,1045475.7315759705
Sun Jun 02 2024 05:00:00 GMT+0100 (British Summer Time),0.0266,0.0305,0.1468,0
Sun Jun 02 2024 06:00:00 GMT+0100 (British Summer Time),0.0266,0.0305,0.1468,21.071659613395656
Sun Jun 02 2024 07:00:00 GMT+0100 (British Summer Time),0.0266,0.0305,0.1472,33553.87832089313
Sun Jun 02 2024 08:00:00 GMT+0100 (British Summer Time),0.0266,0.0249,0.1475,34640.0761087531
Sun Jun 02 2024 09:00:00 GMT+0100 (British Summer Time),0.0266,0.0249,0.1477,522733.9610896922
Sun Jun 02 2024 10:00:00 GMT+0100 (British Summer Time),0.0266,0.0249,0.148,13244.248948643499
Sun Jun 02 2024 11:00:00 GMT+0100 (British Summer Time),0.0266,0.0249,0.1482,24061.312974996432
Sun Jun 02 2024 12:00:00 GMT+0100 (British Summer Time),0.0326,0.0296,0.1494,118675.5770989866
Sun Jun 02 2024 13:00:00 GMT+0100 (British Summer Time),0.0326,0.0296,0.1511,255210.533459995
Sun Jun 02 2024 14:00:00 GMT+0100 (British Summer Time),0.0326,0.0296,0.1499,121376.87925452438
Sun Jun 02 2024 15:00:00 GMT+0100 (British Summer Time),0.0326,0.0296,0.1542,733785.4545046166
Sun Jun 02 2024 16:00:00 GMT+0100 (British Summer Time),0.0326,0.0296,0.1542,0
Sun Jun 02 2024 17:00:00 GMT+0100 (British Summer Time),0.0326,0.0296,0.1463,984203.7957203502
Sun Jun 02 2024 18:00:00 GMT+0100 (British Summer Time),0.0326,0.0296,0.1463,0
Sun Jun 02 2024 19:00:00 GMT+0100 (British Summer Time),0.0326,0.0296,0.1461,14392.68184738974
Sun Jun 02 2024 20:00:00 GMT+0100 (British Summer Time),0.0326,0.0296,0.1461,0
Sun Jun 02 2024 21:00:00 GMT+0100 (British Summer Time),0.0326,0.0296,0.1461,0
Sun Jun 02 2024 22:00:00 GMT+0100 (British Summer Time),0.0326,0.0296,0.1461,0
Sun Jun 02 2024 23:00:00 GMT+0100 (British Summer Time),0.0326,0.0296,0.1461,0
Mon Jun 03 2024 00:00:00 GMT+0100 (British Summer Time),0.0326,0.0296,0.1461,474.7037718467993
Mon Jun 03 2024 01:00:00 GMT+0100 (British Summer Time),0.0326,0.0296,0.1462,3730.50133431749
Mon Jun 03 2024 02:00:00 GMT+0100 (British Summer Time),0.0326,0.0296,0.1462,0
Mon Jun 03 2024 03:00:00 GMT+0100 (British Summer Time),0.0326,0.0296,0.1447,146727.70710474148
Mon Jun 03 2024 04:00:00 GMT+0100 (British Summer Time),0.0326,0.0296,0.1447,0
Mon Jun 03 2024 05:00:00 GMT+0100 (British Summer Time),0.0326,0.0296,0.1448,13802.03915692937
Mon Jun 03 2024 06:00:00 GMT+0100 (British Summer Time),0.0326,0.0296,0.1455,67388.93649124632
Mon Jun 03 2024 07:00:00 GMT+0100 (British Summer Time),0.0326,0.0296,0.1456,11273.784199867545
Mon Jun 03 2024 08:00:00 GMT+0100 (British Summer Time),0.0326,0.0242,0.1475,185406.4537995036
Mon Jun 03 2024 09:00:00 GMT+0100 (British Summer Time),0.0326,0.0242,0.1386,4005418.1178141227
Mon Jun 03 2024 10:00:00 GMT+0100 (British Summer Time),0.0326,0.0242,0.1517,144759.23486950298
Mon Jun 03 2024 11:00:00 GMT+0100 (British Summer Time),0.0326,0.0242,0.1517,0
Mon Jun 03 2024 12:00:00 GMT+0100 (British Summer Time),0.0363,0.0294,0.1517,771654.303991731
Mon Jun 03 2024 13:00:00 GMT+0100 (British Summer Time),0.0363,0.0294,0.1579,4480.392448056381
Mon Jun 03 2024 14:00:00 GMT+0100 (British Summer Time),0.0363,0.0294,0.1579,0
Mon Jun 03 2024 15:00:00 GMT+0100 (British Summer Time),0.0363,0.0294,0.1579,0
Mon Jun 03 2024 16:00:00 GMT+0100 (British Summer Time),0.0363,0.0294,0.1579,0
Mon Jun 03 2024 17:00:00 GMT+0100 (British Summer Time),0.0363,0.0294,0.1581,21943.60025195899
Mon Jun 03 2024 18:00:00 GMT+0100 (British Summer Time),0.0363,0.0294,0.1563,186298.68392468075
Mon Jun 03 2024 19:00:00 GMT+0100 (British Summer Time),0.0363,0.0294,0.1563,0
Mon Jun 03 2024 20:00:00 GMT+0100 (British Summer Time),0.0363,0.0294,0.1563,0
Mon Jun 03 2024 21:00:00 GMT+0100 (British Summer Time),0.0363,0.0294,0.1556,68401.15683354715
Mon Jun 03 2024 22:00:00 GMT+0100 (British Summer Time),0.0363,0.0294,0.1537,186732.92172302966
Mon Jun 03 2024 23:00:00 GMT+0100 (British Summer Time),0.0363,0.0294,0.1537,16.266087616794216
Tue Jun 04 2024 00:00:00 GMT+0100 (British Summer Time),0.0363,0.0294,0.1518,354635.0184680491
Tue Jun 04 2024 01:00:00 GMT+0100 (British Summer Time),0.0363,0.0294,0.1518,0
Tue Jun 04 2024 02:00:00 GMT+0100 (British Summer Time),0.0363,0.0294,0.1518,0
Tue Jun 04 2024 03:00:00 GMT+0100 (British Summer Time),0.0363,0.0294,0.1518,0
Tue Jun 04 2024 04:00:00 GMT+0100 (British Summer Time),0.0363,0.0294,0.1504,227626.35208098812
Tue Jun 04 2024 05:00:00 GMT+0100 (British Summer Time),0.0363,0.0294,0.1504,24577.75033067212
Tue Jun 04 2024 06:00:00 GMT+0100 (British Summer Time),0.0363,0.0294,0.1507,92176.05452462872
Tue Jun 04 2024 07:00:00 GMT+0100 (British Summer Time),0.0363,0.0294,0.152,130988.46045771953
Tue Jun 04 2024 08:00:00 GMT+0100 (British Summer Time),0.0363,0.0244,0.153,135380.44498253494
Tue Jun 04 2024 09:00:00 GMT+0100 (British Summer Time),0.0363,0.0244,0.1524,141286.34642252215
Tue Jun 04 2024 10:00:00 GMT+0100 (British Summer Time),0.0363,0.0244,0.1517,66965.8332433016
Tue Jun 04 2024 11:00:00 GMT+0100 (British Summer Time),0.0363,0.0244,0.1522,51344.77181955903
Tue Jun 04 2024 12:00:00 GMT+0100 (British Summer Time),0,0.0244,0.1522,0
Tue Jun 04 2024 13:00:00 GMT+0100 (British Summer Time),0.0364,0.0297,0.1507,149644.75197161382
Tue Jun 04 2024 14:00:00 GMT+0100 (British Summer Time),0.0364,0.0297,0.1487,195519.63155741084
Tue Jun 04 2024 15:00:00 GMT+0100 (British Summer Time),0.0364,0.0297,0.1438,472589.7048511993
Tue Jun 04 2024 16:00:00 GMT+0100 (British Summer Time),0.0364,0.0297,0.143,86214.67060359786
Tue Jun 04 2024 17:00:00 GMT+0100 (British Summer Time),0.0364,0.0297,0.143,0
Tue Jun 04 2024 18:00:00 GMT+0100 (British Summer Time),0.0364,0.0297,0.142,453077.33169128385
Tue Jun 04 2024 19:00:00 GMT+0100 (British Summer Time),0.0364,0.0297,0.142,0
Tue Jun 04 2024 20:00:00 GMT+0100 (British Summer Time),0.0364,0.0297,0.142,0
Tue Jun 04 2024 21:00:00 GMT+0100 (British Summer Time),0.0364,0.0297,0.1421,6258.065918982684
Tue Jun 04 2024 22:00:00 GMT+0100 (British Summer Time),0.0364,0.0297,0.1421,0
Tue Jun 04 2024 23:00:00 GMT+0100 (British Summer Time),0.0364,0.0297,0.1421,0
Wed Jun 05 2024 00:00:00 GMT+0100 (British Summer Time),0.0364,0.0297,0.1421,12.029911000790845
Wed Jun 05 2024 01:00:00 GMT+0100 (British Summer Time),0.0364,0.0297,0.1423,25589.197151533906
Wed Jun 05 2024 02:00:00 GMT+0100 (British Summer Time),0.0364,0.0297,0.1485,603982.1625410672
Wed Jun 05 2024 03:00:00 GMT+0100 (British Summer Time),0.0364,0.0297,0.1474,116925.17897084152
Wed Jun 05 2024 04:00:00 GMT+0100 (British Summer Time),0.0364,0.0297,0.1474,0
Wed Jun 05 2024 05:00:00 GMT+0100 (British Summer Time),0.0364,0.0297,0.1521,725264.1442028458
Wed Jun 05 2024 06:00:00 GMT+0100 (British Summer Time),0.0364,0.0297,0.1514,22582.29788767575
Wed Jun 05 2024 07:00:00 GMT+0100 (British Summer Time),0.0364,0.0297,0.1509,51498.31204380299
Wed Jun 05 2024 08:00:00 GMT+0100 (British Summer Time),0.0364,0.0258,0.1504,40168.96792854108
Wed Jun 05 2024 09:00:00 GMT+0100 (British Summer Time),0.0364,0.0258,0.1504,0
Wed Jun 05 2024 10:00:00 GMT+0100 (British Summer Time),0.0364,0.0258,0.1474,294085.66559973656
Wed Jun 05 2024 11:00:00 GMT+0100 (British Summer Time),0.0364,0.0258,0.1474,0
Wed Jun 05 2024 12:00:00 GMT+0100 (British Summer Time),0.0364,0.0258,0.1416,567318.0508000845
Wed Jun 05 2024 13:00:00 GMT+0100 (British Summer Time),0.0345,0.0308,0.1395,198320.46105703048
Wed Jun 05 2024 14:00:00 GMT+0100 (British Summer Time),0.0345,0.0308,0.1395,0
Wed Jun 05 2024 15:00:00 GMT+0100 (British Summer Time),0.0345,0.0308,0.1394,75229.07716223819
Wed Jun 05 2024 16:00:00 GMT+0100 (British Summer Time),0.0345,0.0308,0.1406,118969.19837927504
Wed Jun 05 2024 17:00:00 GMT+0100 (British Summer Time),0.0345,0.0308,0.1406,0
Wed Jun 05 2024 18:00:00 GMT+0100 (British Summer Time),0.0345,0.0308,0.1406,0
Wed Jun 05 2024 19:00:00 GMT+0100 (British Summer Time),0.0345,0.0308,0.1406,0
Wed Jun 05 2024 20:00:00 GMT+0100 (British Summer Time),0.0345,0.0308,0.1406,0
Wed Jun 05 2024 21:00:00 GMT+0100 (British Summer Time),0.0345,0.0308,0.1398,292266.81234488584
Wed Jun 05 2024 22:00:00 GMT+0100 (British Summer Time),0.0345,0.0308,0.1398,0
Wed Jun 05 2024 23:00:00 GMT+0100 (British Summer Time),0.0345,0.0308,0.1398,0
Thu Jun 06 2024 00:00:00 GMT+0100 (British Summer Time),0.0345,0.0308,0.1398,0
Thu Jun 06 2024 01:00:00 GMT+0100 (British Summer Time),0.0345,0.0308,0.1398,30229.061912436635
Thu Jun 06 2024 02:00:00 GMT+0100 (British Summer Time),0.0345,0.0308,0.1398,0
Thu Jun 06 2024 03:00:00 GMT+0100 (British Summer Time),0.0345,0.0308,0.1398,0
Thu Jun 06 2024 04:00:00 GMT+0100 (British Summer Time),0.0345,0.0308,0.1398,0
Thu Jun 06 2024 05:00:00 GMT+0100 (British Summer Time),0.0345,0.0308,0.1355,1043148.9980962621
Thu Jun 06 2024 06:00:00 GMT+0100 (British Summer Time),0.0345,0.0308,0.1359,42430.34014820836
Thu Jun 06 2024 07:00:00 GMT+0100 (British Summer Time),0.0345,0.0308,0.1357,20121.721105779343
Thu Jun 06 2024 08:00:00 GMT+0100 (British Summer Time),0.0345,0.0308,0.1357,0
Thu Jun 06 2024 09:00:00 GMT+0100 (British Summer Time),0.0345,0.0308,0.1357,0
Thu Jun 06 2024 10:00:00 GMT+0100 (British Summer Time),0.0345,0.0308,0.1357,0
Thu Jun 06 2024 11:00:00 GMT+0100 (British Summer Time),0.0345,0.0308,0.1357,0
Thu Jun 06 2024 12:00:00 GMT+0100 (British Summer Time),0.0345,0.0273,0.1348,370460.42185905005
Thu Jun 06 2024 13:00:00 GMT+0100 (British Summer Time),0.0336,0.0322,0.1348,0
Thu Jun 06 2024 14:00:00 GMT+0100 (British Summer Time),0.0336,0.0322,0.1348,0
Thu Jun 06 2024 15:00:00 GMT+0100 (British Summer Time),0.0336,0.0322,0.133,170137.3484209425
Thu Jun 06 2024 16:00:00 GMT+0100 (British Summer Time),0.0336,0.0322,0.133,0
Thu Jun 06 2024 17:00:00 GMT+0100 (British Summer Time),0.0336,0.0322,0.133,0
Thu Jun 06 2024 18:00:00 GMT+0100 (British Summer Time),0.0336,0.0322,0.133,0
Thu Jun 06 2024 19:00:00 GMT+0100 (British Summer Time),0.0336,0.0322,0.1344,135552.48077832436
Thu Jun 06 2024 20:00:00 GMT+0100 (British Summer Time),0.0336,0.0322,0.1344,0
Thu Jun 06 2024 21:00:00 GMT+0100 (British Summer Time),0.0336,0.0322,0.1344,0
Thu Jun 06 2024 22:00:00 GMT+0100 (British Summer Time),0.0336,0.0322,0.1359,141819.54020174165
Thu Jun 06 2024 23:00:00 GMT+0100 (British Summer Time),0.0336,0.0322,0.141,484410.05090197275
Fri Jun 07 2024 00:00:00 GMT+0100 (British Summer Time),0.0336,0.0322,0.141,0
Fri Jun 07 2024 01:00:00 GMT+0100 (British Summer Time),0.0336,0.0322,0.1412,17895.77955268579
Fri Jun 07 2024 02:00:00 GMT+0100 (British Summer Time),0.0336,0.0322,0.1416,38008.334422989785
Fri Jun 07 2024 03:00:00 GMT+0100 (British Summer Time),0.0336,0.0322,0.1416,0
Fri Jun 07 2024 04:00:00 GMT+0100 (British Summer Time),0.0336,0.0322,0.1416,0
Fri Jun 07 2024 05:00:00 GMT+0100 (British Summer Time),0.0336,0.0322,0.1357,1069074.1238436128
Fri Jun 07 2024 06:00:00 GMT+0100 (British Summer Time),0.0336,0.0322,0.1254,2257011.45612802
Fri Jun 07 2024 07:00:00 GMT+0100 (British Summer Time),0.0336,0.0322,0.1288,515731.10572044237
Fri Jun 07 2024 08:00:00 GMT+0100 (British Summer Time),0.0336,0.0322,0.1288,0
Fri Jun 07 2024 09:00:00 GMT+0100 (British Summer Time),0.0336,0.0322,0.1288,0
Fri Jun 07 2024 10:00:00 GMT+0100 (British Summer Time),0.0336,0.0322,0.1288,0
Fri Jun 07 2024 11:00:00 GMT+0100 (British Summer Time),0.0336,0.0322,0.1296,74310.46554796494
Fri Jun 07 2024 12:00:00 GMT+0100 (British Summer Time),0.0336,0.0285,0.1256,371393.5727863259
Fri Jun 07 2024 13:00:00 GMT+0100 (British Summer Time),0.0254,0.0322,0.1318,573727.5447687677
Fri Jun 07 2024 14:00:00 GMT+0100 (British Summer Time),0.0254,0.0322,0.1317,2020.684547331631
Fri Jun 07 2024 15:00:00 GMT+0100 (British Summer Time),0.0254,0.0322,0.1317,0
Fri Jun 07 2024 16:00:00 GMT+0100 (British Summer Time),0.0254,0.0322,0.1317,0
Fri Jun 07 2024 17:00:00 GMT+0100 (British Summer Time),0.0254,0.0322,0.1367,576080.4947634871
Fri Jun 07 2024 18:00:00 GMT+0100 (British Summer Time),0.0254,0.0322,0.1367,0
Fri Jun 07 2024 19:00:00 GMT+0100 (British Summer Time),0.0254,0.0322,0.1367,0
Fri Jun 07 2024 20:00:00 GMT+0100 (British Summer Time),0.0254,0.0322,0.1367,64.60213356233416
Fri Jun 07 2024 21:00:00 GMT+0100 (British Summer Time),0.0254,0.0322,0.1367,369.48723803755865
Fri Jun 07 2024 22:00:00 GMT+0100 (British Summer Time),0.0254,0.0322,0.1367,0
Fri Jun 07 2024 23:00:00 GMT+0100 (British Summer Time),0.0254,0.0322,0.1367,0
Sat Jun 08 2024 00:00:00 GMT+0100 (British Summer Time),0.0254,0.0322,0.1367,0
Sat Jun 08 2024 01:00:00 GMT+0100 (British Summer Time),0.0254,0.0322,0.1367,2568.4826197730263
Sat Jun 08 2024 02:00:00 GMT+0100 (British Summer Time),0.0254,0.0322,0.1366,7243.299334798895
Sat Jun 08 2024 03:00:00 GMT+0100 (British Summer Time),0.0254,0.0322,0.1371,50809.055535034684
Sat Jun 08 2024 04:00:00 GMT+0100 (British Summer Time),0.0254,0.0322,0.1371,0
Sat Jun 08 2024 05:00:00 GMT+0100 (British Summer Time),0.0254,0.0322,0.1371,0
Sat Jun 08 2024 06:00:00 GMT+0100 (British Summer Time),0.0254,0.0322,0.137,11768.86612683424
Sat Jun 08 2024 07:00:00 GMT+0100 (British Summer Time),0.0254,0.0322,0.1396,256482.1034432712
Sat Jun 08 2024 08:00:00 GMT+0100 (British Summer Time),0.0254,0.0322,0.144,944414.6460843222
Sat Jun 08 2024 09:00:00 GMT+0100 (British Summer Time),0.0254,0.0322,0.1442,18005.668292715756
Sat Jun 08 2024 10:00:00 GMT+0100 (British Summer Time),0.0254,0.0322,0.1413,451311.3446533459
Sat Jun 08 2024 11:00:00 GMT+0100 (British Summer Time),0.0254,0.0322,0.1417,41191.65424224687
Sat Jun 08 2024 12:00:00 GMT+0100 (British Summer Time),0.0254,0.0283,0.1422,123325.24533275454
Sat Jun 08 2024 13:00:00 GMT+0100 (British Summer Time),0.0195,0.0312,0.1451,265463.11057617277
Sat Jun 08 2024 14:00:00 GMT+0100 (British Summer Time),0.0195,0.0312,0.1451,0
Sat Jun 08 2024 15:00:00 GMT+0100 (British Summer Time),0.0195,0.0312,0.1451,0
Sat Jun 08 2024 16:00:00 GMT+0100 (British Summer Time),0.0195,0.0312,0.1452,7888.057070499927
Sat Jun 08 2024 17:00:00 GMT+0100 (British Summer Time),0.0195,0.0312,0.1452,0
Sat Jun 08 2024 18:00:00 GMT+0100 (British Summer Time),0.0195,0.0312,0.1451,116758.32804350555
Sat Jun 08 2024 19:00:00 GMT+0100 (British Summer Time),0.0195,0.0312,0.1451,0
Sat Jun 08 2024 20:00:00 GMT+0100 (British Summer Time),0.0195,0.0312,0.1453,20379.904620423502
Sat Jun 08 2024 21:00:00 GMT+0100 (British Summer Time),0.0195,0.0312,0.1453,0
Sat Jun 08 2024 22:00:00 GMT+0100 (British Summer Time),0.0195,0.0312,0.1453,7829.207743238984
Sat Jun 08 2024 23:00:00 GMT+0100 (British Summer Time),0.0195,0.0312,0.1454,0
Sun Jun 09 2024 00:00:00 GMT+0100 (British Summer Time),0.0195,0.0312,0.1453,0
Sun Jun 09 2024 01:00:00 GMT+0100 (British Summer Time),0.0195,0.0312,0.1463,85870.21968931414
Sun Jun 09 2024 02:00:00 GMT+0100 (British Summer Time),0.0195,0.0312,0.1464,10679.070100511231
Sun Jun 09 2024 03:00:00 GMT+0100 (British Summer Time),0.0195,0.0312,0.1421,1366756.8681077308
Sun Jun 09 2024 04:00:00 GMT+0100 (British Summer Time),0.0195,0.0312,0.1421,8047.660859390429
Sun Jun 09 2024 05:00:00 GMT+0100 (British Summer Time),0.0195,0.0312,0.1421,0
Sun Jun 09 2024 06:00:00 GMT+0100 (British Summer Time),0.0195,0.0312,0.1421,0
Sun Jun 09 2024 07:00:00 GMT+0100 (British Summer Time),0.0195,0.0312,0.1428,57909.70415816906
Sun Jun 09 2024 08:00:00 GMT+0100 (British Summer Time),0.0195,0.0312,0.1441,216222.51511482924
Sun Jun 09 2024 09:00:00 GMT+0100 (British Summer Time),0.0195,0.0312,0.1444,27982.57085474486
Sun Jun 09 2024 10:00:00 GMT+0100 (British Summer Time),0.0195,0.0312,0.1459,140511.68791212115
Sun Jun 09 2024 11:00:00 GMT+0100 (British Summer Time),0.0195,0.0312,0.146,6681.315126986114
Sun Jun 09 2024 12:00:00 GMT+0100 (British Summer Time),0.0195,0.0265,0.1461,14552.218244030073
Sun Jun 09 2024 13:00:00 GMT+0100 (British Summer Time),0.0111,0.0281,0.1466,41328.94916660295
Sun Jun 09 2024 14:00:00 GMT+0100 (British Summer Time),0.0111,0.0281,0.1466,0
Sun Jun 09 2024 15:00:00 GMT+0100 (British Summer Time),0.0111,0.0281,0.1477,108397.59360815558
Sun Jun 09 2024 16:00:00 GMT+0100 (British Summer Time),0.0111,0.0281,0.1477,0
Sun Jun 09 2024 17:00:00 GMT+0100 (British Summer Time),0.0111,0.0281,0.1477,0
Sun Jun 09 2024 18:00:00 GMT+0100 (British Summer Time),0.0111,0.0281,0.1477,0
Sun Jun 09 2024 19:00:00 GMT+0100 (British Summer Time),0.0111,0.0281,0.1483,59636.40284813171
Sun Jun 09 2024 20:00:00 GMT+0100 (British Summer Time),0.0111,0.0281,0.1483,0
Sun Jun 09 2024 21:00:00 GMT+0100 (British Summer Time),0.0111,0.0281,0.1483,169.15468651655232
Sun Jun 09 2024 22:00:00 GMT+0100 (British Summer Time),0.0111,0.0281,0.1483,338.2291033954217
Sun Jun 09 2024 23:00:00 GMT+0100 (British Summer Time),0.0111,0.0281,0.1486,61211.827711480866
Mon Jun 10 2024 00:00:00 GMT+0100 (British Summer Time),0.0111,0.0281,0.1486,0
Mon Jun 10 2024 01:00:00 GMT+0100 (British Summer Time),0.0111,0.0281,0.1486,0
Mon Jun 10 2024 02:00:00 GMT+0100 (British Summer Time),0.0111,0.0281,0.1488,22494.7259767426
Mon Jun 10 2024 03:00:00 GMT+0100 (British Summer Time),0.0111,0.0281,0.1488,0
Mon Jun 10 2024 04:00:00 GMT+0100 (British Summer Time),0.0111,0.0281,0.1406,1222631.4324239383
Mon Jun 10 2024 05:00:00 GMT+0100 (British Summer Time),0.0111,0.0281,0.1396,88945.03238361752
Mon Jun 10 2024 06:00:00 GMT+0100 (British Summer Time),0.0111,0.0281,0.142,217619.61679820664
Mon Jun 10 2024 07:00:00 GMT+0100 (British Summer Time),0.0111,0.0281,0.142,1517.1090509957364
Mon Jun 10 2024 08:00:00 GMT+0100 (British Summer Time),0.0111,0.0281,0.1444,1083808.370155394
Mon Jun 10 2024 09:00:00 GMT+0100 (British Summer Time),0.0111,0.0281,0.1455,0
Mon Jun 10 2024 10:00:00 GMT+0100 (British Summer Time),0.0111,0.0281,0.1455,1762.8837759573184
Mon Jun 10 2024 11:00:00 GMT+0100 (British Summer Time),0.0111,0.0281,0.142,535686.6194147754
Mon Jun 10 2024 12:00:00 GMT+0100 (British Summer Time),0.0111,0.0229,0.142,544.0912861440198
Mon Jun 10 2024 13:00:00 GMT+0100 (British Summer Time),0.008,0.024,0.142,228559.88033507916
Mon Jun 10 2024 14:00:00 GMT+0100 (British Summer Time),0.008,0.024,0.142,0
Mon Jun 10 2024 15:00:00 GMT+0100 (British Summer Time),0.008,0.024,0.142,0
Mon Jun 10 2024 16:00:00 GMT+0100 (British Summer Time),0.008,0.024,0.142,0
Mon Jun 10 2024 17:00:00 GMT+0100 (British Summer Time),0.008,0.024,0.142,0
Mon Jun 10 2024 18:00:00 GMT+0100 (British Summer Time),0.008,0.024,0.1414,56179.705192962254
Mon Jun 10 2024 19:00:00 GMT+0100 (British Summer Time),0.008,0.024,0.1414,0
Mon Jun 10 2024 20:00:00 GMT+0100 (British Summer Time),0.008,0.024,0.1414,0
Mon Jun 10 2024 21:00:00 GMT+0100 (British Summer Time),0.008,0.024,0.1447,303147.5876770287
Mon Jun 10 2024 22:00:00 GMT+0100 (British Summer Time),0.008,0.024,0.1447,0
Mon Jun 10 2024 23:00:00 GMT+0100 (British Summer Time),0.008,0.024,0.1447,0
Tue Jun 11 2024 00:00:00 GMT+0100 (British Summer Time),0.008,0.024,0.1448,9348.52145817563
Tue Jun 11 2024 01:00:00 GMT+0100 (British Summer Time),0.008,0.024,0.1448,0
Tue Jun 11 2024 02:00:00 GMT+0100 (British Summer Time),0.008,0.024,0.1444,36609.40412073275
Tue Jun 11 2024 03:00:00 GMT+0100 (British Summer Time),0.008,0.024,0.1444,0
Tue Jun 11 2024 04:00:00 GMT+0100 (British Summer Time),0.008,0.024,0.1444,0
Tue Jun 11 2024 05:00:00 GMT+0100 (British Summer Time),0.008,0.024,0.1444,0
Tue Jun 11 2024 06:00:00 GMT+0100 (British Summer Time),0.008,0.024,0.1444,0
Tue Jun 11 2024 07:00:00 GMT+0100 (British Summer Time),0.008,0.024,0.1443,15920.883225687125
Tue Jun 11 2024 08:00:00 GMT+0100 (British Summer Time),0.008,0.024,0.1443,0
Tue Jun 11 2024 09:00:00 GMT+0100 (British Summer Time),0.008,0.024,0.141,915315.8754422659
Tue Jun 11 2024 10:00:00 GMT+0100 (British Summer Time),0.008,0.024,0.1441,275249.41052480997
Tue Jun 11 2024 11:00:00 GMT+0100 (British Summer Time),0.008,0.024,0.1597,1617178.8533758384
Tue Jun 11 2024 12:00:00 GMT+0100 (British Summer Time),0.008,0.024,0.1597,0
Tue Jun 11 2024 13:00:00 GMT+0100 (British Summer Time),0,0.0188,0.1605,77760.52500337928
Tue Jun 11 2024 14:00:00 GMT+0100 (British Summer Time),0.0077,0.0199,0.1605,0
Tue Jun 11 2024 15:00:00 GMT+0100 (British Summer Time),0.0077,0.0199,0.1808,2307296.0909777335
Tue Jun 11 2024 16:00:00 GMT+0100 (British Summer Time),0.0077,0.0199,0.1808,0
Tue Jun 11 2024 17:00:00 GMT+0100 (British Summer Time),0.0077,0.0199,0.1868,741924.1731936305
Tue Jun 11 2024 18:00:00 GMT+0100 (British Summer Time),0.0077,0.0199,0.19,314362.4763859767
Tue Jun 11 2024 19:00:00 GMT+0100 (British Summer Time),0.0077,0.0199,0.1896,43116.39566737309
Tue Jun 11 2024 20:00:00 GMT+0100 (British Summer Time),0.0077,0.0199,0.1872,235803.7025172903
Tue Jun 11 2024 21:00:00 GMT+0100 (British Summer Time),0.0077,0.0199,0.1872,0
Tue Jun 11 2024 22:00:00 GMT+0100 (British Summer Time),0.0077,0.0199,0.1872,0
Tue Jun 11 2024 23:00:00 GMT+0100 (British Summer Time),0.0077,0.0199,0.1872,7042.8434513411985
Wed Jun 12 2024 00:00:00 GMT+0100 (British Summer Time),0.0077,0.0199,0.1872,0
Wed Jun 12 2024 01:00:00 GMT+0100 (British Summer Time),0.0077,0.0199,0.191,1100614.236110805
Wed Jun 12 2024 02:00:00 GMT+0100 (British Summer Time),0.0077,0.0199,0.191,55112.240247396854
Wed Jun 12 2024 03:00:00 GMT+0100 (British Summer Time),0.0077,0.0199,0.1892,182830.2756268673
Wed Jun 12 2024 04:00:00 GMT+0100 (British Summer Time),0.0077,0.0199,0.1877,193401.96678168426
Wed Jun 12 2024 05:00:00 GMT+0100 (British Summer Time),0.0077,0.0199,0.1879,20423.225028445897
Wed Jun 12 2024 06:00:00 GMT+0100 (British Summer Time),0.0077,0.0199,0.1879,0
Wed Jun 12 2024 07:00:00 GMT+0100 (British Summer Time),0.0077,0.0199,0.1806,724287.6389722101
Wed Jun 12 2024 08:00:00 GMT+0100 (British Summer Time),0.0077,0.0199,0.1823,162394.492281298
Wed Jun 12 2024 09:00:00 GMT+0100 (British Summer Time),0.0077,0.0199,0.1835,317770.38670697785
Wed Jun 12 2024 10:00:00 GMT+0100 (British Summer Time),0.0077,0.0199,0.1835,0
Wed Jun 12 2024 11:00:00 GMT+0100 (British Summer Time),0.0077,0.0199,0.1835,0
Wed Jun 12 2024 12:00:00 GMT+0100 (British Summer Time),0.0077,0.0199,0.1835,0
Wed Jun 12 2024 13:00:00 GMT+0100 (British Summer Time),0.0077,0.015,0.199,7205495.050148416
Wed Jun 12 2024 14:00:00 GMT+0100 (British Summer Time),0.029,0.0191,0.199,0
Wed Jun 12 2024 15:00:00 GMT+0100 (British Summer Time),0.029,0.0191,0.2,100152.29475251598
Wed Jun 12 2024 16:00:00 GMT+0100 (British Summer Time),0.029,0.0191,0.2034,502816.56022828625
Wed Jun 12 2024 17:00:00 GMT+0100 (British Summer Time),0.029,0.0191,0.2034,0
Wed Jun 12 2024 18:00:00 GMT+0100 (British Summer Time),0.029,0.0191,0.2034,0
Wed Jun 12 2024 19:00:00 GMT+0100 (British Summer Time),0.029,0.0191,0.1959,8796719.911660416
Wed Jun 12 2024 20:00:00 GMT+0100 (British Summer Time),0.029,0.0191,0.1959,0
Wed Jun 12 2024 21:00:00 GMT+0100 (British Summer Time),0.029,0.0191,0.1959,0
Wed Jun 12 2024 22:00:00 GMT+0100 (British Summer Time),0.029,0.0191,0.1959,0
Wed Jun 12 2024 23:00:00 GMT+0100 (British Summer Time),0.029,0.0191,0.1927,363623.17304153816
Thu Jun 13 2024 00:00:00 GMT+0100 (British Summer Time),0.029,0.0191,0.1914,3164363.6315249647
Thu Jun 13 2024 01:00:00 GMT+0100 (British Summer Time),0.029,0.0191,0.1914,1052.649104322128
Thu Jun 13 2024 02:00:00 GMT+0100 (British Summer Time),0.029,0.0191,0.1952,387024.39604759734
Thu Jun 13 2024 03:00:00 GMT+0100 (British Summer Time),0.029,0.0191,0.1952,0
Thu Jun 13 2024 04:00:00 GMT+0100 (British Summer Time),0.029,0.0191,0.1952,0
Thu Jun 13 2024 05:00:00 GMT+0100 (British Summer Time),0.029,0.0191,0.1952,10283.374995504255
Thu Jun 13 2024 06:00:00 GMT+0100 (British Summer Time),0.029,0.0191,0.2053,1753339.382967826
Thu Jun 13 2024 07:00:00 GMT+0100 (British Summer Time),0.029,0.0191,0.2053,0
Thu Jun 13 2024 08:00:00 GMT+0100 (British Summer Time),0.029,0.0191,0.2059,56204.32707843471
Thu Jun 13 2024 09:00:00 GMT+0100 (British Summer Time),0.029,0.0191,0.208,225305.06317237482
Thu Jun 13 2024 10:00:00 GMT+0100 (British Summer Time),0.029,0.0191,0.2079,19029.12081754763
Thu Jun 13 2024 11:00:00 GMT+0100 (British Summer Time),0.029,0.0191,0.2087,90825.91970429479
Thu Jun 13 2024 12:00:00 GMT+0100 (British Summer Time),0.029,0.0191,0.2093,152319.0827010491
Thu Jun 13 2024 13:00:00 GMT+0100 (British Summer Time),0.029,0.0143,0.2099,58092.4609735349
Thu Jun 13 2024 14:00:00 GMT+0100 (British Summer Time),0.0369,0.0196,0.2053,479172.2411222559
Thu Jun 13 2024 15:00:00 GMT+0100 (British Summer Time),0.0369,0.0196,0.2062,417527.43889625435
Thu Jun 13 2024 16:00:00 GMT+0100 (British Summer Time),0.0369,0.0196,0.2062,0
Thu Jun 13 2024 17:00:00 GMT+0100 (British Summer Time),0.0369,0.0196,0.1975,877927.4087827557
Thu Jun 13 2024 18:00:00 GMT+0100 (British Summer Time),0.0369,0.0196,0.1981,53702.45149206425
Thu Jun 13 2024 19:00:00 GMT+0100 (British Summer Time),0.0369,0.0196,0.1981,0
Thu Jun 13 2024 20:00:00 GMT+0100 (British Summer Time),0.0369,0.0196,0.1981,0
Thu Jun 13 2024 21:00:00 GMT+0100 (British Summer Time),0.0369,0.0196,0.1979,11590.642998358991
Thu Jun 13 2024 22:00:00 GMT+0100 (British Summer Time),0.0369,0.0196,0.198,0
Thu Jun 13 2024 23:00:00 GMT+0100 (British Summer Time),0.0369,0.0196,0.1979,16.424260284273046
Fri Jun 14 2024 00:00:00 GMT+0100 (British Summer Time),0.0369,0.0196,0.1979,0
Fri Jun 14 2024 01:00:00 GMT+0100 (British Summer Time),0.0369,0.0196,0.1989,91198.98452098414
Fri Jun 14 2024 02:00:00 GMT+0100 (British Summer Time),0.0369,0.0196,0.1989,0
Fri Jun 14 2024 03:00:00 GMT+0100 (British Summer Time),0.0369,0.0196,0.1979,99340.38876429248
Fri Jun 14 2024 04:00:00 GMT+0100 (British Summer Time),0.0369,0.0196,0.1906,741676.1318692558
Fri Jun 14 2024 05:00:00 GMT+0100 (British Summer Time),0.0369,0.0196,0.1909,27369.470680936338
Fri Jun 14 2024 06:00:00 GMT+0100 (British Summer Time),0.0369,0.0196,0.1936,292984.5651516953
Fri Jun 14 2024 07:00:00 GMT+0100 (British Summer Time),0.0369,0.0196,0.1937,17471.691653203405
Fri Jun 14 2024 08:00:00 GMT+0100 (British Summer Time),0.0369,0.0196,0.1953,161699.94251416443
Fri Jun 14 2024 09:00:00 GMT+0100 (British Summer Time),0.0369,0.0196,0.1956,32045.241312922015
Fri Jun 14 2024 10:00:00 GMT+0100 (British Summer Time),0.0369,0.0196,0.1957,10402.353017563872
Fri Jun 14 2024 11:00:00 GMT+0100 (British Summer Time),0.0369,0.0196,0.1923,373797.9020163355
Fri Jun 14 2024 12:00:00 GMT+0100 (British Summer Time),0.0369,0.0196,0.1922,7734.490037054555
Fri Jun 14 2024 13:00:00 GMT+0100 (British Summer Time),0.0369,0.0159,0.1922,0
Fri Jun 14 2024 14:00:00 GMT+0100 (British Summer Time),0.0372,0.0213,0.1922,0
Fri Jun 14 2024 15:00:00 GMT+0100 (British Summer Time),0.0372,0.0213,0.1933,114395.89689475388
Fri Jun 14 2024 16:00:00 GMT+0100 (British Summer Time),0.0372,0.0213,0.1933,0
Fri Jun 14 2024 17:00:00 GMT+0100 (British Summer Time),0.0372,0.0213,0.1878,534924.9039890022
Fri Jun 14 2024 18:00:00 GMT+0100 (British Summer Time),0.0372,0.0213,0.1878,0
Fri Jun 14 2024 19:00:00 GMT+0100 (British Summer Time),0.0372,0.0213,0.1878,0
Fri Jun 14 2024 20:00:00 GMT+0100 (British Summer Time),0.0372,0.0213,0.1878,0
Fri Jun 14 2024 21:00:00 GMT+0100 (British Summer Time),0.0372,0.0213,0.1877,62205.95508986751
Fri Jun 14 2024 22:00:00 GMT+0100 (British Summer Time),0.0372,0.0213,0.1877,0
Fri Jun 14 2024 23:00:00 GMT+0100 (British Summer Time),0.0372,0.0213,0.1881,41855.40414933371
Sat Jun 15 2024 00:00:00 GMT+0100 (British Summer Time),0.0372,0.0213,0.1883,21175.188737447057
Sat Jun 15 2024 01:00:00 GMT+0100 (British Summer Time),0.0372,0.0213,0.1884,6957.677385001438
Sat Jun 15 2024 02:00:00 GMT+0100 (British Summer Time),0.0372,0.0213,0.1887,30241.07857398358
Sat Jun 15 2024 03:00:00 GMT+0100 (British Summer Time),0.0372,0.0213,0.1895,174815.38245287375
Sat Jun 15 2024 04:00:00 GMT+0100 (British Summer Time),0.0372,0.0213,0.1913,129394.42687847902
Sat Jun 15 2024 05:00:00 GMT+0100 (British Summer Time),0.0372,0.0213,0.1919,61491.84108787849
Sat Jun 15 2024 06:00:00 GMT+0100 (British Summer Time),0.0372,0.0213,0.1954,420492.3159937847
Sat Jun 15 2024 07:00:00 GMT+0100 (British Summer Time),0.0372,0.0213,0.1978,176428.29698916798
Sat Jun 15 2024 08:00:00 GMT+0100 (British Summer Time),0.0372,0.0213,0.1988,559459.9580881251
Sat Jun 15 2024 09:00:00 GMT+0100 (British Summer Time),0.0372,0.0213,0.2029,79804.98699140843
Sat Jun 15 2024 10:00:00 GMT+0100 (British Summer Time),0.0372,0.0213,0.203,18502.316772453167
Sat Jun 15 2024 11:00:00 GMT+0100 (British Summer Time),0.0372,0.0213,0.2029,431942.2519743027
Sat Jun 15 2024 12:00:00 GMT+0100 (British Summer Time),0.0372,0.0213,0.203,113430.38915497731
Sat Jun 15 2024 13:00:00 GMT+0100 (British Summer Time),0.0372,0.0184,0.203,5201.180955125894
Sat Jun 15 2024 14:00:00 GMT+0100 (British Summer Time),0.037,0.0237,0.2004,275554.49556658405
Sat Jun 15 2024 15:00:00 GMT+0100 (British Summer Time),0.037,0.0237,0.1985,994539.5763463811
Sat Jun 15 2024 16:00:00 GMT+0100 (British Summer Time),0.037,0.0237,0.1997,116433.72705516366
Sat Jun 15 2024 17:00:00 GMT+0100 (British Summer Time),0.037,0.0237,0.1997,56768.56517758875
Sat Jun 15 2024 18:00:00 GMT+0100 (British Summer Time),0.037,0.0237,0.1989,119556.31933693486
Sat Jun 15 2024 19:00:00 GMT+0100 (British Summer Time),0.037,0.0237,0.1979,150089.87412785855
Sat Jun 15 2024 20:00:00 GMT+0100 (British Summer Time),0.037,0.0237,0.1913,682114.1643110637
Sat Jun 15 2024 21:00:00 GMT+0100 (British Summer Time),0.037,0.0237,0.1899,139043.67936583655
Sat Jun 15 2024 22:00:00 GMT+0100 (British Summer Time),0.037,0.0237,0.1922,237918.31678421574
Sat Jun 15 2024 23:00:00 GMT+0100 (British Summer Time),0.037,0.0237,0.1922,0
Sun Jun 16 2024 00:00:00 GMT+0100 (British Summer Time),0.037,0.0237,0.1923,6198.4336126391945
Sun Jun 16 2024 01:00:00 GMT+0100 (British Summer Time),0.037,0.0237,0.1929,71380.50172040798
Sun Jun 16 2024 02:00:00 GMT+0100 (British Summer Time),0.037,0.0237,0.1931,14702.870499868657
Sun Jun 16 2024 03:00:00 GMT+0100 (British Summer Time),0.037,0.0237,0.1931,0
Sun Jun 16 2024 04:00:00 GMT+0100 (British Summer Time),0.037,0.0237,0.1931,0
Sun Jun 16 2024 05:00:00 GMT+0100 (British Summer Time),0.037,0.0237,0.1932,4712.107485450357
Sun Jun 16 2024 06:00:00 GMT+0100 (British Summer Time),0.037,0.0237,0.1932,3570.8232065609727
Sun Jun 16 2024 07:00:00 GMT+0100 (British Summer Time),0.037,0.0237,0.1936,48699.82501573228
Sun Jun 16 2024 08:00:00 GMT+0100 (British Summer Time),0.037,0.0237,0.1935,46903.29142082596
Sun Jun 16 2024 09:00:00 GMT+0100 (British Summer Time),0.037,0.0237,0.1937,8383.196575777829
Sun Jun 16 2024 10:00:00 GMT+0100 (British Summer Time),0.037,0.0237,0.1937,0
Sun Jun 16 2024 11:00:00 GMT+0100 (British Summer Time),0.037,0.0237,0.1938,11156.610785928387
Sun Jun 16 2024 12:00:00 GMT+0100 (British Summer Time),0.037,0.0237,0.1941,22058.829392465963
Sun Jun 16 2024 13:00:00 GMT+0100 (British Summer Time),0.037,0.0221,0.1951,107879.5152649452
Sun Jun 16 2024 14:00:00 GMT+0100 (British Summer Time),0,0.0221,0.1951,0
Sun Jun 16 2024 15:00:00 GMT+0100 (British Summer Time),0,0.0221,0.1951,39.53226769848146
Sun Jun 16 2024 16:00:00 GMT+0100 (British Summer Time),0,0.0221,0.1953,38732.31374163796
Sun Jun 16 2024 17:00:00 GMT+0100 (British Summer Time),0,0.0221,0.1885,702232.9535733461
Sun Jun 16 2024 18:00:00 GMT+0100 (British Summer Time),0,0.0221,0.1885,0
Sun Jun 16 2024 19:00:00 GMT+0100 (British Summer Time),0,0.0221,0.1885,482.15134307796274
Sun Jun 16 2024 20:00:00 GMT+0100 (British Summer Time),0,0.0221,0.1885,0
Sun Jun 16 2024 21:00:00 GMT+0100 (British Summer Time),0,0.0221,0.1885,2528.0560246426608
Sun Jun 16 2024 22:00:00 GMT+0100 (British Summer Time),0,0.0221,0.1968,956088.2866853657
Sun Jun 16 2024 23:00:00 GMT+0100 (British Summer Time),0,0.0221,0.1969,3450.3627825270464
Mon Jun 17 2024 00:00:00 GMT+0100 (British Summer Time),0,0.0221,0.1969,5545.070737521784
Mon Jun 17 2024 01:00:00 GMT+0100 (British Summer Time),0,0.0221,0.1969,0
Mon Jun 17 2024 02:00:00 GMT+0100 (British Summer Time),0,0.0221,0.1975,61059.48288668883
Mon Jun 17 2024 03:00:00 GMT+0100 (British Summer Time),0,0.0221,0.194,358323.04230180784
Mon Jun 17 2024 04:00:00 GMT+0100 (British Summer Time),0,0.0221,0.1902,395429.53654268075
Mon Jun 17 2024 05:00:00 GMT+0100 (British Summer Time),0,0.0221,0.1902,0
Mon Jun 17 2024 06:00:00 GMT+0100 (British Summer Time),0,0.0221,0.1902,0
Mon Jun 17 2024 07:00:00 GMT+0100 (British Summer Time),0,0.0221,0.1928,446666.0294712415
Mon Jun 17 2024 08:00:00 GMT+0100 (British Summer Time),0,0.0221,0.1964,371427.23718985816
Mon Jun 17 2024 09:00:00 GMT+0100 (British Summer Time),0,0.0221,0.1964,3589.3404334812944
Mon Jun 17 2024 10:00:00 GMT+0100 (British Summer Time),0,0.0221,0.1989,370073.3448463174
Mon Jun 17 2024 11:00:00 GMT+0100 (British Summer Time),0,0.0221,0.1989,0
Mon Jun 17 2024 12:00:00 GMT+0100 (British Summer Time),0,0.0221,0.1989,516.068523653551
Mon Jun 17 2024 13:00:00 GMT+0100 (British Summer Time),0,0.021,0.1995,64754.74909253811
Mon Jun 17 2024 14:00:00 GMT+0100 (British Summer Time),0,0.021,0.2008,127886.28499716498
Mon Jun 17 2024 15:00:00 GMT+0100 (British Summer Time),0,0.021,0.2008,0
Mon Jun 17 2024 16:00:00 GMT+0100 (British Summer Time),0,0.021,0.2025,608730.8606243739
Mon Jun 17 2024 17:00:00 GMT+0100 (British Summer Time),0,0.021,0.2029,42784.1380948334
Mon Jun 17 2024 18:00:00 GMT+0100 (British Summer Time),0,0.021,0.2029,0
Mon Jun 17 2024 19:00:00 GMT+0100 (British Summer Time),0,0.021,0.2029,714.2194311032824
Mon Jun 17 2024 20:00:00 GMT+0100 (British Summer Time),0,0.021,0.2029,0
Mon Jun 17 2024 21:00:00 GMT+0100 (British Summer Time),0,0.021,0.2029,0
Mon Jun 17 2024 22:00:00 GMT+0100 (British Summer Time),0,0.021,0.2029,0
Mon Jun 17 2024 23:00:00 GMT+0100 (British Summer Time),0,0.021,0.2029,0
Tue Jun 18 2024 00:00:00 GMT+0100 (British Summer Time),0,0.021,0.2029,0
Tue Jun 18 2024 01:00:00 GMT+0100 (British Summer Time),0,0.021,0.2029,0
Tue Jun 18 2024 02:00:00 GMT+0100 (British Summer Time),0,0.021,0.2028,6466.57908273895
Tue Jun 18 2024 03:00:00 GMT+0100 (British Summer Time),0,0.021,0.2036,1499812.885811874
Tue Jun 18 2024 04:00:00 GMT+0100 (British Summer Time),0.0968,0.0345,0.2036,0
Tue Jun 18 2024 05:00:00 GMT+0100 (British Summer Time),0.0968,0.0345,0.2045,160623.67278001586
Tue Jun 18 2024 06:00:00 GMT+0100 (British Summer Time),0.0968,0.0345,0.2055,187772.02152863742
Tue Jun 18 2024 07:00:00 GMT+0100 (British Summer Time),0.0968,0.0345,0.2051,61738.89488478048
Tue Jun 18 2024 08:00:00 GMT+0100 (British Summer Time),0.0968,0.0345,0.2058,71730.36785303803
Tue Jun 18 2024 09:00:00 GMT+0100 (British Summer Time),0.0968,0.0345,0.2058,0
Tue Jun 18 2024 10:00:00 GMT+0100 (British Summer Time),0.0968,0.0345,0.2044,303738.9857065632
Tue Jun 18 2024 11:00:00 GMT+0100 (British Summer Time),0.0968,0.0345,0.2046,22016.030931949335
Tue Jun 18 2024 12:00:00 GMT+0100 (British Summer Time),0.0968,0.0345,0.2046,247.50674593070275
Tue Jun 18 2024 13:00:00 GMT+0100 (British Summer Time),0.0968,0.0345,0.2046,0
Tue Jun 18 2024 14:00:00 GMT+0100 (British Summer Time),0.0968,0.0334,0.2046,0
Tue Jun 18 2024 15:00:00 GMT+0100 (British Summer Time),0.0968,0.0334,0.205,36497.32605306033
Tue Jun 18 2024 16:00:00 GMT+0100 (British Summer Time),0.0968,0.0334,0.205,0
Tue Jun 18 2024 17:00:00 GMT+0100 (British Summer Time),0.0968,0.0334,0.205,0
Tue Jun 18 2024 18:00:00 GMT+0100 (British Summer Time),0.0968,0.0334,0.2056,85180.15629957066
Tue Jun 18 2024 19:00:00 GMT+0100 (British Summer Time),0.0968,0.0334,0.2059,564716.671046834
Tue Jun 18 2024 20:00:00 GMT+0100 (British Summer Time),0.0968,0.0334,0.2059,0
Tue Jun 18 2024 21:00:00 GMT+0100 (British Summer Time),0.0968,0.0334,0.2069,101583.33935083417
Tue Jun 18 2024 22:00:00 GMT+0100 (British Summer Time),0.0968,0.0334,0.2069,0
Tue Jun 18 2024 23:00:00 GMT+0100 (British Summer Time),0.0968,0.0334,0.2068,88945.99813588214
Wed Jun 19 2024 00:00:00 GMT+0100 (British Summer Time),0.0968,0.0334,0.2073,0
Wed Jun 19 2024 01:00:00 GMT+0100 (British Summer Time),0.0968,0.0334,0.2076,26011.592751398075
Wed Jun 19 2024 02:00:00 GMT+0100 (British Summer Time),0.0968,0.0334,0.2076,0
Wed Jun 19 2024 03:00:00 GMT+0100 (British Summer Time),0.0968,0.0334,0.2031,572110.4842933547
Wed Jun 19 2024 04:00:00 GMT+0100 (British Summer Time),0,0.0334,0.1948,1109219.662553669
Wed Jun 19 2024 05:00:00 GMT+0100 (British Summer Time),0,0.0334,0.1948,0
Wed Jun 19 2024 06:00:00 GMT+0100 (British Summer Time),0,0.0334,0.1977,412546.2400432765
Wed Jun 19 2024 07:00:00 GMT+0100 (British Summer Time),0,0.0334,0.1977,5.989511118207606
Wed Jun 19 2024 08:00:00 GMT+0100 (British Summer Time),0,0.0334,0.2034,763506.9861569436
Wed Jun 19 2024 09:00:00 GMT+0100 (British Summer Time),0,0.0334,0.2027,541288.6048081126
Wed Jun 19 2024 10:00:00 GMT+0100 (British Summer Time),0,0.0334,0.1985,0
Wed Jun 19 2024 11:00:00 GMT+0100 (British Summer Time),0,0.0334,0.1904,1337107.537357083
Wed Jun 19 2024 12:00:00 GMT+0100 (British Summer Time),0,0.0334,0.1864,389028.97173207224
Wed Jun 19 2024 13:00:00 GMT+0100 (British Summer Time),0,0.0334,0.1864,70.64739683630037
Wed Jun 19 2024 14:00:00 GMT+0100 (British Summer Time),0,0.0292,0.1875,113239.07746005412
Wed Jun 19 2024 15:00:00 GMT+0100 (British Summer Time),0,0.0292,0.1822,514821.38093127473
Wed Jun 19 2024 16:00:00 GMT+0100 (British Summer Time),0,0.0292,0.1813,89555.33397553868
Wed Jun 19 2024 17:00:00 GMT+0100 (British Summer Time),0,0.0292,0.182,290905.8248117316
Wed Jun 19 2024 18:00:00 GMT+0100 (British Summer Time),0,0.0292,0.1843,0
Wed Jun 19 2024 19:00:00 GMT+0100 (British Summer Time),0,0.0292,0.1843,0
Wed Jun 19 2024 20:00:00 GMT+0100 (British Summer Time),0,0.0292,0.1839,34961.02949249661
Wed Jun 19 2024 21:00:00 GMT+0100 (British Summer Time),0,0.0292,0.1861,204696.26656144302
Wed Jun 19 2024 22:00:00 GMT+0100 (British Summer Time),0,0.0292,0.1861,0
Wed Jun 19 2024 23:00:00 GMT+0100 (British Summer Time),0,0.0292,0.1861,0
Thu Jun 20 2024 00:00:00 GMT+0100 (British Summer Time),0,0.0292,0.1861,0
Thu Jun 20 2024 01:00:00 GMT+0100 (British Summer Time),0,0.0292,0.1933,946683.044309432
Thu Jun 20 2024 02:00:00 GMT+0100 (British Summer Time),0,0.0292,0.1933,0
Thu Jun 20 2024 03:00:00 GMT+0100 (British Summer Time),0,0.0292,0.1888,670631.5303467213
Thu Jun 20 2024 04:00:00 GMT+0100 (British Summer Time),0,0.0292,0.1965,1116569.1708942563
Thu Jun 20 2024 05:00:00 GMT+0100 (British Summer Time),0,0.0292,0.1987,485719.52554245666
Thu Jun 20 2024 06:00:00 GMT+0100 (British Summer Time),0,0.0292,0.1849,1599292.9789675728
Thu Jun 20 2024 07:00:00 GMT+0100 (British Summer Time),0,0.0292,0.1827,210967.82182476096
Thu Jun 20 2024 08:00:00 GMT+0100 (British Summer Time),0,0.0292,0.1836,89545.34814043617
Thu Jun 20 2024 09:00:00 GMT+0100 (British Summer Time),0.0352,0.0343,0.1908,703707.7016608749
Thu Jun 20 2024 10:00:00 GMT+0100 (British Summer Time),0.0352,0.0343,0.1912,42446.4710488518
Thu Jun 20 2024 11:00:00 GMT+0100 (British Summer Time),0.0352,0.0343,0.1919,139305.58224908708
Thu Jun 20 2024 12:00:00 GMT+0100 (British Summer Time),0.0352,0.0343,0.1908,104735.76152917874
Thu Jun 20 2024 13:00:00 GMT+0100 (British Summer Time),0.0352,0.0343,0.1926,178053.52833061208
Thu Jun 20 2024 14:00:00 GMT+0100 (British Summer Time),0.0352,0.0289,0.1926,356316.5580297004
Thu Jun 20 2024 15:00:00 GMT+0100 (British Summer Time),0.0352,0.0289,0.1957,400639.7386642018
Thu Jun 20 2024 16:00:00 GMT+0100 (British Summer Time),0.0352,0.0289,0.1957,0
Thu Jun 20 2024 17:00:00 GMT+0100 (British Summer Time),0.0352,0.0289,0.1957,0
Thu Jun 20 2024 18:00:00 GMT+0100 (British Summer Time),0.0352,0.0289,0.1957,0
Thu Jun 20 2024 19:00:00 GMT+0100 (British Summer Time),0.0352,0.0289,0.198,197163.6697158738
Thu Jun 20 2024 20:00:00 GMT+0100 (British Summer Time),0.0352,0.0289,0.198,0
Thu Jun 20 2024 21:00:00 GMT+0100 (British Summer Time),0.0352,0.0289,0.1997,314512.67973431596
Thu Jun 20 2024 22:00:00 GMT+0100 (British Summer Time),0.0352,0.0289,0.202,1040787.9372654135
Thu Jun 20 2024 23:00:00 GMT+0100 (British Summer Time),0.0352,0.0289,0.2042,301822.88628126285
Fri Jun 21 2024 00:00:00 GMT+0100 (British Summer Time),0.0352,0.0289,0.2066,1148883.411017409
Fri Jun 21 2024 01:00:00 GMT+0100 (British Summer Time),0.0352,0.0289,0.2066,0
Fri Jun 21 2024 02:00:00 GMT+0100 (British Summer Time),0.0352,0.0289,0.2151,762357.2251613444
Fri Jun 21 2024 03:00:00 GMT+0100 (British Summer Time),0.0352,0.0289,0.2151,11299.099379759202
Fri Jun 21 2024 04:00:00 GMT+0100 (British Summer Time),0.0352,0.0289,0.2146,42877.65795421801
Fri Jun 21 2024 05:00:00 GMT+0100 (British Summer Time),0.0352,0.0289,0.2339,2349392.3113097358
Fri Jun 21 2024 06:00:00 GMT+0100 (British Summer Time),0.0352,0.0289,0.2343,43628.903500111475
Fri Jun 21 2024 07:00:00 GMT+0100 (British Summer Time),0.0352,0.0289,0.2308,1957141.749765813
Fri Jun 21 2024 08:00:00 GMT+0100 (British Summer Time),0.0352,0.0289,0.2294,3158722.2262130207
Fri Jun 21 2024 09:00:00 GMT+0100 (British Summer Time),0,0.0289,0.2279,133226.46439359852
Fri Jun 21 2024 10:00:00 GMT+0100 (British Summer Time),0.0155,0.0312,0.2284,41195.81776215956
Fri Jun 21 2024 11:00:00 GMT+0100 (British Summer Time),0.0155,0.0312,0.2284,8.095164494877105
Fri Jun 21 2024 12:00:00 GMT+0100 (British Summer Time),0.0155,0.0312,0.2284,0
Fri Jun 21 2024 13:00:00 GMT+0100 (British Summer Time),0.0155,0.0312,0.2197,831530.7474091664
Fri Jun 21 2024 14:00:00 GMT+0100 (British Summer Time),0.0155,0.0258,0.2198,65627.20560051968
Fri Jun 21 2024 15:00:00 GMT+0100 (British Summer Time),0.0155,0.0258,0.2218,185503.86752375655
Fri Jun 21 2024 16:00:00 GMT+0100 (British Summer Time),0.0155,0.0258,0.2278,1535360.9948251396
Fri Jun 21 2024 17:00:00 GMT+0100 (British Summer Time),0.0155,0.0258,0.2276,16313.24196049152
Fri Jun 21 2024 18:00:00 GMT+0100 (British Summer Time),0.0155,0.0258,0.2353,684911.2883839872
Fri Jun 21 2024 19:00:00 GMT+0100 (British Summer Time),0.0155,0.0258,0.2343,89218.11720926742
Fri Jun 21 2024 20:00:00 GMT+0100 (British Summer Time),0.0155,0.0258,0.2343,0
Fri Jun 21 2024 21:00:00 GMT+0100 (British Summer Time),0.0155,0.0258,0.1814,8170202.076655859
Fri Jun 21 2024 22:00:00 GMT+0100 (British Summer Time),0.0155,0.0258,0.1905,755667.2484181453
Fri Jun 21 2024 23:00:00 GMT+0100 (British Summer Time),0.0155,0.0258,0.1908,21325.10671095358
Sat Jun 22 2024 00:00:00 GMT+0100 (British Summer Time),0.0155,0.0258,0.1908,4269.17884352409
Sat Jun 22 2024 01:00:00 GMT+0100 (British Summer Time),0.0155,0.0258,0.1908,0
Sat Jun 22 2024 02:00:00 GMT+0100 (British Summer Time),0.0155,0.0258,0.1634,5309148.794950723
Sat Jun 22 2024 03:00:00 GMT+0100 (British Summer Time),0.0155,0.0258,0.1707,544910.1314764834
Sat Jun 22 2024 04:00:00 GMT+0100 (British Summer Time),0.0155,0.0258,0.1712,33625.82675357255
Sat Jun 22 2024 05:00:00 GMT+0100 (British Summer Time),0.0155,0.0258,0.1714,13320.063824771127
Sat Jun 22 2024 06:00:00 GMT+0100 (British Summer Time),0.0155,0.0258,0.1714,19231.997392588506
Sat Jun 22 2024 07:00:00 GMT+0100 (British Summer Time),0.0155,0.0258,0.1715,118777.23916296146
Sat Jun 22 2024 08:00:00 GMT+0100 (British Summer Time),0.0155,0.0258,0.1669,834153.3035189232
Sat Jun 22 2024 09:00:00 GMT+0100 (British Summer Time),0.0155,0.0258,0.1763,1272590.5617723358
Sat Jun 22 2024 10:00:00 GMT+0100 (British Summer Time),0.0267,0.0297,0.1749,1968636.6446655935
Sat Jun 22 2024 11:00:00 GMT+0100 (British Summer Time),0.0267,0.0297,0.1856,1419112.6258933505
Sat Jun 22 2024 12:00:00 GMT+0100 (British Summer Time),0.0267,0.0297,0.1871,706468.6386744715
Sat Jun 22 2024 13:00:00 GMT+0100 (British Summer Time),0.0267,0.0297,0.1801,537914.5302281302
Sat Jun 22 2024 14:00:00 GMT+0100 (British Summer Time),0.0267,0.0244,0.1796,911412.6616047511
Sat Jun 22 2024 15:00:00 GMT+0100 (British Summer Time),0.0267,0.0244,0.1802,48349.94553690501
Sat Jun 22 2024 16:00:00 GMT+0100 (British Summer Time),0.0267,0.0244,0.1809,55120.834151812756
Sat Jun 22 2024 17:00:00 GMT+0100 (British Summer Time),0.0267,0.0244,0.1659,1101678.0196112848
Sat Jun 22 2024 18:00:00 GMT+0100 (British Summer Time),0.0267,0.0244,0.1726,592474.7203447209
Sat Jun 22 2024 19:00:00 GMT+0100 (British Summer Time),0.0267,0.0244,0.1768,206265.208689152
Sat Jun 22 2024 20:00:00 GMT+0100 (British Summer Time),0.0267,0.0244,0.1768,0
Sat Jun 22 2024 21:00:00 GMT+0100 (British Summer Time),0.0267,0.0244,0.1773,37423.15770588983
Sat Jun 22 2024 22:00:00 GMT+0100 (British Summer Time),0.0267,0.0244,0.18,223522.5418515476
Sat Jun 22 2024 23:00:00 GMT+0100 (British Summer Time),0.0267,0.0244,0.1827,172414.73212052215
Sun Jun 23 2024 00:00:00 GMT+0100 (British Summer Time),0.0267,0.0244,0.1959,1254000.3139201638
Sun Jun 23 2024 01:00:00 GMT+0100 (British Summer Time),0.0267,0.0244,0.2072,828151.0079607903
Sun Jun 23 2024 02:00:00 GMT+0100 (British Summer Time),0.0267,0.0244,0.2139,882384.1270447614
Sun Jun 23 2024 03:00:00 GMT+0100 (British Summer Time),0.0267,0.0244,0.2171,97452.76098263037
Sun Jun 23 2024 04:00:00 GMT+0100 (British Summer Time),0.0267,0.0244,0.2059,890081.1272692042
Sun Jun 23 2024 05:00:00 GMT+0100 (British Summer Time),0.0267,0.0244,0.2065,48008.0372029972
Sun Jun 23 2024 06:00:00 GMT+0100 (British Summer Time),0.0267,0.0244,0.206,74394.88839113768
Sun Jun 23 2024 07:00:00 GMT+0100 (British Summer Time),0.0267,0.0244,0.2077,384596.06936733145
Sun Jun 23 2024 08:00:00 GMT+0100 (British Summer Time),0.0267,0.0244,0.203,1070839.018076181
Sun Jun 23 2024 09:00:00 GMT+0100 (British Summer Time),0.0267,0.0244,0.2031,3940.9210572148972
Sun Jun 23 2024 10:00:00 GMT+0100 (British Summer Time),0.0283,0.0285,0.2066,617728.877011528
Sun Jun 23 2024 11:00:00 GMT+0100 (British Summer Time),0.0283,0.0285,0.2101,4712768.983444084
Sun Jun 23 2024 12:00:00 GMT+0100 (British Summer Time),0.0283,0.0285,0.2366,469847.2545165712
Sun Jun 23 2024 13:00:00 GMT+0100 (British Summer Time),0.0283,0.0285,0.2372,51091.05759732719
Sun Jun 23 2024 14:00:00 GMT+0100 (British Summer Time),0.0283,0.0285,0.2392,248198.78503721324
Sun Jun 23 2024 15:00:00 GMT+0100 (British Summer Time),0.0283,0.0285,0.2453,415031.87948440394
Sun Jun 23 2024 16:00:00 GMT+0100 (British Summer Time),0.0283,0.0285,0.2458,45618.431148635704
Sun Jun 23 2024 17:00:00 GMT+0100 (British Summer Time),0.0283,0.0285,0.2456,18057.881188334206
Sun Jun 23 2024 18:00:00 GMT+0100 (British Summer Time),0.0283,0.0285,0.2386,3609963.7037447346
Sun Jun 23 2024 19:00:00 GMT+0100 (British Summer Time),0.0283,0.0285,0.221,1410968.12045637
Sun Jun 23 2024 20:00:00 GMT+0100 (British Summer Time),0.0283,0.0285,0.2214,31696.755079635288
Sun Jun 23 2024 21:00:00 GMT+0100 (British Summer Time),0.0283,0.0285,0.2201,161242.73568530646
Sun Jun 23 2024 22:00:00 GMT+0100 (British Summer Time),0.0283,0.0285,0.2201,0
Sun Jun 23 2024 23:00:00 GMT+0100 (British Summer Time),0.0283,0.0285,0.2201,5012.012210956864
Mon Jun 24 2024 00:00:00 GMT+0100 (British Summer Time),0.0283,0.0285,0.2201,0
Mon Jun 24 2024 01:00:00 GMT+0100 (British Summer Time),0.0283,0.0285,0.2201,0
Mon Jun 24 2024 02:00:00 GMT+0100 (British Summer Time),0.0283,0.0285,0.2201,0
Mon Jun 24 2024 03:00:00 GMT+0100 (British Summer Time),0.0283,0.0285,0.2276,584706.8425089469
Mon Jun 24 2024 04:00:00 GMT+0100 (British Summer Time),0.0283,0.0285,0.2276,0
Mon Jun 24 2024 05:00:00 GMT+0100 (British Summer Time),0.0283,0.0285,0.2276,0
Mon Jun 24 2024 06:00:00 GMT+0100 (British Summer Time),0.0283,0.0285,0.1989,2437783.517234869
Mon Jun 24 2024 07:00:00 GMT+0100 (British Summer Time),0.0283,0.0285,0.1987,279195.77922981855
Mon Jun 24 2024 08:00:00 GMT+0100 (British Summer Time),0.0283,0.0285,0.1951,408319.8606423022
Mon Jun 24 2024 09:00:00 GMT+0100 (British Summer Time),0.0283,0.0285,0.1962,184792.32330090815
Mon Jun 24 2024 10:00:00 GMT+0100 (British Summer Time),0,0.0285,0.1976,0
Mon Jun 24 2024 11:00:00 GMT+0100 (British Summer Time),0.0304,0.0329,0.1978,16510.103096941923
Mon Jun 24 2024 12:00:00 GMT+0100 (British Summer Time),0.0304,0.0329,0.2002,399615.50187556434
Mon Jun 24 2024 13:00:00 GMT+0100 (British Summer Time),0.0304,0.0329,0.2034,0
Mon Jun 24 2024 14:00:00 GMT+0100 (British Summer Time),0.0304,0.0329,0.2077,311355.58948995103
Mon Jun 24 2024 15:00:00 GMT+0100 (British Summer Time),0.0304,0.0329,0.2085,1256982.418232514
Mon Jun 24 2024 16:00:00 GMT+0100 (British Summer Time),0.0304,0.0329,0.2085,0
Mon Jun 24 2024 17:00:00 GMT+0100 (British Summer Time),0.0304,0.0329,0.2051,246516.64653734825
Mon Jun 24 2024 18:00:00 GMT+0100 (British Summer Time),0.0304,0.0329,0.2051,0
Mon Jun 24 2024 19:00:00 GMT+0100 (British Summer Time),0.0304,0.0329,0.2148,734416.315644352
Mon Jun 24 2024 20:00:00 GMT+0100 (British Summer Time),0.0304,0.0329,0.2155,46361.924289707735
Mon Jun 24 2024 21:00:00 GMT+0100 (British Summer Time),0.0304,0.0329,0.223,558054.9568070581
Mon Jun 24 2024 22:00:00 GMT+0100 (British Summer Time),0.0304,0.0329,0.223,0
Mon Jun 24 2024 23:00:00 GMT+0100 (British Summer Time),0.0304,0.0329,0.2245,111942.72005939907
Tue Jun 25 2024 00:00:00 GMT+0100 (British Summer Time),0.0304,0.0329,0.2262,124689.56441723311
Tue Jun 25 2024 01:00:00 GMT+0100 (British Summer Time),0.0304,0.0329,0.2262,4.471492544968598
Tue Jun 25 2024 02:00:00 GMT+0100 (British Summer Time),0.0304,0.0329,0.2274,584505.2716055987
Tue Jun 25 2024 03:00:00 GMT+0100 (British Summer Time),0.0304,0.0329,0.2257,2288058.2550528464
Tue Jun 25 2024 04:00:00 GMT+0100 (British Summer Time),0.0304,0.0193,0.2257,4296.41864230544
Tue Jun 25 2024 05:00:00 GMT+0100 (British Summer Time),0.0304,0.0193,0.2262,32933.69004350097
Tue Jun 25 2024 06:00:00 GMT+0100 (British Summer Time),0.0304,0.0193,0.2262,77.7341066227172
Tue Jun 25 2024 07:00:00 GMT+0100 (British Summer Time),0.0304,0.0193,0.2239,533847.7341292712
Tue Jun 25 2024 08:00:00 GMT+0100 (British Summer Time),0.0304,0.0193,0.2297,433533.3855325825
Tue Jun 25 2024 09:00:00 GMT+0100 (British Summer Time),0.0304,0.0193,0.2255,8.236469640770649
Tue Jun 25 2024 10:00:00 GMT+0100 (British Summer Time),0.0304,0.0193,0.2382,917125.5764153483
Tue Jun 25 2024 11:00:00 GMT+0100 (British Summer Time),0.0334,0.0241,0.238,13485.316207563672
Tue Jun 25 2024 12:00:00 GMT+0100 (British Summer Time),0.0334,0.0241,0.238,0
Tue Jun 25 2024 13:00:00 GMT+0100 (British Summer Time),0.0334,0.0241,0.2399,269984.8170730215
Tue Jun 25 2024 14:00:00 GMT+0100 (British Summer Time),0.0334,0.0241,0.2413,664779.9578950903
Tue Jun 25 2024 15:00:00 GMT+0100 (British Summer Time),0.0334,0.0241,0.2441,210111.8348161858
Tue Jun 25 2024 16:00:00 GMT+0100 (British Summer Time),0.0334,0.0241,0.2269,1456003.601487588
Tue Jun 25 2024 17:00:00 GMT+0100 (British Summer Time),0.0334,0.0241,0.2293,26916.280489308236
Tue Jun 25 2024 18:00:00 GMT+0100 (British Summer Time),0.0334,0.0241,0.2293,0
Tue Jun 25 2024 19:00:00 GMT+0100 (British Summer Time),0.0334,0.0241,0.2279,1757248.384329555
Tue Jun 25 2024 20:00:00 GMT+0100 (British Summer Time),0.0334,0.0241,0.2303,314721.24209127034
Tue Jun 25 2024 21:00:00 GMT+0100 (British Summer Time),0.0334,0.0241,0.2303,0
Tue Jun 25 2024 22:00:00 GMT+0100 (British Summer Time),0.0334,0.0241,0.2296,1481523.5198619193
Tue Jun 25 2024 23:00:00 GMT+0100 (British Summer Time),0.0334,0.0241,0.2363,490982.99354964145
Wed Jun 26 2024 00:00:00 GMT+0100 (British Summer Time),0.0334,0.0241,0.2359,23589.822046004276
Wed Jun 26 2024 01:00:00 GMT+0100 (British Summer Time),0.0334,0.0241,0.2416,418170.2829572431
Wed Jun 26 2024 02:00:00 GMT+0100 (British Summer Time),0.0334,0.0241,0.242,30077.301969546974
Wed Jun 26 2024 03:00:00 GMT+0100 (British Summer Time),0.0334,0.0241,0.242,0
Wed Jun 26 2024 04:00:00 GMT+0100 (British Summer Time),0.0334,0.0241,0.242,0
Wed Jun 26 2024 05:00:00 GMT+0100 (British Summer Time),0.0334,0.0241,0.2419,45924.572715835864
Wed Jun 26 2024 06:00:00 GMT+0100 (British Summer Time),0.0334,0.0241,0.2636,1885405.8971578495
Wed Jun 26 2024 07:00:00 GMT+0100 (British Summer Time),0.0334,0.0241,0.2755,898506.1966409582
Wed Jun 26 2024 08:00:00 GMT+0100 (British Summer Time),0.0334,0.0241,0.2764,377983.8519881902
Wed Jun 26 2024 09:00:00 GMT+0100 (British Summer Time),0.0334,0.0241,0.284,582139.719527928
Wed Jun 26 2024 10:00:00 GMT+0100 (British Summer Time),0.0334,0.0241,0.2609,3333753.4696934326
Wed Jun 26 2024 11:00:00 GMT+0100 (British Summer Time),0,0.0241,0.2667,598106.9541283457
Wed Jun 26 2024 12:00:00 GMT+0100 (British Summer Time),0.0415,0.0301,0.2667,0
Wed Jun 26 2024 13:00:00 GMT+0100 (British Summer Time),0.0415,0.0301,0.2715,448137.4564696251
Wed Jun 26 2024 14:00:00 GMT+0100 (British Summer Time),0.0415,0.0301,0.2877,5220832.985757503
Wed Jun 26 2024 15:00:00 GMT+0100 (British Summer Time),0.0415,0.0301,0.3768,15602212.440329181
Wed Jun 26 2024 16:00:00 GMT+0100 (British Summer Time),0.0415,0.0301,0.5724,16067487.023020204
Wed Jun 26 2024 17:00:00 GMT+0100 (British Summer Time),0.0415,0.0301,0.5735,71357.24317050801
Wed Jun 26 2024 18:00:00 GMT+0100 (British Summer Time),0.0415,0.0301,0.5941,1213560.3449908781
Wed Jun 26 2024 19:00:00 GMT+0100 (British Summer Time),0.0415,0.0301,0.5941,0
Wed Jun 26 2024 20:00:00 GMT+0100 (British Summer Time),0.0415,0.0301,0.5952,151222.76736709327
Wed Jun 26 2024 21:00:00 GMT+0100 (British Summer Time),0.0415,0.0301,0.6234,1587536.0041272216
Wed Jun 26 2024 22:00:00 GMT+0100 (British Summer Time),0.0415,0.0301,0.6236,10972.74962349116
Wed Jun 26 2024 23:00:00 GMT+0100 (British Summer Time),0.0415,0.0301,0.5121,6921890.086602998
Thu Jun 27 2024 00:00:00 GMT+0100 (British Summer Time),0.0415,0.0301,0.5309,1042435.6894504811