time,underlyingApy1DMA,underlyingApy7DMA,impliedApy,volume
Thu Apr 24 2025 22:00:00 GMT+0100 (British Summer Time),0.0348,0.0271,0.0473,0
Thu Apr 24 2025 23:00:00 GMT+0100 (British Summer Time),0.0348,0.0271,0.0473,0
Fri Apr 25 2025 00:00:00 GMT+0100 (British Summer Time),0.0348,0.0271,0.0473,0
Fri Apr 25 2025 01:00:00 GMT+0100 (British Summer Time),0.0348,0.0271,0.0473,0
Fri Apr 25 2025 02:00:00 GMT+0100 (British Summer Time),0.0348,0.0271,0.0473,0
Fri Apr 25 2025 03:00:00 GMT+0100 (British Summer Time),0.0348,0.0271,0.0473,0
Fri Apr 25 2025 04:00:00 GMT+0100 (British Summer Time),0.0348,0.0271,0.0473,0
Fri Apr 25 2025 05:00:00 GMT+0100 (British Summer Time),0.0348,0.0271,0.0473,0
Fri Apr 25 2025 06:00:00 GMT+0100 (British Summer Time),0.0229,0.0273,0.0473,0
Fri Apr 25 2025 07:00:00 GMT+0100 (British Summer Time),0.0229,0.0273,0.0473,0
Fri Apr 25 2025 08:00:00 GMT+0100 (British Summer Time),0.0229,0.0273,0.0473,0
Fri Apr 25 2025 09:00:00 GMT+0100 (British Summer Time),0.0229,0.0273,0.0473,0
Fri Apr 25 2025 10:00:00 GMT+0100 (British Summer Time),0.0229,0.0273,0.0473,0
Fri Apr 25 2025 11:00:00 GMT+0100 (British Summer Time),0.0229,0.0273,0.0473,0
Fri Apr 25 2025 12:00:00 GMT+0100 (British Summer Time),0.0229,0.0273,0.0473,0
Fri Apr 25 2025 13:00:00 GMT+0100 (British Summer Time),0.0229,0.0273,0.0473,0
Fri Apr 25 2025 14:00:00 GMT+0100 (British Summer Time),0.0229,0.0273,0.0473,5.459548685005066
Fri Apr 25 2025 15:00:00 GMT+0100 (British Summer Time),0.0229,0.0273,0.0473,0
Fri Apr 25 2025 16:00:00 GMT+0100 (British Summer Time),0.0229,0.0273,0.0473,0
Fri Apr 25 2025 17:00:00 GMT+0100 (British Summer Time),0.0229,0.0273,0.0473,0
Fri Apr 25 2025 18:00:00 GMT+0100 (British Summer Time),0.0229,0.0273,0.0473,0
Fri Apr 25 2025 19:00:00 GMT+0100 (British Summer Time),0.0229,0.0273,0.0473,0
Fri Apr 25 2025 20:00:00 GMT+0100 (British Summer Time),0.0229,0.0273,0.0473,0
Fri Apr 25 2025 21:00:00 GMT+0100 (British Summer Time),0.0229,0.0273,0.0473,0
Fri Apr 25 2025 22:00:00 GMT+0100 (British Summer Time),0.0229,0.0273,0.0473,0
Fri Apr 25 2025 23:00:00 GMT+0100 (British Summer Time),0.0229,0.0273,0.0473,0
Sat Apr 26 2025 00:00:00 GMT+0100 (British Summer Time),0.0229,0.0273,0.0473,0
Sat Apr 26 2025 01:00:00 GMT+0100 (British Summer Time),0.0229,0.0273,0.0473,0
Sat Apr 26 2025 02:00:00 GMT+0100 (British Summer Time),0.0229,0.0273,0.0473,0
Sat Apr 26 2025 03:00:00 GMT+0100 (British Summer Time),0.0229,0.0273,0.0473,0
Sat Apr 26 2025 04:00:00 GMT+0100 (British Summer Time),0.0229,0.0273,0.0473,0
Sat Apr 26 2025 05:00:00 GMT+0100 (British Summer Time),0.0229,0.0273,0.0473,0
Sat Apr 26 2025 06:00:00 GMT+0100 (British Summer Time),0.0231,0.0276,0.0473,0
Sat Apr 26 2025 07:00:00 GMT+0100 (British Summer Time),0.0231,0.0276,0.0473,0
Sat Apr 26 2025 08:00:00 GMT+0100 (British Summer Time),0.0231,0.0276,0.0466,54660.967972815764
Sat Apr 26 2025 09:00:00 GMT+0100 (British Summer Time),0.0231,0.0276,0.0466,0
Sat Apr 26 2025 10:00:00 GMT+0100 (British Summer Time),0.0231,0.0276,0.0466,0
Sat Apr 26 2025 11:00:00 GMT+0100 (British Summer Time),0.0231,0.0276,0.0466,0
Sat Apr 26 2025 12:00:00 GMT+0100 (British Summer Time),0.0231,0.0276,0.0466,0
Sat Apr 26 2025 13:00:00 GMT+0100 (British Summer Time),0.0231,0.0276,0.0466,0
Sat Apr 26 2025 14:00:00 GMT+0100 (British Summer Time),0.0231,0.0276,0.0466,0
Sat Apr 26 2025 15:00:00 GMT+0100 (British Summer Time),0.0231,0.0276,0.0466,0
Sat Apr 26 2025 16:00:00 GMT+0100 (British Summer Time),0.0231,0.0276,0.0466,0
Sat Apr 26 2025 17:00:00 GMT+0100 (British Summer Time),0.0231,0.0276,0.0466,0
Sat Apr 26 2025 18:00:00 GMT+0100 (British Summer Time),0.0231,0.0276,0.0466,0
Sat Apr 26 2025 19:00:00 GMT+0100 (British Summer Time),0.0231,0.0276,0.0466,0
Sat Apr 26 2025 20:00:00 GMT+0100 (British Summer Time),0.0231,0.0276,0.0466,0
Sat Apr 26 2025 21:00:00 GMT+0100 (British Summer Time),0.0231,0.0276,0.0466,2822.8927732893953
Sat Apr 26 2025 22:00:00 GMT+0100 (British Summer Time),0.0231,0.0276,0.0466,0
Sat Apr 26 2025 23:00:00 GMT+0100 (British Summer Time),0.0231,0.0276,0.0466,0
Sun Apr 27 2025 00:00:00 GMT+0100 (British Summer Time),0.0231,0.0276,0.0466,0
Sun Apr 27 2025 01:00:00 GMT+0100 (British Summer Time),0.0231,0.0276,0.0466,0
Sun Apr 27 2025 02:00:00 GMT+0100 (British Summer Time),0.0231,0.0276,0.0466,0
Sun Apr 27 2025 03:00:00 GMT+0100 (British Summer Time),0.0231,0.0276,0.0466,0
Sun Apr 27 2025 04:00:00 GMT+0100 (British Summer Time),0.0231,0.0276,0.0466,0
Sun Apr 27 2025 05:00:00 GMT+0100 (British Summer Time),0.0231,0.0276,0.0466,0
Sun Apr 27 2025 06:00:00 GMT+0100 (British Summer Time),0,0.0287,0.0466,0
Sun Apr 27 2025 07:00:00 GMT+0100 (British Summer Time),0.0221,0.0278,0.0466,0
Sun Apr 27 2025 08:00:00 GMT+0100 (British Summer Time),0.0221,0.0278,0.0466,0
Sun Apr 27 2025 09:00:00 GMT+0100 (British Summer Time),0.0221,0.0278,0.0466,0
Sun Apr 27 2025 10:00:00 GMT+0100 (British Summer Time),0.0221,0.0278,0.0466,0
Sun Apr 27 2025 11:00:00 GMT+0100 (British Summer Time),0.0221,0.0278,0.0466,0
Sun Apr 27 2025 12:00:00 GMT+0100 (British Summer Time),0.0221,0.0278,0.0466,0
Sun Apr 27 2025 13:00:00 GMT+0100 (British Summer Time),0.0221,0.0278,0.0466,0
Sun Apr 27 2025 14:00:00 GMT+0100 (British Summer Time),0.0221,0.0278,0.0466,0
Sun Apr 27 2025 15:00:00 GMT+0100 (British Summer Time),0.0221,0.0278,0.0466,0
Sun Apr 27 2025 16:00:00 GMT+0100 (British Summer Time),0.0221,0.0278,0.0466,0
Sun Apr 27 2025 17:00:00 GMT+0100 (British Summer Time),0.0221,0.0278,0.0466,0
Sun Apr 27 2025 18:00:00 GMT+0100 (British Summer Time),0.0221,0.0278,0.0466,0
Sun Apr 27 2025 19:00:00 GMT+0100 (British Summer Time),0.0221,0.0278,0.0466,0
Sun Apr 27 2025 20:00:00 GMT+0100 (British Summer Time),0.0221,0.0278,0.0466,0
Sun Apr 27 2025 21:00:00 GMT+0100 (British Summer Time),0.0221,0.0278,0.0466,31.88206850672835
Sun Apr 27 2025 22:00:00 GMT+0100 (British Summer Time),0.0221,0.0278,0.0466,0
Sun Apr 27 2025 23:00:00 GMT+0100 (British Summer Time),0.0221,0.0278,0.0466,0
Mon Apr 28 2025 00:00:00 GMT+0100 (British Summer Time),0.0221,0.0278,0.0466,0
Mon Apr 28 2025 01:00:00 GMT+0100 (British Summer Time),0.0221,0.0278,0.0466,0
Mon Apr 28 2025 02:00:00 GMT+0100 (British Summer Time),0.0221,0.0278,0.0466,0
Mon Apr 28 2025 03:00:00 GMT+0100 (British Summer Time),0.0221,0.0278,0.0466,0
Mon Apr 28 2025 04:00:00 GMT+0100 (British Summer Time),0.0221,0.0278,0.0466,0
Mon Apr 28 2025 05:00:00 GMT+0100 (British Summer Time),0.0221,0.0278,0.0466,0
Mon Apr 28 2025 06:00:00 GMT+0100 (British Summer Time),0,0.0288,0.0466,0
Mon Apr 28 2025 07:00:00 GMT+0100 (British Summer Time),0.022,0.0278,0.0466,0
Mon Apr 28 2025 08:00:00 GMT+0100 (British Summer Time),0.022,0.0278,0.0466,0
Mon Apr 28 2025 09:00:00 GMT+0100 (British Summer Time),0.022,0.0278,0.0466,0
Mon Apr 28 2025 10:00:00 GMT+0100 (British Summer Time),0.022,0.0278,0.0466,0
Mon Apr 28 2025 11:00:00 GMT+0100 (British Summer Time),0.022,0.0278,0.0466,0
Mon Apr 28 2025 12:00:00 GMT+0100 (British Summer Time),0.022,0.0278,0.0466,0
Mon Apr 28 2025 13:00:00 GMT+0100 (British Summer Time),0.022,0.0278,0.0466,0
Mon Apr 28 2025 14:00:00 GMT+0100 (British Summer Time),0.022,0.0278,0.0466,0
Mon Apr 28 2025 15:00:00 GMT+0100 (British Summer Time),0.022,0.0278,0.0466,0
Mon Apr 28 2025 16:00:00 GMT+0100 (British Summer Time),0.022,0.0278,0.0467,5924.789884494141
Mon Apr 28 2025 17:00:00 GMT+0100 (British Summer Time),0.022,0.0278,0.0467,0
Mon Apr 28 2025 18:00:00 GMT+0100 (British Summer Time),0.022,0.0278,0.0467,0
Mon Apr 28 2025 19:00:00 GMT+0100 (British Summer Time),0.022,0.0278,0.0467,0
Mon Apr 28 2025 20:00:00 GMT+0100 (British Summer Time),0.022,0.0278,0.0467,0
Mon Apr 28 2025 21:00:00 GMT+0100 (British Summer Time),0.022,0.0278,0.0467,0
Mon Apr 28 2025 22:00:00 GMT+0100 (British Summer Time),0.022,0.0278,0.0467,0
Mon Apr 28 2025 23:00:00 GMT+0100 (British Summer Time),0.022,0.0278,0.0467,0
Tue Apr 29 2025 00:00:00 GMT+0100 (British Summer Time),0.022,0.0278,0.0467,0
Tue Apr 29 2025 01:00:00 GMT+0100 (British Summer Time),0.022,0.0278,0.0467,0
Tue Apr 29 2025 02:00:00 GMT+0100 (British Summer Time),0.022,0.0278,0.0467,0
Tue Apr 29 2025 03:00:00 GMT+0100 (British Summer Time),0.022,0.0278,0.0467,0
Tue Apr 29 2025 04:00:00 GMT+0100 (British Summer Time),0.022,0.0278,0.0467,0
Tue Apr 29 2025 05:00:00 GMT+0100 (British Summer Time),0.022,0.0278,0.0467,0
Tue Apr 29 2025 06:00:00 GMT+0100 (British Summer Time),0.022,0.0267,0.0467,0
Tue Apr 29 2025 07:00:00 GMT+0100 (British Summer Time),0.0303,0.0272,0.0469,16543.333482102476
Tue Apr 29 2025 08:00:00 GMT+0100 (British Summer Time),0.0303,0.0272,0.0469,0
Tue Apr 29 2025 09:00:00 GMT+0100 (British Summer Time),0.0303,0.0272,0.0469,0
Tue Apr 29 2025 10:00:00 GMT+0100 (British Summer Time),0.0303,0.0272,0.0418,417270.89613596885
Tue Apr 29 2025 11:00:00 GMT+0100 (British Summer Time),0.0303,0.0272,0.0418,0
Tue Apr 29 2025 12:00:00 GMT+0100 (British Summer Time),0.0303,0.0272,0.0418,0
Tue Apr 29 2025 13:00:00 GMT+0100 (British Summer Time),0.0303,0.0272,0.0418,0
Tue Apr 29 2025 14:00:00 GMT+0100 (British Summer Time),0.0303,0.0272,0.0412,43018.2026032037
Tue Apr 29 2025 15:00:00 GMT+0100 (British Summer Time),0.0303,0.0272,0.0412,0
Tue Apr 29 2025 16:00:00 GMT+0100 (British Summer Time),0.0303,0.0272,0.0412,0
Tue Apr 29 2025 17:00:00 GMT+0100 (British Summer Time),0.0303,0.0272,0.0412,0
Tue Apr 29 2025 18:00:00 GMT+0100 (British Summer Time),0.0303,0.0272,0.0412,0
Tue Apr 29 2025 19:00:00 GMT+0100 (British Summer Time),0.0303,0.0272,0.0412,0
Tue Apr 29 2025 20:00:00 GMT+0100 (British Summer Time),0.0303,0.0272,0.0412,0
Tue Apr 29 2025 21:00:00 GMT+0100 (British Summer Time),0.0303,0.0272,0.0412,0
Tue Apr 29 2025 22:00:00 GMT+0100 (British Summer Time),0.0303,0.0272,0.0412,0
Tue Apr 29 2025 23:00:00 GMT+0100 (British Summer Time),0.0303,0.0272,0.0412,0
Wed Apr 30 2025 00:00:00 GMT+0100 (British Summer Time),0.0303,0.0272,0.0412,0
Wed Apr 30 2025 01:00:00 GMT+0100 (British Summer Time),0.0303,0.0272,0.0412,0
Wed Apr 30 2025 02:00:00 GMT+0100 (British Summer Time),0.0303,0.0272,0.0412,0
Wed Apr 30 2025 03:00:00 GMT+0100 (British Summer Time),0.0303,0.0272,0.0412,0
Wed Apr 30 2025 04:00:00 GMT+0100 (British Summer Time),0.0303,0.0272,0.0412,0
Wed Apr 30 2025 05:00:00 GMT+0100 (British Summer Time),0.0303,0.0272,0.0412,0
Wed Apr 30 2025 06:00:00 GMT+0100 (British Summer Time),0.0303,0.0259,0.0412,0
Wed Apr 30 2025 07:00:00 GMT+0100 (British Summer Time),0.0304,0.0265,0.0412,0
Wed Apr 30 2025 08:00:00 GMT+0100 (British Summer Time),0.0304,0.0265,0.0412,0
Wed Apr 30 2025 09:00:00 GMT+0100 (British Summer Time),0.0304,0.0265,0.0412,0
Wed Apr 30 2025 10:00:00 GMT+0100 (British Summer Time),0.0304,0.0265,0.0412,0
Wed Apr 30 2025 11:00:00 GMT+0100 (British Summer Time),0.0304,0.0265,0.0412,0
Wed Apr 30 2025 12:00:00 GMT+0100 (British Summer Time),0.0304,0.0265,0.0412,0
Wed Apr 30 2025 13:00:00 GMT+0100 (British Summer Time),0.0304,0.0265,0.0412,0
Wed Apr 30 2025 14:00:00 GMT+0100 (British Summer Time),0.0304,0.0265,0.0412,0
Wed Apr 30 2025 15:00:00 GMT+0100 (British Summer Time),0.0304,0.0265,0.0412,0
Wed Apr 30 2025 16:00:00 GMT+0100 (British Summer Time),0.0304,0.0265,0.0412,0
Wed Apr 30 2025 17:00:00 GMT+0100 (British Summer Time),0.0304,0.0265,0.0412,0
Wed Apr 30 2025 18:00:00 GMT+0100 (British Summer Time),0.0304,0.0265,0.0412,0
Wed Apr 30 2025 19:00:00 GMT+0100 (British Summer Time),0.0304,0.0265,0.0412,0
Wed Apr 30 2025 20:00:00 GMT+0100 (British Summer Time),0.0304,0.0265,0.0412,0
Wed Apr 30 2025 21:00:00 GMT+0100 (British Summer Time),0.0304,0.0265,0.0412,0
Wed Apr 30 2025 22:00:00 GMT+0100 (British Summer Time),0.0304,0.0265,0.0412,0
Wed Apr 30 2025 23:00:00 GMT+0100 (British Summer Time),0.0304,0.0265,0.0412,0
Thu May 01 2025 00:00:00 GMT+0100 (British Summer Time),0.0304,0.0265,0.0412,0
Thu May 01 2025 01:00:00 GMT+0100 (British Summer Time),0.0304,0.0265,0.0412,0
Thu May 01 2025 02:00:00 GMT+0100 (British Summer Time),0.0304,0.0265,0.0412,0
Thu May 01 2025 03:00:00 GMT+0100 (British Summer Time),0.0304,0.0265,0.0412,0
Thu May 01 2025 04:00:00 GMT+0100 (British Summer Time),0.0304,0.0265,0.0412,0
Thu May 01 2025 05:00:00 GMT+0100 (British Summer Time),0.0304,0.0265,0.0412,0
Thu May 01 2025 06:00:00 GMT+0100 (British Summer Time),0.0304,0.0251,0.0412,0
Thu May 01 2025 07:00:00 GMT+0100 (British Summer Time),0.0277,0.0255,0.0412,0
Thu May 01 2025 08:00:00 GMT+0100 (British Summer Time),0.0277,0.0255,0.0412,0
Thu May 01 2025 09:00:00 GMT+0100 (British Summer Time),0.0277,0.0255,0.0412,0
Thu May 01 2025 10:00:00 GMT+0100 (British Summer Time),0.0277,0.0255,0.0419,55113.94473396697
Thu May 01 2025 11:00:00 GMT+0100 (British Summer Time),0.0277,0.0255,0.0419,0
Thu May 01 2025 12:00:00 GMT+0100 (British Summer Time),0.0277,0.0255,0.0419,0
Thu May 01 2025 13:00:00 GMT+0100 (British Summer Time),0.0277,0.0255,0.0419,0
Thu May 01 2025 14:00:00 GMT+0100 (British Summer Time),0.0277,0.0255,0.0419,0
Thu May 01 2025 15:00:00 GMT+0100 (British Summer Time),0.0277,0.0255,0.0419,0
Thu May 01 2025 16:00:00 GMT+0100 (British Summer Time),0.0277,0.0255,0.0419,0
Thu May 01 2025 17:00:00 GMT+0100 (British Summer Time),0.0277,0.0255,0.0419,0
Thu May 01 2025 18:00:00 GMT+0100 (British Summer Time),0.0277,0.0255,0.0419,0
Thu May 01 2025 19:00:00 GMT+0100 (British Summer Time),0.0277,0.0255,0.0419,0
Thu May 01 2025 20:00:00 GMT+0100 (British Summer Time),0.0277,0.0255,0.0419,0
Thu May 01 2025 21:00:00 GMT+0100 (British Summer Time),0.0277,0.0255,0.0419,0
Thu May 01 2025 22:00:00 GMT+0100 (British Summer Time),0.0277,0.0255,0.0419,0
Thu May 01 2025 23:00:00 GMT+0100 (British Summer Time),0.0277,0.0255,0.0419,0
Fri May 02 2025 00:00:00 GMT+0100 (British Summer Time),0.0277,0.0255,0.0419,0
Fri May 02 2025 01:00:00 GMT+0100 (British Summer Time),0.0277,0.0255,0.0419,0
Fri May 02 2025 02:00:00 GMT+0100 (British Summer Time),0.0277,0.0255,0.0419,0
Fri May 02 2025 03:00:00 GMT+0100 (British Summer Time),0.0277,0.0255,0.0419,0
Fri May 02 2025 04:00:00 GMT+0100 (British Summer Time),0.0277,0.0255,0.0419,0
Fri May 02 2025 05:00:00 GMT+0100 (British Summer Time),0.0277,0.0255,0.0419,0
Fri May 02 2025 06:00:00 GMT+0100 (British Summer Time),0.0277,0.0259,0.0419,0
Fri May 02 2025 07:00:00 GMT+0100 (British Summer Time),0.0234,0.0256,0.0419,0
Fri May 02 2025 08:00:00 GMT+0100 (British Summer Time),0.0234,0.0256,0.0419,0
Fri May 02 2025 09:00:00 GMT+0100 (British Summer Time),0.0234,0.0256,0.0419,0
Fri May 02 2025 10:00:00 GMT+0100 (British Summer Time),0.0234,0.0256,0.0419,0
Fri May 02 2025 11:00:00 GMT+0100 (British Summer Time),0.0234,0.0256,0.0419,0
Fri May 02 2025 12:00:00 GMT+0100 (British Summer Time),0.0234,0.0256,0.0419,0
Fri May 02 2025 13:00:00 GMT+0100 (British Summer Time),0.0234,0.0256,0.0419,0
Fri May 02 2025 14:00:00 GMT+0100 (British Summer Time),0.0234,0.0256,0.0417,16417.97806031158
Fri May 02 2025 15:00:00 GMT+0100 (British Summer Time),0.0234,0.0256,0.0417,0
Fri May 02 2025 16:00:00 GMT+0100 (British Summer Time),0.0234,0.0256,0.0417,0
Fri May 02 2025 17:00:00 GMT+0100 (British Summer Time),0.0234,0.0256,0.0417,0
Fri May 02 2025 18:00:00 GMT+0100 (British Summer Time),0.0234,0.0256,0.0417,0
Fri May 02 2025 19:00:00 GMT+0100 (British Summer Time),0.0234,0.0256,0.0417,0
Fri May 02 2025 20:00:00 GMT+0100 (British Summer Time),0.0234,0.0256,0.0417,0
Fri May 02 2025 21:00:00 GMT+0100 (British Summer Time),0.0234,0.0256,0.0417,0
Fri May 02 2025 22:00:00 GMT+0100 (British Summer Time),0.0234,0.0256,0.0417,0
Fri May 02 2025 23:00:00 GMT+0100 (British Summer Time),0.0234,0.0256,0.0417,0
Sat May 03 2025 00:00:00 GMT+0100 (British Summer Time),0.0234,0.0256,0.0417,0
Sat May 03 2025 01:00:00 GMT+0100 (British Summer Time),0.0234,0.0256,0.0417,0
Sat May 03 2025 02:00:00 GMT+0100 (British Summer Time),0.0234,0.0256,0.0417,0
Sat May 03 2025 03:00:00 GMT+0100 (British Summer Time),0.0234,0.0256,0.0417,0
Sat May 03 2025 04:00:00 GMT+0100 (British Summer Time),0.0234,0.0256,0.0417,0
Sat May 03 2025 05:00:00 GMT+0100 (British Summer Time),0.0234,0.0256,0.0417,0
Sat May 03 2025 06:00:00 GMT+0100 (British Summer Time),0.0234,0.026,0.0417,0
Sat May 03 2025 07:00:00 GMT+0100 (British Summer Time),0.0235,0.0256,0.0417,0
Sat May 03 2025 08:00:00 GMT+0100 (British Summer Time),0.0235,0.0256,0.0417,0
Sat May 03 2025 09:00:00 GMT+0100 (British Summer Time),0.0235,0.0256,0.0417,0
Sat May 03 2025 10:00:00 GMT+0100 (British Summer Time),0.0235,0.0256,0.0417,0
Sat May 03 2025 11:00:00 GMT+0100 (British Summer Time),0.0235,0.0256,0.0417,0
Sat May 03 2025 12:00:00 GMT+0100 (British Summer Time),0.0235,0.0256,0.0417,0
Sat May 03 2025 13:00:00 GMT+0100 (British Summer Time),0.0235,0.0256,0.0417,0
Sat May 03 2025 14:00:00 GMT+0100 (British Summer Time),0.0235,0.0256,0.0417,0
Sat May 03 2025 15:00:00 GMT+0100 (British Summer Time),0.0235,0.0256,0.0417,0
Sat May 03 2025 16:00:00 GMT+0100 (British Summer Time),0.0235,0.0256,0.0417,0
Sat May 03 2025 17:00:00 GMT+0100 (British Summer Time),0.0235,0.0256,0.0417,0
Sat May 03 2025 18:00:00 GMT+0100 (British Summer Time),0.0235,0.0256,0.0417,0
Sat May 03 2025 19:00:00 GMT+0100 (British Summer Time),0.0235,0.0256,0.0417,0
Sat May 03 2025 20:00:00 GMT+0100 (British Summer Time),0.0235,0.0256,0.0417,0
Sat May 03 2025 21:00:00 GMT+0100 (British Summer Time),0.0235,0.0256,0.0417,0
Sat May 03 2025 22:00:00 GMT+0100 (British Summer Time),0.0235,0.0256,0.0417,0
Sat May 03 2025 23:00:00 GMT+0100 (British Summer Time),0.0235,0.0256,0.0417,0
Sun May 04 2025 00:00:00 GMT+0100 (British Summer Time),0.0235,0.0256,0.0417,0
Sun May 04 2025 01:00:00 GMT+0100 (British Summer Time),0.0235,0.0256,0.0417,0
Sun May 04 2025 02:00:00 GMT+0100 (British Summer Time),0.0235,0.0256,0.0417,0
Sun May 04 2025 03:00:00 GMT+0100 (British Summer Time),0.0235,0.0256,0.0417,0
Sun May 04 2025 04:00:00 GMT+0100 (British Summer Time),0.0235,0.0256,0.0417,0
Sun May 04 2025 05:00:00 GMT+0100 (British Summer Time),0.0235,0.0256,0.0417,0
Sun May 04 2025 06:00:00 GMT+0100 (British Summer Time),0.0235,0.0256,0.0417,0
Sun May 04 2025 07:00:00 GMT+0100 (British Summer Time),0.0175,0.025,0.0417,0
Sun May 04 2025 08:00:00 GMT+0100 (British Summer Time),0.0175,0.025,0.0417,0
Sun May 04 2025 09:00:00 GMT+0100 (British Summer Time),0.0175,0.025,0.0417,0
Sun May 04 2025 10:00:00 GMT+0100 (British Summer Time),0.0175,0.025,0.0417,0
Sun May 04 2025 11:00:00 GMT+0100 (British Summer Time),0.0175,0.025,0.0417,0
Sun May 04 2025 12:00:00 GMT+0100 (British Summer Time),0.0175,0.025,0.0417,0
Sun May 04 2025 13:00:00 GMT+0100 (British Summer Time),0.0175,0.025,0.0417,0
Sun May 04 2025 14:00:00 GMT+0100 (British Summer Time),0.0175,0.025,0.0417,0
Sun May 04 2025 15:00:00 GMT+0100 (British Summer Time),0.0175,0.025,0.0417,0
Sun May 04 2025 16:00:00 GMT+0100 (British Summer Time),0.0175,0.025,0.0417,0
Sun May 04 2025 17:00:00 GMT+0100 (British Summer Time),0.0175,0.025,0.0417,0
Sun May 04 2025 18:00:00 GMT+0100 (British Summer Time),0.0175,0.025,0.0417,0
Sun May 04 2025 19:00:00 GMT+0100 (British Summer Time),0.0175,0.025,0.0417,0
Sun May 04 2025 20:00:00 GMT+0100 (British Summer Time),0.0175,0.025,0.0417,0
Sun May 04 2025 21:00:00 GMT+0100 (British Summer Time),0.0175,0.025,0.0417,0
Sun May 04 2025 22:00:00 GMT+0100 (British Summer Time),0.0175,0.025,0.0417,0
Sun May 04 2025 23:00:00 GMT+0100 (British Summer Time),0.0175,0.025,0.0417,0
Mon May 05 2025 00:00:00 GMT+0100 (British Summer Time),0.0175,0.025,0.0417,0
Mon May 05 2025 01:00:00 GMT+0100 (British Summer Time),0.0175,0.025,0.0417,0
Mon May 05 2025 02:00:00 GMT+0100 (British Summer Time),0.0175,0.025,0.0417,0
Mon May 05 2025 03:00:00 GMT+0100 (British Summer Time),0.0175,0.025,0.0417,0
Mon May 05 2025 04:00:00 GMT+0100 (British Summer Time),0.0175,0.025,0.0417,0
Mon May 05 2025 05:00:00 GMT+0100 (British Summer Time),0.0175,0.025,0.0417,0
Mon May 05 2025 06:00:00 GMT+0100 (British Summer Time),0.0175,0.025,0.0417,0
Mon May 05 2025 07:00:00 GMT+0100 (British Summer Time),0,0.0255,0.0417,0
Mon May 05 2025 08:00:00 GMT+0100 (British Summer Time),0.0236,0.0252,0.0417,0
Mon May 05 2025 09:00:00 GMT+0100 (British Summer Time),0.0236,0.0252,0.0417,0
Mon May 05 2025 10:00:00 GMT+0100 (British Summer Time),0.0236,0.0252,0.0417,0
Mon May 05 2025 11:00:00 GMT+0100 (British Summer Time),0.0236,0.0252,0.0417,0
Mon May 05 2025 12:00:00 GMT+0100 (British Summer Time),0.0236,0.0252,0.0417,0
Mon May 05 2025 13:00:00 GMT+0100 (British Summer Time),0.0236,0.0252,0.0417,0
Mon May 05 2025 14:00:00 GMT+0100 (British Summer Time),0.0236,0.0252,0.0417,0
Mon May 05 2025 15:00:00 GMT+0100 (British Summer Time),0.0236,0.0252,0.0417,0
Mon May 05 2025 16:00:00 GMT+0100 (British Summer Time),0.0236,0.0252,0.0417,0
Mon May 05 2025 17:00:00 GMT+0100 (British Summer Time),0.0236,0.0252,0.0417,0
Mon May 05 2025 18:00:00 GMT+0100 (British Summer Time),0.0236,0.0252,0.0417,0
Mon May 05 2025 19:00:00 GMT+0100 (British Summer Time),0.0236,0.0252,0.0417,0
Mon May 05 2025 20:00:00 GMT+0100 (British Summer Time),0.0236,0.0252,0.0417,0
Mon May 05 2025 21:00:00 GMT+0100 (British Summer Time),0.0236,0.0252,0.0417,0
Mon May 05 2025 22:00:00 GMT+0100 (British Summer Time),0.0236,0.0252,0.0417,0
Mon May 05 2025 23:00:00 GMT+0100 (British Summer Time),0.0236,0.0252,0.0417,0
Tue May 06 2025 00:00:00 GMT+0100 (British Summer Time),0.0236,0.0252,0.0417,0
Tue May 06 2025 01:00:00 GMT+0100 (British Summer Time),0.0236,0.0252,0.0417,0
Tue May 06 2025 02:00:00 GMT+0100 (British Summer Time),0.0236,0.0252,0.0417,0
Tue May 06 2025 03:00:00 GMT+0100 (British Summer Time),0.0236,0.0252,0.0417,0
Tue May 06 2025 04:00:00 GMT+0100 (British Summer Time),0.0236,0.0252,0.0417,0
Tue May 06 2025 05:00:00 GMT+0100 (British Summer Time),0.0236,0.0252,0.0417,0
Tue May 06 2025 06:00:00 GMT+0100 (British Summer Time),0.0236,0.0252,0.0417,0
Tue May 06 2025 07:00:00 GMT+0100 (British Summer Time),0,0.0244,0.0417,0
Tue May 06 2025 08:00:00 GMT+0100 (British Summer Time),0.0402,0.0266,0.0417,0
Tue May 06 2025 09:00:00 GMT+0100 (British Summer Time),0.0402,0.0266,0.0417,0
Tue May 06 2025 10:00:00 GMT+0100 (British Summer Time),0.0402,0.0266,0.0417,0
Tue May 06 2025 11:00:00 GMT+0100 (British Summer Time),0.0402,0.0266,0.0417,0
Tue May 06 2025 12:00:00 GMT+0100 (British Summer Time),0.0402,0.0266,0.0417,0
Tue May 06 2025 13:00:00 GMT+0100 (British Summer Time),0.0402,0.0266,0.0417,0
Tue May 06 2025 14:00:00 GMT+0100 (British Summer Time),0.0402,0.0266,0.0417,0
Tue May 06 2025 15:00:00 GMT+0100 (British Summer Time),0.0402,0.0266,0.0417,0
Tue May 06 2025 16:00:00 GMT+0100 (British Summer Time),0.0402,0.0266,0.0417,0
Tue May 06 2025 17:00:00 GMT+0100 (British Summer Time),0.0402,0.0266,0.0417,0
Tue May 06 2025 18:00:00 GMT+0100 (British Summer Time),0.0402,0.0266,0.0417,0
Tue May 06 2025 19:00:00 GMT+0100 (British Summer Time),0.0402,0.0266,0.0417,0
Tue May 06 2025 20:00:00 GMT+0100 (British Summer Time),0.0402,0.0266,0.0417,0
Tue May 06 2025 21:00:00 GMT+0100 (British Summer Time),0.0402,0.0266,0.0417,0
Tue May 06 2025 22:00:00 GMT+0100 (British Summer Time),0.0402,0.0266,0.0417,0
Tue May 06 2025 23:00:00 GMT+0100 (British Summer Time),0.0402,0.0266,0.0417,0
Wed May 07 2025 00:00:00 GMT+0100 (British Summer Time),0.0402,0.0266,0.0417,0
Wed May 07 2025 01:00:00 GMT+0100 (British Summer Time),0.0402,0.0266,0.0417,0
Wed May 07 2025 02:00:00 GMT+0100 (British Summer Time),0.0402,0.0266,0.0417,0
Wed May 07 2025 03:00:00 GMT+0100 (British Summer Time),0.0402,0.0266,0.0417,0
Wed May 07 2025 04:00:00 GMT+0100 (British Summer Time),0.0402,0.0266,0.0417,0
Wed May 07 2025 05:00:00 GMT+0100 (British Summer Time),0.0402,0.0266,0.0417,0
Wed May 07 2025 06:00:00 GMT+0100 (British Summer Time),0.0402,0.0266,0.0417,0
Wed May 07 2025 07:00:00 GMT+0100 (British Summer Time),0.0402,0.026,0.0417,0
Wed May 07 2025 08:00:00 GMT+0100 (British Summer Time),0.0403,0.028,0.0417,0
Wed May 07 2025 09:00:00 GMT+0100 (British Summer Time),0.0403,0.028,0.0417,0
Wed May 07 2025 10:00:00 GMT+0100 (British Summer Time),0.0403,0.028,0.0417,0
Wed May 07 2025 11:00:00 GMT+0100 (British Summer Time),0.0403,0.028,0.0417,0
Wed May 07 2025 12:00:00 GMT+0100 (British Summer Time),0.0403,0.028,0.0417,0
Wed May 07 2025 13:00:00 GMT+0100 (British Summer Time),0.0403,0.028,0.0417,0
Wed May 07 2025 14:00:00 GMT+0100 (British Summer Time),0.0403,0.028,0.0417,239.84925711235087
Wed May 07 2025 15:00:00 GMT+0100 (British Summer Time),0.0403,0.028,0.0417,0
Wed May 07 2025 16:00:00 GMT+0100 (British Summer Time),0.0403,0.028,0.0417,0
Wed May 07 2025 17:00:00 GMT+0100 (British Summer Time),0.0403,0.028,0.0417,1526.5837406866372
Wed May 07 2025 18:00:00 GMT+0100 (British Summer Time),0.0403,0.028,0.0417,0
Wed May 07 2025 19:00:00 GMT+0100 (British Summer Time),0.0403,0.028,0.0417,0
Wed May 07 2025 20:00:00 GMT+0100 (British Summer Time),0.0403,0.028,0.0417,0
Wed May 07 2025 21:00:00 GMT+0100 (British Summer Time),0.0403,0.028,0.0417,0
Wed May 07 2025 22:00:00 GMT+0100 (British Summer Time),0.0403,0.028,0.0417,0
Wed May 07 2025 23:00:00 GMT+0100 (British Summer Time),0.0403,0.028,0.0417,0
Thu May 08 2025 00:00:00 GMT+0100 (British Summer Time),0.0403,0.028,0.0417,0
Thu May 08 2025 01:00:00 GMT+0100 (British Summer Time),0.0403,0.028,0.0417,0
Thu May 08 2025 02:00:00 GMT+0100 (British Summer Time),0.0403,0.028,0.0417,0
Thu May 08 2025 03:00:00 GMT+0100 (British Summer Time),0.0403,0.028,0.0417,0
Thu May 08 2025 04:00:00 GMT+0100 (British Summer Time),0.0403,0.028,0.0417,0
Thu May 08 2025 05:00:00 GMT+0100 (British Summer Time),0.0403,0.028,0.0417,0
Thu May 08 2025 06:00:00 GMT+0100 (British Summer Time),0.0403,0.028,0.0417,0
Thu May 08 2025 07:00:00 GMT+0100 (British Summer Time),0.0403,0.0281,0.0417,0
Thu May 08 2025 08:00:00 GMT+0100 (British Summer Time),0.0369,0.0293,0.0417,0
Thu May 08 2025 09:00:00 GMT+0100 (British Summer Time),0.0369,0.0293,0.0417,0
Thu May 08 2025 10:00:00 GMT+0100 (British Summer Time),0.0369,0.0293,0.0417,0
Thu May 08 2025 11:00:00 GMT+0100 (British Summer Time),0.0369,0.0293,0.0417,0
Thu May 08 2025 12:00:00 GMT+0100 (British Summer Time),0.0369,0.0293,0.0417,0
Thu May 08 2025 13:00:00 GMT+0100 (British Summer Time),0.0369,0.0293,0.0417,0
Thu May 08 2025 14:00:00 GMT+0100 (British Summer Time),0.0369,0.0293,0.0417,0
Thu May 08 2025 15:00:00 GMT+0100 (British Summer Time),0.0369,0.0293,0.0417,0
Thu May 08 2025 16:00:00 GMT+0100 (British Summer Time),0.0369,0.0293,0.0417,0
Thu May 08 2025 17:00:00 GMT+0100 (British Summer Time),0.0369,0.0293,0.0417,0
Thu May 08 2025 18:00:00 GMT+0100 (British Summer Time),0.0369,0.0293,0.0417,0
Thu May 08 2025 19:00:00 GMT+0100 (British Summer Time),0.0369,0.0293,0.0417,0
Thu May 08 2025 20:00:00 GMT+0100 (British Summer Time),0.0369,0.0293,0.0417,0
Thu May 08 2025 21:00:00 GMT+0100 (British Summer Time),0.0369,0.0293,0.0417,0
Thu May 08 2025 22:00:00 GMT+0100 (British Summer Time),0.0369,0.0293,0.0417,0
Thu May 08 2025 23:00:00 GMT+0100 (British Summer Time),0.0369,0.0293,0.0417,0
Fri May 09 2025 00:00:00 GMT+0100 (British Summer Time),0.0369,0.0293,0.0417,0
Fri May 09 2025 01:00:00 GMT+0100 (British Summer Time),0.0369,0.0293,0.0417,0
Fri May 09 2025 02:00:00 GMT+0100 (British Summer Time),0.0369,0.0293,0.0417,0
Fri May 09 2025 03:00:00 GMT+0100 (British Summer Time),0.0369,0.0293,0.0417,0
Fri May 09 2025 04:00:00 GMT+0100 (British Summer Time),0.0369,0.0293,0.0417,0
Fri May 09 2025 05:00:00 GMT+0100 (British Summer Time),0.0369,0.0293,0.0417,0
Fri May 09 2025 06:00:00 GMT+0100 (British Summer Time),0.0369,0.0293,0.0417,0
Fri May 09 2025 07:00:00 GMT+0100 (British Summer Time),0.0369,0.0303,0.0417,0
Fri May 09 2025 08:00:00 GMT+0100 (British Summer Time),0.0221,0.0291,0.0417,0
Fri May 09 2025 09:00:00 GMT+0100 (British Summer Time),0.0221,0.0291,0.0417,0
Fri May 09 2025 10:00:00 GMT+0100 (British Summer Time),0.0221,0.0291,0.0417,0
Fri May 09 2025 11:00:00 GMT+0100 (British Summer Time),0.0221,0.0291,0.0417,0
Fri May 09 2025 12:00:00 GMT+0100 (British Summer Time),0.0221,0.0291,0.0417,0
Fri May 09 2025 13:00:00 GMT+0100 (British Summer Time),0.0221,0.0291,0.0417,0
Fri May 09 2025 14:00:00 GMT+0100 (British Summer Time),0.0221,0.0291,0.0417,0
Fri May 09 2025 15:00:00 GMT+0100 (British Summer Time),0.0221,0.0291,0.0417,0
Fri May 09 2025 16:00:00 GMT+0100 (British Summer Time),0.0221,0.0291,0.0417,0
Fri May 09 2025 17:00:00 GMT+0100 (British Summer Time),0.0221,0.0291,0.0417,0
Fri May 09 2025 18:00:00 GMT+0100 (British Summer Time),0.0221,0.0291,0.0417,0
Fri May 09 2025 19:00:00 GMT+0100 (British Summer Time),0.0221,0.0291,0.0417,0
Fri May 09 2025 20:00:00 GMT+0100 (British Summer Time),0.0221,0.0291,0.0417,0
Fri May 09 2025 21:00:00 GMT+0100 (British Summer Time),0.0221,0.0291,0.0417,0
Fri May 09 2025 22:00:00 GMT+0100 (British Summer Time),0.0221,0.0291,0.0417,0
Fri May 09 2025 23:00:00 GMT+0100 (British Summer Time),0.0221,0.0291,0.0417,0
Sat May 10 2025 00:00:00 GMT+0100 (British Summer Time),0.0221,0.0291,0.0417,0
Sat May 10 2025 01:00:00 GMT+0100 (British Summer Time),0.0221,0.0291,0.0417,0
Sat May 10 2025 02:00:00 GMT+0100 (British Summer Time),0.0221,0.0291,0.0417,0
Sat May 10 2025 03:00:00 GMT+0100 (British Summer Time),0.0221,0.0291,0.0417,0
Sat May 10 2025 04:00:00 GMT+0100 (British Summer Time),0.0221,0.0291,0.0417,0
Sat May 10 2025 05:00:00 GMT+0100 (British Summer Time),0.0221,0.0291,0.0417,0
Sat May 10 2025 06:00:00 GMT+0100 (British Summer Time),0.0221,0.0291,0.0417,0
Sat May 10 2025 07:00:00 GMT+0100 (British Summer Time),0.0221,0.0301,0.0417,0
Sat May 10 2025 08:00:00 GMT+0100 (British Summer Time),0.0235,0.0291,0.0417,0
Sat May 10 2025 09:00:00 GMT+0100 (British Summer Time),0.0235,0.0291,0.0417,0
Sat May 10 2025 10:00:00 GMT+0100 (British Summer Time),0.0235,0.0291,0.0417,0
Sat May 10 2025 11:00:00 GMT+0100 (British Summer Time),0.0235,0.0291,0.0417,0
Sat May 10 2025 12:00:00 GMT+0100 (British Summer Time),0.0235,0.0291,0.0417,0
Sat May 10 2025 13:00:00 GMT+0100 (British Summer Time),0.0235,0.0291,0.0417,0
Sat May 10 2025 14:00:00 GMT+0100 (British Summer Time),0.0235,0.0291,0.0417,0
Sat May 10 2025 15:00:00 GMT+0100 (British Summer Time),0.0235,0.0291,0.0417,0
Sat May 10 2025 16:00:00 GMT+0100 (British Summer Time),0.0235,0.0291,0.0417,0
Sat May 10 2025 17:00:00 GMT+0100 (British Summer Time),0.0235,0.0291,0.0417,0
Sat May 10 2025 18:00:00 GMT+0100 (British Summer Time),0.0235,0.0291,0.0417,0
Sat May 10 2025 19:00:00 GMT+0100 (British Summer Time),0.0235,0.0291,0.0417,0
Sat May 10 2025 20:00:00 GMT+0100 (British Summer Time),0.0235,0.0291,0.0417,0
Sat May 10 2025 21:00:00 GMT+0100 (British Summer Time),0.0235,0.0291,0.0417,0
Sat May 10 2025 22:00:00 GMT+0100 (British Summer Time),0.0235,0.0291,0.0417,0
Sat May 10 2025 23:00:00 GMT+0100 (British Summer Time),0.0235,0.0291,0.0417,0
Sun May 11 2025 00:00:00 GMT+0100 (British Summer Time),0.0235,0.0291,0.0417,0
Sun May 11 2025 01:00:00 GMT+0100 (British Summer Time),0.0235,0.0291,0.0417,0
Sun May 11 2025 02:00:00 GMT+0100 (British Summer Time),0.0235,0.0291,0.0417,0
Sun May 11 2025 03:00:00 GMT+0100 (British Summer Time),0.0235,0.0291,0.0417,0
Sun May 11 2025 04:00:00 GMT+0100 (British Summer Time),0.0235,0.0291,0.0417,0
Sun May 11 2025 05:00:00 GMT+0100 (British Summer Time),0.0235,0.0291,0.0417,0
Sun May 11 2025 06:00:00 GMT+0100 (British Summer Time),0.0235,0.0291,0.0417,0
Sun May 11 2025 07:00:00 GMT+0100 (British Summer Time),0.0235,0.0311,0.0406,126810.23586571886
Sun May 11 2025 08:00:00 GMT+0100 (British Summer Time),0,0.0311,0.0406,0
Sun May 11 2025 09:00:00 GMT+0100 (British Summer Time),0.0245,0.0301,0.0406,0
Sun May 11 2025 10:00:00 GMT+0100 (British Summer Time),0.0245,0.0301,0.0406,0
Sun May 11 2025 11:00:00 GMT+0100 (British Summer Time),0.0245,0.0301,0.0406,0
Sun May 11 2025 12:00:00 GMT+0100 (British Summer Time),0.0245,0.0301,0.0406,0
Sun May 11 2025 13:00:00 GMT+0100 (British Summer Time),0.0245,0.0301,0.0406,0
Sun May 11 2025 14:00:00 GMT+0100 (British Summer Time),0.0245,0.0301,0.0406,0
Sun May 11 2025 15:00:00 GMT+0100 (British Summer Time),0.0245,0.0301,0.0406,0
Sun May 11 2025 16:00:00 GMT+0100 (British Summer Time),0.0245,0.0301,0.0406,0
Sun May 11 2025 17:00:00 GMT+0100 (British Summer Time),0.0245,0.0301,0.0406,0
Sun May 11 2025 18:00:00 GMT+0100 (British Summer Time),0.0245,0.0301,0.0406,0
Sun May 11 2025 19:00:00 GMT+0100 (British Summer Time),0.0245,0.0301,0.0406,0
Sun May 11 2025 20:00:00 GMT+0100 (British Summer Time),0.0245,0.0301,0.0406,0
Sun May 11 2025 21:00:00 GMT+0100 (British Summer Time),0.0245,0.0301,0.0406,0
Sun May 11 2025 22:00:00 GMT+0100 (British Summer Time),0.0245,0.0301,0.0392,136159.77664465338
Sun May 11 2025 23:00:00 GMT+0100 (British Summer Time),0.0245,0.0301,0.0392,0
Mon May 12 2025 00:00:00 GMT+0100 (British Summer Time),0.0245,0.0301,0.0392,0
Mon May 12 2025 01:00:00 GMT+0100 (British Summer Time),0.0245,0.0301,0.0392,0
Mon May 12 2025 02:00:00 GMT+0100 (British Summer Time),0.0245,0.0301,0.0392,0
Mon May 12 2025 03:00:00 GMT+0100 (British Summer Time),0.0245,0.0301,0.0392,0
Mon May 12 2025 04:00:00 GMT+0100 (British Summer Time),0.0245,0.0301,0.0392,0
Mon May 12 2025 05:00:00 GMT+0100 (British Summer Time),0.0245,0.0301,0.0392,0
Mon May 12 2025 06:00:00 GMT+0100 (British Summer Time),0.0245,0.0301,0.0392,0
Mon May 12 2025 07:00:00 GMT+0100 (British Summer Time),0.0245,0.0312,0.0392,0
Mon May 12 2025 08:00:00 GMT+0100 (British Summer Time),0,0.0312,0.0392,0
Mon May 12 2025 09:00:00 GMT+0100 (British Summer Time),0.0276,0.0307,0.0392,0
Mon May 12 2025 10:00:00 GMT+0100 (British Summer Time),0.0276,0.0307,0.0392,0
Mon May 12 2025 11:00:00 GMT+0100 (British Summer Time),0.0276,0.0307,0.0392,0
Mon May 12 2025 12:00:00 GMT+0100 (British Summer Time),0.0276,0.0307,0.0392,0
Mon May 12 2025 13:00:00 GMT+0100 (British Summer Time),0.0276,0.0307,0.0392,0
Mon May 12 2025 14:00:00 GMT+0100 (British Summer Time),0.0276,0.0307,0.0392,0
Mon May 12 2025 15:00:00 GMT+0100 (British Summer Time),0.0276,0.0307,0.0392,0
Mon May 12 2025 16:00:00 GMT+0100 (British Summer Time),0.0276,0.0307,0.0392,0
Mon May 12 2025 17:00:00 GMT+0100 (British Summer Time),0.0276,0.0307,0.0392,0
Mon May 12 2025 18:00:00 GMT+0100 (British Summer Time),0.0276,0.0307,0.0392,0
Mon May 12 2025 19:00:00 GMT+0100 (British Summer Time),0.0276,0.0307,0.0392,0
Mon May 12 2025 20:00:00 GMT+0100 (British Summer Time),0.0276,0.0307,0.0392,0
Mon May 12 2025 21:00:00 GMT+0100 (British Summer Time),0.0276,0.0307,0.0392,0
Mon May 12 2025 22:00:00 GMT+0100 (British Summer Time),0.0276,0.0307,0.0392,0
Mon May 12 2025 23:00:00 GMT+0100 (British Summer Time),0.0276,0.0307,0.0392,0
Tue May 13 2025 00:00:00 GMT+0100 (British Summer Time),0.0276,0.0307,0.0392,0
Tue May 13 2025 01:00:00 GMT+0100 (British Summer Time),0.0276,0.0307,0.0392,0
Tue May 13 2025 02:00:00 GMT+0100 (British Summer Time),0.0276,0.0307,0.0392,0
Tue May 13 2025 03:00:00 GMT+0100 (British Summer Time),0.0276,0.0307,0.0392,0
Tue May 13 2025 04:00:00 GMT+0100 (British Summer Time),0.0276,0.0307,0.0392,0
Tue May 13 2025 05:00:00 GMT+0100 (British Summer Time),0.0276,0.0307,0.0392,0
Tue May 13 2025 06:00:00 GMT+0100 (British Summer Time),0.0276,0.0307,0.0392,0
Tue May 13 2025 07:00:00 GMT+0100 (British Summer Time),0.0276,0.0307,0.0392,0
Tue May 13 2025 08:00:00 GMT+0100 (British Summer Time),0.0276,0.0292,0.0392,0
Tue May 13 2025 09:00:00 GMT+0100 (British Summer Time),0.0381,0.0304,0.0392,0
Tue May 13 2025 10:00:00 GMT+0100 (British Summer Time),0.0381,0.0304,0.0392,0
Tue May 13 2025 11:00:00 GMT+0100 (British Summer Time),0.0381,0.0304,0.0392,0
Tue May 13 2025 12:00:00 GMT+0100 (British Summer Time),0.0381,0.0304,0.0392,0
Tue May 13 2025 13:00:00 GMT+0100 (British Summer Time),0.0381,0.0304,0.0392,0
Tue May 13 2025 14:00:00 GMT+0100 (British Summer Time),0.0381,0.0304,0.0392,0
Tue May 13 2025 15:00:00 GMT+0100 (British Summer Time),0.0381,0.0304,0.0392,0
Tue May 13 2025 16:00:00 GMT+0100 (British Summer Time),0.0381,0.0304,0.0392,0
Tue May 13 2025 17:00:00 GMT+0100 (British Summer Time),0.0381,0.0304,0.0392,0
Tue May 13 2025 18:00:00 GMT+0100 (British Summer Time),0.0381,0.0304,0.0392,0
Tue May 13 2025 19:00:00 GMT+0100 (British Summer Time),0.0381,0.0304,0.0392,0
Tue May 13 2025 20:00:00 GMT+0100 (British Summer Time),0.0381,0.0304,0.0392,0
Tue May 13 2025 21:00:00 GMT+0100 (British Summer Time),0.0381,0.0304,0.0392,0
Tue May 13 2025 22:00:00 GMT+0100 (British Summer Time),0.0381,0.0304,0.0392,0
Tue May 13 2025 23:00:00 GMT+0100 (British Summer Time),0.0381,0.0304,0.0392,0
Wed May 14 2025 00:00:00 GMT+0100 (British Summer Time),0.0381,0.0304,0.0392,0
Wed May 14 2025 01:00:00 GMT+0100 (British Summer Time),0.0381,0.0304,0.0392,0
Wed May 14 2025 02:00:00 GMT+0100 (British Summer Time),0.0381,0.0304,0.0392,0
Wed May 14 2025 03:00:00 GMT+0100 (British Summer Time),0.0381,0.0304,0.0392,0
Wed May 14 2025 04:00:00 GMT+0100 (British Summer Time),0.0381,0.0304,0.0392,0
Wed May 14 2025 05:00:00 GMT+0100 (British Summer Time),0.0381,0.0304,0.0392,0
Wed May 14 2025 06:00:00 GMT+0100 (British Summer Time),0.0381,0.0304,0.0392,0
Wed May 14 2025 07:00:00 GMT+0100 (British Summer Time),0.0381,0.0304,0.0392,0
Wed May 14 2025 08:00:00 GMT+0100 (British Summer Time),0.0381,0.0288,0.0392,0
Wed May 14 2025 09:00:00 GMT+0100 (British Summer Time),0.0384,0.0302,0.0392,0
Wed May 14 2025 10:00:00 GMT+0100 (British Summer Time),0.0384,0.0302,0.0392,0
Wed May 14 2025 11:00:00 GMT+0100 (British Summer Time),0.0384,0.0302,0.0392,0
Wed May 14 2025 12:00:00 GMT+0100 (British Summer Time),0.0384,0.0302,0.0392,0
Wed May 14 2025 13:00:00 GMT+0100 (British Summer Time),0.0384,0.0302,0.0392,0
Wed May 14 2025 14:00:00 GMT+0100 (British Summer Time),0.0384,0.0302,0.0392,0
Wed May 14 2025 15:00:00 GMT+0100 (British Summer Time),0.0384,0.0302,0.0392,0
Wed May 14 2025 16:00:00 GMT+0100 (British Summer Time),0.0384,0.0302,0.0392,0
Wed May 14 2025 17:00:00 GMT+0100 (British Summer Time),0.0384,0.0302,0.0392,0
Wed May 14 2025 18:00:00 GMT+0100 (British Summer Time),0.0384,0.0302,0.0392,0
Wed May 14 2025 19:00:00 GMT+0100 (British Summer Time),0.0384,0.0302,0.0392,0
Wed May 14 2025 20:00:00 GMT+0100 (British Summer Time),0.0384,0.0302,0.0392,0
Wed May 14 2025 21:00:00 GMT+0100 (British Summer Time),0.0384,0.0302,0.0392,0
Wed May 14 2025 22:00:00 GMT+0100 (British Summer Time),0.0384,0.0302,0.0392,0
Wed May 14 2025 23:00:00 GMT+0100 (British Summer Time),0.0384,0.0302,0.0392,0
Thu May 15 2025 00:00:00 GMT+0100 (British Summer Time),0.0384,0.0302,0.0392,0
Thu May 15 2025 01:00:00 GMT+0100 (British Summer Time),0.0384,0.0302,0.0392,0
Thu May 15 2025 02:00:00 GMT+0100 (British Summer Time),0.0384,0.0302,0.0392,0
Thu May 15 2025 03:00:00 GMT+0100 (British Summer Time),0.0384,0.0302,0.0392,0
Thu May 15 2025 04:00:00 GMT+0100 (British Summer Time),0.0384,0.0302,0.0392,0
Thu May 15 2025 05:00:00 GMT+0100 (British Summer Time),0.0384,0.0302,0.0392,0
Thu May 15 2025 06:00:00 GMT+0100 (British Summer Time),0.0384,0.0302,0.0392,0
Thu May 15 2025 07:00:00 GMT+0100 (British Summer Time),0.0384,0.0302,0.0392,0
Thu May 15 2025 08:00:00 GMT+0100 (British Summer Time),0.0384,0.029,0.0392,0
Thu May 15 2025 09:00:00 GMT+0100 (British Summer Time),0.035,0.0299,0.0392,0
Thu May 15 2025 10:00:00 GMT+0100 (British Summer Time),0.035,0.0299,0.0392,0
Thu May 15 2025 11:00:00 GMT+0100 (British Summer Time),0.035,0.0299,0.0392,0
Thu May 15 2025 12:00:00 GMT+0100 (British Summer Time),0.035,0.0299,0.0392,0
Thu May 15 2025 13:00:00 GMT+0100 (British Summer Time),0.035,0.0299,0.0392,0
Thu May 15 2025 14:00:00 GMT+0100 (British Summer Time),0.035,0.0299,0.0393,907.8261730054393
Thu May 15 2025 15:00:00 GMT+0100 (British Summer Time),0.035,0.0299,0.0393,0
Thu May 15 2025 16:00:00 GMT+0100 (British Summer Time),0.035,0.0299,0.0393,0
Thu May 15 2025 17:00:00 GMT+0100 (British Summer Time),0.035,0.0299,0.0393,0
Thu May 15 2025 18:00:00 GMT+0100 (British Summer Time),0.035,0.0299,0.0393,0
Thu May 15 2025 19:00:00 GMT+0100 (British Summer Time),0.035,0.0299,0.0393,0
Thu May 15 2025 20:00:00 GMT+0100 (British Summer Time),0.035,0.0299,0.0393,0
Thu May 15 2025 21:00:00 GMT+0100 (British Summer Time),0.035,0.0299,0.0393,0
Thu May 15 2025 22:00:00 GMT+0100 (British Summer Time),0.035,0.0299,0.0393,0
Thu May 15 2025 23:00:00 GMT+0100 (British Summer Time),0.035,0.0299,0.0393,0
Fri May 16 2025 00:00:00 GMT+0100 (British Summer Time),0.035,0.0299,0.0393,0
Fri May 16 2025 01:00:00 GMT+0100 (British Summer Time),0.035,0.0299,0.0393,0
Fri May 16 2025 02:00:00 GMT+0100 (British Summer Time),0.035,0.0299,0.0393,0
Fri May 16 2025 03:00:00 GMT+0100 (British Summer Time),0.035,0.0299,0.0393,0
Fri May 16 2025 04:00:00 GMT+0100 (British Summer Time),0.035,0.0299,0.0393,0
Fri May 16 2025 05:00:00 GMT+0100 (British Summer Time),0.035,0.0299,0.0393,0
Fri May 16 2025 06:00:00 GMT+0100 (British Summer Time),0.035,0.0299,0.0393,0
Fri May 16 2025 07:00:00 GMT+0100 (British Summer Time),0.035,0.0299,0.0393,0
Fri May 16 2025 08:00:00 GMT+0100 (British Summer Time),0.035,0.0312,0.0393,0
Fri May 16 2025 09:00:00 GMT+0100 (British Summer Time),0.0243,0.0302,0.0393,0
Fri May 16 2025 10:00:00 GMT+0100 (British Summer Time),0.0243,0.0302,0.0393,0
Fri May 16 2025 11:00:00 GMT+0100 (British Summer Time),0.0243,0.0302,0.0393,0
Fri May 16 2025 12:00:00 GMT+0100 (British Summer Time),0.0243,0.0302,0.0393,0
Fri May 16 2025 13:00:00 GMT+0100 (British Summer Time),0.0243,0.0302,0.0393,0
Fri May 16 2025 14:00:00 GMT+0100 (British Summer Time),0.0243,0.0302,0.0393,0
Fri May 16 2025 15:00:00 GMT+0100 (British Summer Time),0.0243,0.0302,0.0393,0
Fri May 16 2025 16:00:00 GMT+0100 (British Summer Time),0.0243,0.0302,0.0393,0
Fri May 16 2025 17:00:00 GMT+0100 (British Summer Time),0.0243,0.0302,0.0393,0
Fri May 16 2025 18:00:00 GMT+0100 (British Summer Time),0.0243,0.0302,0.0393,0
Fri May 16 2025 19:00:00 GMT+0100 (British Summer Time),0.0243,0.0302,0.0393,0
Fri May 16 2025 20:00:00 GMT+0100 (British Summer Time),0.0243,0.0302,0.0393,0
Fri May 16 2025 21:00:00 GMT+0100 (British Summer Time),0.0243,0.0302,0.0393,0
Fri May 16 2025 22:00:00 GMT+0100 (British Summer Time),0.0243,0.0302,0.0393,0
Fri May 16 2025 23:00:00 GMT+0100 (British Summer Time),0.0243,0.0302,0.0393,0
Sat May 17 2025 00:00:00 GMT+0100 (British Summer Time),0.0243,0.0302,0.0393,0
Sat May 17 2025 01:00:00 GMT+0100 (British Summer Time),0.0243,0.0302,0.0394,10712.048180191172
Sat May 17 2025 02:00:00 GMT+0100 (British Summer Time),0.0243,0.0302,0.0394,0
Sat May 17 2025 03:00:00 GMT+0100 (British Summer Time),0.0243,0.0302,0.0394,0
Sat May 17 2025 04:00:00 GMT+0100 (British Summer Time),0.0243,0.0302,0.0394,0
Sat May 17 2025 05:00:00 GMT+0100 (British Summer Time),0.0243,0.0302,0.0394,0
Sat May 17 2025 06:00:00 GMT+0100 (British Summer Time),0.0243,0.0302,0.0394,0
Sat May 17 2025 07:00:00 GMT+0100 (British Summer Time),0.0243,0.0302,0.0394,0
Sat May 17 2025 08:00:00 GMT+0100 (British Summer Time),0.0243,0.0313,0.0394,0
Sat May 17 2025 09:00:00 GMT+0100 (British Summer Time),0,0.0313,0.0394,0
Sat May 17 2025 10:00:00 GMT+0100 (British Summer Time),0.0236,0.0302,0.0394,0
Sat May 17 2025 11:00:00 GMT+0100 (British Summer Time),0.0236,0.0302,0.0394,0
Sat May 17 2025 12:00:00 GMT+0100 (British Summer Time),0.0236,0.0302,0.0394,0
Sat May 17 2025 13:00:00 GMT+0100 (British Summer Time),0.0236,0.0302,0.0394,0
Sat May 17 2025 14:00:00 GMT+0100 (British Summer Time),0.0236,0.0302,0.0394,0
Sat May 17 2025 15:00:00 GMT+0100 (British Summer Time),0.0236,0.0302,0.0394,0
Sat May 17 2025 16:00:00 GMT+0100 (British Summer Time),0.0236,0.0302,0.0394,0
Sat May 17 2025 17:00:00 GMT+0100 (British Summer Time),0.0236,0.0302,0.0394,0
Sat May 17 2025 18:00:00 GMT+0100 (British Summer Time),0.0236,0.0302,0.0394,0
Sat May 17 2025 19:00:00 GMT+0100 (British Summer Time),0.0236,0.0302,0.0394,0
Sat May 17 2025 20:00:00 GMT+0100 (British Summer Time),0.0236,0.0302,0.0394,0
Sat May 17 2025 21:00:00 GMT+0100 (British Summer Time),0.0236,0.0302,0.0394,0
Sat May 17 2025 22:00:00 GMT+0100 (British Summer Time),0.0236,0.0302,0.0394,0
Sat May 17 2025 23:00:00 GMT+0100 (British Summer Time),0.0236,0.0302,0.0394,0
Sun May 18 2025 00:00:00 GMT+0100 (British Summer Time),0.0236,0.0302,0.0394,0
Sun May 18 2025 01:00:00 GMT+0100 (British Summer Time),0.0236,0.0302,0.0394,0
Sun May 18 2025 02:00:00 GMT+0100 (British Summer Time),0.0236,0.0302,0.0394,0
Sun May 18 2025 03:00:00 GMT+0100 (British Summer Time),0.0236,0.0302,0.0394,0
Sun May 18 2025 04:00:00 GMT+0100 (British Summer Time),0.0236,0.0302,0.0394,0
Sun May 18 2025 05:00:00 GMT+0100 (British Summer Time),0.0236,0.0302,0.0394,0
Sun May 18 2025 06:00:00 GMT+0100 (British Summer Time),0.0236,0.0302,0.0394,0
Sun May 18 2025 07:00:00 GMT+0100 (British Summer Time),0.0236,0.0302,0.0394,0
Sun May 18 2025 08:00:00 GMT+0100 (British Summer Time),0.0236,0.0311,0.0394,0
Sun May 18 2025 09:00:00 GMT+0100 (British Summer Time),0.0236,0.0311,0.0394,0
Sun May 18 2025 10:00:00 GMT+0100 (British Summer Time),0.0226,0.0299,0.0394,0
Sun May 18 2025 11:00:00 GMT+0100 (British Summer Time),0.0226,0.0299,0.0394,0
Sun May 18 2025 12:00:00 GMT+0100 (British Summer Time),0.0226,0.0299,0.0394,0
Sun May 18 2025 13:00:00 GMT+0100 (British Summer Time),0.0226,0.0299,0.0394,0
Sun May 18 2025 14:00:00 GMT+0100 (British Summer Time),0.0226,0.0299,0.0394,5.255513747283737
Sun May 18 2025 15:00:00 GMT+0100 (British Summer Time),0.0226,0.0299,0.0394,0
Sun May 18 2025 16:00:00 GMT+0100 (British Summer Time),0.0226,0.0299,0.0393,4541.400412929884
Sun May 18 2025 17:00:00 GMT+0100 (British Summer Time),0.0226,0.0299,0.0393,0
Sun May 18 2025 18:00:00 GMT+0100 (British Summer Time),0.0226,0.0299,0.0393,0
Sun May 18 2025 19:00:00 GMT+0100 (British Summer Time),0.0226,0.0299,0.0393,0
Sun May 18 2025 20:00:00 GMT+0100 (British Summer Time),0.0226,0.0299,0.0393,0
Sun May 18 2025 21:00:00 GMT+0100 (British Summer Time),0.0226,0.0299,0.0393,0
Sun May 18 2025 22:00:00 GMT+0100 (British Summer Time),0.0226,0.0299,0.0393,0
Sun May 18 2025 23:00:00 GMT+0100 (British Summer Time),0.0226,0.0299,0.0393,0
Mon May 19 2025 00:00:00 GMT+0100 (British Summer Time),0.0226,0.0299,0.0393,0
Mon May 19 2025 01:00:00 GMT+0100 (British Summer Time),0.0226,0.0299,0.0393,0
Mon May 19 2025 02:00:00 GMT+0100 (British Summer Time),0.0226,0.0299,0.0393,0
Mon May 19 2025 03:00:00 GMT+0100 (British Summer Time),0.0226,0.0299,0.0393,0
Mon May 19 2025 04:00:00 GMT+0100 (British Summer Time),0.0226,0.0299,0.0393,0
Mon May 19 2025 05:00:00 GMT+0100 (British Summer Time),0.0226,0.0299,0.0393,0
Mon May 19 2025 06:00:00 GMT+0100 (British Summer Time),0.0226,0.0299,0.0393,0
Mon May 19 2025 07:00:00 GMT+0100 (British Summer Time),0.0226,0.0299,0.0393,0
Mon May 19 2025 08:00:00 GMT+0100 (British Summer Time),0.0226,0.0299,0.0393,0
Mon May 19 2025 09:00:00 GMT+0100 (British Summer Time),0.0226,0.0303,0.0393,0
Mon May 19 2025 10:00:00 GMT+0100 (British Summer Time),0.0246,0.0295,0.0393,0
Mon May 19 2025 11:00:00 GMT+0100 (British Summer Time),0.0246,0.0295,0.0393,0
Mon May 19 2025 12:00:00 GMT+0100 (British Summer Time),0.0246,0.0295,0.0393,0
Mon May 19 2025 13:00:00 GMT+0100 (British Summer Time),0.0246,0.0295,0.0393,0
Mon May 19 2025 14:00:00 GMT+0100 (British Summer Time),0.0246,0.0295,0.0393,0
Mon May 19 2025 15:00:00 GMT+0100 (British Summer Time),0.0246,0.0295,0.0393,0
Mon May 19 2025 16:00:00 GMT+0100 (British Summer Time),0.0246,0.0295,0.0393,0
Mon May 19 2025 17:00:00 GMT+0100 (British Summer Time),0.0246,0.0295,0.0393,0
Mon May 19 2025 18:00:00 GMT+0100 (British Summer Time),0.0246,0.0295,0.0393,0
Mon May 19 2025 19:00:00 GMT+0100 (British Summer Time),0.0246,0.0295,0.0393,0
Mon May 19 2025 20:00:00 GMT+0100 (British Summer Time),0.0246,0.0295,0.0393,0
Mon May 19 2025 21:00:00 GMT+0100 (British Summer Time),0.0246,0.0295,0.0393,0
Mon May 19 2025 22:00:00 GMT+0100 (British Summer Time),0.0246,0.0295,0.0393,0
Mon May 19 2025 23:00:00 GMT+0100 (British Summer Time),0.0246,0.0295,0.0393,0
Tue May 20 2025 00:00:00 GMT+0100 (British Summer Time),0.0246,0.0295,0.0393,0
Tue May 20 2025 01:00:00 GMT+0100 (British Summer Time),0.0246,0.0295,0.0393,0
Tue May 20 2025 02:00:00 GMT+0100 (British Summer Time),0.0246,0.0295,0.0393,0
Tue May 20 2025 03:00:00 GMT+0100 (British Summer Time),0.0246,0.0295,0.0393,0
Tue May 20 2025 04:00:00 GMT+0100 (British Summer Time),0.0246,0.0295,0.0393,0
Tue May 20 2025 05:00:00 GMT+0100 (British Summer Time),0.0246,0.0295,0.0393,0
Tue May 20 2025 06:00:00 GMT+0100 (British Summer Time),0.0246,0.0295,0.0393,0
Tue May 20 2025 07:00:00 GMT+0100 (British Summer Time),0.0246,0.0295,0.0393,0
Tue May 20 2025 08:00:00 GMT+0100 (British Summer Time),0.0246,0.0295,0.0393,0
Tue May 20 2025 09:00:00 GMT+0100 (British Summer Time),0.0246,0.028,0.0393,0
Tue May 20 2025 10:00:00 GMT+0100 (British Summer Time),0.0363,0.0292,0.0393,0
Tue May 20 2025 11:00:00 GMT+0100 (British Summer Time),0.0363,0.0292,0.0393,0
Tue May 20 2025 12:00:00 GMT+0100 (British Summer Time),0.0363,0.0292,0.0393,0
Tue May 20 2025 13:00:00 GMT+0100 (British Summer Time),0.0363,0.0292,0.0393,0
Tue May 20 2025 14:00:00 GMT+0100 (British Summer Time),0.0363,0.0292,0.0393,0
Tue May 20 2025 15:00:00 GMT+0100 (British Summer Time),0.0363,0.0292,0.0393,0
Tue May 20 2025 16:00:00 GMT+0100 (British Summer Time),0.0363,0.0292,0.0393,0
Tue May 20 2025 17:00:00 GMT+0100 (British Summer Time),0.0363,0.0292,0.0393,0
Tue May 20 2025 18:00:00 GMT+0100 (British Summer Time),0.0363,0.0292,0.0393,0
Tue May 20 2025 19:00:00 GMT+0100 (British Summer Time),0.0363,0.0292,0.0393,0
Tue May 20 2025 20:00:00 GMT+0100 (British Summer Time),0.0363,0.0292,0.0393,0
Tue May 20 2025 21:00:00 GMT+0100 (British Summer Time),0.0363,0.0292,0.0393,0
Tue May 20 2025 22:00:00 GMT+0100 (British Summer Time),0.0363,0.0292,0.0393,0
Tue May 20 2025 23:00:00 GMT+0100 (British Summer Time),0.0363,0.0292,0.0393,0
Wed May 21 2025 00:00:00 GMT+0100 (British Summer Time),0.0363,0.0292,0.0393,0
Wed May 21 2025 01:00:00 GMT+0100 (British Summer Time),0.0363,0.0292,0.0393,0
Wed May 21 2025 02:00:00 GMT+0100 (British Summer Time),0.0363,0.0292,0.0393,0
Wed May 21 2025 03:00:00 GMT+0100 (British Summer Time),0.0363,0.0292,0.0393,0
Wed May 21 2025 04:00:00 GMT+0100 (British Summer Time),0.0363,0.0292,0.0393,0
Wed May 21 2025 05:00:00 GMT+0100 (British Summer Time),0.0363,0.0292,0.0393,0
Wed May 21 2025 06:00:00 GMT+0100 (British Summer Time),0.0363,0.0292,0.0393,0
Wed May 21 2025 07:00:00 GMT+0100 (British Summer Time),0.0363,0.0292,0.0393,0
Wed May 21 2025 08:00:00 GMT+0100 (British Summer Time),0.0363,0.0292,0.0393,0
Wed May 21 2025 09:00:00 GMT+0100 (British Summer Time),0.0363,0.0277,0.0393,0
Wed May 21 2025 10:00:00 GMT+0100 (British Summer Time),0.0365,0.0289,0.0393,0
Wed May 21 2025 11:00:00 GMT+0100 (British Summer Time),0.0365,0.0289,0.0393,0
Wed May 21 2025 12:00:00 GMT+0100 (British Summer Time),0.0365,0.0289,0.0393,0
Wed May 21 2025 13:00:00 GMT+0100 (British Summer Time),0.0365,0.0289,0.0393,0
Wed May 21 2025 14:00:00 GMT+0100 (British Summer Time),0.0365,0.0289,0.0393,9.753421718819444
Wed May 21 2025 15:00:00 GMT+0100 (British Summer Time),0.0365,0.0289,0.0393,100.07661487538383
Wed May 21 2025 16:00:00 GMT+0100 (British Summer Time),0.0365,0.0289,0.0393,0
Wed May 21 2025 17:00:00 GMT+0100 (British Summer Time),0.0365,0.0289,0.0393,0
Wed May 21 2025 18:00:00 GMT+0100 (British Summer Time),0.0365,0.0289,0.0393,0
Wed May 21 2025 19:00:00 GMT+0100 (British Summer Time),0.0365,0.0289,0.0393,0
Wed May 21 2025 20:00:00 GMT+0100 (British Summer Time),0.0365,0.0289,0.0393,0
Wed May 21 2025 21:00:00 GMT+0100 (British Summer Time),0.0365,0.0289,0.0393,0
Wed May 21 2025 22:00:00 GMT+0100 (British Summer Time),0.0365,0.0289,0.0393,0
Wed May 21 2025 23:00:00 GMT+0100 (British Summer Time),0.0365,0.0289,0.0393,0
Thu May 22 2025 00:00:00 GMT+0100 (British Summer Time),0.0365,0.0289,0.0393,0
Thu May 22 2025 01:00:00 GMT+0100 (British Summer Time),0.0365,0.0289,0.0393,0
Thu May 22 2025 02:00:00 GMT+0100 (British Summer Time),0.0365,0.0289,0.0393,0
Thu May 22 2025 03:00:00 GMT+0100 (British Summer Time),0.0365,0.0289,0.0393,0
Thu May 22 2025 04:00:00 GMT+0100 (British Summer Time),0.0365,0.0289,0.0393,0
Thu May 22 2025 05:00:00 GMT+0100 (British Summer Time),0.0365,0.0289,0.0393,0
Thu May 22 2025 06:00:00 GMT+0100 (British Summer Time),0.0365,0.0289,0.0393,0
Thu May 22 2025 07:00:00 GMT+0100 (British Summer Time),0.0365,0.0289,0.0393,0
Thu May 22 2025 08:00:00 GMT+0100 (British Summer Time),0.0365,0.0289,0.0393,0
Thu May 22 2025 09:00:00 GMT+0100 (British Summer Time),0.0365,0.0279,0.0393,0
Thu May 22 2025 10:00:00 GMT+0100 (British Summer Time),0.0332,0.0287,0.0393,0
Thu May 22 2025 11:00:00 GMT+0100 (British Summer Time),0.0332,0.0287,0.0393,0
Thu May 22 2025 12:00:00 GMT+0100 (British Summer Time),0.0332,0.0287,0.0393,0
Thu May 22 2025 13:00:00 GMT+0100 (British Summer Time),0.0332,0.0287,0.0393,0
Thu May 22 2025 14:00:00 GMT+0100 (British Summer Time),0.0332,0.0287,0.0393,0
Thu May 22 2025 15:00:00 GMT+0100 (British Summer Time),0.0332,0.0287,0.0393,0
Thu May 22 2025 16:00:00 GMT+0100 (British Summer Time),0.0332,0.0287,0.0393,0
Thu May 22 2025 17:00:00 GMT+0100 (British Summer Time),0.0332,0.0287,0.0393,0
Thu May 22 2025 18:00:00 GMT+0100 (British Summer Time),0.0332,0.0287,0.0393,0
Thu May 22 2025 19:00:00 GMT+0100 (British Summer Time),0.0332,0.0287,0.0393,0
Thu May 22 2025 20:00:00 GMT+0100 (British Summer Time),0.0332,0.0287,0.0393,0
Thu May 22 2025 21:00:00 GMT+0100 (British Summer Time),0.0332,0.0287,0.0393,0
Thu May 22 2025 22:00:00 GMT+0100 (British Summer Time),0.0332,0.0287,0.0393,0
Thu May 22 2025 23:00:00 GMT+0100 (British Summer Time),0.0332,0.0287,0.0393,0
Fri May 23 2025 00:00:00 GMT+0100 (British Summer Time),0.0332,0.0287,0.0393,0
Fri May 23 2025 01:00:00 GMT+0100 (British Summer Time),0.0332,0.0287,0.0393,0
Fri May 23 2025 02:00:00 GMT+0100 (British Summer Time),0.0332,0.0287,0.0393,0
Fri May 23 2025 03:00:00 GMT+0100 (British Summer Time),0.0332,0.0287,0.0393,0
Fri May 23 2025 04:00:00 GMT+0100 (British Summer Time),0.0332,0.0287,0.0393,0
Fri May 23 2025 05:00:00 GMT+0100 (British Summer Time),0.0332,0.0287,0.0393,0
Fri May 23 2025 06:00:00 GMT+0100 (British Summer Time),0.0332,0.0287,0.0393,0
Fri May 23 2025 07:00:00 GMT+0100 (British Summer Time),0.0332,0.0287,0.0393,0
Fri May 23 2025 08:00:00 GMT+0100 (British Summer Time),0.0332,0.0287,0.0393,0
Fri May 23 2025 09:00:00 GMT+0100 (British Summer Time),0.0332,0.0294,0.0393,0
Fri May 23 2025 10:00:00 GMT+0100 (British Summer Time),0.0219,0.0283,0.0393,0
Fri May 23 2025 11:00:00 GMT+0100 (British Summer Time),0.0219,0.0283,0.0393,0
Fri May 23 2025 12:00:00 GMT+0100 (British Summer Time),0.0219,0.0283,0.0393,0
Fri May 23 2025 13:00:00 GMT+0100 (British Summer Time),0.0219,0.0283,0.0393,0
Fri May 23 2025 14:00:00 GMT+0100 (British Summer Time),0.0219,0.0283,0.0393,0
Fri May 23 2025 15:00:00 GMT+0100 (British Summer Time),0.0219,0.0283,0.0393,0
Fri May 23 2025 16:00:00 GMT+0100 (British Summer Time),0.0219,0.0283,0.0393,0
Fri May 23 2025 17:00:00 GMT+0100 (British Summer Time),0.0219,0.0283,0.0393,0
Fri May 23 2025 18:00:00 GMT+0100 (British Summer Time),0.0219,0.0283,0.0393,0
Fri May 23 2025 19:00:00 GMT+0100 (British Summer Time),0.0219,0.0283,0.0393,0
Fri May 23 2025 20:00:00 GMT+0100 (British Summer Time),0.0219,0.0283,0.0393,0
Fri May 23 2025 21:00:00 GMT+0100 (British Summer Time),0.0219,0.0283,0.0393,0
Fri May 23 2025 22:00:00 GMT+0100 (British Summer Time),0.0219,0.0283,0.0393,0
Fri May 23 2025 23:00:00 GMT+0100 (British Summer Time),0.0219,0.0283,0.0393,0
Sat May 24 2025 00:00:00 GMT+0100 (British Summer Time),0.0219,0.0283,0.0393,0
Sat May 24 2025 01:00:00 GMT+0100 (British Summer Time),0.0219,0.0283,0.0393,0
Sat May 24 2025 02:00:00 GMT+0100 (British Summer Time),0.0219,0.0283,0.0393,0
Sat May 24 2025 03:00:00 GMT+0100 (British Summer Time),0.0219,0.0283,0.0393,0
Sat May 24 2025 04:00:00 GMT+0100 (British Summer Time),0.0219,0.0283,0.0393,0
Sat May 24 2025 05:00:00 GMT+0100 (British Summer Time),0.0219,0.0283,0.0393,0
Sat May 24 2025 06:00:00 GMT+0100 (British Summer Time),0.0219,0.0283,0.0393,0
Sat May 24 2025 07:00:00 GMT+0100 (British Summer Time),0.0219,0.0283,0.0393,0
Sat May 24 2025 08:00:00 GMT+0100 (British Summer Time),0.0219,0.0283,0.0393,0
Sat May 24 2025 09:00:00 GMT+0100 (British Summer Time),0.0219,0.0283,0.0393,0
Sat May 24 2025 10:00:00 GMT+0100 (British Summer Time),0,0.0291,0.0393,0
Sat May 24 2025 11:00:00 GMT+0100 (British Summer Time),0.0223,0.0282,0.0393,0
Sat May 24 2025 12:00:00 GMT+0100 (British Summer Time),0.0223,0.0282,0.0393,0
Sat May 24 2025 13:00:00 GMT+0100 (British Summer Time),0.0223,0.0282,0.0393,0
Sat May 24 2025 14:00:00 GMT+0100 (British Summer Time),0.0223,0.0282,0.0393,0
Sat May 24 2025 15:00:00 GMT+0100 (British Summer Time),0.0223,0.0282,0.0393,0
Sat May 24 2025 16:00:00 GMT+0100 (British Summer Time),0.0223,0.0282,0.0393,0
Sat May 24 2025 17:00:00 GMT+0100 (British Summer Time),0.0223,0.0282,0.0393,0
Sat May 24 2025 18:00:00 GMT+0100 (British Summer Time),0.0223,0.0282,0.0393,0
Sat May 24 2025 19:00:00 GMT+0100 (British Summer Time),0.0223,0.0282,0.0393,0
Sat May 24 2025 20:00:00 GMT+0100 (British Summer Time),0.0223,0.0282,0.0393,0
Sat May 24 2025 21:00:00 GMT+0100 (British Summer Time),0.0223,0.0282,0.0393,0
Sat May 24 2025 22:00:00 GMT+0100 (British Summer Time),0.0223,0.0282,0.0393,0
Sat May 24 2025 23:00:00 GMT+0100 (British Summer Time),0.0223,0.0282,0.0393,0
Sun May 25 2025 00:00:00 GMT+0100 (British Summer Time),0.0223,0.0282,0.0393,0
Sun May 25 2025 01:00:00 GMT+0100 (British Summer Time),0.0223,0.0282,0.0393,0
Sun May 25 2025 02:00:00 GMT+0100 (British Summer Time),0.0223,0.0282,0.0393,0
Sun May 25 2025 03:00:00 GMT+0100 (British Summer Time),0.0223,0.0282,0.0393,0
Sun May 25 2025 04:00:00 GMT+0100 (British Summer Time),0.0223,0.0282,0.0393,0
Sun May 25 2025 05:00:00 GMT+0100 (British Summer Time),0.0223,0.0282,0.0393,0
Sun May 25 2025 06:00:00 GMT+0100 (British Summer Time),0.0223,0.0282,0.0393,0
Sun May 25 2025 07:00:00 GMT+0100 (British Summer Time),0.0223,0.0282,0.0393,0
Sun May 25 2025 08:00:00 GMT+0100 (British Summer Time),0.0223,0.0282,0.0393,0
Sun May 25 2025 09:00:00 GMT+0100 (British Summer Time),0.0223,0.0282,0.0393,0
Sun May 25 2025 10:00:00 GMT+0100 (British Summer Time),0,0.0291,0.0393,0
Sun May 25 2025 11:00:00 GMT+0100 (British Summer Time),0.0218,0.0281,0.04,79705.15809178793
Sun May 25 2025 12:00:00 GMT+0100 (British Summer Time),0.0218,0.0281,0.04,0
Sun May 25 2025 13:00:00 GMT+0100 (British Summer Time),0.0218,0.0281,0.04,0
Sun May 25 2025 14:00:00 GMT+0100 (British Summer Time),0.0218,0.0281,0.04,0
Sun May 25 2025 15:00:00 GMT+0100 (British Summer Time),0.0218,0.0281,0.04,0
Sun May 25 2025 16:00:00 GMT+0100 (British Summer Time),0.0218,0.0281,0.0399,10319.28583269284
Sun May 25 2025 17:00:00 GMT+0100 (British Summer Time),0.0218,0.0281,0.0399,0
Sun May 25 2025 18:00:00 GMT+0100 (British Summer Time),0.0218,0.0281,0.0399,0
Sun May 25 2025 19:00:00 GMT+0100 (British Summer Time),0.0218,0.0281,0.0399,0
Sun May 25 2025 20:00:00 GMT+0100 (British Summer Time),0.0218,0.0281,0.0399,0
Sun May 25 2025 21:00:00 GMT+0100 (British Summer Time),0.0218,0.0281,0.0399,0
Sun May 25 2025 22:00:00 GMT+0100 (British Summer Time),0.0218,0.0281,0.0399,0
Sun May 25 2025 23:00:00 GMT+0100 (British Summer Time),0.0218,0.0281,0.0399,0
Mon May 26 2025 00:00:00 GMT+0100 (British Summer Time),0.0218,0.0281,0.0399,0
Mon May 26 2025 01:00:00 GMT+0100 (British Summer Time),0.0218,0.0281,0.0399,0
Mon May 26 2025 02:00:00 GMT+0100 (British Summer Time),0.0218,0.0281,0.0399,0
Mon May 26 2025 03:00:00 GMT+0100 (British Summer Time),0.0218,0.0281,0.0399,0
Mon May 26 2025 04:00:00 GMT+0100 (British Summer Time),0.0218,0.0281,0.0399,0
Mon May 26 2025 05:00:00 GMT+0100 (British Summer Time),0.0218,0.0281,0.0399,0
Mon May 26 2025 06:00:00 GMT+0100 (British Summer Time),0.0218,0.0281,0.0399,0
Mon May 26 2025 07:00:00 GMT+0100 (British Summer Time),0.0218,0.0281,0.04,8698.548089497193
Mon May 26 2025 08:00:00 GMT+0100 (British Summer Time),0.0218,0.0281,0.04,0
Mon May 26 2025 09:00:00 GMT+0100 (British Summer Time),0.0218,0.0281,0.04,0
Mon May 26 2025 10:00:00 GMT+0100 (British Summer Time),0.0218,0.0286,0.04,0
Mon May 26 2025 11:00:00 GMT+0100 (British Summer Time),0.024,0.028,0.04,0
Mon May 26 2025 12:00:00 GMT+0100 (British Summer Time),0.024,0.028,0.04,0
Mon May 26 2025 13:00:00 GMT+0100 (British Summer Time),0.024,0.028,0.04,1528.219185773739
Mon May 26 2025 14:00:00 GMT+0100 (British Summer Time),0.024,0.028,0.04,0
Mon May 26 2025 15:00:00 GMT+0100 (British Summer Time),0.024,0.028,0.04,0
Mon May 26 2025 16:00:00 GMT+0100 (British Summer Time),0.024,0.028,0.04,0
Mon May 26 2025 17:00:00 GMT+0100 (British Summer Time),0.024,0.028,0.04,0
Mon May 26 2025 18:00:00 GMT+0100 (British Summer Time),0.024,0.028,0.04,0
Mon May 26 2025 19:00:00 GMT+0100 (British Summer Time),0.024,0.028,0.04,0
Mon May 26 2025 20:00:00 GMT+0100 (British Summer Time),0.024,0.028,0.04,0
Mon May 26 2025 21:00:00 GMT+0100 (British Summer Time),0.024,0.028,0.04,0
Mon May 26 2025 22:00:00 GMT+0100 (British Summer Time),0.024,0.028,0.04,0
Mon May 26 2025 23:00:00 GMT+0100 (British Summer Time),0.024,0.028,0.04,0
Tue May 27 2025 00:00:00 GMT+0100 (British Summer Time),0.024,0.028,0.04,0
Tue May 27 2025 01:00:00 GMT+0100 (British Summer Time),0.024,0.028,0.04,0
Tue May 27 2025 02:00:00 GMT+0100 (British Summer Time),0.024,0.028,0.04,0
Tue May 27 2025 03:00:00 GMT+0100 (British Summer Time),0.024,0.028,0.04,0
Tue May 27 2025 04:00:00 GMT+0100 (British Summer Time),0.024,0.028,0.04,0
Tue May 27 2025 05:00:00 GMT+0100 (British Summer Time),0.024,0.028,0.04,0
Tue May 27 2025 06:00:00 GMT+0100 (British Summer Time),0.024,0.028,0.04,0
Tue May 27 2025 07:00:00 GMT+0100 (British Summer Time),0.024,0.028,0.04,0
Tue May 27 2025 08:00:00 GMT+0100 (British Summer Time),0.024,0.028,0.04,0
Tue May 27 2025 09:00:00 GMT+0100 (British Summer Time),0.024,0.028,0.04,0
Tue May 27 2025 10:00:00 GMT+0100 (British Summer Time),0.024,0.0266,0.04,0
Tue May 27 2025 11:00:00 GMT+0100 (British Summer Time),0.0306,0.0272,0.04,0
Tue May 27 2025 12:00:00 GMT+0100 (British Summer Time),0.0306,0.0272,0.04,0
Tue May 27 2025 13:00:00 GMT+0100 (British Summer Time),0.0306,0.0272,0.04,0
Tue May 27 2025 14:00:00 GMT+0100 (British Summer Time),0.0306,0.0272,0.04,0
Tue May 27 2025 15:00:00 GMT+0100 (British Summer Time),0.0306,0.0272,0.04,0
Tue May 27 2025 16:00:00 GMT+0100 (British Summer Time),0.0306,0.0272,0.04,0
Tue May 27 2025 17:00:00 GMT+0100 (British Summer Time),0.0306,0.0272,0.04,0
Tue May 27 2025 18:00:00 GMT+0100 (British Summer Time),0.0306,0.0272,0.04,0
Tue May 27 2025 19:00:00 GMT+0100 (British Summer Time),0.0306,0.0272,0.04,0
Tue May 27 2025 20:00:00 GMT+0100 (British Summer Time),0.0306,0.0272,0.04,0
Tue May 27 2025 21:00:00 GMT+0100 (British Summer Time),0.0306,0.0272,0.04,0
Tue May 27 2025 22:00:00 GMT+0100 (British Summer Time),0.0306,0.0272,0.04,0
Tue May 27 2025 23:00:00 GMT+0100 (British Summer Time),0.0306,0.0272,0.04,0
Wed May 28 2025 00:00:00 GMT+0100 (British Summer Time),0.0306,0.0272,0.04,0
Wed May 28 2025 01:00:00 GMT+0100 (British Summer Time),0.0306,0.0272,0.04,0
Wed May 28 2025 02:00:00 GMT+0100 (British Summer Time),0.0306,0.0272,0.04,0
Wed May 28 2025 03:00:00 GMT+0100 (British Summer Time),0.0306,0.0272,0.04,0
Wed May 28 2025 04:00:00 GMT+0100 (British Summer Time),0.0306,0.0272,0.04,0
Wed May 28 2025 05:00:00 GMT+0100 (British Summer Time),0.0306,0.0272,0.04,0
Wed May 28 2025 06:00:00 GMT+0100 (British Summer Time),0.0306,0.0272,0.04,0
Wed May 28 2025 07:00:00 GMT+0100 (British Summer Time),0.0306,0.0272,0.04,0
Wed May 28 2025 08:00:00 GMT+0100 (British Summer Time),0.0306,0.0272,0.04,0
Wed May 28 2025 09:00:00 GMT+0100 (British Summer Time),0.0306,0.0272,0.04,0
Wed May 28 2025 10:00:00 GMT+0100 (British Summer Time),0.0306,0.0256,0.04,0
Wed May 28 2025 11:00:00 GMT+0100 (British Summer Time),0.0303,0.0263,0.04,0
Wed May 28 2025 12:00:00 GMT+0100 (British Summer Time),0.0303,0.0263,0.04,0
Wed May 28 2025 13:00:00 GMT+0100 (British Summer Time),0.0303,0.0263,0.04,0
Wed May 28 2025 14:00:00 GMT+0100 (British Summer Time),0.0303,0.0263,0.04,0
Wed May 28 2025 15:00:00 GMT+0100 (British Summer Time),0.0303,0.0263,0.04,0
Wed May 28 2025 16:00:00 GMT+0100 (British Summer Time),0.0303,0.0263,0.04,0
Wed May 28 2025 17:00:00 GMT+0100 (British Summer Time),0.0303,0.0263,0.04,0
Wed May 28 2025 18:00:00 GMT+0100 (British Summer Time),0.0303,0.0263,0.04,0
Wed May 28 2025 19:00:00 GMT+0100 (British Summer Time),0.0303,0.0263,0.04,0
Wed May 28 2025 20:00:00 GMT+0100 (British Summer Time),0.0303,0.0263,0.04,0
Wed May 28 2025 21:00:00 GMT+0100 (British Summer Time),0.0303,0.0263,0.04,0
Wed May 28 2025 22:00:00 GMT+0100 (British Summer Time),0.0303,0.0263,0.04,0
Wed May 28 2025 23:00:00 GMT+0100 (British Summer Time),0.0303,0.0263,0.04,0
Thu May 29 2025 00:00:00 GMT+0100 (British Summer Time),0.0303,0.0263,0.04,0
Thu May 29 2025 01:00:00 GMT+0100 (British Summer Time),0.0303,0.0263,0.04,0
Thu May 29 2025 02:00:00 GMT+0100 (British Summer Time),0.0303,0.0263,0.04,0
Thu May 29 2025 03:00:00 GMT+0100 (British Summer Time),0.0303,0.0263,0.04,0
Thu May 29 2025 04:00:00 GMT+0100 (British Summer Time),0.0303,0.0263,0.04,0
Thu May 29 2025 05:00:00 GMT+0100 (British Summer Time),0.0303,0.0263,0.04,0
Thu May 29 2025 06:00:00 GMT+0100 (British Summer Time),0.0303,0.0263,0.04,0
Thu May 29 2025 07:00:00 GMT+0100 (British Summer Time),0.0303,0.0263,0.04,0
Thu May 29 2025 08:00:00 GMT+0100 (British Summer Time),0.0303,0.0263,0.04,0
Thu May 29 2025 09:00:00 GMT+0100 (British Summer Time),0.0303,0.0263,0.04,0
Thu May 29 2025 10:00:00 GMT+0100 (British Summer Time),0.0303,0.0251,0.04,0
Thu May 29 2025 11:00:00 GMT+0100 (British Summer Time),0.0279,0.0255,0.04,0
Thu May 29 2025 12:00:00 GMT+0100 (British Summer Time),0.0279,0.0255,0.04,0
Thu May 29 2025 13:00:00 GMT+0100 (British Summer Time),0.0279,0.0255,0.04,0
Thu May 29 2025 14:00:00 GMT+0100 (British Summer Time),0.0279,0.0255,0.04,0
Thu May 29 2025 15:00:00 GMT+0100 (British Summer Time),0.0279,0.0255,0.04,0
Thu May 29 2025 16:00:00 GMT+0100 (British Summer Time),0.0279,0.0255,0.04,0
Thu May 29 2025 17:00:00 GMT+0100 (British Summer Time),0.0279,0.0255,0.04,0
Thu May 29 2025 18:00:00 GMT+0100 (British Summer Time),0.0279,0.0255,0.04,0
Thu May 29 2025 19:00:00 GMT+0100 (British Summer Time),0.0279,0.0255,0.04,0
Thu May 29 2025 20:00:00 GMT+0100 (British Summer Time),0.0279,0.0255,0.04,0
Thu May 29 2025 21:00:00 GMT+0100 (British Summer Time),0.0279,0.0255,0.04,0
Thu May 29 2025 22:00:00 GMT+0100 (British Summer Time),0.0279,0.0255,0.04,0
Thu May 29 2025 23:00:00 GMT+0100 (British Summer Time),0.0279,0.0255,0.04,0
Fri May 30 2025 00:00:00 GMT+0100 (British Summer Time),0.0279,0.0255,0.04,0
Fri May 30 2025 01:00:00 GMT+0100 (British Summer Time),0.0279,0.0255,0.04,0
Fri May 30 2025 02:00:00 GMT+0100 (British Summer Time),0.0279,0.0255,0.04,0
Fri May 30 2025 03:00:00 GMT+0100 (British Summer Time),0.0279,0.0255,0.04,0
Fri May 30 2025 04:00:00 GMT+0100 (British Summer Time),0.0279,0.0255,0.04,0
Fri May 30 2025 05:00:00 GMT+0100 (British Summer Time),0.0279,0.0255,0.04,0
Fri May 30 2025 06:00:00 GMT+0100 (British Summer Time),0.0279,0.0255,0.04,0
Fri May 30 2025 07:00:00 GMT+0100 (British Summer Time),0.0279,0.0255,0.04,0
Fri May 30 2025 08:00:00 GMT+0100 (British Summer Time),0.0279,0.0255,0.04,0
Fri May 30 2025 09:00:00 GMT+0100 (British Summer Time),0.0279,0.0255,0.04,0
Fri May 30 2025 10:00:00 GMT+0100 (British Summer Time),0.0279,0.0262,0.04,0
Fri May 30 2025 11:00:00 GMT+0100 (British Summer Time),0.0214,0.0255,0.04,0
Fri May 30 2025 12:00:00 GMT+0100 (British Summer Time),0.0214,0.0255,0.04,0
Fri May 30 2025 13:00:00 GMT+0100 (British Summer Time),0.0214,0.0255,0.04,0
Fri May 30 2025 14:00:00 GMT+0100 (British Summer Time),0.0214,0.0255,0.04,0
Fri May 30 2025 15:00:00 GMT+0100 (British Summer Time),0.0214,0.0255,0.04,0
Fri May 30 2025 16:00:00 GMT+0100 (British Summer Time),0.0214,0.0255,0.04,0
Fri May 30 2025 17:00:00 GMT+0100 (British Summer Time),0.0214,0.0255,0.04,0
Fri May 30 2025 18:00:00 GMT+0100 (British Summer Time),0.0214,0.0255,0.04,0
Fri May 30 2025 19:00:00 GMT+0100 (British Summer Time),0.0214,0.0255,0.04,0
Fri May 30 2025 20:00:00 GMT+0100 (British Summer Time),0.0214,0.0255,0.04,0
Fri May 30 2025 21:00:00 GMT+0100 (British Summer Time),0.0214,0.0255,0.04,0
Fri May 30 2025 22:00:00 GMT+0100 (British Summer Time),0.0214,0.0255,0.04,0
Fri May 30 2025 23:00:00 GMT+0100 (British Summer Time),0.0214,0.0255,0.04,0
Sat May 31 2025 00:00:00 GMT+0100 (British Summer Time),0.0214,0.0255,0.04,0
Sat May 31 2025 01:00:00 GMT+0100 (British Summer Time),0.0214,0.0255,0.04,0
Sat May 31 2025 02:00:00 GMT+0100 (British Summer Time),0.0214,0.0255,0.04,0
Sat May 31 2025 03:00:00 GMT+0100 (British Summer Time),0.0214,0.0255,0.04,0
Sat May 31 2025 04:00:00 GMT+0100 (British Summer Time),0.0214,0.0255,0.04,0
Sat May 31 2025 05:00:00 GMT+0100 (British Summer Time),0.0214,0.0255,0.04,0
Sat May 31 2025 06:00:00 GMT+0100 (British Summer Time),0.0214,0.0255,0.04,0
Sat May 31 2025 07:00:00 GMT+0100 (British Summer Time),0.0214,0.0255,0.04,0
Sat May 31 2025 08:00:00 GMT+0100 (British Summer Time),0.0214,0.0255,0.04,0
Sat May 31 2025 09:00:00 GMT+0100 (British Summer Time),0.0214,0.0255,0.04,0
Sat May 31 2025 10:00:00 GMT+0100 (British Summer Time),0.0214,0.026,0.04,0
Sat May 31 2025 11:00:00 GMT+0100 (British Summer Time),0.0224,0.0255,0.04,0
Sat May 31 2025 12:00:00 GMT+0100 (British Summer Time),0.0224,0.0255,0.04,0
Sat May 31 2025 13:00:00 GMT+0100 (British Summer Time),0.0224,0.0255,0.04,0
Sat May 31 2025 14:00:00 GMT+0100 (British Summer Time),0.0224,0.0255,0.04,0
Sat May 31 2025 15:00:00 GMT+0100 (British Summer Time),0.0224,0.0255,0.04,0
Sat May 31 2025 16:00:00 GMT+0100 (British Summer Time),0.0224,0.0255,0.04,0
Sat May 31 2025 17:00:00 GMT+0100 (British Summer Time),0.0224,0.0255,0.04,0
Sat May 31 2025 18:00:00 GMT+0100 (British Summer Time),0.0224,0.0255,0.04,0
Sat May 31 2025 19:00:00 GMT+0100 (British Summer Time),0.0224,0.0255,0.04,0
Sat May 31 2025 20:00:00 GMT+0100 (British Summer Time),0.0224,0.0255,0.04,0
Sat May 31 2025 21:00:00 GMT+0100 (British Summer Time),0.0224,0.0255,0.04,0
Sat May 31 2025 22:00:00 GMT+0100 (British Summer Time),0.0224,0.0255,0.0401,89197.37151819258
Sat May 31 2025 23:00:00 GMT+0100 (British Summer Time),0.0224,0.0255,0.0401,0
Sun Jun 01 2025 00:00:00 GMT+0100 (British Summer Time),0.0224,0.0255,0.0401,0
Sun Jun 01 2025 01:00:00 GMT+0100 (British Summer Time),0.0224,0.0255,0.0401,0
Sun Jun 01 2025 02:00:00 GMT+0100 (British Summer Time),0.0224,0.0255,0.0401,0
Sun Jun 01 2025 03:00:00 GMT+0100 (British Summer Time),0.0224,0.0255,0.0401,0
Sun Jun 01 2025 04:00:00 GMT+0100 (British Summer Time),0.0224,0.0255,0.0401,0
Sun Jun 01 2025 05:00:00 GMT+0100 (British Summer Time),0.0224,0.0255,0.0401,0
Sun Jun 01 2025 06:00:00 GMT+0100 (British Summer Time),0.0224,0.0255,0.0401,0
Sun Jun 01 2025 07:00:00 GMT+0100 (British Summer Time),0.0224,0.0255,0.0401,0
Sun Jun 01 2025 08:00:00 GMT+0100 (British Summer Time),0.0224,0.0255,0.0401,0
Sun Jun 01 2025 09:00:00 GMT+0100 (British Summer Time),0.0224,0.0255,0.0401,0
Sun Jun 01 2025 10:00:00 GMT+0100 (British Summer Time),0.0224,0.0255,0.0401,0
Sun Jun 01 2025 11:00:00 GMT+0100 (British Summer Time),0,0.0261,0.0401,0
Sun Jun 01 2025 12:00:00 GMT+0100 (British Summer Time),0.022,0.0255,0.0401,0
Sun Jun 01 2025 13:00:00 GMT+0100 (British Summer Time),0.022,0.0255,0.0401,0
Sun Jun 01 2025 14:00:00 GMT+0100 (British Summer Time),0.022,0.0255,0.0401,0
Sun Jun 01 2025 15:00:00 GMT+0100 (British Summer Time),0.022,0.0255,0.0401,0
Sun Jun 01 2025 16:00:00 GMT+0100 (British Summer Time),0.022,0.0255,0.0401,0
Sun Jun 01 2025 17:00:00 GMT+0100 (British Summer Time),0.022,0.0255,0.0401,0
Sun Jun 01 2025 18:00:00 GMT+0100 (British Summer Time),0.022,0.0255,0.0401,0
Sun Jun 01 2025 19:00:00 GMT+0100 (British Summer Time),0.022,0.0255,0.0401,0
Sun Jun 01 2025 20:00:00 GMT+0100 (British Summer Time),0.022,0.0255,0.0401,1841.9343041941872
Sun Jun 01 2025 21:00:00 GMT+0100 (British Summer Time),0.022,0.0255,0.0401,0
Sun Jun 01 2025 22:00:00 GMT+0100 (British Summer Time),0.022,0.0255,0.0401,2015.5831820717503
Sun Jun 01 2025 23:00:00 GMT+0100 (British Summer Time),0.022,0.0255,0.0401,0
Mon Jun 02 2025 00:00:00 GMT+0100 (British Summer Time),0.022,0.0255,0.0401,0
Mon Jun 02 2025 01:00:00 GMT+0100 (British Summer Time),0.022,0.0255,0.0401,0
Mon Jun 02 2025 02:00:00 GMT+0100 (British Summer Time),0.022,0.0255,0.0401,0
Mon Jun 02 2025 03:00:00 GMT+0100 (British Summer Time),0.022,0.0255,0.0401,0
Mon Jun 02 2025 04:00:00 GMT+0100 (British Summer Time),0.022,0.0255,0.0401,6.480115547802261
Mon Jun 02 2025 05:00:00 GMT+0100 (British Summer Time),0.022,0.0255,0.0401,0
Mon Jun 02 2025 06:00:00 GMT+0100 (British Summer Time),0.022,0.0255,0.0401,0
Mon Jun 02 2025 07:00:00 GMT+0100 (British Summer Time),0.022,0.0255,0.0401,0
Mon Jun 02 2025 08:00:00 GMT+0100 (British Summer Time),0.022,0.0255,0.0401,0
Mon Jun 02 2025 09:00:00 GMT+0100 (British Summer Time),0.022,0.0255,0.0401,0
Mon Jun 02 2025 10:00:00 GMT+0100 (British Summer Time),0.022,0.0255,0.0401,0
Mon Jun 02 2025 11:00:00 GMT+0100 (British Summer Time),0,0.0258,0.0401,0
Mon Jun 02 2025 12:00:00 GMT+0100 (British Summer Time),0.0284,0.0261,0.0401,0
Mon Jun 02 2025 13:00:00 GMT+0100 (British Summer Time),0.0284,0.0261,0.0401,0
Mon Jun 02 2025 14:00:00 GMT+0100 (British Summer Time),0.0284,0.0261,0.0401,0
Mon Jun 02 2025 15:00:00 GMT+0100 (British Summer Time),0.0284,0.0261,0.0401,0
Mon Jun 02 2025 16:00:00 GMT+0100 (British Summer Time),0.0284,0.0261,0.0401,0
Mon Jun 02 2025 17:00:00 GMT+0100 (British Summer Time),0.0284,0.0261,0.0401,0
Mon Jun 02 2025 18:00:00 GMT+0100 (British Summer Time),0.0284,0.0261,0.0401,0
Mon Jun 02 2025 19:00:00 GMT+0100 (British Summer Time),0.0284,0.0261,0.0401,0
Mon Jun 02 2025 20:00:00 GMT+0100 (British Summer Time),0.0284,0.0261,0.0401,0
Mon Jun 02 2025 21:00:00 GMT+0100 (British Summer Time),0.0284,0.0261,0.0401,0
Mon Jun 02 2025 22:00:00 GMT+0100 (British Summer Time),0.0284,0.0261,0.0401,0
Mon Jun 02 2025 23:00:00 GMT+0100 (British Summer Time),0.0284,0.0261,0.0401,3210.2211680004693
Tue Jun 03 2025 00:00:00 GMT+0100 (British Summer Time),0.0284,0.0261,0.0401,3824.646677788898
Tue Jun 03 2025 01:00:00 GMT+0100 (British Summer Time),0.0284,0.0261,0.0401,0
Tue Jun 03 2025 02:00:00 GMT+0100 (British Summer Time),0.0284,0.0261,0.0401,0
Tue Jun 03 2025 03:00:00 GMT+0100 (British Summer Time),0.0284,0.0261,0.0401,0
Tue Jun 03 2025 04:00:00 GMT+0100 (British Summer Time),0.0284,0.0261,0.0401,0
Tue Jun 03 2025 05:00:00 GMT+0100 (British Summer Time),0.0284,0.0261,0.0401,0
Tue Jun 03 2025 06:00:00 GMT+0100 (British Summer Time),0.0284,0.0261,0.0401,0
Tue Jun 03 2025 07:00:00 GMT+0100 (British Summer Time),0.0284,0.0261,0.0401,0
Tue Jun 03 2025 08:00:00 GMT+0100 (British Summer Time),0.0284,0.0261,0.0401,0
Tue Jun 03 2025 09:00:00 GMT+0100 (British Summer Time),0.0284,0.0261,0.0401,0
Tue Jun 03 2025 10:00:00 GMT+0100 (British Summer Time),0.0284,0.0261,0.0393,98956.83049844894
Tue Jun 03 2025 11:00:00 GMT+0100 (British Summer Time),0.0284,0.0254,0.0393,0
Tue Jun 03 2025 12:00:00 GMT+0100 (British Summer Time),0.0442,0.0281,0.0393,0
Tue Jun 03 2025 13:00:00 GMT+0100 (British Summer Time),0.0442,0.0281,0.0393,0
Tue Jun 03 2025 14:00:00 GMT+0100 (British Summer Time),0.0442,0.0281,0.0393,0
Tue Jun 03 2025 15:00:00 GMT+0100 (British Summer Time),0.0442,0.0281,0.0393,0
Tue Jun 03 2025 16:00:00 GMT+0100 (British Summer Time),0.0442,0.0281,0.0393,0
Tue Jun 03 2025 17:00:00 GMT+0100 (British Summer Time),0.0442,0.0281,0.0393,0
Tue Jun 03 2025 18:00:00 GMT+0100 (British Summer Time),0.0442,0.0281,0.0393,0
Tue Jun 03 2025 19:00:00 GMT+0100 (British Summer Time),0.0442,0.0281,0.0393,0
Tue Jun 03 2025 20:00:00 GMT+0100 (British Summer Time),0.0442,0.0281,0.0393,0
Tue Jun 03 2025 21:00:00 GMT+0100 (British Summer Time),0.0442,0.0281,0.0393,0
Tue Jun 03 2025 22:00:00 GMT+0100 (British Summer Time),0.0442,0.0281,0.0393,0
Tue Jun 03 2025 23:00:00 GMT+0100 (British Summer Time),0.0442,0.0281,0.0393,0
Wed Jun 04 2025 00:00:00 GMT+0100 (British Summer Time),0.0442,0.0281,0.0393,0
Wed Jun 04 2025 01:00:00 GMT+0100 (British Summer Time),0.0442,0.0281,0.0393,0
Wed Jun 04 2025 02:00:00 GMT+0100 (British Summer Time),0.0442,0.0281,0.0393,0
Wed Jun 04 2025 03:00:00 GMT+0100 (British Summer Time),0.0442,0.0281,0.0393,0
Wed Jun 04 2025 04:00:00 GMT+0100 (British Summer Time),0.0442,0.0281,0.0393,0
Wed Jun 04 2025 05:00:00 GMT+0100 (British Summer Time),0.0442,0.0281,0.0393,0
Wed Jun 04 2025 06:00:00 GMT+0100 (British Summer Time),0.0442,0.0281,0.0393,0
Wed Jun 04 2025 07:00:00 GMT+0100 (British Summer Time),0.0442,0.0281,0.0393,0
Wed Jun 04 2025 08:00:00 GMT+0100 (British Summer Time),0.0442,0.0281,0.0393,0
Wed Jun 04 2025 09:00:00 GMT+0100 (British Summer Time),0.0442,0.0281,0.0393,0
Wed Jun 04 2025 10:00:00 GMT+0100 (British Summer Time),0.0442,0.0281,0.0393,0
Wed Jun 04 2025 11:00:00 GMT+0100 (British Summer Time),0.0442,0.0277,0.0393,0
Wed Jun 04 2025 12:00:00 GMT+0100 (British Summer Time),0.0446,0.0301,0.0393,0
Wed Jun 04 2025 13:00:00 GMT+0100 (British Summer Time),0.0446,0.0301,0.0393,0
Wed Jun 04 2025 14:00:00 GMT+0100 (British Summer Time),0.0446,0.0301,0.0393,0
Wed Jun 04 2025 15:00:00 GMT+0100 (British Summer Time),0.0446,0.0301,0.0393,0
Wed Jun 04 2025 16:00:00 GMT+0100 (British Summer Time),0.0446,0.0301,0.0393,0
Wed Jun 04 2025 17:00:00 GMT+0100 (British Summer Time),0.0446,0.0301,0.0393,0
Wed Jun 04 2025 18:00:00 GMT+0100 (British Summer Time),0.0446,0.0301,0.0393,0
Wed Jun 04 2025 19:00:00 GMT+0100 (British Summer Time),0.0446,0.0301,0.0393,0
Wed Jun 04 2025 20:00:00 GMT+0100 (British Summer Time),0.0446,0.0301,0.0393,0
Wed Jun 04 2025 21:00:00 GMT+0100 (British Summer Time),0.0446,0.0301,0.0393,0
Wed Jun 04 2025 22:00:00 GMT+0100 (British Summer Time),0.0446,0.0301,0.0393,0
Wed Jun 04 2025 23:00:00 GMT+0100 (British Summer Time),0.0446,0.0301,0.0393,0
Thu Jun 05 2025 00:00:00 GMT+0100 (British Summer Time),0.0446,0.0301,0.0393,0
Thu Jun 05 2025 01:00:00 GMT+0100 (British Summer Time),0.0446,0.0301,0.0393,0
Thu Jun 05 2025 02:00:00 GMT+0100 (British Summer Time),0.0446,0.0301,0.0393,0
Thu Jun 05 2025 03:00:00 GMT+0100 (British Summer Time),0.0446,0.0301,0.0393,0
Thu Jun 05 2025 04:00:00 GMT+0100 (British Summer Time),0.0446,0.0301,0.0393,0
Thu Jun 05 2025 05:00:00 GMT+0100 (British Summer Time),0.0446,0.0301,0.0393,0
Thu Jun 05 2025 06:00:00 GMT+0100 (British Summer Time),0.0446,0.0301,0.0393,0
Thu Jun 05 2025 07:00:00 GMT+0100 (British Summer Time),0.0446,0.0301,0.0393,0
Thu Jun 05 2025 08:00:00 GMT+0100 (British Summer Time),0.0446,0.0301,0.0393,0
Thu Jun 05 2025 09:00:00 GMT+0100 (British Summer Time),0.0446,0.0301,0.0393,0
Thu Jun 05 2025 10:00:00 GMT+0100 (British Summer Time),0.0446,0.0301,0.0393,0
Thu Jun 05 2025 11:00:00 GMT+0100 (British Summer Time),0.0446,0.0305,0.0393,0
Thu Jun 05 2025 12:00:00 GMT+0100 (British Summer Time),0.0365,0.0313,0.0393,0
Thu Jun 05 2025 13:00:00 GMT+0100 (British Summer Time),0.0365,0.0313,0.0393,0
Thu Jun 05 2025 14:00:00 GMT+0100 (British Summer Time),0.0365,0.0313,0.0393,0
Thu Jun 05 2025 15:00:00 GMT+0100 (British Summer Time),0.0365,0.0313,0.0393,0
Thu Jun 05 2025 16:00:00 GMT+0100 (British Summer Time),0.0365,0.0313,0.0393,0
Thu Jun 05 2025 17:00:00 GMT+0100 (British Summer Time),0.0365,0.0313,0.0393,0
Thu Jun 05 2025 18:00:00 GMT+0100 (British Summer Time),0.0365,0.0313,0.0393,0
Thu Jun 05 2025 19:00:00 GMT+0100 (British Summer Time),0.0365,0.0313,0.0393,0
Thu Jun 05 2025 20:00:00 GMT+0100 (British Summer Time),0.0365,0.0313,0.0393,0
Thu Jun 05 2025 21:00:00 GMT+0100 (British Summer Time),0.0365,0.0313,0.0393,0
Thu Jun 05 2025 22:00:00 GMT+0100 (British Summer Time),0.0365,0.0313,0.0393,0
Thu Jun 05 2025 23:00:00 GMT+0100 (British Summer Time),0.0365,0.0313,0.0393,0
Fri Jun 06 2025 00:00:00 GMT+0100 (British Summer Time),0.0365,0.0313,0.0393,0
Fri Jun 06 2025 01:00:00 GMT+0100 (British Summer Time),0.0365,0.0313,0.0393,0
Fri Jun 06 2025 02:00:00 GMT+0100 (British Summer Time),0.0365,0.0313,0.0393,0
Fri Jun 06 2025 03:00:00 GMT+0100 (British Summer Time),0.0365,0.0313,0.0393,0
Fri Jun 06 2025 04:00:00 GMT+0100 (British Summer Time),0.0365,0.0313,0.0393,0
Fri Jun 06 2025 05:00:00 GMT+0100 (British Summer Time),0.0365,0.0313,0.0393,0
Fri Jun 06 2025 06:00:00 GMT+0100 (British Summer Time),0.0365,0.0313,0.0393,0
Fri Jun 06 2025 07:00:00 GMT+0100 (British Summer Time),0.0365,0.0313,0.0393,0
Fri Jun 06 2025 08:00:00 GMT+0100 (British Summer Time),0.0365,0.0313,0.0393,0
Fri Jun 06 2025 09:00:00 GMT+0100 (British Summer Time),0.0365,0.0313,0.0393,0
Fri Jun 06 2025 10:00:00 GMT+0100 (British Summer Time),0.0365,0.0313,0.0393,0
Fri Jun 06 2025 11:00:00 GMT+0100 (British Summer Time),0.0365,0.033,0.0393,0
Fri Jun 06 2025 12:00:00 GMT+0100 (British Summer Time),0.0202,0.0312,0.0393,0
Fri Jun 06 2025 13:00:00 GMT+0100 (British Summer Time),0.0202,0.0312,0.0393,0
Fri Jun 06 2025 14:00:00 GMT+0100 (British Summer Time),0.0202,0.0312,0.0393,0
Fri Jun 06 2025 15:00:00 GMT+0100 (British Summer Time),0.0202,0.0312,0.0393,0
Fri Jun 06 2025 16:00:00 GMT+0100 (British Summer Time),0.0202,0.0312,0.0393,0
Fri Jun 06 2025 17:00:00 GMT+0100 (British Summer Time),0.0202,0.0312,0.0393,0
Fri Jun 06 2025 18:00:00 GMT+0100 (British Summer Time),0.0202,0.0312,0.0393,0
Fri Jun 06 2025 19:00:00 GMT+0100 (British Summer Time),0.0202,0.0312,0.0393,0
Fri Jun 06 2025 20:00:00 GMT+0100 (British Summer Time),0.0202,0.0312,0.0393,0
Fri Jun 06 2025 21:00:00 GMT+0100 (British Summer Time),0.0202,0.0312,0.0393,0
Fri Jun 06 2025 22:00:00 GMT+0100 (British Summer Time),0.0202,0.0312,0.0393,0
Fri Jun 06 2025 23:00:00 GMT+0100 (British Summer Time),0.0202,0.0312,0.0393,0
Sat Jun 07 2025 00:00:00 GMT+0100 (British Summer Time),0.0202,0.0312,0.0393,0
Sat Jun 07 2025 01:00:00 GMT+0100 (British Summer Time),0.0202,0.0312,0.0393,0
Sat Jun 07 2025 02:00:00 GMT+0100 (British Summer Time),0.0202,0.0312,0.0393,0
Sat Jun 07 2025 03:00:00 GMT+0100 (British Summer Time),0.0202,0.0312,0.0393,0
Sat Jun 07 2025 04:00:00 GMT+0100 (British Summer Time),0.0202,0.0312,0.0393,0
Sat Jun 07 2025 05:00:00 GMT+0100 (British Summer Time),0.0202,0.0312,0.0393,0
Sat Jun 07 2025 06:00:00 GMT+0100 (British Summer Time),0.0202,0.0312,0.0393,0
Sat Jun 07 2025 07:00:00 GMT+0100 (British Summer Time),0.0202,0.0312,0.0393,0
Sat Jun 07 2025 08:00:00 GMT+0100 (British Summer Time),0.0202,0.0312,0.0393,0
Sat Jun 07 2025 09:00:00 GMT+0100 (British Summer Time),0.0202,0.0312,0.0393,0
Sat Jun 07 2025 10:00:00 GMT+0100 (British Summer Time),0.0202,0.0312,0.0393,0
Sat Jun 07 2025 11:00:00 GMT+0100 (British Summer Time),0.0202,0.0326,0.0393,0
Sat Jun 07 2025 12:00:00 GMT+0100 (British Summer Time),0.0202,0.0308,0.0393,0
Sat Jun 07 2025 13:00:00 GMT+0100 (British Summer Time),0.0202,0.0308,0.0393,0
Sat Jun 07 2025 14:00:00 GMT+0100 (British Summer Time),0.0202,0.0308,0.0393,0
Sat Jun 07 2025 15:00:00 GMT+0100 (British Summer Time),0.0202,0.0308,0.0393,0
Sat Jun 07 2025 16:00:00 GMT+0100 (British Summer Time),0.0202,0.0308,0.0393,0
Sat Jun 07 2025 17:00:00 GMT+0100 (British Summer Time),0.0202,0.0308,0.0393,0
Sat Jun 07 2025 18:00:00 GMT+0100 (British Summer Time),0.0202,0.0308,0.0393,0
Sat Jun 07 2025 19:00:00 GMT+0100 (British Summer Time),0.0202,0.0308,0.0393,0
Sat Jun 07 2025 20:00:00 GMT+0100 (British Summer Time),0.0202,0.0308,0.0393,0
Sat Jun 07 2025 21:00:00 GMT+0100 (British Summer Time),0.0202,0.0308,0.0393,0
Sat Jun 07 2025 22:00:00 GMT+0100 (British Summer Time),0.0202,0.0308,0.0393,0
Sat Jun 07 2025 23:00:00 GMT+0100 (British Summer Time),0.0202,0.0308,0.0393,0
Sun Jun 08 2025 00:00:00 GMT+0100 (British Summer Time),0.0202,0.0308,0.0393,0
Sun Jun 08 2025 01:00:00 GMT+0100 (British Summer Time),0.0202,0.0308,0.0393,0
Sun Jun 08 2025 02:00:00 GMT+0100 (British Summer Time),0.0202,0.0308,0.0393,0
Sun Jun 08 2025 03:00:00 GMT+0100 (British Summer Time),0.0202,0.0308,0.0393,0
Sun Jun 08 2025 04:00:00 GMT+0100 (British Summer Time),0.0202,0.0308,0.0393,0
Sun Jun 08 2025 05:00:00 GMT+0100 (British Summer Time),0.0202,0.0308,0.0393,0
Sun Jun 08 2025 06:00:00 GMT+0100 (British Summer Time),0.0202,0.0308,0.0393,0
Sun Jun 08 2025 07:00:00 GMT+0100 (British Summer Time),0.0202,0.0308,0.0393,0
Sun Jun 08 2025 08:00:00 GMT+0100 (British Summer Time),0.0202,0.0308,0.0393,0
Sun Jun 08 2025 09:00:00 GMT+0100 (British Summer Time),0.0202,0.0308,0.0393,0
Sun Jun 08 2025 10:00:00 GMT+0100 (British Summer Time),0.0202,0.0308,0.0393,0
Sun Jun 08 2025 11:00:00 GMT+0100 (British Summer Time),0.0202,0.0323,0.0393,0
Sun Jun 08 2025 12:00:00 GMT+0100 (British Summer Time),0.02,0.0306,0.0393,0
Sun Jun 08 2025 13:00:00 GMT+0100 (British Summer Time),0.02,0.0306,0.0393,0
Sun Jun 08 2025 14:00:00 GMT+0100 (British Summer Time),0.02,0.0306,0.0393,0
Sun Jun 08 2025 15:00:00 GMT+0100 (British Summer Time),0.02,0.0306,0.0393,0
Sun Jun 08 2025 16:00:00 GMT+0100 (British Summer Time),0.02,0.0306,0.0393,0
Sun Jun 08 2025 17:00:00 GMT+0100 (British Summer Time),0.02,0.0306,0.0393,0
Sun Jun 08 2025 18:00:00 GMT+0100 (British Summer Time),0.02,0.0306,0.0393,0
Sun Jun 08 2025 19:00:00 GMT+0100 (British Summer Time),0.02,0.0306,0.0393,0
Sun Jun 08 2025 20:00:00 GMT+0100 (British Summer Time),0.02,0.0306,0.0393,0
Sun Jun 08 2025 21:00:00 GMT+0100 (British Summer Time),0.02,0.0306,0.0393,0
Sun Jun 08 2025 22:00:00 GMT+0100 (British Summer Time),0.02,0.0306,0.0393,0
Sun Jun 08 2025 23:00:00 GMT+0100 (British Summer Time),0.02,0.0306,0.0393,0
Mon Jun 09 2025 00:00:00 GMT+0100 (British Summer Time),0.02,0.0306,0.0393,0
Mon Jun 09 2025 01:00:00 GMT+0100 (British Summer Time),0.02,0.0306,0.0393,0
Mon Jun 09 2025 02:00:00 GMT+0100 (British Summer Time),0.02,0.0306,0.0393,0
Mon Jun 09 2025 03:00:00 GMT+0100 (British Summer Time),0.02,0.0306,0.0393,0
Mon Jun 09 2025 04:00:00 GMT+0100 (British Summer Time),0.02,0.0306,0.0393,0
Mon Jun 09 2025 05:00:00 GMT+0100 (British Summer Time),0.02,0.0306,0.0393,0
Mon Jun 09 2025 06:00:00 GMT+0100 (British Summer Time),0.02,0.0306,0.0393,0
Mon Jun 09 2025 07:00:00 GMT+0100 (British Summer Time),0.02,0.0306,0.0393,0
Mon Jun 09 2025 08:00:00 GMT+0100 (British Summer Time),0.02,0.0306,0.0393,0
Mon Jun 09 2025 09:00:00 GMT+0100 (British Summer Time),0.02,0.0306,0.0393,0
Mon Jun 09 2025 10:00:00 GMT+0100 (British Summer Time),0.02,0.0306,0.0393,0
Mon Jun 09 2025 11:00:00 GMT+0100 (British Summer Time),0.02,0.0306,0.0393,0
Mon Jun 09 2025 12:00:00 GMT+0100 (British Summer Time),0,0.0309,0.0393,0
Mon Jun 09 2025 13:00:00 GMT+0100 (British Summer Time),0.0267,0.0303,0.0393,0
Mon Jun 09 2025 14:00:00 GMT+0100 (British Summer Time),0.0267,0.0303,0.0393,0
Mon Jun 09 2025 15:00:00 GMT+0100 (British Summer Time),0.0267,0.0303,0.0393,0
Mon Jun 09 2025 16:00:00 GMT+0100 (British Summer Time),0.0267,0.0303,0.0393,0
Mon Jun 09 2025 17:00:00 GMT+0100 (British Summer Time),0.0267,0.0303,0.0393,0
Mon Jun 09 2025 18:00:00 GMT+0100 (British Summer Time),0.0267,0.0303,0.0393,0
Mon Jun 09 2025 19:00:00 GMT+0100 (British Summer Time),0.0267,0.0303,0.0393,0
Mon Jun 09 2025 20:00:00 GMT+0100 (British Summer Time),0.0267,0.0303,0.0393,0
Mon Jun 09 2025 21:00:00 GMT+0100 (British Summer Time),0.0267,0.0303,0.0393,0
Mon Jun 09 2025 22:00:00 GMT+0100 (British Summer Time),0.0267,0.0303,0.0393,0
Mon Jun 09 2025 23:00:00 GMT+0100 (British Summer Time),0.0267,0.0303,0.0393,0
Tue Jun 10 2025 00:00:00 GMT+0100 (British Summer Time),0.0267,0.0303,0.0393,0
Tue Jun 10 2025 01:00:00 GMT+0100 (British Summer Time),0.0267,0.0303,0.0393,0
Tue Jun 10 2025 02:00:00 GMT+0100 (British Summer Time),0.0267,0.0303,0.0393,0
Tue Jun 10 2025 03:00:00 GMT+0100 (British Summer Time),0.0267,0.0303,0.0393,0
Tue Jun 10 2025 04:00:00 GMT+0100 (British Summer Time),0.0267,0.0303,0.0393,0
Tue Jun 10 2025 05:00:00 GMT+0100 (British Summer Time),0.0267,0.0303,0.0393,0
Tue Jun 10 2025 06:00:00 GMT+0100 (British Summer Time),0.0267,0.0303,0.0393,0
Tue Jun 10 2025 07:00:00 GMT+0100 (British Summer Time),0.0267,0.0303,0.0393,0
Tue Jun 10 2025 08:00:00 GMT+0100 (British Summer Time),0.0267,0.0303,0.0393,0
Tue Jun 10 2025 09:00:00 GMT+0100 (British Summer Time),0.0267,0.0303,0.0393,0
Tue Jun 10 2025 10:00:00 GMT+0100 (British Summer Time),0.0267,0.0303,0.0393,3018.5223357287155
Tue Jun 10 2025 11:00:00 GMT+0100 (British Summer Time),0.0267,0.0303,0.0393,0
Tue Jun 10 2025 12:00:00 GMT+0100 (British Summer Time),0,0.028,0.0393,0
Tue Jun 10 2025 13:00:00 GMT+0100 (British Summer Time),0.0383,0.0295,0.0393,0
Tue Jun 10 2025 14:00:00 GMT+0100 (British Summer Time),0.0383,0.0295,0.0393,0
Tue Jun 10 2025 15:00:00 GMT+0100 (British Summer Time),0.0383,0.0295,0.0393,0
Tue Jun 10 2025 16:00:00 GMT+0100 (British Summer Time),0.0383,0.0295,0.0393,0
Tue Jun 10 2025 17:00:00 GMT+0100 (British Summer Time),0.0383,0.0295,0.0393,0
Tue Jun 10 2025 18:00:00 GMT+0100 (British Summer Time),0.0383,0.0295,0.0393,0
Tue Jun 10 2025 19:00:00 GMT+0100 (British Summer Time),0.0383,0.0295,0.0393,0
Tue Jun 10 2025 20:00:00 GMT+0100 (British Summer Time),0.0383,0.0295,0.0393,0
Tue Jun 10 2025 21:00:00 GMT+0100 (British Summer Time),0.0383,0.0295,0.0393,0
Tue Jun 10 2025 22:00:00 GMT+0100 (British Summer Time),0.0383,0.0295,0.0393,0
Tue Jun 10 2025 23:00:00 GMT+0100 (British Summer Time),0.0383,0.0295,0.0393,0
Wed Jun 11 2025 00:00:00 GMT+0100 (British Summer Time),0.0383,0.0295,0.0393,0
Wed Jun 11 2025 01:00:00 GMT+0100 (British Summer Time),0.0383,0.0295,0.0393,0
Wed Jun 11 2025 02:00:00 GMT+0100 (British Summer Time),0.0383,0.0295,0.0393,0
Wed Jun 11 2025 03:00:00 GMT+0100 (British Summer Time),0.0383,0.0295,0.0393,0
Wed Jun 11 2025 04:00:00 GMT+0100 (British Summer Time),0.0383,0.0295,0.0393,0
Wed Jun 11 2025 05:00:00 GMT+0100 (British Summer Time),0.0383,0.0295,0.0393,0
Wed Jun 11 2025 06:00:00 GMT+0100 (British Summer Time),0.0383,0.0295,0.0393,0
Wed Jun 11 2025 07:00:00 GMT+0100 (British Summer Time),0.0383,0.0295,0.0393,0
Wed Jun 11 2025 08:00:00 GMT+0100 (British Summer Time),0.0383,0.0295,0.0393,0
Wed Jun 11 2025 09:00:00 GMT+0100 (British Summer Time),0.0383,0.0295,0.0393,0
Wed Jun 11 2025 10:00:00 GMT+0100 (British Summer Time),0.0383,0.0295,0.0393,0
Wed Jun 11 2025 11:00:00 GMT+0100 (British Summer Time),0.0383,0.0295,0.0393,0
Wed Jun 11 2025 12:00:00 GMT+0100 (British Summer Time),0.0383,0.027,0.0393,0
Wed Jun 11 2025 13:00:00 GMT+0100 (British Summer Time),0.0384,0.0286,0.0393,0
Wed Jun 11 2025 14:00:00 GMT+0100 (British Summer Time),0.0384,0.0286,0.0393,0
Wed Jun 11 2025 15:00:00 GMT+0100 (British Summer Time),0.0384,0.0286,0.0393,0
Wed Jun 11 2025 16:00:00 GMT+0100 (British Summer Time),0.0384,0.0286,0.0393,0
Wed Jun 11 2025 17:00:00 GMT+0100 (British Summer Time),0.0384,0.0286,0.0393,0
Wed Jun 11 2025 18:00:00 GMT+0100 (British Summer Time),0.0384,0.0286,0.0393,0
Wed Jun 11 2025 19:00:00 GMT+0100 (British Summer Time),0.0384,0.0286,0.0393,225.48584439928888
Wed Jun 11 2025 20:00:00 GMT+0100 (British Summer Time),0.0384,0.0286,0.0393,0
Wed Jun 11 2025 21:00:00 GMT+0100 (British Summer Time),0.0384,0.0286,0.0395,35057.68762925667
Wed Jun 11 2025 22:00:00 GMT+0100 (British Summer Time),0.0384,0.0286,0.0395,0
Wed Jun 11 2025 23:00:00 GMT+0100 (British Summer Time),0.0384,0.0286,0.0395,0
Thu Jun 12 2025 00:00:00 GMT+0100 (British Summer Time),0.0384,0.0286,0.0395,0
Thu Jun 12 2025 01:00:00 GMT+0100 (British Summer Time),0.0384,0.0286,0.0395,0
Thu Jun 12 2025 02:00:00 GMT+0100 (British Summer Time),0.0384,0.0286,0.0395,0
Thu Jun 12 2025 03:00:00 GMT+0100 (British Summer Time),0.0384,0.0286,0.0395,0
Thu Jun 12 2025 04:00:00 GMT+0100 (British Summer Time),0.0384,0.0286,0.0395,0
Thu Jun 12 2025 05:00:00 GMT+0100 (British Summer Time),0.0384,0.0286,0.0395,0
Thu Jun 12 2025 06:00:00 GMT+0100 (British Summer Time),0.0384,0.0286,0.0395,0
Thu Jun 12 2025 07:00:00 GMT+0100 (British Summer Time),0.0384,0.0286,0.0395,0
Thu Jun 12 2025 08:00:00 GMT+0100 (British Summer Time),0.0384,0.0286,0.0395,0
Thu Jun 12 2025 09:00:00 GMT+0100 (British Summer Time),0.0384,0.0286,0.0395,0
Thu Jun 12 2025 10:00:00 GMT+0100 (British Summer Time),0.0384,0.0286,0.0395,0
Thu Jun 12 2025 11:00:00 GMT+0100 (British Summer Time),0.0384,0.0286,0.0395,0
Thu Jun 12 2025 12:00:00 GMT+0100 (British Summer Time),0.0384,0.0273,0.0395,0
Thu Jun 12 2025 13:00:00 GMT+0100 (British Summer Time),0.0312,0.0278,0.0395,0
Thu Jun 12 2025 14:00:00 GMT+0100 (British Summer Time),0.0312,0.0278,0.0395,0
Thu Jun 12 2025 15:00:00 GMT+0100 (British Summer Time),0.0312,0.0278,0.0395,0
Thu Jun 12 2025 16:00:00 GMT+0100 (British Summer Time),0.0312,0.0278,0.0395,0
Thu Jun 12 2025 17:00:00 GMT+0100 (British Summer Time),0.0312,0.0278,0.0395,0
Thu Jun 12 2025 18:00:00 GMT+0100 (British Summer Time),0.0312,0.0278,0.0395,0
Thu Jun 12 2025 19:00:00 GMT+0100 (British Summer Time),0.0312,0.0278,0.0395,0
Thu Jun 12 2025 20:00:00 GMT+0100 (British Summer Time),0.0312,0.0278,0.0395,0
Thu Jun 12 2025 21:00:00 GMT+0100 (British Summer Time),0.0312,0.0278,0.0395,0
Thu Jun 12 2025 22:00:00 GMT+0100 (British Summer Time),0.0312,0.0278,0.0395,0
Thu Jun 12 2025 23:00:00 GMT+0100 (British Summer Time),0.0312,0.0278,0.0395,0
Fri Jun 13 2025 00:00:00 GMT+0100 (British Summer Time),0.0312,0.0278,0.0395,0
Fri Jun 13 2025 01:00:00 GMT+0100 (British Summer Time),0.0312,0.0278,0.0395,0
Fri Jun 13 2025 02:00:00 GMT+0100 (British Summer Time),0.0312,0.0278,0.0395,0
Fri Jun 13 2025 03:00:00 GMT+0100 (British Summer Time),0.0312,0.0278,0.0395,0
Fri Jun 13 2025 04:00:00 GMT+0100 (British Summer Time),0.0312,0.0278,0.0395,0
Fri Jun 13 2025 05:00:00 GMT+0100 (British Summer Time),0.0312,0.0278,0.0395,0
Fri Jun 13 2025 06:00:00 GMT+0100 (British Summer Time),0.0312,0.0278,0.0395,0
Fri Jun 13 2025 07:00:00 GMT+0100 (British Summer Time),0.0312,0.0278,0.0395,0
Fri Jun 13 2025 08:00:00 GMT+0100 (British Summer Time),0.0312,0.0278,0.0395,0
Fri Jun 13 2025 09:00:00 GMT+0100 (British Summer Time),0.0312,0.0278,0.0395,0
Fri Jun 13 2025 10:00:00 GMT+0100 (British Summer Time),0.0312,0.0278,0.0395,0
Fri Jun 13 2025 11:00:00 GMT+0100 (British Summer Time),0.0312,0.0278,0.0395,0
Fri Jun 13 2025 12:00:00 GMT+0100 (British Summer Time),0.0312,0.0291,0.0395,0
Fri Jun 13 2025 13:00:00 GMT+0100 (British Summer Time),0.0197,0.0278,0.0395,0
Fri Jun 13 2025 14:00:00 GMT+0100 (British Summer Time),0.0197,0.0278,0.0395,0
Fri Jun 13 2025 15:00:00 GMT+0100 (British Summer Time),0.0197,0.0278,0.0395,0
Fri Jun 13 2025 16:00:00 GMT+0100 (British Summer Time),0.0197,0.0278,0.0395,0
Fri Jun 13 2025 17:00:00 GMT+0100 (British Summer Time),0.0197,0.0278,0.0395,0
Fri Jun 13 2025 18:00:00 GMT+0100 (British Summer Time),0.0197,0.0278,0.0395,0
Fri Jun 13 2025 19:00:00 GMT+0100 (British Summer Time),0.0197,0.0278,0.0395,0
Fri Jun 13 2025 20:00:00 GMT+0100 (British Summer Time),0.0197,0.0278,0.0395,0
Fri Jun 13 2025 21:00:00 GMT+0100 (British Summer Time),0.0197,0.0278,0.0395,0
Fri Jun 13 2025 22:00:00 GMT+0100 (British Summer Time),0.0197,0.0278,0.0395,0
Fri Jun 13 2025 23:00:00 GMT+0100 (British Summer Time),0.0197,0.0278,0.0395,0
Sat Jun 14 2025 00:00:00 GMT+0100 (British Summer Time),0.0197,0.0278,0.0395,0
Sat Jun 14 2025 01:00:00 GMT+0100 (British Summer Time),0.0197,0.0278,0.0395,0
Sat Jun 14 2025 02:00:00 GMT+0100 (British Summer Time),0.0197,0.0278,0.0395,0
Sat Jun 14 2025 03:00:00 GMT+0100 (British Summer Time),0.0197,0.0278,0.0395,0
Sat Jun 14 2025 04:00:00 GMT+0100 (British Summer Time),0.0197,0.0278,0.0395,0
Sat Jun 14 2025 05:00:00 GMT+0100 (British Summer Time),0.0197,0.0278,0.0395,0
Sat Jun 14 2025 06:00:00 GMT+0100 (British Summer Time),0.0197,0.0278,0.0395,0
Sat Jun 14 2025 07:00:00 GMT+0100 (British Summer Time),0.0197,0.0278,0.0395,0
Sat Jun 14 2025 08:00:00 GMT+0100 (British Summer Time),0.0197,0.0278,0.0395,0
Sat Jun 14 2025 09:00:00 GMT+0100 (British Summer Time),0.0197,0.0278,0.0395,0
Sat Jun 14 2025 10:00:00 GMT+0100 (British Summer Time),0.0197,0.0278,0.0395,0
Sat Jun 14 2025 11:00:00 GMT+0100 (British Summer Time),0.0197,0.0278,0.0395,0
Sat Jun 14 2025 12:00:00 GMT+0100 (British Summer Time),0.0197,0.029,0.0395,0
Sat Jun 14 2025 13:00:00 GMT+0100 (British Summer Time),0.0202,0.0278,0.0395,0
Sat Jun 14 2025 14:00:00 GMT+0100 (British Summer Time),0.0202,0.0278,0.0395,0
Sat Jun 14 2025 15:00:00 GMT+0100 (British Summer Time),0.0202,0.0278,0.0395,0
Sat Jun 14 2025 16:00:00 GMT+0100 (British Summer Time),0.0202,0.0278,0.0395,0
Sat Jun 14 2025 17:00:00 GMT+0100 (British Summer Time),0.0202,0.0278,0.0395,0
Sat Jun 14 2025 18:00:00 GMT+0100 (British Summer Time),0.0202,0.0278,0.0395,0
Sat Jun 14 2025 19:00:00 GMT+0100 (British Summer Time),0.0202,0.0278,0.0395,0
Sat Jun 14 2025 20:00:00 GMT+0100 (British Summer Time),0.0202,0.0278,0.0395,0
Sat Jun 14 2025 21:00:00 GMT+0100 (British Summer Time),0.0202,0.0278,0.0395,0
Sat Jun 14 2025 22:00:00 GMT+0100 (British Summer Time),0.0202,0.0278,0.0395,0
Sat Jun 14 2025 23:00:00 GMT+0100 (British Summer Time),0.0202,0.0278,0.0395,0
Sun Jun 15 2025 00:00:00 GMT+0100 (British Summer Time),0.0202,0.0278,0.0395,0
Sun Jun 15 2025 01:00:00 GMT+0100 (British Summer Time),0.0202,0.0278,0.0395,0
Sun Jun 15 2025 02:00:00 GMT+0100 (British Summer Time),0.0202,0.0278,0.0395,0
Sun Jun 15 2025 03:00:00 GMT+0100 (British Summer Time),0.0202,0.0278,0.0395,0
Sun Jun 15 2025 04:00:00 GMT+0100 (British Summer Time),0.0202,0.0278,0.0395,0
Sun Jun 15 2025 05:00:00 GMT+0100 (British Summer Time),0.0202,0.0278,0.0395,0
Sun Jun 15 2025 06:00:00 GMT+0100 (British Summer Time),0.0202,0.0278,0.0395,0
Sun Jun 15 2025 07:00:00 GMT+0100 (British Summer Time),0.0202,0.0278,0.0395,0
Sun Jun 15 2025 08:00:00 GMT+0100 (British Summer Time),0.0202,0.0278,0.0395,0
Sun Jun 15 2025 09:00:00 GMT+0100 (British Summer Time),0.0202,0.0278,0.0395,0
Sun Jun 15 2025 10:00:00 GMT+0100 (British Summer Time),0.0202,0.0278,0.0395,0
Sun Jun 15 2025 11:00:00 GMT+0100 (British Summer Time),0.0202,0.0278,0.0395,0
Sun Jun 15 2025 12:00:00 GMT+0100 (British Summer Time),0.0202,0.029,0.0395,0
Sun Jun 15 2025 13:00:00 GMT+0100 (British Summer Time),0.0197,0.0277,0.0395,0
Sun Jun 15 2025 14:00:00 GMT+0100 (British Summer Time),0.0197,0.0277,0.0395,0
Sun Jun 15 2025 15:00:00 GMT+0100 (British Summer Time),0.0197,0.0277,0.0395,0
Sun Jun 15 2025 16:00:00 GMT+0100 (British Summer Time),0.0197,0.0277,0.0395,0
Sun Jun 15 2025 17:00:00 GMT+0100 (British Summer Time),0.0197,0.0277,0.0395,0
Sun Jun 15 2025 18:00:00 GMT+0100 (British Summer Time),0.0197,0.0277,0.0395,0
Sun Jun 15 2025 19:00:00 GMT+0100 (British Summer Time),0.0197,0.0277,0.0395,0
Sun Jun 15 2025 20:00:00 GMT+0100 (British Summer Time),0.0197,0.0277,0.0395,0
Sun Jun 15 2025 21:00:00 GMT+0100 (British Summer Time),0.0197,0.0277,0.0395,0
Sun Jun 15 2025 22:00:00 GMT+0100 (British Summer Time),0.0197,0.0277,0.0395,0
Sun Jun 15 2025 23:00:00 GMT+0100 (British Summer Time),0.0197,0.0277,0.0395,0
Mon Jun 16 2025 00:00:00 GMT+0100 (British Summer Time),0.0197,0.0277,0.0395,0
Mon Jun 16 2025 01:00:00 GMT+0100 (British Summer Time),0.0197,0.0277,0.0395,0
Mon Jun 16 2025 02:00:00 GMT+0100 (British Summer Time),0.0197,0.0277,0.0395,0
Mon Jun 16 2025 03:00:00 GMT+0100 (British Summer Time),0.0197,0.0277,0.0395,0
Mon Jun 16 2025 04:00:00 GMT+0100 (British Summer Time),0.0197,0.0277,0.0395,0
Mon Jun 16 2025 05:00:00 GMT+0100 (British Summer Time),0.0197,0.0277,0.0395,0
Mon Jun 16 2025 06:00:00 GMT+0100 (British Summer Time),0.0197,0.0277,0.0395,0
Mon Jun 16 2025 07:00:00 GMT+0100 (British Summer Time),0.0197,0.0277,0.0394,10074.96745288411
Mon Jun 16 2025 08:00:00 GMT+0100 (British Summer Time),0.0197,0.0277,0.0394,0
Mon Jun 16 2025 09:00:00 GMT+0100 (British Summer Time),0.0197,0.0277,0.0394,0
Mon Jun 16 2025 10:00:00 GMT+0100 (British Summer Time),0.0197,0.0277,0.0394,0
Mon Jun 16 2025 11:00:00 GMT+0100 (British Summer Time),0.0197,0.0277,0.0394,0
Mon Jun 16 2025 12:00:00 GMT+0100 (British Summer Time),0.0197,0.0279,0.0394,0
Mon Jun 16 2025 13:00:00 GMT+0100 (British Summer Time),0.0257,0.0276,0.0394,0
Mon Jun 16 2025 14:00:00 GMT+0100 (British Summer Time),0.0257,0.0276,0.0394,0
Mon Jun 16 2025 15:00:00 GMT+0100 (British Summer Time),0.0257,0.0276,0.0394,0
Mon Jun 16 2025 16:00:00 GMT+0100 (British Summer Time),0.0257,0.0276,0.0394,0
Mon Jun 16 2025 17:00:00 GMT+0100 (British Summer Time),0.0257,0.0276,0.0394,0
Mon Jun 16 2025 18:00:00 GMT+0100 (British Summer Time),0.0257,0.0276,0.0394,0
Mon Jun 16 2025 19:00:00 GMT+0100 (British Summer Time),0.0257,0.0276,0.0394,0
Mon Jun 16 2025 20:00:00 GMT+0100 (British Summer Time),0.0257,0.0276,0.0394,0
Mon Jun 16 2025 21:00:00 GMT+0100 (British Summer Time),0.0257,0.0276,0.0394,0
Mon Jun 16 2025 22:00:00 GMT+0100 (British Summer Time),0.0257,0.0276,0.0394,0
Mon Jun 16 2025 23:00:00 GMT+0100 (British Summer Time),0.0257,0.0276,0.0394,0
Tue Jun 17 2025 00:00:00 GMT+0100 (British Summer Time),0.0257,0.0276,0.0394,0
Tue Jun 17 2025 01:00:00 GMT+0100 (British Summer Time),0.0257,0.0276,0.0394,0
Tue Jun 17 2025 02:00:00 GMT+0100 (British Summer Time),0.0257,0.0276,0.0394,0
Tue Jun 17 2025 03:00:00 GMT+0100 (British Summer Time),0.0257,0.0276,0.0394,0
Tue Jun 17 2025 04:00:00 GMT+0100 (British Summer Time),0.0257,0.0276,0.0394,0
Tue Jun 17 2025 05:00:00 GMT+0100 (British Summer Time),0.0257,0.0276,0.0394,0
Tue Jun 17 2025 06:00:00 GMT+0100 (British Summer Time),0.0257,0.0276,0.0394,0
Tue Jun 17 2025 07:00:00 GMT+0100 (British Summer Time),0.0257,0.0276,0.0394,0
Tue Jun 17 2025 08:00:00 GMT+0100 (British Summer Time),0.0257,0.0276,0.0394,0
Tue Jun 17 2025 09:00:00 GMT+0100 (British Summer Time),0.0257,0.0276,0.0394,0
Tue Jun 17 2025 10:00:00 GMT+0100 (British Summer Time),0.0257,0.0276,0.0394,0
Tue Jun 17 2025 11:00:00 GMT+0100 (British Summer Time),0.0257,0.0276,0.0394,0
Tue Jun 17 2025 12:00:00 GMT+0100 (British Summer Time),0.0257,0.0276,0.0394,0
Tue Jun 17 2025 13:00:00 GMT+0100 (British Summer Time),0.0368,0.0273,0.0394,0
Tue Jun 17 2025 14:00:00 GMT+0100 (British Summer Time),0.0368,0.0273,0.0394,0
Tue Jun 17 2025 15:00:00 GMT+0100 (British Summer Time),0.0368,0.0273,0.0394,0
Tue Jun 17 2025 16:00:00 GMT+0100 (British Summer Time),0.0368,0.0273,0.0394,0
Tue Jun 17 2025 17:00:00 GMT+0100 (British Summer Time),0.0368,0.0273,0.0394,0
Tue Jun 17 2025 18:00:00 GMT+0100 (British Summer Time),0.0368,0.0273,0.0394,0
Tue Jun 17 2025 19:00:00 GMT+0100 (British Summer Time),0.0368,0.0273,0.0394,0
Tue Jun 17 2025 20:00:00 GMT+0100 (British Summer Time),0.0368,0.0273,0.0394,0
Tue Jun 17 2025 21:00:00 GMT+0100 (British Summer Time),0.0368,0.0273,0.0394,0
Tue Jun 17 2025 22:00:00 GMT+0100 (British Summer Time),0.0368,0.0273,0.0394,0
Tue Jun 17 2025 23:00:00 GMT+0100 (British Summer Time),0.0368,0.0273,0.0395,5204.554842446207
Wed Jun 18 2025 00:00:00 GMT+0100 (British Summer Time),0.0368,0.0273,0.0395,0
Wed Jun 18 2025 01:00:00 GMT+0100 (British Summer Time),0.0368,0.0273,0.0395,0
Wed Jun 18 2025 02:00:00 GMT+0100 (British Summer Time),0.0368,0.0273,0.0395,0
Wed Jun 18 2025 03:00:00 GMT+0100 (British Summer Time),0.0368,0.0273,0.0395,0
Wed Jun 18 2025 04:00:00 GMT+0100 (British Summer Time),0.0368,0.0273,0.0395,0
Wed Jun 18 2025 05:00:00 GMT+0100 (British Summer Time),0.0368,0.0273,0.0395,0
Wed Jun 18 2025 06:00:00 GMT+0100 (British Summer Time),0.0368,0.0273,0.0395,0
Wed Jun 18 2025 07:00:00 GMT+0100 (British Summer Time),0.0368,0.0273,0.0395,0
Wed Jun 18 2025 08:00:00 GMT+0100 (British Summer Time),0.0368,0.0273,0.0395,0
Wed Jun 18 2025 09:00:00 GMT+0100 (British Summer Time),0.0368,0.0273,0.0395,0
Wed Jun 18 2025 10:00:00 GMT+0100 (British Summer Time),0.0368,0.0273,0.0395,0
Wed Jun 18 2025 11:00:00 GMT+0100 (British Summer Time),0.0368,0.0273,0.0395,0
Wed Jun 18 2025 12:00:00 GMT+0100 (British Summer Time),0.0368,0.0273,0.0395,0
Wed Jun 18 2025 13:00:00 GMT+0100 (British Summer Time),0,0.0255,0.0395,0
Wed Jun 18 2025 14:00:00 GMT+0100 (British Summer Time),0.0372,0.0272,0.0395,0
Wed Jun 18 2025 15:00:00 GMT+0100 (British Summer Time),0.0372,0.0272,0.0395,0
Wed Jun 18 2025 16:00:00 GMT+0100 (British Summer Time),0.0372,0.0272,0.0395,0
Wed Jun 18 2025 17:00:00 GMT+0100 (British Summer Time),0.0372,0.0272,0.0395,0
Wed Jun 18 2025 18:00:00 GMT+0100 (British Summer Time),0.0372,0.0272,0.0395,0
Wed Jun 18 2025 19:00:00 GMT+0100 (British Summer Time),0.0372,0.0272,0.0395,0
Wed Jun 18 2025 20:00:00 GMT+0100 (British Summer Time),0.0372,0.0272,0.0395,0
Wed Jun 18 2025 21:00:00 GMT+0100 (British Summer Time),0.0372,0.0272,0.0395,0
Wed Jun 18 2025 22:00:00 GMT+0100 (British Summer Time),0.0372,0.0272,0.0395,0
Wed Jun 18 2025 23:00:00 GMT+0100 (British Summer Time),0.0372,0.0272,0.0395,0
Thu Jun 19 2025 00:00:00 GMT+0100 (British Summer Time),0.0372,0.0272,0.0395,0
Thu Jun 19 2025 01:00:00 GMT+0100 (British Summer Time),0.0372,0.0272,0.0395,0
Thu Jun 19 2025 02:00:00 GMT+0100 (British Summer Time),0.0372,0.0272,0.0395,0
Thu Jun 19 2025 03:00:00 GMT+0100 (British Summer Time),0.0372,0.0272,0.0395,0
Thu Jun 19 2025 04:00:00 GMT+0100 (British Summer Time),0.0372,0.0272,0.0395,0
Thu Jun 19 2025 05:00:00 GMT+0100 (British Summer Time),0.0372,0.0272,0.0395,0
Thu Jun 19 2025 06:00:00 GMT+0100 (British Summer Time),0.0372,0.0272,0.0395,0
Thu Jun 19 2025 07:00:00 GMT+0100 (British Summer Time),0.0372,0.0272,0.0395,0
Thu Jun 19 2025 08:00:00 GMT+0100 (British Summer Time),0.0372,0.0272,0.0395,0
Thu Jun 19 2025 09:00:00 GMT+0100 (British Summer Time),0.0372,0.0272,0.0395,0
Thu Jun 19 2025 10:00:00 GMT+0100 (British Summer Time),0.0372,0.0272,0.0395,0
Thu Jun 19 2025 11:00:00 GMT+0100 (British Summer Time),0.0372,0.0272,0.0395,0
Thu Jun 19 2025 12:00:00 GMT+0100 (British Summer Time),0.0372,0.0272,0.0395,0
Thu Jun 19 2025 13:00:00 GMT+0100 (British Summer Time),0.0372,0.0265,0.0395,0
Thu Jun 19 2025 14:00:00 GMT+0100 (British Summer Time),0.0304,0.0271,0.0395,0
Thu Jun 19 2025 15:00:00 GMT+0100 (British Summer Time),0.0304,0.0271,0.0395,0
Thu Jun 19 2025 16:00:00 GMT+0100 (British Summer Time),0.0304,0.0271,0.0395,0
Thu Jun 19 2025 17:00:00 GMT+0100 (British Summer Time),0.0304,0.0271,0.0395,0
Thu Jun 19 2025 18:00:00 GMT+0100 (British Summer Time),0.0304,0.0271,0.0395,0
Thu Jun 19 2025 19:00:00 GMT+0100 (British Summer Time),0.0304,0.0271,0.0395,0
Thu Jun 19 2025 20:00:00 GMT+0100 (British Summer Time),0.0304,0.0271,0.0395,0
Thu Jun 19 2025 21:00:00 GMT+0100 (British Summer Time),0.0304,0.0271,0.0395,0
Thu Jun 19 2025 22:00:00 GMT+0100 (British Summer Time),0.0304,0.0271,0.0395,0
Thu Jun 19 2025 23:00:00 GMT+0100 (British Summer Time),0.0304,0.0271,0.0395,0
Fri Jun 20 2025 00:00:00 GMT+0100 (British Summer Time),0.0304,0.0271,0.0395,0
Fri Jun 20 2025 01:00:00 GMT+0100 (British Summer Time),0.0304,0.0271,0.0395,0
Fri Jun 20 2025 02:00:00 GMT+0100 (British Summer Time),0.0304,0.0271,0.0395,0
Fri Jun 20 2025 03:00:00 GMT+0100 (British Summer Time),0.0304,0.0271,0.0395,0
Fri Jun 20 2025 04:00:00 GMT+0100 (British Summer Time),0.0304,0.0271,0.0395,0
Fri Jun 20 2025 05:00:00 GMT+0100 (British Summer Time),0.0304,0.0271,0.0395,0
Fri Jun 20 2025 06:00:00 GMT+0100 (British Summer Time),0.0304,0.0271,0.0395,0
Fri Jun 20 2025 07:00:00 GMT+0100 (British Summer Time),0.0304,0.0271,0.0395,0
Fri Jun 20 2025 08:00:00 GMT+0100 (British Summer Time),0.0304,0.0271,0.0395,0
Fri Jun 20 2025 09:00:00 GMT+0100 (British Summer Time),0.0304,0.0271,0.0395,0
Fri Jun 20 2025 10:00:00 GMT+0100 (British Summer Time),0.0304,0.0271,0.0395,0
Fri Jun 20 2025 11:00:00 GMT+0100 (British Summer Time),0.0304,0.0271,0.0395,0
Fri Jun 20 2025 12:00:00 GMT+0100 (British Summer Time),0.0304,0.0271,0.0395,0
Fri Jun 20 2025 13:00:00 GMT+0100 (British Summer Time),0.0304,0.0283,0.0395,0
Fri Jun 20 2025 14:00:00 GMT+0100 (British Summer Time),0.0192,0.027,0.0395,0
Fri Jun 20 2025 15:00:00 GMT+0100 (British Summer Time),0.0192,0.027,0.0395,0
Fri Jun 20 2025 16:00:00 GMT+0100 (British Summer Time),0.0192,0.027,0.0395,0
Fri Jun 20 2025 17:00:00 GMT+0100 (British Summer Time),0.0192,0.027,0.0395,0
Fri Jun 20 2025 18:00:00 GMT+0100 (British Summer Time),0.0192,0.027,0.0395,0
Fri Jun 20 2025 19:00:00 GMT+0100 (British Summer Time),0.0192,0.027,0.0395,0
Fri Jun 20 2025 20:00:00 GMT+0100 (British Summer Time),0.0192,0.027,0.0395,0
Fri Jun 20 2025 21:00:00 GMT+0100 (British Summer Time),0.0192,0.027,0.0395,0
Fri Jun 20 2025 22:00:00 GMT+0100 (British Summer Time),0.0192,0.027,0.0395,0
Fri Jun 20 2025 23:00:00 GMT+0100 (British Summer Time),0.0192,0.027,0.0395,0
Sat Jun 21 2025 00:00:00 GMT+0100 (British Summer Time),0.0192,0.027,0.0395,0
Sat Jun 21 2025 01:00:00 GMT+0100 (British Summer Time),0.0192,0.027,0.0395,0
Sat Jun 21 2025 02:00:00 GMT+0100 (British Summer Time),0.0192,0.027,0.0395,0
Sat Jun 21 2025 03:00:00 GMT+0100 (British Summer Time),0.0192,0.027,0.0395,0
Sat Jun 21 2025 04:00:00 GMT+0100 (British Summer Time),0.0192,0.027,0.0395,0
Sat Jun 21 2025 05:00:00 GMT+0100 (British Summer Time),0.0192,0.027,0.0395,0
Sat Jun 21 2025 06:00:00 GMT+0100 (British Summer Time),0.0192,0.027,0.0395,0
Sat Jun 21 2025 07:00:00 GMT+0100 (British Summer Time),0.0192,0.027,0.0395,0
Sat Jun 21 2025 08:00:00 GMT+0100 (British Summer Time),0.0192,0.027,0.0395,0
Sat Jun 21 2025 09:00:00 GMT+0100 (British Summer Time),0.0192,0.027,0.0395,0
Sat Jun 21 2025 10:00:00 GMT+0100 (British Summer Time),0.0192,0.027,0.0395,0
Sat Jun 21 2025 11:00:00 GMT+0100 (British Summer Time),0.0192,0.027,0.0395,0
Sat Jun 21 2025 12:00:00 GMT+0100 (British Summer Time),0.0192,0.027,0.0395,0
Sat Jun 21 2025 13:00:00 GMT+0100 (British Summer Time),0.0192,0.0282,0.0395,0
Sat Jun 21 2025 14:00:00 GMT+0100 (British Summer Time),0.0191,0.0269,0.0395,0
Sat Jun 21 2025 15:00:00 GMT+0100 (British Summer Time),0.0191,0.0269,0.0395,0
Sat Jun 21 2025 16:00:00 GMT+0100 (British Summer Time),0.0191,0.0269,0.0395,0
Sat Jun 21 2025 17:00:00 GMT+0100 (British Summer Time),0.0191,0.0269,0.0395,0
Sat Jun 21 2025 18:00:00 GMT+0100 (British Summer Time),0.0191,0.0269,0.0395,0
Sat Jun 21 2025 19:00:00 GMT+0100 (British Summer Time),0.0191,0.0269,0.0395,0
Sat Jun 21 2025 20:00:00 GMT+0100 (British Summer Time),0.0191,0.0269,0.0395,0
Sat Jun 21 2025 21:00:00 GMT+0100 (British Summer Time),0.0191,0.0269,0.0395,0
Sat Jun 21 2025 22:00:00 GMT+0100 (British Summer Time),0.0191,0.0269,0.0395,0
Sat Jun 21 2025 23:00:00 GMT+0100 (British Summer Time),0.0191,0.0269,0.0395,0
Sun Jun 22 2025 00:00:00 GMT+0100 (British Summer Time),0.0191,0.0269,0.0395,0
Sun Jun 22 2025 01:00:00 GMT+0100 (British Summer Time),0.0191,0.0269,0.0395,0
Sun Jun 22 2025 02:00:00 GMT+0100 (British Summer Time),0.0191,0.0269,0.0395,0
Sun Jun 22 2025 03:00:00 GMT+0100 (British Summer Time),0.0191,0.0269,0.0395,0
Sun Jun 22 2025 04:00:00 GMT+0100 (British Summer Time),0.0191,0.0269,0.0395,0
Sun Jun 22 2025 05:00:00 GMT+0100 (British Summer Time),0.0191,0.0269,0.0395,0
Sun Jun 22 2025 06:00:00 GMT+0100 (British Summer Time),0.0191,0.0269,0.0395,0.10732785877097843
Sun Jun 22 2025 07:00:00 GMT+0100 (British Summer Time),0.0191,0.0269,0.0395,0
Sun Jun 22 2025 08:00:00 GMT+0100 (British Summer Time),0.0191,0.0269,0.0395,0
Sun Jun 22 2025 09:00:00 GMT+0100 (British Summer Time),0.0191,0.0269,0.0395,0
Sun Jun 22 2025 10:00:00 GMT+0100 (British Summer Time),0.0191,0.0269,0.0395,0
Sun Jun 22 2025 11:00:00 GMT+0100 (British Summer Time),0.0191,0.0269,0.0395,0
Sun Jun 22 2025 12:00:00 GMT+0100 (British Summer Time),0.0191,0.0269,0.0395,0
Sun Jun 22 2025 13:00:00 GMT+0100 (British Summer Time),0.0191,0.028,0.0395,0
Sun Jun 22 2025 14:00:00 GMT+0100 (British Summer Time),0.0194,0.0268,0.0395,0
Sun Jun 22 2025 15:00:00 GMT+0100 (British Summer Time),0.0194,0.0268,0.0395,0
Sun Jun 22 2025 16:00:00 GMT+0100 (British Summer Time),0.0194,0.0268,0.0395,0
Sun Jun 22 2025 17:00:00 GMT+0100 (British Summer Time),0.0194,0.0268,0.0395,0
Sun Jun 22 2025 18:00:00 GMT+0100 (British Summer Time),0.0194,0.0268,0.0395,0
Sun Jun 22 2025 19:00:00 GMT+0100 (British Summer Time),0.0194,0.0268,0.0395,0
Sun Jun 22 2025 20:00:00 GMT+0100 (British Summer Time),0.0194,0.0268,0.0396,7453.90915772568
Sun Jun 22 2025 21:00:00 GMT+0100 (British Summer Time),0.0194,0.0268,0.0396,0
Sun Jun 22 2025 22:00:00 GMT+0100 (British Summer Time),0.0194,0.0268,0.0396,0
Sun Jun 22 2025 23:00:00 GMT+0100 (British Summer Time),0.0194,0.0268,0.0396,0
Mon Jun 23 2025 00:00:00 GMT+0100 (British Summer Time),0.0194,0.0268,0.0396,2536.2943411316433
Mon Jun 23 2025 01:00:00 GMT+0100 (British Summer Time),0.0194,0.0268,0.0396,0
Mon Jun 23 2025 02:00:00 GMT+0100 (British Summer Time),0.0194,0.0268,0.0396,0
Mon Jun 23 2025 03:00:00 GMT+0100 (British Summer Time),0.0194,0.0268,0.0396,0
Mon Jun 23 2025 04:00:00 GMT+0100 (British Summer Time),0.0194,0.0268,0.0396,0
Mon Jun 23 2025 05:00:00 GMT+0100 (British Summer Time),0.0194,0.0268,0.0396,0
Mon Jun 23 2025 06:00:00 GMT+0100 (British Summer Time),0.0194,0.0268,0.0396,0
Mon Jun 23 2025 07:00:00 GMT+0100 (British Summer Time),0.0194,0.0268,0.0396,0
Mon Jun 23 2025 08:00:00 GMT+0100 (British Summer Time),0.0194,0.0268,0.0396,0
Mon Jun 23 2025 09:00:00 GMT+0100 (British Summer Time),0.0194,0.0268,0.0396,0
Mon Jun 23 2025 10:00:00 GMT+0100 (British Summer Time),0.0194,0.0268,0.0396,0
Mon Jun 23 2025 11:00:00 GMT+0100 (British Summer Time),0.0194,0.0268,0.0396,0
Mon Jun 23 2025 12:00:00 GMT+0100 (British Summer Time),0.0194,0.0268,0.0396,0
Mon Jun 23 2025 13:00:00 GMT+0100 (British Summer Time),0.0194,0.027,0.0396,0
Mon Jun 23 2025 14:00:00 GMT+0100 (British Summer Time),0.0246,0.0266,0.0396,0
Mon Jun 23 2025 15:00:00 GMT+0100 (British Summer Time),0.0246,0.0266,0.0396,0
Mon Jun 23 2025 16:00:00 GMT+0100 (British Summer Time),0.0246,0.0266,0.0396,0
Mon Jun 23 2025 17:00:00 GMT+0100 (British Summer Time),0.0246,0.0266,0.0396,0
Mon Jun 23 2025 18:00:00 GMT+0100 (British Summer Time),0.0246,0.0266,0.0396,0
Mon Jun 23 2025 19:00:00 GMT+0100 (British Summer Time),0.0246,0.0266,0.0396,0
Mon Jun 23 2025 20:00:00 GMT+0100 (British Summer Time),0.0246,0.0266,0.0396,0
Mon Jun 23 2025 21:00:00 GMT+0100 (British Summer Time),0.0246,0.0266,0.0396,0