time,underlyingApy1DMA,underlyingApy7DMA,impliedApy,volume
Sun Jul 28 2024 01:00:00 GMT+0100 (British Summer Time),0,0.0286,0.0664,0
Sun Jul 28 2024 02:00:00 GMT+0100 (British Summer Time),0,0.0286,0.0661,19396.18902489525
Sun Jul 28 2024 03:00:00 GMT+0100 (British Summer Time),0,0.0286,0.0662,3275.1801913837076
Sun Jul 28 2024 04:00:00 GMT+0100 (British Summer Time),0,0.0286,0.0673,34087.755067623046
Sun Jul 28 2024 05:00:00 GMT+0100 (British Summer Time),0,0.0286,0.0674,3802.2166900515517
Sun Jul 28 2024 06:00:00 GMT+0100 (British Summer Time),0,0.0286,0.0681,20229.1074665462
Sun Jul 28 2024 07:00:00 GMT+0100 (British Summer Time),0,0.0286,0.0688,27697.22269128031
Sun Jul 28 2024 08:00:00 GMT+0100 (British Summer Time),0,0.0286,0.0691,4927.873237631273
Sun Jul 28 2024 09:00:00 GMT+0100 (British Summer Time),0,0.0286,0.0686,82711.47369854395
Sun Jul 28 2024 10:00:00 GMT+0100 (British Summer Time),0,0.0286,0.0689,9597.326191028256
Sun Jul 28 2024 11:00:00 GMT+0100 (British Summer Time),0,0.0286,0.0689,0
Sun Jul 28 2024 12:00:00 GMT+0100 (British Summer Time),0,0.0286,0.0689,1244.2779920391301
Sun Jul 28 2024 13:00:00 GMT+0100 (British Summer Time),0,0.0293,0.069,954.4884078878694
Sun Jul 28 2024 14:00:00 GMT+0100 (British Summer Time),0,0.0293,0.069,1291.8841059457022
Sun Jul 28 2024 15:00:00 GMT+0100 (British Summer Time),0,0.0292,0.0692,7506.268733373419
Sun Jul 28 2024 16:00:00 GMT+0100 (British Summer Time),0,0.0292,0.0694,5378.7655507993
Sun Jul 28 2024 17:00:00 GMT+0100 (British Summer Time),0,0.0292,0.0695,4532.958643378999
Sun Jul 28 2024 18:00:00 GMT+0100 (British Summer Time),0,0.0293,0.0696,3464.489597746731
Sun Jul 28 2024 19:00:00 GMT+0100 (British Summer Time),0,0.0292,0.0696,0
Sun Jul 28 2024 20:00:00 GMT+0100 (British Summer Time),0,0.0292,0.0698,4615.453517217573
Sun Jul 28 2024 21:00:00 GMT+0100 (British Summer Time),0,0.0292,0.0698,844.2053045879746
Sun Jul 28 2024 22:00:00 GMT+0100 (British Summer Time),0,0.0293,0.0698,465.13321952144645
Sun Jul 28 2024 23:00:00 GMT+0100 (British Summer Time),0,0.0293,0.0684,325354.58954234305
Mon Jul 29 2024 00:00:00 GMT+0100 (British Summer Time),0,0.0292,0.0684,0
Mon Jul 29 2024 01:00:00 GMT+0100 (British Summer Time),0,0.0292,0.0685,3380.181307882022
Mon Jul 29 2024 02:00:00 GMT+0100 (British Summer Time),0.0283,0.0289,0.0691,20823.72310937625
Mon Jul 29 2024 03:00:00 GMT+0100 (British Summer Time),0.0283,0.0289,0.0691,0
Mon Jul 29 2024 04:00:00 GMT+0100 (British Summer Time),0.0283,0.0289,0.0691,1931.7155381923249
Mon Jul 29 2024 05:00:00 GMT+0100 (British Summer Time),0.0283,0.0289,0.0655,120840.92913325668
Mon Jul 29 2024 06:00:00 GMT+0100 (British Summer Time),0.0283,0.0289,0.0655,0
Mon Jul 29 2024 07:00:00 GMT+0100 (British Summer Time),0.0283,0.0289,0.0655,3982.8537466762223
Mon Jul 29 2024 08:00:00 GMT+0100 (British Summer Time),0.0283,0.0289,0.0664,46359.00676761046
Mon Jul 29 2024 09:00:00 GMT+0100 (British Summer Time),0.0283,0.0289,0.0664,1199.865382341487
Mon Jul 29 2024 10:00:00 GMT+0100 (British Summer Time),0.0283,0.0289,0.0664,6174.754514448958
Mon Jul 29 2024 11:00:00 GMT+0100 (British Summer Time),0.0283,0.0289,0.0664,20123.041398504516
Mon Jul 29 2024 12:00:00 GMT+0100 (British Summer Time),0.0283,0.0289,0.0667,9554.493344041164
Mon Jul 29 2024 13:00:00 GMT+0100 (British Summer Time),0.0283,0.0289,0.0667,1125.0710655232697
Mon Jul 29 2024 14:00:00 GMT+0100 (British Summer Time),0.0283,0.0289,0.071,152610.03442111556
Mon Jul 29 2024 15:00:00 GMT+0100 (British Summer Time),0.0283,0.0289,0.071,0
Mon Jul 29 2024 16:00:00 GMT+0100 (British Summer Time),0.0283,0.0289,0.071,0
Mon Jul 29 2024 17:00:00 GMT+0100 (British Summer Time),0.0283,0.0289,0.0706,12020.276370534739
Mon Jul 29 2024 18:00:00 GMT+0100 (British Summer Time),0.0283,0.0289,0.0708,4944.11515655389
Mon Jul 29 2024 19:00:00 GMT+0100 (British Summer Time),0.0283,0.0289,0.0708,1813.4472565660155
Mon Jul 29 2024 20:00:00 GMT+0100 (British Summer Time),0.0283,0.0289,0.0709,3898.9208377758105
Mon Jul 29 2024 21:00:00 GMT+0100 (British Summer Time),0.0283,0.0289,0.0709,0
Mon Jul 29 2024 22:00:00 GMT+0100 (British Summer Time),0.0283,0.0289,0.0709,0
Mon Jul 29 2024 23:00:00 GMT+0100 (British Summer Time),0.0283,0.0289,0.0709,0
Tue Jul 30 2024 00:00:00 GMT+0100 (British Summer Time),0.0283,0.0289,0.0708,4947.443768792332
Tue Jul 30 2024 01:00:00 GMT+0100 (British Summer Time),0.0283,0.0289,0.0708,0
Tue Jul 30 2024 02:00:00 GMT+0100 (British Summer Time),0,0.0289,0.0708,2378.1551892314624
Tue Jul 30 2024 03:00:00 GMT+0100 (British Summer Time),0,0.0289,0.0663,669015.6139296513
Tue Jul 30 2024 04:00:00 GMT+0100 (British Summer Time),0,0.0289,0.0654,29594.077094186174
Tue Jul 30 2024 05:00:00 GMT+0100 (British Summer Time),0,0.0289,0.0654,0
Tue Jul 30 2024 06:00:00 GMT+0100 (British Summer Time),0,0.0289,0.0654,11417.023913981551
Tue Jul 30 2024 07:00:00 GMT+0100 (British Summer Time),0,0.0289,0.0654,1610.2827458670279
Tue Jul 30 2024 08:00:00 GMT+0100 (British Summer Time),0,0.0289,0.0648,21147.31834448144
Tue Jul 30 2024 09:00:00 GMT+0100 (British Summer Time),0,0.0283,0.0648,0
Tue Jul 30 2024 10:00:00 GMT+0100 (British Summer Time),0,0.0283,0.0648,922.1186221306424
Tue Jul 30 2024 11:00:00 GMT+0100 (British Summer Time),0,0.0283,0.0648,0
Tue Jul 30 2024 12:00:00 GMT+0100 (British Summer Time),0,0.0283,0.0648,0
Tue Jul 30 2024 13:00:00 GMT+0100 (British Summer Time),0,0.0283,0.0648,0
Tue Jul 30 2024 14:00:00 GMT+0100 (British Summer Time),0,0.0283,0.0648,0
Tue Jul 30 2024 15:00:00 GMT+0100 (British Summer Time),0,0.0283,0.065,9815.004546996975
Tue Jul 30 2024 16:00:00 GMT+0100 (British Summer Time),0,0.0283,0.065,0
Tue Jul 30 2024 17:00:00 GMT+0100 (British Summer Time),0,0.0283,0.065,0
Tue Jul 30 2024 18:00:00 GMT+0100 (British Summer Time),0,0.0283,0.0655,16133.352416766757
Tue Jul 30 2024 19:00:00 GMT+0100 (British Summer Time),0,0.0283,0.0655,0
Tue Jul 30 2024 20:00:00 GMT+0100 (British Summer Time),0,0.0283,0.0655,0
Tue Jul 30 2024 21:00:00 GMT+0100 (British Summer Time),0,0.0283,0.0653,7678.793690869242
Tue Jul 30 2024 22:00:00 GMT+0100 (British Summer Time),0,0.0283,0.0653,0
Tue Jul 30 2024 23:00:00 GMT+0100 (British Summer Time),0,0.0283,0.0655,221973.1058212462
Wed Jul 31 2024 00:00:00 GMT+0100 (British Summer Time),0,0.0283,0.0658,12178.271898975177
Wed Jul 31 2024 01:00:00 GMT+0100 (British Summer Time),0.0297,0.0287,0.066,6809.686450718448
Wed Jul 31 2024 02:00:00 GMT+0100 (British Summer Time),0.0297,0.0287,0.066,0
Wed Jul 31 2024 03:00:00 GMT+0100 (British Summer Time),0.0297,0.0287,0.066,11213.094112335692
Wed Jul 31 2024 04:00:00 GMT+0100 (British Summer Time),0.0297,0.0287,0.0663,764.2973016285011
Wed Jul 31 2024 05:00:00 GMT+0100 (British Summer Time),0.0297,0.0287,0.0705,133527.74917852314
Wed Jul 31 2024 06:00:00 GMT+0100 (British Summer Time),0.0297,0.0287,0.0705,0
Wed Jul 31 2024 07:00:00 GMT+0100 (British Summer Time),0.0297,0.0287,0.0694,35920.01378113351
Wed Jul 31 2024 08:00:00 GMT+0100 (British Summer Time),0.0297,0.0287,0.0697,9402.048068501244
Wed Jul 31 2024 09:00:00 GMT+0100 (British Summer Time),0.0297,0.0287,0.0702,167043.99471015242
Wed Jul 31 2024 10:00:00 GMT+0100 (British Summer Time),0.0297,0.0287,0.0702,3334.1467006528355
Wed Jul 31 2024 11:00:00 GMT+0100 (British Summer Time),0.0297,0.0287,0.0701,0
Wed Jul 31 2024 12:00:00 GMT+0100 (British Summer Time),0.0297,0.0287,0.0695,17117.823833905586
Wed Jul 31 2024 13:00:00 GMT+0100 (British Summer Time),0.0297,0.0287,0.0701,597389.0780252742
Wed Jul 31 2024 14:00:00 GMT+0100 (British Summer Time),0.0297,0.0287,0.0657,0
Wed Jul 31 2024 15:00:00 GMT+0100 (British Summer Time),0.0297,0.0287,0.0657,0
Wed Jul 31 2024 16:00:00 GMT+0100 (British Summer Time),0.0297,0.0287,0.0657,0
Wed Jul 31 2024 17:00:00 GMT+0100 (British Summer Time),0.0297,0.0287,0.0657,0
Wed Jul 31 2024 18:00:00 GMT+0100 (British Summer Time),0.0297,0.0287,0.0658,3599.205594181703
Wed Jul 31 2024 19:00:00 GMT+0100 (British Summer Time),0.0297,0.0287,0.0658,0
Wed Jul 31 2024 20:00:00 GMT+0100 (British Summer Time),0.0297,0.0287,0.0658,0
Wed Jul 31 2024 21:00:00 GMT+0100 (British Summer Time),0.0297,0.0287,0.0658,0
Wed Jul 31 2024 22:00:00 GMT+0100 (British Summer Time),0.0297,0.0287,0.0658,0
Wed Jul 31 2024 23:00:00 GMT+0100 (British Summer Time),0.0297,0.0287,0.0657,3348.3135844033236
Thu Aug 01 2024 00:00:00 GMT+0100 (British Summer Time),0.0297,0.0287,0.0657,4.8890772234143745
Thu Aug 01 2024 01:00:00 GMT+0100 (British Summer Time),0,0.0287,0.0657,0
Thu Aug 01 2024 02:00:00 GMT+0100 (British Summer Time),0,0.0287,0.0657,0
Thu Aug 01 2024 03:00:00 GMT+0100 (British Summer Time),0,0.0287,0.0657,0
Thu Aug 01 2024 04:00:00 GMT+0100 (British Summer Time),0,0.0287,0.0657,0
Thu Aug 01 2024 05:00:00 GMT+0100 (British Summer Time),0,0.0287,0.0657,0
Thu Aug 01 2024 06:00:00 GMT+0100 (British Summer Time),0,0.0287,0.0657,0
Thu Aug 01 2024 07:00:00 GMT+0100 (British Summer Time),0,0.0287,0.0657,0
Thu Aug 01 2024 08:00:00 GMT+0100 (British Summer Time),0,0.0287,0.0757,247363.63635701727
Thu Aug 01 2024 09:00:00 GMT+0100 (British Summer Time),0,0.0287,0.0758,0
Thu Aug 01 2024 10:00:00 GMT+0100 (British Summer Time),0,0.0287,0.0758,0
Thu Aug 01 2024 11:00:00 GMT+0100 (British Summer Time),0,0.0287,0.0761,8043.012098876247
Thu Aug 01 2024 12:00:00 GMT+0100 (British Summer Time),0,0.0287,0.0761,0
Thu Aug 01 2024 13:00:00 GMT+0100 (British Summer Time),0,0.0287,0.0761,0
Thu Aug 01 2024 14:00:00 GMT+0100 (British Summer Time),0,0.0287,0.0761,0
Thu Aug 01 2024 15:00:00 GMT+0100 (British Summer Time),0,0.0287,0.0761,0
Thu Aug 01 2024 16:00:00 GMT+0100 (British Summer Time),0,0.0287,0.0761,0
Thu Aug 01 2024 17:00:00 GMT+0100 (British Summer Time),0,0.0287,0.0761,0
Thu Aug 01 2024 18:00:00 GMT+0100 (British Summer Time),0,0.0287,0.0761,0
Thu Aug 01 2024 19:00:00 GMT+0100 (British Summer Time),0,0.0287,0.0761,0
Thu Aug 01 2024 20:00:00 GMT+0100 (British Summer Time),0,0.0287,0.0761,0
Thu Aug 01 2024 21:00:00 GMT+0100 (British Summer Time),0,0.0287,0.0761,0
Thu Aug 01 2024 22:00:00 GMT+0100 (British Summer Time),0,0.0287,0.0761,0
Thu Aug 01 2024 23:00:00 GMT+0100 (British Summer Time),0,0.0287,0.0769,18631.78015998611
Fri Aug 02 2024 00:00:00 GMT+0100 (British Summer Time),0,0.0287,0.0769,0
Fri Aug 02 2024 01:00:00 GMT+0100 (British Summer Time),0,0.0287,0.0763,13245.062738463475
Fri Aug 02 2024 02:00:00 GMT+0100 (British Summer Time),0.0353,0.03,0.0763,0
Fri Aug 02 2024 03:00:00 GMT+0100 (British Summer Time),0.0353,0.0307,0.0763,0
Fri Aug 02 2024 04:00:00 GMT+0100 (British Summer Time),0.0353,0.0307,0.0763,0
Fri Aug 02 2024 05:00:00 GMT+0100 (British Summer Time),0.0353,0.0307,0.0763,587.5815075500875
Fri Aug 02 2024 06:00:00 GMT+0100 (British Summer Time),0.0353,0.0307,0.0763,543.4059268240488
Fri Aug 02 2024 07:00:00 GMT+0100 (British Summer Time),0.0353,0.0307,0.0763,543.1385436523219
Fri Aug 02 2024 08:00:00 GMT+0100 (British Summer Time),0.0353,0.0307,0.0763,0
Fri Aug 02 2024 09:00:00 GMT+0100 (British Summer Time),0.0353,0.0307,0.0763,0
Fri Aug 02 2024 10:00:00 GMT+0100 (British Summer Time),0.0353,0.0307,0.0749,31624.720893833855
Fri Aug 02 2024 11:00:00 GMT+0100 (British Summer Time),0.0353,0.0307,0.0749,0
Fri Aug 02 2024 12:00:00 GMT+0100 (British Summer Time),0.0353,0.0307,0.0749,0
Fri Aug 02 2024 13:00:00 GMT+0100 (British Summer Time),0.0353,0.0307,0.0749,0
Fri Aug 02 2024 14:00:00 GMT+0100 (British Summer Time),0.0353,0.0307,0.0749,0
Fri Aug 02 2024 15:00:00 GMT+0100 (British Summer Time),0.0353,0.0307,0.0749,0
Fri Aug 02 2024 16:00:00 GMT+0100 (British Summer Time),0.0353,0.0307,0.0749,0
Fri Aug 02 2024 17:00:00 GMT+0100 (British Summer Time),0.0353,0.0307,0.0749,0
Fri Aug 02 2024 18:00:00 GMT+0100 (British Summer Time),0.0353,0.0307,0.0684,301272.1608294654
Fri Aug 02 2024 19:00:00 GMT+0100 (British Summer Time),0.0353,0.0307,0.0686,9589.558755963542
Fri Aug 02 2024 20:00:00 GMT+0100 (British Summer Time),0.0353,0.0307,0.0686,0
Fri Aug 02 2024 21:00:00 GMT+0100 (British Summer Time),0.0353,0.0307,0.0686,0
Fri Aug 02 2024 22:00:00 GMT+0100 (British Summer Time),0.0353,0.0307,0.0686,211.33550474001942
Fri Aug 02 2024 23:00:00 GMT+0100 (British Summer Time),0.0353,0.0307,0.0686,0
Sat Aug 03 2024 00:00:00 GMT+0100 (British Summer Time),0.0353,0.0307,0.0686,0
Sat Aug 03 2024 01:00:00 GMT+0100 (British Summer Time),0.0353,0.0307,0.0686,0
Sat Aug 03 2024 02:00:00 GMT+0100 (British Summer Time),0,0.0307,0.0686,0
Sat Aug 03 2024 03:00:00 GMT+0100 (British Summer Time),0,0.0307,0.0687,1589.0177917183958
Sat Aug 03 2024 04:00:00 GMT+0100 (British Summer Time),0,0.0307,0.0687,0
Sat Aug 03 2024 05:00:00 GMT+0100 (British Summer Time),0,0.0307,0.0687,0
Sat Aug 03 2024 06:00:00 GMT+0100 (British Summer Time),0,0.0307,0.0688,2314.9916780059666
Sat Aug 03 2024 07:00:00 GMT+0100 (British Summer Time),0,0.0307,0.0688,878.694836924865
Sat Aug 03 2024 08:00:00 GMT+0100 (British Summer Time),0,0.0307,0.0689,1484.673107026751
Sat Aug 03 2024 09:00:00 GMT+0100 (British Summer Time),0,0.0307,0.0691,4034.639550669323
Sat Aug 03 2024 10:00:00 GMT+0100 (British Summer Time),0,0.0307,0.0691,0
Sat Aug 03 2024 11:00:00 GMT+0100 (British Summer Time),0,0.0307,0.0691,0
Sat Aug 03 2024 12:00:00 GMT+0100 (British Summer Time),0,0.0307,0.0688,5913.9984485079485
Sat Aug 03 2024 13:00:00 GMT+0100 (British Summer Time),0,0.0307,0.0688,0
Sat Aug 03 2024 14:00:00 GMT+0100 (British Summer Time),0,0.0307,0.0685,6219.136538048821
Sat Aug 03 2024 15:00:00 GMT+0100 (British Summer Time),0,0.0307,0.0685,0
Sat Aug 03 2024 16:00:00 GMT+0100 (British Summer Time),0,0.0307,0.0685,0
Sat Aug 03 2024 17:00:00 GMT+0100 (British Summer Time),0,0.0307,0.0685,0
Sat Aug 03 2024 18:00:00 GMT+0100 (British Summer Time),0,0.0307,0.0688,5017.216293155161
Sat Aug 03 2024 19:00:00 GMT+0100 (British Summer Time),0,0.0307,0.0688,0
Sat Aug 03 2024 20:00:00 GMT+0100 (British Summer Time),0,0.0307,0.0692,12226.26510870665
Sat Aug 03 2024 21:00:00 GMT+0100 (British Summer Time),0,0.0307,0.0698,8064.331743253826
Sat Aug 03 2024 22:00:00 GMT+0100 (British Summer Time),0,0.0307,0.0698,0
Sat Aug 03 2024 23:00:00 GMT+0100 (British Summer Time),0,0.0307,0.0698,0
Sun Aug 04 2024 00:00:00 GMT+0100 (British Summer Time),0,0.0307,0.0697,2403.44118826871
Sun Aug 04 2024 01:00:00 GMT+0100 (British Summer Time),0,0.0307,0.0701,7888.611184318682
Sun Aug 04 2024 02:00:00 GMT+0100 (British Summer Time),0,0.0307,0.0701,0
Sun Aug 04 2024 03:00:00 GMT+0100 (British Summer Time),0,0.0307,0.0701,0
Sun Aug 04 2024 04:00:00 GMT+0100 (British Summer Time),0,0.0307,0.0701,0
Sun Aug 04 2024 05:00:00 GMT+0100 (British Summer Time),0,0.0307,0.0701,0
Sun Aug 04 2024 06:00:00 GMT+0100 (British Summer Time),0,0.0307,0.0701,0
Sun Aug 04 2024 07:00:00 GMT+0100 (British Summer Time),0,0.0307,0.07,1663.6416606647265
Sun Aug 04 2024 08:00:00 GMT+0100 (British Summer Time),0,0.0307,0.0701,1058.7385953582216
Sun Aug 04 2024 09:00:00 GMT+0100 (British Summer Time),0,0.0307,0.0703,4308.566013686397
Sun Aug 04 2024 10:00:00 GMT+0100 (British Summer Time),0,0.0307,0.0703,0
Sun Aug 04 2024 11:00:00 GMT+0100 (British Summer Time),0,0.0307,0.0703,0
Sun Aug 04 2024 12:00:00 GMT+0100 (British Summer Time),0,0.0307,0.0703,0
Sun Aug 04 2024 13:00:00 GMT+0100 (British Summer Time),0.0296,0.0304,0.0703,0
Sun Aug 04 2024 14:00:00 GMT+0100 (British Summer Time),0.0296,0.0304,0.0705,3440.378908207941
Sun Aug 04 2024 15:00:00 GMT+0100 (British Summer Time),0.0296,0.0304,0.0705,504.5796267172352
Sun Aug 04 2024 16:00:00 GMT+0100 (British Summer Time),0.0296,0.0304,0.0705,0
Sun Aug 04 2024 17:00:00 GMT+0100 (British Summer Time),0.0296,0.0304,0.0705,0
Sun Aug 04 2024 18:00:00 GMT+0100 (British Summer Time),0.0296,0.0304,0.0705,0
Sun Aug 04 2024 19:00:00 GMT+0100 (British Summer Time),0.0296,0.0304,0.0705,0
Sun Aug 04 2024 20:00:00 GMT+0100 (British Summer Time),0.0296,0.0304,0.0705,0
Sun Aug 04 2024 21:00:00 GMT+0100 (British Summer Time),0.0296,0.0304,0.0705,0
Sun Aug 04 2024 22:00:00 GMT+0100 (British Summer Time),0.0296,0.0304,0.0707,2213.848238515364
Sun Aug 04 2024 23:00:00 GMT+0100 (British Summer Time),0.0296,0.0304,0.0707,0
Mon Aug 05 2024 00:00:00 GMT+0100 (British Summer Time),0.0296,0.0304,0.0713,10412.861988504807
Mon Aug 05 2024 01:00:00 GMT+0100 (British Summer Time),0.0296,0.0304,0.0713,0
Mon Aug 05 2024 02:00:00 GMT+0100 (British Summer Time),0.0296,0.0314,0.0713,0
Mon Aug 05 2024 03:00:00 GMT+0100 (British Summer Time),0.0296,0.0314,0.0713,0
Mon Aug 05 2024 04:00:00 GMT+0100 (British Summer Time),0.0296,0.0314,0.0713,0
Mon Aug 05 2024 05:00:00 GMT+0100 (British Summer Time),0.0296,0.0314,0.0715,2441.323068337301
Mon Aug 05 2024 06:00:00 GMT+0100 (British Summer Time),0.0296,0.0314,0.0715,0
Mon Aug 05 2024 07:00:00 GMT+0100 (British Summer Time),0.0296,0.0314,0.0715,0
Mon Aug 05 2024 08:00:00 GMT+0100 (British Summer Time),0.0296,0.0314,0.0715,0
Mon Aug 05 2024 09:00:00 GMT+0100 (British Summer Time),0.0296,0.0314,0.0715,0
Mon Aug 05 2024 10:00:00 GMT+0100 (British Summer Time),0.0296,0.0314,0.0713,3194.648965226895
Mon Aug 05 2024 11:00:00 GMT+0100 (British Summer Time),0.2003,0.106,0.0713,0
Mon Aug 05 2024 12:00:00 GMT+0100 (British Summer Time),0.2003,0.106,0.0713,0
Mon Aug 05 2024 13:00:00 GMT+0100 (British Summer Time),0.8337,0.106,0.0713,0
Mon Aug 05 2024 14:00:00 GMT+0100 (British Summer Time),0.8337,0.106,0.0713,0
Mon Aug 05 2024 15:00:00 GMT+0100 (British Summer Time),0.8337,0.106,0.0751,55119.66233405804
Mon Aug 05 2024 16:00:00 GMT+0100 (British Summer Time),0.8337,0.106,0.0751,0
Mon Aug 05 2024 17:00:00 GMT+0100 (British Summer Time),0.8337,0.106,0.0751,0
Mon Aug 05 2024 18:00:00 GMT+0100 (British Summer Time),0.8337,0.106,0.0751,0
Mon Aug 05 2024 19:00:00 GMT+0100 (British Summer Time),0.8337,0.106,0.0751,0
Mon Aug 05 2024 20:00:00 GMT+0100 (British Summer Time),0.8337,0.106,0.0751,0
Mon Aug 05 2024 21:00:00 GMT+0100 (British Summer Time),0.8337,0.106,0.0751,0
Mon Aug 05 2024 22:00:00 GMT+0100 (British Summer Time),0.8337,0.106,0.0751,0
Mon Aug 05 2024 23:00:00 GMT+0100 (British Summer Time),0.8337,0.106,0.0751,0
Tue Aug 06 2024 00:00:00 GMT+0100 (British Summer Time),0.8337,0.106,0.0751,0
Tue Aug 06 2024 01:00:00 GMT+0100 (British Summer Time),0.8334,0.106,0.0751,0
Tue Aug 06 2024 02:00:00 GMT+0100 (British Summer Time),0.8334,0.106,0.0751,238.81525777032294
Tue Aug 06 2024 03:00:00 GMT+0100 (British Summer Time),0.8334,0.106,0.0751,0
Tue Aug 06 2024 04:00:00 GMT+0100 (British Summer Time),0.8337,0.106,0.0752,681.8449160927503
Tue Aug 06 2024 05:00:00 GMT+0100 (British Summer Time),0.8337,0.106,0.0752,0
Tue Aug 06 2024 06:00:00 GMT+0100 (British Summer Time),0.8337,0.106,0.0752,0
Tue Aug 06 2024 07:00:00 GMT+0100 (British Summer Time),0.8337,0.106,0.0752,0
Tue Aug 06 2024 08:00:00 GMT+0100 (British Summer Time),0.8337,0.106,0.077,33218.23248086147
Tue Aug 06 2024 09:00:00 GMT+0100 (British Summer Time),0.8337,0.106,0.077,0
Tue Aug 06 2024 10:00:00 GMT+0100 (British Summer Time),0.8337,0.106,0.0772,2543.1308747124726
Tue Aug 06 2024 11:00:00 GMT+0100 (British Summer Time),0,0.106,0.0772,0
Tue Aug 06 2024 12:00:00 GMT+0100 (British Summer Time),0,0.106,0.0772,0
Tue Aug 06 2024 13:00:00 GMT+0100 (British Summer Time),0,0.106,0.0771,1010.5546846221106
Tue Aug 06 2024 14:00:00 GMT+0100 (British Summer Time),0,0.106,0.0726,67651.94606074448
Tue Aug 06 2024 15:00:00 GMT+0100 (British Summer Time),0,0.106,0.0726,0
Tue Aug 06 2024 16:00:00 GMT+0100 (British Summer Time),0,0.106,0.0726,0
Tue Aug 06 2024 17:00:00 GMT+0100 (British Summer Time),0,0.106,0.072,7932.206739508203
Tue Aug 06 2024 18:00:00 GMT+0100 (British Summer Time),0,0.106,0.072,0
Tue Aug 06 2024 19:00:00 GMT+0100 (British Summer Time),0,0.106,0.072,2.1604584548137256
Tue Aug 06 2024 20:00:00 GMT+0100 (British Summer Time),0,0.106,0.072,617.7483336043803
Tue Aug 06 2024 21:00:00 GMT+0100 (British Summer Time),0,0.106,0.072,734.4009972526995
Tue Aug 06 2024 22:00:00 GMT+0100 (British Summer Time),0,0.106,0.072,0
Tue Aug 06 2024 23:00:00 GMT+0100 (British Summer Time),0,0.106,0.072,0
Wed Aug 07 2024 00:00:00 GMT+0100 (British Summer Time),0,0.106,0.0722,1620.7803012212887
Wed Aug 07 2024 01:00:00 GMT+0100 (British Summer Time),0,0.1355,0.0722,0
Wed Aug 07 2024 02:00:00 GMT+0100 (British Summer Time),0,0.1355,0.0728,9060.11799137532
Wed Aug 07 2024 03:00:00 GMT+0100 (British Summer Time),0,0.1355,0.0728,0
Wed Aug 07 2024 04:00:00 GMT+0100 (British Summer Time),0,0.1355,0.0728,0
Wed Aug 07 2024 05:00:00 GMT+0100 (British Summer Time),0,0.1355,0.0727,704.4064421370538
Wed Aug 07 2024 06:00:00 GMT+0100 (British Summer Time),0,0.1355,0.0727,0
Wed Aug 07 2024 07:00:00 GMT+0100 (British Summer Time),0,0.1355,0.0727,0
Wed Aug 07 2024 08:00:00 GMT+0100 (British Summer Time),0,0.1355,0.0727,0
Wed Aug 07 2024 09:00:00 GMT+0100 (British Summer Time),0,0.1355,0.0727,0
Wed Aug 07 2024 10:00:00 GMT+0100 (British Summer Time),0,0.1355,0.0727,0
Wed Aug 07 2024 11:00:00 GMT+0100 (British Summer Time),0,0.1355,0.0725,8731.437751747959
Wed Aug 07 2024 12:00:00 GMT+0100 (British Summer Time),0,0.1355,0.0725,0
Wed Aug 07 2024 13:00:00 GMT+0100 (British Summer Time),0,0.1355,0.0725,0
Wed Aug 07 2024 14:00:00 GMT+0100 (British Summer Time),0,0.1355,0.0725,0
Wed Aug 07 2024 15:00:00 GMT+0100 (British Summer Time),0,0.1355,0.0725,0
Wed Aug 07 2024 16:00:00 GMT+0100 (British Summer Time),0.0419,0.1077,0.0725,0
Wed Aug 07 2024 17:00:00 GMT+0100 (British Summer Time),0.0419,0.1077,0.0725,0
Wed Aug 07 2024 18:00:00 GMT+0100 (British Summer Time),0.0419,0.1077,0.0725,0
Wed Aug 07 2024 19:00:00 GMT+0100 (British Summer Time),0.0419,0.1077,0.072,7164.621052144727
Wed Aug 07 2024 20:00:00 GMT+0100 (British Summer Time),0.0419,0.1077,0.072,0
Wed Aug 07 2024 21:00:00 GMT+0100 (British Summer Time),0.0419,0.1077,0.072,0
Wed Aug 07 2024 22:00:00 GMT+0100 (British Summer Time),0.0419,0.1077,0.072,0
Wed Aug 07 2024 23:00:00 GMT+0100 (British Summer Time),0.0419,0.1077,0.072,0
Thu Aug 08 2024 00:00:00 GMT+0100 (British Summer Time),0.0419,0.1077,0.072,0
Thu Aug 08 2024 01:00:00 GMT+0100 (British Summer Time),0.0419,0.1077,0.072,0
Thu Aug 08 2024 02:00:00 GMT+0100 (British Summer Time),0.0419,0.1077,0.0734,21326.925093114955
Thu Aug 08 2024 03:00:00 GMT+0100 (British Summer Time),0.0419,0.1077,0.0733,2487.019436066125
Thu Aug 08 2024 04:00:00 GMT+0100 (British Summer Time),0.0419,0.1077,0.0733,0
Thu Aug 08 2024 05:00:00 GMT+0100 (British Summer Time),0.0419,0.1077,0.0739,9126.629664134744
Thu Aug 08 2024 06:00:00 GMT+0100 (British Summer Time),0.0419,0.1077,0.0739,0
Thu Aug 08 2024 07:00:00 GMT+0100 (British Summer Time),0.0419,0.1077,0.0748,13396.75504567121
Thu Aug 08 2024 08:00:00 GMT+0100 (British Summer Time),0.0419,0.1077,0.0746,3148.6331600482927
Thu Aug 08 2024 09:00:00 GMT+0100 (British Summer Time),0.0419,0.1077,0.0739,9666.160984180362
Thu Aug 08 2024 10:00:00 GMT+0100 (British Summer Time),0.0419,0.1077,0.0739,0
Thu Aug 08 2024 11:00:00 GMT+0100 (British Summer Time),0.0419,0.1077,0.0739,0
Thu Aug 08 2024 12:00:00 GMT+0100 (British Summer Time),0.0419,0.1077,0.0739,0
Thu Aug 08 2024 13:00:00 GMT+0100 (British Summer Time),0.0419,0.1077,0.0739,0
Thu Aug 08 2024 14:00:00 GMT+0100 (British Summer Time),0.0419,0.1077,0.0739,0
Thu Aug 08 2024 15:00:00 GMT+0100 (British Summer Time),0.0419,0.1077,0.0739,0
Thu Aug 08 2024 16:00:00 GMT+0100 (British Summer Time),0,0.1077,0.0744,7645.802551670737
Thu Aug 08 2024 17:00:00 GMT+0100 (British Summer Time),0,0.1077,0.0744,0
Thu Aug 08 2024 18:00:00 GMT+0100 (British Summer Time),0,0.1077,0.0759,29578.415113677875
Thu Aug 08 2024 19:00:00 GMT+0100 (British Summer Time),0,0.1077,0.0759,0
Thu Aug 08 2024 20:00:00 GMT+0100 (British Summer Time),0,0.1077,0.0759,0
Thu Aug 08 2024 21:00:00 GMT+0100 (British Summer Time),0,0.1077,0.0759,0
Thu Aug 08 2024 22:00:00 GMT+0100 (British Summer Time),0,0.1077,0.0762,6227.54442719125
Thu Aug 08 2024 23:00:00 GMT+0100 (British Summer Time),0,0.1077,0.0762,0
Fri Aug 09 2024 00:00:00 GMT+0100 (British Summer Time),0,0.1077,0.0762,0
Fri Aug 09 2024 01:00:00 GMT+0100 (British Summer Time),0,0.1077,0.0762,0
Fri Aug 09 2024 02:00:00 GMT+0100 (British Summer Time),0,0.1352,0.0762,0
Fri Aug 09 2024 03:00:00 GMT+0100 (British Summer Time),0,0.1352,0.0777,31466.582793765272
Fri Aug 09 2024 04:00:00 GMT+0100 (British Summer Time),0,0.1352,0.0777,0
Fri Aug 09 2024 05:00:00 GMT+0100 (British Summer Time),0,0.1352,0.0777,0
Fri Aug 09 2024 06:00:00 GMT+0100 (British Summer Time),0,0.1352,0.0777,0
Fri Aug 09 2024 07:00:00 GMT+0100 (British Summer Time),0,0.1352,0.0776,793.9001242308445
Fri Aug 09 2024 08:00:00 GMT+0100 (British Summer Time),0,0.1352,0.0782,9390.389395666207
Fri Aug 09 2024 09:00:00 GMT+0100 (British Summer Time),0,0.1352,0.0782,0
Fri Aug 09 2024 10:00:00 GMT+0100 (British Summer Time),0,0.1352,0.0782,0
Fri Aug 09 2024 11:00:00 GMT+0100 (British Summer Time),0,0.1352,0.0782,0
Fri Aug 09 2024 12:00:00 GMT+0100 (British Summer Time),0,0.1352,0.0782,0
Fri Aug 09 2024 13:00:00 GMT+0100 (British Summer Time),0.027,0.1068,0.0782,0
Fri Aug 09 2024 14:00:00 GMT+0100 (British Summer Time),0.027,0.1068,0.0782,0
Fri Aug 09 2024 15:00:00 GMT+0100 (British Summer Time),0.027,0.1068,0.0782,0
Fri Aug 09 2024 16:00:00 GMT+0100 (British Summer Time),0.027,0.1068,0.0782,0
Fri Aug 09 2024 17:00:00 GMT+0100 (British Summer Time),0.027,0.1068,0.0782,0
Fri Aug 09 2024 18:00:00 GMT+0100 (British Summer Time),0.027,0.1068,0.0785,5328.336899789701
Fri Aug 09 2024 19:00:00 GMT+0100 (British Summer Time),0.027,0.1068,0.0785,0
Fri Aug 09 2024 20:00:00 GMT+0100 (British Summer Time),0.027,0.1068,0.0785,0
Fri Aug 09 2024 21:00:00 GMT+0100 (British Summer Time),0.027,0.1068,0.0785,0
Fri Aug 09 2024 22:00:00 GMT+0100 (British Summer Time),0.027,0.1068,0.0785,0
Fri Aug 09 2024 23:00:00 GMT+0100 (British Summer Time),0.027,0.1068,0.0785,0
Sat Aug 10 2024 00:00:00 GMT+0100 (British Summer Time),0.027,0.1068,0.078,25368.472825511562
Sat Aug 10 2024 01:00:00 GMT+0100 (British Summer Time),0.027,0.1068,0.078,0
Sat Aug 10 2024 02:00:00 GMT+0100 (British Summer Time),0.027,0.1068,0.078,0
Sat Aug 10 2024 03:00:00 GMT+0100 (British Summer Time),0.027,0.1068,0.078,0
Sat Aug 10 2024 04:00:00 GMT+0100 (British Summer Time),0.027,0.1068,0.078,0
Sat Aug 10 2024 05:00:00 GMT+0100 (British Summer Time),0.027,0.1068,0.078,0
Sat Aug 10 2024 06:00:00 GMT+0100 (British Summer Time),0.027,0.1068,0.078,0
Sat Aug 10 2024 07:00:00 GMT+0100 (British Summer Time),0.027,0.1068,0.078,0
Sat Aug 10 2024 08:00:00 GMT+0100 (British Summer Time),0.027,0.1068,0.0774,52520.673275653244
Sat Aug 10 2024 09:00:00 GMT+0100 (British Summer Time),0.027,0.1068,0.0774,0
Sat Aug 10 2024 10:00:00 GMT+0100 (British Summer Time),0.027,0.1068,0.0774,0
Sat Aug 10 2024 11:00:00 GMT+0100 (British Summer Time),0.027,0.1068,0.0774,0
Sat Aug 10 2024 12:00:00 GMT+0100 (British Summer Time),0.027,0.1068,0.0774,0
Sat Aug 10 2024 13:00:00 GMT+0100 (British Summer Time),0,0.1068,0.0774,0
Sat Aug 10 2024 14:00:00 GMT+0100 (British Summer Time),0,0.1068,0.0774,0
Sat Aug 10 2024 15:00:00 GMT+0100 (British Summer Time),0,0.1068,0.0774,802.8649434229285
Sat Aug 10 2024 16:00:00 GMT+0100 (British Summer Time),0,0.1068,0.0789,25619.28960469992
Sat Aug 10 2024 17:00:00 GMT+0100 (British Summer Time),0,0.1068,0.0789,0
Sat Aug 10 2024 18:00:00 GMT+0100 (British Summer Time),0,0.1068,0.0789,0
Sat Aug 10 2024 19:00:00 GMT+0100 (British Summer Time),0,0.1068,0.0789,253.83450587389763
Sat Aug 10 2024 20:00:00 GMT+0100 (British Summer Time),0,0.1068,0.0789,0
Sat Aug 10 2024 21:00:00 GMT+0100 (British Summer Time),0,0.1068,0.0789,0
Sat Aug 10 2024 22:00:00 GMT+0100 (British Summer Time),0,0.1068,0.0789,0
Sat Aug 10 2024 23:00:00 GMT+0100 (British Summer Time),0,0.1068,0.0789,0
Sun Aug 11 2024 00:00:00 GMT+0100 (British Summer Time),0,0.1068,0.0789,0
Sun Aug 11 2024 01:00:00 GMT+0100 (British Summer Time),0,0.1068,0.0789,0
Sun Aug 11 2024 02:00:00 GMT+0100 (British Summer Time),0,0.1068,0.0789,0
Sun Aug 11 2024 03:00:00 GMT+0100 (British Summer Time),0,0.1068,0.0789,0
Sun Aug 11 2024 04:00:00 GMT+0100 (British Summer Time),0,0.1068,0.0789,0
Sun Aug 11 2024 05:00:00 GMT+0100 (British Summer Time),0,0.1068,0.0789,0
Sun Aug 11 2024 06:00:00 GMT+0100 (British Summer Time),0,0.1068,0.0789,0
Sun Aug 11 2024 07:00:00 GMT+0100 (British Summer Time),0,0.1068,0.0789,0
Sun Aug 11 2024 08:00:00 GMT+0100 (British Summer Time),0,0.1068,0.0789,0
Sun Aug 11 2024 09:00:00 GMT+0100 (British Summer Time),0,0.1068,0.0789,0
Sun Aug 11 2024 10:00:00 GMT+0100 (British Summer Time),0,0.1068,0.0791,3017.979414999535
Sun Aug 11 2024 11:00:00 GMT+0100 (British Summer Time),0,0.1068,0.0791,0
Sun Aug 11 2024 12:00:00 GMT+0100 (British Summer Time),0,0.1068,0.0791,0
Sun Aug 11 2024 13:00:00 GMT+0100 (British Summer Time),0,0.1475,0.0791,0
Sun Aug 11 2024 14:00:00 GMT+0100 (British Summer Time),0,0.1475,0.0791,0
Sun Aug 11 2024 15:00:00 GMT+0100 (British Summer Time),0,0.1475,0.0791,0
Sun Aug 11 2024 16:00:00 GMT+0100 (British Summer Time),0,0.1475,0.0791,0
Sun Aug 11 2024 17:00:00 GMT+0100 (British Summer Time),0,0.1475,0.0794,58000.47445289195
Sun Aug 11 2024 18:00:00 GMT+0100 (British Summer Time),0,0.1475,0.0797,22607.01565822177
Sun Aug 11 2024 19:00:00 GMT+0100 (British Summer Time),0,0.1475,0.0809,20138.7547964595
Sun Aug 11 2024 20:00:00 GMT+0100 (British Summer Time),0,0.1475,0.0809,0
Sun Aug 11 2024 21:00:00 GMT+0100 (British Summer Time),0,0.1475,0.0791,31008.77598708284
Sun Aug 11 2024 22:00:00 GMT+0100 (British Summer Time),0,0.1475,0.0793,9114.255206866364
Sun Aug 11 2024 23:00:00 GMT+0100 (British Summer Time),0,0.1475,0.0793,0
Mon Aug 12 2024 00:00:00 GMT+0100 (British Summer Time),0,0.1475,0.0793,0
Mon Aug 12 2024 01:00:00 GMT+0100 (British Summer Time),0.0245,0.1044,0.0793,0
Mon Aug 12 2024 02:00:00 GMT+0100 (British Summer Time),0.0245,0.1044,0.0793,0
Mon Aug 12 2024 03:00:00 GMT+0100 (British Summer Time),0.0245,0.1044,0.0793,0
Mon Aug 12 2024 04:00:00 GMT+0100 (British Summer Time),0.0245,0.1044,0.0793,0
Mon Aug 12 2024 05:00:00 GMT+0100 (British Summer Time),0.0245,0.1044,0.0793,0
Mon Aug 12 2024 06:00:00 GMT+0100 (British Summer Time),0.0245,0.1044,0.0793,0
Mon Aug 12 2024 07:00:00 GMT+0100 (British Summer Time),0.0245,0.1044,0.0792,4974.068844135085
Mon Aug 12 2024 08:00:00 GMT+0100 (British Summer Time),0.0245,0.1044,0.0792,0
Mon Aug 12 2024 09:00:00 GMT+0100 (British Summer Time),0.0245,0.1044,0.0792,0
Mon Aug 12 2024 10:00:00 GMT+0100 (British Summer Time),0.0245,0.1044,0.0792,0
Mon Aug 12 2024 11:00:00 GMT+0100 (British Summer Time),0.0245,0.0309,0.0792,0
Mon Aug 12 2024 12:00:00 GMT+0100 (British Summer Time),0.0245,0.0309,0.0792,0
Mon Aug 12 2024 13:00:00 GMT+0100 (British Summer Time),0.0245,0.0309,0.0792,0
Mon Aug 12 2024 14:00:00 GMT+0100 (British Summer Time),0.0245,0.0309,0.0792,0
Mon Aug 12 2024 15:00:00 GMT+0100 (British Summer Time),0.0245,0.0309,0.0792,0
Mon Aug 12 2024 16:00:00 GMT+0100 (British Summer Time),0.0245,0.0309,0.0792,0
Mon Aug 12 2024 17:00:00 GMT+0100 (British Summer Time),0.0245,0.0309,0.08,12971.498009749192
Mon Aug 12 2024 18:00:00 GMT+0100 (British Summer Time),0.0245,0.0309,0.08,0
Mon Aug 12 2024 19:00:00 GMT+0100 (British Summer Time),0.0245,0.0309,0.08,0
Mon Aug 12 2024 20:00:00 GMT+0100 (British Summer Time),0.0245,0.0309,0.08,0
Mon Aug 12 2024 21:00:00 GMT+0100 (British Summer Time),0.0245,0.0309,0.08,0
Mon Aug 12 2024 22:00:00 GMT+0100 (British Summer Time),0.0245,0.0309,0.08,0
Mon Aug 12 2024 23:00:00 GMT+0100 (British Summer Time),0.0245,0.0309,0.08,1.5055577420633077
Tue Aug 13 2024 00:00:00 GMT+0100 (British Summer Time),0.0245,0.0309,0.08,0
Tue Aug 13 2024 01:00:00 GMT+0100 (British Summer Time),0,0.0309,0.08,0
Tue Aug 13 2024 02:00:00 GMT+0100 (British Summer Time),0,0.0309,0.08,0
Tue Aug 13 2024 03:00:00 GMT+0100 (British Summer Time),0,0.0309,0.08,0
Tue Aug 13 2024 04:00:00 GMT+0100 (British Summer Time),0,0.0309,0.08,0
Tue Aug 13 2024 05:00:00 GMT+0100 (British Summer Time),0,0.0309,0.08,0
Tue Aug 13 2024 06:00:00 GMT+0100 (British Summer Time),0,0.0309,0.08,1410.4811411495364
Tue Aug 13 2024 07:00:00 GMT+0100 (British Summer Time),0,0.0309,0.0822,44253.27728825979
Tue Aug 13 2024 08:00:00 GMT+0100 (British Summer Time),0,0.0309,0.0826,7131.457793554167
Tue Aug 13 2024 09:00:00 GMT+0100 (British Summer Time),0,0.0309,0.0829,5790.732535480905
Tue Aug 13 2024 10:00:00 GMT+0100 (British Summer Time),0,0.0309,0.0829,0
Tue Aug 13 2024 11:00:00 GMT+0100 (British Summer Time),0,0.0309,0.0829,0
Tue Aug 13 2024 12:00:00 GMT+0100 (British Summer Time),0,0.0309,0.0829,0
Tue Aug 13 2024 13:00:00 GMT+0100 (British Summer Time),0,0.0309,0.0846,37547.862758013456
Tue Aug 13 2024 14:00:00 GMT+0100 (British Summer Time),0,0.0309,0.0863,25389.624033864973
Tue Aug 13 2024 15:00:00 GMT+0100 (British Summer Time),0,0.0309,0.0854,17001.434994322743
Tue Aug 13 2024 16:00:00 GMT+0100 (British Summer Time),0,0.0309,0.0854,0
Tue Aug 13 2024 17:00:00 GMT+0100 (British Summer Time),0,0.0309,0.0854,0
Tue Aug 13 2024 18:00:00 GMT+0100 (British Summer Time),0,0.0309,0.0854,0
Tue Aug 13 2024 19:00:00 GMT+0100 (British Summer Time),0,0.0309,0.0854,0
Tue Aug 13 2024 20:00:00 GMT+0100 (British Summer Time),0,0.0309,0.0854,0
Tue Aug 13 2024 21:00:00 GMT+0100 (British Summer Time),0,0.0309,0.0854,0
Tue Aug 13 2024 22:00:00 GMT+0100 (British Summer Time),0,0.0309,0.0854,132.01106519410695
Tue Aug 13 2024 23:00:00 GMT+0100 (British Summer Time),0,0.0309,0.0854,0
Wed Aug 14 2024 00:00:00 GMT+0100 (British Summer Time),0,0.0309,0.0854,0
Wed Aug 14 2024 01:00:00 GMT+0100 (British Summer Time),0,0.031,0.0854,0
Wed Aug 14 2024 02:00:00 GMT+0100 (British Summer Time),0,0.031,0.0854,220.2357604508872
Wed Aug 14 2024 03:00:00 GMT+0100 (British Summer Time),0.0274,0.0301,0.0854,0
Wed Aug 14 2024 04:00:00 GMT+0100 (British Summer Time),0.0274,0.0301,0.0854,0
Wed Aug 14 2024 05:00:00 GMT+0100 (British Summer Time),0.0274,0.0301,0.0857,5520.452338853419
Wed Aug 14 2024 06:00:00 GMT+0100 (British Summer Time),0.0274,0.0301,0.0857,0
Wed Aug 14 2024 07:00:00 GMT+0100 (British Summer Time),0.0274,0.0301,0.0857,0
Wed Aug 14 2024 08:00:00 GMT+0100 (British Summer Time),0.0274,0.0301,0.0857,0
Wed Aug 14 2024 09:00:00 GMT+0100 (British Summer Time),0.0274,0.0301,0.0857,0
Wed Aug 14 2024 10:00:00 GMT+0100 (British Summer Time),0.0274,0.0301,0.086,5547.834952467852
Wed Aug 14 2024 11:00:00 GMT+0100 (British Summer Time),0.0274,0.0301,0.086,0
Wed Aug 14 2024 12:00:00 GMT+0100 (British Summer Time),0.0274,0.0301,0.086,13360.263518441952
Wed Aug 14 2024 13:00:00 GMT+0100 (British Summer Time),0.0274,0.0301,0.0866,0
Wed Aug 14 2024 14:00:00 GMT+0100 (British Summer Time),0.0274,0.0301,0.0866,0
Wed Aug 14 2024 15:00:00 GMT+0100 (British Summer Time),0.0274,0.0301,0.0866,0
Wed Aug 14 2024 16:00:00 GMT+0100 (British Summer Time),0.0274,0.0261,0.0866,0
Wed Aug 14 2024 17:00:00 GMT+0100 (British Summer Time),0.0274,0.0261,0.0866,0
Wed Aug 14 2024 18:00:00 GMT+0100 (British Summer Time),0.0274,0.0261,0.0866,0
Wed Aug 14 2024 19:00:00 GMT+0100 (British Summer Time),0.0274,0.0261,0.0859,13427.766252143116
Wed Aug 14 2024 20:00:00 GMT+0100 (British Summer Time),0.0274,0.0261,0.0859,0
Wed Aug 14 2024 21:00:00 GMT+0100 (British Summer Time),0.0274,0.0261,0.0878,36636.320591733835
Wed Aug 14 2024 22:00:00 GMT+0100 (British Summer Time),0.0274,0.0261,0.0878,0
Wed Aug 14 2024 23:00:00 GMT+0100 (British Summer Time),0.0274,0.0261,0.0878,0
Thu Aug 15 2024 00:00:00 GMT+0100 (British Summer Time),0.0274,0.0261,0.0878,0
Thu Aug 15 2024 01:00:00 GMT+0100 (British Summer Time),0.0274,0.0262,0.0878,0
Thu Aug 15 2024 02:00:00 GMT+0100 (British Summer Time),0.0274,0.0262,0.0878,87.82551997290389
Thu Aug 15 2024 03:00:00 GMT+0100 (British Summer Time),0,0.0262,0.0865,26052.34681345603
Thu Aug 15 2024 04:00:00 GMT+0100 (British Summer Time),0,0.0262,0.0865,0
Thu Aug 15 2024 05:00:00 GMT+0100 (British Summer Time),0,0.0262,0.0865,0
Thu Aug 15 2024 06:00:00 GMT+0100 (British Summer Time),0,0.0262,0.0865,428.6409827174619
Thu Aug 15 2024 07:00:00 GMT+0100 (British Summer Time),0,0.0262,0.0865,0
Thu Aug 15 2024 08:00:00 GMT+0100 (British Summer Time),0,0.0262,0.0865,773.3555297036461
Thu Aug 15 2024 09:00:00 GMT+0100 (British Summer Time),0,0.0262,0.0865,0
Thu Aug 15 2024 10:00:00 GMT+0100 (British Summer Time),0,0.0261,0.0865,0
Thu Aug 15 2024 11:00:00 GMT+0100 (British Summer Time),0,0.0261,0.0865,0
Thu Aug 15 2024 12:00:00 GMT+0100 (British Summer Time),0,0.0261,0.0865,0
Thu Aug 15 2024 13:00:00 GMT+0100 (British Summer Time),0,0.0261,0.0865,0
Thu Aug 15 2024 14:00:00 GMT+0100 (British Summer Time),0,0.0261,0.0865,0
Thu Aug 15 2024 15:00:00 GMT+0100 (British Summer Time),0,0.0261,0.0865,0
Thu Aug 15 2024 16:00:00 GMT+0100 (British Summer Time),0,0.0261,0.0865,0
Thu Aug 15 2024 17:00:00 GMT+0100 (British Summer Time),0,0.0261,0.0865,0
Thu Aug 15 2024 18:00:00 GMT+0100 (British Summer Time),0,0.0261,0.0865,0
Thu Aug 15 2024 19:00:00 GMT+0100 (British Summer Time),0,0.0261,0.0865,0
Thu Aug 15 2024 20:00:00 GMT+0100 (British Summer Time),0,0.0261,0.0865,0
Thu Aug 15 2024 21:00:00 GMT+0100 (British Summer Time),0,0.0261,0.0865,0
Thu Aug 15 2024 22:00:00 GMT+0100 (British Summer Time),0,0.0261,0.0865,0
Thu Aug 15 2024 23:00:00 GMT+0100 (British Summer Time),0,0.0261,0.0865,0
Fri Aug 16 2024 00:00:00 GMT+0100 (British Summer Time),0,0.0261,0.0865,0
Fri Aug 16 2024 01:00:00 GMT+0100 (British Summer Time),0,0.0262,0.0865,0
Fri Aug 16 2024 02:00:00 GMT+0100 (British Summer Time),0,0.0262,0.0865,0
Fri Aug 16 2024 03:00:00 GMT+0100 (British Summer Time),0,0.0262,0.087,8065.353063941479
Fri Aug 16 2024 04:00:00 GMT+0100 (British Summer Time),0,0.0262,0.0872,5394.055282383881
Fri Aug 16 2024 05:00:00 GMT+0100 (British Summer Time),0,0.0262,0.0872,0
Fri Aug 16 2024 06:00:00 GMT+0100 (British Summer Time),0,0.0262,0.0872,0
Fri Aug 16 2024 07:00:00 GMT+0100 (British Summer Time),0,0.0262,0.0874,3562.1908233094687
Fri Aug 16 2024 08:00:00 GMT+0100 (British Summer Time),0,0.0262,0.0925,97678.37142915261
Fri Aug 16 2024 09:00:00 GMT+0100 (British Summer Time),0,0.0262,0.0977,104258.12171549199
Fri Aug 16 2024 10:00:00 GMT+0100 (British Summer Time),0,0.0262,0.0977,0
Fri Aug 16 2024 11:00:00 GMT+0100 (British Summer Time),0,0.0262,0.0977,0
Fri Aug 16 2024 12:00:00 GMT+0100 (British Summer Time),0,0.0262,0.0984,12575.361097814939
Fri Aug 16 2024 13:00:00 GMT+0100 (British Summer Time),0.0268,0.0262,0.0985,3396.751330597913
Fri Aug 16 2024 14:00:00 GMT+0100 (British Summer Time),0.0268,0.0262,0.0985,0
Fri Aug 16 2024 15:00:00 GMT+0100 (British Summer Time),0.0268,0.0262,0.0985,0
Fri Aug 16 2024 16:00:00 GMT+0100 (British Summer Time),0.0268,0.0262,0.0985,0
Fri Aug 16 2024 17:00:00 GMT+0100 (British Summer Time),0.0268,0.0262,0.0985,0
Fri Aug 16 2024 18:00:00 GMT+0100 (British Summer Time),0.0268,0.0262,0.0967,35575.03178490694
Fri Aug 16 2024 19:00:00 GMT+0100 (British Summer Time),0.0268,0.0262,0.097,6269.297616580876
Fri Aug 16 2024 20:00:00 GMT+0100 (British Summer Time),0.0268,0.0262,0.097,0
Fri Aug 16 2024 21:00:00 GMT+0100 (British Summer Time),0.0268,0.0262,0.097,0
Fri Aug 16 2024 22:00:00 GMT+0100 (British Summer Time),0.0268,0.0262,0.097,0
Fri Aug 16 2024 23:00:00 GMT+0100 (British Summer Time),0.0268,0.0262,0.097,0
Sat Aug 17 2024 00:00:00 GMT+0100 (British Summer Time),0.0268,0.0262,0.097,0
Sat Aug 17 2024 01:00:00 GMT+0100 (British Summer Time),0.0268,0.0262,0.097,1298.0560660381618
Sat Aug 17 2024 02:00:00 GMT+0100 (British Summer Time),0.0268,0.0262,0.0972,3656.35944108737
Sat Aug 17 2024 03:00:00 GMT+0100 (British Summer Time),0.0268,0.0262,0.0973,2429.1973393379494
Sat Aug 17 2024 04:00:00 GMT+0100 (British Summer Time),0.0268,0.0262,0.0973,0
Sat Aug 17 2024 05:00:00 GMT+0100 (British Summer Time),0.0268,0.0262,0.0968,8848.58040541343
Sat Aug 17 2024 06:00:00 GMT+0100 (British Summer Time),0.0268,0.0262,0.0968,0
Sat Aug 17 2024 07:00:00 GMT+0100 (British Summer Time),0.0268,0.0262,0.0968,0
Sat Aug 17 2024 08:00:00 GMT+0100 (British Summer Time),0.0268,0.0262,0.0968,0
Sat Aug 17 2024 09:00:00 GMT+0100 (British Summer Time),0.0268,0.0262,0.0971,5835.992013224624
Sat Aug 17 2024 10:00:00 GMT+0100 (British Summer Time),0.0268,0.0262,0.0971,0
Sat Aug 17 2024 11:00:00 GMT+0100 (British Summer Time),0.0268,0.0262,0.0982,20177.95999600323
Sat Aug 17 2024 12:00:00 GMT+0100 (British Summer Time),0.0268,0.0262,0.0982,2.8559565180032975
Sat Aug 17 2024 13:00:00 GMT+0100 (British Summer Time),0,0.0262,0.0983,2490.66144049618
Sat Aug 17 2024 14:00:00 GMT+0100 (British Summer Time),0,0.0262,0.0983,0
Sat Aug 17 2024 15:00:00 GMT+0100 (British Summer Time),0,0.0262,0.0983,0
Sat Aug 17 2024 16:00:00 GMT+0100 (British Summer Time),0,0.0262,0.0983,0
Sat Aug 17 2024 17:00:00 GMT+0100 (British Summer Time),0,0.0262,0.0983,0
Sat Aug 17 2024 18:00:00 GMT+0100 (British Summer Time),0,0.0262,0.0983,0
Sat Aug 17 2024 19:00:00 GMT+0100 (British Summer Time),0,0.0262,0.0983,0
Sat Aug 17 2024 20:00:00 GMT+0100 (British Summer Time),0,0.0262,0.0983,1269.289967074037
Sat Aug 17 2024 21:00:00 GMT+0100 (British Summer Time),0,0.0262,0.0985,3808.3347682919116
Sat Aug 17 2024 22:00:00 GMT+0100 (British Summer Time),0,0.0262,0.0985,0
Sat Aug 17 2024 23:00:00 GMT+0100 (British Summer Time),0,0.0262,0.0985,0
Sun Aug 18 2024 00:00:00 GMT+0100 (British Summer Time),0,0.0262,0.0985,0
Sun Aug 18 2024 01:00:00 GMT+0100 (British Summer Time),0,0.0262,0.0985,0
Sun Aug 18 2024 02:00:00 GMT+0100 (British Summer Time),0,0.0262,0.0986,376.90447620928074
Sun Aug 18 2024 03:00:00 GMT+0100 (British Summer Time),0,0.0262,0.0986,0
Sun Aug 18 2024 04:00:00 GMT+0100 (British Summer Time),0,0.0262,0.0987,2310.513052204893
Sun Aug 18 2024 05:00:00 GMT+0100 (British Summer Time),0,0.0262,0.0987,0
Sun Aug 18 2024 06:00:00 GMT+0100 (British Summer Time),0,0.0262,0.0988,1515.6136233481093
Sun Aug 18 2024 07:00:00 GMT+0100 (British Summer Time),0,0.0262,0.0988,0
Sun Aug 18 2024 08:00:00 GMT+0100 (British Summer Time),0,0.0262,0.0988,0
Sun Aug 18 2024 09:00:00 GMT+0100 (British Summer Time),0,0.0262,0.0988,0
Sun Aug 18 2024 10:00:00 GMT+0100 (British Summer Time),0,0.0262,0.0988,0
Sun Aug 18 2024 11:00:00 GMT+0100 (British Summer Time),0,0.0262,0.099,5593.016293829262
Sun Aug 18 2024 12:00:00 GMT+0100 (British Summer Time),0,0.0262,0.0991,1326.6422122900308
Sun Aug 18 2024 13:00:00 GMT+0100 (British Summer Time),0,0.0262,0.0993,3717.931261361763
Sun Aug 18 2024 14:00:00 GMT+0100 (British Summer Time),0,0.0262,0.0993,1107.658541756293
Sun Aug 18 2024 15:00:00 GMT+0100 (British Summer Time),0,0.0262,0.0993,0
Sun Aug 18 2024 16:00:00 GMT+0100 (British Summer Time),0,0.0262,0.0993,0
Sun Aug 18 2024 17:00:00 GMT+0100 (British Summer Time),0,0.0262,0.0993,0
Sun Aug 18 2024 18:00:00 GMT+0100 (British Summer Time),0,0.0262,0.0993,0
Sun Aug 18 2024 19:00:00 GMT+0100 (British Summer Time),0,0.0262,0.0987,12910.317606605886
Sun Aug 18 2024 20:00:00 GMT+0100 (British Summer Time),0,0.0262,0.0987,0
Sun Aug 18 2024 21:00:00 GMT+0100 (British Summer Time),0,0.0262,0.0987,0
Sun Aug 18 2024 22:00:00 GMT+0100 (British Summer Time),0,0.0262,0.0987,0
Sun Aug 18 2024 23:00:00 GMT+0100 (British Summer Time),0,0.0262,0.0987,0
Mon Aug 19 2024 00:00:00 GMT+0100 (British Summer Time),0,0.0262,0.0987,0
Mon Aug 19 2024 01:00:00 GMT+0100 (British Summer Time),0,0.0271,0.0987,0
Mon Aug 19 2024 02:00:00 GMT+0100 (British Summer Time),0,0.0271,0.0987,539.434458153046
Mon Aug 19 2024 03:00:00 GMT+0100 (British Summer Time),0,0.0271,0.0987,0
Mon Aug 19 2024 04:00:00 GMT+0100 (British Summer Time),0,0.0271,0.0987,0
Mon Aug 19 2024 05:00:00 GMT+0100 (British Summer Time),0,0.0271,0.0987,0
Mon Aug 19 2024 06:00:00 GMT+0100 (British Summer Time),0,0.0271,0.0987,0
Mon Aug 19 2024 07:00:00 GMT+0100 (British Summer Time),0.0197,0.0243,0.0987,336.66367689650707
Mon Aug 19 2024 08:00:00 GMT+0100 (British Summer Time),0.0197,0.0243,0.0988,1585.7405863874092
Mon Aug 19 2024 09:00:00 GMT+0100 (British Summer Time),0.0197,0.0243,0.0971,34234.87655398301
Mon Aug 19 2024 10:00:00 GMT+0100 (British Summer Time),0.0197,0.0243,0.0973,3536.5691733096164
Mon Aug 19 2024 11:00:00 GMT+0100 (British Summer Time),0.0197,0.0243,0.0974,1626.8609994778913
Mon Aug 19 2024 12:00:00 GMT+0100 (British Summer Time),0.0197,0.0243,0.0974,0
Mon Aug 19 2024 13:00:00 GMT+0100 (British Summer Time),0.0197,0.0243,0.0974,0
Mon Aug 19 2024 14:00:00 GMT+0100 (British Summer Time),0.0197,0.0243,0.0974,0
Mon Aug 19 2024 15:00:00 GMT+0100 (British Summer Time),0.0197,0.0243,0.0974,0
Mon Aug 19 2024 16:00:00 GMT+0100 (British Summer Time),0.0197,0.0243,0.0974,0
Mon Aug 19 2024 17:00:00 GMT+0100 (British Summer Time),0.0197,0.0243,0.0974,0
Mon Aug 19 2024 18:00:00 GMT+0100 (British Summer Time),0.0197,0.0243,0.0974,0
Mon Aug 19 2024 19:00:00 GMT+0100 (British Summer Time),0.0197,0.0243,0.0974,0
Mon Aug 19 2024 20:00:00 GMT+0100 (British Summer Time),0.0197,0.0243,0.0974,0
Mon Aug 19 2024 21:00:00 GMT+0100 (British Summer Time),0.0197,0.0243,0.0974,0
Mon Aug 19 2024 22:00:00 GMT+0100 (British Summer Time),0.0197,0.0243,0.0974,0
Mon Aug 19 2024 23:00:00 GMT+0100 (British Summer Time),0.0197,0.0243,0.0974,0
Tue Aug 20 2024 00:00:00 GMT+0100 (British Summer Time),0.0197,0.0243,0.0974,0
Tue Aug 20 2024 01:00:00 GMT+0100 (British Summer Time),0.0197,0.0243,0.0974,0
Tue Aug 20 2024 02:00:00 GMT+0100 (British Summer Time),0.0197,0.0243,0.0974,0
Tue Aug 20 2024 03:00:00 GMT+0100 (British Summer Time),0.0197,0.0243,0.0974,0
Tue Aug 20 2024 04:00:00 GMT+0100 (British Summer Time),0.0197,0.0243,0.0974,0
Tue Aug 20 2024 05:00:00 GMT+0100 (British Summer Time),0.0197,0.0243,0.0974,0
Tue Aug 20 2024 06:00:00 GMT+0100 (British Summer Time),0.0197,0.0243,0.0974,0
Tue Aug 20 2024 07:00:00 GMT+0100 (British Summer Time),0,0.0243,0.0974,0
Tue Aug 20 2024 08:00:00 GMT+0100 (British Summer Time),0,0.0243,0.0974,0
Tue Aug 20 2024 09:00:00 GMT+0100 (British Summer Time),0,0.0243,0.0974,0
Tue Aug 20 2024 10:00:00 GMT+0100 (British Summer Time),0,0.0243,0.0974,0
Tue Aug 20 2024 11:00:00 GMT+0100 (British Summer Time),0,0.0243,0.0974,0
Tue Aug 20 2024 12:00:00 GMT+0100 (British Summer Time),0,0.0243,0.0974,0
Tue Aug 20 2024 13:00:00 GMT+0100 (British Summer Time),0,0.0243,0.0974,0
Tue Aug 20 2024 14:00:00 GMT+0100 (British Summer Time),0,0.0243,0.0978,8374.893459500281
Tue Aug 20 2024 15:00:00 GMT+0100 (British Summer Time),0,0.0243,0.0978,0
Tue Aug 20 2024 16:00:00 GMT+0100 (British Summer Time),0,0.0243,0.0978,0
Tue Aug 20 2024 17:00:00 GMT+0100 (British Summer Time),0,0.0243,0.0978,0
Tue Aug 20 2024 18:00:00 GMT+0100 (British Summer Time),0,0.0243,0.0978,0
Tue Aug 20 2024 19:00:00 GMT+0100 (British Summer Time),0,0.0243,0.0978,0
Tue Aug 20 2024 20:00:00 GMT+0100 (British Summer Time),0,0.0243,0.0978,0
Tue Aug 20 2024 21:00:00 GMT+0100 (British Summer Time),0,0.0243,0.0978,0
Tue Aug 20 2024 22:00:00 GMT+0100 (British Summer Time),0,0.0243,0.0985,13615.878734371094
Tue Aug 20 2024 23:00:00 GMT+0100 (British Summer Time),0,0.0243,0.1001,43131.151698582726
Wed Aug 21 2024 00:00:00 GMT+0100 (British Summer Time),0,0.0243,0.1001,0
Wed Aug 21 2024 01:00:00 GMT+0100 (British Summer Time),0,0.0243,0.1001,0
Wed Aug 21 2024 02:00:00 GMT+0100 (British Summer Time),0,0.0243,0.1,1993.5950899967615
Wed Aug 21 2024 03:00:00 GMT+0100 (British Summer Time),0,0.023,0.1,0
Wed Aug 21 2024 04:00:00 GMT+0100 (British Summer Time),0,0.023,0.1,0
Wed Aug 21 2024 05:00:00 GMT+0100 (British Summer Time),0,0.023,0.1,0
Wed Aug 21 2024 06:00:00 GMT+0100 (British Summer Time),0,0.023,0.0999,1069.5024840736032
Wed Aug 21 2024 07:00:00 GMT+0100 (British Summer Time),0,0.023,0.0997,3862.516917129375
Wed Aug 21 2024 08:00:00 GMT+0100 (British Summer Time),0,0.023,0.0995,4045.4415982578853
Wed Aug 21 2024 09:00:00 GMT+0100 (British Summer Time),0,0.023,0.0995,0
Wed Aug 21 2024 10:00:00 GMT+0100 (British Summer Time),0,0.023,0.0995,0
Wed Aug 21 2024 11:00:00 GMT+0100 (British Summer Time),0,0.023,0.0994,2296.8231803694757
Wed Aug 21 2024 12:00:00 GMT+0100 (British Summer Time),0,0.023,0.0995,1377.5659774456408
Wed Aug 21 2024 13:00:00 GMT+0100 (British Summer Time),0,0.023,0.0995,0
Wed Aug 21 2024 14:00:00 GMT+0100 (British Summer Time),0,0.023,0.0995,0
Wed Aug 21 2024 15:00:00 GMT+0100 (British Summer Time),0,0.023,0.0995,0
Wed Aug 21 2024 16:00:00 GMT+0100 (British Summer Time),0,0.023,0.0995,0
Wed Aug 21 2024 17:00:00 GMT+0100 (British Summer Time),0,0.023,0.0995,0
Wed Aug 21 2024 18:00:00 GMT+0100 (British Summer Time),0,0.023,0.0995,0
Wed Aug 21 2024 19:00:00 GMT+0100 (British Summer Time),0,0.023,0.0995,0
Wed Aug 21 2024 20:00:00 GMT+0100 (British Summer Time),0,0.023,0.0995,0
Wed Aug 21 2024 21:00:00 GMT+0100 (British Summer Time),0,0.023,0.0995,0
Wed Aug 21 2024 22:00:00 GMT+0100 (British Summer Time),0,0.023,0.0995,0
Wed Aug 21 2024 23:00:00 GMT+0100 (British Summer Time),0,0.023,0.0995,85.48990762148465
Thu Aug 22 2024 00:00:00 GMT+0100 (British Summer Time),0,0.023,0.0995,11.261850447433496
Thu Aug 22 2024 01:00:00 GMT+0100 (British Summer Time),0,0.023,0.0995,856.4985306872902
Thu Aug 22 2024 02:00:00 GMT+0100 (British Summer Time),0,0.023,0.0995,0
Thu Aug 22 2024 03:00:00 GMT+0100 (British Summer Time),0.022,0.0227,0.0995,0
Thu Aug 22 2024 04:00:00 GMT+0100 (British Summer Time),0.022,0.0227,0.101,29319.782605840344
Thu Aug 22 2024 05:00:00 GMT+0100 (British Summer Time),0.022,0.0227,0.0937,147439.9357789823
Thu Aug 22 2024 06:00:00 GMT+0100 (British Summer Time),0.022,0.0227,0.0935,6472.056374071238
Thu Aug 22 2024 07:00:00 GMT+0100 (British Summer Time),0.022,0.0227,0.0936,1948.7336392876527
Thu Aug 22 2024 08:00:00 GMT+0100 (British Summer Time),0.022,0.0227,0.0936,0
Thu Aug 22 2024 09:00:00 GMT+0100 (British Summer Time),0.022,0.0227,0.0936,0
Thu Aug 22 2024 10:00:00 GMT+0100 (British Summer Time),0.022,0.0227,0.0936,0
Thu Aug 22 2024 11:00:00 GMT+0100 (British Summer Time),0.022,0.0227,0.093,12574.93619039027
Thu Aug 22 2024 12:00:00 GMT+0100 (British Summer Time),0.022,0.0227,0.093,112.94366621741935
Thu Aug 22 2024 13:00:00 GMT+0100 (British Summer Time),0.022,0.0227,0.093,0
Thu Aug 22 2024 14:00:00 GMT+0100 (British Summer Time),0.022,0.0227,0.093,0
Thu Aug 22 2024 15:00:00 GMT+0100 (British Summer Time),0.022,0.0227,0.0932,4768.629134340525
Thu Aug 22 2024 16:00:00 GMT+0100 (British Summer Time),0.022,0.0227,0.0932,0
Thu Aug 22 2024 17:00:00 GMT+0100 (British Summer Time),0.022,0.0227,0.0932,0
Thu Aug 22 2024 18:00:00 GMT+0100 (British Summer Time),0.022,0.0227,0.0932,397.98754943940503
Thu Aug 22 2024 19:00:00 GMT+0100 (British Summer Time),0.022,0.0227,0.0932,0
Thu Aug 22 2024 20:00:00 GMT+0100 (British Summer Time),0.022,0.0227,0.0932,0
Thu Aug 22 2024 21:00:00 GMT+0100 (British Summer Time),0.022,0.0227,0.0932,0
Thu Aug 22 2024 22:00:00 GMT+0100 (British Summer Time),0.022,0.0227,0.0932,0
Thu Aug 22 2024 23:00:00 GMT+0100 (British Summer Time),0.022,0.0227,0.0933,1549.6346448733232
Fri Aug 23 2024 00:00:00 GMT+0100 (British Summer Time),0.022,0.0227,0.0933,0
Fri Aug 23 2024 01:00:00 GMT+0100 (British Summer Time),0.022,0.0227,0.0933,0
Fri Aug 23 2024 02:00:00 GMT+0100 (British Summer Time),0.022,0.0227,0.0968,94672.44545206473
Fri Aug 23 2024 03:00:00 GMT+0100 (British Summer Time),0,0.0227,0.0968,0
Fri Aug 23 2024 04:00:00 GMT+0100 (British Summer Time),0,0.0227,0.0968,0
Fri Aug 23 2024 05:00:00 GMT+0100 (British Summer Time),0,0.0227,0.0968,0
Fri Aug 23 2024 06:00:00 GMT+0100 (British Summer Time),0,0.0227,0.0968,0
Fri Aug 23 2024 07:00:00 GMT+0100 (British Summer Time),0,0.0227,0.0969,1916.109014139924
Fri Aug 23 2024 08:00:00 GMT+0100 (British Summer Time),0,0.0227,0.0975,9785.584152596844
Fri Aug 23 2024 09:00:00 GMT+0100 (British Summer Time),0,0.0227,0.0975,0
Fri Aug 23 2024 10:00:00 GMT+0100 (British Summer Time),0,0.0227,0.0984,16279.104261402019
Fri Aug 23 2024 11:00:00 GMT+0100 (British Summer Time),0,0.0227,0.0986,4855.888984902005
Fri Aug 23 2024 12:00:00 GMT+0100 (British Summer Time),0,0.0227,0.0986,0
Fri Aug 23 2024 13:00:00 GMT+0100 (British Summer Time),0,0.0209,0.0986,0
Fri Aug 23 2024 14:00:00 GMT+0100 (British Summer Time),0,0.0209,0.0986,0
Fri Aug 23 2024 15:00:00 GMT+0100 (British Summer Time),0,0.0209,0.0986,0
Fri Aug 23 2024 16:00:00 GMT+0100 (British Summer Time),0,0.0209,0.0986,0
Fri Aug 23 2024 17:00:00 GMT+0100 (British Summer Time),0,0.0209,0.0986,0
Fri Aug 23 2024 18:00:00 GMT+0100 (British Summer Time),0,0.0209,0.0982,8023.924248448602
Fri Aug 23 2024 19:00:00 GMT+0100 (British Summer Time),0,0.0209,0.0982,0
Fri Aug 23 2024 20:00:00 GMT+0100 (British Summer Time),0,0.0209,0.0982,0
Fri Aug 23 2024 21:00:00 GMT+0100 (British Summer Time),0,0.0209,0.0982,0
Fri Aug 23 2024 22:00:00 GMT+0100 (British Summer Time),0,0.0209,0.0982,0
Fri Aug 23 2024 23:00:00 GMT+0100 (British Summer Time),0,0.0209,0.0982,0
Sat Aug 24 2024 00:00:00 GMT+0100 (British Summer Time),0,0.0209,0.0982,0
Sat Aug 24 2024 01:00:00 GMT+0100 (British Summer Time),0,0.0209,0.0982,0
Sat Aug 24 2024 02:00:00 GMT+0100 (British Summer Time),0,0.0209,0.0982,0
Sat Aug 24 2024 03:00:00 GMT+0100 (British Summer Time),0,0.0209,0.0982,0
Sat Aug 24 2024 04:00:00 GMT+0100 (British Summer Time),0,0.0209,0.0982,6417.380874642701
Sat Aug 24 2024 05:00:00 GMT+0100 (British Summer Time),0,0.0209,0.0985,0
Sat Aug 24 2024 06:00:00 GMT+0100 (British Summer Time),0,0.0209,0.0991,9801.093842048826
Sat Aug 24 2024 07:00:00 GMT+0100 (British Summer Time),0,0.0209,0.0991,1598.3819181614886
Sat Aug 24 2024 08:00:00 GMT+0100 (British Summer Time),0,0.0209,0.0999,14352.608901849713
Sat Aug 24 2024 09:00:00 GMT+0100 (British Summer Time),0,0.0209,0.1013,32073.648158848497
Sat Aug 24 2024 10:00:00 GMT+0100 (British Summer Time),0,0.0209,0.0987,69404.16999534304
Sat Aug 24 2024 11:00:00 GMT+0100 (British Summer Time),0,0.0209,0.0992,9495.10679085525
Sat Aug 24 2024 12:00:00 GMT+0100 (British Summer Time),0,0.0209,0.0994,4148.054867243641
Sat Aug 24 2024 13:00:00 GMT+0100 (British Summer Time),0,0.0209,0.0995,1609.6049296638994
Sat Aug 24 2024 14:00:00 GMT+0100 (British Summer Time),0,0.0209,0.0995,0
Sat Aug 24 2024 15:00:00 GMT+0100 (British Summer Time),0,0.0209,0.0995,0
Sat Aug 24 2024 16:00:00 GMT+0100 (British Summer Time),0,0.0209,0.0996,1290.333399772308
Sat Aug 24 2024 17:00:00 GMT+0100 (British Summer Time),0,0.0209,0.1053,110696.12888829899
Sat Aug 24 2024 18:00:00 GMT+0100 (British Summer Time),0,0.0209,0.1063,30365.297920267094
Sat Aug 24 2024 19:00:00 GMT+0100 (British Summer Time),0,0.0209,0.1063,0
Sat Aug 24 2024 20:00:00 GMT+0100 (British Summer Time),0,0.0209,0.1063,0
Sat Aug 24 2024 21:00:00 GMT+0100 (British Summer Time),0,0.0209,0.0981,159858.87198118182
Sat Aug 24 2024 22:00:00 GMT+0100 (British Summer Time),0,0.0209,0.0981,631.7656433651391
Sat Aug 24 2024 23:00:00 GMT+0100 (British Summer Time),0,0.0209,0.0981,0
Sun Aug 25 2024 00:00:00 GMT+0100 (British Summer Time),0,0.0209,0.0981,0
Sun Aug 25 2024 01:00:00 GMT+0100 (British Summer Time),0,0.0209,0.0981,0
Sun Aug 25 2024 02:00:00 GMT+0100 (British Summer Time),0,0.0209,0.0981,0
Sun Aug 25 2024 03:00:00 GMT+0100 (British Summer Time),0,0.0209,0.0981,0
Sun Aug 25 2024 04:00:00 GMT+0100 (British Summer Time),0,0.0207,0.0981,0
Sun Aug 25 2024 05:00:00 GMT+0100 (British Summer Time),0,0.0205,0.0981,225965.98983131288
Sun Aug 25 2024 06:00:00 GMT+0100 (British Summer Time),0,0.0204,0.09,0
Sun Aug 25 2024 07:00:00 GMT+0100 (British Summer Time),0,0.0202,0.09,0
Sun Aug 25 2024 08:00:00 GMT+0100 (British Summer Time),0,0.0201,0.09,0
Sun Aug 25 2024 09:00:00 GMT+0100 (British Summer Time),0,0.02,0.09,0
Sun Aug 25 2024 10:00:00 GMT+0100 (British Summer Time),0,0.0198,0.09,0
Sun Aug 25 2024 11:00:00 GMT+0100 (British Summer Time),0,0.0197,0.0901,1710.2458589507683
Sun Aug 25 2024 12:00:00 GMT+0100 (British Summer Time),0,0.0195,0.0901,0
Sun Aug 25 2024 13:00:00 GMT+0100 (British Summer Time),0,0.0194,0.0901,0
Sun Aug 25 2024 14:00:00 GMT+0100 (British Summer Time),0,0.0193,0.0902,2740.063773248387
Sun Aug 25 2024 15:00:00 GMT+0100 (British Summer Time),0,0.0191,0.0923,42363.7205449491
Sun Aug 25 2024 16:00:00 GMT+0100 (British Summer Time),0.0171,0.0194,0.0923,29640.762514095826
Sun Aug 25 2024 17:00:00 GMT+0100 (British Summer Time),0.0172,0.0194,0.0923,0
Sun Aug 25 2024 18:00:00 GMT+0100 (British Summer Time),0.0171,0.0194,0.0923,0
Sun Aug 25 2024 19:00:00 GMT+0100 (British Summer Time),0.0171,0.0194,0.0923,0
Sun Aug 25 2024 20:00:00 GMT+0100 (British Summer Time),0.0171,0.0194,0.0923,0
Sun Aug 25 2024 21:00:00 GMT+0100 (British Summer Time),0.0171,0.0194,0.0923,0
Sun Aug 25 2024 22:00:00 GMT+0100 (British Summer Time),0.0171,0.0194,0.0923,0
Sun Aug 25 2024 23:00:00 GMT+0100 (British Summer Time),0.0171,0.0194,0.0923,19977.46300281631
Mon Aug 26 2024 00:00:00 GMT+0100 (British Summer Time),0.0171,0.0194,0.0923,0
Mon Aug 26 2024 01:00:00 GMT+0100 (British Summer Time),0.0171,0.0194,0.0923,0
Mon Aug 26 2024 02:00:00 GMT+0100 (British Summer Time),0.0172,0.0194,0.0923,0
Mon Aug 26 2024 03:00:00 GMT+0100 (British Summer Time),0.0172,0.0194,0.0923,0
Mon Aug 26 2024 04:00:00 GMT+0100 (British Summer Time),0.0174,0.0194,0.0923,0
Mon Aug 26 2024 05:00:00 GMT+0100 (British Summer Time),0.0176,0.0194,0.0923,0
Mon Aug 26 2024 06:00:00 GMT+0100 (British Summer Time),0.0178,0.0194,0.0923,0
Mon Aug 26 2024 07:00:00 GMT+0100 (British Summer Time),0.0181,0.0193,0.0923,0
Mon Aug 26 2024 08:00:00 GMT+0100 (British Summer Time),0.0183,0.0193,0.0923,0
Mon Aug 26 2024 09:00:00 GMT+0100 (British Summer Time),0.0185,0.0193,0.0923,0
Mon Aug 26 2024 10:00:00 GMT+0100 (British Summer Time),0.0188,0.0193,0.0923,0
Mon Aug 26 2024 11:00:00 GMT+0100 (British Summer Time),0.019,0.0193,0.0923,0
Mon Aug 26 2024 12:00:00 GMT+0100 (British Summer Time),0.0193,0.0193,0.0924,3599.588906155163
Mon Aug 26 2024 13:00:00 GMT+0100 (British Summer Time),0.0195,0.0193,0.0924,840.8255642241801
Mon Aug 26 2024 14:00:00 GMT+0100 (British Summer Time),0.0198,0.0193,0.0924,0
Mon Aug 26 2024 15:00:00 GMT+0100 (British Summer Time),0.0201,0.0193,0.0924,0
Mon Aug 26 2024 16:00:00 GMT+0100 (British Summer Time),0,0.0193,0.0924,1349.83984522647
Mon Aug 26 2024 17:00:00 GMT+0100 (British Summer Time),0,0.0193,0.0925,2917.346534730726
Mon Aug 26 2024 18:00:00 GMT+0100 (British Summer Time),0,0.0193,0.0947,44661.0325079017
Mon Aug 26 2024 19:00:00 GMT+0100 (British Summer Time),0,0.0193,0.0947,0
Mon Aug 26 2024 20:00:00 GMT+0100 (British Summer Time),0,0.0193,0.0947,0
Mon Aug 26 2024 21:00:00 GMT+0100 (British Summer Time),0,0.0193,0.0947,0
Mon Aug 26 2024 22:00:00 GMT+0100 (British Summer Time),0,0.0193,0.0947,0
Mon Aug 26 2024 23:00:00 GMT+0100 (British Summer Time),0,0.0193,0.0947,0
Tue Aug 27 2024 00:00:00 GMT+0100 (British Summer Time),0,0.0193,0.0947,1095.5509355541785
Tue Aug 27 2024 01:00:00 GMT+0100 (British Summer Time),0,0.0193,0.0947,0
Tue Aug 27 2024 02:00:00 GMT+0100 (British Summer Time),0,0.0193,0.0947,0
Tue Aug 27 2024 03:00:00 GMT+0100 (British Summer Time),0,0.0193,0.0955,15377.096623564814
Tue Aug 27 2024 04:00:00 GMT+0100 (British Summer Time),0,0.0193,0.0965,20994.879589876902
Tue Aug 27 2024 05:00:00 GMT+0100 (British Summer Time),0,0.0193,0.0965,0
Tue Aug 27 2024 06:00:00 GMT+0100 (British Summer Time),0,0.0193,0.0967,2809.878418514871
Tue Aug 27 2024 07:00:00 GMT+0100 (British Summer Time),0,0.0193,0.0967,0
Tue Aug 27 2024 08:00:00 GMT+0100 (British Summer Time),0,0.0193,0.1039,136066.80017544996
Tue Aug 27 2024 09:00:00 GMT+0100 (British Summer Time),0,0.0193,0.1039,0
Tue Aug 27 2024 10:00:00 GMT+0100 (British Summer Time),0,0.0193,0.1039,0
Tue Aug 27 2024 11:00:00 GMT+0100 (British Summer Time),0,0.0193,0.1046,34030.05142049097
Tue Aug 27 2024 12:00:00 GMT+0100 (British Summer Time),0,0.0193,0.1046,0
Tue Aug 27 2024 13:00:00 GMT+0100 (British Summer Time),0,0.0193,0.1041,9318.281653367261
Tue Aug 27 2024 14:00:00 GMT+0100 (British Summer Time),0,0.0193,0.1041,0
Tue Aug 27 2024 15:00:00 GMT+0100 (British Summer Time),0,0.0193,0.1041,0
Tue Aug 27 2024 16:00:00 GMT+0100 (British Summer Time),0,0.0193,0.1041,0
Tue Aug 27 2024 17:00:00 GMT+0100 (British Summer Time),0,0.0193,0.1041,0
Tue Aug 27 2024 18:00:00 GMT+0100 (British Summer Time),0,0.0193,0.1041,0
Tue Aug 27 2024 19:00:00 GMT+0100 (British Summer Time),0,0.0193,0.1041,0
Tue Aug 27 2024 20:00:00 GMT+0100 (British Summer Time),0,0.0193,0.1051,17477.229213683448
Tue Aug 27 2024 21:00:00 GMT+0100 (British Summer Time),0,0.0193,0.1051,0
Tue Aug 27 2024 22:00:00 GMT+0100 (British Summer Time),0,0.0193,0.1051,0
Tue Aug 27 2024 23:00:00 GMT+0100 (British Summer Time),0,0.0193,0.1051,0
Wed Aug 28 2024 00:00:00 GMT+0100 (British Summer Time),0,0.0193,0.1051,0
Wed Aug 28 2024 01:00:00 GMT+0100 (British Summer Time),0,0.0193,0.1051,0
Wed Aug 28 2024 02:00:00 GMT+0100 (British Summer Time),0,0.0193,0.1051,0
Wed Aug 28 2024 03:00:00 GMT+0100 (British Summer Time),0,0.0193,0.1051,11116.141116062146
Wed Aug 28 2024 04:00:00 GMT+0100 (British Summer Time),0,0.0193,0.1051,0
Wed Aug 28 2024 05:00:00 GMT+0100 (British Summer Time),0,0.0193,0.1051,0
Wed Aug 28 2024 06:00:00 GMT+0100 (British Summer Time),0,0.0193,0.1051,0
Wed Aug 28 2024 07:00:00 GMT+0100 (British Summer Time),0,0.0193,0.1051,0
Wed Aug 28 2024 08:00:00 GMT+0100 (British Summer Time),0,0.0193,0.1051,0
Wed Aug 28 2024 09:00:00 GMT+0100 (British Summer Time),0,0.0193,0.1051,0
Wed Aug 28 2024 10:00:00 GMT+0100 (British Summer Time),0,0.0193,0.1051,0
Wed Aug 28 2024 11:00:00 GMT+0100 (British Summer Time),0,0.0193,0.1051,0
Wed Aug 28 2024 12:00:00 GMT+0100 (British Summer Time),0,0.0193,0.1051,1079.2889596838722
Wed Aug 28 2024 13:00:00 GMT+0100 (British Summer Time),0,0.0193,0.1051,0
Wed Aug 28 2024 14:00:00 GMT+0100 (British Summer Time),0,0.0193,0.1051,0
Wed Aug 28 2024 15:00:00 GMT+0100 (British Summer Time),0,0.0193,0.1051,0
Wed Aug 28 2024 16:00:00 GMT+0100 (British Summer Time),0,0.0193,0.1051,0
Wed Aug 28 2024 17:00:00 GMT+0100 (British Summer Time),0,0.0193,0.1051,0
Wed Aug 28 2024 18:00:00 GMT+0100 (British Summer Time),0,0.0193,0.1051,0
Wed Aug 28 2024 19:00:00 GMT+0100 (British Summer Time),0,0.0193,0.1051,0
Wed Aug 28 2024 20:00:00 GMT+0100 (British Summer Time),0,0.0193,0.1051,0
Wed Aug 28 2024 21:00:00 GMT+0100 (British Summer Time),0,0.0193,0.1051,0
Wed Aug 28 2024 22:00:00 GMT+0100 (British Summer Time),0,0.0193,0.1051,0
Wed Aug 28 2024 23:00:00 GMT+0100 (British Summer Time),0,0.0193,0.1051,0
Thu Aug 29 2024 00:00:00 GMT+0100 (British Summer Time),0,0.0193,0.1051,0
Thu Aug 29 2024 01:00:00 GMT+0100 (British Summer Time),0,0.0183,0.1051,0
Thu Aug 29 2024 02:00:00 GMT+0100 (British Summer Time),0.0128,0.017,0.1051,0
Thu Aug 29 2024 03:00:00 GMT+0100 (British Summer Time),0.0128,0.015,0.1051,0
Thu Aug 29 2024 04:00:00 GMT+0100 (British Summer Time),0.0128,0.015,0.1051,0
Thu Aug 29 2024 05:00:00 GMT+0100 (British Summer Time),0.0128,0.015,0.1056,8124.390457882658
Thu Aug 29 2024 06:00:00 GMT+0100 (British Summer Time),0.0128,0.015,0.1056,0
Thu Aug 29 2024 07:00:00 GMT+0100 (British Summer Time),0.0128,0.015,0.1057,1476.9360297272997
Thu Aug 29 2024 08:00:00 GMT+0100 (British Summer Time),0.0128,0.015,0.1057,0
Thu Aug 29 2024 09:00:00 GMT+0100 (British Summer Time),0.0128,0.015,0.1056,880.228906375779
Thu Aug 29 2024 10:00:00 GMT+0100 (British Summer Time),0.0128,0.015,0.1056,0
Thu Aug 29 2024 11:00:00 GMT+0100 (British Summer Time),0.0128,0.015,0.1056,0
Thu Aug 29 2024 12:00:00 GMT+0100 (British Summer Time),0.0128,0.015,0.1056,0
Thu Aug 29 2024 13:00:00 GMT+0100 (British Summer Time),0.0128,0.015,0.1056,0
Thu Aug 29 2024 14:00:00 GMT+0100 (British Summer Time),0.0128,0.015,0.1056,10281.978639186194
Thu Aug 29 2024 15:00:00 GMT+0100 (British Summer Time),0.0128,0.015,0.1056,0
Thu Aug 29 2024 16:00:00 GMT+0100 (British Summer Time),0.0128,0.015,0.1056,0
Thu Aug 29 2024 17:00:00 GMT+0100 (British Summer Time),0.0128,0.015,0.1056,0
Thu Aug 29 2024 18:00:00 GMT+0100 (British Summer Time),0.0128,0.015,0.1056,0
Thu Aug 29 2024 19:00:00 GMT+0100 (British Summer Time),0.0128,0.015,0.1056,0
Thu Aug 29 2024 20:00:00 GMT+0100 (British Summer Time),0.0128,0.015,0.1056,0
Thu Aug 29 2024 21:00:00 GMT+0100 (British Summer Time),0.0128,0.015,0.1059,5189.856560834512
Thu Aug 29 2024 22:00:00 GMT+0100 (British Summer Time),0.0128,0.015,0.1059,0
Thu Aug 29 2024 23:00:00 GMT+0100 (British Summer Time),0.0128,0.015,0.1059,0
Fri Aug 30 2024 00:00:00 GMT+0100 (British Summer Time),0.0128,0.015,0.1059,0
Fri Aug 30 2024 01:00:00 GMT+0100 (British Summer Time),0.0143,0.015,0.1058,1701.9426865872024
Fri Aug 30 2024 02:00:00 GMT+0100 (British Summer Time),0,0.015,0.1058,0
Fri Aug 30 2024 03:00:00 GMT+0100 (British Summer Time),0,0.015,0.106,2901.0798109603093
Fri Aug 30 2024 04:00:00 GMT+0100 (British Summer Time),0,0.015,0.106,0
Fri Aug 30 2024 05:00:00 GMT+0100 (British Summer Time),0,0.015,0.106,0
Fri Aug 30 2024 06:00:00 GMT+0100 (British Summer Time),0,0.015,0.106,0
Fri Aug 30 2024 07:00:00 GMT+0100 (British Summer Time),0,0.015,0.106,0
Fri Aug 30 2024 08:00:00 GMT+0100 (British Summer Time),0,0.015,0.106,0
Fri Aug 30 2024 09:00:00 GMT+0100 (British Summer Time),0,0.015,0.106,0
Fri Aug 30 2024 10:00:00 GMT+0100 (British Summer Time),0,0.015,0.1061,2063.045814375003
Fri Aug 30 2024 11:00:00 GMT+0100 (British Summer Time),0,0.015,0.1062,1032.9287364133613
Fri Aug 30 2024 12:00:00 GMT+0100 (British Summer Time),0,0.015,0.1065,4579.459172739444
Fri Aug 30 2024 13:00:00 GMT+0100 (British Summer Time),0,0.015,0.1066,16674.709635167714
Fri Aug 30 2024 14:00:00 GMT+0100 (British Summer Time),0,0.015,0.1066,0
Fri Aug 30 2024 15:00:00 GMT+0100 (British Summer Time),0,0.015,0.1066,0
Fri Aug 30 2024 16:00:00 GMT+0100 (British Summer Time),0,0.015,0.1066,0
Fri Aug 30 2024 17:00:00 GMT+0100 (British Summer Time),0,0.015,0.1066,0
Fri Aug 30 2024 18:00:00 GMT+0100 (British Summer Time),0,0.015,0.1066,0
Fri Aug 30 2024 19:00:00 GMT+0100 (British Summer Time),0,0.015,0.1087,32803.40001841144
Fri Aug 30 2024 20:00:00 GMT+0100 (British Summer Time),0,0.015,0.1087,0
Fri Aug 30 2024 21:00:00 GMT+0100 (British Summer Time),0,0.015,0.1087,0
Fri Aug 30 2024 22:00:00 GMT+0100 (British Summer Time),0,0.015,0.1088,1022.0822595949847
Fri Aug 30 2024 23:00:00 GMT+0100 (British Summer Time),0,0.015,0.1088,0
Sat Aug 31 2024 00:00:00 GMT+0100 (British Summer Time),0,0.015,0.1064,38237.88152905762
Sat Aug 31 2024 01:00:00 GMT+0100 (British Summer Time),0,0.015,0.105,22532.38457953394
Sat Aug 31 2024 02:00:00 GMT+0100 (British Summer Time),0,0.015,0.105,0
Sat Aug 31 2024 03:00:00 GMT+0100 (British Summer Time),0,0.015,0.105,0
Sat Aug 31 2024 04:00:00 GMT+0100 (British Summer Time),0,0.015,0.105,0
Sat Aug 31 2024 05:00:00 GMT+0100 (British Summer Time),0,0.015,0.1049,2094.02355325024
Sat Aug 31 2024 06:00:00 GMT+0100 (British Summer Time),0,0.015,0.1049,767.8651124073226
Sat Aug 31 2024 07:00:00 GMT+0100 (British Summer Time),0,0.015,0.106,20902.9440273672
Sat Aug 31 2024 08:00:00 GMT+0100 (British Summer Time),0,0.015,0.1067,7183.397214468397
Sat Aug 31 2024 09:00:00 GMT+0100 (British Summer Time),0,0.015,0.1067,0
Sat Aug 31 2024 10:00:00 GMT+0100 (British Summer Time),0,0.015,0.1071,6952.64971160317
Sat Aug 31 2024 11:00:00 GMT+0100 (British Summer Time),0,0.015,0.108,13795.466639629272
Sat Aug 31 2024 12:00:00 GMT+0100 (British Summer Time),0,0.015,0.1081,3118.1943419981817
Sat Aug 31 2024 13:00:00 GMT+0100 (British Summer Time),0,0.015,0.1081,0
Sat Aug 31 2024 14:00:00 GMT+0100 (British Summer Time),0,0.015,0.1081,0
Sat Aug 31 2024 15:00:00 GMT+0100 (British Summer Time),0,0.015,0.1081,2498.1522900425944
Sat Aug 31 2024 16:00:00 GMT+0100 (British Summer Time),0,0.015,0.108,0
Sat Aug 31 2024 17:00:00 GMT+0100 (British Summer Time),0,0.015,0.108,13100.995399814052
Sat Aug 31 2024 18:00:00 GMT+0100 (British Summer Time),0,0.015,0.1082,1735.7788543721274
Sat Aug 31 2024 19:00:00 GMT+0100 (British Summer Time),0,0.015,0.108,2496.488985162652
Sat Aug 31 2024 20:00:00 GMT+0100 (British Summer Time),0,0.015,0.108,1233.074559819163
Sat Aug 31 2024 21:00:00 GMT+0100 (British Summer Time),0,0.015,0.1079,0
Sat Aug 31 2024 22:00:00 GMT+0100 (British Summer Time),0,0.015,0.1007,130487.64399235294
Sat Aug 31 2024 23:00:00 GMT+0100 (British Summer Time),0,0.015,0.1007,0
Sun Sep 01 2024 00:00:00 GMT+0100 (British Summer Time),0,0.015,0.1007,0
Sun Sep 01 2024 01:00:00 GMT+0100 (British Summer Time),0,0.015,0.1007,0
Sun Sep 01 2024 02:00:00 GMT+0100 (British Summer Time),0,0.015,0.1007,0
Sun Sep 01 2024 03:00:00 GMT+0100 (British Summer Time),0,0.015,0.1007,0
Sun Sep 01 2024 04:00:00 GMT+0100 (British Summer Time),0,0.0151,0.1007,0
Sun Sep 01 2024 05:00:00 GMT+0100 (British Summer Time),0,0.0152,0.1007,431.87175370612107
Sun Sep 01 2024 06:00:00 GMT+0100 (British Summer Time),0,0.0153,0.1008,1048.4609533995786
Sun Sep 01 2024 07:00:00 GMT+0100 (British Summer Time),0,0.0154,0.0984,42147.63780709086
Sun Sep 01 2024 08:00:00 GMT+0100 (British Summer Time),0,0.0155,0.0989,7268.530999314293
Sun Sep 01 2024 09:00:00 GMT+0100 (British Summer Time),0,0.0156,0.0989,0
Sun Sep 01 2024 10:00:00 GMT+0100 (British Summer Time),0,0.0157,0.0989,0
Sun Sep 01 2024 11:00:00 GMT+0100 (British Summer Time),0,0.0158,0.0989,0
Sun Sep 01 2024 12:00:00 GMT+0100 (British Summer Time),0,0.0159,0.0968,32160.245403361914
Sun Sep 01 2024 13:00:00 GMT+0100 (British Summer Time),0,0.016,0.0968,0
Sun Sep 01 2024 14:00:00 GMT+0100 (British Summer Time),0,0.0161,0.0993,38280.306211558935
Sun Sep 01 2024 15:00:00 GMT+0100 (British Summer Time),0,0.0162,0.0993,0
Sun Sep 01 2024 16:00:00 GMT+0100 (British Summer Time),0,0.0128,0.0993,0
Sun Sep 01 2024 17:00:00 GMT+0100 (British Summer Time),0,0.0128,0.0993,0
Sun Sep 01 2024 18:00:00 GMT+0100 (British Summer Time),0,0.0128,0.0993,0
Sun Sep 01 2024 19:00:00 GMT+0100 (British Summer Time),0,0.0128,0.0994,470.1037260905087
Sun Sep 01 2024 20:00:00 GMT+0100 (British Summer Time),0,0.0128,0.0994,0
Sun Sep 01 2024 21:00:00 GMT+0100 (British Summer Time),0,0.0128,0.0994,0
Sun Sep 01 2024 22:00:00 GMT+0100 (British Summer Time),0,0.0128,0.0994,0
Sun Sep 01 2024 23:00:00 GMT+0100 (British Summer Time),0,0.0128,0.0994,0
Mon Sep 02 2024 00:00:00 GMT+0100 (British Summer Time),0,0.0128,0.0994,0
Mon Sep 02 2024 01:00:00 GMT+0100 (British Summer Time),0,0.0099,0.0994,0
Mon Sep 02 2024 02:00:00 GMT+0100 (British Summer Time),0,0.0099,0.0994,0
Mon Sep 02 2024 03:00:00 GMT+0100 (British Summer Time),0,0.0099,0.0994,0
Mon Sep 02 2024 04:00:00 GMT+0100 (British Summer Time),0,0.0099,0.0994,0
Mon Sep 02 2024 05:00:00 GMT+0100 (British Summer Time),0,0.0099,0.0994,0
Mon Sep 02 2024 06:00:00 GMT+0100 (British Summer Time),0,0.0099,0.0994,0
Mon Sep 02 2024 07:00:00 GMT+0100 (British Summer Time),0,0.0099,0.0994,0
Mon Sep 02 2024 08:00:00 GMT+0100 (British Summer Time),0.0181,0.0157,0.0994,0
Mon Sep 02 2024 09:00:00 GMT+0100 (British Summer Time),0.0181,0.0157,0.0996,2788.831862468724
Mon Sep 02 2024 10:00:00 GMT+0100 (British Summer Time),0.0181,0.0157,0.0996,0
Mon Sep 02 2024 11:00:00 GMT+0100 (British Summer Time),0.0181,0.0157,0.0996,0
Mon Sep 02 2024 12:00:00 GMT+0100 (British Summer Time),0.0181,0.0157,0.0996,0
Mon Sep 02 2024 13:00:00 GMT+0100 (British Summer Time),0.0181,0.0157,0.0996,0
Mon Sep 02 2024 14:00:00 GMT+0100 (British Summer Time),0.0181,0.0157,0.0996,0
Mon Sep 02 2024 15:00:00 GMT+0100 (British Summer Time),0.0181,0.0157,0.0996,0
Mon Sep 02 2024 16:00:00 GMT+0100 (British Summer Time),0.0181,0.0157,0.0998,4078.7178143303668
Mon Sep 02 2024 17:00:00 GMT+0100 (British Summer Time),0.0181,0.0157,0.0998,0
Mon Sep 02 2024 18:00:00 GMT+0100 (British Summer Time),0.0181,0.0157,0.0998,0
Mon Sep 02 2024 19:00:00 GMT+0100 (British Summer Time),0.0181,0.0157,0.0998,0
Mon Sep 02 2024 20:00:00 GMT+0100 (British Summer Time),0.0181,0.0157,0.0998,0
Mon Sep 02 2024 21:00:00 GMT+0100 (British Summer Time),0.0181,0.0157,0.0998,0
Mon Sep 02 2024 22:00:00 GMT+0100 (British Summer Time),0.0181,0.0157,0.0998,0
Mon Sep 02 2024 23:00:00 GMT+0100 (British Summer Time),0.0181,0.0157,0.0998,0
Tue Sep 03 2024 00:00:00 GMT+0100 (British Summer Time),0.0181,0.0157,0.0998,0
Tue Sep 03 2024 01:00:00 GMT+0100 (British Summer Time),0.0235,0.0157,0.0998,0
Tue Sep 03 2024 02:00:00 GMT+0100 (British Summer Time),0.0235,0.0157,0.0998,0
Tue Sep 03 2024 03:00:00 GMT+0100 (British Summer Time),0.0235,0.0157,0.0998,0
Tue Sep 03 2024 04:00:00 GMT+0100 (British Summer Time),0.0235,0.0157,0.0998,0
Tue Sep 03 2024 05:00:00 GMT+0100 (British Summer Time),0.0235,0.0157,0.0998,0
Tue Sep 03 2024 06:00:00 GMT+0100 (British Summer Time),0.0235,0.0157,0.0998,0
Tue Sep 03 2024 07:00:00 GMT+0100 (British Summer Time),0.0235,0.0157,0.0998,0
Tue Sep 03 2024 08:00:00 GMT+0100 (British Summer Time),0,0.0157,0.0998,0
Tue Sep 03 2024 09:00:00 GMT+0100 (British Summer Time),0,0.0157,0.0998,0
Tue Sep 03 2024 10:00:00 GMT+0100 (British Summer Time),0,0.0157,0.0999,2020.8695603494111
Tue Sep 03 2024 11:00:00 GMT+0100 (British Summer Time),0,0.0157,0.1105,147536.90481678172
Tue Sep 03 2024 12:00:00 GMT+0100 (British Summer Time),0,0.0157,0.1105,0
Tue Sep 03 2024 13:00:00 GMT+0100 (British Summer Time),0,0.0157,0.1105,0
Tue Sep 03 2024 14:00:00 GMT+0100 (British Summer Time),0,0.0157,0.1105,0
Tue Sep 03 2024 15:00:00 GMT+0100 (British Summer Time),0,0.0157,0.1064,57248.123519216184
Tue Sep 03 2024 16:00:00 GMT+0100 (British Summer Time),0,0.0157,0.0987,497173.21672504797
Tue Sep 03 2024 17:00:00 GMT+0100 (British Summer Time),0,0.0157,0.0987,1.5139761906425477
Tue Sep 03 2024 18:00:00 GMT+0100 (British Summer Time),0,0.0157,0.0987,0
Tue Sep 03 2024 19:00:00 GMT+0100 (British Summer Time),0,0.0157,0.0987,0
Tue Sep 03 2024 20:00:00 GMT+0100 (British Summer Time),0,0.0157,0.0987,0
Tue Sep 03 2024 21:00:00 GMT+0100 (British Summer Time),0,0.0157,0.0987,0
Tue Sep 03 2024 22:00:00 GMT+0100 (British Summer Time),0,0.0157,0.0987,0
Tue Sep 03 2024 23:00:00 GMT+0100 (British Summer Time),0,0.0157,0.0987,0
Wed Sep 04 2024 00:00:00 GMT+0100 (British Summer Time),0,0.0157,0.0987,0
Wed Sep 04 2024 01:00:00 GMT+0100 (British Summer Time),0,0.0157,0.0987,0
Wed Sep 04 2024 02:00:00 GMT+0100 (British Summer Time),0,0.0157,0.0987,0
Wed Sep 04 2024 03:00:00 GMT+0100 (British Summer Time),0,0.0157,0.0987,0
Wed Sep 04 2024 04:00:00 GMT+0100 (British Summer Time),0,0.0157,0.0987,0
Wed Sep 04 2024 05:00:00 GMT+0100 (British Summer Time),0,0.0157,0.0987,0
Wed Sep 04 2024 06:00:00 GMT+0100 (British Summer Time),0,0.0157,0.0982,8324.470609926355
Wed Sep 04 2024 07:00:00 GMT+0100 (British Summer Time),0,0.0157,0.0982,0
Wed Sep 04 2024 08:00:00 GMT+0100 (British Summer Time),0,0.0157,0.0972,13068.269151697325
Wed Sep 04 2024 09:00:00 GMT+0100 (British Summer Time),0,0.0157,0.0972,0
Wed Sep 04 2024 10:00:00 GMT+0100 (British Summer Time),0,0.0157,0.0972,0
Wed Sep 04 2024 11:00:00 GMT+0100 (British Summer Time),0,0.0157,0.0972,0
Wed Sep 04 2024 12:00:00 GMT+0100 (British Summer Time),0,0.0157,0.0972,0
Wed Sep 04 2024 13:00:00 GMT+0100 (British Summer Time),0,0.0157,0.0972,0
Wed Sep 04 2024 14:00:00 GMT+0100 (British Summer Time),0,0.0157,0.0972,0
Wed Sep 04 2024 15:00:00 GMT+0100 (British Summer Time),0,0.0157,0.1009,50678.96756098213
Wed Sep 04 2024 16:00:00 GMT+0100 (British Summer Time),0,0.0157,0.1009,0
Wed Sep 04 2024 17:00:00 GMT+0100 (British Summer Time),0,0.0157,0.1009,0
Wed Sep 04 2024 18:00:00 GMT+0100 (British Summer Time),0,0.0157,0.1009,0
Wed Sep 04 2024 19:00:00 GMT+0100 (British Summer Time),0,0.0157,0.1009,0
Wed Sep 04 2024 20:00:00 GMT+0100 (British Summer Time),0,0.0157,0.1009,0
Wed Sep 04 2024 21:00:00 GMT+0100 (British Summer Time),0,0.0157,0.1009,0
Wed Sep 04 2024 22:00:00 GMT+0100 (British Summer Time),0,0.0157,0.1009,0
Wed Sep 04 2024 23:00:00 GMT+0100 (British Summer Time),0,0.0157,0.0989,28076.058589239878
Thu Sep 05 2024 00:00:00 GMT+0100 (British Summer Time),0,0.0157,0.0989,0
Thu Sep 05 2024 01:00:00 GMT+0100 (British Summer Time),0,0.0165,0.0989,0
Thu Sep 05 2024 02:00:00 GMT+0100 (British Summer Time),0,0.0181,0.0989,0
Thu Sep 05 2024 03:00:00 GMT+0100 (British Summer Time),0,0.0181,0.0989,0
Thu Sep 05 2024 04:00:00 GMT+0100 (British Summer Time),0,0.0181,0.0989,0
Thu Sep 05 2024 05:00:00 GMT+0100 (British Summer Time),0,0.0181,0.0989,1.4051684790736598
Thu Sep 05 2024 06:00:00 GMT+0100 (British Summer Time),0,0.0181,0.0989,0
Thu Sep 05 2024 07:00:00 GMT+0100 (British Summer Time),0.0211,0.0193,0.1003,19154.67934891912
Thu Sep 05 2024 08:00:00 GMT+0100 (British Summer Time),0.0211,0.0193,0.0983,27644.25874271644
Thu Sep 05 2024 09:00:00 GMT+0100 (British Summer Time),0.0211,0.0193,0.0983,0
Thu Sep 05 2024 10:00:00 GMT+0100 (British Summer Time),0.021,0.0193,0.0983,0
Thu Sep 05 2024 11:00:00 GMT+0100 (British Summer Time),0.021,0.0193,0.0983,0
Thu Sep 05 2024 12:00:00 GMT+0100 (British Summer Time),0.021,0.0193,0.0983,0
Thu Sep 05 2024 13:00:00 GMT+0100 (British Summer Time),0.0211,0.0193,0.0983,0
Thu Sep 05 2024 14:00:00 GMT+0100 (British Summer Time),0.0211,0.0193,0.0983,0
Thu Sep 05 2024 15:00:00 GMT+0100 (British Summer Time),0.021,0.0193,0.0983,0
Thu Sep 05 2024 16:00:00 GMT+0100 (British Summer Time),0.021,0.0193,0.0983,0
Thu Sep 05 2024 17:00:00 GMT+0100 (British Summer Time),0.021,0.0193,0.0983,0
Thu Sep 05 2024 18:00:00 GMT+0100 (British Summer Time),0.0211,0.0193,0.0983,0
Thu Sep 05 2024 19:00:00 GMT+0100 (British Summer Time),0.021,0.0193,0.0983,0
Thu Sep 05 2024 20:00:00 GMT+0100 (British Summer Time),0.021,0.0193,0.0983,0
Thu Sep 05 2024 21:00:00 GMT+0100 (British Summer Time),0.021,0.0193,0.0983,0
Thu Sep 05 2024 22:00:00 GMT+0100 (British Summer Time),0.0211,0.0193,0.0983,0
Thu Sep 05 2024 23:00:00 GMT+0100 (British Summer Time),0.0211,0.0193,0.0983,0
Fri Sep 06 2024 00:00:00 GMT+0100 (British Summer Time),0.021,0.0193,0.0983,0
Fri Sep 06 2024 01:00:00 GMT+0100 (British Summer Time),0.021,0.0193,0.0983,0
Fri Sep 06 2024 02:00:00 GMT+0100 (British Summer Time),0.021,0.0193,0.1014,47957.841076943914
Fri Sep 06 2024 03:00:00 GMT+0100 (British Summer Time),0.0211,0.0193,0.1014,0
Fri Sep 06 2024 04:00:00 GMT+0100 (British Summer Time),0.0211,0.0193,0.1014,0
Fri Sep 06 2024 05:00:00 GMT+0100 (British Summer Time),0.0211,0.0193,0.1015,1183.3881902739233
Fri Sep 06 2024 06:00:00 GMT+0100 (British Summer Time),0.021,0.0193,0.1014,0
Fri Sep 06 2024 07:00:00 GMT+0100 (British Summer Time),0,0.0193,0.097,56105.259632447465
Fri Sep 06 2024 08:00:00 GMT+0100 (British Summer Time),0,0.0193,0.097,0
Fri Sep 06 2024 09:00:00 GMT+0100 (British Summer Time),0,0.0193,0.097,0
Fri Sep 06 2024 10:00:00 GMT+0100 (British Summer Time),0,0.0193,0.097,0
Fri Sep 06 2024 11:00:00 GMT+0100 (British Summer Time),0,0.0193,0.097,0
Fri Sep 06 2024 12:00:00 GMT+0100 (British Summer Time),0,0.0193,0.097,0
Fri Sep 06 2024 13:00:00 GMT+0100 (British Summer Time),0,0.0193,0.097,0
Fri Sep 06 2024 14:00:00 GMT+0100 (British Summer Time),0,0.0193,0.097,0
Fri Sep 06 2024 15:00:00 GMT+0100 (British Summer Time),0,0.0193,0.097,0
Fri Sep 06 2024 16:00:00 GMT+0100 (British Summer Time),0,0.0193,0.097,0
Fri Sep 06 2024 17:00:00 GMT+0100 (British Summer Time),0,0.0193,0.097,0
Fri Sep 06 2024 18:00:00 GMT+0100 (British Summer Time),0,0.0193,0.097,0
Fri Sep 06 2024 19:00:00 GMT+0100 (British Summer Time),0,0.0193,0.097,0
Fri Sep 06 2024 20:00:00 GMT+0100 (British Summer Time),0,0.0193,0.097,0
Fri Sep 06 2024 21:00:00 GMT+0100 (British Summer Time),0,0.0193,0.097,0
Fri Sep 06 2024 22:00:00 GMT+0100 (British Summer Time),0,0.0193,0.097,0
Fri Sep 06 2024 23:00:00 GMT+0100 (British Summer Time),0,0.0193,0.097,0
Sat Sep 07 2024 00:00:00 GMT+0100 (British Summer Time),0,0.0193,0.0971,1961.9492036523436
Sat Sep 07 2024 01:00:00 GMT+0100 (British Summer Time),0,0.0193,0.0971,0
Sat Sep 07 2024 02:00:00 GMT+0100 (British Summer Time),0,0.0193,0.0972,774.7742090313603
Sat Sep 07 2024 03:00:00 GMT+0100 (British Summer Time),0,0.0193,0.0972,0
Sat Sep 07 2024 04:00:00 GMT+0100 (British Summer Time),0,0.0193,0.0972,0
Sat Sep 07 2024 05:00:00 GMT+0100 (British Summer Time),0,0.0193,0.0972,0
Sat Sep 07 2024 06:00:00 GMT+0100 (British Summer Time),0,0.0193,0.0972,0
Sat Sep 07 2024 07:00:00 GMT+0100 (British Summer Time),0,0.0193,0.0972,0
Sat Sep 07 2024 08:00:00 GMT+0100 (British Summer Time),0,0.0193,0.0972,0
Sat Sep 07 2024 09:00:00 GMT+0100 (British Summer Time),0,0.0193,0.0972,38936.562156285974
Sat Sep 07 2024 10:00:00 GMT+0100 (British Summer Time),0,0.0193,0.1005,0
Sat Sep 07 2024 11:00:00 GMT+0100 (British Summer Time),0,0.0193,0.1005,0
Sat Sep 07 2024 12:00:00 GMT+0100 (British Summer Time),0,0.0193,0.1004,1330.7290582159121
Sat Sep 07 2024 13:00:00 GMT+0100 (British Summer Time),0,0.0193,0.0988,18948.013720728595
Sat Sep 07 2024 14:00:00 GMT+0100 (British Summer Time),0,0.0193,0.0988,0
Sat Sep 07 2024 15:00:00 GMT+0100 (British Summer Time),0,0.0193,0.0988,0
Sat Sep 07 2024 16:00:00 GMT+0100 (British Summer Time),0,0.0193,0.0992,4787.026931089645
Sat Sep 07 2024 17:00:00 GMT+0100 (British Summer Time),0,0.0193,0.0992,0
Sat Sep 07 2024 18:00:00 GMT+0100 (British Summer Time),0,0.0193,0.0992,3.449747713199527
Sat Sep 07 2024 19:00:00 GMT+0100 (British Summer Time),0,0.0193,0.0992,0
Sat Sep 07 2024 20:00:00 GMT+0100 (British Summer Time),0,0.0193,0.0992,0
Sat Sep 07 2024 21:00:00 GMT+0100 (British Summer Time),0,0.0193,0.0992,0
Sat Sep 07 2024 22:00:00 GMT+0100 (British Summer Time),0,0.0193,0.0992,0
Sat Sep 07 2024 23:00:00 GMT+0100 (British Summer Time),0,0.0193,0.0992,0
Sun Sep 08 2024 00:00:00 GMT+0100 (British Summer Time),0,0.0193,0.0994,2386.8231660285087
Sun Sep 08 2024 01:00:00 GMT+0100 (British Summer Time),0,0.0193,0.0995,1440.4806152219332
Sun Sep 08 2024 02:00:00 GMT+0100 (British Summer Time),0,0.0193,0.0988,12011.22137760128
Sun Sep 08 2024 03:00:00 GMT+0100 (British Summer Time),0,0.0193,0.0988,0
Sun Sep 08 2024 04:00:00 GMT+0100 (British Summer Time),0,0.0193,0.0988,0
Sun Sep 08 2024 05:00:00 GMT+0100 (British Summer Time),0,0.0193,0.0988,0
Sun Sep 08 2024 06:00:00 GMT+0100 (British Summer Time),0,0.0193,0.0988,0
Sun Sep 08 2024 07:00:00 GMT+0100 (British Summer Time),0,0.0193,0.0988,0
Sun Sep 08 2024 08:00:00 GMT+0100 (British Summer Time),0,0.0192,0.0991,2954.057261241533
Sun Sep 08 2024 09:00:00 GMT+0100 (British Summer Time),0,0.0191,0.0997,8172.887086905345
Sun Sep 08 2024 10:00:00 GMT+0100 (British Summer Time),0.0226,0.0203,0.0997,0
Sun Sep 08 2024 11:00:00 GMT+0100 (British Summer Time),0.0226,0.0203,0.0997,0
Sun Sep 08 2024 12:00:00 GMT+0100 (British Summer Time),0.0226,0.0203,0.0997,0
Sun Sep 08 2024 13:00:00 GMT+0100 (British Summer Time),0.0226,0.0203,0.0997,0
Sun Sep 08 2024 14:00:00 GMT+0100 (British Summer Time),0.0226,0.0203,0.0997,0
Sun Sep 08 2024 15:00:00 GMT+0100 (British Summer Time),0.0226,0.0203,0.0997,0
Sun Sep 08 2024 16:00:00 GMT+0100 (British Summer Time),0.0226,0.0203,0.0997,0
Sun Sep 08 2024 17:00:00 GMT+0100 (British Summer Time),0.0226,0.0203,0.0997,0
Sun Sep 08 2024 18:00:00 GMT+0100 (British Summer Time),0.0226,0.0203,0.0997,0
Sun Sep 08 2024 19:00:00 GMT+0100 (British Summer Time),0.0226,0.0203,0.0997,0
Sun Sep 08 2024 20:00:00 GMT+0100 (British Summer Time),0.0226,0.0203,0.0959,45315.215855227274
Sun Sep 08 2024 21:00:00 GMT+0100 (British Summer Time),0.0226,0.0203,0.0959,0
Sun Sep 08 2024 22:00:00 GMT+0100 (British Summer Time),0.0226,0.0203,0.0959,0
Sun Sep 08 2024 23:00:00 GMT+0100 (British Summer Time),0.0226,0.0203,0.0959,0
Mon Sep 09 2024 00:00:00 GMT+0100 (British Summer Time),0.0226,0.0203,0.0961,2652.254712847301
Mon Sep 09 2024 01:00:00 GMT+0100 (British Summer Time),0.0226,0.0224,0.0961,0
Mon Sep 09 2024 02:00:00 GMT+0100 (British Summer Time),0.0226,0.0224,0.0961,0
Mon Sep 09 2024 03:00:00 GMT+0100 (British Summer Time),0.0226,0.0224,0.0961,0
Mon Sep 09 2024 04:00:00 GMT+0100 (British Summer Time),0.0226,0.0224,0.0961,0
Mon Sep 09 2024 05:00:00 GMT+0100 (British Summer Time),0.0226,0.0224,0.0961,0
Mon Sep 09 2024 06:00:00 GMT+0100 (British Summer Time),0.0226,0.0224,0.0961,0
Mon Sep 09 2024 07:00:00 GMT+0100 (British Summer Time),0.0227,0.0224,0.0961,0
Mon Sep 09 2024 08:00:00 GMT+0100 (British Summer Time),0.023,0.0219,0.0961,0
Mon Sep 09 2024 09:00:00 GMT+0100 (British Summer Time),0.0233,0.0218,0.0961,0
Mon Sep 09 2024 10:00:00 GMT+0100 (British Summer Time),0,0.0218,0.0961,0
Mon Sep 09 2024 11:00:00 GMT+0100 (British Summer Time),0,0.0218,0.0961,0
Mon Sep 09 2024 12:00:00 GMT+0100 (British Summer Time),0,0.0219,0.0961,0
Mon Sep 09 2024 13:00:00 GMT+0100 (British Summer Time),0,0.0219,0.0961,0
Mon Sep 09 2024 14:00:00 GMT+0100 (British Summer Time),0,0.0218,0.0961,0
Mon Sep 09 2024 15:00:00 GMT+0100 (British Summer Time),0,0.0218,0.0961,0
Mon Sep 09 2024 16:00:00 GMT+0100 (British Summer Time),0,0.0219,0.0961,0
Mon Sep 09 2024 17:00:00 GMT+0100 (British Summer Time),0,0.0219,0.0961,0
Mon Sep 09 2024 18:00:00 GMT+0100 (British Summer Time),0,0.0218,0.0961,0
Mon Sep 09 2024 19:00:00 GMT+0100 (British Summer Time),0,0.0218,0.0961,0
Mon Sep 09 2024 20:00:00 GMT+0100 (British Summer Time),0,0.0218,0.0961,0
Mon Sep 09 2024 21:00:00 GMT+0100 (British Summer Time),0,0.0219,0.0961,0
Mon Sep 09 2024 22:00:00 GMT+0100 (British Summer Time),0,0.0219,0.0961,0
Mon Sep 09 2024 23:00:00 GMT+0100 (British Summer Time),0,0.0218,0.0961,14.074538286429354
Tue Sep 10 2024 00:00:00 GMT+0100 (British Summer Time),0,0.0218,0.0961,0
Tue Sep 10 2024 01:00:00 GMT+0100 (British Summer Time),0,0.0219,0.0961,0
Tue Sep 10 2024 02:00:00 GMT+0100 (British Summer Time),0,0.0218,0.0965,4728.543106320895
Tue Sep 10 2024 03:00:00 GMT+0100 (British Summer Time),0,0.0218,0.0965,0
Tue Sep 10 2024 04:00:00 GMT+0100 (British Summer Time),0,0.0218,0.0965,0
Tue Sep 10 2024 05:00:00 GMT+0100 (British Summer Time),0,0.0218,0.0965,0
Tue Sep 10 2024 06:00:00 GMT+0100 (British Summer Time),0,0.0218,0.0981,18656.53885918415
Tue Sep 10 2024 07:00:00 GMT+0100 (British Summer Time),0,0.0218,0.0981,0
Tue Sep 10 2024 08:00:00 GMT+0100 (British Summer Time),0,0.0219,0.0941,47681.11004226825
Tue Sep 10 2024 09:00:00 GMT+0100 (British Summer Time),0,0.0218,0.0941,0
Tue Sep 10 2024 10:00:00 GMT+0100 (British Summer Time),0,0.0219,0.0943,1959.7871928231548
Tue Sep 10 2024 11:00:00 GMT+0100 (British Summer Time),0,0.0218,0.0943,0
Tue Sep 10 2024 12:00:00 GMT+0100 (British Summer Time),0,0.0218,0.0943,0
Tue Sep 10 2024 13:00:00 GMT+0100 (British Summer Time),0,0.0218,0.0943,0
Tue Sep 10 2024 14:00:00 GMT+0100 (British Summer Time),0,0.0218,0.0943,0
Tue Sep 10 2024 15:00:00 GMT+0100 (British Summer Time),0,0.0219,0.0943,0
Tue Sep 10 2024 16:00:00 GMT+0100 (British Summer Time),0,0.0218,0.0943,0
Tue Sep 10 2024 17:00:00 GMT+0100 (British Summer Time),0,0.0218,0.0943,0
Tue Sep 10 2024 18:00:00 GMT+0100 (British Summer Time),0,0.0218,0.0943,0
Tue Sep 10 2024 19:00:00 GMT+0100 (British Summer Time),0,0.0219,0.0943,0
Tue Sep 10 2024 20:00:00 GMT+0100 (British Summer Time),0,0.0218,0.0943,20744.308505185567
Tue Sep 10 2024 21:00:00 GMT+0100 (British Summer Time),0,0.0218,0.0966,7160.961241187482
Tue Sep 10 2024 22:00:00 GMT+0100 (British Summer Time),0,0.0218,0.0966,0
Tue Sep 10 2024 23:00:00 GMT+0100 (British Summer Time),0,0.0219,0.1098,236036.94077304675
Wed Sep 11 2024 00:00:00 GMT+0100 (British Summer Time),0,0.0218,0.1098,0
Wed Sep 11 2024 01:00:00 GMT+0100 (British Summer Time),0,0.0218,0.1098,0
Wed Sep 11 2024 02:00:00 GMT+0100 (British Summer Time),0,0.0218,0.1098,0
Wed Sep 11 2024 03:00:00 GMT+0100 (British Summer Time),0,0.0218,0.1098,0
Wed Sep 11 2024 04:00:00 GMT+0100 (British Summer Time),0,0.0218,0.1098,0
Wed Sep 11 2024 05:00:00 GMT+0100 (British Summer Time),0.0216,0.0218,0.1098,0
Wed Sep 11 2024 06:00:00 GMT+0100 (British Summer Time),0.0216,0.0218,0.1098,0
Wed Sep 11 2024 07:00:00 GMT+0100 (British Summer Time),0.0216,0.0218,0.1098,0
Wed Sep 11 2024 08:00:00 GMT+0100 (British Summer Time),0.0216,0.0218,0.1202,129447.53377545359
Wed Sep 11 2024 09:00:00 GMT+0100 (British Summer Time),0.0216,0.0218,0.1205,3541.5005619673066
Wed Sep 11 2024 10:00:00 GMT+0100 (British Summer Time),0.0216,0.0218,0.1205,0
Wed Sep 11 2024 11:00:00 GMT+0100 (British Summer Time),0.0216,0.0218,0.1205,0
Wed Sep 11 2024 12:00:00 GMT+0100 (British Summer Time),0.0216,0.0218,0.1205,0
Wed Sep 11 2024 13:00:00 GMT+0100 (British Summer Time),0.0216,0.0218,0.1205,0
Wed Sep 11 2024 14:00:00 GMT+0100 (British Summer Time),0.0216,0.0218,0.1205,0
Wed Sep 11 2024 15:00:00 GMT+0100 (British Summer Time),0.0216,0.0218,0.1205,0
Wed Sep 11 2024 16:00:00 GMT+0100 (British Summer Time),0.0216,0.0218,0.1205,0
Wed Sep 11 2024 17:00:00 GMT+0100 (British Summer Time),0.0216,0.0218,0.1205,0
Wed Sep 11 2024 18:00:00 GMT+0100 (British Summer Time),0.0216,0.0218,0.1205,0
Wed Sep 11 2024 19:00:00 GMT+0100 (British Summer Time),0.0216,0.0218,0.1205,0
Wed Sep 11 2024 20:00:00 GMT+0100 (British Summer Time),0.0216,0.0218,0.1205,0
Wed Sep 11 2024 21:00:00 GMT+0100 (British Summer Time),0.0216,0.0218,0.1205,0
Wed Sep 11 2024 22:00:00 GMT+0100 (British Summer Time),0.0216,0.0218,0.1205,0
Wed Sep 11 2024 23:00:00 GMT+0100 (British Summer Time),0.0216,0.0218,0.1205,0
Thu Sep 12 2024 00:00:00 GMT+0100 (British Summer Time),0.0216,0.0218,0.1205,0
Thu Sep 12 2024 01:00:00 GMT+0100 (British Summer Time),0.0216,0.0218,0.1168,46586.846484918606
Thu Sep 12 2024 02:00:00 GMT+0100 (British Summer Time),0.0216,0.0218,0.1168,0
Thu Sep 12 2024 03:00:00 GMT+0100 (British Summer Time),0.0216,0.0218,0.1168,0
Thu Sep 12 2024 04:00:00 GMT+0100 (British Summer Time),0.0216,0.0218,0.1168,0
Thu Sep 12 2024 05:00:00 GMT+0100 (British Summer Time),0,0.0218,0.1168,0
Thu Sep 12 2024 06:00:00 GMT+0100 (British Summer Time),0,0.0218,0.1168,0
Thu Sep 12 2024 07:00:00 GMT+0100 (British Summer Time),0,0.0221,0.1168,0
Thu Sep 12 2024 08:00:00 GMT+0100 (British Summer Time),0,0.0221,0.1168,0
Thu Sep 12 2024 09:00:00 GMT+0100 (British Summer Time),0,0.0221,0.1169,1962.1345507403214
Thu Sep 12 2024 10:00:00 GMT+0100 (British Summer Time),0,0.0221,0.1234,80772.34492675548
Thu Sep 12 2024 11:00:00 GMT+0100 (British Summer Time),0,0.0221,0.1234,0
Thu Sep 12 2024 12:00:00 GMT+0100 (British Summer Time),0,0.0221,0.1234,0
Thu Sep 12 2024 13:00:00 GMT+0100 (British Summer Time),0,0.0221,0.1234,0
Thu Sep 12 2024 14:00:00 GMT+0100 (British Summer Time),0,0.0221,0.1234,0
Thu Sep 12 2024 15:00:00 GMT+0100 (British Summer Time),0,0.0221,0.1234,0
Thu Sep 12 2024 16:00:00 GMT+0100 (British Summer Time),0,0.0221,0.1234,0
Thu Sep 12 2024 17:00:00 GMT+0100 (British Summer Time),0,0.0221,0.1234,0
Thu Sep 12 2024 18:00:00 GMT+0100 (British Summer Time),0,0.0221,0.1234,0
Thu Sep 12 2024 19:00:00 GMT+0100 (British Summer Time),0,0.0221,0.1234,0
Thu Sep 12 2024 20:00:00 GMT+0100 (British Summer Time),0,0.0221,0.1234,0
Thu Sep 12 2024 21:00:00 GMT+0100 (British Summer Time),0,0.0221,0.1234,0
Thu Sep 12 2024 22:00:00 GMT+0100 (British Summer Time),0,0.0221,0.1234,0
Thu Sep 12 2024 23:00:00 GMT+0100 (British Summer Time),0,0.0221,0.1234,0
Fri Sep 13 2024 00:00:00 GMT+0100 (British Summer Time),0,0.0221,0.1234,0
Fri Sep 13 2024 01:00:00 GMT+0100 (British Summer Time),0,0.0221,0.1234,0
Fri Sep 13 2024 02:00:00 GMT+0100 (British Summer Time),0,0.0221,0.1234,0
Fri Sep 13 2024 03:00:00 GMT+0100 (British Summer Time),0,0.0221,0.1234,0
Fri Sep 13 2024 04:00:00 GMT+0100 (British Summer Time),0,0.0221,0.1234,0
Fri Sep 13 2024 05:00:00 GMT+0100 (British Summer Time),0,0.0221,0.1234,0
Fri Sep 13 2024 06:00:00 GMT+0100 (British Summer Time),0,0.0221,0.1238,4921.938444364152
Fri Sep 13 2024 07:00:00 GMT+0100 (British Summer Time),0,0.0221,0.1239,1809.08358488389
Fri Sep 13 2024 08:00:00 GMT+0100 (British Summer Time),0,0.0221,0.1264,30491.14507820524
Fri Sep 13 2024 09:00:00 GMT+0100 (British Summer Time),0,0.0221,0.1274,12392.238782170436
Fri Sep 13 2024 10:00:00 GMT+0100 (British Summer Time),0,0.0221,0.1274,0
Fri Sep 13 2024 11:00:00 GMT+0100 (British Summer Time),0,0.0221,0.1274,0
Fri Sep 13 2024 12:00:00 GMT+0100 (British Summer Time),0,0.0221,0.1274,0
Fri Sep 13 2024 13:00:00 GMT+0100 (British Summer Time),0,0.0221,0.1274,0
Fri Sep 13 2024 14:00:00 GMT+0100 (British Summer Time),0,0.0221,0.1274,0
Fri Sep 13 2024 15:00:00 GMT+0100 (British Summer Time),0,0.0221,0.1274,0
Fri Sep 13 2024 16:00:00 GMT+0100 (British Summer Time),0.0236,0.0225,0.1274,0
Fri Sep 13 2024 17:00:00 GMT+0100 (British Summer Time),0.0236,0.0225,0.1274,0
Fri Sep 13 2024 18:00:00 GMT+0100 (British Summer Time),0.0236,0.0226,0.1272,2447.3726064955954
Fri Sep 13 2024 19:00:00 GMT+0100 (British Summer Time),0.0236,0.0226,0.1266,56117.34570308273
Fri Sep 13 2024 20:00:00 GMT+0100 (British Summer Time),0.0236,0.0226,0.1228,0
Fri Sep 13 2024 21:00:00 GMT+0100 (British Summer Time),0.0236,0.0225,0.1228,0
Fri Sep 13 2024 22:00:00 GMT+0100 (British Summer Time),0.0236,0.0226,0.1239,13890.26664908166
Fri Sep 13 2024 23:00:00 GMT+0100 (British Summer Time),0.0236,0.0226,0.1244,7303.6226574349785
Sat Sep 14 2024 00:00:00 GMT+0100 (British Summer Time),0.0236,0.0226,0.1244,0
Sat Sep 14 2024 01:00:00 GMT+0100 (British Summer Time),0.0236,0.0225,0.1244,0
Sat Sep 14 2024 02:00:00 GMT+0100 (British Summer Time),0.0236,0.0225,0.1244,0
Sat Sep 14 2024 03:00:00 GMT+0100 (British Summer Time),0.0236,0.0225,0.1244,0
Sat Sep 14 2024 04:00:00 GMT+0100 (British Summer Time),0.0236,0.0225,0.124,4960.440117904694
Sat Sep 14 2024 05:00:00 GMT+0100 (British Summer Time),0.0236,0.0225,0.124,0
Sat Sep 14 2024 06:00:00 GMT+0100 (British Summer Time),0.0236,0.0225,0.1239,4820.0526853303145
Sat Sep 14 2024 07:00:00 GMT+0100 (British Summer Time),0.0236,0.0225,0.123,12038.090331937028
Sat Sep 14 2024 08:00:00 GMT+0100 (British Summer Time),0.0236,0.0225,0.123,0
Sat Sep 14 2024 09:00:00 GMT+0100 (British Summer Time),0.0236,0.0225,0.123,0
Sat Sep 14 2024 10:00:00 GMT+0100 (British Summer Time),0.0236,0.0225,0.123,0
Sat Sep 14 2024 11:00:00 GMT+0100 (British Summer Time),0.0236,0.0225,0.123,0
Sat Sep 14 2024 12:00:00 GMT+0100 (British Summer Time),0.0236,0.0225,0.123,0
Sat Sep 14 2024 13:00:00 GMT+0100 (British Summer Time),0.0236,0.0225,0.123,0
Sat Sep 14 2024 14:00:00 GMT+0100 (British Summer Time),0.0236,0.0225,0.1218,14448.44123386726
Sat Sep 14 2024 15:00:00 GMT+0100 (British Summer Time),0.0236,0.0225,0.1218,0
Sat Sep 14 2024 16:00:00 GMT+0100 (British Summer Time),0,0.0225,0.122,1433.5531296326856
Sat Sep 14 2024 17:00:00 GMT+0100 (British Summer Time),0,0.0225,0.1277,72352.43225706817
Sat Sep 14 2024 18:00:00 GMT+0100 (British Summer Time),0,0.0225,0.1277,0
Sat Sep 14 2024 19:00:00 GMT+0100 (British Summer Time),0,0.0225,0.128,4847.441533883215
Sat Sep 14 2024 20:00:00 GMT+0100 (British Summer Time),0,0.0225,0.128,0
Sat Sep 14 2024 21:00:00 GMT+0100 (British Summer Time),0,0.0225,0.128,0
Sat Sep 14 2024 22:00:00 GMT+0100 (British Summer Time),0,0.0225,0.1242,48108.18026967608
Sat Sep 14 2024 23:00:00 GMT+0100 (British Summer Time),0,0.0225,0.1242,0
Sun Sep 15 2024 00:00:00 GMT+0100 (British Summer Time),0,0.0225,0.1242,0
Sun Sep 15 2024 01:00:00 GMT+0100 (British Summer Time),0,0.0225,0.1244,2028.33899358684
Sun Sep 15 2024 02:00:00 GMT+0100 (British Summer Time),0,0.0225,0.1244,0
Sun Sep 15 2024 03:00:00 GMT+0100 (British Summer Time),0,0.0225,0.1244,0
Sun Sep 15 2024 04:00:00 GMT+0100 (British Summer Time),0,0.0225,0.1251,9579.958723257894
Sun Sep 15 2024 05:00:00 GMT+0100 (British Summer Time),0,0.0225,0.1256,5732.71575541876
Sun Sep 15 2024 06:00:00 GMT+0100 (British Summer Time),0,0.0225,0.1256,0
Sun Sep 15 2024 07:00:00 GMT+0100 (British Summer Time),0,0.0226,0.1256,0
Sun Sep 15 2024 08:00:00 GMT+0100 (British Summer Time),0,0.0227,0.1256,0
Sun Sep 15 2024 09:00:00 GMT+0100 (British Summer Time),0,0.0228,0.1258,2446.613739622513
Sun Sep 15 2024 10:00:00 GMT+0100 (British Summer Time),0,0.0225,0.1258,0
Sun Sep 15 2024 11:00:00 GMT+0100 (British Summer Time),0,0.0225,0.1258,0
Sun Sep 15 2024 12:00:00 GMT+0100 (British Summer Time),0,0.0225,0.1258,0
Sun Sep 15 2024 13:00:00 GMT+0100 (British Summer Time),0,0.0225,0.1258,0
Sun Sep 15 2024 14:00:00 GMT+0100 (British Summer Time),0,0.0225,0.1258,0
Sun Sep 15 2024 15:00:00 GMT+0100 (British Summer Time),0,0.0225,0.1258,0
Sun Sep 15 2024 16:00:00 GMT+0100 (British Summer Time),0,0.0225,0.1258,0
Sun Sep 15 2024 17:00:00 GMT+0100 (British Summer Time),0,0.0225,0.1258,0
Sun Sep 15 2024 18:00:00 GMT+0100 (British Summer Time),0,0.0225,0.1258,0
Sun Sep 15 2024 19:00:00 GMT+0100 (British Summer Time),0,0.0225,0.1257,1324.3622157552836
Sun Sep 15 2024 20:00:00 GMT+0100 (British Summer Time),0,0.0225,0.1257,0
Sun Sep 15 2024 21:00:00 GMT+0100 (British Summer Time),0,0.0225,0.1257,0
Sun Sep 15 2024 22:00:00 GMT+0100 (British Summer Time),0,0.0225,0.1257,0
Sun Sep 15 2024 23:00:00 GMT+0100 (British Summer Time),0,0.0225,0.1258,1209.440534089276
Mon Sep 16 2024 00:00:00 GMT+0100 (British Summer Time),0,0.0225,0.1258,0
Mon Sep 16 2024 01:00:00 GMT+0100 (British Summer Time),0,0.0225,0.1258,0
Mon Sep 16 2024 02:00:00 GMT+0100 (British Summer Time),0,0.0225,0.1239,22803.26560060307
Mon Sep 16 2024 03:00:00 GMT+0100 (British Summer Time),0,0.0225,0.1239,0
Mon Sep 16 2024 04:00:00 GMT+0100 (British Summer Time),0,0.0225,0.1243,5056.213686760277
Mon Sep 16 2024 05:00:00 GMT+0100 (British Summer Time),0,0.0225,0.1243,0
Mon Sep 16 2024 06:00:00 GMT+0100 (British Summer Time),0,0.0225,0.1243,0
Mon Sep 16 2024 07:00:00 GMT+0100 (British Summer Time),0,0.0225,0.1243,0
Mon Sep 16 2024 08:00:00 GMT+0100 (British Summer Time),0,0.0225,0.1243,0
Mon Sep 16 2024 09:00:00 GMT+0100 (British Summer Time),0,0.0225,0.1243,0
Mon Sep 16 2024 10:00:00 GMT+0100 (British Summer Time),0,0.0225,0.1243,0
Mon Sep 16 2024 11:00:00 GMT+0100 (British Summer Time),0,0.0225,0.1243,0
Mon Sep 16 2024 12:00:00 GMT+0100 (British Summer Time),0,0.0225,0.1243,0
Mon Sep 16 2024 13:00:00 GMT+0100 (British Summer Time),0,0.0225,0.1243,0
Mon Sep 16 2024 14:00:00 GMT+0100 (British Summer Time),0,0.0225,0.1243,0
Mon Sep 16 2024 15:00:00 GMT+0100 (British Summer Time),0,0.0225,0.1243,0
Mon Sep 16 2024 16:00:00 GMT+0100 (British Summer Time),0,0.0225,0.1243,0
Mon Sep 16 2024 17:00:00 GMT+0100 (British Summer Time),0,0.0225,0.1243,0
Mon Sep 16 2024 18:00:00 GMT+0100 (British Summer Time),0,0.0225,0.1354,129075.62791455268
Mon Sep 16 2024 19:00:00 GMT+0100 (British Summer Time),0,0.0225,0.1354,0
Mon Sep 16 2024 20:00:00 GMT+0100 (British Summer Time),0,0.0225,0.1354,0
Mon Sep 16 2024 21:00:00 GMT+0100 (British Summer Time),0,0.0225,0.1354,0
Mon Sep 16 2024 22:00:00 GMT+0100 (British Summer Time),0,0.0225,0.1354,0
Mon Sep 16 2024 23:00:00 GMT+0100 (British Summer Time),0,0.0225,0.1354,0
Tue Sep 17 2024 00:00:00 GMT+0100 (British Summer Time),0,0.0225,0.1354,0
Tue Sep 17 2024 01:00:00 GMT+0100 (British Summer Time),0,0.021,0.1362,9557.467898206145
Tue Sep 17 2024 02:00:00 GMT+0100 (British Summer Time),0,0.021,0.1362,0
Tue Sep 17 2024 03:00:00 GMT+0100 (British Summer Time),0,0.021,0.1362,0
Tue Sep 17 2024 04:00:00 GMT+0100 (British Summer Time),0,0.021,0.1362,0
Tue Sep 17 2024 05:00:00 GMT+0100 (British Summer Time),0,0.021,0.1362,0
Tue Sep 17 2024 06:00:00 GMT+0100 (British Summer Time),0,0.021,0.1362,0
Tue Sep 17 2024 07:00:00 GMT+0100 (British Summer Time),0,0.021,0.1362,0
Tue Sep 17 2024 08:00:00 GMT+0100 (British Summer Time),0,0.021,0.1362,0
Tue Sep 17 2024 09:00:00 GMT+0100 (British Summer Time),0,0.021,0.1362,0
Tue Sep 17 2024 10:00:00 GMT+0100 (British Summer Time),0,0.021,0.1362,0
Tue Sep 17 2024 11:00:00 GMT+0100 (British Summer Time),0,0.021,0.1365,3865.9143987558086
Tue Sep 17 2024 12:00:00 GMT+0100 (British Summer Time),0,0.021,0.1365,0
Tue Sep 17 2024 13:00:00 GMT+0100 (British Summer Time),0,0.021,0.1365,0
Tue Sep 17 2024 14:00:00 GMT+0100 (British Summer Time),0,0.021,0.1365,0
Tue Sep 17 2024 15:00:00 GMT+0100 (British Summer Time),0.0202,0.0215,0.1365,0
Tue Sep 17 2024 16:00:00 GMT+0100 (British Summer Time),0.0202,0.0215,0.1365,0
Tue Sep 17 2024 17:00:00 GMT+0100 (British Summer Time),0.0202,0.0215,0.1365,0
Tue Sep 17 2024 18:00:00 GMT+0100 (British Summer Time),0.0202,0.0215,0.1365,0
Tue Sep 17 2024 19:00:00 GMT+0100 (British Summer Time),0.0202,0.0215,0.1378,14996.365130653767
Tue Sep 17 2024 20:00:00 GMT+0100 (British Summer Time),0.0202,0.0215,0.1378,0
Tue Sep 17 2024 21:00:00 GMT+0100 (British Summer Time),0.0202,0.0215,0.1378,0
Tue Sep 17 2024 22:00:00 GMT+0100 (British Summer Time),0.0202,0.0215,0.1378,0
Tue Sep 17 2024 23:00:00 GMT+0100 (British Summer Time),0.0202,0.0215,0.1378,0
Wed Sep 18 2024 00:00:00 GMT+0100 (British Summer Time),0.0202,0.0215,0.1378,0
Wed Sep 18 2024 01:00:00 GMT+0100 (British Summer Time),0.0223,0.0215,0.1368,11783.184916244627
Wed Sep 18 2024 02:00:00 GMT+0100 (British Summer Time),0.0223,0.0215,0.1368,0
Wed Sep 18 2024 03:00:00 GMT+0100 (British Summer Time),0.0223,0.0215,0.1368,0
Wed Sep 18 2024 04:00:00 GMT+0100 (British Summer Time),0.0223,0.0215,0.1368,0
Wed Sep 18 2024 05:00:00 GMT+0100 (British Summer Time),0.0223,0.0215,0.1368,0
Wed Sep 18 2024 06:00:00 GMT+0100 (British Summer Time),0.0223,0.0215,0.1368,0
Wed Sep 18 2024 07:00:00 GMT+0100 (British Summer Time),0.0223,0.0215,0.1368,0
Wed Sep 18 2024 08:00:00 GMT+0100 (British Summer Time),0.0223,0.0215,0.1368,0
Wed Sep 18 2024 09:00:00 GMT+0100 (British Summer Time),0.0223,0.0215,0.1368,0
Wed Sep 18 2024 10:00:00 GMT+0100 (British Summer Time),0.0223,0.0215,0.1439,71589.07373967911
Wed Sep 18 2024 11:00:00 GMT+0100 (British Summer Time),0.0223,0.0215,0.1439,0
Wed Sep 18 2024 12:00:00 GMT+0100 (British Summer Time),0.0223,0.0215,0.1439,0
Wed Sep 18 2024 13:00:00 GMT+0100 (British Summer Time),0.0223,0.0215,0.1439,0
Wed Sep 18 2024 14:00:00 GMT+0100 (British Summer Time),0.0223,0.0215,0.1439,0
Wed Sep 18 2024 15:00:00 GMT+0100 (British Summer Time),0,0.0215,0.1439,0
Wed Sep 18 2024 16:00:00 GMT+0100 (British Summer Time),0,0.0215,0.1439,0
Wed Sep 18 2024 17:00:00 GMT+0100 (British Summer Time),0,0.0215,0.1439,0
Wed Sep 18 2024 18:00:00 GMT+0100 (British Summer Time),0,0.0215,0.1439,0
Wed Sep 18 2024 19:00:00 GMT+0100 (British Summer Time),0,0.0215,0.1439,0
Wed Sep 18 2024 20:00:00 GMT+0100 (British Summer Time),0,0.0215,0.1439,0
Wed Sep 18 2024 21:00:00 GMT+0100 (British Summer Time),0,0.0215,0.1439,0
Wed Sep 18 2024 22:00:00 GMT+0100 (British Summer Time),0,0.0215,0.1439,0
Wed Sep 18 2024 23:00:00 GMT+0100 (British Summer Time),0,0.0215,0.1439,0
Thu Sep 19 2024 00:00:00 GMT+0100 (British Summer Time),0,0.0215,0.1439,0
Thu Sep 19 2024 01:00:00 GMT+0100 (British Summer Time),0,0.0215,0.1439,0
Thu Sep 19 2024 02:00:00 GMT+0100 (British Summer Time),0,0.0215,0.1321,124557.42378210461
Thu Sep 19 2024 03:00:00 GMT+0100 (British Summer Time),0,0.0215,0.1321,0
Thu Sep 19 2024 04:00:00 GMT+0100 (British Summer Time),0,0.0215,0.1321,0
Thu Sep 19 2024 05:00:00 GMT+0100 (British Summer Time),0,0.0215,0.1321,0
Thu Sep 19 2024 06:00:00 GMT+0100 (British Summer Time),0,0.0215,0.1321,0
Thu Sep 19 2024 07:00:00 GMT+0100 (British Summer Time),0,0.0215,0.1321,0
Thu Sep 19 2024 08:00:00 GMT+0100 (British Summer Time),0,0.0215,0.1321,0
Thu Sep 19 2024 09:00:00 GMT+0100 (British Summer Time),0,0.0215,0.1321,0
Thu Sep 19 2024 10:00:00 GMT+0100 (British Summer Time),0,0.0215,0.1332,12363.052277349048
Thu Sep 19 2024 11:00:00 GMT+0100 (British Summer Time),0,0.0215,0.1332,0
Thu Sep 19 2024 12:00:00 GMT+0100 (British Summer Time),0,0.0215,0.1332,0
Thu Sep 19 2024 13:00:00 GMT+0100 (British Summer Time),0,0.0215,0.1332,0
Thu Sep 19 2024 14:00:00 GMT+0100 (British Summer Time),0,0.0215,0.1332,0
Thu Sep 19 2024 15:00:00 GMT+0100 (British Summer Time),0,0.0215,0.1332,0
Thu Sep 19 2024 16:00:00 GMT+0100 (British Summer Time),0,0.0215,0.1332,0
Thu Sep 19 2024 17:00:00 GMT+0100 (British Summer Time),0,0.0215,0.1332,0
Thu Sep 19 2024 18:00:00 GMT+0100 (British Summer Time),0,0.0215,0.1332,0
Thu Sep 19 2024 19:00:00 GMT+0100 (British Summer Time),0,0.0215,0.1332,0
Thu Sep 19 2024 20:00:00 GMT+0100 (British Summer Time),0,0.0215,0.1332,0
Thu Sep 19 2024 21:00:00 GMT+0100 (British Summer Time),0,0.0215,0.1332,0
Thu Sep 19 2024 22:00:00 GMT+0100 (British Summer Time),0,0.0215,0.1332,0
Thu Sep 19 2024 23:00:00 GMT+0100 (British Summer Time),0,0.0215,0.1332,0
Fri Sep 20 2024 00:00:00 GMT+0100 (British Summer Time),0,0.0215,0.1332,0
Fri Sep 20 2024 01:00:00 GMT+0100 (British Summer Time),0,0.0215,0.1354,24357.110640911033
Fri Sep 20 2024 02:00:00 GMT+0100 (British Summer Time),0,0.0215,0.1354,0
Fri Sep 20 2024 03:00:00 GMT+0100 (British Summer Time),0,0.0215,0.1354,0
Fri Sep 20 2024 04:00:00 GMT+0100 (British Summer Time),0.0224,0.0218,0.1354,0
Fri Sep 20 2024 05:00:00 GMT+0100 (British Summer Time),0.0224,0.0218,0.1354,0
Fri Sep 20 2024 06:00:00 GMT+0100 (British Summer Time),0.0224,0.0218,0.1354,0
Fri Sep 20 2024 07:00:00 GMT+0100 (British Summer Time),0.0224,0.0218,0.1459,108610.23713746376
Fri Sep 20 2024 08:00:00 GMT+0100 (British Summer Time),0.0224,0.0218,0.1459,0
Fri Sep 20 2024 09:00:00 GMT+0100 (British Summer Time),0.0224,0.0218,0.1459,0
Fri Sep 20 2024 10:00:00 GMT+0100 (British Summer Time),0.0224,0.0218,0.1459,0
Fri Sep 20 2024 11:00:00 GMT+0100 (British Summer Time),0.0224,0.0218,0.1459,0
Fri Sep 20 2024 12:00:00 GMT+0100 (British Summer Time),0.0224,0.0218,0.1459,0
Fri Sep 20 2024 13:00:00 GMT+0100 (British Summer Time),0.0224,0.0218,0.1459,0
Fri Sep 20 2024 14:00:00 GMT+0100 (British Summer Time),0.0224,0.0218,0.1459,0
Fri Sep 20 2024 15:00:00 GMT+0100 (British Summer Time),0.0224,0.0218,0.1459,0
Fri Sep 20 2024 16:00:00 GMT+0100 (British Summer Time),0.0224,0.0211,0.1459,0
Fri Sep 20 2024 17:00:00 GMT+0100 (British Summer Time),0.0224,0.0211,0.1459,0
Fri Sep 20 2024 18:00:00 GMT+0100 (British Summer Time),0.0224,0.0211,0.1459,0
Fri Sep 20 2024 19:00:00 GMT+0100 (British Summer Time),0.0224,0.0211,0.1459,0
Fri Sep 20 2024 20:00:00 GMT+0100 (British Summer Time),0.0224,0.0211,0.1459,0
Fri Sep 20 2024 21:00:00 GMT+0100 (British Summer Time),0.0224,0.0211,0.1459,0
Fri Sep 20 2024 22:00:00 GMT+0100 (British Summer Time),0.0224,0.0211,0.1459,0
Fri Sep 20 2024 23:00:00 GMT+0100 (British Summer Time),0.0224,0.0211,0.1459,0
Sat Sep 21 2024 00:00:00 GMT+0100 (British Summer Time),0.0224,0.0211,0.1492,42074.65952164783
Sat Sep 21 2024 01:00:00 GMT+0100 (British Summer Time),0.0224,0.0211,0.1492,0
Sat Sep 21 2024 02:00:00 GMT+0100 (British Summer Time),0.0224,0.0211,0.1492,0
Sat Sep 21 2024 03:00:00 GMT+0100 (British Summer Time),0.0224,0.0211,0.1492,0
Sat Sep 21 2024 04:00:00 GMT+0100 (British Summer Time),0,0.0211,0.1492,0
Sat Sep 21 2024 05:00:00 GMT+0100 (British Summer Time),0,0.0211,0.1492,0
Sat Sep 21 2024 06:00:00 GMT+0100 (British Summer Time),0,0.0211,0.1492,0
Sat Sep 21 2024 07:00:00 GMT+0100 (British Summer Time),0,0.0211,0.1492,0
Sat Sep 21 2024 08:00:00 GMT+0100 (British Summer Time),0,0.0211,0.1492,0
Sat Sep 21 2024 09:00:00 GMT+0100 (British Summer Time),0,0.0211,0.1492,0
Sat Sep 21 2024 10:00:00 GMT+0100 (British Summer Time),0,0.0211,0.1492,0
Sat Sep 21 2024 11:00:00 GMT+0100 (British Summer Time),0,0.0211,0.1492,0
Sat Sep 21 2024 12:00:00 GMT+0100 (British Summer Time),0,0.0211,0.1492,0
Sat Sep 21 2024 13:00:00 GMT+0100 (British Summer Time),0,0.0211,0.1492,0
Sat Sep 21 2024 14:00:00 GMT+0100 (British Summer Time),0,0.0211,0.1492,0
Sat Sep 21 2024 15:00:00 GMT+0100 (British Summer Time),0,0.0211,0.1492,0
Sat Sep 21 2024 16:00:00 GMT+0100 (British Summer Time),0,0.0211,0.1492,0
Sat Sep 21 2024 17:00:00 GMT+0100 (British Summer Time),0,0.0211,0.1492,0
Sat Sep 21 2024 18:00:00 GMT+0100 (British Summer Time),0,0.0211,0.1492,0
Sat Sep 21 2024 19:00:00 GMT+0100 (British Summer Time),0,0.0211,0.1492,0
Sat Sep 21 2024 20:00:00 GMT+0100 (British Summer Time),0,0.0211,0.1492,0
Sat Sep 21 2024 21:00:00 GMT+0100 (British Summer Time),0,0.0211,0.1492,0
Sat Sep 21 2024 22:00:00 GMT+0100 (British Summer Time),0,0.0211,0.1492,0
Sat Sep 21 2024 23:00:00 GMT+0100 (British Summer Time),0,0.0211,0.1492,0
Sun Sep 22 2024 00:00:00 GMT+0100 (British Summer Time),0,0.0211,0.1492,0
Sun Sep 22 2024 01:00:00 GMT+0100 (British Summer Time),0,0.0211,0.1492,0
Sun Sep 22 2024 02:00:00 GMT+0100 (British Summer Time),0,0.0211,0.1549,54973.93999993743
Sun Sep 22 2024 03:00:00 GMT+0100 (British Summer Time),0,0.0211,0.1549,0
Sun Sep 22 2024 04:00:00 GMT+0100 (British Summer Time),0,0.0211,0.1549,0
Sun Sep 22 2024 05:00:00 GMT+0100 (British Summer Time),0,0.0211,0.1549,0
Sun Sep 22 2024 06:00:00 GMT+0100 (British Summer Time),0,0.0211,0.1559,8588.993568099857
Sun Sep 22 2024 07:00:00 GMT+0100 (British Summer Time),0,0.0211,0.1559,0
Sun Sep 22 2024 08:00:00 GMT+0100 (British Summer Time),0,0.0211,0.1559,0
Sun Sep 22 2024 09:00:00 GMT+0100 (British Summer Time),0,0.0211,0.1559,0
Sun Sep 22 2024 10:00:00 GMT+0100 (British Summer Time),0,0.0211,0.1559,0
Sun Sep 22 2024 11:00:00 GMT+0100 (British Summer Time),0,0.0211,0.1559,0
Sun Sep 22 2024 12:00:00 GMT+0100 (British Summer Time),0,0.0211,0.1559,0
Sun Sep 22 2024 13:00:00 GMT+0100 (British Summer Time),0,0.0211,0.1559,0
Sun Sep 22 2024 14:00:00 GMT+0100 (British Summer Time),0,0.0211,0.1559,0
Sun Sep 22 2024 15:00:00 GMT+0100 (British Summer Time),0,0.0211,0.1559,0
Sun Sep 22 2024 16:00:00 GMT+0100 (British Summer Time),0,0.0211,0.1634,61866.868517975054
Sun Sep 22 2024 17:00:00 GMT+0100 (British Summer Time),0,0.0211,0.1634,0
Sun Sep 22 2024 18:00:00 GMT+0100 (British Summer Time),0,0.0211,0.1634,0
Sun Sep 22 2024 19:00:00 GMT+0100 (British Summer Time),0,0.0211,0.1634,0
Sun Sep 22 2024 20:00:00 GMT+0100 (British Summer Time),0,0.0211,0.2003,194558.309699946
Sun Sep 22 2024 21:00:00 GMT+0100 (British Summer Time),0,0.0211,0.2003,1231.9343776155301
Sun Sep 22 2024 22:00:00 GMT+0100 (British Summer Time),0,0.0211,0.2006,0
Sun Sep 22 2024 23:00:00 GMT+0100 (British Summer Time),0,0.0211,0.2006,0
Mon Sep 23 2024 00:00:00 GMT+0100 (British Summer Time),0,0.0211,0.2006,0
Mon Sep 23 2024 01:00:00 GMT+0100 (British Summer Time),0,0.0211,0.2006,0
Mon Sep 23 2024 02:00:00 GMT+0100 (British Summer Time),0,0.0211,0.2006,0
Mon Sep 23 2024 03:00:00 GMT+0100 (British Summer Time),0,0.0211,0.2009,906.6049182695458
Mon Sep 23 2024 04:00:00 GMT+0100 (British Summer Time),0,0.0211,0.2009,0
Mon Sep 23 2024 05:00:00 GMT+0100 (British Summer Time),0,0.0211,0.2009,0
Mon Sep 23 2024 06:00:00 GMT+0100 (British Summer Time),0,0.0211,0.2009,0
Mon Sep 23 2024 07:00:00 GMT+0100 (British Summer Time),0,0.0211,0.2008,244.79812468619113
Mon Sep 23 2024 08:00:00 GMT+0100 (British Summer Time),0,0.0211,0.2009,244.29955452113992
Mon Sep 23 2024 09:00:00 GMT+0100 (British Summer Time),0,0.0211,0.2009,0
Mon Sep 23 2024 10:00:00 GMT+0100 (British Summer Time),0,0.0211,0.2009,0
Mon Sep 23 2024 11:00:00 GMT+0100 (British Summer Time),0,0.0211,0.2009,0
Mon Sep 23 2024 12:00:00 GMT+0100 (British Summer Time),0,0.0211,0.2009,0
Mon Sep 23 2024 13:00:00 GMT+0100 (British Summer Time),0,0.0211,0.2009,0
Mon Sep 23 2024 14:00:00 GMT+0100 (British Summer Time),0,0.0211,0.2009,0
Mon Sep 23 2024 15:00:00 GMT+0100 (British Summer Time),0,0.0211,0.2009,0
Mon Sep 23 2024 16:00:00 GMT+0100 (British Summer Time),0,0.0211,0.2009,0
Mon Sep 23 2024 17:00:00 GMT+0100 (British Summer Time),0,0.0211,0.2009,0
Mon Sep 23 2024 18:00:00 GMT+0100 (British Summer Time),0,0.0211,0.2009,0
Mon Sep 23 2024 19:00:00 GMT+0100 (British Summer Time),0,0.0211,0.2009,0
Mon Sep 23 2024 20:00:00 GMT+0100 (British Summer Time),0,0.0211,0.2009,0
Mon Sep 23 2024 21:00:00 GMT+0100 (British Summer Time),0,0.0211,0.2009,0
Mon Sep 23 2024 22:00:00 GMT+0100 (British Summer Time),0,0.0211,0.2009,0
Mon Sep 23 2024 23:00:00 GMT+0100 (British Summer Time),0,0.0211,0.2009,0
Tue Sep 24 2024 00:00:00 GMT+0100 (British Summer Time),0,0.0211,0.2009,0
Tue Sep 24 2024 01:00:00 GMT+0100 (British Summer Time),0,0.0196,0.2009,0
Tue Sep 24 2024 02:00:00 GMT+0100 (British Summer Time),0,0.0196,0.2009,0
Tue Sep 24 2024 03:00:00 GMT+0100 (British Summer Time),0.0225,0.0224,0.2009,474.08225759927427
Tue Sep 24 2024 04:00:00 GMT+0100 (British Summer Time),0.0225,0.0224,0.2009,0
Tue Sep 24 2024 05:00:00 GMT+0100 (British Summer Time),0.0225,0.0224,0.1969,15942.483933795129
Tue Sep 24 2024 06:00:00 GMT+0100 (British Summer Time),0.0225,0.0224,0.1969,469.6597287991392
Tue Sep 24 2024 07:00:00 GMT+0100 (British Summer Time),0.0225,0.0224,0.1969,0
Tue Sep 24 2024 08:00:00 GMT+0100 (British Summer Time),0.0225,0.0224,0.1969,0
Tue Sep 24 2024 09:00:00 GMT+0100 (British Summer Time),0.0225,0.0224,0.1969,0
Tue Sep 24 2024 10:00:00 GMT+0100 (British Summer Time),0.0225,0.0224,0.1969,0
Tue Sep 24 2024 11:00:00 GMT+0100 (British Summer Time),0.0225,0.0224,0.1969,0
Tue Sep 24 2024 12:00:00 GMT+0100 (British Summer Time),0.0225,0.0224,0.1969,0
Tue Sep 24 2024 13:00:00 GMT+0100 (British Summer Time),0.0225,0.0224,0.1969,0
Tue Sep 24 2024 14:00:00 GMT+0100 (British Summer Time),0.0225,0.0224,0.1969,0
Tue Sep 24 2024 15:00:00 GMT+0100 (British Summer Time),0.0225,0.0225,0.1969,0
Tue Sep 24 2024 16:00:00 GMT+0100 (British Summer Time),0.0225,0.0225,0.1969,0
Tue Sep 24 2024 17:00:00 GMT+0100 (British Summer Time),0.0225,0.0225,0.1969,0
Tue Sep 24 2024 18:00:00 GMT+0100 (British Summer Time),0.0225,0.0225,0.1969,0
Tue Sep 24 2024 19:00:00 GMT+0100 (British Summer Time),0.0225,0.0225,0.1969,0
Tue Sep 24 2024 20:00:00 GMT+0100 (British Summer Time),0.0225,0.0225,0.1969,0
Tue Sep 24 2024 21:00:00 GMT+0100 (British Summer Time),0.0225,0.0225,0.1969,0
Tue Sep 24 2024 22:00:00 GMT+0100 (British Summer Time),0.0225,0.0225,0.1969,0
Tue Sep 24 2024 23:00:00 GMT+0100 (British Summer Time),0.0225,0.0225,0.1969,0
Wed Sep 25 2024 00:00:00 GMT+0100 (British Summer Time),0.0225,0.0225,0.1969,0
Wed Sep 25 2024 01:00:00 GMT+0100 (British Summer Time),0.0287,0.0225,0.1969,0
Wed Sep 25 2024 02:00:00 GMT+0100 (British Summer Time),0.0287,0.0225,0.1969,0
Wed Sep 25 2024 03:00:00 GMT+0100 (British Summer Time),0,0.0225,0.1969,74818.04365832444
Wed Sep 25 2024 04:00:00 GMT+0100 (British Summer Time),0,0.0225,0.218,0
Wed Sep 25 2024 05:00:00 GMT+0100 (British Summer Time),0,0.0225,0.218,0
Wed Sep 25 2024 06:00:00 GMT+0100 (British Summer Time),0,0.0225,0.218,0
Wed Sep 25 2024 07:00:00 GMT+0100 (British Summer Time),0,0.0225,0.218,0
Wed Sep 25 2024 08:00:00 GMT+0100 (British Summer Time),0,0.0225,0.2452,60953.99805948898
Wed Sep 25 2024 09:00:00 GMT+0100 (British Summer Time),0,0.0225,0.2452,500.76979083231345
Wed Sep 25 2024 10:00:00 GMT+0100 (British Summer Time),0,0.0225,0.2452,0
Wed Sep 25 2024 11:00:00 GMT+0100 (British Summer Time),0,0.0225,0.2452,0
Wed Sep 25 2024 12:00:00 GMT+0100 (British Summer Time),0,0.0225,0.2452,0
Wed Sep 25 2024 13:00:00 GMT+0100 (British Summer Time),0,0.0225,0.2464,1988.971639416722
Wed Sep 25 2024 14:00:00 GMT+0100 (British Summer Time),0,0.0225,0.2464,0
Wed Sep 25 2024 15:00:00 GMT+0100 (British Summer Time),0,0.0225,0.2464,0
Wed Sep 25 2024 16:00:00 GMT+0100 (British Summer Time),0,0.0225,0.2464,0
Wed Sep 25 2024 17:00:00 GMT+0100 (British Summer Time),0,0.0225,0.2417,7344.7368482258535
Wed Sep 25 2024 18:00:00 GMT+0100 (British Summer Time),0,0.0225,0.2417,0
Wed Sep 25 2024 19:00:00 GMT+0100 (British Summer Time),0,0.0225,0.2417,0
Wed Sep 25 2024 20:00:00 GMT+0100 (British Summer Time),0,0.0225,0.2417,0
Wed Sep 25 2024 21:00:00 GMT+0100 (British Summer Time),0,0.0225,0.2417,0
Wed Sep 25 2024 22:00:00 GMT+0100 (British Summer Time),0,0.0225,0.2418,0
Wed Sep 25 2024 23:00:00 GMT+0100 (British Summer Time),0,0.0225,0.2433,2433.5798046248665
Thu Sep 26 2024 00:00:00 GMT+0100 (British Summer Time),0,0.0225,0.2466,2689.845485777335